ticker,ts,ann_date,session,est,act,surp
ENPH,2021-02-09 16:00:00-05:00,2021-02-09,amc,0.4,0.51,26.63
ENPH,2021-04-27 16:00:00-04:00,2021-04-27,amc,0.44,0.56,26.59
ENPH,2021-07-27 16:00:00-04:00,2021-07-27,amc,0.42,0.53,25.74
ENPH,2021-10-26 16:00:00-04:00,2021-10-26,amc,0.49,0.6,22.11
ENPH,2022-02-08 16:00:00-05:00,2022-02-08,amc,0.59,0.73,22.84
ENPH,2022-04-26 16:00:00-04:00,2022-04-26,amc,0.69,0.79,15.33
ENPH,2022-07-26 16:00:00-04:00,2022-07-26,amc,0.85,1.07,25.74
ENPH,2022-10-25 16:00:00-04:00,2022-10-25,amc,1.09,1.25,14.54
ENPH,2023-02-07 16:00:00-05:00,2023-02-07,amc,1.26,1.51,19.9
ENPH,2023-04-25 16:00:00-04:00,2023-04-25,amc,1.22,1.37,12.21
ENPH,2023-07-27 16:00:00-04:00,2023-07-27,amc,1.27,1.47,15.95
ENPH,2023-10-26 16:00:00-04:00,2023-10-26,amc,1.0,1.02,1.66
ENPH,2024-02-06 16:00:00-05:00,2024-02-06,amc,0.55,0.54,-2.17
ENPH,2024-04-23 16:00:00-04:00,2024-04-23,amc,0.39,0.35,-10.23
ENPH,2024-07-23 16:00:00-04:00,2024-07-23,amc,0.48,0.43,-9.58
ENPH,2024-10-22 16:00:00-04:00,2024-10-22,amc,0.78,0.65,-16.78
ENPH,2025-02-04 16:00:00-05:00,2025-02-04,amc,0.75,0.94,24.73
ENPH,2025-04-22 16:00:00-04:00,2025-04-22,amc,0.72,0.68,-5.96
ENPH,2025-07-22 16:00:00-04:00,2025-07-22,amc,0.22,0.28,28.82
ENPH,2025-10-28 16:00:00-04:00,2025-10-28,amc,0.25,0.5,96.19
LOW,2022-02-23 06:00:00-05:00,2022-02-23,bmo,1.69,1.78,5.23
LOW,2022-05-18 06:00:00-04:00,2022-05-18,bmo,3.23,3.51,8.67
LOW,2022-08-17 06:00:00-04:00,2022-08-17,bmo,4.59,4.67,1.73
LOW,2022-11-16 06:00:00-05:00,2022-11-16,bmo,3.09,3.27,5.74
LOW,2023-03-01 06:00:00-05:00,2023-03-01,bmo,2.21,2.28,2.94
LOW,2023-05-23 06:00:00-04:00,2023-05-23,bmo,3.45,3.67,6.51
LOW,2023-08-22 06:00:00-04:00,2023-08-22,bmo,4.48,4.56,1.79
LOW,2023-11-21 06:00:00-05:00,2023-11-21,bmo,3.03,3.06,0.94
LOW,2024-02-27 06:00:00-05:00,2024-02-27,bmo,1.68,1.77,5.25
LOW,2024-05-21 06:00:00-04:00,2024-05-21,bmo,2.95,3.06,3.64
LOW,2024-08-20 06:00:00-04:00,2024-08-20,bmo,4.0,4.1,2.58
LOW,2024-11-19 06:00:00-05:00,2024-11-19,bmo,2.81,2.89,2.77
LOW,2025-02-26 06:00:00-05:00,2025-02-26,bmo,1.84,1.93,4.84
LOW,2025-05-21 06:00:00-04:00,2025-05-21,bmo,2.88,2.92,1.4
LOW,2025-08-20 06:00:00-04:00,2025-08-20,bmo,4.24,4.33,2.18
ALB,2021-02-17 16:00:00-05:00,2021-02-17,amc,1.12,1.17,4.47
ALB,2021-05-05 16:00:00-04:00,2021-05-05,amc,0.8,1.1,38.01
ALB,2021-08-04 16:00:00-04:00,2021-08-04,amc,0.83,0.89,6.79
ALB,2021-11-03 16:00:00-04:00,2021-11-03,amc,0.77,1.05,37.09
ALB,2022-02-16 16:00:00-05:00,2022-02-16,amc,0.99,1.01,1.85
ALB,2022-05-04 16:00:00-04:00,2022-05-04,amc,1.65,2.38,43.87
ALB,2022-08-03 16:00:00-04:00,2022-08-03,amc,3.25,3.45,6.02
ALB,2022-11-02 16:00:00-04:00,2022-11-02,amc,6.99,7.5,7.29
ALB,2023-02-15 16:00:00-05:00,2023-02-15,amc,8.37,8.62,3.02
ALB,2023-05-03 16:00:00-04:00,2023-05-03,amc,7.04,10.32,46.59
ALB,2023-08-02 16:00:00-04:00,2023-08-02,amc,4.52,7.33,62.22
ALB,2023-11-01 16:00:00-04:00,2023-11-01,amc,3.74,2.74,-26.71
ALB,2024-02-14 16:00:00-05:00,2024-02-14,amc,1.11,1.85,66.72
ALB,2024-05-01 16:00:00-04:00,2024-05-01,amc,0.23,0.26,11.7
ALB,2024-07-31 16:00:00-04:00,2024-07-31,amc,0.46,0.04,-91.27
ALB,2024-11-06 16:00:00-05:00,2024-11-06,amc,-4.94,-9.45,-91.3
ALB,2025-02-12 16:00:00-05:00,2025-02-12,amc,-0.67,-1.09,-63.0
ALB,2025-04-30 16:00:00-04:00,2025-04-30,amc,-0.68,-0.18,73.52
ALB,2025-07-30 16:00:00-04:00,2025-07-30,amc,-0.81,0.11,113.51
ALB,2025-11-05 16:00:00-05:00,2025-11-05,amc,-1.0,-1.72,-71.43
D,2021-02-12 07:00:00-05:00,2021-02-12,bmo,0.81,0.81,-0.47
D,2021-05-04 07:00:00-04:00,2021-05-04,bmo,1.08,1.09,1.38
D,2021-08-06 07:00:00-04:00,2021-08-06,bmo,0.77,0.76,-1.42
D,2021-11-05 07:00:00-04:00,2021-11-05,bmo,1.06,1.11,4.59
D,2022-02-11 07:00:00-05:00,2022-02-11,bmo,0.91,0.9,-0.97
D,2022-05-05 07:00:00-04:00,2022-05-05,bmo,1.17,1.18,0.93
D,2022-08-08 07:00:00-04:00,2022-08-08,bmo,0.75,0.77,2.03
D,2022-11-04 07:00:00-04:00,2022-11-04,bmo,1.08,1.18,9.63
D,2023-02-08 07:00:00-05:00,2023-02-08,bmo,1.04,1.06,2.14
D,2023-05-05 07:00:00-04:00,2023-05-05,bmo,0.97,0.99,1.91
D,2023-08-04 07:00:00-04:00,2023-08-04,bmo,0.47,0.53,12.49
D,2023-11-03 07:00:00-04:00,2023-11-03,bmo,0.77,0.77,0.28
D,2024-02-22 07:00:00-05:00,2024-02-22,bmo,0.36,0.29,-18.79
D,2024-05-02 07:00:00-04:00,2024-05-02,bmo,0.52,0.55,6.56
D,2024-08-01 07:00:00-04:00,2024-08-01,bmo,0.57,0.65,14.4
D,2024-11-01 07:00:00-04:00,2024-11-01,bmo,0.93,0.98,5.45
D,2025-02-12 07:00:00-05:00,2025-02-12,bmo,0.55,0.58,4.6
D,2025-05-01 07:00:00-04:00,2025-05-01,bmo,0.76,0.93,23.16
D,2025-08-01 07:00:00-04:00,2025-08-01,bmo,0.68,0.75,10.69
D,2025-10-31 07:00:00-04:00,2025-10-31,bmo,0.96,1.06,10.51
SO,2021-02-18 06:00:00-05:00,2021-02-18,bmo,0.42,0.47,12.22
SO,2021-04-29 06:00:00-04:00,2021-04-29,bmo,0.83,0.98,17.55
SO,2021-07-29 06:00:00-04:00,2021-07-29,bmo,0.79,0.84,5.91
SO,2021-11-04 06:00:00-04:00,2021-11-04,bmo,1.22,1.23,0.9
SO,2022-02-17 06:00:00-05:00,2022-02-17,bmo,0.35,0.36,2.29
SO,2022-04-28 06:00:00-04:00,2022-04-28,bmo,0.91,0.97,6.79
SO,2022-07-28 06:00:00-04:00,2022-07-28,bmo,0.84,1.07,26.87
SO,2022-10-27 06:00:00-04:00,2022-10-27,bmo,1.33,1.31,-1.26
SO,2023-02-16 06:00:00-05:00,2023-02-16,bmo,0.24,0.26,7.04
SO,2023-04-27 06:00:00-04:00,2023-04-27,bmo,0.71,0.79,11.62
SO,2023-08-03 07:00:00-04:00,2023-08-03,bmo,0.75,0.79,5.76
SO,2023-11-02 07:00:00-04:00,2023-11-02,bmo,1.32,1.42,7.32
SO,2024-02-15 07:00:00-05:00,2024-02-15,bmo,0.6,0.64,6.46
SO,2024-05-02 07:00:00-04:00,2024-05-02,bmo,0.9,1.03,13.91
SO,2024-08-01 06:00:00-04:00,2024-08-01,bmo,0.93,1.1,18.46
SO,2024-10-31 07:00:00-04:00,2024-10-31,bmo,1.34,1.43,6.71
SO,2025-02-20 07:00:00-05:00,2025-02-20,bmo,0.51,0.5,-1.7
SO,2025-05-01 07:00:00-04:00,2025-05-01,bmo,1.19,1.23,3.02
SO,2025-07-31 07:00:00-04:00,2025-07-31,bmo,0.88,0.92,4.65
SO,2025-10-30 07:00:00-04:00,2025-10-30,bmo,1.51,1.6,6.04
COST,2022-03-03 16:00:00-05:00,2022-03-03,amc,2.79,2.92,4.62
COST,2022-05-26 16:00:00-04:00,2022-05-26,amc,3.04,3.04,0.06
COST,2022-10-05 06:00:00-04:00,2022-10-05,bmo,4.2,4.2,-0.08
COST,2022-12-08 16:00:00-05:00,2022-12-08,amc,3.13,3.07,-1.81
COST,2023-03-02 16:00:00-05:00,2023-03-02,amc,3.23,3.3,2.25
COST,2023-06-01 06:00:00-04:00,2023-06-01,bmo,3.19,2.93,-8.27
COST,2023-09-26 16:00:00-04:00,2023-09-26,amc,4.78,4.86,1.76
COST,2023-12-14 16:00:00-05:00,2023-12-14,amc,3.42,3.58,4.83
COST,2024-03-07 16:00:00-05:00,2024-03-07,amc,3.61,3.92,8.51
COST,2024-06-06 06:00:00-04:00,2024-06-06,bmo,3.77,3.78,0.31
COST,2024-09-26 16:00:00-04:00,2024-09-26,amc,5.06,5.29,4.49
COST,2024-12-12 16:00:00-05:00,2024-12-12,amc,3.8,4.04,6.32
COST,2025-03-06 16:00:00-05:00,2025-03-06,amc,4.1,4.02,-1.92
COST,2025-05-29 16:00:00-04:00,2025-05-29,amc,4.23,4.28,1.22
COST,2025-09-25 16:00:00-04:00,2025-09-25,amc,5.81,5.87,1.11
ADBE,2021-03-23 16:00:00-04:00,2021-03-23,amc,2.79,3.14,12.68
ADBE,2021-06-17 16:00:00-04:00,2021-06-17,amc,2.82,3.03,7.55
ADBE,2021-09-21 16:00:00-04:00,2021-09-21,amc,3.02,3.11,3.11
ADBE,2021-12-16 08:00:00-05:00,2021-12-16,bmo,3.2,3.2,0.04
ADBE,2022-03-22 16:00:00-04:00,2022-03-22,amc,3.34,3.37,0.78
ADBE,2022-06-16 16:00:00-04:00,2022-06-16,amc,3.31,3.35,1.31
ADBE,2022-09-15 08:00:00-04:00,2022-09-15,bmo,3.34,3.4,1.66
ADBE,2022-12-15 16:00:00-05:00,2022-12-15,amc,3.5,3.6,2.72
ADBE,2023-03-15 16:00:00-04:00,2023-03-15,amc,3.68,3.8,3.25
ADBE,2023-06-15 16:00:00-04:00,2023-06-15,amc,3.79,3.91,3.22
ADBE,2023-09-14 16:00:00-04:00,2023-09-14,amc,3.98,4.1,3.06
ADBE,2023-12-13 16:00:00-05:00,2023-12-13,amc,4.14,4.27,3.17
ADBE,2024-03-14 16:00:00-04:00,2024-03-14,amc,4.38,4.48,2.23
ADBE,2024-06-13 16:00:00-04:00,2024-06-13,amc,4.4,4.48,1.92
ADBE,2024-09-12 16:00:00-04:00,2024-09-12,amc,4.54,4.65,2.49
ADBE,2024-12-11 16:00:00-05:00,2024-12-11,amc,4.67,4.81,3.01
ADBE,2025-03-12 16:00:00-04:00,2025-03-12,amc,4.97,5.08,2.17
ADBE,2025-06-12 16:00:00-04:00,2025-06-12,amc,4.97,5.06,1.71
ADBE,2025-09-11 16:00:00-04:00,2025-09-11,amc,5.18,5.31,2.48
TAP,2022-02-23 07:00:00-05:00,2022-02-23,bmo,0.86,0.81,-5.42
TAP,2022-05-03 07:00:00-04:00,2022-05-03,bmo,0.19,0.29,50.85
TAP,2022-08-02 07:00:00-04:00,2022-08-02,bmo,1.19,1.19,0.06
TAP,2022-11-01 07:00:00-04:00,2022-11-01,bmo,1.35,1.32,-2.29
TAP,2023-02-21 07:00:00-05:00,2023-02-21,bmo,1.07,1.3,21.4
TAP,2023-05-02 07:00:00-04:00,2023-05-02,bmo,0.26,0.54,105.13
TAP,2023-08-01 07:00:00-04:00,2023-08-01,bmo,1.65,1.78,8.02
TAP,2023-11-02 07:00:00-04:00,2023-11-02,bmo,1.54,1.92,25.07
TAP,2024-02-13 06:00:00-05:00,2024-02-13,bmo,1.12,1.19,6.44
TAP,2024-04-30 06:00:00-04:00,2024-04-30,bmo,0.75,0.95,27.27
TAP,2024-08-06 06:00:00-04:00,2024-08-06,bmo,1.68,1.92,13.98
TAP,2024-11-07 06:00:00-05:00,2024-11-07,bmo,1.63,0.96,-41.16
TAP,2025-02-13 06:00:00-05:00,2025-02-13,bmo,1.13,1.3,15.31
TAP,2025-05-08 06:00:00-04:00,2025-05-08,bmo,0.8,0.5,-37.22
TAP,2025-08-05 06:00:00-04:00,2025-08-05,bmo,1.82,2.05,12.87
TAP,2025-11-04 06:00:00-05:00,2025-11-04,bmo,1.7,1.67,-1.48
PHM,2022-02-01 06:00:00-05:00,2022-02-01,bmo,2.33,2.61,12.1
PHM,2022-04-28 06:00:00-04:00,2022-04-28,bmo,1.72,1.83,6.55
PHM,2022-07-26 06:00:00-04:00,2022-07-26,bmo,2.62,2.73,4.16
PHM,2022-10-25 06:00:00-04:00,2022-10-25,bmo,2.75,2.69,-2.22
PHM,2023-01-31 06:00:00-05:00,2023-01-31,bmo,2.92,3.85,31.71
PHM,2023-04-25 06:00:00-04:00,2023-04-25,bmo,1.81,2.35,30.09
PHM,2023-07-25 06:00:00-04:00,2023-07-25,bmo,2.5,3.21,28.61
PHM,2023-10-24 06:00:00-04:00,2023-10-24,bmo,2.8,2.9,3.62
PHM,2024-01-30 06:00:00-05:00,2024-01-30,bmo,3.22,3.28,1.9
PHM,2024-04-23 06:00:00-04:00,2024-04-23,bmo,2.36,3.1,31.2
PHM,2024-07-23 06:00:00-04:00,2024-07-23,bmo,3.27,3.58,9.32
PHM,2024-10-22 06:00:00-04:00,2024-10-22,bmo,3.13,3.35,7.14
PHM,2025-01-30 06:00:00-05:00,2025-01-30,bmo,3.27,4.43,35.51
PHM,2025-04-22 06:00:00-04:00,2025-04-22,bmo,2.42,2.57,6.0
PHM,2025-07-22 06:00:00-04:00,2025-07-22,bmo,2.97,3.03,2.14
PHM,2025-10-21 06:00:00-04:00,2025-10-21,bmo,2.9,2.96,2.14
CF,2021-02-17 16:00:00-05:00,2021-02-17,amc,0.12,0.4,242.76
CF,2021-05-05 16:00:00-04:00,2021-05-05,amc,0.56,0.7,25.62
CF,2021-08-09 16:00:00-04:00,2021-08-09,amc,1.58,1.15,-27.3
CF,2021-11-03 19:00:00-04:00,2021-11-03,amc,0.95,0.68,-28.48
CF,2022-02-15 16:00:00-05:00,2022-02-15,amc,3.45,3.53,2.14
CF,2022-05-04 16:00:00-04:00,2022-05-04,amc,4.39,4.11,-6.39
CF,2022-08-01 16:00:00-04:00,2022-08-01,amc,5.79,6.15,6.15
CF,2022-11-02 16:00:00-04:00,2022-11-02,amc,3.35,2.77,-17.47
CF,2023-02-15 16:00:00-05:00,2023-02-15,amc,4.32,4.35,0.77
CF,2023-05-01 16:00:00-04:00,2023-05-01,amc,2.54,2.55,0.45
CF,2023-08-02 16:00:00-04:00,2023-08-02,amc,2.1,2.7,28.69
CF,2023-11-01 16:00:00-04:00,2023-11-01,amc,1.01,1.14,12.62
CF,2024-02-14 16:00:00-05:00,2024-02-14,amc,1.58,1.44,-8.63
CF,2024-05-01 17:00:00-04:00,2024-05-01,amc,1.5,0.91,-39.53
CF,2024-08-07 12:00:00-04:00,2024-08-07,amc,1.81,2.3,26.94
CF,2024-10-30 16:00:00-04:00,2024-10-30,amc,1.16,1.55,34.29
CF,2025-02-19 16:00:00-05:00,2025-02-19,amc,1.51,1.79,18.13
CF,2025-05-07 16:00:00-04:00,2025-05-07,amc,1.5,1.98,31.56
CF,2025-08-06 16:00:00-04:00,2025-08-06,amc,2.47,2.39,-3.43
CF,2025-11-05 16:00:00-05:00,2025-11-05,amc,2.17,2.17,-0.21
MOS,2021-02-17 16:00:00-05:00,2021-02-17,amc,0.21,0.57,176.16
MOS,2021-05-03 12:00:00-04:00,2021-05-03,amc,0.53,0.57,7.16
MOS,2021-08-03 08:00:00-04:00,2021-08-03,bmo,1.01,1.17,15.46
MOS,2021-11-01 16:00:00-04:00,2021-11-01,amc,1.54,1.35,-12.51
MOS,2022-02-22 16:00:00-05:00,2022-02-22,amc,1.98,1.95,-1.29
MOS,2022-05-02 16:00:00-04:00,2022-05-02,amc,2.42,2.41,-0.25
MOS,2022-08-01 16:00:00-04:00,2022-08-01,amc,4.0,3.64,-8.93
MOS,2022-11-07 16:00:00-05:00,2022-11-07,amc,3.4,3.22,-5.24
MOS,2023-02-22 16:00:00-05:00,2023-02-22,amc,2.2,1.74,-20.97
MOS,2023-05-03 16:00:00-04:00,2023-05-03,amc,1.25,1.14,-9.03
MOS,2023-08-01 16:00:00-04:00,2023-08-01,amc,1.1,1.04,-5.79
MOS,2023-11-07 16:00:00-05:00,2023-11-07,amc,0.75,0.68,-9.92
MOS,2024-02-21 16:00:00-05:00,2024-02-21,amc,0.86,0.71,-17.11
MOS,2024-05-01 16:00:00-04:00,2024-05-01,amc,0.66,0.65,-2.11
MOS,2024-08-06 16:00:00-04:00,2024-08-06,amc,0.66,0.54,-18.42
MOS,2024-11-12 06:00:00-05:00,2024-11-12,bmo,0.52,0.34,-34.49
MOS,2025-02-27 16:00:00-05:00,2025-02-27,amc,0.57,0.45,-21.07
MOS,2025-05-06 16:00:00-04:00,2025-05-06,amc,0.45,0.49,10.06
MOS,2025-08-05 17:00:00-04:00,2025-08-05,amc,0.72,0.51,-28.86
MOS,2025-11-04 17:00:00-05:00,2025-11-04,amc,1.02,1.29,26.03
RF,2021-01-22 06:00:00-05:00,2021-01-22,bmo,0.42,0.61,43.89
RF,2021-04-23 06:00:00-04:00,2021-04-23,bmo,0.48,0.63,32.55
RF,2021-07-23 06:00:00-04:00,2021-07-23,bmo,0.53,0.77,43.98
RF,2021-10-22 06:00:00-04:00,2021-10-22,bmo,0.53,0.65,23.78
RF,2022-01-20 06:00:00-05:00,2022-01-20,bmo,0.48,0.43,-9.74
RF,2022-04-22 06:00:00-04:00,2022-04-22,bmo,0.47,0.55,16.13
RF,2022-07-22 06:00:00-04:00,2022-07-22,bmo,0.53,0.59,11.21
RF,2022-10-21 06:00:00-04:00,2022-10-21,bmo,0.54,0.43,-20.98
RF,2023-01-20 06:00:00-05:00,2023-01-20,bmo,0.66,0.7,6.61
RF,2023-04-21 06:00:00-04:00,2023-04-21,bmo,0.65,0.62,-5.26
RF,2023-07-21 06:00:00-04:00,2023-07-21,bmo,0.59,0.59,0.12
RF,2023-10-20 06:00:00-04:00,2023-10-20,bmo,0.58,0.49,-15.48
RF,2024-01-19 06:00:00-05:00,2024-01-19,bmo,0.42,0.39,-7.5
RF,2024-04-19 06:00:00-04:00,2024-04-19,bmo,0.44,0.37,-15.33
RF,2024-07-19 06:00:00-04:00,2024-07-19,bmo,0.48,0.52,8.03
RF,2024-10-18 06:00:00-04:00,2024-10-18,bmo,0.52,0.49,-6.23
RF,2025-01-17 06:00:00-05:00,2025-01-17,bmo,0.55,0.56,2.15
RF,2025-04-17 06:00:00-04:00,2025-04-17,bmo,0.51,0.51,0.5
RF,2025-07-18 06:00:00-04:00,2025-07-18,bmo,0.56,0.59,5.35
RF,2025-10-17 06:00:00-04:00,2025-10-17,bmo,0.6,0.61,1.89
AVGO,2021-03-04 16:00:00-05:00,2021-03-04,amc,0.66,0.66,0.58
AVGO,2021-06-03 16:00:00-04:00,2021-06-03,amc,0.65,0.66,2.47
AVGO,2021-09-02 16:00:00-04:00,2021-09-02,amc,0.69,0.7,0.72
AVGO,2021-12-09 16:00:00-05:00,2021-12-09,amc,0.78,0.78,0.51
AVGO,2022-03-03 16:00:00-05:00,2022-03-03,amc,0.81,0.84,3.01
AVGO,2022-05-26 07:00:00-04:00,2022-05-26,bmo,0.87,0.91,4.05
AVGO,2022-09-01 16:00:00-04:00,2022-09-01,amc,0.95,0.97,1.92
AVGO,2022-12-08 16:00:00-05:00,2022-12-08,amc,1.03,1.05,1.64
AVGO,2023-03-02 16:00:00-05:00,2023-03-02,amc,1.02,1.03,1.65
AVGO,2023-06-01 16:00:00-04:00,2023-06-01,amc,1.01,1.03,1.75
AVGO,2023-08-31 16:00:00-04:00,2023-08-31,amc,1.04,1.05,1.03
AVGO,2023-12-07 16:00:00-05:00,2023-12-07,amc,1.1,1.11,0.94
AVGO,2024-03-07 16:00:00-05:00,2024-03-07,amc,1.04,1.1,5.44
AVGO,2024-06-12 16:00:00-04:00,2024-06-12,amc,1.08,1.1,1.08
AVGO,2024-09-05 16:00:00-04:00,2024-09-05,amc,1.21,1.24,2.79
AVGO,2024-12-12 16:00:00-05:00,2024-12-12,amc,1.39,1.42,2.04
AVGO,2025-03-06 16:00:00-05:00,2025-03-06,amc,1.51,1.6,6.11
AVGO,2025-06-05 16:00:00-04:00,2025-06-05,amc,1.57,1.58,0.59
AVGO,2025-09-04 16:00:00-04:00,2025-09-04,amc,1.66,1.69,1.6
FTNT,2021-02-04 16:00:00-05:00,2021-02-04,amc,0.19,0.21,9.59
FTNT,2021-04-29 16:00:00-04:00,2021-04-29,amc,0.15,0.16,9.73
FTNT,2021-07-29 16:00:00-04:00,2021-07-29,amc,0.17,0.19,9.2
FTNT,2021-11-04 16:00:00-04:00,2021-11-04,amc,0.19,0.2,5.33
FTNT,2022-02-03 16:00:00-05:00,2022-02-03,amc,0.23,0.25,7.07
FTNT,2022-05-04 16:00:00-04:00,2022-05-04,amc,0.16,0.19,17.8
FTNT,2022-08-03 16:00:00-04:00,2022-08-03,amc,0.22,0.24,9.35
FTNT,2022-11-02 16:00:00-04:00,2022-11-02,amc,0.27,0.33,20.57
FTNT,2023-02-07 16:00:00-05:00,2023-02-07,amc,0.39,0.44,12.25
FTNT,2023-05-04 16:00:00-04:00,2023-05-04,amc,0.29,0.34,18.93
FTNT,2023-08-03 16:00:00-04:00,2023-08-03,amc,0.34,0.38,10.69
FTNT,2023-11-02 16:00:00-04:00,2023-11-02,amc,0.36,0.41,12.58
FTNT,2024-02-06 16:00:00-05:00,2024-02-06,amc,0.43,0.51,18.14
FTNT,2024-05-02 16:00:00-04:00,2024-05-02,amc,0.38,0.43,11.75
FTNT,2024-08-06 16:00:00-04:00,2024-08-06,amc,0.41,0.57,40.18
FTNT,2024-11-07 16:00:00-05:00,2024-11-07,amc,0.52,0.63,21.52
FTNT,2025-02-06 16:00:00-05:00,2025-02-06,amc,0.61,0.74,21.86
FTNT,2025-05-07 16:00:00-04:00,2025-05-07,amc,0.53,0.58,9.02
FTNT,2025-08-06 16:00:00-04:00,2025-08-06,amc,0.59,0.64,8.27
FTNT,2025-11-05 16:00:00-05:00,2025-11-05,amc,0.63,0.74,16.91
MCD,2022-01-27 07:00:00-05:00,2022-01-27,bmo,2.34,2.23,-4.8
MCD,2022-04-28 07:00:00-04:00,2022-04-28,bmo,2.18,2.28,4.67
MCD,2022-07-26 07:00:00-04:00,2022-07-26,bmo,2.47,2.55,3.39
MCD,2022-10-27 07:00:00-04:00,2022-10-27,bmo,2.58,2.68,3.92
MCD,2023-01-31 07:00:00-05:00,2023-01-31,bmo,2.46,2.59,5.25
MCD,2023-04-25 07:00:00-04:00,2023-04-25,bmo,2.34,2.63,12.55
MCD,2023-07-27 07:00:00-04:00,2023-07-27,bmo,2.79,3.17,13.66
MCD,2023-10-30 07:00:00-04:00,2023-10-30,bmo,2.99,3.19,6.52
MCD,2024-02-05 07:00:00-05:00,2024-02-05,bmo,2.83,2.95,4.39
MCD,2024-04-30 07:00:00-04:00,2024-04-30,bmo,2.73,2.7,-0.95
MCD,2024-07-29 07:00:00-04:00,2024-07-29,bmo,3.07,2.97,-3.18
MCD,2024-10-29 07:00:00-04:00,2024-10-29,bmo,3.2,3.23,0.88
MCD,2025-02-10 07:00:00-05:00,2025-02-10,bmo,2.86,2.83,-0.97
MCD,2025-05-01 07:00:00-04:00,2025-05-01,bmo,2.67,2.67,-0.02
MCD,2025-08-06 07:00:00-04:00,2025-08-06,bmo,3.15,3.19,1.39
MCD,2025-11-05 07:00:00-05:00,2025-11-05,bmo,3.33,3.22,-3.36
VMC,2021-02-16 07:00:00-05:00,2021-02-16,bmo,0.98,1.07,8.87
VMC,2021-05-04 07:00:00-04:00,2021-05-04,bmo,0.46,0.69,51.58
VMC,2021-08-04 07:00:00-04:00,2021-08-04,bmo,1.65,1.57,-5.04
VMC,2021-11-04 07:00:00-04:00,2021-11-04,bmo,1.65,1.54,-6.44
VMC,2022-02-16 07:00:00-05:00,2022-02-16,bmo,1.17,1.25,6.68
VMC,2022-05-04 07:00:00-04:00,2022-05-04,bmo,0.63,0.73,15.79
VMC,2022-08-04 07:00:00-04:00,2022-08-04,bmo,1.65,1.53,-7.43
VMC,2022-11-02 07:00:00-04:00,2022-11-02,bmo,1.71,1.78,3.8
VMC,2023-02-16 07:00:00-05:00,2023-02-16,bmo,1.26,1.08,-14.51
VMC,2023-05-04 07:00:00-04:00,2023-05-04,bmo,0.62,0.95,53.5
VMC,2023-08-03 07:00:00-04:00,2023-08-03,bmo,1.92,2.29,19.57
VMC,2023-10-26 07:00:00-04:00,2023-10-26,bmo,2.23,2.29,2.72
VMC,2024-02-16 07:00:00-05:00,2024-02-16,bmo,1.4,1.46,4.35
VMC,2024-05-02 07:00:00-04:00,2024-05-02,bmo,0.77,0.8,4.41
VMC,2024-08-06 07:00:00-04:00,2024-08-06,bmo,2.49,2.35,-5.78
VMC,2024-10-30 07:00:00-04:00,2024-10-30,bmo,2.31,2.22,-4.06
VMC,2025-02-18 07:00:00-05:00,2025-02-18,bmo,1.75,2.17,23.66
VMC,2025-04-30 06:00:00-04:00,2025-04-30,bmo,0.76,1.0,31.63
VMC,2025-07-31 07:00:00-04:00,2025-07-31,bmo,2.52,2.45,-2.82
VMC,2025-10-30 07:00:00-04:00,2025-10-30,bmo,2.72,2.84,4.45
WDC,2021-01-28 16:00:00-05:00,2021-01-28,amc,0.54,0.69,28.97
WDC,2021-04-29 16:00:00-04:00,2021-04-29,amc,0.68,1.02,49.2
WDC,2021-08-04 16:00:00-04:00,2021-08-04,amc,1.5,2.16,43.97
WDC,2021-10-28 16:00:00-04:00,2021-10-28,amc,2.44,2.49,1.94
WDC,2022-01-27 16:00:00-05:00,2022-01-27,amc,2.12,2.3,8.27
WDC,2022-04-28 16:00:00-04:00,2022-04-28,amc,1.5,1.65,10.34
WDC,2022-08-05 08:00:00-04:00,2022-08-05,bmo,1.72,1.78,3.21
WDC,2022-10-27 08:00:00-04:00,2022-10-27,bmo,0.39,0.2,-48.98
WDC,2023-01-31 16:00:00-05:00,2023-01-31,amc,-0.44,-1.4,-216.75
WDC,2023-05-08 16:00:00-04:00,2023-05-08,amc,-1.56,-1.37,12.3
WDC,2023-07-31 16:00:00-04:00,2023-07-31,amc,-2.02,-1.98,2.08
WDC,2023-10-30 08:00:00-04:00,2023-10-30,bmo,-1.9,-1.76,7.43
WDC,2024-01-25 16:00:00-05:00,2024-01-25,amc,-1.1,-0.69,37.05
WDC,2024-04-25 16:00:00-04:00,2024-04-25,amc,0.15,0.63,311.6
WDC,2024-07-31 16:00:00-04:00,2024-07-31,amc,1.17,1.44,23.06
WDC,2024-10-24 16:00:00-04:00,2024-10-24,amc,1.71,1.78,3.95
WDC,2025-01-29 16:00:00-05:00,2025-01-29,amc,1.82,1.77,-2.68
WDC,2025-04-30 08:00:00-04:00,2025-04-30,bmo,1.11,1.36,22.73
WDC,2025-07-30 16:00:00-04:00,2025-07-30,amc,1.48,1.66,12.13
WDC,2025-10-30 16:00:00-04:00,2025-10-30,amc,1.45,3.06,111.2
PNW,2021-02-24 08:00:00-05:00,2021-02-24,bmo,0.07,-0.17,-342.86
PNW,2021-05-05 08:00:00-04:00,2021-05-05,bmo,0.22,0.32,44.0
PNW,2021-08-05 08:00:00-04:00,2021-08-05,bmo,1.59,1.91,20.45
PNW,2021-11-05 08:00:00-04:00,2021-11-05,bmo,2.72,3.0,10.5
PNW,2022-02-25 08:00:00-05:00,2022-02-25,bmo,0.03,0.24,700.0
PNW,2022-05-04 08:00:00-04:00,2022-05-04,bmo,0.09,0.15,66.67
PNW,2022-08-03 08:00:00-04:00,2022-08-03,bmo,1.3,1.45,11.43
PNW,2022-11-03 08:00:00-04:00,2022-11-03,bmo,2.59,2.88,11.1
PNW,2023-02-27 08:00:00-05:00,2023-02-27,bmo,-0.18,-0.21,-17.81
PNW,2023-08-03 08:00:00-04:00,2023-08-03,bmo,1.15,0.94,-18.46
PNW,2023-11-02 08:00:00-04:00,2023-11-02,bmo,3.41,3.5,2.54
PNW,2024-05-02 07:00:00-04:00,2024-05-02,bmo,0.01,0.15,1400.0
PNW,2024-08-01 08:00:00-04:00,2024-08-01,bmo,1.26,1.76,39.84
PNW,2024-11-06 08:00:00-05:00,2024-11-06,bmo,3.52,3.37,-4.28
PNW,2025-02-25 08:00:00-05:00,2025-02-25,bmo,-0.15,-0.06,60.72
PNW,2025-05-01 08:00:00-04:00,2025-05-01,bmo,0.02,-0.04,-339.95
PNW,2025-08-06 08:00:00-04:00,2025-08-06,bmo,1.57,1.58,0.54
PNW,2025-11-03 08:00:00-05:00,2025-11-03,bmo,3.09,3.39,9.67
QCOM,2021-02-03 16:00:00-05:00,2021-02-03,amc,2.1,2.17,3.27
QCOM,2021-04-28 02:00:00-04:00,2021-04-28,bmo,1.67,1.9,14.09
QCOM,2021-07-28 16:00:00-04:00,2021-07-28,amc,1.68,1.92,14.11
QCOM,2021-11-03 16:00:00-04:00,2021-11-03,amc,2.26,2.55,12.82
QCOM,2022-02-02 16:00:00-05:00,2022-02-02,amc,3.0,3.23,7.59
QCOM,2022-04-27 12:00:00-04:00,2022-04-27,amc,2.92,3.21,10.08
QCOM,2022-07-27 16:00:00-04:00,2022-07-27,amc,2.87,2.96,3.13
QCOM,2022-11-02 16:00:00-04:00,2022-11-02,amc,3.13,3.13,-0.13
QCOM,2023-02-02 16:00:00-05:00,2023-02-02,amc,2.35,2.37,0.72
QCOM,2023-05-03 16:00:00-04:00,2023-05-03,amc,2.16,2.15,-0.24
QCOM,2023-08-02 16:00:00-04:00,2023-08-02,amc,1.81,1.87,3.35
QCOM,2023-11-01 16:00:00-04:00,2023-11-01,amc,1.91,2.02,5.93
QCOM,2024-01-31 16:00:00-05:00,2024-01-31,amc,2.37,2.75,16.1
QCOM,2024-05-01 16:00:00-04:00,2024-05-01,amc,2.32,2.44,5.31
QCOM,2024-07-31 16:00:00-04:00,2024-07-31,amc,2.26,2.33,3.32
QCOM,2024-11-06 16:00:00-05:00,2024-11-06,amc,2.57,2.69,4.74
QCOM,2025-02-05 16:00:00-05:00,2025-02-05,amc,2.99,3.41,14.2
QCOM,2025-04-30 16:00:00-04:00,2025-04-30,amc,2.82,2.85,1.19
QCOM,2025-07-30 16:00:00-04:00,2025-07-30,amc,2.71,2.77,2.05
QCOM,2025-11-05 16:00:00-05:00,2025-11-05,amc,2.87,3.0,4.4
CARR,2021-02-09 06:00:00-05:00,2021-02-09,bmo,0.36,0.31,-12.85
CARR,2021-04-29 06:00:00-04:00,2021-04-29,bmo,0.37,0.48,28.76
CARR,2021-07-29 06:00:00-04:00,2021-07-29,bmo,0.55,0.64,15.74
CARR,2021-10-28 06:00:00-04:00,2021-10-28,bmo,0.66,0.71,8.11
CARR,2022-02-08 06:00:00-05:00,2022-02-08,bmo,0.39,0.44,13.93
CARR,2022-04-28 06:00:00-04:00,2022-04-28,bmo,0.47,0.54,15.43
CARR,2022-07-28 06:00:00-04:00,2022-07-28,bmo,0.62,0.69,12.03
CARR,2022-10-27 06:00:00-04:00,2022-10-27,bmo,0.65,0.7,7.99
CARR,2023-02-07 06:00:00-05:00,2023-02-07,bmo,0.4,0.4,0.71
CARR,2023-04-25 16:00:00-04:00,2023-04-25,amc,0.48,0.52,7.5
CARR,2023-07-27 06:00:00-04:00,2023-07-27,bmo,0.77,0.79,2.57
CARR,2023-10-26 06:00:00-04:00,2023-10-26,bmo,0.79,0.89,12.07
CARR,2024-02-06 06:00:00-05:00,2024-02-06,bmo,0.51,0.53,3.85
CARR,2024-04-25 06:00:00-04:00,2024-04-25,bmo,0.48,0.29,-39.16
CARR,2024-07-25 06:00:00-04:00,2024-07-25,bmo,0.85,0.87,2.82
CARR,2024-10-24 06:00:00-04:00,2024-10-24,bmo,0.79,0.77,-2.22
CARR,2025-02-11 06:00:00-05:00,2025-02-11,bmo,0.48,0.54,11.41
CARR,2025-05-01 06:00:00-04:00,2025-05-01,bmo,0.4,0.47,17.58
CARR,2025-07-29 06:00:00-04:00,2025-07-29,bmo,0.9,0.92,1.94
CARR,2025-10-28 06:00:00-04:00,2025-10-28,bmo,0.57,0.67,17.69
KR,2021-03-04 08:00:00-05:00,2021-03-04,bmo,0.68,0.81,18.74
KR,2021-06-17 08:00:00-04:00,2021-06-17,bmo,0.99,1.19,20.47
KR,2021-09-10 08:00:00-04:00,2021-09-10,bmo,0.64,0.8,24.31
KR,2021-12-02 08:00:00-05:00,2021-12-02,bmo,0.67,0.78,15.7
KR,2022-03-03 08:00:00-05:00,2022-03-03,bmo,0.74,0.91,23.19
KR,2022-06-16 08:00:00-04:00,2022-06-16,bmo,1.28,1.45,13.32
KR,2022-09-09 08:00:00-04:00,2022-09-09,bmo,0.83,0.9,8.84
KR,2022-12-01 07:00:00-05:00,2022-12-01,bmo,0.82,0.88,7.32
KR,2023-03-02 08:00:00-05:00,2023-03-02,bmo,0.9,0.99,9.51
KR,2023-06-15 08:00:00-04:00,2023-06-15,bmo,1.45,1.51,3.97
KR,2023-09-08 08:00:00-04:00,2023-09-08,bmo,0.91,0.96,5.11
KR,2023-11-30 08:00:00-05:00,2023-11-30,bmo,0.92,0.95,3.62
KR,2024-03-07 08:00:00-05:00,2024-03-07,bmo,1.13,1.34,18.3
KR,2024-06-20 08:00:00-04:00,2024-06-20,bmo,1.37,1.43,4.74
KR,2024-09-12 08:00:00-04:00,2024-09-12,bmo,0.91,0.93,1.69
KR,2024-12-05 08:00:00-05:00,2024-12-05,bmo,0.97,0.98,0.23
KR,2025-03-06 08:00:00-05:00,2025-03-06,bmo,1.11,1.14,2.48
KR,2025-06-20 08:00:00-04:00,2025-06-20,bmo,1.46,1.49,2.23
KR,2025-09-11 08:00:00-04:00,2025-09-11,bmo,1.0,1.04,4.25
NVR,2022-02-01 09:00:00-05:00,2022-02-01,bmo,99.77,89.09,-10.7
NVR,2022-04-26 09:00:00-04:00,2022-04-26,bmo,96.94,116.56,20.23
NVR,2022-07-26 09:00:00-04:00,2022-07-26,bmo,126.82,123.65,-2.5
NVR,2022-10-25 09:00:00-04:00,2022-10-25,bmo,121.71,118.51,-2.63
NVR,2023-01-31 09:00:00-05:00,2023-01-31,bmo,98.88,133.44,34.95
NVR,2023-04-25 09:00:00-04:00,2023-04-25,bmo,88.96,99.89,12.28
NVR,2023-07-25 09:00:00-04:00,2023-07-25,bmo,101.5,116.54,14.82
NVR,2023-10-24 09:00:00-04:00,2023-10-24,bmo,115.6,125.26,8.35
NVR,2024-01-30 09:00:00-05:00,2024-01-30,bmo,121.5,121.56,0.05
NVR,2024-04-23 09:00:00-04:00,2024-04-23,bmo,103.97,116.41,11.97
NVR,2024-07-23 10:00:00-04:00,2024-07-23,bmo,121.21,120.69,-0.43
NVR,2024-10-22 09:00:00-04:00,2024-10-22,bmo,131.0,130.5,-0.38
NVR,2025-01-28 09:00:00-05:00,2025-01-28,bmo,129.35,139.93,8.18
NVR,2025-04-22 09:00:00-04:00,2025-04-22,bmo,106.07,94.83,-10.6
NVR,2025-07-23 10:00:00-04:00,2025-07-23,bmo,106.2,108.54,2.2
NVR,2025-10-22 09:00:00-04:00,2025-10-22,bmo,109.36,112.33,2.72
DVN,2021-05-04 16:00:00-04:00,2021-05-04,amc,0.32,0.45,40.28
DVN,2021-08-03 16:00:00-04:00,2021-08-03,amc,0.53,0.6,13.7
DVN,2021-11-02 16:00:00-04:00,2021-11-02,amc,0.93,1.08,16.47
DVN,2022-02-15 16:00:00-05:00,2022-02-15,amc,1.24,1.39,12.23
DVN,2022-05-02 16:00:00-04:00,2022-05-02,amc,1.76,1.88,6.98
DVN,2022-08-01 15:00:00-04:00,2022-08-01,amc,2.37,2.59,9.12
DVN,2022-11-01 16:00:00-04:00,2022-11-01,amc,2.13,2.18,2.38
DVN,2023-02-14 16:00:00-05:00,2023-02-14,amc,1.75,1.66,-5.32
DVN,2023-05-09 12:00:00-04:00,2023-05-09,amc,1.4,1.46,4.26
DVN,2023-08-01 16:00:00-04:00,2023-08-01,amc,1.19,1.18,-0.72
DVN,2023-11-07 16:00:00-05:00,2023-11-07,amc,1.55,1.65,6.15
DVN,2024-02-27 16:00:00-05:00,2024-02-27,amc,1.4,1.41,0.51
DVN,2024-05-01 16:00:00-04:00,2024-05-01,amc,1.11,1.16,4.17
DVN,2024-08-06 16:00:00-04:00,2024-08-06,amc,1.27,1.41,11.25
DVN,2024-11-05 16:00:00-05:00,2024-11-05,amc,1.1,1.1,0.39
DVN,2025-02-18 16:00:00-05:00,2025-02-18,amc,1.0,1.16,15.69
DVN,2025-05-06 16:00:00-04:00,2025-05-06,amc,1.23,1.21,-1.46
DVN,2025-08-05 16:00:00-04:00,2025-08-05,amc,0.86,0.84,-2.84
DVN,2025-11-05 16:00:00-05:00,2025-11-05,amc,0.94,1.04,10.56
NUE,2021-01-28 08:00:00-05:00,2021-01-28,bmo,1.2,1.3,8.54
NUE,2021-04-22 08:00:00-04:00,2021-04-22,bmo,3.1,3.1,-0.08
NUE,2021-07-22 08:00:00-04:00,2021-07-22,bmo,4.72,5.04,6.74
NUE,2021-10-21 08:00:00-04:00,2021-10-21,bmo,7.42,7.28,-1.95
NUE,2022-01-27 08:00:00-05:00,2022-01-27,bmo,7.84,7.97,1.68
NUE,2022-04-21 08:00:00-04:00,2022-04-21,bmo,7.3,7.67,5.07
NUE,2022-07-21 08:00:00-04:00,2022-07-21,bmo,8.62,9.67,12.12
NUE,2022-10-20 08:00:00-04:00,2022-10-20,bmo,6.31,6.5,3.04
NUE,2023-01-26 08:00:00-05:00,2023-01-26,bmo,4.36,4.89,12.11
NUE,2023-04-20 07:00:00-04:00,2023-04-20,bmo,3.79,4.45,17.38
NUE,2023-07-24 16:00:00-04:00,2023-07-24,amc,5.54,5.81,4.92
NUE,2023-10-23 17:00:00-04:00,2023-10-23,amc,4.24,4.57,7.76
NUE,2024-01-29 16:00:00-05:00,2024-01-29,amc,2.88,3.16,9.6
NUE,2024-04-22 16:00:00-04:00,2024-04-22,amc,3.69,3.46,-6.18
NUE,2024-07-22 16:00:00-04:00,2024-07-22,amc,2.45,2.68,9.19
NUE,2024-10-21 16:00:00-04:00,2024-10-21,amc,1.17,1.05,-10.5
NUE,2025-01-27 16:00:00-05:00,2025-01-27,amc,0.64,1.22,90.63
NUE,2025-04-28 16:00:00-04:00,2025-04-28,amc,0.61,0.67,9.8
NUE,2025-07-28 16:00:00-04:00,2025-07-28,amc,2.61,2.6,-0.56
NUE,2025-10-27 16:00:00-04:00,2025-10-27,amc,2.16,2.63,22.01
GLW,2021-01-27 07:00:00-05:00,2021-01-27,bmo,0.49,0.52,6.58
GLW,2021-04-27 07:00:00-04:00,2021-04-27,bmo,0.43,0.45,5.03
GLW,2021-07-27 07:00:00-04:00,2021-07-27,bmo,0.51,0.53,3.6
GLW,2021-10-26 07:00:00-04:00,2021-10-26,bmo,0.58,0.56,-2.7
GLW,2022-01-26 07:00:00-05:00,2022-01-26,bmo,0.52,0.54,4.06
GLW,2022-04-26 07:00:00-04:00,2022-04-26,bmo,0.49,0.54,9.17
GLW,2022-07-26 07:00:00-04:00,2022-07-26,bmo,0.56,0.57,1.25
GLW,2022-10-25 07:00:00-04:00,2022-10-25,bmo,0.51,0.51,-0.08
GLW,2023-01-31 07:00:00-05:00,2023-01-31,bmo,0.44,0.47,6.83
GLW,2023-04-25 07:00:00-04:00,2023-04-25,bmo,0.39,0.41,4.7
GLW,2023-07-25 07:00:00-04:00,2023-07-25,bmo,0.45,0.45,-0.33
GLW,2023-10-24 07:00:00-04:00,2023-10-24,bmo,0.47,0.45,-4.97
GLW,2024-01-30 07:00:00-05:00,2024-01-30,bmo,0.41,0.39,-4.08
GLW,2024-04-30 07:00:00-04:00,2024-04-30,bmo,0.35,0.38,8.44
GLW,2024-07-30 07:00:00-04:00,2024-07-30,bmo,0.47,0.47,-0.07
GLW,2024-10-29 07:00:00-04:00,2024-10-29,bmo,0.52,0.54,3.05
GLW,2025-01-29 07:00:00-05:00,2025-01-29,bmo,0.56,0.57,2.1
GLW,2025-04-29 07:00:00-04:00,2025-04-29,bmo,0.51,0.54,5.43
GLW,2025-07-29 07:00:00-04:00,2025-07-29,bmo,0.57,0.6,5.13
GLW,2025-10-28 07:00:00-04:00,2025-10-28,bmo,0.66,0.67,0.8
TROW,2022-01-27 08:00:00-05:00,2022-01-27,bmo,3.13,3.17,1.34
TROW,2022-04-28 07:00:00-04:00,2022-04-28,bmo,2.76,2.62,-5.16
TROW,2022-07-28 15:00:00-04:00,2022-07-28,amc,2.15,1.79,-16.67
TROW,2022-10-27 13:00:00-04:00,2022-10-27,amc,1.81,1.86,2.68
TROW,2023-01-26 09:00:00-05:00,2023-01-26,bmo,1.71,1.74,1.57
TROW,2023-05-02 07:00:00-04:00,2023-05-02,bmo,1.64,1.69,2.99
TROW,2023-07-28 07:00:00-04:00,2023-07-28,bmo,1.73,2.02,16.91
TROW,2023-10-27 07:00:00-04:00,2023-10-27,bmo,1.77,2.17,22.4
TROW,2024-02-08 07:00:00-05:00,2024-02-08,bmo,1.63,1.72,5.8
TROW,2024-04-26 07:00:00-04:00,2024-04-26,bmo,2.03,2.38,17.22
TROW,2024-07-26 07:00:00-04:00,2024-07-26,bmo,2.28,2.26,-0.85
TROW,2024-11-01 07:00:00-04:00,2024-11-01,bmo,2.35,2.57,9.54
TROW,2025-02-05 07:00:00-05:00,2025-02-05,bmo,2.21,2.12,-4.07
TROW,2025-05-02 07:00:00-04:00,2025-05-02,bmo,2.13,2.23,4.68
TROW,2025-08-01 07:00:00-04:00,2025-08-01,bmo,2.13,2.24,4.94
TROW,2025-10-31 07:00:00-04:00,2025-10-31,bmo,2.54,2.81,10.5
MCO,2021-02-12 07:00:00-05:00,2021-02-12,bmo,1.94,1.91,-1.5
MCO,2021-04-28 07:00:00-04:00,2021-04-28,bmo,2.8,4.06,44.85
MCO,2021-07-28 07:00:00-04:00,2021-07-28,bmo,2.77,3.22,16.07
MCO,2021-10-28 07:00:00-04:00,2021-10-28,bmo,2.55,2.69,5.57
MCO,2022-02-10 07:00:00-05:00,2022-02-10,bmo,2.39,2.33,-2.43
MCO,2022-05-02 07:00:00-04:00,2022-05-02,bmo,2.89,2.89,-0.14
MCO,2022-07-26 07:00:00-04:00,2022-07-26,bmo,2.31,2.22,-3.97
MCO,2022-10-25 07:00:00-04:00,2022-10-25,bmo,2.03,1.85,-9.01
MCO,2023-01-31 06:00:00-05:00,2023-01-31,bmo,1.47,1.6,8.5
MCO,2023-04-25 20:00:00-04:00,2023-04-25,amc,2.18,2.99,37.33
MCO,2023-07-25 06:00:00-04:00,2023-07-25,bmo,2.21,2.3,3.91
MCO,2023-10-25 06:00:00-04:00,2023-10-25,bmo,2.29,2.43,6.13
MCO,2024-02-13 07:00:00-05:00,2024-02-13,bmo,2.32,2.19,-5.55
MCO,2024-05-02 07:00:00-04:00,2024-05-02,bmo,3.01,3.37,12.11
MCO,2024-07-23 06:00:00-04:00,2024-07-23,bmo,3.02,3.28,8.57
MCO,2024-10-22 06:00:00-04:00,2024-10-22,bmo,2.87,3.21,11.97
MCO,2025-02-13 06:00:00-05:00,2025-02-13,bmo,2.58,2.62,1.58
MCO,2025-04-22 06:00:00-04:00,2025-04-22,bmo,3.54,3.83,8.23
MCO,2025-07-23 06:00:00-04:00,2025-07-23,bmo,3.39,3.56,5.04
MCO,2025-10-22 06:00:00-04:00,2025-10-22,bmo,3.68,3.92,6.41
V,2022-01-27 16:00:00-05:00,2022-01-27,amc,1.7,1.81,6.34
V,2022-04-26 16:00:00-04:00,2022-04-26,amc,1.65,1.79,8.37
V,2022-07-26 16:00:00-04:00,2022-07-26,amc,1.75,1.98,13.29
V,2022-10-25 16:00:00-04:00,2022-10-25,amc,1.87,1.93,3.47
V,2023-01-26 16:00:00-05:00,2023-01-26,amc,2.01,2.18,8.46
V,2023-04-25 16:00:00-04:00,2023-04-25,amc,1.99,2.09,5.18
V,2023-07-25 16:00:00-04:00,2023-07-25,amc,2.12,2.16,2.03
V,2023-10-24 16:00:00-04:00,2023-10-24,amc,2.24,2.33,3.83
V,2024-01-25 16:00:00-05:00,2024-01-25,amc,2.34,2.41,3.05
V,2024-04-23 16:00:00-04:00,2024-04-23,amc,2.43,2.51,3.16
V,2024-07-23 16:00:00-04:00,2024-07-23,amc,2.42,2.42,0.11
V,2024-10-29 16:00:00-04:00,2024-10-29,amc,2.58,2.71,5.24
V,2025-01-30 16:00:00-05:00,2025-01-30,amc,2.66,2.75,3.34
V,2025-04-29 16:00:00-04:00,2025-04-29,amc,2.68,2.76,3.0
V,2025-07-29 16:00:00-04:00,2025-07-29,amc,2.85,2.98,4.68
V,2025-10-28 16:00:00-04:00,2025-10-28,amc,2.97,2.98,0.28
ETSY,2021-02-25 16:00:00-05:00,2021-02-25,amc,0.59,1.08,82.75
ETSY,2021-05-05 16:00:00-04:00,2021-05-05,amc,0.88,1.0,13.17
ETSY,2021-08-04 16:00:00-04:00,2021-08-04,amc,0.64,0.68,6.11
ETSY,2021-11-03 16:00:00-04:00,2021-11-03,amc,0.55,0.62,12.89
ETSY,2022-02-24 16:00:00-05:00,2022-02-24,amc,0.77,1.11,44.25
ETSY,2022-05-04 16:00:00-04:00,2022-05-04,amc,0.57,0.6,5.32
ETSY,2022-07-27 16:00:00-04:00,2022-07-27,amc,0.32,0.51,57.22
ETSY,2022-11-02 16:00:00-04:00,2022-11-02,amc,0.36,-7.62,-2222.56
ETSY,2023-02-22 16:00:00-05:00,2023-02-22,amc,0.8,0.77,-4.31
ETSY,2023-05-03 16:00:00-04:00,2023-05-03,amc,0.51,0.53,4.43
ETSY,2023-08-02 16:00:00-04:00,2023-08-02,amc,0.43,0.45,3.52
ETSY,2023-11-01 16:00:00-04:00,2023-11-01,amc,0.51,0.64,26.46
ETSY,2024-02-21 16:00:00-05:00,2024-02-21,amc,0.78,0.62,-20.36
ETSY,2024-05-01 16:00:00-04:00,2024-05-01,amc,0.49,0.48,-1.17
ETSY,2024-07-31 16:00:00-04:00,2024-07-31,amc,0.46,0.41,-9.89
ETSY,2024-10-30 16:00:00-04:00,2024-10-30,amc,0.53,0.45,-15.36
ETSY,2025-02-19 07:00:00-05:00,2025-02-19,bmo,0.94,1.03,9.64
ETSY,2025-04-30 07:00:00-04:00,2025-04-30,bmo,0.47,-0.49,-204.35
ETSY,2025-07-30 07:00:00-04:00,2025-07-30,bmo,0.49,0.25,-49.29
ETSY,2025-10-29 07:00:00-04:00,2025-10-29,bmo,0.52,0.63,21.12
AZO,2022-03-01 06:00:00-05:00,2022-03-01,bmo,17.6,22.3,26.69
AZO,2022-05-24 06:00:00-04:00,2022-05-24,bmo,25.97,29.03,11.8
AZO,2022-09-19 06:00:00-04:00,2022-09-19,bmo,38.47,40.51,5.29
AZO,2022-12-06 06:00:00-05:00,2022-12-06,bmo,25.31,27.45,8.46
AZO,2023-02-28 06:00:00-05:00,2023-02-28,bmo,21.64,24.64,13.87
AZO,2023-06-09 16:00:00-04:00,2023-06-09,amc,33.5,34.12,1.85
AZO,2023-09-19 06:00:00-04:00,2023-09-19,bmo,44.89,46.46,3.49
AZO,2023-12-05 06:00:00-05:00,2023-12-05,bmo,31.61,32.55,2.96
AZO,2024-02-27 06:00:00-05:00,2024-02-27,bmo,26.62,28.89,8.53
AZO,2024-05-21 06:00:00-04:00,2024-05-21,bmo,36.01,36.69,1.89
AZO,2024-09-24 06:00:00-04:00,2024-09-24,bmo,53.41,51.58,-3.42
AZO,2024-12-10 06:00:00-05:00,2024-12-10,bmo,33.59,32.52,-3.19
AZO,2025-03-04 06:00:00-05:00,2025-03-04,bmo,28.97,28.29,-2.35
AZO,2025-05-27 06:00:00-04:00,2025-05-27,bmo,37.01,35.36,-4.46
AZO,2025-09-23 06:00:00-04:00,2025-09-23,bmo,50.68,48.71,-3.88
HAL,2021-01-19 06:00:00-05:00,2021-01-19,bmo,0.14,0.18,25.11
HAL,2021-04-21 06:00:00-04:00,2021-04-21,bmo,0.17,0.19,13.12
HAL,2021-07-20 06:00:00-04:00,2021-07-20,bmo,0.23,0.26,14.18
HAL,2021-10-19 06:00:00-04:00,2021-10-19,bmo,0.28,0.28,1.4
HAL,2022-01-24 06:00:00-05:00,2022-01-24,bmo,0.34,0.36,5.06
HAL,2022-04-19 06:00:00-04:00,2022-04-19,bmo,0.34,0.35,1.66
HAL,2022-07-19 06:00:00-04:00,2022-07-19,bmo,0.45,0.49,9.48
HAL,2022-10-25 06:00:00-04:00,2022-10-25,bmo,0.56,0.6,7.02
HAL,2023-01-24 06:00:00-05:00,2023-01-24,bmo,0.67,0.72,7.53
HAL,2023-04-25 06:00:00-04:00,2023-04-25,bmo,0.67,0.72,7.16
HAL,2023-07-19 06:00:00-04:00,2023-07-19,bmo,0.75,0.77,3.09
HAL,2023-10-24 06:00:00-04:00,2023-10-24,bmo,0.77,0.79,2.79
HAL,2024-01-23 06:00:00-05:00,2024-01-23,bmo,0.8,0.86,8.07
HAL,2024-04-23 06:00:00-04:00,2024-04-23,bmo,0.74,0.76,2.02
HAL,2024-07-19 06:00:00-04:00,2024-07-19,bmo,0.8,0.8,-0.08
HAL,2024-11-07 06:00:00-05:00,2024-11-07,bmo,0.75,0.73,-3.1
HAL,2025-01-22 06:00:00-05:00,2025-01-22,bmo,0.7,0.7,0.69
HAL,2025-04-22 06:00:00-04:00,2025-04-22,bmo,0.6,0.6,-0.43
HAL,2025-07-22 06:00:00-04:00,2025-07-22,bmo,0.55,0.55,-0.72
HAL,2025-10-21 06:00:00-04:00,2025-10-21,bmo,0.5,0.58,16.93
MET,2021-02-03 16:00:00-05:00,2021-02-03,amc,1.51,2.03,34.69
MET,2021-05-05 16:00:00-04:00,2021-05-05,amc,1.52,2.2,44.47
MET,2021-08-04 16:00:00-04:00,2021-08-04,amc,1.66,2.3,38.36
MET,2021-11-03 16:00:00-04:00,2021-11-03,amc,1.71,2.39,39.58
MET,2022-02-02 16:00:00-05:00,2022-02-02,amc,1.46,2.17,48.27
MET,2022-05-04 16:00:00-04:00,2022-05-04,amc,1.63,2.08,27.98
MET,2022-08-03 16:00:00-04:00,2022-08-03,amc,1.48,2.0,35.48
MET,2022-11-02 16:00:00-04:00,2022-11-02,amc,1.17,1.21,3.17
MET,2023-02-01 16:00:00-05:00,2023-02-01,amc,1.64,1.55,-5.72
MET,2023-05-03 16:00:00-04:00,2023-05-03,amc,1.84,1.52,-17.55
MET,2023-08-02 16:00:00-04:00,2023-08-02,amc,1.88,1.94,3.11
MET,2023-11-01 16:00:00-04:00,2023-11-01,amc,1.96,1.97,0.38
MET,2024-01-31 16:00:00-05:00,2024-01-31,amc,1.91,1.83,-3.94
MET,2024-05-01 16:00:00-04:00,2024-05-01,amc,1.82,1.83,0.6
MET,2024-07-31 16:00:00-04:00,2024-07-31,amc,2.11,2.28,8.12
MET,2024-10-30 17:00:00-04:00,2024-10-30,amc,2.18,1.95,-10.7
MET,2025-02-05 16:00:00-05:00,2025-02-05,amc,2.09,2.09,-0.16
MET,2025-04-30 16:00:00-04:00,2025-04-30,amc,2.01,1.96,-2.45
MET,2025-08-06 16:00:00-04:00,2025-08-06,amc,2.16,2.02,-6.69
MET,2025-11-05 16:00:00-05:00,2025-11-05,amc,2.32,2.37,2.16
NDSN,2021-02-22 16:00:00-05:00,2021-02-22,amc,1.06,1.32,24.79
NDSN,2021-05-24 16:00:00-04:00,2021-05-24,amc,1.64,2.12,28.95
NDSN,2021-08-30 16:00:00-04:00,2021-08-30,amc,2.08,2.42,16.28
NDSN,2021-12-15 16:00:00-05:00,2021-12-15,amc,2.1,1.88,-10.29
NDSN,2022-02-22 16:00:00-05:00,2022-02-22,amc,1.91,2.07,8.38
NDSN,2022-05-23 16:00:00-04:00,2022-05-23,amc,2.29,2.43,6.27
NDSN,2022-08-22 16:00:00-04:00,2022-08-22,amc,2.44,2.49,2.09
NDSN,2022-12-14 16:00:00-05:00,2022-12-14,amc,2.33,2.44,4.68
NDSN,2023-02-20 16:00:00-05:00,2023-02-20,amc,1.97,1.95,-1.08
NDSN,2023-05-22 16:00:00-04:00,2023-05-22,amc,2.12,2.26,6.79
NDSN,2023-08-21 16:00:00-04:00,2023-08-21,amc,2.32,2.35,1.36
NDSN,2023-12-13 16:00:00-05:00,2023-12-13,amc,2.4,2.46,2.64
NDSN,2024-02-21 16:00:00-05:00,2024-02-21,amc,2.09,2.21,6.0
NDSN,2024-05-20 16:00:00-04:00,2024-05-20,amc,2.32,2.34,0.92
NDSN,2024-08-21 16:00:00-04:00,2024-08-21,amc,2.34,2.41,3.12
NDSN,2024-12-11 16:00:00-05:00,2024-12-11,amc,2.59,2.78,7.34
NDSN,2025-02-19 16:00:00-05:00,2025-02-19,amc,2.08,2.06,-0.89
NDSN,2025-05-28 16:00:00-04:00,2025-05-28,amc,2.36,2.42,2.6
NDSN,2025-08-20 16:00:00-04:00,2025-08-20,amc,2.64,2.73,3.54
VLO,2021-01-28 06:00:00-05:00,2021-01-28,bmo,-1.39,-1.06,23.56
VLO,2021-04-22 06:00:00-04:00,2021-04-22,bmo,-1.85,-1.73,6.73
VLO,2021-07-29 06:00:00-04:00,2021-07-29,bmo,0.13,0.48,264.44
VLO,2021-10-21 06:00:00-04:00,2021-10-21,bmo,0.92,1.22,33.03
VLO,2022-01-27 06:00:00-05:00,2022-01-27,bmo,1.84,2.47,34.21
VLO,2022-04-26 06:00:00-04:00,2022-04-26,bmo,1.65,2.31,40.32
VLO,2022-07-28 06:00:00-04:00,2022-07-28,bmo,9.38,11.36,21.13
VLO,2022-10-25 06:00:00-04:00,2022-10-25,bmo,6.94,7.14,2.88
VLO,2023-01-26 06:00:00-05:00,2023-01-26,bmo,7.24,8.45,16.72
VLO,2023-04-27 06:00:00-04:00,2023-04-27,bmo,7.21,8.27,14.68
VLO,2023-07-27 06:00:00-04:00,2023-07-27,bmo,5.08,5.4,6.29
VLO,2023-10-26 08:00:00-04:00,2023-10-26,bmo,7.32,7.49,2.26
VLO,2024-01-25 06:00:00-05:00,2024-01-25,bmo,3.0,3.55,18.16
VLO,2024-04-25 06:00:00-04:00,2024-04-25,bmo,3.22,3.82,18.59
VLO,2024-07-25 06:00:00-04:00,2024-07-25,bmo,2.6,2.71,4.37
VLO,2024-10-24 06:00:00-04:00,2024-10-24,bmo,0.98,1.14,16.08
VLO,2025-01-30 06:00:00-05:00,2025-01-30,bmo,0.06,0.64,970.77
VLO,2025-04-24 06:00:00-04:00,2025-04-24,bmo,0.48,0.89,86.73
VLO,2025-07-24 06:00:00-04:00,2025-07-24,bmo,1.77,2.28,29.09
VLO,2025-10-23 06:00:00-04:00,2025-10-23,bmo,3.05,3.66,19.88
TMUS,2021-02-04 16:00:00-05:00,2021-02-04,amc,0.51,0.6,17.88
TMUS,2021-05-04 16:00:00-04:00,2021-05-04,amc,0.56,0.74,32.11
TMUS,2021-07-29 16:00:00-04:00,2021-07-29,amc,0.49,0.78,60.0
TMUS,2021-11-02 16:00:00-04:00,2021-11-02,amc,0.53,0.55,4.71
TMUS,2022-02-01 19:00:00-05:00,2022-02-01,amc,0.16,0.34,116.3
TMUS,2022-04-27 06:00:00-04:00,2022-04-27,bmo,0.33,0.57,70.61
TMUS,2022-07-27 06:00:00-04:00,2022-07-27,bmo,0.28,-0.09,-132.47
TMUS,2022-10-27 16:00:00-04:00,2022-10-27,amc,0.26,0.4,53.75
TMUS,2023-02-01 06:00:00-05:00,2023-02-01,bmo,1.1,1.18,6.79
TMUS,2023-04-27 16:00:00-04:00,2023-04-27,amc,1.48,1.58,6.84
TMUS,2023-07-27 16:00:00-04:00,2023-07-27,amc,1.71,1.86,8.57
TMUS,2023-10-25 06:00:00-04:00,2023-10-25,bmo,1.7,1.82,6.95
TMUS,2024-01-25 16:00:00-05:00,2024-01-25,amc,1.9,1.67,-12.28
TMUS,2024-04-26 12:00:00-04:00,2024-04-26,amc,1.86,2.0,7.46
TMUS,2024-07-31 07:00:00-04:00,2024-07-31,bmo,2.27,2.49,9.58
TMUS,2024-10-23 16:00:00-04:00,2024-10-23,amc,2.42,2.61,7.64
TMUS,2025-01-29 07:00:00-05:00,2025-01-29,bmo,2.28,2.57,12.61
TMUS,2025-04-24 16:00:00-04:00,2025-04-24,amc,2.47,2.58,4.51
TMUS,2025-07-23 16:00:00-04:00,2025-07-23,amc,2.67,2.84,6.29
TMUS,2025-10-23 06:00:00-04:00,2025-10-23,bmo,2.4,2.41,0.39
USB,2021-01-20 06:00:00-05:00,2021-01-20,bmo,0.94,0.95,1.52
USB,2021-04-15 06:00:00-04:00,2021-04-15,bmo,0.96,1.45,51.43
USB,2021-07-15 06:00:00-04:00,2021-07-15,bmo,1.13,1.28,12.89
USB,2021-10-14 06:00:00-04:00,2021-10-14,bmo,1.16,1.3,12.41
USB,2022-01-19 06:00:00-05:00,2022-01-19,bmo,1.1,1.07,-2.46
USB,2022-04-14 06:00:00-04:00,2022-04-14,bmo,0.94,0.99,5.12
USB,2022-07-15 06:00:00-04:00,2022-07-15,bmo,1.07,0.99,-7.53
USB,2022-10-14 06:00:00-04:00,2022-10-14,bmo,1.16,1.16,0.42
USB,2023-01-25 06:00:00-05:00,2023-01-25,bmo,1.14,0.57,-49.82
USB,2023-04-19 06:00:00-04:00,2023-04-19,bmo,1.12,1.04,-7.17
USB,2023-07-19 07:00:00-04:00,2023-07-19,bmo,1.1,0.84,-23.51
USB,2023-10-18 06:00:00-04:00,2023-10-18,bmo,1.01,0.91,-9.68
USB,2024-01-17 06:00:00-05:00,2024-01-17,bmo,0.91,0.49,-46.0
USB,2024-05-01 16:00:00-04:00,2024-05-01,amc,0.88,0.78,-11.61
USB,2024-07-17 06:00:00-04:00,2024-07-17,bmo,0.95,0.97,2.33
USB,2024-10-16 06:00:00-04:00,2024-10-16,bmo,0.99,1.03,4.05
USB,2025-01-15 19:00:00-05:00,2025-01-15,amc,1.05,1.07,1.71
USB,2025-04-16 06:00:00-04:00,2025-04-16,bmo,0.97,1.03,5.69
USB,2025-07-17 06:00:00-04:00,2025-07-17,bmo,1.07,1.11,4.06
USB,2025-10-16 06:00:00-04:00,2025-10-16,bmo,1.12,1.22,9.02
LEN,2022-03-16 16:00:00-04:00,2022-03-16,amc,2.58,2.7,4.83
LEN,2022-06-21 06:00:00-04:00,2022-06-21,bmo,3.95,4.69,18.63
LEN,2022-09-21 16:00:00-04:00,2022-09-21,amc,4.86,5.18,6.48
LEN,2022-12-14 17:00:00-05:00,2022-12-14,amc,4.9,5.02,2.43
LEN,2023-03-14 16:00:00-04:00,2023-03-14,amc,1.55,2.12,37.04
LEN,2023-06-14 16:00:00-04:00,2023-06-14,amc,2.32,2.94,26.91
LEN,2023-09-13 22:00:00-04:00,2023-09-13,amc,3.53,3.91,10.71
LEN,2023-12-14 16:00:00-05:00,2023-12-14,amc,4.6,5.17,12.4
LEN,2024-03-13 16:00:00-04:00,2024-03-13,amc,2.22,2.61,17.57
LEN,2024-06-17 16:00:00-04:00,2024-06-17,amc,3.23,3.38,4.74
LEN,2024-09-19 16:00:00-04:00,2024-09-19,amc,3.62,3.9,7.73
LEN,2024-12-18 16:00:00-05:00,2024-12-18,amc,4.12,4.03,-2.29
LEN,2025-03-20 17:00:00-04:00,2025-03-20,amc,1.71,2.14,24.86
LEN,2025-06-16 17:00:00-04:00,2025-06-16,amc,1.94,1.9,-1.96
LEN,2025-09-18 17:00:00-04:00,2025-09-18,amc,2.09,2.0,-4.52
XOM,2021-02-02 07:00:00-05:00,2021-02-02,bmo,0.02,0.03,50.0
XOM,2021-04-30 07:00:00-04:00,2021-04-30,bmo,0.6,0.65,8.17
XOM,2021-07-30 07:00:00-04:00,2021-07-30,bmo,0.99,1.1,10.57
XOM,2021-10-29 07:00:00-04:00,2021-10-29,bmo,1.52,1.58,3.79
XOM,2022-02-01 07:00:00-05:00,2022-02-01,bmo,1.93,2.05,6.27
XOM,2022-04-29 06:00:00-04:00,2022-04-29,bmo,2.22,2.07,-6.96
XOM,2022-07-29 06:00:00-04:00,2022-07-29,bmo,3.89,4.14,6.46
XOM,2022-10-28 06:00:00-04:00,2022-10-28,bmo,3.82,4.45,16.48
XOM,2023-01-31 06:00:00-05:00,2023-01-31,bmo,3.28,3.4,3.57
XOM,2023-04-28 06:00:00-04:00,2023-04-28,bmo,2.59,2.83,9.32
XOM,2023-07-28 06:00:00-04:00,2023-07-28,bmo,2.02,1.94,-3.91
XOM,2023-10-27 03:00:00-04:00,2023-10-27,bmo,2.36,2.27,-3.82
XOM,2024-02-02 06:00:00-05:00,2024-02-02,bmo,2.19,2.48,13.04
XOM,2024-04-26 04:00:00-04:00,2024-04-26,bmo,2.16,2.06,-4.75
XOM,2024-08-02 06:00:00-04:00,2024-08-02,bmo,2.01,2.14,6.51
XOM,2024-11-01 06:00:00-04:00,2024-11-01,bmo,1.87,1.92,2.6
XOM,2025-01-31 06:00:00-05:00,2025-01-31,bmo,1.55,1.67,7.87
XOM,2025-05-02 06:00:00-04:00,2025-05-02,bmo,1.74,1.76,1.16
XOM,2025-08-01 06:00:00-04:00,2025-08-01,bmo,1.56,1.64,4.93
XOM,2025-10-31 06:00:00-04:00,2025-10-31,bmo,1.82,1.88,3.03
AXP,2022-01-25 07:00:00-05:00,2022-01-25,bmo,1.84,2.18,18.31
AXP,2022-04-22 07:00:00-04:00,2022-04-22,bmo,2.45,2.73,11.46
AXP,2022-07-22 07:00:00-04:00,2022-07-22,bmo,2.4,2.57,7.08
AXP,2022-10-21 13:00:00-04:00,2022-10-21,amc,2.41,2.47,2.34
AXP,2023-01-27 07:00:00-05:00,2023-01-27,bmo,2.23,2.07,-7.25
AXP,2023-04-20 07:00:00-04:00,2023-04-20,bmo,2.67,2.4,-10.13
AXP,2023-07-21 07:00:00-04:00,2023-07-21,bmo,2.81,2.89,2.97
AXP,2023-10-20 07:00:00-04:00,2023-10-20,bmo,2.94,3.3,12.08
AXP,2024-01-26 07:00:00-05:00,2024-01-26,bmo,2.63,2.62,-0.35
AXP,2024-04-19 10:00:00-04:00,2024-04-19,bmo,2.96,3.33,12.66
AXP,2024-07-19 07:00:00-04:00,2024-07-19,bmo,3.26,4.15,27.11
AXP,2024-10-18 07:00:00-04:00,2024-10-18,bmo,3.28,3.49,6.49
AXP,2025-01-24 07:00:00-05:00,2025-01-24,bmo,3.03,3.04,0.17
AXP,2025-04-17 07:00:00-04:00,2025-04-17,bmo,3.47,3.64,4.8
AXP,2025-07-18 07:00:00-04:00,2025-07-18,bmo,3.88,4.08,5.09
AXP,2025-10-17 07:00:00-04:00,2025-10-17,bmo,4.0,4.14,3.61
PEP,2022-02-10 06:00:00-05:00,2022-02-10,bmo,1.52,1.53,0.92
PEP,2022-04-26 06:00:00-04:00,2022-04-26,bmo,1.23,1.29,4.54
PEP,2022-07-12 06:00:00-04:00,2022-07-12,bmo,1.74,1.86,7.1
PEP,2022-10-12 06:00:00-04:00,2022-10-12,bmo,1.85,1.97,6.68
PEP,2023-02-09 06:00:00-05:00,2023-02-09,bmo,1.65,1.67,1.22
PEP,2023-04-25 06:00:00-04:00,2023-04-25,bmo,1.39,1.5,8.23
PEP,2023-07-13 06:00:00-04:00,2023-07-13,bmo,1.96,2.09,6.56
PEP,2023-10-10 06:00:00-04:00,2023-10-10,bmo,2.15,2.25,4.44
PEP,2024-02-09 06:00:00-05:00,2024-02-09,bmo,1.72,1.78,3.43
PEP,2024-04-23 06:00:00-04:00,2024-04-23,bmo,1.52,1.61,5.96
PEP,2024-07-11 06:00:00-04:00,2024-07-11,bmo,2.16,2.28,5.57
PEP,2024-10-08 06:00:00-04:00,2024-10-08,bmo,2.29,2.31,0.74
PEP,2025-02-04 06:00:00-05:00,2025-02-04,bmo,1.94,1.96,0.9
PEP,2025-04-24 06:00:00-04:00,2025-04-24,bmo,1.49,1.48,-0.77
PEP,2025-07-17 06:00:00-04:00,2025-07-17,bmo,2.03,2.12,4.48
PEP,2025-10-09 06:00:00-04:00,2025-10-09,bmo,2.26,2.29,1.33
JPM,2021-01-15 06:00:00-05:00,2021-01-15,bmo,2.65,3.07,15.81
JPM,2021-04-14 06:00:00-04:00,2021-04-14,bmo,3.06,4.59,49.98
JPM,2021-07-13 06:00:00-04:00,2021-07-13,bmo,3.17,3.78,19.08
JPM,2021-10-13 06:00:00-04:00,2021-10-13,bmo,3.0,3.55,18.31
JPM,2022-01-14 06:00:00-05:00,2022-01-14,bmo,3.03,3.33,9.73
JPM,2022-04-13 06:00:00-04:00,2022-04-13,bmo,2.71,2.63,-2.85
JPM,2022-07-14 06:00:00-04:00,2022-07-14,bmo,2.9,2.76,-4.76
JPM,2022-10-14 06:00:00-04:00,2022-10-14,bmo,2.85,3.12,9.44
JPM,2023-01-13 06:00:00-05:00,2023-01-13,bmo,3.1,3.57,15.04
JPM,2023-04-14 06:00:00-04:00,2023-04-14,bmo,3.37,4.1,21.69
JPM,2023-07-14 06:00:00-04:00,2023-07-14,bmo,3.76,4.75,26.46
JPM,2023-10-13 06:00:00-04:00,2023-10-13,bmo,3.97,4.33,9.01
JPM,2024-01-12 06:00:00-05:00,2024-01-12,bmo,3.6,3.04,-15.65
JPM,2024-04-12 06:00:00-04:00,2024-04-12,bmo,4.13,4.44,7.4
JPM,2024-07-12 06:00:00-04:00,2024-07-12,bmo,4.53,6.12,35.02
JPM,2024-10-11 06:00:00-04:00,2024-10-11,bmo,3.99,4.37,9.63
JPM,2025-01-15 06:00:00-05:00,2025-01-15,bmo,4.04,4.81,19.18
JPM,2025-04-11 06:00:00-04:00,2025-04-11,bmo,4.64,5.07,9.15
JPM,2025-07-15 06:00:00-04:00,2025-07-15,bmo,4.47,4.96,10.89
JPM,2025-10-14 06:00:00-04:00,2025-10-14,bmo,4.87,5.07,4.01
TSM,2021-01-14 07:00:00-05:00,2021-01-14,bmo,0.94,0.97,2.67
TSM,2021-04-15 05:00:00-04:00,2021-04-15,bmo,0.93,0.96,2.79
TSM,2021-07-15 06:00:00-04:00,2021-07-15,bmo,0.92,0.93,0.88
TSM,2021-10-14 02:00:00-04:00,2021-10-14,bmo,1.04,1.07,3.41
TSM,2022-01-13 07:00:00-05:00,2022-01-13,bmo,1.12,1.15,2.7
TSM,2022-04-14 02:00:00-04:00,2022-04-14,bmo,1.31,1.4,6.87
TSM,2022-07-13 22:00:00-04:00,2022-07-13,amc,1.5,1.55,3.05
TSM,2022-10-13 07:00:00-04:00,2022-10-13,bmo,1.68,1.79,6.35
TSM,2023-01-12 01:00:00-05:00,2023-01-12,bmo,1.76,1.82,3.42
TSM,2023-04-20 01:00:00-04:00,2023-04-20,bmo,1.19,1.31,10.22
TSM,2023-07-20 01:00:00-04:00,2023-07-20,bmo,1.08,1.14,5.52
TSM,2023-10-18 20:00:00-04:00,2023-10-18,amc,1.17,1.29,10.35
TSM,2024-01-17 19:00:00-05:00,2024-01-17,amc,1.37,1.44,5.07
TSM,2024-04-18 01:00:00-04:00,2024-04-18,bmo,1.32,1.38,4.52
TSM,2024-07-18 01:00:00-04:00,2024-07-18,bmo,1.42,1.48,3.97
TSM,2024-10-17 01:00:00-04:00,2024-10-17,bmo,1.79,1.94,8.44
TSM,2025-01-16 00:00:00-05:00,2025-01-16,bmo,2.22,2.24,0.68
TSM,2025-04-17 01:00:00-04:00,2025-04-17,bmo,2.05,2.12,3.21
TSM,2025-07-17 02:00:00-04:00,2025-07-17,bmo,2.31,2.47,6.79
TSM,2025-10-15 20:00:00-04:00,2025-10-15,amc,2.63,2.92,11.23
UBER,2022-02-09 16:00:00-05:00,2022-02-09,amc,-0.33,0.44,232.28
UBER,2022-05-04 07:00:00-04:00,2022-05-04,bmo,-0.28,-3.03,-968.97
UBER,2022-08-02 07:00:00-04:00,2022-08-02,bmo,-0.27,-1.33,-388.15
UBER,2022-11-01 06:00:00-04:00,2022-11-01,bmo,-0.18,-0.61,-241.14
UBER,2023-02-08 06:00:00-05:00,2023-02-08,bmo,-0.16,0.29,286.66
UBER,2023-05-02 06:00:00-04:00,2023-05-02,bmo,-0.09,-0.08,7.39
UBER,2023-07-31 20:00:00-04:00,2023-07-31,amc,-0.01,0.18,1825.79
UBER,2023-11-07 06:00:00-05:00,2023-11-07,bmo,0.12,0.1,-16.06
UBER,2024-02-07 06:00:00-05:00,2024-02-07,bmo,0.17,0.66,293.44
UBER,2024-05-08 06:00:00-04:00,2024-05-08,bmo,0.22,-0.31,-240.79
UBER,2024-08-06 06:00:00-04:00,2024-08-06,bmo,0.32,0.47,48.21
UBER,2024-10-31 06:00:00-04:00,2024-10-31,bmo,0.4,1.2,197.24
UBER,2025-02-05 06:00:00-05:00,2025-02-05,bmo,0.48,3.21,573.42
UBER,2025-05-07 06:00:00-04:00,2025-05-07,bmo,0.5,0.83,65.04
UBER,2025-08-06 06:00:00-04:00,2025-08-06,bmo,0.62,0.63,1.05
UBER,2025-11-04 06:00:00-05:00,2025-11-04,bmo,0.69,3.11,353.17
BA,2022-01-26 07:00:00-05:00,2022-01-26,bmo,-0.16,-7.69,-4731.92
BA,2022-04-27 07:00:00-04:00,2022-04-27,bmo,-0.25,-2.75,-995.84
BA,2022-07-27 07:00:00-04:00,2022-07-27,bmo,-0.11,-0.37,-246.34
BA,2022-10-26 07:00:00-04:00,2022-10-26,bmo,0.09,-6.18,-7213.26
BA,2023-01-25 07:00:00-05:00,2023-01-25,bmo,0.2,-1.75,-961.26
BA,2023-04-26 07:00:00-04:00,2023-04-26,bmo,-1.05,-1.27,-20.87
BA,2023-07-26 07:00:00-04:00,2023-07-26,bmo,-0.89,-0.82,8.24
BA,2023-10-25 07:00:00-04:00,2023-10-25,bmo,-2.61,-3.26,-25.01
BA,2024-01-31 07:00:00-05:00,2024-01-31,bmo,-0.79,-0.47,40.28
BA,2024-04-24 07:00:00-04:00,2024-04-24,bmo,-1.52,-1.13,25.63
BA,2024-07-31 07:00:00-04:00,2024-07-31,bmo,-2.01,-2.9,-44.2
BA,2024-10-23 07:00:00-04:00,2024-10-23,bmo,-8.72,-10.44,-19.66
BA,2025-01-28 07:00:00-05:00,2025-01-28,bmo,-3.78,-5.9,-56.1
BA,2025-04-23 07:00:00-04:00,2025-04-23,bmo,-1.3,-0.49,62.39
BA,2025-07-29 07:00:00-04:00,2025-07-29,bmo,-1.27,-1.24,2.35
BA,2025-10-29 07:00:00-04:00,2025-10-29,bmo,-2.38,-7.47,-214.44
ULTA,2022-03-10 16:00:00-05:00,2022-03-10,amc,4.54,5.41,19.04
ULTA,2022-05-26 16:00:00-04:00,2022-05-26,amc,4.48,6.3,40.51
ULTA,2022-08-25 16:00:00-04:00,2022-08-25,amc,4.97,5.7,14.8
ULTA,2022-12-01 16:00:00-05:00,2022-12-01,amc,4.15,5.34,28.55
ULTA,2023-03-09 16:00:00-05:00,2023-03-09,amc,5.7,6.68,17.19
ULTA,2023-05-25 16:00:00-04:00,2023-05-25,amc,6.85,6.88,0.41
ULTA,2023-08-24 16:00:00-04:00,2023-08-24,amc,5.86,6.02,2.7
ULTA,2023-11-30 16:00:00-05:00,2023-11-30,amc,4.97,5.07,1.91
ULTA,2024-03-14 16:00:00-04:00,2024-03-14,amc,7.54,8.08,7.23
ULTA,2024-05-30 16:00:00-04:00,2024-05-30,amc,6.28,6.47,3.06
ULTA,2024-08-29 16:00:00-04:00,2024-08-29,amc,5.45,5.3,-2.72
ULTA,2024-12-05 16:00:00-05:00,2024-12-05,amc,4.52,5.14,13.63
ULTA,2025-03-13 16:00:00-04:00,2025-03-13,amc,7.15,8.46,18.37
ULTA,2025-05-29 16:00:00-04:00,2025-05-29,amc,5.8,6.7,15.5
ULTA,2025-08-28 16:00:00-04:00,2025-08-28,amc,5.04,5.78,14.65
MCHP,2021-02-04 15:00:00-05:00,2021-02-04,amc,0.79,0.81,2.23
MCHP,2021-05-06 16:00:00-04:00,2021-05-06,amc,0.87,0.93,6.3
MCHP,2021-08-03 16:00:00-04:00,2021-08-03,amc,0.95,0.99,3.8
MCHP,2021-11-04 16:00:00-04:00,2021-11-04,amc,1.06,1.07,1.01
MCHP,2022-02-03 16:00:00-05:00,2022-02-03,amc,1.17,1.2,2.36
MCHP,2022-05-09 16:00:00-04:00,2022-05-09,amc,1.25,1.35,7.94
MCHP,2022-08-02 16:00:00-04:00,2022-08-02,amc,1.34,1.37,2.4
MCHP,2022-11-03 16:00:00-04:00,2022-11-03,amc,1.44,1.46,1.41
MCHP,2023-02-02 16:00:00-05:00,2023-02-02,amc,1.54,1.56,1.41
MCHP,2023-05-04 16:00:00-04:00,2023-05-04,amc,1.61,1.64,1.78
MCHP,2023-08-03 16:00:00-04:00,2023-08-03,amc,1.63,1.64,0.5
MCHP,2023-11-02 16:00:00-04:00,2023-11-02,amc,1.61,1.62,0.33
MCHP,2024-02-01 16:00:00-05:00,2024-02-01,amc,1.06,1.08,1.57
MCHP,2024-05-06 16:00:00-04:00,2024-05-06,amc,0.62,0.57,-7.8
MCHP,2024-08-01 16:00:00-04:00,2024-08-01,amc,0.52,0.53,1.55
MCHP,2024-11-05 16:00:00-05:00,2024-11-05,amc,0.43,0.46,5.96
MCHP,2025-02-06 16:00:00-05:00,2025-02-06,amc,0.28,0.2,-28.22
MCHP,2025-05-08 16:00:00-04:00,2025-05-08,amc,0.1,0.11,5.3
MCHP,2025-08-07 16:00:00-04:00,2025-08-07,amc,0.24,0.27,13.17
MCHP,2025-11-06 16:00:00-05:00,2025-11-06,amc,0.33,0.35,4.93
VZ,2021-01-26 07:00:00-05:00,2021-01-26,bmo,1.17,1.21,3.3
VZ,2021-04-21 07:00:00-04:00,2021-04-21,bmo,1.29,1.31,1.62
VZ,2021-07-21 07:00:00-04:00,2021-07-21,bmo,1.3,1.37,5.47
VZ,2021-10-20 07:00:00-04:00,2021-10-20,bmo,1.36,1.41,3.64
VZ,2022-01-25 07:00:00-05:00,2022-01-25,bmo,1.28,1.31,2.18
VZ,2022-04-22 07:00:00-04:00,2022-04-22,bmo,1.32,1.35,2.05
VZ,2022-07-22 07:00:00-04:00,2022-07-22,bmo,1.33,1.31,-1.13
VZ,2022-10-21 07:00:00-04:00,2022-10-21,bmo,1.29,1.32,2.53
VZ,2023-01-24 07:00:00-05:00,2023-01-24,bmo,1.19,1.19,0.26
VZ,2023-04-25 06:00:00-04:00,2023-04-25,bmo,1.19,1.2,0.56
VZ,2023-07-25 07:00:00-04:00,2023-07-25,bmo,1.17,1.21,3.77
VZ,2023-10-24 07:00:00-04:00,2023-10-24,bmo,1.18,1.22,3.55
VZ,2024-01-23 07:00:00-05:00,2024-01-23,bmo,1.08,1.08,-0.15
VZ,2024-04-22 07:00:00-04:00,2024-04-22,bmo,1.12,1.15,2.56
VZ,2024-10-22 07:00:00-04:00,2024-10-22,bmo,1.18,1.19,0.71
VZ,2025-01-24 06:00:00-05:00,2025-01-24,bmo,1.1,1.1,0.32
VZ,2025-04-22 06:00:00-04:00,2025-04-22,bmo,1.15,1.19,3.66
VZ,2025-07-21 06:00:00-04:00,2025-07-21,bmo,1.19,1.22,2.59
VZ,2025-10-29 06:00:00-04:00,2025-10-29,bmo,1.19,1.21,1.53
BG,2021-02-10 06:00:00-05:00,2021-02-10,bmo,1.82,3.05,67.5
BG,2021-05-04 06:00:00-04:00,2021-05-04,bmo,1.54,3.13,102.68
BG,2021-07-28 06:00:00-04:00,2021-07-28,bmo,1.62,2.61,61.1
BG,2021-10-27 06:00:00-04:00,2021-10-27,bmo,1.42,3.72,161.94
BG,2022-02-09 06:00:00-05:00,2022-02-09,bmo,2.87,3.49,21.42
BG,2022-04-27 06:00:00-04:00,2022-04-27,bmo,2.94,4.26,44.78
BG,2022-07-27 06:00:00-04:00,2022-07-27,bmo,3.2,2.97,-7.22
BG,2022-10-26 06:00:00-04:00,2022-10-26,bmo,2.5,3.45,37.88
BG,2023-02-08 06:00:00-05:00,2023-02-08,bmo,3.21,3.24,0.79
BG,2023-05-03 06:00:00-04:00,2023-05-03,bmo,3.24,3.26,0.52
BG,2023-08-02 06:00:00-04:00,2023-08-02,bmo,2.66,3.72,39.63
BG,2023-10-26 06:00:00-04:00,2023-10-26,bmo,2.5,2.99,19.74
BG,2024-02-07 06:00:00-05:00,2024-02-07,bmo,2.8,3.7,32.22
BG,2024-04-24 06:00:00-04:00,2024-04-24,bmo,2.53,3.04,20.1
BG,2024-07-31 06:00:00-04:00,2024-07-31,bmo,1.83,1.73,-5.48
BG,2024-10-30 06:00:00-04:00,2024-10-30,bmo,2.15,2.29,6.58
BG,2025-02-05 06:00:00-05:00,2025-02-05,bmo,2.25,2.13,-5.35
BG,2025-05-07 06:00:00-04:00,2025-05-07,bmo,1.31,1.81,38.3
BG,2025-07-30 06:00:00-04:00,2025-07-30,bmo,1.08,1.31,20.91
BG,2025-11-05 06:00:00-05:00,2025-11-05,bmo,1.97,2.27,15.32
CSX,2022-01-19 19:00:00-05:00,2022-01-19,amc,0.4,0.42,4.56
CSX,2022-04-20 16:00:00-04:00,2022-04-20,amc,0.37,0.39,4.09
CSX,2022-07-20 16:00:00-04:00,2022-07-20,amc,0.48,0.54,11.46
CSX,2022-10-20 16:00:00-04:00,2022-10-20,amc,0.49,0.52,6.39
CSX,2023-01-25 16:00:00-05:00,2023-01-25,amc,0.47,0.49,4.79
CSX,2023-04-20 16:00:00-04:00,2023-04-20,amc,0.43,0.48,12.79
CSX,2023-07-20 16:00:00-04:00,2023-07-20,amc,0.49,0.49,-0.73
CSX,2023-10-19 16:00:00-04:00,2023-10-19,amc,0.43,0.42,-1.68
CSX,2024-01-24 16:00:00-05:00,2024-01-24,amc,0.44,0.45,1.86
CSX,2024-04-17 16:00:00-04:00,2024-04-17,amc,0.45,0.46,1.88
CSX,2024-08-05 16:00:00-04:00,2024-08-05,amc,0.48,0.49,2.62
CSX,2024-10-16 16:00:00-04:00,2024-10-16,amc,0.48,0.46,-3.99
CSX,2025-01-23 16:00:00-05:00,2025-01-23,amc,0.42,0.38,-9.39
CSX,2025-04-16 16:00:00-04:00,2025-04-16,amc,0.37,0.34,-6.93
CSX,2025-07-23 16:00:00-04:00,2025-07-23,amc,0.42,0.44,5.39
CSX,2025-10-16 16:00:00-04:00,2025-10-16,amc,0.42,0.37,-12.87
J,2021-02-09 06:00:00-05:00,2021-02-09,bmo,1.29,1.41,9.44
J,2021-05-10 06:00:00-04:00,2021-05-10,bmo,1.39,1.66,19.55
J,2021-08-03 06:00:00-04:00,2021-08-03,bmo,1.52,1.64,7.62
J,2021-11-23 06:00:00-05:00,2021-11-23,bmo,1.57,1.58,0.51
J,2022-02-08 06:00:00-05:00,2022-02-08,bmo,1.58,1.56,-1.2
J,2022-05-03 06:00:00-04:00,2022-05-03,bmo,1.68,1.72,2.3
J,2022-08-01 06:00:00-04:00,2022-08-01,bmo,1.8,1.86,3.4
J,2022-11-21 06:00:00-05:00,2022-11-21,bmo,1.77,1.8,1.54
J,2023-02-07 06:00:00-05:00,2023-02-07,bmo,1.61,1.67,3.67
J,2023-05-09 06:00:00-04:00,2023-05-09,bmo,1.78,1.81,1.79
J,2023-08-08 06:00:00-04:00,2023-08-08,bmo,1.82,1.82,-0.02
J,2023-11-21 06:00:00-05:00,2023-11-21,bmo,2.02,1.9,-5.79
J,2024-02-06 06:00:00-05:00,2024-02-06,bmo,1.56,2.02,29.55
J,2024-05-07 06:00:00-04:00,2024-05-07,bmo,1.86,1.91,2.86
J,2024-08-06 06:00:00-04:00,2024-08-06,bmo,1.96,1.96,-0.1
J,2024-11-19 06:00:00-05:00,2024-11-19,bmo,1.37,1.37,-0.34
J,2025-02-04 06:00:00-05:00,2025-02-04,bmo,1.26,1.33,5.74
J,2025-05-06 06:00:00-04:00,2025-05-06,bmo,1.38,1.43,3.54
J,2025-08-05 06:00:00-04:00,2025-08-05,bmo,1.54,1.62,5.44
ANET,2021-02-18 16:00:00-05:00,2021-02-18,amc,0.15,0.16,4.3
ANET,2021-05-04 16:00:00-04:00,2021-05-04,amc,0.15,0.16,5.16
ANET,2021-08-02 16:00:00-04:00,2021-08-02,amc,0.16,0.17,6.76
ANET,2021-11-01 16:00:00-04:00,2021-11-01,amc,0.17,0.19,9.0
ANET,2022-02-14 16:00:00-05:00,2022-02-14,amc,0.18,0.21,11.77
ANET,2022-05-02 16:00:00-04:00,2022-05-02,amc,0.2,0.21,3.91
ANET,2022-08-01 16:00:00-04:00,2022-08-01,amc,0.23,0.27,17.24
ANET,2022-10-31 16:00:00-04:00,2022-10-31,amc,0.26,0.31,19.48
ANET,2023-02-13 16:00:00-05:00,2023-02-13,amc,0.3,0.35,16.19
ANET,2023-05-01 16:00:00-04:00,2023-05-01,amc,0.34,0.36,6.26
ANET,2023-07-31 16:00:00-04:00,2023-07-31,amc,0.36,0.4,9.89
ANET,2023-10-30 16:00:00-04:00,2023-10-30,amc,0.39,0.46,16.12
ANET,2024-02-12 16:00:00-05:00,2024-02-12,amc,0.43,0.52,21.6
ANET,2024-05-07 16:00:00-04:00,2024-05-07,amc,0.44,0.5,14.31
ANET,2024-07-30 16:00:00-04:00,2024-07-30,amc,0.48,0.53,8.37
ANET,2024-11-07 16:00:00-05:00,2024-11-07,amc,0.52,0.6,15.31
ANET,2025-02-18 16:00:00-05:00,2025-02-18,amc,0.57,0.65,13.96
ANET,2025-05-06 16:00:00-04:00,2025-05-06,amc,0.59,0.65,9.98
ANET,2025-08-05 16:00:00-04:00,2025-08-05,amc,0.65,0.73,12.38
ANET,2025-11-04 16:00:00-05:00,2025-11-04,amc,0.71,0.75,4.98
FDX,2022-03-17 16:00:00-04:00,2022-03-17,amc,4.65,4.59,-1.3
FDX,2022-06-23 16:00:00-04:00,2022-06-23,amc,6.88,6.87,-0.12
FDX,2022-09-15 16:00:00-04:00,2022-09-15,amc,5.14,3.44,-33.08
FDX,2022-12-20 16:00:00-05:00,2022-12-20,amc,2.82,3.18,12.74
FDX,2023-03-16 16:00:00-04:00,2023-03-16,amc,2.74,3.41,24.6
FDX,2023-06-20 16:00:00-04:00,2023-06-20,amc,4.88,4.94,1.13
FDX,2023-09-20 16:00:00-04:00,2023-09-20,amc,3.75,4.55,21.29
FDX,2023-12-19 16:00:00-05:00,2023-12-19,amc,4.2,3.99,-5.01
FDX,2024-03-21 16:00:00-04:00,2024-03-21,amc,3.48,3.86,10.95
FDX,2024-06-25 16:00:00-04:00,2024-06-25,amc,5.37,5.41,0.73
FDX,2024-09-19 16:00:00-04:00,2024-09-19,amc,4.77,3.6,-24.48
FDX,2024-12-19 16:00:00-05:00,2024-12-19,amc,3.97,4.05,2.12
FDX,2025-03-20 16:00:00-04:00,2025-03-20,amc,4.62,4.51,-2.43
FDX,2025-06-24 16:00:00-04:00,2025-06-24,amc,5.8,6.07,4.59
FDX,2025-09-18 16:00:00-04:00,2025-09-18,amc,3.61,3.83,6.01
CMI,2021-02-04 07:00:00-05:00,2021-02-04,bmo,2.8,3.36,20.17
CMI,2021-05-04 07:00:00-04:00,2021-05-04,bmo,3.47,4.07,17.37
CMI,2021-08-03 07:00:00-04:00,2021-08-03,bmo,4.05,4.1,1.25
CMI,2021-11-02 07:00:00-04:00,2021-11-02,bmo,3.89,3.69,-5.17
CMI,2022-02-03 07:00:00-05:00,2022-02-03,bmo,3.14,2.73,-12.99
CMI,2022-05-03 07:00:00-04:00,2022-05-03,bmo,3.53,2.92,-17.28
CMI,2022-08-02 07:00:00-04:00,2022-08-02,bmo,4.37,4.94,12.99
CMI,2022-11-03 07:00:00-04:00,2022-11-03,bmo,4.89,2.82,-42.29
CMI,2023-02-06 07:00:00-05:00,2023-02-06,bmo,4.48,4.43,-1.14
CMI,2023-05-02 07:00:00-04:00,2023-05-02,bmo,4.76,5.55,16.48
CMI,2023-08-03 07:00:00-04:00,2023-08-03,bmo,5.22,5.18,-0.75
CMI,2023-11-02 07:00:00-04:00,2023-11-02,bmo,4.64,4.59,-1.01
CMI,2024-02-06 07:00:00-05:00,2024-02-06,bmo,4.5,-10.08,-324.03
CMI,2024-05-02 07:00:00-04:00,2024-05-02,bmo,5.25,14.03,167.39
CMI,2024-08-01 07:00:00-04:00,2024-08-01,bmo,4.76,5.26,10.4
CMI,2024-11-05 07:00:00-05:00,2024-11-05,bmo,4.85,5.86,20.79
CMI,2025-02-04 07:00:00-05:00,2025-02-04,bmo,4.64,3.02,-34.94
CMI,2025-05-05 07:00:00-04:00,2025-05-05,bmo,4.85,5.96,22.97
CMI,2025-08-05 07:00:00-04:00,2025-08-05,bmo,5.16,6.43,24.69
CMI,2025-11-06 07:00:00-05:00,2025-11-06,bmo,4.77,3.86,-19.04
IBM,2021-01-21 16:00:00-05:00,2021-01-21,amc,1.88,2.07,10.38
IBM,2021-04-19 16:00:00-04:00,2021-04-19,amc,1.65,1.77,7.12
IBM,2021-07-19 16:00:00-04:00,2021-07-19,amc,2.29,2.33,1.82
IBM,2021-10-20 16:00:00-04:00,2021-10-20,amc,2.51,2.52,0.21
IBM,2022-01-24 16:00:00-05:00,2022-01-24,amc,3.29,3.35,1.91
IBM,2022-04-19 16:00:00-04:00,2022-04-19,amc,1.42,1.4,-1.46
IBM,2022-07-18 16:00:00-04:00,2022-07-18,amc,2.29,2.31,0.9
IBM,2022-10-19 16:00:00-04:00,2022-10-19,amc,1.8,1.81,0.7
IBM,2023-01-25 16:00:00-05:00,2023-01-25,amc,3.61,3.6,-0.32
IBM,2023-04-19 16:00:00-04:00,2023-04-19,amc,1.24,1.36,9.73
IBM,2023-07-19 16:00:00-04:00,2023-07-19,amc,2.0,2.18,8.93
IBM,2023-10-25 16:00:00-04:00,2023-10-25,amc,2.13,2.2,3.5
IBM,2024-01-24 16:00:00-05:00,2024-01-24,amc,3.8,3.87,1.86
IBM,2024-04-24 16:00:00-04:00,2024-04-24,amc,1.6,1.68,5.2
IBM,2024-07-24 16:00:00-04:00,2024-07-24,amc,2.17,2.43,11.92
IBM,2024-10-23 16:00:00-04:00,2024-10-23,amc,2.23,2.3,3.33
IBM,2025-01-29 16:00:00-05:00,2025-01-29,amc,3.78,3.92,3.81
IBM,2025-04-23 16:00:00-04:00,2025-04-23,amc,1.43,1.6,12.12
IBM,2025-07-23 16:00:00-04:00,2025-07-23,amc,2.65,2.8,5.47
IBM,2025-10-22 16:00:00-04:00,2025-10-22,amc,2.45,2.65,8.31
FCX,2021-01-26 08:00:00-05:00,2021-01-26,bmo,0.4,0.39,-1.39
FCX,2021-04-22 08:00:00-04:00,2021-04-22,bmo,0.51,0.51,-0.38
FCX,2021-07-22 08:00:00-04:00,2021-07-22,bmo,0.75,0.77,2.2
FCX,2021-10-21 07:00:00-04:00,2021-10-21,bmo,0.81,0.89,9.93
FCX,2022-01-26 08:00:00-05:00,2022-01-26,bmo,0.94,0.96,2.15
FCX,2022-04-21 08:00:00-04:00,2022-04-21,bmo,0.92,1.07,16.06
FCX,2022-07-21 08:00:00-04:00,2022-07-21,bmo,0.65,0.58,-11.34
FCX,2022-10-20 08:00:00-04:00,2022-10-20,bmo,0.27,0.26,-3.98
FCX,2023-01-25 08:00:00-05:00,2023-01-25,bmo,0.47,0.52,9.86
FCX,2023-04-21 08:00:00-04:00,2023-04-21,bmo,0.45,0.52,16.24
FCX,2023-07-20 08:00:00-04:00,2023-07-20,bmo,0.36,0.35,-1.44
FCX,2023-10-19 08:00:00-04:00,2023-10-19,bmo,0.34,0.39,15.14
FCX,2024-01-24 08:00:00-05:00,2024-01-24,bmo,0.23,0.27,17.07
FCX,2024-04-23 08:00:00-04:00,2024-04-23,bmo,0.28,0.32,12.93
FCX,2024-07-23 08:00:00-04:00,2024-07-23,bmo,0.38,0.46,21.31
FCX,2024-10-22 08:00:00-04:00,2024-10-22,bmo,0.37,0.38,2.76
FCX,2025-01-23 08:00:00-05:00,2025-01-23,bmo,0.22,0.31,43.23
FCX,2025-04-24 08:00:00-04:00,2025-04-24,bmo,0.23,0.24,4.59
FCX,2025-07-23 08:00:00-04:00,2025-07-23,bmo,0.44,0.54,21.81
FCX,2025-10-23 08:00:00-04:00,2025-10-23,bmo,0.41,0.5,22.84
MSFT,2022-01-25 16:00:00-05:00,2022-01-25,amc,2.32,2.48,7.05
MSFT,2022-04-26 16:00:00-04:00,2022-04-26,amc,2.19,2.22,1.24
MSFT,2022-07-26 16:00:00-04:00,2022-07-26,amc,2.3,2.23,-2.85
MSFT,2022-10-25 16:00:00-04:00,2022-10-25,amc,2.29,2.35,2.41
MSFT,2023-01-24 16:00:00-05:00,2023-01-24,amc,2.27,2.2,-3.17
MSFT,2023-04-25 16:00:00-04:00,2023-04-25,amc,2.24,2.45,9.52
MSFT,2023-07-25 16:00:00-04:00,2023-07-25,amc,2.55,2.69,5.45
MSFT,2023-10-24 16:00:00-04:00,2023-10-24,amc,2.65,2.99,12.93
MSFT,2024-01-30 16:00:00-05:00,2024-01-30,amc,2.77,2.93,5.95
MSFT,2024-04-25 16:00:00-04:00,2024-04-25,amc,2.83,2.94,3.99
MSFT,2024-07-30 16:00:00-04:00,2024-07-30,amc,2.94,2.95,0.23
MSFT,2024-10-30 16:00:00-04:00,2024-10-30,amc,3.11,3.3,6.25
MSFT,2025-01-29 16:00:00-05:00,2025-01-29,amc,3.1,3.23,4.06
MSFT,2025-04-30 16:00:00-04:00,2025-04-30,amc,3.22,3.46,7.59
MSFT,2025-07-30 16:00:00-04:00,2025-07-30,amc,3.38,3.65,8.01
MSFT,2025-10-29 16:00:00-04:00,2025-10-29,amc,3.66,3.72,1.59
PM,2022-02-10 06:00:00-05:00,2022-02-10,bmo,1.33,1.35,1.71
PM,2022-04-21 06:00:00-04:00,2022-04-21,bmo,1.49,1.56,4.42
PM,2022-07-21 06:00:00-04:00,2022-07-21,bmo,1.25,1.48,18.47
PM,2022-10-20 06:00:00-04:00,2022-10-20,bmo,1.36,1.53,12.56
PM,2023-02-09 06:00:00-05:00,2023-02-09,bmo,1.28,1.39,8.87
PM,2023-04-20 06:00:00-04:00,2023-04-20,bmo,1.34,1.38,2.64
PM,2023-07-20 06:00:00-04:00,2023-07-20,bmo,1.48,1.6,8.36
PM,2023-10-19 06:00:00-04:00,2023-10-19,bmo,1.61,1.67,3.48
PM,2024-02-08 07:00:00-05:00,2024-02-08,bmo,1.45,1.36,-6.28
PM,2024-04-23 06:00:00-04:00,2024-04-23,bmo,1.41,1.5,6.47
PM,2024-07-23 07:00:00-04:00,2024-07-23,bmo,1.56,1.59,2.03
PM,2024-10-22 07:00:00-04:00,2024-10-22,bmo,1.82,1.91,4.9
PM,2025-02-06 06:00:00-05:00,2025-02-06,bmo,1.5,1.55,3.42
PM,2025-04-23 06:00:00-04:00,2025-04-23,bmo,1.61,1.69,4.79
PM,2025-07-22 07:00:00-04:00,2025-07-22,bmo,1.86,1.91,2.8
PM,2025-10-21 07:00:00-04:00,2025-10-21,bmo,2.1,2.24,6.88
SLB,2021-01-22 06:00:00-05:00,2021-01-22,bmo,0.17,0.22,29.07
SLB,2021-04-23 06:00:00-04:00,2021-04-23,bmo,0.19,0.21,12.76
SLB,2021-07-23 06:00:00-04:00,2021-07-23,bmo,0.26,0.3,15.79
SLB,2021-10-22 06:00:00-04:00,2021-10-22,bmo,0.36,0.36,0.83
SLB,2022-01-21 06:00:00-05:00,2022-01-21,bmo,0.39,0.41,5.07
SLB,2022-04-22 06:00:00-04:00,2022-04-22,bmo,0.33,0.34,2.0
SLB,2022-07-22 06:00:00-04:00,2022-07-22,bmo,0.4,0.5,25.09
SLB,2022-10-21 06:00:00-04:00,2022-10-21,bmo,0.55,0.63,14.32
SLB,2023-01-20 07:00:00-05:00,2023-01-20,bmo,0.68,0.71,4.9
SLB,2023-04-21 06:00:00-04:00,2023-04-21,bmo,0.61,0.63,3.59
SLB,2023-07-21 06:00:00-04:00,2023-07-21,bmo,0.71,0.72,1.0
SLB,2023-10-20 06:00:00-04:00,2023-10-20,bmo,0.77,0.78,1.62
SLB,2024-01-19 06:00:00-05:00,2024-01-19,bmo,0.83,0.86,3.23
SLB,2024-04-19 06:00:00-04:00,2024-04-19,bmo,0.75,0.75,0.14
SLB,2024-07-19 06:00:00-04:00,2024-07-19,bmo,0.83,0.85,2.55
SLB,2024-10-18 06:00:00-04:00,2024-10-18,bmo,0.88,0.89,0.63
SLB,2025-01-17 06:00:00-05:00,2025-01-17,bmo,0.9,0.92,2.01
SLB,2025-04-25 06:00:00-04:00,2025-04-25,bmo,0.73,0.72,-1.34
SLB,2025-07-18 06:00:00-04:00,2025-07-18,bmo,0.73,0.74,1.68
SLB,2025-10-17 06:00:00-04:00,2025-10-17,bmo,0.66,0.69,3.95
MRK,2022-02-03 06:00:00-05:00,2022-02-03,bmo,1.52,1.8,18.08
MRK,2022-04-28 06:00:00-04:00,2022-04-28,bmo,1.83,2.14,17.11
MRK,2022-07-28 06:00:00-04:00,2022-07-28,bmo,1.71,1.87,9.57
MRK,2022-10-27 06:00:00-04:00,2022-10-27,bmo,1.71,1.85,8.28
MRK,2023-02-02 06:00:00-05:00,2023-02-02,bmo,1.54,1.62,5.36
MRK,2023-04-27 06:00:00-04:00,2023-04-27,bmo,1.34,1.4,4.76
MRK,2023-08-01 06:00:00-04:00,2023-08-01,bmo,-2.18,-2.06,5.41
MRK,2023-10-26 06:00:00-04:00,2023-10-26,bmo,1.95,2.13,9.51
MRK,2024-02-01 06:00:00-05:00,2024-02-01,bmo,-0.11,0.03,127.48
MRK,2024-04-25 06:00:00-04:00,2024-04-25,bmo,1.92,2.07,7.74
MRK,2024-07-30 06:00:00-04:00,2024-07-30,bmo,2.14,2.28,6.31
MRK,2024-10-31 06:00:00-04:00,2024-10-31,bmo,1.57,1.57,0.03
MRK,2025-02-04 06:00:00-05:00,2025-02-04,bmo,1.67,1.72,3.3
MRK,2025-04-24 06:00:00-04:00,2025-04-24,bmo,2.14,2.22,3.98
MRK,2025-07-29 06:00:00-04:00,2025-07-29,bmo,2.03,2.13,5.04
MRK,2025-10-30 06:00:00-04:00,2025-10-30,bmo,2.35,2.58,9.85
NEM,2021-02-18 07:00:00-05:00,2021-02-18,bmo,0.94,1.06,12.37
NEM,2021-04-29 07:00:00-04:00,2021-04-29,bmo,0.78,0.74,-5.59
NEM,2021-07-22 07:00:00-04:00,2021-07-22,bmo,0.77,0.83,7.82
NEM,2021-10-28 07:00:00-04:00,2021-10-28,bmo,0.73,0.6,-17.37
NEM,2022-02-24 07:00:00-05:00,2022-02-24,bmo,0.77,0.78,1.82
NEM,2022-04-22 07:00:00-04:00,2022-04-22,bmo,0.72,0.69,-4.5
NEM,2022-07-25 07:00:00-04:00,2022-07-25,bmo,0.61,0.46,-24.34
NEM,2022-11-01 07:00:00-04:00,2022-11-01,bmo,0.34,0.27,-19.68
NEM,2023-02-23 07:00:00-05:00,2023-02-23,bmo,0.45,0.44,-1.68
NEM,2023-04-27 07:00:00-04:00,2023-04-27,bmo,0.32,0.4,24.9
NEM,2023-07-20 07:00:00-04:00,2023-07-20,bmo,0.45,0.33,-26.93
NEM,2023-10-26 07:00:00-04:00,2023-10-26,bmo,0.4,0.36,-10.88
NEM,2024-02-22 07:00:00-05:00,2024-02-22,bmo,0.44,0.5,13.5
NEM,2024-04-25 07:00:00-04:00,2024-04-25,bmo,0.37,0.55,50.63
NEM,2024-07-24 16:00:00-04:00,2024-07-24,amc,0.61,0.72,17.82
NEM,2024-10-23 16:00:00-04:00,2024-10-23,amc,0.86,0.81,-5.32
NEM,2025-02-20 16:00:00-05:00,2025-02-20,amc,1.03,1.4,35.75
NEM,2025-04-23 16:00:00-04:00,2025-04-23,amc,0.91,1.25,37.08
NEM,2025-07-24 16:00:00-04:00,2025-07-24,amc,1.16,1.43,22.9
NEM,2025-10-23 16:00:00-04:00,2025-10-23,amc,1.44,1.71,18.84
PAYX,2021-04-06 08:00:00-04:00,2021-04-06,bmo,0.92,0.96,4.08
PAYX,2021-06-25 08:00:00-04:00,2021-06-25,bmo,0.67,0.72,7.65
PAYX,2021-09-30 08:00:00-04:00,2021-09-30,bmo,0.8,0.89,10.86
PAYX,2021-12-22 08:00:00-05:00,2021-12-22,bmo,0.8,0.91,14.11
PAYX,2022-03-30 08:00:00-04:00,2022-03-30,bmo,1.05,1.15,9.83
PAYX,2022-06-29 08:00:00-04:00,2022-06-29,bmo,0.79,0.81,2.06
PAYX,2022-09-28 08:00:00-04:00,2022-09-28,bmo,0.97,1.03,6.11
PAYX,2022-12-22 08:00:00-05:00,2022-12-22,bmo,0.96,0.99,3.01
PAYX,2023-03-29 08:00:00-04:00,2023-03-29,bmo,1.24,1.29,4.0
PAYX,2023-06-29 08:00:00-04:00,2023-06-29,bmo,0.97,0.97,0.08
PAYX,2023-09-27 08:00:00-04:00,2023-09-27,bmo,1.12,1.14,1.74
PAYX,2023-12-21 08:00:00-05:00,2023-12-21,bmo,1.07,1.08,0.59
PAYX,2024-04-02 08:00:00-04:00,2024-04-02,bmo,1.37,1.38,0.91
PAYX,2024-06-26 08:00:00-04:00,2024-06-26,bmo,1.1,1.12,1.83
PAYX,2024-10-01 08:00:00-04:00,2024-10-01,bmo,1.14,1.16,1.97
PAYX,2024-12-19 08:00:00-05:00,2024-12-19,bmo,1.12,1.14,1.51
PAYX,2025-03-26 08:00:00-04:00,2025-03-26,bmo,1.48,1.49,0.7
PAYX,2025-06-25 08:00:00-04:00,2025-06-25,bmo,1.2,1.19,-0.66
PAYX,2025-09-30 08:00:00-04:00,2025-09-30,bmo,1.2,1.22,1.42
TSLA,2022-01-26 16:00:00-05:00,2022-01-26,amc,0.79,0.85,6.88
TSLA,2022-04-20 16:00:00-04:00,2022-04-20,amc,0.75,1.07,42.31
TSLA,2022-07-20 17:00:00-04:00,2022-07-20,amc,0.6,0.76,26.89
TSLA,2022-10-19 17:00:00-04:00,2022-10-19,amc,1.0,1.05,5.23
TSLA,2023-01-25 16:00:00-05:00,2023-01-25,amc,1.11,1.19,7.2
TSLA,2023-04-19 16:00:00-04:00,2023-04-19,amc,0.85,0.85,-0.43
TSLA,2023-07-19 16:00:00-04:00,2023-07-19,amc,0.82,0.91,11.12
TSLA,2023-10-18 16:00:00-04:00,2023-10-18,amc,0.73,0.66,-9.81
TSLA,2024-01-24 16:00:00-05:00,2024-01-24,amc,0.74,0.71,-4.1
TSLA,2024-04-23 16:00:00-04:00,2024-04-23,amc,0.49,0.45,-8.14
TSLA,2024-07-23 20:00:00-04:00,2024-07-23,amc,0.62,0.52,-16.15
TSLA,2024-10-23 16:00:00-04:00,2024-10-23,amc,0.6,0.72,20.49
TSLA,2025-01-29 16:00:00-05:00,2025-01-29,amc,0.77,0.73,-4.83
TSLA,2025-04-22 16:00:00-04:00,2025-04-22,amc,0.41,0.27,-34.89
TSLA,2025-07-23 16:00:00-04:00,2025-07-23,amc,0.4,0.4,-0.97
TSLA,2025-10-22 16:00:00-04:00,2025-10-22,amc,0.56,0.5,-10.53
NTRS,2022-01-20 07:00:00-05:00,2022-01-20,bmo,1.81,1.91,5.59
NTRS,2022-04-26 07:00:00-04:00,2022-04-26,bmo,1.64,1.77,7.94
NTRS,2022-07-20 07:00:00-04:00,2022-07-20,bmo,1.93,1.86,-3.41
NTRS,2022-10-19 07:00:00-04:00,2022-10-19,bmo,1.85,1.8,-2.5
NTRS,2023-01-19 07:00:00-05:00,2023-01-19,bmo,1.79,0.71,-60.38
NTRS,2023-04-25 07:00:00-04:00,2023-04-25,bmo,1.51,1.51,0.13
NTRS,2023-07-19 07:00:00-04:00,2023-07-19,bmo,1.61,1.56,-3.17
NTRS,2023-10-18 07:00:00-04:00,2023-10-18,bmo,1.49,1.49,-0.16
NTRS,2024-01-18 06:00:00-05:00,2024-01-18,bmo,0.91,0.52,-42.86
NTRS,2024-04-16 07:00:00-04:00,2024-04-16,bmo,1.06,0.96,-9.82
NTRS,2024-07-17 07:00:00-04:00,2024-07-17,bmo,1.73,4.34,150.96
NTRS,2024-10-23 07:00:00-04:00,2024-10-23,bmo,1.93,2.22,15.08
NTRS,2025-01-23 07:00:00-05:00,2025-01-23,bmo,2.0,2.26,12.77
NTRS,2025-04-22 07:00:00-04:00,2025-04-22,bmo,1.84,1.9,3.12
NTRS,2025-07-23 07:00:00-04:00,2025-07-23,bmo,2.04,2.13,4.25
NTRS,2025-10-22 07:00:00-04:00,2025-10-22,bmo,2.24,2.29,2.16
C,2021-01-15 07:00:00-05:00,2021-01-15,bmo,1.36,2.08,53.12
C,2021-04-15 08:00:00-04:00,2021-04-15,bmo,2.59,3.62,39.57
C,2021-07-14 08:00:00-04:00,2021-07-14,bmo,1.96,2.85,45.05
C,2021-10-14 09:00:00-04:00,2021-10-14,bmo,1.76,2.15,21.86
C,2022-01-14 08:00:00-05:00,2022-01-14,bmo,1.44,1.46,1.61
C,2022-04-14 08:00:00-04:00,2022-04-14,bmo,1.46,2.02,38.62
C,2022-07-15 08:00:00-04:00,2022-07-15,bmo,1.68,2.19,30.16
C,2022-10-14 08:00:00-04:00,2022-10-14,bmo,1.43,1.63,13.89
C,2023-01-13 08:00:00-05:00,2023-01-13,bmo,1.2,1.16,-3.26
C,2023-04-14 09:00:00-04:00,2023-04-14,bmo,1.68,2.19,30.09
C,2023-07-14 09:00:00-04:00,2023-07-14,bmo,1.33,1.33,0.28
C,2023-10-12 20:00:00-04:00,2023-10-12,amc,1.25,1.63,30.06
C,2024-01-12 10:00:00-05:00,2024-01-12,bmo,0.6,-1.16,-293.33
C,2024-04-12 10:00:00-04:00,2024-04-12,bmo,1.17,1.58,35.47
C,2024-07-12 08:00:00-04:00,2024-07-12,bmo,1.41,1.52,8.11
C,2024-10-15 08:00:00-04:00,2024-10-15,bmo,1.31,1.51,15.16
C,2025-01-15 08:00:00-05:00,2025-01-15,bmo,1.22,1.34,9.44
C,2025-04-15 08:00:00-04:00,2025-04-15,bmo,1.85,1.96,6.18
C,2025-07-15 08:00:00-04:00,2025-07-15,bmo,1.61,1.96,21.7
C,2025-10-14 08:00:00-04:00,2025-10-14,bmo,1.72,1.86,8.0
KO,2022-02-10 06:00:00-05:00,2022-02-10,bmo,0.41,0.45,9.35
KO,2022-04-25 06:00:00-04:00,2022-04-25,bmo,0.58,0.64,10.44
KO,2022-07-26 07:00:00-04:00,2022-07-26,bmo,0.67,0.7,4.69
KO,2022-10-25 06:00:00-04:00,2022-10-25,bmo,0.64,0.69,8.32
KO,2023-02-14 06:00:00-05:00,2023-02-14,bmo,0.45,0.45,0.18
KO,2023-04-24 06:00:00-04:00,2023-04-24,bmo,0.65,0.68,5.4
KO,2023-07-26 06:00:00-04:00,2023-07-26,bmo,0.72,0.78,8.14
KO,2023-10-24 06:00:00-04:00,2023-10-24,bmo,0.69,0.74,6.49
KO,2024-02-13 06:00:00-05:00,2024-02-13,bmo,0.49,0.49,0.33
KO,2024-04-30 06:00:00-04:00,2024-04-30,bmo,0.7,0.72,3.4
KO,2024-07-23 06:00:00-04:00,2024-07-23,bmo,0.81,0.84,4.26
KO,2024-10-23 06:00:00-04:00,2024-10-23,bmo,0.75,0.77,3.18
KO,2025-02-11 06:00:00-05:00,2025-02-11,bmo,0.52,0.55,6.38
KO,2025-04-29 06:00:00-04:00,2025-04-29,bmo,0.72,0.73,1.95
KO,2025-07-22 07:00:00-04:00,2025-07-22,bmo,0.84,0.87,3.93
KO,2025-10-21 06:00:00-04:00,2025-10-21,bmo,0.78,0.82,5.32
CCL,2022-03-22 09:00:00-04:00,2022-03-22,bmo,-1.25,-1.66,-32.48
CCL,2022-06-24 09:00:00-04:00,2022-06-24,bmo,-1.14,-1.64,-43.13
CCL,2022-09-30 09:00:00-04:00,2022-09-30,bmo,-0.14,-0.58,-307.09
CCL,2022-12-21 09:00:00-05:00,2022-12-21,bmo,-0.89,-0.85,3.96
CCL,2023-03-27 09:00:00-04:00,2023-03-27,bmo,-0.6,-0.55,8.83
CCL,2023-06-26 09:00:00-04:00,2023-06-26,bmo,-0.34,-0.31,8.14
CCL,2023-09-29 09:00:00-04:00,2023-09-29,bmo,0.74,0.86,16.06
CCL,2023-12-21 09:00:00-05:00,2023-12-21,bmo,-0.13,-0.07,44.27
CCL,2024-03-27 09:00:00-04:00,2024-03-27,bmo,-0.18,-0.14,22.13
CCL,2024-06-25 09:00:00-04:00,2024-06-25,bmo,-0.02,0.11,692.67
CCL,2024-09-30 09:00:00-04:00,2024-09-30,bmo,1.15,1.27,10.0
CCL,2024-12-20 09:00:00-05:00,2024-12-20,bmo,0.07,0.14,93.99
CCL,2025-03-21 09:00:00-04:00,2025-03-21,bmo,0.02,0.13,485.06
CCL,2025-06-24 09:00:00-04:00,2025-06-24,bmo,0.25,0.42,71.16
CCL,2025-09-29 09:00:00-04:00,2025-09-29,bmo,1.31,1.33,1.73
AIG,2022-02-16 16:00:00-05:00,2022-02-16,amc,1.18,1.58,33.44
AIG,2022-05-03 16:00:00-04:00,2022-05-03,amc,1.17,1.3,11.23
AIG,2022-08-08 16:00:00-04:00,2022-08-08,amc,1.14,1.19,3.94
AIG,2022-11-01 16:00:00-04:00,2022-11-01,amc,0.52,0.66,26.76
AIG,2023-02-15 16:00:00-05:00,2023-02-15,amc,1.28,1.36,6.28
AIG,2023-05-04 16:00:00-04:00,2023-05-04,amc,1.42,1.63,14.47
AIG,2023-08-01 16:00:00-04:00,2023-08-01,amc,1.58,1.75,10.85
AIG,2023-11-01 17:00:00-04:00,2023-11-01,amc,1.48,1.61,8.66
AIG,2024-02-13 16:00:00-05:00,2024-02-13,amc,1.64,1.79,9.19
AIG,2024-05-01 16:00:00-04:00,2024-05-01,amc,1.66,1.77,6.68
AIG,2024-07-31 16:00:00-04:00,2024-07-31,amc,1.3,1.16,-10.88
AIG,2024-11-04 16:00:00-05:00,2024-11-04,amc,1.1,1.23,12.15
AIG,2025-02-11 16:00:00-05:00,2025-02-11,amc,1.23,1.3,5.97
AIG,2025-05-01 16:00:00-04:00,2025-05-01,amc,0.99,1.17,17.65
AIG,2025-08-06 16:00:00-04:00,2025-08-06,amc,1.6,1.81,13.25
AIG,2025-11-04 16:00:00-05:00,2025-11-04,amc,1.71,2.2,28.5
NSC,2022-01-26 08:00:00-05:00,2022-01-26,bmo,3.04,3.12,2.58
NSC,2022-04-27 08:00:00-04:00,2022-04-27,bmo,2.92,2.93,0.38
NSC,2022-07-27 08:00:00-04:00,2022-07-27,bmo,3.47,3.45,-0.52
NSC,2022-10-26 08:00:00-04:00,2022-10-26,bmo,3.6,3.75,4.18
NSC,2023-01-25 08:00:00-05:00,2023-01-25,bmo,3.44,3.42,-0.67
NSC,2023-04-26 08:00:00-04:00,2023-04-26,bmo,3.15,3.32,5.55
NSC,2023-07-27 08:00:00-04:00,2023-07-27,bmo,3.11,2.95,-5.2
NSC,2023-10-25 08:00:00-04:00,2023-10-25,bmo,2.7,2.65,-1.74
NSC,2024-01-26 08:00:00-05:00,2024-01-26,bmo,2.87,2.83,-1.36
NSC,2024-04-24 08:00:00-04:00,2024-04-24,bmo,2.53,3.29,29.79
NSC,2024-07-25 16:00:00-04:00,2024-07-25,amc,2.86,3.06,6.97
NSC,2024-10-22 08:00:00-04:00,2024-10-22,bmo,3.11,3.25,4.53
NSC,2025-01-29 08:00:00-05:00,2025-01-29,bmo,2.98,3.23,8.42
NSC,2025-04-23 08:00:00-04:00,2025-04-23,bmo,2.68,2.69,0.53
NSC,2025-07-29 08:00:00-04:00,2025-07-29,bmo,3.31,3.29,-0.48
NSC,2025-10-23 16:00:00-04:00,2025-10-23,amc,3.2,3.3,3.04
AON,2021-02-05 06:00:00-05:00,2021-02-05,bmo,2.46,2.62,6.64
AON,2021-04-30 06:00:00-04:00,2021-04-30,bmo,4.05,4.28,5.62
AON,2021-07-30 06:00:00-04:00,2021-07-30,bmo,1.85,2.29,24.06
AON,2021-10-29 06:00:00-04:00,2021-10-29,bmo,1.7,1.74,2.27
AON,2022-02-04 06:00:00-05:00,2022-02-04,bmo,3.34,3.71,10.95
AON,2022-04-29 06:00:00-04:00,2022-04-29,bmo,4.81,4.83,0.39
AON,2022-07-29 06:00:00-04:00,2022-07-29,bmo,2.55,2.63,3.12
AON,2022-10-28 06:00:00-04:00,2022-10-28,bmo,1.99,2.02,1.29
AON,2023-02-03 06:00:00-05:00,2023-02-03,bmo,3.66,3.89,6.35
AON,2023-04-28 06:00:00-04:00,2023-04-28,bmo,5.32,5.17,-2.8
AON,2023-07-28 06:00:00-04:00,2023-07-28,bmo,2.84,2.76,-2.65
AON,2023-10-27 06:00:00-04:00,2023-10-27,bmo,2.21,2.32,4.95
AON,2024-02-02 06:00:00-05:00,2024-02-02,bmo,4.06,3.89,-4.29
AON,2024-04-26 02:00:00-04:00,2024-04-26,bmo,5.92,5.66,-4.4
AON,2024-07-26 06:00:00-04:00,2024-07-26,bmo,3.08,2.93,-4.94
AON,2024-10-25 06:00:00-04:00,2024-10-25,bmo,1.42,1.57,10.44
AON,2025-01-31 06:00:00-05:00,2025-01-31,bmo,4.25,4.42,3.95
AON,2025-04-25 06:00:00-04:00,2025-04-25,bmo,6.04,5.67,-6.1
AON,2025-07-25 06:00:00-04:00,2025-07-25,bmo,2.37,2.66,12.08
AON,2025-10-31 06:00:00-04:00,2025-10-31,bmo,1.85,2.11,14.08
SCHW,2021-01-19 08:00:00-05:00,2021-01-19,bmo,0.7,0.74,5.41
SCHW,2021-04-15 08:00:00-04:00,2021-04-15,bmo,0.82,0.84,2.0
SCHW,2021-07-16 08:00:00-04:00,2021-07-16,bmo,0.72,0.7,-2.3
SCHW,2021-10-15 08:00:00-04:00,2021-10-15,bmo,0.81,0.84,3.4
SCHW,2022-01-18 08:00:00-05:00,2022-01-18,bmo,0.88,0.86,-2.56
SCHW,2022-04-18 08:00:00-04:00,2022-04-18,bmo,0.84,0.77,-8.35
SCHW,2022-07-18 08:00:00-04:00,2022-07-18,bmo,0.91,0.97,6.9
SCHW,2022-10-17 08:00:00-04:00,2022-10-17,bmo,1.05,1.1,4.34
SCHW,2023-01-18 08:00:00-05:00,2023-01-18,bmo,1.09,1.07,-1.68
SCHW,2023-04-17 16:00:00-04:00,2023-04-17,amc,0.9,0.93,3.34
SCHW,2023-07-18 07:00:00-04:00,2023-07-18,bmo,0.71,0.75,5.69
SCHW,2023-10-16 08:00:00-04:00,2023-10-16,bmo,0.74,0.77,3.86
SCHW,2024-01-17 07:00:00-05:00,2024-01-17,bmo,0.64,0.68,6.37
SCHW,2024-04-15 08:00:00-04:00,2024-04-15,bmo,0.73,0.74,0.73
SCHW,2024-07-16 07:00:00-04:00,2024-07-16,bmo,0.72,0.73,1.14
SCHW,2024-10-15 07:00:00-04:00,2024-10-15,bmo,0.75,0.77,2.61
SCHW,2025-01-21 16:00:00-05:00,2025-01-21,amc,0.91,1.01,10.46
SCHW,2025-04-17 07:00:00-04:00,2025-04-17,bmo,1.01,1.04,3.17
SCHW,2025-07-18 07:00:00-04:00,2025-07-18,bmo,1.1,1.14,3.81
SCHW,2025-10-16 07:00:00-04:00,2025-10-16,bmo,1.25,1.31,5.21
OXY,2021-02-22 16:00:00-05:00,2021-02-22,amc,-0.58,-0.78,-33.63
OXY,2021-05-10 12:00:00-04:00,2021-05-10,amc,-0.33,-0.15,55.18
OXY,2021-08-03 16:00:00-04:00,2021-08-03,amc,0.01,0.32,2306.02
OXY,2021-11-04 16:00:00-04:00,2021-11-04,amc,0.66,0.87,32.39
OXY,2022-02-24 16:00:00-05:00,2022-02-24,amc,1.1,1.48,35.13
OXY,2022-05-10 16:00:00-04:00,2022-05-10,amc,2.03,2.12,4.41
OXY,2022-08-02 16:00:00-04:00,2022-08-02,amc,3.02,3.16,4.56
OXY,2022-11-08 16:00:00-05:00,2022-11-08,amc,2.47,2.44,-1.23
OXY,2023-02-27 16:00:00-05:00,2023-02-27,amc,1.83,1.61,-11.88
OXY,2023-05-09 16:00:00-04:00,2023-05-09,amc,1.27,1.09,-14.39
OXY,2023-08-02 16:00:00-04:00,2023-08-02,amc,0.76,0.68,-10.96
OXY,2023-11-07 16:00:00-05:00,2023-11-07,amc,0.86,1.18,36.6
OXY,2024-02-14 16:00:00-05:00,2024-02-14,amc,0.69,0.74,7.45
OXY,2024-05-07 16:00:00-04:00,2024-05-07,amc,0.57,0.63,11.08
OXY,2024-08-07 16:00:00-04:00,2024-08-07,amc,0.77,1.03,33.21
OXY,2024-11-12 16:00:00-05:00,2024-11-12,amc,0.75,1.0,33.24
OXY,2025-02-18 16:00:00-05:00,2025-02-18,amc,0.67,0.8,19.42
OXY,2025-05-07 16:00:00-04:00,2025-05-07,amc,0.76,0.87,14.0
OXY,2025-08-06 16:00:00-04:00,2025-08-06,amc,0.31,0.39,24.79
OXY,2025-11-10 16:00:00-05:00,2025-11-10,amc,0.5,0.64,26.82
HBAN,2022-01-21 07:00:00-05:00,2022-01-21,bmo,0.31,0.26,-16.19
HBAN,2022-04-21 07:00:00-04:00,2022-04-21,bmo,0.29,0.29,0.43
HBAN,2022-07-21 07:00:00-04:00,2022-07-21,bmo,0.33,0.35,4.57
HBAN,2022-10-21 07:00:00-04:00,2022-10-21,bmo,0.38,0.39,2.2
HBAN,2023-01-20 07:00:00-05:00,2023-01-20,bmo,0.41,0.42,3.56
HBAN,2023-04-20 07:00:00-04:00,2023-04-20,bmo,0.37,0.39,5.9
HBAN,2023-07-21 07:00:00-04:00,2023-07-21,bmo,0.34,0.35,4.21
HBAN,2023-10-20 07:00:00-04:00,2023-10-20,bmo,0.32,0.35,10.69
HBAN,2024-01-19 06:00:00-05:00,2024-01-19,bmo,0.17,0.15,-9.89
HBAN,2024-04-19 06:00:00-04:00,2024-04-19,bmo,0.24,0.26,8.02
HBAN,2024-07-19 06:00:00-04:00,2024-07-19,bmo,0.28,0.3,6.57
HBAN,2024-10-17 07:00:00-04:00,2024-10-17,bmo,0.3,0.33,10.36
HBAN,2025-01-17 07:00:00-05:00,2025-01-17,bmo,0.31,0.34,10.06
HBAN,2025-04-17 07:00:00-04:00,2025-04-17,bmo,0.31,0.34,8.48
HBAN,2025-07-18 07:00:00-04:00,2025-07-18,bmo,0.33,0.34,1.7
HBAN,2025-10-17 07:00:00-04:00,2025-10-17,bmo,0.38,0.41,9.05
HON,2022-02-03 06:00:00-05:00,2022-02-03,bmo,2.08,2.09,0.52
HON,2022-04-29 06:00:00-04:00,2022-04-29,bmo,1.86,1.91,2.58
HON,2022-07-28 06:00:00-04:00,2022-07-28,bmo,2.03,2.1,3.6
HON,2022-10-27 06:00:00-04:00,2022-10-27,bmo,2.15,2.25,4.61
HON,2023-02-02 06:00:00-05:00,2023-02-02,bmo,2.51,2.52,0.45
HON,2023-04-27 06:00:00-04:00,2023-04-27,bmo,1.93,2.07,7.43
HON,2023-07-27 06:00:00-04:00,2023-07-27,bmo,2.21,2.23,0.79
HON,2023-10-26 06:00:00-04:00,2023-10-26,bmo,2.23,2.27,1.87
HON,2024-02-01 06:00:00-05:00,2024-02-01,bmo,2.59,2.6,0.33
HON,2024-04-25 06:00:00-04:00,2024-04-25,bmo,2.18,2.25,3.32
HON,2024-07-25 06:00:00-04:00,2024-07-25,bmo,2.42,2.49,3.1
HON,2024-10-24 06:00:00-04:00,2024-10-24,bmo,2.5,2.58,3.08
HON,2025-02-06 06:00:00-05:00,2025-02-06,bmo,2.35,2.47,5.28
HON,2025-04-29 06:00:00-04:00,2025-04-29,bmo,2.21,2.51,13.64
HON,2025-07-24 06:00:00-04:00,2025-07-24,bmo,2.66,2.75,3.43
HON,2025-10-23 06:00:00-04:00,2025-10-23,bmo,2.57,2.82,9.87
IVZ,2022-01-25 06:00:00-05:00,2022-01-25,bmo,0.76,0.86,12.95
IVZ,2022-04-26 06:00:00-04:00,2022-04-26,bmo,0.62,0.56,-10.04
IVZ,2022-07-27 06:00:00-04:00,2022-07-27,bmo,0.5,0.39,-22.26
IVZ,2022-10-25 06:00:00-04:00,2022-10-25,bmo,0.41,0.34,-17.31
IVZ,2023-01-24 06:00:00-05:00,2023-01-24,bmo,0.36,0.39,7.27
IVZ,2023-04-25 06:00:00-04:00,2023-04-25,bmo,0.36,0.38,4.88
IVZ,2023-07-25 06:00:00-04:00,2023-07-25,bmo,0.4,0.31,-21.61
IVZ,2023-10-24 06:00:00-04:00,2023-10-24,bmo,0.35,0.35,-1.07
IVZ,2024-01-23 07:00:00-05:00,2024-01-23,bmo,0.4,0.47,18.69
IVZ,2024-04-23 06:00:00-04:00,2024-04-23,bmo,0.4,0.33,-17.45
IVZ,2024-07-23 06:00:00-04:00,2024-07-23,bmo,0.4,0.43,8.09
IVZ,2024-10-22 06:00:00-04:00,2024-10-22,bmo,0.43,0.44,1.76
IVZ,2025-01-28 06:00:00-05:00,2025-01-28,bmo,0.47,0.52,9.63
IVZ,2025-04-22 06:00:00-04:00,2025-04-22,bmo,0.39,0.44,13.91
IVZ,2025-07-22 06:00:00-04:00,2025-07-22,bmo,0.4,0.36,-10.7
IVZ,2025-10-28 06:00:00-04:00,2025-10-28,bmo,0.44,0.61,37.73
TOL,2022-02-22 16:00:00-05:00,2022-02-22,amc,1.15,1.24,7.93
TOL,2022-05-24 16:00:00-04:00,2022-05-24,amc,1.62,1.85,14.35
TOL,2022-08-23 16:00:00-04:00,2022-08-23,amc,2.29,2.35,2.44
TOL,2022-12-06 16:00:00-05:00,2022-12-06,amc,3.94,5.63,43.06
TOL,2023-02-21 16:00:00-05:00,2023-02-21,amc,1.39,1.7,22.68
TOL,2023-05-23 16:00:00-04:00,2023-05-23,amc,1.92,2.93,52.84
TOL,2023-08-22 16:00:00-04:00,2023-08-22,amc,2.87,3.76,30.72
TOL,2023-12-05 16:00:00-05:00,2023-12-05,amc,3.72,4.11,10.49
TOL,2024-02-20 16:00:00-05:00,2024-02-20,amc,1.77,2.25,27.06
TOL,2024-05-21 16:00:00-04:00,2024-05-21,amc,4.15,4.75,14.48
TOL,2024-08-20 16:00:00-04:00,2024-08-20,amc,3.31,3.64,9.94
TOL,2024-12-09 16:00:00-05:00,2024-12-09,amc,4.35,4.63,6.54
TOL,2025-02-18 16:00:00-05:00,2025-02-18,amc,2.05,1.75,-14.79
TOL,2025-05-20 16:00:00-04:00,2025-05-20,amc,2.86,3.5,22.36
TOL,2025-08-19 16:00:00-04:00,2025-08-19,amc,3.6,3.73,3.75
MRO,2021-02-22 16:00:00-05:00,2021-02-22,amc,-0.2,-0.12,40.62
MRO,2021-05-05 16:00:00-04:00,2021-05-05,amc,0.12,0.21,68.08
MRO,2021-08-04 16:00:00-04:00,2021-08-04,amc,0.18,0.22,23.36
MRO,2021-11-03 16:00:00-04:00,2021-11-03,amc,0.31,0.39,26.36
MRO,2022-02-16 16:00:00-05:00,2022-02-16,amc,0.56,0.77,38.34
MRO,2022-05-04 16:00:00-04:00,2022-05-04,amc,0.97,1.02,5.36
MRO,2022-08-03 16:00:00-04:00,2022-08-03,amc,1.28,1.32,3.36
MRO,2022-11-02 16:00:00-04:00,2022-11-02,amc,1.18,1.24,5.5
MRO,2023-02-15 16:00:00-05:00,2023-02-15,amc,0.85,0.88,3.3
MRO,2023-05-03 16:00:00-04:00,2023-05-03,amc,0.58,0.67,16.09
MRO,2023-08-02 16:00:00-04:00,2023-08-02,amc,0.47,0.48,2.98
MRO,2023-11-01 16:00:00-04:00,2023-11-01,amc,0.69,0.77,12.22
MRO,2024-02-21 16:00:00-05:00,2024-02-21,amc,0.66,0.69,5.18
MRO,2024-05-01 16:00:00-04:00,2024-05-01,amc,0.54,0.55,0.96
MRO,2024-08-07 16:00:00-04:00,2024-08-07,amc,0.7,0.63,-9.56
MRO,2024-11-06 16:00:00-05:00,2024-11-06,amc,0.64,0.64,0.77
ALLE,2021-02-16 05:00:00-05:00,2021-02-16,bmo,1.19,1.49,25.25
ALLE,2021-04-22 05:00:00-04:00,2021-04-22,bmo,1.03,1.2,16.92
ALLE,2021-07-22 05:00:00-04:00,2021-07-22,bmo,1.3,1.32,1.34
ALLE,2021-10-21 05:00:00-04:00,2021-10-21,bmo,1.27,1.56,23.2
ALLE,2022-02-15 05:00:00-05:00,2022-02-15,bmo,1.01,1.11,9.96
ALLE,2022-04-26 05:00:00-04:00,2022-04-26,bmo,0.98,1.07,9.04
ALLE,2022-07-28 05:00:00-04:00,2022-07-28,bmo,1.33,1.37,2.71
ALLE,2022-10-27 05:00:00-04:00,2022-10-27,bmo,1.48,1.64,11.1
ALLE,2023-02-22 05:00:00-05:00,2023-02-22,bmo,1.38,1.6,16.28
ALLE,2023-04-26 05:00:00-04:00,2023-04-26,bmo,1.36,1.58,16.6
ALLE,2023-07-26 05:00:00-04:00,2023-07-26,bmo,1.72,1.76,2.6
ALLE,2023-10-31 05:00:00-04:00,2023-10-31,bmo,1.74,1.94,11.36
ALLE,2024-02-20 05:00:00-05:00,2024-02-20,bmo,1.58,1.68,6.09
ALLE,2024-04-25 05:00:00-04:00,2024-04-25,bmo,1.45,1.55,7.21
ALLE,2024-07-24 05:00:00-04:00,2024-07-24,bmo,1.84,1.96,6.3
ALLE,2024-10-24 05:00:00-04:00,2024-10-24,bmo,1.98,2.16,9.03
ALLE,2025-02-18 06:00:00-05:00,2025-02-18,bmo,1.75,1.86,6.27
ALLE,2025-04-24 06:00:00-04:00,2025-04-24,bmo,1.67,1.86,11.19
ALLE,2025-07-24 06:00:00-04:00,2025-07-24,bmo,1.99,2.04,2.67
ALLE,2025-10-23 06:00:00-04:00,2025-10-23,bmo,2.24,2.3,2.54
INTU,2021-02-23 16:00:00-05:00,2021-02-23,amc,0.76,0.68,-10.15
INTU,2021-05-25 16:00:00-04:00,2021-05-25,amc,6.22,6.07,-2.39
INTU,2021-08-24 16:00:00-04:00,2021-08-24,amc,1.59,1.97,24.03
INTU,2021-11-18 16:00:00-05:00,2021-11-18,amc,0.97,1.53,57.31
INTU,2022-02-24 16:00:00-05:00,2022-02-24,amc,1.82,1.55,-14.98
INTU,2022-05-24 16:00:00-04:00,2022-05-24,amc,7.57,7.65,0.99
INTU,2022-08-23 16:00:00-04:00,2022-08-23,amc,0.98,1.1,12.4
INTU,2022-11-29 16:00:00-05:00,2022-11-29,amc,1.2,1.66,38.61
INTU,2023-02-23 16:00:00-05:00,2023-02-23,amc,1.44,2.2,52.64
INTU,2023-05-23 16:00:00-04:00,2023-05-23,amc,8.5,8.92,5.0
INTU,2023-08-23 21:00:00-04:00,2023-08-23,amc,1.44,1.65,14.91
INTU,2023-11-28 16:00:00-05:00,2023-11-28,amc,1.98,2.47,24.83
INTU,2024-02-22 16:00:00-05:00,2024-02-22,amc,2.31,2.63,13.95
INTU,2024-05-23 16:00:00-04:00,2024-05-23,amc,9.38,9.88,5.29
INTU,2024-08-22 16:00:00-04:00,2024-08-22,amc,1.85,1.99,7.41
INTU,2024-11-21 16:00:00-05:00,2024-11-21,amc,2.36,2.5,6.02
INTU,2025-02-25 16:00:00-05:00,2025-02-25,amc,2.58,3.32,28.93
INTU,2025-05-22 16:00:00-04:00,2025-05-22,amc,10.91,11.65,6.77
INTU,2025-08-21 16:00:00-04:00,2025-08-21,amc,2.66,2.75,3.4
POOL,2022-02-17 07:00:00-05:00,2022-02-17,bmo,1.92,2.28,18.65
POOL,2022-04-21 07:00:00-04:00,2022-04-21,bmo,3.09,4.23,36.7
POOL,2022-07-21 07:00:00-04:00,2022-07-21,bmo,7.39,7.59,2.66
POOL,2022-10-20 07:00:00-04:00,2022-10-20,bmo,4.59,4.76,3.65
POOL,2023-02-16 07:00:00-05:00,2023-02-16,bmo,1.98,1.79,-9.67
POOL,2023-04-20 07:00:00-04:00,2023-04-20,bmo,3.19,2.46,-22.83
POOL,2023-07-20 07:00:00-04:00,2023-07-20,bmo,6.12,5.89,-3.69
POOL,2023-10-19 07:00:00-04:00,2023-10-19,bmo,3.44,3.5,1.84
POOL,2024-02-22 07:00:00-05:00,2024-02-22,bmo,1.27,1.3,2.14
POOL,2024-04-25 07:00:00-04:00,2024-04-25,bmo,1.93,1.85,-4.03
POOL,2024-07-25 07:00:00-04:00,2024-07-25,bmo,4.9,4.98,1.68
POOL,2024-10-24 07:00:00-04:00,2024-10-24,bmo,3.17,3.26,2.76
POOL,2025-02-20 07:00:00-05:00,2025-02-20,bmo,0.89,0.97,8.53
POOL,2025-04-24 07:00:00-04:00,2025-04-24,bmo,1.48,1.42,-4.1
POOL,2025-07-24 07:00:00-04:00,2025-07-24,bmo,5.11,5.17,1.25
POOL,2025-10-23 07:00:00-04:00,2025-10-23,bmo,3.37,3.39,0.66
MPWR,2021-02-04 16:00:00-05:00,2021-02-04,amc,1.24,1.31,5.26
MPWR,2021-05-04 16:00:00-04:00,2021-05-04,amc,1.34,1.46,8.78
MPWR,2021-07-27 16:00:00-04:00,2021-07-27,amc,1.68,1.81,7.44
MPWR,2021-10-28 16:00:00-04:00,2021-10-28,amc,2.0,2.06,3.09
MPWR,2022-02-10 16:00:00-05:00,2022-02-10,amc,1.88,2.12,12.94
MPWR,2022-05-02 16:00:00-04:00,2022-05-02,amc,2.26,2.45,8.58
MPWR,2022-08-01 16:00:00-04:00,2022-08-01,amc,2.94,3.25,10.61
MPWR,2022-10-27 16:00:00-04:00,2022-10-27,amc,3.49,3.53,1.24
MPWR,2023-02-08 16:00:00-05:00,2023-02-08,amc,3.13,3.17,1.13
MPWR,2023-05-04 16:00:00-04:00,2023-05-04,amc,2.99,3.0,0.36
MPWR,2023-07-31 16:00:00-04:00,2023-07-31,amc,2.81,2.82,0.43
MPWR,2023-10-30 16:00:00-04:00,2023-10-30,amc,3.06,3.08,0.67
MPWR,2024-02-07 16:00:00-05:00,2024-02-07,amc,2.85,2.88,0.99
MPWR,2024-05-01 16:00:00-04:00,2024-05-01,amc,2.64,2.81,6.41
MPWR,2024-08-01 16:00:00-04:00,2024-08-01,amc,3.07,3.17,3.34
MPWR,2024-10-30 16:00:00-04:00,2024-10-30,amc,3.97,4.06,2.27
MPWR,2025-02-06 16:00:00-05:00,2025-02-06,amc,3.98,4.09,2.86
MPWR,2025-05-01 16:00:00-04:00,2025-05-01,amc,4.0,4.04,0.89
MPWR,2025-07-31 16:00:00-04:00,2025-07-31,amc,4.12,4.21,2.25
MPWR,2025-10-30 16:00:00-04:00,2025-10-30,amc,4.64,4.73,2.04
SHW,2021-01-28 07:00:00-05:00,2021-01-28,bmo,1.62,1.7,4.81
SHW,2021-04-27 07:00:00-04:00,2021-04-27,bmo,1.65,2.06,24.81
SHW,2021-07-27 07:00:00-04:00,2021-07-27,bmo,2.67,2.65,-0.79
SHW,2021-10-26 07:00:00-04:00,2021-10-26,bmo,2.05,2.09,1.94
SHW,2022-01-27 07:00:00-05:00,2022-01-27,bmo,1.35,1.34,-0.79
SHW,2022-04-26 07:00:00-04:00,2022-04-26,bmo,1.53,1.61,4.92
SHW,2022-07-27 07:00:00-04:00,2022-07-27,bmo,2.74,2.41,-12.02
SHW,2022-10-25 07:00:00-04:00,2022-10-25,bmo,2.57,2.83,10.27
SHW,2023-01-26 07:00:00-05:00,2023-01-26,bmo,1.85,1.89,1.98
SHW,2023-04-25 07:00:00-04:00,2023-04-25,bmo,1.79,2.04,13.97
SHW,2023-07-25 07:00:00-04:00,2023-07-25,bmo,2.69,3.29,22.31
SHW,2023-10-24 07:00:00-04:00,2023-10-24,bmo,2.78,3.2,15.05
SHW,2024-01-25 07:00:00-05:00,2024-01-25,bmo,1.8,1.81,0.59
SHW,2024-04-23 07:00:00-04:00,2024-04-23,bmo,2.22,2.17,-2.18
SHW,2024-07-23 07:00:00-04:00,2024-07-23,bmo,3.49,3.7,6.11
SHW,2024-10-22 07:00:00-04:00,2024-10-22,bmo,3.54,3.37,-4.84
SHW,2025-01-30 07:00:00-05:00,2025-01-30,bmo,2.06,2.09,1.62
SHW,2025-04-29 07:00:00-04:00,2025-04-29,bmo,2.16,2.25,4.13
SHW,2025-07-22 07:00:00-04:00,2025-07-22,bmo,3.81,3.38,-11.19
SHW,2025-10-28 07:00:00-04:00,2025-10-28,bmo,3.44,3.59,4.38
TGT,2022-03-01 06:00:00-05:00,2022-03-01,bmo,2.84,3.19,12.26
TGT,2022-05-18 06:00:00-04:00,2022-05-18,bmo,3.06,2.19,-28.53
TGT,2022-08-17 06:00:00-04:00,2022-08-17,bmo,0.72,0.39,-45.47
TGT,2022-11-16 06:00:00-05:00,2022-11-16,bmo,2.18,1.54,-29.35
TGT,2023-02-28 06:00:00-05:00,2023-02-28,bmo,1.4,1.89,35.06
TGT,2023-05-17 06:00:00-04:00,2023-05-17,bmo,1.79,2.05,14.69
TGT,2023-08-16 06:00:00-04:00,2023-08-16,bmo,1.42,1.8,26.85
TGT,2023-11-15 06:00:00-05:00,2023-11-15,bmo,1.48,2.1,41.91
TGT,2024-03-05 06:00:00-05:00,2024-03-05,bmo,2.41,2.98,23.52
TGT,2024-05-22 06:00:00-04:00,2024-05-22,bmo,2.06,2.03,-1.24
TGT,2024-08-21 06:00:00-04:00,2024-08-21,bmo,2.18,2.57,17.72
TGT,2024-11-20 06:00:00-05:00,2024-11-20,bmo,2.3,1.85,-19.56
TGT,2025-03-04 06:00:00-05:00,2025-03-04,bmo,2.25,2.41,7.05
TGT,2025-05-21 06:00:00-04:00,2025-05-21,bmo,1.65,1.3,-21.27
TGT,2025-08-20 06:00:00-04:00,2025-08-20,bmo,2.03,2.05,0.82
CHD,2021-01-29 06:00:00-05:00,2021-01-29,bmo,0.52,0.53,0.97
CHD,2021-04-29 06:00:00-04:00,2021-04-29,bmo,0.81,0.83,2.91
CHD,2021-07-30 06:00:00-04:00,2021-07-30,bmo,0.7,0.76,8.96
CHD,2021-10-29 06:00:00-04:00,2021-10-29,bmo,0.71,0.8,12.94
CHD,2022-01-28 06:00:00-05:00,2022-01-28,bmo,0.6,0.64,6.43
CHD,2022-04-28 06:00:00-04:00,2022-04-28,bmo,0.77,0.83,7.33
CHD,2022-07-29 06:00:00-04:00,2022-07-29,bmo,0.72,0.76,5.8
CHD,2022-10-28 06:00:00-04:00,2022-10-28,bmo,0.65,0.76,16.33
CHD,2023-02-03 06:00:00-05:00,2023-02-03,bmo,0.6,0.62,3.15
CHD,2023-04-27 06:00:00-04:00,2023-04-27,bmo,0.77,0.85,11.08
CHD,2023-07-28 07:00:00-04:00,2023-07-28,bmo,0.8,0.92,15.41
CHD,2023-11-03 06:00:00-04:00,2023-11-03,bmo,0.69,0.74,7.55
CHD,2024-02-02 06:00:00-05:00,2024-02-02,bmo,0.65,0.65,0.63
CHD,2024-05-02 06:00:00-04:00,2024-05-02,bmo,0.87,0.96,10.07
CHD,2024-08-02 07:00:00-04:00,2024-08-02,bmo,0.84,0.93,10.09
CHD,2024-11-01 06:00:00-04:00,2024-11-01,bmo,0.68,-0.31,-145.89
CHD,2025-01-31 06:00:00-05:00,2025-01-31,bmo,0.77,0.77,0.42
CHD,2025-05-01 07:00:00-04:00,2025-05-01,bmo,0.9,0.91,1.42
CHD,2025-08-01 06:00:00-04:00,2025-08-01,bmo,0.86,0.94,9.51
CHD,2025-10-31 06:00:00-04:00,2025-10-31,bmo,0.74,0.81,9.93
EIX,2021-02-25 16:00:00-05:00,2021-02-25,amc,1.19,1.19,0.29
EIX,2021-04-27 16:00:00-04:00,2021-04-27,amc,0.74,0.79,6.7
EIX,2021-07-29 16:00:00-04:00,2021-07-29,amc,1.02,0.94,-7.88
EIX,2021-11-02 16:00:00-04:00,2021-11-02,amc,1.76,1.69,-3.83
EIX,2022-02-24 16:00:00-05:00,2022-02-24,amc,1.05,1.16,10.41
EIX,2022-05-03 16:00:00-04:00,2022-05-03,amc,0.81,1.07,32.28
EIX,2022-07-28 16:00:00-04:00,2022-07-28,amc,0.91,0.94,3.5
EIX,2022-11-01 16:00:00-04:00,2022-11-01,amc,1.47,1.48,0.53
EIX,2023-02-23 16:00:00-05:00,2023-02-23,amc,1.09,1.15,5.21
EIX,2023-05-02 16:00:00-04:00,2023-05-02,amc,0.98,1.09,11.5
EIX,2023-07-27 16:00:00-04:00,2023-07-27,amc,0.95,1.01,6.61
EIX,2023-11-01 16:00:00-04:00,2023-11-01,amc,1.45,1.38,-5.0
EIX,2024-02-22 16:00:00-05:00,2024-02-22,amc,1.15,1.28,11.25
EIX,2024-04-30 16:00:00-04:00,2024-04-30,amc,1.11,1.14,2.71
EIX,2024-07-25 16:00:00-04:00,2024-07-25,amc,1.07,1.22,14.03
EIX,2024-10-29 16:00:00-04:00,2024-10-29,amc,1.39,1.51,8.93
EIX,2025-02-27 16:00:00-05:00,2025-02-27,amc,1.1,1.05,-4.42
EIX,2025-04-29 16:00:00-04:00,2025-04-29,amc,1.21,1.37,13.27
EIX,2025-07-31 16:00:00-04:00,2025-07-31,amc,0.88,0.97,10.12
EIX,2025-10-28 16:00:00-04:00,2025-10-28,amc,2.18,2.34,7.28
GS,2021-01-19 07:00:00-05:00,2021-01-19,bmo,7.24,12.08,66.82
GS,2021-04-14 07:00:00-04:00,2021-04-14,bmo,10.19,18.6,82.6
GS,2021-07-13 07:00:00-04:00,2021-07-13,bmo,10.2,15.02,47.22
GS,2021-10-15 08:00:00-04:00,2021-10-15,bmo,10.11,14.93,47.6
GS,2022-01-18 07:00:00-05:00,2022-01-18,bmo,11.81,10.81,-8.44
GS,2022-04-14 07:00:00-04:00,2022-04-14,bmo,9.2,10.76,16.92
GS,2022-07-18 07:00:00-04:00,2022-07-18,bmo,6.63,7.73,16.61
GS,2022-10-18 07:00:00-04:00,2022-10-18,bmo,7.68,8.25,7.45
GS,2023-01-17 07:00:00-05:00,2023-01-17,bmo,5.86,3.32,-43.39
GS,2023-04-18 07:00:00-04:00,2023-04-18,bmo,8.07,8.79,8.89
GS,2023-07-19 07:00:00-04:00,2023-07-19,bmo,3.92,3.08,-21.42
GS,2023-10-17 07:00:00-04:00,2023-10-17,bmo,5.51,5.47,-0.74
GS,2024-01-16 07:00:00-05:00,2024-01-16,bmo,3.94,5.48,39.02
GS,2024-04-15 07:00:00-04:00,2024-04-15,bmo,8.7,11.58,33.1
GS,2024-07-15 07:00:00-04:00,2024-07-15,bmo,8.42,8.62,2.36
GS,2024-10-15 07:00:00-04:00,2024-10-15,bmo,6.92,8.4,21.33
GS,2025-01-15 07:00:00-05:00,2025-01-15,bmo,8.29,10.97,32.26
GS,2025-04-14 07:00:00-04:00,2025-04-14,bmo,12.26,14.12,15.16
GS,2025-07-16 07:00:00-04:00,2025-07-16,bmo,9.62,11.24,16.82
GS,2025-10-14 07:00:00-04:00,2025-10-14,bmo,11.09,12.25,10.49
UAL,2022-01-19 16:00:00-05:00,2022-01-19,amc,-2.1,-1.6,23.82
UAL,2022-04-20 16:00:00-04:00,2022-04-20,amc,-4.22,-4.24,-0.5
UAL,2022-07-20 16:00:00-04:00,2022-07-20,amc,1.9,1.43,-24.84
UAL,2022-10-18 16:00:00-04:00,2022-10-18,amc,2.28,2.81,23.1
UAL,2023-01-17 16:00:00-05:00,2023-01-17,amc,2.14,2.46,14.8
UAL,2023-04-18 16:00:00-04:00,2023-04-18,amc,-0.73,-0.63,14.17
UAL,2023-07-19 16:00:00-04:00,2023-07-19,amc,4.06,5.03,23.84
UAL,2023-10-17 16:00:00-04:00,2023-10-17,amc,3.41,3.65,7.06
UAL,2024-01-22 16:00:00-05:00,2024-01-22,amc,1.7,2.0,17.41
UAL,2024-04-16 16:00:00-04:00,2024-04-16,amc,-0.57,-0.15,73.71
UAL,2024-07-17 16:00:00-04:00,2024-07-17,amc,3.93,4.14,5.44
UAL,2024-10-15 16:00:00-04:00,2024-10-15,amc,3.17,3.33,5.05
UAL,2025-01-21 16:00:00-05:00,2025-01-21,amc,3.03,3.26,7.56
UAL,2025-04-15 16:00:00-04:00,2025-04-15,amc,0.74,0.91,23.79
UAL,2025-07-16 16:00:00-04:00,2025-07-16,amc,3.81,3.87,1.47
UAL,2025-10-15 16:00:00-04:00,2025-10-15,amc,2.68,2.78,3.8
BALL,2021-02-04 06:00:00-05:00,2021-02-04,bmo,0.78,0.81,3.22
BALL,2021-05-06 06:00:00-04:00,2021-05-06,bmo,0.67,0.72,6.91
BALL,2021-08-05 06:00:00-04:00,2021-08-05,bmo,0.83,0.86,4.06
BALL,2021-11-04 06:00:00-04:00,2021-11-04,bmo,0.98,0.94,-4.35
BALL,2022-01-27 06:00:00-05:00,2022-01-27,bmo,0.9,0.97,7.88
BALL,2022-05-05 05:00:00-04:00,2022-05-05,bmo,0.83,0.77,-7.4
BALL,2022-08-04 06:00:00-04:00,2022-08-04,bmo,0.9,0.82,-8.85
BALL,2022-11-03 06:00:00-04:00,2022-11-03,bmo,0.8,0.75,-5.9
BALL,2023-02-02 06:00:00-05:00,2023-02-02,bmo,0.55,0.44,-20.0
BALL,2023-05-04 06:00:00-04:00,2023-05-04,bmo,0.51,0.69,36.05
BALL,2023-08-03 06:00:00-04:00,2023-08-03,bmo,0.61,0.61,0.18
BALL,2023-11-02 06:00:00-04:00,2023-11-02,bmo,0.81,0.83,2.78
BALL,2024-02-01 06:00:00-05:00,2024-02-01,bmo,0.75,0.78,3.59
BALL,2024-04-26 11:00:00-04:00,2024-04-26,amc,0.54,0.68,25.66
BALL,2024-08-01 06:00:00-04:00,2024-08-01,bmo,0.7,0.74,5.19
BALL,2024-10-31 06:00:00-04:00,2024-10-31,bmo,0.86,0.91,6.02
BALL,2025-02-04 06:00:00-05:00,2025-02-04,bmo,0.81,0.84,3.72
BALL,2025-05-06 06:00:00-04:00,2025-05-06,bmo,0.64,0.63,-2.06
BALL,2025-08-05 06:00:00-04:00,2025-08-05,bmo,0.81,0.76,-6.44
BALL,2025-11-04 06:00:00-05:00,2025-11-04,bmo,1.02,1.02,-0.17
UNH,2022-01-19 05:00:00-05:00,2022-01-19,bmo,4.31,4.48,3.96
UNH,2022-04-14 05:00:00-04:00,2022-04-14,bmo,5.35,5.49,2.6
UNH,2022-07-15 05:00:00-04:00,2022-07-15,bmo,5.21,5.57,6.94
UNH,2022-10-14 05:00:00-04:00,2022-10-14,bmo,5.44,5.79,6.5
UNH,2023-01-13 05:00:00-05:00,2023-01-13,bmo,5.17,5.34,3.22
UNH,2023-04-14 05:00:00-04:00,2023-04-14,bmo,6.08,6.26,3.03
UNH,2023-07-14 05:00:00-04:00,2023-07-14,bmo,5.98,6.14,2.68
UNH,2023-10-13 05:00:00-04:00,2023-10-13,bmo,6.35,6.56,3.34
UNH,2024-01-12 05:00:00-05:00,2024-01-12,bmo,5.99,6.16,2.89
UNH,2024-04-16 05:00:00-04:00,2024-04-16,bmo,6.62,6.91,4.44
UNH,2024-07-16 05:00:00-04:00,2024-07-16,bmo,6.63,6.8,2.49
UNH,2024-10-15 06:00:00-04:00,2024-10-15,bmo,7.03,7.15,1.7
UNH,2025-01-16 06:00:00-05:00,2025-01-16,bmo,6.74,6.81,1.08
UNH,2025-04-17 05:00:00-04:00,2025-04-17,bmo,7.29,7.2,-1.28
UNH,2025-07-29 05:00:00-04:00,2025-07-29,bmo,4.45,4.08,-8.23
UNH,2025-10-28 05:00:00-04:00,2025-10-28,bmo,2.81,2.92,3.99
UNP,2022-01-20 08:00:00-05:00,2022-01-20,bmo,2.63,2.66,1.31
UNP,2022-04-21 07:00:00-04:00,2022-04-21,bmo,2.56,2.57,0.39
UNP,2022-07-21 07:00:00-04:00,2022-07-21,bmo,2.84,2.93,3.12
UNP,2022-10-20 07:00:00-04:00,2022-10-20,bmo,3.05,3.05,-0.09
UNP,2023-01-24 07:00:00-05:00,2023-01-24,bmo,2.78,2.67,-3.93
UNP,2023-04-20 07:00:00-04:00,2023-04-20,bmo,2.58,2.67,3.42
UNP,2023-07-26 07:00:00-04:00,2023-07-26,bmo,2.77,2.57,-7.29
UNP,2023-10-19 07:00:00-04:00,2023-10-19,bmo,2.43,2.51,3.15
UNP,2024-01-25 07:00:00-05:00,2024-01-25,bmo,2.56,2.71,5.75
UNP,2024-04-25 07:00:00-04:00,2024-04-25,bmo,2.53,2.69,6.51
UNP,2024-07-25 07:00:00-04:00,2024-07-25,bmo,2.71,2.74,1.11
UNP,2024-10-24 07:00:00-04:00,2024-10-24,bmo,2.78,2.75,-1.08
UNP,2025-01-23 07:00:00-05:00,2025-01-23,bmo,2.79,2.91,4.4
UNP,2025-04-24 07:00:00-04:00,2025-04-24,bmo,2.74,2.7,-1.43
UNP,2025-07-24 07:00:00-04:00,2025-07-24,bmo,2.91,3.15,8.31
UNP,2025-10-23 07:00:00-04:00,2025-10-23,bmo,2.98,3.01,1.14
EBAY,2021-02-03 16:00:00-05:00,2021-02-03,amc,0.83,0.86,3.38
EBAY,2021-04-28 16:00:00-04:00,2021-04-28,amc,1.07,1.09,2.13
EBAY,2021-08-11 16:00:00-04:00,2021-08-11,amc,0.96,0.99,2.63
EBAY,2021-10-27 16:00:00-04:00,2021-10-27,amc,0.88,0.9,1.82
EBAY,2022-02-23 16:00:00-05:00,2022-02-23,amc,0.99,1.05,5.69
EBAY,2022-05-04 16:00:00-04:00,2022-05-04,amc,1.03,1.05,1.45
EBAY,2022-08-03 16:00:00-04:00,2022-08-03,amc,0.89,0.99,10.93
EBAY,2022-11-02 16:00:00-04:00,2022-11-02,amc,0.93,1.0,7.8
EBAY,2023-02-22 16:00:00-05:00,2023-02-22,amc,1.06,1.07,0.64
EBAY,2023-04-26 16:00:00-04:00,2023-04-26,amc,1.07,1.11,3.56
EBAY,2023-07-26 16:00:00-04:00,2023-07-26,amc,0.99,1.03,3.58
EBAY,2023-11-07 16:00:00-05:00,2023-11-07,amc,1.0,1.03,3.11
EBAY,2024-02-27 16:00:00-05:00,2024-02-27,amc,1.03,1.07,3.94
EBAY,2024-05-01 16:00:00-04:00,2024-05-01,amc,1.2,1.25,3.98
EBAY,2024-07-31 16:00:00-04:00,2024-07-31,amc,1.12,1.18,4.94
EBAY,2024-10-30 16:00:00-04:00,2024-10-30,amc,1.18,1.19,0.84
EBAY,2025-02-26 16:00:00-05:00,2025-02-26,amc,1.2,1.25,4.26
EBAY,2025-04-30 16:00:00-04:00,2025-04-30,amc,1.34,1.38,3.19
EBAY,2025-07-30 16:00:00-04:00,2025-07-30,amc,1.3,1.37,5.63
EBAY,2025-10-29 16:00:00-04:00,2025-10-29,amc,1.33,1.36,1.9
GIS,2022-03-23 07:00:00-04:00,2022-03-23,bmo,0.78,0.84,7.56
GIS,2022-06-29 07:00:00-04:00,2022-06-29,bmo,1.01,1.12,11.06
GIS,2022-09-21 07:00:00-04:00,2022-09-21,bmo,1.0,1.11,10.81
GIS,2022-12-20 07:00:00-05:00,2022-12-20,bmo,1.06,1.1,3.33
GIS,2023-03-23 07:00:00-04:00,2023-03-23,bmo,0.92,0.97,5.13
GIS,2023-06-28 07:00:00-04:00,2023-06-28,bmo,1.06,1.12,5.33
GIS,2023-09-20 07:00:00-04:00,2023-09-20,bmo,1.08,1.09,0.8
GIS,2023-12-20 07:00:00-05:00,2023-12-20,bmo,1.16,1.25,7.95
GIS,2024-03-20 07:00:00-04:00,2024-03-20,bmo,1.05,1.17,11.92
GIS,2024-06-26 07:00:00-04:00,2024-06-26,bmo,0.99,1.01,1.55
GIS,2024-09-18 07:00:00-04:00,2024-09-18,bmo,1.06,1.07,0.98
GIS,2024-12-18 07:00:00-05:00,2024-12-18,bmo,1.22,1.4,15.03
GIS,2025-03-19 07:00:00-04:00,2025-03-19,bmo,0.96,1.0,4.02
GIS,2025-06-25 07:00:00-04:00,2025-06-25,bmo,0.71,0.74,4.14
GIS,2025-09-17 07:00:00-04:00,2025-09-17,bmo,0.82,0.86,5.45
WMT,2022-02-17 07:00:00-05:00,2022-02-17,bmo,0.5,0.51,2.21
WMT,2022-05-17 06:00:00-04:00,2022-05-17,bmo,0.49,0.43,-12.1
WMT,2022-08-16 07:00:00-04:00,2022-08-16,bmo,0.54,0.59,10.02
WMT,2022-11-15 07:00:00-05:00,2022-11-15,bmo,0.44,0.5,13.95
WMT,2023-02-21 07:00:00-05:00,2023-02-21,bmo,0.5,0.57,12.88
WMT,2023-05-18 07:00:00-04:00,2023-05-18,bmo,0.44,0.49,11.64
WMT,2023-08-17 06:00:00-04:00,2023-08-17,bmo,0.57,0.61,7.88
WMT,2023-11-16 06:00:00-05:00,2023-11-16,bmo,0.51,0.51,0.39
WMT,2024-02-20 06:00:00-05:00,2024-02-20,bmo,0.55,0.6,9.35
WMT,2024-05-16 06:00:00-04:00,2024-05-16,bmo,0.53,0.6,14.24
WMT,2024-08-15 06:00:00-04:00,2024-08-15,bmo,0.65,0.67,3.76
WMT,2024-11-19 06:00:00-05:00,2024-11-19,bmo,0.53,0.58,8.84
WMT,2025-02-20 06:00:00-05:00,2025-02-20,bmo,0.65,0.66,2.04
WMT,2025-05-15 06:00:00-04:00,2025-05-15,bmo,0.58,0.61,5.64
WMT,2025-08-21 06:00:00-04:00,2025-08-21,bmo,0.74,0.68,-7.97
STZ,2022-01-06 07:00:00-05:00,2022-01-06,bmo,2.78,3.12,12.23
STZ,2022-04-07 04:00:00-04:00,2022-04-07,bmo,2.12,2.37,11.76
STZ,2022-06-30 05:00:00-04:00,2022-06-30,bmo,2.52,2.66,5.46
STZ,2022-10-06 05:00:00-04:00,2022-10-06,bmo,2.81,3.17,12.62
STZ,2023-01-05 08:00:00-05:00,2023-01-05,bmo,2.89,2.83,-2.1
STZ,2023-04-06 07:00:00-04:00,2023-04-06,bmo,1.84,1.98,7.39
STZ,2023-06-30 08:00:00-04:00,2023-06-30,bmo,2.83,2.91,2.85
STZ,2023-10-05 07:00:00-04:00,2023-10-05,bmo,3.37,3.7,9.63
STZ,2024-01-05 07:00:00-05:00,2024-01-05,bmo,3.0,3.19,6.46
STZ,2024-04-11 07:00:00-04:00,2024-04-11,bmo,2.1,2.26,7.57
STZ,2024-07-03 07:00:00-04:00,2024-07-03,bmo,3.45,3.57,3.36
STZ,2024-10-03 07:00:00-04:00,2024-10-03,bmo,4.07,4.32,6.03
STZ,2025-01-10 08:00:00-05:00,2025-01-10,bmo,3.31,3.25,-1.92
STZ,2025-04-09 16:00:00-04:00,2025-04-09,amc,2.27,2.63,15.94
STZ,2025-07-01 16:00:00-04:00,2025-07-01,amc,3.29,3.22,-2.27
STZ,2025-10-06 16:00:00-04:00,2025-10-06,amc,3.41,3.63,6.51
NKE,2022-03-21 16:00:00-04:00,2022-03-21,amc,0.72,0.87,21.41
NKE,2022-06-27 16:00:00-04:00,2022-06-27,amc,0.81,1.0,22.99
NKE,2022-09-29 16:00:00-04:00,2022-09-29,amc,0.92,0.93,0.93
NKE,2022-12-20 16:00:00-05:00,2022-12-20,amc,0.64,0.85,33.05
NKE,2023-03-21 16:00:00-04:00,2023-03-21,amc,0.54,0.79,46.31
NKE,2023-06-29 16:00:00-04:00,2023-06-29,amc,0.68,0.66,-2.29
NKE,2023-09-28 16:00:00-04:00,2023-09-28,amc,0.76,0.94,24.44
NKE,2023-12-21 16:00:00-05:00,2023-12-21,amc,0.85,1.03,21.8
NKE,2024-03-21 16:00:00-04:00,2024-03-21,amc,0.71,0.77,7.98
NKE,2024-06-27 16:00:00-04:00,2024-06-27,amc,0.83,0.99,19.3
NKE,2024-10-01 16:00:00-04:00,2024-10-01,amc,0.52,0.7,34.9
NKE,2024-12-19 16:00:00-05:00,2024-12-19,amc,0.63,0.78,23.3
NKE,2025-03-20 16:00:00-04:00,2025-03-20,amc,0.28,0.54,94.87
NKE,2025-06-26 16:00:00-04:00,2025-06-26,amc,0.12,0.14,13.48
NKE,2025-09-30 16:00:00-04:00,2025-09-30,amc,0.27,0.49,84.49
GOOG,2022-02-01 16:00:00-05:00,2022-02-01,amc,1.36,1.53,12.52
GOOG,2022-04-26 16:00:00-04:00,2022-04-26,amc,1.28,1.23,-3.67
GOOG,2022-07-26 16:00:00-04:00,2022-07-26,amc,1.29,1.21,-6.05
GOOG,2022-10-25 16:00:00-04:00,2022-10-25,amc,1.26,1.06,-16.01
GOOG,2023-02-02 16:00:00-05:00,2023-02-02,amc,1.2,1.05,-12.33
GOOG,2023-04-25 16:00:00-04:00,2023-04-25,amc,1.07,1.17,9.45
GOOG,2023-07-25 16:00:00-04:00,2023-07-25,amc,1.34,1.44,7.29
GOOG,2023-10-24 16:00:00-04:00,2023-10-24,amc,1.45,1.55,7.05
GOOG,2024-01-30 16:00:00-05:00,2024-01-30,amc,1.6,1.64,2.53
GOOG,2024-04-25 16:00:00-04:00,2024-04-25,amc,1.51,1.89,25.58
GOOG,2024-07-23 16:00:00-04:00,2024-07-23,amc,1.84,1.89,2.54
GOOG,2024-10-29 16:00:00-04:00,2024-10-29,amc,1.85,2.12,14.74
GOOG,2025-02-04 16:00:00-05:00,2025-02-04,amc,2.13,2.15,1.18
GOOG,2025-04-24 16:00:00-04:00,2025-04-24,amc,2.01,2.81,39.84
GOOG,2025-07-23 16:00:00-04:00,2025-07-23,amc,2.2,2.31,5.09
GOOG,2025-10-29 16:00:00-04:00,2025-10-29,amc,2.26,2.87,26.88
LMT,2022-01-25 07:00:00-05:00,2022-01-25,bmo,7.14,7.24,1.38
LMT,2022-04-19 07:00:00-04:00,2022-04-19,bmo,6.18,6.44,4.23
LMT,2022-07-19 07:00:00-04:00,2022-07-19,bmo,6.39,6.32,-1.13
LMT,2022-10-18 07:00:00-04:00,2022-10-18,bmo,6.72,6.87,2.2
LMT,2023-01-24 07:00:00-05:00,2023-01-24,bmo,7.37,7.79,5.72
LMT,2023-04-18 07:00:00-04:00,2023-04-18,bmo,6.06,6.43,6.11
LMT,2023-07-18 07:00:00-04:00,2023-07-18,bmo,6.45,6.73,4.4
LMT,2023-10-17 07:00:00-04:00,2023-10-17,bmo,6.64,6.77,1.92
LMT,2024-01-23 07:00:00-05:00,2024-01-23,bmo,7.25,7.9,8.92
LMT,2024-04-23 07:00:00-04:00,2024-04-23,bmo,5.83,6.33,8.52
LMT,2024-07-23 07:00:00-04:00,2024-07-23,bmo,6.45,7.11,10.28
LMT,2024-10-22 07:00:00-04:00,2024-10-22,bmo,6.44,6.84,6.17
LMT,2025-01-28 07:00:00-05:00,2025-01-28,bmo,6.62,7.71,16.46
LMT,2025-04-22 17:00:00-04:00,2025-04-22,amc,6.32,7.28,15.13
LMT,2025-07-22 07:00:00-04:00,2025-07-22,bmo,6.47,1.46,-77.42
LMT,2025-10-21 07:00:00-04:00,2025-10-21,bmo,6.35,6.95,9.45
BK,2021-01-20 06:00:00-05:00,2021-01-20,bmo,0.91,0.96,5.23
BK,2021-04-16 06:00:00-04:00,2021-04-16,bmo,0.86,0.97,12.26
BK,2021-07-15 06:00:00-04:00,2021-07-15,bmo,1.0,1.13,12.66
BK,2021-10-19 06:00:00-04:00,2021-10-19,bmo,1.0,1.04,3.5
BK,2022-01-18 06:00:00-05:00,2022-01-18,bmo,1.01,1.04,2.69
BK,2022-04-18 03:00:00-04:00,2022-04-18,bmo,0.86,0.94,9.89
BK,2022-07-15 06:00:00-04:00,2022-07-15,bmo,1.11,1.15,3.53
BK,2022-10-17 06:00:00-04:00,2022-10-17,bmo,1.08,1.21,11.65
BK,2023-01-13 06:00:00-05:00,2023-01-13,bmo,1.24,1.3,4.71
BK,2023-04-18 06:00:00-04:00,2023-04-18,bmo,1.11,1.13,1.72
BK,2023-07-18 06:00:00-04:00,2023-07-18,bmo,1.22,1.38,13.47
BK,2023-10-17 06:00:00-04:00,2023-10-17,bmo,1.14,1.27,11.61
BK,2024-01-12 06:00:00-05:00,2024-01-12,bmo,1.12,1.28,14.03
BK,2024-04-16 06:00:00-04:00,2024-04-16,bmo,1.19,1.29,8.48
BK,2024-07-12 06:00:00-04:00,2024-07-12,bmo,1.43,1.51,5.77
BK,2024-10-11 06:00:00-04:00,2024-10-11,bmo,1.42,1.52,6.88
BK,2025-01-15 06:00:00-05:00,2025-01-15,bmo,1.57,1.72,9.81
BK,2025-04-11 06:00:00-04:00,2025-04-11,bmo,1.49,1.58,5.93
BK,2025-07-15 06:00:00-04:00,2025-07-15,bmo,1.76,1.94,10.09
BK,2025-10-16 06:00:00-04:00,2025-10-16,bmo,1.77,1.91,8.08
PRU,2021-02-04 16:00:00-05:00,2021-02-04,amc,2.57,2.93,13.88
PRU,2021-05-04 16:00:00-04:00,2021-05-04,amc,2.75,4.11,49.31
PRU,2021-08-03 16:00:00-04:00,2021-08-03,amc,3.1,3.79,22.35
PRU,2021-11-02 16:00:00-04:00,2021-11-02,amc,2.73,3.78,38.25
PRU,2022-02-03 16:00:00-05:00,2022-02-03,amc,2.36,3.18,34.95
PRU,2022-05-03 16:00:00-04:00,2022-05-03,amc,2.68,3.17,18.08
PRU,2022-08-02 16:00:00-04:00,2022-08-02,amc,2.33,1.74,-25.18
PRU,2022-11-01 16:00:00-04:00,2022-11-01,amc,2.02,2.13,5.51
PRU,2023-02-07 16:00:00-05:00,2023-02-07,amc,2.51,2.42,-3.53
PRU,2023-05-02 16:00:00-04:00,2023-05-02,amc,2.93,2.66,-9.13
PRU,2023-08-01 16:00:00-04:00,2023-08-01,amc,3.01,2.94,-2.2
PRU,2023-11-01 16:00:00-04:00,2023-11-01,amc,3.13,3.44,9.78
PRU,2024-02-06 16:00:00-05:00,2024-02-06,amc,2.67,2.58,-3.2
PRU,2024-04-30 16:00:00-04:00,2024-04-30,amc,3.13,3.12,-0.36
PRU,2024-08-01 12:00:00-04:00,2024-08-01,amc,3.45,3.39,-1.66
PRU,2025-02-04 16:00:00-05:00,2025-02-04,amc,3.26,2.96,-9.21
PRU,2025-04-30 16:00:00-04:00,2025-04-30,amc,3.18,3.29,3.43
PRU,2025-07-30 16:00:00-04:00,2025-07-30,amc,3.22,3.58,11.14
PRU,2025-10-29 16:00:00-04:00,2025-10-29,amc,3.72,4.26,14.53
GOOGL,2022-02-01 16:00:00-05:00,2022-02-01,amc,1.36,1.53,12.65
GOOGL,2022-04-26 16:00:00-04:00,2022-04-26,amc,1.29,1.23,-4.43
GOOGL,2022-07-26 16:00:00-04:00,2022-07-26,amc,1.27,1.21,-5.05
GOOGL,2022-10-25 16:00:00-04:00,2022-10-25,amc,1.25,1.06,-15.27
GOOGL,2023-02-02 16:00:00-05:00,2023-02-02,amc,1.19,1.05,-11.87
GOOGL,2023-04-25 16:00:00-04:00,2023-04-25,amc,1.07,1.17,9.52
GOOGL,2023-07-25 16:00:00-04:00,2023-07-25,amc,1.34,1.44,7.23
GOOGL,2023-10-24 16:00:00-04:00,2023-10-24,amc,1.45,1.55,6.74
GOOGL,2024-01-30 16:00:00-05:00,2024-01-30,amc,1.6,1.64,2.75
GOOGL,2024-04-25 16:00:00-04:00,2024-04-25,amc,1.51,1.89,24.98
GOOGL,2024-07-23 16:00:00-04:00,2024-07-23,amc,1.85,1.89,2.4
GOOGL,2024-10-29 16:00:00-04:00,2024-10-29,amc,1.85,2.12,14.83
GOOGL,2025-02-04 16:00:00-05:00,2025-02-04,amc,2.13,2.15,1.18
GOOGL,2025-04-24 16:00:00-04:00,2025-04-24,amc,2.01,2.81,40.1
GOOGL,2025-07-23 16:00:00-04:00,2025-07-23,amc,2.19,2.31,5.67
GOOGL,2025-10-29 16:00:00-04:00,2025-10-29,amc,2.26,2.87,26.88
FSLR,2021-02-25 16:00:00-05:00,2021-02-25,amc,1.3,1.08,-17.22
FSLR,2021-04-29 16:00:00-04:00,2021-04-29,amc,1.22,1.96,60.84
FSLR,2021-07-29 16:00:00-04:00,2021-07-29,amc,0.54,0.77,41.63
FSLR,2021-11-04 16:00:00-04:00,2021-11-04,amc,0.61,0.42,-30.64
FSLR,2022-03-01 16:00:00-05:00,2022-03-01,amc,1.08,1.23,14.3
FSLR,2022-04-28 16:00:00-04:00,2022-04-28,amc,-0.43,-0.41,3.62
FSLR,2022-07-28 16:00:00-04:00,2022-07-28,amc,0.03,0.52,1398.56
FSLR,2022-10-27 16:00:00-04:00,2022-10-27,amc,-0.18,-0.46,-159.2
FSLR,2023-02-28 16:00:00-05:00,2023-02-28,amc,-0.13,-0.07,47.64
FSLR,2023-04-27 16:00:00-04:00,2023-04-27,amc,1.02,0.4,-60.74
FSLR,2023-07-27 16:00:00-04:00,2023-07-27,amc,0.94,1.59,69.76
FSLR,2023-10-31 16:00:00-04:00,2023-10-31,amc,2.04,2.5,22.79
FSLR,2024-02-27 16:00:00-05:00,2024-02-27,amc,3.12,3.25,4.24
FSLR,2024-05-01 16:00:00-04:00,2024-05-01,amc,1.99,2.2,10.34
FSLR,2024-07-30 16:00:00-04:00,2024-07-30,amc,2.71,3.25,20.01
FSLR,2024-10-29 16:00:00-04:00,2024-10-29,amc,3.16,2.91,-7.77
FSLR,2025-02-25 16:00:00-05:00,2025-02-25,amc,4.69,3.65,-22.11
FSLR,2025-04-29 16:00:00-04:00,2025-04-29,amc,2.47,1.95,-21.01
FSLR,2025-07-31 16:00:00-04:00,2025-07-31,amc,2.62,3.18,21.26
FSLR,2025-10-30 16:00:00-04:00,2025-10-30,amc,4.29,4.24,-1.13
LRCX,2021-01-27 16:00:00-05:00,2021-01-27,amc,0.57,0.6,5.5
LRCX,2021-04-21 16:00:00-04:00,2021-04-21,amc,0.66,0.75,13.37
LRCX,2021-07-28 16:00:00-04:00,2021-07-28,amc,0.76,0.81,6.27
LRCX,2021-10-20 16:00:00-04:00,2021-10-20,amc,0.82,0.84,1.92
LRCX,2022-01-26 16:00:00-05:00,2022-01-26,amc,0.85,0.85,0.19
LRCX,2022-04-20 16:00:00-04:00,2022-04-20,amc,0.75,0.74,-1.41
LRCX,2022-07-27 16:00:00-04:00,2022-07-27,amc,0.73,0.88,20.45
LRCX,2022-10-19 16:00:00-04:00,2022-10-19,amc,0.95,1.04,9.19
LRCX,2023-01-25 16:00:00-05:00,2023-01-25,amc,1.0,1.07,7.11
LRCX,2023-04-19 16:00:00-04:00,2023-04-19,amc,0.65,0.7,7.12
LRCX,2023-07-26 16:00:00-04:00,2023-07-26,amc,0.51,0.6,16.53
LRCX,2023-10-18 16:00:00-04:00,2023-10-18,amc,0.61,0.69,11.83
LRCX,2024-01-24 16:00:00-05:00,2024-01-24,amc,0.71,0.75,5.69
LRCX,2024-04-24 16:00:00-04:00,2024-04-24,amc,0.73,0.78,6.78
LRCX,2024-07-31 16:00:00-04:00,2024-07-31,amc,0.76,0.81,7.29
LRCX,2024-10-23 16:00:00-04:00,2024-10-23,amc,0.81,0.86,6.51
LRCX,2025-01-29 16:00:00-05:00,2025-01-29,amc,0.88,0.91,3.51
LRCX,2025-04-23 16:00:00-04:00,2025-04-23,amc,1.0,1.04,4.06
LRCX,2025-07-30 16:00:00-04:00,2025-07-30,amc,1.21,1.33,10.36
LRCX,2025-10-22 16:00:00-04:00,2025-10-22,amc,1.22,1.26,3.27
MSI,2021-02-04 16:00:00-05:00,2021-02-04,amc,2.74,2.86,4.26
MSI,2021-05-06 16:00:00-04:00,2021-05-06,amc,1.62,1.87,15.08
MSI,2021-08-05 16:00:00-04:00,2021-08-05,amc,1.92,2.07,7.61
MSI,2021-11-04 16:00:00-04:00,2021-11-04,amc,2.14,2.35,10.06
MSI,2022-02-09 16:00:00-05:00,2022-02-09,amc,2.74,2.85,3.93
MSI,2022-05-12 16:00:00-04:00,2022-05-12,amc,1.58,1.7,7.59
MSI,2022-08-04 16:00:00-04:00,2022-08-04,amc,1.87,2.07,10.56
MSI,2022-11-03 16:00:00-04:00,2022-11-03,amc,2.88,3.0,4.1
MSI,2023-02-09 13:00:00-05:00,2023-02-09,amc,3.43,3.6,4.82
MSI,2023-05-04 16:00:00-04:00,2023-05-04,amc,2.05,2.22,8.1
MSI,2023-08-03 16:00:00-04:00,2023-08-03,amc,2.52,2.65,5.34
MSI,2023-11-02 16:00:00-04:00,2023-11-02,amc,3.03,3.19,5.45
MSI,2024-02-08 16:00:00-05:00,2024-02-08,amc,3.63,3.9,7.33
MSI,2024-05-02 16:00:00-04:00,2024-05-02,amc,2.53,2.81,11.01
MSI,2024-08-01 16:00:00-04:00,2024-08-01,amc,3.01,3.24,7.56
MSI,2024-11-07 16:00:00-05:00,2024-11-07,amc,3.38,3.74,10.62
MSI,2025-02-13 16:00:00-05:00,2025-02-13,amc,3.89,4.04,3.94
MSI,2025-05-01 16:00:00-04:00,2025-05-01,amc,3.01,3.18,5.66
MSI,2025-08-07 16:00:00-04:00,2025-08-07,amc,3.36,3.57,6.21
MSI,2025-10-30 16:00:00-04:00,2025-10-30,amc,3.85,4.06,5.45
CMA,2022-01-19 07:00:00-05:00,2022-01-19,bmo,1.58,1.66,4.9
CMA,2022-04-20 06:00:00-04:00,2022-04-20,bmo,1.37,1.37,-0.21
CMA,2022-07-20 06:00:00-04:00,2022-07-20,bmo,1.77,1.92,8.65
CMA,2022-10-19 06:00:00-04:00,2022-10-19,bmo,2.57,2.6,1.11
CMA,2023-01-19 06:00:00-05:00,2023-01-19,bmo,2.56,2.58,0.85
CMA,2023-04-20 06:00:00-04:00,2023-04-20,bmo,2.27,2.39,5.42
CMA,2023-07-21 07:00:00-04:00,2023-07-21,bmo,1.86,2.01,8.18
CMA,2023-10-20 06:00:00-04:00,2023-10-20,bmo,1.7,1.84,8.33
CMA,2024-01-19 06:00:00-05:00,2024-01-19,bmo,1.39,1.46,4.83
CMA,2024-04-18 06:00:00-04:00,2024-04-18,bmo,1.14,1.29,12.95
CMA,2024-07-19 06:00:00-04:00,2024-07-19,bmo,1.19,1.49,25.18
CMA,2024-10-18 06:00:00-04:00,2024-10-18,bmo,1.16,1.37,17.82
CMA,2025-01-22 06:00:00-05:00,2025-01-22,bmo,1.26,1.2,-4.7
CMA,2025-04-21 06:00:00-04:00,2025-04-21,bmo,1.13,1.25,10.71
CMA,2025-07-18 06:00:00-04:00,2025-07-18,bmo,1.22,1.3,6.0
CMA,2025-10-17 06:00:00-04:00,2025-10-17,bmo,1.28,1.48,15.8
APA,2021-02-24 17:00:00-05:00,2021-02-24,amc,-0.13,-0.05,61.14
APA,2021-05-05 12:00:00-04:00,2021-05-05,amc,0.71,0.91,28.54
APA,2021-08-04 16:00:00-04:00,2021-08-04,amc,0.56,0.7,25.36
APA,2021-11-03 16:00:00-04:00,2021-11-03,amc,0.91,0.98,7.86
APA,2022-02-21 17:00:00-05:00,2022-02-21,amc,1.46,1.29,-11.66
APA,2022-05-04 13:00:00-04:00,2022-05-04,amc,2.09,1.92,-8.19
APA,2022-08-03 19:00:00-04:00,2022-08-03,amc,2.35,2.37,1.04
APA,2022-11-03 09:00:00-04:00,2022-11-03,bmo,1.76,1.97,12.14
APA,2023-02-23 10:00:00-05:00,2023-02-23,bmo,1.33,1.48,11.07
APA,2023-05-04 09:00:00-04:00,2023-05-04,bmo,0.97,1.19,22.23
APA,2023-08-02 15:00:00-04:00,2023-08-02,amc,0.72,0.85,18.87
APA,2023-11-01 13:00:00-04:00,2023-11-01,amc,1.06,1.33,25.08
APA,2024-02-21 12:00:00-05:00,2024-02-21,amc,1.33,1.15,-13.71
APA,2024-05-01 12:00:00-04:00,2024-05-01,amc,0.93,0.78,-16.06
APA,2024-07-30 20:00:00-04:00,2024-07-30,amc,0.93,1.17,26.03
APA,2024-11-07 06:00:00-05:00,2024-11-07,bmo,0.99,1.0,1.46
APA,2025-02-25 19:00:00-05:00,2025-02-25,amc,0.95,0.79,-16.68
APA,2025-05-06 20:00:00-04:00,2025-05-06,amc,0.82,1.06,29.18
APA,2025-08-05 20:00:00-04:00,2025-08-05,amc,0.52,1.67,220.64
APA,2025-11-05 17:00:00-05:00,2025-11-05,amc,0.79,0.93,17.59
CSCO,2021-02-09 16:00:00-05:00,2021-02-09,amc,0.76,0.79,4.61
CSCO,2021-05-19 16:00:00-04:00,2021-05-19,amc,0.82,0.83,1.11
CSCO,2021-08-18 16:00:00-04:00,2021-08-18,amc,0.83,0.84,1.46
CSCO,2021-11-17 16:00:00-05:00,2021-11-17,amc,0.8,0.82,1.92
CSCO,2022-02-16 16:00:00-05:00,2022-02-16,amc,0.81,0.84,3.78
CSCO,2022-05-18 16:00:00-04:00,2022-05-18,amc,0.86,0.87,0.93
CSCO,2022-08-17 16:00:00-04:00,2022-08-17,amc,0.82,0.83,1.07
CSCO,2022-11-16 16:00:00-05:00,2022-11-16,amc,0.84,0.86,2.85
CSCO,2023-02-15 16:00:00-05:00,2023-02-15,amc,0.86,0.88,2.84
CSCO,2023-05-17 16:00:00-04:00,2023-05-17,amc,0.97,1.0,3.25
CSCO,2023-08-16 16:00:00-04:00,2023-08-16,amc,1.06,1.14,7.68
CSCO,2023-11-15 16:00:00-05:00,2023-11-15,amc,1.03,1.11,7.71
CSCO,2024-02-14 16:00:00-05:00,2024-02-14,amc,0.84,0.87,3.96
CSCO,2024-05-15 16:00:00-04:00,2024-05-15,amc,0.82,0.88,7.71
CSCO,2024-08-14 16:00:00-04:00,2024-08-14,amc,0.85,0.87,2.49
CSCO,2024-11-13 16:00:00-05:00,2024-11-13,amc,0.87,0.91,4.47
CSCO,2025-02-12 16:00:00-05:00,2025-02-12,amc,0.91,0.94,3.41
CSCO,2025-05-14 16:00:00-04:00,2025-05-14,amc,0.92,0.96,4.64
CSCO,2025-08-13 16:00:00-04:00,2025-08-13,amc,0.98,0.99,1.3
CSCO,2025-11-12 16:00:00-05:00,2025-11-12,amc,0.98,1.0,1.82
DAL,2022-01-13 06:00:00-05:00,2022-01-13,bmo,0.15,0.22,50.15
DAL,2022-04-13 06:00:00-04:00,2022-04-13,bmo,-1.27,-1.23,3.1
DAL,2022-07-13 06:00:00-04:00,2022-07-13,bmo,1.72,1.44,-16.31
DAL,2022-10-13 06:00:00-04:00,2022-10-13,bmo,1.53,1.51,-1.46
DAL,2023-01-13 06:00:00-05:00,2023-01-13,bmo,1.32,1.48,11.93
DAL,2023-04-13 06:00:00-04:00,2023-04-13,bmo,0.29,0.25,-13.21
DAL,2023-07-13 06:00:00-04:00,2023-07-13,bmo,2.4,2.68,11.61
DAL,2023-10-12 06:00:00-04:00,2023-10-12,bmo,1.95,2.03,4.32
DAL,2024-01-12 06:00:00-05:00,2024-01-12,bmo,1.16,1.28,9.88
DAL,2024-04-10 06:00:00-04:00,2024-04-10,bmo,0.36,0.45,24.16
DAL,2024-07-11 06:00:00-04:00,2024-07-11,bmo,2.38,2.36,-0.78
DAL,2024-10-10 06:00:00-04:00,2024-10-10,bmo,1.52,1.5,-1.16
DAL,2025-01-10 06:00:00-05:00,2025-01-10,bmo,1.74,1.85,6.18
DAL,2025-04-09 06:00:00-04:00,2025-04-09,bmo,0.39,0.46,19.14
DAL,2025-07-10 06:00:00-04:00,2025-07-10,bmo,2.04,2.1,2.72
DAL,2025-10-09 06:00:00-04:00,2025-10-09,bmo,1.53,1.71,11.87
NVDA,2022-02-16 16:00:00-05:00,2022-02-16,amc,0.12,0.13,7.97
NVDA,2022-05-25 16:00:00-04:00,2022-05-25,amc,0.13,0.14,4.86
NVDA,2022-08-24 16:00:00-04:00,2022-08-24,amc,0.05,0.05,-1.49
NVDA,2022-11-16 16:00:00-05:00,2022-11-16,amc,0.07,0.06,-17.32
NVDA,2023-02-22 16:00:00-05:00,2023-02-22,amc,0.08,0.09,9.45
NVDA,2023-05-24 16:00:00-04:00,2023-05-24,amc,0.09,0.11,18.8
NVDA,2023-08-23 16:00:00-04:00,2023-08-23,amc,0.21,0.27,29.35
NVDA,2023-11-21 16:00:00-05:00,2023-11-21,amc,0.34,0.4,18.73
NVDA,2024-02-21 16:00:00-05:00,2024-02-21,amc,0.46,0.52,11.4
NVDA,2024-05-22 16:00:00-04:00,2024-05-22,amc,0.56,0.61,9.74
NVDA,2024-08-28 16:00:00-04:00,2024-08-28,amc,0.64,0.68,5.66
NVDA,2024-11-20 16:00:00-05:00,2024-11-20,amc,0.75,0.81,8.52
NVDA,2025-02-26 16:00:00-05:00,2025-02-26,amc,0.85,0.89,5.25
NVDA,2025-05-28 16:00:00-04:00,2025-05-28,amc,0.75,0.81,8.02
NVDA,2025-08-27 16:00:00-04:00,2025-08-27,amc,1.01,1.05,4.1
HLT,2022-02-16 06:00:00-05:00,2022-02-16,bmo,0.73,0.72,-1.82
HLT,2022-05-03 06:00:00-04:00,2022-05-03,bmo,0.66,0.71,7.83
HLT,2022-07-27 06:00:00-04:00,2022-07-27,bmo,1.05,1.29,23.37
HLT,2022-10-26 06:00:00-04:00,2022-10-26,bmo,1.24,1.31,5.58
HLT,2023-02-09 06:00:00-05:00,2023-02-09,bmo,1.22,1.59,30.12
HLT,2023-04-26 06:00:00-04:00,2023-04-26,bmo,1.14,1.24,9.15
HLT,2023-07-26 06:00:00-04:00,2023-07-26,bmo,1.58,1.63,3.21
HLT,2023-10-25 06:00:00-04:00,2023-10-25,bmo,1.66,1.67,0.35
HLT,2024-02-07 06:00:00-05:00,2024-02-07,bmo,1.57,1.68,7.09
HLT,2024-04-24 06:00:00-04:00,2024-04-24,bmo,1.42,1.53,7.96
HLT,2024-08-07 06:00:00-04:00,2024-08-07,bmo,1.86,1.91,2.64
HLT,2024-10-23 06:00:00-04:00,2024-10-23,bmo,1.84,1.92,4.25
HLT,2025-02-06 06:00:00-05:00,2025-02-06,bmo,1.68,1.76,4.48
HLT,2025-04-29 06:00:00-04:00,2025-04-29,bmo,1.56,1.23,-21.26
HLT,2025-07-23 06:00:00-04:00,2025-07-23,bmo,2.04,2.2,7.62
HLT,2025-10-22 06:00:00-04:00,2025-10-22,bmo,1.88,1.78,-5.16
INTC,2021-01-21 16:00:00-05:00,2021-01-21,amc,1.11,1.52,36.91
INTC,2021-04-22 16:00:00-04:00,2021-04-22,amc,1.14,1.39,21.71
INTC,2021-07-22 16:00:00-04:00,2021-07-22,amc,1.07,1.28,19.28
INTC,2021-10-21 16:00:00-04:00,2021-10-21,amc,1.11,1.71,53.61
INTC,2022-01-26 16:00:00-05:00,2022-01-26,amc,0.91,1.09,19.78
INTC,2022-04-28 16:00:00-04:00,2022-04-28,amc,0.8,0.87,9.16
INTC,2022-07-28 16:00:00-04:00,2022-07-28,amc,0.7,0.29,-58.29
INTC,2022-10-27 16:00:00-04:00,2022-10-27,amc,0.33,0.59,80.04
INTC,2023-01-26 16:00:00-05:00,2023-01-26,amc,0.2,0.1,-50.48
INTC,2023-04-27 16:00:00-04:00,2023-04-27,amc,-0.14,-0.04,72.19
INTC,2023-07-27 16:00:00-04:00,2023-07-27,amc,-0.03,0.13,546.43
INTC,2023-10-26 16:00:00-04:00,2023-10-26,amc,0.22,0.41,87.04
INTC,2024-01-25 16:00:00-05:00,2024-01-25,amc,0.45,0.54,20.29
INTC,2024-04-25 16:00:00-04:00,2024-04-25,amc,0.14,0.18,31.74
INTC,2024-08-01 12:00:00-04:00,2024-08-01,amc,0.1,0.02,-80.18
INTC,2024-10-31 16:00:00-04:00,2024-10-31,amc,-0.03,-0.46,-1533.52
INTC,2025-01-30 16:00:00-05:00,2025-01-30,amc,0.12,0.13,8.71
INTC,2025-07-24 16:00:00-04:00,2025-07-24,amc,0.01,-0.1,-1280.64
INTC,2025-10-23 16:00:00-04:00,2025-10-23,amc,0.01,0.23,3121.29
TRV,2021-01-21 06:00:00-05:00,2021-01-21,bmo,3.15,4.91,55.81
TRV,2021-04-20 06:00:00-04:00,2021-04-20,bmo,2.4,2.73,13.94
TRV,2021-07-20 06:00:00-04:00,2021-07-20,bmo,2.38,3.45,44.79
TRV,2021-10-19 06:00:00-04:00,2021-10-19,bmo,1.94,2.6,33.99
TRV,2022-01-20 06:00:00-05:00,2022-01-20,bmo,3.81,5.2,36.31
TRV,2022-04-19 06:00:00-04:00,2022-04-19,bmo,3.62,4.22,16.69
TRV,2022-07-21 06:00:00-04:00,2022-07-21,bmo,1.97,2.57,30.19
TRV,2022-10-19 06:00:00-04:00,2022-10-19,bmo,1.6,2.2,37.21
TRV,2023-04-19 06:00:00-04:00,2023-04-19,bmo,3.58,4.11,14.71
TRV,2023-07-20 06:00:00-04:00,2023-07-20,bmo,2.12,0.06,-97.17
TRV,2023-10-18 06:00:00-04:00,2023-10-18,bmo,3.07,1.95,-36.45
TRV,2024-01-19 06:00:00-05:00,2024-01-19,bmo,5.09,7.01,37.79
TRV,2024-04-17 07:00:00-04:00,2024-04-17,bmo,4.86,4.69,-3.43
TRV,2024-07-19 06:00:00-04:00,2024-07-19,bmo,2.0,2.51,25.61
TRV,2024-10-17 06:00:00-04:00,2024-10-17,bmo,3.59,5.24,45.77
TRV,2025-01-22 06:00:00-05:00,2025-01-22,bmo,6.6,9.15,38.54
TRV,2025-04-16 06:00:00-04:00,2025-04-16,bmo,0.77,1.91,147.67
TRV,2025-07-17 06:00:00-04:00,2025-07-17,bmo,3.61,6.51,80.1
TRV,2025-10-16 06:00:00-04:00,2025-10-16,bmo,6.38,8.14,27.6
PKG,2021-01-27 17:00:00-05:00,2021-01-27,amc,1.48,1.33,-9.96
PKG,2021-04-26 17:00:00-04:00,2021-04-26,amc,1.45,1.77,22.14
PKG,2021-07-26 17:00:00-04:00,2021-07-26,amc,1.78,2.17,22.15
PKG,2021-10-25 17:00:00-04:00,2021-10-25,amc,2.34,2.69,14.84
PKG,2022-01-26 17:00:00-05:00,2022-01-26,amc,2.07,2.76,33.51
PKG,2022-04-25 17:00:00-04:00,2022-04-25,amc,2.52,2.72,8.0
PKG,2022-07-25 17:00:00-04:00,2022-07-25,amc,2.85,3.23,13.21
PKG,2022-10-24 16:00:00-04:00,2022-10-24,amc,2.81,2.83,0.64
PKG,2023-01-25 17:00:00-05:00,2023-01-25,amc,2.23,2.35,5.61
PKG,2023-04-24 17:00:00-04:00,2023-04-24,amc,2.27,2.2,-2.99
PKG,2023-07-24 17:00:00-04:00,2023-07-24,amc,2.0,2.31,15.64
PKG,2023-10-23 16:00:00-04:00,2023-10-23,amc,1.93,2.05,6.38
PKG,2024-01-24 16:00:00-05:00,2024-01-24,amc,1.83,2.13,16.22
PKG,2024-04-22 16:00:00-04:00,2024-04-22,amc,1.68,1.72,2.46
PKG,2024-07-23 16:00:00-04:00,2024-07-23,amc,2.15,2.2,2.25
PKG,2024-10-22 16:00:00-04:00,2024-10-22,amc,2.5,2.65,5.86
PKG,2025-01-28 16:00:00-05:00,2025-01-28,amc,2.53,2.45,-3.31
PKG,2025-04-22 16:00:00-04:00,2025-04-22,amc,2.21,2.31,4.34
PKG,2025-07-23 17:00:00-04:00,2025-07-23,amc,2.44,2.48,1.47
PKG,2025-10-22 17:00:00-04:00,2025-10-22,amc,2.82,2.73,-3.09
TXN,2021-01-26 16:00:00-05:00,2021-01-26,amc,1.33,1.8,34.92
TXN,2021-04-27 16:00:00-04:00,2021-04-27,amc,1.58,1.87,18.67
TXN,2021-07-21 16:00:00-04:00,2021-07-21,amc,1.83,2.05,11.79
TXN,2021-10-26 16:00:00-04:00,2021-10-26,amc,2.04,2.07,1.36
TXN,2022-01-25 16:00:00-05:00,2022-01-25,amc,1.94,2.27,16.79
TXN,2022-04-26 16:00:00-04:00,2022-04-26,amc,2.17,2.35,8.08
TXN,2022-07-26 16:00:00-04:00,2022-07-26,amc,2.12,2.45,15.49
TXN,2022-10-25 16:00:00-04:00,2022-10-25,amc,2.39,2.47,3.18
TXN,2023-01-24 16:00:00-05:00,2023-01-24,amc,1.98,2.13,7.69
TXN,2023-04-25 16:00:00-04:00,2023-04-25,amc,1.78,1.85,3.99
TXN,2023-07-25 16:00:00-04:00,2023-07-25,amc,1.77,1.87,5.84
TXN,2023-10-24 16:00:00-04:00,2023-10-24,amc,1.82,1.85,1.88
TXN,2024-01-23 16:00:00-05:00,2024-01-23,amc,1.47,1.49,1.7
TXN,2024-04-23 16:00:00-04:00,2024-04-23,amc,1.07,1.2,12.41
TXN,2024-07-23 16:00:00-04:00,2024-07-23,amc,1.16,1.22,5.0
TXN,2024-10-22 16:00:00-04:00,2024-10-22,amc,1.37,1.47,7.08
TXN,2025-01-23 16:00:00-05:00,2025-01-23,amc,1.2,1.3,8.29
TXN,2025-04-23 16:00:00-04:00,2025-04-23,amc,1.06,1.28,20.21
TXN,2025-07-22 16:00:00-04:00,2025-07-22,amc,1.33,1.41,5.81
TXN,2025-10-21 16:00:00-04:00,2025-10-21,amc,1.49,1.48,-0.4
ROK,2021-01-26 07:00:00-05:00,2021-01-26,bmo,1.87,2.38,26.98
ROK,2021-04-28 07:00:00-04:00,2021-04-28,bmo,2.16,2.41,11.61
ROK,2021-07-27 07:00:00-04:00,2021-07-27,bmo,2.09,2.31,10.34
ROK,2021-11-02 07:00:00-04:00,2021-11-02,bmo,2.18,2.33,7.12
ROK,2022-01-27 07:00:00-05:00,2022-01-27,bmo,1.91,2.14,12.17
ROK,2022-05-03 07:00:00-04:00,2022-05-03,bmo,2.29,1.66,-27.38
ROK,2022-07-27 07:00:00-04:00,2022-07-27,bmo,2.34,2.66,13.6
ROK,2022-11-02 07:00:00-04:00,2022-11-02,bmo,2.98,3.04,1.92
ROK,2023-01-26 07:00:00-05:00,2023-01-26,bmo,1.87,2.46,31.64
ROK,2023-04-27 07:00:00-04:00,2023-04-27,bmo,2.6,3.01,15.76
ROK,2023-08-01 07:00:00-04:00,2023-08-01,bmo,3.19,3.01,-5.66
ROK,2023-11-02 07:00:00-04:00,2023-11-02,bmo,3.47,3.64,4.87
ROK,2024-01-31 07:00:00-05:00,2024-01-31,bmo,2.63,2.04,-22.51
ROK,2024-05-07 07:00:00-04:00,2024-05-07,bmo,2.16,2.5,15.6
ROK,2024-08-07 07:00:00-04:00,2024-08-07,bmo,2.08,2.71,30.23
ROK,2024-11-07 07:00:00-05:00,2024-11-07,bmo,2.47,2.47,0.13
ROK,2025-02-10 07:00:00-05:00,2025-02-10,bmo,1.58,1.83,16.03
ROK,2025-05-07 07:00:00-04:00,2025-05-07,bmo,2.12,2.45,15.77
ROK,2025-08-06 07:00:00-04:00,2025-08-06,bmo,2.67,2.82,5.66
ROK,2025-11-06 07:00:00-05:00,2025-11-06,bmo,2.94,3.34,13.64
CAT,2022-01-28 06:00:00-05:00,2022-01-28,bmo,2.26,2.69,18.85
CAT,2022-04-28 06:00:00-04:00,2022-04-28,bmo,2.6,2.88,10.63
CAT,2022-08-02 06:00:00-04:00,2022-08-02,bmo,3.02,3.18,5.44
CAT,2022-10-27 06:00:00-04:00,2022-10-27,bmo,3.17,3.95,24.78
CAT,2023-01-31 06:00:00-05:00,2023-01-31,bmo,4.03,3.86,-4.19
CAT,2023-04-27 06:00:00-04:00,2023-04-27,bmo,3.79,4.91,29.5
CAT,2023-08-01 06:00:00-04:00,2023-08-01,bmo,4.58,5.55,21.24
CAT,2023-10-31 06:00:00-04:00,2023-10-31,bmo,4.79,5.52,15.18
CAT,2024-02-05 06:00:00-05:00,2024-02-05,bmo,4.75,5.23,10.06
CAT,2024-04-25 06:00:00-04:00,2024-04-25,bmo,5.13,5.6,9.13
CAT,2024-08-06 06:00:00-04:00,2024-08-06,bmo,5.54,5.99,8.14
CAT,2024-10-30 06:00:00-04:00,2024-10-30,bmo,5.35,5.17,-3.44
CAT,2025-01-30 06:00:00-05:00,2025-01-30,bmo,5.03,5.14,2.25
CAT,2025-04-30 06:00:00-04:00,2025-04-30,bmo,4.34,4.25,-2.19
CAT,2025-08-05 06:00:00-04:00,2025-08-05,bmo,4.9,4.72,-3.73
CAT,2025-10-29 06:00:00-04:00,2025-10-29,bmo,4.52,4.95,9.43
DFS,2022-01-19 16:00:00-05:00,2022-01-19,amc,3.69,3.64,-1.38
DFS,2022-04-27 16:00:00-04:00,2022-04-27,amc,3.61,4.22,16.86
DFS,2022-07-20 17:00:00-04:00,2022-07-20,amc,3.77,3.96,4.96
DFS,2022-10-24 16:00:00-04:00,2022-10-24,amc,3.71,3.54,-4.7
DFS,2023-01-18 16:00:00-05:00,2023-01-18,amc,3.64,3.77,3.5
DFS,2023-04-19 16:00:00-04:00,2023-04-19,amc,3.91,3.58,-8.43
DFS,2023-07-19 16:00:00-04:00,2023-07-19,amc,3.69,3.54,-3.99
DFS,2023-10-18 16:00:00-04:00,2023-10-18,amc,3.17,2.59,-18.2
DFS,2024-01-17 16:00:00-05:00,2024-01-17,amc,2.51,1.54,-38.57
DFS,2024-04-17 16:00:00-04:00,2024-04-17,amc,3.0,1.1,-63.33
DFS,2024-07-17 16:00:00-04:00,2024-07-17,amc,3.1,6.06,95.61
DFS,2024-10-16 16:00:00-04:00,2024-10-16,amc,3.61,3.69,2.29
DFS,2025-01-22 16:00:00-05:00,2025-01-22,amc,3.31,5.11,54.42
DFS,2025-04-23 16:00:00-04:00,2025-04-23,amc,3.31,4.25,28.42
CRM,2021-02-25 16:00:00-05:00,2021-02-25,amc,0.75,1.04,38.5
CRM,2021-05-27 16:00:00-04:00,2021-05-27,amc,0.88,1.21,36.96
CRM,2021-08-25 16:00:00-04:00,2021-08-25,amc,0.93,1.48,59.49
CRM,2021-11-30 16:00:00-05:00,2021-11-30,amc,0.92,1.27,37.89
CRM,2022-03-01 16:00:00-05:00,2022-03-01,amc,0.75,0.84,11.85
CRM,2022-05-31 16:00:00-04:00,2022-05-31,amc,0.94,0.98,3.73
CRM,2022-08-24 16:00:00-04:00,2022-08-24,amc,1.03,1.19,15.75
CRM,2022-11-30 16:00:00-05:00,2022-11-30,amc,1.22,1.4,14.55
CRM,2023-03-01 16:00:00-05:00,2023-03-01,amc,1.36,1.68,23.43
CRM,2023-05-31 16:00:00-04:00,2023-05-31,amc,1.61,1.69,4.84
CRM,2023-08-30 16:00:00-04:00,2023-08-30,amc,1.9,2.12,11.45
CRM,2023-11-29 16:00:00-05:00,2023-11-29,amc,2.06,2.11,2.52
CRM,2024-02-28 16:00:00-05:00,2024-02-28,amc,2.27,2.29,0.96
CRM,2024-05-29 16:00:00-04:00,2024-05-29,amc,2.37,2.44,2.75
CRM,2024-08-28 16:00:00-04:00,2024-08-28,amc,2.36,2.56,8.63
CRM,2024-12-03 16:00:00-05:00,2024-12-03,amc,2.45,2.41,-1.47
CRM,2025-02-26 16:00:00-05:00,2025-02-26,amc,2.61,2.78,6.43
CRM,2025-05-28 16:00:00-04:00,2025-05-28,amc,2.55,2.58,1.31
CRM,2025-09-03 16:00:00-04:00,2025-09-03,amc,2.78,2.91,4.7
RCL,2022-02-04 07:00:00-05:00,2022-02-04,bmo,-3.92,-4.78,-21.98
RCL,2022-05-05 08:00:00-04:00,2022-05-05,bmo,-4.48,-4.57,-1.91
RCL,2022-07-28 08:00:00-04:00,2022-07-28,bmo,-2.3,-2.08,9.69
RCL,2022-11-03 08:00:00-04:00,2022-11-03,bmo,0.17,0.26,49.93
RCL,2023-02-07 07:00:00-05:00,2023-02-07,bmo,-1.34,-1.12,16.59
RCL,2023-05-04 07:00:00-04:00,2023-05-04,bmo,-0.69,-0.23,66.76
RCL,2023-07-27 07:00:00-04:00,2023-07-27,bmo,1.58,1.82,14.85
RCL,2023-10-26 06:00:00-04:00,2023-10-26,bmo,3.39,3.85,13.44
RCL,2024-02-01 06:00:00-05:00,2024-02-01,bmo,1.13,1.25,10.79
RCL,2024-04-25 06:00:00-04:00,2024-04-25,bmo,1.31,1.77,35.18
RCL,2024-07-25 06:00:00-04:00,2024-07-25,bmo,2.75,3.21,16.6
RCL,2024-10-29 06:00:00-04:00,2024-10-29,bmo,5.03,5.2,3.3
RCL,2025-01-28 06:00:00-05:00,2025-01-28,bmo,1.5,1.63,9.0
RCL,2025-04-29 06:00:00-04:00,2025-04-29,bmo,2.53,2.71,7.02
RCL,2025-07-29 06:00:00-04:00,2025-07-29,bmo,4.08,4.38,7.33
RCL,2025-10-28 06:00:00-04:00,2025-10-28,bmo,5.68,5.75,1.24
ITW,2021-02-05 08:00:00-05:00,2021-02-05,bmo,1.78,2.02,13.4
ITW,2021-04-30 08:00:00-04:00,2021-04-30,bmo,1.9,2.11,11.14
ITW,2021-07-30 08:00:00-04:00,2021-07-30,bmo,2.09,2.45,17.23
ITW,2021-10-28 08:00:00-04:00,2021-10-28,bmo,2.01,2.02,0.39
ITW,2022-02-03 08:00:00-05:00,2022-02-03,bmo,1.9,1.93,1.43
ITW,2022-05-03 08:00:00-04:00,2022-05-03,bmo,2.07,2.11,1.91
ITW,2022-08-02 08:00:00-04:00,2022-08-02,bmo,2.21,2.37,7.08
ITW,2022-10-25 08:00:00-04:00,2022-10-25,bmo,2.25,2.35,4.26
ITW,2023-02-02 08:00:00-05:00,2023-02-02,bmo,2.57,2.95,14.68
ITW,2023-05-02 08:00:00-04:00,2023-05-02,bmo,2.22,2.33,4.79
ITW,2023-08-01 08:00:00-04:00,2023-08-01,bmo,2.4,2.48,3.28
ITW,2023-10-24 08:00:00-04:00,2023-10-24,bmo,2.45,2.55,4.11
ITW,2024-02-01 09:00:00-05:00,2024-02-01,bmo,2.42,2.38,-1.61
ITW,2024-04-30 09:00:00-04:00,2024-04-30,bmo,2.36,2.73,15.72
ITW,2024-07-30 08:00:00-04:00,2024-07-30,bmo,2.47,2.54,2.68
ITW,2024-10-30 08:00:00-04:00,2024-10-30,bmo,2.52,3.91,54.97
ITW,2025-02-05 08:00:00-05:00,2025-02-05,bmo,2.49,2.54,1.86
ITW,2025-04-30 08:00:00-04:00,2025-04-30,bmo,2.35,2.38,1.14
ITW,2025-07-30 08:00:00-04:00,2025-07-30,bmo,2.57,2.58,0.52
ITW,2025-10-24 08:00:00-04:00,2025-10-24,bmo,2.7,2.81,3.95
ICE,2021-02-04 08:00:00-05:00,2021-02-04,bmo,1.08,1.13,4.53
ICE,2021-04-29 07:00:00-04:00,2021-04-29,bmo,1.31,1.34,2.38
ICE,2021-07-29 07:00:00-04:00,2021-07-29,bmo,1.16,1.16,0.36
ICE,2021-10-28 07:00:00-04:00,2021-10-28,bmo,1.23,1.3,5.82
ICE,2022-02-03 07:00:00-05:00,2022-02-03,bmo,1.32,1.34,1.75
ICE,2022-05-05 07:00:00-04:00,2022-05-05,bmo,1.42,1.43,0.7
ICE,2022-08-04 07:00:00-04:00,2022-08-04,bmo,1.27,1.32,3.99
ICE,2022-11-03 07:00:00-04:00,2022-11-03,bmo,1.27,1.31,3.37
ICE,2023-02-02 07:00:00-05:00,2023-02-02,bmo,1.26,1.25,-0.96
ICE,2023-05-04 07:00:00-04:00,2023-05-04,bmo,1.4,1.41,0.75
ICE,2023-08-03 07:00:00-04:00,2023-08-03,bmo,1.37,1.43,4.6
ICE,2023-11-02 07:00:00-04:00,2023-11-02,bmo,1.39,1.46,5.17
ICE,2024-02-08 07:00:00-05:00,2024-02-08,bmo,1.29,1.33,3.06
ICE,2024-05-02 08:00:00-04:00,2024-05-02,bmo,1.49,1.48,-0.46
ICE,2024-08-01 07:00:00-04:00,2024-08-01,bmo,1.49,1.52,2.25
ICE,2024-10-31 07:00:00-04:00,2024-10-31,bmo,1.55,1.55,-0.06
ICE,2025-02-06 07:00:00-05:00,2025-02-06,bmo,1.49,1.52,1.98
ICE,2025-05-01 07:00:00-04:00,2025-05-01,bmo,1.7,1.72,0.99
ICE,2025-07-31 07:00:00-04:00,2025-07-31,bmo,1.77,1.81,2.26
ICE,2025-10-30 07:00:00-04:00,2025-10-30,bmo,1.61,1.71,6.44
AME,2021-02-04 06:00:00-05:00,2021-02-04,bmo,1.03,1.08,4.92
AME,2021-05-04 06:00:00-04:00,2021-05-04,bmo,1.01,1.07,5.45
AME,2021-08-03 06:00:00-04:00,2021-08-03,bmo,1.1,1.15,4.23
AME,2021-11-02 06:00:00-04:00,2021-11-02,bmo,1.18,1.26,6.54
AME,2022-02-03 06:00:00-05:00,2022-02-03,bmo,1.3,1.37,5.28
AME,2022-05-03 06:00:00-04:00,2022-05-03,bmo,1.28,1.33,4.29
AME,2022-08-02 06:00:00-04:00,2022-08-02,bmo,1.3,1.38,6.06
AME,2022-11-01 06:00:00-04:00,2022-11-01,bmo,1.37,1.45,5.75
AME,2023-02-02 06:00:00-05:00,2023-02-02,bmo,1.47,1.52,3.31
AME,2023-05-02 06:00:00-04:00,2023-05-02,bmo,1.41,1.49,5.51
AME,2023-08-01 06:00:00-04:00,2023-08-01,bmo,1.51,1.57,4.07
AME,2023-10-31 06:00:00-04:00,2023-10-31,bmo,1.58,1.64,3.88
AME,2024-02-06 06:00:00-05:00,2024-02-06,bmo,1.63,1.68,3.12
AME,2024-05-02 06:00:00-04:00,2024-05-02,bmo,1.59,1.64,2.95
AME,2024-08-01 06:00:00-04:00,2024-08-01,bmo,1.64,1.66,0.98
AME,2024-10-31 06:00:00-04:00,2024-10-31,bmo,1.41,1.47,4.34
AME,2025-02-04 06:00:00-05:00,2025-02-04,bmo,1.85,1.87,1.12
AME,2025-05-01 06:00:00-04:00,2025-05-01,bmo,1.48,1.52,2.7
AME,2025-07-31 06:00:00-04:00,2025-07-31,bmo,1.69,1.78,5.54
AME,2025-10-30 06:00:00-04:00,2025-10-30,bmo,1.76,1.89,7.41
CMS,2021-02-04 08:00:00-05:00,2021-02-04,bmo,0.55,0.56,1.47
CMS,2021-04-29 08:00:00-04:00,2021-04-29,bmo,1.14,1.21,6.03
CMS,2021-07-29 08:00:00-04:00,2021-07-29,bmo,0.45,0.55,22.02
CMS,2021-10-28 08:00:00-04:00,2021-10-28,bmo,0.54,0.54,0.78
CMS,2022-02-03 08:00:00-05:00,2022-02-03,bmo,0.46,0.47,2.24
CMS,2022-05-03 07:00:00-04:00,2022-05-03,bmo,1.12,1.2,7.62
CMS,2022-07-28 08:00:00-04:00,2022-07-28,bmo,0.45,0.53,18.37
CMS,2022-10-27 07:00:00-04:00,2022-10-27,bmo,0.53,0.56,6.27
CMS,2023-02-02 07:00:00-05:00,2023-02-02,bmo,0.57,0.6,5.26
CMS,2023-04-27 06:00:00-04:00,2023-04-27,bmo,0.7,0.7,0.18
CMS,2023-07-27 06:00:00-04:00,2023-07-27,bmo,0.69,0.75,8.04
CMS,2023-10-26 06:00:00-04:00,2023-10-26,bmo,0.59,0.61,3.71
CMS,2024-02-01 06:00:00-05:00,2024-02-01,bmo,1.04,1.05,0.62
CMS,2024-04-25 06:00:00-04:00,2024-04-25,bmo,0.95,0.97,2.48
CMS,2024-07-25 06:00:00-04:00,2024-07-25,bmo,0.62,0.66,6.07
CMS,2024-10-31 06:00:00-04:00,2024-10-31,bmo,0.78,0.84,7.83
CMS,2025-02-06 06:00:00-05:00,2025-02-06,bmo,0.87,0.87,-0.01
CMS,2025-04-24 06:00:00-04:00,2025-04-24,bmo,1.01,1.02,1.21
CMS,2025-07-31 06:00:00-04:00,2025-07-31,bmo,0.68,0.71,3.94
CMS,2025-10-30 06:00:00-04:00,2025-10-30,bmo,0.86,0.93,8.39
HES,2021-01-27 07:00:00-05:00,2021-01-27,bmo,-0.66,-0.58,11.94
HES,2021-04-28 07:00:00-04:00,2021-04-28,bmo,0.36,0.82,125.59
HES,2021-07-28 07:00:00-04:00,2021-07-28,bmo,0.19,0.24,27.97
HES,2021-10-27 07:00:00-04:00,2021-10-27,bmo,0.26,0.28,6.77
HES,2022-01-26 07:00:00-05:00,2022-01-26,bmo,0.73,0.85,16.71
HES,2022-04-27 07:00:00-04:00,2022-04-27,bmo,1.13,1.3,15.18
HES,2022-07-27 07:00:00-04:00,2022-07-27,bmo,2.15,2.15,0.23
HES,2022-10-26 07:00:00-04:00,2022-10-26,bmo,1.89,1.89,-0.07
HES,2023-01-25 07:00:00-05:00,2023-01-25,bmo,1.64,1.78,8.8
HES,2023-04-26 07:00:00-04:00,2023-04-26,bmo,1.03,1.13,10.04
HES,2023-07-26 07:00:00-04:00,2023-07-26,bmo,0.5,0.65,28.93
HES,2023-10-25 07:00:00-04:00,2023-10-25,bmo,1.25,1.64,31.58
HES,2024-01-31 07:00:00-05:00,2024-01-31,bmo,1.39,1.63,17.54
HES,2024-04-25 07:00:00-04:00,2024-04-25,bmo,1.73,3.16,82.95
HES,2024-07-31 07:00:00-04:00,2024-07-31,bmo,2.55,2.62,2.9
HES,2024-10-30 07:00:00-04:00,2024-10-30,bmo,1.77,2.14,20.7
HES,2025-01-29 07:00:00-05:00,2025-01-29,bmo,1.47,1.76,20.13
HES,2025-04-30 07:00:00-04:00,2025-04-30,bmo,1.61,1.81,12.54
BLK,2022-07-15 07:00:00-04:00,2022-07-15,bmo,8.02,7.36,-8.27
BLK,2022-10-13 07:00:00-04:00,2022-10-13,bmo,7.06,9.55,35.17
BLK,2023-01-13 08:00:00-05:00,2023-01-13,bmo,8.1,8.93,10.31
BLK,2023-04-14 06:00:00-04:00,2023-04-14,bmo,7.73,7.93,2.63
BLK,2023-07-14 06:00:00-04:00,2023-07-14,bmo,8.47,9.28,9.6
BLK,2023-10-13 06:00:00-04:00,2023-10-13,bmo,8.34,10.91,30.76
BLK,2024-01-12 05:00:00-05:00,2024-01-12,bmo,8.88,9.66,8.79
BLK,2024-04-12 06:00:00-04:00,2024-04-12,bmo,9.39,9.81,4.47
BLK,2024-07-15 06:00:00-04:00,2024-07-15,bmo,9.96,10.36,3.99
BLK,2024-10-11 06:00:00-04:00,2024-10-11,bmo,10.31,11.46,11.11
BLK,2025-01-15 05:00:00-05:00,2025-01-15,bmo,11.22,11.93,6.36
BLK,2025-04-11 06:00:00-04:00,2025-04-11,bmo,10.13,11.3,11.59
BLK,2025-07-15 06:00:00-04:00,2025-07-15,bmo,10.81,12.05,11.47
BLK,2025-10-14 06:00:00-04:00,2025-10-14,bmo,11.34,11.55,1.87
LUV,2022-01-27 06:00:00-05:00,2022-01-27,bmo,0.07,0.14,106.43
LUV,2022-04-28 06:00:00-04:00,2022-04-28,bmo,-0.3,-0.32,-5.5
LUV,2022-07-28 06:00:00-04:00,2022-07-28,bmo,1.18,1.3,10.29
LUV,2022-10-27 06:00:00-04:00,2022-10-27,bmo,0.42,0.5,18.07
LUV,2023-01-26 06:00:00-05:00,2023-01-26,bmo,-0.11,-0.38,-242.06
LUV,2023-04-27 06:00:00-04:00,2023-04-27,bmo,-0.23,-0.27,-18.45
LUV,2023-07-27 06:00:00-04:00,2023-07-27,bmo,1.1,1.09,-1.08
LUV,2023-10-26 06:00:00-04:00,2023-10-26,bmo,0.39,0.38,-3.12
LUV,2024-01-25 06:00:00-05:00,2024-01-25,bmo,0.13,0.37,176.61
LUV,2024-04-25 06:00:00-04:00,2024-04-25,bmo,-0.34,-0.36,-7.06
LUV,2024-07-25 06:00:00-04:00,2024-07-25,bmo,0.51,0.58,14.66
LUV,2024-10-24 06:00:00-04:00,2024-10-24,bmo,0.04,0.15,237.76
LUV,2025-01-30 06:00:00-05:00,2025-01-30,bmo,0.46,0.56,21.53
LUV,2025-04-23 16:00:00-04:00,2025-04-23,amc,-0.19,-0.13,32.18
LUV,2025-07-23 16:00:00-04:00,2025-07-23,amc,0.51,0.43,-16.17
LUV,2025-10-22 16:00:00-04:00,2025-10-22,amc,-0.03,0.1,433.33
MO,2022-01-27 07:00:00-05:00,2022-01-27,bmo,1.08,1.09,0.64
MO,2022-04-28 07:00:00-04:00,2022-04-28,bmo,1.09,1.12,2.52
MO,2022-07-28 07:00:00-04:00,2022-07-28,bmo,1.25,1.26,0.77
MO,2022-10-27 07:00:00-04:00,2022-10-27,bmo,1.3,1.28,-1.82
MO,2023-02-01 07:00:00-05:00,2023-02-01,bmo,1.16,1.18,1.79
MO,2023-04-27 07:00:00-04:00,2023-04-27,bmo,1.17,1.18,0.51
MO,2023-08-01 07:00:00-04:00,2023-08-01,bmo,1.3,1.31,0.77
MO,2023-10-26 07:00:00-04:00,2023-10-26,bmo,1.3,1.28,-1.25
MO,2024-02-01 07:00:00-05:00,2024-02-01,bmo,1.18,1.18,0.41
MO,2024-04-25 07:00:00-04:00,2024-04-25,bmo,1.15,1.15,-0.06
MO,2024-07-31 07:00:00-04:00,2024-07-31,bmo,1.34,1.31,-2.56
MO,2024-10-31 07:00:00-04:00,2024-10-31,bmo,1.35,1.38,2.25
MO,2025-01-30 07:00:00-05:00,2025-01-30,bmo,1.28,1.29,0.85
MO,2025-04-29 07:00:00-04:00,2025-04-29,bmo,1.19,1.23,3.52
MO,2025-07-30 07:00:00-04:00,2025-07-30,bmo,1.38,1.44,3.99
MO,2025-10-30 07:00:00-04:00,2025-10-30,bmo,1.45,1.45,0.13
CMG,2022-02-08 16:00:00-05:00,2022-02-08,amc,0.11,0.11,5.43
CMG,2022-04-26 16:00:00-04:00,2022-04-26,amc,0.11,0.11,1.14
CMG,2022-07-26 16:00:00-04:00,2022-07-26,amc,0.18,0.19,2.84
CMG,2022-10-25 16:00:00-04:00,2022-10-25,amc,0.18,0.19,3.48
CMG,2023-02-07 16:00:00-05:00,2023-02-07,amc,0.18,0.17,-6.75
CMG,2023-04-25 16:00:00-04:00,2023-04-25,amc,0.18,0.21,17.28
CMG,2023-07-26 16:00:00-04:00,2023-07-26,amc,0.25,0.25,2.98
CMG,2023-10-26 16:00:00-04:00,2023-10-26,amc,0.21,0.23,6.86
CMG,2024-02-06 16:00:00-05:00,2024-02-06,amc,0.19,0.21,6.52
CMG,2024-04-24 16:00:00-04:00,2024-04-24,amc,0.23,0.27,14.5
CMG,2024-07-24 16:00:00-04:00,2024-07-24,amc,0.32,0.34,7.04
CMG,2024-10-29 16:00:00-04:00,2024-10-29,amc,0.25,0.27,6.57
CMG,2025-02-04 16:00:00-05:00,2025-02-04,amc,0.25,0.25,1.45
CMG,2025-04-23 16:00:00-04:00,2025-04-23,amc,0.28,0.29,4.72
CMG,2025-07-23 16:00:00-04:00,2025-07-23,amc,0.33,0.33,1.26
CMG,2025-10-29 16:00:00-04:00,2025-10-29,amc,0.29,0.29,0.87
MPC,2021-02-02 06:00:00-05:00,2021-02-02,bmo,-1.24,-0.94,24.35
MPC,2021-05-04 06:00:00-04:00,2021-05-04,bmo,-0.71,-0.2,71.74
MPC,2021-08-04 06:00:00-04:00,2021-08-04,bmo,0.38,0.67,76.07
MPC,2021-11-02 06:00:00-04:00,2021-11-02,bmo,0.7,0.73,4.06
MPC,2022-02-02 06:00:00-05:00,2022-02-02,bmo,0.56,1.3,131.38
MPC,2022-05-03 06:00:00-04:00,2022-05-03,bmo,1.28,1.45,13.58
MPC,2022-08-02 06:00:00-04:00,2022-08-02,bmo,8.5,10.61,24.89
MPC,2022-11-01 06:00:00-04:00,2022-11-01,bmo,7.02,7.81,11.21
MPC,2023-01-31 06:00:00-05:00,2023-01-31,bmo,5.63,6.65,18.14
MPC,2023-05-02 06:00:00-04:00,2023-05-02,bmo,5.6,6.09,8.66
MPC,2023-08-01 06:00:00-04:00,2023-08-01,bmo,4.59,5.32,15.98
MPC,2023-10-31 06:00:00-04:00,2023-10-31,bmo,7.75,8.14,5.06
MPC,2024-01-30 06:00:00-05:00,2024-01-30,bmo,2.22,3.98,79.18
MPC,2024-04-30 06:00:00-04:00,2024-04-30,bmo,2.58,2.58,-0.15
MPC,2024-08-06 06:00:00-04:00,2024-08-06,bmo,3.09,4.12,33.32
MPC,2024-11-05 06:00:00-05:00,2024-11-05,bmo,1.28,1.87,46.09
MPC,2025-02-04 06:00:00-05:00,2025-02-04,bmo,0.02,0.77,3730.85
MPC,2025-05-06 06:00:00-04:00,2025-05-06,bmo,-0.54,-0.24,55.91
MPC,2025-08-05 06:00:00-04:00,2025-08-05,bmo,3.22,3.96,22.98
MPC,2025-11-04 06:00:00-05:00,2025-11-04,bmo,3.16,3.01,-4.86
PGR,2021-01-27 09:00:00-05:00,2021-01-27,bmo,1.69,1.84,8.54
PGR,2021-04-15 10:00:00-04:00,2021-04-15,bmo,1.72,1.72,0.15
PGR,2021-07-15 08:00:00-04:00,2021-07-15,bmo,1.05,0.71,-32.36
PGR,2021-10-14 10:00:00-04:00,2021-10-14,bmo,0.22,0.15,-32.69
PGR,2022-01-26 09:00:00-05:00,2022-01-26,bmo,1.02,1.08,5.81
PGR,2022-04-14 11:00:00-04:00,2022-04-14,amc,1.24,1.15,-7.69
PGR,2022-07-15 08:00:00-04:00,2022-07-15,bmo,0.93,0.79,-14.86
PGR,2022-10-13 08:00:00-04:00,2022-10-13,bmo,0.92,0.53,-42.17
PGR,2023-01-25 09:00:00-05:00,2023-01-25,bmo,1.43,1.51,5.74
PGR,2023-04-13 09:00:00-04:00,2023-04-13,bmo,1.35,0.66,-50.85
PGR,2023-08-01 10:00:00-04:00,2023-08-01,bmo,0.84,0.42,-50.62
PGR,2023-10-31 08:00:00-04:00,2023-10-31,bmo,1.71,2.11,23.44
PGR,2024-01-24 08:00:00-05:00,2024-01-24,bmo,2.43,2.97,22.59
PGR,2024-04-12 09:00:00-04:00,2024-04-12,bmo,3.21,3.76,17.05
PGR,2024-07-16 08:00:00-04:00,2024-07-16,bmo,2.01,2.65,31.69
PGR,2024-10-15 08:00:00-04:00,2024-10-15,bmo,3.67,3.58,-2.3
PGR,2025-01-28 19:00:00-05:00,2025-01-28,amc,3.56,4.08,14.63
PGR,2025-04-16 09:00:00-04:00,2025-04-16,bmo,4.75,4.65,-2.08
PGR,2025-07-16 08:00:00-04:00,2025-07-16,bmo,4.4,4.88,10.73
PGR,2025-10-15 08:00:00-04:00,2025-10-15,bmo,5.27,4.44,-15.78
HSY,2021-02-04 06:00:00-05:00,2021-02-04,bmo,1.43,1.49,4.48
HSY,2021-04-29 06:00:00-04:00,2021-04-29,bmo,1.8,1.92,6.75
HSY,2021-07-29 06:00:00-04:00,2021-07-29,bmo,1.42,1.47,3.17
HSY,2021-10-28 06:00:00-04:00,2021-10-28,bmo,2.0,2.1,4.8
HSY,2022-02-03 06:00:00-05:00,2022-02-03,bmo,1.61,1.69,4.68
HSY,2022-04-28 06:00:00-04:00,2022-04-28,bmo,2.1,2.53,20.57
HSY,2022-07-28 06:00:00-04:00,2022-07-28,bmo,1.68,1.8,6.93
HSY,2022-11-04 06:00:00-04:00,2022-11-04,bmo,2.1,2.17,3.2
HSY,2023-02-02 06:00:00-05:00,2023-02-02,bmo,1.77,2.02,13.95
HSY,2023-04-27 06:00:00-04:00,2023-04-27,bmo,2.67,2.96,11.07
HSY,2023-07-27 06:00:00-04:00,2023-07-27,bmo,1.91,2.01,4.97
HSY,2023-10-26 06:00:00-04:00,2023-10-26,bmo,2.45,2.6,5.96
HSY,2024-02-08 06:00:00-05:00,2024-02-08,bmo,1.96,2.02,3.28
HSY,2024-05-03 06:00:00-04:00,2024-05-03,bmo,2.76,3.07,11.17
HSY,2024-08-01 06:00:00-04:00,2024-08-01,bmo,1.32,0.89,-32.5
HSY,2024-11-07 06:00:00-05:00,2024-11-07,bmo,2.55,2.34,-8.29
HSY,2025-02-06 06:00:00-05:00,2025-02-06,bmo,2.38,2.69,13.26
HSY,2025-05-01 06:00:00-04:00,2025-05-01,bmo,1.93,2.09,8.03
HSY,2025-07-30 06:00:00-04:00,2025-07-30,bmo,1.0,1.21,20.42
HSY,2025-10-30 06:00:00-04:00,2025-10-30,bmo,1.06,1.3,22.22
WBA,2022-01-06 07:00:00-05:00,2022-01-06,bmo,1.34,1.68,25.54
WBA,2022-03-31 07:00:00-04:00,2022-03-31,bmo,1.4,1.59,13.87
WBA,2022-06-30 07:00:00-04:00,2022-06-30,bmo,0.92,0.96,3.89
WBA,2022-10-13 07:00:00-04:00,2022-10-13,bmo,0.77,0.8,3.75
WBA,2023-01-05 07:00:00-05:00,2023-01-05,bmo,1.14,1.16,1.5
WBA,2023-03-28 07:00:00-04:00,2023-03-28,bmo,1.11,1.16,4.58
WBA,2023-06-27 07:00:00-04:00,2023-06-27,bmo,1.07,1.0,-6.41
WBA,2023-10-12 07:00:00-04:00,2023-10-12,bmo,0.69,0.67,-2.19
WBA,2024-01-04 07:00:00-05:00,2024-01-04,bmo,0.62,0.66,6.44
WBA,2024-03-28 07:00:00-04:00,2024-03-28,bmo,0.82,1.2,45.75
WBA,2024-06-27 07:00:00-04:00,2024-06-27,bmo,0.71,0.63,-11.03
WBA,2024-10-15 07:00:00-04:00,2024-10-15,bmo,0.36,0.39,9.39
WBA,2025-01-10 07:00:00-05:00,2025-01-10,bmo,-0.1,-0.31,-213.64
WBA,2025-04-08 07:00:00-04:00,2025-04-08,bmo,0.52,0.63,20.42
WBA,2025-06-26 07:00:00-04:00,2025-06-26,bmo,0.34,0.38,11.91
CVX,2021-01-29 07:00:00-05:00,2021-01-29,bmo,0.09,-0.01,-111.36
CVX,2021-04-30 06:00:00-04:00,2021-04-30,bmo,0.94,0.9,-4.57
CVX,2021-07-30 06:00:00-04:00,2021-07-30,bmo,1.6,1.71,6.57
CVX,2021-10-29 06:00:00-04:00,2021-10-29,bmo,2.19,2.96,35.04
CVX,2022-01-28 06:00:00-05:00,2022-01-28,bmo,3.12,2.56,-18.04
CVX,2022-04-29 06:00:00-04:00,2022-04-29,bmo,3.45,3.36,-2.68
CVX,2022-07-29 06:00:00-04:00,2022-07-29,bmo,5.03,5.82,15.68
CVX,2022-10-28 06:00:00-04:00,2022-10-28,bmo,4.92,5.56,13.09
CVX,2023-01-27 06:00:00-05:00,2023-01-27,bmo,4.3,4.09,-4.82
CVX,2023-04-28 06:00:00-04:00,2023-04-28,bmo,3.38,3.55,5.06
CVX,2023-07-23 16:00:00-04:00,2023-07-23,amc,2.98,3.08,3.52
CVX,2023-10-27 03:00:00-04:00,2023-10-27,bmo,3.68,3.05,-17.07
CVX,2024-02-02 06:00:00-05:00,2024-02-02,bmo,3.22,3.45,7.26
CVX,2024-04-26 03:00:00-04:00,2024-04-26,bmo,2.91,2.93,0.59
CVX,2024-08-02 06:00:00-04:00,2024-08-02,bmo,3.0,2.55,-14.9
CVX,2024-11-01 06:00:00-04:00,2024-11-01,bmo,2.42,2.51,3.86
CVX,2025-01-31 06:00:00-05:00,2025-01-31,bmo,2.11,2.06,-2.28
CVX,2025-05-02 06:00:00-04:00,2025-05-02,bmo,2.15,2.18,1.31
CVX,2025-08-01 06:00:00-04:00,2025-08-01,bmo,1.74,1.77,1.71
CVX,2025-10-31 06:00:00-04:00,2025-10-31,bmo,1.53,1.82,18.78
COF,2022-01-25 16:00:00-05:00,2022-01-25,amc,5.19,5.41,4.16
COF,2022-04-26 16:00:00-04:00,2022-04-26,amc,5.46,5.62,2.91
COF,2022-07-21 16:00:00-04:00,2022-07-21,amc,5.05,4.96,-1.74
COF,2022-10-27 16:00:00-04:00,2022-10-27,amc,5.04,4.2,-16.71
COF,2023-01-24 16:00:00-05:00,2023-01-24,amc,3.86,2.82,-26.93
COF,2023-04-27 16:00:00-04:00,2023-04-27,amc,3.89,2.31,-40.56
COF,2023-07-20 16:00:00-04:00,2023-07-20,amc,3.24,3.52,8.75
COF,2023-10-26 16:00:00-04:00,2023-10-26,amc,3.24,4.45,37.56
COF,2024-01-25 16:00:00-05:00,2024-01-25,amc,2.67,2.24,-15.96
COF,2024-04-25 16:00:00-04:00,2024-04-25,amc,3.38,3.21,-4.9
COF,2024-07-23 16:00:00-04:00,2024-07-23,amc,3.39,3.14,-7.4
COF,2024-10-24 16:00:00-04:00,2024-10-24,amc,3.76,4.51,19.97
COF,2025-01-21 16:00:00-05:00,2025-01-21,amc,2.8,3.09,10.37
COF,2025-04-22 16:00:00-04:00,2025-04-22,amc,3.65,4.06,11.19
COF,2025-07-22 16:00:00-04:00,2025-07-22,amc,3.7,5.48,47.99
COF,2025-10-21 16:00:00-04:00,2025-10-21,amc,4.36,5.95,36.42
PEG,2021-02-26 07:00:00-05:00,2021-02-26,bmo,0.64,0.65,1.28
PEG,2021-05-05 07:00:00-04:00,2021-05-05,bmo,1.12,1.28,14.15
PEG,2021-08-03 07:00:00-04:00,2021-08-03,bmo,0.7,0.7,-0.49
PEG,2021-11-02 07:00:00-04:00,2021-11-02,bmo,0.93,0.98,5.52
PEG,2022-02-24 07:00:00-05:00,2022-02-24,bmo,0.67,0.69,3.49
PEG,2022-05-03 07:00:00-04:00,2022-05-03,bmo,1.12,1.33,18.62
PEG,2022-08-02 07:00:00-04:00,2022-08-02,bmo,0.64,0.64,-0.41
PEG,2022-10-31 07:00:00-04:00,2022-10-31,bmo,0.83,0.86,4.24
PEG,2023-02-21 07:00:00-05:00,2023-02-21,bmo,0.62,0.64,2.59
PEG,2023-05-02 07:00:00-04:00,2023-05-02,bmo,1.25,1.39,11.59
PEG,2023-08-01 07:00:00-04:00,2023-08-01,bmo,0.62,0.7,12.3
PEG,2023-10-31 07:00:00-04:00,2023-10-31,bmo,0.75,0.85,13.0
PEG,2024-02-26 07:00:00-05:00,2024-02-26,bmo,0.52,0.54,3.74
PEG,2024-04-30 07:00:00-04:00,2024-04-30,bmo,1.32,1.31,-0.68
PEG,2024-07-30 07:00:00-04:00,2024-07-30,bmo,0.62,0.63,1.04
PEG,2024-11-04 07:00:00-05:00,2024-11-04,bmo,0.88,0.9,2.67
PEG,2025-02-25 07:00:00-05:00,2025-02-25,bmo,0.83,0.84,1.47
PEG,2025-04-30 07:00:00-04:00,2025-04-30,bmo,1.43,1.43,-0.23
PEG,2025-08-05 07:00:00-04:00,2025-08-05,bmo,0.7,0.77,10.25
PEG,2025-11-03 07:00:00-05:00,2025-11-03,bmo,1.01,1.13,11.57
STT,2021-01-19 07:00:00-05:00,2021-01-19,bmo,1.55,1.69,8.83
STT,2021-04-16 07:00:00-04:00,2021-04-16,bmo,1.34,1.47,9.32
STT,2021-07-16 07:00:00-04:00,2021-07-16,bmo,1.8,1.97,9.72
STT,2021-10-18 07:00:00-04:00,2021-10-18,bmo,1.92,2.0,4.16
STT,2022-01-19 07:00:00-05:00,2022-01-19,bmo,1.89,2.0,5.94
STT,2022-04-14 07:00:00-04:00,2022-04-14,bmo,1.48,1.59,7.71
STT,2022-07-15 08:00:00-04:00,2022-07-15,bmo,1.73,1.94,12.35
STT,2022-10-18 07:00:00-04:00,2022-10-18,bmo,1.78,1.82,2.2
STT,2023-01-20 07:00:00-05:00,2023-01-20,bmo,1.96,2.07,5.78
STT,2023-04-17 07:00:00-04:00,2023-04-17,bmo,1.64,1.52,-7.57
STT,2023-07-14 07:00:00-04:00,2023-07-14,bmo,2.1,2.17,3.44
STT,2023-10-18 07:00:00-04:00,2023-10-18,bmo,1.83,1.93,5.24
STT,2024-01-19 07:00:00-05:00,2024-01-19,bmo,1.83,2.04,11.51
STT,2024-04-12 07:00:00-04:00,2024-04-12,bmo,1.5,1.69,12.79
STT,2024-07-16 07:00:00-04:00,2024-07-16,bmo,2.02,2.15,6.28
STT,2024-10-15 07:00:00-04:00,2024-10-15,bmo,2.12,2.26,6.6
STT,2025-01-17 07:00:00-05:00,2025-01-17,bmo,2.44,2.6,6.51
STT,2025-04-17 07:00:00-04:00,2025-04-17,bmo,2.01,2.04,1.7
STT,2025-07-15 07:00:00-04:00,2025-07-15,bmo,2.36,2.53,7.06
STT,2025-10-17 07:00:00-04:00,2025-10-17,bmo,2.65,2.78,4.98
ADP,2021-01-27 07:00:00-05:00,2021-01-27,bmo,1.29,1.52,18.15
ADP,2021-04-28 06:00:00-04:00,2021-04-28,bmo,1.78,1.89,5.94
ADP,2021-07-28 06:00:00-04:00,2021-07-28,bmo,1.14,1.2,5.37
ADP,2021-10-27 06:00:00-04:00,2021-10-27,bmo,1.49,1.65,10.98
ADP,2022-01-26 06:00:00-05:00,2022-01-26,bmo,1.63,1.65,1.25
ADP,2022-04-27 06:00:00-04:00,2022-04-27,bmo,2.08,2.21,6.38
ADP,2022-07-27 06:00:00-04:00,2022-07-27,bmo,1.47,1.5,2.38
ADP,2022-10-26 06:00:00-04:00,2022-10-26,bmo,1.79,1.86,3.91
ADP,2023-01-25 06:00:00-05:00,2023-01-25,bmo,1.94,1.96,1.15
ADP,2023-04-26 06:00:00-04:00,2023-04-26,bmo,2.45,2.52,2.73
ADP,2023-07-26 06:00:00-04:00,2023-07-26,bmo,1.83,1.89,3.16
ADP,2023-10-25 06:00:00-04:00,2023-10-25,bmo,2.02,2.08,2.8
ADP,2024-01-31 06:00:00-05:00,2024-01-31,bmo,2.1,2.13,1.35
ADP,2024-05-01 06:00:00-04:00,2024-05-01,bmo,2.78,2.88,3.45
ADP,2024-07-31 06:00:00-04:00,2024-07-31,bmo,2.06,2.09,1.38
ADP,2024-10-30 06:00:00-04:00,2024-10-30,bmo,2.21,2.33,5.32
ADP,2025-01-29 06:00:00-05:00,2025-01-29,bmo,2.3,2.35,2.38
ADP,2025-04-30 06:00:00-04:00,2025-04-30,bmo,2.97,3.06,2.93
ADP,2025-07-30 06:00:00-04:00,2025-07-30,bmo,2.23,2.26,1.5
ADP,2025-10-29 06:00:00-04:00,2025-10-29,bmo,2.45,2.49,1.8
XEL,2021-01-28 06:00:00-05:00,2021-01-28,bmo,0.54,0.54,-0.19
XEL,2021-04-29 06:00:00-04:00,2021-04-29,bmo,0.61,0.67,10.48
XEL,2021-07-29 06:00:00-04:00,2021-07-29,bmo,0.57,0.58,2.05
XEL,2021-10-28 06:00:00-04:00,2021-10-28,bmo,1.17,1.13,-3.82
XEL,2022-01-27 06:00:00-05:00,2022-01-27,bmo,0.57,0.58,0.96
XEL,2022-04-28 06:00:00-04:00,2022-04-28,bmo,0.68,0.7,3.26
XEL,2022-07-28 06:00:00-04:00,2022-07-28,bmo,0.6,0.6,-0.58
XEL,2022-10-27 06:00:00-04:00,2022-10-27,bmo,1.22,1.18,-3.23
XEL,2023-01-26 06:00:00-05:00,2023-01-26,bmo,0.67,0.69,2.36
XEL,2023-04-27 06:00:00-04:00,2023-04-27,bmo,0.74,0.76,2.98
XEL,2023-07-27 06:00:00-04:00,2023-07-27,bmo,0.57,0.52,-8.0
XEL,2023-10-27 06:00:00-04:00,2023-10-27,bmo,1.26,1.23,-2.65
XEL,2024-01-25 06:00:00-05:00,2024-01-25,bmo,0.83,0.83,-0.41
XEL,2024-04-25 06:00:00-04:00,2024-04-25,bmo,0.77,0.88,13.61
XEL,2024-08-01 06:00:00-04:00,2024-08-01,bmo,0.57,0.54,-5.33
XEL,2024-10-31 06:00:00-04:00,2024-10-31,bmo,1.26,1.25,-0.95
XEL,2025-02-06 06:00:00-05:00,2025-02-06,bmo,0.88,0.81,-7.48
XEL,2025-04-24 06:00:00-04:00,2025-04-24,bmo,0.92,0.84,-8.64
XEL,2025-07-31 06:00:00-04:00,2025-07-31,bmo,0.64,0.75,16.29
XEL,2025-10-30 06:00:00-04:00,2025-10-30,bmo,1.32,1.24,-5.94
UPS,2022-02-01 06:00:00-05:00,2022-02-01,bmo,3.1,3.59,15.64
UPS,2022-04-26 06:00:00-04:00,2022-04-26,bmo,2.88,3.05,5.82
UPS,2022-07-26 06:00:00-04:00,2022-07-26,bmo,3.16,3.29,4.13
UPS,2022-10-25 06:00:00-04:00,2022-10-25,bmo,2.85,2.99,4.88
UPS,2023-01-31 06:00:00-05:00,2023-01-31,bmo,3.58,3.62,1.04
UPS,2023-04-25 06:00:00-04:00,2023-04-25,bmo,2.21,2.2,-0.4
UPS,2023-08-08 06:00:00-04:00,2023-08-08,bmo,2.5,2.54,1.8
UPS,2023-10-26 06:00:00-04:00,2023-10-26,bmo,1.56,1.57,0.57
UPS,2024-01-30 06:00:00-05:00,2024-01-30,bmo,2.46,2.47,0.41
UPS,2024-04-23 06:00:00-04:00,2024-04-23,bmo,1.34,1.43,6.74
UPS,2024-07-23 06:00:00-04:00,2024-07-23,bmo,1.99,1.79,-10.1
UPS,2024-10-24 06:00:00-04:00,2024-10-24,bmo,1.62,1.76,8.45
UPS,2025-01-30 06:00:00-05:00,2025-01-30,bmo,2.53,2.75,8.6
UPS,2025-04-29 06:00:00-04:00,2025-04-29,bmo,1.38,1.49,7.91
UPS,2025-07-29 06:00:00-04:00,2025-07-29,bmo,1.57,1.55,-1.02
UPS,2025-10-28 06:00:00-04:00,2025-10-28,bmo,1.3,1.74,33.94
AMZN,2022-02-03 16:00:00-05:00,2022-02-03,amc,0.19,1.39,641.94
AMZN,2022-04-28 16:00:00-04:00,2022-04-28,amc,0.41,-0.38,-191.55
AMZN,2022-07-28 16:00:00-04:00,2022-07-28,amc,0.12,-0.2,-273.3
AMZN,2022-10-27 16:00:00-04:00,2022-10-27,amc,0.21,0.28,33.0
AMZN,2023-02-02 16:00:00-05:00,2023-02-02,amc,0.16,0.03,-81.68
AMZN,2023-04-27 16:00:00-04:00,2023-04-27,amc,0.21,0.31,46.82
AMZN,2023-08-03 16:00:00-04:00,2023-08-03,amc,0.34,0.65,91.19
AMZN,2023-10-26 16:00:00-04:00,2023-10-26,amc,0.58,0.94,62.22
AMZN,2024-02-01 16:00:00-05:00,2024-02-01,amc,0.8,1.0,24.38
AMZN,2024-04-30 16:00:00-04:00,2024-04-30,amc,0.83,0.98,17.67
AMZN,2024-08-01 12:00:00-04:00,2024-08-01,amc,1.03,1.26,22.92
AMZN,2024-10-31 16:00:00-04:00,2024-10-31,amc,1.14,1.43,25.17
AMZN,2025-02-06 16:00:00-05:00,2025-02-06,amc,1.48,1.86,25.36
AMZN,2025-05-01 16:00:00-04:00,2025-05-01,amc,1.36,1.59,17.08
AMZN,2025-07-31 16:00:00-04:00,2025-07-31,amc,1.33,1.68,26.13
AMZN,2025-10-30 16:00:00-04:00,2025-10-30,amc,1.56,1.95,25.2
GWW,2021-02-03 08:00:00-05:00,2021-02-03,bmo,3.86,3.66,-5.26
GWW,2021-04-30 08:00:00-04:00,2021-04-30,bmo,4.32,4.48,3.7
GWW,2021-07-30 08:00:00-04:00,2021-07-30,bmo,4.62,4.27,-7.58
GWW,2021-10-29 08:00:00-04:00,2021-10-29,bmo,5.31,5.65,6.44
GWW,2022-02-03 08:00:00-05:00,2022-02-03,bmo,5.23,5.44,4.03
GWW,2022-04-28 08:00:00-04:00,2022-04-28,bmo,6.12,7.07,15.53
GWW,2022-07-29 08:00:00-04:00,2022-07-29,bmo,6.61,7.19,8.77
GWW,2022-10-28 08:00:00-04:00,2022-10-28,bmo,7.25,8.27,14.07
GWW,2023-02-02 08:00:00-05:00,2023-02-02,bmo,7.0,7.14,2.07
GWW,2023-04-27 08:00:00-04:00,2023-04-27,bmo,8.53,9.61,12.71
GWW,2023-07-27 08:00:00-04:00,2023-07-27,bmo,9.09,9.28,2.05
GWW,2023-10-26 08:00:00-04:00,2023-10-26,bmo,8.93,9.43,5.63
GWW,2024-02-02 08:00:00-05:00,2024-02-02,bmo,8.08,8.33,3.14
GWW,2024-04-25 08:00:00-04:00,2024-04-25,bmo,9.63,9.62,-0.14
GWW,2024-08-01 08:00:00-04:00,2024-08-01,bmo,9.59,9.76,1.75
GWW,2024-10-31 08:00:00-04:00,2024-10-31,bmo,9.98,9.87,-1.13
GWW,2025-01-31 08:00:00-05:00,2025-01-31,bmo,9.74,9.71,-0.32
GWW,2025-05-01 08:00:00-04:00,2025-05-01,bmo,9.51,9.86,3.69
GWW,2025-08-01 08:00:00-04:00,2025-08-01,bmo,10.07,9.97,-1.03
GWW,2025-10-31 08:00:00-04:00,2025-10-31,bmo,9.95,10.21,2.58
PNC,2022-01-18 06:00:00-05:00,2022-01-18,bmo,3.15,2.86,-9.11
PNC,2022-04-14 06:00:00-04:00,2022-04-14,bmo,2.75,3.23,17.33
PNC,2022-07-15 06:00:00-04:00,2022-07-15,bmo,3.14,3.39,8.04
PNC,2022-10-14 06:00:00-04:00,2022-10-14,bmo,3.7,3.78,2.16
PNC,2023-01-18 06:00:00-05:00,2023-01-18,bmo,3.95,3.47,-12.08
PNC,2023-04-14 06:00:00-04:00,2023-04-14,bmo,3.64,3.98,9.31
PNC,2023-07-18 06:00:00-04:00,2023-07-18,bmo,3.28,3.36,2.49
PNC,2023-10-13 06:00:00-04:00,2023-10-13,bmo,3.11,3.6,15.89
PNC,2024-01-16 06:00:00-05:00,2024-01-16,bmo,2.04,1.85,-9.44
PNC,2024-04-16 06:00:00-04:00,2024-04-16,bmo,2.99,3.1,3.75
PNC,2024-07-16 06:00:00-04:00,2024-07-16,bmo,3.68,3.39,-8.0
PNC,2024-10-15 06:00:00-04:00,2024-10-15,bmo,3.32,3.49,5.02
PNC,2025-01-16 06:00:00-05:00,2025-01-16,bmo,3.35,3.77,12.65
PNC,2025-04-15 06:00:00-04:00,2025-04-15,bmo,3.38,3.51,3.95
PNC,2025-07-16 06:00:00-04:00,2025-07-16,bmo,3.55,3.85,8.48
PNC,2025-10-15 06:00:00-04:00,2025-10-15,bmo,4.04,4.35,7.58
WEC,2021-02-04 07:00:00-05:00,2021-02-04,bmo,0.73,0.76,4.25
WEC,2021-05-03 07:00:00-04:00,2021-05-03,bmo,1.47,1.61,9.63
WEC,2021-08-03 07:00:00-04:00,2021-08-03,bmo,0.79,0.87,9.84
WEC,2021-11-02 07:00:00-04:00,2021-11-02,bmo,0.79,0.92,15.89
WEC,2022-02-03 07:00:00-05:00,2022-02-03,bmo,0.67,0.71,5.38
WEC,2022-05-02 07:00:00-04:00,2022-05-02,bmo,1.69,1.79,5.84
WEC,2022-08-02 07:00:00-04:00,2022-08-02,bmo,0.85,0.91,6.44
WEC,2022-11-01 07:00:00-04:00,2022-11-01,bmo,0.86,0.96,11.64
WEC,2023-02-02 07:00:00-05:00,2023-02-02,bmo,0.75,0.8,7.37
WEC,2023-05-01 07:00:00-04:00,2023-05-01,bmo,1.58,1.61,1.85
WEC,2023-08-01 07:00:00-04:00,2023-08-01,bmo,0.85,0.92,8.49
WEC,2023-10-31 07:00:00-04:00,2023-10-31,bmo,0.91,1.0,9.84
WEC,2024-02-01 07:00:00-05:00,2024-02-01,bmo,1.08,1.1,1.44
WEC,2024-05-01 07:00:00-04:00,2024-05-01,bmo,1.91,1.97,3.33
WEC,2024-07-31 07:00:00-04:00,2024-07-31,bmo,0.63,0.67,6.24
WEC,2024-10-31 07:00:00-04:00,2024-10-31,bmo,0.7,0.76,8.21
WEC,2025-02-04 07:00:00-05:00,2025-02-04,bmo,1.43,1.43,-0.31
WEC,2025-05-06 07:00:00-04:00,2025-05-06,bmo,2.18,2.27,4.28
WEC,2025-07-30 07:00:00-04:00,2025-07-30,bmo,0.71,0.76,7.6
WEC,2025-10-30 07:00:00-04:00,2025-10-30,bmo,0.81,0.83,2.24
FAST,2021-01-20 06:00:00-05:00,2021-01-20,bmo,0.17,0.17,2.93
FAST,2021-04-13 06:00:00-04:00,2021-04-13,bmo,0.18,0.19,0.78
FAST,2021-07-13 06:00:00-04:00,2021-07-13,bmo,0.21,0.21,1.25
FAST,2021-10-12 06:00:00-04:00,2021-10-12,bmo,0.21,0.21,1.08
FAST,2022-01-19 06:00:00-05:00,2022-01-19,bmo,0.19,0.2,7.23
FAST,2022-04-13 06:00:00-04:00,2022-04-13,bmo,0.22,0.24,4.47
FAST,2022-07-13 06:00:00-04:00,2022-07-13,bmo,0.25,0.25,1.05
FAST,2022-10-13 06:00:00-04:00,2022-10-13,bmo,0.24,0.25,3.5
FAST,2023-01-19 06:00:00-05:00,2023-01-19,bmo,0.21,0.22,2.65
FAST,2023-04-13 06:00:00-04:00,2023-04-13,bmo,0.25,0.26,3.11
FAST,2023-07-13 06:00:00-04:00,2023-07-13,bmo,0.26,0.26,-0.79
FAST,2023-10-12 06:00:00-04:00,2023-10-12,bmo,0.25,0.26,3.49
FAST,2024-01-18 06:00:00-05:00,2024-01-18,bmo,0.22,0.23,2.26
FAST,2024-04-11 06:00:00-04:00,2024-04-11,bmo,0.26,0.26,-1.88
FAST,2024-07-12 06:00:00-04:00,2024-07-12,bmo,0.25,0.26,0.15
FAST,2024-10-11 06:00:00-04:00,2024-10-11,bmo,0.26,0.26,1.0
FAST,2025-01-17 06:00:00-05:00,2025-01-17,bmo,0.24,0.23,-3.83
FAST,2025-04-11 06:00:00-04:00,2025-04-11,bmo,0.26,0.26,0.05
FAST,2025-07-14 06:00:00-04:00,2025-07-14,bmo,0.27,0.29,8.33
FAST,2025-10-13 06:00:00-04:00,2025-10-13,bmo,0.3,0.29,-2.2
AAP,2022-02-14 16:00:00-05:00,2022-02-14,amc,1.97,2.07,4.97
AAP,2022-05-23 16:00:00-04:00,2022-05-23,amc,3.59,3.57,-0.45
AAP,2022-08-23 16:00:00-04:00,2022-08-23,amc,3.75,3.74,-0.39
AAP,2022-11-15 16:00:00-05:00,2022-11-15,amc,3.34,2.84,-14.89
AAP,2023-02-28 06:00:00-05:00,2023-02-28,bmo,2.42,2.88,18.8
AAP,2023-05-31 06:00:00-04:00,2023-05-31,bmo,2.56,0.72,-71.93
AAP,2023-08-23 06:00:00-04:00,2023-08-23,bmo,1.67,1.43,-14.16
AAP,2023-11-15 06:00:00-05:00,2023-11-15,bmo,1.45,-0.82,-156.56
AAP,2024-02-28 06:00:00-05:00,2024-02-28,bmo,0.22,-0.59,-371.86
AAP,2024-05-29 06:00:00-04:00,2024-05-29,bmo,0.63,0.67,6.46
AAP,2024-08-22 06:00:00-04:00,2024-08-22,bmo,0.94,0.75,-19.94
AAP,2024-11-14 06:00:00-05:00,2024-11-14,bmo,0.44,-0.04,-109.08
AAP,2025-02-26 06:00:00-05:00,2025-02-26,bmo,-1.23,-1.18,4.17
AAP,2025-05-22 06:00:00-04:00,2025-05-22,bmo,-0.69,-0.22,68.06
AAP,2025-08-14 06:00:00-04:00,2025-08-14,bmo,0.58,0.69,18.3
AAP,2025-10-30 06:00:00-04:00,2025-10-30,bmo,0.75,-0.02,-102.66
SRE,2021-02-25 06:00:00-05:00,2021-02-25,bmo,0.79,0.95,20.87
SRE,2021-05-05 06:00:00-04:00,2021-05-05,bmo,1.35,1.48,9.31
SRE,2021-08-05 06:00:00-04:00,2021-08-05,bmo,0.79,0.82,3.56
SRE,2021-11-05 06:00:00-04:00,2021-11-05,bmo,0.85,0.85,0.45
SRE,2022-02-25 06:00:00-05:00,2022-02-25,bmo,1.0,1.08,8.16
SRE,2022-05-05 06:00:00-04:00,2022-05-05,bmo,1.4,1.46,4.17
SRE,2022-08-04 06:00:00-04:00,2022-08-04,bmo,0.88,0.99,12.15
SRE,2022-11-03 06:00:00-04:00,2022-11-03,bmo,0.89,0.99,10.23
SRE,2023-02-28 06:00:00-05:00,2023-02-28,bmo,1.02,1.18,15.36
SRE,2023-05-04 06:00:00-04:00,2023-05-04,bmo,1.38,1.46,5.57
SRE,2023-08-03 06:00:00-04:00,2023-08-03,bmo,0.87,0.94,7.7
SRE,2023-11-03 06:00:00-04:00,2023-11-03,bmo,1.01,1.08,7.09
SRE,2024-02-27 06:00:00-05:00,2024-02-27,bmo,1.08,1.13,4.83
SRE,2024-05-07 07:00:00-04:00,2024-05-07,bmo,1.29,1.34,3.9
SRE,2024-08-06 07:00:00-04:00,2024-08-06,bmo,0.94,0.89,-5.03
SRE,2024-11-06 07:00:00-05:00,2024-11-06,bmo,1.07,0.89,-16.63
SRE,2025-02-25 07:00:00-05:00,2025-02-25,bmo,1.55,1.5,-3.27
SRE,2025-05-08 07:00:00-04:00,2025-05-08,bmo,1.32,1.44,9.33
SRE,2025-08-07 07:00:00-04:00,2025-08-07,bmo,0.85,0.89,4.77
SRE,2025-11-05 07:00:00-05:00,2025-11-05,bmo,0.91,1.11,21.74
BKR,2021-01-21 07:00:00-05:00,2021-01-21,bmo,0.16,-0.07,-144.19
BKR,2021-04-21 06:00:00-04:00,2021-04-21,bmo,0.12,0.12,0.98
BKR,2021-07-21 07:00:00-04:00,2021-07-21,bmo,0.16,0.1,-36.84
BKR,2021-10-20 07:00:00-04:00,2021-10-20,bmo,0.21,0.16,-25.06
BKR,2022-01-20 07:00:00-05:00,2022-01-20,bmo,0.29,0.25,-12.84
BKR,2022-04-20 07:00:00-04:00,2022-04-20,bmo,0.2,0.15,-23.66
BKR,2022-07-20 07:00:00-04:00,2022-07-20,bmo,0.22,0.11,-48.87
BKR,2022-10-19 07:00:00-04:00,2022-10-19,bmo,0.25,0.26,5.83
BKR,2023-01-23 07:00:00-05:00,2023-01-23,bmo,0.4,0.38,-5.29
BKR,2023-04-19 07:00:00-04:00,2023-04-19,bmo,0.26,0.28,7.49
BKR,2023-07-19 07:00:00-04:00,2023-07-19,bmo,0.33,0.39,16.92
BKR,2023-10-25 17:00:00-04:00,2023-10-25,amc,0.4,0.42,5.82
BKR,2024-01-23 17:00:00-05:00,2024-01-23,amc,0.48,0.51,6.88
BKR,2024-04-23 17:00:00-04:00,2024-04-23,amc,0.4,0.43,8.62
BKR,2024-07-25 17:00:00-04:00,2024-07-25,amc,0.49,0.57,16.39
BKR,2024-10-22 17:00:00-04:00,2024-10-22,amc,0.61,0.67,10.38
BKR,2025-01-30 17:00:00-05:00,2025-01-30,amc,0.63,0.7,11.85
BKR,2025-04-22 17:00:00-04:00,2025-04-22,amc,0.47,0.4,-15.39
BKR,2025-07-22 17:00:00-04:00,2025-07-22,amc,0.55,0.63,13.61
BKR,2025-10-23 17:00:00-04:00,2025-10-23,amc,0.62,0.68,9.29
BEN,2022-02-01 08:00:00-05:00,2022-02-01,bmo,0.89,1.08,21.69
BEN,2022-05-03 08:00:00-04:00,2022-05-03,bmo,0.81,0.96,17.82
BEN,2022-07-28 08:00:00-04:00,2022-07-28,bmo,0.73,0.82,12.22
BEN,2022-11-01 08:00:00-04:00,2022-11-01,bmo,0.67,0.78,16.47
BEN,2023-01-30 08:00:00-05:00,2023-01-30,bmo,0.54,0.51,-4.96
BEN,2023-05-01 08:00:00-04:00,2023-05-01,bmo,0.56,0.61,8.29
BEN,2023-07-28 08:00:00-04:00,2023-07-28,bmo,0.59,0.63,5.9
BEN,2023-10-31 08:00:00-04:00,2023-10-31,bmo,0.59,0.84,42.35
BEN,2024-01-29 08:00:00-05:00,2024-01-29,bmo,0.58,0.65,11.8
BEN,2024-04-29 08:00:00-04:00,2024-04-29,bmo,0.57,0.56,-1.32
BEN,2024-07-26 08:00:00-04:00,2024-07-26,bmo,0.57,0.6,5.43
BEN,2024-11-04 08:00:00-05:00,2024-11-04,bmo,0.59,0.59,-0.72
BEN,2025-01-31 08:00:00-05:00,2025-01-31,bmo,0.53,0.59,11.43
BEN,2025-05-02 08:00:00-04:00,2025-05-02,bmo,0.47,0.47,-0.62
BEN,2025-08-01 08:00:00-04:00,2025-08-01,bmo,0.5,0.49,-2.31
BEN,2025-11-07 08:00:00-05:00,2025-11-07,bmo,0.59,0.67,14.03
URI,2021-01-27 16:00:00-05:00,2021-01-27,amc,4.28,5.04,17.69
URI,2021-04-28 16:00:00-04:00,2021-04-28,amc,3.13,3.45,10.29
URI,2021-07-28 16:00:00-04:00,2021-07-28,amc,4.86,4.66,-4.05
URI,2021-10-27 16:00:00-04:00,2021-10-27,amc,6.82,6.58,-3.46
URI,2022-01-26 16:00:00-05:00,2022-01-26,amc,6.69,7.39,10.41
URI,2022-04-27 16:00:00-04:00,2022-04-27,amc,4.88,5.73,17.43
URI,2022-07-27 16:00:00-04:00,2022-07-27,amc,6.5,7.86,21.01
URI,2022-10-26 16:00:00-04:00,2022-10-26,amc,9.06,9.27,2.27
URI,2023-01-25 16:00:00-05:00,2023-01-25,amc,10.29,9.74,-5.37
URI,2023-04-26 16:00:00-04:00,2023-04-26,amc,7.99,7.95,-0.54
URI,2023-07-26 16:00:00-04:00,2023-07-26,amc,8.94,9.88,10.46
URI,2023-10-25 16:00:00-04:00,2023-10-25,amc,11.17,11.73,5.02
URI,2024-01-24 16:00:00-05:00,2024-01-24,amc,10.91,11.26,3.22
URI,2024-04-24 16:00:00-04:00,2024-04-24,amc,8.34,9.15,9.74
URI,2024-07-24 16:00:00-04:00,2024-07-24,amc,10.52,10.7,1.72
URI,2024-10-23 16:00:00-04:00,2024-10-23,amc,12.49,11.8,-5.5
URI,2025-01-29 16:00:00-05:00,2025-01-29,amc,11.63,11.59,-0.3
URI,2025-04-23 16:00:00-04:00,2025-04-23,amc,8.81,8.86,0.53
URI,2025-07-23 16:00:00-04:00,2025-07-23,amc,10.54,10.47,-0.62
URI,2025-10-22 16:00:00-04:00,2025-10-22,amc,12.29,11.7,-4.79
DLTR,2022-03-02 07:00:00-05:00,2022-03-02,bmo,1.77,2.01,13.37
DLTR,2022-05-26 07:00:00-04:00,2022-05-26,bmo,1.98,2.37,19.52
DLTR,2022-08-25 07:00:00-04:00,2022-08-25,bmo,1.62,1.6,-1.26
DLTR,2022-11-22 07:00:00-05:00,2022-11-22,bmo,1.18,1.2,1.28
DLTR,2023-03-01 07:00:00-05:00,2023-03-01,bmo,2.0,2.04,1.98
DLTR,2023-05-25 07:00:00-04:00,2023-05-25,bmo,1.54,1.47,-4.3
DLTR,2023-08-24 06:00:00-04:00,2023-08-24,bmo,0.87,0.91,4.78
DLTR,2023-11-29 06:00:00-05:00,2023-11-29,bmo,1.01,0.97,-3.77
DLTR,2024-03-13 06:00:00-04:00,2024-03-13,bmo,2.65,2.55,-3.75
DLTR,2024-06-05 06:00:00-04:00,2024-06-05,bmo,1.43,1.43,0.08
DLTR,2024-09-04 06:00:00-04:00,2024-09-04,bmo,1.04,0.67,-35.55
DLTR,2024-12-04 06:00:00-05:00,2024-12-04,bmo,1.08,1.12,4.15
DLTR,2025-03-26 06:00:00-04:00,2025-03-26,bmo,2.2,2.29,4.15
DLTR,2025-06-04 06:00:00-04:00,2025-06-04,bmo,1.21,1.26,4.51
DLTR,2025-09-03 06:00:00-04:00,2025-09-03,bmo,0.41,0.77,87.65
SNPS,2021-02-17 16:00:00-05:00,2021-02-17,amc,1.46,1.52,4.09
SNPS,2021-05-19 16:00:00-04:00,2021-05-19,amc,1.53,1.7,11.44
SNPS,2021-08-18 16:00:00-04:00,2021-08-18,amc,1.78,1.81,1.9
SNPS,2021-12-01 16:00:00-05:00,2021-12-01,amc,1.79,1.82,1.73
SNPS,2022-02-16 16:00:00-05:00,2022-02-16,amc,2.37,2.4,1.08
SNPS,2022-05-18 16:00:00-04:00,2022-05-18,amc,2.37,2.5,5.35
SNPS,2022-08-17 16:00:00-04:00,2022-08-17,amc,2.04,2.1,2.88
SNPS,2022-11-30 16:00:00-05:00,2022-11-30,amc,1.84,1.91,3.91
SNPS,2023-02-15 16:00:00-05:00,2023-02-15,amc,2.49,2.62,5.37
SNPS,2023-05-17 16:00:00-04:00,2023-05-17,amc,2.47,2.54,2.96
SNPS,2023-08-16 16:00:00-04:00,2023-08-16,amc,2.74,2.88,5.25
SNPS,2023-11-29 16:00:00-05:00,2023-11-29,amc,3.03,3.17,4.47
SNPS,2024-02-21 16:00:00-05:00,2024-02-21,amc,3.41,3.56,4.26
SNPS,2024-05-22 16:00:00-04:00,2024-05-22,amc,2.95,3.0,1.61
SNPS,2024-08-21 16:00:00-04:00,2024-08-21,amc,3.29,3.43,4.3
SNPS,2024-12-04 16:00:00-05:00,2024-12-04,amc,3.3,3.4,3.0
SNPS,2025-02-26 16:00:00-05:00,2025-02-26,amc,2.79,3.03,8.57
SNPS,2025-05-28 16:00:00-04:00,2025-05-28,amc,3.4,3.67,7.99
SNPS,2025-09-09 16:00:00-04:00,2025-09-09,amc,3.75,3.39,-9.48
SJM,2022-03-01 07:00:00-05:00,2022-03-01,bmo,2.08,2.33,11.81
SJM,2022-06-07 07:00:00-04:00,2022-06-07,bmo,1.89,2.23,18.19
SJM,2022-08-23 07:00:00-04:00,2022-08-23,bmo,1.27,1.67,31.68
SJM,2022-11-21 07:00:00-05:00,2022-11-21,bmo,2.19,2.4,9.46
SJM,2023-02-28 07:00:00-05:00,2023-02-28,bmo,2.13,2.21,3.74
SJM,2023-06-06 07:00:00-04:00,2023-06-06,bmo,2.41,2.64,9.33
SJM,2023-08-29 07:00:00-04:00,2023-08-29,bmo,2.04,2.21,8.17
SJM,2023-12-05 07:00:00-05:00,2023-12-05,bmo,2.47,2.59,4.81
SJM,2024-02-27 07:00:00-05:00,2024-02-27,bmo,2.27,2.48,9.19
SJM,2024-06-06 07:00:00-04:00,2024-06-06,bmo,2.33,2.66,13.97
SJM,2024-08-28 07:00:00-04:00,2024-08-28,bmo,2.17,2.44,12.24
SJM,2024-11-26 07:00:00-05:00,2024-11-26,bmo,2.51,2.76,10.17
SJM,2025-02-27 07:00:00-05:00,2025-02-27,bmo,2.37,2.61,10.34
SJM,2025-06-10 07:00:00-04:00,2025-06-10,bmo,2.25,2.31,2.8
SJM,2025-08-27 07:00:00-04:00,2025-08-27,bmo,1.93,1.9,-1.36
MAS,2021-02-09 07:00:00-05:00,2021-02-09,bmo,0.74,0.75,0.86
MAS,2021-04-28 07:00:00-04:00,2021-04-28,bmo,0.66,0.89,34.53
MAS,2021-07-29 07:00:00-04:00,2021-07-29,bmo,1.03,1.14,10.26
MAS,2021-10-27 07:00:00-04:00,2021-10-27,bmo,0.88,0.99,12.37
MAS,2022-02-08 07:00:00-05:00,2022-02-08,bmo,0.69,0.67,-2.39
MAS,2022-04-27 07:00:00-04:00,2022-04-27,bmo,0.85,0.95,12.23
MAS,2022-07-28 07:00:00-04:00,2022-07-28,bmo,1.18,1.14,-3.3
MAS,2022-10-26 07:00:00-04:00,2022-10-26,bmo,1.06,0.98,-7.58
MAS,2023-02-09 07:00:00-05:00,2023-02-09,bmo,0.68,0.65,-4.65
MAS,2023-04-26 07:00:00-04:00,2023-04-26,bmo,0.63,0.87,38.3
MAS,2023-07-27 07:00:00-04:00,2023-07-27,bmo,0.96,1.19,23.65
MAS,2023-10-26 07:00:00-04:00,2023-10-26,bmo,0.92,1.0,9.29
MAS,2024-02-08 07:00:00-05:00,2024-02-08,bmo,0.66,0.83,26.52
MAS,2024-04-24 07:00:00-04:00,2024-04-24,bmo,0.88,0.93,5.23
MAS,2024-07-25 07:00:00-04:00,2024-07-25,bmo,1.18,1.2,1.91
MAS,2024-10-29 07:00:00-04:00,2024-10-29,bmo,1.09,1.08,-0.97
MAS,2025-02-11 07:00:00-05:00,2025-02-11,bmo,0.87,0.89,1.94
MAS,2025-04-23 07:00:00-04:00,2025-04-23,bmo,0.91,0.87,-4.81
MAS,2025-07-31 07:00:00-04:00,2025-07-31,bmo,1.08,1.3,20.71
MAS,2025-10-29 07:00:00-04:00,2025-10-29,bmo,1.03,0.97,-5.71
IP,2021-02-04 07:00:00-05:00,2021-02-04,bmo,0.81,0.75,-7.54
IP,2021-04-29 07:00:00-04:00,2021-04-29,bmo,0.61,0.76,25.47
IP,2021-07-29 07:00:00-04:00,2021-07-29,bmo,1.05,1.06,1.39
IP,2021-10-27 07:00:00-04:00,2021-10-27,bmo,1.44,1.35,-6.55
IP,2022-01-27 07:00:00-05:00,2022-01-27,bmo,0.89,0.78,-12.42
IP,2022-04-28 07:00:00-04:00,2022-04-28,bmo,0.56,0.76,36.61
IP,2022-07-28 07:00:00-04:00,2022-07-28,bmo,1.08,1.24,14.66
IP,2022-10-27 07:00:00-04:00,2022-10-27,bmo,1.2,1.01,-16.08
IP,2023-01-31 07:00:00-05:00,2023-01-31,bmo,0.69,0.87,25.3
IP,2023-04-27 07:00:00-04:00,2023-04-27,bmo,0.46,0.53,14.4
IP,2023-07-27 07:00:00-04:00,2023-07-27,bmo,0.39,0.59,53.08
IP,2023-10-26 06:00:00-04:00,2023-10-26,bmo,0.58,0.64,10.27
IP,2024-02-01 06:00:00-05:00,2024-02-01,bmo,0.35,0.41,18.84
IP,2024-04-25 06:00:00-04:00,2024-04-25,bmo,0.22,0.17,-23.3
IP,2024-07-24 07:00:00-04:00,2024-07-24,bmo,0.42,0.55,31.85
IP,2024-10-31 07:00:00-04:00,2024-10-31,bmo,0.25,0.44,74.83
IP,2025-01-30 07:00:00-05:00,2025-01-30,bmo,0.03,-0.02,-174.99
IP,2025-04-30 06:00:00-04:00,2025-04-30,bmo,0.37,0.23,-38.04
IP,2025-07-31 07:00:00-04:00,2025-07-31,bmo,0.41,0.2,-51.08
IP,2025-10-30 07:00:00-04:00,2025-10-30,bmo,0.74,-0.43,-158.11
HPQ,2021-02-25 14:00:00-05:00,2021-02-25,amc,0.66,0.92,38.54
HPQ,2021-05-27 16:00:00-04:00,2021-05-27,amc,0.89,0.93,4.55
HPQ,2021-08-26 16:00:00-04:00,2021-08-26,amc,0.84,1.0,19.53
HPQ,2021-11-23 16:00:00-05:00,2021-11-23,amc,0.88,0.94,6.56
HPQ,2022-02-28 16:00:00-05:00,2022-02-28,amc,1.02,1.1,7.6
HPQ,2022-05-31 16:00:00-04:00,2022-05-31,amc,1.05,1.08,2.77
HPQ,2022-08-30 16:00:00-04:00,2022-08-30,amc,1.03,1.04,0.98
HPQ,2022-11-22 16:00:00-05:00,2022-11-22,amc,0.85,0.85,-0.08
HPQ,2023-02-28 16:00:00-05:00,2023-02-28,amc,0.75,0.75,-0.05
HPQ,2023-05-30 16:00:00-04:00,2023-05-30,amc,0.76,0.8,5.41
HPQ,2023-08-29 16:00:00-04:00,2023-08-29,amc,0.86,0.86,0.22
HPQ,2023-11-21 16:00:00-05:00,2023-11-21,amc,0.9,0.9,0.01
HPQ,2024-02-28 16:00:00-05:00,2024-02-28,amc,0.81,0.81,-0.18
HPQ,2024-05-29 16:00:00-04:00,2024-05-29,amc,0.81,0.82,1.33
HPQ,2024-08-28 16:00:00-04:00,2024-08-28,amc,0.86,0.83,-3.9
HPQ,2024-11-26 16:00:00-05:00,2024-11-26,amc,0.93,0.93,-0.19
HPQ,2025-02-27 16:00:00-05:00,2025-02-27,amc,0.74,0.74,-0.49
HPQ,2025-05-28 16:00:00-04:00,2025-05-28,amc,0.8,0.71,-11.63
HPQ,2025-08-27 16:00:00-04:00,2025-08-27,amc,0.75,0.75,-0.04
PANW,2021-02-22 16:00:00-05:00,2021-02-22,amc,0.24,0.26,8.04
PANW,2021-05-20 16:00:00-04:00,2021-05-20,amc,0.21,0.23,7.31
PANW,2021-08-23 16:00:00-04:00,2021-08-23,amc,-0.19,-0.2,-6.36
PANW,2021-11-18 16:00:00-05:00,2021-11-18,amc,0.26,0.27,4.51
PANW,2022-02-22 16:00:00-05:00,2022-02-22,amc,0.27,0.29,5.6
PANW,2022-05-19 16:00:00-04:00,2022-05-19,amc,0.28,0.3,6.73
PANW,2022-08-22 16:00:00-04:00,2022-08-22,amc,0.38,0.4,4.94
PANW,2022-11-17 16:00:00-05:00,2022-11-17,amc,0.34,0.42,20.37
PANW,2023-02-21 16:00:00-05:00,2023-02-21,amc,0.39,0.53,35.37
PANW,2023-05-23 16:00:00-04:00,2023-05-23,amc,0.46,0.52,12.62
PANW,2023-08-18 16:00:00-04:00,2023-08-18,amc,0.64,0.72,12.0
PANW,2023-11-15 16:00:00-05:00,2023-11-15,amc,0.58,0.69,18.6
PANW,2024-02-20 16:00:00-05:00,2024-02-20,amc,0.65,0.73,12.2
PANW,2024-05-20 16:00:00-04:00,2024-05-20,amc,0.62,0.66,5.63
PANW,2024-08-19 16:00:00-04:00,2024-08-19,amc,0.71,0.76,6.95
PANW,2024-11-20 16:00:00-05:00,2024-11-20,amc,0.74,0.78,5.76
PANW,2025-02-13 16:00:00-05:00,2025-02-13,amc,0.78,0.81,3.94
PANW,2025-05-20 16:00:00-04:00,2025-05-20,amc,0.37,0.37,0.98
PANW,2025-08-18 16:00:00-04:00,2025-08-18,amc,0.89,0.95,7.31
COP,2021-02-02 07:00:00-05:00,2021-02-02,bmo,-0.25,-0.19,23.85
COP,2021-05-04 07:00:00-04:00,2021-05-04,bmo,0.54,0.69,28.97
COP,2021-08-03 07:00:00-04:00,2021-08-03,bmo,1.13,1.27,12.53
COP,2021-11-02 07:00:00-04:00,2021-11-02,bmo,1.52,1.77,16.79
COP,2022-02-03 07:00:00-05:00,2022-02-03,bmo,2.19,2.27,3.44
COP,2022-05-05 07:00:00-04:00,2022-05-05,bmo,3.17,3.27,3.09
COP,2022-08-04 07:00:00-04:00,2022-08-04,bmo,3.85,3.91,1.54
COP,2022-11-03 07:00:00-04:00,2022-11-03,bmo,3.44,3.6,4.57
COP,2023-02-02 08:00:00-05:00,2023-02-02,bmo,2.88,2.71,-5.91
COP,2023-05-04 07:00:00-04:00,2023-05-04,bmo,2.07,2.38,15.11
COP,2023-08-03 07:00:00-04:00,2023-08-03,bmo,1.96,1.84,-6.04
COP,2023-11-02 07:00:00-04:00,2023-11-02,bmo,2.09,2.16,3.3
COP,2024-02-08 07:00:00-05:00,2024-02-08,bmo,2.17,2.4,10.7
COP,2024-05-02 07:00:00-04:00,2024-05-02,bmo,2.03,2.03,0.15
COP,2024-08-01 07:00:00-04:00,2024-08-01,bmo,1.95,1.98,1.67
COP,2024-10-31 07:00:00-04:00,2024-10-31,bmo,1.64,1.78,8.49
COP,2025-02-06 07:00:00-05:00,2025-02-06,bmo,1.83,1.98,7.92
COP,2025-05-08 08:00:00-04:00,2025-05-08,bmo,2.05,2.09,1.98
COP,2025-08-07 07:00:00-04:00,2025-08-07,bmo,1.36,1.42,4.71
COP,2025-11-06 07:00:00-05:00,2025-11-06,bmo,1.41,1.61,14.05
LIN,2021-02-05 05:00:00-05:00,2021-02-05,bmo,2.15,2.3,6.82
LIN,2021-05-06 05:00:00-04:00,2021-05-06,bmo,2.26,2.49,10.36
LIN,2021-07-30 13:00:00-04:00,2021-07-30,amc,2.53,2.7,6.58
LIN,2021-10-29 11:00:00-04:00,2021-10-29,amc,2.66,2.73,2.66
LIN,2022-02-10 05:00:00-05:00,2022-02-10,bmo,2.67,2.77,3.72
LIN,2022-04-28 07:00:00-04:00,2022-04-28,bmo,2.77,2.93,5.91
LIN,2022-07-28 05:00:00-04:00,2022-07-28,bmo,2.96,3.1,4.64
LIN,2022-10-27 06:00:00-04:00,2022-10-27,bmo,2.93,3.1,5.71
LIN,2023-02-07 08:00:00-05:00,2023-02-07,bmo,2.89,3.16,9.37
LIN,2023-04-27 13:00:00-04:00,2023-04-27,amc,3.14,3.42,9.07
LIN,2023-07-27 06:00:00-04:00,2023-07-27,bmo,3.49,3.57,2.37
LIN,2023-10-26 06:00:00-04:00,2023-10-26,bmo,3.57,3.63,1.62
LIN,2024-02-06 06:00:00-05:00,2024-02-06,bmo,3.5,3.59,2.67
LIN,2024-05-02 06:00:00-04:00,2024-05-02,bmo,3.67,3.75,2.15
LIN,2024-08-02 05:00:00-04:00,2024-08-02,bmo,3.79,3.85,1.69
LIN,2024-10-31 10:00:00-04:00,2024-10-31,bmo,3.46,3.22,-6.95
LIN,2025-02-06 06:00:00-05:00,2025-02-06,bmo,3.65,3.6,-1.46
LIN,2025-05-01 07:00:00-04:00,2025-05-01,bmo,3.53,3.51,-0.66
LIN,2025-08-01 06:00:00-04:00,2025-08-01,bmo,4.04,4.09,1.36
LIN,2025-10-31 06:00:00-04:00,2025-10-31,bmo,3.84,4.09,6.38
CDNS,2021-02-22 16:00:00-05:00,2021-02-22,amc,0.74,0.83,12.07
CDNS,2021-04-26 16:00:00-04:00,2021-04-26,amc,0.74,0.83,11.6
CDNS,2021-07-26 16:00:00-04:00,2021-07-26,amc,0.76,0.86,13.55
CDNS,2021-10-25 16:00:00-04:00,2021-10-25,amc,0.75,0.8,6.73
CDNS,2022-02-22 16:00:00-05:00,2022-02-22,amc,0.78,0.82,4.59
CDNS,2022-04-25 16:00:00-04:00,2022-04-25,amc,1.0,1.17,16.87
CDNS,2022-07-25 16:00:00-04:00,2022-07-25,amc,0.97,1.08,11.8
CDNS,2022-10-24 16:00:00-04:00,2022-10-24,amc,0.96,1.06,10.28
CDNS,2023-02-13 16:00:00-05:00,2023-02-13,amc,0.92,0.96,4.53
CDNS,2023-04-24 16:00:00-04:00,2023-04-24,amc,1.25,1.29,2.97
CDNS,2023-07-24 16:00:00-04:00,2023-07-24,amc,1.19,1.22,2.41
CDNS,2023-10-23 16:00:00-04:00,2023-10-23,amc,1.22,1.26,3.56
CDNS,2024-02-12 16:00:00-05:00,2024-02-12,amc,1.33,1.38,3.68
CDNS,2024-04-22 16:00:00-04:00,2024-04-22,amc,1.13,1.17,3.47
CDNS,2024-07-22 16:00:00-04:00,2024-07-22,amc,1.23,1.28,4.27
CDNS,2024-10-28 16:00:00-04:00,2024-10-28,amc,1.44,1.64,13.73
CDNS,2025-02-18 16:00:00-05:00,2025-02-18,amc,1.82,1.88,3.16
CDNS,2025-04-28 16:00:00-04:00,2025-04-28,amc,1.5,1.57,4.75
CDNS,2025-07-28 16:00:00-04:00,2025-07-28,amc,1.56,1.65,6.0
CDNS,2025-10-27 16:00:00-04:00,2025-10-27,amc,1.79,1.93,7.85
MA,2022-01-27 08:00:00-05:00,2022-01-27,bmo,2.21,2.35,6.23
MA,2022-04-28 08:00:00-04:00,2022-04-28,bmo,2.16,2.76,27.76
MA,2022-07-28 08:00:00-04:00,2022-07-28,bmo,2.36,2.56,8.65
MA,2022-10-27 08:00:00-04:00,2022-10-27,bmo,2.57,2.68,4.09
MA,2023-01-26 08:00:00-05:00,2023-01-26,bmo,2.58,2.65,2.64
MA,2023-04-27 08:00:00-04:00,2023-04-27,bmo,2.71,2.8,3.22
MA,2023-07-27 08:00:00-04:00,2023-07-27,bmo,2.83,2.89,2.0
MA,2023-10-26 08:00:00-04:00,2023-10-26,bmo,3.21,3.39,5.45
MA,2024-01-31 08:00:00-05:00,2024-01-31,bmo,3.08,3.18,3.17
MA,2024-05-01 08:00:00-04:00,2024-05-01,bmo,3.24,3.31,2.23
MA,2024-07-31 08:00:00-04:00,2024-07-31,bmo,3.51,3.59,2.3
MA,2024-10-31 08:00:00-04:00,2024-10-31,bmo,3.75,3.89,3.85
MA,2025-01-30 08:00:00-05:00,2025-01-30,bmo,3.69,3.82,3.54
MA,2025-05-01 08:00:00-04:00,2025-05-01,bmo,3.56,3.73,4.8
MA,2025-07-31 08:00:00-04:00,2025-07-31,bmo,4.02,4.15,3.12
MA,2025-10-30 08:00:00-04:00,2025-10-30,bmo,4.31,4.38,1.52
AKAM,2021-02-09 16:00:00-05:00,2021-02-09,amc,1.31,1.33,1.24
AKAM,2021-05-04 16:00:00-04:00,2021-05-04,amc,1.3,1.38,5.86
AKAM,2021-08-03 16:00:00-04:00,2021-08-03,amc,1.38,1.42,2.54
AKAM,2021-11-02 16:00:00-04:00,2021-11-02,amc,1.39,1.45,4.6
AKAM,2022-02-15 16:00:00-05:00,2022-02-15,amc,1.42,1.49,4.98
AKAM,2022-05-03 16:00:00-04:00,2022-05-03,amc,1.42,1.39,-2.23
AKAM,2022-08-09 16:00:00-04:00,2022-08-09,amc,1.31,1.35,3.22
AKAM,2022-11-08 16:00:00-05:00,2022-11-08,amc,1.22,1.26,2.98
AKAM,2023-02-14 16:00:00-05:00,2023-02-14,amc,1.26,1.37,8.7
AKAM,2023-05-09 16:00:00-04:00,2023-05-09,amc,1.32,1.4,6.01
AKAM,2023-08-08 16:00:00-04:00,2023-08-08,amc,1.41,1.49,5.94
AKAM,2023-11-07 16:00:00-05:00,2023-11-07,amc,1.5,1.63,8.76
AKAM,2024-02-13 16:00:00-05:00,2024-02-13,amc,1.61,1.69,4.75
AKAM,2024-05-09 16:00:00-04:00,2024-05-09,amc,1.61,1.64,1.96
AKAM,2024-08-08 16:00:00-04:00,2024-08-08,amc,1.53,1.58,3.02
AKAM,2024-11-07 16:00:00-05:00,2024-11-07,amc,1.59,1.59,0.01
AKAM,2025-02-20 16:00:00-05:00,2025-02-20,amc,1.52,1.66,8.98
AKAM,2025-05-08 16:00:00-04:00,2025-05-08,amc,1.57,1.7,8.58
AKAM,2025-08-07 16:00:00-04:00,2025-08-07,amc,1.53,1.73,13.18
AKAM,2025-11-06 16:00:00-05:00,2025-11-06,amc,1.64,1.86,13.71
JCI,2021-01-29 06:00:00-05:00,2021-01-29,bmo,0.41,0.43,5.83
JCI,2021-04-30 06:00:00-04:00,2021-04-30,bmo,0.49,0.52,6.67
JCI,2021-07-30 06:00:00-04:00,2021-07-30,bmo,0.83,0.83,-0.04
JCI,2021-11-05 06:00:00-04:00,2021-11-05,bmo,0.87,0.88,0.73
JCI,2022-02-02 06:00:00-05:00,2022-02-02,bmo,0.53,0.54,1.86
JCI,2022-05-04 06:00:00-04:00,2022-05-04,bmo,0.63,0.63,-0.15
JCI,2022-08-04 06:00:00-04:00,2022-08-04,bmo,0.85,0.85,0.5
JCI,2022-11-03 06:00:00-04:00,2022-11-03,bmo,0.98,0.99,0.72
JCI,2023-02-01 06:00:00-05:00,2023-02-01,bmo,0.67,0.67,0.42
JCI,2023-05-05 06:00:00-04:00,2023-05-05,bmo,0.74,0.75,1.63
JCI,2023-08-02 06:00:00-04:00,2023-08-02,bmo,1.03,1.03,-0.02
JCI,2023-12-12 06:00:00-05:00,2023-12-12,bmo,1.07,1.05,-1.73
JCI,2024-01-30 06:00:00-05:00,2024-01-30,bmo,0.51,0.51,0.31
JCI,2024-05-01 06:00:00-04:00,2024-05-01,bmo,0.75,0.78,3.44
JCI,2024-07-31 06:00:00-04:00,2024-07-31,bmo,1.08,1.14,5.18
JCI,2024-11-06 06:00:00-05:00,2024-11-06,bmo,1.25,1.28,2.68
JCI,2025-02-05 06:00:00-05:00,2025-02-05,bmo,0.59,0.64,8.46
JCI,2025-05-07 06:00:00-04:00,2025-05-07,bmo,0.8,0.82,2.62
JCI,2025-07-29 06:00:00-04:00,2025-07-29,bmo,1.01,1.05,3.63
JCI,2025-11-05 06:00:00-05:00,2025-11-05,bmo,1.2,1.26,4.66
MTB,2022-01-20 06:00:00-05:00,2022-01-20,bmo,3.26,3.49,6.96
MTB,2022-04-20 06:00:00-04:00,2022-04-20,bmo,2.34,2.73,16.72
MTB,2022-07-20 06:00:00-04:00,2022-07-20,bmo,3.15,3.12,-0.93
MTB,2022-10-19 06:00:00-04:00,2022-10-19,bmo,4.26,3.77,-11.5
MTB,2023-01-19 06:00:00-05:00,2023-01-19,bmo,4.44,4.51,1.5
MTB,2023-04-17 06:00:00-04:00,2023-04-17,bmo,3.96,4.01,1.24
MTB,2023-07-19 06:00:00-04:00,2023-07-19,bmo,4.03,4.11,1.9
MTB,2023-10-18 06:00:00-04:00,2023-10-18,bmo,3.92,3.98,1.49
MTB,2024-01-18 06:00:00-05:00,2024-01-18,bmo,3.67,3.6,-1.84
MTB,2024-04-15 06:00:00-04:00,2024-04-15,bmo,3.12,3.01,-3.54
MTB,2024-07-18 05:00:00-04:00,2024-07-18,bmo,3.49,3.79,8.59
MTB,2024-10-17 05:00:00-04:00,2024-10-17,bmo,3.62,4.03,11.45
MTB,2025-01-16 05:00:00-05:00,2025-01-16,bmo,3.74,3.77,0.97
MTB,2025-04-14 06:00:00-04:00,2025-04-14,bmo,3.4,3.32,-2.26
MTB,2025-07-16 05:00:00-04:00,2025-07-16,bmo,4.01,4.24,5.7
MTB,2025-10-16 05:00:00-04:00,2025-10-16,bmo,4.39,4.81,9.59
CL,2022-01-28 06:00:00-05:00,2022-01-28,bmo,0.79,0.79,0.15
CL,2022-04-29 06:00:00-04:00,2022-04-29,bmo,0.75,0.74,-0.73
CL,2022-07-29 06:00:00-04:00,2022-07-29,bmo,0.71,0.72,1.33
CL,2022-10-28 06:00:00-04:00,2022-10-28,bmo,0.73,0.74,1.03
CL,2023-01-27 06:00:00-05:00,2023-01-27,bmo,0.77,0.77,0.46
CL,2023-04-28 06:00:00-04:00,2023-04-28,bmo,0.7,0.73,4.57
CL,2023-07-28 06:00:00-04:00,2023-07-28,bmo,0.75,0.77,3.28
CL,2023-10-27 06:00:00-04:00,2023-10-27,bmo,0.8,0.86,7.3
CL,2024-01-26 06:00:00-05:00,2024-01-26,bmo,0.85,0.87,2.6
CL,2024-04-26 08:00:00-04:00,2024-04-26,bmo,0.81,0.86,5.85
CL,2024-07-26 06:00:00-04:00,2024-07-26,bmo,0.87,0.91,4.72
CL,2024-10-25 06:00:00-04:00,2024-10-25,bmo,0.88,0.91,2.87
CL,2025-01-31 06:00:00-05:00,2025-01-31,bmo,0.89,0.91,2.32
CL,2025-04-25 06:00:00-04:00,2025-04-25,bmo,0.86,0.91,6.12
CL,2025-08-01 06:00:00-04:00,2025-08-01,bmo,0.89,0.92,2.81
CL,2025-10-31 06:00:00-04:00,2025-10-31,bmo,0.89,0.91,2.36
SWKS,2021-01-28 16:00:00-05:00,2021-01-28,amc,2.09,3.36,60.77
SWKS,2021-04-29 16:00:00-04:00,2021-04-29,amc,2.35,2.37,0.96
SWKS,2021-07-29 16:00:00-04:00,2021-07-29,amc,2.14,2.15,0.37
SWKS,2021-11-04 16:00:00-04:00,2021-11-04,amc,2.54,2.62,3.23
SWKS,2022-02-03 16:00:00-05:00,2022-02-03,amc,3.11,3.14,1.09
SWKS,2022-05-03 16:00:00-04:00,2022-05-03,amc,2.63,2.63,0.01
SWKS,2022-08-04 16:00:00-04:00,2022-08-04,amc,2.35,2.44,3.71
SWKS,2022-11-03 16:00:00-04:00,2022-11-03,amc,2.9,3.02,4.14
SWKS,2023-02-06 16:00:00-05:00,2023-02-06,amc,2.6,2.59,-0.2
SWKS,2023-05-08 16:00:00-04:00,2023-05-08,amc,2.03,2.02,-0.29
SWKS,2023-08-07 16:00:00-04:00,2023-08-07,amc,1.67,1.73,3.48
SWKS,2023-11-02 16:00:00-04:00,2023-11-02,amc,2.1,2.2,4.71
SWKS,2024-01-30 16:00:00-05:00,2024-01-30,amc,1.95,1.97,0.86
SWKS,2024-04-30 16:00:00-04:00,2024-04-30,amc,1.52,1.55,1.65
SWKS,2024-07-30 16:00:00-04:00,2024-07-30,amc,1.21,1.21,-0.4
SWKS,2024-11-12 16:00:00-05:00,2024-11-12,amc,1.52,1.55,1.9
SWKS,2025-02-05 16:00:00-05:00,2025-02-05,amc,1.57,1.6,1.75
SWKS,2025-05-07 16:00:00-04:00,2025-05-07,amc,1.2,1.24,3.09
SWKS,2025-08-05 16:00:00-04:00,2025-08-05,amc,1.24,1.33,7.01
SWKS,2025-11-04 16:00:00-05:00,2025-11-04,amc,1.53,1.76,15.32
ECL,2021-02-16 08:00:00-05:00,2021-02-16,bmo,1.25,1.23,-1.52
ECL,2021-04-27 08:00:00-04:00,2021-04-27,bmo,0.81,0.81,-0.57
ECL,2021-07-27 08:00:00-04:00,2021-07-27,bmo,1.22,1.22,0.16
ECL,2021-10-26 08:00:00-04:00,2021-10-26,bmo,1.3,1.38,6.52
ECL,2022-02-15 08:00:00-05:00,2022-02-15,bmo,1.28,1.28,-0.12
ECL,2022-04-26 08:00:00-04:00,2022-04-26,bmo,0.83,0.82,-0.73
ECL,2022-07-26 08:00:00-04:00,2022-07-26,bmo,1.09,1.1,0.89
ECL,2022-11-01 08:00:00-04:00,2022-11-01,bmo,1.3,1.3,-0.23
ECL,2023-02-14 08:00:00-05:00,2023-02-14,bmo,1.25,1.27,1.5
ECL,2023-05-02 08:00:00-04:00,2023-05-02,bmo,0.86,0.88,2.24
ECL,2023-08-01 08:00:00-04:00,2023-08-01,bmo,1.21,1.24,2.43
ECL,2023-10-31 08:00:00-04:00,2023-10-31,bmo,1.52,1.54,1.16
ECL,2024-02-13 08:00:00-05:00,2024-02-13,bmo,1.54,1.55,0.76
ECL,2024-04-30 07:00:00-04:00,2024-04-30,bmo,1.33,1.34,0.49
ECL,2024-07-30 08:00:00-04:00,2024-07-30,bmo,1.67,1.68,0.48
ECL,2024-10-29 08:00:00-04:00,2024-10-29,bmo,1.82,1.83,0.28
ECL,2025-02-11 08:00:00-05:00,2025-02-11,bmo,1.8,1.81,0.66
ECL,2025-04-29 08:00:00-04:00,2025-04-29,bmo,1.5,1.5,0.05
ECL,2025-07-29 08:00:00-04:00,2025-07-29,bmo,1.9,1.89,-0.29
ECL,2025-10-28 08:00:00-04:00,2025-10-28,bmo,2.07,2.07,-0.09
SNA,2021-02-04 06:00:00-05:00,2021-02-04,bmo,2.93,3.82,30.5
SNA,2021-04-22 06:00:00-04:00,2021-04-22,bmo,3.04,3.5,15.08
SNA,2021-07-22 06:00:00-04:00,2021-07-22,bmo,3.25,3.76,15.79
SNA,2021-10-21 06:00:00-04:00,2021-10-21,bmo,3.4,3.57,4.89
SNA,2022-02-03 06:00:00-05:00,2022-02-03,bmo,3.68,4.1,11.42
SNA,2022-04-21 06:00:00-04:00,2022-04-21,bmo,3.69,4.0,8.35
SNA,2022-07-21 06:00:00-04:00,2022-07-21,bmo,3.97,4.27,7.6
SNA,2022-10-20 06:00:00-04:00,2022-10-20,bmo,3.89,4.14,6.47
SNA,2023-02-02 06:00:00-05:00,2023-02-02,bmo,4.24,4.42,4.32
SNA,2023-04-20 06:00:00-04:00,2023-04-20,bmo,4.11,4.6,11.89
SNA,2023-07-20 06:00:00-04:00,2023-07-20,bmo,4.58,4.89,6.84
SNA,2023-10-19 06:00:00-04:00,2023-10-19,bmo,4.44,4.51,1.65
SNA,2024-02-08 06:00:00-05:00,2024-02-08,bmo,4.66,4.75,1.87
SNA,2024-04-18 06:00:00-04:00,2024-04-18,bmo,4.66,4.91,5.28
SNA,2024-07-18 06:00:00-04:00,2024-07-18,bmo,4.93,5.07,2.84
SNA,2024-10-17 06:00:00-04:00,2024-10-17,bmo,4.58,4.7,2.52
SNA,2025-02-06 06:00:00-05:00,2025-02-06,bmo,4.79,4.82,0.54
SNA,2025-04-17 06:00:00-04:00,2025-04-17,bmo,4.82,4.51,-6.41
SNA,2025-07-17 06:00:00-04:00,2025-07-17,bmo,4.63,4.72,1.98
SNA,2025-10-16 06:00:00-04:00,2025-10-16,bmo,4.64,5.02,8.07
JNJ,2022-01-25 06:00:00-05:00,2022-01-25,bmo,2.12,2.13,0.53
JNJ,2022-04-19 06:00:00-04:00,2022-04-19,bmo,2.57,2.67,4.08
JNJ,2022-07-19 06:00:00-04:00,2022-07-19,bmo,2.55,2.59,1.63
JNJ,2022-10-18 06:00:00-04:00,2022-10-18,bmo,2.49,2.55,2.6
JNJ,2023-01-24 06:00:00-05:00,2023-01-24,bmo,2.24,2.35,5.07
JNJ,2023-04-18 06:00:00-04:00,2023-04-18,bmo,2.5,2.68,7.17
JNJ,2023-07-20 06:00:00-04:00,2023-07-20,bmo,2.62,2.8,6.92
JNJ,2023-10-17 06:00:00-04:00,2023-10-17,bmo,2.52,2.66,5.54
JNJ,2024-01-23 06:00:00-05:00,2024-01-23,bmo,2.28,2.29,0.39
JNJ,2024-04-16 06:00:00-04:00,2024-04-16,bmo,2.65,2.71,2.26
JNJ,2024-07-17 06:00:00-04:00,2024-07-17,bmo,2.7,2.82,4.31
JNJ,2024-10-15 06:00:00-04:00,2024-10-15,bmo,2.21,2.42,9.71
JNJ,2025-01-22 06:00:00-05:00,2025-01-22,bmo,2.01,2.04,1.38
JNJ,2025-04-15 06:00:00-04:00,2025-04-15,bmo,2.58,2.77,7.38
JNJ,2025-07-16 06:00:00-04:00,2025-07-16,bmo,2.68,2.77,3.21
JNJ,2025-10-14 06:00:00-04:00,2025-10-14,bmo,2.76,2.8,1.49
YUM,2022-02-09 07:00:00-05:00,2022-02-09,bmo,1.09,1.02,-6.66
YUM,2022-05-04 07:00:00-04:00,2022-05-04,bmo,1.07,1.05,-2.06
YUM,2022-08-03 07:00:00-04:00,2022-08-03,bmo,1.09,1.05,-3.86
YUM,2022-11-02 07:00:00-04:00,2022-11-02,bmo,1.15,1.09,-5.27
YUM,2023-02-08 07:00:00-05:00,2023-02-08,bmo,1.26,1.31,3.92
YUM,2023-05-03 07:00:00-04:00,2023-05-03,bmo,1.13,1.06,-6.25
YUM,2023-08-02 07:00:00-04:00,2023-08-02,bmo,1.24,1.41,13.5
YUM,2023-11-01 07:00:00-04:00,2023-11-01,bmo,1.27,1.44,13.15
YUM,2024-02-07 07:00:00-05:00,2024-02-07,bmo,1.4,1.26,-10.08
YUM,2024-05-01 07:00:00-04:00,2024-05-01,bmo,1.2,1.15,-4.56
YUM,2024-08-06 07:00:00-04:00,2024-08-06,bmo,1.33,1.35,1.45
YUM,2024-11-05 07:00:00-05:00,2024-11-05,bmo,1.41,1.37,-2.83
YUM,2025-02-06 07:00:00-05:00,2025-02-06,bmo,1.6,1.61,0.88
YUM,2025-04-30 07:00:00-04:00,2025-04-30,bmo,1.28,1.3,1.53
YUM,2025-08-05 07:00:00-04:00,2025-08-05,bmo,1.46,1.44,-1.34
YUM,2025-11-04 07:00:00-05:00,2025-11-04,bmo,1.48,1.58,6.68
PG,2022-01-19 06:00:00-05:00,2022-01-19,bmo,1.65,1.66,0.41
PG,2022-04-20 06:00:00-04:00,2022-04-20,bmo,1.29,1.33,2.88
PG,2022-07-29 06:00:00-04:00,2022-07-29,bmo,1.23,1.21,-1.43
PG,2022-10-19 07:00:00-04:00,2022-10-19,bmo,1.55,1.57,1.41
PG,2023-01-19 07:00:00-05:00,2023-01-19,bmo,1.59,1.59,-0.01
PG,2023-04-21 06:00:00-04:00,2023-04-21,bmo,1.32,1.37,3.46
PG,2023-07-28 06:00:00-04:00,2023-07-28,bmo,1.32,1.37,3.48
PG,2023-10-18 06:00:00-04:00,2023-10-18,bmo,1.72,1.83,6.34
PG,2024-01-23 06:00:00-05:00,2024-01-23,bmo,1.7,1.84,8.28
PG,2024-04-19 06:00:00-04:00,2024-04-19,bmo,1.41,1.52,7.48
PG,2024-07-30 07:00:00-04:00,2024-07-30,bmo,1.37,1.4,1.92
PG,2024-10-18 06:00:00-04:00,2024-10-18,bmo,1.9,1.93,1.75
PG,2025-01-22 07:00:00-05:00,2025-01-22,bmo,1.86,1.88,1.1
PG,2025-04-24 07:00:00-04:00,2025-04-24,bmo,1.53,1.54,0.93
PG,2025-07-29 07:00:00-04:00,2025-07-29,bmo,1.42,1.48,4.14
PG,2025-10-24 07:00:00-04:00,2025-10-24,bmo,1.9,1.99,4.92
PSX,2021-01-29 07:00:00-05:00,2021-01-29,bmo,-1.0,-1.16,-15.95
PSX,2021-04-30 07:00:00-04:00,2021-04-30,bmo,-1.4,-1.16,17.34
PSX,2021-08-03 07:00:00-04:00,2021-08-03,bmo,0.6,0.74,23.49
PSX,2021-10-29 07:00:00-04:00,2021-10-29,bmo,1.92,3.18,65.43
PSX,2022-01-28 07:00:00-05:00,2022-01-28,bmo,1.93,2.94,52.2
PSX,2022-04-29 07:00:00-04:00,2022-04-29,bmo,1.21,1.32,8.66
PSX,2022-07-29 07:00:00-04:00,2022-07-29,bmo,5.85,6.77,15.66
PSX,2022-11-01 07:00:00-04:00,2022-11-01,bmo,5.04,6.46,28.26
PSX,2023-01-31 07:00:00-05:00,2023-01-31,bmo,4.35,4.0,-8.1
PSX,2023-05-03 07:00:00-04:00,2023-05-03,bmo,3.56,4.21,18.32
PSX,2023-08-02 07:00:00-04:00,2023-08-02,bmo,3.56,3.87,8.57
PSX,2023-10-27 09:00:00-04:00,2023-10-27,bmo,4.73,4.63,-2.06
PSX,2024-01-31 07:00:00-05:00,2024-01-31,bmo,2.38,3.09,29.58
PSX,2024-04-26 07:00:00-04:00,2024-04-26,bmo,2.25,1.9,-15.73
PSX,2024-07-30 07:00:00-04:00,2024-07-30,bmo,1.98,2.31,16.61
PSX,2024-10-29 07:00:00-04:00,2024-10-29,bmo,1.66,2.04,22.54
PSX,2025-01-31 07:00:00-05:00,2025-01-31,bmo,-0.22,-0.15,32.18
PSX,2025-04-25 07:00:00-04:00,2025-04-25,bmo,-0.72,-0.9,-25.57
PSX,2025-07-25 07:00:00-04:00,2025-07-25,bmo,1.71,2.38,38.89
PSX,2025-10-29 07:00:00-04:00,2025-10-29,bmo,2.16,2.52,16.81
T,2021-01-27 06:00:00-05:00,2021-01-27,bmo,0.73,0.75,2.62
T,2021-04-22 06:00:00-04:00,2021-04-22,bmo,0.78,0.86,10.61
T,2021-07-22 06:00:00-04:00,2021-07-22,bmo,0.8,0.89,11.88
T,2021-10-21 06:00:00-04:00,2021-10-21,bmo,0.79,0.87,10.28
T,2022-01-26 06:00:00-05:00,2022-01-26,bmo,0.75,0.78,3.33
T,2022-04-21 06:00:00-04:00,2022-04-21,bmo,0.75,0.77,1.99
T,2022-07-21 06:00:00-04:00,2022-07-21,bmo,0.61,0.65,6.91
T,2022-10-20 06:00:00-04:00,2022-10-20,bmo,0.61,0.68,10.58
T,2023-01-25 06:00:00-05:00,2023-01-25,bmo,0.57,0.61,6.65
T,2023-04-20 06:00:00-04:00,2023-04-20,bmo,0.59,0.6,2.1
T,2023-07-26 06:00:00-04:00,2023-07-26,bmo,0.6,0.63,4.56
T,2023-10-19 06:00:00-04:00,2023-10-19,bmo,0.62,0.64,3.09
T,2024-01-24 06:00:00-05:00,2024-01-24,bmo,0.56,0.54,-3.16
T,2024-04-24 06:00:00-04:00,2024-04-24,bmo,0.53,0.55,3.66
T,2024-07-24 06:00:00-04:00,2024-07-24,bmo,0.57,0.57,-0.64
T,2024-10-23 06:00:00-04:00,2024-10-23,bmo,0.57,0.6,5.07
T,2025-01-27 06:00:00-05:00,2025-01-27,bmo,0.51,0.54,6.81
T,2025-04-23 06:00:00-04:00,2025-04-23,bmo,0.51,0.51,-0.9
T,2025-07-23 06:00:00-04:00,2025-07-23,bmo,0.53,0.54,1.92
T,2025-10-22 06:00:00-04:00,2025-10-22,bmo,0.54,0.54,0.45
OTIS,2021-02-01 06:00:00-05:00,2021-02-01,bmo,0.59,0.66,11.39
OTIS,2021-04-26 06:00:00-04:00,2021-04-26,bmo,0.63,0.72,14.29
OTIS,2021-07-26 06:00:00-04:00,2021-07-26,bmo,0.72,0.79,9.72
OTIS,2021-10-25 06:00:00-04:00,2021-10-25,bmo,0.73,0.77,4.96
OTIS,2022-01-31 06:00:00-05:00,2022-01-31,bmo,0.7,0.72,3.45
OTIS,2022-04-25 06:00:00-04:00,2022-04-25,bmo,0.74,0.77,4.05
OTIS,2022-07-27 06:00:00-04:00,2022-07-27,bmo,0.79,0.86,9.47
OTIS,2022-10-26 06:00:00-04:00,2022-10-26,bmo,0.78,0.8,2.04
OTIS,2023-02-01 06:00:00-05:00,2023-02-01,bmo,0.75,0.75,0.26
OTIS,2023-04-26 06:00:00-04:00,2023-04-26,bmo,0.75,0.8,6.09
OTIS,2023-07-26 06:00:00-04:00,2023-07-26,bmo,0.86,0.92,6.45
OTIS,2023-10-25 06:00:00-04:00,2023-10-25,bmo,0.88,0.95,8.21
OTIS,2024-01-31 06:00:00-05:00,2024-01-31,bmo,0.86,0.87,1.09
OTIS,2024-04-24 06:00:00-04:00,2024-04-24,bmo,0.86,0.88,1.8
OTIS,2024-07-24 06:00:00-04:00,2024-07-24,bmo,1.03,1.06,2.98
OTIS,2024-10-30 06:00:00-04:00,2024-10-30,bmo,0.97,0.96,-0.98
OTIS,2025-01-29 06:00:00-05:00,2025-01-29,bmo,0.96,0.93,-2.79
OTIS,2025-04-23 06:00:00-04:00,2025-04-23,bmo,0.91,0.92,1.1
OTIS,2025-07-23 06:00:00-04:00,2025-07-23,bmo,0.89,0.99,11.81
OTIS,2025-10-29 06:00:00-04:00,2025-10-29,bmo,1.0,1.05,4.73
DE,2022-02-18 06:00:00-05:00,2022-02-18,bmo,2.24,2.92,30.12
DE,2022-05-20 06:00:00-04:00,2022-05-20,bmo,6.69,6.81,1.78
DE,2022-08-19 06:00:00-04:00,2022-08-19,bmo,6.68,6.16,-7.74
DE,2022-11-23 06:00:00-05:00,2022-11-23,bmo,7.11,7.75,9.03
DE,2023-02-17 06:00:00-05:00,2023-02-17,bmo,5.47,6.55,19.84
DE,2023-05-19 06:00:00-04:00,2023-05-19,bmo,8.47,10.1,19.25
DE,2023-08-18 06:00:00-04:00,2023-08-18,bmo,8.21,10.2,24.17
DE,2023-11-22 06:00:00-05:00,2023-11-22,bmo,7.46,8.32,11.53
DE,2024-02-15 06:00:00-05:00,2024-02-15,bmo,5.21,6.23,19.48
DE,2024-05-16 06:00:00-04:00,2024-05-16,bmo,7.92,8.53,7.75
DE,2024-08-15 06:00:00-04:00,2024-08-15,bmo,5.64,6.29,11.47
DE,2024-11-21 06:00:00-05:00,2024-11-21,bmo,3.93,4.55,15.89
DE,2025-02-13 06:00:00-05:00,2025-02-13,bmo,3.25,3.19,-1.81
DE,2025-05-15 06:00:00-04:00,2025-05-15,bmo,5.62,6.64,18.05
DE,2025-08-14 06:00:00-04:00,2025-08-14,bmo,4.66,4.75,1.9
NCLH,2022-02-24 07:00:00-05:00,2022-02-24,bmo,-1.61,-1.95,-20.87
NCLH,2022-05-10 07:00:00-04:00,2022-05-10,bmo,-1.41,-1.82,-29.4
NCLH,2022-08-09 07:00:00-04:00,2022-08-09,bmo,-0.83,-1.14,-36.78
NCLH,2022-11-08 07:00:00-05:00,2022-11-08,bmo,-0.69,-0.64,7.12
NCLH,2023-02-28 07:00:00-05:00,2023-02-28,bmo,-0.84,-1.04,-24.0
NCLH,2023-05-01 07:00:00-04:00,2023-05-01,bmo,-0.43,-0.3,29.46
NCLH,2023-08-01 07:00:00-04:00,2023-08-01,bmo,0.26,0.3,13.23
NCLH,2023-11-01 07:00:00-04:00,2023-11-01,bmo,0.68,0.76,11.15
NCLH,2024-02-27 07:00:00-05:00,2024-02-27,bmo,-0.13,-0.18,-33.33
NCLH,2024-05-01 07:00:00-04:00,2024-05-01,bmo,0.09,0.16,79.01
NCLH,2024-07-31 07:00:00-04:00,2024-07-31,bmo,0.34,0.4,16.74
NCLH,2024-10-31 07:00:00-04:00,2024-10-31,bmo,0.94,0.99,5.28
NCLH,2025-02-27 06:00:00-05:00,2025-02-27,bmo,0.11,0.26,142.88
NCLH,2025-04-30 06:00:00-04:00,2025-04-30,bmo,0.09,0.07,-22.93
NCLH,2025-07-31 07:00:00-04:00,2025-07-31,bmo,0.52,0.51,-1.09
NCLH,2025-11-04 06:00:00-05:00,2025-11-04,bmo,1.16,1.2,3.31
AMD,2021-01-26 16:00:00-05:00,2021-01-26,amc,0.48,0.52,9.46
AMD,2021-04-27 16:00:00-04:00,2021-04-27,amc,0.44,0.52,18.31
AMD,2021-07-27 16:00:00-04:00,2021-07-27,amc,0.54,0.63,16.95
AMD,2021-10-26 16:00:00-04:00,2021-10-26,amc,0.66,0.73,10.04
AMD,2022-02-01 16:00:00-05:00,2022-02-01,amc,0.76,0.92,21.38
AMD,2022-05-03 16:00:00-04:00,2022-05-03,amc,0.92,1.13,22.23
AMD,2022-08-02 16:00:00-04:00,2022-08-02,amc,1.04,1.05,1.37
AMD,2022-11-01 16:00:00-04:00,2022-11-01,amc,0.7,0.67,-4.83
AMD,2023-01-31 16:00:00-05:00,2023-01-31,amc,0.67,0.69,2.51
AMD,2023-05-02 16:00:00-04:00,2023-05-02,amc,0.56,0.6,6.5
AMD,2023-08-01 16:00:00-04:00,2023-08-01,amc,0.57,0.58,1.05
AMD,2023-10-31 16:00:00-04:00,2023-10-31,amc,0.68,0.7,3.59
AMD,2024-01-30 16:00:00-05:00,2024-01-30,amc,0.77,0.77,-0.01
AMD,2024-04-30 16:00:00-04:00,2024-04-30,amc,0.61,0.62,2.04
AMD,2024-07-30 16:00:00-04:00,2024-07-30,amc,0.68,0.69,1.26
AMD,2024-10-29 16:00:00-04:00,2024-10-29,amc,0.92,0.92,0.46
AMD,2025-02-04 16:00:00-05:00,2025-02-04,amc,1.09,1.09,0.36
AMD,2025-05-06 16:00:00-04:00,2025-05-06,amc,0.93,0.96,2.83
AMD,2025-08-05 16:00:00-04:00,2025-08-05,amc,0.48,0.48,-0.55
AMD,2025-11-04 16:00:00-05:00,2025-11-04,amc,1.17,1.2,2.48
QRVO,2021-02-03 16:00:00-05:00,2021-02-03,amc,2.68,3.08,15.05
QRVO,2021-05-05 16:00:00-04:00,2021-05-05,amc,2.43,2.74,12.65
QRVO,2021-08-04 16:00:00-04:00,2021-08-04,amc,2.45,2.83,15.28
QRVO,2021-11-03 16:00:00-04:00,2021-11-03,amc,3.26,3.42,5.05
QRVO,2022-02-02 16:00:00-05:00,2022-02-02,amc,2.76,2.98,8.04
QRVO,2022-05-04 16:00:00-04:00,2022-05-04,amc,2.94,3.12,6.23
QRVO,2022-08-03 16:00:00-04:00,2022-08-03,amc,2.12,2.25,6.33
QRVO,2022-11-02 16:00:00-04:00,2022-11-02,amc,2.54,2.66,4.85
QRVO,2023-02-01 16:00:00-05:00,2023-02-01,amc,0.63,0.75,18.88
QRVO,2023-05-03 16:00:00-04:00,2023-05-03,amc,0.13,0.26,99.31
QRVO,2023-08-02 16:00:00-04:00,2023-08-02,amc,0.15,0.34,125.7
QRVO,2023-11-01 16:00:00-04:00,2023-11-01,amc,1.77,2.39,34.65
QRVO,2024-01-31 16:00:00-05:00,2024-01-31,amc,1.66,2.1,26.72
QRVO,2024-05-01 16:00:00-04:00,2024-05-01,amc,1.22,1.39,14.15
QRVO,2024-07-30 16:00:00-04:00,2024-07-30,amc,0.71,0.87,21.89
QRVO,2024-10-29 16:00:00-04:00,2024-10-29,amc,1.85,1.88,1.73
QRVO,2025-01-28 16:00:00-05:00,2025-01-28,amc,1.21,1.61,33.22
QRVO,2025-04-29 16:00:00-04:00,2025-04-29,amc,1.0,1.42,41.61
QRVO,2025-07-29 16:00:00-04:00,2025-07-29,amc,-0.04,0.27,742.55
QRVO,2025-11-03 16:00:00-05:00,2025-11-03,amc,2.11,2.22,5.12
CME,2021-02-10 07:00:00-05:00,2021-02-10,bmo,1.36,1.39,1.9
CME,2021-04-28 07:00:00-04:00,2021-04-28,bmo,1.76,1.79,1.9
CME,2021-07-28 07:00:00-04:00,2021-07-28,bmo,1.61,1.64,2.05
CME,2021-10-27 07:00:00-04:00,2021-10-27,bmo,1.55,1.6,2.99
CME,2022-02-09 07:00:00-05:00,2022-02-09,bmo,1.64,1.66,1.24
CME,2022-04-27 07:00:00-04:00,2022-04-27,bmo,2.0,2.11,5.33
CME,2022-07-27 07:00:00-04:00,2022-07-27,bmo,1.93,1.97,1.86
CME,2022-10-26 07:00:00-04:00,2022-10-26,bmo,1.94,1.98,2.24
CME,2023-02-08 07:00:00-05:00,2023-02-08,bmo,1.88,1.92,2.05
CME,2023-04-26 07:00:00-04:00,2023-04-26,bmo,2.38,2.42,1.86
CME,2023-07-26 07:00:00-04:00,2023-07-26,bmo,2.19,2.3,4.99
CME,2023-10-25 07:00:00-04:00,2023-10-25,bmo,2.22,2.25,1.27
CME,2024-02-14 07:00:00-05:00,2024-02-14,bmo,2.28,2.37,3.87
CME,2024-04-24 07:00:00-04:00,2024-04-24,bmo,2.45,2.5,2.0
CME,2024-07-24 07:00:00-04:00,2024-07-24,bmo,2.53,2.56,1.04
CME,2024-10-23 07:00:00-04:00,2024-10-23,bmo,2.65,2.68,0.96
CME,2025-02-12 07:00:00-05:00,2025-02-12,bmo,2.45,2.52,3.05
CME,2025-04-23 07:00:00-04:00,2025-04-23,bmo,2.81,2.8,-0.31
CME,2025-07-23 07:00:00-04:00,2025-07-23,bmo,2.94,2.96,0.64
CME,2025-10-22 07:00:00-04:00,2025-10-22,bmo,2.63,2.68,1.98
KEY,2021-01-21 06:00:00-05:00,2021-01-21,bmo,0.43,0.56,30.73
KEY,2021-04-20 06:00:00-04:00,2021-04-20,bmo,0.48,0.61,27.52
KEY,2021-07-20 06:00:00-04:00,2021-07-20,bmo,0.54,0.72,33.06
KEY,2021-10-21 06:00:00-04:00,2021-10-21,bmo,0.57,0.65,14.98
KEY,2022-01-20 06:00:00-05:00,2022-01-20,bmo,0.57,0.64,13.19
KEY,2022-04-21 06:00:00-04:00,2022-04-21,bmo,0.49,0.45,-7.61
KEY,2022-07-21 06:00:00-04:00,2022-07-21,bmo,0.52,0.54,4.65
KEY,2022-10-20 06:00:00-04:00,2022-10-20,bmo,0.59,0.55,-6.05
KEY,2023-01-19 06:00:00-05:00,2023-01-19,bmo,0.55,0.38,-30.5
KEY,2023-04-20 06:00:00-04:00,2023-04-20,bmo,0.43,0.3,-30.35
KEY,2023-07-20 06:00:00-04:00,2023-07-20,bmo,0.32,0.27,-14.99
KEY,2023-10-19 06:00:00-04:00,2023-10-19,bmo,0.27,0.29,7.5
KEY,2024-01-18 06:00:00-05:00,2024-01-18,bmo,0.23,0.03,-86.95
KEY,2024-04-18 06:00:00-04:00,2024-04-18,bmo,0.23,0.2,-11.55
KEY,2024-07-18 06:00:00-04:00,2024-07-18,bmo,0.24,0.25,3.49
KEY,2024-10-17 06:00:00-04:00,2024-10-17,bmo,0.22,-0.47,-309.38
KEY,2025-01-21 06:00:00-05:00,2025-01-21,bmo,0.33,0.38,16.71
KEY,2025-04-17 06:00:00-04:00,2025-04-17,bmo,0.32,0.33,4.05
KEY,2025-07-22 06:00:00-04:00,2025-07-22,bmo,0.34,0.35,1.9
KEY,2025-10-16 06:00:00-04:00,2025-10-16,bmo,0.38,0.41,7.6
CB,2021-02-02 16:00:00-05:00,2021-02-02,amc,2.82,3.18,12.67
CB,2021-04-27 16:00:00-04:00,2021-04-27,amc,2.49,2.52,1.35
CB,2021-07-27 16:00:00-04:00,2021-07-27,amc,3.02,3.62,20.07
CB,2021-10-26 16:00:00-04:00,2021-10-26,amc,2.25,2.64,17.09
CB,2022-02-01 16:00:00-05:00,2022-02-01,amc,3.28,3.81,16.09
CB,2022-04-26 16:00:00-04:00,2022-04-26,amc,3.48,3.82,9.86
CB,2022-07-26 16:00:00-04:00,2022-07-26,amc,3.62,4.2,16.08
CB,2022-10-25 16:00:00-04:00,2022-10-25,amc,2.61,3.17,21.57
CB,2023-01-31 16:00:00-05:00,2023-01-31,amc,4.25,4.05,-4.7
CB,2023-04-25 16:00:00-04:00,2023-04-25,amc,4.46,4.41,-1.11
CB,2023-07-25 16:00:00-04:00,2023-07-25,amc,4.42,4.92,11.35
CB,2023-10-24 16:00:00-04:00,2023-10-24,amc,4.42,4.95,12.05
CB,2024-01-30 17:00:00-05:00,2024-01-30,amc,5.12,5.54,8.13
CB,2024-04-23 16:00:00-04:00,2024-04-23,amc,5.3,5.41,2.11
CB,2024-07-23 16:00:00-04:00,2024-07-23,amc,5.15,5.38,4.4
CB,2024-10-29 16:00:00-04:00,2024-10-29,amc,4.99,5.72,14.64
CB,2025-01-28 16:00:00-05:00,2025-01-28,amc,5.45,6.02,10.46
CB,2025-04-22 16:00:00-04:00,2025-04-22,amc,3.23,3.68,14.0
CB,2025-07-22 16:00:00-04:00,2025-07-22,amc,5.97,6.14,2.85
CB,2025-10-21 16:00:00-04:00,2025-10-21,amc,6.16,7.49,21.68
CLX,2022-02-03 16:00:00-05:00,2022-02-03,amc,0.85,0.66,-21.96
CLX,2022-05-02 16:00:00-04:00,2022-05-02,amc,0.96,1.31,36.28
CLX,2022-08-03 16:00:00-04:00,2022-08-03,amc,0.93,0.93,0.09
CLX,2022-11-01 16:00:00-04:00,2022-11-01,amc,0.78,0.93,19.65
CLX,2023-02-02 16:00:00-05:00,2023-02-02,amc,0.66,0.98,49.37
CLX,2023-05-02 16:00:00-04:00,2023-05-02,amc,1.22,1.51,23.37
CLX,2023-08-02 16:00:00-04:00,2023-08-02,amc,1.18,1.67,41.09
CLX,2023-11-01 16:00:00-04:00,2023-11-01,amc,-0.23,0.49,312.25
CLX,2024-02-01 16:00:00-05:00,2024-02-01,amc,1.1,2.16,95.83
CLX,2024-04-30 16:00:00-04:00,2024-04-30,amc,1.37,1.71,25.15
CLX,2024-08-01 16:00:00-04:00,2024-08-01,amc,1.56,1.82,16.43
CLX,2024-10-30 16:00:00-04:00,2024-10-30,amc,1.39,1.86,33.57
CLX,2025-02-03 16:00:00-05:00,2025-02-03,amc,1.4,1.55,10.68
CLX,2025-05-05 16:00:00-04:00,2025-05-05,amc,1.56,1.45,-6.9
CLX,2025-07-31 16:00:00-04:00,2025-07-31,amc,2.21,2.87,29.75
CLX,2025-11-03 16:00:00-05:00,2025-11-03,amc,0.78,0.85,9.23
AEP,2021-02-25 07:00:00-05:00,2021-02-25,bmo,0.79,0.87,10.67
AEP,2021-04-22 06:00:00-04:00,2021-04-22,bmo,1.17,1.15,-1.44
AEP,2021-07-22 06:00:00-04:00,2021-07-22,bmo,1.14,1.18,3.31
AEP,2021-10-28 06:00:00-04:00,2021-10-28,bmo,1.45,1.43,-1.28
AEP,2022-02-24 06:00:00-05:00,2022-02-24,bmo,0.92,0.98,6.21
AEP,2022-04-28 06:00:00-04:00,2022-04-28,bmo,1.2,1.22,2.07
AEP,2022-07-27 07:00:00-04:00,2022-07-27,bmo,1.19,1.2,0.92
AEP,2022-10-27 07:00:00-04:00,2022-10-27,bmo,1.56,1.62,3.6
AEP,2023-02-23 06:00:00-05:00,2023-02-23,bmo,0.99,1.05,5.77
AEP,2023-05-04 06:00:00-04:00,2023-05-04,bmo,1.12,1.11,-0.82
AEP,2023-07-27 06:00:00-04:00,2023-07-27,bmo,1.14,1.13,-0.56
AEP,2023-11-02 06:00:00-04:00,2023-11-02,bmo,1.7,1.77,4.01
AEP,2024-02-26 16:00:00-05:00,2024-02-26,amc,1.26,1.23,-2.28
AEP,2024-04-30 06:00:00-04:00,2024-04-30,bmo,1.26,1.27,1.06
AEP,2024-07-30 07:00:00-04:00,2024-07-30,bmo,1.23,1.25,1.3
AEP,2024-11-06 06:00:00-05:00,2024-11-06,bmo,1.8,1.85,3.05
AEP,2025-02-13 06:00:00-05:00,2025-02-13,bmo,1.24,1.24,-0.19
AEP,2025-05-06 07:00:00-04:00,2025-05-06,bmo,1.4,1.54,9.86
AEP,2025-07-30 02:00:00-04:00,2025-07-30,bmo,1.27,1.43,12.83
AEP,2025-10-29 06:00:00-04:00,2025-10-29,bmo,1.81,1.8,-0.28
AMAT,2021-02-18 16:00:00-05:00,2021-02-18,amc,1.28,1.39,8.75
AMAT,2021-05-20 16:00:00-04:00,2021-05-20,amc,1.51,1.63,7.92
AMAT,2021-08-19 16:00:00-04:00,2021-08-19,amc,1.78,1.9,6.82
AMAT,2021-11-18 16:00:00-05:00,2021-11-18,amc,1.96,1.94,-0.93
AMAT,2022-02-16 16:00:00-05:00,2022-02-16,amc,1.85,1.89,1.89
AMAT,2022-05-19 16:00:00-04:00,2022-05-19,amc,1.9,1.85,-2.77
AMAT,2022-08-18 16:00:00-04:00,2022-08-18,amc,1.78,1.94,8.69
AMAT,2022-11-17 16:00:00-05:00,2022-11-17,amc,1.74,2.03,16.87
AMAT,2023-02-16 16:00:00-05:00,2023-02-16,amc,1.92,2.03,5.68
AMAT,2023-05-18 16:00:00-04:00,2023-05-18,amc,1.83,2.0,9.49
AMAT,2023-08-17 16:00:00-04:00,2023-08-17,amc,1.75,1.9,8.88
AMAT,2023-11-16 16:00:00-05:00,2023-11-16,amc,1.99,2.12,6.44
AMAT,2024-02-15 16:00:00-05:00,2024-02-15,amc,1.91,2.13,11.78
AMAT,2024-05-16 16:00:00-04:00,2024-05-16,amc,1.99,2.09,5.27
AMAT,2024-08-15 16:00:00-04:00,2024-08-15,amc,2.03,2.12,4.68
AMAT,2024-11-14 16:00:00-05:00,2024-11-14,amc,2.19,2.32,5.71
AMAT,2025-02-13 16:00:00-05:00,2025-02-13,amc,2.3,2.38,3.67
AMAT,2025-05-15 16:00:00-04:00,2025-05-15,amc,2.31,2.39,3.45
AMAT,2025-08-14 16:00:00-04:00,2025-08-14,amc,2.36,2.48,5.13
AMAT,2025-11-13 16:00:00-05:00,2025-11-13,amc,2.09,2.17,3.65
WFC,2021-01-15 07:00:00-05:00,2021-01-15,bmo,0.58,0.64,9.44
WFC,2021-04-14 08:00:00-04:00,2021-04-14,bmo,0.72,1.05,45.87
WFC,2021-07-14 07:00:00-04:00,2021-07-14,bmo,0.98,1.38,40.89
WFC,2021-10-14 06:00:00-04:00,2021-10-14,bmo,1.0,1.17,17.18
WFC,2022-01-14 06:00:00-05:00,2022-01-14,bmo,1.13,1.38,22.11
WFC,2022-04-14 06:00:00-04:00,2022-04-14,bmo,0.81,0.88,9.01
WFC,2022-07-15 06:00:00-04:00,2022-07-15,bmo,0.81,0.74,-8.85
WFC,2022-10-14 06:00:00-04:00,2022-10-14,bmo,1.09,0.85,-22.37
WFC,2023-01-13 06:00:00-05:00,2023-01-13,bmo,0.61,0.67,10.41
WFC,2023-04-14 06:00:00-04:00,2023-04-14,bmo,1.12,1.23,10.2
WFC,2023-07-14 06:00:00-04:00,2023-07-14,bmo,1.16,1.25,7.89
WFC,2023-10-13 06:00:00-04:00,2023-10-13,bmo,1.24,1.48,19.82
WFC,2024-01-12 06:00:00-05:00,2024-01-12,bmo,0.87,0.86,-1.39
WFC,2024-04-12 06:00:00-04:00,2024-04-12,bmo,1.05,1.2,14.72
WFC,2024-07-12 06:00:00-04:00,2024-07-12,bmo,1.29,1.33,3.23
WFC,2024-10-11 06:00:00-04:00,2024-10-11,bmo,1.29,1.42,10.43
WFC,2025-01-15 06:00:00-05:00,2025-01-15,bmo,1.36,1.43,5.46
WFC,2025-04-11 06:00:00-04:00,2025-04-11,bmo,1.23,1.39,13.31
WFC,2025-07-15 06:00:00-04:00,2025-07-15,bmo,1.41,1.6,13.6
WFC,2025-10-14 06:00:00-04:00,2025-10-14,bmo,1.55,1.66,7.43
ZBRA,2021-02-11 06:00:00-05:00,2021-02-11,bmo,3.8,4.46,17.37
ZBRA,2021-05-04 06:00:00-04:00,2021-05-04,bmo,4.4,4.79,8.94
ZBRA,2021-08-03 06:00:00-04:00,2021-08-03,bmo,4.12,4.57,10.91
ZBRA,2021-11-02 06:00:00-04:00,2021-11-02,bmo,4.05,4.55,12.23
ZBRA,2022-02-10 06:00:00-05:00,2022-02-10,bmo,4.4,4.54,3.14
ZBRA,2022-05-03 06:00:00-04:00,2022-05-03,bmo,3.87,4.01,3.54
ZBRA,2022-08-02 06:00:00-04:00,2022-08-02,bmo,4.2,4.61,9.75
ZBRA,2022-11-01 06:00:00-04:00,2022-11-01,bmo,4.54,4.12,-9.15
ZBRA,2023-02-16 06:00:00-05:00,2023-02-16,bmo,4.59,4.75,3.48
ZBRA,2023-05-02 06:00:00-04:00,2023-05-02,bmo,3.91,3.94,0.67
ZBRA,2023-08-01 06:00:00-04:00,2023-08-01,bmo,3.28,3.29,0.26
ZBRA,2023-10-31 06:00:00-04:00,2023-10-31,bmo,0.84,0.87,4.06
ZBRA,2024-02-15 06:00:00-05:00,2024-02-15,bmo,1.64,1.71,4.17
ZBRA,2024-04-30 06:00:00-04:00,2024-04-30,bmo,2.43,2.84,16.91
ZBRA,2024-07-30 07:00:00-04:00,2024-07-30,bmo,2.81,3.18,13.33
ZBRA,2024-10-29 06:00:00-04:00,2024-10-29,bmo,3.22,3.49,8.41
ZBRA,2025-02-13 06:00:00-05:00,2025-02-13,bmo,3.12,3.14,0.75
ZBRA,2025-04-29 06:00:00-04:00,2025-04-29,bmo,2.74,2.62,-4.45
ZBRA,2025-08-05 06:00:00-04:00,2025-08-05,bmo,3.33,3.61,8.45
ZBRA,2025-10-28 06:00:00-04:00,2025-10-28,bmo,3.75,3.88,3.4
ETN,2021-02-02 06:00:00-05:00,2021-02-02,bmo,1.24,1.28,3.3
ETN,2021-05-04 06:00:00-04:00,2021-05-04,bmo,1.24,1.44,15.78
ETN,2021-08-03 06:00:00-04:00,2021-08-03,bmo,1.57,1.72,9.25
ETN,2021-11-02 06:00:00-04:00,2021-11-02,bmo,1.73,1.75,1.28
ETN,2022-02-04 06:00:00-05:00,2022-02-04,bmo,1.71,1.72,0.37
ETN,2022-05-03 06:00:00-04:00,2022-05-03,bmo,1.6,1.62,1.43
ETN,2022-08-02 06:00:00-04:00,2022-08-02,bmo,1.82,1.87,2.76
ETN,2022-11-01 06:00:00-04:00,2022-11-01,bmo,2.01,2.02,0.56
ETN,2023-02-08 06:00:00-05:00,2023-02-08,bmo,2.05,2.06,0.58
ETN,2023-05-02 06:00:00-04:00,2023-05-02,bmo,1.78,1.88,5.34
ETN,2023-08-01 06:00:00-04:00,2023-08-01,bmo,2.11,2.21,4.68
ETN,2023-10-31 06:00:00-04:00,2023-10-31,bmo,2.34,2.47,5.71
ETN,2024-02-01 06:00:00-05:00,2024-02-01,bmo,2.47,2.55,3.21
ETN,2024-04-30 06:00:00-04:00,2024-04-30,bmo,2.29,2.4,4.86
ETN,2024-08-01 06:00:00-04:00,2024-08-01,bmo,2.61,2.73,4.5
ETN,2024-10-31 06:00:00-04:00,2024-10-31,bmo,2.81,2.84,1.18
ETN,2025-01-31 06:00:00-05:00,2025-01-31,bmo,2.81,2.83,0.72
ETN,2025-05-02 06:00:00-04:00,2025-05-02,bmo,2.71,2.72,0.55
ETN,2025-08-05 07:00:00-04:00,2025-08-05,bmo,2.92,2.95,0.95
ETN,2025-11-04 06:00:00-05:00,2025-11-04,bmo,3.05,3.07,0.51
PCAR,2021-01-26 08:00:00-05:00,2021-01-26,bmo,0.78,0.78,-0.4
PCAR,2021-04-27 08:00:00-04:00,2021-04-27,bmo,0.84,0.9,6.95
PCAR,2021-07-27 08:00:00-04:00,2021-07-27,bmo,0.92,0.94,2.44
PCAR,2021-10-26 08:00:00-04:00,2021-10-26,bmo,0.81,0.72,-10.86
PCAR,2022-01-25 08:00:00-05:00,2022-01-25,bmo,0.88,0.98,11.79
PCAR,2022-04-26 08:00:00-04:00,2022-04-26,bmo,1.03,1.15,10.92
PCAR,2022-07-26 08:00:00-04:00,2022-07-26,bmo,1.22,1.38,12.73
PCAR,2022-10-25 08:00:00-04:00,2022-10-25,bmo,1.32,1.47,11.38
PCAR,2023-01-24 08:00:00-05:00,2023-01-24,bmo,1.47,1.76,19.89
PCAR,2023-04-25 08:00:00-04:00,2023-04-25,bmo,1.74,1.4,-19.49
PCAR,2023-07-25 08:00:00-04:00,2023-07-25,bmo,2.17,2.33,7.61
PCAR,2023-10-24 08:00:00-04:00,2023-10-24,bmo,2.13,2.34,10.01
PCAR,2024-01-23 08:00:00-05:00,2024-01-23,bmo,2.21,2.7,22.11
PCAR,2024-04-30 08:00:00-04:00,2024-04-30,bmo,2.18,2.27,4.01
PCAR,2024-07-23 08:00:00-04:00,2024-07-23,bmo,2.15,2.13,-0.85
PCAR,2024-10-22 08:00:00-04:00,2024-10-22,bmo,1.82,1.85,1.64
PCAR,2025-01-28 08:00:00-05:00,2025-01-28,bmo,1.69,1.66,-1.53
PCAR,2025-04-29 08:00:00-04:00,2025-04-29,bmo,1.58,1.46,-7.53
PCAR,2025-07-22 08:00:00-04:00,2025-07-22,bmo,1.31,1.37,4.31
PCAR,2025-10-21 08:00:00-04:00,2025-10-21,bmo,1.15,1.12,-2.72
APD,2021-02-04 06:00:00-05:00,2021-02-04,bmo,2.2,2.12,-3.48
APD,2021-05-10 06:00:00-04:00,2021-05-10,bmo,2.11,2.08,-1.64
APD,2021-08-09 06:00:00-04:00,2021-08-09,bmo,2.38,2.31,-2.77
APD,2021-11-04 06:00:00-04:00,2021-11-04,bmo,2.49,2.51,0.97
APD,2022-02-04 06:00:00-05:00,2022-02-04,bmo,2.5,2.52,0.97
APD,2022-05-05 06:00:00-04:00,2022-05-05,bmo,2.37,2.38,0.27
APD,2022-08-04 06:00:00-04:00,2022-08-04,bmo,2.61,2.62,0.43
APD,2022-11-03 06:00:00-04:00,2022-11-03,bmo,2.76,2.89,4.64
APD,2023-02-02 06:00:00-05:00,2023-02-02,bmo,2.7,2.64,-2.25
APD,2023-05-09 06:00:00-04:00,2023-05-09,bmo,2.66,2.74,3.11
APD,2023-08-03 06:00:00-04:00,2023-08-03,bmo,2.91,2.98,2.24
APD,2023-11-07 06:00:00-05:00,2023-11-07,bmo,3.11,3.15,1.17
APD,2024-02-05 06:00:00-05:00,2024-02-05,bmo,3.0,2.82,-6.14
APD,2024-04-30 06:00:00-04:00,2024-04-30,bmo,2.7,2.85,5.48
APD,2024-08-01 06:00:00-04:00,2024-08-01,bmo,3.04,3.2,5.3
APD,2024-11-07 06:00:00-05:00,2024-11-07,bmo,3.47,3.56,2.49
APD,2025-02-06 06:00:00-05:00,2025-02-06,bmo,2.84,2.86,0.67
APD,2025-05-01 06:00:00-04:00,2025-05-01,bmo,2.83,2.69,-4.86
APD,2025-07-31 06:00:00-04:00,2025-07-31,bmo,2.99,3.09,3.23
APD,2025-11-06 06:00:00-05:00,2025-11-06,bmo,3.42,0.02,-99.41
TFC,2021-01-21 05:00:00-05:00,2021-01-21,bmo,0.96,1.18,22.93
TFC,2021-04-15 05:00:00-04:00,2021-04-15,bmo,1.1,1.18,7.51
TFC,2021-07-15 05:00:00-04:00,2021-07-15,bmo,1.18,1.55,31.63
TFC,2021-10-15 05:00:00-04:00,2021-10-15,bmo,1.2,1.42,18.11
TFC,2022-01-18 05:00:00-05:00,2022-01-18,bmo,1.26,1.38,9.9
TFC,2022-04-19 05:00:00-04:00,2022-04-19,bmo,1.09,1.23,13.32
TFC,2022-07-19 05:00:00-04:00,2022-07-19,bmo,1.15,1.2,4.03
TFC,2022-10-18 05:00:00-04:00,2022-10-18,bmo,1.23,1.24,1.21
TFC,2023-01-19 05:00:00-05:00,2023-01-19,bmo,1.28,1.3,1.66
TFC,2023-04-20 06:00:00-04:00,2023-04-20,bmo,1.15,1.09,-4.87
TFC,2023-07-20 06:00:00-04:00,2023-07-20,bmo,1.03,0.92,-10.37
TFC,2023-10-19 06:00:00-04:00,2023-10-19,bmo,0.83,0.84,1.74
TFC,2024-01-18 06:00:00-05:00,2024-01-18,bmo,0.9,0.81,-9.5
TFC,2024-04-22 06:00:00-04:00,2024-04-22,bmo,0.8,0.9,11.84
TFC,2024-07-22 06:00:00-04:00,2024-07-22,bmo,0.83,0.91,9.18
TFC,2024-10-17 06:00:00-04:00,2024-10-17,bmo,0.9,0.97,7.55
TFC,2025-01-17 06:00:00-05:00,2025-01-17,bmo,0.88,0.91,3.78
TFC,2025-04-17 06:00:00-04:00,2025-04-17,bmo,0.86,0.89,2.97
TFC,2025-07-18 06:00:00-04:00,2025-07-18,bmo,0.93,0.93,0.32
TFC,2025-10-17 06:00:00-04:00,2025-10-17,bmo,0.99,1.06,6.7
AAPL,2022-01-27 16:00:00-05:00,2022-01-27,amc,1.89,2.1,11.2
AAPL,2022-04-28 16:00:00-04:00,2022-04-28,amc,1.43,1.52,6.48
AAPL,2022-07-28 16:00:00-04:00,2022-07-28,amc,1.15,1.2,3.93
AAPL,2022-10-27 16:00:00-04:00,2022-10-27,amc,1.27,1.29,1.44
AAPL,2023-02-02 16:00:00-05:00,2023-02-02,amc,1.95,1.88,-3.78
AAPL,2023-05-04 16:00:00-04:00,2023-05-04,amc,1.43,1.52,6.37
AAPL,2023-08-03 16:00:00-04:00,2023-08-03,amc,1.19,1.26,5.66
AAPL,2023-11-02 16:00:00-04:00,2023-11-02,amc,1.39,1.46,4.93
AAPL,2024-02-01 16:00:00-05:00,2024-02-01,amc,2.11,2.18,3.55
AAPL,2024-05-02 16:00:00-04:00,2024-05-02,amc,1.5,1.53,2.05
AAPL,2024-08-01 16:00:00-04:00,2024-08-01,amc,1.34,1.4,4.36
AAPL,2024-10-31 16:00:00-04:00,2024-10-31,amc,0.95,0.97,2.48
AAPL,2025-01-30 16:00:00-05:00,2025-01-30,amc,2.34,2.4,2.52
AAPL,2025-05-01 16:00:00-04:00,2025-05-01,amc,1.62,1.65,1.69
AAPL,2025-07-31 16:00:00-04:00,2025-07-31,amc,1.43,1.57,10.12
AAPL,2025-10-30 16:00:00-04:00,2025-10-30,amc,1.77,1.85,4.52
ADM,2021-01-26 07:00:00-05:00,2021-01-26,bmo,1.09,1.21,10.59
ADM,2021-04-27 07:00:00-04:00,2021-04-27,bmo,1.06,1.39,31.65
ADM,2021-07-27 07:00:00-04:00,2021-07-27,bmo,1.04,1.33,28.43
ADM,2021-10-26 07:00:00-04:00,2021-10-26,bmo,0.89,0.97,8.95
ADM,2022-01-25 07:00:00-05:00,2022-01-25,bmo,1.37,1.5,9.53
ADM,2022-04-26 07:00:00-04:00,2022-04-26,bmo,1.41,1.9,34.75
ADM,2022-07-26 07:00:00-04:00,2022-07-26,bmo,1.72,2.15,24.96
ADM,2022-10-25 07:00:00-04:00,2022-10-25,bmo,1.41,1.86,31.54
ADM,2023-01-26 07:00:00-05:00,2023-01-26,bmo,1.65,1.93,16.95
ADM,2023-04-25 07:00:00-04:00,2023-04-25,bmo,1.78,2.09,17.35
ADM,2023-07-25 07:00:00-04:00,2023-07-25,bmo,1.59,1.89,19.15
ADM,2023-10-24 07:00:00-04:00,2023-10-24,bmo,1.53,1.63,6.34
ADM,2024-03-12 07:00:00-04:00,2024-03-12,bmo,1.43,1.36,-5.02
ADM,2024-04-30 07:00:00-04:00,2024-04-30,bmo,1.37,1.46,6.74
ADM,2024-07-30 07:00:00-04:00,2024-07-30,bmo,1.24,1.03,-16.84
ADM,2024-11-18 16:00:00-05:00,2024-11-18,amc,1.09,1.09,-0.02
ADM,2025-02-04 07:00:00-05:00,2025-02-04,bmo,1.15,1.14,-0.75
ADM,2025-05-06 07:00:00-04:00,2025-05-06,bmo,0.67,0.7,4.46
ADM,2025-08-05 07:00:00-04:00,2025-08-05,bmo,0.8,0.93,16.82
ADM,2025-11-04 06:00:00-05:00,2025-11-04,bmo,0.85,0.92,7.91
RTX,2022-01-25 06:00:00-05:00,2022-01-25,bmo,1.02,1.08,5.72
RTX,2022-04-26 06:00:00-04:00,2022-04-26,bmo,1.02,1.15,13.11
RTX,2022-07-26 06:00:00-04:00,2022-07-26,bmo,1.11,1.16,4.16
RTX,2022-10-25 06:00:00-04:00,2022-10-25,bmo,1.14,1.21,6.33
RTX,2023-01-24 06:00:00-05:00,2023-01-24,bmo,1.25,1.27,1.83
RTX,2023-04-25 06:00:00-04:00,2023-04-25,bmo,1.13,1.22,7.52
RTX,2023-07-25 06:00:00-04:00,2023-07-25,bmo,1.18,1.29,9.73
RTX,2023-10-24 06:00:00-04:00,2023-10-24,bmo,1.22,1.25,2.64
RTX,2024-01-23 06:00:00-05:00,2024-01-23,bmo,1.25,1.29,3.46
RTX,2024-04-23 06:00:00-04:00,2024-04-23,bmo,1.23,1.34,8.6
RTX,2024-07-25 06:00:00-04:00,2024-07-25,bmo,1.3,1.41,8.61
RTX,2024-10-22 06:00:00-04:00,2024-10-22,bmo,1.34,1.45,8.31
RTX,2025-01-28 07:00:00-05:00,2025-01-28,bmo,1.38,1.54,11.8
RTX,2025-04-22 06:00:00-04:00,2025-04-22,bmo,1.37,1.47,7.52
RTX,2025-07-22 06:00:00-04:00,2025-07-22,bmo,1.43,1.56,9.47
RTX,2025-10-21 06:00:00-04:00,2025-10-21,bmo,1.41,1.7,20.64
NFLX,2021-01-19 16:00:00-05:00,2021-01-19,amc,0.14,0.12,-14.55
NFLX,2021-04-20 16:00:00-04:00,2021-04-20,amc,0.3,0.38,25.48
NFLX,2021-07-20 16:00:00-04:00,2021-07-20,amc,0.32,0.3,-5.91
NFLX,2021-10-19 16:00:00-04:00,2021-10-19,amc,0.26,0.32,24.49
NFLX,2022-01-20 16:00:00-05:00,2022-01-20,amc,0.08,0.13,59.66
NFLX,2022-04-19 16:00:00-04:00,2022-04-19,amc,0.29,0.35,21.17
NFLX,2022-07-19 16:00:00-04:00,2022-07-19,amc,0.29,0.32,9.04
NFLX,2022-10-18 16:00:00-04:00,2022-10-18,amc,0.21,0.31,45.21
NFLX,2023-01-19 16:00:00-05:00,2023-01-19,amc,0.05,0.01,-75.18
NFLX,2023-04-18 16:00:00-04:00,2023-04-18,amc,0.29,0.29,0.61
NFLX,2023-07-19 16:00:00-04:00,2023-07-19,amc,0.29,0.33,15.36
NFLX,2023-10-18 16:00:00-04:00,2023-10-18,amc,0.35,0.37,7.07
NFLX,2024-01-23 16:00:00-05:00,2024-01-23,amc,0.22,0.21,-5.47
NFLX,2024-04-18 16:00:00-04:00,2024-04-18,amc,0.45,0.53,16.66
NFLX,2024-07-18 16:00:00-04:00,2024-07-18,amc,0.47,0.49,2.92
NFLX,2024-10-17 16:00:00-04:00,2024-10-17,amc,0.51,0.54,5.56
NFLX,2025-01-21 16:00:00-05:00,2025-01-21,amc,0.42,0.43,1.41
NFLX,2025-04-17 16:00:00-04:00,2025-04-17,amc,0.57,0.66,16.82
NFLX,2025-07-17 16:00:00-04:00,2025-07-17,amc,0.7,0.72,2.24
NFLX,2025-10-21 16:00:00-04:00,2025-10-21,amc,0.7,0.59,-15.79
FITB,2022-01-20 06:00:00-05:00,2022-01-20,bmo,0.9,0.9,-0.2
FITB,2022-04-19 06:00:00-04:00,2022-04-19,bmo,0.69,0.68,-1.99
FITB,2022-07-21 06:00:00-04:00,2022-07-21,bmo,0.87,0.76,-13.01
FITB,2022-10-20 06:00:00-04:00,2022-10-20,bmo,0.98,0.93,-4.88
FITB,2023-01-19 06:00:00-05:00,2023-01-19,bmo,0.99,1.01,2.0
FITB,2023-04-20 06:00:00-04:00,2023-04-20,bmo,0.79,0.78,-1.25
FITB,2023-07-20 06:00:00-04:00,2023-07-20,bmo,0.83,0.82,-1.25
FITB,2023-10-19 06:00:00-04:00,2023-10-19,bmo,0.82,0.91,10.47
FITB,2024-01-19 06:00:00-05:00,2024-01-19,bmo,0.64,0.72,12.78
FITB,2024-04-19 06:00:00-04:00,2024-04-19,bmo,0.68,0.7,2.9
FITB,2024-07-19 06:00:00-04:00,2024-07-19,bmo,0.85,0.81,-4.37
FITB,2024-10-18 06:00:00-04:00,2024-10-18,bmo,0.83,0.78,-5.78
FITB,2025-01-21 06:00:00-05:00,2025-01-21,bmo,0.88,0.85,-3.01
FITB,2025-04-17 06:00:00-04:00,2025-04-17,bmo,0.7,0.71,1.42
FITB,2025-07-17 06:00:00-04:00,2025-07-17,bmo,0.87,0.88,1.47
FITB,2025-10-17 06:00:00-04:00,2025-10-17,bmo,0.86,0.91,5.47
ROST,2022-03-01 16:00:00-05:00,2022-03-01,amc,0.97,1.04,6.72
ROST,2022-05-19 16:00:00-04:00,2022-05-19,amc,1.0,0.97,-2.74
ROST,2022-08-18 16:00:00-04:00,2022-08-18,amc,0.99,1.11,11.83
ROST,2022-11-17 16:00:00-05:00,2022-11-17,amc,0.82,1.0,22.52
ROST,2023-02-28 16:00:00-05:00,2023-02-28,amc,1.24,1.31,5.69
ROST,2023-05-18 16:00:00-04:00,2023-05-18,amc,1.07,1.09,2.26
ROST,2023-08-17 16:00:00-04:00,2023-08-17,amc,1.16,1.32,13.46
ROST,2023-11-16 16:00:00-05:00,2023-11-16,amc,1.22,1.33,8.83
ROST,2024-03-05 16:00:00-05:00,2024-03-05,amc,1.65,1.82,10.2
ROST,2024-05-23 16:00:00-04:00,2024-05-23,amc,1.36,1.46,7.72
ROST,2024-08-22 16:00:00-04:00,2024-08-22,amc,1.49,1.59,6.44
ROST,2024-11-21 16:00:00-05:00,2024-11-21,amc,1.4,1.48,6.0
ROST,2025-03-04 16:00:00-05:00,2025-03-04,amc,1.66,1.79,7.92
ROST,2025-05-22 16:00:00-04:00,2025-05-22,amc,1.43,1.47,2.55
ROST,2025-08-21 16:00:00-04:00,2025-08-21,amc,1.54,1.56,1.36
AFL,2021-02-03 16:00:00-05:00,2021-02-03,amc,1.04,1.05,0.49
AFL,2021-04-28 16:00:00-04:00,2021-04-28,amc,1.21,1.51,24.57
AFL,2021-07-28 16:00:00-04:00,2021-07-28,amc,1.28,1.59,24.53
AFL,2021-10-27 16:00:00-04:00,2021-10-27,amc,1.32,1.56,18.25
AFL,2022-02-02 16:00:00-05:00,2022-02-02,amc,1.26,1.33,5.4
AFL,2022-04-27 16:00:00-04:00,2022-04-27,amc,1.37,1.42,3.96
AFL,2022-08-01 16:00:00-04:00,2022-08-01,amc,1.28,1.46,14.21
AFL,2022-10-31 16:00:00-04:00,2022-10-31,amc,1.21,1.15,-5.29
AFL,2023-02-01 16:00:00-05:00,2023-02-01,amc,1.21,1.29,6.44
AFL,2023-04-26 16:00:00-04:00,2023-04-26,amc,1.4,1.55,10.74
AFL,2023-08-01 16:00:00-04:00,2023-08-01,amc,1.44,1.58,10.07
AFL,2023-11-01 16:00:00-04:00,2023-11-01,amc,1.49,1.84,23.64
AFL,2024-01-31 16:00:00-05:00,2024-01-31,amc,1.45,1.25,-14.04
AFL,2024-05-01 16:00:00-04:00,2024-05-01,amc,1.58,1.66,5.17
AFL,2024-07-31 17:00:00-04:00,2024-07-31,amc,1.6,1.83,14.51
AFL,2024-10-30 16:00:00-04:00,2024-10-30,amc,1.68,2.16,28.3
AFL,2025-02-05 17:00:00-05:00,2025-02-05,amc,1.62,1.56,-3.53
AFL,2025-04-30 16:00:00-04:00,2025-04-30,amc,1.67,1.66,-0.82
AFL,2025-08-05 16:00:00-04:00,2025-08-05,amc,1.71,1.78,4.35
AFL,2025-11-04 16:00:00-05:00,2025-11-04,amc,1.78,2.49,40.16
LLY,2022-02-03 06:00:00-05:00,2022-02-03,bmo,2.51,2.49,-0.67
LLY,2022-04-28 06:00:00-04:00,2022-04-28,bmo,2.29,2.62,14.43
LLY,2022-08-04 06:00:00-04:00,2022-08-04,bmo,1.7,1.25,-26.31
LLY,2022-11-01 06:00:00-04:00,2022-11-01,bmo,1.94,1.98,2.07
LLY,2023-02-02 06:00:00-05:00,2023-02-02,bmo,1.83,2.09,14.11
LLY,2023-04-27 06:00:00-04:00,2023-04-27,bmo,1.73,1.62,-6.33
LLY,2023-08-08 06:00:00-04:00,2023-08-08,bmo,1.99,2.11,5.92
LLY,2023-11-02 06:00:00-04:00,2023-11-02,bmo,-0.12,0.1,181.53
LLY,2024-02-06 06:00:00-05:00,2024-02-06,bmo,2.37,2.49,5.14
LLY,2024-04-30 06:00:00-04:00,2024-04-30,bmo,2.49,2.58,3.67
LLY,2024-08-08 07:00:00-04:00,2024-08-08,bmo,2.77,3.92,41.68
LLY,2024-10-30 06:00:00-04:00,2024-10-30,bmo,1.47,1.18,-19.52
LLY,2025-02-06 06:00:00-05:00,2025-02-06,bmo,5.01,4.88,-2.59
LLY,2025-05-01 06:00:00-04:00,2025-05-01,bmo,3.54,3.34,-5.73
LLY,2025-08-07 06:00:00-04:00,2025-08-07,bmo,5.59,6.31,12.89
LLY,2025-10-30 06:00:00-04:00,2025-10-30,bmo,5.89,7.02,19.15
AEE,2021-02-18 17:00:00-05:00,2021-02-18,amc,0.42,0.46,9.56
AEE,2021-05-10 16:00:00-04:00,2021-05-10,amc,0.75,0.91,21.66
AEE,2021-08-05 17:00:00-04:00,2021-08-05,amc,0.88,0.8,-8.75
AEE,2021-11-03 16:00:00-04:00,2021-11-03,amc,1.63,1.65,1.44
AEE,2022-02-17 16:00:00-05:00,2022-02-17,amc,0.49,0.48,-1.61
AEE,2022-05-05 17:00:00-04:00,2022-05-05,amc,0.98,0.97,-1.12
AEE,2022-08-04 16:00:00-04:00,2022-08-04,amc,0.82,0.8,-2.76
AEE,2022-11-03 16:00:00-04:00,2022-11-03,amc,1.74,1.74,0.19
AEE,2023-02-15 16:00:00-05:00,2023-02-15,amc,0.57,0.63,10.83
AEE,2023-05-04 16:00:00-04:00,2023-05-04,amc,0.95,1.0,5.54
AEE,2023-08-02 16:00:00-04:00,2023-08-02,amc,0.8,0.9,12.0
AEE,2023-11-08 16:00:00-05:00,2023-11-08,amc,1.82,1.87,2.55
AEE,2024-02-22 16:00:00-05:00,2024-02-22,amc,0.61,0.6,-1.52
AEE,2024-05-02 17:00:00-04:00,2024-05-02,amc,1.08,0.98,-9.22
AEE,2024-08-01 16:00:00-04:00,2024-08-01,amc,0.93,0.97,4.18
AEE,2024-11-06 16:00:00-05:00,2024-11-06,amc,1.92,1.87,-2.39
AEE,2025-02-13 16:00:00-05:00,2025-02-13,amc,0.8,0.77,-3.21
AEE,2025-05-01 16:00:00-04:00,2025-05-01,amc,1.04,1.07,2.75
AEE,2025-07-31 16:00:00-04:00,2025-07-31,amc,1.0,1.01,1.42
AEE,2025-11-05 16:00:00-05:00,2025-11-05,amc,2.11,2.35,11.35
SBUX,2022-02-01 16:00:00-05:00,2022-02-01,amc,0.8,0.72,-9.45
SBUX,2022-05-03 16:00:00-04:00,2022-05-03,amc,0.6,0.59,-1.02
SBUX,2022-08-02 16:00:00-04:00,2022-08-02,amc,0.76,0.84,11.13
SBUX,2022-11-03 16:00:00-04:00,2022-11-03,amc,0.72,0.81,12.49
SBUX,2023-02-02 16:00:00-05:00,2023-02-02,amc,0.77,0.75,-2.57
SBUX,2023-05-02 16:00:00-04:00,2023-05-02,amc,0.65,0.74,13.12
SBUX,2023-08-01 16:00:00-04:00,2023-08-01,amc,0.95,1.0,5.09
SBUX,2023-11-02 06:00:00-04:00,2023-11-02,bmo,0.97,1.06,9.06
SBUX,2024-01-30 16:00:00-05:00,2024-01-30,amc,0.94,0.9,-4.1
SBUX,2024-04-30 16:00:00-04:00,2024-04-30,amc,0.8,0.68,-15.19
SBUX,2024-07-30 16:00:00-04:00,2024-07-30,amc,0.93,0.93,-0.12
SBUX,2024-10-30 16:00:00-04:00,2024-10-30,amc,0.89,0.8,-10.61
SBUX,2025-01-28 16:00:00-05:00,2025-01-28,amc,0.67,0.69,3.46
SBUX,2025-04-29 16:00:00-04:00,2025-04-29,amc,0.48,0.41,-15.23
SBUX,2025-07-29 16:00:00-04:00,2025-07-29,amc,0.65,0.5,-22.49
SBUX,2025-10-29 16:00:00-04:00,2025-10-29,amc,0.56,0.52,-6.51
MDLZ,2022-01-27 16:00:00-05:00,2022-01-27,amc,0.73,0.71,-2.14
MDLZ,2022-04-26 16:00:00-04:00,2022-04-26,amc,0.75,0.84,11.69
MDLZ,2022-07-26 16:00:00-04:00,2022-07-26,amc,0.64,0.67,4.97
MDLZ,2022-11-01 16:00:00-04:00,2022-11-01,amc,0.69,0.74,7.8
MDLZ,2023-01-31 16:00:00-05:00,2023-01-31,amc,0.7,0.73,3.84
MDLZ,2023-04-27 16:00:00-04:00,2023-04-27,amc,0.8,0.89,10.62
MDLZ,2023-07-27 16:00:00-04:00,2023-07-27,amc,0.69,0.76,10.09
MDLZ,2023-11-01 16:00:00-04:00,2023-11-01,amc,0.78,0.82,4.72
MDLZ,2024-01-30 16:00:00-05:00,2024-01-30,amc,0.77,0.84,8.51
MDLZ,2024-04-30 16:00:00-04:00,2024-04-30,amc,0.89,0.95,6.99
MDLZ,2024-07-30 16:00:00-04:00,2024-07-30,amc,0.79,0.86,9.39
MDLZ,2024-10-29 16:00:00-04:00,2024-10-29,amc,0.85,0.99,16.57
MDLZ,2025-02-04 16:00:00-05:00,2025-02-04,amc,0.65,0.65,-0.54
MDLZ,2025-04-29 16:00:00-04:00,2025-04-29,amc,0.66,0.74,12.24
MDLZ,2025-07-29 16:00:00-04:00,2025-07-29,amc,0.68,0.73,7.87
MDLZ,2025-10-28 16:00:00-04:00,2025-10-28,amc,0.71,0.73,2.94
HD,2022-02-22 06:00:00-05:00,2022-02-22,bmo,3.18,3.21,0.87
HD,2022-05-17 06:00:00-04:00,2022-05-17,bmo,3.69,4.09,10.83
HD,2022-08-16 06:00:00-04:00,2022-08-16,bmo,4.93,5.05,2.36
HD,2022-11-15 06:00:00-05:00,2022-11-15,bmo,4.12,4.24,2.96
HD,2023-02-21 06:00:00-05:00,2023-02-21,bmo,3.29,3.3,0.4
HD,2023-05-16 06:00:00-04:00,2023-05-16,bmo,3.8,3.82,0.52
HD,2023-08-15 06:00:00-04:00,2023-08-15,bmo,4.44,4.65,4.68
HD,2023-11-14 06:00:00-05:00,2023-11-14,bmo,3.76,3.81,1.35
HD,2024-02-20 06:00:00-05:00,2024-02-20,bmo,2.77,2.82,1.63
HD,2024-05-14 06:00:00-04:00,2024-05-14,bmo,3.61,3.63,0.57
HD,2024-08-13 06:00:00-04:00,2024-08-13,bmo,4.55,4.6,1.16
HD,2024-11-12 06:00:00-05:00,2024-11-12,bmo,3.66,3.67,0.33
HD,2025-02-25 06:00:00-05:00,2025-02-25,bmo,3.04,3.02,-0.79
HD,2025-05-20 06:00:00-04:00,2025-05-20,bmo,3.59,3.56,-0.81
HD,2025-08-19 06:00:00-04:00,2025-08-19,bmo,4.69,4.68,-0.31
EXC,2021-02-24 06:00:00-05:00,2021-02-24,bmo,0.7,0.76,9.29
EXC,2021-05-05 06:00:00-04:00,2021-05-05,bmo,0.07,-0.06,-188.03
EXC,2021-08-04 06:00:00-04:00,2021-08-04,bmo,0.67,0.89,33.59
EXC,2021-11-03 06:00:00-04:00,2021-11-03,bmo,1.1,1.09,-0.48
EXC,2022-02-25 15:00:00-05:00,2022-02-25,amc,0.78,0.9,14.93
EXC,2022-05-09 08:00:00-04:00,2022-05-09,bmo,0.65,0.64,-2.06
EXC,2022-08-03 06:00:00-04:00,2022-08-03,bmo,0.46,0.44,-3.81
EXC,2022-11-03 06:00:00-04:00,2022-11-03,bmo,0.7,0.75,6.52
EXC,2023-02-14 06:00:00-05:00,2023-02-14,bmo,0.43,0.43,-0.34
EXC,2023-05-03 06:00:00-04:00,2023-05-03,bmo,0.66,0.7,6.03
EXC,2023-08-02 06:00:00-04:00,2023-08-02,bmo,0.4,0.41,1.26
EXC,2023-11-02 06:00:00-04:00,2023-11-02,bmo,0.68,0.67,-1.92
EXC,2024-02-21 06:00:00-05:00,2024-02-21,bmo,0.58,0.6,3.06
EXC,2024-05-02 06:00:00-04:00,2024-05-02,bmo,0.7,0.68,-2.29
EXC,2024-08-01 06:00:00-04:00,2024-08-01,bmo,0.39,0.47,19.4
EXC,2024-10-30 06:00:00-04:00,2024-10-30,bmo,0.67,0.71,5.9
EXC,2025-02-12 06:00:00-05:00,2025-02-12,bmo,0.59,0.64,7.95
EXC,2025-05-01 06:00:00-04:00,2025-05-01,bmo,0.86,0.92,6.9
EXC,2025-07-31 06:00:00-04:00,2025-07-31,bmo,0.37,0.39,6.11
EXC,2025-11-04 06:00:00-05:00,2025-11-04,bmo,0.78,0.86,10.54
AAL,2022-01-20 07:00:00-05:00,2022-01-20,bmo,-1.48,-1.42,3.99
AAL,2022-04-21 07:00:00-04:00,2022-04-21,bmo,-2.41,-2.32,3.52
AAL,2022-07-21 07:00:00-04:00,2022-07-21,bmo,0.74,0.76,2.36
AAL,2022-10-20 07:00:00-04:00,2022-10-20,bmo,0.56,0.69,22.49
AAL,2023-01-26 07:00:00-05:00,2023-01-26,bmo,1.08,1.17,8.62
AAL,2023-04-27 07:00:00-04:00,2023-04-27,bmo,0.03,0.05,80.7
AAL,2023-07-20 07:00:00-04:00,2023-07-20,bmo,1.59,1.92,20.43
AAL,2023-10-19 07:00:00-04:00,2023-10-19,bmo,0.25,0.38,50.51
AAL,2024-01-25 07:00:00-05:00,2024-01-25,bmo,0.08,0.29,265.56
AAL,2024-04-25 07:00:00-04:00,2024-04-25,bmo,-0.29,-0.34,-16.81
AAL,2024-07-25 07:00:00-04:00,2024-07-25,bmo,1.05,1.01,-3.99
AAL,2024-10-24 07:00:00-04:00,2024-10-24,bmo,0.25,-0.23,-191.09
AAL,2025-01-23 07:00:00-05:00,2025-01-23,bmo,0.6,0.84,40.0
AAL,2025-04-24 07:00:00-04:00,2025-04-24,bmo,-0.67,-0.59,11.73
AAL,2025-07-24 07:00:00-04:00,2025-07-24,bmo,0.78,0.91,16.67
AAL,2025-10-23 07:00:00-04:00,2025-10-23,bmo,-0.28,-0.17,38.21
NOW,2021-01-27 16:00:00-05:00,2021-01-27,amc,1.06,1.17,10.6
NOW,2021-04-28 16:00:00-04:00,2021-04-28,amc,1.35,1.52,12.85
NOW,2021-07-28 16:00:00-04:00,2021-07-28,amc,1.21,1.42,17.53
NOW,2021-10-27 16:00:00-04:00,2021-10-27,amc,1.39,1.55,11.55
NOW,2022-01-26 16:00:00-05:00,2022-01-26,amc,1.43,1.46,2.12
NOW,2022-04-27 16:00:00-04:00,2022-04-27,amc,1.7,1.73,2.03
NOW,2022-07-27 16:00:00-04:00,2022-07-27,amc,1.55,1.62,4.46
NOW,2022-10-26 16:00:00-04:00,2022-10-26,amc,1.85,1.96,6.14
NOW,2023-01-25 16:00:00-05:00,2023-01-25,amc,2.02,2.28,12.62
NOW,2023-04-26 16:00:00-04:00,2023-04-26,amc,2.04,2.37,16.36
NOW,2023-07-26 16:00:00-04:00,2023-07-26,amc,2.05,2.37,15.81
NOW,2023-10-25 16:00:00-04:00,2023-10-25,amc,2.55,2.92,14.55
NOW,2024-01-24 16:00:00-05:00,2024-01-24,amc,2.78,3.11,11.94
NOW,2024-04-24 16:00:00-04:00,2024-04-24,amc,3.13,3.41,8.87
NOW,2024-07-24 16:00:00-04:00,2024-07-24,amc,2.83,3.13,10.44
NOW,2024-10-23 16:00:00-04:00,2024-10-23,amc,3.45,3.72,7.78
NOW,2025-01-29 16:00:00-05:00,2025-01-29,amc,3.66,3.67,0.2
NOW,2025-04-23 16:00:00-04:00,2025-04-23,amc,3.83,4.04,5.36
NOW,2025-07-23 16:00:00-04:00,2025-07-23,amc,3.57,4.09,14.63
NOW,2025-10-29 16:00:00-04:00,2025-10-29,amc,4.27,4.82,13.0
EXPD,2021-02-16 08:00:00-05:00,2021-02-16,bmo,1.09,1.16,6.07
EXPD,2021-05-04 08:00:00-04:00,2021-05-04,bmo,1.06,1.67,57.5
EXPD,2021-08-03 08:00:00-04:00,2021-08-03,bmo,1.64,1.84,12.51
EXPD,2021-11-02 08:00:00-04:00,2021-11-02,bmo,1.81,2.09,15.76
EXPD,2022-02-22 08:00:00-05:00,2022-02-22,bmo,2.09,2.66,27.47
EXPD,2022-05-03 08:00:00-04:00,2022-05-03,bmo,1.79,2.07,15.52
EXPD,2022-08-02 08:00:00-04:00,2022-08-02,bmo,2.14,2.27,6.0
EXPD,2022-11-08 08:00:00-05:00,2022-11-08,bmo,1.99,2.54,27.75
EXPD,2023-02-21 08:00:00-05:00,2023-02-21,bmo,1.97,1.38,-29.87
EXPD,2023-05-02 08:00:00-04:00,2023-05-02,bmo,1.33,1.47,10.24
EXPD,2023-08-08 08:00:00-04:00,2023-08-08,bmo,1.36,1.3,-4.1
EXPD,2023-11-07 08:00:00-05:00,2023-11-07,bmo,1.28,1.16,-9.47
EXPD,2024-02-20 08:00:00-05:00,2024-02-20,bmo,1.22,1.09,-10.64
EXPD,2024-05-07 08:00:00-04:00,2024-05-07,bmo,1.07,1.17,9.21
EXPD,2024-08-06 08:00:00-04:00,2024-08-06,bmo,1.26,1.24,-1.6
EXPD,2024-11-05 08:00:00-05:00,2024-11-05,bmo,1.34,1.63,22.08
EXPD,2025-02-18 08:00:00-05:00,2025-02-18,bmo,1.43,1.68,17.1
EXPD,2025-05-06 08:00:00-04:00,2025-05-06,bmo,1.35,1.47,9.08
EXPD,2025-08-05 08:00:00-04:00,2025-08-05,bmo,1.25,1.34,7.41
EXPD,2025-11-04 08:00:00-05:00,2025-11-04,bmo,1.39,1.64,18.06
SPGI,2021-02-09 07:00:00-05:00,2021-02-09,bmo,2.51,2.71,8.02
SPGI,2021-04-29 07:00:00-04:00,2021-04-29,bmo,3.08,3.39,10.23
SPGI,2021-07-29 07:00:00-04:00,2021-07-29,bmo,3.27,3.62,10.72
SPGI,2021-10-26 07:00:00-04:00,2021-10-26,bmo,3.15,3.54,12.29
SPGI,2022-02-08 07:00:00-05:00,2022-02-08,bmo,3.12,3.15,1.01
SPGI,2022-05-03 07:00:00-04:00,2022-05-03,bmo,2.97,2.89,-2.59
SPGI,2022-08-02 07:00:00-04:00,2022-08-02,bmo,2.93,2.81,-4.19
SPGI,2022-10-27 07:00:00-04:00,2022-10-27,bmo,2.8,2.93,4.76
SPGI,2023-02-09 07:00:00-05:00,2023-02-09,bmo,2.48,2.54,2.61
SPGI,2023-04-27 07:00:00-04:00,2023-04-27,bmo,2.92,3.15,8.06
SPGI,2023-07-27 07:00:00-04:00,2023-07-27,bmo,3.13,3.12,-0.33
SPGI,2023-11-02 07:00:00-04:00,2023-11-02,bmo,3.04,3.21,5.42
SPGI,2024-02-08 07:00:00-05:00,2024-02-08,bmo,3.14,3.13,-0.43
SPGI,2024-04-25 07:00:00-04:00,2024-04-25,bmo,3.66,4.01,9.66
SPGI,2024-07-30 07:00:00-04:00,2024-07-30,bmo,3.65,4.04,10.83
SPGI,2024-10-24 07:00:00-04:00,2024-10-24,bmo,3.64,3.89,6.76
SPGI,2025-02-11 07:00:00-05:00,2025-02-11,bmo,3.47,3.77,8.58
SPGI,2025-04-29 07:00:00-04:00,2025-04-29,bmo,4.21,4.37,3.9
SPGI,2025-07-31 07:00:00-04:00,2025-07-31,bmo,4.22,4.43,4.88
SPGI,2025-10-30 07:00:00-04:00,2025-10-30,bmo,4.41,4.73,7.28
ALL,2021-02-03 16:00:00-05:00,2021-02-03,amc,3.82,5.87,53.62
ALL,2021-05-05 16:00:00-04:00,2021-05-05,amc,3.94,6.11,55.07
ALL,2021-08-04 16:00:00-04:00,2021-08-04,amc,3.17,3.79,19.46
ALL,2021-11-03 16:00:00-04:00,2021-11-03,amc,1.74,0.73,-58.07
ALL,2022-02-02 16:00:00-05:00,2022-02-02,amc,2.77,2.75,-0.83
ALL,2022-05-04 16:00:00-04:00,2022-05-04,amc,2.95,2.58,-12.57
ALL,2022-08-03 16:00:00-04:00,2022-08-03,amc,-1.15,-0.76,34.19
ALL,2022-11-02 16:00:00-04:00,2022-11-02,amc,-1.59,-1.56,1.74
ALL,2023-02-01 16:00:00-05:00,2023-02-01,amc,-1.36,-1.36,0.07
ALL,2023-05-03 16:00:00-04:00,2023-05-03,amc,-1.01,-1.3,-28.27
ALL,2023-08-01 16:00:00-04:00,2023-08-01,amc,-3.96,-4.42,-11.56
ALL,2023-11-01 16:00:00-04:00,2023-11-01,amc,0.49,0.81,63.67
ALL,2024-02-07 16:00:00-05:00,2024-02-07,amc,3.94,5.82,47.88
ALL,2024-05-01 16:00:00-04:00,2024-05-01,amc,3.94,5.13,30.29
ALL,2024-07-31 16:00:00-04:00,2024-07-31,amc,0.36,1.61,346.5
ALL,2024-10-30 16:00:00-04:00,2024-10-30,amc,1.93,4.39,128.05
ALL,2025-02-05 16:00:00-05:00,2025-02-05,amc,6.28,7.67,22.07
ALL,2025-04-30 16:00:00-04:00,2025-04-30,amc,2.53,3.53,39.33
ALL,2025-07-30 16:00:00-04:00,2025-07-30,amc,3.87,7.76,100.72
ALL,2025-11-05 16:00:00-05:00,2025-11-05,amc,7.54,11.17,48.08
DUK,2021-02-11 06:00:00-05:00,2021-02-11,bmo,1.03,1.03,0.29
DUK,2021-05-10 06:00:00-04:00,2021-05-10,bmo,1.21,1.26,4.26
DUK,2021-08-05 06:00:00-04:00,2021-08-05,bmo,1.11,1.15,3.8
DUK,2021-11-04 06:00:00-04:00,2021-11-04,bmo,1.8,1.88,4.35
DUK,2022-02-10 06:00:00-05:00,2022-02-10,bmo,0.96,0.94,-2.49
DUK,2022-05-09 06:00:00-04:00,2022-05-09,bmo,1.33,1.3,-2.18
DUK,2022-08-04 06:00:00-04:00,2022-08-04,bmo,1.08,1.14,5.44
DUK,2022-11-04 06:00:00-04:00,2022-11-04,bmo,1.85,1.78,-3.64
DUK,2023-02-09 06:00:00-05:00,2023-02-09,bmo,1.07,1.11,3.87
DUK,2023-05-09 06:00:00-04:00,2023-05-09,bmo,1.26,1.2,-4.9
DUK,2023-08-08 06:00:00-04:00,2023-08-08,bmo,0.98,0.91,-7.61
DUK,2023-11-02 06:00:00-04:00,2023-11-02,bmo,1.92,1.94,1.28
DUK,2024-02-08 06:00:00-05:00,2024-02-08,bmo,1.54,1.51,-1.79
DUK,2024-05-07 06:00:00-04:00,2024-05-07,bmo,1.38,1.44,4.54
DUK,2024-08-06 06:00:00-04:00,2024-08-06,bmo,1.02,1.18,15.46
DUK,2024-11-07 06:00:00-05:00,2024-11-07,bmo,1.72,1.62,-5.68
DUK,2025-02-13 06:00:00-05:00,2025-02-13,bmo,1.65,1.66,0.71
DUK,2025-05-06 06:00:00-04:00,2025-05-06,bmo,1.59,1.76,10.84
DUK,2025-08-05 06:00:00-04:00,2025-08-05,bmo,1.17,1.25,6.42
DUK,2025-11-07 06:00:00-05:00,2025-11-07,bmo,1.75,1.81,3.45
MS,2021-01-20 07:00:00-05:00,2021-01-20,bmo,1.26,1.81,43.12
MS,2021-04-16 07:00:00-04:00,2021-04-16,bmo,1.71,2.19,27.86
MS,2021-07-15 07:00:00-04:00,2021-07-15,bmo,1.65,1.85,11.92
MS,2021-10-14 07:00:00-04:00,2021-10-14,bmo,1.67,1.98,18.36
MS,2022-01-19 07:00:00-05:00,2022-01-19,bmo,1.92,2.01,4.56
MS,2022-04-14 07:00:00-04:00,2022-04-14,bmo,1.69,2.02,19.61
MS,2022-07-14 07:00:00-04:00,2022-07-14,bmo,1.54,1.39,-9.69
MS,2022-10-14 07:00:00-04:00,2022-10-14,bmo,1.51,1.47,-2.82
MS,2023-01-17 08:00:00-05:00,2023-01-17,bmo,1.28,1.26,-1.2
MS,2023-04-19 07:00:00-04:00,2023-04-19,bmo,1.65,1.7,2.76
MS,2023-07-18 07:00:00-04:00,2023-07-18,bmo,1.17,1.24,5.8
MS,2023-10-18 07:00:00-04:00,2023-10-18,bmo,1.29,1.38,6.75
MS,2024-01-16 07:00:00-05:00,2024-01-16,bmo,1.03,0.85,-17.84
MS,2024-04-16 07:00:00-04:00,2024-04-16,bmo,1.66,2.02,21.59
MS,2024-07-16 07:00:00-04:00,2024-07-16,bmo,1.66,1.82,9.95
MS,2024-10-16 07:00:00-04:00,2024-10-16,bmo,1.58,1.88,18.74
MS,2025-01-16 08:00:00-05:00,2025-01-16,bmo,1.69,2.22,31.4
MS,2025-04-11 07:00:00-04:00,2025-04-11,bmo,2.19,2.6,18.59
MS,2025-07-16 07:00:00-04:00,2025-07-16,bmo,1.96,2.13,8.59
MS,2025-10-15 07:00:00-04:00,2025-10-15,bmo,2.11,2.8,32.63
GE,2022-01-25 06:00:00-05:00,2022-01-25,bmo,0.82,0.92,12.09
GE,2022-04-26 06:00:00-04:00,2022-04-26,bmo,0.22,0.24,7.87
GE,2022-07-26 06:00:00-04:00,2022-07-26,bmo,0.42,0.78,86.22
GE,2022-10-25 06:00:00-04:00,2022-10-25,bmo,0.49,0.35,-28.12
GE,2023-01-24 06:00:00-05:00,2023-01-24,bmo,1.16,1.24,6.97
GE,2023-04-25 06:00:00-04:00,2023-04-25,bmo,0.14,0.27,97.56
GE,2023-07-25 06:00:00-04:00,2023-07-25,bmo,0.46,0.68,48.14
GE,2023-10-24 06:00:00-04:00,2023-10-24,bmo,0.56,0.82,46.28
GE,2024-01-23 06:00:00-05:00,2024-01-23,bmo,0.9,1.03,14.86
GE,2024-04-23 06:00:00-04:00,2024-04-23,bmo,0.7,0.82,16.42
GE,2024-07-23 06:00:00-04:00,2024-07-23,bmo,0.99,1.2,20.79
GE,2024-10-22 06:00:00-04:00,2024-10-22,bmo,1.13,1.15,1.34
GE,2025-01-23 06:00:00-05:00,2025-01-23,bmo,1.04,1.32,26.9
GE,2025-04-22 06:00:00-04:00,2025-04-22,bmo,1.27,1.49,17.51
GE,2025-07-17 06:00:00-04:00,2025-07-17,bmo,1.43,1.66,15.97
GE,2025-10-21 06:00:00-04:00,2025-10-21,bmo,1.47,1.66,13.01
BAC,2021-01-19 06:00:00-05:00,2021-01-19,bmo,0.54,0.59,9.05
BAC,2021-04-15 12:00:00-04:00,2021-04-15,amc,0.66,0.86,30.98
BAC,2021-07-14 06:00:00-04:00,2021-07-14,bmo,0.77,1.03,33.59
BAC,2021-10-14 06:00:00-04:00,2021-10-14,bmo,0.71,0.85,19.78
BAC,2022-01-19 06:00:00-05:00,2022-01-19,bmo,0.76,0.82,8.18
BAC,2022-04-18 06:00:00-04:00,2022-04-18,bmo,0.75,0.8,6.45
BAC,2022-07-18 06:00:00-04:00,2022-07-18,bmo,0.75,0.73,-2.97
BAC,2022-10-17 06:00:00-04:00,2022-10-17,bmo,0.78,0.81,4.47
BAC,2023-01-13 06:00:00-05:00,2023-01-13,bmo,0.77,0.85,10.52
BAC,2023-04-18 06:00:00-04:00,2023-04-18,bmo,0.83,0.94,13.93
BAC,2023-07-18 06:00:00-04:00,2023-07-18,bmo,0.83,0.88,5.62
BAC,2023-10-17 06:00:00-04:00,2023-10-17,bmo,0.82,0.9,9.82
BAC,2024-01-12 06:00:00-05:00,2024-01-12,bmo,0.58,0.35,-39.17
BAC,2024-04-16 06:00:00-04:00,2024-04-16,bmo,0.76,0.76,-0.51
BAC,2024-07-16 06:00:00-04:00,2024-07-16,bmo,0.8,0.83,3.93
BAC,2024-10-15 06:00:00-04:00,2024-10-15,bmo,0.76,0.81,6.17
BAC,2025-01-16 06:00:00-05:00,2025-01-16,bmo,0.77,0.82,6.7
BAC,2025-04-15 06:00:00-04:00,2025-04-15,bmo,0.82,0.9,10.29
BAC,2025-07-16 06:00:00-04:00,2025-07-16,bmo,0.86,0.89,3.73
BAC,2025-10-15 06:00:00-04:00,2025-10-15,bmo,0.95,1.06,12.04
MMM,2021-01-26 06:00:00-05:00,2021-01-26,bmo,2.17,2.38,9.79
MMM,2021-04-27 06:00:00-04:00,2021-04-27,bmo,2.29,2.77,20.79
MMM,2021-07-27 06:00:00-04:00,2021-07-27,bmo,2.28,2.59,13.77
MMM,2021-10-26 06:00:00-04:00,2021-10-26,bmo,2.21,2.45,10.94
MMM,2022-01-25 06:00:00-05:00,2022-01-25,bmo,2.02,2.31,14.6
MMM,2022-04-26 13:00:00-04:00,2022-04-26,amc,2.32,2.65,14.43
MMM,2022-07-26 06:00:00-04:00,2022-07-26,bmo,2.44,2.48,1.65
MMM,2022-10-25 06:00:00-04:00,2022-10-25,bmo,2.59,2.69,3.83
MMM,2023-01-24 06:00:00-05:00,2023-01-24,bmo,2.37,2.28,-3.81
MMM,2023-04-25 06:00:00-04:00,2023-04-25,bmo,1.6,1.97,23.44
MMM,2023-07-25 06:00:00-04:00,2023-07-25,bmo,1.76,2.17,23.34
MMM,2023-10-24 06:00:00-04:00,2023-10-24,bmo,2.35,2.68,14.23
MMM,2024-01-23 06:00:00-05:00,2024-01-23,bmo,2.31,2.42,4.61
MMM,2024-04-30 06:00:00-04:00,2024-04-30,bmo,2.11,2.39,13.15
MMM,2024-07-26 06:00:00-04:00,2024-07-26,bmo,1.68,1.93,14.92
MMM,2024-10-22 06:00:00-04:00,2024-10-22,bmo,1.9,1.98,4.13
MMM,2025-01-21 06:00:00-05:00,2025-01-21,bmo,1.54,1.68,9.32
MMM,2025-04-22 06:00:00-04:00,2025-04-22,bmo,1.77,1.88,6.42
MMM,2025-07-18 06:00:00-04:00,2025-07-18,bmo,2.01,2.16,7.37
MMM,2025-10-21 06:00:00-04:00,2025-10-21,bmo,2.07,2.19,5.6
DG,2022-03-17 06:00:00-04:00,2022-03-17,bmo,2.58,2.57,-0.27
DG,2022-05-26 06:00:00-04:00,2022-05-26,bmo,2.3,2.41,4.87
DG,2022-08-25 06:00:00-04:00,2022-08-25,bmo,2.93,2.98,1.78
DG,2022-12-01 06:00:00-05:00,2022-12-01,bmo,2.54,2.33,-8.37
DG,2023-03-16 06:00:00-04:00,2023-03-16,bmo,2.94,2.96,0.53
DG,2023-06-01 06:00:00-04:00,2023-06-01,bmo,2.39,2.34,-2.02
DG,2023-08-31 06:00:00-04:00,2023-08-31,bmo,2.47,2.13,-13.69
DG,2023-12-07 06:00:00-05:00,2023-12-07,bmo,1.21,1.26,4.37
DG,2024-03-14 06:00:00-04:00,2024-03-14,bmo,1.73,1.83,6.08
DG,2024-05-30 06:00:00-04:00,2024-05-30,bmo,1.58,1.65,4.57
DG,2024-08-29 06:00:00-04:00,2024-08-29,bmo,1.79,1.7,-4.79
DG,2024-12-05 06:00:00-05:00,2024-12-05,bmo,0.95,0.89,-6.21
DG,2025-03-13 06:00:00-04:00,2025-03-13,bmo,1.5,0.87,-41.96
DG,2025-06-03 06:00:00-04:00,2025-06-03,bmo,1.49,1.78,19.57
DG,2025-08-28 06:00:00-04:00,2025-08-28,bmo,1.57,1.86,18.47
MAR,2022-02-15 07:00:00-05:00,2022-02-15,bmo,1.0,1.3,30.18
MAR,2022-05-04 07:00:00-04:00,2022-05-04,bmo,0.92,1.25,35.84
MAR,2022-08-02 07:00:00-04:00,2022-08-02,bmo,1.57,1.8,14.43
MAR,2022-11-03 06:00:00-04:00,2022-11-03,bmo,1.68,1.69,0.7
MAR,2023-02-14 07:00:00-05:00,2023-02-14,bmo,1.82,1.96,7.48
MAR,2023-05-02 07:00:00-04:00,2023-05-02,bmo,1.85,2.09,13.13
MAR,2023-08-01 07:00:00-04:00,2023-08-01,bmo,2.17,2.26,3.97
MAR,2023-11-02 06:00:00-04:00,2023-11-02,bmo,2.1,2.11,0.34
MAR,2024-02-13 07:00:00-05:00,2024-02-13,bmo,2.12,3.57,68.19
MAR,2024-05-01 07:00:00-04:00,2024-05-01,bmo,2.16,2.13,-1.6
MAR,2024-07-31 07:00:00-04:00,2024-07-31,bmo,2.48,2.5,0.99
MAR,2024-11-04 07:00:00-05:00,2024-11-04,bmo,2.31,2.26,-2.05
MAR,2025-02-11 07:00:00-05:00,2025-02-11,bmo,2.38,2.45,2.74
MAR,2025-05-06 07:00:00-04:00,2025-05-06,bmo,2.25,2.32,2.96
MAR,2025-08-05 07:00:00-04:00,2025-08-05,bmo,2.62,2.65,1.06
MAR,2025-11-04 07:00:00-05:00,2025-11-04,bmo,2.39,2.47,3.46
ORLY,2022-02-09 16:00:00-05:00,2022-02-09,amc,0.4,0.51,25.98
ORLY,2022-04-27 16:00:00-04:00,2022-04-27,amc,0.5,0.48,-4.53
ORLY,2022-07-27 16:00:00-04:00,2022-07-27,amc,0.6,0.59,-2.37
ORLY,2022-10-26 16:00:00-04:00,2022-10-26,amc,0.57,0.61,7.98
ORLY,2023-02-08 16:00:00-05:00,2023-02-08,amc,0.52,0.56,7.82
ORLY,2023-04-26 16:00:00-04:00,2023-04-26,amc,0.54,0.55,3.12
ORLY,2023-07-26 16:00:00-04:00,2023-07-26,amc,0.67,0.68,1.39
ORLY,2023-10-25 16:00:00-04:00,2023-10-25,amc,0.69,0.71,2.91
ORLY,2024-02-07 16:00:00-05:00,2024-02-07,amc,0.61,0.62,0.59
ORLY,2024-04-24 16:00:00-04:00,2024-04-24,amc,0.62,0.61,-0.94
ORLY,2024-07-24 16:00:00-04:00,2024-07-24,amc,0.73,0.7,-4.05
ORLY,2024-10-23 16:00:00-04:00,2024-10-23,amc,0.77,0.76,-1.12
ORLY,2025-02-05 16:00:00-05:00,2025-02-05,amc,0.65,0.63,-2.69
ORLY,2025-04-23 16:00:00-04:00,2025-04-23,amc,0.66,0.62,-5.59
ORLY,2025-07-23 16:00:00-04:00,2025-07-23,amc,0.78,0.78,-0.25
ORLY,2025-10-22 16:00:00-04:00,2025-10-22,amc,0.83,0.85,2.37
AMP,2022-01-26 16:00:00-05:00,2022-01-26,amc,5.73,6.15,7.38
AMP,2022-04-25 16:00:00-04:00,2022-04-25,amc,5.9,5.98,1.4
AMP,2022-07-26 16:00:00-04:00,2022-07-26,amc,5.55,5.81,4.65
AMP,2022-10-25 16:00:00-04:00,2022-10-25,amc,5.85,5.24,-10.39
AMP,2023-01-25 16:00:00-05:00,2023-01-25,amc,6.48,6.94,7.13
AMP,2023-04-24 16:00:00-04:00,2023-04-24,amc,7.2,7.25,0.64
AMP,2023-07-26 16:00:00-04:00,2023-07-26,amc,7.39,7.44,0.65
AMP,2023-10-25 16:00:00-04:00,2023-10-25,amc,7.6,7.68,1.05
AMP,2024-01-24 16:00:00-05:00,2024-01-24,amc,7.7,7.2,-6.44
AMP,2024-04-22 16:00:00-04:00,2024-04-22,amc,8.2,8.39,2.32
AMP,2024-07-24 16:00:00-04:00,2024-07-24,amc,8.53,8.53,0.03
AMP,2024-10-23 16:00:00-04:00,2024-10-23,amc,8.92,8.1,-9.16
AMP,2025-01-29 16:00:00-05:00,2025-01-29,amc,9.05,9.36,3.47
AMP,2025-04-24 07:00:00-04:00,2025-04-24,bmo,9.08,9.5,4.58
AMP,2025-07-24 08:00:00-04:00,2025-07-24,bmo,9.0,9.11,1.17
AMP,2025-10-30 07:00:00-04:00,2025-10-30,bmo,9.76,9.87,1.12
CPB,2022-03-09 07:00:00-05:00,2022-03-09,bmo,0.68,0.69,0.82
CPB,2022-06-08 07:00:00-04:00,2022-06-08,bmo,0.61,0.7,14.03
CPB,2022-09-01 07:00:00-04:00,2022-09-01,bmo,0.56,0.56,-0.58
CPB,2022-12-07 07:00:00-05:00,2022-12-07,bmo,0.86,1.02,18.73
CPB,2023-03-08 07:00:00-05:00,2023-03-08,bmo,0.74,0.8,8.27
CPB,2023-06-07 07:00:00-04:00,2023-06-07,bmo,0.65,0.68,4.74
CPB,2023-08-31 07:00:00-04:00,2023-08-31,bmo,0.5,0.5,-0.47
CPB,2023-12-06 07:00:00-05:00,2023-12-06,bmo,0.88,0.91,3.82
CPB,2024-03-06 07:00:00-05:00,2024-03-06,bmo,0.77,0.8,3.94
CPB,2024-06-05 07:00:00-04:00,2024-06-05,bmo,0.7,0.75,7.5
CPB,2024-08-29 07:00:00-04:00,2024-08-29,bmo,0.62,0.63,1.6
CPB,2024-12-03 16:00:00-05:00,2024-12-03,amc,0.87,0.89,1.93
CPB,2025-03-05 07:00:00-05:00,2025-03-05,bmo,0.72,0.74,2.28
CPB,2025-06-02 07:00:00-04:00,2025-06-02,bmo,0.66,0.73,11.39
CPB,2025-09-03 07:00:00-04:00,2025-09-03,bmo,0.57,0.62,9.04
MLM,2021-02-09 06:00:00-05:00,2021-02-09,bmo,2.28,2.93,28.72
MLM,2021-05-04 06:00:00-04:00,2021-05-04,bmo,0.5,1.04,107.71
MLM,2021-07-29 06:00:00-04:00,2021-07-29,bmo,3.83,3.81,-0.4
MLM,2021-11-02 06:00:00-04:00,2021-11-02,bmo,4.26,4.25,-0.27
MLM,2022-02-10 06:00:00-05:00,2022-02-10,bmo,2.93,3.15,7.42
MLM,2022-05-03 06:00:00-04:00,2022-05-03,bmo,0.61,0.41,-33.22
MLM,2022-07-28 07:00:00-04:00,2022-07-28,bmo,3.76,3.96,5.38
MLM,2022-11-02 06:00:00-04:00,2022-11-02,bmo,4.63,4.69,1.28
MLM,2023-02-15 06:00:00-05:00,2023-02-15,bmo,3.04,3.04,-0.15
MLM,2023-05-04 06:00:00-04:00,2023-05-04,bmo,1.02,1.96,92.2
MLM,2023-07-27 06:00:00-04:00,2023-07-27,bmo,4.86,5.6,15.29
MLM,2023-11-01 06:00:00-04:00,2023-11-01,bmo,6.07,6.98,15.0
MLM,2024-02-14 06:00:00-05:00,2024-02-14,bmo,3.95,4.74,19.95
MLM,2024-04-30 06:00:00-04:00,2024-04-30,bmo,1.86,1.77,-4.47
MLM,2024-08-08 06:00:00-04:00,2024-08-08,bmo,5.33,5.27,-1.11
MLM,2024-10-30 07:00:00-04:00,2024-10-30,bmo,6.3,5.95,-5.53
MLM,2025-02-12 07:00:00-05:00,2025-02-12,bmo,4.56,4.81,5.51
MLM,2025-04-30 06:00:00-04:00,2025-04-30,bmo,1.89,1.9,0.53
MLM,2025-08-07 07:00:00-04:00,2025-08-07,bmo,5.26,5.43,3.19
MLM,2025-11-04 06:00:00-05:00,2025-11-04,bmo,6.78,6.85,1.1
K,2022-02-10 08:00:00-05:00,2022-02-10,bmo,0.79,0.83,5.54
K,2022-05-05 08:00:00-04:00,2022-05-05,bmo,0.93,1.1,18.28
K,2022-08-04 16:00:00-04:00,2022-08-04,amc,1.05,1.18,12.21
K,2022-11-03 08:00:00-04:00,2022-11-03,bmo,0.98,1.01,3.14
K,2023-02-09 08:00:00-05:00,2023-02-09,bmo,0.85,0.94,11.23
K,2023-05-04 08:00:00-04:00,2023-05-04,bmo,1.0,1.1,10.39
K,2023-08-03 08:00:00-04:00,2023-08-03,bmo,1.11,1.25,13.08
K,2023-11-08 08:00:00-05:00,2023-11-08,bmo,0.92,1.03,11.62
K,2024-02-08 08:00:00-05:00,2024-02-08,bmo,0.74,0.78,5.11
K,2024-05-02 08:00:00-04:00,2024-05-02,bmo,0.85,1.01,18.18
K,2024-08-01 08:00:00-04:00,2024-08-01,bmo,0.9,1.01,12.36
K,2024-10-31 08:00:00-04:00,2024-10-31,bmo,0.85,0.91,7.04
K,2025-02-06 08:00:00-05:00,2025-02-06,bmo,0.83,0.92,10.66
K,2025-05-01 08:00:00-04:00,2025-05-01,bmo,1.01,0.9,-10.83
K,2025-07-31 08:00:00-04:00,2025-07-31,bmo,0.99,0.94,-5.42
K,2025-10-30 08:00:00-04:00,2025-10-30,bmo,0.87,0.94,8.49
ABBV,2022-02-02 07:00:00-05:00,2022-02-02,bmo,3.28,3.31,0.84
ABBV,2022-04-29 07:00:00-04:00,2022-04-29,bmo,3.14,3.16,0.56
ABBV,2022-07-29 07:00:00-04:00,2022-07-29,bmo,3.31,3.37,1.83
ABBV,2022-10-28 07:00:00-04:00,2022-10-28,bmo,3.57,3.66,2.65
ABBV,2023-02-09 07:00:00-05:00,2023-02-09,bmo,3.58,3.6,0.65
ABBV,2023-04-27 07:00:00-04:00,2023-04-27,bmo,2.49,2.46,-1.37
ABBV,2023-07-27 07:00:00-04:00,2023-07-27,bmo,2.81,2.91,3.64
ABBV,2023-10-27 07:00:00-04:00,2023-10-27,bmo,2.87,2.95,2.8
ABBV,2024-02-02 07:00:00-05:00,2024-02-02,bmo,2.8,2.79,-0.32
ABBV,2024-04-26 07:00:00-04:00,2024-04-26,bmo,2.26,2.31,2.37
ABBV,2024-07-25 07:00:00-04:00,2024-07-25,bmo,2.66,2.65,-0.39
ABBV,2024-10-30 07:00:00-04:00,2024-10-30,bmo,2.92,3.0,2.82
ABBV,2025-01-31 07:00:00-05:00,2025-01-31,bmo,2.12,2.16,1.92
ABBV,2025-04-25 07:00:00-04:00,2025-04-25,bmo,2.4,2.46,2.62
ABBV,2025-07-31 07:00:00-04:00,2025-07-31,bmo,2.91,2.97,2.14
ABBV,2025-10-31 07:00:00-04:00,2025-10-31,bmo,1.78,1.86,4.23
MU,2021-01-07 16:00:00-05:00,2021-01-07,amc,0.69,0.78,12.96
MU,2021-03-31 16:00:00-04:00,2021-03-31,amc,0.95,0.98,3.68
MU,2021-06-30 16:00:00-04:00,2021-06-30,amc,1.72,1.88,9.15
MU,2021-09-28 16:00:00-04:00,2021-09-28,amc,2.34,2.42,3.35
MU,2021-12-20 16:00:00-05:00,2021-12-20,amc,2.11,2.16,2.58
MU,2022-03-29 16:00:00-04:00,2022-03-29,amc,1.98,2.14,8.07
MU,2022-06-30 16:00:00-04:00,2022-06-30,amc,2.44,2.59,5.96
MU,2022-09-29 16:00:00-04:00,2022-09-29,amc,1.37,1.45,5.82
MU,2022-12-21 16:00:00-05:00,2022-12-21,amc,-0.02,-0.04,-114.02
MU,2023-03-28 16:00:00-04:00,2023-03-28,amc,-0.88,-1.91,-115.83
MU,2023-06-28 16:00:00-04:00,2023-06-28,amc,-1.57,-1.43,8.74
MU,2023-09-27 16:00:00-04:00,2023-09-27,amc,-1.18,-1.07,9.27
MU,2023-12-20 16:00:00-05:00,2023-12-20,amc,-1.01,-0.95,5.85
MU,2024-03-20 16:00:00-04:00,2024-03-20,amc,-0.24,0.42,273.75
MU,2024-06-26 16:00:00-04:00,2024-06-26,amc,0.53,0.62,17.27
MU,2024-09-25 16:00:00-04:00,2024-09-25,amc,1.11,1.18,5.88
MU,2024-12-18 16:00:00-05:00,2024-12-18,amc,1.77,1.79,1.36
MU,2025-03-20 16:00:00-04:00,2025-03-20,amc,1.42,1.56,9.49
MU,2025-06-25 16:00:00-04:00,2025-06-25,amc,1.45,1.68,16.17
MU,2025-09-23 16:00:00-04:00,2025-09-23,amc,2.86,3.03,5.94
TJX,2022-02-23 07:00:00-05:00,2022-02-23,bmo,0.91,0.78,-14.14
TJX,2022-05-18 07:00:00-04:00,2022-05-18,bmo,0.59,0.49,-16.79
TJX,2022-08-17 07:00:00-04:00,2022-08-17,bmo,0.65,0.69,5.54
TJX,2022-11-16 07:00:00-05:00,2022-11-16,bmo,0.8,0.91,13.8
TJX,2023-02-22 07:00:00-05:00,2023-02-22,bmo,0.89,0.89,0.2
TJX,2023-05-17 07:00:00-04:00,2023-05-17,bmo,0.71,0.76,6.51
TJX,2023-08-16 07:00:00-04:00,2023-08-16,bmo,0.78,0.85,9.05
TJX,2023-11-15 07:00:00-05:00,2023-11-15,bmo,0.99,1.03,4.06
TJX,2024-02-28 07:00:00-05:00,2024-02-28,bmo,1.13,1.22,8.34
TJX,2024-05-22 07:00:00-04:00,2024-05-22,bmo,0.88,0.93,6.14
TJX,2024-08-21 07:00:00-04:00,2024-08-21,bmo,0.92,0.96,3.87
TJX,2024-11-20 07:00:00-05:00,2024-11-20,bmo,1.1,1.14,4.02
TJX,2025-02-26 07:00:00-05:00,2025-02-26,bmo,1.17,1.23,5.31
TJX,2025-05-21 07:00:00-04:00,2025-05-21,bmo,0.91,0.92,0.79
TJX,2025-08-20 07:00:00-04:00,2025-08-20,bmo,1.01,1.1,8.45
EOG,2021-02-25 16:00:00-05:00,2021-02-25,amc,0.36,0.71,95.17
EOG,2021-05-06 16:00:00-04:00,2021-05-06,amc,1.51,1.62,7.11
EOG,2021-08-04 16:00:00-04:00,2021-08-04,amc,1.55,1.73,11.48
EOG,2021-11-04 16:00:00-04:00,2021-11-04,amc,2.04,2.16,5.68
EOG,2022-02-24 16:00:00-05:00,2022-02-24,amc,3.17,3.09,-2.56
EOG,2022-05-05 16:00:00-04:00,2022-05-05,amc,3.69,4.0,8.49
EOG,2022-08-04 16:00:00-04:00,2022-08-04,amc,2.79,2.74,-1.8
EOG,2022-11-03 16:00:00-04:00,2022-11-03,amc,3.75,3.71,-1.05
EOG,2023-02-23 16:00:00-05:00,2023-02-23,amc,3.4,3.3,-3.04
EOG,2023-05-04 16:00:00-04:00,2023-05-04,amc,2.49,2.69,8.08
EOG,2023-08-03 16:00:00-04:00,2023-08-03,amc,2.33,2.49,6.82
EOG,2023-11-02 16:00:00-04:00,2023-11-02,amc,2.99,3.44,15.1
EOG,2024-02-22 16:00:00-05:00,2024-02-22,amc,3.11,3.07,-1.42
EOG,2024-05-02 16:00:00-04:00,2024-05-02,amc,2.7,2.82,4.38
EOG,2024-08-01 16:00:00-04:00,2024-08-01,amc,2.95,3.16,7.04
EOG,2024-11-07 16:00:00-05:00,2024-11-07,amc,2.77,2.89,4.19
EOG,2025-02-27 16:00:00-05:00,2025-02-27,amc,2.57,2.74,6.79
EOG,2025-05-01 16:00:00-04:00,2025-05-01,amc,2.77,2.87,3.54
EOG,2025-08-07 16:00:00-04:00,2025-08-07,amc,2.2,2.32,5.23
EOG,2025-11-06 16:00:00-05:00,2025-11-06,amc,2.45,2.71,10.77
META,2022-02-02 16:00:00-05:00,2022-02-02,amc,3.83,3.67,-4.06
META,2022-04-27 16:00:00-04:00,2022-04-27,amc,2.53,2.72,7.57
META,2022-07-27 16:00:00-04:00,2022-07-27,amc,2.55,2.46,-3.38
META,2022-10-26 16:00:00-04:00,2022-10-26,amc,1.86,1.64,-12.06
META,2023-02-01 16:00:00-05:00,2023-02-01,amc,2.23,1.76,-21.14
META,2023-04-26 16:00:00-04:00,2023-04-26,amc,1.98,2.2,11.2
META,2023-07-26 16:00:00-04:00,2023-07-26,amc,2.91,2.98,2.51
META,2023-10-25 16:00:00-04:00,2023-10-25,amc,3.63,4.39,20.9
META,2024-02-01 16:00:00-05:00,2024-02-01,amc,4.94,5.33,7.88
META,2024-04-24 16:00:00-04:00,2024-04-24,amc,4.32,4.71,8.92
META,2024-07-31 16:00:00-04:00,2024-07-31,amc,4.76,5.16,8.45
META,2024-10-30 16:00:00-04:00,2024-10-30,amc,5.29,6.03,13.94
META,2025-01-29 16:00:00-05:00,2025-01-29,amc,6.74,8.02,19.0
META,2025-04-30 16:00:00-04:00,2025-04-30,amc,5.22,6.43,23.11
META,2025-07-30 16:00:00-04:00,2025-07-30,amc,5.86,7.14,21.82
META,2025-10-29 16:00:00-04:00,2025-10-29,amc,6.71,1.05,-84.34
BKNG,2021-02-24 16:00:00-05:00,2021-02-24,amc,-4.22,-0.57,86.5
BKNG,2021-05-05 16:00:00-04:00,2021-05-05,amc,-6.11,-5.26,13.87
BKNG,2021-08-04 16:00:00-04:00,2021-08-04,amc,-2.15,-2.55,-18.35
BKNG,2021-11-03 16:00:00-04:00,2021-11-03,amc,33.03,37.7,14.14
BKNG,2022-02-23 16:00:00-05:00,2022-02-23,amc,13.52,15.83,17.08
BKNG,2022-05-04 16:00:00-04:00,2022-05-04,amc,1.33,3.9,193.84
BKNG,2022-08-03 16:00:00-04:00,2022-08-03,amc,17.67,19.08,7.99
BKNG,2022-11-02 16:00:00-04:00,2022-11-02,amc,49.85,53.03,6.38
BKNG,2023-02-23 16:00:00-05:00,2023-02-23,amc,22.12,24.74,11.83
BKNG,2023-05-04 16:00:00-04:00,2023-05-04,amc,10.74,11.6,8.0
BKNG,2023-08-03 16:00:00-04:00,2023-08-03,amc,29.16,37.62,29.01
BKNG,2023-11-02 16:00:00-04:00,2023-11-02,amc,67.92,72.32,6.49
BKNG,2024-02-22 16:00:00-05:00,2024-02-22,amc,30.05,32.0,6.48
BKNG,2024-05-02 16:00:00-04:00,2024-05-02,amc,14.14,20.39,44.24
BKNG,2024-08-01 16:00:00-04:00,2024-08-01,amc,38.7,41.9,8.28
BKNG,2024-10-30 16:00:00-04:00,2024-10-30,amc,77.38,83.89,8.42
BKNG,2025-02-20 16:00:00-05:00,2025-02-20,amc,36.05,41.55,15.24
BKNG,2025-04-29 16:00:00-04:00,2025-04-29,amc,17.57,24.81,41.23
BKNG,2025-07-29 16:00:00-04:00,2025-07-29,amc,50.4,55.4,9.93
BKNG,2025-10-28 16:00:00-04:00,2025-10-28,amc,95.92,99.5,3.74
ED,2021-02-18 16:00:00-05:00,2021-02-18,amc,0.74,0.75,1.0
ED,2021-05-06 16:00:00-04:00,2021-05-06,amc,1.36,1.44,5.97
ED,2021-08-05 16:00:00-04:00,2021-08-05,amc,0.62,0.53,-14.7
ED,2021-11-04 16:00:00-04:00,2021-11-04,amc,1.47,1.41,-4.35
ED,2022-02-17 17:00:00-05:00,2022-02-17,amc,0.86,1.0,16.09
ED,2022-05-05 16:00:00-04:00,2022-05-05,amc,1.48,1.47,-0.75
ED,2022-08-04 16:00:00-04:00,2022-08-04,amc,0.59,0.64,9.08
ED,2022-11-03 16:00:00-04:00,2022-11-03,amc,1.46,1.63,11.29
ED,2023-02-16 16:00:00-05:00,2023-02-16,amc,0.8,0.81,1.39
ED,2023-05-04 16:00:00-04:00,2023-05-04,amc,1.57,1.83,16.77
ED,2023-08-03 16:00:00-04:00,2023-08-03,amc,0.67,0.61,-8.43
ED,2023-11-02 16:00:00-04:00,2023-11-02,amc,1.59,1.62,1.96
ED,2024-02-15 16:00:00-05:00,2024-02-15,amc,0.97,1.0,2.75
ED,2024-05-02 16:00:00-04:00,2024-05-02,amc,1.9,2.15,13.38
ED,2024-08-01 16:00:00-04:00,2024-08-01,amc,0.57,0.59,3.55
ED,2024-11-07 16:00:00-05:00,2024-11-07,amc,1.58,1.68,6.27
ED,2025-02-20 16:00:00-05:00,2025-02-20,amc,0.96,0.98,2.15
ED,2025-05-01 16:00:00-04:00,2025-05-01,amc,2.21,2.26,2.42
ED,2025-08-07 16:00:00-04:00,2025-08-07,amc,0.66,0.67,1.82
ED,2025-11-06 16:00:00-05:00,2025-11-06,amc,1.75,1.9,8.28
KMB,2022-01-26 07:00:00-05:00,2022-01-26,bmo,1.25,1.3,4.4
KMB,2022-04-22 07:00:00-04:00,2022-04-22,bmo,1.23,1.35,9.57
KMB,2022-07-26 07:00:00-04:00,2022-07-26,bmo,1.32,1.34,1.73
KMB,2022-10-25 07:00:00-04:00,2022-10-25,bmo,1.45,1.4,-3.4
KMB,2023-01-25 07:00:00-05:00,2023-01-25,bmo,1.51,1.54,1.95
KMB,2023-04-25 08:00:00-04:00,2023-04-25,bmo,1.32,1.67,26.81
KMB,2023-07-25 07:00:00-04:00,2023-07-25,bmo,1.48,1.65,11.53
KMB,2023-10-24 07:00:00-04:00,2023-10-24,bmo,1.59,1.74,9.1
KMB,2024-01-24 07:00:00-05:00,2024-01-24,bmo,1.54,1.51,-2.13
KMB,2024-04-23 07:00:00-04:00,2024-04-23,bmo,1.64,2.01,22.46
KMB,2024-07-23 06:00:00-04:00,2024-07-23,bmo,1.71,1.96,14.61
KMB,2024-10-22 06:00:00-04:00,2024-10-22,bmo,1.71,1.83,7.22
KMB,2025-01-28 06:00:00-05:00,2025-01-28,bmo,1.51,1.5,-0.94
KMB,2025-04-22 07:00:00-04:00,2025-04-22,bmo,1.89,1.93,2.04
KMB,2025-08-01 06:00:00-04:00,2025-08-01,bmo,1.66,1.63,-1.54
KMB,2025-10-30 06:00:00-04:00,2025-10-30,bmo,1.75,1.82,3.93
ORCL,2021-03-10 16:00:00-05:00,2021-03-10,amc,1.11,1.16,4.54
ORCL,2021-06-15 16:00:00-04:00,2021-06-15,amc,1.33,1.54,15.62
ORCL,2021-09-13 16:00:00-04:00,2021-09-13,amc,0.97,1.03,6.4
ORCL,2021-12-09 16:00:00-05:00,2021-12-09,amc,1.11,1.21,8.53
ORCL,2022-03-10 16:00:00-05:00,2022-03-10,amc,1.18,1.13,-4.02
ORCL,2022-06-13 16:00:00-04:00,2022-06-13,amc,1.38,1.54,11.95
ORCL,2022-09-12 16:00:00-04:00,2022-09-12,amc,1.08,1.03,-4.22
ORCL,2022-12-12 16:00:00-05:00,2022-12-12,amc,1.17,1.21,3.15
ORCL,2023-03-09 16:00:00-05:00,2023-03-09,amc,1.2,1.22,1.44
ORCL,2023-06-12 16:00:00-04:00,2023-06-12,amc,1.58,1.67,5.56
ORCL,2023-09-11 16:00:00-04:00,2023-09-11,amc,1.15,1.19,3.46
ORCL,2023-12-11 16:00:00-05:00,2023-12-11,amc,1.33,1.34,0.95
ORCL,2024-03-11 16:00:00-04:00,2024-03-11,amc,1.38,1.41,2.47
ORCL,2024-06-11 16:00:00-04:00,2024-06-11,amc,1.65,1.63,-1.14
ORCL,2024-09-09 16:00:00-04:00,2024-09-09,amc,1.33,1.39,4.29
ORCL,2024-12-09 16:00:00-05:00,2024-12-09,amc,1.48,1.47,-0.77
ORCL,2025-03-10 16:00:00-04:00,2025-03-10,amc,1.06,1.02,-4.1
ORCL,2025-06-11 16:00:00-04:00,2025-06-11,amc,1.64,1.7,3.37
ORCL,2025-09-09 16:00:00-04:00,2025-09-09,amc,1.48,1.47,-0.62
PFE,2022-02-08 06:00:00-05:00,2022-02-08,bmo,0.87,1.08,23.6
PFE,2022-05-03 06:00:00-04:00,2022-05-03,bmo,1.57,1.62,3.47
PFE,2022-07-28 06:00:00-04:00,2022-07-28,bmo,1.78,2.04,14.8
PFE,2022-11-01 06:00:00-04:00,2022-11-01,bmo,1.4,1.78,27.03
PFE,2023-01-31 06:00:00-05:00,2023-01-31,bmo,1.04,1.14,9.4
PFE,2023-05-02 06:00:00-04:00,2023-05-02,bmo,0.99,1.23,24.68
PFE,2023-08-01 06:00:00-04:00,2023-08-01,bmo,0.58,0.67,15.28
PFE,2023-10-31 06:00:00-04:00,2023-10-31,bmo,-0.34,-0.17,49.96
PFE,2024-01-30 06:00:00-05:00,2024-01-30,bmo,-0.18,0.1,154.7
PFE,2024-05-01 06:00:00-04:00,2024-05-01,bmo,0.51,0.82,60.11
PFE,2024-07-30 08:00:00-04:00,2024-07-30,bmo,0.46,0.6,30.19
PFE,2024-10-29 06:00:00-04:00,2024-10-29,bmo,0.61,1.06,73.28
PFE,2025-02-04 06:00:00-05:00,2025-02-04,bmo,0.46,0.63,37.2
PFE,2025-04-29 06:00:00-04:00,2025-04-29,bmo,0.67,0.92,36.49
PFE,2025-08-05 06:00:00-04:00,2025-08-05,bmo,0.57,0.78,35.94
PFE,2025-11-04 07:00:00-05:00,2025-11-04,bmo,0.63,0.87,37.43
KLAC,2021-02-03 23:00:00-05:00,2021-02-03,amc,3.22,3.24,0.72
KLAC,2021-04-29 16:00:00-04:00,2021-04-29,amc,3.62,3.85,6.43
KLAC,2021-07-29 16:00:00-04:00,2021-07-29,amc,4.0,4.43,10.7
KLAC,2021-10-27 16:00:00-04:00,2021-10-27,amc,4.52,4.64,2.69
KLAC,2022-01-27 16:00:00-05:00,2022-01-27,amc,5.45,5.59,2.53
KLAC,2022-04-28 16:00:00-04:00,2022-04-28,amc,4.82,5.13,6.33
KLAC,2022-07-28 16:00:00-04:00,2022-07-28,amc,5.49,5.81,5.84
KLAC,2022-10-26 16:00:00-04:00,2022-10-26,amc,6.23,7.06,13.37
KLAC,2023-01-26 16:00:00-05:00,2023-01-26,amc,7.09,7.38,4.05
KLAC,2023-04-26 16:00:00-04:00,2023-04-26,amc,5.29,5.49,3.84
KLAC,2023-07-27 16:00:00-04:00,2023-07-27,amc,4.86,5.4,11.17
KLAC,2023-10-25 16:00:00-04:00,2023-10-25,amc,5.37,5.74,6.87
KLAC,2024-01-25 16:00:00-05:00,2024-01-25,amc,5.88,6.16,4.74
KLAC,2024-04-25 16:00:00-04:00,2024-04-25,amc,5.06,5.26,4.01
KLAC,2024-07-24 16:00:00-04:00,2024-07-24,amc,6.1,6.6,8.11
KLAC,2024-10-30 16:00:00-04:00,2024-10-30,amc,6.78,7.01,3.46
KLAC,2025-01-30 16:00:00-05:00,2025-01-30,amc,7.76,8.2,5.73
KLAC,2025-04-30 16:00:00-04:00,2025-04-30,amc,8.08,8.41,4.03
KLAC,2025-07-31 16:00:00-04:00,2025-07-31,amc,8.55,9.38,9.67
KLAC,2025-10-29 16:00:00-04:00,2025-10-29,amc,8.62,8.81,2.24
DHI,2022-02-02 06:00:00-05:00,2022-02-02,bmo,2.79,3.17,13.68
DHI,2022-04-26 06:00:00-04:00,2022-04-26,bmo,3.38,4.03,19.36
DHI,2022-07-21 06:00:00-04:00,2022-07-21,bmo,4.46,4.67,4.74
DHI,2022-11-09 06:00:00-05:00,2022-11-09,bmo,5.09,4.67,-8.22
DHI,2023-01-24 06:00:00-05:00,2023-01-24,bmo,2.28,2.76,21.07
DHI,2023-04-20 06:00:00-04:00,2023-04-20,bmo,1.92,2.73,42.37
DHI,2023-07-20 10:00:00-04:00,2023-07-20,bmo,2.79,3.9,39.71
DHI,2023-11-07 06:00:00-05:00,2023-11-07,bmo,3.93,4.45,13.2
DHI,2024-01-23 06:00:00-05:00,2024-01-23,bmo,2.89,2.82,-2.28
DHI,2024-04-18 06:00:00-04:00,2024-04-18,bmo,3.05,3.52,15.24
DHI,2024-07-18 06:00:00-04:00,2024-07-18,bmo,3.79,4.1,8.25
DHI,2024-10-29 06:00:00-04:00,2024-10-29,bmo,4.16,3.92,-5.83
DHI,2025-01-21 06:00:00-05:00,2025-01-21,bmo,2.37,2.61,10.03
DHI,2025-04-17 06:00:00-04:00,2025-04-17,bmo,2.65,2.58,-2.65
DHI,2025-07-22 06:00:00-04:00,2025-07-22,bmo,2.87,3.36,16.89
DHI,2025-10-28 06:00:00-04:00,2025-10-28,bmo,3.29,3.04,-7.69
EMR,2021-02-02 07:00:00-05:00,2021-02-02,bmo,0.68,0.83,22.01
EMR,2021-05-05 06:00:00-04:00,2021-05-05,bmo,0.9,0.97,7.62
EMR,2021-08-04 06:00:00-04:00,2021-08-04,bmo,0.97,1.09,11.91
EMR,2021-11-03 06:00:00-04:00,2021-11-03,bmo,1.18,1.21,2.55
EMR,2022-02-02 06:00:00-05:00,2022-02-02,bmo,1.01,1.05,4.35
EMR,2022-05-04 06:00:00-04:00,2022-05-04,bmo,1.18,1.29,9.61
EMR,2022-08-09 06:00:00-04:00,2022-08-09,bmo,1.29,1.38,6.66
EMR,2022-10-31 06:00:00-04:00,2022-10-31,bmo,1.39,1.53,10.01
EMR,2023-02-08 06:00:00-05:00,2023-02-08,bmo,0.87,0.78,-10.61
EMR,2023-05-03 06:00:00-04:00,2023-05-03,bmo,0.97,1.09,12.18
EMR,2023-08-02 06:00:00-04:00,2023-08-02,bmo,1.1,1.29,16.92
EMR,2023-11-07 06:00:00-05:00,2023-11-07,bmo,1.31,1.29,-1.37
EMR,2024-02-07 06:00:00-05:00,2024-02-07,bmo,1.04,1.22,17.09
EMR,2024-05-08 06:00:00-04:00,2024-05-08,bmo,1.25,1.36,8.47
EMR,2024-08-07 06:00:00-04:00,2024-08-07,bmo,1.41,1.43,1.12
EMR,2024-11-05 06:00:00-05:00,2024-11-05,bmo,1.47,1.48,0.69
EMR,2025-02-05 06:00:00-05:00,2025-02-05,bmo,1.28,1.38,8.03
EMR,2025-05-07 06:00:00-04:00,2025-05-07,bmo,1.41,1.48,4.6
EMR,2025-08-06 06:00:00-04:00,2025-08-06,bmo,1.51,1.52,0.69
EMR,2025-11-05 06:00:00-05:00,2025-11-05,bmo,1.62,1.62,0.28
