instrument,ts,side,fcode,r,bars,reason,klass
GBPAUD,2013-05-22 00:00:00+00:00,short,3,-1.0158522763265676,2,SL,fx_cross
USDCAD,2013-05-23 00:00:00+00:00,long,1,-1.0143732402791623,13,SL,fx_major
AUDUSD,2013-05-23 00:00:00+00:00,short,4,2.4902293706293706,16,TP,fx_major
USDJPY,2013-05-23 00:00:00+00:00,long,1,-1.009443528258739,0,SAME_BAR_SL,fx_major
USDCHF,2013-05-23 00:00:00+00:00,long,1,-1.0137496819787986,1,SL,fx_major
NZDUSD,2013-05-23 00:00:00+00:00,short,3,2.4872093926216863,12,TP,fx_major
EURCHF,2013-05-24 00:00:00+00:00,short,3,2.4881893351287663,239,TP,fx_cross
YM,2013-05-24 00:00:00+00:00,short,3,2.495636934046346,26,TP,indices
NQ,2013-05-28 00:00:00+00:00,short,3,2.4943333724340175,8,TP,indices
AUDCHF,2013-05-28 00:00:00+00:00,short,4,2.492969916427091,8,TP,fx_cross
AUDJPY,2013-05-28 00:00:00+00:00,short,4,2.4943270312579937,8,TP,fx_cross
USDJPY,2013-05-28 00:00:00+00:00,short,3,2.4905604216073782,8,TP,fx_major
ES,2013-05-28 00:00:00+00:00,short,3,2.4955407966457024,20,TP,indices
GBPCHF,2013-05-28 00:00:00+00:00,short,4,2.4822143709468225,12,TP,fx_cross
NZDCHF,2013-05-28 00:00:00+00:00,short,3,2.4874036311814165,3,TP,fx_cross
CL,2013-05-30 00:00:00+00:00,short,4,-1.0023394831636647,12,SL,commodities
AUDNZD,2013-05-31 00:00:00+00:00,long,2,-1.0122207244785948,16,SL,fx_cross
NZDCAD,2013-06-06 00:00:00+00:00,short,4,-1.0077645600740928,61,SL,fx_cross
EURCAD,2013-06-07 00:00:00+00:00,long,1,-1.0332991705069139,0,SAME_BAR_SL,fx_cross
GBPJPY,2013-06-09 00:00:00+00:00,short,3,-1.0168171765631149,1,SL,fx_cross
CHFJPY,2013-06-09 00:00:00+00:00,short,3,-1.0096307854091358,33,SL,fx_cross
NZDCHF,2013-06-12 00:00:00+00:00,short,4,-1.0093224275362318,1,SL,fx_cross
AUDJPY,2013-06-12 00:00:00+00:00,short,4,2.4922295850529,42,TP,fx_cross
NQ,2013-06-13 00:00:00+00:00,short,3,2.494738614958449,7,TP,indices
NZDCHF,2013-06-14 00:00:00+00:00,long,2,-1.0035311454267775,63,SL,fx_cross
AUDCHF,2013-06-14 00:00:00+00:00,long,2,-1.0051969598992232,4,SL,fx_cross
EURAUD,2013-06-18 00:00:00+00:00,short,3,-1.0083889833128965,1,SL,fx_cross
EURGBP,2013-06-20 00:00:00+00:00,long,1,2.4827860825671535,22,TP,fx_cross
USDCAD,2013-06-20 00:00:00+00:00,short,3,-1.0428026873384995,0,SAME_BAR_SL,fx_major
EURUSD,2013-06-24 00:00:00+00:00,long,1,-1.010641342145399,9,SL,fx_major
CL,2013-06-25 00:00:00+00:00,long,2,2.4975385610347614,9,TP,commodities
GBPNZD,2013-06-26 00:00:00+00:00,long,1,-1.010940484408415,7,SL,fx_cross
GBPUSD,2013-06-27 00:00:00+00:00,long,1,-1.0203024169543993,6,SL,fx_major
EURNZD,2013-06-28 00:00:00+00:00,short,3,-1.0058027315086246,48,SL,fx_cross
EURCAD,2013-06-28 00:00:00+00:00,short,3,-1.0155791523017643,34,SL,fx_cross
AUDCHF,2013-07-05 00:00:00+00:00,long,1,-1.005541722184455,21,SL,fx_cross
GBPCHF,2013-07-05 00:00:00+00:00,short,3,2.4824849473798416,22,TP,fx_cross
EURAUD,2013-07-05 00:00:00+00:00,short,4,-1.0061210530792128,6,SL,fx_cross
CADCHF,2013-07-10 00:00:00+00:00,long,1,-1.0167249305214976,5,SL,fx_cross
GBPCAD,2013-07-10 00:00:00+00:00,short,4,-1.0219103307634916,6,SL,fx_cross
EURUSD,2013-07-10 00:00:00+00:00,short,4,-1.0214515822130292,0,SAME_BAR_SL,fx_major
USDCHF,2013-07-10 00:00:00+00:00,long,1,-1.039117337192475,0,SAME_BAR_SL,fx_major
GBPAUD,2013-07-11 00:00:00+00:00,short,3,-1.0052343614920152,17,SL,fx_cross
NZDJPY,2013-07-12 00:00:00+00:00,short,3,-1.0049064898578413,11,SL,fx_cross
AUDCAD,2013-07-16 00:00:00+00:00,short,3,2.48778955969133,12,TP,fx_cross
CADCHF,2013-07-17 00:00:00+00:00,long,1,-1.0162343343504099,14,SL,fx_cross
EURJPY,2013-07-19 00:00:00+00:00,short,3,-1.009154607964383,53,SL,fx_cross
NQ,2013-07-22 00:00:00+00:00,short,3,-1.0059045317220543,8,SL,indices
USDCAD,2013-07-23 00:00:00+00:00,long,1,2.4893507305344924,111,TP,fx_major
GBPCAD,2013-07-24 00:00:00+00:00,long,1,-1.0137725382453948,6,SL,fx_cross
AUDUSD,2013-07-25 00:00:00+00:00,short,3,2.482801340189086,4,TP,fx_major
EURAUD,2013-07-25 00:00:00+00:00,long,2,2.4903220980285767,5,TP,fx_cross
GBPNZD,2013-07-25 00:00:00+00:00,long,2,2.490047868882991,9,TP,fx_cross
YM,2013-07-28 00:00:00+00:00,short,3,-1.0118791366906474,4,SL,indices
EURUSD,2013-07-31 00:00:00+00:00,short,3,-1.0143733873144398,17,SL,fx_major
GBPCAD,2013-08-01 00:00:00+00:00,short,4,-1.0171040965732088,1,SL,fx_cross
CL,2013-08-01 00:00:00+00:00,short,3,-1.0033633038348082,22,SL,commodities
USDCHF,2013-08-02 00:00:00+00:00,long,1,-1.0122451930977814,5,SL,fx_major
AUDNZD,2013-08-04 00:00:00+00:00,short,4,-1.0315414802065401,0,SAME_BAR_SL,fx_cross
USDJPY,2013-08-05 00:00:00+00:00,long,2,-1.0156615165741925,1,SL,fx_major
GBPCAD,2013-08-07 00:00:00+00:00,short,4,-1.012724209927464,0,SAME_BAR_SL,fx_cross
NZDUSD,2013-08-07 00:00:00+00:00,short,4,-1.0181952039151714,1,SL,fx_major
NQ,2013-08-08 00:00:00+00:00,short,3,2.4796613197969544,3,TP,indices
CADCHF,2013-08-08 00:00:00+00:00,short,4,-1.0151541764080767,3,SL,fx_cross
GBPAUD,2013-08-09 00:00:00+00:00,long,1,2.482534725983237,9,TP,fx_cross
EURCAD,2013-08-15 00:00:00+00:00,long,1,2.478349966063349,4,TP,fx_cross
AUDCHF,2013-08-15 00:00:00+00:00,short,4,2.4854607124450507,4,TP,fx_cross
NQ,2013-08-15 00:00:00+00:00,short,4,-1.0056756695156694,21,SL,indices
GBPCAD,2013-08-20 00:00:00+00:00,short,3,-1.0354407184693475,0,SAME_BAR_SL,fx_cross
EURUSD,2013-08-21 00:00:00+00:00,long,1,-1.0347116825249454,1,SL,fx_major
GBPNZD,2013-08-21 00:00:00+00:00,short,3,-1.0199662155388471,2,SL,fx_cross
CHFJPY,2013-08-22 00:00:00+00:00,short,3,-1.0464704199066852,0,SAME_BAR_SL,fx_cross
USDCHF,2013-08-22 00:00:00+00:00,short,4,-1.02236019874703,6,SL,fx_major
ES,2013-08-22 00:00:00+00:00,short,4,-1.007098181818182,3,SL,indices
CHFJPY,2013-08-27 00:00:00+00:00,long,2,2.493341915846016,76,TP,fx_cross
AUDCAD,2013-08-27 00:00:00+00:00,long,2,-1.014721160066927,1,SL,fx_cross
GBPCHF,2013-08-28 00:00:00+00:00,long,1,2.486457200135916,5,TP,fx_cross
NZDJPY,2013-08-29 00:00:00+00:00,short,3,-1.0084480535327691,3,SL,fx_cross
GBPUSD,2013-08-29 00:00:00+00:00,short,4,-1.017543824982357,6,SL,fx_major
EURUSD,2013-08-29 00:00:00+00:00,long,2,-1.0167511126110922,1,SL,fx_major
CL,2013-08-29 00:00:00+00:00,long,1,-1.0025983902809414,21,SL,commodities
USDCHF,2013-08-30 00:00:00+00:00,short,3,-1.014660460415497,5,SL,fx_major
EURAUD,2013-09-03 00:00:00+00:00,long,2,-1.02292312464749,1,SL,fx_cross
AUDNZD,2013-09-03 00:00:00+00:00,short,3,-1.027189014025539,1,SL,fx_cross
EURGBP,2013-09-03 00:00:00+00:00,long,1,-1.038050112359551,1,SL,fx_cross
AUDCHF,2013-09-04 00:00:00+00:00,short,3,-1.0227537616431812,0,SAME_BAR_SL,fx_cross
EURUSD,2013-09-06 00:00:00+00:00,short,4,-1.0168556863641558,2,SL,fx_major
AUDNZD,2013-09-06 00:00:00+00:00,long,1,-1.026888513119534,4,SL,fx_cross
USDCHF,2013-09-06 00:00:00+00:00,long,1,-1.0434591549295773,2,SL,fx_major
EURCAD,2013-09-06 00:00:00+00:00,long,1,2.478349966063349,11,TP,fx_cross
EURNZD,2013-09-06 00:00:00+00:00,long,2,-1.0077099995844934,6,SL,fx_cross
NZDCHF,2013-09-06 00:00:00+00:00,short,3,-1.0099651640513552,5,SL,fx_cross
USDJPY,2013-09-08 00:00:00+00:00,short,3,-1.0161589911581388,2,SL,fx_major
ES,2013-09-11 00:00:00+00:00,short,4,-1.010166037735849,3,SL,indices
GBPCAD,2013-09-11 00:00:00+00:00,short,3,-1.0196291641663093,6,SL,fx_cross
AUDCAD,2013-09-12 00:00:00+00:00,long,1,2.4840322175732217,19,TP,fx_cross
GBPNZD,2013-09-17 00:00:00+00:00,long,2,-1.011915642845354,2,SL,fx_cross
NZDJPY,2013-09-17 00:00:00+00:00,short,3,-1.0072014714667505,2,SL,fx_cross
GBPCAD,2013-09-19 00:00:00+00:00,long,1,2.481464518727346,10,TP,fx_cross
EURGBP,2013-09-19 00:00:00+00:00,short,4,-1.0219462068965524,2,SL,fx_cross
USDJPY,2013-09-19 00:00:00+00:00,short,3,-1.0376963315217411,0,SAME_BAR_SL,fx_major
CADJPY,2013-09-22 00:00:00+00:00,long,2,-1.0133982712369596,3,SL,fx_cross
EURJPY,2013-09-24 00:00:00+00:00,long,1,-1.0162155778456174,5,SL,fx_cross
AUDUSD,2013-09-25 00:00:00+00:00,long,1,2.482390807537012,16,TP,fx_major
NZDUSD,2013-09-25 00:00:00+00:00,long,1,2.4859284596577016,18,TP,fx_major
EURGBP,2013-09-26 00:00:00+00:00,long,2,-1.0207105063848525,2,SL,fx_cross
AUDCHF,2013-09-27 00:00:00+00:00,long,1,-1.010290174487916,48,SL,fx_cross
EURAUD,2013-09-27 00:00:00+00:00,short,4,2.4891047669987296,35,TP,fx_cross
GBPAUD,2013-09-27 00:00:00+00:00,short,4,-1.0144147822182308,1,SL,fx_cross
GBPAUD,2013-10-03 00:00:00+00:00,long,1,-1.0214437759428698,1,SL,fx_cross
USDCHF,2013-10-04 00:00:00+00:00,short,4,-1.0158076457748675,9,SL,fx_major
NQ,2013-10-04 00:00:00+00:00,short,3,-1.0041309677419354,9,SL,indices
CADCHF,2013-10-04 00:00:00+00:00,short,4,-1.0138286567164179,9,SL,fx_cross
EURCAD,2013-10-04 00:00:00+00:00,long,1,2.4473432301480504,3,TP,fx_cross
NZDCHF,2013-10-06 00:00:00+00:00,long,1,-1.006223719732097,45,SL,fx_cross
NZDCAD,2013-10-07 00:00:00+00:00,long,1,2.4867008941960567,13,TP,fx_cross
CL,2013-10-07 00:00:00+00:00,long,2,-1.0069152542372881,4,SL,commodities
EURUSD,2013-10-09 00:00:00+00:00,long,2,2.4640656478405316,7,TP,fx_major
EURNZD,2013-10-14 00:00:00+00:00,long,1,-1.0160489108910893,2,SL,fx_cross
GBPUSD,2013-10-16 00:00:00+00:00,long,2,2.392961586538477,1,TP,fx_major
CADJPY,2013-10-17 00:00:00+00:00,long,1,-1.012479055191768,5,SL,fx_cross
USDJPY,2013-10-22 00:00:00+00:00,short,4,-1.0154529814710838,14,SL,fx_major
AUDUSD,2013-10-23 00:00:00+00:00,long,1,-1.029997343663531,0,SAME_BAR_SL,fx_major
AUDCAD,2013-10-23 00:00:00+00:00,long,1,-1.039381723163842,0,SAME_BAR_SL,fx_cross
EURJPY,2013-10-23 00:00:00+00:00,long,2,-1.027996664184662,0,SAME_BAR_SL,fx_cross
NZDCAD,2013-10-24 00:00:00+00:00,short,3,-1.0134154176413928,34,SL,fx_cross
GBPNZD,2013-10-24 00:00:00+00:00,short,3,-1.00828805105995,25,SL,fx_cross
AUDUSD,2013-10-28 00:00:00+00:00,long,1,-1.0190633416458852,1,SL,fx_major
USDCHF,2013-10-30 00:00:00+00:00,short,4,-1.0353814435879474,1,SL,fx_major
AUDNZD,2013-10-30 00:00:00+00:00,long,1,-1.0421292024942577,2,SL,fx_cross
EURUSD,2013-10-31 00:00:00+00:00,long,1,-1.0420702305159157,0,SAME_BAR_SL,fx_major
GBPCHF,2013-10-31 00:00:00+00:00,short,4,-1.032113076771266,4,SL,fx_cross
EURGBP,2013-10-31 00:00:00+00:00,long,2,-1.0163598623537509,4,SL,fx_cross
USDCHF,2013-11-01 00:00:00+00:00,short,3,-1.013274092980857,5,SL,fx_major
EURCAD,2013-11-01 00:00:00+00:00,long,1,-1.0458622428820443,1,SL,fx_cross
EURUSD,2013-11-01 00:00:00+00:00,long,2,-1.018427051826678,2,SL,fx_major
CADCHF,2013-11-03 00:00:00+00:00,short,4,-1.033558412046544,4,SL,fx_cross
EURNZD,2013-11-05 00:00:00+00:00,long,1,-1.020694591883265,0,SAME_BAR_SL,fx_cross
EURGBP,2013-11-07 00:00:00+00:00,long,2,-1.0226187605497954,0,SAME_BAR_SL,fx_cross
GBPJPY,2013-11-07 00:00:00+00:00,long,2,2.47965815498155,6,TP,fx_cross
EURUSD,2013-11-07 00:00:00+00:00,long,2,-1.0576474016962214,0,SAME_BAR_SL,fx_major
GBPAUD,2013-11-07 00:00:00+00:00,short,3,-1.0603985325743197,1,SL,fx_cross
EURNZD,2013-11-07 00:00:00+00:00,long,1,2.489736867635282,13,TP,fx_cross
CADJPY,2013-11-07 00:00:00+00:00,short,4,-1.013909266378972,7,SL,fx_cross
AUDCAD,2013-11-07 00:00:00+00:00,short,3,2.481545242847638,12,TP,fx_cross
ES,2013-11-08 00:00:00+00:00,short,3,-1.0069893167701864,4,SL,indices
USDJPY,2013-11-08 00:00:00+00:00,short,4,-1.0100014097556544,3,SL,fx_major
EURCAD,2013-11-11 00:00:00+00:00,short,4,-1.0184576052538992,3,SL,fx_cross
YM,2013-11-12 00:00:00+00:00,long,1,2.4945285932388224,35,TP,indices
CADCHF,2013-11-12 00:00:00+00:00,long,2,-1.0246890634441082,2,SL,fx_cross
AUDUSD,2013-11-12 00:00:00+00:00,long,2,-1.028101626278944,0,SAME_BAR_SL,fx_major
AUDNZD,2013-11-13 00:00:00+00:00,long,2,-1.0414405531774784,8,SL,fx_cross
GBPUSD,2013-11-13 00:00:00+00:00,short,3,-1.025679748535505,4,SL,fx_major
USDCHF,2013-11-13 00:00:00+00:00,long,1,-1.0244386727142518,5,SL,fx_major
NZDUSD,2013-11-13 00:00:00+00:00,short,3,2.4890169060513303,68,TP,fx_major
CL,2013-11-13 00:00:00+00:00,short,3,-1.0058392263056093,17,SL,commodities
AUDJPY,2013-11-14 00:00:00+00:00,short,4,-1.0133098536337022,4,SL,fx_cross
EURJPY,2013-11-14 00:00:00+00:00,short,3,-1.0252892699263239,4,SL,fx_cross
GBPAUD,2013-11-18 00:00:00+00:00,long,1,2.4926143465373216,8,TP,fx_cross
NQ,2013-11-20 00:00:00+00:00,long,1,2.490977610062893,4,TP,indices
USDJPY,2013-11-21 00:00:00+00:00,short,4,-1.0384246739130425,2,SL,fx_major
AUDUSD,2013-11-21 00:00:00+00:00,long,2,-1.0254395685216964,0,SAME_BAR_SL,fx_major
EURUSD,2013-11-22 00:00:00+00:00,short,3,-1.02412935926044,4,SL,fx_major
ES,2013-11-22 00:00:00+00:00,long,1,-1.005858775510204,20,SL,indices
USDCHF,2013-11-22 00:00:00+00:00,long,2,-1.0282528832318762,0,SAME_BAR_SL,fx_major
CADCHF,2013-11-25 00:00:00+00:00,long,1,-1.0244352917300863,2,SL,fx_cross
GBPCHF,2013-11-26 00:00:00+00:00,long,2,2.460549395973154,3,TP,fx_cross
EURCAD,2013-11-27 00:00:00+00:00,short,4,-1.0400937415982061,1,SL,fx_cross
EURNZD,2013-11-27 00:00:00+00:00,short,3,-1.0205169522131692,1,SL,fx_cross
NZDCHF,2013-11-28 00:00:00+00:00,long,1,2.4816348332214013,3,TP,fx_cross
EURNZD,2013-11-29 00:00:00+00:00,short,4,2.480793146582459,2,TP,fx_cross
AUDUSD,2013-12-03 00:00:00+00:00,long,1,-1.0131913378448725,8,SL,fx_major
AUDJPY,2013-12-04 00:00:00+00:00,short,3,2.4902635316124204,44,TP,fx_cross
USDCHF,2013-12-05 00:00:00+00:00,long,1,-1.0196202685347346,1,SL,fx_major
EURGBP,2013-12-05 00:00:00+00:00,short,3,-1.0400120239111859,5,SL,fx_cross
USDJPY,2013-12-05 00:00:00+00:00,long,1,2.481143454665784,6,TP,fx_major
EURUSD,2013-12-09 00:00:00+00:00,short,4,-1.0271953590378484,2,SL,fx_major
AUDCAD,2013-12-11 00:00:00+00:00,long,2,-1.0304455877342413,1,SL,fx_cross
NZDJPY,2013-12-11 00:00:00+00:00,long,1,-1.00853200867052,44,SL,fx_cross
GBPCHF,2013-12-11 00:00:00+00:00,long,1,-1.0492750892047167,0,SAME_BAR_SL,fx_cross
USDCAD,2013-12-15 00:00:00+00:00,short,4,-1.0153380191362815,3,SL,fx_major
GBPCHF,2013-12-16 00:00:00+00:00,long,2,2.4786228209191754,3,TP,fx_cross
NQ,2013-12-17 00:00:00+00:00,long,2,-1.0067050151057402,1,SL,indices
EURGBP,2013-12-18 00:00:00+00:00,long,2,-1.0518754620918656,0,SAME_BAR_SL,fx_cross
GBPCAD,2013-12-18 00:00:00+00:00,short,4,-1.0215685225505446,0,SAME_BAR_SL,fx_cross
GBPUSD,2013-12-19 00:00:00+00:00,long,2,2.4878460249270753,102,TP,fx_major
EURCAD,2013-12-20 00:00:00+00:00,short,3,-1.015318035982009,6,SL,fx_cross
NQ,2013-12-20 00:00:00+00:00,short,3,-1.051784827586207,0,SAME_BAR_SL,indices
AUDUSD,2013-12-20 00:00:00+00:00,short,4,-1.006546463878327,65,SL,fx_major
CADCHF,2013-12-27 00:00:00+00:00,long,2,-1.0220338309394867,0,SAME_BAR_SL,fx_cross
EURUSD,2013-12-27 00:00:00+00:00,short,4,-1.021958008275074,0,SAME_BAR_SL,fx_major
EURNZD,2013-12-27 00:00:00+00:00,short,4,-1.0192068534175411,0,SAME_BAR_SL,fx_cross
USDCHF,2013-12-27 00:00:00+00:00,long,1,-1.0142771935853379,0,SAME_BAR_SL,fx_major
CL,2013-12-30 00:00:00+00:00,long,1,-1.0131623140495867,1,SL,commodities
USDCAD,2013-12-30 00:00:00+00:00,long,2,2.48631814975956,10,TP,fx_major
GBPCHF,2014-01-01 00:00:00+00:00,short,4,-1.023776592933065,1,SL,fx_cross
EURGBP,2014-01-01 00:00:00+00:00,long,2,-1.0208980616145718,6,SL,fx_cross
GBPNZD,2014-01-01 00:00:00+00:00,short,3,-1.0314717354453227,1,SL,fx_cross
CADCHF,2014-01-02 00:00:00+00:00,short,4,-1.016553960153792,1,SL,fx_cross
CL,2014-01-02 00:00:00+00:00,long,2,-1.016981098901099,0,SAME_BAR_SL,commodities
USDCHF,2014-01-02 00:00:00+00:00,short,3,-1.016905685347738,0,SAME_BAR_SL,fx_major
NZDCAD,2014-01-03 00:00:00+00:00,short,3,-1.051338814892501,0,SAME_BAR_SL,fx_cross
GBPAUD,2014-01-03 00:00:00+00:00,long,1,2.4744645734981896,4,TP,fx_cross
EURUSD,2014-01-03 00:00:00+00:00,long,1,-1.022579442467378,13,SL,fx_major
AUDCHF,2014-01-03 00:00:00+00:00,short,4,-1.0263445671121443,4,SL,fx_cross
EURCAD,2014-01-07 00:00:00+00:00,short,3,-1.0124585321379729,2,SL,fx_cross
CADCHF,2014-01-07 00:00:00+00:00,long,2,-1.0067058182592041,3,SL,fx_cross
GBPAUD,2014-01-09 00:00:00+00:00,short,3,-1.0097183738616093,7,SL,fx_cross
EURAUD,2014-01-09 00:00:00+00:00,short,4,-1.0123212442660552,12,SL,fx_cross
EURGBP,2014-01-10 00:00:00+00:00,short,3,-1.0289369364881695,2,SL,fx_cross
USDJPY,2014-01-10 00:00:00+00:00,short,3,2.4393667489711923,1,TP,fx_major
NQ,2014-01-10 00:00:00+00:00,long,2,-1.008915187376726,2,SL,indices
AUDCAD,2014-01-10 00:00:00+00:00,short,4,-1.0234566334919948,0,SAME_BAR_SL,fx_cross
USDCAD,2014-01-13 00:00:00+00:00,long,1,2.4492498245614063,1,TP,fx_major
GBPJPY,2014-01-13 00:00:00+00:00,long,1,-1.0069533470225873,18,SL,fx_cross
USDJPY,2014-01-13 00:00:00+00:00,long,1,-1.011000091047041,10,SL,fx_major
GBPNZD,2014-01-13 00:00:00+00:00,long,2,-1.0233348310810815,0,SAME_BAR_SL,fx_cross
NQ,2014-01-14 00:00:00+00:00,short,3,-1.0093371663244353,1,SL,indices
CL,2014-01-15 00:00:00+00:00,short,4,-1.0063484745762712,2,SL,commodities
GBPCHF,2014-01-15 00:00:00+00:00,short,4,-1.108020077821007,0,SAME_BAR_SL,fx_cross
EURGBP,2014-01-15 00:00:00+00:00,long,1,2.42037155098543,1,TP,fx_cross
AUDCAD,2014-01-15 00:00:00+00:00,long,1,-1.0243149808859904,1,SL,fx_cross
YM,2014-01-15 00:00:00+00:00,short,3,2.4926037906647807,8,TP,indices
GBPNZD,2014-01-17 00:00:00+00:00,short,4,-1.0259989691929252,0,SAME_BAR_SL,fx_cross
EURNZD,2014-01-21 00:00:00+00:00,short,4,-1.0103753489955736,2,SL,fx_cross
AUDCHF,2014-01-22 00:00:00+00:00,short,3,2.4918731707317074,2,TP,fx_cross
AUDCAD,2014-01-22 00:00:00+00:00,short,3,-1.0118270528696025,12,SL,fx_cross
GBPNZD,2014-01-22 00:00:00+00:00,short,3,-1.0180696422487223,0,SAME_BAR_SL,fx_cross
EURUSD,2014-01-23 00:00:00+00:00,short,3,-1.0173749988602685,1,SL,fx_major
GBPNZD,2014-01-23 00:00:00+00:00,short,3,-1.0096117177415909,7,SL,fx_cross
NZDCHF,2014-01-24 00:00:00+00:00,long,1,2.4675786097946295,2,TP,fx_cross
EURNZD,2014-01-24 00:00:00+00:00,short,4,2.488253632760898,45,TP,fx_cross
EURJPY,2014-01-26 00:00:00+00:00,long,2,-1.014115722543353,5,SL,fx_cross
NQ,2014-01-27 00:00:00+00:00,long,2,2.495838800374883,15,TP,indices
GBPCAD,2014-01-28 00:00:00+00:00,short,3,2.4790158018676407,5,TP,fx_cross
CL,2014-01-29 00:00:00+00:00,long,1,2.4971959712230216,27,TP,commodities
NZDCHF,2014-01-29 00:00:00+00:00,long,1,-1.0324213902053705,2,SL,fx_cross
EURAUD,2014-01-30 00:00:00+00:00,long,2,-1.0106915497148525,4,SL,fx_cross
CHFJPY,2014-01-30 00:00:00+00:00,long,2,-1.0170299357601713,1,SL,fx_cross
NZDCAD,2014-01-31 00:00:00+00:00,long,2,-1.0179093182620984,0,SAME_BAR_SL,fx_cross
NZDCAD,2014-02-03 00:00:00+00:00,long,1,2.474881503006012,1,TP,fx_cross
USDJPY,2014-02-03 00:00:00+00:00,long,1,-1.0188565453342162,0,SAME_BAR_SL,fx_major
GBPAUD,2014-02-03 00:00:00+00:00,long,2,-1.0219591740412979,1,SL,fx_cross
GBPJPY,2014-02-04 00:00:00+00:00,long,2,2.4728146958062607,2,TP,fx_cross
AUDCHF,2014-02-05 00:00:00+00:00,short,3,-1.0081268292682928,43,SL,fx_cross
USDJPY,2014-02-06 00:00:00+00:00,short,4,-1.0282498120672603,1,SL,fx_major
CADJPY,2014-02-06 00:00:00+00:00,short,4,-1.0112225531914891,10,SL,fx_cross
GBPJPY,2014-02-07 00:00:00+00:00,short,4,-1.032528121968121,1,SL,fx_cross
USDCAD,2014-02-07 00:00:00+00:00,long,1,-1.0278147273138727,10,SL,fx_major
CHFJPY,2014-02-07 00:00:00+00:00,short,4,-1.0241815477996963,3,SL,fx_cross
YM,2014-02-07 00:00:00+00:00,short,4,-1.018069025270758,0,SAME_BAR_SL,indices
ES,2014-02-07 00:00:00+00:00,short,3,-1.0092022672064778,0,SAME_BAR_SL,indices
EURUSD,2014-02-10 00:00:00+00:00,short,3,-1.016418425179933,7,SL,fx_major
AUDCAD,2014-02-11 00:00:00+00:00,short,3,-1.0208944707858874,21,SL,fx_cross
GBPCHF,2014-02-12 00:00:00+00:00,short,4,-1.0150045272102692,0,SAME_BAR_SL,fx_cross
EURGBP,2014-02-12 00:00:00+00:00,long,2,-1.015393282239254,3,SL,fx_cross
GBPNZD,2014-02-12 00:00:00+00:00,long,2,-1.0099025316683137,25,SL,fx_cross
ES,2014-02-13 00:00:00+00:00,short,3,-1.0068369590643276,9,SL,indices
EURAUD,2014-02-19 00:00:00+00:00,long,2,-1.0066525913802509,30,SL,fx_cross
CHFJPY,2014-02-20 00:00:00+00:00,long,2,2.477026331658292,7,TP,fx_cross
EURJPY,2014-02-20 00:00:00+00:00,long,2,2.482928425643262,12,TP,fx_cross
GBPAUD,2014-02-20 00:00:00+00:00,short,4,2.4928620049902586,162,TP,fx_cross
YM,2014-02-20 00:00:00+00:00,short,3,-1.0094133820840951,3,SL,indices
NZDCHF,2014-02-21 00:00:00+00:00,long,2,2.4835450279329607,11,TP,fx_cross
USDJPY,2014-02-24 00:00:00+00:00,long,1,-1.0189529053606883,5,SL,fx_major
CADJPY,2014-02-24 00:00:00+00:00,short,4,-1.0098773617588275,9,SL,fx_cross
NQ,2014-02-26 00:00:00+00:00,long,2,2.479325462555066,1,TP,indices
EURUSD,2014-02-27 00:00:00+00:00,short,4,-1.0274859903381643,1,SL,fx_major
USDCHF,2014-02-27 00:00:00+00:00,long,2,-1.023421269393512,1,SL,fx_major
ES,2014-02-27 00:00:00+00:00,long,2,2.4821963636363638,1,TP,indices
NZDCAD,2014-02-28 00:00:00+00:00,long,1,2.4868582600987716,10,TP,fx_cross
AUDNZD,2014-02-28 00:00:00+00:00,long,1,-1.0137536567938228,10,SL,fx_cross
YM,2014-03-03 00:00:00+00:00,long,2,2.4834851282051282,1,TP,indices
EURCHF,2014-03-04 00:00:00+00:00,short,4,-1.0411572946859877,2,SL,fx_cross
EURUSD,2014-03-05 00:00:00+00:00,long,2,2.4779926178535603,7,TP,fx_major
NZDJPY,2014-03-06 00:00:00+00:00,short,4,-1.016843129346314,0,SAME_BAR_SL,fx_cross
USDCAD,2014-03-06 00:00:00+00:00,long,2,2.483111279516749,11,TP,fx_major
NZDJPY,2014-03-13 00:00:00+00:00,long,1,-1.0119315051144666,1,SL,fx_cross
AUDUSD,2014-03-14 00:00:00+00:00,long,2,2.4887621638468387,12,TP,fx_major
EURCAD,2014-03-14 00:00:00+00:00,short,3,-1.0145922520538664,4,SL,fx_cross
GBPCAD,2014-03-18 00:00:00+00:00,long,2,-1.016300530917183,61,SL,fx_cross
NZDCHF,2014-03-18 00:00:00+00:00,short,4,-1.0166850601934083,7,SL,fx_cross
YM,2014-03-19 00:00:00+00:00,long,2,2.487055717884131,2,TP,indices
USDCHF,2014-03-20 00:00:00+00:00,short,3,-1.035482272240087,12,SL,fx_major
NZDUSD,2014-03-21 00:00:00+00:00,short,3,-1.0123917095231942,5,SL,fx_major
GBPCHF,2014-03-21 00:00:00+00:00,long,2,2.4807372441503195,12,TP,fx_cross
EURCAD,2014-03-21 00:00:00+00:00,long,1,-1.0149705632949728,4,SL,fx_cross
EURCHF,2014-03-25 00:00:00+00:00,short,3,-1.0538062627852076,9,SL,fx_cross
AUDNZD,2014-03-27 00:00:00+00:00,long,1,2.4839672907459485,54,TP,fx_cross
EURGBP,2014-03-27 00:00:00+00:00,long,1,-1.0722735042735072,0,SAME_BAR_SL,fx_cross
USDJPY,2014-03-28 00:00:00+00:00,short,4,-1.0354823181257715,2,SL,fx_major
GBPJPY,2014-03-28 00:00:00+00:00,short,4,-1.0206190163934428,2,SL,fx_cross
EURUSD,2014-03-28 00:00:00+00:00,long,2,2.4779926178535603,33,TP,fx_major
NQ,2014-03-31 00:00:00+00:00,short,4,-1.0049049681528663,3,SL,indices
EURJPY,2014-03-31 00:00:00+00:00,short,4,2.4806997678916822,34,TP,fx_cross
NZDCAD,2014-04-01 00:00:00+00:00,long,1,-1.0126902396566113,2,SL,fx_cross
NZDCHF,2014-04-01 00:00:00+00:00,long,1,-1.0265292154420915,2,SL,fx_cross
GBPNZD,2014-04-01 00:00:00+00:00,short,3,-1.0144364044943819,1,SL,fx_cross
CHFJPY,2014-04-01 00:00:00+00:00,short,4,2.4797154017305316,6,TP,fx_cross
NZDUSD,2014-04-02 00:00:00+00:00,long,1,-1.0153447497609178,1,SL,fx_major
CL,2014-04-04 00:00:00+00:00,short,3,-1.0071738053097345,3,SL,commodities
NZDCHF,2014-04-04 00:00:00+00:00,short,3,-1.0141679907697378,35,SL,fx_cross
AUDJPY,2014-04-04 00:00:00+00:00,short,4,-1.008680767618126,129,SL,fx_cross
NQ,2014-04-04 00:00:00+00:00,long,2,-1.0045802794411178,0,SAME_BAR_SL,indices
NZDUSD,2014-04-08 00:00:00+00:00,short,3,-1.0236928969223253,1,SL,fx_major
USDJPY,2014-04-08 00:00:00+00:00,long,2,-1.0432487745839636,0,SAME_BAR_SL,fx_major
EURNZD,2014-04-08 00:00:00+00:00,long,2,2.483994542836573,17,TP,fx_cross
GBPNZD,2014-04-08 00:00:00+00:00,long,1,2.471450773517315,6,TP,fx_cross
CADJPY,2014-04-09 00:00:00+00:00,short,3,-1.009208910717418,67,SL,fx_cross
YM,2014-04-10 00:00:00+00:00,long,2,-1.0104350905432595,0,SAME_BAR_SL,indices
NZDJPY,2014-04-10 00:00:00+00:00,long,1,-1.028251372774268,15,SL,fx_cross
AUDUSD,2014-04-10 00:00:00+00:00,short,3,2.488201747269891,131,TP,fx_major
YM,2014-04-11 00:00:00+00:00,long,2,-1.012944282115869,0,SAME_BAR_SL,indices
NZDCAD,2014-04-23 00:00:00+00:00,short,3,2.458224263322883,1,TP,fx_cross
GBPNZD,2014-04-24 00:00:00+00:00,short,4,-1.0350562499999998,3,SL,fx_cross
ES,2014-04-24 00:00:00+00:00,short,3,-1.0097425101214574,16,SL,indices
GBPJPY,2014-04-24 00:00:00+00:00,short,3,-1.0209879110335804,7,SL,fx_cross
CL,2014-04-25 00:00:00+00:00,long,1,-1.006370966469428,4,SL,commodities
EURNZD,2014-04-29 00:00:00+00:00,short,3,2.462759656582174,1,TP,fx_cross
EURGBP,2014-04-29 00:00:00+00:00,short,4,2.469055641111484,11,TP,fx_cross
EURAUD,2014-04-29 00:00:00+00:00,long,1,-1.0191342403109638,1,SL,fx_cross
USDCHF,2014-04-29 00:00:00+00:00,short,3,-1.0207215281276236,10,SL,fx_major
AUDCHF,2014-04-29 00:00:00+00:00,short,4,-1.0179633733045017,1,SL,fx_cross
NZDUSD,2014-04-30 00:00:00+00:00,short,3,-1.0439760802187787,2,SL,fx_major
GBPCHF,2014-04-30 00:00:00+00:00,long,2,2.472932755417956,17,TP,fx_cross
CADCHF,2014-04-30 00:00:00+00:00,short,4,-1.0240119139899122,7,SL,fx_cross
GBPNZD,2014-04-30 00:00:00+00:00,long,2,-1.0404751309479905,2,SL,fx_cross
EURCAD,2014-05-01 00:00:00+00:00,short,3,2.479794599976295,7,TP,fx_cross
NZDJPY,2014-05-02 00:00:00+00:00,short,3,-1.103447857889238,0,SAME_BAR_SL,fx_cross
EURNZD,2014-05-02 00:00:00+00:00,long,2,-1.0945954243542462,0,SAME_BAR_SL,fx_cross
GBPUSD,2014-05-02 00:00:00+00:00,long,2,2.457686430175123,3,TP,fx_major
USDJPY,2014-05-02 00:00:00+00:00,short,3,-1.038987717391305,0,SAME_BAR_SL,fx_major
NZDUSD,2014-05-05 00:00:00+00:00,short,3,-1.055091428571431,1,SL,fx_major
USDCAD,2014-05-08 00:00:00+00:00,long,1,-1.0507501754385935,0,SAME_BAR_SL,fx_major
NZDCAD,2014-05-08 00:00:00+00:00,long,2,-1.023160255113261,1,SL,fx_cross
EURUSD,2014-05-08 00:00:00+00:00,long,1,-1.024421068510371,1,SL,fx_major
GBPUSD,2014-05-13 00:00:00+00:00,long,2,-1.0423135698248769,1,SL,fx_major
EURCAD,2014-05-15 00:00:00+00:00,long,2,-1.0164953560126582,11,SL,fx_cross
NQ,2014-05-15 00:00:00+00:00,long,2,2.495945811051693,11,TP,indices
GBPUSD,2014-05-15 00:00:00+00:00,long,2,2.474973331552944,25,TP,fx_major
EURGBP,2014-05-15 00:00:00+00:00,long,2,-1.011204025831607,5,SL,fx_cross
AUDCAD,2014-05-15 00:00:00+00:00,long,2,-1.0258119129646412,4,SL,fx_cross
EURAUD,2014-05-16 00:00:00+00:00,short,4,-1.0282864981949464,3,SL,fx_cross
EURNZD,2014-05-20 00:00:00+00:00,short,3,-1.0075770967878814,113,SL,fx_cross
USDCHF,2014-05-21 00:00:00+00:00,long,1,2.4406326622989885,2,TP,fx_major
CL,2014-05-21 00:00:00+00:00,short,4,-1.0100961467889908,0,SAME_BAR_SL,commodities
YM,2014-05-21 00:00:00+00:00,short,4,-1.011367619047619,0,SAME_BAR_SL,indices
GBPCHF,2014-05-28 00:00:00+00:00,long,1,-1.0500220582986304,7,SL,fx_cross
EURGBP,2014-05-28 00:00:00+00:00,short,4,2.452201489250134,7,TP,fx_cross
GBPJPY,2014-05-28 00:00:00+00:00,long,2,-1.0179338530734636,1,SL,fx_cross
NZDUSD,2014-05-28 00:00:00+00:00,long,1,-1.0187390303508084,5,SL,fx_major
AUDCHF,2014-06-02 00:00:00+00:00,long,1,2.472813652834599,7,TP,fx_cross
GBPCAD,2014-06-02 00:00:00+00:00,short,4,-1.0336127063465976,2,SL,fx_cross
USDCHF,2014-06-02 00:00:00+00:00,short,3,-1.0457801276207843,0,SAME_BAR_SL,fx_major
EURAUD,2014-06-02 00:00:00+00:00,short,4,2.468898242172766,3,TP,fx_cross
NZDCAD,2014-06-05 00:00:00+00:00,short,3,-1.082142320441989,1,SL,fx_cross
NZDJPY,2014-06-06 00:00:00+00:00,short,3,-1.0553075268817187,4,SL,fx_cross
EURUSD,2014-06-06 00:00:00+00:00,long,1,-1.0115789521571006,39,SL,fx_major
CL,2014-06-09 00:00:00+00:00,short,3,-1.0153452534562215,0,SAME_BAR_SL,commodities
USDCHF,2014-06-09 00:00:00+00:00,short,3,-1.0151446487790172,43,SL,fx_major
CHFJPY,2014-06-11 00:00:00+00:00,long,2,2.4525114970059905,7,TP,fx_cross
NZDUSD,2014-06-11 00:00:00+00:00,short,3,-1.0498295218295266,0,SAME_BAR_SL,fx_major
YM,2014-06-12 00:00:00+00:00,long,1,2.488026845637584,27,TP,indices
ES,2014-06-12 00:00:00+00:00,long,1,2.490214603174603,16,TP,indices
USDCAD,2014-06-12 00:00:00+00:00,long,2,-1.0422145467176092,6,SL,fx_major
CADCHF,2014-06-12 00:00:00+00:00,short,3,-1.0188061089730602,9,SL,fx_cross
NQ,2014-06-16 00:00:00+00:00,short,3,-1.0135834173669467,7,SL,indices
AUDNZD,2014-06-16 00:00:00+00:00,long,2,-1.063854464944651,1,SL,fx_cross
EURCHF,2014-06-19 00:00:00+00:00,long,1,-1.0861270796460192,9,SL,fx_cross
GBPCAD,2014-06-23 00:00:00+00:00,long,2,-1.0546585141635503,1,SL,fx_cross
CL,2014-06-24 00:00:00+00:00,short,4,2.4955813298565843,15,TP,commodities
NZDUSD,2014-06-24 00:00:00+00:00,long,1,2.4802331623931626,13,TP,fx_major
AUDCHF,2014-06-25 00:00:00+00:00,short,4,-1.0146793944123615,23,SL,fx_cross
NZDJPY,2014-06-25 00:00:00+00:00,short,3,-1.0202855625893397,1,SL,fx_cross
EURAUD,2014-06-25 00:00:00+00:00,long,1,-1.0153060328239956,23,SL,fx_cross
NZDCHF,2014-06-25 00:00:00+00:00,short,4,-1.016639816688944,1,SL,fx_cross
NQ,2014-06-26 00:00:00+00:00,long,2,2.478613568281938,1,TP,indices
GBPNZD,2014-06-30 00:00:00+00:00,short,3,-1.0287108370506433,3,SL,fx_cross
AUDNZD,2014-07-01 00:00:00+00:00,short,3,-1.046202460833014,0,SAME_BAR_SL,fx_cross
AUDCAD,2014-07-02 00:00:00+00:00,long,1,-1.0177264544456641,1,SL,fx_cross
GBPJPY,2014-07-02 00:00:00+00:00,short,3,-1.038496908517351,1,SL,fx_cross
EURCAD,2014-07-03 00:00:00+00:00,long,2,2.4636747588063734,7,TP,fx_cross
NZDCHF,2014-07-03 00:00:00+00:00,short,3,-1.0212117470317417,4,SL,fx_cross
AUDNZD,2014-07-03 00:00:00+00:00,long,2,-1.0261484870848707,0,SAME_BAR_SL,fx_cross
ES,2014-07-08 00:00:00+00:00,long,2,-1.006468630490956,20,SL,indices
GBPNZD,2014-07-09 00:00:00+00:00,long,2,2.4671539112050747,5,TP,fx_cross
EURCHF,2014-07-10 00:00:00+00:00,long,2,-1.1002569196757581,25,SL,fx_cross
CADJPY,2014-07-11 00:00:00+00:00,short,4,2.476024259342638,21,TP,fx_cross
CADCHF,2014-07-11 00:00:00+00:00,long,1,-1.0564254918527467,0,SAME_BAR_SL,fx_cross
AUDCAD,2014-07-11 00:00:00+00:00,short,3,-1.0326115926892945,0,SAME_BAR_SL,fx_cross
USDJPY,2014-07-14 00:00:00+00:00,short,4,-1.0340025837320581,10,SL,fx_major
GBPJPY,2014-07-14 00:00:00+00:00,short,4,2.467377843268588,20,TP,fx_cross
GBPCAD,2014-07-14 00:00:00+00:00,short,3,-1.0246927643251018,2,SL,fx_cross
NZDCHF,2014-07-15 00:00:00+00:00,long,1,-1.0204360158619075,2,SL,fx_cross
CL,2014-07-16 00:00:00+00:00,short,4,-1.0084129842931937,0,SAME_BAR_SL,commodities
GBPUSD,2014-07-16 00:00:00+00:00,long,2,-1.029809250854833,2,SL,fx_major
EURJPY,2014-07-17 00:00:00+00:00,long,2,-1.0145449564888387,19,SL,fx_cross
GBPNZD,2014-07-17 00:00:00+00:00,short,3,-1.0122270174662835,16,SL,fx_cross
CL,2014-07-17 00:00:00+00:00,short,4,2.4917699502487562,10,TP,commodities
GBPCAD,2014-07-17 00:00:00+00:00,long,1,-1.0224665007640257,5,SL,fx_cross
NQ,2014-07-18 00:00:00+00:00,short,3,-1.0099843824701196,3,SL,indices
GBPUSD,2014-07-23 00:00:00+00:00,long,1,-1.0596565426695834,1,SL,fx_major
NZDCHF,2014-07-23 00:00:00+00:00,short,3,2.4729774169741696,1,TP,fx_cross
CHFJPY,2014-07-23 00:00:00+00:00,long,2,2.48141316007088,35,TP,fx_cross
AUDCAD,2014-07-25 00:00:00+00:00,short,3,-1.033468641975307,9,SL,fx_cross
USDJPY,2014-07-29 00:00:00+00:00,short,3,-1.0850516666666634,1,SL,fx_major
EURCAD,2014-07-30 00:00:00+00:00,short,3,-1.0277162489401381,2,SL,fx_cross
CADCHF,2014-07-31 00:00:00+00:00,long,2,-1.023098578152093,7,SL,fx_cross
USDCHF,2014-08-04 00:00:00+00:00,short,3,-1.0255198994722292,14,SL,fx_major
NZDCAD,2014-08-04 00:00:00+00:00,short,4,2.481252445564153,19,TP,fx_cross
EURUSD,2014-08-04 00:00:00+00:00,long,2,-1.0324895674740477,2,SL,fx_major
NZDUSD,2014-08-05 00:00:00+00:00,long,2,-1.0187324099722992,13,SL,fx_major
GBPUSD,2014-08-05 00:00:00+00:00,short,4,2.452883268560041,6,TP,fx_major
EURGBP,2014-08-05 00:00:00+00:00,long,1,2.4457340500916316,3,TP,fx_cross
USDCAD,2014-08-06 00:00:00+00:00,long,1,-1.0281889467619263,8,SL,fx_major
ES,2014-08-06 00:00:00+00:00,short,4,-1.0066021505376344,6,SL,indices
EURAUD,2014-08-07 00:00:00+00:00,short,3,-1.0328843618541972,0,SAME_BAR_SL,fx_cross
AUDNZD,2014-08-07 00:00:00+00:00,long,2,2.461064720812183,9,TP,fx_cross
AUDCHF,2014-08-07 00:00:00+00:00,long,2,-1.0291886418232206,0,SAME_BAR_SL,fx_cross
EURUSD,2014-08-08 00:00:00+00:00,short,3,2.3914097687861418,2,TP,fx_major
GBPNZD,2014-08-08 00:00:00+00:00,long,2,-1.0399078351628581,4,SL,fx_cross
EURCAD,2014-08-08 00:00:00+00:00,short,3,-1.038148159180825,0,SAME_BAR_SL,fx_cross
GBPJPY,2014-08-08 00:00:00+00:00,long,2,-1.0386242316975063,0,SAME_BAR_SL,fx_cross
USDJPY,2014-08-08 00:00:00+00:00,long,2,2.467904920993228,6,TP,fx_major
CADJPY,2014-08-11 00:00:00+00:00,short,4,-1.0215459192085738,2,SL,fx_cross
EURCAD,2014-08-12 00:00:00+00:00,long,2,-1.0321068864037672,3,SL,fx_cross
GBPCHF,2014-08-13 00:00:00+00:00,short,4,2.4508945683969023,1,TP,fx_cross
GBPCAD,2014-08-14 00:00:00+00:00,long,2,-1.1129615094339738,1,SL,fx_cross
NQ,2014-08-14 00:00:00+00:00,short,4,-1.0084045182724253,1,SL,indices
CL,2014-08-15 00:00:00+00:00,short,4,2.4893490410958905,1,TP,commodities
YM,2014-08-18 00:00:00+00:00,short,4,-1.005833579175705,3,SL,indices
ES,2014-08-18 00:00:00+00:00,short,4,-1.0078042236024845,2,SL,indices
AUDCAD,2014-08-19 00:00:00+00:00,short,3,-1.0858935342878653,1,SL,fx_cross
USDCAD,2014-08-20 00:00:00+00:00,long,2,-1.0166304942965778,6,SL,fx_major
USDJPY,2014-08-20 00:00:00+00:00,short,3,-1.0327947629796852,3,SL,fx_major
NZDUSD,2014-08-24 00:00:00+00:00,long,1,-1.017567391795258,13,SL,fx_major
CADJPY,2014-08-25 00:00:00+00:00,short,4,-1.0239757406573622,2,SL,fx_cross
EURUSD,2014-08-25 00:00:00+00:00,long,1,-1.0734898954703842,1,SL,fx_major
GBPJPY,2014-09-01 00:00:00+00:00,short,3,-1.0453757303370819,1,SL,fx_cross
EURGBP,2014-09-02 00:00:00+00:00,short,4,-1.0388198254799301,0,SAME_BAR_SL,fx_cross
GBPCHF,2014-09-02 00:00:00+00:00,long,1,-1.037053414634146,0,SAME_BAR_SL,fx_cross
AUDCHF,2014-09-03 00:00:00+00:00,short,3,-1.0181403034901366,1,SL,fx_cross
GBPUSD,2014-09-03 00:00:00+00:00,long,1,-1.0273807460246687,1,SL,fx_major
EURAUD,2014-09-03 00:00:00+00:00,long,2,-1.0175241806908768,1,SL,fx_cross
CL,2014-09-03 00:00:00+00:00,short,3,2.450565161290323,1,TP,commodities
USDCHF,2014-09-04 00:00:00+00:00,short,3,-1.0674150487329435,0,SAME_BAR_SL,fx_major
CADJPY,2014-09-04 00:00:00+00:00,short,4,-1.0338574913981846,0,SAME_BAR_SL,fx_cross
NQ,2014-09-04 00:00:00+00:00,short,3,2.4937731899641578,24,TP,indices
EURGBP,2014-09-04 00:00:00+00:00,long,2,2.462064732563115,2,TP,fx_cross
CADJPY,2014-09-05 00:00:00+00:00,long,1,2.4711620951362905,4,TP,fx_cross
NZDCAD,2014-09-05 00:00:00+00:00,short,4,2.475062719449226,10,TP,fx_cross
GBPCHF,2014-09-07 00:00:00+00:00,long,2,-1.0429647833797844,0,SAME_BAR_SL,fx_cross
GBPUSD,2014-09-07 00:00:00+00:00,long,2,-1.0277755371900823,1,SL,fx_major
AUDCAD,2014-09-09 00:00:00+00:00,long,2,-1.0376120979483787,0,SAME_BAR_SL,fx_cross
GBPNZD,2014-09-10 00:00:00+00:00,short,4,-1.019278190045249,2,SL,fx_cross
EURJPY,2014-09-10 00:00:00+00:00,short,3,-1.0370083221476507,1,SL,fx_cross
CHFJPY,2014-09-10 00:00:00+00:00,short,3,-1.0539347048903889,2,SL,fx_cross
AUDCAD,2014-09-10 00:00:00+00:00,long,2,-1.0569710998990889,0,SAME_BAR_SL,fx_cross
GBPAUD,2014-09-11 00:00:00+00:00,short,3,-1.021558341768063,1,SL,fx_cross
ES,2014-09-11 00:00:00+00:00,short,3,2.485131162790698,4,TP,indices
USDCHF,2014-09-11 00:00:00+00:00,long,1,-1.0241026626810765,4,SL,fx_major
CADCHF,2014-09-12 00:00:00+00:00,long,2,2.4669405950297505,4,TP,fx_cross
NZDCHF,2014-09-12 00:00:00+00:00,long,2,-1.056779615129394,0,SAME_BAR_SL,fx_cross
EURCAD,2014-09-12 00:00:00+00:00,short,3,-1.0317300079176561,0,SAME_BAR_SL,fx_cross
USDCAD,2014-09-16 00:00:00+00:00,long,1,-1.0250081723927613,3,SL,fx_major
GBPCHF,2014-09-16 00:00:00+00:00,long,2,-1.0120732277849094,104,SL,fx_cross
CADJPY,2014-09-17 00:00:00+00:00,short,4,-1.014647312633833,1,SL,fx_cross
ES,2014-09-17 00:00:00+00:00,short,3,-1.0148688372093024,1,SL,indices
EURCAD,2014-09-17 00:00:00+00:00,long,1,-1.0210487923728815,2,SL,fx_cross
EURGBP,2014-09-17 00:00:00+00:00,long,2,-1.0582113948919445,0,SAME_BAR_SL,fx_cross
USDCHF,2014-09-18 00:00:00+00:00,long,2,2.478580257721415,6,TP,fx_major
CHFJPY,2014-09-18 00:00:00+00:00,short,3,2.4795675580665413,11,TP,fx_cross
GBPAUD,2014-09-18 00:00:00+00:00,short,3,-1.0287871631305323,1,SL,fx_cross
AUDNZD,2014-09-19 00:00:00+00:00,long,2,2.484642513089005,8,TP,fx_cross
AUDCAD,2014-09-22 00:00:00+00:00,long,2,2.478262365591398,20,TP,fx_cross
ES,2014-09-23 00:00:00+00:00,long,2,-1.010485950413223,2,SL,indices
NZDJPY,2014-09-23 00:00:00+00:00,long,1,-1.0143866101942454,2,SL,fx_cross
AUDJPY,2014-09-25 00:00:00+00:00,long,1,-1.0790371702284467,0,SAME_BAR_SL,fx_cross
AUDUSD,2014-09-25 00:00:00+00:00,long,1,-1.0090883731219467,5,SL,fx_major
NZDCHF,2014-09-26 00:00:00+00:00,long,2,-1.0202018615866895,2,SL,fx_cross
NZDCAD,2014-09-29 00:00:00+00:00,long,1,-1.0104296204953758,0,SAME_BAR_SL,fx_cross
NZDUSD,2014-09-29 00:00:00+00:00,long,1,-1.0155844945816308,0,SAME_BAR_SL,fx_major
NZDCHF,2014-10-01 00:00:00+00:00,short,4,-1.0638203658536551,0,SAME_BAR_SL,fx_cross
NZDCAD,2014-10-01 00:00:00+00:00,short,4,-1.0723671039056715,1,SL,fx_cross
EURNZD,2014-10-01 00:00:00+00:00,long,1,-1.076026184265879,0,SAME_BAR_SL,fx_cross
EURUSD,2014-10-02 00:00:00+00:00,short,4,2.459002309468824,1,TP,fx_major
NZDJPY,2014-10-02 00:00:00+00:00,short,4,2.436967544204324,1,TP,fx_cross
CADJPY,2014-10-02 00:00:00+00:00,long,2,-1.0260176777591565,6,SL,fx_cross
GBPJPY,2014-10-02 00:00:00+00:00,long,2,-1.013408487510294,8,SL,fx_cross
EURCHF,2014-10-02 00:00:00+00:00,long,2,2.4337752007835385,4,TP,fx_cross
GBPNZD,2014-10-02 00:00:00+00:00,long,1,-1.036965276269561,0,SAME_BAR_SL,fx_cross
NZDUSD,2014-10-02 00:00:00+00:00,short,4,-1.0876768127490035,0,SAME_BAR_SL,fx_major
NZDUSD,2014-10-03 00:00:00+00:00,long,1,-1.0226940400103925,0,SAME_BAR_SL,fx_major
USDJPY,2014-10-03 00:00:00+00:00,short,3,2.4849724165029468,9,TP,fx_major
NQ,2014-10-03 00:00:00+00:00,short,3,2.4918965149136576,4,TP,indices
YM,2014-10-03 00:00:00+00:00,short,3,2.49149262166405,5,TP,indices
ES,2014-10-03 00:00:00+00:00,short,3,2.492870909090909,6,TP,indices
AUDUSD,2014-10-06 00:00:00+00:00,short,4,-1.007593851430353,3,SL,fx_major
EURUSD,2014-10-06 00:00:00+00:00,short,4,-1.0148637038595014,2,SL,fx_major
USDCHF,2014-10-07 00:00:00+00:00,long,1,-1.0145343140181844,2,SL,fx_major
CHFJPY,2014-10-07 00:00:00+00:00,long,2,-1.0235829635145195,3,SL,fx_cross
GBPUSD,2014-10-08 00:00:00+00:00,short,4,2.4881457727630543,32,TP,fx_major
EURJPY,2014-10-08 00:00:00+00:00,short,4,2.4738146594005443,5,TP,fx_cross
USDCAD,2014-10-14 00:00:00+00:00,short,3,-1.0576589743589717,0,SAME_BAR_SL,fx_major
EURCAD,2014-10-14 00:00:00+00:00,long,1,-1.0143183009359251,14,SL,fx_cross
GBPAUD,2014-10-14 00:00:00+00:00,long,2,-1.023837802607077,1,SL,fx_cross
EURCHF,2014-10-14 00:00:00+00:00,long,2,-1.0662247992164613,18,SL,fx_cross
AUDUSD,2014-10-15 00:00:00+00:00,short,3,2.488238932570884,19,TP,fx_major
NZDCAD,2014-10-15 00:00:00+00:00,short,3,-1.0203962464300282,0,SAME_BAR_SL,fx_cross
GBPCAD,2014-10-15 00:00:00+00:00,short,3,-1.0335889903365547,0,SAME_BAR_SL,fx_cross
CADCHF,2014-10-15 00:00:00+00:00,long,1,2.4833142551674983,12,TP,fx_cross
NQ,2014-10-15 00:00:00+00:00,long,1,-1.006682510460251,0,SAME_BAR_SL,indices
USDJPY,2014-10-15 00:00:00+00:00,long,1,2.485312461461959,7,TP,fx_major
AUDNZD,2014-10-16 00:00:00+00:00,short,4,-1.0149340519730508,6,SL,fx_cross
GBPNZD,2014-10-16 00:00:00+00:00,short,4,-1.023305281704569,5,SL,fx_cross
CL,2014-10-16 00:00:00+00:00,short,4,2.496510476190476,9,TP,commodities
NQ,2014-10-17 00:00:00+00:00,short,4,-1.0031406185567011,3,SL,indices
AUDJPY,2014-10-17 00:00:00+00:00,short,4,-1.0074747477064219,5,SL,fx_cross
AUDCAD,2014-10-17 00:00:00+00:00,long,1,-1.0217804820229153,16,SL,fx_cross
ES,2014-10-17 00:00:00+00:00,short,4,-1.003593403298351,3,SL,indices
GBPJPY,2014-10-17 00:00:00+00:00,short,4,-1.0187567289719628,5,SL,fx_cross
YM,2014-10-17 00:00:00+00:00,short,4,-1.0038473372781065,4,SL,indices
GBPCAD,2014-10-17 00:00:00+00:00,long,1,-1.0119662599218102,23,SL,fx_cross
USDCAD,2014-10-21 00:00:00+00:00,long,1,-1.0242432747634675,7,SL,fx_major
CADJPY,2014-10-22 00:00:00+00:00,short,4,-1.021909512494879,1,SL,fx_cross
EURGBP,2014-10-22 00:00:00+00:00,long,1,-1.0214339761962594,8,SL,fx_cross
AUDCHF,2014-10-22 00:00:00+00:00,short,3,2.488624071696742,37,TP,fx_cross
NZDJPY,2014-10-23 00:00:00+00:00,short,3,-1.008625543488181,4,SL,fx_cross
NZDUSD,2014-10-29 00:00:00+00:00,short,3,2.487309295774648,3,TP,fx_major
GBPNZD,2014-10-29 00:00:00+00:00,long,1,-1.0092874299465677,12,SL,fx_cross
CADJPY,2014-10-30 00:00:00+00:00,short,4,-1.0169780673181321,1,SL,fx_cross
NZDCHF,2014-10-30 00:00:00+00:00,short,3,-1.0126606447706978,1,SL,fx_cross
CADCHF,2014-10-30 00:00:00+00:00,short,4,-1.0181461497529456,19,SL,fx_cross
EURNZD,2014-10-30 00:00:00+00:00,long,2,-1.0123608365226902,1,SL,fx_cross
AUDJPY,2014-10-31 00:00:00+00:00,short,3,-1.0375066530473256,0,SAME_BAR_SL,fx_cross
GBPJPY,2014-10-31 00:00:00+00:00,short,4,-1.01990055354994,0,SAME_BAR_SL,fx_cross
EURUSD,2014-10-31 00:00:00+00:00,long,2,-1.1485239830508247,0,SAME_BAR_SL,fx_major
CHFJPY,2014-10-31 00:00:00+00:00,short,4,-1.0226460366713677,0,SAME_BAR_SL,fx_cross
EURJPY,2014-10-31 00:00:00+00:00,short,3,-1.0089407692307693,2,SL,fx_cross
USDCHF,2014-11-02 00:00:00+00:00,short,3,2.440612982456139,2,TP,fx_major
AUDJPY,2014-11-03 00:00:00+00:00,short,4,-1.0056729687420065,10,SL,fx_cross
EURAUD,2014-11-03 00:00:00+00:00,short,4,-1.0359426937681484,0,SAME_BAR_SL,fx_cross
NZDCAD,2014-11-04 00:00:00+00:00,short,3,-1.0087949323493235,36,SL,fx_cross
AUDNZD,2014-11-04 00:00:00+00:00,long,2,-1.0433147994467533,1,SL,fx_cross
EURCHF,2014-11-06 00:00:00+00:00,short,4,-1.0824568356750142,36,SL,fx_cross
CL,2014-11-06 00:00:00+00:00,long,2,-1.001964604541895,6,SL,commodities
EURCAD,2014-11-07 00:00:00+00:00,long,2,-1.0197388649120622,12,SL,fx_cross
EURAUD,2014-11-07 00:00:00+00:00,long,1,-1.0139308653929282,5,SL,fx_cross
USDCAD,2014-11-10 00:00:00+00:00,short,3,-1.0122611349841024,24,SL,fx_major
EURJPY,2014-11-12 00:00:00+00:00,long,1,2.488966478177326,6,TP,fx_cross
GBPJPY,2014-11-12 00:00:00+00:00,long,1,-1.0084337305104218,47,SL,fx_cross
GBPNZD,2014-11-13 00:00:00+00:00,long,2,-1.0283556698930212,1,SL,fx_cross
GBPAUD,2014-11-13 00:00:00+00:00,long,1,2.48842572541829,16,TP,fx_cross
NZDUSD,2014-11-17 00:00:00+00:00,short,3,2.487309295774648,14,TP,fx_major
USDCHF,2014-11-19 00:00:00+00:00,long,1,2.4896938731443994,29,TP,fx_major
EURAUD,2014-11-21 00:00:00+00:00,long,2,2.4831710365086024,3,TP,fx_cross
GBPCAD,2014-11-24 00:00:00+00:00,short,3,-1.034317790055249,3,SL,fx_cross
EURUSD,2014-11-26 00:00:00+00:00,short,3,2.4819008491418244,7,TP,fx_major
GBPUSD,2014-11-27 00:00:00+00:00,long,2,-1.020916073211314,2,SL,fx_major
CADCHF,2014-11-28 00:00:00+00:00,long,2,-1.0187653707731859,10,SL,fx_cross
EURCAD,2014-11-28 00:00:00+00:00,short,3,-1.020740610806578,10,SL,fx_cross
EURJPY,2014-11-28 00:00:00+00:00,short,3,-1.0109700849256902,6,SL,fx_cross
CHFJPY,2014-11-28 00:00:00+00:00,short,3,-1.0101343000294725,7,SL,fx_cross
ES,2014-12-01 00:00:00+00:00,long,1,-1.0080313149847095,8,SL,indices
EURGBP,2014-12-03 00:00:00+00:00,long,1,2.4815937366548044,11,TP,fx_cross
NQ,2014-12-04 00:00:00+00:00,short,3,2.4897960147601474,4,TP,indices
AUDCHF,2014-12-08 00:00:00+00:00,long,1,-1.008913402183535,3,SL,fx_cross
CADJPY,2014-12-08 00:00:00+00:00,long,1,-1.0197882920294705,1,SL,fx_cross
GBPCAD,2014-12-09 00:00:00+00:00,short,4,-1.0205424362375026,2,SL,fx_cross
AUDJPY,2014-12-09 00:00:00+00:00,long,1,-1.008742195332757,2,SL,fx_cross
YM,2014-12-09 00:00:00+00:00,long,1,-1.0086161339421613,1,SL,indices
USDJPY,2014-12-09 00:00:00+00:00,long,1,-1.0218673437499999,0,SAME_BAR_SL,fx_major
CHFJPY,2014-12-11 00:00:00+00:00,short,4,2.47224193081255,4,TP,fx_cross
EURAUD,2014-12-11 00:00:00+00:00,short,4,-1.0108471464338447,5,SL,fx_cross
EURJPY,2014-12-12 00:00:00+00:00,short,4,2.4731221775761503,3,TP,fx_cross
CADJPY,2014-12-12 00:00:00+00:00,long,1,-1.014920291970803,2,SL,fx_cross
EURNZD,2014-12-16 00:00:00+00:00,short,3,2.4782884694000242,2,TP,fx_cross
AUDJPY,2014-12-16 00:00:00+00:00,long,1,-1.0216867689822289,1,SL,fx_cross
EURUSD,2014-12-16 00:00:00+00:00,short,3,2.4819008491418244,2,TP,fx_major
GBPCAD,2014-12-16 00:00:00+00:00,short,4,2.4677131216598562,1,TP,fx_cross
NZDCHF,2014-12-16 00:00:00+00:00,long,2,2.473116214998391,2,TP,fx_cross
USDCAD,2014-12-17 00:00:00+00:00,long,1,2.4797150203315614,14,TP,fx_major
NQ,2014-12-17 00:00:00+00:00,short,4,-1.0037638955539874,1,SL,indices
CADJPY,2014-12-18 00:00:00+00:00,short,4,-1.010374161849711,4,SL,fx_cross
CL,2014-12-18 00:00:00+00:00,long,2,-1.0016567502321263,9,SL,commodities
AUDCHF,2014-12-18 00:00:00+00:00,short,4,-1.0136428800970139,10,SL,fx_cross
ES,2014-12-19 00:00:00+00:00,short,3,-1.010708987854251,3,SL,indices
YM,2014-12-23 00:00:00+00:00,short,3,-1.0926451612903225,0,SAME_BAR_SL,indices
EURAUD,2014-12-29 00:00:00+00:00,long,1,-1.0146831734899624,1,SL,fx_cross
AUDUSD,2014-12-30 00:00:00+00:00,short,4,-1.015082262666011,14,SL,fx_major
EURNZD,2014-12-30 00:00:00+00:00,long,2,-1.0364817714643844,0,SAME_BAR_SL,fx_cross
EURGBP,2014-12-31 00:00:00+00:00,long,2,-1.0257990197815168,1,SL,fx_cross
USDJPY,2015-01-01 00:00:00+00:00,short,3,2.4816853159041394,9,TP,fx_major
EURGBP,2015-01-02 00:00:00+00:00,short,4,-1.0204511947626838,3,SL,fx_cross
CADCHF,2015-01-02 00:00:00+00:00,long,1,-1.015898052272349,11,SL,fx_cross
EURCAD,2015-01-04 00:00:00+00:00,long,2,-1.0135980932713817,4,SL,fx_cross
NZDUSD,2015-01-04 00:00:00+00:00,long,2,2.48505139275766,5,TP,fx_major
EURJPY,2015-01-04 00:00:00+00:00,long,1,-1.0110335218226738,2,SL,fx_cross
AUDCHF,2015-01-05 00:00:00+00:00,long,1,2.4686664369400413,1,TP,fx_cross
EURAUD,2015-01-05 00:00:00+00:00,short,4,2.467862270437816,1,TP,fx_cross
GBPAUD,2015-01-06 00:00:00+00:00,long,1,-1.0281821768341837,2,SL,fx_cross
ES,2015-01-06 00:00:00+00:00,long,2,-1.002993885647608,196,SL,indices
EURCHF,2015-01-06 00:00:00+00:00,long,2,-1.1579462910797984,8,SL,fx_cross
AUDJPY,2015-01-08 00:00:00+00:00,short,4,2.4827075354468695,5,TP,fx_cross
NZDJPY,2015-01-08 00:00:00+00:00,short,3,2.4848845337574095,4,TP,fx_cross
YM,2015-01-13 00:00:00+00:00,long,2,-1.0038107702794818,13,SL,indices
GBPAUD,2015-01-13 00:00:00+00:00,long,2,2.488884986368739,12,TP,fx_cross
USDJPY,2015-01-13 00:00:00+00:00,long,2,2.4937660537268256,116,TP,fx_major
EURCAD,2015-01-13 00:00:00+00:00,long,1,-1.0249619645120407,2,SL,fx_cross
AUDNZD,2015-01-13 00:00:00+00:00,short,3,-1.0264235410129976,1,SL,fx_cross
EURGBP,2015-01-13 00:00:00+00:00,long,2,-1.03404107938991,1,SL,fx_cross
EURJPY,2015-01-14 00:00:00+00:00,long,1,-1.0201188321167882,1,SL,fx_cross
GBPUSD,2015-01-14 00:00:00+00:00,short,4,2.475065701779983,7,TP,fx_major
CADJPY,2015-01-14 00:00:00+00:00,long,1,-1.0289520148265816,0,SAME_BAR_SL,fx_cross
CHFJPY,2015-01-14 00:00:00+00:00,long,1,2.4805169080949487,1,TP,fx_cross
USDCAD,2015-01-15 00:00:00+00:00,long,1,-1.043027905471027,0,SAME_BAR_SL,fx_major
NZDCHF,2015-01-15 00:00:00+00:00,long,1,-1.009546901176212,0,SAME_BAR_SL,fx_cross
CL,2015-01-15 00:00:00+00:00,short,4,2.498264336569579,8,TP,commodities
USDCHF,2015-01-15 00:00:00+00:00,long,1,-1.0282348081264112,0,SAME_BAR_SL,fx_major
AUDCHF,2015-01-15 00:00:00+00:00,long,2,-1.010659930263316,0,SAME_BAR_SL,fx_cross
NZDUSD,2015-01-15 00:00:00+00:00,short,3,-1.0198448572723156,0,SAME_BAR_SL,fx_major
GBPJPY,2015-01-16 00:00:00+00:00,short,4,-1.008806859562456,18,SL,fx_cross
NZDCAD,2015-01-16 00:00:00+00:00,long,1,-1.0097045312500001,10,SL,fx_cross
CADJPY,2015-01-16 00:00:00+00:00,short,4,2.4912541202672607,7,TP,fx_cross
AUDNZD,2015-01-16 00:00:00+00:00,short,3,-1.0119096610169493,3,SL,fx_cross
NQ,2015-01-18 00:00:00+00:00,short,3,-1.0025692888243831,5,SL,indices
AUDCAD,2015-01-19 00:00:00+00:00,long,1,-1.00993382259672,13,SL,fx_cross
AUDJPY,2015-01-20 00:00:00+00:00,short,3,2.4770964478114483,1,TP,fx_cross
NZDJPY,2015-01-21 00:00:00+00:00,long,1,-1.0304044850700789,1,SL,fx_cross
EURNZD,2015-01-21 00:00:00+00:00,short,3,-1.0156542930591264,0,SAME_BAR_SL,fx_cross
EURCAD,2015-01-21 00:00:00+00:00,short,3,-1.0132181982888777,0,SAME_BAR_SL,fx_cross
EURAUD,2015-01-22 00:00:00+00:00,short,4,-1.0069034577956875,7,SL,fx_cross
EURNZD,2015-01-23 00:00:00+00:00,long,2,2.48798996695877,4,TP,fx_cross
GBPUSD,2015-01-27 00:00:00+00:00,short,3,-1.025513057602647,7,SL,fx_major
EURNZD,2015-01-29 00:00:00+00:00,short,4,-1.010121114089267,4,SL,fx_cross
CADJPY,2015-01-30 00:00:00+00:00,long,1,2.460825793681006,2,TP,fx_cross
AUDNZD,2015-02-03 00:00:00+00:00,long,1,-1.0233913393915455,5,SL,fx_cross
NZDUSD,2015-02-03 00:00:00+00:00,short,4,-1.0126848239060833,11,SL,fx_major
NZDCAD,2015-02-03 00:00:00+00:00,long,2,2.4871104856092305,6,TP,fx_cross
NQ,2015-02-03 00:00:00+00:00,short,3,-1.0043732467532467,7,SL,indices
NZDJPY,2015-02-03 00:00:00+00:00,short,4,-1.0110586880433556,6,SL,fx_cross
EURJPY,2015-02-04 00:00:00+00:00,long,2,2.4819754738878146,6,TP,fx_cross
EURUSD,2015-02-04 00:00:00+00:00,long,2,-1.019973626649906,19,SL,fx_major
GBPCAD,2015-02-04 00:00:00+00:00,short,3,2.4720105109489046,2,TP,fx_cross
GBPNZD,2015-02-04 00:00:00+00:00,long,1,-1.0088626086956523,34,SL,fx_cross
AUDCHF,2015-02-04 00:00:00+00:00,short,3,-1.0052979108432138,11,SL,fx_cross
GBPAUD,2015-02-04 00:00:00+00:00,long,1,2.4892410499207607,7,TP,fx_cross
AUDUSD,2015-02-04 00:00:00+00:00,short,4,-1.0100978128627816,2,SL,fx_major
EURAUD,2015-02-05 00:00:00+00:00,long,1,-1.0205185352963386,3,SL,fx_cross
GBPCAD,2015-02-09 00:00:00+00:00,long,2,2.48662569319114,12,TP,fx_cross
EURAUD,2015-02-16 00:00:00+00:00,long,2,-1.010226556473829,8,SL,fx_cross
CL,2015-02-19 00:00:00+00:00,short,3,2.49802779342723,18,TP,commodities
NZDCAD,2015-02-20 00:00:00+00:00,short,3,-1.0290768875446792,2,SL,fx_cross
GBPUSD,2015-02-20 00:00:00+00:00,long,2,2.4657765281368067,4,TP,fx_major
USDCHF,2015-02-20 00:00:00+00:00,long,1,2.4893842399838935,11,TP,fx_major
NZDCHF,2015-02-23 00:00:00+00:00,short,3,-1.0105157689264046,3,SL,fx_cross
CHFJPY,2015-02-23 00:00:00+00:00,long,2,-1.0085192179580014,8,SL,fx_cross
CADCHF,2015-02-23 00:00:00+00:00,short,3,-1.0076725133883997,7,SL,fx_cross
AUDJPY,2015-02-25 00:00:00+00:00,short,3,2.4868189262418463,29,TP,fx_cross
NZDCAD,2015-02-25 00:00:00+00:00,short,3,-1.0106207247400827,6,SL,fx_cross
USDCAD,2015-02-25 00:00:00+00:00,short,3,-1.006320566012064,12,SL,fx_major
YM,2015-03-03 00:00:00+00:00,long,1,-1.0146676070528968,1,SL,indices
GBPUSD,2015-03-04 00:00:00+00:00,long,1,-1.0301081598873034,2,SL,fx_major
GBPCAD,2015-03-05 00:00:00+00:00,long,2,-1.0133743068088599,11,SL,fx_cross
CADJPY,2015-03-06 00:00:00+00:00,long,1,-1.0168923047858942,4,SL,fx_cross
NZDJPY,2015-03-06 00:00:00+00:00,short,4,-1.0107164933135213,14,SL,fx_cross
YM,2015-03-06 00:00:00+00:00,long,1,-1.0071876309226933,0,SAME_BAR_SL,indices
GBPJPY,2015-03-11 00:00:00+00:00,long,2,-1.055482701525054,0,SAME_BAR_SL,fx_cross
YM,2015-03-13 00:00:00+00:00,long,2,2.4882390041493774,4,TP,indices
AUDUSD,2015-03-13 00:00:00+00:00,long,2,2.4872938132064246,4,TP,fx_major
CL,2015-03-15 00:00:00+00:00,long,2,-1.0029279671457905,1,SL,commodities
AUDNZD,2015-03-16 00:00:00+00:00,long,2,-1.0175320992135513,4,SL,fx_cross
EURCHF,2015-03-16 00:00:00+00:00,short,4,-1.027377077205883,3,SL,fx_cross
AUDCHF,2015-03-18 00:00:00+00:00,long,1,-1.0150478630668782,1,SL,fx_cross
EURNZD,2015-03-18 00:00:00+00:00,short,4,-1.0064603077894405,41,SL,fx_cross
NQ,2015-03-18 00:00:00+00:00,short,4,-1.011106587771203,0,SAME_BAR_SL,indices
NZDCHF,2015-03-18 00:00:00+00:00,long,1,-1.006701160677744,36,SL,fx_cross
CADCHF,2015-03-18 00:00:00+00:00,long,1,-1.0119382963063923,2,SL,fx_cross
GBPUSD,2015-03-18 00:00:00+00:00,short,4,-1.0168092783710947,0,SAME_BAR_SL,fx_major
EURUSD,2015-03-18 00:00:00+00:00,short,4,2.4862481612651743,1,TP,fx_major
USDCHF,2015-03-18 00:00:00+00:00,long,1,-1.024118481675393,0,SAME_BAR_SL,fx_major
GBPUSD,2015-03-19 00:00:00+00:00,long,1,-1.0088569867690995,19,SL,fx_major
CL,2015-03-19 00:00:00+00:00,long,2,2.4987096402877698,6,TP,commodities
EURJPY,2015-03-19 00:00:00+00:00,long,1,2.4766429552819185,1,TP,fx_cross
CADJPY,2015-03-19 00:00:00+00:00,long,2,-1.017437456571616,10,SL,fx_cross
EURCAD,2015-03-19 00:00:00+00:00,long,2,-1.008765759796849,19,SL,fx_cross
GBPNZD,2015-03-19 00:00:00+00:00,short,4,2.48789725722279,3,TP,fx_cross
GBPAUD,2015-03-19 00:00:00+00:00,short,3,2.471712700729926,3,TP,fx_cross
NQ,2015-03-20 00:00:00+00:00,short,3,2.49159964549483,4,TP,indices
NZDUSD,2015-03-20 00:00:00+00:00,short,3,-1.0162039816232773,2,SL,fx_major
YM,2015-03-20 00:00:00+00:00,short,4,2.488116632443532,4,TP,indices
GBPCHF,2015-03-23 00:00:00+00:00,long,2,-1.0640142812006346,0,SAME_BAR_SL,fx_cross
CHFJPY,2015-03-23 00:00:00+00:00,short,4,-1.0221689285714284,1,SL,fx_cross
GBPNZD,2015-03-24 00:00:00+00:00,long,2,2.4819707068366164,6,TP,fx_cross
GBPCHF,2015-03-24 00:00:00+00:00,long,1,-1.0166729382511397,0,SAME_BAR_SL,fx_cross
AUDUSD,2015-03-24 00:00:00+00:00,short,3,2.490981633482324,6,TP,fx_major
EURAUD,2015-03-30 00:00:00+00:00,short,4,-1.015746173722918,3,SL,fx_cross
YM,2015-03-31 00:00:00+00:00,long,2,2.4941860082304528,40,TP,indices
USDCAD,2015-03-31 00:00:00+00:00,short,3,2.4737554675467543,1,TP,fx_major
EURGBP,2015-04-02 00:00:00+00:00,short,4,-1.025250092535472,0,SAME_BAR_SL,fx_cross
CL,2015-04-02 00:00:00+00:00,long,2,2.497985492227979,3,TP,commodities
GBPAUD,2015-04-02 00:00:00+00:00,short,3,-1.0095706187138067,42,SL,fx_cross
CADJPY,2015-04-03 00:00:00+00:00,short,4,-1.0299189249720035,3,SL,fx_cross
AUDNZD,2015-04-07 00:00:00+00:00,short,4,-1.0185730299089721,15,SL,fx_cross
EURGBP,2015-04-08 00:00:00+00:00,long,2,-1.028660867113147,2,SL,fx_cross
AUDCAD,2015-04-09 00:00:00+00:00,short,4,2.490680900962861,124,TP,fx_cross
AUDCHF,2015-04-09 00:00:00+00:00,short,4,-1.015767824620573,16,SL,fx_cross
EURAUD,2015-04-09 00:00:00+00:00,long,1,-1.0118847556262787,0,SAME_BAR_SL,fx_cross
EURUSD,2015-04-10 00:00:00+00:00,long,1,-1.0212382552735075,2,SL,fx_major
GBPNZD,2015-04-13 00:00:00+00:00,short,3,2.4795465085248334,6,TP,fx_cross
AUDJPY,2015-04-13 00:00:00+00:00,long,2,2.485888341416101,5,TP,fx_cross
EURCHF,2015-04-14 00:00:00+00:00,short,4,2.446967846715332,1,TP,fx_cross
NZDCAD,2015-04-15 00:00:00+00:00,short,4,2.458717288663811,1,TP,fx_cross
NZDJPY,2015-04-15 00:00:00+00:00,short,4,-1.0728016091953996,0,SAME_BAR_SL,fx_cross
AUDUSD,2015-04-16 00:00:00+00:00,long,1,-1.0053393425605537,67,SL,fx_major
GBPCHF,2015-04-16 00:00:00+00:00,short,4,-1.0177238267786128,5,SL,fx_cross
GBPJPY,2015-04-16 00:00:00+00:00,short,3,-1.0150182278481013,5,SL,fx_cross
NQ,2015-04-20 00:00:00+00:00,short,3,-1.0175433540372671,1,SL,indices
EURCHF,2015-04-22 00:00:00+00:00,short,4,-1.0530321532846678,0,SAME_BAR_SL,fx_cross
GBPCAD,2015-04-22 00:00:00+00:00,short,4,-1.010855652540586,7,SL,fx_cross
EURGBP,2015-04-22 00:00:00+00:00,long,1,2.47630196915777,7,TP,fx_cross
GBPNZD,2015-04-22 00:00:00+00:00,short,3,-1.0204534914751668,1,SL,fx_cross
USDCHF,2015-04-23 00:00:00+00:00,long,2,-1.008897818902842,5,SL,fx_major
NZDCAD,2015-04-23 00:00:00+00:00,long,2,-1.0087265102246061,5,SL,fx_cross
CHFJPY,2015-04-23 00:00:00+00:00,short,3,-1.0070079870523974,5,SL,fx_cross
GBPUSD,2015-04-27 00:00:00+00:00,short,4,-1.061316982758618,1,SL,fx_major
CADCHF,2015-04-29 00:00:00+00:00,long,2,-1.0149511004784693,1,SL,fx_cross
GBPNZD,2015-04-29 00:00:00+00:00,short,4,-1.01210274277721,0,SAME_BAR_SL,fx_cross
USDCAD,2015-04-29 00:00:00+00:00,long,1,2.4926854614797866,28,TP,fx_major
EURJPY,2015-04-29 00:00:00+00:00,short,4,-1.0115111497824738,1,SL,fx_cross
EURCAD,2015-04-29 00:00:00+00:00,short,4,-1.0154598877572232,1,SL,fx_cross
GBPJPY,2015-04-29 00:00:00+00:00,short,3,-1.0173866394835203,2,SL,fx_cross
AUDNZD,2015-04-29 00:00:00+00:00,short,3,-1.0163547053895556,5,SL,fx_cross
NZDUSD,2015-04-29 00:00:00+00:00,long,2,-1.0063912645046118,5,SL,fx_major
AUDCHF,2015-04-30 00:00:00+00:00,long,2,-1.0312817865253596,1,SL,fx_cross
GBPCHF,2015-04-30 00:00:00+00:00,long,2,-1.0156995412664185,1,SL,fx_cross
NQ,2015-04-30 00:00:00+00:00,long,1,-1.0065956380510441,0,SAME_BAR_SL,indices
CHFJPY,2015-04-30 00:00:00+00:00,short,4,-1.0178573406924236,0,SAME_BAR_SL,fx_cross
EURAUD,2015-05-01 00:00:00+00:00,short,3,2.4851554700933716,10,TP,fx_cross
EURCHF,2015-05-05 00:00:00+00:00,long,1,-1.0261465408805028,2,SL,fx_cross
AUDJPY,2015-05-05 00:00:00+00:00,short,3,-1.0133004892661008,7,SL,fx_cross
NQ,2015-05-06 00:00:00+00:00,long,2,-1.0546823529411764,0,SAME_BAR_SL,indices
EURUSD,2015-05-06 00:00:00+00:00,short,4,-1.0138802142310634,8,SL,fx_major
EURNZD,2015-05-06 00:00:00+00:00,short,4,-1.0091889826627414,5,SL,fx_cross
AUDNZD,2015-05-06 00:00:00+00:00,short,4,-1.0202355886332877,4,SL,fx_cross
GBPUSD,2015-05-07 00:00:00+00:00,short,3,-1.0119590037567832,3,SL,fx_major
GBPJPY,2015-05-07 00:00:00+00:00,short,3,-1.0248650290135406,0,SAME_BAR_SL,fx_cross
CL,2015-05-07 00:00:00+00:00,long,1,-1.0027418077474892,10,SL,commodities
AUDCHF,2015-05-07 00:00:00+00:00,long,2,-1.02729301640442,0,SAME_BAR_SL,fx_cross
USDCHF,2015-05-08 00:00:00+00:00,short,4,-1.005960381083563,15,SL,fx_major
NQ,2015-05-08 00:00:00+00:00,short,3,-1.00682284348865,8,SL,indices
EURCAD,2015-05-10 00:00:00+00:00,long,2,2.4863967358677095,20,TP,fx_cross
GBPJPY,2015-05-11 00:00:00+00:00,short,3,-1.0350170663094456,1,SL,fx_cross
EURGBP,2015-05-11 00:00:00+00:00,long,2,-1.011440533182076,9,SL,fx_cross
AUDCHF,2015-05-15 00:00:00+00:00,short,3,2.4922800897028594,43,TP,fx_cross
EURAUD,2015-05-15 00:00:00+00:00,long,2,2.492512057556681,42,TP,fx_cross
NZDJPY,2015-05-18 00:00:00+00:00,long,2,-1.0116054630495792,20,SL,fx_cross
GBPNZD,2015-05-18 00:00:00+00:00,short,3,-1.0107680718628074,3,SL,fx_cross
EURJPY,2015-05-18 00:00:00+00:00,short,3,2.4810152229930615,1,TP,fx_cross
CADJPY,2015-05-20 00:00:00+00:00,short,3,-1.0140649449854557,14,SL,fx_cross
GBPJPY,2015-05-21 00:00:00+00:00,short,3,-1.0249654768649676,0,SAME_BAR_SL,fx_cross
EURNZD,2015-05-21 00:00:00+00:00,short,3,-1.0137667117117117,7,SL,fx_cross
GBPCAD,2015-05-22 00:00:00+00:00,long,1,2.489422549350263,35,TP,fx_cross
EURGBP,2015-05-22 00:00:00+00:00,long,2,2.4908952729769944,11,TP,fx_cross
NQ,2015-05-27 00:00:00+00:00,short,3,-1.0127978761061946,0,SAME_BAR_SL,indices
USDCHF,2015-05-27 00:00:00+00:00,short,4,2.4825151481420855,5,TP,fx_major
CL,2015-05-28 00:00:00+00:00,long,2,2.4951079569892474,1,TP,commodities
GBPUSD,2015-05-29 00:00:00+00:00,long,2,2.4885484057971015,16,TP,fx_major
CADCHF,2015-06-01 00:00:00+00:00,short,4,2.4770768599946047,3,TP,fx_cross
AUDNZD,2015-06-01 00:00:00+00:00,long,2,2.4917356069364165,14,TP,fx_cross
EURJPY,2015-06-02 00:00:00+00:00,short,3,-1.0189847770069385,0,SAME_BAR_SL,fx_cross
GBPAUD,2015-06-02 00:00:00+00:00,long,1,-1.0259499312113793,0,SAME_BAR_SL,fx_cross
EURUSD,2015-06-02 00:00:00+00:00,short,4,-1.0134167043862488,1,SL,fx_major
YM,2015-06-03 00:00:00+00:00,short,3,-1.0630504347826086,0,SAME_BAR_SL,indices
EURCAD,2015-06-03 00:00:00+00:00,short,4,-1.0123302002838668,1,SL,fx_cross
USDCHF,2015-06-03 00:00:00+00:00,short,4,-1.012423157894737,29,SL,fx_major
GBPAUD,2015-06-04 00:00:00+00:00,short,3,-1.0234880151467336,1,SL,fx_cross
CADCHF,2015-06-05 00:00:00+00:00,short,4,2.4770768599946047,2,TP,fx_cross
EURCAD,2015-06-08 00:00:00+00:00,short,3,-1.009973925096967,28,SL,fx_cross
NQ,2015-06-08 00:00:00+00:00,long,2,-1.0048214783347493,23,SL,indices
USDJPY,2015-06-08 00:00:00+00:00,long,2,-1.019518163493841,2,SL,fx_major
EURUSD,2015-06-09 00:00:00+00:00,long,1,-1.005925204565738,16,SL,fx_major
USDCAD,2015-06-09 00:00:00+00:00,long,1,-1.0286436688109566,1,SL,fx_major
NZDUSD,2015-06-10 00:00:00+00:00,long,2,-1.0994289168765792,0,SAME_BAR_SL,fx_major
YM,2015-06-10 00:00:00+00:00,short,4,2.4926790343074967,16,TP,indices
AUDJPY,2015-06-10 00:00:00+00:00,long,2,-1.0185199791558102,0,SAME_BAR_SL,fx_cross
CADJPY,2015-06-11 00:00:00+00:00,short,3,2.483407395156527,16,TP,fx_cross
EURGBP,2015-06-16 00:00:00+00:00,long,1,-1.0174108320726174,3,SL,fx_cross
CHFJPY,2015-06-17 00:00:00+00:00,short,3,2.483118449053201,9,TP,fx_cross
NZDJPY,2015-06-17 00:00:00+00:00,long,2,-1.0060118080441047,9,SL,fx_cross
USDJPY,2015-06-17 00:00:00+00:00,short,4,2.440563549488056,1,TP,fx_major
NZDUSD,2015-06-18 00:00:00+00:00,short,4,2.490013476482617,11,TP,fx_major
EURGBP,2015-06-25 00:00:00+00:00,short,4,-1.011720380840779,49,SL,fx_cross
NZDCAD,2015-06-25 00:00:00+00:00,long,2,-1.0129564539007092,2,SL,fx_cross
NZDCHF,2015-06-25 00:00:00+00:00,short,4,2.4916737078651683,18,TP,fx_cross
EURNZD,2015-06-28 00:00:00+00:00,long,1,2.48510765578635,2,TP,fx_cross
EURCHF,2015-06-28 00:00:00+00:00,long,2,2.46927299177064,3,TP,fx_cross
EURJPY,2015-06-28 00:00:00+00:00,long,1,-1.0113466508313542,0,SAME_BAR_SL,fx_cross
EURUSD,2015-06-29 00:00:00+00:00,short,3,-1.0221098568651705,0,SAME_BAR_SL,fx_major
CADCHF,2015-06-29 00:00:00+00:00,long,2,-1.0313805389221546,6,SL,fx_cross
GBPCHF,2015-06-29 00:00:00+00:00,long,1,-1.0127097464526635,8,SL,fx_cross
GBPUSD,2015-07-01 00:00:00+00:00,long,1,-1.0080068302938892,6,SL,fx_major
USDJPY,2015-07-02 00:00:00+00:00,short,4,2.4702100258397928,2,TP,fx_major
EURUSD,2015-07-07 00:00:00+00:00,long,2,2.478453731763051,2,TP,fx_major
YM,2015-07-07 00:00:00+00:00,long,1,-1.0037369312169313,27,SL,indices
NZDCAD,2015-07-08 00:00:00+00:00,short,4,-1.013671183162685,13,SL,fx_cross
AUDNZD,2015-07-08 00:00:00+00:00,long,1,-1.0451526453488416,0,SAME_BAR_SL,fx_cross
USDJPY,2015-07-08 00:00:00+00:00,long,1,-1.0479418284106903,0,SAME_BAR_SL,fx_major
GBPJPY,2015-07-08 00:00:00+00:00,long,1,2.477152592592592,2,TP,fx_cross
USDCAD,2015-07-13 00:00:00+00:00,short,3,-1.0262445324532457,2,SL,fx_major
NQ,2015-07-13 00:00:00+00:00,short,3,-1.003857000672495,3,SL,indices
GBPUSD,2015-07-13 00:00:00+00:00,short,4,-1.022360313262293,2,SL,fx_major
AUDNZD,2015-07-15 00:00:00+00:00,short,4,-1.0140678654214021,1,SL,fx_cross
EURNZD,2015-07-20 00:00:00+00:00,long,2,2.477320137897069,4,TP,fx_cross
NZDCHF,2015-07-20 00:00:00+00:00,short,3,-1.0229810430839001,1,SL,fx_cross
USDJPY,2015-07-21 00:00:00+00:00,short,4,2.440563549488056,1,TP,fx_major
NZDJPY,2015-07-21 00:00:00+00:00,short,3,-1.0124928507523383,6,SL,fx_cross
AUDNZD,2015-07-22 00:00:00+00:00,long,2,-1.0128011267605634,4,SL,fx_cross
GBPCHF,2015-07-22 00:00:00+00:00,short,3,-1.011008856358646,11,SL,fx_cross
NZDUSD,2015-07-23 00:00:00+00:00,short,3,2.4915790724898694,27,TP,fx_major
GBPUSD,2015-07-23 00:00:00+00:00,long,1,-1.0254903064965533,13,SL,fx_major
EURCHF,2015-07-24 00:00:00+00:00,short,3,-1.0460480248833597,2,SL,fx_cross
USDJPY,2015-07-28 00:00:00+00:00,short,4,-1.0249761616161621,2,SL,fx_major
EURAUD,2015-07-28 00:00:00+00:00,long,1,-1.0472806262230927,0,SAME_BAR_SL,fx_cross
EURCAD,2015-07-28 00:00:00+00:00,long,1,-1.0174998778892284,1,SL,fx_cross
EURJPY,2015-07-29 00:00:00+00:00,long,1,-1.0209882948294824,5,SL,fx_cross
AUDCHF,2015-07-29 00:00:00+00:00,long,2,-1.0063310849924043,21,SL,fx_cross
EURUSD,2015-07-29 00:00:00+00:00,long,1,-1.0188544769489964,1,SL,fx_major
USDCAD,2015-07-30 00:00:00+00:00,short,3,-1.0174027736006683,2,SL,fx_major
GBPJPY,2015-07-30 00:00:00+00:00,short,4,2.485651863959926,21,TP,fx_cross
NZDCHF,2015-07-31 00:00:00+00:00,long,1,2.486417567309528,6,TP,fx_cross
EURCHF,2015-07-31 00:00:00+00:00,long,1,2.483152218430034,8,TP,fx_cross
EURUSD,2015-07-31 00:00:00+00:00,short,3,-1.0453577468910011,0,SAME_BAR_SL,fx_major
CADCHF,2015-07-31 00:00:00+00:00,long,2,2.4855689602233078,8,TP,fx_cross
AUDJPY,2015-07-31 00:00:00+00:00,long,2,-1.0119039754919288,19,SL,fx_cross
EURUSD,2015-08-02 00:00:00+00:00,long,2,-1.0162316395825073,2,SL,fx_major
CHFJPY,2015-08-02 00:00:00+00:00,long,2,-1.0391005664488016,2,SL,fx_cross
USDCHF,2015-08-03 00:00:00+00:00,short,3,-1.025446799718244,1,SL,fx_major
NQ,2015-08-05 00:00:00+00:00,short,4,2.4894992170818506,1,TP,indices
CL,2015-08-06 00:00:00+00:00,long,2,-1.0012903597122302,6,SL,commodities
USDJPY,2015-08-07 00:00:00+00:00,long,1,-1.01709952848723,12,SL,fx_major
EURJPY,2015-08-07 00:00:00+00:00,long,2,2.475779642857143,3,TP,fx_cross
USDCAD,2015-08-10 00:00:00+00:00,long,2,2.4895199712105947,43,TP,fx_major
GBPUSD,2015-08-10 00:00:00+00:00,short,4,-1.0204782147051912,6,SL,fx_major
GBPAUD,2015-08-11 00:00:00+00:00,short,3,-1.014289599808864,10,SL,fx_cross
EURCAD,2015-08-11 00:00:00+00:00,short,3,-1.0107988877062268,8,SL,fx_cross
CADCHF,2015-08-11 00:00:00+00:00,long,1,-1.0206600295420971,3,SL,fx_cross
GBPCAD,2015-08-11 00:00:00+00:00,short,3,-1.0120222077512866,9,SL,fx_cross
EURUSD,2015-08-12 00:00:00+00:00,short,3,-1.0194701436602123,0,SAME_BAR_SL,fx_major
AUDUSD,2015-08-13 00:00:00+00:00,short,3,2.4833608845999198,9,TP,fx_major
GBPUSD,2015-08-18 00:00:00+00:00,short,4,-1.0191010256410256,6,SL,fx_major
EURUSD,2015-08-18 00:00:00+00:00,long,1,2.484869449473942,3,TP,fx_major
CADJPY,2015-08-19 00:00:00+00:00,long,2,-1.1084714841351102,0,SAME_BAR_SL,fx_cross
NZDCAD,2015-08-20 00:00:00+00:00,short,3,-1.03950092607636,1,SL,fx_cross
YM,2015-08-20 00:00:00+00:00,long,1,-1.010375478927203,1,SL,indices
AUDNZD,2015-08-20 00:00:00+00:00,long,1,-1.0147911449654845,1,SL,fx_cross
GBPCHF,2015-08-20 00:00:00+00:00,long,1,-1.009568365362876,1,SL,fx_cross
NQ,2015-08-20 00:00:00+00:00,long,1,-1.012585234899329,0,SAME_BAR_SL,indices
EURCAD,2015-08-21 00:00:00+00:00,short,3,-1.019763075827697,0,SAME_BAR_SL,fx_cross
NQ,2015-08-21 00:00:00+00:00,long,2,-1.0162620771513353,0,SAME_BAR_SL,indices
EURUSD,2015-08-24 00:00:00+00:00,short,4,-1.0107360344970562,0,SAME_BAR_SL,fx_major
CHFJPY,2015-08-24 00:00:00+00:00,long,1,-1.0112461577934573,9,SL,fx_cross
USDJPY,2015-08-24 00:00:00+00:00,long,2,-1.0259137169517885,0,SAME_BAR_SL,fx_major
NZDCAD,2015-08-24 00:00:00+00:00,long,2,-1.0124430430797433,0,SAME_BAR_SL,fx_cross
USDCHF,2015-08-24 00:00:00+00:00,long,2,-1.0386311600587372,0,SAME_BAR_SL,fx_major
GBPCHF,2015-08-25 00:00:00+00:00,short,4,-1.0379987923147298,0,SAME_BAR_SL,fx_cross
EURCHF,2015-08-25 00:00:00+00:00,long,2,2.483925087135826,15,TP,fx_cross
GBPUSD,2015-08-26 00:00:00+00:00,long,2,-1.0185224296675188,1,SL,fx_major
ES,2015-08-26 00:00:00+00:00,short,4,-1.0021094554883319,1,SL,indices
EURUSD,2015-08-26 00:00:00+00:00,long,1,-1.0671702159031051,0,SAME_BAR_SL,fx_major
YM,2015-08-26 00:00:00+00:00,short,4,-1.00309165962583,1,SL,indices
AUDNZD,2015-08-26 00:00:00+00:00,long,2,2.468247551073183,1,TP,fx_cross
EURJPY,2015-08-26 00:00:00+00:00,long,2,-1.0242203571428574,5,SL,fx_cross
GBPCAD,2015-08-26 00:00:00+00:00,long,1,-1.0380137023088276,0,SAME_BAR_SL,fx_cross
GBPAUD,2015-08-27 00:00:00+00:00,short,3,2.4970258295103744,163,TP,fx_cross
CL,2015-08-27 00:00:00+00:00,short,4,-1.001806576819407,1,SL,commodities
ES,2015-08-30 00:00:00+00:00,long,2,1.7455199403430277,399,EOS,indices
YM,2015-08-31 00:00:00+00:00,long,2,2.4989865838509315,395,TP,indices
NQ,2015-09-01 00:00:00+00:00,long,2,2.1866432162260048,399,EOS,indices
USDCHF,2015-09-03 00:00:00+00:00,short,4,-1.02266088400083,4,SL,fx_major
CHFJPY,2015-09-04 00:00:00+00:00,long,2,2.484314126766986,36,TP,fx_cross
NZDUSD,2015-09-09 00:00:00+00:00,long,2,2.483250884871551,7,TP,fx_major
NZDCHF,2015-09-09 00:00:00+00:00,long,2,2.4762825355039837,5,TP,fx_cross
EURJPY,2015-09-10 00:00:00+00:00,short,4,-1.0109179008073816,2,SL,fx_cross
AUDUSD,2015-09-13 00:00:00+00:00,short,3,-1.0094058072885954,4,SL,fx_major
EURJPY,2015-09-17 00:00:00+00:00,short,4,2.4914525528600047,43,TP,fx_cross
EURCAD,2015-09-18 00:00:00+00:00,long,1,-1.0085388364078656,3,SL,fx_cross
EURUSD,2015-09-18 00:00:00+00:00,long,1,-1.0093684132950107,3,SL,fx_major
CL,2015-09-18 00:00:00+00:00,long,2,2.4979344619799138,15,TP,commodities
EURCHF,2015-09-23 00:00:00+00:00,short,3,2.4775880153649172,26,TP,fx_cross
CADJPY,2015-09-24 00:00:00+00:00,long,2,-1.0214375447570327,0,SAME_BAR_SL,fx_cross
AUDCAD,2015-09-24 00:00:00+00:00,long,1,2.4862898407266028,15,TP,fx_cross
EURNZD,2015-09-24 00:00:00+00:00,long,2,-1.0223394100427832,0,SAME_BAR_SL,fx_cross
USDCHF,2015-09-25 00:00:00+00:00,short,3,-1.0264490953072092,0,SAME_BAR_SL,fx_major
CADCHF,2015-09-25 00:00:00+00:00,short,3,-1.013855764745648,5,SL,fx_cross
EURNZD,2015-09-29 00:00:00+00:00,long,2,-1.0208186316458379,2,SL,fx_cross
NZDCAD,2015-09-29 00:00:00+00:00,short,4,-1.003902615799363,13,SL,fx_cross
AUDJPY,2015-09-29 00:00:00+00:00,long,2,2.487411985911677,5,TP,fx_cross
NZDJPY,2015-09-30 00:00:00+00:00,short,3,-1.0369693854748603,1,SL,fx_cross
NZDCHF,2015-09-30 00:00:00+00:00,short,3,-1.019356899224806,1,SL,fx_cross
EURAUD,2015-09-30 00:00:00+00:00,long,1,-1.0132049959400604,1,SL,fx_cross
AUDCHF,2015-09-30 00:00:00+00:00,short,4,-1.0135180271270037,1,SL,fx_cross
CADCHF,2015-10-05 00:00:00+00:00,short,4,2.481259119496855,13,TP,fx_cross
EURAUD,2015-10-06 00:00:00+00:00,long,2,-1.013516631126793,1,SL,fx_cross
AUDCAD,2015-10-13 00:00:00+00:00,long,1,-1.0302911845102505,0,SAME_BAR_SL,fx_cross
GBPCHF,2015-10-13 00:00:00+00:00,long,2,2.4781867949746053,5,TP,fx_cross
EURGBP,2015-10-14 00:00:00+00:00,long,1,-1.0271124356048258,1,SL,fx_cross
GBPJPY,2015-10-14 00:00:00+00:00,short,3,-1.0123810958242818,5,SL,fx_cross
AUDUSD,2015-10-14 00:00:00+00:00,short,3,2.4863191458124794,11,TP,fx_major
NZDCHF,2015-10-14 00:00:00+00:00,short,3,-1.011552992606879,0,SAME_BAR_SL,fx_cross
NZDUSD,2015-10-14 00:00:00+00:00,short,4,-1.014671054852321,1,SL,fx_major
EURNZD,2015-10-15 00:00:00+00:00,long,2,-1.0205181732144821,0,SAME_BAR_SL,fx_cross
NZDJPY,2015-10-15 00:00:00+00:00,short,3,-1.0147268623024828,6,SL,fx_cross
EURAUD,2015-10-15 00:00:00+00:00,long,2,-1.0086534587955627,6,SL,fx_cross
GBPUSD,2015-10-15 00:00:00+00:00,short,3,2.488704893976844,38,TP,fx_major
EURCAD,2015-10-20 00:00:00+00:00,short,3,2.4851752380952385,7,TP,fx_cross
NZDCAD,2015-10-20 00:00:00+00:00,short,3,2.481338474798576,1,TP,fx_cross
AUDCHF,2015-10-22 00:00:00+00:00,short,3,-1.0124002267002516,1,SL,fx_cross
NZDCAD,2015-10-22 00:00:00+00:00,short,3,-1.018661525201424,1,SL,fx_cross
EURGBP,2015-10-22 00:00:00+00:00,long,2,-1.0187209602954757,1,SL,fx_cross
NZDCHF,2015-10-22 00:00:00+00:00,short,4,-1.0066975330556058,30,SL,fx_cross
CADCHF,2015-10-22 00:00:00+00:00,short,3,-1.0104483235817856,0,SAME_BAR_SL,fx_cross
GBPCAD,2015-10-22 00:00:00+00:00,short,3,2.471613930397904,5,TP,fx_cross
GBPJPY,2015-10-23 00:00:00+00:00,short,3,2.490333899499351,51,TP,fx_cross
AUDJPY,2015-10-23 00:00:00+00:00,short,3,2.4865210408107368,5,TP,fx_cross
GBPNZD,2015-10-23 00:00:00+00:00,short,4,-1.0065379101245262,9,SL,fx_cross
GBPCHF,2015-10-26 00:00:00+00:00,short,3,-1.0210615180692761,2,SL,fx_cross
AUDNZD,2015-10-26 00:00:00+00:00,short,3,-1.0153056199821586,7,SL,fx_cross
EURCHF,2015-10-26 00:00:00+00:00,short,4,-1.0136852808861763,28,SL,fx_cross
NZDJPY,2015-10-27 00:00:00+00:00,long,1,-1.008063366056425,7,SL,fx_cross
NZDCAD,2015-10-27 00:00:00+00:00,short,3,2.4822125145579674,1,TP,fx_cross
NZDUSD,2015-10-28 00:00:00+00:00,long,1,-1.0096359712230216,6,SL,fx_major
AUDUSD,2015-10-29 00:00:00+00:00,long,1,2.491227162296714,30,TP,fx_major
EURUSD,2015-10-30 00:00:00+00:00,short,4,2.484537430755734,6,TP,fx_major
EURGBP,2015-10-30 00:00:00+00:00,short,4,2.486070314769976,15,TP,fx_cross
CADCHF,2015-11-03 00:00:00+00:00,short,3,-1.010509145903062,14,SL,fx_cross
NZDCAD,2015-11-03 00:00:00+00:00,long,1,-1.0102235340944798,13,SL,fx_cross
EURAUD,2015-11-03 00:00:00+00:00,long,2,-1.0094908127208482,3,SL,fx_cross
CL,2015-11-04 00:00:00+00:00,long,1,-1.0022978670788254,2,SL,commodities
AUDCHF,2015-11-06 00:00:00+00:00,long,2,2.489993068081344,12,TP,fx_cross
USDCHF,2015-11-06 00:00:00+00:00,short,3,-1.0282934405629556,8,SL,fx_major
EURCAD,2015-11-06 00:00:00+00:00,long,2,-1.0351830174508487,3,SL,fx_cross
USDJPY,2015-11-08 00:00:00+00:00,short,4,2.480916090557703,27,TP,fx_major
CL,2015-11-09 00:00:00+00:00,long,2,-1.002309060955519,3,SL,commodities
GBPCHF,2015-11-11 00:00:00+00:00,short,3,-1.0204137614897932,5,SL,fx_cross
AUDCAD,2015-11-13 00:00:00+00:00,short,3,-1.0137347824964504,6,SL,fx_cross
AUDJPY,2015-11-15 00:00:00+00:00,long,2,2.48315171245896,5,TP,fx_cross
AUDNZD,2015-11-16 00:00:00+00:00,short,3,-1.038915558375634,1,SL,fx_cross
EURJPY,2015-11-16 00:00:00+00:00,short,3,2.47908773755656,8,TP,fx_cross
USDCHF,2015-11-18 00:00:00+00:00,short,3,-1.0269111404335527,6,SL,fx_major
USDCAD,2015-11-19 00:00:00+00:00,short,3,-1.0181077795352231,3,SL,fx_major
NZDCAD,2015-11-19 00:00:00+00:00,long,2,2.482552067784388,9,TP,fx_cross
NZDUSD,2015-11-19 00:00:00+00:00,short,4,-1.013503133235725,10,SL,fx_major
CHFJPY,2015-11-20 00:00:00+00:00,long,2,-1.0309239890210418,4,SL,fx_cross
EURAUD,2015-11-20 00:00:00+00:00,long,2,-1.0258105929835455,0,SAME_BAR_SL,fx_cross
NZDJPY,2015-11-23 00:00:00+00:00,long,2,2.483408781932618,7,TP,fx_cross
AUDNZD,2015-11-25 00:00:00+00:00,long,1,-1.0187969795169673,8,SL,fx_cross
CHFJPY,2015-11-30 00:00:00+00:00,short,4,-1.0565458347386183,0,SAME_BAR_SL,fx_cross
EURCHF,2015-11-30 00:00:00+00:00,long,2,-1.0232116901945822,3,SL,fx_cross
CADJPY,2015-12-01 00:00:00+00:00,long,2,2.4419319187358894,1,TP,fx_cross
GBPNZD,2015-12-01 00:00:00+00:00,long,2,-1.0097495673519485,3,SL,fx_cross
EURAUD,2015-12-01 00:00:00+00:00,long,2,-1.0134728237439894,2,SL,fx_cross
GBPCHF,2015-12-02 00:00:00+00:00,long,2,-1.0158285179407174,0,SAME_BAR_SL,fx_cross
AUDCHF,2015-12-03 00:00:00+00:00,long,1,-1.0327271445734898,0,SAME_BAR_SL,fx_cross
NZDCHF,2015-12-03 00:00:00+00:00,long,1,-1.0170033265720082,0,SAME_BAR_SL,fx_cross
USDCHF,2015-12-03 00:00:00+00:00,long,1,-1.0165659800861941,5,SL,fx_major
GBPCHF,2015-12-03 00:00:00+00:00,long,1,2.4554212052030797,1,TP,fx_cross
GBPCAD,2015-12-03 00:00:00+00:00,short,4,-1.0188164126611956,0,SAME_BAR_SL,fx_cross
CHFJPY,2015-12-03 00:00:00+00:00,short,4,2.470954165968147,13,TP,fx_cross
GBPUSD,2015-12-03 00:00:00+00:00,short,3,-1.0308634850978236,0,SAME_BAR_SL,fx_major
EURUSD,2015-12-03 00:00:00+00:00,short,4,-1.042061727712508,0,SAME_BAR_SL,fx_major
CL,2015-12-03 00:00:00+00:00,short,4,2.4972930081300815,3,TP,commodities
EURNZD,2015-12-03 00:00:00+00:00,long,1,2.4909439567280707,4,TP,fx_cross
NZDCAD,2015-12-04 00:00:00+00:00,short,3,-1.0177874854420326,4,SL,fx_cross
GBPNZD,2015-12-06 00:00:00+00:00,short,4,-1.0084901904472983,3,SL,fx_cross
AUDNZD,2015-12-07 00:00:00+00:00,short,4,2.4878920667522464,7,TP,fx_cross
NZDUSD,2015-12-07 00:00:00+00:00,long,1,-1.0104580821917808,2,SL,fx_major
NZDJPY,2015-12-07 00:00:00+00:00,long,1,-1.0141092976794217,2,SL,fx_cross
NZDCHF,2015-12-08 00:00:00+00:00,long,1,-1.0106675462962964,1,SL,fx_cross
AUDJPY,2015-12-08 00:00:00+00:00,long,2,-1.012032823984526,1,SL,fx_cross
AUDUSD,2015-12-10 00:00:00+00:00,long,2,-1.0085468206635868,6,SL,fx_major
EURCAD,2015-12-11 00:00:00+00:00,short,3,-1.018168493593195,2,SL,fx_cross
GBPCAD,2015-12-11 00:00:00+00:00,short,3,2.4563892181682814,2,TP,fx_cross
GBPUSD,2015-12-15 00:00:00+00:00,long,2,-1.017618551572787,2,SL,fx_major
GBPCHF,2015-12-16 00:00:00+00:00,long,1,-1.0167677151815515,5,SL,fx_cross
AUDJPY,2015-12-16 00:00:00+00:00,short,4,2.4832547517730497,2,TP,fx_cross
EURCHF,2015-12-17 00:00:00+00:00,short,4,-1.027138954453667,9,SL,fx_cross
NZDCAD,2015-12-21 00:00:00+00:00,short,4,-1.0412827113361889,1,SL,fx_cross
EURJPY,2015-12-22 00:00:00+00:00,short,3,2.48670015037594,9,TP,fx_cross
EURGBP,2015-12-22 00:00:00+00:00,short,3,-1.0322443260188086,0,SAME_BAR_SL,fx_cross
GBPCHF,2015-12-23 00:00:00+00:00,short,4,2.479466689834926,11,TP,fx_cross
GBPNZD,2015-12-29 00:00:00+00:00,long,1,-1.0073565688651795,46,SL,fx_cross
GBPCAD,2015-12-30 00:00:00+00:00,short,3,2.4723448935661314,1,TP,fx_cross
EURCHF,2015-12-31 00:00:00+00:00,short,3,-1.0668033461750153,0,SAME_BAR_SL,fx_cross
AUDCAD,2015-12-31 00:00:00+00:00,short,3,2.4833241072213266,4,TP,fx_cross
EURNZD,2015-12-31 00:00:00+00:00,long,1,2.4909439567280707,5,TP,fx_cross
AUDCHF,2016-01-03 00:00:00+00:00,long,1,-1.0174260383042824,1,SL,fx_cross
GBPCAD,2016-01-03 00:00:00+00:00,long,1,2.474772037118868,4,TP,fx_cross
USDJPY,2016-01-04 00:00:00+00:00,long,1,-1.04562097826087,0,SAME_BAR_SL,fx_major
CHFJPY,2016-01-04 00:00:00+00:00,long,2,-1.054030938511325,0,SAME_BAR_SL,fx_cross
NZDUSD,2016-01-06 00:00:00+00:00,long,2,-1.0114737816162862,2,SL,fx_major
AUDJPY,2016-01-06 00:00:00+00:00,long,2,-1.0125880140883228,1,SL,fx_cross
EURCAD,2016-01-07 00:00:00+00:00,short,3,-1.0246907994832788,1,SL,fx_cross
CADCHF,2016-01-07 00:00:00+00:00,long,2,-1.0226506911385147,2,SL,fx_cross
EURAUD,2016-01-07 00:00:00+00:00,short,3,-1.008816042802342,7,SL,fx_cross
EURUSD,2016-01-08 00:00:00+00:00,long,2,2.492413184622095,29,TP,fx_major
USDCHF,2016-01-08 00:00:00+00:00,short,3,-1.0086923270440251,12,SL,fx_major
NZDUSD,2016-01-10 00:00:00+00:00,long,2,-1.0358115068493154,0,SAME_BAR_SL,fx_major
EURNZD,2016-01-10 00:00:00+00:00,short,3,2.4842821747831887,3,TP,fx_cross
EURGBP,2016-01-10 00:00:00+00:00,short,3,-1.0170755286031938,4,SL,fx_cross
CHFJPY,2016-01-10 00:00:00+00:00,long,2,-1.0157383277591971,6,SL,fx_cross
CADCHF,2016-01-11 00:00:00+00:00,short,4,2.485385207296849,4,TP,fx_cross
NZDCAD,2016-01-11 00:00:00+00:00,short,4,-1.0095605611075456,7,SL,fx_cross
EURJPY,2016-01-11 00:00:00+00:00,long,2,-1.0170747826086957,9,SL,fx_cross
EURCAD,2016-01-11 00:00:00+00:00,long,1,2.4835153262227347,2,TP,fx_cross
NZDUSD,2016-01-13 00:00:00+00:00,long,2,-1.0144314973155701,2,SL,fx_major
NZDJPY,2016-01-15 00:00:00+00:00,long,2,2.477718639021797,2,TP,fx_cross
GBPCHF,2016-01-15 00:00:00+00:00,long,2,-1.0091955038137295,21,SL,fx_cross
EURGBP,2016-01-15 00:00:00+00:00,short,4,-1.0100142991092358,4,SL,fx_cross
AUDCHF,2016-01-19 00:00:00+00:00,short,3,-1.0073414230805287,3,SL,fx_cross
AUDUSD,2016-01-19 00:00:00+00:00,short,4,-1.0132382703438885,2,SL,fx_major
AUDJPY,2016-01-19 00:00:00+00:00,short,4,-1.0074751890034364,3,SL,fx_cross
EURNZD,2016-01-20 00:00:00+00:00,short,4,2.482444736506781,1,TP,fx_cross
NZDUSD,2016-01-20 00:00:00+00:00,short,4,-1.0105089882078906,1,SL,fx_major
NZDCHF,2016-01-20 00:00:00+00:00,short,4,-1.0075876568555568,1,SL,fx_cross
EURCAD,2016-01-21 00:00:00+00:00,short,3,2.4938916412042627,30,TP,fx_cross
USDCAD,2016-01-21 00:00:00+00:00,long,1,-1.0094507510818662,6,SL,fx_major
CADCHF,2016-01-21 00:00:00+00:00,long,2,2.493712954140334,7,TP,fx_cross
CADJPY,2016-01-21 00:00:00+00:00,short,4,-1.0075130530757994,4,SL,fx_cross
EURGBP,2016-01-21 00:00:00+00:00,long,1,-1.0112046806843413,1,SL,fx_cross
EURAUD,2016-01-21 00:00:00+00:00,long,2,-1.009764610717897,7,SL,fx_cross
NZDJPY,2016-01-22 00:00:00+00:00,short,3,-1.0123575892602112,6,SL,fx_cross
EURNZD,2016-01-22 00:00:00+00:00,long,2,2.486105307040564,4,TP,fx_cross
CL,2016-01-25 00:00:00+00:00,long,2,-1.000716449704142,14,SL,commodities
NZDCHF,2016-01-26 00:00:00+00:00,short,4,-1.0083214354603567,7,SL,fx_cross
GBPUSD,2016-01-28 00:00:00+00:00,short,4,2.4660454158770264,1,TP,fx_major
AUDNZD,2016-01-28 00:00:00+00:00,short,4,2.4878920667522464,10,TP,fx_cross
CADJPY,2016-01-29 00:00:00+00:00,short,4,-1.023684057114721,0,SAME_BAR_SL,fx_cross
USDJPY,2016-01-29 00:00:00+00:00,short,4,-1.0208586964618251,0,SAME_BAR_SL,fx_major
CHFJPY,2016-01-29 00:00:00+00:00,short,4,2.4836569358786096,8,TP,fx_cross
USDCHF,2016-02-01 00:00:00+00:00,long,1,-1.0183073393316193,2,SL,fx_major
EURNZD,2016-02-03 00:00:00+00:00,long,2,2.486105307040564,4,TP,fx_cross
AUDCAD,2016-02-03 00:00:00+00:00,long,1,-1.0145177986010294,5,SL,fx_cross
CADJPY,2016-02-03 00:00:00+00:00,long,1,-1.017364108584006,4,SL,fx_cross
NZDUSD,2016-02-03 00:00:00+00:00,short,4,-1.0118958420292181,0,SAME_BAR_SL,fx_major
USDJPY,2016-02-03 00:00:00+00:00,long,1,-1.0274954913294794,0,SAME_BAR_SL,fx_major
GBPUSD,2016-02-03 00:00:00+00:00,short,4,-1.07747682119205,1,SL,fx_major
GBPJPY,2016-02-04 00:00:00+00:00,long,2,-1.0058363271302644,3,SL,fx_cross
EURJPY,2016-02-08 00:00:00+00:00,long,1,-1.0191864342313786,1,SL,fx_cross
GBPUSD,2016-02-08 00:00:00+00:00,long,1,-1.0158687745483108,7,SL,fx_major
CHFJPY,2016-02-09 00:00:00+00:00,short,4,-1.0160936270190892,0,SAME_BAR_SL,fx_cross
NZDCAD,2016-02-10 00:00:00+00:00,short,3,2.4935039021650964,24,TP,fx_cross
EURNZD,2016-02-11 00:00:00+00:00,short,3,-1.0112680749170224,0,SAME_BAR_SL,fx_cross
EURAUD,2016-02-11 00:00:00+00:00,short,3,-1.0075524414120438,0,SAME_BAR_SL,fx_cross
GBPJPY,2016-02-12 00:00:00+00:00,short,4,2.4947122420338204,47,TP,fx_cross
AUDJPY,2016-02-12 00:00:00+00:00,short,4,-1.0053252924097884,3,SL,fx_cross
EURAUD,2016-02-12 00:00:00+00:00,long,1,-1.0051447283558153,2,SL,fx_cross
EURGBP,2016-02-12 00:00:00+00:00,long,1,-1.0086643674519897,23,SL,fx_cross
NZDJPY,2016-02-12 00:00:00+00:00,short,4,-1.006016550348953,18,SL,fx_cross
AUDCHF,2016-02-15 00:00:00+00:00,short,4,-1.009922105796001,2,SL,fx_cross
AUDUSD,2016-02-15 00:00:00+00:00,short,3,-1.011403202725724,14,SL,fx_major
NZDUSD,2016-02-16 00:00:00+00:00,long,1,2.4914113221688723,15,TP,fx_major
EURCHF,2016-02-17 00:00:00+00:00,short,4,2.4774653836340437,6,TP,fx_cross
AUDNZD,2016-02-18 00:00:00+00:00,long,1,-1.027741796407186,7,SL,fx_cross
USDCAD,2016-02-18 00:00:00+00:00,short,4,2.4881765956794855,12,TP,fx_major
CADCHF,2016-02-19 00:00:00+00:00,long,1,2.48797829736211,6,TP,fx_cross
GBPCAD,2016-02-19 00:00:00+00:00,short,4,2.489651955994779,4,TP,fx_cross
CL,2016-02-24 00:00:00+00:00,long,1,2.499019241516966,10,TP,commodities
CADJPY,2016-02-26 00:00:00+00:00,short,4,-1.012127265221878,3,SL,fx_cross
AUDJPY,2016-03-02 00:00:00+00:00,short,4,-1.0099826560138199,1,SL,fx_cross
USDCHF,2016-03-03 00:00:00+00:00,long,2,-1.0147595752588268,6,SL,fx_major
EURUSD,2016-03-04 00:00:00+00:00,short,4,-1.018080176108013,5,SL,fx_major
EURCHF,2016-03-04 00:00:00+00:00,short,4,-1.0196418624134047,2,SL,fx_cross
AUDCAD,2016-03-04 00:00:00+00:00,short,3,-1.0192911821974964,3,SL,fx_cross
GBPCHF,2016-03-04 00:00:00+00:00,short,4,-1.0240523709456377,2,SL,fx_cross
NZDCHF,2016-03-04 00:00:00+00:00,short,4,-1.029288194820256,2,SL,fx_cross
AUDJPY,2016-03-10 00:00:00+00:00,long,1,-1.0072296226271251,22,SL,fx_cross
NZDCHF,2016-03-10 00:00:00+00:00,short,3,-1.0087380666125103,77,SL,fx_cross
EURNZD,2016-03-10 00:00:00+00:00,short,4,2.4901446844378885,34,TP,fx_cross
EURGBP,2016-03-11 00:00:00+00:00,long,2,2.4904393827160494,21,TP,fx_cross
AUDCHF,2016-03-11 00:00:00+00:00,short,3,-1.0042027982867632,189,SL,fx_cross
USDCAD,2016-03-16 00:00:00+00:00,long,1,-1.0664411356466872,0,SAME_BAR_SL,fx_major
GBPNZD,2016-03-16 00:00:00+00:00,long,1,-1.0150679452755405,12,SL,fx_cross
NZDUSD,2016-03-17 00:00:00+00:00,short,3,2.4843921696574225,6,TP,fx_major
USDJPY,2016-03-23 00:00:00+00:00,short,3,2.4906026301695925,13,TP,fx_major
AUDUSD,2016-03-24 00:00:00+00:00,long,2,2.489367377755257,21,TP,fx_major
GBPAUD,2016-03-29 00:00:00+00:00,short,3,2.4806809670968915,3,TP,fx_cross
USDCHF,2016-03-30 00:00:00+00:00,long,1,-1.01037738005599,29,SL,fx_major
GBPCAD,2016-03-31 00:00:00+00:00,short,3,-1.0106626320355157,41,SL,fx_cross
CL,2016-04-01 00:00:00+00:00,long,2,-1.0018995853269537,2,SL,commodities
NZDCAD,2016-04-05 00:00:00+00:00,short,3,2.4895792441860465,19,TP,fx_cross
GBPNZD,2016-04-05 00:00:00+00:00,long,2,-1.0103917221676635,7,SL,fx_cross
AUDNZD,2016-04-05 00:00:00+00:00,short,4,-1.022424635193133,15,SL,fx_cross
GBPAUD,2016-04-06 00:00:00+00:00,long,2,2.462465449296284,1,TP,fx_cross
NZDUSD,2016-04-07 00:00:00+00:00,short,3,-1.0072421001036855,10,SL,fx_major
CADJPY,2016-04-07 00:00:00+00:00,long,2,2.4936163433667784,10,TP,fx_cross
USDCAD,2016-04-08 00:00:00+00:00,long,2,-1.0116613746090304,3,SL,fx_major
EURCAD,2016-04-08 00:00:00+00:00,long,2,-1.0144145961488196,3,SL,fx_cross
EURGBP,2016-04-11 00:00:00+00:00,long,1,-1.0170403949117142,2,SL,fx_cross
CADCHF,2016-04-11 00:00:00+00:00,short,3,-1.0149575171418261,1,SL,fx_cross
NZDJPY,2016-04-12 00:00:00+00:00,short,4,-1.0094990404899624,5,SL,fx_cross
GBPCHF,2016-04-12 00:00:00+00:00,short,4,-1.0168332281901402,1,SL,fx_cross
USDCAD,2016-04-13 00:00:00+00:00,long,1,2.463026666666669,1,TP,fx_major
GBPUSD,2016-04-14 00:00:00+00:00,long,1,-1.0816005776173228,0,SAME_BAR_SL,fx_major
GBPAUD,2016-04-17 00:00:00+00:00,short,4,2.4736555195134318,4,TP,fx_cross
AUDJPY,2016-04-20 00:00:00+00:00,short,4,-1.0264537683162844,1,SL,fx_cross
CADCHF,2016-04-20 00:00:00+00:00,short,3,2.4924199787083037,167,TP,fx_cross
GBPNZD,2016-04-22 00:00:00+00:00,short,4,-1.0117079464862981,4,SL,fx_cross
GBPJPY,2016-04-22 00:00:00+00:00,short,4,-1.0146935984095429,0,SAME_BAR_SL,fx_cross
GBPAUD,2016-04-22 00:00:00+00:00,short,4,-1.026344480486568,0,SAME_BAR_SL,fx_cross
AUDCAD,2016-04-22 00:00:00+00:00,long,2,-1.0180150770239265,4,SL,fx_cross
GBPJPY,2016-04-24 00:00:00+00:00,short,3,2.4859655438160346,4,TP,fx_cross
CHFJPY,2016-04-26 00:00:00+00:00,long,1,-1.0095050912354173,2,SL,fx_cross
GBPAUD,2016-04-27 00:00:00+00:00,short,3,-1.0193190329031088,0,SAME_BAR_SL,fx_cross
NZDJPY,2016-04-27 00:00:00+00:00,short,3,2.4912436569808647,3,TP,fx_cross
AUDNZD,2016-04-28 00:00:00+00:00,long,1,-1.0222125212978073,2,SL,fx_cross
EURJPY,2016-04-28 00:00:00+00:00,long,1,-1.0174285599598596,0,SAME_BAR_SL,fx_cross
EURCAD,2016-04-28 00:00:00+00:00,long,1,2.4902155746984986,5,TP,fx_cross
EURAUD,2016-04-29 00:00:00+00:00,short,3,-1.0124072496681908,3,SL,fx_cross
GBPJPY,2016-04-29 00:00:00+00:00,long,1,-1.0166605826712072,0,SAME_BAR_SL,fx_cross
NZDCAD,2016-05-01 00:00:00+00:00,short,4,-1.0269221110199616,3,SL,fx_cross
EURUSD,2016-05-02 00:00:00+00:00,short,3,-1.022329551825575,1,SL,fx_major
AUDNZD,2016-05-03 00:00:00+00:00,long,1,-1.0239322007111813,3,SL,fx_cross
EURGBP,2016-05-03 00:00:00+00:00,short,4,-1.0195150464396283,1,SL,fx_cross
GBPCHF,2016-05-05 00:00:00+00:00,short,4,-1.023726895716664,4,SL,fx_cross
NZDCAD,2016-05-10 00:00:00+00:00,short,3,-1.0124649962034926,11,SL,fx_cross
GBPNZD,2016-05-10 00:00:00+00:00,short,3,2.4679460999732687,1,TP,fx_cross
NZDUSD,2016-05-11 00:00:00+00:00,short,4,2.4505985280826335,2,TP,fx_major
NZDJPY,2016-05-11 00:00:00+00:00,long,2,-1.0062462383935986,38,SL,fx_cross
EURCHF,2016-05-17 00:00:00+00:00,short,3,-1.0740726058437717,3,SL,fx_cross
GBPJPY,2016-05-18 00:00:00+00:00,short,3,-1.0082251792245793,11,SL,fx_cross
GBPCHF,2016-05-18 00:00:00+00:00,short,4,-1.0198373372781064,1,SL,fx_cross
CL,2016-05-18 00:00:00+00:00,short,3,-1.0021770563961485,18,SL,commodities
USDCHF,2016-05-18 00:00:00+00:00,short,3,-1.0242412809826713,2,SL,fx_major
EURCHF,2016-05-22 00:00:00+00:00,short,3,2.4858215426683374,20,TP,fx_cross
EURGBP,2016-05-25 00:00:00+00:00,long,2,2.489286901408451,9,TP,fx_cross
EURNZD,2016-05-26 00:00:00+00:00,long,2,-1.0109812742382274,4,SL,fx_cross
USDCAD,2016-05-26 00:00:00+00:00,long,2,-1.0166124122102365,9,SL,fx_major
EURUSD,2016-05-26 00:00:00+00:00,short,3,2.4609939732836303,2,TP,fx_major
GBPCAD,2016-05-26 00:00:00+00:00,long,2,-1.0469602289740203,4,SL,fx_cross
EURUSD,2016-05-30 00:00:00+00:00,long,2,2.475527096774193,4,TP,fx_major
AUDCAD,2016-05-31 00:00:00+00:00,short,3,-1.0179990207412446,1,SL,fx_cross
GBPAUD,2016-05-31 00:00:00+00:00,long,2,-1.0285007501267118,0,SAME_BAR_SL,fx_cross
NZDCAD,2016-05-31 00:00:00+00:00,short,3,-1.0117342620232173,3,SL,fx_cross
GBPUSD,2016-05-31 00:00:00+00:00,long,2,-1.0264185395999346,1,SL,fx_major
GBPJPY,2016-06-01 00:00:00+00:00,long,1,-1.0455329752066134,1,SL,fx_cross
GBPCHF,2016-06-01 00:00:00+00:00,long,2,-1.0345177177177172,0,SAME_BAR_SL,fx_cross
EURNZD,2016-06-01 00:00:00+00:00,long,2,-1.0532948518303327,0,SAME_BAR_SL,fx_cross
GBPNZD,2016-06-01 00:00:00+00:00,long,2,-1.0120122212714553,2,SL,fx_cross
USDJPY,2016-06-02 00:00:00+00:00,long,2,-1.0205285598923277,1,SL,fx_major
EURAUD,2016-06-02 00:00:00+00:00,short,3,2.4870172507869883,17,TP,fx_cross
GBPAUD,2016-06-03 00:00:00+00:00,long,1,-1.0140630496453902,1,SL,fx_cross
USDCHF,2016-06-03 00:00:00+00:00,long,1,-1.0197953793476302,2,SL,fx_major
EURCAD,2016-06-03 00:00:00+00:00,short,3,2.4765378980347483,3,TP,fx_cross
GBPUSD,2016-06-05 00:00:00+00:00,long,2,2.443442756680731,1,TP,fx_major
GBPCAD,2016-06-05 00:00:00+00:00,long,2,-1.0110082728851923,3,SL,fx_cross
CADJPY,2016-06-06 00:00:00+00:00,short,3,2.4941272440944884,16,TP,fx_cross
GBPCHF,2016-06-06 00:00:00+00:00,long,2,2.4683650171129448,1,TP,fx_cross
EURJPY,2016-06-07 00:00:00+00:00,short,3,2.4925000700525395,8,TP,fx_cross
GBPAUD,2016-06-08 00:00:00+00:00,long,1,-1.016219855515007,2,SL,fx_cross
NZDUSD,2016-06-08 00:00:00+00:00,short,3,-1.0070252885716804,13,SL,fx_major
NZDCHF,2016-06-09 00:00:00+00:00,short,3,2.4855589881956157,4,TP,fx_cross
GBPCHF,2016-06-09 00:00:00+00:00,long,2,-1.0213515465898169,1,SL,fx_cross
GBPUSD,2016-06-10 00:00:00+00:00,long,1,-1.0217817305585983,3,SL,fx_major
GBPNZD,2016-06-13 00:00:00+00:00,long,1,2.486860397133122,5,TP,fx_cross
EURGBP,2016-06-13 00:00:00+00:00,short,4,2.482836896950984,5,TP,fx_cross
EURCHF,2016-06-15 00:00:00+00:00,short,4,-1.0148386995844536,7,SL,fx_cross
USDCAD,2016-06-16 00:00:00+00:00,short,3,-1.012317257683215,31,SL,fx_major
CHFJPY,2016-06-16 00:00:00+00:00,long,2,-1.0494775404530747,0,SAME_BAR_SL,fx_cross
GBPCAD,2016-06-16 00:00:00+00:00,short,4,-1.0243886228111692,1,SL,fx_cross
GBPJPY,2016-06-17 00:00:00+00:00,short,4,-1.0115071314850397,1,SL,fx_cross
EURJPY,2016-06-19 00:00:00+00:00,short,4,-1.0199451318944843,4,SL,fx_cross
GBPCHF,2016-06-19 00:00:00+00:00,short,4,-1.0228705578391073,0,SAME_BAR_SL,fx_cross
AUDJPY,2016-06-19 00:00:00+00:00,short,4,-1.0100567527675277,3,SL,fx_cross
AUDCAD,2016-06-21 00:00:00+00:00,short,3,-1.0292578649237474,1,SL,fx_cross
GBPJPY,2016-06-22 00:00:00+00:00,short,4,-1.0425985068762291,0,SAME_BAR_SL,fx_cross
NZDCHF,2016-06-22 00:00:00+00:00,short,3,-1.0144410118043845,1,SL,fx_cross
AUDCAD,2016-06-23 00:00:00+00:00,short,4,2.4785354595443834,1,TP,fx_cross
GBPCAD,2016-06-23 00:00:00+00:00,short,4,2.484617438117919,1,TP,fx_cross
GBPNZD,2016-06-23 00:00:00+00:00,long,1,-1.0131396028668782,1,SL,fx_cross
GBPUSD,2016-06-23 00:00:00+00:00,short,3,-1.0419258306107062,0,SAME_BAR_SL,fx_major
CHFJPY,2016-06-23 00:00:00+00:00,short,4,-1.0209553678474117,0,SAME_BAR_SL,fx_cross
EURNZD,2016-06-24 00:00:00+00:00,long,1,-1.0112332252626117,11,SL,fx_cross
USDJPY,2016-06-24 00:00:00+00:00,long,1,-1.0061310990388634,0,SAME_BAR_SL,fx_major
GBPCHF,2016-06-24 00:00:00+00:00,long,2,-1.0353630747597848,0,SAME_BAR_SL,fx_cross
EURGBP,2016-06-24 00:00:00+00:00,short,3,-1.0115845496654656,0,SAME_BAR_SL,fx_cross
GBPAUD,2016-06-24 00:00:00+00:00,long,2,2.4687685656939946,1,TP,fx_cross
CHFJPY,2016-06-24 00:00:00+00:00,long,2,-1.0053729703144212,0,SAME_BAR_SL,fx_cross
EURAUD,2016-06-24 00:00:00+00:00,short,4,2.486259892525647,12,TP,fx_cross
GBPAUD,2016-06-27 00:00:00+00:00,long,1,-1.0207720594304583,0,SAME_BAR_SL,fx_cross
EURCHF,2016-06-28 00:00:00+00:00,short,3,-1.0070874387111837,322,SL,fx_cross
CL,2016-06-29 00:00:00+00:00,short,3,2.4978396698762038,10,TP,commodities
NZDUSD,2016-07-01 00:00:00+00:00,short,3,-1.0059621865715984,34,SL,fx_major
AUDNZD,2016-07-03 00:00:00+00:00,long,2,-1.0175672261563962,5,SL,fx_cross
NZDCHF,2016-07-04 00:00:00+00:00,short,4,-1.01228013767209,3,SL,fx_cross
AUDUSD,2016-07-04 00:00:00+00:00,short,3,-1.0064024153928055,31,SL,fx_major
AUDCAD,2016-07-06 00:00:00+00:00,short,4,-1.0214645404556169,2,SL,fx_cross
EURCAD,2016-07-11 00:00:00+00:00,short,3,-1.0164801137980086,15,SL,fx_cross
AUDJPY,2016-07-12 00:00:00+00:00,short,3,-1.0030867030659387,104,SL,fx_cross
USDJPY,2016-07-12 00:00:00+00:00,short,3,-1.0050805346294045,7,SL,fx_major
CL,2016-07-13 00:00:00+00:00,long,2,-1.0025493706293707,8,SL,commodities
EURNZD,2016-07-14 00:00:00+00:00,short,3,-1.022574718254999,2,SL,fx_cross
CHFJPY,2016-07-14 00:00:00+00:00,short,4,-1.0034380166041168,119,SL,fx_cross
NZDCAD,2016-07-14 00:00:00+00:00,long,1,-1.0179700726392251,1,SL,fx_cross
CADJPY,2016-07-14 00:00:00+00:00,short,3,-1.0033620301864457,119,SL,fx_cross
AUDNZD,2016-07-15 00:00:00+00:00,short,3,-1.016393390970221,2,SL,fx_cross
NZDCHF,2016-07-17 00:00:00+00:00,long,2,-1.0183101079305492,1,SL,fx_cross
EURAUD,2016-07-19 00:00:00+00:00,short,4,-1.017960818102698,12,SL,fx_cross
AUDCAD,2016-07-19 00:00:00+00:00,long,1,2.487681009918846,15,TP,fx_cross
GBPAUD,2016-07-21 00:00:00+00:00,long,1,-1.0133051410022318,4,SL,fx_cross
USDCHF,2016-07-26 00:00:00+00:00,short,4,2.4714548315762404,3,TP,fx_major
CL,2016-08-01 00:00:00+00:00,long,2,2.4972342857142857,6,TP,commodities
USDCAD,2016-08-02 00:00:00+00:00,short,4,2.487147048650537,14,TP,fx_major
AUDNZD,2016-08-02 00:00:00+00:00,long,1,2.4558309502262436,1,TP,fx_cross
USDJPY,2016-08-02 00:00:00+00:00,long,2,-1.0097310340089316,12,SL,fx_major
NZDCAD,2016-08-02 00:00:00+00:00,short,3,-1.017683499667332,7,SL,fx_cross
GBPCAD,2016-08-04 00:00:00+00:00,long,2,-1.0156818550537285,0,SAME_BAR_SL,fx_cross
GBPUSD,2016-08-04 00:00:00+00:00,long,1,-1.0125532661529342,1,SL,fx_major
EURGBP,2016-08-05 00:00:00+00:00,short,3,-1.007185355686452,8,SL,fx_cross
SI,2016-08-07 00:00:00+00:00,long,2,-1.0035947578347577,11,SL,metals
GBPUSD,2016-08-08 00:00:00+00:00,long,2,-1.006689544265455,49,SL,fx_major
NG,2016-08-09 00:00:00+00:00,long,2,-1.0060259154929578,0,SAME_BAR_SL,commodities
NZDCHF,2016-08-09 00:00:00+00:00,long,2,2.4894326107445806,25,TP,fx_cross
EURNZD,2016-08-10 00:00:00+00:00,long,2,-1.0129235489721886,24,SL,fx_cross
NZDCAD,2016-08-11 00:00:00+00:00,long,1,-1.0150358243011979,1,SL,fx_cross
NZDJPY,2016-08-11 00:00:00+00:00,long,1,-1.0191031500465981,3,SL,fx_cross
GBPJPY,2016-08-11 00:00:00+00:00,long,2,2.4937688240285083,19,TP,fx_cross
CL,2016-08-11 00:00:00+00:00,short,3,-1.002917687366167,0,SAME_BAR_SL,commodities
AUDNZD,2016-08-11 00:00:00+00:00,short,3,-1.0096295336787566,173,SL,fx_cross
AUDCAD,2016-08-12 00:00:00+00:00,long,1,-1.013233136320305,4,SL,fx_cross
PA,2016-08-12 00:00:00+00:00,short,3,-1.000903377148635,92,SL,metals
NZDUSD,2016-08-14 00:00:00+00:00,long,2,-1.0080907025831742,50,SL,fx_major
EURUSD,2016-08-16 00:00:00+00:00,short,3,2.491715791130937,76,TP,fx_major
NZDCAD,2016-08-17 00:00:00+00:00,long,2,-1.019083375250592,2,SL,fx_cross
GBPAUD,2016-08-17 00:00:00+00:00,long,2,-1.0069417781343446,41,SL,fx_cross
NG,2016-08-23 00:00:00+00:00,short,4,-1.0055622929936305,0,SAME_BAR_SL,commodities
EURCAD,2016-08-23 00:00:00+00:00,long,1,-1.1065703394255813,1,SL,fx_cross
NKD,2016-08-26 00:00:00+00:00,short,4,-1.0065165432098766,1,SL,indices
EURJPY,2016-08-31 00:00:00+00:00,short,4,-1.0068034745941388,69,SL,fx_cross
NG,2016-08-31 00:00:00+00:00,short,3,-1.0019963238512035,12,SL,commodities
GBPCAD,2016-09-01 00:00:00+00:00,short,3,2.4866267142465004,19,TP,fx_cross
GBPNZD,2016-09-01 00:00:00+00:00,short,4,2.4893090669731484,16,TP,fx_cross
AUDCAD,2016-09-05 00:00:00+00:00,short,3,-1.0149890770694576,3,SL,fx_cross
CL,2016-09-05 00:00:00+00:00,short,3,-1.0013303597122303,24,SL,commodities
USDJPY,2016-09-06 00:00:00+00:00,long,1,-1.0558673972602743,0,SAME_BAR_SL,fx_major
NKD,2016-09-06 00:00:00+00:00,long,1,-1.0092635897435898,2,SL,indices
SI,2016-09-09 00:00:00+00:00,long,1,-1.005808888888889,0,SAME_BAR_SL,metals
USDJPY,2016-09-14 00:00:00+00:00,short,3,-1.0095087483530962,24,SL,fx_major
GBPCHF,2016-09-14 00:00:00+00:00,short,4,2.474934159598408,2,TP,fx_cross
EURNZD,2016-09-15 00:00:00+00:00,long,1,-1.0193752930568079,4,SL,fx_cross
EURAUD,2016-09-16 00:00:00+00:00,long,1,-1.0244494262295083,2,SL,fx_cross
USDCHF,2016-09-16 00:00:00+00:00,short,3,-1.0125270190661035,22,SL,fx_major
EURCAD,2016-09-19 00:00:00+00:00,long,1,-1.0319180453752181,2,SL,fx_cross
AUDUSD,2016-09-19 00:00:00+00:00,short,4,-1.0286289318413029,2,SL,fx_major
NZDCHF,2016-09-19 00:00:00+00:00,short,4,-1.0380307136060893,0,SAME_BAR_SL,fx_cross
EURAUD,2016-09-21 00:00:00+00:00,long,2,-1.0111746592602626,11,SL,fx_cross
NKD,2016-09-21 00:00:00+00:00,short,4,-1.0052578217821782,1,SL,indices
PL,2016-09-21 00:00:00+00:00,short,4,-1.0086810256410257,1,SL,metals
USDCAD,2016-09-21 00:00:00+00:00,long,1,-1.043689531203346,1,SL,fx_major
GBPJPY,2016-09-22 00:00:00+00:00,short,4,2.4882212917594653,12,TP,fx_cross
AUDUSD,2016-09-22 00:00:00+00:00,short,3,-1.0104886375321336,40,SL,fx_major
GBPNZD,2016-09-22 00:00:00+00:00,short,4,-1.0275065804320902,0,SAME_BAR_SL,fx_cross
NG,2016-09-23 00:00:00+00:00,long,1,2.49847768488746,17,TP,commodities
GBPNZD,2016-09-23 00:00:00+00:00,long,2,-1.0069343209876545,9,SL,fx_cross
AUDCAD,2016-09-26 00:00:00+00:00,short,3,-1.0169739445114594,1,SL,fx_cross
NZDCAD,2016-09-26 00:00:00+00:00,short,3,-1.0099767261959842,32,SL,fx_cross
SI,2016-09-27 00:00:00+00:00,long,1,-1.004742375478927,1,SL,metals
PL,2016-09-27 00:00:00+00:00,long,2,-1.005280768,5,SL,metals
NZDJPY,2016-09-28 00:00:00+00:00,long,2,2.484960528246515,17,TP,fx_cross
EURCAD,2016-09-28 00:00:00+00:00,long,2,-1.018446689817408,12,SL,fx_cross
USDCAD,2016-09-28 00:00:00+00:00,long,2,2.4806629205175605,20,TP,fx_major
HG,2016-09-29 00:00:00+00:00,long,2,-1.0060786086956524,6,SL,metals
NZDCHF,2016-09-30 00:00:00+00:00,short,4,-1.0089613406292748,3,SL,fx_cross
DAX,2016-10-04 00:00:00+00:00,short,3,2.490194219653179,7,TP,indices
GBPNZD,2016-10-05 00:00:00+00:00,short,4,2.4574489705254168,1,TP,fx_cross
AUDCAD,2016-10-06 00:00:00+00:00,long,1,2.4763954449599326,11,TP,fx_cross
CL,2016-10-13 00:00:00+00:00,long,2,2.4928504504504505,1,TP,commodities
USDJPY,2016-10-13 00:00:00+00:00,short,4,-1.0054013971539457,26,SL,fx_major
EURCAD,2016-10-14 00:00:00+00:00,long,1,-1.0261782152654508,1,SL,fx_cross
NG,2016-10-16 00:00:00+00:00,long,1,-1.0020812749003984,4,SL,commodities
EURNZD,2016-10-18 00:00:00+00:00,long,2,-1.0235989048672574,1,SL,fx_cross
GBPJPY,2016-10-18 00:00:00+00:00,short,3,-1.0035404309152007,20,SL,fx_cross
NZDCHF,2016-10-19 00:00:00+00:00,short,3,2.4820537989702265,11,TP,fx_cross
EURCAD,2016-10-21 00:00:00+00:00,long,2,2.489188309670506,10,TP,fx_cross
EURAUD,2016-10-21 00:00:00+00:00,long,2,-1.0127845896147403,3,SL,fx_cross
EURAUD,2016-10-26 00:00:00+00:00,short,4,-1.0087966962562716,2,SL,fx_cross
NG,2016-10-26 00:00:00+00:00,long,2,2.4976406629834256,1,TP,commodities
GBPUSD,2016-10-26 00:00:00+00:00,short,4,-1.0280235294117646,1,SL,fx_major
AUDCHF,2016-10-26 00:00:00+00:00,long,1,-1.009593768686074,2,SL,fx_cross
GBPAUD,2016-10-27 00:00:00+00:00,short,3,-1.0259902546296291,6,SL,fx_cross
AUDCAD,2016-10-27 00:00:00+00:00,long,1,2.481177350752439,12,TP,fx_cross
SI,2016-10-28 00:00:00+00:00,long,2,2.493422222222222,3,TP,metals
HG,2016-10-31 00:00:00+00:00,short,3,-1.0201919999999989,1,SL,metals
EURGBP,2016-11-02 00:00:00+00:00,long,1,-1.0150999850456108,1,SL,fx_cross
NZDCHF,2016-11-02 00:00:00+00:00,short,4,-1.012374097385314,1,SL,fx_cross
GBPCHF,2016-11-03 00:00:00+00:00,short,4,-1.014813851900681,0,SAME_BAR_SL,fx_cross
GBPCAD,2016-11-04 00:00:00+00:00,short,4,2.48012074019245,3,TP,fx_cross
SI,2016-11-04 00:00:00+00:00,short,3,-1.0031259574468085,3,SL,metals
GBPNZD,2016-11-06 00:00:00+00:00,long,2,-1.0129344492073211,2,SL,fx_cross
EURNZD,2016-11-07 00:00:00+00:00,long,2,-1.0158617284880436,1,SL,fx_cross
NKD,2016-11-08 00:00:00+00:00,short,3,2.495313417721519,1,TP,indices
EURCAD,2016-11-08 00:00:00+00:00,long,1,2.447944774029279,1,TP,fx_cross
CADCHF,2016-11-08 00:00:00+00:00,short,4,-1.0269758063460916,0,SAME_BAR_SL,fx_cross
EURAUD,2016-11-09 00:00:00+00:00,short,3,-1.0261031151241533,0,SAME_BAR_SL,fx_cross
DAX,2016-11-09 00:00:00+00:00,short,4,-1.0052303533026115,19,SL,indices
NZDUSD,2016-11-09 00:00:00+00:00,long,1,-1.0164604529965926,0,SAME_BAR_SL,fx_major
EURNZD,2016-11-09 00:00:00+00:00,short,4,-1.0573316214427533,0,SAME_BAR_SL,fx_cross
GBPCHF,2016-11-09 00:00:00+00:00,long,2,2.482836719969298,1,TP,fx_cross
AUDUSD,2016-11-09 00:00:00+00:00,long,2,2.480818076143275,1,TP,fx_major
EURGBP,2016-11-09 00:00:00+00:00,short,3,2.4740397427321845,1,TP,fx_cross
SI,2016-11-09 00:00:00+00:00,long,1,-1.0018757232704403,2,SL,metals
NZDCHF,2016-11-10 00:00:00+00:00,short,3,-1.004537354606279,24,SL,fx_cross
EURNZD,2016-11-10 00:00:00+00:00,long,2,-1.0079957870787315,20,SL,fx_cross
GBPAUD,2016-11-10 00:00:00+00:00,long,2,2.490860080093273,1,TP,fx_cross
CL,2016-11-10 00:00:00+00:00,long,2,-1.0016357582668187,3,SL,commodities
AUDCHF,2016-11-10 00:00:00+00:00,short,3,-1.0061323819946013,77,SL,fx_cross
USDCHF,2016-11-10 00:00:00+00:00,short,4,-1.036101906005222,2,SL,fx_major
EURGBP,2016-11-11 00:00:00+00:00,long,1,-1.017362728256947,8,SL,fx_cross
GBPCHF,2016-11-11 00:00:00+00:00,short,4,-1.0260630316657293,0,SAME_BAR_SL,fx_cross
NZDUSD,2016-11-13 00:00:00+00:00,long,1,-1.0440537472283813,1,SL,fx_major
NG,2016-11-14 00:00:00+00:00,short,4,-1.001572669039146,5,SL,commodities
GBPUSD,2016-11-15 00:00:00+00:00,long,2,-1.0285581578947376,3,SL,fx_major
CADCHF,2016-11-15 00:00:00+00:00,short,4,-1.0457273747936147,0,SAME_BAR_SL,fx_cross
EURCAD,2016-11-16 00:00:00+00:00,long,2,-1.0108116903294937,4,SL,fx_cross
EURUSD,2016-11-17 00:00:00+00:00,long,1,-1.0120312508848217,23,SL,fx_major
USDJPY,2016-11-17 00:00:00+00:00,short,3,-1.0140015196743555,5,SL,fx_major
GBPCAD,2016-11-20 00:00:00+00:00,long,2,-1.0079995808820372,37,SL,fx_cross
USDCAD,2016-11-21 00:00:00+00:00,long,2,-1.0404130827067644,0,SAME_BAR_SL,fx_major
CL,2016-11-21 00:00:00+00:00,short,4,-1.006004046692607,1,SL,commodities
GBPUSD,2016-11-22 00:00:00+00:00,long,2,-1.005832099298435,27,SL,fx_major
EURCAD,2016-11-23 00:00:00+00:00,long,1,-1.0097844253015014,13,SL,fx_cross
USDCHF,2016-11-23 00:00:00+00:00,short,3,-1.0157347321921586,19,SL,fx_major
EURJPY,2016-11-23 00:00:00+00:00,short,3,-1.0038867002224043,10,SL,fx_cross
GBPCHF,2016-11-25 00:00:00+00:00,long,1,-1.0118526595030222,28,SL,fx_cross
HG,2016-11-30 00:00:00+00:00,long,1,2.495455111111111,4,TP,metals
NZDCAD,2016-11-30 00:00:00+00:00,long,1,-1.0146651249656689,1,SL,fx_cross
SI,2016-12-01 00:00:00+00:00,short,3,-1.0058908287292816,2,SL,metals
CL,2016-12-01 00:00:00+00:00,short,3,-1.0054281481481482,0,SAME_BAR_SL,commodities
NKD,2016-12-02 00:00:00+00:00,long,2,2.491100606060606,5,TP,indices
AUDUSD,2016-12-05 00:00:00+00:00,short,3,2.4394447398843933,1,TP,fx_major
EURNZD,2016-12-07 00:00:00+00:00,long,2,-1.0103977230922199,2,SL,fx_cross
EURGBP,2016-12-07 00:00:00+00:00,short,3,2.480848381792661,3,TP,fx_cross
CHFJPY,2016-12-07 00:00:00+00:00,long,1,-1.0073508315863033,98,SL,fx_cross
GBPNZD,2016-12-08 00:00:00+00:00,long,2,-1.0137091457707619,25,SL,fx_cross
NG,2016-12-08 00:00:00+00:00,long,1,-1.0013873194614442,9,SL,commodities
AUDJPY,2016-12-09 00:00:00+00:00,short,3,-1.0134695068146689,2,SL,fx_cross
NZDJPY,2016-12-09 00:00:00+00:00,short,4,-1.0173013353394769,2,SL,fx_cross
CL,2016-12-14 00:00:00+00:00,long,1,-1.00511900621118,0,SAME_BAR_SL,commodities
USDJPY,2016-12-14 00:00:00+00:00,short,4,-1.019406026097272,0,SAME_BAR_SL,fx_major
USDCAD,2016-12-15 00:00:00+00:00,short,4,-1.0212767474146476,6,SL,fx_major
HG,2016-12-16 00:00:00+00:00,long,1,-1.0045448888888888,2,SL,metals
AUDJPY,2016-12-16 00:00:00+00:00,long,1,-1.015672378483474,2,SL,fx_cross
PL,2016-12-16 00:00:00+00:00,short,3,-1.0034445317919076,14,SL,metals
EURAUD,2016-12-19 00:00:00+00:00,short,3,-1.0121736517533253,4,SL,fx_cross
GBPJPY,2016-12-19 00:00:00+00:00,long,1,-1.0157605553413038,0,SAME_BAR_SL,fx_cross
AUDUSD,2016-12-19 00:00:00+00:00,long,1,-1.0183242266877401,4,SL,fx_major
CADJPY,2016-12-20 00:00:00+00:00,short,3,2.48636080640707,23,TP,fx_cross
PA,2016-12-20 00:00:00+00:00,long,2,-1.0059942222222222,0,SAME_BAR_SL,metals
NQ,2016-12-28 00:00:00+00:00,long,1,-1.0076745828295042,1,SL,indices
GBPUSD,2016-12-28 00:00:00+00:00,long,1,-1.010838826784726,11,SL,fx_major
EURUSD,2016-12-29 00:00:00+00:00,short,3,2.4689426395409493,1,TP,fx_major
CADCHF,2016-12-29 00:00:00+00:00,long,2,-1.0337204494382024,0,SAME_BAR_SL,fx_cross
NG,2016-12-29 00:00:00+00:00,long,1,-1.0024513821138212,2,SL,commodities
USDCHF,2016-12-29 00:00:00+00:00,long,2,-1.0220251455180431,0,SAME_BAR_SL,fx_major
NQ,2016-12-30 00:00:00+00:00,long,2,2.4880367816091953,4,TP,indices
CADCHF,2016-12-30 00:00:00+00:00,short,4,-1.021697240849757,1,SL,fx_cross
EURGBP,2016-12-30 00:00:00+00:00,long,1,-1.025089971105858,2,SL,fx_cross
GBPJPY,2016-12-30 00:00:00+00:00,short,4,-1.0249293448702101,2,SL,fx_cross
EURAUD,2016-12-30 00:00:00+00:00,long,1,-1.0138432835820896,2,SL,fx_cross
NZDCHF,2016-12-30 00:00:00+00:00,short,4,-1.0102533298755187,9,SL,fx_cross
SI,2017-01-02 00:00:00+00:00,short,3,-1.003047619047619,1,SL,metals
EURUSD,2017-01-02 00:00:00+00:00,long,1,-1.0118716145358844,1,SL,fx_major
YM,2017-01-03 00:00:00+00:00,short,4,2.48086265060241,14,TP,indices
CL,2017-01-03 00:00:00+00:00,short,4,2.4924317241379312,1,TP,commodities
GBPAUD,2017-01-03 00:00:00+00:00,long,2,-1.0250313084603253,0,SAME_BAR_SL,fx_cross
USDCHF,2017-01-03 00:00:00+00:00,short,4,2.4840212917594657,12,TP,fx_major
NKD,2017-01-03 00:00:00+00:00,short,3,-1.0172977777777779,0,SAME_BAR_SL,indices
ES,2017-01-03 00:00:00+00:00,short,4,-1.0116961943319838,3,SL,indices
PA,2017-01-04 00:00:00+00:00,short,4,-1.0048099481865285,0,SAME_BAR_SL,metals
AUDCAD,2017-01-04 00:00:00+00:00,short,3,-1.0201012861617837,6,SL,fx_cross
USDJPY,2017-01-05 00:00:00+00:00,long,1,-1.0183562975582052,5,SL,fx_major
GBPJPY,2017-01-05 00:00:00+00:00,long,2,-1.0208691970802926,3,SL,fx_cross
NZDUSD,2017-01-09 00:00:00+00:00,short,3,-1.0113158285052144,2,SL,fx_major
NZDCAD,2017-01-09 00:00:00+00:00,short,4,-1.022609024390244,3,SL,fx_cross
SI,2017-01-10 00:00:00+00:00,short,4,-1.0022594957983193,18,SL,metals
GBPJPY,2017-01-11 00:00:00+00:00,long,2,-1.0094735022930243,3,SL,fx_cross
USDCAD,2017-01-11 00:00:00+00:00,long,2,-1.026974873487349,1,SL,fx_major
NKD,2017-01-11 00:00:00+00:00,long,2,-1.006956836158192,1,SL,indices
AUDUSD,2017-01-12 00:00:00+00:00,short,3,-1.0196520075046906,4,SL,fx_major
DAX,2017-01-13 00:00:00+00:00,short,3,-1.0062401347935972,8,SL,indices
GBPNZD,2017-01-15 00:00:00+00:00,long,2,2.490879645676873,45,TP,fx_cross
NZDJPY,2017-01-15 00:00:00+00:00,long,2,-1.0257691959229895,1,SL,fx_cross
GBPAUD,2017-01-15 00:00:00+00:00,long,2,2.4936120097261867,80,TP,fx_cross
EURGBP,2017-01-17 00:00:00+00:00,long,1,-1.0107420193151886,2,SL,fx_cross
GBPCHF,2017-01-17 00:00:00+00:00,short,4,-1.0118929830625647,0,SAME_BAR_SL,fx_cross
NZDUSD,2017-01-17 00:00:00+00:00,short,3,-1.0180499641577063,5,SL,fx_major
GBPJPY,2017-01-17 00:00:00+00:00,short,4,-1.0143694186902132,2,SL,fx_cross
GBPUSD,2017-01-17 00:00:00+00:00,short,3,-1.0130251910557597,5,SL,fx_major
AUDUSD,2017-01-18 00:00:00+00:00,long,1,2.4850919241000176,13,TP,fx_major
AUDJPY,2017-01-19 00:00:00+00:00,short,3,-1.0146251593505715,22,SL,fx_cross
GBPCAD,2017-01-19 00:00:00+00:00,short,4,-1.0116841064832505,3,SL,fx_cross
AUDCAD,2017-01-19 00:00:00+00:00,short,3,2.4782319643893933,5,TP,fx_cross
EURAUD,2017-01-20 00:00:00+00:00,short,4,-1.01447698775361,10,SL,fx_cross
EURGBP,2017-01-23 00:00:00+00:00,long,1,-1.0437217075386005,1,SL,fx_cross
PA,2017-01-24 00:00:00+00:00,short,3,2.4945165217391305,1,TP,metals
PL,2017-01-24 00:00:00+00:00,short,3,-1.0031768712871287,14,SL,metals
GBPUSD,2017-01-25 00:00:00+00:00,short,3,-1.0077123179098744,71,SL,fx_major
NZDCAD,2017-01-25 00:00:00+00:00,short,4,-1.0134141495233315,11,SL,fx_cross
GBPJPY,2017-01-25 00:00:00+00:00,short,4,-1.0316978548895905,1,SL,fx_cross
AUDCAD,2017-01-26 00:00:00+00:00,long,1,2.4829788293284043,11,TP,fx_cross
HG,2017-01-26 00:00:00+00:00,long,1,2.4955233684210527,13,TP,metals
NZDJPY,2017-01-27 00:00:00+00:00,short,4,2.4909304053400407,30,TP,fx_cross
USDJPY,2017-01-30 00:00:00+00:00,long,2,-1.0113213233724654,1,SL,fx_major
YM,2017-01-31 00:00:00+00:00,long,1,2.4846609708737866,3,TP,indices
NQ,2017-02-01 00:00:00+00:00,short,3,-1.037210395480226,0,SAME_BAR_SL,indices
EURUSD,2017-02-01 00:00:00+00:00,long,1,-1.0101891155540494,11,SL,fx_major
USDCHF,2017-02-01 00:00:00+00:00,short,3,-1.0122721620431527,10,SL,fx_major
GBPJPY,2017-02-01 00:00:00+00:00,short,3,2.478115637547476,1,TP,fx_cross
GBPCHF,2017-02-01 00:00:00+00:00,short,4,-1.0389764353137139,0,SAME_BAR_SL,fx_cross
GBPCAD,2017-02-01 00:00:00+00:00,short,3,-1.0111742091867653,41,SL,fx_cross
GBPCHF,2017-02-02 00:00:00+00:00,long,2,-1.013012035068084,29,SL,fx_cross
USDJPY,2017-02-02 00:00:00+00:00,long,2,2.486247664041995,30,TP,fx_major
EURGBP,2017-02-02 00:00:00+00:00,short,3,-1.0085277912794852,27,SL,fx_cross
NG,2017-02-03 00:00:00+00:00,long,1,-1.0012265336658355,11,SL,commodities
CADJPY,2017-02-06 00:00:00+00:00,long,2,-1.013085430210325,19,SL,fx_cross
DAX,2017-02-07 00:00:00+00:00,short,4,-1.0051623103688239,4,SL,indices
NZDCHF,2017-02-08 00:00:00+00:00,long,1,-1.027386487213997,0,SAME_BAR_SL,fx_cross
NZDCAD,2017-02-09 00:00:00+00:00,long,1,-1.0198756373193165,3,SL,fx_cross
EURJPY,2017-02-09 00:00:00+00:00,short,4,2.4764850450450453,11,TP,fx_cross
CADCHF,2017-02-10 00:00:00+00:00,long,1,-1.0104130504754938,20,SL,fx_cross
USDCAD,2017-02-14 00:00:00+00:00,long,2,2.469177524292352,7,TP,fx_major
AUDJPY,2017-02-15 00:00:00+00:00,short,3,2.4828312051775407,29,TP,fx_cross
EURNZD,2017-02-15 00:00:00+00:00,long,2,2.487657704326923,14,TP,fx_cross
AUDCAD,2017-02-16 00:00:00+00:00,long,1,2.485575483870968,27,TP,fx_cross
NZDUSD,2017-02-16 00:00:00+00:00,long,2,-1.0117368635437882,11,SL,fx_major
EURAUD,2017-02-17 00:00:00+00:00,long,2,-1.0112869898960528,4,SL,fx_cross
AUDUSD,2017-02-17 00:00:00+00:00,long,1,-1.0141600526835695,11,SL,fx_major
NKD,2017-02-17 00:00:00+00:00,long,1,-1.0048457142857143,39,SL,indices
GBPJPY,2017-02-21 00:00:00+00:00,short,4,2.470433000744602,3,TP,fx_cross
PA,2017-02-22 00:00:00+00:00,long,2,-1.0034557777777777,8,SL,metals
NG,2017-02-23 00:00:00+00:00,short,4,-1.0012206094182825,9,SL,commodities
DAX,2017-02-24 00:00:00+00:00,long,1,2.49432,23,TP,indices
NQ,2017-02-24 00:00:00+00:00,short,3,-1.0140267761806983,4,SL,indices
SI,2017-02-27 00:00:00+00:00,short,3,2.497707906976744,10,TP,metals
EURJPY,2017-02-27 00:00:00+00:00,short,4,-1.0248760089352194,2,SL,fx_cross
USDCHF,2017-03-01 00:00:00+00:00,short,4,-1.035420703517585,0,SAME_BAR_SL,fx_major
CADJPY,2017-03-01 00:00:00+00:00,short,4,2.480308359439407,17,TP,fx_cross
NZDUSD,2017-03-02 00:00:00+00:00,long,2,-1.0264974700399463,0,SAME_BAR_SL,fx_major
NZDUSD,2017-03-03 00:00:00+00:00,long,2,-1.0123810844892813,4,SL,fx_major
NQ,2017-03-03 00:00:00+00:00,long,2,2.493063748733536,43,TP,indices
USDCAD,2017-03-03 00:00:00+00:00,short,4,-1.0212413165701373,5,SL,fx_major
AUDUSD,2017-03-03 00:00:00+00:00,long,2,-1.016125314046441,5,SL,fx_major
ES,2017-03-06 00:00:00+00:00,long,1,-1.0080415915119363,13,SL,indices
PL,2017-03-07 00:00:00+00:00,long,2,-1.004540705882353,1,SL,metals
NZDJPY,2017-03-07 00:00:00+00:00,long,2,-1.0192383105912928,12,SL,fx_cross
AUDCHF,2017-03-07 00:00:00+00:00,short,4,2.4764659694989106,2,TP,fx_cross
YM,2017-03-08 00:00:00+00:00,long,1,-1.0090498778833108,11,SL,indices
NG,2017-03-09 00:00:00+00:00,long,1,-1.0010168811341331,237,SL,commodities
AUDUSD,2017-03-13 00:00:00+00:00,short,3,-1.0143668834688349,2,SL,fx_major
NZDCAD,2017-03-14 00:00:00+00:00,long,1,-1.0140244462409054,25,SL,fx_cross
EURGBP,2017-03-14 00:00:00+00:00,short,3,2.440178221680877,1,TP,fx_cross
EURAUD,2017-03-15 00:00:00+00:00,long,2,2.475068284893005,7,TP,fx_cross
GBPJPY,2017-03-17 00:00:00+00:00,long,2,-1.0147928566023459,4,SL,fx_cross
NZDCHF,2017-03-17 00:00:00+00:00,short,3,2.487346642961047,36,TP,fx_cross
EURCAD,2017-03-17 00:00:00+00:00,long,2,-1.017802559609626,11,SL,fx_cross
EURNZD,2017-03-17 00:00:00+00:00,long,2,-1.0147871939346946,23,SL,fx_cross
EURJPY,2017-03-20 00:00:00+00:00,long,2,-1.0202603836930455,2,SL,fx_cross
GBPNZD,2017-03-20 00:00:00+00:00,long,2,2.4834024546298643,7,TP,fx_cross
AUDNZD,2017-03-21 00:00:00+00:00,long,1,-1.0199659605026934,2,SL,fx_cross
CADJPY,2017-03-22 00:00:00+00:00,long,1,-1.0138446861924686,19,SL,fx_cross
AUDCAD,2017-03-23 00:00:00+00:00,long,2,-1.0194138097668881,12,SL,fx_cross
PA,2017-03-27 00:00:00+00:00,long,1,-1.003193924050633,18,SL,metals
GBPCAD,2017-03-28 00:00:00+00:00,long,1,-1.0465070114370962,0,SAME_BAR_SL,fx_cross
CADCHF,2017-03-28 00:00:00+00:00,short,4,-1.0610936477523927,0,SAME_BAR_SL,fx_cross
HG,2017-03-28 00:00:00+00:00,short,3,-1.006580923076923,2,SL,metals
GBPCHF,2017-03-29 00:00:00+00:00,short,4,-1.0255601698357029,1,SL,fx_cross
GBPJPY,2017-03-29 00:00:00+00:00,long,2,-1.0135532606401687,14,SL,fx_cross
CADCHF,2017-03-29 00:00:00+00:00,short,4,-1.0329746629877812,1,SL,fx_cross
GBPCAD,2017-03-30 00:00:00+00:00,long,1,2.4741550474065814,5,TP,fx_cross
EURAUD,2017-03-30 00:00:00+00:00,long,2,2.4813482987353854,17,TP,fx_cross
PL,2017-03-31 00:00:00+00:00,long,2,2.4953427692307693,13,TP,metals
YM,2017-04-03 00:00:00+00:00,long,2,-1.0080863054187192,13,SL,indices
AUDNZD,2017-04-03 00:00:00+00:00,long,2,-1.0285781963739122,4,SL,fx_cross
USDCAD,2017-04-04 00:00:00+00:00,short,4,2.4699068265387694,7,TP,fx_major
ES,2017-04-05 00:00:00+00:00,short,3,-1.0075414925373134,17,SL,indices
CHFJPY,2017-04-06 00:00:00+00:00,long,1,-1.0150627116984823,4,SL,fx_cross
EURUSD,2017-04-07 00:00:00+00:00,long,2,2.481407982442389,13,TP,fx_major
NZDUSD,2017-04-10 00:00:00+00:00,long,2,2.479653235448348,7,TP,fx_major
GBPCAD,2017-04-10 00:00:00+00:00,long,1,2.4741550474065814,7,TP,fx_cross
AUDCHF,2017-04-11 00:00:00+00:00,long,2,-1.0147455574973785,13,SL,fx_cross
EURCAD,2017-04-12 00:00:00+00:00,long,1,2.47967593919093,5,TP,fx_cross
SI,2017-04-12 00:00:00+00:00,short,3,2.497707906976744,15,TP,metals
HG,2017-04-12 00:00:00+00:00,long,1,-1.0034859574468085,5,SL,metals
NZDCAD,2017-04-13 00:00:00+00:00,short,4,-1.0613100709219865,0,SAME_BAR_SL,fx_cross
EURJPY,2017-04-14 00:00:00+00:00,long,1,2.492916392294221,9,TP,fx_cross
NZDCAD,2017-04-16 00:00:00+00:00,short,4,-1.0298582035928143,2,SL,fx_cross
GBPCHF,2017-04-18 00:00:00+00:00,short,3,-1.063139014084508,0,SAME_BAR_SL,fx_cross
CADCHF,2017-04-19 00:00:00+00:00,long,2,-1.0100451143099067,5,SL,fx_cross
EURCAD,2017-04-19 00:00:00+00:00,short,3,-1.0102947046843176,3,SL,fx_cross
NZDCAD,2017-04-19 00:00:00+00:00,short,3,-1.0078238961805044,38,SL,fx_cross
CL,2017-04-19 00:00:00+00:00,long,1,-1.0038921822541966,2,SL,commodities
EURNZD,2017-04-21 00:00:00+00:00,long,1,2.4346660949464027,1,TP,fx_cross
NZDUSD,2017-04-21 00:00:00+00:00,short,3,2.459478930041151,3,TP,fx_major
NZDJPY,2017-04-23 00:00:00+00:00,short,3,-1.020355742270474,0,SAME_BAR_SL,fx_cross
EURGBP,2017-04-23 00:00:00+00:00,short,4,-1.019865448449288,2,SL,fx_cross
CADJPY,2017-04-24 00:00:00+00:00,long,1,2.483484376590331,13,TP,fx_cross
AUDCAD,2017-04-26 00:00:00+00:00,long,1,-1.027393288590604,0,SAME_BAR_SL,fx_cross
AUDCAD,2017-04-28 00:00:00+00:00,short,3,-1.0290213934633914,2,SL,fx_cross
GBPJPY,2017-04-28 00:00:00+00:00,short,3,-1.0218843624525242,3,SL,fx_cross
NKD,2017-05-01 00:00:00+00:00,short,4,-1.011573831775701,1,SL,indices
AUDUSD,2017-05-01 00:00:00+00:00,short,3,2.4832793028322437,4,TP,fx_major
PL,2017-05-01 00:00:00+00:00,long,1,-1.002340894117647,2,SL,metals
GBPAUD,2017-05-02 00:00:00+00:00,short,3,-1.010287028125334,2,SL,fx_cross
GBPCAD,2017-05-03 00:00:00+00:00,long,1,-1.0187697649734646,11,SL,fx_cross
HG,2017-05-03 00:00:00+00:00,long,1,-1.0237851428571416,0,SAME_BAR_SL,metals
USDCHF,2017-05-04 00:00:00+00:00,long,2,2.483319529695508,4,TP,fx_major
NZDJPY,2017-05-07 00:00:00+00:00,long,1,-1.0088911260435756,10,SL,fx_cross
AUDUSD,2017-05-09 00:00:00+00:00,long,1,2.4872259482892085,31,TP,fx_major
GBPCHF,2017-05-09 00:00:00+00:00,short,4,-1.025065840401592,0,SAME_BAR_SL,fx_cross
GBPAUD,2017-05-09 00:00:00+00:00,short,3,2.488514918566775,25,TP,fx_cross
GBPJPY,2017-05-09 00:00:00+00:00,short,3,-1.0295127638190973,0,SAME_BAR_SL,fx_cross
NZDCHF,2017-05-10 00:00:00+00:00,short,4,2.480323303121853,2,TP,fx_cross
CL,2017-05-10 00:00:00+00:00,short,4,-1.0018659485924113,7,SL,commodities
CADJPY,2017-05-10 00:00:00+00:00,short,4,2.457698227848103,1,TP,fx_cross
GBPUSD,2017-05-15 00:00:00+00:00,short,4,-1.0269552363230363,3,SL,fx_major
NZDUSD,2017-05-15 00:00:00+00:00,short,4,-1.0142670705578132,6,SL,fx_major
GBPCHF,2017-05-16 00:00:00+00:00,long,1,-1.1433778842315254,0,SAME_BAR_SL,fx_cross
USDJPY,2017-05-16 00:00:00+00:00,long,1,-1.0155276227897838,1,SL,fx_major
NZDCHF,2017-05-16 00:00:00+00:00,long,1,-1.0371430455868071,0,SAME_BAR_SL,fx_cross
SI,2017-05-16 00:00:00+00:00,short,4,-1.0028655319148936,6,SL,metals
NKD,2017-05-17 00:00:00+00:00,long,1,-1.0057835944700462,1,SL,indices
ES,2017-05-17 00:00:00+00:00,short,3,-1.0088050720461095,6,SL,indices
CHFJPY,2017-05-17 00:00:00+00:00,long,2,2.4809767865707433,35,TP,fx_cross
CADJPY,2017-05-17 00:00:00+00:00,long,1,-1.0096869638351553,1,SL,fx_cross
AUDJPY,2017-05-17 00:00:00+00:00,long,1,-1.0261845315161837,1,SL,fx_cross
EURGBP,2017-05-19 00:00:00+00:00,short,3,-1.0315016513761466,1,SL,fx_cross
EURJPY,2017-05-19 00:00:00+00:00,short,3,-1.0144569396195202,33,SL,fx_cross
YM,2017-05-19 00:00:00+00:00,short,3,-1.007962532855436,4,SL,indices
NQ,2017-05-22 00:00:00+00:00,short,3,-1.0094936114732724,2,SL,indices
EURNZD,2017-05-23 00:00:00+00:00,long,2,-1.0058718188997104,14,SL,fx_cross
NKD,2017-05-24 00:00:00+00:00,short,3,-1.0069696703296702,7,SL,indices
USDCAD,2017-05-25 00:00:00+00:00,short,4,2.4702250847457634,15,TP,fx_major
GBPNZD,2017-05-26 00:00:00+00:00,long,2,-1.0316099288146086,0,SAME_BAR_SL,fx_cross
AUDCAD,2017-05-29 00:00:00+00:00,long,2,-1.0145564349746656,31,SL,fx_cross
PA,2017-05-29 00:00:00+00:00,short,3,-1.002436276849642,3,SL,metals
PL,2017-05-30 00:00:00+00:00,long,1,-1.0056367407407407,2,SL,metals
NZDUSD,2017-06-02 00:00:00+00:00,short,4,-1.0079701027021637,10,SL,fx_major
HG,2017-06-02 00:00:00+00:00,long,2,2.496963289719626,23,TP,metals
DAX,2017-06-02 00:00:00+00:00,short,3,-1.0187452631578948,0,SAME_BAR_SL,indices
GBPCHF,2017-06-05 00:00:00+00:00,short,4,2.4798697880928353,4,TP,fx_cross
EURAUD,2017-06-05 00:00:00+00:00,long,1,-1.0150796992481206,2,SL,fx_cross
PL,2017-06-05 00:00:00+00:00,short,3,-1.0091510447761194,1,SL,metals
AUDCHF,2017-06-06 00:00:00+00:00,long,2,2.4834733975804797,7,TP,fx_cross
USDJPY,2017-06-06 00:00:00+00:00,long,1,2.4783127994330263,8,TP,fx_major
GBPCAD,2017-06-07 00:00:00+00:00,short,4,2.467809743926461,1,TP,fx_cross
SI,2017-06-08 00:00:00+00:00,long,2,-1.0029186351706036,3,SL,metals
GBPJPY,2017-06-08 00:00:00+00:00,long,1,-1.0209766167023555,3,SL,fx_cross
NQ,2017-06-09 00:00:00+00:00,long,1,-1.0098748936170212,0,SAME_BAR_SL,indices
EURCAD,2017-06-09 00:00:00+00:00,long,2,-1.0246894165933749,2,SL,fx_cross
ES,2017-06-09 00:00:00+00:00,long,1,2.489029219858156,30,TP,indices
CADCHF,2017-06-12 00:00:00+00:00,short,3,-1.0218195103578152,0,SAME_BAR_SL,fx_cross
NZDCAD,2017-06-13 00:00:00+00:00,long,1,2.473608498890806,7,TP,fx_cross
PL,2017-06-14 00:00:00+00:00,short,4,-1.0031223333333332,43,SL,metals
NZDUSD,2017-06-15 00:00:00+00:00,long,1,2.4849146607009693,30,TP,fx_major
SI,2017-06-15 00:00:00+00:00,long,2,-1.0045966101694914,0,SAME_BAR_SL,metals
AUDCHF,2017-06-15 00:00:00+00:00,short,3,-1.0092881151596942,24,SL,fx_cross
EURUSD,2017-06-15 00:00:00+00:00,long,2,-1.0257196396396395,0,SAME_BAR_SL,fx_major
USDCHF,2017-06-15 00:00:00+00:00,short,3,2.4785487239890065,10,TP,fx_major
CADJPY,2017-06-19 00:00:00+00:00,short,4,-1.0190842611683844,7,SL,fx_cross
DAX,2017-06-19 00:00:00+00:00,short,3,2.49426847932726,9,TP,indices
AUDJPY,2017-06-21 00:00:00+00:00,short,3,-1.0119318503538928,5,SL,fx_cross
GBPJPY,2017-06-21 00:00:00+00:00,long,1,2.4867637735849053,5,TP,fx_cross
NZDCAD,2017-06-23 00:00:00+00:00,short,3,2.484810215625875,8,TP,fx_cross
USDCAD,2017-06-23 00:00:00+00:00,short,3,2.477662315663012,4,TP,fx_major
NKD,2017-06-25 00:00:00+00:00,long,1,-1.007691497005988,38,SL,indices
NZDCHF,2017-06-27 00:00:00+00:00,long,1,2.485341866467178,26,TP,fx_cross
GBPNZD,2017-06-27 00:00:00+00:00,long,2,2.4910943407977286,56,TP,fx_cross
GBPJPY,2017-06-28 00:00:00+00:00,short,3,-1.0138441672378344,1,SL,fx_cross
EURCAD,2017-06-28 00:00:00+00:00,long,1,-1.0250492502258346,4,SL,fx_cross
CADCHF,2017-06-28 00:00:00+00:00,short,4,-1.0148486943889596,0,SAME_BAR_SL,fx_cross
EURGBP,2017-06-28 00:00:00+00:00,long,1,-1.0160677763329,14,SL,fx_cross
CL,2017-06-28 00:00:00+00:00,short,4,-1.0035399004975125,2,SL,commodities
SI,2017-06-28 00:00:00+00:00,short,4,-1.0019892051756008,52,SL,metals
CADJPY,2017-06-28 00:00:00+00:00,short,3,-1.0125934918119386,0,SAME_BAR_SL,fx_cross
GBPAUD,2017-06-30 00:00:00+00:00,long,2,-1.0111835001774936,12,SL,fx_cross
USDJPY,2017-07-03 00:00:00+00:00,short,4,-1.0237501197604792,4,SL,fx_major
AUDUSD,2017-07-04 00:00:00+00:00,long,1,2.4733249294449675,8,TP,fx_major
NQ,2017-07-05 00:00:00+00:00,short,4,-1.0076276240760296,4,SL,indices
PA,2017-07-05 00:00:00+00:00,long,2,-1.0044144326530613,1,SL,metals
EURCAD,2017-07-07 00:00:00+00:00,long,2,-1.0311948201438834,4,SL,fx_cross
GBPJPY,2017-07-07 00:00:00+00:00,short,3,2.4787678435409157,11,TP,fx_cross
EURJPY,2017-07-10 00:00:00+00:00,short,4,2.4738018090452254,3,TP,fx_cross
EURNZD,2017-07-11 00:00:00+00:00,short,4,-1.0337258450972902,0,SAME_BAR_SL,fx_cross
USDCAD,2017-07-11 00:00:00+00:00,short,4,2.4821254689042447,3,TP,fx_major
CADCHF,2017-07-11 00:00:00+00:00,long,1,2.486939840550258,13,TP,fx_cross
PA,2017-07-11 00:00:00+00:00,short,3,-1.0099095272727274,1,SL,metals
NQ,2017-07-12 00:00:00+00:00,short,3,-1.0051667039106145,5,SL,indices
CL,2017-07-12 00:00:00+00:00,long,2,2.498305904317386,58,TP,commodities
NZDCAD,2017-07-12 00:00:00+00:00,long,2,-1.0100988898609895,35,SL,fx_cross
EURUSD,2017-07-12 00:00:00+00:00,long,1,-1.0342457846813065,1,SL,fx_major
EURNZD,2017-07-12 00:00:00+00:00,long,1,-1.0101869306013775,1,SL,fx_cross
GBPCAD,2017-07-14 00:00:00+00:00,short,4,2.4815505798252584,6,TP,fx_cross
USDJPY,2017-07-14 00:00:00+00:00,long,1,-1.0134735616438355,6,SL,fx_major
NZDJPY,2017-07-17 00:00:00+00:00,long,2,-1.023662119579163,0,SAME_BAR_SL,fx_cross
CHFJPY,2017-07-18 00:00:00+00:00,short,4,-1.0401536430317841,2,SL,fx_cross
AUDCAD,2017-07-18 00:00:00+00:00,short,4,-1.0450294711344366,0,SAME_BAR_SL,fx_cross
AUDJPY,2017-07-18 00:00:00+00:00,short,4,-1.0167452482269503,2,SL,fx_cross
NZDJPY,2017-07-19 00:00:00+00:00,short,4,-1.0490369475357726,1,SL,fx_cross
AUDCHF,2017-07-20 00:00:00+00:00,short,3,2.453838960476448,1,TP,fx_cross
EURUSD,2017-07-20 00:00:00+00:00,long,1,2.4751344414379592,1,TP,fx_major
USDCHF,2017-07-20 00:00:00+00:00,short,4,2.471372157279489,1,TP,fx_major
USDCAD,2017-07-20 00:00:00+00:00,long,2,-1.014874770467527,5,SL,fx_major
CHFJPY,2017-07-21 00:00:00+00:00,long,2,-1.018066622662266,5,SL,fx_cross
EURCHF,2017-07-21 00:00:00+00:00,short,3,2.4322632314410453,2,TP,fx_cross
PA,2017-07-21 00:00:00+00:00,short,4,-1.0031139373219373,5,SL,metals
AUDCAD,2017-07-25 00:00:00+00:00,long,1,-1.0189868948990073,37,SL,fx_cross
AUDJPY,2017-07-25 00:00:00+00:00,short,3,2.4828834027897364,12,TP,fx_cross
USDJPY,2017-07-25 00:00:00+00:00,short,4,2.4796194270833336,8,TP,fx_major
YM,2017-07-26 00:00:00+00:00,long,1,2.490365188284519,8,TP,indices
AUDUSD,2017-07-27 00:00:00+00:00,long,1,-1.0107468145647456,13,SL,fx_major
NQ,2017-07-27 00:00:00+00:00,long,1,2.4875603986710964,5,TP,indices
EURJPY,2017-07-27 00:00:00+00:00,long,2,-1.018448130081301,11,SL,fx_cross
USDCHF,2017-07-27 00:00:00+00:00,short,4,-1.028627842720511,0,SAME_BAR_SL,fx_major
ES,2017-07-28 00:00:00+00:00,short,4,-1.0102775244299673,9,SL,indices
USDCAD,2017-07-28 00:00:00+00:00,long,2,-1.0105671524174749,30,SL,fx_major
CADJPY,2017-07-28 00:00:00+00:00,short,3,2.4835353348729794,8,TP,fx_cross
GBPUSD,2017-08-01 00:00:00+00:00,short,3,2.4642162841266004,3,TP,fx_major
NZDUSD,2017-08-01 00:00:00+00:00,long,1,-1.0153409551800145,5,SL,fx_major
EURNZD,2017-08-02 00:00:00+00:00,short,4,-1.0253445725646129,1,SL,fx_cross
GBPAUD,2017-08-03 00:00:00+00:00,short,4,2.47073932155698,1,TP,fx_cross
EURUSD,2017-08-04 00:00:00+00:00,long,1,-1.0466069121813026,3,SL,fx_major
GBPUSD,2017-08-07 00:00:00+00:00,long,1,-1.0423551219512173,1,SL,fx_major
AUDNZD,2017-08-08 00:00:00+00:00,short,3,-1.0173977800201814,7,SL,fx_cross
CADCHF,2017-08-09 00:00:00+00:00,long,1,-1.0257382867448146,0,SAME_BAR_SL,fx_cross
NQ,2017-08-10 00:00:00+00:00,long,1,-1.0124396013289036,0,SAME_BAR_SL,indices
HG,2017-08-11 00:00:00+00:00,short,3,-1.0043333953488371,4,SL,metals
EURAUD,2017-08-11 00:00:00+00:00,short,4,2.472623796311408,5,TP,fx_cross
ES,2017-08-14 00:00:00+00:00,short,3,-1.0063446277665995,25,SL,indices
YM,2017-08-14 00:00:00+00:00,short,3,-1.009480539083558,27,SL,indices
DAX,2017-08-14 00:00:00+00:00,short,3,-1.0049086830497795,20,SL,indices
NZDCHF,2017-08-14 00:00:00+00:00,short,4,2.4759451380042465,8,TP,fx_cross
CADJPY,2017-08-15 00:00:00+00:00,short,4,-1.0492928113879008,0,SAME_BAR_SL,fx_cross
USDJPY,2017-08-15 00:00:00+00:00,short,3,2.449282880523733,1,TP,fx_major
PL,2017-08-16 00:00:00+00:00,short,3,-1.0052072727272727,11,SL,metals
EURJPY,2017-08-16 00:00:00+00:00,short,4,2.482142496328928,2,TP,fx_cross
EURNZD,2017-08-17 00:00:00+00:00,long,1,2.483554166590473,6,TP,fx_cross
USDCHF,2017-08-17 00:00:00+00:00,long,2,-1.0185910552590811,7,SL,fx_major
AUDCHF,2017-08-18 00:00:00+00:00,short,4,-1.0103003600338287,21,SL,fx_cross
CADJPY,2017-08-18 00:00:00+00:00,short,3,-1.0143726150658574,5,SL,fx_cross
CADCHF,2017-08-18 00:00:00+00:00,short,4,-1.0136483429302623,0,SAME_BAR_SL,fx_cross
AUDNZD,2017-08-23 00:00:00+00:00,short,3,-1.0301123000987173,0,SAME_BAR_SL,fx_cross
GBPUSD,2017-08-25 00:00:00+00:00,short,4,-1.0256136273115217,1,SL,fx_major
EURJPY,2017-08-25 00:00:00+00:00,short,4,-1.0178575036710724,3,SL,fx_cross
USDCHF,2017-08-28 00:00:00+00:00,long,1,-1.0279103765690376,1,SL,fx_major
EURCAD,2017-08-28 00:00:00+00:00,short,3,-1.042183052552176,1,SL,fx_cross
EURAUD,2017-08-28 00:00:00+00:00,short,3,2.483179872915012,20,TP,fx_cross
CADJPY,2017-08-29 00:00:00+00:00,short,3,-1.026795012305168,2,SL,fx_cross
SI,2017-08-29 00:00:00+00:00,short,3,-1.0065665497076022,3,SL,metals
NKD,2017-08-29 00:00:00+00:00,short,4,-1.007423233532934,1,SL,indices
NZDUSD,2017-08-29 00:00:00+00:00,short,3,-1.0159570434102465,19,SL,fx_major
NQ,2017-08-30 00:00:00+00:00,short,4,-1.0090341696535245,1,SL,indices
CHFJPY,2017-08-30 00:00:00+00:00,long,1,-1.0286471556350634,5,SL,fx_cross
NKD,2017-08-31 00:00:00+00:00,short,3,2.4919836942675158,7,TP,indices
USDCHF,2017-08-31 00:00:00+00:00,short,4,-1.077016752136759,0,SAME_BAR_SL,fx_major
GBPCAD,2017-08-31 00:00:00+00:00,long,1,-1.034903359013867,1,SL,fx_cross
NZDJPY,2017-08-31 00:00:00+00:00,long,2,2.4903894974003467,17,TP,fx_cross
EURGBP,2017-09-01 00:00:00+00:00,long,1,-1.0550302731655057,0,SAME_BAR_SL,fx_cross
NZDCAD,2017-09-01 00:00:00+00:00,long,2,-1.024331397849462,4,SL,fx_cross
PA,2017-09-01 00:00:00+00:00,short,3,-1.0052162782608696,0,SAME_BAR_SL,metals
EURJPY,2017-09-03 00:00:00+00:00,long,1,-1.019548137044968,2,SL,fx_cross
CADJPY,2017-09-05 00:00:00+00:00,long,1,2.483155196162412,1,TP,fx_cross
USDJPY,2017-09-05 00:00:00+00:00,long,2,-1.0111926315789475,3,SL,fx_major
GBPCHF,2017-09-05 00:00:00+00:00,long,2,2.48952350117362,6,TP,fx_cross
AUDJPY,2017-09-05 00:00:00+00:00,long,2,2.4908926536731633,13,TP,fx_cross
GBPCAD,2017-09-06 00:00:00+00:00,long,2,2.4875367040358745,7,TP,fx_cross
EURCAD,2017-09-06 00:00:00+00:00,long,2,-1.0131577334295103,0,SAME_BAR_SL,fx_cross
NQ,2017-09-06 00:00:00+00:00,short,3,-1.0059697415818325,25,SL,indices
NZDCAD,2017-09-07 00:00:00+00:00,long,2,2.47705977086743,7,TP,fx_cross
AUDNZD,2017-09-07 00:00:00+00:00,long,2,-1.0159405485772879,4,SL,fx_cross
EURGBP,2017-09-08 00:00:00+00:00,long,2,-1.0355528105482297,0,SAME_BAR_SL,fx_cross
GBPAUD,2017-09-11 00:00:00+00:00,short,3,-1.0152686890142715,1,SL,fx_cross
EURCAD,2017-09-11 00:00:00+00:00,long,1,2.4802990476190474,7,TP,fx_cross
AUDUSD,2017-09-12 00:00:00+00:00,long,1,-1.0184126713171935,5,SL,fx_major
GBPJPY,2017-09-12 00:00:00+00:00,short,4,-1.0158889815178922,0,SAME_BAR_SL,fx_cross
EURUSD,2017-09-13 00:00:00+00:00,long,2,-1.0131664037854888,11,SL,fx_major
GBPUSD,2017-09-13 00:00:00+00:00,long,1,2.4603589380530977,1,TP,fx_major
PL,2017-09-13 00:00:00+00:00,long,2,-1.0060424615384616,2,SL,metals
GBPNZD,2017-09-14 00:00:00+00:00,short,4,-1.0109110041352984,0,SAME_BAR_SL,fx_cross
GBPCHF,2017-09-14 00:00:00+00:00,short,4,-1.0169247443282003,1,SL,fx_cross
GBPAUD,2017-09-15 00:00:00+00:00,short,4,-1.0317425853985263,0,SAME_BAR_SL,fx_cross
PL,2017-09-17 00:00:00+00:00,long,2,-1.004913777777778,2,SL,metals
SI,2017-09-18 00:00:00+00:00,long,1,-1.0024638565022421,11,SL,metals
NZDCAD,2017-09-20 00:00:00+00:00,short,3,2.477161142343153,5,TP,fx_cross
CL,2017-09-20 00:00:00+00:00,short,3,-1.0029776965265083,4,SL,commodities
NKD,2017-09-20 00:00:00+00:00,short,3,-1.0120852336448598,0,SAME_BAR_SL,indices
USDCAD,2017-09-20 00:00:00+00:00,short,3,-1.0317128679331657,6,SL,fx_major
GBPCAD,2017-09-21 00:00:00+00:00,short,4,-1.014714646559849,29,SL,fx_cross
GBPJPY,2017-09-21 00:00:00+00:00,short,3,1.9094014781394288,399,EOS,fx_cross
USDJPY,2017-09-25 00:00:00+00:00,long,1,2.4829837472766885,23,TP,fx_major
AUDJPY,2017-09-25 00:00:00+00:00,long,1,-1.013768275862069,10,SL,fx_cross
USDCHF,2017-09-25 00:00:00+00:00,long,1,2.486427229551451,25,TP,fx_major
CADCHF,2017-09-26 00:00:00+00:00,short,3,2.4847224179260032,54,TP,fx_cross
ES,2017-09-26 00:00:00+00:00,short,3,-1.0262111475409836,1,SL,indices
EURCAD,2017-09-26 00:00:00+00:00,long,1,-1.026579485509606,1,SL,fx_cross
GBPCHF,2017-09-26 00:00:00+00:00,short,4,2.484130259965338,9,TP,fx_cross
YM,2017-09-26 00:00:00+00:00,short,4,-1.0196861878453038,4,SL,indices
AUDUSD,2017-09-26 00:00:00+00:00,long,2,-1.016265238271149,6,SL,fx_major
AUDCAD,2017-09-29 00:00:00+00:00,short,3,2.4578393248945143,6,TP,fx_cross
PA,2017-10-02 00:00:00+00:00,long,2,2.49728096073903,10,TP,metals
GBPAUD,2017-10-03 00:00:00+00:00,long,2,-1.019451388603168,14,SL,fx_cross
USDCAD,2017-10-10 00:00:00+00:00,long,2,-1.037452212104981,2,SL,fx_major
EURJPY,2017-10-12 00:00:00+00:00,long,1,-1.0271800584795334,2,SL,fx_cross
CADJPY,2017-10-13 00:00:00+00:00,long,2,-1.030456921681282,0,SAME_BAR_SL,fx_cross
GBPNZD,2017-10-13 00:00:00+00:00,short,3,-1.0201540379403793,5,SL,fx_cross
HG,2017-10-16 00:00:00+00:00,short,3,-1.0093514418604652,0,SAME_BAR_SL,metals
CADJPY,2017-10-17 00:00:00+00:00,short,4,-1.0281135050391936,1,SL,fx_cross
EURCHF,2017-10-18 00:00:00+00:00,short,3,-1.0253280437756502,5,SL,fx_cross
USDCAD,2017-10-18 00:00:00+00:00,long,2,2.473154724515262,4,TP,fx_major
AUDNZD,2017-10-19 00:00:00+00:00,short,3,-1.0256138088445068,4,SL,fx_cross
NZDCHF,2017-10-19 00:00:00+00:00,long,2,-1.0119585901185162,0,SAME_BAR_SL,fx_cross
AUDCHF,2017-10-20 00:00:00+00:00,short,3,2.478354709418838,20,TP,fx_cross
EURJPY,2017-10-20 00:00:00+00:00,short,3,2.4761114285714285,6,TP,fx_cross
CADJPY,2017-10-20 00:00:00+00:00,long,2,-1.0099853263345546,4,SL,fx_cross
NZDUSD,2017-10-24 00:00:00+00:00,long,1,-1.0609178021978023,0,SAME_BAR_SL,fx_major
ES,2017-10-24 00:00:00+00:00,short,3,-1.0081416915422885,7,SL,indices
AUDJPY,2017-10-25 00:00:00+00:00,long,2,-1.0383430171073078,0,SAME_BAR_SL,fx_cross
GBPAUD,2017-10-25 00:00:00+00:00,short,4,-1.0136984278295509,18,SL,fx_cross
YM,2017-10-25 00:00:00+00:00,long,1,2.4956584740827026,33,TP,indices
EURCAD,2017-10-25 00:00:00+00:00,short,4,2.48202624906786,10,TP,fx_cross
EURUSD,2017-10-26 00:00:00+00:00,long,2,-1.0427702984585105,1,SL,fx_major
EURCHF,2017-10-27 00:00:00+00:00,long,1,-1.0173181978139163,87,SL,fx_cross
GBPCAD,2017-10-31 00:00:00+00:00,short,4,2.487970250752257,8,TP,fx_cross
NZDJPY,2017-11-01 00:00:00+00:00,short,4,2.484376326674916,14,TP,fx_cross
AUDNZD,2017-11-02 00:00:00+00:00,short,4,2.490211838396492,80,TP,fx_cross
PL,2017-11-03 00:00:00+00:00,long,1,2.4922147368421053,12,TP,metals
SI,2017-11-03 00:00:00+00:00,long,2,-1.0035377777777779,23,SL,metals
CADJPY,2017-11-05 00:00:00+00:00,short,4,2.4782495126705655,9,TP,fx_cross
NZDCAD,2017-11-06 00:00:00+00:00,long,2,-1.008501993624537,10,SL,fx_cross
EURJPY,2017-11-08 00:00:00+00:00,long,2,2.4817633696729433,19,TP,fx_cross
DAX,2017-11-09 00:00:00+00:00,long,1,-1.0305628880866426,0,SAME_BAR_SL,indices
NKD,2017-11-09 00:00:00+00:00,long,1,-1.0044310703363915,3,SL,indices
AUDJPY,2017-11-09 00:00:00+00:00,short,3,2.434064236718223,1,TP,fx_cross
NZDCHF,2017-11-10 00:00:00+00:00,short,3,-1.0104969404099362,39,SL,fx_cross
PA,2017-11-10 00:00:00+00:00,long,1,-1.0038977750759879,3,SL,metals
GBPCHF,2017-11-13 00:00:00+00:00,long,1,-1.0379809017461554,2,SL,fx_cross
USDCHF,2017-11-14 00:00:00+00:00,long,1,-1.0268510111272382,1,SL,fx_major
CL,2017-11-14 00:00:00+00:00,long,1,-1.0107305389221557,0,SAME_BAR_SL,commodities
AUDCAD,2017-11-15 00:00:00+00:00,short,4,-1.0269975068289052,12,SL,fx_cross
NKD,2017-11-15 00:00:00+00:00,long,2,2.4918027906976743,1,TP,indices
HG,2017-11-16 00:00:00+00:00,short,4,-1.0030001832061068,6,SL,metals
AUDJPY,2017-11-17 00:00:00+00:00,long,1,-1.0263396355604626,0,SAME_BAR_SL,fx_cross
NZDUSD,2017-11-17 00:00:00+00:00,long,1,2.479687597765363,9,TP,fx_major
CL,2017-11-17 00:00:00+00:00,short,3,-1.0027567732115676,5,SL,commodities
USDJPY,2017-11-17 00:00:00+00:00,long,1,-1.0208022766379885,4,SL,fx_major
EURNZD,2017-11-20 00:00:00+00:00,long,1,-1.047930674632813,1,SL,fx_cross
GBPUSD,2017-11-20 00:00:00+00:00,short,3,-1.0273937463126843,3,SL,fx_major
USDCHF,2017-11-21 00:00:00+00:00,short,4,2.4736014221379476,2,TP,fx_major
AUDUSD,2017-11-23 00:00:00+00:00,short,4,2.4758532240745965,12,TP,fx_major
NZDCAD,2017-11-23 00:00:00+00:00,short,4,-1.0138967668746455,3,SL,fx_cross
GBPNZD,2017-11-27 00:00:00+00:00,long,1,-1.0287409437483337,1,SL,fx_cross
PL,2017-11-28 00:00:00+00:00,short,4,2.490994823529412,3,TP,metals
GBPCHF,2017-11-28 00:00:00+00:00,long,2,2.4812288028802882,2,TP,fx_cross
CL,2017-11-29 00:00:00+00:00,long,1,2.4966134823091246,24,TP,commodities
CADCHF,2017-11-29 00:00:00+00:00,long,2,-1.0081253790101259,54,SL,fx_cross
EURNZD,2017-11-29 00:00:00+00:00,short,3,-1.035556001464665,1,SL,fx_cross
NZDJPY,2017-12-01 00:00:00+00:00,short,4,-1.0340890637293465,3,SL,fx_cross
AUDJPY,2017-12-01 00:00:00+00:00,short,4,-1.0195010423452768,3,SL,fx_cross
NKD,2017-12-01 00:00:00+00:00,long,2,-1.0059821487603307,3,SL,indices
CHFJPY,2017-12-01 00:00:00+00:00,short,4,-1.0218956948228881,23,SL,fx_cross
NQ,2017-12-01 00:00:00+00:00,long,2,2.491936449348044,10,TP,indices
RTY,2017-12-01 00:00:00+00:00,long,1,-1.0103118644067797,0,SAME_BAR_SL,indices
USDJPY,2017-12-03 00:00:00+00:00,short,3,-1.0148597631454288,1,SL,fx_major
RTY,2017-12-03 00:00:00+00:00,short,3,-1.0049744275582573,1,SL,indices
EURGBP,2017-12-04 00:00:00+00:00,long,2,-1.0257393135970658,4,SL,fx_cross
USDCHF,2017-12-04 00:00:00+00:00,short,3,-1.0225258825935775,2,SL,fx_major
NZDUSD,2017-12-04 00:00:00+00:00,long,2,2.471439165424739,6,TP,fx_major
HG,2017-12-05 00:00:00+00:00,long,1,-1.011160470588235,0,SAME_BAR_SL,metals
ES,2017-12-05 00:00:00+00:00,short,3,-1.003963541912633,9,SL,indices
GBPCAD,2017-12-05 00:00:00+00:00,long,1,-1.012473301009042,25,SL,fx_cross
EURNZD,2017-12-05 00:00:00+00:00,long,2,-1.018250201953162,5,SL,fx_cross
GBPNZD,2017-12-06 00:00:00+00:00,long,2,-1.0072650051879373,8,SL,fx_cross
NZDCAD,2017-12-06 00:00:00+00:00,short,3,-1.0108008419206314,5,SL,fx_cross
USDCHF,2017-12-07 00:00:00+00:00,short,4,2.4736014221379476,17,TP,fx_major
CADJPY,2017-12-08 00:00:00+00:00,short,3,-1.012715277207392,15,SL,fx_cross
GBPCHF,2017-12-11 00:00:00+00:00,long,1,-1.0182169228883164,2,SL,fx_cross
EURGBP,2017-12-11 00:00:00+00:00,short,3,-1.014772685851319,8,SL,fx_cross
GBPAUD,2017-12-11 00:00:00+00:00,long,2,-1.0082668420614438,4,SL,fx_cross
AUDCAD,2017-12-12 00:00:00+00:00,short,3,-1.0226134549979258,1,SL,fx_cross
AUDJPY,2017-12-12 00:00:00+00:00,short,3,-1.0183749061662195,1,SL,fx_cross
PL,2017-12-13 00:00:00+00:00,short,4,-1.0046531147540985,4,SL,metals
SI,2017-12-14 00:00:00+00:00,long,2,2.49624147601476,10,TP,metals
AUDCAD,2017-12-14 00:00:00+00:00,short,4,-1.0123361936785473,27,SL,fx_cross
EURUSD,2017-12-14 00:00:00+00:00,long,2,2.478369162157731,12,TP,fx_major
PA,2017-12-14 00:00:00+00:00,short,3,-1.0193671641791044,0,SAME_BAR_SL,metals
RTY,2017-12-15 00:00:00+00:00,short,3,-1.005023702171665,0,SAME_BAR_SL,indices
NG,2017-12-15 00:00:00+00:00,long,2,2.4982074518201283,10,TP,commodities
HG,2017-12-20 00:00:00+00:00,short,3,-1.0134847999999999,0,SAME_BAR_SL,metals
USDJPY,2017-12-20 00:00:00+00:00,short,3,2.4678107910750504,9,TP,fx_major
USDCAD,2017-12-21 00:00:00+00:00,long,2,-1.0177549488395308,5,SL,fx_major
EURNZD,2017-12-21 00:00:00+00:00,long,2,-1.0109618048244347,13,SL,fx_cross
EURAUD,2017-12-27 00:00:00+00:00,long,1,-1.017629597612432,11,SL,fx_cross
SI,2017-12-28 00:00:00+00:00,short,4,-1.0039153623188406,3,SL,metals
AUDUSD,2017-12-28 00:00:00+00:00,short,4,-1.033073040847201,3,SL,fx_major
NG,2018-01-01 00:00:00+00:00,short,4,2.49769327014218,4,TP,commodities
GBPAUD,2018-01-03 00:00:00+00:00,long,1,-1.0260827987082883,1,SL,fx_cross
AUDUSD,2018-01-03 00:00:00+00:00,short,4,-1.019128472434082,7,SL,fx_major
GBPNZD,2018-01-03 00:00:00+00:00,long,1,-1.0294521955260973,1,SL,fx_cross
USDJPY,2018-01-03 00:00:00+00:00,short,4,-1.1103082517482403,1,SL,fx_major
USDCHF,2018-01-04 00:00:00+00:00,long,2,-1.0235064944013779,7,SL,fx_major
NZDJPY,2018-01-04 00:00:00+00:00,short,3,-1.0243136121673002,0,SAME_BAR_SL,fx_cross
NZDUSD,2018-01-04 00:00:00+00:00,short,3,-1.0139129493407355,6,SL,fx_major
CHFJPY,2018-01-04 00:00:00+00:00,short,3,-1.0407874905422427,1,SL,fx_cross
USDCAD,2018-01-05 00:00:00+00:00,long,1,2.475698511122789,4,TP,fx_major
NZDCAD,2018-01-05 00:00:00+00:00,long,2,2.462318909916731,4,TP,fx_cross
NZDCHF,2018-01-05 00:00:00+00:00,short,3,-1.0167455206328846,3,SL,fx_cross
EURJPY,2018-01-08 00:00:00+00:00,long,1,-1.0227431175059958,1,SL,fx_cross
GBPCAD,2018-01-10 00:00:00+00:00,short,4,-1.0399947701391812,0,SAME_BAR_SL,fx_cross
EURGBP,2018-01-10 00:00:00+00:00,short,4,-1.0843416142735813,1,SL,fx_cross
EURUSD,2018-01-11 00:00:00+00:00,short,4,-1.0555739933993382,0,SAME_BAR_SL,fx_major
EURCAD,2018-01-11 00:00:00+00:00,short,3,-1.0221654650551757,1,SL,fx_cross
GBPAUD,2018-01-12 00:00:00+00:00,short,4,-1.0240582470119521,0,SAME_BAR_SL,fx_cross
USDCHF,2018-01-15 00:00:00+00:00,long,1,-1.0135727704485489,4,SL,fx_major
EURCAD,2018-01-15 00:00:00+00:00,short,3,-1.0234543894389443,2,SL,fx_cross
PA,2018-01-16 00:00:00+00:00,long,1,-1.0027622047244094,12,SL,metals
CL,2018-01-16 00:00:00+00:00,long,1,-1.00685898989899,2,SL,commodities
GBPCHF,2018-01-16 00:00:00+00:00,long,2,2.4720322446667917,5,TP,fx_cross
EURJPY,2018-01-16 00:00:00+00:00,short,3,-1.0235328059332518,14,SL,fx_cross
RTY,2018-01-17 00:00:00+00:00,short,3,-1.0051999181166837,5,SL,indices
AUDUSD,2018-01-17 00:00:00+00:00,short,3,-1.0088969624776654,8,SL,fx_major
SI,2018-01-17 00:00:00+00:00,short,4,-1.002232757201646,6,SL,metals
ES,2018-01-17 00:00:00+00:00,short,3,-1.009224599483204,2,SL,indices
EURGBP,2018-01-17 00:00:00+00:00,long,2,-1.0223747292418777,4,SL,fx_cross
GBPUSD,2018-01-18 00:00:00+00:00,long,1,2.479499578752153,5,TP,fx_major
YM,2018-01-18 00:00:00+00:00,long,1,-1.0056282735274205,13,SL,indices
CHFJPY,2018-01-18 00:00:00+00:00,short,3,2.411757391304347,1,TP,fx_cross
NG,2018-01-18 00:00:00+00:00,long,1,2.497959024390244,4,TP,commodities
DAX,2018-01-19 00:00:00+00:00,short,3,-1.0086667741935484,2,SL,indices
HG,2018-01-23 00:00:00+00:00,long,1,-1.005105417721519,13,SL,metals
NZDJPY,2018-01-24 00:00:00+00:00,long,2,-1.055022557856271,0,SAME_BAR_SL,fx_cross
PL,2018-01-24 00:00:00+00:00,short,3,-1.0106775081967214,0,SAME_BAR_SL,metals
AUDCHF,2018-01-24 00:00:00+00:00,long,2,-1.024214958888574,1,SL,fx_cross
EURNZD,2018-01-24 00:00:00+00:00,long,2,2.4880310988658936,77,TP,fx_cross
EURAUD,2018-01-25 00:00:00+00:00,short,3,-1.0220495272078503,6,SL,fx_cross
SI,2018-01-25 00:00:00+00:00,short,4,-1.0201257142857143,0,SAME_BAR_SL,metals
DAX,2018-01-25 00:00:00+00:00,long,2,-1.0054246841097638,5,SL,indices
CHFJPY,2018-01-25 00:00:00+00:00,short,3,-1.0882426086956534,0,SAME_BAR_SL,fx_cross
EURGBP,2018-01-25 00:00:00+00:00,short,4,-1.0301318513969913,3,SL,fx_cross
GBPCHF,2018-01-26 00:00:00+00:00,long,2,-1.0279677553332083,2,SL,fx_cross
NZDJPY,2018-01-26 00:00:00+00:00,long,2,-1.0250027397260266,3,SL,fx_cross
GBPCAD,2018-01-28 00:00:00+00:00,long,1,-1.034043545010467,1,SL,fx_cross
GBPUSD,2018-01-30 00:00:00+00:00,long,1,-1.014511470805617,6,SL,fx_major
SI,2018-01-30 00:00:00+00:00,long,2,-1.003117037037037,3,SL,metals
CL,2018-01-30 00:00:00+00:00,long,1,-1.0030226392961876,7,SL,commodities
GBPAUD,2018-01-31 00:00:00+00:00,short,3,-1.0191315593483323,1,SL,fx_cross
NG,2018-01-31 00:00:00+00:00,long,1,-1.0022928155339805,1,SL,commodities
CHFJPY,2018-01-31 00:00:00+00:00,short,4,-1.020608210922787,1,SL,fx_cross
AUDUSD,2018-02-01 00:00:00+00:00,long,1,-1.0142043769765972,1,SL,fx_major
DAX,2018-02-02 00:00:00+00:00,long,1,-1.0084119958634954,1,SL,indices
NQ,2018-02-02 00:00:00+00:00,long,1,-1.0070555844155844,1,SL,indices
ES,2018-02-02 00:00:00+00:00,long,1,-1.0262446715328468,0,SAME_BAR_SL,indices
RTY,2018-02-04 00:00:00+00:00,long,2,-1.0140054545454547,0,SAME_BAR_SL,indices
YM,2018-02-04 00:00:00+00:00,long,1,-1.0113209483960948,0,SAME_BAR_SL,indices
NQ,2018-02-05 00:00:00+00:00,long,2,-1.022686408839779,0,SAME_BAR_SL,indices
ES,2018-02-05 00:00:00+00:00,long,1,-1.0132177777777778,0,SAME_BAR_SL,indices
YM,2018-02-05 00:00:00+00:00,long,2,-1.0128381601362861,0,SAME_BAR_SL,indices
AUDJPY,2018-02-05 00:00:00+00:00,long,1,-1.0290050596658704,0,SAME_BAR_SL,fx_cross
EURGBP,2018-02-06 00:00:00+00:00,short,3,-1.0179323276795382,21,SL,fx_cross
NZDCAD,2018-02-06 00:00:00+00:00,short,3,-1.024052079021637,0,SAME_BAR_SL,fx_cross
ES,2018-02-06 00:00:00+00:00,long,1,2.4843169082125605,1,TP,indices
NZDJPY,2018-02-06 00:00:00+00:00,short,4,2.4709908427510494,1,TP,fx_cross
DAX,2018-02-06 00:00:00+00:00,long,1,2.4920553531218013,1,TP,indices
GBPNZD,2018-02-06 00:00:00+00:00,long,1,2.484199316416365,35,TP,fx_cross
CADCHF,2018-02-06 00:00:00+00:00,short,4,-1.0391837908496715,1,SL,fx_cross
AUDCHF,2018-02-06 00:00:00+00:00,short,4,-1.0127469546436283,27,SL,fx_cross
NZDCHF,2018-02-07 00:00:00+00:00,long,2,-1.0162955569809706,1,SL,fx_cross
CL,2018-02-08 00:00:00+00:00,long,1,-1.0068845390070922,1,SL,commodities
NZDUSD,2018-02-08 00:00:00+00:00,long,1,2.4816034750800178,5,TP,fx_major
USDCHF,2018-02-08 00:00:00+00:00,long,1,-1.0151355285961872,6,SL,fx_major
GBPCHF,2018-02-08 00:00:00+00:00,short,4,-1.0672681115683589,0,SAME_BAR_SL,fx_cross
NKD,2018-02-09 00:00:00+00:00,short,4,-1.0014476029567054,67,SL,indices
EURJPY,2018-02-09 00:00:00+00:00,long,2,-1.0226171150334757,4,SL,fx_cross
GBPUSD,2018-02-09 00:00:00+00:00,long,1,2.479499578752153,5,TP,fx_major
ES,2018-02-12 00:00:00+00:00,short,3,-1.002679748427673,4,SL,indices
NQ,2018-02-12 00:00:00+00:00,short,3,-1.0025841453649522,3,SL,indices
YM,2018-02-12 00:00:00+00:00,short,3,-1.0028390510424154,4,SL,indices
NZDCAD,2018-02-14 00:00:00+00:00,short,4,-1.0135883091532578,5,SL,fx_cross
EURCHF,2018-02-14 00:00:00+00:00,short,3,-1.0254439277297716,17,SL,fx_cross
SI,2018-02-14 00:00:00+00:00,short,3,-1.0047207079646017,53,SL,metals
EURUSD,2018-02-14 00:00:00+00:00,short,4,-1.022722006886374,0,SAME_BAR_SL,fx_major
HG,2018-02-16 00:00:00+00:00,short,3,2.4940470857142856,10,TP,metals
DAX,2018-02-16 00:00:00+00:00,short,3,2.4933319134775376,9,TP,indices
USDCAD,2018-02-19 00:00:00+00:00,short,3,-1.0118151821386603,3,SL,fx_major
EURCAD,2018-02-23 00:00:00+00:00,long,1,-1.0205672787116493,0,SAME_BAR_SL,fx_cross
NZDUSD,2018-02-23 00:00:00+00:00,long,1,-1.0185472917614933,3,SL,fx_major
CADCHF,2018-02-23 00:00:00+00:00,short,4,2.481215701953657,8,TP,fx_cross
NZDCAD,2018-02-26 00:00:00+00:00,short,3,-1.017032087768135,6,SL,fx_cross
NQ,2018-02-26 00:00:00+00:00,short,4,2.4929065814696485,3,TP,indices
AUDJPY,2018-02-28 00:00:00+00:00,long,1,-1.0132182060365593,0,SAME_BAR_SL,fx_cross
CADJPY,2018-02-28 00:00:00+00:00,long,1,-1.0111484333891414,2,SL,fx_cross
CL,2018-03-01 00:00:00+00:00,long,2,-1.0065017218543046,0,SAME_BAR_SL,commodities
EURUSD,2018-03-01 00:00:00+00:00,short,4,-1.0177221703827812,4,SL,fx_major
USDJPY,2018-03-02 00:00:00+00:00,long,1,0.6270847441769792,399,EOS,fx_major
AUDJPY,2018-03-06 00:00:00+00:00,long,2,-1.0092653830726033,14,SL,fx_cross
GBPCHF,2018-03-06 00:00:00+00:00,short,3,-1.0178576562500004,3,SL,fx_cross
NZDUSD,2018-03-06 00:00:00+00:00,short,4,2.4910659667541557,48,TP,fx_major
NZDCAD,2018-03-06 00:00:00+00:00,short,4,-1.0213921816707219,6,SL,fx_cross
GBPUSD,2018-03-06 00:00:00+00:00,short,4,-1.0095270560890575,13,SL,fx_major
AUDCAD,2018-03-07 00:00:00+00:00,short,4,2.437223907028217,1,TP,fx_cross
RTY,2018-03-07 00:00:00+00:00,short,4,-1.0041922129783694,4,SL,indices
DAX,2018-03-08 00:00:00+00:00,short,4,2.4948527260897855,11,TP,indices
EURCHF,2018-03-08 00:00:00+00:00,short,4,-1.0282055056903592,17,SL,fx_cross
HG,2018-03-09 00:00:00+00:00,short,4,-1.0037729811320755,4,SL,metals
GBPCAD,2018-03-09 00:00:00+00:00,long,1,-1.0799339325842758,0,SAME_BAR_SL,fx_cross
EURCAD,2018-03-13 00:00:00+00:00,short,3,2.486512212096106,24,TP,fx_cross
EURUSD,2018-03-13 00:00:00+00:00,short,3,2.4706668356569508,6,TP,fx_major
NG,2018-03-14 00:00:00+00:00,long,2,-1.0090325773195876,0,SAME_BAR_SL,commodities
GBPAUD,2018-03-14 00:00:00+00:00,long,2,2.463498172420158,1,TP,fx_cross
CADCHF,2018-03-15 00:00:00+00:00,long,2,2.4771462773722632,6,TP,fx_cross
EURJPY,2018-03-16 00:00:00+00:00,long,2,-1.0157374978429683,5,SL,fx_cross
AUDCHF,2018-03-19 00:00:00+00:00,long,1,-1.0220759322033894,3,SL,fx_cross
RTY,2018-03-21 00:00:00+00:00,short,3,-1.017079595959596,0,SAME_BAR_SL,indices
AUDCAD,2018-03-21 00:00:00+00:00,long,1,-1.0548739666993152,0,SAME_BAR_SL,fx_cross
CL,2018-03-21 00:00:00+00:00,short,4,-1.0055612903225806,0,SAME_BAR_SL,commodities
NZDCAD,2018-03-21 00:00:00+00:00,long,1,-1.026932220504894,7,SL,fx_cross
AUDUSD,2018-03-22 00:00:00+00:00,long,2,-1.0197818814374,5,SL,fx_major
CADJPY,2018-03-23 00:00:00+00:00,short,3,-1.0105730878777353,4,SL,fx_cross
AUDJPY,2018-03-26 00:00:00+00:00,short,4,-1.010172918149466,13,SL,fx_cross
CHFJPY,2018-03-26 00:00:00+00:00,short,4,-1.0119932433474739,92,SL,fx_cross
NZDJPY,2018-03-26 00:00:00+00:00,short,4,-1.013408586649953,7,SL,fx_cross
EURJPY,2018-03-26 00:00:00+00:00,short,3,-1.0115293181818181,13,SL,fx_cross
YM,2018-03-27 00:00:00+00:00,long,2,-1.0043678992558671,4,SL,indices
RTY,2018-03-28 00:00:00+00:00,long,2,-1.0057284560570072,3,SL,indices
PL,2018-03-29 00:00:00+00:00,long,1,-1.0113135094339623,3,SL,metals
HG,2018-03-29 00:00:00+00:00,short,4,-1.0041923440860216,9,SL,metals
AUDCHF,2018-03-29 00:00:00+00:00,short,3,-1.0200603412969285,5,SL,fx_cross
PA,2018-03-29 00:00:00+00:00,long,1,-1.0075823797468355,2,SL,metals
CADCHF,2018-04-03 00:00:00+00:00,short,3,-1.0142282996432816,2,SL,fx_cross
NG,2018-04-03 00:00:00+00:00,short,3,-1.0029134006734006,11,SL,commodities
RTY,2018-04-03 00:00:00+00:00,short,4,-1.0036581763376036,6,SL,indices
GBPNZD,2018-04-04 00:00:00+00:00,long,1,-1.0591073730202059,0,SAME_BAR_SL,fx_cross
GBPCAD,2018-04-04 00:00:00+00:00,short,4,2.4828160108732584,20,TP,fx_cross
ES,2018-04-04 00:00:00+00:00,short,3,-1.023745352112676,0,SAME_BAR_SL,indices
YM,2018-04-04 00:00:00+00:00,short,3,-1.029427786259542,0,SAME_BAR_SL,indices
NZDCAD,2018-04-05 00:00:00+00:00,long,2,-1.0413232038065012,0,SAME_BAR_SL,fx_cross
NQ,2018-04-06 00:00:00+00:00,long,2,2.4969259955257272,10,TP,indices
PA,2018-04-06 00:00:00+00:00,long,2,2.496409379310345,3,TP,metals
GBPUSD,2018-04-06 00:00:00+00:00,short,4,-1.018366610486891,2,SL,fx_major
NZDCAD,2018-04-06 00:00:00+00:00,long,2,-1.0231643649373883,11,SL,fx_cross
AUDCAD,2018-04-11 00:00:00+00:00,long,2,-1.0274718229821473,16,SL,fx_cross
AUDCHF,2018-04-11 00:00:00+00:00,long,1,-1.0093547189365777,64,SL,fx_cross
PA,2018-04-13 00:00:00+00:00,short,4,-1.0040238697068404,0,SAME_BAR_SL,metals
YM,2018-04-17 00:00:00+00:00,short,3,2.493409118136439,6,TP,indices
RTY,2018-04-17 00:00:00+00:00,short,3,-1.0056871251409245,19,SL,indices
CADCHF,2018-04-18 00:00:00+00:00,long,1,2.4795831498689536,14,TP,fx_cross
GBPUSD,2018-04-18 00:00:00+00:00,long,1,-1.0136259024223813,1,SL,fx_major
EURGBP,2018-04-18 00:00:00+00:00,short,4,-1.0280381708369284,1,SL,fx_cross
AUDNZD,2018-04-18 00:00:00+00:00,short,3,-1.021448747744496,5,SL,fx_cross
NG,2018-04-18 00:00:00+00:00,short,3,2.4929826771653545,1,TP,commodities
NZDJPY,2018-04-19 00:00:00+00:00,long,2,-1.0202748051948052,1,SL,fx_cross
EURCAD,2018-04-20 00:00:00+00:00,long,2,-1.0158759770638026,9,SL,fx_cross
AUDJPY,2018-04-20 00:00:00+00:00,long,1,-1.0074357383117407,51,SL,fx_cross
USDCAD,2018-04-20 00:00:00+00:00,short,4,-1.0098536962393518,4,SL,fx_major
PA,2018-04-23 00:00:00+00:00,long,1,-1.0022387735191638,0,SAME_BAR_SL,metals
PL,2018-04-23 00:00:00+00:00,long,2,-1.0042258285714285,4,SL,metals
HG,2018-04-23 00:00:00+00:00,long,1,-1.0048916543209876,7,SL,metals
NZDCHF,2018-04-23 00:00:00+00:00,long,1,-1.0488989762796528,1,SL,fx_cross
CL,2018-04-23 00:00:00+00:00,long,1,2.4974734272300467,24,TP,commodities
GBPUSD,2018-04-23 00:00:00+00:00,long,2,-1.027674358610915,4,SL,fx_major
GBPAUD,2018-04-24 00:00:00+00:00,short,3,2.4689571815718154,3,TP,fx_cross
NG,2018-04-24 00:00:00+00:00,short,3,-1.0070173228346457,1,SL,commodities
NQ,2018-04-25 00:00:00+00:00,long,2,2.4969259955257272,12,TP,indices
DAX,2018-04-26 00:00:00+00:00,short,3,-1.0066486826843413,3,SL,indices
ES,2018-04-26 00:00:00+00:00,short,4,2.4858446280991737,4,TP,indices
USDCAD,2018-04-27 00:00:00+00:00,short,3,-1.0246951950718681,9,SL,fx_major
EURGBP,2018-04-30 00:00:00+00:00,short,4,-1.0748609870918773,0,SAME_BAR_SL,fx_cross
GBPCHF,2018-04-30 00:00:00+00:00,long,1,-1.0436097594501723,1,SL,fx_cross
PL,2018-05-01 00:00:00+00:00,long,1,2.4853111794871796,2,TP,metals
GBPUSD,2018-05-02 00:00:00+00:00,long,1,-1.0123677632327832,16,SL,fx_major
EURUSD,2018-05-02 00:00:00+00:00,long,2,-1.025513787590407,4,SL,fx_major
CADJPY,2018-05-04 00:00:00+00:00,short,4,-1.0105662633451957,5,SL,fx_cross
NZDCAD,2018-05-08 00:00:00+00:00,short,4,2.4718728682170545,1,TP,fx_cross
EURCHF,2018-05-08 00:00:00+00:00,long,1,2.4438588195615534,5,TP,fx_cross
YM,2018-05-09 00:00:00+00:00,short,4,-1.0114782404692082,1,SL,indices
EURGBP,2018-05-09 00:00:00+00:00,long,2,2.4848178549287043,61,TP,fx_cross
CADCHF,2018-05-09 00:00:00+00:00,short,3,-1.015038891198891,0,SAME_BAR_SL,fx_cross
NZDJPY,2018-05-09 00:00:00+00:00,short,4,-1.0118758513588462,11,SL,fx_cross
AUDUSD,2018-05-10 00:00:00+00:00,short,3,-1.0209828400597911,9,SL,fx_major
PL,2018-05-10 00:00:00+00:00,short,4,2.4958082269503548,9,TP,metals
NQ,2018-05-14 00:00:00+00:00,short,4,-1.0039657648099027,18,SL,indices
GBPCHF,2018-05-14 00:00:00+00:00,short,3,2.477131930246542,7,TP,fx_cross
EURJPY,2018-05-14 00:00:00+00:00,short,4,2.483049409594096,8,TP,fx_cross
EURNZD,2018-05-14 00:00:00+00:00,short,3,-1.029208349514563,0,SAME_BAR_SL,fx_cross
PA,2018-05-15 00:00:00+00:00,long,1,-1.0045442335766424,0,SAME_BAR_SL,metals
EURCHF,2018-05-16 00:00:00+00:00,long,1,-1.0389149720341497,2,SL,fx_cross
EURNZD,2018-05-16 00:00:00+00:00,long,1,-1.0099562325147653,5,SL,fx_cross
USDCAD,2018-05-16 00:00:00+00:00,long,1,2.471520317838696,8,TP,fx_major
AUDCAD,2018-05-18 00:00:00+00:00,short,3,-1.0377399442896926,2,SL,fx_cross
CADCHF,2018-05-21 00:00:00+00:00,short,3,2.4843816881258944,7,TP,fx_cross
PA,2018-05-21 00:00:00+00:00,short,3,-1.0035045333333332,14,SL,metals
CADJPY,2018-05-21 00:00:00+00:00,short,3,-1.0189766535742342,1,SL,fx_cross
PL,2018-05-22 00:00:00+00:00,long,2,-1.0027523062200956,24,SL,metals
DAX,2018-05-22 00:00:00+00:00,short,4,2.4927347332185885,2,TP,indices
AUDCAD,2018-05-23 00:00:00+00:00,short,4,-1.0436588764044947,1,SL,fx_cross
RTY,2018-05-23 00:00:00+00:00,short,3,-1.0060028604382931,6,SL,indices
GBPAUD,2018-05-23 00:00:00+00:00,long,2,-1.0365018275798419,2,SL,fx_cross
GBPCHF,2018-05-23 00:00:00+00:00,long,1,-1.0284160702692373,0,SAME_BAR_SL,fx_cross
EURAUD,2018-05-25 00:00:00+00:00,long,1,-1.0198566398529068,3,SL,fx_cross
EURCHF,2018-05-25 00:00:00+00:00,long,1,-1.022003182590956,3,SL,fx_cross
CADJPY,2018-05-29 00:00:00+00:00,long,1,-1.0065648004465533,23,SL,fx_cross
AUDUSD,2018-05-29 00:00:00+00:00,long,1,-1.0264550753768846,0,SAME_BAR_SL,fx_major
DAX,2018-05-29 00:00:00+00:00,long,1,2.4914698204857446,5,TP,indices
AUDUSD,2018-05-30 00:00:00+00:00,short,3,-1.0142425345466801,4,SL,fx_major
GBPUSD,2018-05-30 00:00:00+00:00,short,4,-1.033361397849463,2,SL,fx_major
AUDCAD,2018-05-30 00:00:00+00:00,long,1,2.458968808446455,1,TP,fx_cross
NZDJPY,2018-05-30 00:00:00+00:00,short,4,-1.0136158662809387,1,SL,fx_cross
NG,2018-05-30 00:00:00+00:00,short,3,-1.0017924951644102,14,SL,commodities
USDCHF,2018-05-30 00:00:00+00:00,short,3,-1.017402456140351,37,SL,fx_major
NZDUSD,2018-05-31 00:00:00+00:00,short,3,2.477308360277136,16,TP,fx_major
GBPCAD,2018-05-31 00:00:00+00:00,short,3,-1.0196119487908963,4,SL,fx_cross
EURCAD,2018-06-01 00:00:00+00:00,long,2,-1.009713596138375,63,SL,fx_cross
NKD,2018-06-01 00:00:00+00:00,short,4,-1.0059001652892563,4,SL,indices
AUDNZD,2018-06-03 00:00:00+00:00,short,4,2.4769745675265558,14,TP,fx_cross
GBPCHF,2018-06-03 00:00:00+00:00,short,3,-1.0324873813708249,3,SL,fx_cross
YM,2018-06-04 00:00:00+00:00,short,4,-1.0153104835589941,2,SL,indices
AUDCAD,2018-06-04 00:00:00+00:00,short,4,2.4782333162964414,22,TP,fx_cross
NZDJPY,2018-06-04 00:00:00+00:00,short,3,-1.0151365284609979,2,SL,fx_cross
USDCAD,2018-06-05 00:00:00+00:00,short,3,-1.019490374716629,9,SL,fx_major
GBPAUD,2018-06-05 00:00:00+00:00,short,4,-1.0131096478121666,8,SL,fx_cross
HG,2018-06-05 00:00:00+00:00,short,3,-1.0064089999999999,0,SAME_BAR_SL,metals
EURCHF,2018-06-06 00:00:00+00:00,short,4,-1.0178761658884916,34,SL,fx_cross
AUDUSD,2018-06-06 00:00:00+00:00,short,4,2.450773944954125,2,TP,fx_major
GBPUSD,2018-06-06 00:00:00+00:00,short,4,2.4751945118733505,8,TP,fx_major
EURUSD,2018-06-06 00:00:00+00:00,short,3,-1.0270711858842847,7,SL,fx_major
DAX,2018-06-06 00:00:00+00:00,short,4,-1.0055851591062965,6,SL,indices
PA,2018-06-07 00:00:00+00:00,short,3,2.4977276655052263,16,TP,metals
GBPNZD,2018-06-07 00:00:00+00:00,short,3,-1.0950597513321563,1,SL,fx_cross
CADCHF,2018-06-07 00:00:00+00:00,long,1,-1.0091027616686428,13,SL,fx_cross
NKD,2018-06-11 00:00:00+00:00,short,3,2.484024347826087,4,TP,indices
NQ,2018-06-11 00:00:00+00:00,short,3,-1.0096625210084034,1,SL,indices
SI,2018-06-13 00:00:00+00:00,short,3,2.4967091238670696,12,TP,metals
EURNZD,2018-06-14 00:00:00+00:00,short,4,2.4701683517874096,1,TP,fx_cross
NQ,2018-06-15 00:00:00+00:00,long,1,-1.0103459531772576,3,SL,indices
NZDJPY,2018-06-15 00:00:00+00:00,short,4,2.490188407643312,14,TP,fx_cross
GBPNZD,2018-06-17 00:00:00+00:00,short,4,-1.0230456357388318,4,SL,fx_cross
DAX,2018-06-18 00:00:00+00:00,long,1,-1.0069531929233362,1,SL,indices
GBPAUD,2018-06-18 00:00:00+00:00,short,4,-1.107170598290598,1,SL,fx_cross
EURNZD,2018-06-20 00:00:00+00:00,short,4,-1.0298316482125904,1,SL,fx_cross
AUDNZD,2018-06-20 00:00:00+00:00,short,4,-1.0298487518647441,1,SL,fx_cross
NQ,2018-06-21 00:00:00+00:00,long,2,-1.0052933333333334,3,SL,indices
CL,2018-06-22 00:00:00+00:00,short,3,-1.0086361133603239,0,SAME_BAR_SL,commodities
GBPCAD,2018-06-22 00:00:00+00:00,short,4,-1.043944451354954,0,SAME_BAR_SL,fx_cross
NZDCHF,2018-06-26 00:00:00+00:00,long,2,-1.0157856822895066,2,SL,fx_cross
EURAUD,2018-06-26 00:00:00+00:00,short,4,2.475506504424779,36,TP,fx_cross
GBPCAD,2018-06-27 00:00:00+00:00,long,1,-1.0197217684887456,1,SL,fx_cross
GBPUSD,2018-06-27 00:00:00+00:00,long,2,-1.0207691891891886,1,SL,fx_major
NZDCAD,2018-06-28 00:00:00+00:00,long,1,-1.019952903990517,0,SAME_BAR_SL,fx_cross
EURNZD,2018-06-29 00:00:00+00:00,short,3,-1.0321590403198935,2,SL,fx_cross
SI,2018-07-02 00:00:00+00:00,long,2,-1.0037585239852398,13,SL,metals
EURNZD,2018-07-03 00:00:00+00:00,long,1,-1.0248731652084402,3,SL,fx_cross
NZDCHF,2018-07-03 00:00:00+00:00,short,4,-1.0191445181030085,2,SL,fx_cross
AUDUSD,2018-07-03 00:00:00+00:00,short,3,-1.0391586754966888,1,SL,fx_major
HG,2018-07-03 00:00:00+00:00,long,2,-1.0120609032258063,1,SL,metals
AUDJPY,2018-07-03 00:00:00+00:00,short,3,2.4530024590163935,2,TP,fx_cross
NZDUSD,2018-07-04 00:00:00+00:00,short,3,-1.0283375916230364,1,SL,fx_major
DAX,2018-07-05 00:00:00+00:00,short,4,-1.0090191657271703,3,SL,indices
NZDJPY,2018-07-05 00:00:00+00:00,short,3,-1.0289351343900766,1,SL,fx_cross
RTY,2018-07-05 00:00:00+00:00,short,4,-1.005514022517912,3,SL,indices
NQ,2018-07-06 00:00:00+00:00,short,4,-1.0056761528976572,2,SL,indices
PL,2018-07-08 00:00:00+00:00,short,3,-1.0118650434782608,1,SL,metals
YM,2018-07-09 00:00:00+00:00,short,4,-1.0110299581589959,1,SL,indices
RTY,2018-07-11 00:00:00+00:00,short,3,2.4924631578947367,16,TP,indices
PA,2018-07-11 00:00:00+00:00,short,4,2.497781925925926,30,TP,metals
PL,2018-07-11 00:00:00+00:00,short,3,2.4973728780487803,30,TP,metals
NZDJPY,2018-07-13 00:00:00+00:00,short,4,2.4838446560846563,22,TP,fx_cross
NG,2018-07-13 00:00:00+00:00,long,2,2.497257142857143,27,TP,commodities
CL,2018-07-16 00:00:00+00:00,long,1,-1.0041763946869071,1,SL,commodities
GBPCHF,2018-07-17 00:00:00+00:00,long,1,-1.0209285089463225,1,SL,fx_cross
CL,2018-07-18 00:00:00+00:00,long,1,2.4980622060164084,62,TP,commodities
YM,2018-07-18 00:00:00+00:00,short,4,-1.0095711163895487,6,SL,indices
EURCHF,2018-07-18 00:00:00+00:00,long,2,-1.0559212349914238,0,SAME_BAR_SL,fx_cross
CADCHF,2018-07-18 00:00:00+00:00,long,2,-1.0420300596421446,1,SL,fx_cross
HG,2018-07-19 00:00:00+00:00,long,1,-1.0172415999999997,0,SAME_BAR_SL,metals
EURNZD,2018-07-19 00:00:00+00:00,short,4,-1.021690909907886,17,SL,fx_cross
USDCAD,2018-07-19 00:00:00+00:00,long,2,-1.0284911635098577,5,SL,fx_major
HG,2018-07-20 00:00:00+00:00,short,4,-1.0062857142857142,3,SL,metals
NZDCHF,2018-07-20 00:00:00+00:00,short,3,2.4862165768390385,17,TP,fx_cross
CADCHF,2018-07-20 00:00:00+00:00,short,4,-1.041142347235695,4,SL,fx_cross
AUDUSD,2018-07-20 00:00:00+00:00,short,3,-1.0140536777702245,4,SL,fx_major
DAX,2018-07-20 00:00:00+00:00,long,2,-1.0044172996706915,16,SL,indices
NZDUSD,2018-07-20 00:00:00+00:00,short,3,2.4901415512753773,44,TP,fx_major
EURUSD,2018-07-24 00:00:00+00:00,long,2,-1.015302948207171,11,SL,fx_major
HG,2018-07-25 00:00:00+00:00,short,3,2.4892216470588235,1,TP,metals
GBPUSD,2018-07-25 00:00:00+00:00,short,4,2.4871702364394994,13,TP,fx_major
GBPCAD,2018-07-26 00:00:00+00:00,short,4,2.4815381267956327,7,TP,fx_cross
USDCHF,2018-07-27 00:00:00+00:00,short,4,2.485697754997437,28,TP,fx_major
CADJPY,2018-07-30 00:00:00+00:00,short,4,-1.0248179439252332,1,SL,fx_cross
GBPCHF,2018-08-01 00:00:00+00:00,short,4,2.4685108808290153,5,TP,fx_cross
HG,2018-08-01 00:00:00+00:00,long,1,-1.0067938461538462,0,SAME_BAR_SL,metals
CHFJPY,2018-08-02 00:00:00+00:00,long,2,-1.0172595819581958,7,SL,fx_cross
YM,2018-08-02 00:00:00+00:00,long,1,-1.01018101010101,11,SL,indices
AUDJPY,2018-08-02 00:00:00+00:00,long,2,-1.0250168821292767,6,SL,fx_cross
NQ,2018-08-03 00:00:00+00:00,short,3,-1.0038349514563107,20,SL,indices
ES,2018-08-03 00:00:00+00:00,short,3,-1.0153113924050632,2,SL,indices
NZDCAD,2018-08-03 00:00:00+00:00,long,2,-1.0141011737629457,5,SL,fx_cross
AUDNZD,2018-08-08 00:00:00+00:00,short,3,-1.0341723859552112,0,SAME_BAR_SL,fx_cross
HG,2018-08-09 00:00:00+00:00,short,4,2.4965334368932037,5,TP,metals
AUDNZD,2018-08-09 00:00:00+00:00,short,4,2.490211838396492,76,TP,fx_cross
AUDCAD,2018-08-09 00:00:00+00:00,long,1,-1.0546363488843802,1,SL,fx_cross
GBPUSD,2018-08-10 00:00:00+00:00,long,1,-1.0349159794570806,4,SL,fx_major
USDCAD,2018-08-10 00:00:00+00:00,short,3,2.4642876430649854,9,TP,fx_major
EURUSD,2018-08-10 00:00:00+00:00,long,1,-1.0248655585620408,0,SAME_BAR_SL,fx_major
EURUSD,2018-08-12 00:00:00+00:00,long,2,2.479708807134894,8,TP,fx_major
AUDCHF,2018-08-14 00:00:00+00:00,long,2,-1.01652660241952,13,SL,fx_cross
CADJPY,2018-08-15 00:00:00+00:00,long,2,2.4882248007968126,30,TP,fx_cross
EURCAD,2018-08-16 00:00:00+00:00,short,4,-1.0191921209344934,4,SL,fx_cross
YM,2018-08-16 00:00:00+00:00,short,4,-1.0098125547445256,0,SAME_BAR_SL,indices
AUDCAD,2018-08-16 00:00:00+00:00,short,4,2.4865266767523955,22,TP,fx_cross
NKD,2018-08-16 00:00:00+00:00,short,3,-1.0049271080139373,5,SL,indices
GBPCAD,2018-08-16 00:00:00+00:00,short,4,-1.0237330296127563,5,SL,fx_cross
EURCHF,2018-08-16 00:00:00+00:00,short,4,-1.026775857988166,1,SL,fx_cross
ES,2018-08-17 00:00:00+00:00,long,1,-1.0049656830601092,46,SL,indices
DAX,2018-08-20 00:00:00+00:00,short,4,-1.006303642172524,5,SL,indices
EURAUD,2018-08-21 00:00:00+00:00,short,4,-1.0301140669856461,1,SL,fx_cross
EURUSD,2018-08-22 00:00:00+00:00,short,3,-1.044276264485345,2,SL,fx_major
NZDCAD,2018-08-23 00:00:00+00:00,long,1,-1.0218722737505626,6,SL,fx_cross
YM,2018-08-27 00:00:00+00:00,short,4,-1.0078635028248588,20,SL,indices
GBPUSD,2018-08-27 00:00:00+00:00,short,3,-1.0314948691099475,2,SL,fx_major
GBPCHF,2018-08-29 00:00:00+00:00,short,4,-1.0508347951114303,0,SAME_BAR_SL,fx_cross
AUDJPY,2018-08-29 00:00:00+00:00,long,1,-1.0090382172701948,2,SL,fx_cross
NZDJPY,2018-08-29 00:00:00+00:00,short,4,2.485316666666667,5,TP,fx_cross
GBPAUD,2018-08-29 00:00:00+00:00,short,3,-1.0300877537336182,0,SAME_BAR_SL,fx_cross
CHFJPY,2018-08-29 00:00:00+00:00,short,4,-1.0213846483590088,0,SAME_BAR_SL,fx_cross
GBPNZD,2018-08-30 00:00:00+00:00,short,3,-1.0258430856601983,0,SAME_BAR_SL,fx_cross
EURJPY,2018-08-30 00:00:00+00:00,long,1,-1.011678999358563,4,SL,fx_cross
NZDCAD,2018-08-31 00:00:00+00:00,short,4,2.4849417199627446,26,TP,fx_cross
GBPUSD,2018-09-03 00:00:00+00:00,long,1,-1.0295101920719247,1,SL,fx_major
PA,2018-09-04 00:00:00+00:00,long,1,2.4949618666666664,12,TP,metals
EURGBP,2018-09-05 00:00:00+00:00,short,3,2.4819875631447887,11,TP,fx_cross
GBPCAD,2018-09-05 00:00:00+00:00,short,4,2.484204776711876,22,TP,fx_cross
GBPAUD,2018-09-05 00:00:00+00:00,short,3,-1.0500847737444061,0,SAME_BAR_SL,fx_cross
PL,2018-09-05 00:00:00+00:00,short,4,-1.0031012345679013,7,SL,metals
USDCHF,2018-09-05 00:00:00+00:00,long,2,-1.0217160031974417,8,SL,fx_major
GBPNZD,2018-09-05 00:00:00+00:00,short,3,2.4523361658031084,1,TP,fx_cross
HG,2018-09-06 00:00:00+00:00,short,4,2.4910383157894738,1,TP,metals
EURUSD,2018-09-07 00:00:00+00:00,long,2,-1.017321492537313,21,SL,fx_major
EURJPY,2018-09-07 00:00:00+00:00,short,4,-1.0111970416407707,5,SL,fx_cross
GBPAUD,2018-09-07 00:00:00+00:00,short,3,-1.0252912210892817,2,SL,fx_cross
EURCHF,2018-09-10 00:00:00+00:00,short,3,-1.0325478001030401,1,SL,fx_cross
NKD,2018-09-11 00:00:00+00:00,short,4,-1.008135593220339,1,SL,indices
AUDUSD,2018-09-12 00:00:00+00:00,short,4,-1.0136137669376695,6,SL,fx_major
EURCAD,2018-09-13 00:00:00+00:00,short,4,-1.0189996340102658,11,SL,fx_cross
GBPUSD,2018-09-13 00:00:00+00:00,short,4,-1.0206556756756762,5,SL,fx_major
HG,2018-09-14 00:00:00+00:00,long,1,2.4971107008547007,6,TP,metals
USDCHF,2018-09-17 00:00:00+00:00,long,1,-1.0207055941639471,4,SL,fx_major
EURAUD,2018-09-17 00:00:00+00:00,short,3,2.4646983449342623,2,TP,fx_cross
NG,2018-09-18 00:00:00+00:00,short,3,-1.0149212903225808,0,SAME_BAR_SL,commodities
AUDCAD,2018-09-19 00:00:00+00:00,short,3,2.4879743475290366,12,TP,fx_cross
EURNZD,2018-09-19 00:00:00+00:00,long,1,-1.0336301876492668,8,SL,fx_cross
AUDJPY,2018-09-19 00:00:00+00:00,short,3,-1.0294193165699541,1,SL,fx_cross
DAX,2018-09-19 00:00:00+00:00,short,4,-1.0043038855255917,6,SL,indices
NZDUSD,2018-09-20 00:00:00+00:00,short,3,2.4836414866637515,11,TP,fx_major
RTY,2018-09-20 00:00:00+00:00,short,3,2.4937641488162345,9,TP,indices
GBPNZD,2018-09-20 00:00:00+00:00,short,4,-1.015087299823872,12,SL,fx_cross
NQ,2018-09-21 00:00:00+00:00,short,3,-1.0075909867909867,8,SL,indices
EURJPY,2018-09-21 00:00:00+00:00,short,3,2.480625401459854,14,TP,fx_cross
GBPAUD,2018-09-21 00:00:00+00:00,long,2,2.489996216968011,13,TP,fx_cross
GBPCHF,2018-09-21 00:00:00+00:00,long,2,2.476298817966904,3,TP,fx_cross
CHFJPY,2018-09-21 00:00:00+00:00,short,3,2.474926191198786,5,TP,fx_cross
GBPUSD,2018-09-21 00:00:00+00:00,long,1,-1.0278749432248289,0,SAME_BAR_SL,fx_major
USDCHF,2018-09-24 00:00:00+00:00,short,4,-1.014404061998931,3,SL,fx_major
NG,2018-09-24 00:00:00+00:00,short,3,-1.0111632183908044,0,SAME_BAR_SL,commodities
SI,2018-09-25 00:00:00+00:00,short,4,-1.0065543262411347,3,SL,metals
NG,2018-09-26 00:00:00+00:00,long,1,2.4980392607802875,10,TP,commodities
EURGBP,2018-09-27 00:00:00+00:00,long,2,-1.0204958617852737,6,SL,fx_cross
CADJPY,2018-09-27 00:00:00+00:00,short,3,-1.0280980645161293,1,SL,fx_cross
EURCHF,2018-09-28 00:00:00+00:00,long,1,-1.0159987866531848,82,SL,fx_cross
CADCHF,2018-09-28 00:00:00+00:00,short,3,-1.0357963759525837,0,SAME_BAR_SL,fx_cross
CADJPY,2018-09-30 00:00:00+00:00,short,4,-1.0687401941747623,1,SL,fx_cross
PA,2018-09-30 00:00:00+00:00,long,1,-1.003591619047619,1,SL,metals
CL,2018-09-30 00:00:00+00:00,short,3,-1.0039735135135135,1,SL,commodities
EURCAD,2018-09-30 00:00:00+00:00,long,1,-1.0215462554613213,1,SL,fx_cross
GBPCHF,2018-10-01 00:00:00+00:00,short,4,2.4624671733472154,1,TP,fx_cross
DAX,2018-10-01 00:00:00+00:00,short,4,2.4941937803979366,4,TP,indices
GBPUSD,2018-10-03 00:00:00+00:00,long,2,-1.0098447193149382,23,SL,fx_major
AUDUSD,2018-10-03 00:00:00+00:00,long,2,-1.0239150569886024,1,SL,fx_major
NZDJPY,2018-10-03 00:00:00+00:00,short,4,2.485036065573771,2,TP,fx_cross
GBPCHF,2018-10-03 00:00:00+00:00,short,4,-1.0375328266527846,1,SL,fx_cross
CHFJPY,2018-10-04 00:00:00+00:00,long,1,-1.0230922613065327,3,SL,fx_cross
NZDCHF,2018-10-04 00:00:00+00:00,long,1,2.487561270718232,24,TP,fx_cross
HG,2018-10-05 00:00:00+00:00,long,1,-1.0035639595959596,20,SL,metals
AUDJPY,2018-10-05 00:00:00+00:00,long,2,-1.0196146660846792,4,SL,fx_cross
CL,2018-10-05 00:00:00+00:00,short,3,2.497192812135356,10,TP,commodities
RTY,2018-10-05 00:00:00+00:00,long,2,-1.005829596412556,4,SL,indices
EURUSD,2018-10-05 00:00:00+00:00,short,4,-1.0255295418641384,6,SL,fx_major
CADJPY,2018-10-08 00:00:00+00:00,long,2,-1.0114565789473684,2,SL,fx_cross
NQ,2018-10-09 00:00:00+00:00,short,4,2.4954206259027445,1,TP,indices
EURJPY,2018-10-09 00:00:00+00:00,long,1,-1.0160103703703705,8,SL,fx_cross
NKD,2018-10-10 00:00:00+00:00,long,1,-1.0049197350993377,0,SAME_BAR_SL,indices
USDCAD,2018-10-10 00:00:00+00:00,short,3,-1.0281512345679011,8,SL,fx_major
YM,2018-10-10 00:00:00+00:00,long,2,-1.0050026468769326,11,SL,indices
GBPCAD,2018-10-10 00:00:00+00:00,short,4,2.4815381267956327,12,TP,fx_cross
NKD,2018-10-11 00:00:00+00:00,long,1,-1.015648695652174,0,SAME_BAR_SL,indices
GBPAUD,2018-10-12 00:00:00+00:00,long,2,-1.0478037303785785,1,SL,fx_cross
CADCHF,2018-10-16 00:00:00+00:00,short,3,2.4852288176490864,43,TP,fx_cross
RTY,2018-10-18 00:00:00+00:00,long,2,-1.0029849493142518,4,SL,indices
NQ,2018-10-18 00:00:00+00:00,long,1,-1.0039396226415094,4,SL,indices
EURUSD,2018-10-19 00:00:00+00:00,long,1,-1.0280132225623073,4,SL,fx_major
EURNZD,2018-10-19 00:00:00+00:00,long,1,-1.028529270286048,0,SAME_BAR_SL,fx_cross
AUDCAD,2018-10-22 00:00:00+00:00,long,1,-1.071627548209366,0,SAME_BAR_SL,fx_cross
PA,2018-10-23 00:00:00+00:00,short,3,-1.0041516279069767,0,SAME_BAR_SL,metals
NZDCAD,2018-10-24 00:00:00+00:00,long,2,2.4560754856614238,1,TP,fx_cross
EURCAD,2018-10-24 00:00:00+00:00,long,1,-1.019389041985618,0,SAME_BAR_SL,fx_cross
NZDUSD,2018-10-24 00:00:00+00:00,long,2,-1.0397734351145052,2,SL,fx_major
GBPCAD,2018-10-25 00:00:00+00:00,long,2,2.488491574301128,17,TP,fx_cross
AUDJPY,2018-10-25 00:00:00+00:00,short,4,-1.0133691606714628,6,SL,fx_cross
AUDCAD,2018-10-25 00:00:00+00:00,short,4,-1.0287007751937982,3,SL,fx_cross
USDCAD,2018-10-25 00:00:00+00:00,short,3,-1.0239840366972477,1,SL,fx_major
USDCHF,2018-10-26 00:00:00+00:00,long,1,-1.0219248684727136,35,SL,fx_major
NZDCAD,2018-10-29 00:00:00+00:00,short,4,-1.029784978274364,1,SL,fx_cross
NZDJPY,2018-10-30 00:00:00+00:00,short,3,-1.0106274465343983,2,SL,fx_cross
YM,2018-10-30 00:00:00+00:00,short,4,-1.0036913055685541,1,SL,indices
USDCAD,2018-10-31 00:00:00+00:00,short,3,-1.0197083435911163,10,SL,fx_major
NQ,2018-10-31 00:00:00+00:00,short,4,-1.0021042470672732,2,SL,indices
EURAUD,2018-10-31 00:00:00+00:00,long,1,-1.091839999999999,1,SL,fx_cross
RTY,2018-10-31 00:00:00+00:00,short,4,-1.0033543994509266,5,SL,indices
EURGBP,2018-10-31 00:00:00+00:00,long,1,-1.045846777163904,0,SAME_BAR_SL,fx_cross
YM,2018-11-01 00:00:00+00:00,short,3,-1.0023705622608183,5,SL,indices
GBPCHF,2018-11-01 00:00:00+00:00,short,4,-1.0170802631578948,3,SL,fx_cross
NKD,2018-11-01 00:00:00+00:00,short,4,2.4980756284153007,44,TP,indices
AUDUSD,2018-11-01 00:00:00+00:00,short,4,-1.024509095324833,1,SL,fx_major
GBPAUD,2018-11-01 00:00:00+00:00,short,4,2.4899635635714996,24,TP,fx_cross
SI,2018-11-01 00:00:00+00:00,short,3,-1.0043274074074073,1,SL,metals
ES,2018-11-01 00:00:00+00:00,short,3,2.497964785133566,42,TP,indices
CHFJPY,2018-11-02 00:00:00+00:00,short,3,-1.041167291666665,4,SL,fx_cross
EURJPY,2018-11-02 00:00:00+00:00,short,4,2.4886951205762604,52,TP,fx_cross
NZDCHF,2018-11-05 00:00:00+00:00,short,4,-1.031236902581181,1,SL,fx_cross
EURUSD,2018-11-06 00:00:00+00:00,short,3,2.485933713283648,145,TP,fx_major
NZDUSD,2018-11-06 00:00:00+00:00,short,4,-1.0222142133176197,1,SL,fx_major
EURCAD,2018-11-06 00:00:00+00:00,short,4,-1.03378448913918,11,SL,fx_cross
NZDJPY,2018-11-07 00:00:00+00:00,short,4,-1.009811592356688,18,SL,fx_cross
AUDUSD,2018-11-09 00:00:00+00:00,long,1,-1.0185040695016008,2,SL,fx_major
HG,2018-11-12 00:00:00+00:00,long,2,2.4947313230769232,4,TP,metals
EURGBP,2018-11-13 00:00:00+00:00,long,2,2.477231309244486,2,TP,fx_cross
AUDJPY,2018-11-13 00:00:00+00:00,short,4,-1.0296774725983229,1,SL,fx_cross
CHFJPY,2018-11-13 00:00:00+00:00,short,3,-1.0198805273069678,12,SL,fx_cross
DAX,2018-11-13 00:00:00+00:00,short,4,2.4939909656301147,5,TP,indices
GBPCHF,2018-11-14 00:00:00+00:00,long,2,-1.0151908875493656,1,SL,fx_cross
GBPCAD,2018-11-15 00:00:00+00:00,long,2,-1.0152936170212767,0,SAME_BAR_SL,fx_cross
GBPNZD,2018-11-15 00:00:00+00:00,short,4,2.4857058057630734,1,TP,fx_cross
CADJPY,2018-11-16 00:00:00+00:00,long,2,-1.0146091972129658,2,SL,fx_cross
EURAUD,2018-11-19 00:00:00+00:00,short,4,-1.0312756301320967,0,SAME_BAR_SL,fx_cross
AUDUSD,2018-11-19 00:00:00+00:00,long,1,-1.0086918158567775,22,SL,fx_major
AUDCHF,2018-11-19 00:00:00+00:00,long,2,-1.0335005263157901,0,SAME_BAR_SL,fx_cross
USDCAD,2018-11-20 00:00:00+00:00,short,3,-1.044578965102285,0,SAME_BAR_SL,fx_major
CADJPY,2018-11-21 00:00:00+00:00,short,4,-1.0294396063960634,4,SL,fx_cross
NZDUSD,2018-11-21 00:00:00+00:00,short,3,-1.0160702602854745,9,SL,fx_major
PA,2018-11-23 00:00:00+00:00,long,2,2.4972481240310076,6,TP,metals
EURAUD,2018-11-28 00:00:00+00:00,long,2,-1.026723968156766,2,SL,fx_cross
NQ,2018-11-28 00:00:00+00:00,short,4,-1.0022404137574348,3,SL,indices
CL,2018-11-29 00:00:00+00:00,long,2,2.4940470411985016,1,TP,commodities
SI,2018-11-29 00:00:00+00:00,short,3,2.4898584615384616,1,TP,metals
NZDCHF,2018-11-30 00:00:00+00:00,short,3,-1.0338415492957738,1,SL,fx_cross
CL,2018-12-02 00:00:00+00:00,short,4,2.4983236611489774,14,TP,commodities
YM,2018-12-02 00:00:00+00:00,short,4,2.486529918962723,2,TP,indices
AUDCHF,2018-12-02 00:00:00+00:00,short,3,-1.0316106172839503,0,SAME_BAR_SL,fx_cross
GBPNZD,2018-12-02 00:00:00+00:00,long,2,-1.012317305933361,2,SL,fx_cross
NZDJPY,2018-12-02 00:00:00+00:00,short,4,-1.0327894407158835,2,SL,fx_cross
USDCAD,2018-12-03 00:00:00+00:00,long,2,2.4674602205558003,2,TP,fx_major
SI,2018-12-03 00:00:00+00:00,short,3,-1.0101415384615384,0,SAME_BAR_SL,metals
NG,2018-12-03 00:00:00+00:00,long,2,-1.000858643434972,10,SL,commodities
HG,2018-12-04 00:00:00+00:00,long,2,-1.0031844324324324,12,SL,metals
PL,2018-12-04 00:00:00+00:00,long,2,-1.009817846153846,2,SL,metals
AUDJPY,2018-12-04 00:00:00+00:00,long,1,-1.0345386032689434,0,SAME_BAR_SL,fx_cross
RTY,2018-12-04 00:00:00+00:00,long,2,-1.0034814233841685,1,SL,indices
AUDJPY,2018-12-05 00:00:00+00:00,long,1,-1.0112594084575899,1,SL,fx_cross
CADCHF,2018-12-06 00:00:00+00:00,long,1,-1.0152554970760235,0,SAME_BAR_SL,fx_cross
CHFJPY,2018-12-07 00:00:00+00:00,short,3,-1.0401236822194195,2,SL,fx_cross
EURNZD,2018-12-07 00:00:00+00:00,short,4,-1.0417504402515736,1,SL,fx_cross
EURCAD,2018-12-09 00:00:00+00:00,short,3,-1.014390038910506,9,SL,fx_cross
GBPNZD,2018-12-10 00:00:00+00:00,long,1,2.4913732810721965,18,TP,fx_cross
GBPAUD,2018-12-10 00:00:00+00:00,long,2,2.4923501704989834,20,TP,fx_cross
CADJPY,2018-12-10 00:00:00+00:00,long,2,-1.012983806380638,7,SL,fx_cross
NZDCAD,2018-12-10 00:00:00+00:00,short,3,2.4825168228105907,20,TP,fx_cross
EURGBP,2018-12-10 00:00:00+00:00,short,3,2.4819875631447887,31,TP,fx_cross
PA,2018-12-10 00:00:00+00:00,short,3,-1.0036428985507246,8,SL,metals
USDCAD,2018-12-10 00:00:00+00:00,short,3,-1.0261951642208245,7,SL,fx_major
CADCHF,2018-12-11 00:00:00+00:00,long,1,2.452634029850745,1,TP,fx_cross
CHFJPY,2018-12-11 00:00:00+00:00,short,4,2.4480749514563103,1,TP,fx_cross
USDCHF,2018-12-12 00:00:00+00:00,short,3,2.4757643092962636,14,TP,fx_major
NZDCHF,2018-12-12 00:00:00+00:00,long,2,-1.01320408839779,1,SL,fx_cross
DAX,2018-12-12 00:00:00+00:00,short,4,-1.0021389731051344,34,SL,indices
EURNZD,2018-12-13 00:00:00+00:00,short,3,-1.0212534060440808,5,SL,fx_cross
AUDCAD,2018-12-13 00:00:00+00:00,short,4,2.485538366257341,17,TP,fx_cross
PL,2018-12-14 00:00:00+00:00,long,2,2.493534358974359,18,TP,metals
GBPUSD,2018-12-14 00:00:00+00:00,long,2,2.485260875026167,26,TP,fx_major
NZDUSD,2018-12-14 00:00:00+00:00,long,2,-1.0236482389545738,5,SL,fx_major
CHFJPY,2018-12-14 00:00:00+00:00,long,2,-1.0148641717218851,5,SL,fx_cross
AUDNZD,2018-12-17 00:00:00+00:00,long,2,-1.0140722408026757,14,SL,fx_cross
NG,2018-12-17 00:00:00+00:00,long,1,2.4967206916426514,1,TP,commodities
YM,2018-12-17 00:00:00+00:00,long,2,-1.0040019297325642,2,SL,indices
GBPCAD,2018-12-18 00:00:00+00:00,short,3,-1.0134902899165605,3,SL,fx_cross
AUDJPY,2018-12-19 00:00:00+00:00,long,1,-1.0214966618842651,0,SAME_BAR_SL,fx_cross
AUDCHF,2018-12-19 00:00:00+00:00,long,2,-1.01243459730492,1,SL,fx_cross
USDCAD,2018-12-20 00:00:00+00:00,short,3,-1.05813462365591,1,SL,fx_major
NZDCHF,2018-12-20 00:00:00+00:00,long,1,-1.0172163970588235,3,SL,fx_cross
SI,2018-12-21 00:00:00+00:00,long,1,2.494618181818182,6,TP,metals
NQ,2018-12-21 00:00:00+00:00,long,2,-1.0047499147381243,2,SL,indices
ES,2018-12-24 00:00:00+00:00,long,2,-1.0080246153846153,1,SL,indices
NG,2018-12-24 00:00:00+00:00,long,1,-1.0007232791151595,5,SL,commodities
GBPCHF,2018-12-24 00:00:00+00:00,short,4,2.435963669391461,1,TP,fx_cross
NQ,2018-12-25 00:00:00+00:00,long,2,2.4943421482602117,1,TP,indices
NZDCHF,2018-12-26 00:00:00+00:00,short,4,2.4792032962138086,6,TP,fx_cross
CADCHF,2018-12-26 00:00:00+00:00,short,4,2.4794029405840887,2,TP,fx_cross
AUDCHF,2018-12-26 00:00:00+00:00,short,4,2.4858311496746204,6,TP,fx_cross
CADJPY,2018-12-26 00:00:00+00:00,short,4,-1.0502432491767288,0,SAME_BAR_SL,fx_cross
CL,2018-12-26 00:00:00+00:00,short,4,-1.0035711056511056,0,SAME_BAR_SL,commodities
NKD,2018-12-26 00:00:00+00:00,short,4,-1.0029631850117096,10,SL,indices
YM,2018-12-27 00:00:00+00:00,short,4,-1.0013415833637358,18,SL,indices
HG,2018-12-27 00:00:00+00:00,long,2,-1.0050381176470589,3,SL,metals
ES,2018-12-27 00:00:00+00:00,short,4,-1.001425702739111,17,SL,indices
NQ,2018-12-27 00:00:00+00:00,short,4,-1.0013213951203537,16,SL,indices
GBPCHF,2018-12-28 00:00:00+00:00,long,2,2.464670563165907,2,TP,fx_cross
CHFJPY,2018-12-28 00:00:00+00:00,short,4,2.4785086648501364,4,TP,fx_cross
NG,2018-12-31 00:00:00+00:00,long,2,-1.0094807843137252,0,SAME_BAR_SL,commodities
EURAUD,2018-12-31 00:00:00+00:00,long,1,2.4867211251098738,2,TP,fx_cross
NZDUSD,2019-01-02 00:00:00+00:00,long,1,-1.0242012970168608,0,SAME_BAR_SL,fx_major
GBPCHF,2019-01-02 00:00:00+00:00,long,2,2.48952350117362,12,TP,fx_cross
EURNZD,2019-01-02 00:00:00+00:00,short,4,-1.029839402055435,0,SAME_BAR_SL,fx_cross
GBPNZD,2019-01-02 00:00:00+00:00,long,1,-1.0382034582132569,0,SAME_BAR_SL,fx_cross
GBPCAD,2019-01-02 00:00:00+00:00,long,1,-1.0387826309476225,0,SAME_BAR_SL,fx_cross
EURCAD,2019-01-02 00:00:00+00:00,long,1,-1.0153068639887246,1,SL,fx_cross
SI,2019-01-03 00:00:00+00:00,short,4,-1.0076995419847328,0,SAME_BAR_SL,metals
GBPNZD,2019-01-03 00:00:00+00:00,short,3,-1.0094599249061327,12,SL,fx_cross
AUDNZD,2019-01-03 00:00:00+00:00,short,3,-1.0238406176351076,1,SL,fx_cross
USDCAD,2019-01-03 00:00:00+00:00,long,1,-1.0134388057579526,3,SL,fx_major
NZDCHF,2019-01-03 00:00:00+00:00,short,4,-1.0184878557114228,1,SL,fx_cross
CADJPY,2019-01-04 00:00:00+00:00,short,4,-1.0304790243902426,0,SAME_BAR_SL,fx_cross
CADCHF,2019-01-04 00:00:00+00:00,short,4,-1.0187107524932002,5,SL,fx_cross
AUDJPY,2019-01-04 00:00:00+00:00,short,4,-1.0224373138990104,2,SL,fx_cross
RTY,2019-01-04 00:00:00+00:00,short,4,-1.0043051996105161,2,SL,indices
EURAUD,2019-01-04 00:00:00+00:00,long,1,-1.013278874890126,0,SAME_BAR_SL,fx_cross
NZDCHF,2019-01-07 00:00:00+00:00,long,2,-1.0072972104018914,136,SL,fx_cross
AUDUSD,2019-01-10 00:00:00+00:00,short,3,-1.105485235602102,1,SL,fx_major
USDCHF,2019-01-10 00:00:00+00:00,short,4,-1.0391688445078462,0,SAME_BAR_SL,fx_major
NG,2019-01-14 00:00:00+00:00,short,3,2.4991389133627018,13,TP,commodities
PL,2019-01-14 00:00:00+00:00,long,2,-1.0025003285024154,27,SL,metals
NZDUSD,2019-01-15 00:00:00+00:00,short,3,2.476930156438026,2,TP,fx_major
GBPJPY,2019-01-16 00:00:00+00:00,short,3,-1.0116502781932397,1,SL,fx_cross
EURJPY,2019-01-16 00:00:00+00:00,short,4,-1.0196611312217194,8,SL,fx_cross
GBPUSD,2019-01-16 00:00:00+00:00,short,3,-1.0156059735185583,1,SL,fx_major
GBPAUD,2019-01-16 00:00:00+00:00,short,4,-1.0093008467590858,1,SL,fx_cross
GBPCAD,2019-01-16 00:00:00+00:00,short,3,-1.0187573574518285,1,SL,fx_cross
EURAUD,2019-01-16 00:00:00+00:00,long,1,2.4875180608793688,104,TP,fx_cross
AUDCHF,2019-01-17 00:00:00+00:00,short,4,-1.0258570763260033,11,SL,fx_cross
NQ,2019-01-22 00:00:00+00:00,long,1,-1.005853242134063,1,SL,indices
GBPCAD,2019-01-22 00:00:00+00:00,short,3,-1.0095544751381216,32,SL,fx_cross
AUDJPY,2019-01-22 00:00:00+00:00,long,1,2.4881026587086272,73,TP,fx_cross
GBPUSD,2019-01-23 00:00:00+00:00,short,3,-1.0186005316973417,0,SAME_BAR_SL,fx_major
EURGBP,2019-01-24 00:00:00+00:00,long,2,2.477231309244486,10,TP,fx_cross
PA,2019-01-24 00:00:00+00:00,long,1,-1.0061044148148148,1,SL,metals
EURCAD,2019-01-25 00:00:00+00:00,short,3,2.4833488635469916,135,TP,fx_cross
GBPJPY,2019-01-25 00:00:00+00:00,short,4,2.4806453511705686,9,TP,fx_cross
GBPCHF,2019-01-25 00:00:00+00:00,short,3,2.4635585082048728,6,TP,fx_cross
NZDUSD,2019-01-25 00:00:00+00:00,short,3,-1.023069843561974,4,SL,fx_major
HG,2019-01-30 00:00:00+00:00,short,4,-1.0090157948717948,0,SAME_BAR_SL,metals
EURNZD,2019-01-31 00:00:00+00:00,long,2,-1.0328747346072193,4,SL,fx_cross
CADJPY,2019-02-01 00:00:00+00:00,short,4,-1.0257032599118938,0,SAME_BAR_SL,fx_cross
GBPNZD,2019-02-01 00:00:00+00:00,long,2,2.4919989459336667,76,TP,fx_cross
EURJPY,2019-02-01 00:00:00+00:00,short,4,-1.0429639119804395,2,SL,fx_cross
CHFJPY,2019-02-03 00:00:00+00:00,long,2,-1.0131531882202305,6,SL,fx_cross
GBPAUD,2019-02-06 00:00:00+00:00,short,4,-1.016583575767526,0,SAME_BAR_SL,fx_cross
NZDUSD,2019-02-06 00:00:00+00:00,long,1,-1.0190817495029822,0,SAME_BAR_SL,fx_major
USDCAD,2019-02-07 00:00:00+00:00,short,3,-1.020454146073586,23,SL,fx_major
DAX,2019-02-07 00:00:00+00:00,long,1,-1.0033705568554048,1,SL,indices
CADJPY,2019-02-07 00:00:00+00:00,long,2,2.429661951219513,1,TP,fx_cross
GBPAUD,2019-02-07 00:00:00+00:00,short,4,2.4806478100263853,6,TP,fx_cross
NG,2019-02-07 00:00:00+00:00,long,2,-1.0065285039370078,0,SAME_BAR_SL,commodities
NG,2019-02-10 00:00:00+00:00,short,4,-1.0030218439716312,1,SL,commodities
USDCHF,2019-02-10 00:00:00+00:00,short,3,-1.0163181923522597,58,SL,fx_major
NZDUSD,2019-02-11 00:00:00+00:00,long,2,2.465802395644284,1,TP,fx_major
RTY,2019-02-11 00:00:00+00:00,short,3,-1.00947125,1,SL,indices
AUDNZD,2019-02-12 00:00:00+00:00,long,2,-1.0188931828442436,2,SL,fx_cross
CADJPY,2019-02-13 00:00:00+00:00,short,3,2.463968885472713,1,TP,fx_cross
RTY,2019-02-13 00:00:00+00:00,short,3,-1.004733973128599,2,SL,indices
NZDJPY,2019-02-13 00:00:00+00:00,short,3,-1.0192473224043708,3,SL,fx_cross
EURNZD,2019-02-14 00:00:00+00:00,long,2,-1.0213241697416975,31,SL,fx_cross
EURGBP,2019-02-15 00:00:00+00:00,long,1,-1.0210297821443826,3,SL,fx_cross
NZDUSD,2019-02-17 00:00:00+00:00,short,3,2.4865296715583503,50,TP,fx_major
GBPCHF,2019-02-17 00:00:00+00:00,short,3,-1.026527134502924,2,SL,fx_cross
EURJPY,2019-02-18 00:00:00+00:00,short,3,-1.0281657924376497,1,SL,fx_cross
CADJPY,2019-02-19 00:00:00+00:00,short,3,-1.0332134372785258,0,SAME_BAR_SL,fx_cross
RTY,2019-02-19 00:00:00+00:00,short,3,-1.0083832558139536,3,SL,indices
CL,2019-02-20 00:00:00+00:00,short,3,-1.003161178509532,18,SL,commodities
SI,2019-02-21 00:00:00+00:00,long,1,-1.0087393103448277,6,SL,metals
GBPAUD,2019-02-21 00:00:00+00:00,short,4,-1.0193521899736147,4,SL,fx_cross
CADCHF,2019-02-22 00:00:00+00:00,short,3,2.4350519512195157,3,TP,fx_cross
AUDUSD,2019-02-22 00:00:00+00:00,short,3,2.486157621023513,61,TP,fx_major
PL,2019-02-22 00:00:00+00:00,short,4,-1.0055007346938776,2,SL,metals
HG,2019-02-22 00:00:00+00:00,short,4,-1.0049313684210526,2,SL,metals
EURCHF,2019-02-22 00:00:00+00:00,long,2,-1.053073110367892,23,SL,fx_cross
AUDCHF,2019-02-25 00:00:00+00:00,short,3,-1.0151166201433421,43,SL,fx_cross
AUDCAD,2019-02-25 00:00:00+00:00,short,3,-1.021132219112355,20,SL,fx_cross
GBPCHF,2019-02-27 00:00:00+00:00,short,4,2.4856897239263804,19,TP,fx_cross
PL,2019-02-27 00:00:00+00:00,short,3,2.4923366575342465,4,TP,metals
CADJPY,2019-02-28 00:00:00+00:00,short,4,-1.0584740813810085,1,SL,fx_cross
SI,2019-03-01 00:00:00+00:00,long,1,-1.0057730994152045,0,SAME_BAR_SL,metals
CHFJPY,2019-03-01 00:00:00+00:00,short,4,2.453047185628745,4,TP,fx_cross
CADCHF,2019-03-04 00:00:00+00:00,long,2,-1.0303054545454542,2,SL,fx_cross
NZDCAD,2019-03-04 00:00:00+00:00,short,3,-1.0298785185185186,2,SL,fx_cross
HG,2019-03-04 00:00:00+00:00,long,1,-1.0049672533333334,16,SL,metals
PL,2019-03-06 00:00:00+00:00,long,1,-1.0062441411764707,1,SL,metals
RTY,2019-03-06 00:00:00+00:00,long,1,-1.0091965735567971,1,SL,indices
CHFJPY,2019-03-07 00:00:00+00:00,long,2,-1.0240141686001545,0,SAME_BAR_SL,fx_cross
ES,2019-03-07 00:00:00+00:00,long,1,-1.00738750524109,1,SL,indices
YM,2019-03-07 00:00:00+00:00,long,1,-1.0076443111527649,1,SL,indices
EURJPY,2019-03-07 00:00:00+00:00,long,2,-1.0175662418464626,13,SL,fx_cross
PL,2019-03-11 00:00:00+00:00,long,1,2.4929816216216216,1,TP,metals
EURGBP,2019-03-11 00:00:00+00:00,long,1,-1.013518519349411,0,SAME_BAR_SL,fx_cross
EURGBP,2019-03-12 00:00:00+00:00,short,3,2.479578224852071,1,TP,fx_cross
YM,2019-03-12 00:00:00+00:00,long,2,-1.0038842424242425,66,SL,indices
GBPCAD,2019-03-12 00:00:00+00:00,long,2,2.4735390909090915,1,TP,fx_cross
GBPAUD,2019-03-12 00:00:00+00:00,long,2,2.4753415824594853,1,TP,fx_cross
NG,2019-03-15 00:00:00+00:00,long,2,-1.004123133640553,5,SL,commodities
SI,2019-03-18 00:00:00+00:00,short,3,-1.0055872727272728,3,SL,metals
NQ,2019-03-19 00:00:00+00:00,short,4,-1.003153980647314,13,SL,indices
USDCAD,2019-03-20 00:00:00+00:00,short,4,-1.0216106063243395,1,SL,fx_major
CL,2019-03-20 00:00:00+00:00,short,4,-1.0026706834030683,10,SL,commodities
PL,2019-03-20 00:00:00+00:00,short,4,-1.0221056,0,SAME_BAR_SL,metals
DAX,2019-03-20 00:00:00+00:00,long,1,-1.0177311848341233,0,SAME_BAR_SL,indices
NZDJPY,2019-03-21 00:00:00+00:00,long,2,-1.0278497916666656,1,SL,fx_cross
ES,2019-03-22 00:00:00+00:00,long,1,-1.0061999318568995,0,SAME_BAR_SL,indices
RTY,2019-03-22 00:00:00+00:00,long,2,-1.0068150627615062,0,SAME_BAR_SL,indices
NKD,2019-03-22 00:00:00+00:00,long,2,2.495825093167702,18,TP,indices
SI,2019-03-22 00:00:00+00:00,long,1,-1.0069968794326243,5,SL,metals
EURNZD,2019-03-25 00:00:00+00:00,long,2,-1.0448093059628545,1,SL,fx_cross
PA,2019-03-26 00:00:00+00:00,long,2,-1.0049168484848485,1,SL,metals
NZDJPY,2019-03-27 00:00:00+00:00,long,2,-1.0447786892177577,0,SAME_BAR_SL,fx_cross
EURNZD,2019-03-27 00:00:00+00:00,short,3,-1.0189800492206729,8,SL,fx_cross
NZDCAD,2019-03-27 00:00:00+00:00,long,2,-1.0166332379713914,4,SL,fx_cross
RTY,2019-03-29 00:00:00+00:00,short,4,-1.0039312836767036,6,SL,indices
DAX,2019-04-01 00:00:00+00:00,short,4,-1.012972867132867,0,SAME_BAR_SL,indices
GBPUSD,2019-04-03 00:00:00+00:00,short,3,2.4835332262382868,18,TP,fx_major
PL,2019-04-04 00:00:00+00:00,short,4,-1.0035496296296296,3,SL,metals
NQ,2019-04-08 00:00:00+00:00,short,3,-1.0047924594992637,12,SL,indices
RTY,2019-04-10 00:00:00+00:00,short,3,-1.012737934508816,2,SL,indices
USDCAD,2019-04-11 00:00:00+00:00,short,3,-1.0385361894953633,10,SL,fx_major
GBPAUD,2019-04-12 00:00:00+00:00,long,1,2.4842982064297803,17,TP,fx_cross
EURJPY,2019-04-12 00:00:00+00:00,short,3,2.4523336742934085,9,TP,fx_cross
EURNZD,2019-04-12 00:00:00+00:00,long,1,2.483574775280899,22,TP,fx_cross
AUDNZD,2019-04-16 00:00:00+00:00,short,4,-1.0270349477510223,0,SAME_BAR_SL,fx_cross
NZDJPY,2019-04-16 00:00:00+00:00,long,2,-1.0125913230035755,5,SL,fx_cross
CL,2019-04-17 00:00:00+00:00,long,2,2.4950431067961163,4,TP,commodities
NZDCAD,2019-04-17 00:00:00+00:00,short,4,2.4843442039800996,25,TP,fx_cross
ES,2019-04-18 00:00:00+00:00,short,3,-1.0142180152671756,3,SL,indices
AUDJPY,2019-04-22 00:00:00+00:00,long,1,-1.0320906973400414,1,SL,fx_cross
AUDCAD,2019-04-23 00:00:00+00:00,long,1,-1.0311358036236116,1,SL,fx_cross
NZDJPY,2019-04-23 00:00:00+00:00,long,1,-1.0431269565217387,1,SL,fx_cross
EURJPY,2019-04-24 00:00:00+00:00,long,2,-1.0287986206896553,1,SL,fx_cross
GBPCHF,2019-04-24 00:00:00+00:00,long,1,2.470035685320358,8,TP,fx_cross
PA,2019-04-25 00:00:00+00:00,short,3,-1.0115638974358971,1,SL,metals
RTY,2019-04-25 00:00:00+00:00,long,2,2.4919269453376205,7,TP,indices
NZDJPY,2019-04-25 00:00:00+00:00,long,2,-1.018563018867924,8,SL,fx_cross
SI,2019-04-25 00:00:00+00:00,short,3,-1.0090113207547171,2,SL,metals
EURGBP,2019-04-25 00:00:00+00:00,short,3,2.471945492468134,7,TP,fx_cross
AUDNZD,2019-04-25 00:00:00+00:00,long,1,2.4566643631039526,11,TP,fx_cross
NQ,2019-04-26 00:00:00+00:00,short,3,2.4890655616139585,5,TP,indices
CHFJPY,2019-04-26 00:00:00+00:00,short,4,2.477563976608187,10,TP,fx_cross
PA,2019-04-29 00:00:00+00:00,long,1,-1.007516,0,SAME_BAR_SL,metals
GBPJPY,2019-04-30 00:00:00+00:00,short,4,-1.018066553722693,2,SL,fx_cross
EURUSD,2019-04-30 00:00:00+00:00,short,4,-1.0275239263803666,30,SL,fx_major
CADCHF,2019-04-30 00:00:00+00:00,short,3,2.4797197709923666,11,TP,fx_cross
ES,2019-05-01 00:00:00+00:00,long,1,-1.0118793690851735,0,SAME_BAR_SL,indices
USDCAD,2019-05-01 00:00:00+00:00,short,3,-1.0234165993161333,24,SL,fx_major
USDCHF,2019-05-02 00:00:00+00:00,short,3,2.4787362863534677,19,TP,fx_major
ES,2019-05-02 00:00:00+00:00,long,1,-1.0147898412698413,2,SL,indices
SI,2019-05-03 00:00:00+00:00,short,4,2.493241418439716,12,TP,metals
AUDCHF,2019-05-03 00:00:00+00:00,long,1,-1.0174920824199918,5,SL,fx_cross
HG,2019-05-05 00:00:00+00:00,long,2,-1.0093338947368422,0,SAME_BAR_SL,metals
GBPJPY,2019-05-05 00:00:00+00:00,long,1,-1.0192568083097266,2,SL,fx_cross
CL,2019-05-06 00:00:00+00:00,short,4,2.4978410300429186,20,TP,commodities
EURGBP,2019-05-07 00:00:00+00:00,short,4,-1.0340099787384822,1,SL,fx_cross
GBPUSD,2019-05-07 00:00:00+00:00,long,1,-1.0213388269623576,2,SL,fx_major
AUDJPY,2019-05-07 00:00:00+00:00,short,4,2.461231190053287,1,TP,fx_cross
GBPCHF,2019-05-08 00:00:00+00:00,long,1,-1.041911081081081,0,SAME_BAR_SL,fx_cross
ES,2019-05-08 00:00:00+00:00,short,4,2.4958946341463415,20,TP,indices
NQ,2019-05-08 00:00:00+00:00,short,4,2.4960567080496596,4,TP,indices
GBPCHF,2019-05-09 00:00:00+00:00,long,2,-1.0264684772482986,2,SL,fx_cross
AUDCAD,2019-05-09 00:00:00+00:00,long,2,-1.0367979874213824,3,SL,fx_cross
GBPJPY,2019-05-09 00:00:00+00:00,long,1,-1.0447542217245283,0,SAME_BAR_SL,fx_cross
GBPNZD,2019-05-10 00:00:00+00:00,long,1,-1.0309777028924458,4,SL,fx_cross
NZDUSD,2019-05-10 00:00:00+00:00,short,4,2.4763408962868114,9,TP,fx_major
GBPCAD,2019-05-10 00:00:00+00:00,long,2,-1.021747206405694,4,SL,fx_cross
NG,2019-05-10 00:00:00+00:00,short,4,2.483741538461539,1,TP,commodities
NKD,2019-05-12 00:00:00+00:00,short,4,2.493839279279279,16,TP,indices
NG,2019-05-13 00:00:00+00:00,short,4,-1.016258461538461,1,SL,commodities
DAX,2019-05-15 00:00:00+00:00,short,3,-1.0059861300309598,1,SL,indices
NQ,2019-05-15 00:00:00+00:00,short,4,2.496171442193087,14,TP,indices
RTY,2019-05-16 00:00:00+00:00,short,4,2.4954262271062273,11,TP,indices
GBPCAD,2019-05-17 00:00:00+00:00,long,2,-1.0784063947797748,0,SAME_BAR_SL,fx_cross
EURGBP,2019-05-17 00:00:00+00:00,short,4,-1.082962436548216,0,SAME_BAR_SL,fx_cross
GBPCAD,2019-05-20 00:00:00+00:00,long,2,-1.014744827586207,2,SL,fx_cross
GBPAUD,2019-05-20 00:00:00+00:00,long,1,-1.0222223123382221,7,SL,fx_cross
DAX,2019-05-20 00:00:00+00:00,long,1,-1.0031789905621666,9,SL,indices
CHFJPY,2019-05-21 00:00:00+00:00,short,4,-1.0778485496183148,0,SAME_BAR_SL,fx_cross
PL,2019-05-21 00:00:00+00:00,long,1,-1.0070183783783784,1,SL,metals
NZDCAD,2019-05-21 00:00:00+00:00,long,1,2.4770565556076956,11,TP,fx_cross
GBPNZD,2019-05-22 00:00:00+00:00,long,2,-1.0322838511518009,0,SAME_BAR_SL,fx_cross
NG,2019-05-22 00:00:00+00:00,long,2,-1.0050350617283952,8,SL,commodities
HG,2019-05-22 00:00:00+00:00,long,2,-1.0041771707317073,9,SL,metals
GBPJPY,2019-05-22 00:00:00+00:00,long,2,-1.0199818699186995,0,SAME_BAR_SL,fx_cross
CADCHF,2019-05-23 00:00:00+00:00,long,1,-1.0377630379746834,6,SL,fx_cross
EURCHF,2019-05-23 00:00:00+00:00,long,1,-1.053695918018788,1,SL,fx_cross
AUDCAD,2019-05-23 00:00:00+00:00,short,3,-1.0398183154670742,3,SL,fx_cross
AUDUSD,2019-05-24 00:00:00+00:00,short,3,-1.035609714811407,6,SL,fx_major
NZDUSD,2019-05-26 00:00:00+00:00,short,4,-1.0287525137039935,7,SL,fx_major
USDCHF,2019-05-28 00:00:00+00:00,short,3,2.4616080434782646,4,TP,fx_major
EURAUD,2019-05-28 00:00:00+00:00,long,2,-1.0340531024096387,2,SL,fx_cross
EURNZD,2019-05-28 00:00:00+00:00,long,2,-1.0610754022988522,5,SL,fx_cross
SI,2019-05-28 00:00:00+00:00,long,2,-1.0076588429752065,0,SAME_BAR_SL,metals
RTY,2019-05-30 00:00:00+00:00,long,2,-1.0141956626506026,1,SL,indices
PA,2019-05-31 00:00:00+00:00,long,1,-1.003120347826087,2,SL,metals
NKD,2019-05-31 00:00:00+00:00,long,2,2.494912373540856,7,TP,indices
ES,2019-06-02 00:00:00+00:00,long,2,2.4935660694698356,4,TP,indices
AUDNZD,2019-06-03 00:00:00+00:00,long,1,-1.026840995024876,2,SL,fx_cross
SI,2019-06-03 00:00:00+00:00,short,4,-1.005190718232044,2,SL,metals
CHFJPY,2019-06-03 00:00:00+00:00,short,4,-1.0249439080459772,2,SL,fx_cross
NQ,2019-06-03 00:00:00+00:00,long,2,2.4951400431965443,4,TP,indices
DAX,2019-06-04 00:00:00+00:00,short,4,-1.0119143485086342,0,SAME_BAR_SL,indices
YM,2019-06-05 00:00:00+00:00,short,4,-1.0087185485592316,1,SL,indices
EURNZD,2019-06-05 00:00:00+00:00,long,1,2.475992477249747,5,TP,fx_cross
EURUSD,2019-06-05 00:00:00+00:00,short,4,-1.032709565217392,2,SL,fx_major
NZDCAD,2019-06-06 00:00:00+00:00,long,2,-1.010866894437144,4,SL,fx_cross
PL,2019-06-06 00:00:00+00:00,short,3,-1.0018005034965034,19,SL,metals
GBPCAD,2019-06-07 00:00:00+00:00,short,4,2.4715454393305447,9,TP,fx_cross
EURGBP,2019-06-07 00:00:00+00:00,long,1,2.481713869900772,44,TP,fx_cross
NZDUSD,2019-06-10 00:00:00+00:00,long,1,-1.0648464335664367,0,SAME_BAR_SL,fx_major
GBPNZD,2019-06-10 00:00:00+00:00,short,4,-1.0316288528457684,1,SL,fx_cross
GBPNZD,2019-06-12 00:00:00+00:00,short,4,2.4839489927310487,13,TP,fx_cross
CHFJPY,2019-06-12 00:00:00+00:00,long,1,-1.0315358677685944,2,SL,fx_cross
EURUSD,2019-06-13 00:00:00+00:00,long,1,-1.0169436436812451,4,SL,fx_major
NZDUSD,2019-06-14 00:00:00+00:00,long,2,-1.0331192740471862,0,SAME_BAR_SL,fx_major
EURJPY,2019-06-14 00:00:00+00:00,long,1,-1.0263724052590872,3,SL,fx_cross
PA,2019-06-14 00:00:00+00:00,short,3,-1.0094520816326529,0,SAME_BAR_SL,metals
AUDCAD,2019-06-16 00:00:00+00:00,short,4,2.4635125988700564,3,TP,fx_cross
DAX,2019-06-18 00:00:00+00:00,short,3,-1.0502807643312102,0,SAME_BAR_SL,indices
NQ,2019-06-18 00:00:00+00:00,short,4,-1.0039432919503404,11,SL,indices
NZDJPY,2019-06-19 00:00:00+00:00,long,2,2.4796647482014387,6,TP,fx_cross
NZDCHF,2019-06-19 00:00:00+00:00,long,2,-1.0294389644012951,1,SL,fx_cross
EURJPY,2019-06-20 00:00:00+00:00,short,3,-1.0430084237074413,2,SL,fx_cross
GBPUSD,2019-06-20 00:00:00+00:00,short,3,-1.0171581725888323,4,SL,fx_major
USDCAD,2019-06-20 00:00:00+00:00,long,1,-1.017934672489083,6,SL,fx_major
CADCHF,2019-06-20 00:00:00+00:00,long,2,-1.0319491577335378,0,SAME_BAR_SL,fx_cross
YM,2019-06-20 00:00:00+00:00,short,3,-1.009,18,SL,indices
CADJPY,2019-06-21 00:00:00+00:00,long,2,-1.0133807233166714,38,SL,fx_cross
EURNZD,2019-06-21 00:00:00+00:00,short,3,2.4646238300988648,4,TP,fx_cross
AUDCAD,2019-06-24 00:00:00+00:00,short,4,2.4548981595092014,12,TP,fx_cross
RTY,2019-06-24 00:00:00+00:00,long,2,-1.0092336842105265,1,SL,indices
GBPCHF,2019-06-25 00:00:00+00:00,short,4,2.4734714394516373,18,TP,fx_cross
CL,2019-06-25 00:00:00+00:00,short,4,-1.0029584810126582,4,SL,commodities
NG,2019-06-25 00:00:00+00:00,long,2,-1.0011488854003139,29,SL,commodities
CADCHF,2019-06-26 00:00:00+00:00,short,3,-1.0174679631181898,4,SL,fx_cross
EURAUD,2019-06-26 00:00:00+00:00,long,2,-1.041891389270976,0,SAME_BAR_SL,fx_cross
GBPUSD,2019-06-27 00:00:00+00:00,short,3,2.4811082134324396,10,TP,fx_major
RTY,2019-06-27 00:00:00+00:00,short,4,-1.011757345971564,1,SL,indices
AUDCHF,2019-06-27 00:00:00+00:00,short,4,-1.0156988119623105,4,SL,fx_cross
ES,2019-06-28 00:00:00+00:00,short,3,-1.0070131843575418,1,SL,indices
PA,2019-06-28 00:00:00+00:00,long,1,-1.0030665,29,SL,metals
DAX,2019-07-01 00:00:00+00:00,short,3,2.4941883201153567,21,TP,indices
HG,2019-07-03 00:00:00+00:00,long,2,2.4953490410958903,14,TP,metals
EURAUD,2019-07-03 00:00:00+00:00,long,2,-1.0446650569025224,0,SAME_BAR_SL,fx_cross
AUDUSD,2019-07-03 00:00:00+00:00,short,3,-1.0280861846814602,1,SL,fx_major
USDJPY,2019-07-05 00:00:00+00:00,short,3,-1.0625229629629642,2,SL,fx_major
NZDUSD,2019-07-05 00:00:00+00:00,long,1,-1.017357385620915,4,SL,fx_major
SI,2019-07-05 00:00:00+00:00,long,1,2.495845541125541,9,TP,metals
USDCAD,2019-07-08 00:00:00+00:00,long,2,2.4348134046345797,1,TP,fx_major
CL,2019-07-09 00:00:00+00:00,short,4,-1.0027232369942196,1,SL,commodities
AUDCHF,2019-07-09 00:00:00+00:00,long,1,-1.0266615767634852,17,SL,fx_cross
GBPUSD,2019-07-10 00:00:00+00:00,short,4,2.4838987132352943,16,TP,fx_major
USDJPY,2019-07-11 00:00:00+00:00,long,2,-1.0350822764227647,6,SL,fx_major
USDCHF,2019-07-11 00:00:00+00:00,long,1,-1.0551370858283413,1,SL,fx_major
EURUSD,2019-07-11 00:00:00+00:00,short,4,2.4705831765253854,11,TP,fx_major
NZDUSD,2019-07-11 00:00:00+00:00,short,3,-1.0211245146726866,3,SL,fx_major
AUDUSD,2019-07-12 00:00:00+00:00,short,3,-1.0288642584434664,5,SL,fx_major
EURAUD,2019-07-12 00:00:00+00:00,long,2,-1.0260798611111113,2,SL,fx_cross
EURJPY,2019-07-16 00:00:00+00:00,long,2,-1.0415153056234712,2,SL,fx_cross
GBPNZD,2019-07-17 00:00:00+00:00,long,2,2.4725543494423796,7,TP,fx_cross
ES,2019-07-17 00:00:00+00:00,long,2,-1.0095004975124378,12,SL,indices
NZDUSD,2019-07-18 00:00:00+00:00,short,3,-1.0353186567164192,0,SAME_BAR_SL,fx_major
YM,2019-07-18 00:00:00+00:00,short,3,2.471035761589404,1,TP,indices
NZDCAD,2019-07-18 00:00:00+00:00,short,4,-1.0238183429672445,3,SL,fx_cross
NKD,2019-07-19 00:00:00+00:00,short,4,-1.0048578723404256,4,SL,indices
USDCAD,2019-07-21 00:00:00+00:00,long,2,2.4640158661417337,5,TP,fx_major
GBPCHF,2019-07-22 00:00:00+00:00,long,2,-1.0551182022471874,0,SAME_BAR_SL,fx_cross
AUDUSD,2019-07-23 00:00:00+00:00,long,2,-1.0347239575971732,0,SAME_BAR_SL,fx_major
HG,2019-07-23 00:00:00+00:00,long,1,-1.0056928524590163,7,SL,metals
YM,2019-07-23 00:00:00+00:00,short,3,2.471035761589404,2,TP,indices
GBPJPY,2019-07-24 00:00:00+00:00,short,4,2.4805360370560985,5,TP,fx_cross
NZDCAD,2019-07-24 00:00:00+00:00,long,1,-1.0163309814323607,4,SL,fx_cross
USDCHF,2019-07-26 00:00:00+00:00,short,3,2.417185000000001,3,TP,fx_major
CHFJPY,2019-07-26 00:00:00+00:00,short,3,2.4682784297520666,5,TP,fx_cross
GBPCAD,2019-07-29 00:00:00+00:00,long,2,-1.0267912838633684,0,SAME_BAR_SL,fx_cross
USDJPY,2019-07-29 00:00:00+00:00,short,3,-1.0844203878116367,2,SL,fx_major
GBPAUD,2019-07-30 00:00:00+00:00,long,1,2.4806615384615385,4,TP,fx_cross
YM,2019-07-31 00:00:00+00:00,long,2,-1.006960064672595,1,SL,indices
EURJPY,2019-07-31 00:00:00+00:00,long,2,-1.024244020100502,1,SL,fx_cross
ES,2019-08-01 00:00:00+00:00,short,3,2.4860748014440435,1,TP,indices
EURAUD,2019-08-01 00:00:00+00:00,long,1,2.4640667408585064,1,TP,fx_cross
USDCHF,2019-08-01 00:00:00+00:00,long,1,-1.0222384012789771,1,SL,fx_major
USDJPY,2019-08-01 00:00:00+00:00,short,4,2.4818561328588378,1,TP,fx_major
GBPNZD,2019-08-01 00:00:00+00:00,long,2,2.4851499222574143,5,TP,fx_cross
NZDJPY,2019-08-01 00:00:00+00:00,long,1,-1.0205581452859354,0,SAME_BAR_SL,fx_cross
NZDCHF,2019-08-02 00:00:00+00:00,long,2,-1.0148850574712645,0,SAME_BAR_SL,fx_cross
RTY,2019-08-02 00:00:00+00:00,long,2,-1.017010174216028,2,SL,indices
NG,2019-08-02 00:00:00+00:00,long,2,-1.004227160493827,0,SAME_BAR_SL,commodities
EURUSD,2019-08-04 00:00:00+00:00,short,4,-1.0203483736120178,1,SL,fx_major
AUDNZD,2019-08-05 00:00:00+00:00,long,2,-1.0286600000000004,0,SAME_BAR_SL,fx_cross
EURNZD,2019-08-05 00:00:00+00:00,short,4,-1.0227509297912714,2,SL,fx_cross
NZDCAD,2019-08-05 00:00:00+00:00,long,1,-1.020722648323302,2,SL,fx_cross
ES,2019-08-05 00:00:00+00:00,long,1,-1.0092362189054727,0,SAME_BAR_SL,indices
SI,2019-08-05 00:00:00+00:00,short,3,-1.0033677170418007,1,SL,metals
AUDJPY,2019-08-06 00:00:00+00:00,short,4,-1.037958123827393,0,SAME_BAR_SL,fx_cross
GBPCHF,2019-08-06 00:00:00+00:00,short,4,2.436984429783222,1,TP,fx_cross
PA,2019-08-07 00:00:00+00:00,long,2,2.4929310236220474,5,TP,metals
CHFJPY,2019-08-07 00:00:00+00:00,long,2,-1.0249526436781606,14,SL,fx_cross
AUDNZD,2019-08-07 00:00:00+00:00,short,4,-1.0453751820294324,0,SAME_BAR_SL,fx_cross
AUDUSD,2019-08-08 00:00:00+00:00,short,4,-1.0229403389830505,0,SAME_BAR_SL,fx_major
EURJPY,2019-08-08 00:00:00+00:00,long,2,-1.017752419700214,13,SL,fx_cross
NZDCAD,2019-08-08 00:00:00+00:00,short,4,2.490584425332291,45,TP,fx_cross
GBPCAD,2019-08-08 00:00:00+00:00,long,2,-1.0155869252077563,1,SL,fx_cross
USDCAD,2019-08-09 00:00:00+00:00,long,1,2.46606738771769,20,TP,fx_major
EURCAD,2019-08-09 00:00:00+00:00,short,3,2.488587252264617,161,TP,fx_cross
CL,2019-08-09 00:00:00+00:00,short,4,-1.0028905436573312,3,SL,commodities
AUDUSD,2019-08-12 00:00:00+00:00,long,2,-1.0080991883810337,164,SL,fx_major
HG,2019-08-13 00:00:00+00:00,short,4,-1.0036073978494624,27,SL,metals
SI,2019-08-13 00:00:00+00:00,long,1,-1.003363926380368,0,SAME_BAR_SL,metals
USDJPY,2019-08-14 00:00:00+00:00,long,2,-1.0097216073178699,9,SL,fx_major
AUDCHF,2019-08-14 00:00:00+00:00,long,2,-1.0092554154154154,9,SL,fx_cross
USDCHF,2019-08-14 00:00:00+00:00,long,1,-1.0111254397394138,132,SL,fx_major
AUDJPY,2019-08-14 00:00:00+00:00,long,2,-1.009553019495958,9,SL,fx_cross
CL,2019-08-14 00:00:00+00:00,long,1,-1.0027968102073366,9,SL,commodities
CADJPY,2019-08-14 00:00:00+00:00,long,1,-1.009174680024535,9,SL,fx_cross
EURCHF,2019-08-15 00:00:00+00:00,short,4,-1.0215692307692303,21,SL,fx_cross
EURAUD,2019-08-15 00:00:00+00:00,long,1,-1.0167382322863405,16,SL,fx_cross
EURGBP,2019-08-16 00:00:00+00:00,long,2,-1.0241291089108917,5,SL,fx_cross
RTY,2019-08-16 00:00:00+00:00,short,4,-1.0029096224116931,21,SL,indices
NG,2019-08-18 00:00:00+00:00,long,1,2.4968058986175117,10,TP,commodities
GBPCAD,2019-08-22 00:00:00+00:00,short,4,-1.12743284916203,0,SAME_BAR_SL,fx_cross
PL,2019-08-23 00:00:00+00:00,short,4,-1.0082474029850745,0,SAME_BAR_SL,metals
GBPJPY,2019-08-23 00:00:00+00:00,long,1,-1.0133266813833701,8,SL,fx_cross
GBPCHF,2019-08-25 00:00:00+00:00,long,1,2.487000280373832,13,TP,fx_cross
GBPAUD,2019-08-25 00:00:00+00:00,short,4,2.468620110226577,1,TP,fx_cross
CADCHF,2019-08-26 00:00:00+00:00,short,3,-1.0294258890469412,1,SL,fx_cross
EURUSD,2019-08-26 00:00:00+00:00,long,2,-1.023275209580839,4,SL,fx_major
NKD,2019-08-26 00:00:00+00:00,short,3,-1.0078850299401199,4,SL,indices
AUDCAD,2019-08-26 00:00:00+00:00,short,4,-1.0292825174825166,7,SL,fx_cross
USDJPY,2019-08-26 00:00:00+00:00,short,4,-1.028055947219604,9,SL,fx_major
EURGBP,2019-08-28 00:00:00+00:00,short,4,2.484696690647482,10,TP,fx_cross
PL,2019-08-28 00:00:00+00:00,short,3,-1.0069396543209876,0,SAME_BAR_SL,metals
AUDJPY,2019-08-29 00:00:00+00:00,long,2,2.4936095753885597,53,TP,fx_cross
YM,2019-08-29 00:00:00+00:00,short,3,-1.0106600254129605,1,SL,indices
NQ,2019-08-29 00:00:00+00:00,short,3,-1.0056872055427253,5,SL,indices
ES,2019-08-29 00:00:00+00:00,short,3,-1.0151695546558706,1,SL,indices
AUDCHF,2019-08-30 00:00:00+00:00,short,3,-1.0315325994919569,3,SL,fx_cross
PA,2019-08-30 00:00:00+00:00,short,3,-1.0023130666666666,10,SL,metals
CADJPY,2019-09-03 00:00:00+00:00,long,2,2.489544690661021,7,TP,fx_cross
EURJPY,2019-09-04 00:00:00+00:00,short,4,-1.0120638999264164,1,SL,fx_cross
GBPUSD,2019-09-04 00:00:00+00:00,short,4,-1.0173438653748086,0,SAME_BAR_SL,fx_major
ES,2019-09-05 00:00:00+00:00,short,3,-1.0043046674182639,45,SL,indices
CL,2019-09-06 00:00:00+00:00,long,2,2.4983873992673993,7,TP,commodities
PL,2019-09-06 00:00:00+00:00,long,1,-1.004668527131783,10,SL,metals
GBPCAD,2019-09-06 00:00:00+00:00,long,2,2.4921376116555374,33,TP,fx_cross
EURNZD,2019-09-06 00:00:00+00:00,long,1,-1.0160993898759638,5,SL,fx_cross
SI,2019-09-06 00:00:00+00:00,long,1,-1.0062207329842932,0,SAME_BAR_SL,metals
NZDCHF,2019-09-09 00:00:00+00:00,short,4,2.482753843175218,10,TP,fx_cross
CADCHF,2019-09-09 00:00:00+00:00,short,3,-1.0331757041699454,2,SL,fx_cross
NG,2019-09-09 00:00:00+00:00,short,3,-1.002340909090909,5,SL,commodities
GBPUSD,2019-09-09 00:00:00+00:00,short,4,-1.2186490851734475,0,SAME_BAR_SL,fx_major
GBPCHF,2019-09-11 00:00:00+00:00,short,4,2.4420116694772367,1,TP,fx_cross
YM,2019-09-11 00:00:00+00:00,short,3,-1.0298071232876713,0,SAME_BAR_SL,indices
RTY,2019-09-11 00:00:00+00:00,short,3,2.4966134229993275,18,TP,indices
NZDJPY,2019-09-11 00:00:00+00:00,short,4,-1.0098336340598073,66,SL,fx_cross
NKD,2019-09-11 00:00:00+00:00,short,4,-1.0117333333333334,0,SAME_BAR_SL,indices
EURAUD,2019-09-12 00:00:00+00:00,long,2,2.4743170583165757,5,TP,fx_cross
EURCHF,2019-09-12 00:00:00+00:00,long,1,-1.054953087308729,0,SAME_BAR_SL,fx_cross
EURUSD,2019-09-12 00:00:00+00:00,short,3,-1.0179746620046615,1,SL,fx_major
AUDCHF,2019-09-12 00:00:00+00:00,short,4,2.4687487112561173,6,TP,fx_cross
AUDCAD,2019-09-12 00:00:00+00:00,short,4,-1.0466226947754336,1,SL,fx_cross
DAX,2019-09-12 00:00:00+00:00,short,3,-1.0123628660436137,1,SL,indices
NZDUSD,2019-09-13 00:00:00+00:00,long,1,-1.048128301886794,2,SL,fx_major
SI,2019-09-13 00:00:00+00:00,long,1,2.495189152542373,8,TP,metals
USDCAD,2019-09-13 00:00:00+00:00,short,3,2.4847616222859483,93,TP,fx_major
GBPJPY,2019-09-13 00:00:00+00:00,short,4,-1.0433019354838713,0,SAME_BAR_SL,fx_cross
AUDCAD,2019-09-15 00:00:00+00:00,long,1,-1.0483699333967649,4,SL,fx_cross
AUDNZD,2019-09-16 00:00:00+00:00,short,4,2.473036723063223,19,TP,fx_cross
EURUSD,2019-09-17 00:00:00+00:00,short,4,-1.012288188160255,26,SL,fx_major
NZDUSD,2019-09-18 00:00:00+00:00,long,2,-1.016580675422139,2,SL,fx_major
PA,2019-09-18 00:00:00+00:00,long,1,2.4945445217391304,2,TP,metals
YM,2019-09-23 00:00:00+00:00,long,1,-1.0048782746878546,8,SL,indices
GBPUSD,2019-09-25 00:00:00+00:00,long,2,-1.0116321237598789,11,SL,fx_major
AUDCAD,2019-09-25 00:00:00+00:00,long,1,-1.0230814705882354,5,SL,fx_cross
USDJPY,2019-09-25 00:00:00+00:00,short,4,-1.0733259367396641,0,SAME_BAR_SL,fx_major
NQ,2019-09-25 00:00:00+00:00,short,4,2.4924105295007566,6,TP,indices
NZDCHF,2019-09-27 00:00:00+00:00,long,2,2.482588634097707,22,TP,fx_cross
EURNZD,2019-09-29 00:00:00+00:00,short,4,-1.0285534426229501,1,SL,fx_cross
NG,2019-09-30 00:00:00+00:00,long,1,-1.0021978947368422,2,SL,commodities
CHFJPY,2019-09-30 00:00:00+00:00,long,2,-1.022665614296351,2,SL,fx_cross
HG,2019-09-30 00:00:00+00:00,long,2,2.497831629139073,62,TP,metals
GBPCHF,2019-10-01 00:00:00+00:00,long,1,2.473041076801267,1,TP,fx_cross
EURGBP,2019-10-01 00:00:00+00:00,short,3,2.488796234028245,12,TP,fx_cross
AUDCAD,2019-10-02 00:00:00+00:00,short,4,-1.0269747413793104,1,SL,fx_cross
CADCHF,2019-10-02 00:00:00+00:00,long,1,-1.0352202854743904,2,SL,fx_cross
EURNZD,2019-10-03 00:00:00+00:00,long,2,-1.019152967032967,25,SL,fx_cross
NG,2019-10-03 00:00:00+00:00,long,2,2.4968521585903085,1,TP,commodities
CHFJPY,2019-10-03 00:00:00+00:00,long,2,2.47674592420727,10,TP,fx_cross
NZDCAD,2019-10-03 00:00:00+00:00,long,2,2.4917023420865863,55,TP,fx_cross
GBPAUD,2019-10-04 00:00:00+00:00,long,2,-1.0393957617942773,3,SL,fx_cross
EURCHF,2019-10-08 00:00:00+00:00,long,1,2.456195197699497,2,TP,fx_cross
GBPCHF,2019-10-08 00:00:00+00:00,long,1,-1.0269589231987328,0,SAME_BAR_SL,fx_cross
GBPJPY,2019-10-09 00:00:00+00:00,short,3,-1.0224248813146686,1,SL,fx_cross
RTY,2019-10-11 00:00:00+00:00,short,4,-1.0050485211995863,8,SL,indices
CADJPY,2019-10-11 00:00:00+00:00,short,3,-1.0271461748958945,0,SAME_BAR_SL,fx_cross
GBPJPY,2019-10-11 00:00:00+00:00,short,3,-1.019245398896137,3,SL,fx_cross
GBPCHF,2019-10-11 00:00:00+00:00,short,3,-1.035115722138932,0,SAME_BAR_SL,fx_cross
AUDNZD,2019-10-15 00:00:00+00:00,short,3,-1.0292458030082479,13,SL,fx_cross
AUDCAD,2019-10-16 00:00:00+00:00,short,3,-1.012365009861933,12,SL,fx_cross
EURJPY,2019-10-17 00:00:00+00:00,short,3,-1.0921686956521681,0,SAME_BAR_SL,fx_cross
GBPCAD,2019-10-17 00:00:00+00:00,short,4,-1.0284545606694555,0,SAME_BAR_SL,fx_cross
EURAUD,2019-10-17 00:00:00+00:00,long,2,-1.024272332268371,10,SL,fx_cross
CADJPY,2019-10-17 00:00:00+00:00,short,3,-1.052230428893907,3,SL,fx_cross
GBPCHF,2019-10-17 00:00:00+00:00,short,4,-1.0159101437735012,41,SL,fx_cross
PL,2019-10-24 00:00:00+00:00,short,3,-1.0021470967741934,57,SL,metals
NG,2019-10-24 00:00:00+00:00,short,3,-1.0119174193548386,0,SAME_BAR_SL,commodities
NZDUSD,2019-10-28 00:00:00+00:00,long,1,2.4927508760465593,49,TP,fx_major
NG,2019-10-28 00:00:00+00:00,short,4,-1.0018995260663508,1,SL,commodities
AUDCHF,2019-10-28 00:00:00+00:00,short,3,-1.0229701449275361,2,SL,fx_cross
SI,2019-10-29 00:00:00+00:00,long,1,-1.004892813852814,7,SL,metals
CHFJPY,2019-10-31 00:00:00+00:00,long,2,-1.0262773287671232,19,SL,fx_cross
CL,2019-10-31 00:00:00+00:00,long,1,2.4973014330218066,15,TP,commodities
YM,2019-11-01 00:00:00+00:00,short,3,-1.0080641791044775,1,SL,indices
EURAUD,2019-11-01 00:00:00+00:00,long,2,-1.0291183799421417,3,SL,fx_cross
AUDCHF,2019-11-01 00:00:00+00:00,short,3,-1.0489386939820737,3,SL,fx_cross
EURUSD,2019-11-05 00:00:00+00:00,long,1,-1.0336876231727097,0,SAME_BAR_SL,fx_major
GBPAUD,2019-11-05 00:00:00+00:00,long,1,2.4798305782247145,8,TP,fx_cross
PA,2019-11-06 00:00:00+00:00,short,3,2.49642217721519,4,TP,metals
AUDCHF,2019-11-06 00:00:00+00:00,long,2,-1.0259773759347375,5,SL,fx_cross
DAX,2019-11-06 00:00:00+00:00,short,4,-1.0072652667814113,9,SL,indices
EURGBP,2019-11-06 00:00:00+00:00,short,4,-1.0256275172780438,1,SL,fx_cross
NKD,2019-11-07 00:00:00+00:00,short,4,-1.0102204081632653,0,SAME_BAR_SL,indices
EURUSD,2019-11-08 00:00:00+00:00,long,1,2.471284907063197,29,TP,fx_major
NKD,2019-11-11 00:00:00+00:00,long,1,-1.0403027027027028,0,SAME_BAR_SL,indices
EURGBP,2019-11-11 00:00:00+00:00,long,1,-1.0375858307210042,6,SL,fx_cross
GBPJPY,2019-11-12 00:00:00+00:00,long,2,2.4745960337005832,19,TP,fx_cross
AUDNZD,2019-11-12 00:00:00+00:00,long,2,-1.0268121816562772,0,SAME_BAR_SL,fx_cross
EURAUD,2019-11-13 00:00:00+00:00,short,4,-1.0536297983392664,1,SL,fx_cross
GBPNZD,2019-11-14 00:00:00+00:00,short,4,-1.0109458352758354,24,SL,fx_cross
EURCHF,2019-11-14 00:00:00+00:00,long,1,2.456195197699497,4,TP,fx_cross
NKD,2019-11-14 00:00:00+00:00,long,1,2.483961739130435,1,TP,indices
NQ,2019-11-20 00:00:00+00:00,long,1,2.4897076533592988,4,TP,indices
ES,2019-11-20 00:00:00+00:00,long,2,2.488428538011696,5,TP,indices
CADCHF,2019-11-21 00:00:00+00:00,short,3,-1.028678822724162,4,SL,fx_cross
GBPUSD,2019-11-25 00:00:00+00:00,short,4,-1.0222222878228777,7,SL,fx_major
RTY,2019-11-25 00:00:00+00:00,short,4,-1.0036134257975033,20,SL,indices
NKD,2019-11-25 00:00:00+00:00,short,3,-1.0101681632653061,0,SAME_BAR_SL,indices
GBPCAD,2019-11-25 00:00:00+00:00,short,3,-1.0163749880668258,7,SL,fx_cross
CADJPY,2019-11-26 00:00:00+00:00,short,3,-1.0251963198247525,4,SL,fx_cross
NG,2019-11-29 00:00:00+00:00,long,2,-1.0010329443690638,7,SL,commodities
YM,2019-12-03 00:00:00+00:00,long,1,-1.01715,0,SAME_BAR_SL,indices
AUDJPY,2019-12-03 00:00:00+00:00,short,4,-1.007093174630165,8,SL,fx_cross
GBPAUD,2019-12-03 00:00:00+00:00,long,2,2.4146286543110396,1,TP,fx_cross
ES,2019-12-03 00:00:00+00:00,long,2,-1.011571461988304,0,SAME_BAR_SL,indices
NKD,2019-12-04 00:00:00+00:00,short,3,-1.0052902127659575,7,SL,indices
EURNZD,2019-12-04 00:00:00+00:00,long,1,-1.0167201411930813,14,SL,fx_cross
EURJPY,2019-12-04 00:00:00+00:00,short,3,-1.0506120958083827,7,SL,fx_cross
SI,2019-12-04 00:00:00+00:00,long,1,-1.003983768115942,2,SL,metals
EURAUD,2019-12-04 00:00:00+00:00,short,3,-1.020860771349862,47,SL,fx_cross
AUDCAD,2019-12-05 00:00:00+00:00,long,2,2.460348387096775,6,TP,fx_cross
GBPJPY,2019-12-05 00:00:00+00:00,short,4,-1.0292047368421053,4,SL,fx_cross
NZDCHF,2019-12-05 00:00:00+00:00,long,1,-1.0179681750372946,28,SL,fx_cross
NQ,2019-12-06 00:00:00+00:00,short,3,-1.01032660268714,5,SL,indices
CADJPY,2019-12-06 00:00:00+00:00,long,2,2.481261134230926,10,TP,fx_cross
NZDCAD,2019-12-10 00:00:00+00:00,long,1,-1.0126598590446358,44,SL,fx_cross
NZDJPY,2019-12-10 00:00:00+00:00,long,1,2.4806726459143973,2,TP,fx_cross
CHFJPY,2019-12-10 00:00:00+00:00,short,3,-1.0969574842767258,0,SAME_BAR_SL,fx_cross
EURGBP,2019-12-11 00:00:00+00:00,long,2,-1.0150534265734266,1,SL,fx_cross
AUDNZD,2019-12-12 00:00:00+00:00,short,4,2.4674077512493064,5,TP,fx_cross
GBPUSD,2019-12-12 00:00:00+00:00,long,1,-1.025524322826463,0,SAME_BAR_SL,fx_major
GBPCHF,2019-12-12 00:00:00+00:00,short,4,-1.1278209722222126,0,SAME_BAR_SL,fx_cross
EURCHF,2019-12-12 00:00:00+00:00,short,3,-1.1034947651006717,0,SAME_BAR_SL,fx_cross
GBPAUD,2019-12-16 00:00:00+00:00,long,1,-1.0066475338753387,4,SL,fx_cross
NKD,2019-12-16 00:00:00+00:00,short,3,2.496390070257611,40,TP,indices
GBPNZD,2019-12-16 00:00:00+00:00,long,2,-1.008370285374554,3,SL,fx_cross
GBPCAD,2019-12-16 00:00:00+00:00,long,1,-1.0086979084268664,2,SL,fx_cross
GBPCHF,2019-12-17 00:00:00+00:00,long,2,-1.0483702826379553,2,SL,fx_cross
PA,2019-12-17 00:00:00+00:00,long,1,-1.002622440677966,3,SL,metals
SI,2019-12-24 00:00:00+00:00,short,4,-1.0023858823529412,10,SL,metals
GBPNZD,2019-12-26 00:00:00+00:00,long,2,2.4798814354421013,9,TP,fx_cross
RTY,2019-12-29 00:00:00+00:00,short,3,-1.0069774185136897,16,SL,indices
ES,2019-12-30 00:00:00+00:00,long,1,-1.024046511627907,0,SAME_BAR_SL,indices
NQ,2019-12-30 00:00:00+00:00,long,1,-1.0175603139717426,0,SAME_BAR_SL,indices
PA,2019-12-31 00:00:00+00:00,short,4,-1.003929786407767,2,SL,metals
GBPUSD,2019-12-31 00:00:00+00:00,short,4,2.4897260080143706,51,TP,fx_major
CADJPY,2019-12-31 00:00:00+00:00,short,3,-1.069289230769226,0,SAME_BAR_SL,fx_cross
ES,2020-01-01 00:00:00+00:00,short,4,-1.0313939393939393,1,SL,indices
DAX,2020-01-02 00:00:00+00:00,short,3,-1.0076463309352517,0,SAME_BAR_SL,indices
USDJPY,2020-01-02 00:00:00+00:00,long,1,-1.2228429411765243,0,SAME_BAR_SL,fx_major
EURJPY,2020-01-02 00:00:00+00:00,long,1,-1.024310351758794,1,SL,fx_cross
YM,2020-01-02 00:00:00+00:00,short,4,-1.0412468468468468,0,SAME_BAR_SL,indices
CHFJPY,2020-01-02 00:00:00+00:00,long,2,-1.0233056738644821,1,SL,fx_cross
GBPJPY,2020-01-03 00:00:00+00:00,long,2,2.446809798115747,2,TP,fx_cross
NQ,2020-01-03 00:00:00+00:00,long,2,2.4950608939526733,12,TP,indices
EURCHF,2020-01-03 00:00:00+00:00,long,2,-1.063446359832633,3,SL,fx_cross
EURGBP,2020-01-03 00:00:00+00:00,short,3,2.460846322686323,4,TP,fx_cross
YM,2020-01-03 00:00:00+00:00,long,2,-1.0073369045709704,3,SL,indices
ES,2020-01-06 00:00:00+00:00,short,4,-1.005681650618982,3,SL,indices
SI,2020-01-06 00:00:00+00:00,long,1,-1.0074687179487178,0,SAME_BAR_SL,metals
GBPJPY,2020-01-07 00:00:00+00:00,long,2,2.4725580595980583,1,TP,fx_cross
AUDNZD,2020-01-07 00:00:00+00:00,long,2,2.4632062944162443,7,TP,fx_cross
EURJPY,2020-01-07 00:00:00+00:00,long,2,-1.0178877548864234,16,SL,fx_cross
USDJPY,2020-01-07 00:00:00+00:00,short,4,-1.047816603773583,1,SL,fx_major
CL,2020-01-07 00:00:00+00:00,short,3,2.4958189641434263,1,TP,commodities
SI,2020-01-07 00:00:00+00:00,short,3,-1.006750909090909,0,SAME_BAR_SL,metals
PL,2020-01-08 00:00:00+00:00,long,1,2.4948423529411765,5,TP,metals
EURNZD,2020-01-08 00:00:00+00:00,long,1,-1.076647830342575,0,SAME_BAR_SL,fx_cross
HG,2020-01-08 00:00:00+00:00,short,3,-1.007640510638298,2,SL,metals
GBPNZD,2020-01-08 00:00:00+00:00,long,1,-1.018168110599078,4,SL,fx_cross
NZDCHF,2020-01-08 00:00:00+00:00,short,4,-1.0466257731958777,0,SAME_BAR_SL,fx_cross
NZDUSD,2020-01-08 00:00:00+00:00,short,4,2.4776450149970004,16,TP,fx_major
CHFJPY,2020-01-09 00:00:00+00:00,short,4,-1.0214913351498636,3,SL,fx_cross
NZDCHF,2020-01-09 00:00:00+00:00,long,2,-1.0103903614457832,5,SL,fx_cross
EURNZD,2020-01-09 00:00:00+00:00,short,3,-1.0186071819262779,5,SL,fx_cross
GBPAUD,2020-01-10 00:00:00+00:00,long,1,2.482405425531915,14,TP,fx_cross
GBPCHF,2020-01-13 00:00:00+00:00,long,1,-1.0094991393222164,40,SL,fx_cross
GBPCAD,2020-01-13 00:00:00+00:00,long,2,2.4549886039886046,3,TP,fx_cross
AUDJPY,2020-01-16 00:00:00+00:00,short,4,2.4732940350877195,4,TP,fx_cross
GBPJPY,2020-01-16 00:00:00+00:00,short,3,-1.091032234762983,1,SL,fx_cross
NZDJPY,2020-01-16 00:00:00+00:00,short,4,2.4710990960451977,6,TP,fx_cross
HG,2020-01-20 00:00:00+00:00,long,1,-1.00752,1,SL,metals
AUDCAD,2020-01-20 00:00:00+00:00,long,1,-1.085628395904434,1,SL,fx_cross
GBPCAD,2020-01-22 00:00:00+00:00,short,3,-1.0612913049013388,0,SAME_BAR_SL,fx_cross
AUDNZD,2020-01-23 00:00:00+00:00,long,2,2.468760086206895,15,TP,fx_cross
GBPJPY,2020-01-23 00:00:00+00:00,long,2,-1.0283246262341337,1,SL,fx_cross
CHFJPY,2020-01-24 00:00:00+00:00,long,1,-1.0385578484107574,1,SL,fx_cross
CADCHF,2020-01-24 00:00:00+00:00,short,4,2.4834198717948723,29,TP,fx_cross
AUDCAD,2020-01-26 00:00:00+00:00,long,2,-1.0365985120350119,1,SL,fx_cross
PA,2020-01-26 00:00:00+00:00,long,1,-1.001759229843562,1,SL,metals
AUDCHF,2020-01-27 00:00:00+00:00,long,2,-1.0087067044381492,4,SL,fx_cross
DAX,2020-01-27 00:00:00+00:00,long,2,-1.0033540882002383,21,SL,indices
HG,2020-01-27 00:00:00+00:00,long,2,-1.0072361739130435,2,SL,metals
SI,2020-01-28 00:00:00+00:00,long,1,2.4884433333333336,2,TP,metals
EURNZD,2020-01-30 00:00:00+00:00,short,4,-1.0485555124936254,1,SL,fx_cross
NQ,2020-01-30 00:00:00+00:00,long,2,2.4935959156492786,4,TP,indices
USDCHF,2020-01-30 00:00:00+00:00,long,1,-1.0312275545350171,1,SL,fx_major
EURUSD,2020-01-31 00:00:00+00:00,short,4,2.4668541025641013,6,TP,fx_major
EURAUD,2020-01-31 00:00:00+00:00,short,3,-1.0101627895721044,23,SL,fx_cross
USDCAD,2020-01-31 00:00:00+00:00,short,4,-1.0728446017699147,2,SL,fx_major
GBPAUD,2020-02-04 00:00:00+00:00,long,2,-1.0217745952476842,1,SL,fx_cross
RTY,2020-02-04 00:00:00+00:00,short,4,-1.0083043037974686,0,SAME_BAR_SL,indices
USDJPY,2020-02-04 00:00:00+00:00,short,4,-1.0295302702702702,1,SL,fx_major
GBPJPY,2020-02-04 00:00:00+00:00,short,3,2.4671733333333306,4,TP,fx_cross
ES,2020-02-05 00:00:00+00:00,short,4,-1.011574059945504,0,SAME_BAR_SL,indices
CADJPY,2020-02-05 00:00:00+00:00,short,4,-1.0480755046826187,0,SAME_BAR_SL,fx_cross
HG,2020-02-05 00:00:00+00:00,short,4,-1.0138346666666667,1,SL,metals
NKD,2020-02-05 00:00:00+00:00,short,4,-1.005175890410959,1,SL,indices
YM,2020-02-05 00:00:00+00:00,short,4,-1.0151011993517018,0,SAME_BAR_SL,indices
RTY,2020-02-05 00:00:00+00:00,short,4,2.4898730827067665,3,TP,indices
USDJPY,2020-02-06 00:00:00+00:00,short,4,-1.0525033447098964,11,SL,fx_major
GBPAUD,2020-02-06 00:00:00+00:00,long,1,2.477841616161616,10,TP,fx_cross
EURJPY,2020-02-07 00:00:00+00:00,long,1,-1.031553483146068,2,SL,fx_cross
NZDJPY,2020-02-07 00:00:00+00:00,long,2,2.4733461246612465,4,TP,fx_cross
CHFJPY,2020-02-07 00:00:00+00:00,long,1,-1.038540733496332,2,SL,fx_cross
AUDNZD,2020-02-11 00:00:00+00:00,long,2,-1.0253554206418038,23,SL,fx_cross
EURNZD,2020-02-12 00:00:00+00:00,long,1,-1.0303045946811922,1,SL,fx_cross
EURGBP,2020-02-12 00:00:00+00:00,long,2,-1.0764963636363643,0,SAME_BAR_SL,fx_cross
USDCAD,2020-02-12 00:00:00+00:00,long,1,2.332239457013561,1,TP,fx_major
PA,2020-02-13 00:00:00+00:00,short,3,-1.0023473532182103,3,SL,metals
USDCHF,2020-02-14 00:00:00+00:00,short,4,-1.0644203755868555,1,SL,fx_major
GBPNZD,2020-02-18 00:00:00+00:00,short,3,2.434429178632976,1,TP,fx_cross
PL,2020-02-20 00:00:00+00:00,long,2,-1.0064382680412371,3,SL,metals
AUDCHF,2020-02-21 00:00:00+00:00,long,1,-1.0227192982456144,3,SL,fx_cross
EURNZD,2020-02-21 00:00:00+00:00,short,3,-1.046417506065016,0,SAME_BAR_SL,fx_cross
AUDJPY,2020-02-21 00:00:00+00:00,long,2,-1.0218465323435835,2,SL,fx_cross
CL,2020-02-23 00:00:00+00:00,long,2,-1.002613831775701,1,SL,commodities
EURUSD,2020-02-23 00:00:00+00:00,long,2,2.4798821345707656,5,TP,fx_major
GBPJPY,2020-02-24 00:00:00+00:00,long,2,-1.0233084516880098,3,SL,fx_cross
USDCHF,2020-02-24 00:00:00+00:00,short,4,2.471116130389064,3,TP,fx_major
YM,2020-02-24 00:00:00+00:00,long,1,-1.0060508502024292,1,SL,indices
NKD,2020-02-24 00:00:00+00:00,long,1,-1.0050360283687942,3,SL,indices
SI,2020-02-25 00:00:00+00:00,long,1,-1.0058514285714286,2,SL,metals
NZDCAD,2020-02-25 00:00:00+00:00,long,2,-1.020353128515794,3,SL,fx_cross
CADJPY,2020-02-25 00:00:00+00:00,long,1,-1.0230115388421566,2,SL,fx_cross
GBPCAD,2020-02-25 00:00:00+00:00,short,4,-1.0218088396290435,3,SL,fx_cross
AUDJPY,2020-02-25 00:00:00+00:00,long,1,-1.028686896551723,1,SL,fx_cross
RTY,2020-02-25 00:00:00+00:00,long,1,-1.0040602898550726,1,SL,indices
PL,2020-02-26 00:00:00+00:00,long,2,-1.0209165714285715,0,SAME_BAR_SL,metals
GBPAUD,2020-02-27 00:00:00+00:00,long,1,-1.0219170755093887,3,SL,fx_cross
PL,2020-02-27 00:00:00+00:00,long,2,-1.004004,1,SL,metals
NZDJPY,2020-02-28 00:00:00+00:00,long,1,-1.018399922178988,0,SAME_BAR_SL,fx_cross
NKD,2020-02-28 00:00:00+00:00,long,1,-1.0087031578947367,0,SAME_BAR_SL,indices
SI,2020-02-28 00:00:00+00:00,long,2,-1.0060909090909091,0,SAME_BAR_SL,metals
EURJPY,2020-02-28 00:00:00+00:00,long,2,2.477670515740121,2,TP,fx_cross
EURGBP,2020-02-28 00:00:00+00:00,short,3,-1.0195473154906731,2,SL,fx_cross
CHFJPY,2020-02-28 00:00:00+00:00,long,2,-1.0421823956931346,0,SAME_BAR_SL,fx_cross
AUDCAD,2020-02-28 00:00:00+00:00,long,2,-1.0211881174438684,0,SAME_BAR_SL,fx_cross
CADJPY,2020-02-28 00:00:00+00:00,long,1,-1.0162843804034583,1,SL,fx_cross
USDJPY,2020-02-28 00:00:00+00:00,long,1,-1.0413601086956512,0,SAME_BAR_SL,fx_major
GBPCAD,2020-03-01 00:00:00+00:00,short,3,-1.0131074690938733,5,SL,fx_cross
EURNZD,2020-03-01 00:00:00+00:00,short,3,-1.0157115143850772,6,SL,fx_cross
CL,2020-03-02 00:00:00+00:00,long,2,-1.0009870572569908,4,SL,commodities
CHFJPY,2020-03-02 00:00:00+00:00,short,4,2.4813317897223865,6,TP,fx_cross
NZDUSD,2020-03-02 00:00:00+00:00,short,4,-1.0121530843706779,4,SL,fx_major
NZDCAD,2020-03-02 00:00:00+00:00,short,4,-1.0116590163934427,3,SL,fx_cross
NKD,2020-03-02 00:00:00+00:00,long,2,-1.00199988183161,4,SL,indices
YM,2020-03-03 00:00:00+00:00,long,2,-1.001614705420267,5,SL,indices
EURGBP,2020-03-03 00:00:00+00:00,short,4,-1.0109731565940236,7,SL,fx_cross
DAX,2020-03-03 00:00:00+00:00,long,2,-1.00163191902151,3,SL,indices
PA,2020-03-04 00:00:00+00:00,long,1,2.4963460194174756,2,TP,metals
AUDCAD,2020-03-04 00:00:00+00:00,short,4,-1.051358840579709,1,SL,fx_cross
CADJPY,2020-03-05 00:00:00+00:00,long,2,-1.0104553093389792,1,SL,fx_cross
GBPAUD,2020-03-05 00:00:00+00:00,short,3,-1.0093593450451988,3,SL,fx_cross
AUDCHF,2020-03-05 00:00:00+00:00,long,2,-1.0110896221662469,1,SL,fx_cross
NG,2020-03-05 00:00:00+00:00,short,3,-1.0006502315325247,50,SL,commodities
GBPNZD,2020-03-05 00:00:00+00:00,short,4,-1.015594074074074,2,SL,fx_cross
EURUSD,2020-03-06 00:00:00+00:00,short,4,-1.03090535731648,2,SL,fx_major
USDJPY,2020-03-06 00:00:00+00:00,long,2,-1.0169593548387097,1,SL,fx_major
GBPJPY,2020-03-06 00:00:00+00:00,long,1,-1.0111320127795527,2,SL,fx_cross
GBPCHF,2020-03-06 00:00:00+00:00,long,2,-1.0423724034869253,2,SL,fx_cross
AUDCAD,2020-03-08 00:00:00+00:00,short,3,-1.0249995613160519,0,SAME_BAR_SL,fx_cross
USDCAD,2020-03-08 00:00:00+00:00,short,3,-1.0198150682056661,0,SAME_BAR_SL,fx_major
RTY,2020-03-09 00:00:00+00:00,long,2,-1.0044666943866944,0,SAME_BAR_SL,indices
AUDCAD,2020-03-09 00:00:00+00:00,long,1,-1.0060854116775706,4,SL,fx_cross
EURJPY,2020-03-09 00:00:00+00:00,long,2,2.482518886509636,1,TP,fx_cross
NZDCAD,2020-03-09 00:00:00+00:00,long,1,-1.0251174549310715,0,SAME_BAR_SL,fx_cross
GBPUSD,2020-03-09 00:00:00+00:00,short,3,2.4515261498028886,1,TP,fx_major
EURCAD,2020-03-09 00:00:00+00:00,short,3,-1.0301937046004845,0,SAME_BAR_SL,fx_cross
AUDUSD,2020-03-09 00:00:00+00:00,long,2,-1.0057666290018832,0,SAME_BAR_SL,fx_major
NKD,2020-03-09 00:00:00+00:00,long,2,-1.0040826490066226,0,SAME_BAR_SL,indices
DAX,2020-03-09 00:00:00+00:00,long,1,-1.0041685730926033,0,SAME_BAR_SL,indices
HG,2020-03-10 00:00:00+00:00,short,4,2.491405473684211,1,TP,metals
USDJPY,2020-03-11 00:00:00+00:00,long,2,1.7636949650349707,399,EOS,fx_major
CHFJPY,2020-03-11 00:00:00+00:00,long,2,-1.0053406134969325,48,SL,fx_cross
RTY,2020-03-11 00:00:00+00:00,long,2,-1.0052877183833115,0,SAME_BAR_SL,indices
YM,2020-03-12 00:00:00+00:00,long,2,-1.0049604564907275,0,SAME_BAR_SL,indices
GBPUSD,2020-03-12 00:00:00+00:00,long,1,-1.0105782887860235,1,SL,fx_major
EURUSD,2020-03-12 00:00:00+00:00,long,1,-1.0172435842293908,0,SAME_BAR_SL,fx_major
SI,2020-03-12 00:00:00+00:00,long,2,-1.0028906371191135,0,SAME_BAR_SL,metals
PA,2020-03-12 00:00:00+00:00,long,1,-1.0036145658263305,0,SAME_BAR_SL,metals
ES,2020-03-12 00:00:00+00:00,long,1,-1.0054609150326796,0,SAME_BAR_SL,indices
AUDJPY,2020-03-13 00:00:00+00:00,short,4,2.4942995606379776,4,TP,fx_cross
PA,2020-03-13 00:00:00+00:00,long,1,2.4954030829268294,1,TP,metals
GBPCAD,2020-03-13 00:00:00+00:00,long,2,2.4549886039886046,1,TP,fx_cross
EURGBP,2020-03-13 00:00:00+00:00,short,3,-1.0195322598210812,0,SAME_BAR_SL,fx_cross
SI,2020-03-13 00:00:00+00:00,long,1,-1.0041544588744589,0,SAME_BAR_SL,metals
USDCHF,2020-03-13 00:00:00+00:00,short,4,-1.0111584406920993,4,SL,fx_major
GBPNZD,2020-03-15 00:00:00+00:00,short,4,-1.008296622886583,4,SL,fx_cross
USDCAD,2020-03-15 00:00:00+00:00,long,1,2.494116648623923,3,TP,fx_major
CADJPY,2020-03-15 00:00:00+00:00,long,2,2.4968441160017667,296,TP,fx_cross
AUDNZD,2020-03-15 00:00:00+00:00,short,4,2.4683026506024093,1,TP,fx_cross
GBPJPY,2020-03-15 00:00:00+00:00,long,2,-1.0399850980392153,1,SL,fx_cross
SI,2020-03-16 00:00:00+00:00,long,2,-1.0139636363636362,0,SAME_BAR_SL,metals
GBPUSD,2020-03-16 00:00:00+00:00,long,2,-1.0726276008492603,1,SL,fx_major
ES,2020-03-18 00:00:00+00:00,long,2,-1.0046476661514683,0,SAME_BAR_SL,indices
GBPJPY,2020-03-18 00:00:00+00:00,long,2,-1.0095253503184713,0,SAME_BAR_SL,fx_cross
EURAUD,2020-03-19 00:00:00+00:00,long,1,-1.0108564591480815,0,SAME_BAR_SL,fx_cross
NZDCHF,2020-03-19 00:00:00+00:00,short,4,-1.0039864241216048,22,SL,fx_cross
USDCHF,2020-03-19 00:00:00+00:00,short,4,-1.0288838696109361,0,SAME_BAR_SL,fx_major
GBPCAD,2020-03-19 00:00:00+00:00,short,4,-1.0060199467207915,7,SL,fx_cross
GBPJPY,2020-03-20 00:00:00+00:00,short,4,-1.003413280839895,16,SL,fx_cross
GBPCHF,2020-03-20 00:00:00+00:00,short,4,-1.0273499663299661,0,SAME_BAR_SL,fx_cross
AUDJPY,2020-03-25 00:00:00+00:00,short,4,-1.0057004393620224,28,SL,fx_cross
GBPUSD,2020-03-26 00:00:00+00:00,short,4,-1.0086697622091536,1,SL,fx_major
GBPCAD,2020-03-29 00:00:00+00:00,short,3,0.17943416761298817,399,EOS,fx_cross
EURGBP,2020-04-01 00:00:00+00:00,long,1,2.492847354051699,139,TP,fx_cross
AUDNZD,2020-04-01 00:00:00+00:00,short,4,2.4683026506024093,1,TP,fx_cross
NQ,2020-04-06 00:00:00+00:00,short,4,-1.0018102761272283,6,SL,indices
CL,2020-04-07 00:00:00+00:00,long,2,-1.0003095541401275,8,SL,commodities
EURAUD,2020-04-08 00:00:00+00:00,long,1,-1.005513641905622,13,SL,fx_cross
AUDCHF,2020-04-09 00:00:00+00:00,short,4,-1.005293268961221,12,SL,fx_cross
ES,2020-04-09 00:00:00+00:00,short,4,-1.0023074116891457,15,SL,indices
SI,2020-04-12 00:00:00+00:00,long,1,-1.0020148387096774,8,SL,metals
PL,2020-04-13 00:00:00+00:00,short,4,-1.0008464695652175,1,SL,metals
EURCAD,2020-04-13 00:00:00+00:00,long,1,2.485863009498417,16,TP,fx_cross
AUDCAD,2020-04-14 00:00:00+00:00,short,4,-1.014336707842574,7,SL,fx_cross
NZDCHF,2020-04-17 00:00:00+00:00,short,3,-1.0090370173985086,10,SL,fx_cross
NZDJPY,2020-04-20 00:00:00+00:00,short,3,-1.008373834173156,31,SL,fx_cross
CL,2020-04-22 00:00:00+00:00,short,4,-1.0001405209513023,11,SL,commodities
SI,2020-04-22 00:00:00+00:00,short,4,-1.0022117006802722,7,SL,metals
PL,2020-04-22 00:00:00+00:00,short,4,-1.0024307572815534,1,SL,metals
GBPNZD,2020-04-23 00:00:00+00:00,long,2,-1.0067910520796923,5,SL,fx_cross
HG,2020-04-23 00:00:00+00:00,short,3,-1.0074784,1,SL,metals
AUDUSD,2020-04-23 00:00:00+00:00,short,3,-1.015363499142367,3,SL,fx_major
NQ,2020-04-23 00:00:00+00:00,short,3,-1.002375644028103,5,SL,indices
AUDCHF,2020-04-27 00:00:00+00:00,short,3,-1.0160003626473253,2,SL,fx_cross
AUDUSD,2020-04-28 00:00:00+00:00,short,4,-1.0103299001996011,1,SL,fx_major
YM,2020-04-28 00:00:00+00:00,short,4,-1.0024324789522918,25,SL,indices
RTY,2020-04-28 00:00:00+00:00,short,4,-1.0012242424242423,24,SL,indices
NZDUSD,2020-04-29 00:00:00+00:00,short,3,-1.019652227979275,0,SAME_BAR_SL,fx_major
NQ,2020-04-30 00:00:00+00:00,long,1,-1.0032093583191368,2,SL,indices
EURNZD,2020-04-30 00:00:00+00:00,short,4,-1.0153304594718364,1,SL,fx_cross
AUDCHF,2020-05-01 00:00:00+00:00,long,1,2.4923058047258135,22,TP,fx_cross
CADCHF,2020-05-01 00:00:00+00:00,long,2,2.4862826990360585,22,TP,fx_cross
EURNZD,2020-05-03 00:00:00+00:00,short,3,2.4744919719719722,2,TP,fx_cross
GBPJPY,2020-05-03 00:00:00+00:00,long,2,-1.0157138175675673,3,SL,fx_cross
GBPUSD,2020-05-03 00:00:00+00:00,long,1,-1.0192148458149781,3,SL,fx_major
USDCAD,2020-05-03 00:00:00+00:00,short,3,2.4885798642991195,25,TP,fx_major
EURCHF,2020-05-04 00:00:00+00:00,long,2,2.456642586333575,12,TP,fx_cross
USDCHF,2020-05-05 00:00:00+00:00,short,4,2.48472740117746,30,TP,fx_major
EURUSD,2020-05-05 00:00:00+00:00,long,1,-1.0238329153605015,1,SL,fx_major
EURAUD,2020-05-07 00:00:00+00:00,long,2,-1.0200273145560093,16,SL,fx_cross
AUDNZD,2020-05-07 00:00:00+00:00,short,3,-1.015665031446541,5,SL,fx_cross
NQ,2020-05-07 00:00:00+00:00,short,4,-1.0043592273402675,3,SL,indices
EURNZD,2020-05-07 00:00:00+00:00,long,2,-1.0153500908950854,2,SL,fx_cross
GBPUSD,2020-05-08 00:00:00+00:00,short,4,2.47672705882353,4,TP,fx_major
NKD,2020-05-08 00:00:00+00:00,short,3,-1.003727492795389,2,SL,indices
NZDUSD,2020-05-11 00:00:00+00:00,long,1,-1.0097958811652727,3,SL,fx_major
AUDUSD,2020-05-11 00:00:00+00:00,long,1,2.489372198999117,13,TP,fx_major
AUDCAD,2020-05-12 00:00:00+00:00,short,3,2.4476090163934425,2,TP,fx_cross
EURCAD,2020-05-12 00:00:00+00:00,short,4,-1.0273522588913813,9,SL,fx_cross
NQ,2020-05-13 00:00:00+00:00,short,3,-1.003558667474258,5,SL,indices
NZDCHF,2020-05-15 00:00:00+00:00,long,2,2.4812802772963605,3,TP,fx_cross
GBPAUD,2020-05-18 00:00:00+00:00,long,2,-1.0281449906191364,0,SAME_BAR_SL,fx_cross
GBPCHF,2020-05-18 00:00:00+00:00,short,4,-1.0208572359761836,8,SL,fx_cross
NKD,2020-05-19 00:00:00+00:00,long,1,2.4985269955156952,74,TP,indices
NZDUSD,2020-05-20 00:00:00+00:00,short,3,-1.0332906976744183,5,SL,fx_major
PL,2020-05-21 00:00:00+00:00,long,1,2.496751147928994,4,TP,metals
GBPAUD,2020-05-22 00:00:00+00:00,short,4,2.476870798495908,8,TP,fx_cross
AUDUSD,2020-05-27 00:00:00+00:00,long,1,2.4899383506280723,4,TP,fx_major
CL,2020-05-28 00:00:00+00:00,short,3,-1.002544262295082,1,SL,commodities
EURCAD,2020-05-28 00:00:00+00:00,short,3,-1.0177976205385098,1,SL,fx_cross
PA,2020-05-28 00:00:00+00:00,long,1,2.495547882352941,3,TP,metals
SI,2020-05-29 00:00:00+00:00,short,3,-1.0016625392296719,34,SL,metals
NZDCHF,2020-05-29 00:00:00+00:00,long,2,2.4745255742725876,2,TP,fx_cross
ES,2020-05-29 00:00:00+00:00,long,1,2.494566789250354,4,TP,indices
GBPCHF,2020-06-01 00:00:00+00:00,short,4,-1.0168131567108225,1,SL,fx_cross
NZDUSD,2020-06-01 00:00:00+00:00,short,4,-1.0082696813783338,1,SL,fx_major
AUDCHF,2020-06-01 00:00:00+00:00,short,4,-1.0544259459459413,0,SAME_BAR_SL,fx_cross
AUDJPY,2020-06-02 00:00:00+00:00,short,4,-1.0074825423420142,0,SAME_BAR_SL,fx_cross
EURAUD,2020-06-02 00:00:00+00:00,long,1,-1.024327686527107,0,SAME_BAR_SL,fx_cross
GBPAUD,2020-06-02 00:00:00+00:00,long,2,-1.018683514951385,15,SL,fx_cross
NQ,2020-06-02 00:00:00+00:00,short,3,-1.0061936104156235,3,SL,indices
AUDCAD,2020-06-02 00:00:00+00:00,short,3,-1.0223154987212275,1,SL,fx_cross
AUDCHF,2020-06-02 00:00:00+00:00,short,4,-1.0214760490940968,0,SAME_BAR_SL,fx_cross
EURJPY,2020-06-02 00:00:00+00:00,short,4,-1.0168660455896927,1,SL,fx_cross
AUDUSD,2020-06-02 00:00:00+00:00,short,4,-1.0289205365126677,1,SL,fx_major
EURAUD,2020-06-03 00:00:00+00:00,long,1,-1.0473917306680678,0,SAME_BAR_SL,fx_cross
EURCHF,2020-06-03 00:00:00+00:00,short,4,-1.0433430372492838,1,SL,fx_cross
CADCHF,2020-06-03 00:00:00+00:00,short,4,2.4931021654291143,49,TP,fx_cross
GBPCHF,2020-06-03 00:00:00+00:00,short,3,-1.015668750865851,2,SL,fx_cross
GBPNZD,2020-06-04 00:00:00+00:00,long,1,-1.0345945713381846,1,SL,fx_cross
EURUSD,2020-06-04 00:00:00+00:00,short,3,-1.005581576014858,41,SL,fx_major
EURCAD,2020-06-04 00:00:00+00:00,short,3,-1.0146005464480872,6,SL,fx_cross
NZDJPY,2020-06-04 00:00:00+00:00,short,3,-1.0105431488906709,1,SL,fx_cross
AUDNZD,2020-06-04 00:00:00+00:00,long,1,-1.0969647665056457,0,SAME_BAR_SL,fx_cross
EURCHF,2020-06-05 00:00:00+00:00,short,3,-1.0882603762662868,0,SAME_BAR_SL,fx_cross
PL,2020-06-08 00:00:00+00:00,short,4,2.4964384415584417,3,TP,metals
AUDUSD,2020-06-08 00:00:00+00:00,short,4,2.473624450402145,1,TP,fx_major
GBPNZD,2020-06-08 00:00:00+00:00,long,2,-1.0201185645578987,9,SL,fx_cross
GBPJPY,2020-06-09 00:00:00+00:00,long,1,-1.0110111422845691,2,SL,fx_cross
GBPCHF,2020-06-09 00:00:00+00:00,long,2,-1.0219292437520286,2,SL,fx_cross
AUDNZD,2020-06-09 00:00:00+00:00,long,2,-1.0341644902634597,4,SL,fx_cross
NZDCHF,2020-06-09 00:00:00+00:00,long,1,-1.0168332295719846,2,SL,fx_cross
PA,2020-06-10 00:00:00+00:00,short,3,-1.001655113428944,28,SL,metals
RTY,2020-06-10 00:00:00+00:00,long,1,-1.0027367332549941,1,SL,indices
EURCHF,2020-06-11 00:00:00+00:00,long,1,-1.031346813186814,7,SL,fx_cross
HG,2020-06-11 00:00:00+00:00,long,1,-1.0031504905660378,3,SL,metals
EURAUD,2020-06-11 00:00:00+00:00,short,4,2.4926966556134533,179,TP,fx_cross
YM,2020-06-11 00:00:00+00:00,long,1,-1.0073019444444444,0,SAME_BAR_SL,indices
USDCHF,2020-06-11 00:00:00+00:00,long,2,-1.0051547239384133,41,SL,fx_major
ES,2020-06-11 00:00:00+00:00,long,1,-1.0054332107496464,3,SL,indices
AUDCHF,2020-06-12 00:00:00+00:00,long,1,2.4879820560747663,3,TP,fx_cross
AUDJPY,2020-06-15 00:00:00+00:00,short,4,-1.0090014636246234,31,SL,fx_cross
NZDUSD,2020-06-15 00:00:00+00:00,short,4,-1.0085905876799623,31,SL,fx_major
AUDUSD,2020-06-15 00:00:00+00:00,short,4,-1.0062456830601092,31,SL,fx_major
NZDJPY,2020-06-15 00:00:00+00:00,short,4,-1.0111312560524064,18,SL,fx_cross
GBPUSD,2020-06-16 00:00:00+00:00,short,3,-1.0097143357984115,35,SL,fx_major
AUDCAD,2020-06-16 00:00:00+00:00,long,2,2.4831443792325056,25,TP,fx_cross
CL,2020-06-16 00:00:00+00:00,short,3,-1.001148641049672,5,SL,commodities
NQ,2020-06-17 00:00:00+00:00,short,3,-1.0044075679394564,5,SL,indices
EURJPY,2020-06-18 00:00:00+00:00,long,1,-1.029370358705162,2,SL,fx_cross
GBPJPY,2020-06-18 00:00:00+00:00,long,1,2.491545242191037,37,TP,fx_cross
GBPNZD,2020-06-19 00:00:00+00:00,long,2,-1.0145174969721436,12,SL,fx_cross
GBPCHF,2020-06-19 00:00:00+00:00,long,2,-1.0420636526181342,6,SL,fx_cross
ES,2020-06-21 00:00:00+00:00,long,2,2.498087086614173,43,TP,indices
GBPAUD,2020-06-23 00:00:00+00:00,long,2,-1.024678743866536,24,SL,fx_cross
RTY,2020-06-24 00:00:00+00:00,long,2,2.4985778693273253,40,TP,indices
NZDCAD,2020-06-25 00:00:00+00:00,short,4,-1.0093489216625167,6,SL,fx_cross
EURCHF,2020-06-30 00:00:00+00:00,long,2,-1.0717393020457295,1,SL,fx_cross
CL,2020-06-30 00:00:00+00:00,short,3,-1.0015085714285714,18,SL,commodities
CHFJPY,2020-07-01 00:00:00+00:00,long,1,2.483890894308943,26,TP,fx_cross
EURCAD,2020-07-02 00:00:00+00:00,short,3,-1.0195614848553858,9,SL,fx_cross
EURJPY,2020-07-02 00:00:00+00:00,short,3,-1.0290082876712328,3,SL,fx_cross
GBPCHF,2020-07-08 00:00:00+00:00,long,1,2.481646898083865,22,TP,fx_cross
HG,2020-07-09 00:00:00+00:00,short,3,-1.0043329523809523,1,SL,metals
SI,2020-07-09 00:00:00+00:00,short,3,-1.0032961702127658,5,SL,metals
NG,2020-07-10 00:00:00+00:00,long,1,-1.0011299798792757,8,SL,commodities
HG,2020-07-12 00:00:00+00:00,short,3,-1.0033896936936937,32,SL,metals
EURJPY,2020-07-13 00:00:00+00:00,short,3,-1.018672211221122,1,SL,fx_cross
DAX,2020-07-13 00:00:00+00:00,short,3,2.4916330753564155,1,TP,indices
EURNZD,2020-07-14 00:00:00+00:00,short,4,-1.016825345035278,11,SL,fx_cross
NZDCHF,2020-07-15 00:00:00+00:00,short,3,-1.0282292985318109,0,SAME_BAR_SL,fx_cross
AUDCAD,2020-07-16 00:00:00+00:00,long,1,2.482021452817379,12,TP,fx_cross
NZDCHF,2020-07-17 00:00:00+00:00,long,2,-1.0151598594024602,7,SL,fx_cross
USDCAD,2020-07-17 00:00:00+00:00,short,3,2.47624634603373,5,TP,fx_major
NQ,2020-07-20 00:00:00+00:00,short,3,-1.0032925776618449,14,SL,indices
EURJPY,2020-07-22 00:00:00+00:00,short,3,-1.0159574169741694,8,SL,fx_cross
GBPNZD,2020-07-22 00:00:00+00:00,long,2,-1.0494056825543712,0,SAME_BAR_SL,fx_cross
PL,2020-07-22 00:00:00+00:00,short,4,-1.0029409668246445,4,SL,metals
GBPNZD,2020-07-23 00:00:00+00:00,short,3,-1.0147389294537468,4,SL,fx_cross
AUDCHF,2020-07-24 00:00:00+00:00,long,2,-1.0191999999999997,5,SL,fx_cross
AUDJPY,2020-07-24 00:00:00+00:00,long,1,2.482500406470345,29,TP,fx_cross
AUDNZD,2020-07-24 00:00:00+00:00,long,1,2.4610559374999985,4,TP,fx_cross
PL,2020-07-28 00:00:00+00:00,short,3,2.4969526857142856,2,TP,metals
PA,2020-07-29 00:00:00+00:00,long,1,-1.0110741654135338,0,SAME_BAR_SL,metals
YM,2020-07-30 00:00:00+00:00,long,1,2.4932961668003206,5,TP,indices
NZDCAD,2020-07-30 00:00:00+00:00,short,4,2.4843442039800996,10,TP,fx_cross
AUDCAD,2020-07-31 00:00:00+00:00,long,1,-1.0291829657794687,2,SL,fx_cross
CL,2020-08-03 00:00:00+00:00,short,4,-1.0045703135888502,1,SL,commodities
EURCAD,2020-08-03 00:00:00+00:00,long,1,-1.0189440551011621,7,SL,fx_cross
CHFJPY,2020-08-03 00:00:00+00:00,long,1,2.4566041453566636,2,TP,fx_cross
PL,2020-08-05 00:00:00+00:00,short,3,-1.0030473142857144,1,SL,metals
GBPCHF,2020-08-05 00:00:00+00:00,short,3,-1.010408342179207,20,SL,fx_cross
EURNZD,2020-08-05 00:00:00+00:00,short,3,-1.017473056234719,7,SL,fx_cross
NZDUSD,2020-08-05 00:00:00+00:00,short,3,2.485603765432099,13,TP,fx_major
USDCAD,2020-08-05 00:00:00+00:00,long,1,-1.041994311512414,0,SAME_BAR_SL,fx_major
CL,2020-08-06 00:00:00+00:00,long,2,-1.0009145367192862,28,SL,commodities
DAX,2020-08-06 00:00:00+00:00,short,4,2.48991842364532,1,TP,indices
EURJPY,2020-08-06 00:00:00+00:00,short,4,-1.0307426771653543,5,SL,fx_cross
USDCAD,2020-08-07 00:00:00+00:00,short,3,2.472388104527052,5,TP,fx_major
AUDCHF,2020-08-07 00:00:00+00:00,long,2,-1.0119424187256176,59,SL,fx_cross
NZDCHF,2020-08-07 00:00:00+00:00,long,2,-1.0112149407114623,4,SL,fx_cross
AUDCAD,2020-08-07 00:00:00+00:00,long,2,-1.0141739461172743,4,SL,fx_cross
YM,2020-08-10 00:00:00+00:00,short,3,-1.0103722314049586,0,SAME_BAR_SL,indices
SI,2020-08-11 00:00:00+00:00,long,1,-1.0028460431654675,1,SL,metals
GBPNZD,2020-08-11 00:00:00+00:00,short,3,-1.016946695095949,3,SL,fx_cross
ES,2020-08-11 00:00:00+00:00,short,4,-1.0073441908006815,11,SL,indices
PL,2020-08-11 00:00:00+00:00,long,1,-1.0027056355555555,8,SL,metals
DAX,2020-08-11 00:00:00+00:00,short,4,-1.0100815763546798,0,SAME_BAR_SL,indices
PA,2020-08-12 00:00:00+00:00,short,4,-1.0009863910614525,18,SL,metals
NQ,2020-08-12 00:00:00+00:00,short,4,-1.010658018018018,0,SAME_BAR_SL,indices
EURJPY,2020-08-13 00:00:00+00:00,short,3,2.46035287793953,6,TP,fx_cross
NZDCHF,2020-08-17 00:00:00+00:00,long,2,2.4745255742725876,2,TP,fx_cross
NZDJPY,2020-08-18 00:00:00+00:00,long,2,2.4840767420814482,8,TP,fx_cross
GBPUSD,2020-08-18 00:00:00+00:00,short,3,2.3746205405405343,1,TP,fx_major
CHFJPY,2020-08-19 00:00:00+00:00,long,1,-1.0167530211013895,17,SL,fx_cross
GBPNZD,2020-08-20 00:00:00+00:00,short,3,-1.0177408461416575,0,SAME_BAR_SL,fx_cross
EURNZD,2020-08-21 00:00:00+00:00,long,1,-1.0106480997798972,4,SL,fx_cross
NKD,2020-08-21 00:00:00+00:00,long,1,2.4909787654320987,3,TP,indices
GBPJPY,2020-08-21 00:00:00+00:00,long,2,-1.0182181614559027,0,SAME_BAR_SL,fx_cross
GBPAUD,2020-08-21 00:00:00+00:00,long,1,-1.0178740342298291,6,SL,fx_cross
GBPNZD,2020-08-21 00:00:00+00:00,long,1,-1.0109387284587674,6,SL,fx_cross
USDCAD,2020-08-25 00:00:00+00:00,long,2,-1.0313861904761887,2,SL,fx_major
EURJPY,2020-08-25 00:00:00+00:00,short,4,-1.0227676474400513,3,SL,fx_cross
NZDCAD,2020-08-26 00:00:00+00:00,short,3,-1.0107691446345257,2,SL,fx_cross
GBPUSD,2020-08-27 00:00:00+00:00,short,4,-1.0102739919856292,4,SL,fx_major
USDCHF,2020-08-27 00:00:00+00:00,long,2,2.4786599242742953,22,TP,fx_major
NZDUSD,2020-08-28 00:00:00+00:00,short,3,-1.0268712125534951,2,SL,fx_major
NG,2020-08-31 00:00:00+00:00,long,1,-1.001298006430868,7,SL,commodities
EURJPY,2020-09-02 00:00:00+00:00,long,1,-1.0162826199261992,5,SL,fx_cross
YM,2020-09-02 00:00:00+00:00,short,4,2.4959001237842617,5,TP,indices
NZDCHF,2020-09-02 00:00:00+00:00,short,3,2.4862548489666136,30,TP,fx_cross
AUDJPY,2020-09-02 00:00:00+00:00,long,1,-1.0159215525448555,1,SL,fx_cross
EURCAD,2020-09-03 00:00:00+00:00,short,3,-1.0185684587507995,15,SL,fx_cross
ES,2020-09-03 00:00:00+00:00,long,1,-1.0094430835117774,1,SL,indices
GBPCHF,2020-09-03 00:00:00+00:00,long,1,-1.020097445038622,4,SL,fx_cross
AUDCAD,2020-09-03 00:00:00+00:00,long,1,-1.0233678740157475,17,SL,fx_cross
AUDUSD,2020-09-03 00:00:00+00:00,long,1,-1.0173325607158077,4,SL,fx_major
NQ,2020-09-03 00:00:00+00:00,long,1,-1.0022264928909952,1,SL,indices
RTY,2020-09-04 00:00:00+00:00,short,4,2.4969062708719854,16,TP,indices
USDCAD,2020-09-04 00:00:00+00:00,long,2,2.479879879021172,14,TP,fx_major
PA,2020-09-04 00:00:00+00:00,long,1,2.496056107238606,9,TP,metals
GBPJPY,2020-09-08 00:00:00+00:00,long,2,-1.042294030501089,0,SAME_BAR_SL,fx_cross
NQ,2020-09-09 00:00:00+00:00,short,4,-1.0018567866193613,28,SL,indices
YM,2020-09-09 00:00:00+00:00,short,4,-1.003366539182602,28,SL,indices
AUDUSD,2020-09-09 00:00:00+00:00,short,4,-1.0197379631425805,1,SL,fx_major
ES,2020-09-09 00:00:00+00:00,short,4,-1.0031169186875892,28,SL,indices
AUDJPY,2020-09-09 00:00:00+00:00,short,4,2.483460160857909,10,TP,fx_cross
GBPNZD,2020-09-10 00:00:00+00:00,long,1,-1.0258552107279688,1,SL,fx_cross
NZDUSD,2020-09-10 00:00:00+00:00,short,4,-1.0156551839464887,5,SL,fx_major
HG,2020-09-14 00:00:00+00:00,short,3,-1.00784128,3,SL,metals
EURNZD,2020-09-15 00:00:00+00:00,long,2,-1.0480880933852126,1,SL,fx_cross
CL,2020-09-16 00:00:00+00:00,short,4,-1.0047706870229007,0,SAME_BAR_SL,commodities
EURUSD,2020-09-16 00:00:00+00:00,long,2,-1.022407588075881,1,SL,fx_major
GBPJPY,2020-09-17 00:00:00+00:00,long,2,-1.0204802604449266,3,SL,fx_cross
PA,2020-09-17 00:00:00+00:00,long,1,-1.0054559418181819,3,SL,metals
NZDUSD,2020-09-17 00:00:00+00:00,short,3,-1.0223563120567385,1,SL,fx_major
NG,2020-09-17 00:00:00+00:00,long,2,-1.001380355029586,0,SAME_BAR_SL,commodities
NZDCAD,2020-09-21 00:00:00+00:00,long,1,-1.0357071459381737,1,SL,fx_cross
NZDUSD,2020-09-21 00:00:00+00:00,long,1,-1.0098401465201468,1,SL,fx_major
NG,2020-09-21 00:00:00+00:00,long,2,2.4985178109452737,2,TP,commodities
NKD,2020-09-22 00:00:00+00:00,short,4,-1.0079127272727273,5,SL,indices
PA,2020-09-22 00:00:00+00:00,long,1,2.497876561085973,14,TP,metals
USDCAD,2020-09-22 00:00:00+00:00,short,3,-1.0183089194499015,2,SL,fx_major
EURCAD,2020-09-23 00:00:00+00:00,short,3,-1.0212678616658555,5,SL,fx_cross
AUDJPY,2020-09-23 00:00:00+00:00,long,2,2.4798802897151138,6,TP,fx_cross
EURCHF,2020-09-24 00:00:00+00:00,short,3,-1.1269364705882328,0,SAME_BAR_SL,fx_cross
EURCHF,2020-09-25 00:00:00+00:00,long,1,-1.020774634146342,15,SL,fx_cross
NG,2020-09-27 00:00:00+00:00,short,3,-1.0033547107438017,0,SAME_BAR_SL,commodities
GBPUSD,2020-09-28 00:00:00+00:00,short,4,-1.028452494099134,6,SL,fx_major
GBPJPY,2020-09-28 00:00:00+00:00,short,4,-1.0545640404040417,0,SAME_BAR_SL,fx_cross
CADCHF,2020-09-29 00:00:00+00:00,long,2,2.4655499641577068,8,TP,fx_cross
EURJPY,2020-09-29 00:00:00+00:00,short,4,-1.0228161264822133,5,SL,fx_cross
CL,2020-09-30 00:00:00+00:00,short,3,2.4967338775510206,2,TP,commodities
SI,2020-10-07 00:00:00+00:00,short,4,-1.0013195442594216,2,SL,metals
GBPNZD,2020-10-08 00:00:00+00:00,long,1,-1.014811209296041,5,SL,fx_cross
AUDJPY,2020-10-08 00:00:00+00:00,short,3,-1.021975722423615,1,SL,fx_cross
USDCAD,2020-10-08 00:00:00+00:00,long,1,-1.0417383295711047,1,SL,fx_major
CL,2020-10-08 00:00:00+00:00,short,3,2.495569562289562,3,TP,commodities
RTY,2020-10-08 00:00:00+00:00,short,4,2.49293153638814,11,TP,indices
USDCHF,2020-10-09 00:00:00+00:00,long,1,-1.0342208042895442,9,SL,fx_major
NG,2020-10-09 00:00:00+00:00,short,4,-1.0029266225165563,1,SL,commodities
HG,2020-10-09 00:00:00+00:00,short,3,-1.006177,9,SL,metals
AUDUSD,2020-10-09 00:00:00+00:00,short,3,-1.0284775070821528,0,SAME_BAR_SL,fx_major
PL,2020-10-09 00:00:00+00:00,short,4,-1.0024543448275862,12,SL,metals
NZDJPY,2020-10-09 00:00:00+00:00,short,3,-1.0342665270506104,0,SAME_BAR_SL,fx_cross
NZDUSD,2020-10-09 00:00:00+00:00,short,3,-1.0126259241544244,0,SAME_BAR_SL,fx_major
EURCAD,2020-10-13 00:00:00+00:00,long,2,-1.0848940254652242,0,SAME_BAR_SL,fx_cross
PA,2020-10-13 00:00:00+00:00,long,1,2.4945965217391306,6,TP,metals
GBPUSD,2020-10-14 00:00:00+00:00,short,3,-1.0263171717171713,6,SL,fx_major
CADCHF,2020-10-14 00:00:00+00:00,long,1,-1.0262031763122474,1,SL,fx_cross
NQ,2020-10-15 00:00:00+00:00,long,1,2.4906552853598014,1,TP,indices
EURCAD,2020-10-15 00:00:00+00:00,short,4,-1.0291032807782612,4,SL,fx_cross
CADCHF,2020-10-16 00:00:00+00:00,short,3,2.4781171171171175,10,TP,fx_cross
USDCAD,2020-10-19 00:00:00+00:00,long,2,-1.0265287144400421,2,SL,fx_major
AUDCHF,2020-10-19 00:00:00+00:00,long,1,2.4879820560747663,18,TP,fx_cross
NZDJPY,2020-10-19 00:00:00+00:00,short,3,-1.0214038667394865,13,SL,fx_cross
SI,2020-10-19 00:00:00+00:00,short,3,2.4975565853658535,9,TP,metals
DAX,2020-10-19 00:00:00+00:00,short,4,2.492307818012999,2,TP,indices
ES,2020-10-20 00:00:00+00:00,short,4,2.4950012175873733,7,TP,indices
NZDCAD,2020-10-20 00:00:00+00:00,long,2,2.481604500190042,5,TP,fx_cross
YM,2020-10-20 00:00:00+00:00,short,4,2.4951657325519445,6,TP,indices
CHFJPY,2020-10-20 00:00:00+00:00,short,3,-1.0136134057668198,44,SL,fx_cross
NZDUSD,2020-10-21 00:00:00+00:00,short,3,-1.024800319573901,2,SL,fx_major
USDCHF,2020-10-21 00:00:00+00:00,long,2,2.4772585181859,10,TP,fx_major
AUDUSD,2020-10-22 00:00:00+00:00,short,4,-1.012066376811594,10,SL,fx_major
USDCAD,2020-10-22 00:00:00+00:00,short,4,-1.0428266666666643,3,SL,fx_major
EURCHF,2020-10-23 00:00:00+00:00,short,4,-1.031886953748006,14,SL,fx_cross
GBPCHF,2020-10-23 00:00:00+00:00,long,2,2.4792168765743074,14,TP,fx_cross
HG,2020-10-26 00:00:00+00:00,long,1,-1.008056163265306,2,SL,metals
PL,2020-10-26 00:00:00+00:00,long,1,-1.0019593676975944,3,SL,metals
GBPUSD,2020-10-28 00:00:00+00:00,long,2,2.4853268000808573,11,TP,fx_major
EURNZD,2020-10-28 00:00:00+00:00,long,2,-1.0203795395146238,7,SL,fx_cross
EURUSD,2020-10-28 00:00:00+00:00,long,2,-1.0421726396917164,1,SL,fx_major
CADCHF,2020-10-29 00:00:00+00:00,short,4,-1.0241129824561401,3,SL,fx_cross
NZDUSD,2020-11-01 00:00:00+00:00,long,2,2.482003040935672,2,TP,fx_major
EURCAD,2020-11-02 00:00:00+00:00,long,2,-1.0173979622944245,1,SL,fx_cross
EURUSD,2020-11-03 00:00:00+00:00,short,4,2.4654060147213466,1,TP,fx_major
CL,2020-11-03 00:00:00+00:00,short,4,-1.0020528903654484,5,SL,commodities
SI,2020-11-03 00:00:00+00:00,short,4,-1.0035691743119266,2,SL,metals
USDCHF,2020-11-03 00:00:00+00:00,long,1,2.451292836676217,1,TP,fx_major
NQ,2020-11-04 00:00:00+00:00,short,4,-1.005628760699665,1,SL,indices
EURJPY,2020-11-04 00:00:00+00:00,long,2,2.4707308904109593,4,TP,fx_cross
EURGBP,2020-11-04 00:00:00+00:00,short,4,-1.0174449896049893,0,SAME_BAR_SL,fx_cross
ES,2020-11-04 00:00:00+00:00,short,4,-1.0049987824126267,1,SL,indices
EURCAD,2020-11-04 00:00:00+00:00,long,1,2.4804612619155697,24,TP,fx_cross
PA,2020-11-05 00:00:00+00:00,short,4,-1.0029956972111553,0,SAME_BAR_SL,metals
DAX,2020-11-05 00:00:00+00:00,short,4,-1.0034538408304499,2,SL,indices
GBPNZD,2020-11-05 00:00:00+00:00,short,4,2.482437077890663,18,TP,fx_cross
GBPJPY,2020-11-05 00:00:00+00:00,short,4,-1.006704816586922,3,SL,fx_cross
NZDUSD,2020-11-05 00:00:00+00:00,short,3,-1.0191422559433483,2,SL,fx_major
AUDCAD,2020-11-05 00:00:00+00:00,short,3,-1.052769145129226,0,SAME_BAR_SL,fx_cross
CADCHF,2020-11-06 00:00:00+00:00,long,1,2.477525594405594,2,TP,fx_cross
NZDCHF,2020-11-09 00:00:00+00:00,short,3,-1.0137451510333864,0,SAME_BAR_SL,fx_cross
NQ,2020-11-09 00:00:00+00:00,short,3,2.49100876276958,1,TP,indices
YM,2020-11-09 00:00:00+00:00,short,4,-1.0117536762860728,0,SAME_BAR_SL,indices
NZDJPY,2020-11-09 00:00:00+00:00,short,3,-1.029285835156819,0,SAME_BAR_SL,fx_cross
USDCHF,2020-11-09 00:00:00+00:00,short,3,2.4888957494017836,32,TP,fx_major
USDCAD,2020-11-09 00:00:00+00:00,long,2,-1.05398200445434,0,SAME_BAR_SL,fx_major
AUDUSD,2020-11-09 00:00:00+00:00,short,4,-1.023774071054164,0,SAME_BAR_SL,fx_major
GBPCHF,2020-11-10 00:00:00+00:00,short,3,-1.0198329770992365,0,SAME_BAR_SL,fx_cross
NZDCAD,2020-11-10 00:00:00+00:00,short,3,-1.068807493112943,0,SAME_BAR_SL,fx_cross
NZDCHF,2020-11-10 00:00:00+00:00,short,3,-1.0181045454545457,1,SL,fx_cross
GBPAUD,2020-11-10 00:00:00+00:00,short,4,2.484462214111922,26,TP,fx_cross
AUDNZD,2020-11-10 00:00:00+00:00,long,2,-1.0264148226950351,1,SL,fx_cross
AUDCAD,2020-11-11 00:00:00+00:00,short,3,-1.0183543565037854,13,SL,fx_cross
CL,2020-11-11 00:00:00+00:00,short,3,-1.0030350442477876,11,SL,commodities
EURNZD,2020-11-11 00:00:00+00:00,long,1,-1.0416012489158715,0,SAME_BAR_SL,fx_cross
PL,2020-11-13 00:00:00+00:00,short,3,-1.0027846213592233,2,SL,metals
NG,2020-11-16 00:00:00+00:00,long,1,-1.0012498876404494,3,SL,commodities
PL,2020-11-17 00:00:00+00:00,short,4,-1.0023383843137255,3,SL,metals
EURUSD,2020-11-17 00:00:00+00:00,short,3,-1.0277357697121399,8,SL,fx_major
NG,2020-11-22 00:00:00+00:00,short,4,-1.0018025995807127,2,SL,commodities
PL,2020-11-24 00:00:00+00:00,short,3,-1.0013750348027841,5,SL,metals
AUDNZD,2020-11-25 00:00:00+00:00,long,2,-1.0136077680625861,5,SL,fx_cross
NG,2020-11-25 00:00:00+00:00,short,4,-1.000816256684492,69,SL,commodities
EURCHF,2020-11-26 00:00:00+00:00,long,1,-1.0620532786885302,9,SL,fx_cross
AUDCAD,2020-11-27 00:00:00+00:00,short,3,-1.0149434037819798,17,SL,fx_cross
GBPNZD,2020-11-27 00:00:00+00:00,long,1,-1.0142920494889727,11,SL,fx_cross
CADCHF,2020-12-01 00:00:00+00:00,long,2,-1.0376670270270274,1,SL,fx_cross
NZDJPY,2020-12-01 00:00:00+00:00,short,4,2.4683870137825417,17,TP,fx_cross
SI,2020-12-01 00:00:00+00:00,short,4,-1.0022639647577092,6,SL,metals
GBPCHF,2020-12-01 00:00:00+00:00,long,2,-1.0299947045757434,1,SL,fx_cross
EURJPY,2020-12-01 00:00:00+00:00,short,3,-1.0130357519494986,8,SL,fx_cross
CL,2020-12-02 00:00:00+00:00,short,4,-1.003214317673378,1,SL,commodities
CADCHF,2020-12-03 00:00:00+00:00,long,2,-1.0292129110105575,15,SL,fx_cross
EURCAD,2020-12-04 00:00:00+00:00,long,1,-1.0211551020408165,4,SL,fx_cross
GBPJPY,2020-12-07 00:00:00+00:00,long,2,-1.0142466225165565,4,SL,fx_cross
GBPCHF,2020-12-07 00:00:00+00:00,long,1,-1.0162438281249997,3,SL,fx_cross
EURGBP,2020-12-09 00:00:00+00:00,long,2,2.481666845345889,2,TP,fx_cross
RTY,2020-12-09 00:00:00+00:00,long,1,2.4931703269447576,5,TP,indices
GBPUSD,2020-12-09 00:00:00+00:00,short,3,-1.0136061660937217,7,SL,fx_major
ES,2020-12-09 00:00:00+00:00,long,1,-1.0076048874598071,1,SL,indices
AUDCHF,2020-12-10 00:00:00+00:00,long,2,2.4851209615384615,16,TP,fx_cross
USDCAD,2020-12-11 00:00:00+00:00,short,4,-1.0268846280991732,8,SL,fx_major
HG,2020-12-11 00:00:00+00:00,long,2,2.496781257142857,49,TP,metals
DAX,2020-12-14 00:00:00+00:00,short,3,-1.0050260047281323,2,SL,indices
EURGBP,2020-12-14 00:00:00+00:00,long,2,-1.0121016587225928,9,SL,fx_cross
CL,2020-12-14 00:00:00+00:00,long,2,2.496644027459954,2,TP,commodities
GBPNZD,2020-12-15 00:00:00+00:00,short,3,-1.0104786122609897,49,SL,fx_cross
YM,2020-12-15 00:00:00+00:00,short,3,-1.0059933083645443,10,SL,indices
ES,2020-12-15 00:00:00+00:00,short,4,-1.0060671502590675,2,SL,indices
SI,2020-12-16 00:00:00+00:00,short,3,-1.0021924966261808,2,SL,metals
NZDCAD,2020-12-16 00:00:00+00:00,short,3,-1.0131773322973323,10,SL,fx_cross
DAX,2020-12-17 00:00:00+00:00,short,3,2.492178823529412,2,TP,indices
EURCAD,2020-12-18 00:00:00+00:00,short,3,-1.019698986714704,2,SL,fx_cross
SI,2020-12-21 00:00:00+00:00,short,4,-1.0025854654654656,10,SL,metals
PL,2020-12-21 00:00:00+00:00,long,1,-1.0062299607843137,0,SAME_BAR_SL,metals
NZDCHF,2020-12-21 00:00:00+00:00,long,2,-1.0234360559626912,0,SAME_BAR_SL,fx_cross
NZDUSD,2020-12-21 00:00:00+00:00,long,2,-1.0216177681001632,0,SAME_BAR_SL,fx_major
PA,2020-12-21 00:00:00+00:00,short,4,-1.0032046096033402,5,SL,metals
EURUSD,2020-12-21 00:00:00+00:00,long,1,2.466150059642146,6,TP,fx_major
NQ,2020-12-22 00:00:00+00:00,short,3,-1.0047551604356786,4,SL,indices
EURNZD,2020-12-23 00:00:00+00:00,long,1,-1.0145996482716797,5,SL,fx_cross
GBPCHF,2020-12-24 00:00:00+00:00,short,3,-1.0138320344191765,21,SL,fx_cross
PL,2020-12-27 00:00:00+00:00,short,3,-1.0029916412556055,2,SL,metals
EURUSD,2021-01-04 00:00:00+00:00,short,3,-1.0666855813953482,1,SL,fx_major
NKD,2021-01-04 00:00:00+00:00,short,3,-1.0041387677725118,3,SL,indices
EURCAD,2021-01-05 00:00:00+00:00,long,2,2.4101848815653977,1,TP,fx_cross
NZDCHF,2021-01-05 00:00:00+00:00,short,4,-1.0350121259842522,1,SL,fx_cross
AUDCHF,2021-01-05 00:00:00+00:00,short,3,-1.0188527777777776,1,SL,fx_cross
PA,2021-01-05 00:00:00+00:00,short,3,-1.0074392452830188,0,SAME_BAR_SL,metals
RTY,2021-01-05 00:00:00+00:00,short,3,-1.0055579243623571,1,SL,indices
USDCAD,2021-01-06 00:00:00+00:00,short,4,-1.0154779029802043,4,SL,fx_major
EURJPY,2021-01-06 00:00:00+00:00,short,3,-1.0397788129899215,1,SL,fx_cross
ES,2021-01-06 00:00:00+00:00,short,3,-1.009014135338346,1,SL,indices
CADCHF,2021-01-06 00:00:00+00:00,short,3,-1.0451733333333357,1,SL,fx_cross
PL,2021-01-06 00:00:00+00:00,long,1,-1.0015224535637148,3,SL,metals
YM,2021-01-06 00:00:00+00:00,short,3,-1.0091835781544256,0,SAME_BAR_SL,indices
AUDCAD,2021-01-07 00:00:00+00:00,long,1,-1.01859914893617,19,SL,fx_cross
NQ,2021-01-07 00:00:00+00:00,short,3,-1.0072211506368027,1,SL,indices
CL,2021-01-08 00:00:00+00:00,short,4,-1.004975421686747,0,SAME_BAR_SL,commodities
EURUSD,2021-01-08 00:00:00+00:00,short,3,2.486047378482815,48,TP,fx_major
AUDUSD,2021-01-10 00:00:00+00:00,long,1,-1.011428915917504,15,SL,fx_major
NZDUSD,2021-01-10 00:00:00+00:00,long,2,-1.0160592038216563,5,SL,fx_major
CL,2021-01-12 00:00:00+00:00,short,3,-1.0027937254901962,18,SL,commodities
EURJPY,2021-01-13 00:00:00+00:00,long,2,-1.0375413785790015,1,SL,fx_cross
EURGBP,2021-01-13 00:00:00+00:00,long,1,-1.0326314304376216,1,SL,fx_cross
NKD,2021-01-15 00:00:00+00:00,long,1,-1.0047497382198953,11,SL,indices
ES,2021-01-15 00:00:00+00:00,long,1,2.4975222715539496,68,TP,indices
GBPUSD,2021-01-18 00:00:00+00:00,long,2,2.479429657794677,8,TP,fx_major
AUDJPY,2021-01-19 00:00:00+00:00,short,4,-1.0152822305338323,16,SL,fx_cross
DAX,2021-01-19 00:00:00+00:00,short,3,2.493315315315315,6,TP,indices
EURNZD,2021-01-20 00:00:00+00:00,long,1,-1.041550481189852,0,SAME_BAR_SL,fx_cross
EURGBP,2021-01-20 00:00:00+00:00,long,1,-1.0220250910706348,11,SL,fx_cross
CHFJPY,2021-01-21 00:00:00+00:00,short,3,-1.0189995809080323,6,SL,fx_cross
AUDCHF,2021-01-21 00:00:00+00:00,long,1,-1.0101459774337445,5,SL,fx_cross
CADCHF,2021-01-21 00:00:00+00:00,long,2,-1.0201378417266183,1,SL,fx_cross
NZDJPY,2021-01-21 00:00:00+00:00,short,4,-1.0206800989609104,7,SL,fx_cross
USDCAD,2021-01-22 00:00:00+00:00,short,3,-1.0180472662781852,4,SL,fx_major
YM,2021-01-25 00:00:00+00:00,long,1,-1.0026539896654882,5,SL,indices
EURNZD,2021-01-28 00:00:00+00:00,long,2,-1.01060338028169,4,SL,fx_cross
RTY,2021-01-28 00:00:00+00:00,short,4,-1.002361825726141,7,SL,indices
AUDCHF,2021-01-28 00:00:00+00:00,short,4,-1.015020141398272,7,SL,fx_cross
EURAUD,2021-01-28 00:00:00+00:00,long,1,-1.0167657901726426,9,SL,fx_cross
NZDUSD,2021-01-28 00:00:00+00:00,short,4,-1.0121234850768768,16,SL,fx_major
GBPJPY,2021-01-28 00:00:00+00:00,short,3,-1.0099268068266138,13,SL,fx_cross
USDCAD,2021-01-29 00:00:00+00:00,long,1,-1.0251093596059115,10,SL,fx_major
SI,2021-01-29 00:00:00+00:00,short,3,-1.0017058267716534,1,SL,metals
NZDCHF,2021-01-29 00:00:00+00:00,short,3,-1.0152417391304347,3,SL,fx_cross
AUDNZD,2021-02-02 00:00:00+00:00,long,1,2.4731992021758846,6,TP,fx_cross
NKD,2021-02-02 00:00:00+00:00,short,3,-1.0060503311258278,4,SL,indices
SI,2021-02-03 00:00:00+00:00,short,3,0.9373959183673463,399,EOS,metals
CL,2021-02-08 00:00:00+00:00,short,4,-1.005869022082019,4,SL,commodities
AUDUSD,2021-02-08 00:00:00+00:00,short,4,-1.016990778914241,6,SL,fx_major
AUDNZD,2021-02-10 00:00:00+00:00,short,4,-1.0151125069426914,6,SL,fx_cross
GBPJPY,2021-02-14 00:00:00+00:00,short,4,-1.012002617152962,1,SL,fx_cross
CADCHF,2021-02-16 00:00:00+00:00,short,3,-1.052183703703702,1,SL,fx_cross
EURAUD,2021-02-18 00:00:00+00:00,short,4,2.473706344993969,2,TP,fx_cross
CL,2021-02-18 00:00:00+00:00,long,2,-1.0041298501070663,0,SAME_BAR_SL,commodities
EURJPY,2021-02-19 00:00:00+00:00,short,3,-1.0380289289501596,4,SL,fx_cross
YM,2021-02-19 00:00:00+00:00,short,4,-1.011283587443946,4,SL,indices
GBPAUD,2021-02-19 00:00:00+00:00,long,2,-1.0181872081218275,1,SL,fx_cross
PA,2021-02-21 00:00:00+00:00,short,3,-1.004526053412463,3,SL,metals
AUDNZD,2021-02-23 00:00:00+00:00,long,1,-1.0313025789746246,1,SL,fx_cross
NQ,2021-02-23 00:00:00+00:00,long,2,-1.005358466038349,3,SL,indices
GBPCHF,2021-02-23 00:00:00+00:00,short,4,-1.0207816065192081,0,SAME_BAR_SL,fx_cross
GBPAUD,2021-02-24 00:00:00+00:00,long,1,2.465268843061866,2,TP,fx_cross
RTY,2021-02-24 00:00:00+00:00,short,3,2.4923665696465696,1,TP,indices
AUDJPY,2021-02-24 00:00:00+00:00,long,1,2.4809039084219133,1,TP,fx_cross
DAX,2021-02-24 00:00:00+00:00,short,4,-1.0052872294887039,5,SL,indices
YM,2021-02-25 00:00:00+00:00,long,2,-1.0044935291499777,1,SL,indices
GBPUSD,2021-02-25 00:00:00+00:00,long,1,-1.0154578439827517,0,SAME_BAR_SL,fx_major
AUDCHF,2021-02-25 00:00:00+00:00,long,1,-1.0200297280966772,1,SL,fx_cross
HG,2021-02-25 00:00:00+00:00,long,1,-1.0020617318007663,6,SL,metals
EURGBP,2021-02-25 00:00:00+00:00,short,4,-1.0241129411764707,0,SAME_BAR_SL,fx_cross
GBPNZD,2021-02-26 00:00:00+00:00,short,3,-1.021388972371298,5,SL,fx_cross
USDCAD,2021-02-26 00:00:00+00:00,short,3,2.4710611965811964,11,TP,fx_major
AUDJPY,2021-02-26 00:00:00+00:00,long,1,2.482679984968057,5,TP,fx_cross
AUDUSD,2021-02-26 00:00:00+00:00,long,2,-1.019668860759494,0,SAME_BAR_SL,fx_major
NG,2021-02-26 00:00:00+00:00,long,2,-1.0085741176470588,0,SAME_BAR_SL,commodities
GBPCHF,2021-02-26 00:00:00+00:00,long,1,2.466635538752363,2,TP,fx_cross
AUDCAD,2021-02-26 00:00:00+00:00,long,1,-1.0251612386156648,0,SAME_BAR_SL,fx_cross
NQ,2021-03-01 00:00:00+00:00,short,4,2.4950908815827755,2,TP,indices
NKD,2021-03-01 00:00:00+00:00,short,3,2.4965004753199267,20,TP,indices
NZDUSD,2021-03-02 00:00:00+00:00,long,2,-1.0150026745913818,3,SL,fx_major
GBPUSD,2021-03-02 00:00:00+00:00,long,2,-1.0331810760034161,3,SL,fx_major
GBPCHF,2021-03-03 00:00:00+00:00,short,3,-1.0184697683993826,1,SL,fx_cross
AUDCHF,2021-03-04 00:00:00+00:00,short,3,2.4885820986954057,65,TP,fx_cross
PL,2021-03-04 00:00:00+00:00,long,1,-1.0095193766233765,0,SAME_BAR_SL,metals
EURNZD,2021-03-05 00:00:00+00:00,short,4,2.463228349666798,1,TP,fx_cross
CHFJPY,2021-03-05 00:00:00+00:00,short,3,-1.0149264386684904,9,SL,fx_cross
HG,2021-03-07 00:00:00+00:00,short,3,-1.003260049382716,33,SL,metals
EURCHF,2021-03-10 00:00:00+00:00,short,3,2.4809625758969642,80,TP,fx_cross
EURAUD,2021-03-11 00:00:00+00:00,long,2,2.483924515043917,57,TP,fx_cross
PA,2021-03-16 00:00:00+00:00,short,3,-1.0024877170418007,0,SAME_BAR_SL,metals
AUDUSD,2021-03-18 00:00:00+00:00,long,1,-1.0092051623787432,4,SL,fx_major
AUDJPY,2021-03-18 00:00:00+00:00,long,1,-1.0162396165696677,2,SL,fx_cross
NZDUSD,2021-03-18 00:00:00+00:00,long,2,-1.017591134380454,2,SL,fx_major
NZDJPY,2021-03-18 00:00:00+00:00,long,2,-1.0173019324430477,0,SAME_BAR_SL,fx_cross
EURUSD,2021-03-18 00:00:00+00:00,long,2,-1.0316935548172759,2,SL,fx_major
GBPNZD,2021-03-19 00:00:00+00:00,long,2,2.483605716015743,5,TP,fx_cross
EURNZD,2021-03-22 00:00:00+00:00,short,4,-1.0367716503332018,1,SL,fx_cross
CHFJPY,2021-03-22 00:00:00+00:00,short,3,2.4729434482758617,1,TP,fx_cross
NZDJPY,2021-03-23 00:00:00+00:00,long,1,2.4882611668036154,31,TP,fx_cross
NZDCAD,2021-03-23 00:00:00+00:00,long,2,2.484773382624769,24,TP,fx_cross
USDCHF,2021-03-23 00:00:00+00:00,short,3,-1.0258919780767315,0,SAME_BAR_SL,fx_major
CL,2021-03-24 00:00:00+00:00,short,4,-1.0024267001254705,17,SL,commodities
USDCHF,2021-03-25 00:00:00+00:00,short,4,-1.0408321367521383,1,SL,fx_major
NKD,2021-03-26 00:00:00+00:00,short,4,-1.0078595780590718,0,SAME_BAR_SL,indices
GBPJPY,2021-03-26 00:00:00+00:00,short,4,-1.0472130795072834,0,SAME_BAR_SL,fx_cross
EURUSD,2021-03-30 00:00:00+00:00,long,2,2.4890800931470394,21,TP,fx_major
AUDJPY,2021-03-30 00:00:00+00:00,short,4,-1.0290357063541007,1,SL,fx_cross
USDCHF,2021-03-31 00:00:00+00:00,short,3,-1.0593254708520192,1,SL,fx_major
GBPCHF,2021-04-01 00:00:00+00:00,short,4,2.4898338701154223,26,TP,fx_cross
RTY,2021-04-02 00:00:00+00:00,short,4,-1.0047791166776532,0,SAME_BAR_SL,indices
AUDNZD,2021-04-02 00:00:00+00:00,long,1,-1.0236162431800466,15,SL,fx_cross
NZDCHF,2021-04-05 00:00:00+00:00,short,4,2.475552925706771,2,TP,fx_cross
NQ,2021-04-05 00:00:00+00:00,short,4,-1.0046637180521927,3,SL,indices
GBPUSD,2021-04-06 00:00:00+00:00,long,1,-1.0509357161629458,0,SAME_BAR_SL,fx_major
PA,2021-04-06 00:00:00+00:00,short,3,-1.0222732467532467,0,SAME_BAR_SL,metals
EURCAD,2021-04-07 00:00:00+00:00,short,4,-1.0283390964261634,10,SL,fx_cross
GBPNZD,2021-04-07 00:00:00+00:00,short,4,2.4760979939209724,6,TP,fx_cross
NZDUSD,2021-04-07 00:00:00+00:00,long,1,2.4876833385629116,11,TP,fx_major
AUDCAD,2021-04-09 00:00:00+00:00,long,2,-1.0107405558888223,18,SL,fx_cross
PL,2021-04-09 00:00:00+00:00,long,1,-1.0031395983935742,2,SL,metals
NQ,2021-04-09 00:00:00+00:00,short,3,-1.0123608938547486,3,SL,indices
CADJPY,2021-04-12 00:00:00+00:00,long,2,-1.017818479532163,6,SL,fx_cross
CHFJPY,2021-04-12 00:00:00+00:00,short,3,2.4388197421731133,2,TP,fx_cross
PA,2021-04-12 00:00:00+00:00,short,3,-1.0038002684563758,3,SL,metals
AUDUSD,2021-04-14 00:00:00+00:00,short,4,-1.0161762874251499,5,SL,fx_major
RTY,2021-04-15 00:00:00+00:00,long,2,-1.003719937727037,4,SL,indices
EURNZD,2021-04-15 00:00:00+00:00,long,2,-1.0247340965444474,17,SL,fx_cross
PA,2021-04-20 00:00:00+00:00,long,1,-1.010645269461078,0,SAME_BAR_SL,metals
ES,2021-04-20 00:00:00+00:00,long,1,-1.0079347526236881,19,SL,indices
GBPJPY,2021-04-20 00:00:00+00:00,long,1,-1.0231984158415837,2,SL,fx_cross
CADCHF,2021-04-21 00:00:00+00:00,short,4,-1.0486299763593385,4,SL,fx_cross
NZDCAD,2021-04-21 00:00:00+00:00,short,3,2.482792070604209,8,TP,fx_cross
PA,2021-04-21 00:00:00+00:00,short,3,-1.0021029928741092,0,SAME_BAR_SL,metals
YM,2021-04-21 00:00:00+00:00,short,3,2.4722555102040817,1,TP,indices
RTY,2021-04-21 00:00:00+00:00,short,3,-1.0035399900842836,4,SL,indices
USDCAD,2021-04-21 00:00:00+00:00,long,2,-1.0273726775956284,4,SL,fx_major
EURCAD,2021-04-22 00:00:00+00:00,long,2,-1.0435875389408078,5,SL,fx_cross
EURJPY,2021-04-26 00:00:00+00:00,long,2,2.4784543886591845,12,TP,fx_cross
NG,2021-04-27 00:00:00+00:00,short,3,-1.002025701357466,0,SAME_BAR_SL,commodities
GBPUSD,2021-04-28 00:00:00+00:00,short,4,-1.1044621151271554,0,SAME_BAR_SL,fx_major
USDCHF,2021-04-28 00:00:00+00:00,long,1,-1.0167304142011833,8,SL,fx_major
CADJPY,2021-04-28 00:00:00+00:00,short,4,-1.0504883606557378,0,SAME_BAR_SL,fx_cross
CL,2021-04-28 00:00:00+00:00,short,4,-1.0042289938398357,5,SL,commodities
PL,2021-04-28 00:00:00+00:00,long,1,-1.004308508287293,1,SL,metals
EURUSD,2021-04-29 00:00:00+00:00,long,1,-1.0279307787391836,1,SL,fx_major
DAX,2021-04-30 00:00:00+00:00,short,3,2.491742538071066,2,TP,indices
AUDNZD,2021-04-30 00:00:00+00:00,short,3,-1.034237274275979,1,SL,fx_cross
PL,2021-04-30 00:00:00+00:00,short,4,2.4892550136986302,1,TP,metals
EURCAD,2021-04-30 00:00:00+00:00,long,1,-1.0282808597748212,4,SL,fx_cross
PL,2021-05-03 00:00:00+00:00,short,4,-1.0107449863013698,0,SAME_BAR_SL,metals
AUDNZD,2021-05-04 00:00:00+00:00,short,4,2.474962715231788,19,TP,fx_cross
GBPAUD,2021-05-05 00:00:00+00:00,long,1,-1.0279398887652946,1,SL,fx_cross
NZDJPY,2021-05-05 00:00:00+00:00,short,4,-1.0218536789631096,0,SAME_BAR_SL,fx_cross
EURGBP,2021-05-05 00:00:00+00:00,long,1,-1.0366259500378503,4,SL,fx_cross
NZDCHF,2021-05-05 00:00:00+00:00,short,3,-1.0428746728971956,0,SAME_BAR_SL,fx_cross
GBPNZD,2021-05-06 00:00:00+00:00,short,3,-1.0135156132900325,5,SL,fx_cross
DAX,2021-05-07 00:00:00+00:00,short,3,2.4915183476764198,2,TP,indices
EURNZD,2021-05-07 00:00:00+00:00,short,3,-1.0138862759029013,10,SL,fx_cross
NZDUSD,2021-05-07 00:00:00+00:00,short,3,-1.0195805405405407,0,SAME_BAR_SL,fx_major
EURUSD,2021-05-07 00:00:00+00:00,short,3,-1.0156234473261418,15,SL,fx_major
GBPUSD,2021-05-07 00:00:00+00:00,short,3,-1.0639362356792137,0,SAME_BAR_SL,fx_major
CADCHF,2021-05-09 00:00:00+00:00,short,3,-1.0151063613231552,3,SL,fx_cross
GBPUSD,2021-05-10 00:00:00+00:00,short,3,-1.0194024822173162,10,SL,fx_major
GBPCHF,2021-05-10 00:00:00+00:00,short,3,-1.0233798155467722,1,SL,fx_cross
CHFJPY,2021-05-12 00:00:00+00:00,short,3,-1.0251303648548022,2,SL,fx_cross
NZDCHF,2021-05-12 00:00:00+00:00,long,2,-1.028088148148147,6,SL,fx_cross
AUDUSD,2021-05-12 00:00:00+00:00,long,2,-1.008158157993261,19,SL,fx_major
NZDUSD,2021-05-12 00:00:00+00:00,long,1,-1.0181795060619674,0,SAME_BAR_SL,fx_major
PA,2021-05-13 00:00:00+00:00,long,1,-1.002320207253886,30,SL,metals
CADJPY,2021-05-13 00:00:00+00:00,long,1,-1.0158206151914624,30,SL,fx_cross
CL,2021-05-14 00:00:00+00:00,short,4,-1.0019529990539262,11,SL,commodities
NZDUSD,2021-05-14 00:00:00+00:00,short,4,-1.0206408540925271,10,SL,fx_major
USDCAD,2021-05-14 00:00:00+00:00,long,2,-1.0119531542917324,3,SL,fx_major
NZDCAD,2021-05-14 00:00:00+00:00,short,4,2.4768248184818487,6,TP,fx_cross
NG,2021-05-18 00:00:00+00:00,long,1,-1.0018822437137331,2,SL,commodities
USDCHF,2021-05-18 00:00:00+00:00,long,2,2.4706634579439255,25,TP,fx_major
HG,2021-05-19 00:00:00+00:00,long,1,-1.0053985185185184,2,SL,metals
NQ,2021-05-20 00:00:00+00:00,short,4,-1.0029201147292053,16,SL,indices
NZDCHF,2021-05-20 00:00:00+00:00,long,1,-1.0365435317860743,1,SL,fx_cross
AUDCHF,2021-05-23 00:00:00+00:00,long,1,-1.0289617300521992,20,SL,fx_cross
NZDJPY,2021-05-25 00:00:00+00:00,short,3,-1.0203366927683095,1,SL,fx_cross
EURNZD,2021-05-26 00:00:00+00:00,long,2,-1.0141829702970295,0,SAME_BAR_SL,fx_cross
PL,2021-05-27 00:00:00+00:00,long,2,-1.0041505054945055,6,SL,metals
EURGBP,2021-05-27 00:00:00+00:00,long,1,-1.0200915710723193,7,SL,fx_cross
RTY,2021-05-27 00:00:00+00:00,short,3,-1.0147499186991868,0,SAME_BAR_SL,indices
YM,2021-05-27 00:00:00+00:00,short,3,2.4949893248753963,19,TP,indices
AUDJPY,2021-05-27 00:00:00+00:00,short,3,2.4619987849720233,17,TP,fx_cross
GBPNZD,2021-05-28 00:00:00+00:00,short,4,-1.0330649939686365,5,SL,fx_cross
NZDUSD,2021-05-28 00:00:00+00:00,long,1,2.451354038461535,2,TP,fx_major
NZDCAD,2021-06-01 00:00:00+00:00,long,1,-1.0341255625436756,2,SL,fx_cross
ES,2021-06-01 00:00:00+00:00,short,3,2.477647603305785,2,TP,indices
GBPCHF,2021-06-01 00:00:00+00:00,long,2,-1.018873898305085,7,SL,fx_cross
GBPAUD,2021-06-01 00:00:00+00:00,long,1,2.4850033703920418,16,TP,fx_cross
NZDCHF,2021-06-03 00:00:00+00:00,long,1,-1.035701102362205,0,SAME_BAR_SL,fx_cross
EURNZD,2021-06-03 00:00:00+00:00,short,4,-1.0408302972856531,0,SAME_BAR_SL,fx_cross
HG,2021-06-03 00:00:00+00:00,long,1,-1.004452641221374,0,SAME_BAR_SL,metals
NZDJPY,2021-06-03 00:00:00+00:00,long,1,-1.048069519650655,7,SL,fx_cross
AUDNZD,2021-06-03 00:00:00+00:00,short,4,-1.0510714285714258,1,SL,fx_cross
EURNZD,2021-06-04 00:00:00+00:00,long,2,-1.0214210473815462,27,SL,fx_cross
EURAUD,2021-06-04 00:00:00+00:00,long,1,-1.0211028979980936,0,SAME_BAR_SL,fx_cross
GBPUSD,2021-06-04 00:00:00+00:00,short,4,2.465710657439447,10,TP,fx_major
EURJPY,2021-06-04 00:00:00+00:00,long,2,-1.0217128754365545,11,SL,fx_cross
AUDUSD,2021-06-06 00:00:00+00:00,short,3,2.4679151479289936,9,TP,fx_major
RTY,2021-06-07 00:00:00+00:00,short,3,-1.0162513274336287,0,SAME_BAR_SL,indices
CHFJPY,2021-06-07 00:00:00+00:00,long,1,-1.0228020897521768,9,SL,fx_cross
GBPCHF,2021-06-10 00:00:00+00:00,short,4,-1.015972266906313,10,SL,fx_cross
EURGBP,2021-06-10 00:00:00+00:00,long,1,-1.0141137653239929,6,SL,fx_cross
NZDJPY,2021-06-14 00:00:00+00:00,short,4,2.48033137745975,3,TP,fx_cross
HG,2021-06-15 00:00:00+00:00,long,1,-1.0132601904761909,0,SAME_BAR_SL,metals
NQ,2021-06-16 00:00:00+00:00,long,1,2.4931049455676515,5,TP,indices
EURCAD,2021-06-16 00:00:00+00:00,long,2,-1.0330440384615382,6,SL,fx_cross
USDCAD,2021-06-16 00:00:00+00:00,short,4,-1.0169160807484,1,SL,fx_major
RTY,2021-06-17 00:00:00+00:00,long,2,-1.0092359595959595,0,SAME_BAR_SL,indices
EURUSD,2021-06-17 00:00:00+00:00,long,1,-1.024937467314157,1,SL,fx_major
CL,2021-06-17 00:00:00+00:00,long,1,-1.0076767676767677,0,SAME_BAR_SL,commodities
HG,2021-06-17 00:00:00+00:00,long,2,-1.0124249302325579,1,SL,metals
GBPUSD,2021-06-18 00:00:00+00:00,long,2,-1.0460624970273482,0,SAME_BAR_SL,fx_major
USDCAD,2021-06-18 00:00:00+00:00,short,4,-1.0567973813420575,0,SAME_BAR_SL,fx_major
USDCHF,2021-06-18 00:00:00+00:00,short,4,-1.0601036172695468,0,SAME_BAR_SL,fx_major
NZDJPY,2021-06-18 00:00:00+00:00,long,2,-1.0394658845096238,0,SAME_BAR_SL,fx_cross
CADJPY,2021-06-18 00:00:00+00:00,long,2,-1.0157804492249287,2,SL,fx_cross
CHFJPY,2021-06-18 00:00:00+00:00,long,1,-1.0204391479001822,2,SL,fx_cross
CADCHF,2021-06-18 00:00:00+00:00,long,2,-1.025409442060086,17,SL,fx_cross
EURJPY,2021-06-21 00:00:00+00:00,long,2,2.4784543886591845,2,TP,fx_cross
NZDCAD,2021-06-21 00:00:00+00:00,short,4,-1.0171356835040624,13,SL,fx_cross
GBPUSD,2021-06-21 00:00:00+00:00,long,1,-1.020156784968685,24,SL,fx_major
RTY,2021-06-22 00:00:00+00:00,short,4,-1.005559058466211,2,SL,indices
HG,2021-06-23 00:00:00+00:00,short,4,-1.003247811764706,26,SL,metals
EURAUD,2021-06-23 00:00:00+00:00,long,1,-1.0211282468309018,11,SL,fx_cross
GBPJPY,2021-06-23 00:00:00+00:00,short,4,2.477990406504065,13,TP,fx_cross
NZDUSD,2021-06-25 00:00:00+00:00,short,4,2.4906035001185676,47,TP,fx_major
PA,2021-06-30 00:00:00+00:00,short,3,-1.0023717269076304,5,SL,metals
NZDCHF,2021-07-01 00:00:00+00:00,short,3,-1.0286493522906806,3,SL,fx_cross
NG,2021-07-01 00:00:00+00:00,long,1,2.4975842348008386,16,TP,commodities
USDJPY,2021-07-02 00:00:00+00:00,long,1,-1.0202413020833336,5,SL,fx_major
USDCAD,2021-07-06 00:00:00+00:00,short,3,-1.0256903626943004,0,SAME_BAR_SL,fx_major
CL,2021-07-06 00:00:00+00:00,long,2,-1.002751551925321,1,SL,commodities
AUDUSD,2021-07-06 00:00:00+00:00,long,2,-1.0196214880673844,2,SL,fx_major
AUDJPY,2021-07-07 00:00:00+00:00,short,4,2.491746955287438,35,TP,fx_cross
USDCHF,2021-07-07 00:00:00+00:00,short,3,2.4461235758835755,1,TP,fx_major
NQ,2021-07-08 00:00:00+00:00,long,1,2.4914274689940283,4,TP,indices
RTY,2021-07-08 00:00:00+00:00,long,2,-1.0080685714285713,0,SAME_BAR_SL,indices
EURCHF,2021-07-08 00:00:00+00:00,long,1,-1.0673996467991116,0,SAME_BAR_SL,fx_cross
PA,2021-07-08 00:00:00+00:00,long,1,-1.0030586486486486,6,SL,metals
EURGBP,2021-07-09 00:00:00+00:00,long,2,-1.0274121758994865,3,SL,fx_cross
AUDUSD,2021-07-09 00:00:00+00:00,long,1,-1.01391128342246,8,SL,fx_major
ES,2021-07-09 00:00:00+00:00,short,3,-1.0124012527964206,0,SAME_BAR_SL,indices
GBPJPY,2021-07-11 00:00:00+00:00,short,4,2.4818938851351353,7,TP,fx_cross
NKD,2021-07-12 00:00:00+00:00,short,4,-1.0120442105263159,0,SAME_BAR_SL,indices
RTY,2021-07-13 00:00:00+00:00,long,2,-1.0026139352020387,2,SL,indices
USDJPY,2021-07-13 00:00:00+00:00,short,4,2.470161621621621,5,TP,fx_major
EURGBP,2021-07-14 00:00:00+00:00,long,2,2.4749945015739776,4,TP,fx_cross
GBPCHF,2021-07-14 00:00:00+00:00,short,3,2.473113674698795,4,TP,fx_cross
EURCHF,2021-07-14 00:00:00+00:00,short,4,2.462798969957081,17,TP,fx_cross
NZDCAD,2021-07-14 00:00:00+00:00,short,3,-1.0254839354502867,0,SAME_BAR_SL,fx_cross
EURAUD,2021-07-14 00:00:00+00:00,long,2,2.4897843992606283,31,TP,fx_cross
PL,2021-07-15 00:00:00+00:00,short,4,2.4975926315789474,7,TP,metals
EURCAD,2021-07-15 00:00:00+00:00,long,2,-1.0166509967845658,22,SL,fx_cross
PA,2021-07-16 00:00:00+00:00,long,1,-1.00561667752443,0,SAME_BAR_SL,metals
GBPAUD,2021-07-16 00:00:00+00:00,long,1,2.481614965553789,12,TP,fx_cross
AUDCAD,2021-07-16 00:00:00+00:00,long,2,-1.0352720594193119,3,SL,fx_cross
CHFJPY,2021-07-19 00:00:00+00:00,long,2,-1.0286410273972602,1,SL,fx_cross
EURUSD,2021-07-19 00:00:00+00:00,long,1,2.462792866817157,9,TP,fx_major
NZDCAD,2021-07-20 00:00:00+00:00,long,1,-1.0137755945419105,1,SL,fx_cross
USDJPY,2021-07-20 00:00:00+00:00,short,4,-1.0253993063583813,3,SL,fx_major
GBPCAD,2021-07-20 00:00:00+00:00,long,2,-1.0635590855649886,0,SAME_BAR_SL,fx_cross
CADJPY,2021-07-21 00:00:00+00:00,short,4,-1.012212102358254,0,SAME_BAR_SL,fx_cross
USDCAD,2021-07-21 00:00:00+00:00,long,1,-1.0188856151587933,0,SAME_BAR_SL,fx_major
RTY,2021-07-21 00:00:00+00:00,long,2,-1.0014635235318616,155,SL,indices
CADCHF,2021-07-21 00:00:00+00:00,short,4,-1.0175111951848668,2,SL,fx_cross
CL,2021-07-21 00:00:00+00:00,short,4,-1.0018224737267583,7,SL,commodities
CHFJPY,2021-07-22 00:00:00+00:00,long,2,-1.0123366887417218,48,SL,fx_cross
EURGBP,2021-07-22 00:00:00+00:00,long,1,-1.0578639711191349,0,SAME_BAR_SL,fx_cross
NQ,2021-07-22 00:00:00+00:00,short,3,-1.008184684142673,1,SL,indices
AUDCHF,2021-07-26 00:00:00+00:00,long,2,-1.0172840894568693,2,SL,fx_cross
HG,2021-07-26 00:00:00+00:00,short,3,-1.0070868292682926,0,SAME_BAR_SL,metals
NG,2021-07-27 00:00:00+00:00,long,1,-1.0036284593837534,0,SAME_BAR_SL,commodities
EURGBP,2021-07-28 00:00:00+00:00,long,2,-1.0250054984260224,10,SL,fx_cross
NZDCAD,2021-07-28 00:00:00+00:00,long,2,2.4792416503615486,6,TP,fx_cross
NG,2021-07-28 00:00:00+00:00,short,3,-1.0014130099228225,25,SL,commodities
AUDCAD,2021-07-29 00:00:00+00:00,long,1,-1.0234487596547026,1,SL,fx_cross
NKD,2021-07-29 00:00:00+00:00,short,4,2.4859351181102363,1,TP,indices
NQ,2021-08-04 00:00:00+00:00,short,3,-1.021652735426009,1,SL,indices
CADJPY,2021-08-05 00:00:00+00:00,short,3,2.4883568996671426,13,TP,fx_cross
USDCHF,2021-08-05 00:00:00+00:00,long,2,2.477658169014084,3,TP,fx_major
NKD,2021-08-06 00:00:00+00:00,short,4,-1.0140648818897637,2,SL,indices
CL,2021-08-08 00:00:00+00:00,long,2,-1.002272611464968,9,SL,commodities
EURCHF,2021-08-09 00:00:00+00:00,short,4,-1.0698629099307169,2,SL,fx_cross
GBPCHF,2021-08-10 00:00:00+00:00,short,3,2.473113674698795,6,TP,fx_cross
CADCHF,2021-08-10 00:00:00+00:00,short,3,-1.021549129066107,2,SL,fx_cross
NZDCHF,2021-08-11 00:00:00+00:00,short,3,2.4895971084337347,7,TP,fx_cross
AUDNZD,2021-08-17 00:00:00+00:00,short,4,2.475845440393281,11,TP,fx_cross
AUDCHF,2021-08-17 00:00:00+00:00,long,2,-1.0148790384615387,2,SL,fx_cross
EURNZD,2021-08-17 00:00:00+00:00,short,3,-1.022680601288475,2,SL,fx_cross
EURCHF,2021-08-17 00:00:00+00:00,long,1,2.4729456317689547,13,TP,fx_cross
EURUSD,2021-08-17 00:00:00+00:00,long,1,-1.072498699007715,0,SAME_BAR_SL,fx_major
AUDUSD,2021-08-19 00:00:00+00:00,long,1,-1.0057980468072811,91,SL,fx_major
CADCHF,2021-08-20 00:00:00+00:00,long,1,2.478789962785752,3,TP,fx_cross
NKD,2021-08-22 00:00:00+00:00,short,4,-1.0055379179810726,2,SL,indices
NQ,2021-08-22 00:00:00+00:00,short,3,-1.0294302587519026,1,SL,indices
ES,2021-08-22 00:00:00+00:00,short,3,-1.0079272524407252,1,SL,indices
CADJPY,2021-08-23 00:00:00+00:00,short,4,-1.0193599999999998,2,SL,fx_cross
USDCAD,2021-08-23 00:00:00+00:00,long,1,-1.0180777183600713,1,SL,fx_major
DAX,2021-08-23 00:00:00+00:00,short,3,2.4929522330097087,19,TP,indices
YM,2021-08-23 00:00:00+00:00,short,3,2.4908311688311686,19,TP,indices
EURCAD,2021-08-24 00:00:00+00:00,long,1,2.46424878931495,7,TP,fx_cross
EURJPY,2021-08-25 00:00:00+00:00,short,4,-1.0486612113055185,0,SAME_BAR_SL,fx_cross
AUDCAD,2021-08-27 00:00:00+00:00,short,3,-1.0664913402061837,3,SL,fx_cross
EURNZD,2021-08-30 00:00:00+00:00,long,1,-1.0625744970020015,2,SL,fx_cross
NZDUSD,2021-08-30 00:00:00+00:00,short,3,-1.0344346059544651,0,SAME_BAR_SL,fx_major
CADCHF,2021-08-31 00:00:00+00:00,long,1,-1.0163557843925983,18,SL,fx_cross
EURUSD,2021-08-31 00:00:00+00:00,short,3,2.4843912871287133,31,TP,fx_major
AUDNZD,2021-09-01 00:00:00+00:00,short,3,-1.0877030630630615,2,SL,fx_cross
GBPUSD,2021-09-02 00:00:00+00:00,short,3,-1.03455264942016,1,SL,fx_major
AUDCAD,2021-09-02 00:00:00+00:00,short,4,2.4895543634907926,79,TP,fx_cross
NZDUSD,2021-09-03 00:00:00+00:00,short,4,-1.022774611872146,0,SAME_BAR_SL,fx_major
NKD,2021-09-03 00:00:00+00:00,short,3,-1.0132191549295775,0,SAME_BAR_SL,indices
CL,2021-09-05 00:00:00+00:00,long,2,2.497472660550459,18,TP,commodities
NKD,2021-09-06 00:00:00+00:00,short,3,-1.0196156701030927,0,SAME_BAR_SL,indices
PL,2021-09-07 00:00:00+00:00,long,2,-1.00527973553719,1,SL,metals
EURCAD,2021-09-07 00:00:00+00:00,short,3,2.4885664820624744,26,TP,fx_cross
EURAUD,2021-09-07 00:00:00+00:00,short,4,-1.0373426433915205,6,SL,fx_cross
GBPCHF,2021-09-08 00:00:00+00:00,short,4,-1.060137171888232,1,SL,fx_cross
EURGBP,2021-09-08 00:00:00+00:00,long,2,-1.0419550436300173,1,SL,fx_cross
GBPAUD,2021-09-08 00:00:00+00:00,short,4,-1.0744565007112294,1,SL,fx_cross
USDJPY,2021-09-08 00:00:00+00:00,long,1,-1.020420542686962,6,SL,fx_major
GBPUSD,2021-09-09 00:00:00+00:00,short,3,-1.0313577346278313,4,SL,fx_major
EURGBP,2021-09-10 00:00:00+00:00,long,1,2.4772190076335874,16,TP,fx_cross
EURNZD,2021-09-10 00:00:00+00:00,long,2,2.4768115771057237,15,TP,fx_cross
EURCHF,2021-09-13 00:00:00+00:00,short,3,-1.081171664447395,1,SL,fx_cross
PA,2021-09-14 00:00:00+00:00,long,2,-1.0024802549800798,5,SL,metals
EURCHF,2021-09-15 00:00:00+00:00,long,2,2.415720388349511,1,TP,fx_cross
ES,2021-09-15 00:00:00+00:00,short,4,2.4911760123647606,4,TP,indices
GBPAUD,2021-09-16 00:00:00+00:00,short,4,2.4499321361058604,5,TP,fx_cross
HG,2021-09-16 00:00:00+00:00,long,1,-1.002003222614841,1,SL,metals
NQ,2021-09-16 00:00:00+00:00,long,2,-1.006623796451289,3,SL,indices
GBPUSD,2021-09-16 00:00:00+00:00,long,2,-1.0250944426389337,3,SL,fx_major
YM,2021-09-17 00:00:00+00:00,long,2,-1.0029743467676495,12,SL,indices
USDJPY,2021-09-17 00:00:00+00:00,short,3,2.4496311620294593,3,TP,fx_major
CHFJPY,2021-09-17 00:00:00+00:00,long,1,-1.0256101469450882,2,SL,fx_cross
NG,2021-09-19 00:00:00+00:00,long,1,-1.001692925026399,2,SL,commodities
PL,2021-09-20 00:00:00+00:00,long,1,2.496582627218935,1,TP,metals
USDCAD,2021-09-20 00:00:00+00:00,short,3,2.4903550699677073,25,TP,fx_major
CADJPY,2021-09-20 00:00:00+00:00,long,2,2.4918315732246006,16,TP,fx_cross
PA,2021-09-22 00:00:00+00:00,short,3,-1.0014033076074973,15,SL,metals
AUDJPY,2021-09-23 00:00:00+00:00,long,2,2.4858736401142494,12,TP,fx_cross
EURJPY,2021-09-23 00:00:00+00:00,short,4,-1.0195872381985902,1,SL,fx_cross
NZDCAD,2021-09-23 00:00:00+00:00,short,4,2.4861003378565494,6,TP,fx_cross
CADCHF,2021-09-23 00:00:00+00:00,short,3,-1.0156227345844504,3,SL,fx_cross
NZDCHF,2021-09-24 00:00:00+00:00,long,2,-1.0145923076923078,4,SL,fx_cross
NZDUSD,2021-09-24 00:00:00+00:00,long,2,-1.0295766088922385,3,SL,fx_major
CHFJPY,2021-09-24 00:00:00+00:00,short,4,-1.0236017489421725,8,SL,fx_cross
DAX,2021-09-24 00:00:00+00:00,short,3,2.4905479472693033,2,TP,indices
EURAUD,2021-09-24 00:00:00+00:00,short,4,2.4872641944601472,15,TP,fx_cross
EURJPY,2021-09-26 00:00:00+00:00,short,4,-1.0247357493188007,2,SL,fx_cross
GBPUSD,2021-09-28 00:00:00+00:00,long,2,-1.020570342205323,1,SL,fx_major
NZDJPY,2021-09-29 00:00:00+00:00,long,2,2.4817415280135826,10,TP,fx_cross
CADCHF,2021-09-30 00:00:00+00:00,short,3,-1.0403885602350627,4,SL,fx_cross
ES,2021-09-30 00:00:00+00:00,long,2,2.4963120643431633,17,TP,indices
NG,2021-09-30 00:00:00+00:00,short,3,-1.0007723955316508,5,SL,commodities
EURNZD,2021-10-01 00:00:00+00:00,long,2,-1.047662253952067,3,SL,fx_cross
GBPJPY,2021-10-01 00:00:00+00:00,long,2,2.474501083384053,3,TP,fx_cross
HG,2021-10-01 00:00:00+00:00,short,3,-1.0022873872340425,8,SL,metals
NKD,2021-10-04 00:00:00+00:00,long,2,-1.0106423952095809,0,SAME_BAR_SL,indices
EURCHF,2021-10-04 00:00:00+00:00,long,2,-1.1691546067415621,0,SAME_BAR_SL,fx_cross
GBPCHF,2021-10-05 00:00:00+00:00,short,4,-1.0150538864071474,13,SL,fx_cross
NQ,2021-10-05 00:00:00+00:00,short,3,-1.0085203616636529,1,SL,indices
USDCHF,2021-10-06 00:00:00+00:00,short,3,-1.015063303442291,136,SL,fx_major
USDJPY,2021-10-06 00:00:00+00:00,short,3,-1.028134077407741,2,SL,fx_major
EURJPY,2021-10-06 00:00:00+00:00,long,2,2.4692110273972605,2,TP,fx_cross
EURGBP,2021-10-07 00:00:00+00:00,long,2,-1.0309228645833328,7,SL,fx_cross
CL,2021-10-07 00:00:00+00:00,long,1,2.498254482758621,15,TP,commodities
PL,2021-10-08 00:00:00+00:00,short,3,-1.0080426666666669,0,SAME_BAR_SL,metals
CHFJPY,2021-10-08 00:00:00+00:00,short,3,-1.0916513043478202,0,SAME_BAR_SL,fx_cross
GBPUSD,2021-10-11 00:00:00+00:00,short,4,-1.0251613412228802,4,SL,fx_major
AUDJPY,2021-10-11 00:00:00+00:00,short,4,-1.0082530447125622,4,SL,fx_cross
CHFJPY,2021-10-11 00:00:00+00:00,short,3,-1.021465963590709,3,SL,fx_cross
NG,2021-10-12 00:00:00+00:00,long,1,2.4972069851729817,1,TP,commodities
PL,2021-10-14 00:00:00+00:00,short,4,-1.0032796862745097,7,SL,metals
HG,2021-10-15 00:00:00+00:00,short,3,-1.004339107913669,1,SL,metals
NZDCAD,2021-10-15 00:00:00+00:00,short,3,-1.0182464929262844,3,SL,fx_cross
AUDNZD,2021-10-15 00:00:00+00:00,long,1,-1.0181688888888885,16,SL,fx_cross
GBPAUD,2021-10-17 00:00:00+00:00,long,2,-1.0187419942196532,3,SL,fx_cross
NQ,2021-10-18 00:00:00+00:00,short,3,-1.004948931841302,3,SL,indices
GBPNZD,2021-10-19 00:00:00+00:00,long,2,-1.0227405309734512,7,SL,fx_cross
AUDCHF,2021-10-20 00:00:00+00:00,short,3,2.4914098535286286,32,TP,fx_cross
NZDCHF,2021-10-22 00:00:00+00:00,long,1,-1.0205989444132506,9,SL,fx_cross
NQ,2021-10-25 00:00:00+00:00,short,3,-1.02039012345679,0,SAME_BAR_SL,indices
GBPJPY,2021-10-26 00:00:00+00:00,short,3,2.48013918845807,8,TP,fx_cross
PA,2021-10-27 00:00:00+00:00,long,1,-1.001063890784983,26,SL,metals
EURCHF,2021-10-27 00:00:00+00:00,long,1,-1.1155097674418593,2,SL,fx_cross
PL,2021-10-27 00:00:00+00:00,long,2,2.4955094068965518,4,TP,metals
USDCAD,2021-10-28 00:00:00+00:00,short,4,-1.0117638212214262,6,SL,fx_major
EURUSD,2021-10-28 00:00:00+00:00,short,4,2.4444310620220913,1,TP,fx_major
CADJPY,2021-10-28 00:00:00+00:00,short,4,2.4862264915572236,25,TP,fx_cross
GBPCAD,2021-10-28 00:00:00+00:00,short,4,2.4778105057096247,11,TP,fx_cross
HG,2021-10-29 00:00:00+00:00,long,2,-1.0012014859611231,165,SL,metals
CL,2021-10-29 00:00:00+00:00,short,3,2.4970341463414636,16,TP,commodities
NG,2021-10-29 00:00:00+00:00,long,1,-1.0042559232613908,0,SAME_BAR_SL,commodities
EURNZD,2021-10-29 00:00:00+00:00,long,2,-1.0242593317294832,1,SL,fx_cross
GBPNZD,2021-11-01 00:00:00+00:00,long,2,-1.0229880241587572,6,SL,fx_cross
CHFJPY,2021-11-02 00:00:00+00:00,long,1,-1.0390821052631578,3,SL,fx_cross
EURAUD,2021-11-02 00:00:00+00:00,short,3,-1.027262972292192,0,SAME_BAR_SL,fx_cross
NZDUSD,2021-11-02 00:00:00+00:00,long,1,-1.0165477435470442,8,SL,fx_major
NZDJPY,2021-11-02 00:00:00+00:00,long,1,-1.019934130052724,3,SL,fx_cross
GBPCHF,2021-11-04 00:00:00+00:00,long,1,-1.0359481719316417,0,SAME_BAR_SL,fx_cross
EURNZD,2021-11-08 00:00:00+00:00,long,2,2.4763795771339074,15,TP,fx_cross
GBPAUD,2021-11-08 00:00:00+00:00,short,3,-1.018610473598258,8,SL,fx_cross
NZDCHF,2021-11-09 00:00:00+00:00,long,2,-1.0191428090478694,12,SL,fx_cross
GBPCHF,2021-11-09 00:00:00+00:00,short,4,-1.0218331450094162,6,SL,fx_cross
NZDCAD,2021-11-09 00:00:00+00:00,long,2,-1.020434125874126,1,SL,fx_cross
GBPUSD,2021-11-10 00:00:00+00:00,long,2,-1.0200959914938865,0,SAME_BAR_SL,fx_major
YM,2021-11-10 00:00:00+00:00,long,1,-1.0096270008354218,7,SL,indices
PL,2021-11-10 00:00:00+00:00,short,3,-1.0044373333333334,4,SL,metals
EURGBP,2021-11-15 00:00:00+00:00,long,1,-1.022510623818526,1,SL,fx_cross
NG,2021-11-15 00:00:00+00:00,long,1,2.4981935483870967,1,TP,commodities
EURJPY,2021-11-15 00:00:00+00:00,long,1,-1.0419400000000003,2,SL,fx_cross
EURCHF,2021-11-15 00:00:00+00:00,long,2,-1.0619733333333354,3,SL,fx_cross
NQ,2021-11-16 00:00:00+00:00,short,3,-1.0062641899609257,2,SL,indices
NZDCAD,2021-11-16 00:00:00+00:00,long,1,-1.0269913234486547,7,SL,fx_cross
EURUSD,2021-11-16 00:00:00+00:00,long,2,-1.013882787852305,5,SL,fx_major
CADCHF,2021-11-17 00:00:00+00:00,short,3,2.478424008307373,8,TP,fx_cross
GBPCHF,2021-11-17 00:00:00+00:00,short,4,-1.0661063901979277,0,SAME_BAR_SL,fx_cross
EURAUD,2021-11-17 00:00:00+00:00,short,4,-1.0816062745098005,1,SL,fx_cross
EURJPY,2021-11-18 00:00:00+00:00,short,4,2.4771577652228496,7,TP,fx_cross
ES,2021-11-19 00:00:00+00:00,long,1,-1.0102410902896082,3,SL,indices
NG,2021-11-22 00:00:00+00:00,long,1,2.4981935483870967,4,TP,commodities
NQ,2021-11-22 00:00:00+00:00,long,1,-1.0041226498422713,4,SL,indices
YM,2021-11-22 00:00:00+00:00,short,4,2.4843318032786885,1,TP,indices
AUDNZD,2021-11-23 00:00:00+00:00,short,3,-1.0293720845921444,1,SL,fx_cross
PL,2021-11-23 00:00:00+00:00,long,1,-1.0017430167597765,6,SL,metals
EURCHF,2021-11-23 00:00:00+00:00,short,4,2.4423666209598474,3,TP,fx_cross
EURCAD,2021-11-24 00:00:00+00:00,long,2,-1.0321762520193853,0,SAME_BAR_SL,fx_cross
YM,2021-11-24 00:00:00+00:00,short,4,2.4843318032786885,1,TP,indices
NZDCHF,2021-11-24 00:00:00+00:00,long,2,-1.0191027815970386,1,SL,fx_cross
AUDNZD,2021-11-25 00:00:00+00:00,short,3,-1.022774347826087,13,SL,fx_cross
NZDCHF,2021-11-26 00:00:00+00:00,long,1,-1.0242454200542008,0,SAME_BAR_SL,fx_cross
EURCAD,2021-11-26 00:00:00+00:00,short,4,-1.0967741997593283,0,SAME_BAR_SL,fx_cross
NZDJPY,2021-11-26 00:00:00+00:00,long,1,-1.0151756884561889,0,SAME_BAR_SL,fx_cross
AUDJPY,2021-11-26 00:00:00+00:00,long,1,-1.0149375137942225,0,SAME_BAR_SL,fx_cross
GBPAUD,2021-11-26 00:00:00+00:00,short,4,-1.0268387322854935,0,SAME_BAR_SL,fx_cross
NG,2021-11-28 00:00:00+00:00,long,1,-1.0028042248722318,1,SL,commodities
EURUSD,2021-11-30 00:00:00+00:00,long,2,2.4770834219148163,37,TP,fx_major
GBPCHF,2021-11-30 00:00:00+00:00,long,1,-1.0337672298624752,0,SAME_BAR_SL,fx_cross
EURNZD,2021-11-30 00:00:00+00:00,short,3,-1.0171724036155694,3,SL,fx_cross
EURGBP,2021-11-30 00:00:00+00:00,short,4,-1.080778341793569,3,SL,fx_cross
AUDJPY,2021-12-01 00:00:00+00:00,short,3,-1.0346601983218908,0,SAME_BAR_SL,fx_cross
GBPUSD,2021-12-01 00:00:00+00:00,short,4,-1.0219937643932688,19,SL,fx_major
ES,2021-12-01 00:00:00+00:00,short,3,2.4906808163265306,1,TP,indices
AUDJPY,2021-12-03 00:00:00+00:00,long,2,2.4858736401142494,4,TP,fx_cross
PA,2021-12-03 00:00:00+00:00,short,4,2.4970947572815536,5,TP,metals
NG,2021-12-05 00:00:00+00:00,long,2,-1.003622363112392,0,SAME_BAR_SL,commodities
EURCAD,2021-12-06 00:00:00+00:00,long,2,-1.0296701030927833,1,SL,fx_cross
YM,2021-12-06 00:00:00+00:00,short,3,-1.0152392944369064,0,SAME_BAR_SL,indices
NQ,2021-12-07 00:00:00+00:00,short,3,2.492704178895877,6,TP,indices
GBPCAD,2021-12-07 00:00:00+00:00,long,2,-1.044896258309591,0,SAME_BAR_SL,fx_cross
ES,2021-12-07 00:00:00+00:00,short,4,-1.0047630867143993,16,SL,indices
EURAUD,2021-12-07 00:00:00+00:00,long,2,-1.0360324429967425,3,SL,fx_cross
CL,2021-12-07 00:00:00+00:00,short,3,-1.0022193346379649,14,SL,commodities
NKD,2021-12-07 00:00:00+00:00,short,3,-1.008405529953917,0,SAME_BAR_SL,indices
EURGBP,2021-12-13 00:00:00+00:00,long,2,-1.0314722955145121,3,SL,fx_cross
EURCHF,2021-12-14 00:00:00+00:00,long,2,-1.0521803584229419,12,SL,fx_cross
NG,2021-12-16 00:00:00+00:00,short,3,2.497738362989324,1,TP,commodities
GBPJPY,2021-12-16 00:00:00+00:00,short,3,-1.0957663205417765,0,SAME_BAR_SL,fx_cross
EURNZD,2021-12-17 00:00:00+00:00,short,3,-1.0229729463846533,2,SL,fx_cross
EURGBP,2021-12-17 00:00:00+00:00,short,4,-1.061034263764404,2,SL,fx_cross
NZDUSD,2021-12-17 00:00:00+00:00,long,2,-1.011599902050811,32,SL,fx_major
NZDJPY,2021-12-17 00:00:00+00:00,long,2,-1.031455109809661,1,SL,fx_cross
NKD,2021-12-17 00:00:00+00:00,long,2,-1.0059434527687297,1,SL,indices
PA,2021-12-17 00:00:00+00:00,short,4,-1.0048655172413794,0,SAME_BAR_SL,metals
YM,2021-12-17 00:00:00+00:00,long,2,-1.0073137572254336,0,SAME_BAR_SL,indices
AUDUSD,2021-12-19 00:00:00+00:00,long,2,-1.0338483602378947,1,SL,fx_major
AUDJPY,2021-12-19 00:00:00+00:00,long,2,-1.0214128544423435,1,SL,fx_cross
EURJPY,2021-12-21 00:00:00+00:00,short,3,-1.0148992886683208,5,SL,fx_cross
EURNZD,2021-12-21 00:00:00+00:00,long,1,2.4890794776119405,39,TP,fx_cross
DAX,2021-12-21 00:00:00+00:00,short,3,-1.0033226559356136,3,SL,indices
NG,2021-12-22 00:00:00+00:00,short,3,2.497738362989324,1,TP,commodities
NZDCHF,2021-12-22 00:00:00+00:00,long,1,-1.0082097494731912,26,SL,fx_cross
YM,2021-12-23 00:00:00+00:00,short,3,-1.0082641672674837,2,SL,indices
EURCAD,2021-12-23 00:00:00+00:00,long,1,-1.0178750373955123,7,SL,fx_cross
GBPJPY,2021-12-27 00:00:00+00:00,short,3,-1.0456777094379648,0,SAME_BAR_SL,fx_cross
NQ,2021-12-27 00:00:00+00:00,short,3,2.494799784155016,8,TP,indices
AUDJPY,2021-12-27 00:00:00+00:00,short,3,-1.0405662827225126,1,SL,fx_cross
PL,2021-12-28 00:00:00+00:00,short,4,-1.00313536,7,SL,metals
DAX,2021-12-28 00:00:00+00:00,short,4,-1.0054374358974358,4,SL,indices
USDCAD,2021-12-31 00:00:00+00:00,long,1,-1.0291298406211677,0,SAME_BAR_SL,fx_major
CADJPY,2022-01-03 00:00:00+00:00,long,1,2.476969362477231,6,TP,fx_cross
GBPNZD,2022-01-04 00:00:00+00:00,short,4,-1.0278229668411865,2,SL,fx_cross
NG,2022-01-04 00:00:00+00:00,short,4,-1.001278024691358,4,SL,commodities
GBPUSD,2022-01-04 00:00:00+00:00,short,3,-1.0261005847953217,6,SL,fx_major
AUDJPY,2022-01-04 00:00:00+00:00,short,3,-1.0317044986449864,0,SAME_BAR_SL,fx_cross
EURCHF,2022-01-05 00:00:00+00:00,short,3,-1.0489513659359209,1,SL,fx_cross
DAX,2022-01-05 00:00:00+00:00,short,3,2.481832167832168,1,TP,indices
EURAUD,2022-01-05 00:00:00+00:00,short,4,-1.0133650305997555,1,SL,fx_cross
EURJPY,2022-01-05 00:00:00+00:00,long,1,-1.0163448595630853,8,SL,fx_cross
GBPCAD,2022-01-06 00:00:00+00:00,long,1,-1.0253244771413552,5,SL,fx_cross
CHFJPY,2022-01-06 00:00:00+00:00,long,1,-1.0161174281805743,3,SL,fx_cross
YM,2022-01-06 00:00:00+00:00,short,3,2.4962273958333334,13,TP,indices
AUDCAD,2022-01-06 00:00:00+00:00,long,1,-1.0204259217877096,1,SL,fx_cross
USDJPY,2022-01-10 00:00:00+00:00,long,1,-1.0266908670520234,2,SL,fx_major
NQ,2022-01-10 00:00:00+00:00,long,1,-1.0076801246591351,0,SAME_BAR_SL,indices
EURCHF,2022-01-10 00:00:00+00:00,short,4,2.4423666209598474,2,TP,fx_cross
AUDJPY,2022-01-12 00:00:00+00:00,short,3,2.4864140684852005,10,TP,fx_cross
EURCHF,2022-01-13 00:00:00+00:00,long,1,-1.091913962264152,1,SL,fx_cross
USDCAD,2022-01-13 00:00:00+00:00,long,1,2.4809450136537414,9,TP,fx_major
NKD,2022-01-13 00:00:00+00:00,long,2,-1.0032991304347827,4,SL,indices
GBPCHF,2022-01-13 00:00:00+00:00,long,1,-1.0345436525172746,4,SL,fx_cross
NG,2022-01-14 00:00:00+00:00,long,1,2.4993655534709194,16,TP,commodities
ES,2022-01-14 00:00:00+00:00,short,4,2.495984398117014,5,TP,indices
GBPJPY,2022-01-14 00:00:00+00:00,long,1,-1.019889065207478,5,SL,fx_cross
AUDCAD,2022-01-18 00:00:00+00:00,long,2,-1.0401621656050952,8,SL,fx_cross
EURJPY,2022-01-18 00:00:00+00:00,short,3,2.4679050918635146,1,TP,fx_cross
PL,2022-01-19 00:00:00+00:00,short,4,-1.0029866666666667,1,SL,metals
AUDCHF,2022-01-20 00:00:00+00:00,short,3,2.4742485200553253,1,TP,fx_cross
DAX,2022-01-20 00:00:00+00:00,short,3,2.4941571526980484,2,TP,indices
GBPAUD,2022-01-20 00:00:00+00:00,short,4,-1.02487,6,SL,fx_cross
AUDUSD,2022-01-20 00:00:00+00:00,short,3,2.4829536656891498,3,TP,fx_major
PA,2022-01-20 00:00:00+00:00,short,4,-1.0037795965417868,1,SL,metals
NZDJPY,2022-01-21 00:00:00+00:00,long,2,-1.018495958549223,2,SL,fx_cross
NQ,2022-01-21 00:00:00+00:00,long,2,-1.0058748253068932,1,SL,indices
CHFJPY,2022-01-21 00:00:00+00:00,short,3,-1.0167004682274245,35,SL,fx_cross
GBPCHF,2022-01-21 00:00:00+00:00,long,1,-1.027128791893999,0,SAME_BAR_SL,fx_cross
CL,2022-01-23 00:00:00+00:00,short,3,-1.0036176486129458,3,SL,commodities
CADJPY,2022-01-24 00:00:00+00:00,long,1,-1.023030637522769,0,SAME_BAR_SL,fx_cross
YM,2022-01-24 00:00:00+00:00,long,2,2.487721577726218,1,TP,indices
NQ,2022-01-24 00:00:00+00:00,long,1,2.4931049455676515,1,TP,indices
EURGBP,2022-01-24 00:00:00+00:00,short,4,-1.024364942886812,10,SL,fx_cross
GBPNZD,2022-01-24 00:00:00+00:00,long,2,2.476208986486486,4,TP,fx_cross
AUDJPY,2022-01-25 00:00:00+00:00,short,4,-1.0320213183730718,1,SL,fx_cross
CADJPY,2022-01-25 00:00:00+00:00,short,4,-1.0241307633587786,1,SL,fx_cross
AUDCHF,2022-01-25 00:00:00+00:00,short,4,-1.0311428571428578,0,SAME_BAR_SL,fx_cross
EURAUD,2022-01-25 00:00:00+00:00,long,1,-1.0401448413417955,0,SAME_BAR_SL,fx_cross
EURCAD,2022-01-25 00:00:00+00:00,long,1,-1.0284953385602271,1,SL,fx_cross
CADCHF,2022-01-26 00:00:00+00:00,short,4,-1.0150705154639177,41,SL,fx_cross
PA,2022-01-26 00:00:00+00:00,short,4,-1.002810036900369,4,SL,metals
GBPJPY,2022-01-26 00:00:00+00:00,short,4,-1.0413599999999998,0,SAME_BAR_SL,fx_cross
USDCAD,2022-01-26 00:00:00+00:00,long,1,2.45260712844654,1,TP,fx_major
AUDUSD,2022-01-26 00:00:00+00:00,short,4,2.4427778917378866,1,TP,fx_major
GBPCHF,2022-01-26 00:00:00+00:00,short,4,-1.0254812280701748,4,SL,fx_cross
USDJPY,2022-01-27 00:00:00+00:00,short,4,-1.0224764345403903,12,SL,fx_major
GBPAUD,2022-01-28 00:00:00+00:00,short,3,-1.0173544373880474,0,SAME_BAR_SL,fx_cross
EURCAD,2022-01-28 00:00:00+00:00,short,3,-1.0120993475952056,5,SL,fx_cross
NKD,2022-01-30 00:00:00+00:00,short,4,-1.001713128103277,50,SL,indices
EURCHF,2022-02-01 00:00:00+00:00,long,1,2.465478623962039,2,TP,fx_cross
AUDCAD,2022-02-01 00:00:00+00:00,long,2,2.488382066420664,26,TP,fx_cross
AUDNZD,2022-02-01 00:00:00+00:00,long,1,-1.0219243274853795,35,SL,fx_cross
EURUSD,2022-02-02 00:00:00+00:00,short,3,-1.029690506566605,1,SL,fx_major
GBPUSD,2022-02-02 00:00:00+00:00,short,4,-1.1191437362637282,0,SAME_BAR_SL,fx_major
AUDUSD,2022-02-02 00:00:00+00:00,short,4,-1.022039097413319,7,SL,fx_major
NG,2022-02-03 00:00:00+00:00,long,1,-1.00076575225439,1,SL,commodities
GBPJPY,2022-02-03 00:00:00+00:00,short,4,-1.0134349922910886,6,SL,fx_cross
AUDJPY,2022-02-08 00:00:00+00:00,short,3,-1.0155001075268817,2,SL,fx_cross
NZDUSD,2022-02-09 00:00:00+00:00,short,4,-1.0175995862717444,11,SL,fx_major
GBPAUD,2022-02-09 00:00:00+00:00,long,2,-1.0158968990384616,12,SL,fx_cross
GBPCHF,2022-02-10 00:00:00+00:00,short,3,2.4405767284991544,3,TP,fx_cross
NZDJPY,2022-02-10 00:00:00+00:00,short,3,-1.010947178968655,11,SL,fx_cross
AUDCHF,2022-02-10 00:00:00+00:00,short,3,-1.0257514799446747,0,SAME_BAR_SL,fx_cross
GBPJPY,2022-02-11 00:00:00+00:00,long,1,-1.055266986128625,0,SAME_BAR_SL,fx_cross
EURJPY,2022-02-11 00:00:00+00:00,long,1,-1.0211990361445777,0,SAME_BAR_SL,fx_cross
GBPUSD,2022-02-11 00:00:00+00:00,long,2,-1.0228541360626122,11,SL,fx_major
USDCAD,2022-02-11 00:00:00+00:00,long,1,-1.0208516295427899,17,SL,fx_major
AUDJPY,2022-02-11 00:00:00+00:00,long,1,-1.0287883798882673,0,SAME_BAR_SL,fx_cross
USDJPY,2022-02-11 00:00:00+00:00,long,1,-1.021766514131898,8,SL,fx_major
EURUSD,2022-02-14 00:00:00+00:00,long,1,-1.036332491389207,9,SL,fx_major
EURGBP,2022-02-14 00:00:00+00:00,long,1,-1.0130876510067113,15,SL,fx_cross
EURJPY,2022-02-16 00:00:00+00:00,short,3,2.4889594735267724,11,TP,fx_cross
DAX,2022-02-16 00:00:00+00:00,long,2,-1.0018851880276285,3,SL,indices
CL,2022-02-16 00:00:00+00:00,long,2,-1.0035918204488778,2,SL,commodities
EURCHF,2022-02-22 00:00:00+00:00,short,4,2.467110720720721,2,TP,fx_cross
GBPNZD,2022-02-22 00:00:00+00:00,long,2,-1.0237910135135138,1,SL,fx_cross
NQ,2022-02-22 00:00:00+00:00,short,4,2.4956516776235693,2,TP,indices
NG,2022-02-23 00:00:00+00:00,short,3,-1.0016321046892038,1,SL,commodities
NZDUSD,2022-02-23 00:00:00+00:00,short,4,2.481791392891451,1,TP,fx_major
YM,2022-02-23 00:00:00+00:00,long,2,-1.012278422273782,0,SAME_BAR_SL,indices
AUDUSD,2022-02-23 00:00:00+00:00,short,3,2.4829536656891498,1,TP,fx_major
GBPJPY,2022-02-24 00:00:00+00:00,long,1,-1.0460809331919414,0,SAME_BAR_SL,fx_cross
ES,2022-02-24 00:00:00+00:00,long,2,-1.0162182262996942,0,SAME_BAR_SL,indices
NZDJPY,2022-02-24 00:00:00+00:00,long,1,2.490295172413793,15,TP,fx_cross
RTY,2022-02-24 00:00:00+00:00,short,4,-1.0026809523809523,1,SL,indices
EURCAD,2022-02-24 00:00:00+00:00,long,1,-1.0179749216300942,2,SL,fx_cross
PA,2022-02-24 00:00:00+00:00,short,3,-1.0041747263681593,0,SAME_BAR_SL,metals
NZDCHF,2022-02-24 00:00:00+00:00,long,1,2.487909206571129,8,TP,fx_cross
NZDCAD,2022-02-24 00:00:00+00:00,long,1,2.468806979166667,7,TP,fx_cross
CADJPY,2022-02-25 00:00:00+00:00,short,4,-1.0114230594643667,0,SAME_BAR_SL,fx_cross
GBPAUD,2022-02-25 00:00:00+00:00,long,1,-1.0181283947185547,2,SL,fx_cross
GBPNZD,2022-02-27 00:00:00+00:00,short,4,2.4838144129554656,5,TP,fx_cross
PL,2022-02-28 00:00:00+00:00,long,1,2.4977978471760798,5,TP,metals
GBPJPY,2022-03-02 00:00:00+00:00,short,4,-1.0263019354838714,1,SL,fx_cross
PA,2022-03-03 00:00:00+00:00,short,3,-1.0053635608308604,1,SL,metals
EURJPY,2022-03-06 00:00:00+00:00,long,1,2.4665143624161074,2,TP,fx_cross
AUDJPY,2022-03-06 00:00:00+00:00,short,4,-1.0120851430017719,9,SL,fx_cross
NZDUSD,2022-03-06 00:00:00+00:00,short,4,2.4845954390147003,7,TP,fx_major
YM,2022-03-07 00:00:00+00:00,long,2,-1.0025224743252925,54,SL,indices
DAX,2022-03-07 00:00:00+00:00,long,1,2.494469771941949,1,TP,indices
AUDCHF,2022-03-08 00:00:00+00:00,long,1,2.481156041770263,8,TP,fx_cross
PL,2022-03-08 00:00:00+00:00,short,4,2.497555987055016,2,TP,metals
PA,2022-03-09 00:00:00+00:00,long,1,-1.0006371858010874,2,SL,metals
EURGBP,2022-03-09 00:00:00+00:00,short,4,-1.0247104812268641,0,SAME_BAR_SL,fx_cross
EURJPY,2022-03-09 00:00:00+00:00,short,4,-1.011640443285528,4,SL,fx_cross
EURUSD,2022-03-11 00:00:00+00:00,long,2,-1.0111610443673542,29,SL,fx_major
PA,2022-03-14 00:00:00+00:00,long,2,-1.001999408866995,0,SAME_BAR_SL,metals
GBPJPY,2022-03-14 00:00:00+00:00,short,3,-1.0149113307984792,2,SL,fx_cross
PL,2022-03-14 00:00:00+00:00,long,1,-1.0022021528239202,1,SL,metals
USDCHF,2022-03-15 00:00:00+00:00,short,3,2.4801477154685734,13,TP,fx_major
CL,2022-03-15 00:00:00+00:00,long,2,-1.0031730041152265,0,SAME_BAR_SL,commodities
CADCHF,2022-03-16 00:00:00+00:00,short,3,-1.0215759916926272,10,SL,fx_cross
CADJPY,2022-03-16 00:00:00+00:00,short,3,-1.0394706382978731,0,SAME_BAR_SL,fx_cross
NG,2022-03-17 00:00:00+00:00,short,3,-1.0008694203714126,5,SL,commodities
EURJPY,2022-03-17 00:00:00+00:00,short,3,-1.0110405264732276,4,SL,fx_cross
NZDCHF,2022-03-18 00:00:00+00:00,short,3,2.4888804914004914,38,TP,fx_cross
NZDUSD,2022-03-22 00:00:00+00:00,short,4,-1.0154045609853,1,SL,fx_major
GBPUSD,2022-03-23 00:00:00+00:00,long,1,-1.0161077608031428,5,SL,fx_major
AUDUSD,2022-03-23 00:00:00+00:00,short,4,-1.0137279685966634,11,SL,fx_major
GBPCAD,2022-03-23 00:00:00+00:00,long,1,-1.0109753687177077,2,SL,fx_cross
AUDCHF,2022-03-28 00:00:00+00:00,short,3,2.483590556940981,3,TP,fx_cross
NZDJPY,2022-03-29 00:00:00+00:00,long,1,-1.0180885746864303,0,SAME_BAR_SL,fx_cross
GBPJPY,2022-03-29 00:00:00+00:00,long,1,-1.0155837953681301,1,SL,fx_cross
USDCAD,2022-03-29 00:00:00+00:00,long,2,-1.0610131473408841,1,SL,fx_major
EURNZD,2022-03-29 00:00:00+00:00,short,4,-1.0197130864197528,0,SAME_BAR_SL,fx_cross
CHFJPY,2022-03-29 00:00:00+00:00,long,1,2.4797324972497248,11,TP,fx_cross
GBPNZD,2022-03-29 00:00:00+00:00,short,3,2.474225935764309,6,TP,fx_cross
CADJPY,2022-03-29 00:00:00+00:00,long,1,2.490418821884286,18,TP,fx_cross
AUDJPY,2022-03-29 00:00:00+00:00,long,1,-1.0142546866333886,2,SL,fx_cross
USDJPY,2022-03-29 00:00:00+00:00,long,1,2.487136625328824,11,TP,fx_major
AUDNZD,2022-03-30 00:00:00+00:00,long,1,-1.0425879802955658,0,SAME_BAR_SL,fx_cross
EURGBP,2022-03-30 00:00:00+00:00,short,4,2.4480826200873365,1,TP,fx_cross
PA,2022-03-30 00:00:00+00:00,short,4,-1.0009957152729785,8,SL,metals
RTY,2022-03-31 00:00:00+00:00,long,1,-1.0038828037383178,5,SL,indices
EURCHF,2022-03-31 00:00:00+00:00,long,2,-1.0165844662435086,3,SL,fx_cross
EURJPY,2022-04-04 00:00:00+00:00,long,1,2.477438177458034,6,TP,fx_cross
EURCAD,2022-04-04 00:00:00+00:00,long,2,-1.0199959698779535,1,SL,fx_cross
EURNZD,2022-04-04 00:00:00+00:00,long,2,-1.0199521727395409,1,SL,fx_cross
EURAUD,2022-04-04 00:00:00+00:00,long,2,-1.011088996763754,1,SL,fx_cross
AUDCAD,2022-04-05 00:00:00+00:00,short,3,2.48784025682183,16,TP,fx_cross
EURGBP,2022-04-05 00:00:00+00:00,long,1,-1.02823806763285,3,SL,fx_cross
AUDNZD,2022-04-06 00:00:00+00:00,long,1,2.4811519900805945,23,TP,fx_cross
PA,2022-04-10 00:00:00+00:00,short,4,2.4988195529061104,22,TP,metals
EURNZD,2022-04-11 00:00:00+00:00,short,3,-1.0143193462586124,9,SL,fx_cross
EURCHF,2022-04-12 00:00:00+00:00,short,4,-1.0168914727759593,6,SL,fx_cross
ES,2022-04-12 00:00:00+00:00,short,4,2.4948848701880038,8,TP,indices
RTY,2022-04-13 00:00:00+00:00,long,2,-1.0029884014869888,7,SL,indices
USDCAD,2022-04-14 00:00:00+00:00,short,3,2.4631786888657663,5,TP,fx_major
NZDUSD,2022-04-14 00:00:00+00:00,short,4,2.4914695169946333,11,TP,fx_major
NZDCAD,2022-04-20 00:00:00+00:00,long,2,-1.0174161852260197,4,SL,fx_cross
NKD,2022-04-21 00:00:00+00:00,short,4,2.4961759307359306,4,TP,indices
EURAUD,2022-04-21 00:00:00+00:00,short,3,-1.0077627404479579,3,SL,fx_cross
GBPCAD,2022-04-21 00:00:00+00:00,short,4,2.4607866040153783,3,TP,fx_cross
GBPJPY,2022-04-22 00:00:00+00:00,long,1,-1.0116871774193548,2,SL,fx_cross
EURCAD,2022-04-22 00:00:00+00:00,short,4,-1.0286560239610627,0,SAME_BAR_SL,fx_cross
NZDJPY,2022-04-22 00:00:00+00:00,long,1,-1.0097493948593401,2,SL,fx_cross
AUDJPY,2022-04-22 00:00:00+00:00,long,1,-1.0162098887515452,1,SL,fx_cross
GBPAUD,2022-04-22 00:00:00+00:00,short,4,-1.0205071399092034,2,SL,fx_cross
AUDCHF,2022-04-22 00:00:00+00:00,long,1,-1.0112020853623604,2,SL,fx_cross
GBPCHF,2022-04-22 00:00:00+00:00,long,1,-1.0277007788036931,1,SL,fx_cross
NG,2022-04-24 00:00:00+00:00,long,1,2.4989671846619577,7,TP,commodities
GBPUSD,2022-04-25 00:00:00+00:00,long,2,-1.017915645849009,1,SL,fx_major
AUDUSD,2022-04-25 00:00:00+00:00,long,2,-1.0304657791225427,0,SAME_BAR_SL,fx_major
CADJPY,2022-04-25 00:00:00+00:00,long,1,-1.015751609646663,1,SL,fx_cross
CHFJPY,2022-04-25 00:00:00+00:00,long,1,-1.0417943113101944,1,SL,fx_cross
GBPJPY,2022-04-26 00:00:00+00:00,long,1,-1.021201082594494,0,SAME_BAR_SL,fx_cross
GBPCHF,2022-04-26 00:00:00+00:00,long,2,-1.0424438725796363,0,SAME_BAR_SL,fx_cross
GBPAUD,2022-04-26 00:00:00+00:00,long,2,-1.0177749008294266,3,SL,fx_cross
EURGBP,2022-04-27 00:00:00+00:00,long,1,-1.027266597342577,1,SL,fx_cross
NKD,2022-04-27 00:00:00+00:00,short,4,-1.0052839751552796,1,SL,indices
AUDCAD,2022-04-28 00:00:00+00:00,long,2,2.4744183224510294,5,TP,fx_cross
CADJPY,2022-04-28 00:00:00+00:00,short,4,-1.054668108108108,0,SAME_BAR_SL,fx_cross
DAX,2022-04-28 00:00:00+00:00,short,4,-1.006503502170767,4,SL,indices
CHFJPY,2022-04-28 00:00:00+00:00,short,4,2.4849087525070197,9,TP,fx_cross
EURCHF,2022-04-28 00:00:00+00:00,long,1,2.480447353646011,6,TP,fx_cross
NZDCAD,2022-04-28 00:00:00+00:00,long,2,-1.0540742725173244,0,SAME_BAR_SL,fx_cross
EURJPY,2022-04-29 00:00:00+00:00,long,2,-1.0070777260981914,11,SL,fx_cross
GBPCHF,2022-04-29 00:00:00+00:00,short,4,-1.0149816268362202,14,SL,fx_cross
USDCAD,2022-04-29 00:00:00+00:00,long,1,2.4701287976539583,2,TP,fx_major
CL,2022-04-29 00:00:00+00:00,short,3,-1.0024643704775686,5,SL,commodities
RTY,2022-05-02 00:00:00+00:00,long,2,-1.003088492436098,6,SL,indices
EURAUD,2022-05-03 00:00:00+00:00,long,2,-1.0135044715844326,1,SL,fx_cross
GBPAUD,2022-05-03 00:00:00+00:00,long,2,-1.0109568944099379,1,SL,fx_cross
EURNZD,2022-05-04 00:00:00+00:00,long,2,2.485884447208832,4,TP,fx_cross
NQ,2022-05-05 00:00:00+00:00,long,1,-1.0033024980361351,0,SAME_BAR_SL,indices
NZDUSD,2022-05-05 00:00:00+00:00,long,2,-1.0060690360046458,2,SL,fx_major
GBPUSD,2022-05-05 00:00:00+00:00,long,1,-1.011221143858531,0,SAME_BAR_SL,fx_major
ES,2022-05-05 00:00:00+00:00,long,2,-1.0021267222884387,3,SL,indices
AUDUSD,2022-05-05 00:00:00+00:00,long,2,-1.0111803204947991,3,SL,fx_major
GBPNZD,2022-05-05 00:00:00+00:00,long,2,-1.0163866098081025,0,SAME_BAR_SL,fx_cross
EURAUD,2022-05-05 00:00:00+00:00,short,4,-1.0395986259541992,1,SL,fx_cross
EURUSD,2022-05-05 00:00:00+00:00,long,2,-1.0156584729586426,6,SL,fx_major
AUDCHF,2022-05-08 00:00:00+00:00,long,1,-1.0213253888280398,1,SL,fx_cross
NG,2022-05-09 00:00:00+00:00,long,1,-1.000887039543997,0,SAME_BAR_SL,commodities
GBPAUD,2022-05-09 00:00:00+00:00,short,4,-1.0216310447761194,0,SAME_BAR_SL,fx_cross
NZDJPY,2022-05-09 00:00:00+00:00,long,1,-1.0174518518518518,0,SAME_BAR_SL,fx_cross
GBPCAD,2022-05-09 00:00:00+00:00,short,4,-1.0146772007848266,15,SL,fx_cross
EURCAD,2022-05-09 00:00:00+00:00,short,3,2.4607164008179963,3,TP,fx_cross
CL,2022-05-10 00:00:00+00:00,long,2,2.498424273673773,5,TP,commodities
AUDCAD,2022-05-11 00:00:00+00:00,long,2,-1.0116179335793358,29,SL,fx_cross
AUDJPY,2022-05-11 00:00:00+00:00,short,4,2.4837227376425854,1,TP,fx_cross
NQ,2022-05-11 00:00:00+00:00,long,1,-1.0045934432124664,1,SL,indices
GBPJPY,2022-05-12 00:00:00+00:00,long,1,-1.014384589308996,0,SAME_BAR_SL,fx_cross
YM,2022-05-12 00:00:00+00:00,long,2,2.4969427345187003,13,TP,indices
PA,2022-05-12 00:00:00+00:00,long,2,-1.0028048148148148,0,SAME_BAR_SL,metals
NZDJPY,2022-05-12 00:00:00+00:00,long,1,2.48458400550585,4,TP,fx_cross
CHFJPY,2022-05-12 00:00:00+00:00,long,1,2.4784789448441242,4,TP,fx_cross
USDCAD,2022-05-12 00:00:00+00:00,short,3,2.4764972750642675,3,TP,fx_major
HG,2022-05-13 00:00:00+00:00,short,4,-1.0018755368421053,8,SL,metals
CADJPY,2022-05-13 00:00:00+00:00,short,4,-1.011726395300042,3,SL,fx_cross
PA,2022-05-16 00:00:00+00:00,short,4,-1.0008831955922866,47,SL,metals
EURCHF,2022-05-16 00:00:00+00:00,short,3,2.479052074391989,3,TP,fx_cross
GBPJPY,2022-05-17 00:00:00+00:00,short,4,-1.009564389516301,13,SL,fx_cross
EURUSD,2022-05-17 00:00:00+00:00,short,3,-1.0094967042889391,5,SL,fx_major
EURJPY,2022-05-17 00:00:00+00:00,short,3,-1.0084598671978753,13,SL,fx_cross
GBPCHF,2022-05-17 00:00:00+00:00,short,3,2.4747265841223594,1,TP,fx_cross
EURGBP,2022-05-17 00:00:00+00:00,long,1,2.4820322315308454,20,TP,fx_cross
USDJPY,2022-05-17 00:00:00+00:00,short,4,-1.0133980671338991,17,SL,fx_major
NG,2022-05-18 00:00:00+00:00,short,3,-1.0009382729805014,6,SL,commodities
CADCHF,2022-05-18 00:00:00+00:00,short,3,2.483578835978836,1,TP,fx_cross
NKD,2022-05-19 00:00:00+00:00,short,3,-1.0036460813704497,8,SL,indices
CHFJPY,2022-05-19 00:00:00+00:00,short,4,-1.0108463420427556,3,SL,fx_cross
USDCHF,2022-05-19 00:00:00+00:00,long,1,-1.0091355948017326,3,SL,fx_major
GBPNZD,2022-05-25 00:00:00+00:00,long,2,-1.0078009865858935,67,SL,fx_cross
EURNZD,2022-05-26 00:00:00+00:00,short,3,-1.015559101575595,12,SL,fx_cross
CADJPY,2022-05-30 00:00:00+00:00,short,4,-1.0278036149312377,1,SL,fx_cross
GBPCHF,2022-05-30 00:00:00+00:00,short,4,-1.0132440109246974,7,SL,fx_cross
AUDJPY,2022-05-30 00:00:00+00:00,short,4,-1.0162772623574143,1,SL,fx_cross
NZDJPY,2022-05-30 00:00:00+00:00,short,3,-1.0069690561529272,3,SL,fx_cross
NG,2022-05-31 00:00:00+00:00,long,1,2.498802169981917,7,TP,commodities
GBPCAD,2022-06-01 00:00:00+00:00,long,2,-1.0445471421396295,0,SAME_BAR_SL,fx_cross
EURUSD,2022-06-02 00:00:00+00:00,short,3,2.485736658733936,9,TP,fx_major
EURJPY,2022-06-02 00:00:00+00:00,short,4,-1.0132070948012233,1,SL,fx_cross
AUDCHF,2022-06-02 00:00:00+00:00,short,3,-1.0109474015748032,4,SL,fx_cross
CL,2022-06-03 00:00:00+00:00,long,1,-1.0011532537496173,12,SL,commodities
NQ,2022-06-03 00:00:00+00:00,long,1,-1.0026361240310078,5,SL,indices
AUDUSD,2022-06-06 00:00:00+00:00,long,1,-1.016032229299363,3,SL,fx_major
NZDCHF,2022-06-06 00:00:00+00:00,short,3,2.485337123857024,9,TP,fx_cross
NZDJPY,2022-06-08 00:00:00+00:00,short,4,2.488013835480674,4,TP,fx_cross
AUDCHF,2022-06-09 00:00:00+00:00,long,1,-1.0085415654461742,4,SL,fx_cross
USDCAD,2022-06-09 00:00:00+00:00,short,4,-1.0358210217501276,0,SAME_BAR_SL,fx_major
GBPAUD,2022-06-10 00:00:00+00:00,long,1,-1.010760184899846,36,SL,fx_cross
USDCHF,2022-06-10 00:00:00+00:00,short,4,-1.0094671372280282,3,SL,fx_major
GBPCAD,2022-06-10 00:00:00+00:00,long,1,-1.0206746335752752,2,SL,fx_cross
HG,2022-06-10 00:00:00+00:00,long,1,-1.0038502222222223,1,SL,metals
EURNZD,2022-06-10 00:00:00+00:00,long,1,2.4834454135338344,11,TP,fx_cross
CHFJPY,2022-06-13 00:00:00+00:00,short,3,-1.0124636505867013,4,SL,fx_cross
GBPJPY,2022-06-13 00:00:00+00:00,long,1,-1.0368108769107,0,SAME_BAR_SL,fx_cross
CADJPY,2022-06-13 00:00:00+00:00,long,1,-1.0345313404507703,2,SL,fx_cross
GBPCHF,2022-06-14 00:00:00+00:00,long,2,-1.019512824074074,2,SL,fx_cross
GBPCAD,2022-06-15 00:00:00+00:00,short,4,-1.0186554690491383,1,SL,fx_cross
EURJPY,2022-06-15 00:00:00+00:00,short,4,2.4668351383067875,1,TP,fx_cross
EURCAD,2022-06-15 00:00:00+00:00,short,4,-1.0137099440534199,6,SL,fx_cross
EURAUD,2022-06-15 00:00:00+00:00,long,1,-1.0097884556254368,24,SL,fx_cross
GBPUSD,2022-06-16 00:00:00+00:00,long,2,-1.0061076020453934,17,SL,fx_major
USDCHF,2022-06-16 00:00:00+00:00,long,1,-1.0153147962032387,0,SAME_BAR_SL,fx_major
AUDCHF,2022-06-16 00:00:00+00:00,long,2,-1.0076448918600078,0,SAME_BAR_SL,fx_cross
CADCHF,2022-06-16 00:00:00+00:00,long,1,-1.0679090966719489,0,SAME_BAR_SL,fx_cross
RTY,2022-06-16 00:00:00+00:00,long,1,2.495849235569423,7,TP,indices
AUDUSD,2022-06-16 00:00:00+00:00,long,2,-1.0079866666666666,13,SL,fx_major
NZDUSD,2022-06-16 00:00:00+00:00,short,4,-1.0069439122772665,48,SL,fx_major
AUDNZD,2022-06-16 00:00:00+00:00,long,2,-1.017104950495049,1,SL,fx_cross
NZDJPY,2022-06-17 00:00:00+00:00,short,4,-1.0132936151279197,3,SL,fx_cross
USDJPY,2022-06-17 00:00:00+00:00,short,3,-1.0141243742953776,3,SL,fx_major
EURUSD,2022-06-17 00:00:00+00:00,long,2,-1.0123332125552982,15,SL,fx_major
USDCAD,2022-06-17 00:00:00+00:00,short,3,2.4764972750642675,8,TP,fx_major
USDCHF,2022-06-17 00:00:00+00:00,long,1,2.4555040264026418,1,TP,fx_major
CADJPY,2022-06-19 00:00:00+00:00,short,4,-1.0185850000000003,2,SL,fx_cross
NKD,2022-06-21 00:00:00+00:00,short,4,-1.0029260311958406,6,SL,indices
YM,2022-06-21 00:00:00+00:00,short,4,-1.0035209251897361,3,SL,indices
ES,2022-06-21 00:00:00+00:00,short,4,-1.0027759815242494,3,SL,indices
AUDJPY,2022-06-21 00:00:00+00:00,short,4,2.488559723601814,9,TP,fx_cross
GBPJPY,2022-06-21 00:00:00+00:00,short,3,2.4835057052409426,9,TP,fx_cross
AUDCAD,2022-06-22 00:00:00+00:00,long,2,-1.010628163179032,6,SL,fx_cross
NZDCAD,2022-06-22 00:00:00+00:00,long,1,-1.0092780105992663,6,SL,fx_cross
HG,2022-06-23 00:00:00+00:00,long,1,-1.0054013186813187,0,SAME_BAR_SL,metals
NG,2022-06-30 00:00:00+00:00,long,1,-1.001014175285792,0,SAME_BAR_SL,commodities
AUDUSD,2022-07-04 00:00:00+00:00,short,4,2.4842457002457,6,TP,fx_major
AUDNZD,2022-07-04 00:00:00+00:00,short,3,-1.0347593037619318,13,SL,fx_cross
AUDJPY,2022-07-05 00:00:00+00:00,long,2,2.4833193798449615,8,TP,fx_cross
GBPJPY,2022-07-05 00:00:00+00:00,short,3,2.4892242068483577,24,TP,fx_cross
AUDCHF,2022-07-05 00:00:00+00:00,long,2,2.477178082191781,2,TP,fx_cross
EURJPY,2022-07-05 00:00:00+00:00,short,3,2.491770786702457,21,TP,fx_cross
NZDJPY,2022-07-05 00:00:00+00:00,short,4,2.481517381137958,1,TP,fx_cross
NQ,2022-07-07 00:00:00+00:00,short,3,-1.003141057790484,10,SL,indices
DAX,2022-07-07 00:00:00+00:00,short,4,-1.0035154521963825,7,SL,indices
ES,2022-07-07 00:00:00+00:00,short,3,-1.0045238475499092,11,SL,indices
PL,2022-07-08 00:00:00+00:00,short,4,2.497142646153846,5,TP,metals
NG,2022-07-11 00:00:00+00:00,short,3,-1.0011629180695847,4,SL,commodities
GBPCHF,2022-07-11 00:00:00+00:00,long,2,-1.0117539415795167,26,SL,fx_cross
AUDCAD,2022-07-14 00:00:00+00:00,short,3,-1.0208684848484846,4,SL,fx_cross
USDCAD,2022-07-15 00:00:00+00:00,long,1,-1.0152936797988261,2,SL,fx_major
GBPCAD,2022-07-15 00:00:00+00:00,long,2,-1.014558495634654,32,SL,fx_cross
NZDCAD,2022-07-18 00:00:00+00:00,long,2,2.487380943236374,20,TP,fx_cross
CADCHF,2022-07-18 00:00:00+00:00,short,3,2.483160670391061,12,TP,fx_cross
USDCAD,2022-07-19 00:00:00+00:00,long,2,-1.0192715025353616,8,SL,fx_major
CHFJPY,2022-07-21 00:00:00+00:00,long,1,-1.0183322509225092,6,SL,fx_cross
CADJPY,2022-07-21 00:00:00+00:00,long,1,-1.0343464516129035,1,SL,fx_cross
EURCHF,2022-07-22 00:00:00+00:00,long,2,-1.0192412957157786,3,SL,fx_cross
AUDJPY,2022-07-22 00:00:00+00:00,long,1,-1.0080052960825994,8,SL,fx_cross
EURCAD,2022-07-22 00:00:00+00:00,long,2,-1.0144374206270952,27,SL,fx_cross
EURGBP,2022-07-22 00:00:00+00:00,long,1,-1.0263045814977967,2,SL,fx_cross
NG,2022-07-25 00:00:00+00:00,short,4,-1.0019800143163922,1,SL,commodities
EURUSD,2022-07-26 00:00:00+00:00,long,1,2.4780701662156934,5,TP,fx_major
EURAUD,2022-07-26 00:00:00+00:00,long,2,-1.0348481841432238,2,SL,fx_cross
HG,2022-07-26 00:00:00+00:00,short,3,-1.0019083636363637,3,SL,metals
GBPUSD,2022-07-27 00:00:00+00:00,short,4,-1.0136157039420755,2,SL,fx_major
NQ,2022-07-28 00:00:00+00:00,long,1,-1.0016534211067682,34,SL,indices
USDJPY,2022-08-01 00:00:00+00:00,long,1,2.4646356756756758,1,TP,fx_major
PA,2022-08-02 00:00:00+00:00,long,1,-1.0016238948626046,1,SL,metals
AUDCAD,2022-08-02 00:00:00+00:00,long,1,-1.0119657959961867,30,SL,fx_cross
PL,2022-08-02 00:00:00+00:00,short,3,-1.0028343300970874,3,SL,metals
AUDCHF,2022-08-03 00:00:00+00:00,short,3,-1.0089612141652615,23,SL,fx_cross
AUDJPY,2022-08-03 00:00:00+00:00,short,4,-1.0193416827997024,1,SL,fx_cross
GBPUSD,2022-08-05 00:00:00+00:00,long,1,-1.0138780357509758,11,SL,fx_major
NKD,2022-08-05 00:00:00+00:00,short,3,-1.0096598930481284,5,SL,indices
HG,2022-08-08 00:00:00+00:00,short,4,-1.0026992280701754,4,SL,metals
EURCHF,2022-08-09 00:00:00+00:00,short,3,-1.0160977672770228,19,SL,fx_cross
AUDJPY,2022-08-12 00:00:00+00:00,short,3,2.482942697853252,2,TP,fx_cross
EURUSD,2022-08-15 00:00:00+00:00,long,2,-1.0228512230215823,1,SL,fx_major
SI,2022-08-15 00:00:00+00:00,long,2,-1.0017694117647058,4,SL,metals
PA,2022-08-16 00:00:00+00:00,long,1,-1.0107275590551181,0,SAME_BAR_SL,metals
CADJPY,2022-08-16 00:00:00+00:00,short,4,-1.0137324268177526,1,SL,fx_cross
EURJPY,2022-08-16 00:00:00+00:00,short,4,-1.0295691260634197,1,SL,fx_cross
CADCHF,2022-08-16 00:00:00+00:00,short,4,-1.0198643545279382,6,SL,fx_cross
EURGBP,2022-08-17 00:00:00+00:00,long,2,2.4839797275204356,11,TP,fx_cross
USDCHF,2022-08-17 00:00:00+00:00,short,4,-1.0740022160664842,1,SL,fx_major
USDJPY,2022-08-17 00:00:00+00:00,short,3,-1.0208511098840416,1,SL,fx_major
EURNZD,2022-08-17 00:00:00+00:00,short,4,-1.0221261373599606,10,SL,fx_cross
GBPNZD,2022-08-17 00:00:00+00:00,short,4,2.4738213962539533,7,TP,fx_cross
NZDUSD,2022-08-17 00:00:00+00:00,long,1,-1.0589322613065324,0,SAME_BAR_SL,fx_major
USDCAD,2022-08-18 00:00:00+00:00,short,3,-1.1017422471910048,0,SAME_BAR_SL,fx_major
PL,2022-08-18 00:00:00+00:00,long,1,-1.001728,3,SL,metals
ES,2022-08-22 00:00:00+00:00,long,1,-1.004416106048053,4,SL,indices
EURAUD,2022-08-22 00:00:00+00:00,long,1,-1.0255639294710326,1,SL,fx_cross
NG,2022-08-23 00:00:00+00:00,long,1,-1.001174125928823,9,SL,commodities
GBPAUD,2022-08-23 00:00:00+00:00,long,2,-1.0638497326203196,2,SL,fx_cross
YM,2022-08-23 00:00:00+00:00,long,1,-1.0054918828451882,3,SL,indices
PA,2022-08-25 00:00:00+00:00,short,4,-1.0022397364085667,15,SL,metals
AUDJPY,2022-08-25 00:00:00+00:00,short,3,-1.017057302146748,3,SL,fx_cross
SI,2022-08-28 00:00:00+00:00,long,2,-1.0031218897637795,3,SL,metals
USDJPY,2022-08-28 00:00:00+00:00,short,3,-1.0163827869546802,3,SL,fx_major
AUDUSD,2022-08-28 00:00:00+00:00,short,4,2.494264338498212,25,TP,fx_major
CL,2022-08-29 00:00:00+00:00,short,3,2.4986354425942157,8,TP,commodities
EURJPY,2022-08-29 00:00:00+00:00,short,4,-1.0110365207504264,4,SL,fx_cross
AUDJPY,2022-08-30 00:00:00+00:00,long,1,2.4891672579332793,11,TP,fx_cross
NZDJPY,2022-08-31 00:00:00+00:00,long,1,2.484447539267016,6,TP,fx_cross
EURCAD,2022-09-02 00:00:00+00:00,short,3,-1.0119459990245487,12,SL,fx_cross
GBPNZD,2022-09-02 00:00:00+00:00,long,2,2.427827077344286,2,TP,fx_cross
GBPNZD,2022-09-06 00:00:00+00:00,short,4,-1.0244637275655777,0,SAME_BAR_SL,fx_cross
EURJPY,2022-09-07 00:00:00+00:00,short,3,-1.008229213297543,4,SL,fx_cross
NKD,2022-09-07 00:00:00+00:00,short,4,-1.0041675829383887,1,SL,indices
GBPCAD,2022-09-07 00:00:00+00:00,long,2,-1.0301649607982903,0,SAME_BAR_SL,fx_cross
USDCHF,2022-09-08 00:00:00+00:00,long,1,-1.0354232898172324,1,SL,fx_major
AUDCHF,2022-09-08 00:00:00+00:00,long,2,-1.0228219178082192,4,SL,fx_cross
HG,2022-09-08 00:00:00+00:00,short,4,-1.0034082388059702,4,SL,metals
GBPAUD,2022-09-09 00:00:00+00:00,long,2,-1.0190629121540318,12,SL,fx_cross
PL,2022-09-12 00:00:00+00:00,short,4,-1.0138692682926829,0,SAME_BAR_SL,metals
EURCHF,2022-09-12 00:00:00+00:00,short,4,-1.008163786698622,37,SL,fx_cross
EURUSD,2022-09-12 00:00:00+00:00,short,4,2.477591170674025,1,TP,fx_major
USDCAD,2022-09-12 00:00:00+00:00,long,2,2.4812132816136545,3,TP,fx_major
PL,2022-09-13 00:00:00+00:00,long,1,2.49397711827957,1,TP,metals
USDJPY,2022-09-13 00:00:00+00:00,short,3,-1.0242377844671893,0,SAME_BAR_SL,fx_major
NZDJPY,2022-09-14 00:00:00+00:00,long,1,-1.0250429906542051,0,SAME_BAR_SL,fx_cross
AUDNZD,2022-09-14 00:00:00+00:00,long,1,2.4618424301336583,5,TP,fx_cross
AUDJPY,2022-09-14 00:00:00+00:00,long,1,-1.0169498740554155,6,SL,fx_cross
USDJPY,2022-09-14 00:00:00+00:00,long,2,-1.0136202452316072,7,SL,fx_major
NG,2022-09-15 00:00:00+00:00,long,2,-1.000790996483001,2,SL,commodities
CHFJPY,2022-09-15 00:00:00+00:00,short,3,-1.0072681497026934,6,SL,fx_cross
PA,2022-09-15 00:00:00+00:00,short,3,-1.0013707767944937,16,SL,metals
EURNZD,2022-09-15 00:00:00+00:00,short,3,-1.0094030202283195,9,SL,fx_cross
HG,2022-09-15 00:00:00+00:00,long,1,-1.0034411162790697,7,SL,metals
SI,2022-09-16 00:00:00+00:00,long,1,-1.0029430656934306,8,SL,metals
ES,2022-09-16 00:00:00+00:00,long,1,-1.004218725573492,4,SL,indices
NG,2022-09-19 00:00:00+00:00,long,1,-1.0013890273733255,4,SL,commodities
RTY,2022-09-21 00:00:00+00:00,long,1,-1.0067315384615385,1,SL,indices
NKD,2022-09-21 00:00:00+00:00,long,1,-1.0066112977099237,1,SL,indices
EURAUD,2022-09-21 00:00:00+00:00,long,1,2.4754782608695654,7,TP,fx_cross
NZDJPY,2022-09-22 00:00:00+00:00,long,2,-1.0084891349480969,3,SL,fx_cross
EURCAD,2022-09-22 00:00:00+00:00,short,3,-1.0164968327402133,6,SL,fx_cross
CADCHF,2022-09-22 00:00:00+00:00,short,4,2.468119781420765,1,TP,fx_cross
EURJPY,2022-09-22 00:00:00+00:00,short,3,2.481292916472235,1,TP,fx_cross
GBPCHF,2022-09-22 00:00:00+00:00,short,4,2.478695885167464,1,TP,fx_cross
CL,2022-09-23 00:00:00+00:00,long,2,-1.0040050632911393,2,SL,commodities
PL,2022-09-23 00:00:00+00:00,long,1,-1.00602288172043,0,SAME_BAR_SL,metals
GBPJPY,2022-09-25 00:00:00+00:00,long,1,-1.011400348009491,0,SAME_BAR_SL,fx_cross
NG,2022-09-26 00:00:00+00:00,long,1,-1.001624054669704,6,SL,commodities
USDCHF,2022-09-26 00:00:00+00:00,short,3,-1.0111618589743587,22,SL,fx_major
NZDCAD,2022-09-28 00:00:00+00:00,short,4,-1.0115962363004543,1,SL,fx_cross
AUDCAD,2022-09-28 00:00:00+00:00,long,1,-1.0164420560747662,10,SL,fx_cross
NKD,2022-09-28 00:00:00+00:00,short,4,2.4914493401015227,3,TP,indices
USDCAD,2022-09-28 00:00:00+00:00,long,1,2.4685359537572262,2,TP,fx_major
AUDNZD,2022-09-29 00:00:00+00:00,short,3,2.4900360162856248,28,TP,fx_cross
HG,2022-09-29 00:00:00+00:00,long,2,2.4980402557077626,31,TP,metals
ES,2022-09-29 00:00:00+00:00,long,2,-1.0025544857296715,2,SL,indices
GBPJPY,2022-09-29 00:00:00+00:00,short,4,-1.0040953742118248,4,SL,fx_cross
GBPCAD,2022-09-29 00:00:00+00:00,short,3,-1.0130571411005227,1,SL,fx_cross
RTY,2022-09-29 00:00:00+00:00,long,2,2.496985696698377,22,TP,indices
SI,2022-09-29 00:00:00+00:00,long,2,2.4987797376387486,37,TP,metals
NQ,2022-09-29 00:00:00+00:00,long,2,-1.0028674818163947,1,SL,indices
CL,2022-09-30 00:00:00+00:00,long,2,2.4983113715046605,5,TP,commodities
GBPUSD,2022-09-30 00:00:00+00:00,short,4,-1.009101885044158,3,SL,fx_major
EURGBP,2022-09-30 00:00:00+00:00,long,1,-1.0109994721538804,2,SL,fx_cross
EURAUD,2022-09-30 00:00:00+00:00,short,3,-1.008311809300508,8,SL,fx_cross
GBPAUD,2022-09-30 00:00:00+00:00,short,4,-1.0301922373300374,3,SL,fx_cross
EURGBP,2022-10-04 00:00:00+00:00,long,2,2.4815620637329285,6,TP,fx_cross
USDCAD,2022-10-04 00:00:00+00:00,long,1,-1.0314640462427738,0,SAME_BAR_SL,fx_major
EURNZD,2022-10-04 00:00:00+00:00,short,3,2.477209007241299,1,TP,fx_cross
GBPCAD,2022-10-04 00:00:00+00:00,short,4,-1.0118230867729192,11,SL,fx_cross
AUDCHF,2022-10-04 00:00:00+00:00,long,2,-1.0163808383233532,5,SL,fx_cross
NZDUSD,2022-10-06 00:00:00+00:00,short,4,2.4915082254697287,3,TP,fx_major
CL,2022-10-11 00:00:00+00:00,long,1,-1.0040603730272597,1,SL,commodities
GBPNZD,2022-10-13 00:00:00+00:00,short,4,2.477842874438586,1,TP,fx_cross
PA,2022-10-13 00:00:00+00:00,long,2,-1.003690756302521,0,SAME_BAR_SL,metals
PL,2022-10-13 00:00:00+00:00,long,1,2.497596660869565,7,TP,metals
NKD,2022-10-13 00:00:00+00:00,long,2,2.496670597609562,16,TP,indices
GBPCHF,2022-10-13 00:00:00+00:00,short,3,-1.0176573340769661,10,SL,fx_cross
PA,2022-10-14 00:00:00+00:00,short,4,2.49770027027027,9,TP,metals
ES,2022-10-14 00:00:00+00:00,long,2,2.4983332999642474,40,TP,indices
GBPNZD,2022-10-17 00:00:00+00:00,short,4,2.477842874438586,1,TP,fx_cross
AUDUSD,2022-10-17 00:00:00+00:00,short,4,-1.0083361064891847,4,SL,fx_major
NQ,2022-10-17 00:00:00+00:00,short,4,-1.0017554124036883,1,SL,indices
CHFJPY,2022-10-17 00:00:00+00:00,short,3,2.4931506843919253,55,TP,fx_cross
NG,2022-10-19 00:00:00+00:00,long,2,-1.0017163915547025,1,SL,commodities
CADJPY,2022-10-20 00:00:00+00:00,short,3,2.4879427133307117,18,TP,fx_cross
EURAUD,2022-10-20 00:00:00+00:00,long,1,2.473870207768744,3,TP,fx_cross
USDJPY,2022-10-21 00:00:00+00:00,long,1,-1.01824866873065,0,SAME_BAR_SL,fx_major
EURJPY,2022-10-21 00:00:00+00:00,long,1,-1.03709526075023,0,SAME_BAR_SL,fx_cross
NG,2022-10-21 00:00:00+00:00,long,1,2.498463565891473,3,TP,commodities
EURJPY,2022-10-23 00:00:00+00:00,short,4,2.4919531749460044,50,TP,fx_cross
USDCHF,2022-10-23 00:00:00+00:00,long,2,-1.0337376271186451,3,SL,fx_major
NZDUSD,2022-10-24 00:00:00+00:00,long,2,2.4901847524752476,3,TP,fx_major
USDCAD,2022-10-24 00:00:00+00:00,short,4,2.4889839357429717,16,TP,fx_major
AUDCAD,2022-10-24 00:00:00+00:00,long,2,2.477393890705278,2,TP,fx_cross
CADCHF,2022-10-26 00:00:00+00:00,long,2,2.478787223382046,7,TP,fx_cross
AUDUSD,2022-10-26 00:00:00+00:00,short,3,2.487390478834143,7,TP,fx_major
PL,2022-10-26 00:00:00+00:00,short,3,-1.009595,1,SL,metals
EURAUD,2022-10-26 00:00:00+00:00,long,2,-1.0274650190114063,1,SL,fx_cross
EURNZD,2022-10-27 00:00:00+00:00,long,2,-1.0387205169628437,0,SAME_BAR_SL,fx_cross
EURUSD,2022-10-28 00:00:00+00:00,long,1,-1.0111496818090855,4,SL,fx_major
EURCHF,2022-10-28 00:00:00+00:00,short,3,2.477911111111111,12,TP,fx_cross
NQ,2022-10-28 00:00:00+00:00,short,3,-1.0021392166642218,12,SL,indices
EURCAD,2022-10-31 00:00:00+00:00,long,2,-1.024127293666027,3,SL,fx_cross
NZDCHF,2022-11-01 00:00:00+00:00,short,4,-1.0142707317073172,15,SL,fx_cross
YM,2022-11-02 00:00:00+00:00,long,1,-1.007364581245526,1,SL,indices
GBPCAD,2022-11-03 00:00:00+00:00,long,1,-1.011023083522584,0,SAME_BAR_SL,fx_cross
PL,2022-11-03 00:00:00+00:00,long,2,2.497143076923077,3,TP,metals
EURUSD,2022-11-03 00:00:00+00:00,long,2,2.483793994669825,3,TP,fx_major
USDCHF,2022-11-04 00:00:00+00:00,long,1,-1.0098547024749869,2,SL,fx_major
NKD,2022-11-04 00:00:00+00:00,short,3,-1.0058225165562913,2,SL,indices
EURAUD,2022-11-06 00:00:00+00:00,short,4,-1.0193620062695923,3,SL,fx_cross
YM,2022-11-07 00:00:00+00:00,short,3,-1.0056872095548317,1,SL,indices
CADCHF,2022-11-07 00:00:00+00:00,long,1,-1.0141594778426657,2,SL,fx_cross
CL,2022-11-08 00:00:00+00:00,long,1,-1.0031892976588628,1,SL,commodities
EURGBP,2022-11-08 00:00:00+00:00,short,3,-1.0133338432122372,1,SL,fx_cross
PL,2022-11-08 00:00:00+00:00,short,3,-1.0019433957703927,2,SL,metals
AUDJPY,2022-11-09 00:00:00+00:00,long,2,-1.0089876849642003,2,SL,fx_cross
NZDJPY,2022-11-09 00:00:00+00:00,long,2,-1.010355910652921,1,SL,fx_cross
GBPCHF,2022-11-09 00:00:00+00:00,long,2,-1.0152493342946405,0,SAME_BAR_SL,fx_cross
GBPCAD,2022-11-09 00:00:00+00:00,long,2,2.4914065495207667,12,TP,fx_cross
USDJPY,2022-11-10 00:00:00+00:00,long,1,-1.0388643323442128,1,SL,fx_major
YM,2022-11-10 00:00:00+00:00,short,4,-1.0254551658767772,0,SAME_BAR_SL,indices
NKD,2022-11-10 00:00:00+00:00,short,3,2.492524958677686,19,TP,indices
RTY,2022-11-10 00:00:00+00:00,short,3,-1.0043606779661016,1,SL,indices
AUDCHF,2022-11-11 00:00:00+00:00,short,4,2.4855048158640227,29,TP,fx_cross
EURUSD,2022-11-11 00:00:00+00:00,short,4,-1.1069652141526982,0,SAME_BAR_SL,fx_major
CADCHF,2022-11-11 00:00:00+00:00,long,2,-1.022799271070615,0,SAME_BAR_SL,fx_cross
NQ,2022-11-15 00:00:00+00:00,short,4,-1.0033127162103432,24,SL,indices
EURUSD,2022-11-15 00:00:00+00:00,short,4,2.4816823595858177,5,TP,fx_major
PL,2022-11-16 00:00:00+00:00,long,1,-1.0029078385650223,1,SL,metals
HG,2022-11-17 00:00:00+00:00,long,1,-1.0040667586206897,2,SL,metals
CL,2022-11-18 00:00:00+00:00,long,2,-1.0016886284953395,2,SL,commodities
SI,2022-11-20 00:00:00+00:00,long,1,2.4962606741573032,9,TP,metals
NG,2022-11-21 00:00:00+00:00,short,3,-1.0009688690210103,2,SL,commodities
GBPUSD,2022-11-23 00:00:00+00:00,short,3,-1.0143814492753622,7,SL,fx_major
GBPAUD,2022-11-23 00:00:00+00:00,short,4,-1.0270989530491093,3,SL,fx_cross
GBPCHF,2022-11-23 00:00:00+00:00,short,3,-1.0313575184638104,1,SL,fx_cross
EURNZD,2022-11-24 00:00:00+00:00,long,1,2.4599977987962176,3,TP,fx_cross
EURGBP,2022-11-28 00:00:00+00:00,short,4,-1.020139983374896,15,SL,fx_cross
CL,2022-11-28 00:00:00+00:00,long,1,2.4968807397622195,1,TP,commodities
PL,2022-11-29 00:00:00+00:00,long,1,-1.0023419345454545,20,SL,metals
EURCAD,2022-11-29 00:00:00+00:00,long,1,2.4814873244781785,3,TP,fx_cross
GBPCAD,2022-11-29 00:00:00+00:00,short,4,-1.0976123076923165,0,SAME_BAR_SL,fx_cross
CADJPY,2022-11-30 00:00:00+00:00,short,4,2.473005168539326,1,TP,fx_cross
AUDJPY,2022-11-30 00:00:00+00:00,short,3,2.476161708314403,1,TP,fx_cross
YM,2022-11-30 00:00:00+00:00,short,3,-1.0178813071895425,0,SAME_BAR_SL,indices
GBPCAD,2022-11-30 00:00:00+00:00,long,1,2.484653198106829,4,TP,fx_cross
USDCAD,2022-11-30 00:00:00+00:00,long,1,-1.0262579944289696,4,SL,fx_major
GBPAUD,2022-12-01 00:00:00+00:00,short,4,-1.0225231723208263,0,SAME_BAR_SL,fx_cross
EURAUD,2022-12-01 00:00:00+00:00,short,3,-1.0093741186660892,5,SL,fx_cross
SI,2022-12-02 00:00:00+00:00,short,4,-1.0015928205128206,15,SL,metals
AUDNZD,2022-12-02 00:00:00+00:00,long,2,-1.0350640566037734,3,SL,fx_cross
NZDCAD,2022-12-02 00:00:00+00:00,short,4,-1.009274272517321,6,SL,fx_cross
USDCHF,2022-12-02 00:00:00+00:00,long,1,-1.0163038107098379,9,SL,fx_major
RTY,2022-12-05 00:00:00+00:00,long,2,-1.0061858823529413,1,SL,indices
EURCAD,2022-12-05 00:00:00+00:00,short,4,-1.011910868722992,6,SL,fx_cross
AUDUSD,2022-12-05 00:00:00+00:00,long,2,2.4858122028766085,7,TP,fx_major
YM,2022-12-05 00:00:00+00:00,long,2,-1.0081417417417418,1,SL,indices
ES,2022-12-06 00:00:00+00:00,long,2,-1.007461348973607,0,SAME_BAR_SL,indices
CL,2022-12-06 00:00:00+00:00,long,1,-1.0031192602377808,1,SL,commodities
NZDUSD,2022-12-07 00:00:00+00:00,short,3,-1.009848702374379,5,SL,fx_major
EURNZD,2022-12-07 00:00:00+00:00,long,2,-1.015836984235778,5,SL,fx_cross
GBPCHF,2022-12-07 00:00:00+00:00,long,1,-1.0142402850144734,7,SL,fx_cross
GBPCAD,2022-12-12 00:00:00+00:00,short,4,2.4853658387799564,9,TP,fx_cross
RTY,2022-12-13 00:00:00+00:00,short,3,2.49580469273743,2,TP,indices
USDJPY,2022-12-13 00:00:00+00:00,long,2,-1.0099943581616482,6,SL,fx_major
ES,2022-12-13 00:00:00+00:00,short,3,-1.0059344127708096,0,SAME_BAR_SL,indices
NZDCHF,2022-12-13 00:00:00+00:00,short,3,-1.038374063926942,0,SAME_BAR_SL,fx_cross
NZDUSD,2022-12-14 00:00:00+00:00,long,1,-1.0130985266229031,1,SL,fx_major
AUDUSD,2022-12-15 00:00:00+00:00,long,1,-1.0110285283893397,0,SAME_BAR_SL,fx_major
YM,2022-12-15 00:00:00+00:00,long,2,-1.0380028368794327,0,SAME_BAR_SL,indices
ES,2022-12-15 00:00:00+00:00,long,2,-1.027665934065934,0,SAME_BAR_SL,indices
AUDCAD,2022-12-15 00:00:00+00:00,long,2,-1.0190290922454979,0,SAME_BAR_SL,fx_cross
NZDUSD,2022-12-16 00:00:00+00:00,short,3,2.4943332826362483,141,TP,fx_major
USDCHF,2022-12-16 00:00:00+00:00,short,4,-1.0223693281985453,14,SL,fx_major
NZDCAD,2022-12-16 00:00:00+00:00,short,3,2.4909778468368478,53,TP,fx_cross
GBPNZD,2022-12-16 00:00:00+00:00,long,1,2.4911696734626223,80,TP,fx_cross
PA,2022-12-19 00:00:00+00:00,long,2,-1.0007036031331593,47,SL,metals
GBPJPY,2022-12-20 00:00:00+00:00,long,2,-1.0095419607843137,0,SAME_BAR_SL,fx_cross
NZDJPY,2022-12-20 00:00:00+00:00,long,2,2.4619015789473706,1,TP,fx_cross
GBPUSD,2022-12-21 00:00:00+00:00,long,2,-1.0073348043784545,13,SL,fx_major
NZDJPY,2022-12-22 00:00:00+00:00,long,2,2.4619015789473706,1,TP,fx_cross
NZDCHF,2022-12-22 00:00:00+00:00,long,1,2.484093372434018,17,TP,fx_cross
GBPCAD,2022-12-27 00:00:00+00:00,long,1,2.4899300850734725,73,TP,fx_cross
AUDNZD,2022-12-28 00:00:00+00:00,short,4,-1.0204525458248477,4,SL,fx_cross
EURNZD,2022-12-29 00:00:00+00:00,short,3,-1.006632692225923,3,SL,fx_cross
USDCAD,2022-12-29 00:00:00+00:00,long,2,-1.0228436845273932,7,SL,fx_major
AUDCAD,2022-12-30 00:00:00+00:00,short,4,-1.0087574265829231,13,SL,fx_cross
EURCHF,2023-01-02 00:00:00+00:00,long,2,2.465195611601513,8,TP,fx_cross
AUDNZD,2023-01-03 00:00:00+00:00,long,1,2.4568719770773666,1,TP,fx_cross
GBPJPY,2023-01-03 00:00:00+00:00,long,1,2.494828340637214,85,TP,fx_cross
EURUSD,2023-01-03 00:00:00+00:00,long,2,-1.028102302568982,3,SL,fx_major
CADCHF,2023-01-03 00:00:00+00:00,short,3,-1.0243820304568525,1,SL,fx_cross
AUDCHF,2023-01-03 00:00:00+00:00,short,3,-1.010409479564834,5,SL,fx_cross
EURAUD,2023-01-04 00:00:00+00:00,long,2,-1.0111855178594291,4,SL,fx_cross
SI,2023-01-05 00:00:00+00:00,long,2,-1.0020283940620782,25,SL,metals
HG,2023-01-05 00:00:00+00:00,short,3,-1.0019782995951416,2,SL,metals
USDJPY,2023-01-08 00:00:00+00:00,long,2,-1.0059742386032977,4,SL,fx_major
USDCHF,2023-01-09 00:00:00+00:00,long,2,-1.0221598973042367,0,SAME_BAR_SL,fx_major
DAX,2023-01-11 00:00:00+00:00,short,4,-1.003344455239417,16,SL,indices
HG,2023-01-11 00:00:00+00:00,short,4,-1.0036121081081082,6,SL,metals
ES,2023-01-12 00:00:00+00:00,short,3,-1.0016173978629792,108,SL,indices
CHFJPY,2023-01-12 00:00:00+00:00,long,2,-1.0085378778692076,1,SL,fx_cross
CL,2023-01-13 00:00:00+00:00,short,3,-1.0032496060991105,4,SL,commodities
CADJPY,2023-01-13 00:00:00+00:00,long,2,-1.027289033570702,0,SAME_BAR_SL,fx_cross
NZDJPY,2023-01-13 00:00:00+00:00,long,2,-1.0088133435582822,60,SL,fx_cross
EURJPY,2023-01-13 00:00:00+00:00,long,2,2.4887142840546037,28,TP,fx_cross
USDCHF,2023-01-15 00:00:00+00:00,long,2,-1.027329302325582,3,SL,fx_major
GBPUSD,2023-01-15 00:00:00+00:00,short,3,-1.0080002048417132,68,SL,fx_major
NKD,2023-01-17 00:00:00+00:00,short,3,-1.01075974522293,0,SAME_BAR_SL,indices
AUDCHF,2023-01-17 00:00:00+00:00,long,1,-1.0113026048565124,2,SL,fx_cross
CADJPY,2023-01-18 00:00:00+00:00,short,4,2.4894748773006135,1,TP,fx_cross
YM,2023-01-18 00:00:00+00:00,long,1,-1.0039368699485671,32,SL,indices
CHFJPY,2023-01-18 00:00:00+00:00,short,3,-1.0089574791807339,23,SL,fx_cross
GBPAUD,2023-01-18 00:00:00+00:00,short,4,-1.0163389861751153,0,SAME_BAR_SL,fx_cross
NG,2023-01-18 00:00:00+00:00,long,1,-1.0032944099378882,1,SL,commodities
PL,2023-01-18 00:00:00+00:00,long,1,-1.0021484530744336,11,SL,metals
AUDJPY,2023-01-19 00:00:00+00:00,long,2,2.4899899716942984,3,TP,fx_cross
EURNZD,2023-01-19 00:00:00+00:00,short,3,-1.0169554498300841,13,SL,fx_cross
USDJPY,2023-01-19 00:00:00+00:00,long,1,2.4884975000000003,15,TP,fx_major
USDCAD,2023-01-20 00:00:00+00:00,long,1,-1.0267003698435273,5,SL,fx_major
AUDUSD,2023-01-20 00:00:00+00:00,short,4,-1.007998572893172,3,SL,fx_major
NZDCHF,2023-01-20 00:00:00+00:00,short,3,-1.0116927446132107,2,SL,fx_cross
EURCAD,2023-01-20 00:00:00+00:00,long,1,-1.0137402871136632,15,SL,fx_cross
RTY,2023-01-23 00:00:00+00:00,short,3,-1.0035391774383078,4,SL,indices
NKD,2023-01-23 00:00:00+00:00,short,4,-1.0107338271604938,0,SAME_BAR_SL,indices
CADCHF,2023-01-23 00:00:00+00:00,short,3,2.491417323535961,42,TP,fx_cross
AUDCHF,2023-01-23 00:00:00+00:00,short,3,-1.012627450980392,1,SL,fx_cross
EURAUD,2023-01-23 00:00:00+00:00,long,2,-1.0114353089666053,2,SL,fx_cross
EURCHF,2023-01-23 00:00:00+00:00,short,4,-1.0429553445635518,1,SL,fx_cross
NQ,2023-01-23 00:00:00+00:00,short,3,-1.0014306274250024,8,SL,indices
GBPAUD,2023-01-24 00:00:00+00:00,long,2,-1.0182305350860952,0,SAME_BAR_SL,fx_cross
AUDCHF,2023-01-25 00:00:00+00:00,short,4,2.4840766695576755,8,TP,fx_cross
NG,2023-01-25 00:00:00+00:00,short,4,2.499567578765645,326,TP,commodities
AUDUSD,2023-01-25 00:00:00+00:00,short,3,-1.1320005298013331,1,SL,fx_major
EURGBP,2023-01-26 00:00:00+00:00,long,2,-1.0153005721393036,88,SL,fx_cross
CL,2023-01-29 00:00:00+00:00,short,4,2.4975552851711025,5,TP,commodities
NZDCHF,2023-01-31 00:00:00+00:00,long,2,-1.0111897526262286,5,SL,fx_cross
USDCHF,2023-02-01 00:00:00+00:00,long,2,2.477658169014084,2,TP,fx_major
RTY,2023-02-02 00:00:00+00:00,short,3,2.4935390170511536,4,TP,indices
GBPCHF,2023-02-02 00:00:00+00:00,long,1,-1.0263533277451802,0,SAME_BAR_SL,fx_cross
CADJPY,2023-02-02 00:00:00+00:00,short,4,-1.0142077160010443,2,SL,fx_cross
EURAUD,2023-02-03 00:00:00+00:00,short,4,2.4734567498478395,9,TP,fx_cross
AUDUSD,2023-02-03 00:00:00+00:00,long,2,-1.0107055254604551,0,SAME_BAR_SL,fx_major
EURCHF,2023-02-03 00:00:00+00:00,short,4,2.479058594917788,30,TP,fx_cross
CL,2023-02-08 00:00:00+00:00,short,4,-1.002560658436214,2,SL,commodities
AUDJPY,2023-02-10 00:00:00+00:00,long,1,2.4303301377410467,1,TP,fx_cross
CADJPY,2023-02-10 00:00:00+00:00,long,2,2.4862554485554993,2,TP,fx_cross
CL,2023-02-13 00:00:00+00:00,short,4,2.4975552851711025,24,TP,commodities
AUDNZD,2023-02-13 00:00:00+00:00,long,2,-1.0170696296296295,13,SL,fx_cross
SI,2023-02-14 00:00:00+00:00,long,1,-1.001561212121212,12,SL,metals
EURAUD,2023-02-15 00:00:00+00:00,short,3,-1.0182397487437185,8,SL,fx_cross
PA,2023-02-16 00:00:00+00:00,short,4,2.498073372781065,7,TP,metals
HG,2023-02-17 00:00:00+00:00,long,1,-1.0028022365591398,6,SL,metals
EURCAD,2023-02-21 00:00:00+00:00,short,3,-1.0402580259222316,6,SL,fx_cross
NQ,2023-02-22 00:00:00+00:00,long,2,-1.0035595307108351,14,SL,indices
GBPAUD,2023-02-27 00:00:00+00:00,short,4,-1.0679349522510269,0,SAME_BAR_SL,fx_cross
NKD,2023-02-27 00:00:00+00:00,short,4,-1.0308378947368422,0,SAME_BAR_SL,indices
USDCAD,2023-02-27 00:00:00+00:00,long,1,2.4455182758620713,1,TP,fx_major
PL,2023-02-27 00:00:00+00:00,short,3,-1.0036284550898202,2,SL,metals
NZDCAD,2023-02-27 00:00:00+00:00,long,1,2.483961492639507,12,TP,fx_cross
HG,2023-03-01 00:00:00+00:00,short,3,2.4964,10,TP,metals
USDCHF,2023-03-01 00:00:00+00:00,long,1,-1.0147169625907313,4,SL,fx_major
EURNZD,2023-03-01 00:00:00+00:00,long,2,2.4410322772277233,4,TP,fx_cross
EURAUD,2023-03-02 00:00:00+00:00,long,1,2.470264964539008,4,TP,fx_cross
NKD,2023-03-03 00:00:00+00:00,short,3,-1.012197006802721,0,SAME_BAR_SL,indices
PL,2023-03-03 00:00:00+00:00,short,4,-1.0037104852071006,8,SL,metals
EURJPY,2023-03-05 00:00:00+00:00,long,1,-1.0249584177997528,5,SL,fx_cross
GBPCHF,2023-03-08 00:00:00+00:00,long,2,-1.0225370643528562,4,SL,fx_cross
USDJPY,2023-03-09 00:00:00+00:00,long,2,-1.0229323540036122,1,SL,fx_major
GBPAUD,2023-03-10 00:00:00+00:00,short,3,-1.0156062908923362,1,SL,fx_cross
EURCAD,2023-03-12 00:00:00+00:00,short,4,2.4780460966542757,3,TP,fx_cross
CADJPY,2023-03-12 00:00:00+00:00,long,2,-1.0137445514445007,4,SL,fx_cross
NKD,2023-03-12 00:00:00+00:00,long,1,-1.007935135135135,1,SL,indices
CHFJPY,2023-03-12 00:00:00+00:00,long,1,-1.0139071423717299,3,SL,fx_cross
PA,2023-03-13 00:00:00+00:00,short,3,-1.0027162017804154,0,SAME_BAR_SL,metals
AUDCAD,2023-03-13 00:00:00+00:00,short,4,-1.0281012048192775,4,SL,fx_cross
USDJPY,2023-03-14 00:00:00+00:00,short,4,-1.0057123231096265,42,SL,fx_major
NQ,2023-03-14 00:00:00+00:00,short,4,-1.0037443545279383,1,SL,indices
RTY,2023-03-14 00:00:00+00:00,short,4,-1.001928997289973,72,SL,indices
GBPCHF,2023-03-14 00:00:00+00:00,short,4,-1.0137423206377325,1,SL,fx_cross
AUDNZD,2023-03-14 00:00:00+00:00,short,4,-1.020565669291338,7,SL,fx_cross
EURNZD,2023-03-14 00:00:00+00:00,short,3,-1.0102588475441208,14,SL,fx_cross
EURJPY,2023-03-14 00:00:00+00:00,short,4,-1.0100630303030302,14,SL,fx_cross
NZDCHF,2023-03-15 00:00:00+00:00,short,4,-1.0131715854158132,2,SL,fx_cross
AUDUSD,2023-03-15 00:00:00+00:00,long,2,2.484582980849292,16,TP,fx_major
PL,2023-03-17 00:00:00+00:00,short,3,-1.005132387096774,15,SL,metals
EURUSD,2023-03-17 00:00:00+00:00,short,3,-1.0150006119889639,3,SL,fx_major
GBPCHF,2023-03-20 00:00:00+00:00,short,4,2.4818729706636287,21,TP,fx_cross
NZDCHF,2023-03-21 00:00:00+00:00,long,2,-1.0084722676579925,18,SL,fx_cross
HG,2023-03-21 00:00:00+00:00,short,4,-1.00254528,1,SL,metals
CADCHF,2023-03-22 00:00:00+00:00,long,2,-1.0086905341384116,28,SL,fx_cross
PA,2023-03-22 00:00:00+00:00,long,2,2.4978652427184467,8,TP,metals
USDCHF,2023-03-23 00:00:00+00:00,long,2,-1.0210143619203942,10,SL,fx_major
USDCAD,2023-03-23 00:00:00+00:00,long,1,-1.019056491140504,6,SL,fx_major
GBPNZD,2023-03-27 00:00:00+00:00,short,3,-1.0140449924204147,13,SL,fx_cross
YM,2023-03-31 00:00:00+00:00,short,3,-1.011051416752844,2,SL,indices
EURCHF,2023-03-31 00:00:00+00:00,long,2,-1.0138295349415567,11,SL,fx_cross
CL,2023-04-02 00:00:00+00:00,short,3,-1.0047306769825919,0,SAME_BAR_SL,commodities
AUDCHF,2023-04-04 00:00:00+00:00,long,1,-1.0106348243992607,1,SL,fx_cross
PL,2023-04-05 00:00:00+00:00,long,1,2.4965165217391303,6,TP,metals
AUDUSD,2023-04-05 00:00:00+00:00,long,2,-1.0212520317820664,2,SL,fx_major
NZDJPY,2023-04-06 00:00:00+00:00,long,1,2.4721197101449275,6,TP,fx_cross
USDCAD,2023-04-06 00:00:00+00:00,short,4,2.4753453928920766,7,TP,fx_major
AUDCAD,2023-04-06 00:00:00+00:00,long,2,-1.0360510028653285,9,SL,fx_cross
DAX,2023-04-12 00:00:00+00:00,short,3,-1.0058428473019518,13,SL,indices
SI,2023-04-13 00:00:00+00:00,short,3,2.496502857142857,24,TP,metals
CADJPY,2023-04-14 00:00:00+00:00,short,4,-1.0275765449160907,2,SL,fx_cross
HG,2023-04-14 00:00:00+00:00,short,3,2.4964,9,TP,metals
YM,2023-04-14 00:00:00+00:00,long,1,-1.005807305838243,10,SL,indices
NQ,2023-04-14 00:00:00+00:00,long,2,-1.0055028007889546,9,SL,indices
NZDCHF,2023-04-17 00:00:00+00:00,long,2,-1.0196531309297916,3,SL,fx_cross
AUDUSD,2023-04-17 00:00:00+00:00,long,2,-1.0101937666576013,8,SL,fx_major
GBPNZD,2023-04-17 00:00:00+00:00,short,3,-1.0308492172480088,2,SL,fx_cross
AUDNZD,2023-04-18 00:00:00+00:00,short,3,-1.0393441655886158,2,SL,fx_cross
USDCAD,2023-04-19 00:00:00+00:00,short,4,-1.0294296754008603,2,SL,fx_major
GBPCHF,2023-04-19 00:00:00+00:00,short,4,2.4713498261665143,5,TP,fx_cross
PA,2023-04-24 00:00:00+00:00,long,1,-1.0023255635491606,3,SL,metals
GBPAUD,2023-04-24 00:00:00+00:00,short,3,-1.0257079487179486,1,SL,fx_cross
PL,2023-04-24 00:00:00+00:00,long,1,-1.0018054822335025,6,SL,metals
EURUSD,2023-04-25 00:00:00+00:00,long,1,-1.0155626787970684,15,SL,fx_major
AUDCAD,2023-04-25 00:00:00+00:00,long,1,-1.0264589010989011,3,SL,fx_cross
CHFJPY,2023-04-25 00:00:00+00:00,long,1,-1.020860416253717,2,SL,fx_cross
CL,2023-04-25 00:00:00+00:00,long,1,-1.0039183673469387,1,SL,commodities
EURJPY,2023-04-25 00:00:00+00:00,long,2,2.4837666063704287,5,TP,fx_cross
GBPAUD,2023-04-26 00:00:00+00:00,short,4,-1.0318297485610421,0,SAME_BAR_SL,fx_cross
EURCHF,2023-04-26 00:00:00+00:00,short,3,-1.0814650887573927,1,SL,fx_cross
GBPNZD,2023-04-27 00:00:00+00:00,long,1,-1.0184416114359969,4,SL,fx_cross
NKD,2023-04-27 00:00:00+00:00,short,3,-1.007558347107438,1,SL,indices
CADJPY,2023-04-28 00:00:00+00:00,short,4,-1.018125235602094,0,SAME_BAR_SL,fx_cross
CADCHF,2023-04-28 00:00:00+00:00,long,2,-1.0125103542234333,4,SL,fx_cross
AUDJPY,2023-04-28 00:00:00+00:00,short,4,-1.0256672392638042,0,SAME_BAR_SL,fx_cross
USDCAD,2023-04-28 00:00:00+00:00,long,1,2.421977942386836,3,TP,fx_major
GBPCHF,2023-04-28 00:00:00+00:00,short,4,-1.0286501738334854,0,SAME_BAR_SL,fx_cross
NZDJPY,2023-04-30 00:00:00+00:00,short,4,-1.0346891403379856,1,SL,fx_cross
AUDJPY,2023-04-30 00:00:00+00:00,short,3,-1.0196217391304345,1,SL,fx_cross
GBPCAD,2023-05-01 00:00:00+00:00,long,1,2.45838087873462,2,TP,fx_cross
GBPUSD,2023-05-01 00:00:00+00:00,long,1,-1.0226365329883575,15,SL,fx_major
EURCAD,2023-05-01 00:00:00+00:00,long,1,-1.0669258426966248,0,SAME_BAR_SL,fx_cross
AUDCAD,2023-05-01 00:00:00+00:00,short,4,-1.029746037735849,1,SL,fx_cross
EURAUD,2023-05-01 00:00:00+00:00,long,1,-1.0379767636214672,1,SL,fx_cross
HG,2023-05-01 00:00:00+00:00,short,4,2.494248,9,TP,metals
AUDJPY,2023-05-02 00:00:00+00:00,short,4,-1.0443756401384081,0,SAME_BAR_SL,fx_cross
GBPAUD,2023-05-02 00:00:00+00:00,long,1,-1.0312746045956425,0,SAME_BAR_SL,fx_cross
AUDUSD,2023-05-02 00:00:00+00:00,short,4,-1.0549456891495614,0,SAME_BAR_SL,fx_major
AUDNZD,2023-05-02 00:00:00+00:00,short,4,-1.0778392783505222,0,SAME_BAR_SL,fx_cross
EURNZD,2023-05-02 00:00:00+00:00,long,2,-1.031026211219053,2,SL,fx_cross
DAX,2023-05-03 00:00:00+00:00,short,3,-1.0065857731958763,11,SL,indices
EURCHF,2023-05-03 00:00:00+00:00,long,1,-1.029772827735645,1,SL,fx_cross
NZDCHF,2023-05-03 00:00:00+00:00,long,1,-1.0289275816993475,0,SAME_BAR_SL,fx_cross
AUDCHF,2023-05-03 00:00:00+00:00,long,1,2.489053069828722,34,TP,fx_cross
EURAUD,2023-05-03 00:00:00+00:00,short,4,2.48665515813686,6,TP,fx_cross
EURCAD,2023-05-04 00:00:00+00:00,long,2,-1.019756180571969,1,SL,fx_cross
USDJPY,2023-05-04 00:00:00+00:00,long,2,2.4854848259860787,11,TP,fx_major
NKD,2023-05-05 00:00:00+00:00,short,3,-1.005774906832298,6,SL,indices
NZDJPY,2023-05-05 00:00:00+00:00,short,3,-1.014225443645084,2,SL,fx_cross
AUDJPY,2023-05-05 00:00:00+00:00,short,3,-1.0068349161186416,27,SL,fx_cross
CADCHF,2023-05-05 00:00:00+00:00,short,3,-1.0252053478854022,0,SAME_BAR_SL,fx_cross
EURNZD,2023-05-08 00:00:00+00:00,long,1,2.4902928864951126,44,TP,fx_cross
NZDCHF,2023-05-08 00:00:00+00:00,short,4,-1.0291354696132595,3,SL,fx_cross
EURCHF,2023-05-09 00:00:00+00:00,long,2,-1.0302474213141901,3,SL,fx_cross
PA,2023-05-09 00:00:00+00:00,short,3,2.4980594636015327,13,TP,metals
GBPJPY,2023-05-10 00:00:00+00:00,short,3,-1.0157442260926715,11,SL,fx_cross
CHFJPY,2023-05-11 00:00:00+00:00,long,2,2.480850196078431,5,TP,fx_cross
PL,2023-05-12 00:00:00+00:00,long,1,-1.0045209934640524,0,SAME_BAR_SL,metals
SI,2023-05-12 00:00:00+00:00,long,2,-1.0051104318936877,5,SL,metals
AUDCAD,2023-05-16 00:00:00+00:00,long,2,-1.0372165803108804,2,SL,fx_cross
NZDCAD,2023-05-16 00:00:00+00:00,long,1,-1.0199144651952459,7,SL,fx_cross
NZDJPY,2023-05-17 00:00:00+00:00,short,3,-1.0220975069252078,0,SAME_BAR_SL,fx_cross
GBPCHF,2023-05-17 00:00:00+00:00,short,3,-1.0242154699537747,12,SL,fx_cross
USDJPY,2023-05-18 00:00:00+00:00,short,4,-1.0111246586345382,7,SL,fx_major
USDCHF,2023-05-19 00:00:00+00:00,long,2,-1.015149331727875,24,SL,fx_major
AUDCAD,2023-05-19 00:00:00+00:00,short,4,2.4753621896383193,5,TP,fx_cross
NZDJPY,2023-05-19 00:00:00+00:00,short,4,2.4824270137382505,4,TP,fx_cross
AUDNZD,2023-05-22 00:00:00+00:00,long,1,2.482866203703704,5,TP,fx_cross
EURCHF,2023-05-22 00:00:00+00:00,long,2,2.4744839134524925,26,TP,fx_cross
NQ,2023-05-22 00:00:00+00:00,short,3,-1.0026485015562472,5,SL,indices
HG,2023-05-23 00:00:00+00:00,long,1,-1.0129688888888888,0,SAME_BAR_SL,metals
NKD,2023-05-23 00:00:00+00:00,long,1,-1.010857142857143,0,SAME_BAR_SL,indices
NZDCHF,2023-05-24 00:00:00+00:00,long,1,-1.0245794357366778,0,SAME_BAR_SL,fx_cross
GBPUSD,2023-05-25 00:00:00+00:00,long,2,2.4758699091544374,6,TP,fx_major
USDCAD,2023-05-25 00:00:00+00:00,short,3,-1.0796984743991709,0,SAME_BAR_SL,fx_major
NZDCAD,2023-05-25 00:00:00+00:00,long,1,-1.0062022103004291,11,SL,fx_cross
DAX,2023-05-30 00:00:00+00:00,long,2,-1.0059876850763807,1,SL,indices
SI,2023-05-31 00:00:00+00:00,short,4,-1.005351174377224,1,SL,metals
EURUSD,2023-06-01 00:00:00+00:00,short,4,-1.0258902719033238,1,SL,fx_major
EURCAD,2023-06-02 00:00:00+00:00,long,2,-1.0317521766561502,4,SL,fx_cross
GBPAUD,2023-06-02 00:00:00+00:00,long,1,-1.0210421720174394,0,SAME_BAR_SL,fx_cross
EURJPY,2023-06-02 00:00:00+00:00,short,4,-1.023409749023982,9,SL,fx_cross
DAX,2023-06-02 00:00:00+00:00,short,4,-1.007027438016529,1,SL,indices
AUDCAD,2023-06-02 00:00:00+00:00,short,4,-1.0219998581560281,3,SL,fx_cross
CL,2023-06-04 00:00:00+00:00,short,3,-1.00494893081761,0,SAME_BAR_SL,commodities
GBPAUD,2023-06-05 00:00:00+00:00,long,1,-1.0178782573179035,1,SL,fx_cross
CADCHF,2023-06-07 00:00:00+00:00,short,3,-1.0309950407830344,1,SL,fx_cross
AUDNZD,2023-06-07 00:00:00+00:00,short,3,2.4829174411520354,23,TP,fx_cross
RTY,2023-06-07 00:00:00+00:00,short,4,-1.0098196078431372,0,SAME_BAR_SL,indices
CADJPY,2023-06-08 00:00:00+00:00,long,1,2.486203059490085,7,TP,fx_cross
GBPJPY,2023-06-08 00:00:00+00:00,long,1,2.48800267453294,6,TP,fx_cross
NZDCAD,2023-06-08 00:00:00+00:00,short,3,-1.0239301573976913,3,SL,fx_cross
GBPNZD,2023-06-08 00:00:00+00:00,long,2,-1.014649816700611,5,SL,fx_cross
CL,2023-06-08 00:00:00+00:00,long,2,2.4981056655290104,30,TP,commodities
EURCAD,2023-06-09 00:00:00+00:00,long,2,2.4675163739376766,5,TP,fx_cross
NQ,2023-06-09 00:00:00+00:00,short,3,-1.005719852398524,2,SL,indices
AUDUSD,2023-06-09 00:00:00+00:00,short,3,-1.0100233607645341,5,SL,fx_major
CHFJPY,2023-06-09 00:00:00+00:00,short,3,2.4620062292213483,2,TP,fx_cross
AUDCAD,2023-06-12 00:00:00+00:00,short,4,-1.024637810361681,1,SL,fx_cross
GBPUSD,2023-06-13 00:00:00+00:00,short,3,-1.0196558129175948,1,SL,fx_major
SI,2023-06-13 00:00:00+00:00,long,2,-1.0037414778325122,6,SL,metals
USDCAD,2023-06-14 00:00:00+00:00,short,4,-1.0170463897763573,47,SL,fx_major
GBPCAD,2023-06-14 00:00:00+00:00,short,3,-1.0209069563289734,2,SL,fx_cross
EURGBP,2023-06-14 00:00:00+00:00,long,2,2.374349816272969,1,TP,fx_cross
CHFJPY,2023-06-14 00:00:00+00:00,long,1,2.4863319696969697,2,TP,fx_cross
EURUSD,2023-06-14 00:00:00+00:00,short,3,-1.0189886768845797,1,SL,fx_major
USDJPY,2023-06-15 00:00:00+00:00,short,3,-1.0221557446808518,4,SL,fx_major
GBPCHF,2023-06-16 00:00:00+00:00,short,3,2.48393013013013,27,TP,fx_cross
EURUSD,2023-06-16 00:00:00+00:00,short,4,2.468696513761469,6,TP,fx_major
NZDUSD,2023-06-19 00:00:00+00:00,long,1,-1.007924185515193,8,SL,fx_major
NZDCAD,2023-06-19 00:00:00+00:00,long,1,-1.0122858244111348,4,SL,fx_cross
GBPAUD,2023-06-20 00:00:00+00:00,short,4,-1.029438523489933,1,SL,fx_cross
AUDUSD,2023-06-20 00:00:00+00:00,long,1,-1.0125453298153033,3,SL,fx_major
ES,2023-06-20 00:00:00+00:00,long,1,-1.0082913782991203,5,SL,indices
DAX,2023-06-20 00:00:00+00:00,long,1,-1.007139589603283,2,SL,indices
YM,2023-06-20 00:00:00+00:00,long,1,-1.006050669593853,3,SL,indices
AUDCHF,2023-06-21 00:00:00+00:00,long,1,-1.0166762278978387,2,SL,fx_cross
PL,2023-06-22 00:00:00+00:00,long,2,-1.0063427368421052,0,SAME_BAR_SL,metals
NZDJPY,2023-06-22 00:00:00+00:00,short,3,-1.0234253371320032,4,SL,fx_cross
GBPNZD,2023-06-22 00:00:00+00:00,short,3,-1.018070449069003,1,SL,fx_cross
GBPJPY,2023-06-22 00:00:00+00:00,short,3,-1.0824033656957934,0,SAME_BAR_SL,fx_cross
GBPCAD,2023-06-22 00:00:00+00:00,short,3,-1.0179259495351924,12,SL,fx_cross
AUDCAD,2023-06-22 00:00:00+00:00,long,1,-1.0198332775786538,1,SL,fx_cross
EURAUD,2023-06-22 00:00:00+00:00,short,4,-1.044777334649555,0,SAME_BAR_SL,fx_cross
EURGBP,2023-06-23 00:00:00+00:00,long,2,-1.024255708502024,15,SL,fx_cross
NZDCHF,2023-06-23 00:00:00+00:00,long,1,-1.0134055160450999,4,SL,fx_cross
YM,2023-06-26 00:00:00+00:00,long,2,2.4953754750745634,20,TP,indices
AUDJPY,2023-06-27 00:00:00+00:00,short,3,2.4730775672981054,1,TP,fx_cross
EURCHF,2023-06-27 00:00:00+00:00,short,3,2.4729099308983216,13,TP,fx_cross
NQ,2023-06-27 00:00:00+00:00,short,4,-1.0101064289459885,1,SL,indices
NKD,2023-06-28 00:00:00+00:00,short,3,-1.0066534161490683,4,SL,indices
AUDUSD,2023-06-28 00:00:00+00:00,long,1,2.4815867992047713,12,TP,fx_major
EURAUD,2023-06-28 00:00:00+00:00,short,3,-1.0308607635632951,0,SAME_BAR_SL,fx_cross
DAX,2023-06-28 00:00:00+00:00,short,4,-1.0365787234042554,2,SL,indices
PL,2023-06-28 00:00:00+00:00,long,2,-1.0083291428571428,1,SL,metals
NZDCHF,2023-06-30 00:00:00+00:00,short,4,-1.0118968600154679,3,SL,fx_cross
NZDCAD,2023-06-30 00:00:00+00:00,short,4,-1.014642842377261,3,SL,fx_cross
EURNZD,2023-07-03 00:00:00+00:00,long,1,-1.0197635654596102,1,SL,fx_cross
EURAUD,2023-07-03 00:00:00+00:00,long,1,-1.0246798920669182,9,SL,fx_cross
NZDUSD,2023-07-03 00:00:00+00:00,short,4,-1.0118526257753273,3,SL,fx_major
AUDJPY,2023-07-03 00:00:00+00:00,short,3,2.4730775672981054,4,TP,fx_cross
PL,2023-07-04 00:00:00+00:00,short,3,-1.0039987027027026,6,SL,metals
DAX,2023-07-05 00:00:00+00:00,long,1,-1.0140865573770492,0,SAME_BAR_SL,indices
ES,2023-07-06 00:00:00+00:00,long,1,2.490636705107084,6,TP,indices
EURCAD,2023-07-06 00:00:00+00:00,short,4,-1.0275254846335697,5,SL,fx_cross
USDJPY,2023-07-07 00:00:00+00:00,long,1,-1.0175997523219817,3,SL,fx_major
NQ,2023-07-07 00:00:00+00:00,short,3,-1.0096568503937007,4,SL,indices
EURJPY,2023-07-10 00:00:00+00:00,short,4,2.47623175257732,1,TP,fx_cross
AUDCHF,2023-07-10 00:00:00+00:00,long,1,-1.0217166972477063,1,SL,fx_cross
CHFJPY,2023-07-10 00:00:00+00:00,short,4,2.4645702839116725,2,TP,fx_cross
AUDJPY,2023-07-10 00:00:00+00:00,long,1,-1.0289040963855427,1,SL,fx_cross
USDCHF,2023-07-10 00:00:00+00:00,long,2,-1.0313451327433634,1,SL,fx_major
CADCHF,2023-07-11 00:00:00+00:00,long,2,-1.0181862116040954,1,SL,fx_cross
RTY,2023-07-11 00:00:00+00:00,short,3,-1.017543636363636,1,SL,indices
GBPNZD,2023-07-12 00:00:00+00:00,long,1,-1.0218499208443277,1,SL,fx_cross
EURGBP,2023-07-12 00:00:00+00:00,short,4,-1.021242185695246,4,SL,fx_cross
AUDCAD,2023-07-13 00:00:00+00:00,short,3,2.4865194462193823,13,TP,fx_cross
CHFJPY,2023-07-13 00:00:00+00:00,short,4,-1.0354297160883272,0,SAME_BAR_SL,fx_cross
AUDUSD,2023-07-13 00:00:00+00:00,short,3,2.4857058016405666,13,TP,fx_major
NZDJPY,2023-07-13 00:00:00+00:00,short,4,2.487324462767328,13,TP,fx_cross
EURNZD,2023-07-13 00:00:00+00:00,long,2,2.47598890625,4,TP,fx_cross
AUDJPY,2023-07-13 00:00:00+00:00,short,4,-1.0087714577499587,67,SL,fx_cross
NQ,2023-07-13 00:00:00+00:00,short,3,-1.0077870846394985,0,SAME_BAR_SL,indices
GBPUSD,2023-07-13 00:00:00+00:00,short,4,-1.0170074170948156,0,SAME_BAR_SL,fx_major
EURAUD,2023-07-14 00:00:00+00:00,short,3,-1.013346178010471,4,SL,fx_cross
NQ,2023-07-14 00:00:00+00:00,short,3,-1.0055547683027146,4,SL,indices
NZDCHF,2023-07-14 00:00:00+00:00,short,4,2.4846099350324837,3,TP,fx_cross
GBPCAD,2023-07-14 00:00:00+00:00,short,3,2.462553052875337,3,TP,fx_cross
EURCHF,2023-07-16 00:00:00+00:00,long,2,-1.0147897435897435,7,SL,fx_cross
GBPAUD,2023-07-17 00:00:00+00:00,short,3,-1.0102590010505206,14,SL,fx_cross
GBPJPY,2023-07-17 00:00:00+00:00,long,2,-1.0253846061214251,9,SL,fx_cross
GBPUSD,2023-07-19 00:00:00+00:00,long,1,-1.016399026369168,0,SAME_BAR_SL,fx_major
HG,2023-07-19 00:00:00+00:00,long,1,2.4956582857142857,9,TP,metals
NZDCAD,2023-07-19 00:00:00+00:00,long,1,-1.0121077987421383,2,SL,fx_cross
GBPCAD,2023-07-19 00:00:00+00:00,long,1,-1.0108225400406046,1,SL,fx_cross
NZDUSD,2023-07-20 00:00:00+00:00,long,1,-1.0133844734819368,7,SL,fx_major
AUDCHF,2023-07-21 00:00:00+00:00,long,2,-1.016889090909091,6,SL,fx_cross
CADCHF,2023-07-21 00:00:00+00:00,long,2,-1.0103193700787403,28,SL,fx_cross
CADJPY,2023-07-21 00:00:00+00:00,short,4,-1.021135458392101,0,SAME_BAR_SL,fx_cross
EURGBP,2023-07-25 00:00:00+00:00,long,1,-1.0239981302834407,0,SAME_BAR_SL,fx_cross
ES,2023-07-26 00:00:00+00:00,short,3,-1.0162979005524861,1,SL,indices
CADJPY,2023-07-26 00:00:00+00:00,long,1,-1.0272376212259824,1,SL,fx_cross
GBPNZD,2023-07-26 00:00:00+00:00,short,3,2.4557404552352056,1,TP,fx_cross
NZDCHF,2023-07-26 00:00:00+00:00,long,2,2.4621231858407095,4,TP,fx_cross
NQ,2023-07-27 00:00:00+00:00,short,3,2.4942014029084687,7,TP,indices
USDCHF,2023-07-27 00:00:00+00:00,long,2,-1.0665159002770062,0,SAME_BAR_SL,fx_major
SI,2023-07-27 00:00:00+00:00,long,2,-1.003384118895966,0,SAME_BAR_SL,metals
EURUSD,2023-07-27 00:00:00+00:00,long,1,-1.0284796308260276,0,SAME_BAR_SL,fx_major
EURJPY,2023-07-27 00:00:00+00:00,long,2,-1.015089930264993,0,SAME_BAR_SL,fx_cross
CADJPY,2023-07-28 00:00:00+00:00,short,4,-1.0173404423748547,2,SL,fx_cross
EURJPY,2023-07-28 00:00:00+00:00,short,4,-1.0261141966426857,2,SL,fx_cross
ES,2023-07-28 00:00:00+00:00,short,3,2.494530447761194,16,TP,indices
CHFJPY,2023-07-31 00:00:00+00:00,short,4,-1.0166066642362377,7,SL,fx_cross
EURCHF,2023-07-31 00:00:00+00:00,short,4,-1.023550376202975,45,SL,fx_cross
PA,2023-07-31 00:00:00+00:00,short,4,2.496047922705314,7,TP,metals
AUDCHF,2023-07-31 00:00:00+00:00,short,3,2.482251700975081,2,TP,fx_cross
NZDUSD,2023-07-31 00:00:00+00:00,short,3,2.4885823957991464,9,TP,fx_major
GBPJPY,2023-07-31 00:00:00+00:00,short,4,-1.027350364025696,9,SL,fx_cross
PL,2023-07-31 00:00:00+00:00,short,4,2.496876929292929,7,TP,metals
CL,2023-07-31 00:00:00+00:00,short,4,-1.0077927710843373,0,SAME_BAR_SL,commodities
EURAUD,2023-08-01 00:00:00+00:00,short,3,-1.040755226772347,0,SAME_BAR_SL,fx_cross
DAX,2023-08-01 00:00:00+00:00,long,1,-1.0047179746835444,1,SL,indices
SI,2023-08-01 00:00:00+00:00,long,1,-1.0082161256544502,0,SAME_BAR_SL,metals
AUDNZD,2023-08-01 00:00:00+00:00,long,2,-1.0250248693488175,52,SL,fx_cross
HG,2023-08-01 00:00:00+00:00,long,1,-1.0069172602739727,0,SAME_BAR_SL,metals
NKD,2023-08-02 00:00:00+00:00,long,1,-1.003005337159254,1,SL,indices
EURGBP,2023-08-02 00:00:00+00:00,long,2,-1.0223583449558344,13,SL,fx_cross
NZDJPY,2023-08-02 00:00:00+00:00,long,2,2.4951431478156794,173,TP,fx_cross
GBPUSD,2023-08-02 00:00:00+00:00,long,1,-1.0191072240085743,1,SL,fx_major
AUDUSD,2023-08-02 00:00:00+00:00,long,2,-1.008791744660427,12,SL,fx_major
CL,2023-08-03 00:00:00+00:00,short,3,-1.006416511056511,1,SL,commodities
EURNZD,2023-08-03 00:00:00+00:00,short,3,-1.0459674316939909,4,SL,fx_cross
EURCAD,2023-08-04 00:00:00+00:00,short,3,-1.1494813793103655,0,SAME_BAR_SL,fx_cross
SI,2023-08-04 00:00:00+00:00,long,1,-1.003055315682281,3,SL,metals
NQ,2023-08-08 00:00:00+00:00,long,2,-1.0049490144413478,7,SL,indices
USDJPY,2023-08-10 00:00:00+00:00,short,4,-1.019108176219801,2,SL,fx_major
USDCAD,2023-08-10 00:00:00+00:00,long,1,2.4430955808656063,1,TP,fx_major
EURUSD,2023-08-11 00:00:00+00:00,long,1,-1.0149422437606006,2,SL,fx_major
NZDCAD,2023-08-11 00:00:00+00:00,long,2,-1.0356329857819895,2,SL,fx_cross
USDJPY,2023-08-14 00:00:00+00:00,short,4,-1.0133159621038874,13,SL,fx_major
RTY,2023-08-16 00:00:00+00:00,long,2,-1.0040257372654156,2,SL,indices
PA,2023-08-16 00:00:00+00:00,long,2,-1.0022090756302522,17,SL,metals
AUDCHF,2023-08-16 00:00:00+00:00,short,4,-1.015977297840281,13,SL,fx_cross
YM,2023-08-17 00:00:00+00:00,long,1,-1.0069843216080403,1,SL,indices
NZDCAD,2023-08-17 00:00:00+00:00,long,1,2.490423115663679,81,TP,fx_cross
SI,2023-08-18 00:00:00+00:00,long,2,2.4974394395796846,9,TP,metals
GBPJPY,2023-08-18 00:00:00+00:00,long,1,-1.0146104205475586,17,SL,fx_cross
CADJPY,2023-08-22 00:00:00+00:00,long,2,-1.0237478864353307,1,SL,fx_cross
EURJPY,2023-08-22 00:00:00+00:00,long,2,-1.0204748708487084,1,SL,fx_cross
CHFJPY,2023-08-23 00:00:00+00:00,long,2,2.428234650077764,1,TP,fx_cross
GBPNZD,2023-08-23 00:00:00+00:00,long,1,-1.0321079762547218,8,SL,fx_cross
USDCAD,2023-08-23 00:00:00+00:00,short,4,-1.0202355709342557,12,SL,fx_major
AUDUSD,2023-08-23 00:00:00+00:00,short,4,2.4843827045650304,35,TP,fx_major
ES,2023-08-24 00:00:00+00:00,long,2,-1.0041977728285079,28,SL,indices
NQ,2023-08-24 00:00:00+00:00,long,1,-1.0116337046004842,0,SAME_BAR_SL,indices
DAX,2023-08-25 00:00:00+00:00,short,4,-1.0033790141796084,3,SL,indices
YM,2023-08-25 00:00:00+00:00,short,4,-1.0069846036778693,3,SL,indices
NKD,2023-08-27 00:00:00+00:00,short,3,-1.0055655585831063,1,SL,indices
GBPAUD,2023-08-28 00:00:00+00:00,long,1,-1.0242561380225614,6,SL,fx_cross
PL,2023-08-28 00:00:00+00:00,short,4,-1.0031230707070706,2,SL,metals
NKD,2023-08-29 00:00:00+00:00,short,4,-1.0068482119205298,2,SL,indices
EURNZD,2023-08-30 00:00:00+00:00,short,3,2.481180472440945,13,TP,fx_cross
USDCHF,2023-08-31 00:00:00+00:00,short,3,-1.022008971962617,4,SL,fx_major
EURCAD,2023-08-31 00:00:00+00:00,long,1,-1.0318117103235753,0,SAME_BAR_SL,fx_cross
GBPUSD,2023-09-01 00:00:00+00:00,long,2,-1.0149934603981365,4,SL,fx_major
CADCHF,2023-09-01 00:00:00+00:00,long,1,2.488088401826484,17,TP,fx_cross
SI,2023-09-04 00:00:00+00:00,long,1,-1.0041455319148935,1,SL,metals
CADJPY,2023-09-04 00:00:00+00:00,short,3,-1.0296244400785846,1,SL,fx_cross
NZDCHF,2023-09-05 00:00:00+00:00,long,1,-1.0230302194357372,0,SAME_BAR_SL,fx_cross
PL,2023-09-05 00:00:00+00:00,long,1,-1.0023992440944882,1,SL,metals
NZDUSD,2023-09-05 00:00:00+00:00,long,2,-1.0177685270487415,0,SAME_BAR_SL,fx_major
RTY,2023-09-06 00:00:00+00:00,long,2,-1.0030232088799194,12,SL,indices
GBPUSD,2023-09-07 00:00:00+00:00,long,2,-1.016714362416107,11,SL,fx_major
EURJPY,2023-09-08 00:00:00+00:00,short,3,2.457555436241611,2,TP,fx_cross
CADJPY,2023-09-08 00:00:00+00:00,short,3,-1.1131032835820893,0,SAME_BAR_SL,fx_cross
AUDCAD,2023-09-08 00:00:00+00:00,short,4,-1.011955234375,46,SL,fx_cross
CL,2023-09-12 00:00:00+00:00,short,3,-1.006748056872038,2,SL,commodities
NZDUSD,2023-09-13 00:00:00+00:00,short,3,-1.008304567716142,14,SL,fx_major
NKD,2023-09-13 00:00:00+00:00,short,3,-1.0048518518518519,1,SL,indices
USDCHF,2023-09-14 00:00:00+00:00,short,3,-1.02931953271028,6,SL,fx_major
YM,2023-09-15 00:00:00+00:00,long,1,-1.01653364844904,3,SL,indices
NQ,2023-09-15 00:00:00+00:00,long,2,-1.0044318054930212,4,SL,indices
SI,2023-09-15 00:00:00+00:00,short,4,-1.004161797752809,3,SL,metals
GBPCHF,2023-09-15 00:00:00+00:00,short,4,-1.0216224921902117,11,SL,fx_cross
HG,2023-09-19 00:00:00+00:00,long,2,-1.0093829019607843,2,SL,metals
GBPCAD,2023-09-19 00:00:00+00:00,long,2,-1.0470719434628983,0,SAME_BAR_SL,fx_cross
YM,2023-09-21 00:00:00+00:00,long,2,-1.0083824508320727,1,SL,indices
EURUSD,2023-09-21 00:00:00+00:00,short,4,-1.012421796956431,46,SL,fx_major
DAX,2023-09-21 00:00:00+00:00,long,2,-1.0064428169014084,2,SL,indices
HG,2023-09-22 00:00:00+00:00,short,3,-1.002107488986784,60,SL,metals
PL,2023-09-22 00:00:00+00:00,short,3,2.4965717942857144,8,TP,metals
NQ,2023-09-27 00:00:00+00:00,long,1,2.4930857735011105,2,TP,indices
CADCHF,2023-09-27 00:00:00+00:00,short,3,2.474624277148568,4,TP,fx_cross
GBPAUD,2023-09-28 00:00:00+00:00,long,2,-1.0355499065420561,1,SL,fx_cross
EURGBP,2023-09-28 00:00:00+00:00,long,1,2.455459889502763,18,TP,fx_cross
EURCAD,2023-09-29 00:00:00+00:00,short,4,-1.023984937238494,4,SL,fx_cross
EURJPY,2023-09-29 00:00:00+00:00,long,2,-1.0196753990191707,3,SL,fx_cross
CL,2023-09-29 00:00:00+00:00,long,2,-1.001918318002628,4,SL,commodities
NZDCHF,2023-09-29 00:00:00+00:00,short,4,2.4846099350324837,12,TP,fx_cross
GBPJPY,2023-09-29 00:00:00+00:00,short,4,2.483049145129224,3,TP,fx_cross
GBPUSD,2023-10-02 00:00:00+00:00,long,2,-1.0387120318725078,0,SAME_BAR_SL,fx_major
AUDJPY,2023-10-02 00:00:00+00:00,long,2,-1.0192910484454083,1,SL,fx_cross
AUDCHF,2023-10-03 00:00:00+00:00,long,1,-1.015111668991167,8,SL,fx_cross
USDJPY,2023-10-03 00:00:00+00:00,short,3,2.491746881635863,56,TP,fx_major
DAX,2023-10-03 00:00:00+00:00,short,4,-1.003374835164835,31,SL,indices
EURCHF,2023-10-03 00:00:00+00:00,short,3,2.46358266487214,5,TP,fx_cross
GBPAUD,2023-10-03 00:00:00+00:00,short,4,-1.0272269982238003,8,SL,fx_cross
CHFJPY,2023-10-03 00:00:00+00:00,long,2,-1.0285930445699945,0,SAME_BAR_SL,fx_cross
YM,2023-10-03 00:00:00+00:00,long,1,-1.0039126524614255,21,SL,indices
CADCHF,2023-10-04 00:00:00+00:00,long,1,-1.0232982316313823,6,SL,fx_cross
NQ,2023-10-04 00:00:00+00:00,long,1,2.4930857735011105,2,TP,indices
AUDNZD,2023-10-04 00:00:00+00:00,short,4,-1.0363301271956404,10,SL,fx_cross
NZDUSD,2023-10-05 00:00:00+00:00,short,3,-1.0079393011647255,40,SL,fx_major
GBPUSD,2023-10-05 00:00:00+00:00,short,3,-1.0160879207920792,4,SL,fx_major
PL,2023-10-05 00:00:00+00:00,long,1,2.497596660869565,21,TP,metals
USDCHF,2023-10-05 00:00:00+00:00,short,4,2.4895941487200326,39,TP,fx_major
ES,2023-10-06 00:00:00+00:00,short,4,-1.0056921810699588,3,SL,indices
CHFJPY,2023-10-06 00:00:00+00:00,short,3,-1.0160678438269435,3,SL,fx_cross
CL,2023-10-06 00:00:00+00:00,long,1,2.4934973134328358,1,TP,commodities
SI,2023-10-08 00:00:00+00:00,short,4,-1.000841975014872,35,SL,metals
EURCAD,2023-10-09 00:00:00+00:00,long,1,2.459806496751624,9,TP,fx_cross
USDCAD,2023-10-09 00:00:00+00:00,long,2,-1.009217333979641,58,SL,fx_major
NQ,2023-10-10 00:00:00+00:00,short,4,2.4896865023597274,3,TP,indices
EURAUD,2023-10-10 00:00:00+00:00,short,3,-1.0202544755244758,2,SL,fx_cross
EURNZD,2023-10-12 00:00:00+00:00,short,4,-1.0278141732283463,0,SAME_BAR_SL,fx_cross
CHFJPY,2023-10-12 00:00:00+00:00,short,3,-1.044479463087248,3,SL,fx_cross
GBPCAD,2023-10-13 00:00:00+00:00,long,1,2.4686494562647754,8,TP,fx_cross
RTY,2023-10-17 00:00:00+00:00,short,3,2.491350332326284,1,TP,indices
EURNZD,2023-10-18 00:00:00+00:00,short,4,-1.0357560795454537,1,SL,fx_cross
NZDCHF,2023-10-18 00:00:00+00:00,long,2,-1.0110724981245314,1,SL,fx_cross
EURCHF,2023-10-19 00:00:00+00:00,short,4,-1.0192586357039186,7,SL,fx_cross
GBPNZD,2023-10-19 00:00:00+00:00,short,4,-1.0479741011929251,1,SL,fx_cross
CL,2023-10-20 00:00:00+00:00,long,2,-1.0026146268656717,3,SL,commodities
EURNZD,2023-10-20 00:00:00+00:00,short,4,-1.019986362563901,21,SL,fx_cross
EURJPY,2023-10-24 00:00:00+00:00,long,1,-1.0389021172353465,2,SL,fx_cross
AUDNZD,2023-10-24 00:00:00+00:00,short,4,-1.0294468925459808,4,SL,fx_cross
GBPNZD,2023-10-25 00:00:00+00:00,short,3,2.4754257022708153,8,TP,fx_cross
GBPCAD,2023-10-25 00:00:00+00:00,long,1,2.4801439184020397,17,TP,fx_cross
ES,2023-10-26 00:00:00+00:00,long,2,2.4944332706374084,6,TP,indices
AUDCHF,2023-10-27 00:00:00+00:00,short,3,-1.0235212343864808,2,SL,fx_cross
CHFJPY,2023-10-27 00:00:00+00:00,long,1,-1.00953556509299,35,SL,fx_cross
EURCHF,2023-10-30 00:00:00+00:00,short,4,-1.0604130022573373,0,SAME_BAR_SL,fx_cross
YM,2023-10-30 00:00:00+00:00,short,4,-1.0093637622005325,2,SL,indices
AUDJPY,2023-10-31 00:00:00+00:00,short,3,-1.010686573816156,3,SL,fx_cross
CADJPY,2023-10-31 00:00:00+00:00,short,4,-1.0299077406679755,0,SAME_BAR_SL,fx_cross
CL,2023-10-31 00:00:00+00:00,long,1,-1.0065026865671642,1,SL,commodities
GBPAUD,2023-11-01 00:00:00+00:00,long,2,-1.015186343134456,37,SL,fx_cross
NQ,2023-11-01 00:00:00+00:00,short,4,-1.003487922777056,1,SL,indices
CADCHF,2023-11-02 00:00:00+00:00,short,4,2.4871219539427774,24,TP,fx_cross
GBPUSD,2023-11-03 00:00:00+00:00,short,4,-1.0212539055793994,9,SL,fx_major
AUDJPY,2023-11-05 00:00:00+00:00,short,3,-1.0274281570996973,8,SL,fx_cross
PA,2023-11-06 00:00:00+00:00,long,2,-1.003787807486631,1,SL,metals
CL,2023-11-07 00:00:00+00:00,long,1,-1.0019612410501193,8,SL,commodities
EURAUD,2023-11-07 00:00:00+00:00,short,4,-1.0157806975956654,2,SL,fx_cross
AUDNZD,2023-11-07 00:00:00+00:00,long,1,-1.022034252539912,7,SL,fx_cross
EURGBP,2023-11-07 00:00:00+00:00,short,4,-1.0220626291931094,3,SL,fx_cross
NKD,2023-11-12 00:00:00+00:00,short,4,-1.0089059915611813,2,SL,indices
ES,2023-11-14 00:00:00+00:00,short,4,-1.0111127272727272,0,SAME_BAR_SL,indices
RTY,2023-11-14 00:00:00+00:00,short,3,-1.008649667673716,0,SAME_BAR_SL,indices
NZDCHF,2023-11-15 00:00:00+00:00,long,2,-1.008408794167134,60,SL,fx_cross
AUDCAD,2023-11-15 00:00:00+00:00,short,3,-1.0182691812865499,4,SL,fx_cross
CADJPY,2023-11-15 00:00:00+00:00,short,3,2.4781615796897043,2,TP,fx_cross
EURJPY,2023-11-17 00:00:00+00:00,long,1,-1.0219848742746611,3,SL,fx_cross
GBPCAD,2023-11-20 00:00:00+00:00,short,3,-1.0322398924731178,1,SL,fx_cross
AUDJPY,2023-11-22 00:00:00+00:00,short,3,2.487438567493113,13,TP,fx_cross
GBPJPY,2023-11-22 00:00:00+00:00,short,4,-1.0312878177458031,1,SL,fx_cross
EURJPY,2023-11-23 00:00:00+00:00,short,3,2.485238124797931,8,TP,fx_cross
SI,2023-11-28 00:00:00+00:00,short,3,2.4981658361391696,36,TP,metals
CL,2023-11-29 00:00:00+00:00,short,3,-1.0129299999999999,0,SAME_BAR_SL,commodities
PL,2023-11-29 00:00:00+00:00,long,1,-1.0028626285714286,5,SL,metals
EURCAD,2023-11-30 00:00:00+00:00,long,2,-1.026675033860045,1,SL,fx_cross
RTY,2023-11-30 00:00:00+00:00,long,1,2.4946945054945053,3,TP,indices
EURCHF,2023-11-30 00:00:00+00:00,long,2,-1.0259953861192566,2,SL,fx_cross
YM,2023-11-30 00:00:00+00:00,short,3,-1.0229923541247485,0,SAME_BAR_SL,indices
EURUSD,2023-11-30 00:00:00+00:00,long,1,-1.0358491588785042,0,SAME_BAR_SL,fx_major
AUDCHF,2023-11-30 00:00:00+00:00,short,3,-1.0132521909424723,12,SL,fx_cross
NZDUSD,2023-12-03 00:00:00+00:00,short,3,-1.0114176042008534,15,SL,fx_major
NKD,2023-12-04 00:00:00+00:00,long,2,-1.0086651239669422,3,SL,indices
PA,2023-12-04 00:00:00+00:00,long,2,-1.001453180778032,1,SL,metals
HG,2023-12-04 00:00:00+00:00,long,1,-1.004756923076923,1,SL,metals
DAX,2023-12-05 00:00:00+00:00,short,3,-1.016498940809969,1,SL,indices
EURJPY,2023-12-06 00:00:00+00:00,long,2,-1.0197977351761034,1,SL,fx_cross
CL,2023-12-06 00:00:00+00:00,long,1,-1.0025692753623188,0,SAME_BAR_SL,commodities
GBPJPY,2023-12-07 00:00:00+00:00,long,2,-1.0214876351351356,0,SAME_BAR_SL,fx_cross
AUDCAD,2023-12-07 00:00:00+00:00,short,3,-1.0134411991434689,6,SL,fx_cross
NZDCAD,2023-12-08 00:00:00+00:00,long,1,-1.0124448436246993,34,SL,fx_cross
PA,2023-12-08 00:00:00+00:00,long,2,2.49158,2,TP,metals
PA,2023-12-14 00:00:00+00:00,short,3,-1.0029386206896551,0,SAME_BAR_SL,metals
CL,2023-12-14 00:00:00+00:00,short,3,-1.005457649880096,0,SAME_BAR_SL,commodities
GBPNZD,2023-12-14 00:00:00+00:00,short,3,2.4815649188233397,9,TP,fx_cross
EURAUD,2023-12-14 00:00:00+00:00,short,4,-1.0161184664087233,26,SL,fx_cross
HG,2023-12-14 00:00:00+00:00,long,1,-1.0029582650602409,27,SL,metals
EURCHF,2023-12-15 00:00:00+00:00,long,1,-1.0273341164348273,5,SL,fx_cross
CL,2023-12-15 00:00:00+00:00,short,4,-1.0020761324977618,4,SL,commodities
EURGBP,2023-12-15 00:00:00+00:00,long,2,2.4733767441860466,9,TP,fx_cross
DAX,2023-12-15 00:00:00+00:00,short,3,-1.0054845259938838,0,SAME_BAR_SL,indices
AUDCAD,2023-12-15 00:00:00+00:00,long,2,-1.022590541516246,25,SL,fx_cross
PL,2023-12-15 00:00:00+00:00,long,1,2.497580288,10,TP,metals
GBPCHF,2023-12-18 00:00:00+00:00,long,2,-1.0311718218623485,1,SL,fx_cross
PA,2023-12-19 00:00:00+00:00,short,4,2.482927659574468,1,TP,metals
EURCAD,2023-12-19 00:00:00+00:00,short,3,-1.0164368294635704,125,SL,fx_cross
EURJPY,2023-12-19 00:00:00+00:00,short,3,-1.0159829675537737,0,SAME_BAR_SL,fx_cross
CHFJPY,2023-12-19 00:00:00+00:00,short,3,-1.0141693023255816,0,SAME_BAR_SL,fx_cross
AUDJPY,2023-12-19 00:00:00+00:00,short,4,-1.034350562934851,0,SAME_BAR_SL,fx_cross
GBPCAD,2023-12-19 00:00:00+00:00,short,4,-1.0181044355909694,29,SL,fx_cross
CADCHF,2023-12-19 00:00:00+00:00,long,2,-1.064943884892081,2,SL,fx_cross
AUDUSD,2023-12-19 00:00:00+00:00,short,3,-1.0147969398907104,6,SL,fx_major
GBPJPY,2023-12-21 00:00:00+00:00,long,2,-1.0462227996340365,0,SAME_BAR_SL,fx_cross
USDCAD,2023-12-22 00:00:00+00:00,long,1,2.4851345352564107,43,TP,fx_major
CHFJPY,2023-12-27 00:00:00+00:00,short,3,-1.0079759850670287,11,SL,fx_cross
AUDCHF,2023-12-27 00:00:00+00:00,long,2,-1.0152872589792057,1,SL,fx_cross
USDJPY,2023-12-28 00:00:00+00:00,long,2,2.4931480055788007,16,TP,fx_major
CL,2023-12-28 00:00:00+00:00,long,2,-1.0097348760330576,0,SAME_BAR_SL,commodities
EURJPY,2023-12-29 00:00:00+00:00,long,2,2.4791727090301006,4,TP,fx_cross
EURUSD,2023-12-29 00:00:00+00:00,long,1,-1.028263996342019,2,SL,fx_major
AUDNZD,2024-01-02 00:00:00+00:00,short,4,2.473211888544892,31,TP,fx_cross
USDCHF,2024-01-03 00:00:00+00:00,short,4,-1.0225298397737987,11,SL,fx_major
GBPUSD,2024-01-04 00:00:00+00:00,short,4,-1.0267571450037563,7,SL,fx_major
PA,2024-01-08 00:00:00+00:00,long,1,-1.0013911688311687,7,SL,metals
DAX,2024-01-08 00:00:00+00:00,short,3,-1.0045173244147156,29,SL,indices
RTY,2024-01-09 00:00:00+00:00,long,2,-1.0028310437109724,7,SL,indices
ES,2024-01-10 00:00:00+00:00,short,4,-1.029085283018868,1,SL,indices
NQ,2024-01-11 00:00:00+00:00,short,4,-1.0085114743840438,6,SL,indices
GBPAUD,2024-01-11 00:00:00+00:00,short,3,-1.0252851051760816,5,SL,fx_cross
GBPCHF,2024-01-11 00:00:00+00:00,short,4,-1.031983924250395,5,SL,fx_cross
AUDUSD,2024-01-16 00:00:00+00:00,long,1,-1.019469767441861,1,SL,fx_major
EURCHF,2024-01-17 00:00:00+00:00,short,4,-1.030374193548387,2,SL,fx_cross
ES,2024-01-17 00:00:00+00:00,long,2,2.4938687096774195,6,TP,indices
EURJPY,2024-01-17 00:00:00+00:00,short,4,-1.0154562302947228,30,SL,fx_cross
EURAUD,2024-01-17 00:00:00+00:00,short,4,-1.0206615241057544,41,SL,fx_cross
GBPNZD,2024-01-17 00:00:00+00:00,short,4,-1.0173889423076925,2,SL,fx_cross
CADCHF,2024-01-19 00:00:00+00:00,short,4,-1.0193911660397639,16,SL,fx_cross
PL,2024-01-19 00:00:00+00:00,long,2,-1.0030870588235294,17,SL,metals
AUDCAD,2024-01-23 00:00:00+00:00,short,4,-1.0186703075768941,65,SL,fx_cross
GBPNZD,2024-01-23 00:00:00+00:00,long,1,-1.0276441320351477,6,SL,fx_cross
AUDCHF,2024-01-24 00:00:00+00:00,long,2,-1.0134051178451178,7,SL,fx_cross
EURGBP,2024-01-24 00:00:00+00:00,long,2,-1.0387342394822017,4,SL,fx_cross
SI,2024-01-24 00:00:00+00:00,short,3,-1.0047403921568627,0,SAME_BAR_SL,metals
USDCHF,2024-01-25 00:00:00+00:00,short,3,-1.0193069845053635,10,SL,fx_major
EURUSD,2024-01-25 00:00:00+00:00,long,2,-1.0149221114369498,3,SL,fx_major
EURCHF,2024-01-26 00:00:00+00:00,long,1,-1.049939105613701,2,SL,fx_cross
CADJPY,2024-01-26 00:00:00+00:00,short,3,-1.0209477384196182,11,SL,fx_cross
EURGBP,2024-01-30 00:00:00+00:00,short,4,-1.071367868852459,5,SL,fx_cross
RTY,2024-01-31 00:00:00+00:00,long,1,-1.010086075949367,0,SAME_BAR_SL,indices
AUDJPY,2024-02-01 00:00:00+00:00,long,2,2.4902300109369304,41,TP,fx_cross
EURUSD,2024-02-01 00:00:00+00:00,long,2,-1.017019301801802,10,SL,fx_major
GBPJPY,2024-02-02 00:00:00+00:00,short,4,-1.042152276749799,5,SL,fx_cross
USDJPY,2024-02-02 00:00:00+00:00,short,4,-1.0260036317780579,0,SAME_BAR_SL,fx_major
GBPUSD,2024-02-05 00:00:00+00:00,long,2,2.4846434146341467,28,TP,fx_major
NZDCAD,2024-02-05 00:00:00+00:00,short,4,-1.0134699236641223,4,SL,fx_cross
AUDCHF,2024-02-06 00:00:00+00:00,short,4,-1.0264039300582837,1,SL,fx_cross
EURNZD,2024-02-07 00:00:00+00:00,long,1,-1.0195085329637696,12,SL,fx_cross
NZDUSD,2024-02-07 00:00:00+00:00,short,3,-1.0132773353989155,11,SL,fx_major
GBPCHF,2024-02-07 00:00:00+00:00,short,3,-1.0346646603032006,5,SL,fx_cross
USDCHF,2024-02-08 00:00:00+00:00,short,3,-1.0156506768837803,4,SL,fx_major
RTY,2024-02-09 00:00:00+00:00,short,3,-1.0099432457496136,2,SL,indices
GBPNZD,2024-02-09 00:00:00+00:00,long,1,2.448288301886795,3,TP,fx_cross
EURCHF,2024-02-09 00:00:00+00:00,short,3,-1.029261395348837,3,SL,fx_cross
SI,2024-02-12 00:00:00+00:00,short,3,-1.0036303448275863,4,SL,metals
HG,2024-02-13 00:00:00+00:00,long,2,2.4956433027522937,7,TP,metals
CADCHF,2024-02-13 00:00:00+00:00,short,3,-1.0299483046683044,29,SL,fx_cross
GBPAUD,2024-02-14 00:00:00+00:00,long,2,-1.0409148547717855,1,SL,fx_cross
EURUSD,2024-02-14 00:00:00+00:00,long,2,2.472848246488446,5,TP,fx_major
GBPNZD,2024-02-15 00:00:00+00:00,long,1,-1.0566749705304515,0,SAME_BAR_SL,fx_cross
NQ,2024-02-15 00:00:00+00:00,short,3,-1.0061098961937716,13,SL,indices
AUDUSD,2024-02-15 00:00:00+00:00,short,3,-1.0360923320158113,2,SL,fx_major
YM,2024-02-15 00:00:00+00:00,short,3,-1.0068064722069345,6,SL,indices
USDCAD,2024-02-15 00:00:00+00:00,long,2,2.4702802680331106,43,TP,fx_major
PA,2024-02-15 00:00:00+00:00,short,3,-1.003645508982036,0,SAME_BAR_SL,metals
GBPJPY,2024-02-15 00:00:00+00:00,long,1,2.4701353393665144,6,TP,fx_cross
CL,2024-02-15 00:00:00+00:00,short,3,-1.001842541603631,11,SL,commodities
ES,2024-02-15 00:00:00+00:00,short,3,-1.0099590726429675,6,SL,indices
NZDCHF,2024-02-18 00:00:00+00:00,short,3,-1.046819814241485,1,SL,fx_cross
PL,2024-02-20 00:00:00+00:00,short,3,-1.0025511341991342,21,SL,metals
CADJPY,2024-02-20 00:00:00+00:00,long,1,-1.026066990779547,8,SL,fx_cross
AUDUSD,2024-02-20 00:00:00+00:00,short,4,-1.0122207382773531,15,SL,fx_major
NG,2024-02-21 00:00:00+00:00,short,4,-1.0009128038897892,7,SL,commodities
USDCHF,2024-02-22 00:00:00+00:00,long,1,2.4745332226258427,7,TP,fx_major
CHFJPY,2024-02-25 00:00:00+00:00,long,1,-1.0362308952959034,4,SL,fx_cross
NZDUSD,2024-02-27 00:00:00+00:00,long,1,-1.0439592838874696,0,SAME_BAR_SL,fx_major
EURJPY,2024-02-27 00:00:00+00:00,long,1,-1.049696644880174,2,SL,fx_cross
AUDCHF,2024-02-29 00:00:00+00:00,short,4,-1.0264530921052628,1,SL,fx_cross
USDJPY,2024-02-29 00:00:00+00:00,long,1,-1.0368209859154922,5,SL,fx_major
RTY,2024-03-01 00:00:00+00:00,long,1,2.493494071146245,6,TP,indices
GBPCHF,2024-03-01 00:00:00+00:00,short,3,-1.0328392673992681,4,SL,fx_cross
CL,2024-03-01 00:00:00+00:00,short,4,-1.00172291249165,25,SL,commodities
GBPAUD,2024-03-01 00:00:00+00:00,long,1,-1.0332697611757502,5,SL,fx_cross
SI,2024-03-04 00:00:00+00:00,short,4,-1.0033880266075388,1,SL,metals
NG,2024-03-04 00:00:00+00:00,short,4,2.498068256880734,4,TP,commodities
CHFJPY,2024-03-04 00:00:00+00:00,short,3,2.4827441907514447,6,TP,fx_cross
YM,2024-03-05 00:00:00+00:00,long,2,2.492018350515464,7,TP,indices
SI,2024-03-06 00:00:00+00:00,short,4,-1.0055686832740214,2,SL,metals
CADJPY,2024-03-06 00:00:00+00:00,short,4,2.4703151677852353,2,TP,fx_cross
ES,2024-03-06 00:00:00+00:00,short,3,-1.007019399141631,1,SL,indices
EURCHF,2024-03-07 00:00:00+00:00,long,1,2.456939325842696,10,TP,fx_cross
EURAUD,2024-03-07 00:00:00+00:00,long,2,-1.0432673408239708,0,SAME_BAR_SL,fx_cross
USDJPY,2024-03-07 00:00:00+00:00,long,2,2.4900699254986782,29,TP,fx_major
NZDUSD,2024-03-07 00:00:00+00:00,short,4,-1.0265928758673868,1,SL,fx_major
NQ,2024-03-11 00:00:00+00:00,long,2,-1.0218628136882129,0,SAME_BAR_SL,indices
ES,2024-03-11 00:00:00+00:00,long,2,2.4651182887700536,1,TP,indices
NQ,2024-03-12 00:00:00+00:00,long,1,-1.0031144904755562,29,SL,indices
EURGBP,2024-03-12 00:00:00+00:00,short,3,-1.0533974999999995,8,SL,fx_cross
GBPCAD,2024-03-12 00:00:00+00:00,long,1,-1.036027780678851,8,SL,fx_cross
CHFJPY,2024-03-18 00:00:00+00:00,long,2,-1.0196636523192648,8,SL,fx_cross
NKD,2024-03-18 00:00:00+00:00,short,3,-1.0031612967581047,3,SL,indices
EURNZD,2024-03-19 00:00:00+00:00,short,4,-1.0176217786353268,8,SL,fx_cross
EURAUD,2024-03-19 00:00:00+00:00,short,3,2.475920866873065,14,TP,fx_cross
AUDUSD,2024-03-19 00:00:00+00:00,long,2,2.4776600490196072,1,TP,fx_major
GBPAUD,2024-03-19 00:00:00+00:00,short,3,2.4712417281348786,2,TP,fx_cross
GBPCHF,2024-03-19 00:00:00+00:00,long,2,2.4245955980861296,1,TP,fx_cross
CADJPY,2024-03-19 00:00:00+00:00,short,4,-1.029684832214765,0,SAME_BAR_SL,fx_cross
CADCHF,2024-03-19 00:00:00+00:00,long,1,2.466896202531646,2,TP,fx_cross
EURUSD,2024-03-20 00:00:00+00:00,short,3,2.4780476785073557,10,TP,fx_major
GBPUSD,2024-03-20 00:00:00+00:00,short,4,2.4532385378590105,1,TP,fx_major
AUDCHF,2024-03-21 00:00:00+00:00,short,3,-1.0133671840715157,11,SL,fx_cross
GBPNZD,2024-03-21 00:00:00+00:00,long,1,2.4614331075304197,6,TP,fx_cross
SI,2024-03-21 00:00:00+00:00,long,1,-1.0031262955854126,0,SAME_BAR_SL,metals
EURCHF,2024-03-21 00:00:00+00:00,short,4,-1.0212105173084405,4,SL,fx_cross
USDCHF,2024-03-21 00:00:00+00:00,long,1,2.467436846254927,1,TP,fx_major
NZDJPY,2024-03-22 00:00:00+00:00,long,2,-1.0204690587288814,5,SL,fx_cross
EURGBP,2024-03-22 00:00:00+00:00,short,3,-1.0374233281492993,26,SL,fx_cross
GBPCHF,2024-03-24 00:00:00+00:00,short,3,-1.0078679268747668,33,SL,fx_cross
USDCHF,2024-03-27 00:00:00+00:00,short,4,-1.0363919540229893,5,SL,fx_major
AUDUSD,2024-03-28 00:00:00+00:00,long,2,2.4776600490196072,6,TP,fx_major
AUDNZD,2024-03-28 00:00:00+00:00,short,3,-1.0280504411764713,6,SL,fx_cross
GBPJPY,2024-04-01 00:00:00+00:00,long,1,2.460369679821296,2,TP,fx_cross
NZDCAD,2024-04-01 00:00:00+00:00,long,1,2.477776581532417,7,TP,fx_cross
RTY,2024-04-02 00:00:00+00:00,long,2,-1.0081973722627735,0,SAME_BAR_SL,indices
NKD,2024-04-02 00:00:00+00:00,long,1,2.4880875471698114,1,TP,indices
GBPUSD,2024-04-03 00:00:00+00:00,short,3,-1.0294830538172712,1,SL,fx_major
AUDJPY,2024-04-03 00:00:00+00:00,short,3,-1.0187046762831262,1,SL,fx_cross
NZDJPY,2024-04-04 00:00:00+00:00,short,3,-1.0123561072204783,18,SL,fx_cross
GBPAUD,2024-04-04 00:00:00+00:00,long,1,2.4653241343669263,10,TP,fx_cross
CADCHF,2024-04-04 00:00:00+00:00,short,4,2.471870898203593,1,TP,fx_cross
EURNZD,2024-04-05 00:00:00+00:00,short,4,-1.026433291404612,9,SL,fx_cross
GBPNZD,2024-04-09 00:00:00+00:00,long,1,-1.0385668924695803,1,SL,fx_cross
RTY,2024-04-10 00:00:00+00:00,long,2,-1.0055900764655905,1,SL,indices
AUDCHF,2024-04-10 00:00:00+00:00,long,1,-1.0260838871473361,2,SL,fx_cross
ES,2024-04-11 00:00:00+00:00,short,3,2.48992215892054,3,TP,indices
GBPNZD,2024-04-11 00:00:00+00:00,long,2,2.4748816441875414,16,TP,fx_cross
EURJPY,2024-04-12 00:00:00+00:00,long,1,2.4684618711018707,2,TP,fx_cross
GBPJPY,2024-04-12 00:00:00+00:00,long,1,2.460369679821296,2,TP,fx_cross
NZDUSD,2024-04-12 00:00:00+00:00,long,2,-1.0378501587301585,0,SAME_BAR_SL,fx_major
EURUSD,2024-04-12 00:00:00+00:00,long,2,-1.0271517535115537,0,SAME_BAR_SL,fx_major
EURUSD,2024-04-15 00:00:00+00:00,long,1,2.488434290159471,80,TP,fx_major
DAX,2024-04-15 00:00:00+00:00,short,4,2.4940974369323916,4,TP,indices
CADJPY,2024-04-15 00:00:00+00:00,short,3,-1.0299667114093958,0,SAME_BAR_SL,fx_cross
CADJPY,2024-04-16 00:00:00+00:00,long,1,2.4883597772001487,9,TP,fx_cross
NZDCAD,2024-04-17 00:00:00+00:00,short,4,2.4582697810218987,2,TP,fx_cross
ES,2024-04-18 00:00:00+00:00,long,2,2.493088414239482,9,TP,indices
YM,2024-04-18 00:00:00+00:00,long,2,2.4927101210653753,3,TP,indices
PL,2024-04-19 00:00:00+00:00,long,2,-1.0043017142857142,2,SL,metals
GBPCAD,2024-04-19 00:00:00+00:00,long,2,-1.0311617277486915,2,SL,fx_cross
EURAUD,2024-04-19 00:00:00+00:00,short,3,2.475920866873065,4,TP,fx_cross
AUDJPY,2024-04-19 00:00:00+00:00,long,2,2.484079489262913,3,TP,fx_cross
USDCHF,2024-04-19 00:00:00+00:00,long,1,2.4768616788321163,9,TP,fx_major
EURCHF,2024-04-19 00:00:00+00:00,long,1,-1.0483160573476709,0,SAME_BAR_SL,fx_cross
GBPAUD,2024-04-19 00:00:00+00:00,long,1,-1.0337597997496875,2,SL,fx_cross
AUDUSD,2024-04-19 00:00:00+00:00,long,2,2.482503976493634,4,TP,fx_major
AUDCHF,2024-04-19 00:00:00+00:00,long,1,2.4781175067750683,1,TP,fx_cross
NZDCHF,2024-04-21 00:00:00+00:00,short,4,-1.02367332808812,2,SL,fx_cross
DAX,2024-04-22 00:00:00+00:00,short,4,-1.0071327047146401,0,SAME_BAR_SL,indices
AUDNZD,2024-04-23 00:00:00+00:00,short,4,-1.0422982019363771,1,SL,fx_cross
NKD,2024-04-23 00:00:00+00:00,short,4,-1.0034385289957568,11,SL,indices
PL,2024-04-23 00:00:00+00:00,long,1,2.4969346321243524,12,TP,metals
EURGBP,2024-04-25 00:00:00+00:00,long,2,-1.0192311538461534,23,SL,fx_cross
NG,2024-04-25 00:00:00+00:00,short,3,-1.0014265707434054,0,SAME_BAR_SL,commodities
GBPCAD,2024-04-25 00:00:00+00:00,short,3,-1.016124534140599,18,SL,fx_cross
PA,2024-04-26 00:00:00+00:00,long,1,-1.0018607228915664,5,SL,metals
AUDCHF,2024-04-28 00:00:00+00:00,short,3,-1.0384323306544192,1,SL,fx_cross
EURNZD,2024-04-29 00:00:00+00:00,long,1,2.4566203108808287,1,TP,fx_cross
NZDCAD,2024-04-29 00:00:00+00:00,short,4,2.4582697810218987,1,TP,fx_cross
CHFJPY,2024-05-01 00:00:00+00:00,long,2,-1.063267187079413,0,SAME_BAR_SL,fx_cross
USDJPY,2024-05-01 00:00:00+00:00,long,1,2.4805636182722752,1,TP,fx_major
AUDUSD,2024-05-01 00:00:00+00:00,short,3,-1.00777414581997,2,SL,fx_major
ES,2024-05-01 00:00:00+00:00,short,4,-1.0040541323345817,4,SL,indices
YM,2024-05-01 00:00:00+00:00,short,4,-1.0080041775456918,2,SL,indices
USDCHF,2024-05-01 00:00:00+00:00,long,1,-1.0171226737967913,2,SL,fx_major
GBPNZD,2024-05-02 00:00:00+00:00,long,1,-1.0303966150670796,1,SL,fx_cross
EURAUD,2024-05-02 00:00:00+00:00,long,2,-1.023803562710985,1,SL,fx_cross
USDCAD,2024-05-02 00:00:00+00:00,long,1,-1.0228530711945187,1,SL,fx_major
GBPAUD,2024-05-02 00:00:00+00:00,long,1,-1.0152165189066706,1,SL,fx_cross
NZDCHF,2024-05-03 00:00:00+00:00,short,3,-1.0143968316831684,10,SL,fx_cross
NZDUSD,2024-05-03 00:00:00+00:00,short,3,-1.0154988084326306,10,SL,fx_major
NQ,2024-05-06 00:00:00+00:00,short,4,-1.0057979336161718,7,SL,indices
RTY,2024-05-06 00:00:00+00:00,short,4,-1.0026739726027398,57,SL,indices
CHFJPY,2024-05-07 00:00:00+00:00,short,4,-1.012084524473751,5,SL,fx_cross
EURJPY,2024-05-08 00:00:00+00:00,short,3,-1.004170946692815,45,SL,fx_cross
YM,2024-05-08 00:00:00+00:00,short,3,-1.017135737704918,1,SL,indices
PA,2024-05-08 00:00:00+00:00,long,2,2.4976224124513617,10,TP,metals
SI,2024-05-09 00:00:00+00:00,short,3,-1.0035883003952568,5,SL,metals
DAX,2024-05-09 00:00:00+00:00,short,3,-1.029927960199005,1,SL,indices
ES,2024-05-10 00:00:00+00:00,short,3,-1.0100778410794602,4,SL,indices
CL,2024-05-10 00:00:00+00:00,long,2,-1.002762105263158,11,SL,commodities
NZDJPY,2024-05-13 00:00:00+00:00,short,3,-1.0076075364831671,8,SL,fx_cross
USDJPY,2024-05-13 00:00:00+00:00,short,3,-1.0088047893569845,33,SL,fx_major
GBPJPY,2024-05-13 00:00:00+00:00,short,3,-1.0042689405523482,34,SL,fx_cross
CADJPY,2024-05-14 00:00:00+00:00,short,3,-1.0044553983039066,42,SL,fx_cross
PL,2024-05-14 00:00:00+00:00,short,3,-1.003738757062147,0,SAME_BAR_SL,metals
AUDJPY,2024-05-14 00:00:00+00:00,short,3,-1.0075849345206915,31,SL,fx_cross
AUDNZD,2024-05-15 00:00:00+00:00,long,1,-1.0535010122164068,1,SL,fx_cross
AUDUSD,2024-05-15 00:00:00+00:00,short,4,-1.0369865612648232,0,SAME_BAR_SL,fx_major
GBPUSD,2024-05-15 00:00:00+00:00,short,3,-1.0248866596417285,4,SL,fx_major
AUDCHF,2024-05-16 00:00:00+00:00,short,4,2.4878357788944725,25,TP,fx_cross
USDCHF,2024-05-16 00:00:00+00:00,short,3,-1.0249729133858274,4,SL,fx_major
GBPAUD,2024-05-16 00:00:00+00:00,short,3,-1.0287714982389597,3,SL,fx_cross
EURAUD,2024-05-16 00:00:00+00:00,short,4,-1.0261088787185355,6,SL,fx_cross
NZDCHF,2024-05-17 00:00:00+00:00,short,3,-1.0249546067415731,4,SL,fx_cross
NG,2024-05-17 00:00:00+00:00,short,3,-1.0006134508076359,18,SL,commodities
GBPNZD,2024-05-21 00:00:00+00:00,short,3,2.4649879795857084,13,TP,fx_cross
AUDUSD,2024-05-22 00:00:00+00:00,long,1,2.484674682080925,43,TP,fx_major
YM,2024-05-22 00:00:00+00:00,long,1,-1.0082949347258485,1,SL,indices
NZDCHF,2024-05-23 00:00:00+00:00,long,1,-1.0178994730813284,6,SL,fx_cross
PA,2024-05-23 00:00:00+00:00,short,4,-1.0011510144927536,35,SL,metals
EURNZD,2024-05-23 00:00:00+00:00,short,4,-1.0191309217123021,42,SL,fx_cross
NQ,2024-05-24 00:00:00+00:00,short,3,-1.0057934856867934,10,SL,indices
USDCAD,2024-05-27 00:00:00+00:00,long,1,2.4648326703499084,12,TP,fx_major
EURAUD,2024-05-29 00:00:00+00:00,long,1,2.449502015503874,7,TP,fx_cross
YM,2024-05-29 00:00:00+00:00,long,2,2.493393174946004,19,TP,indices
GBPCHF,2024-05-30 00:00:00+00:00,long,1,-1.0423833311561062,0,SAME_BAR_SL,fx_cross
EURCHF,2024-05-30 00:00:00+00:00,long,1,-1.0475215224913503,0,SAME_BAR_SL,fx_cross
CHFJPY,2024-05-30 00:00:00+00:00,short,3,-1.009957370583402,11,SL,fx_cross
HG,2024-05-30 00:00:00+00:00,long,1,-1.0067716363636363,1,SL,metals
EURGBP,2024-05-31 00:00:00+00:00,short,4,2.4303126530612253,6,TP,fx_cross
GBPCAD,2024-05-31 00:00:00+00:00,long,1,2.4314158192090374,2,TP,fx_cross
NKD,2024-05-31 00:00:00+00:00,short,3,-1.0054217943107222,8,SL,indices
DAX,2024-06-03 00:00:00+00:00,short,3,2.493193371169126,9,TP,indices
ES,2024-06-03 00:00:00+00:00,long,2,2.4943460402684563,8,TP,indices
AUDNZD,2024-06-03 00:00:00+00:00,long,1,-1.0290056375838927,2,SL,fx_cross
GBPCHF,2024-06-04 00:00:00+00:00,long,1,-1.022314026517796,9,SL,fx_cross
PL,2024-06-04 00:00:00+00:00,long,1,-1.0050645,0,SAME_BAR_SL,metals
NZDJPY,2024-06-04 00:00:00+00:00,long,2,2.484196688197299,22,TP,fx_cross
HG,2024-06-05 00:00:00+00:00,short,4,2.495947397260274,11,TP,metals
SI,2024-06-05 00:00:00+00:00,short,4,-1.0013693127629733,95,SL,metals
NZDCHF,2024-06-05 00:00:00+00:00,short,4,2.4819674125874123,11,TP,fx_cross
NZDUSD,2024-06-07 00:00:00+00:00,long,2,-1.01031526032316,16,SL,fx_major
PL,2024-06-07 00:00:00+00:00,long,1,-1.0035656091954024,5,SL,metals
CL,2024-06-10 00:00:00+00:00,short,4,-1.0029415531660693,2,SL,commodities
EURAUD,2024-06-10 00:00:00+00:00,long,2,-1.044398136826784,0,SAME_BAR_SL,fx_cross
EURCAD,2024-06-10 00:00:00+00:00,long,2,-1.0978861465721101,1,SL,fx_cross
USDCHF,2024-06-12 00:00:00+00:00,long,2,-1.0284999086757987,5,SL,fx_major
AUDCAD,2024-06-12 00:00:00+00:00,short,3,-1.0370637790697685,0,SAME_BAR_SL,fx_cross
USDCAD,2024-06-12 00:00:00+00:00,long,1,2.4190909398099287,1,TP,fx_major
GBPAUD,2024-06-12 00:00:00+00:00,long,1,-1.0346974266365687,5,SL,fx_cross
EURGBP,2024-06-13 00:00:00+00:00,short,4,2.4433743540669894,1,TP,fx_cross
NZDCAD,2024-06-14 00:00:00+00:00,long,1,-1.0370776175548586,2,SL,fx_cross
GBPUSD,2024-06-14 00:00:00+00:00,long,2,-1.0303223809523792,0,SAME_BAR_SL,fx_major
AUDCAD,2024-06-14 00:00:00+00:00,long,1,-1.0696368809849528,2,SL,fx_cross
EURGBP,2024-06-17 00:00:00+00:00,short,4,-1.0566256459330103,6,SL,fx_cross
CADCHF,2024-06-18 00:00:00+00:00,long,1,2.47201041053447,5,TP,fx_cross
NZDCAD,2024-06-18 00:00:00+00:00,long,1,-1.0300132822477641,6,SL,fx_cross
NQ,2024-06-20 00:00:00+00:00,long,1,-1.0027691253928688,29,SL,indices
USDCHF,2024-06-20 00:00:00+00:00,short,4,-1.0191856172839504,1,SL,fx_major
EURCAD,2024-06-21 00:00:00+00:00,long,2,-1.0397057889641814,3,SL,fx_cross
NZDCHF,2024-06-21 00:00:00+00:00,long,2,-1.009691667193926,22,SL,fx_cross
USDCAD,2024-06-21 00:00:00+00:00,long,1,-1.0809090601900713,2,SL,fx_major
GBPAUD,2024-06-21 00:00:00+00:00,long,1,2.447401563582382,3,TP,fx_cross
AUDCAD,2024-06-21 00:00:00+00:00,long,2,2.479442515114873,20,TP,fx_cross
PL,2024-06-24 00:00:00+00:00,short,3,-1.005959111111111,2,SL,metals
YM,2024-06-24 00:00:00+00:00,short,4,2.476207970204842,1,TP,indices
NG,2024-06-25 00:00:00+00:00,long,2,-1.0020162962962964,3,SL,commodities
AUDCHF,2024-06-26 00:00:00+00:00,short,4,-1.0148541489361702,6,SL,fx_cross
AUDNZD,2024-06-26 00:00:00+00:00,short,3,-1.0504947976878583,2,SL,fx_cross
HG,2024-06-26 00:00:00+00:00,long,2,2.4947622641509435,6,TP,metals
USDCHF,2024-06-26 00:00:00+00:00,short,3,-1.0353036286919834,2,SL,fx_major
NZDCAD,2024-06-26 00:00:00+00:00,long,1,-1.0201977202072536,6,SL,fx_cross
GBPAUD,2024-06-27 00:00:00+00:00,short,4,-1.0222699853587116,13,SL,fx_cross
EURAUD,2024-06-27 00:00:00+00:00,short,4,-1.023418658346334,16,SL,fx_cross
EURCHF,2024-06-30 00:00:00+00:00,short,4,-1.024583897996357,1,SL,fx_cross
EURCAD,2024-07-01 00:00:00+00:00,short,4,-1.0280293732970032,4,SL,fx_cross
AUDNZD,2024-07-01 00:00:00+00:00,short,4,-1.0322823356128343,3,SL,fx_cross
NG,2024-07-01 00:00:00+00:00,long,2,-1.003406582278481,0,SAME_BAR_SL,commodities
USDCAD,2024-07-01 00:00:00+00:00,short,3,-1.057845847776939,0,SAME_BAR_SL,fx_major
USDCHF,2024-07-01 00:00:00+00:00,short,4,2.483306366644606,21,TP,fx_major
GBPUSD,2024-07-01 00:00:00+00:00,short,3,-1.074607058823528,0,SAME_BAR_SL,fx_major
NKD,2024-07-02 00:00:00+00:00,short,4,-1.0051372111553785,2,SL,indices
USDCAD,2024-07-02 00:00:00+00:00,long,2,-1.1251398692810433,1,SL,fx_major
NZDUSD,2024-07-02 00:00:00+00:00,short,4,-1.0169745454545458,1,SL,fx_major
CADCHF,2024-07-02 00:00:00+00:00,short,4,2.4858541554959785,19,TP,fx_cross
GBPCHF,2024-07-02 00:00:00+00:00,short,4,-1.019335260463716,7,SL,fx_cross
ES,2024-07-03 00:00:00+00:00,long,1,-1.0060739931740614,18,SL,indices
GBPCAD,2024-07-05 00:00:00+00:00,short,4,-1.039717589576547,0,SAME_BAR_SL,fx_cross
PL,2024-07-08 00:00:00+00:00,long,1,-1.0045293333333334,1,SL,metals
CL,2024-07-08 00:00:00+00:00,long,1,-1.0045162886597938,7,SL,commodities
NZDUSD,2024-07-11 00:00:00+00:00,short,3,2.4781217613273765,7,TP,fx_major
USDJPY,2024-07-11 00:00:00+00:00,long,1,-1.014340064808814,5,SL,fx_major
NG,2024-07-12 00:00:00+00:00,long,2,-1.003755,2,SL,commodities
EURNZD,2024-07-15 00:00:00+00:00,short,3,-1.0279837363864845,1,SL,fx_cross
GBPAUD,2024-07-15 00:00:00+00:00,short,4,-1.0344604878048782,1,SL,fx_cross
EURCHF,2024-07-15 00:00:00+00:00,short,4,2.4843336350615868,9,TP,fx_cross
HG,2024-07-16 00:00:00+00:00,long,1,-1.0070036543209877,2,SL,metals
NZDCAD,2024-07-16 00:00:00+00:00,long,2,-1.0779565100671205,0,SAME_BAR_SL,fx_cross
NZDJPY,2024-07-17 00:00:00+00:00,long,1,-1.0274199896426717,4,SL,fx_cross
GBPUSD,2024-07-17 00:00:00+00:00,short,4,2.484070187690965,13,TP,fx_major
GBPAUD,2024-07-17 00:00:00+00:00,short,4,-1.0404124597529008,0,SAME_BAR_SL,fx_cross
AUDCHF,2024-07-17 00:00:00+00:00,long,1,-1.0224271332436075,4,SL,fx_cross
NZDCAD,2024-07-19 00:00:00+00:00,long,1,-1.0198275075075076,3,SL,fx_cross
NKD,2024-07-19 00:00:00+00:00,long,1,-1.006430629722922,3,SL,indices
NG,2024-07-22 00:00:00+00:00,short,4,2.4985042323651454,10,TP,commodities
AUDJPY,2024-07-22 00:00:00+00:00,long,1,-1.014138646034816,1,SL,fx_cross
CL,2024-07-22 00:00:00+00:00,long,1,-1.0038835239567234,1,SL,commodities
AUDCAD,2024-07-22 00:00:00+00:00,long,1,-1.053689707112968,0,SAME_BAR_SL,fx_cross
AUDCHF,2024-07-23 00:00:00+00:00,long,2,-1.0164360417702634,1,SL,fx_cross
RTY,2024-07-23 00:00:00+00:00,short,3,-1.0041578019461934,7,SL,indices
GBPAUD,2024-07-23 00:00:00+00:00,short,3,-1.0287582718651211,1,SL,fx_cross
CADJPY,2024-07-25 00:00:00+00:00,long,1,-1.0140758413132696,5,SL,fx_cross
CHFJPY,2024-07-25 00:00:00+00:00,long,1,2.470600170419963,1,TP,fx_cross
AUDCAD,2024-07-25 00:00:00+00:00,long,1,-1.0244677547078709,5,SL,fx_cross
EURGBP,2024-07-26 00:00:00+00:00,long,1,2.4748304477611947,8,TP,fx_cross
CL,2024-07-26 00:00:00+00:00,long,2,-1.003914430379747,2,SL,commodities
CHFJPY,2024-07-30 00:00:00+00:00,long,1,-1.029399829580037,1,SL,fx_cross
USDJPY,2024-07-31 00:00:00+00:00,short,4,2.4913515500907075,2,TP,fx_major
EURCHF,2024-07-31 00:00:00+00:00,long,2,-1.0427141573033711,1,SL,fx_cross
AUDJPY,2024-07-31 00:00:00+00:00,long,2,-1.0159205107370866,1,SL,fx_cross
CADCHF,2024-07-31 00:00:00+00:00,short,4,2.4804521358159914,2,TP,fx_cross
EURUSD,2024-07-31 00:00:00+00:00,short,4,-1.0381229145728654,2,SL,fx_major
GBPNZD,2024-07-31 00:00:00+00:00,short,3,2.4804378960872353,2,TP,fx_cross
AUDNZD,2024-07-31 00:00:00+00:00,long,1,-1.0954011145510751,0,SAME_BAR_SL,fx_cross
ES,2024-07-31 00:00:00+00:00,short,3,2.493013228962818,2,TP,indices
AUDCAD,2024-08-01 00:00:00+00:00,short,4,2.4757251006711405,3,TP,fx_cross
PA,2024-08-01 00:00:00+00:00,long,2,-1.0020696028880867,3,SL,metals
EURAUD,2024-08-01 00:00:00+00:00,long,2,-1.0286541409147099,0,SAME_BAR_SL,fx_cross
USDCAD,2024-08-01 00:00:00+00:00,short,3,-1.112084161849696,0,SAME_BAR_SL,fx_major
EURCAD,2024-08-01 00:00:00+00:00,long,1,2.430188227424745,1,TP,fx_cross
GBPAUD,2024-08-01 00:00:00+00:00,long,1,-1.0261390073616723,0,SAME_BAR_SL,fx_cross
EURCHF,2024-08-02 00:00:00+00:00,long,1,-1.0534271967380207,1,SL,fx_cross
NKD,2024-08-02 00:00:00+00:00,long,2,-1.00805574912892,0,SAME_BAR_SL,indices
GBPCAD,2024-08-02 00:00:00+00:00,short,3,2.4740599112503263,3,TP,fx_cross
NZDCHF,2024-08-02 00:00:00+00:00,short,4,2.4898695882763433,2,TP,fx_cross
AUDUSD,2024-08-02 00:00:00+00:00,short,4,2.478995177956371,2,TP,fx_major
CL,2024-08-02 00:00:00+00:00,long,2,-1.0051755032119916,0,SAME_BAR_SL,commodities
AUDJPY,2024-08-02 00:00:00+00:00,long,2,-1.0097699890630696,1,SL,fx_cross
GBPCHF,2024-08-02 00:00:00+00:00,long,1,-1.0403265624999969,0,SAME_BAR_SL,fx_cross
YM,2024-08-02 00:00:00+00:00,long,1,-1.0102284057971014,2,SL,indices
NKD,2024-08-04 00:00:00+00:00,long,1,-1.0090518143459917,1,SL,indices
NQ,2024-08-04 00:00:00+00:00,long,1,-1.0057103246277763,1,SL,indices
RTY,2024-08-05 00:00:00+00:00,long,2,2.492314265232975,1,TP,indices
DAX,2024-08-05 00:00:00+00:00,long,1,-1.015703820224719,0,SAME_BAR_SL,indices
EURAUD,2024-08-05 00:00:00+00:00,short,3,-1.0133459963385438,0,SAME_BAR_SL,fx_cross
AUDNZD,2024-08-05 00:00:00+00:00,long,2,-1.0515622015241335,0,SAME_BAR_SL,fx_cross
GBPCHF,2024-08-05 00:00:00+00:00,long,1,-1.0324985074626876,0,SAME_BAR_SL,fx_cross
NZDCAD,2024-08-06 00:00:00+00:00,short,3,-1.0143647161572051,6,SL,fx_cross
ES,2024-08-06 00:00:00+00:00,short,4,-1.008061947743468,1,SL,indices
GBPCHF,2024-08-07 00:00:00+00:00,short,4,-1.044451627906981,0,SAME_BAR_SL,fx_cross
USDCAD,2024-08-07 00:00:00+00:00,long,1,-1.0564530983847267,6,SL,fx_major
EURAUD,2024-08-07 00:00:00+00:00,long,2,-1.0119939222250838,18,SL,fx_cross
GBPAUD,2024-08-07 00:00:00+00:00,long,1,2.4753523566878983,26,TP,fx_cross
NZDCHF,2024-08-07 00:00:00+00:00,short,4,-1.010130411723657,5,SL,fx_cross
PA,2024-08-07 00:00:00+00:00,short,4,-1.0017130275229358,1,SL,metals
HG,2024-08-07 00:00:00+00:00,long,1,2.490329846153846,1,TP,metals
EURNZD,2024-08-07 00:00:00+00:00,long,2,-1.0194793417527748,11,SL,fx_cross
EURCHF,2024-08-08 00:00:00+00:00,long,2,-0.7271021705034154,399,EOS,fx_cross
GBPUSD,2024-08-12 00:00:00+00:00,short,4,-1.0415687804878027,1,SL,fx_major
EURUSD,2024-08-14 00:00:00+00:00,short,4,2.3947428960817843,1,TP,fx_major
HG,2024-08-15 00:00:00+00:00,short,3,-1.006112,0,SAME_BAR_SL,metals
AUDCHF,2024-08-15 00:00:00+00:00,short,4,-1.011364589933122,35,SL,fx_cross
YM,2024-08-15 00:00:00+00:00,short,4,-1.0034227038400843,12,SL,indices
GBPNZD,2024-08-15 00:00:00+00:00,short,4,-1.007378596642273,64,SL,fx_cross
NKD,2024-08-16 00:00:00+00:00,short,4,-1.0017567583212734,36,SL,indices
NQ,2024-08-19 00:00:00+00:00,short,3,2.495304968530174,13,TP,indices
AUDCAD,2024-08-19 00:00:00+00:00,short,4,-1.0180455375966269,27,SL,fx_cross
AUDUSD,2024-08-19 00:00:00+00:00,short,4,-1.0549194134897375,0,SAME_BAR_SL,fx_major
DAX,2024-08-19 00:00:00+00:00,short,4,-1.005130425716768,6,SL,indices
EURJPY,2024-08-20 00:00:00+00:00,short,4,2.4625940229885064,4,TP,fx_cross
CADJPY,2024-08-20 00:00:00+00:00,short,4,2.4717310112359563,1,TP,fx_cross
CHFJPY,2024-08-20 00:00:00+00:00,short,4,-1.0714150898203585,0,SAME_BAR_SL,fx_cross
GBPUSD,2024-08-20 00:00:00+00:00,short,4,-1.015929812309035,3,SL,fx_major
AUDNZD,2024-08-20 00:00:00+00:00,long,1,-1.0193976500315858,6,SL,fx_cross
USDCHF,2024-08-20 00:00:00+00:00,long,2,-1.00830046818103,8,SL,fx_major
NZDCAD,2024-08-20 00:00:00+00:00,short,4,-1.0746785942491994,0,SAME_BAR_SL,fx_cross
PA,2024-08-22 00:00:00+00:00,long,2,2.493944742268041,1,TP,metals
EURUSD,2024-08-28 00:00:00+00:00,long,1,-1.0245137966234783,1,SL,fx_major
AUDUSD,2024-08-28 00:00:00+00:00,short,4,2.478777651641625,5,TP,fx_major
NZDCHF,2024-08-29 00:00:00+00:00,short,4,2.467780846905539,4,TP,fx_cross
EURAUD,2024-08-29 00:00:00+00:00,long,1,2.4813708496732025,7,TP,fx_cross
EURNZD,2024-08-29 00:00:00+00:00,long,1,2.454068831168831,4,TP,fx_cross
YM,2024-08-30 00:00:00+00:00,long,1,-1.006264090909091,5,SL,indices
AUDNZD,2024-08-30 00:00:00+00:00,short,4,-1.0231094184720642,15,SL,fx_cross
CHFJPY,2024-09-02 00:00:00+00:00,short,4,-1.0078396368352789,44,SL,fx_cross
EURJPY,2024-09-03 00:00:00+00:00,long,1,-1.030313141326189,0,SAME_BAR_SL,fx_cross
AUDJPY,2024-09-03 00:00:00+00:00,long,1,-1.0212497587131364,0,SAME_BAR_SL,fx_cross
CADCHF,2024-09-03 00:00:00+00:00,long,2,-1.0315747254725474,3,SL,fx_cross
GBPCHF,2024-09-04 00:00:00+00:00,short,3,-1.0194479227654933,13,SL,fx_cross
NZDUSD,2024-09-06 00:00:00+00:00,long,1,-1.0189993175564112,4,SL,fx_major
USDCHF,2024-09-06 00:00:00+00:00,long,2,-1.0503181216648874,0,SAME_BAR_SL,fx_major
EURNZD,2024-09-06 00:00:00+00:00,short,4,2.4586882758620683,14,TP,fx_cross
AUDUSD,2024-09-06 00:00:00+00:00,short,4,2.4749474074074067,1,TP,fx_major
YM,2024-09-09 00:00:00+00:00,short,4,-1.0064981312127237,4,SL,indices
HG,2024-09-09 00:00:00+00:00,short,4,-1.0027944385026737,3,SL,metals
NZDCAD,2024-09-10 00:00:00+00:00,short,3,-1.0164098039215685,7,SL,fx_cross
USDCAD,2024-09-10 00:00:00+00:00,short,4,-1.0456374805038982,7,SL,fx_major
PA,2024-09-10 00:00:00+00:00,short,3,-1.0023065168539327,1,SL,metals
NQ,2024-09-10 00:00:00+00:00,short,4,-1.0043911886586696,1,SL,indices
EURAUD,2024-09-11 00:00:00+00:00,long,1,-1.0171638805416434,6,SL,fx_cross
ES,2024-09-11 00:00:00+00:00,short,4,-1.005936849199663,1,SL,indices
GBPAUD,2024-09-11 00:00:00+00:00,long,1,-1.021493646690169,5,SL,fx_cross
CADCHF,2024-09-11 00:00:00+00:00,long,2,-1.0050446388606307,176,SL,fx_cross
PL,2024-09-12 00:00:00+00:00,short,3,-1.002558406639004,1,SL,metals
DAX,2024-09-12 00:00:00+00:00,short,4,-1.0103297222222223,1,SL,indices
NZDCHF,2024-09-12 00:00:00+00:00,short,4,-1.0135276454293627,6,SL,fx_cross
CL,2024-09-12 00:00:00+00:00,short,4,-1.0012994633273704,10,SL,commodities
RTY,2024-09-12 00:00:00+00:00,short,4,-1.0037121389793702,1,SL,indices
USDJPY,2024-09-13 00:00:00+00:00,long,2,2.4931480055788007,18,TP,fx_major
RTY,2024-09-16 00:00:00+00:00,short,4,-1.0041082242990653,2,SL,indices
NG,2024-09-16 00:00:00+00:00,long,1,2.49758940397351,5,TP,commodities
EURCAD,2024-09-16 00:00:00+00:00,short,3,2.4751603992953615,14,TP,fx_cross
AUDUSD,2024-09-17 00:00:00+00:00,short,4,-1.0250525925925933,1,SL,fx_major
AUDJPY,2024-09-18 00:00:00+00:00,short,4,-1.0092735461723308,2,SL,fx_cross
USDCAD,2024-09-19 00:00:00+00:00,long,1,-1.0269823954642097,3,SL,fx_major
GBPUSD,2024-09-19 00:00:00+00:00,long,1,2.47425442896936,4,TP,fx_major
DAX,2024-09-19 00:00:00+00:00,short,3,-1.019841568627451,0,SAME_BAR_SL,indices
NZDCHF,2024-09-20 00:00:00+00:00,short,3,-1.03409442020666,2,SL,fx_cross
EURAUD,2024-09-20 00:00:00+00:00,short,4,2.4625452117263844,2,TP,fx_cross
CADJPY,2024-09-20 00:00:00+00:00,short,4,-1.0079321613678867,6,SL,fx_cross
RTY,2024-09-23 00:00:00+00:00,long,1,-1.0053565424739195,7,SL,indices
HG,2024-09-23 00:00:00+00:00,long,1,2.492980512820513,1,TP,metals
PL,2024-09-23 00:00:00+00:00,long,1,2.4975636825396825,25,TP,metals
EURUSD,2024-09-23 00:00:00+00:00,long,1,-1.0207947414080745,7,SL,fx_major
AUDUSD,2024-09-25 00:00:00+00:00,long,1,-1.0156676167076168,10,SL,fx_major
AUDCAD,2024-09-25 00:00:00+00:00,long,1,2.456744114189756,1,TP,fx_cross
NQ,2024-09-26 00:00:00+00:00,short,4,-1.0035567791077258,35,SL,indices
NZDJPY,2024-09-26 00:00:00+00:00,short,3,-1.024086864686469,0,SAME_BAR_SL,fx_cross
NG,2024-09-27 00:00:00+00:00,short,3,2.4926374803149605,3,TP,commodities
AUDJPY,2024-09-27 00:00:00+00:00,short,4,-1.00925260598094,35,SL,fx_cross
EURJPY,2024-09-27 00:00:00+00:00,long,1,-1.0251895475113126,2,SL,fx_cross
NKD,2024-09-30 00:00:00+00:00,short,3,-1.0017467889908256,76,SL,indices
USDCAD,2024-09-30 00:00:00+00:00,short,4,-1.0248638529701344,6,SL,fx_major
GBPCHF,2024-09-30 00:00:00+00:00,short,3,-1.0168846129204483,67,SL,fx_cross
NZDCHF,2024-10-01 00:00:00+00:00,long,1,-1.0482690909090913,2,SL,fx_cross
EURGBP,2024-10-01 00:00:00+00:00,short,4,-1.03492874251497,2,SL,fx_cross
GBPUSD,2024-10-03 00:00:00+00:00,long,1,-1.02574557103064,0,SAME_BAR_SL,fx_major
EURUSD,2024-10-03 00:00:00+00:00,long,2,-1.0408614814814803,1,SL,fx_major
GBPJPY,2024-10-03 00:00:00+00:00,long,1,-1.007909404517454,51,SL,fx_cross
GBPCAD,2024-10-03 00:00:00+00:00,long,1,-1.0815197389885842,0,SAME_BAR_SL,fx_cross
CL,2024-10-04 00:00:00+00:00,short,4,-1.0021293404634581,2,SL,commodities
GBPUSD,2024-10-04 00:00:00+00:00,long,2,-1.0203829398663697,10,SL,fx_major
ES,2024-10-04 00:00:00+00:00,short,3,-1.007942660944206,4,SL,indices
GBPAUD,2024-10-04 00:00:00+00:00,short,4,-1.0560325649013471,2,SL,fx_cross
EURNZD,2024-10-07 00:00:00+00:00,short,4,-1.0340117311608958,1,SL,fx_cross
AUDCAD,2024-10-07 00:00:00+00:00,long,1,-1.043255885810244,1,SL,fx_cross
SI,2024-10-08 00:00:00+00:00,long,2,2.4973584986595174,9,TP,metals
AUDCHF,2024-10-08 00:00:00+00:00,long,1,-1.0204469509866334,17,SL,fx_cross
CL,2024-10-08 00:00:00+00:00,long,1,-1.0047009072978303,0,SAME_BAR_SL,commodities
YM,2024-10-09 00:00:00+00:00,short,3,-1.0410959036144578,0,SAME_BAR_SL,indices
EURUSD,2024-10-10 00:00:00+00:00,long,2,-1.0244676578737015,5,SL,fx_major
EURNZD,2024-10-11 00:00:00+00:00,long,1,2.4835090322580644,17,TP,fx_cross
NG,2024-10-14 00:00:00+00:00,long,1,-1.0045089265536724,1,SL,commodities
GBPCAD,2024-10-15 00:00:00+00:00,short,3,2.476038341625207,24,TP,fx_cross
GBPAUD,2024-10-15 00:00:00+00:00,short,3,2.4286342708333306,1,TP,fx_cross
CL,2024-10-15 00:00:00+00:00,long,1,-1.0009665306122448,147,SL,commodities
GBPAUD,2024-10-17 00:00:00+00:00,long,2,2.4741680550938017,9,TP,fx_cross
EURAUD,2024-10-18 00:00:00+00:00,long,1,2.449371108622622,2,TP,fx_cross
GBPUSD,2024-10-18 00:00:00+00:00,short,4,2.4725482193839223,11,TP,fx_major
EURUSD,2024-10-18 00:00:00+00:00,short,4,-1.0305340562248984,14,SL,fx_major
NZDCAD,2024-10-18 00:00:00+00:00,short,3,2.4828516374269003,23,TP,fx_cross
AUDCAD,2024-10-20 00:00:00+00:00,short,3,2.4737440485829962,7,TP,fx_cross
AUDUSD,2024-10-22 00:00:00+00:00,short,4,2.483319393398751,7,TP,fx_major
EURJPY,2024-10-23 00:00:00+00:00,short,4,2.494189339040665,110,TP,fx_cross
RTY,2024-10-23 00:00:00+00:00,long,2,2.4960074732695556,11,TP,indices
CADJPY,2024-10-23 00:00:00+00:00,short,4,2.4941822633667106,109,TP,fx_cross
USDCAD,2024-10-24 00:00:00+00:00,short,3,-1.0194521442885773,16,SL,fx_major
EURGBP,2024-10-24 00:00:00+00:00,long,2,-1.0231555555555554,15,SL,fx_cross
ES,2024-10-25 00:00:00+00:00,short,4,2.48001824933687,5,TP,indices
YM,2024-10-25 00:00:00+00:00,long,2,-1.0138736540429887,5,SL,indices
EURAUD,2024-10-28 00:00:00+00:00,short,4,-1.0374547882736154,1,SL,fx_cross
GBPNZD,2024-10-30 00:00:00+00:00,long,1,-1.0457643975903645,1,SL,fx_cross
EURAUD,2024-10-31 00:00:00+00:00,short,4,2.45830641509434,4,TP,fx_cross
NZDJPY,2024-11-01 00:00:00+00:00,short,4,-1.0119742105263156,5,SL,fx_cross
PA,2024-11-03 00:00:00+00:00,long,1,-1.0014959322033898,3,SL,metals
NZDCHF,2024-11-04 00:00:00+00:00,long,2,-1.0134925894932585,28,SL,fx_cross
EURNZD,2024-11-04 00:00:00+00:00,long,1,-1.0181233636850564,2,SL,fx_cross
HG,2024-11-06 00:00:00+00:00,long,1,-1.007019487179487,0,SAME_BAR_SL,metals
DAX,2024-11-06 00:00:00+00:00,short,4,-1.0042316791298436,18,SL,indices
EURUSD,2024-11-06 00:00:00+00:00,long,2,-1.016805940815187,4,SL,fx_major
YM,2024-11-06 00:00:00+00:00,short,4,-1.0109988498402556,0,SAME_BAR_SL,indices
USDJPY,2024-11-07 00:00:00+00:00,long,1,-1.0102921028598895,17,SL,fx_major
AUDCHF,2024-11-07 00:00:00+00:00,short,3,2.483776151168573,23,TP,fx_cross
GBPUSD,2024-11-07 00:00:00+00:00,short,4,2.4906437112867694,48,TP,fx_major
HG,2024-11-11 00:00:00+00:00,long,1,-1.0065990243902438,1,SL,metals
PA,2024-11-13 00:00:00+00:00,long,2,2.4983935483870967,68,TP,metals
NZDJPY,2024-11-13 00:00:00+00:00,short,3,2.4819186507378777,8,TP,fx_cross
AUDCAD,2024-11-14 00:00:00+00:00,long,1,-1.0225022695035457,17,SL,fx_cross
EURCAD,2024-11-14 00:00:00+00:00,long,2,-1.0502210449574716,0,SAME_BAR_SL,fx_cross
NG,2024-11-17 00:00:00+00:00,short,3,-1.0015019773095624,2,SL,commodities
AUDJPY,2024-11-19 00:00:00+00:00,short,3,-1.0277651080550099,1,SL,fx_cross
CHFJPY,2024-11-20 00:00:00+00:00,short,3,-1.086655070422529,0,SAME_BAR_SL,fx_cross
YM,2024-11-20 00:00:00+00:00,short,4,-1.0292212997903565,1,SL,indices
AUDNZD,2024-11-21 00:00:00+00:00,short,3,-1.0695637499999924,1,SL,fx_cross
USDCHF,2024-11-22 00:00:00+00:00,short,3,2.474353032786886,4,TP,fx_major
CHFJPY,2024-11-22 00:00:00+00:00,short,4,2.49163676864902,66,TP,fx_cross
GBPCAD,2024-11-25 00:00:00+00:00,short,4,-1.0296729496402877,1,SL,fx_cross
EURNZD,2024-11-25 00:00:00+00:00,short,4,-1.0286008899030237,0,SAME_BAR_SL,fx_cross
USDCAD,2024-11-25 00:00:00+00:00,short,3,-1.0386658419243973,0,SAME_BAR_SL,fx_major
NZDUSD,2024-11-26 00:00:00+00:00,short,4,-1.0186474885844752,0,SAME_BAR_SL,fx_major
EURNZD,2024-11-26 00:00:00+00:00,long,2,2.4894610596999267,26,TP,fx_cross
GBPAUD,2024-11-26 00:00:00+00:00,long,2,2.4767097374085236,5,TP,fx_cross
AUDUSD,2024-11-26 00:00:00+00:00,short,3,2.4855692307692308,13,TP,fx_major
GBPNZD,2024-11-27 00:00:00+00:00,short,3,-1.0175893739028672,6,SL,fx_cross
USDJPY,2024-11-29 00:00:00+00:00,long,2,-1.0376873447344739,3,SL,fx_major
NZDJPY,2024-12-03 00:00:00+00:00,short,4,-1.0161203777271246,11,SL,fx_cross
GBPJPY,2024-12-04 00:00:00+00:00,short,4,-1.0248806719552033,0,SAME_BAR_SL,fx_cross
NZDCHF,2024-12-08 00:00:00+00:00,long,2,-1.0032281611523746,101,SL,fx_cross
SI,2024-12-09 00:00:00+00:00,short,4,2.4975931242741,8,TP,metals
USDJPY,2024-12-09 00:00:00+00:00,short,4,-1.0127084412470027,4,SL,fx_major
AUDCHF,2024-12-10 00:00:00+00:00,long,2,-1.0499376228209154,0,SAME_BAR_SL,fx_cross
AUDCAD,2024-12-10 00:00:00+00:00,long,2,-1.0114500224921277,7,SL,fx_cross
EURAUD,2024-12-10 00:00:00+00:00,short,3,-1.0564566259168715,0,SAME_BAR_SL,fx_cross
USDCHF,2024-12-11 00:00:00+00:00,short,3,-1.0211865468549424,1,SL,fx_major
AUDJPY,2024-12-11 00:00:00+00:00,long,2,-1.0121990420244011,45,SL,fx_cross
ES,2024-12-11 00:00:00+00:00,short,3,-1.0147782922201138,4,SL,indices
NZDCAD,2024-12-11 00:00:00+00:00,long,2,-1.0257726126126132,6,SL,fx_cross
GBPAUD,2024-12-11 00:00:00+00:00,long,1,-1.0136323674566332,28,SL,fx_cross
NG,2024-12-16 00:00:00+00:00,long,2,2.498330980392157,3,TP,commodities
AUDNZD,2024-12-17 00:00:00+00:00,long,2,-1.02033090069284,79,SL,fx_cross
YM,2024-12-17 00:00:00+00:00,long,2,-1.0068656101118134,1,SL,indices
USDCHF,2024-12-18 00:00:00+00:00,short,3,-1.0442188214599828,0,SAME_BAR_SL,fx_major
HG,2024-12-18 00:00:00+00:00,long,2,-1.0064359024390244,1,SL,metals
NQ,2024-12-18 00:00:00+00:00,long,2,-1.0117842881646655,0,SAME_BAR_SL,indices
GBPCHF,2024-12-19 00:00:00+00:00,long,2,-1.066718139534885,0,SAME_BAR_SL,fx_cross
USDCHF,2024-12-20 00:00:00+00:00,long,1,2.4715244621513937,8,TP,fx_major
NG,2024-12-24 00:00:00+00:00,short,3,-1.0007817694369974,5,SL,commodities
EURNZD,2024-12-29 00:00:00+00:00,long,1,-1.015867725808925,4,SL,fx_cross
YM,2024-12-30 00:00:00+00:00,long,2,-1.0074068250539956,10,SL,indices
ES,2024-12-30 00:00:00+00:00,long,2,-1.00482536461636,10,SL,indices
USDJPY,2024-12-31 00:00:00+00:00,short,3,-1.0180588505747123,5,SL,fx_major
PL,2024-12-31 00:00:00+00:00,long,2,2.494330718446602,3,TP,metals
NG,2024-12-31 00:00:00+00:00,long,1,-1.00413212543554,0,SAME_BAR_SL,commodities
EURAUD,2025-01-01 00:00:00+00:00,long,1,-1.0262508059533837,1,SL,fx_cross
NZDUSD,2025-01-02 00:00:00+00:00,short,4,-1.014131261787158,3,SL,fx_major
SI,2025-01-02 00:00:00+00:00,short,4,-1.0122810256410253,1,SL,metals
GBPJPY,2025-01-02 00:00:00+00:00,long,1,-1.0145338428874733,6,SL,fx_cross
AUDCAD,2025-01-02 00:00:00+00:00,short,3,-1.0319356842775296,2,SL,fx_cross
USDCHF,2025-01-02 00:00:00+00:00,short,4,2.4504975193798413,3,TP,fx_major
NZDCAD,2025-01-02 00:00:00+00:00,short,4,-1.0138249572649574,15,SL,fx_cross
EURCAD,2025-01-03 00:00:00+00:00,short,4,-1.017163031301483,14,SL,fx_cross
EURGBP,2025-01-03 00:00:00+00:00,long,2,2.4694625115055886,5,TP,fx_cross
NZDJPY,2025-01-05 00:00:00+00:00,short,4,-1.0126446459500764,2,SL,fx_cross
EURUSD,2025-01-06 00:00:00+00:00,short,4,2.481590487033524,6,TP,fx_major
PL,2025-01-06 00:00:00+00:00,short,3,-1.007668,1,SL,metals
GBPCAD,2025-01-06 00:00:00+00:00,short,4,2.4703335217903413,2,TP,fx_cross
DAX,2025-01-06 00:00:00+00:00,short,4,-1.0113521541155868,1,SL,indices
GBPUSD,2025-01-06 00:00:00+00:00,short,4,-1.0522177049180328,0,SAME_BAR_SL,fx_major
SI,2025-01-06 00:00:00+00:00,short,4,-1.005550561797753,4,SL,metals
HG,2025-01-06 00:00:00+00:00,short,4,-1.0045158620689654,0,SAME_BAR_SL,metals
AUDCAD,2025-01-07 00:00:00+00:00,long,1,-1.0621322084367248,0,SAME_BAR_SL,fx_cross
AUDUSD,2025-01-07 00:00:00+00:00,long,1,-1.0191451152579578,2,SL,fx_major
NZDUSD,2025-01-08 00:00:00+00:00,long,1,-1.0580746863468684,0,SAME_BAR_SL,fx_major
NKD,2025-01-08 00:00:00+00:00,long,2,-1.0058163844393593,2,SL,indices
USDCHF,2025-01-08 00:00:00+00:00,long,1,-1.0110982926829268,16,SL,fx_major
GBPUSD,2025-01-08 00:00:00+00:00,long,1,-1.067161118611379,0,SAME_BAR_SL,fx_major
GBPUSD,2025-01-10 00:00:00+00:00,long,1,-1.034113846153845,2,SL,fx_major
NKD,2025-01-12 00:00:00+00:00,long,2,2.496477245337159,11,TP,indices
GBPJPY,2025-01-13 00:00:00+00:00,long,1,-1.023611604938272,0,SAME_BAR_SL,fx_cross
AUDCHF,2025-01-13 00:00:00+00:00,long,2,-1.0130533774834436,42,SL,fx_cross
GBPCAD,2025-01-13 00:00:00+00:00,long,2,-1.0513621711899783,0,SAME_BAR_SL,fx_cross
NZDJPY,2025-01-13 00:00:00+00:00,short,4,-1.066405790884715,1,SL,fx_cross
GBPNZD,2025-01-13 00:00:00+00:00,long,1,-1.0205727951564072,6,SL,fx_cross
SI,2025-01-14 00:00:00+00:00,long,1,2.4942438095238098,1,TP,metals
YM,2025-01-14 00:00:00+00:00,short,3,-1.0042741286695815,1,SL,indices
ES,2025-01-15 00:00:00+00:00,short,3,-1.0029210760953113,5,SL,indices
AUDCAD,2025-01-15 00:00:00+00:00,short,3,-1.0094053825857519,8,SL,fx_cross
RTY,2025-01-15 00:00:00+00:00,short,3,-1.002080648899189,5,SL,indices
NQ,2025-01-15 00:00:00+00:00,short,4,-1.0077530751708428,1,SL,indices
PL,2025-01-15 00:00:00+00:00,long,1,2.4919300266666666,5,TP,metals
NZDUSD,2025-01-17 00:00:00+00:00,long,2,2.476233719512194,2,TP,fx_major
USDCAD,2025-01-21 00:00:00+00:00,short,3,-1.0253578947368418,8,SL,fx_major
AUDUSD,2025-01-21 00:00:00+00:00,long,1,-1.0114981002638521,10,SL,fx_major
ES,2025-01-22 00:00:00+00:00,short,3,-1.0208254641909815,2,SL,indices
EURUSD,2025-01-24 00:00:00+00:00,short,3,2.4650402853745543,4,TP,fx_major
PL,2025-01-24 00:00:00+00:00,short,3,-1.0034761546961326,5,SL,metals
GBPUSD,2025-01-24 00:00:00+00:00,short,3,-1.0151908213820078,18,SL,fx_major
EURGBP,2025-01-26 00:00:00+00:00,long,1,-1.0458719688109155,2,SL,fx_cross
SI,2025-01-27 00:00:00+00:00,long,1,2.4942438095238098,2,TP,metals
NQ,2025-01-27 00:00:00+00:00,long,2,2.4961503044161786,15,TP,indices
GBPJPY,2025-01-27 00:00:00+00:00,long,1,-1.0200828518380989,3,SL,fx_cross
USDCHF,2025-01-28 00:00:00+00:00,short,4,-1.0183010101010104,4,SL,fx_major
GBPAUD,2025-01-28 00:00:00+00:00,short,4,-1.0147841928221428,5,SL,fx_cross
SI,2025-01-30 00:00:00+00:00,short,3,-1.0027756058588548,13,SL,metals
GBPCAD,2025-01-30 00:00:00+00:00,short,4,-1.0296664782096587,0,SAME_BAR_SL,fx_cross
EURCAD,2025-01-31 00:00:00+00:00,long,1,-1.0188025679892998,2,SL,fx_cross
USDCAD,2025-01-31 00:00:00+00:00,long,2,2.4801750098231827,1,TP,fx_major
GBPCAD,2025-01-31 00:00:00+00:00,long,1,-1.0267925139962675,3,SL,fx_cross
NZDUSD,2025-02-02 00:00:00+00:00,long,2,-1.023766280487806,1,SL,fx_major
EURUSD,2025-02-02 00:00:00+00:00,long,2,-1.0444403392444097,0,SAME_BAR_SL,fx_major
RTY,2025-02-03 00:00:00+00:00,short,3,2.4963054252642176,19,TP,indices
NZDCAD,2025-02-03 00:00:00+00:00,long,1,2.4870605818596694,36,TP,fx_cross
USDCAD,2025-02-03 00:00:00+00:00,long,2,-1.0083601808466913,2,SL,fx_major
AUDUSD,2025-02-03 00:00:00+00:00,short,4,-1.0130128742514972,2,SL,fx_major
GBPCHF,2025-02-04 00:00:00+00:00,long,1,-1.0173119037199125,2,SL,fx_cross
NZDUSD,2025-02-04 00:00:00+00:00,short,4,-1.0126348738486184,1,SL,fx_major
EURCAD,2025-02-04 00:00:00+00:00,long,1,-1.0236308564946115,3,SL,fx_cross
GBPAUD,2025-02-04 00:00:00+00:00,long,1,-1.0253764679211064,1,SL,fx_cross
AUDJPY,2025-02-05 00:00:00+00:00,long,1,-1.0132418632309215,17,SL,fx_cross
GBPNZD,2025-02-05 00:00:00+00:00,long,1,-1.0234835616438358,1,SL,fx_cross
EURGBP,2025-02-07 00:00:00+00:00,long,2,-1.0115750382621576,9,SL,fx_cross
NG,2025-02-13 00:00:00+00:00,short,3,-1.0006928971962616,5,SL,commodities
EURNZD,2025-02-14 00:00:00+00:00,long,2,-1.0275693003229278,5,SL,fx_cross
USDCAD,2025-02-14 00:00:00+00:00,long,1,2.480832911636891,11,TP,fx_major
GBPJPY,2025-02-21 00:00:00+00:00,long,1,2.4790651628276406,8,TP,fx_cross
AUDUSD,2025-02-24 00:00:00+00:00,long,2,-1.0288759090909094,2,SL,fx_major
GBPUSD,2025-02-24 00:00:00+00:00,short,3,2.4652051322233115,4,TP,fx_major
NZDUSD,2025-02-25 00:00:00+00:00,long,2,-1.0172348519116858,2,SL,fx_major
NKD,2025-02-26 00:00:00+00:00,short,4,2.4922937539432177,1,TP,indices
GBPCAD,2025-02-26 00:00:00+00:00,short,3,-1.0292614499424624,4,SL,fx_cross
PL,2025-02-27 00:00:00+00:00,long,2,-1.0052644102564103,1,SL,metals
ES,2025-02-27 00:00:00+00:00,long,1,-1.0078380041580042,3,SL,indices
EURGBP,2025-02-27 00:00:00+00:00,long,2,2.4782785171281088,6,TP,fx_cross
AUDCAD,2025-02-27 00:00:00+00:00,long,1,-1.0375366419019323,0,SAME_BAR_SL,fx_cross
RTY,2025-03-02 00:00:00+00:00,short,4,2.4964979919678716,2,TP,indices
DAX,2025-03-03 00:00:00+00:00,short,3,-1.0157304721030043,0,SAME_BAR_SL,indices
CADJPY,2025-03-03 00:00:00+00:00,short,4,2.479289083215797,1,TP,fx_cross
PL,2025-03-03 00:00:00+00:00,short,4,-1.002322936329588,8,SL,metals
USDJPY,2025-03-03 00:00:00+00:00,long,2,-1.0267942600896856,1,SL,fx_major
YM,2025-03-03 00:00:00+00:00,long,2,-1.004798244772026,0,SAME_BAR_SL,indices
AUDJPY,2025-03-03 00:00:00+00:00,short,4,2.4917939869281045,28,TP,fx_cross
DAX,2025-03-04 00:00:00+00:00,long,2,-1.0044986301369863,22,SL,indices
NQ,2025-03-04 00:00:00+00:00,long,2,-1.0064890895410084,3,SL,indices
ES,2025-03-04 00:00:00+00:00,long,1,-1.0087661757719715,3,SL,indices
CHFJPY,2025-03-04 00:00:00+00:00,short,4,-1.0295671563088509,11,SL,fx_cross
GBPUSD,2025-03-04 00:00:00+00:00,short,3,-1.0670031865042107,0,SAME_BAR_SL,fx_major
NZDJPY,2025-03-04 00:00:00+00:00,short,3,-1.0187396747322486,0,SAME_BAR_SL,fx_cross
USDCAD,2025-03-04 00:00:00+00:00,long,1,-1.0163616801292406,1,SL,fx_major
NZDJPY,2025-03-05 00:00:00+00:00,short,4,-1.0216313675601998,0,SAME_BAR_SL,fx_cross
GBPCHF,2025-03-05 00:00:00+00:00,short,4,2.470464117647058,2,TP,fx_cross
SI,2025-03-05 00:00:00+00:00,short,4,-1.0054259067357514,0,SAME_BAR_SL,metals
EURUSD,2025-03-06 00:00:00+00:00,short,4,-1.0118691079812205,24,SL,fx_major
GBPNZD,2025-03-06 00:00:00+00:00,long,1,-1.0570524750680017,0,SAME_BAR_SL,fx_cross
USDCHF,2025-03-06 00:00:00+00:00,long,1,-1.0384520279720282,1,SL,fx_major
GBPNZD,2025-03-07 00:00:00+00:00,short,3,-1.0274784194528883,4,SL,fx_cross
AUDCHF,2025-03-07 00:00:00+00:00,long,2,-1.0110997936677337,3,SL,fx_cross
GBPJPY,2025-03-07 00:00:00+00:00,long,1,2.485614535607907,9,TP,fx_cross
AUDCAD,2025-03-07 00:00:00+00:00,long,2,-1.014660591990714,22,SL,fx_cross
NQ,2025-03-10 00:00:00+00:00,long,1,-1.0028753385683395,0,SAME_BAR_SL,indices
USDCAD,2025-03-10 00:00:00+00:00,short,3,2.4860994356503783,21,TP,fx_major
NG,2025-03-11 00:00:00+00:00,long,2,-1.0010385261606485,1,SL,commodities
PA,2025-03-14 00:00:00+00:00,short,4,-1.0072183908045977,0,SAME_BAR_SL,metals
EURNZD,2025-03-17 00:00:00+00:00,long,1,-1.02754261550509,0,SAME_BAR_SL,fx_cross
CADJPY,2025-03-18 00:00:00+00:00,short,4,-1.020710916784203,7,SL,fx_cross
ES,2025-03-19 00:00:00+00:00,short,4,-1.0092949494949495,4,SL,indices
HG,2025-03-19 00:00:00+00:00,short,3,-1.0027085333333334,5,SL,metals
NQ,2025-03-19 00:00:00+00:00,short,4,2.4916114583333333,2,TP,indices
NZDUSD,2025-03-20 00:00:00+00:00,long,1,-1.081154861460952,0,SAME_BAR_SL,fx_major
NZDJPY,2025-03-20 00:00:00+00:00,long,1,-1.0405954953429304,0,SAME_BAR_SL,fx_cross
USDJPY,2025-03-21 00:00:00+00:00,short,3,-1.0241051612903227,2,SL,fx_major
NQ,2025-03-23 00:00:00+00:00,short,4,-1.0083885416666667,1,SL,indices
YM,2025-03-24 00:00:00+00:00,short,4,2.4947415017327685,9,TP,indices
GBPCAD,2025-03-24 00:00:00+00:00,long,1,-1.0144069182565103,11,SL,fx_cross
PL,2025-03-24 00:00:00+00:00,long,2,2.4955319712230217,6,TP,metals
EURAUD,2025-03-26 00:00:00+00:00,long,1,2.4837801356852105,7,TP,fx_cross
HG,2025-03-27 00:00:00+00:00,long,1,-1.0032185098039217,3,SL,metals
NG,2025-03-27 00:00:00+00:00,long,2,-1.006143350253807,0,SAME_BAR_SL,commodities
GBPNZD,2025-03-27 00:00:00+00:00,short,3,-1.0500412984956429,1,SL,fx_cross
GBPAUD,2025-03-27 00:00:00+00:00,short,3,-1.0158037764932561,3,SL,fx_cross
GBPJPY,2025-03-28 00:00:00+00:00,long,2,-1.0276391869918704,1,SL,fx_cross
AUDNZD,2025-03-28 00:00:00+00:00,short,4,-1.138136681614325,1,SL,fx_cross
SI,2025-03-31 00:00:00+00:00,long,1,-1.0078246263345194,2,SL,metals
AUDUSD,2025-03-31 00:00:00+00:00,long,2,-1.0107996051819865,4,SL,fx_major
PL,2025-04-01 00:00:00+00:00,long,1,-1.003207960199005,2,SL,metals
ES,2025-04-02 00:00:00+00:00,short,4,2.4912779097387174,1,TP,indices
GBPAUD,2025-04-02 00:00:00+00:00,short,3,-1.0139206368351221,0,SAME_BAR_SL,fx_cross
RTY,2025-04-02 00:00:00+00:00,short,3,2.4970335558522474,1,TP,indices
EURGBP,2025-04-02 00:00:00+00:00,long,2,2.4705240857503155,1,TP,fx_cross
USDCHF,2025-04-02 00:00:00+00:00,long,2,-1.0476260465116294,1,SL,fx_major
GBPNZD,2025-04-02 00:00:00+00:00,short,3,-1.0186739568345327,2,SL,fx_cross
NQ,2025-04-03 00:00:00+00:00,long,1,-1.0051892918825562,1,SL,indices
CADJPY,2025-04-03 00:00:00+00:00,short,4,-1.0081058947954356,33,SL,fx_cross
NZDUSD,2025-04-03 00:00:00+00:00,short,4,2.488551023842917,1,TP,fx_major
CHFJPY,2025-04-04 00:00:00+00:00,long,2,2.489293198289444,5,TP,fx_cross
USDCHF,2025-04-04 00:00:00+00:00,long,1,-1.0328610468319568,0,SAME_BAR_SL,fx_major
RTY,2025-04-04 00:00:00+00:00,long,1,-1.0044432746748277,1,SL,indices
HG,2025-04-04 00:00:00+00:00,long,2,-1.004189257142857,0,SAME_BAR_SL,metals
GBPUSD,2025-04-04 00:00:00+00:00,long,1,-1.017803247485896,0,SAME_BAR_SL,fx_major
AUDNZD,2025-04-04 00:00:00+00:00,long,1,-1.0359336109458646,1,SL,fx_cross
GBPJPY,2025-04-06 00:00:00+00:00,long,2,2.4925295695695695,31,TP,fx_cross
PA,2025-04-06 00:00:00+00:00,long,2,-1.0475333333333334,0,SAME_BAR_SL,metals
EURCAD,2025-04-06 00:00:00+00:00,long,2,2.4872442253521125,13,TP,fx_cross
SI,2025-04-06 00:00:00+00:00,long,2,-1.0019414225941423,0,SAME_BAR_SL,metals
HG,2025-04-06 00:00:00+00:00,long,1,2.49480896,1,TP,metals
NKD,2025-04-06 00:00:00+00:00,long,2,2.49416118694362,1,TP,indices
NQ,2025-04-06 00:00:00+00:00,long,2,2.4922689548954895,1,TP,indices
DAX,2025-04-07 00:00:00+00:00,long,1,-1.0038000463499421,0,SAME_BAR_SL,indices
GBPNZD,2025-04-07 00:00:00+00:00,long,2,-1.0102972823538923,4,SL,fx_cross
GBPCAD,2025-04-07 00:00:00+00:00,long,1,-1.0212543119266055,0,SAME_BAR_SL,fx_cross
NG,2025-04-07 00:00:00+00:00,long,1,-1.003389941520468,1,SL,commodities
NZDCHF,2025-04-08 00:00:00+00:00,long,2,-1.0075348465221063,0,SAME_BAR_SL,fx_cross
USDJPY,2025-04-08 00:00:00+00:00,long,2,-1.0066550016165536,2,SL,fx_major
AUDJPY,2025-04-08 00:00:00+00:00,long,2,2.4929478348439074,15,TP,fx_cross
USDCHF,2025-04-08 00:00:00+00:00,long,2,-1.0061051133341776,1,SL,fx_major
EURAUD,2025-04-08 00:00:00+00:00,short,3,-1.00772184344393,0,SAME_BAR_SL,fx_cross
GBPAUD,2025-04-08 00:00:00+00:00,short,3,2.490880456933973,22,TP,fx_cross
NZDJPY,2025-04-08 00:00:00+00:00,long,2,-1.0107810626185956,0,SAME_BAR_SL,fx_cross
CADCHF,2025-04-08 00:00:00+00:00,long,2,-1.0041382751937984,1,SL,fx_cross
RTY,2025-04-08 00:00:00+00:00,long,2,2.4983875148430874,19,TP,indices
YM,2025-04-08 00:00:00+00:00,long,2,2.4977099715747584,1,TP,indices
ES,2025-04-08 00:00:00+00:00,long,2,2.4981748519362186,14,TP,indices
AUDCHF,2025-04-08 00:00:00+00:00,long,2,-1.0091689285714285,0,SAME_BAR_SL,fx_cross
GBPCHF,2025-04-08 00:00:00+00:00,long,2,-1.0213545098039212,0,SAME_BAR_SL,fx_cross
GBPCHF,2025-04-09 00:00:00+00:00,short,4,-1.0064334089953761,29,SL,fx_cross
AUDCHF,2025-04-09 00:00:00+00:00,short,4,-1.0032414921998642,14,SL,fx_cross
GBPCAD,2025-04-09 00:00:00+00:00,long,1,2.475735668912415,4,TP,fx_cross
NZDCHF,2025-04-09 00:00:00+00:00,short,4,-1.0039107574417918,7,SL,fx_cross
CL,2025-04-09 00:00:00+00:00,short,4,-1.0011552057245081,11,SL,commodities
AUDNZD,2025-04-10 00:00:00+00:00,long,1,-1.0161281789137384,1,SL,fx_cross
USDCAD,2025-04-10 00:00:00+00:00,long,2,-1.0294677606322906,0,SAME_BAR_SL,fx_major
DAX,2025-04-10 00:00:00+00:00,long,2,2.499027789725209,61,TP,indices
GBPUSD,2025-04-10 00:00:00+00:00,short,3,-1.0086542799573308,4,SL,fx_major
EURAUD,2025-04-10 00:00:00+00:00,short,3,2.494871443699259,252,TP,fx_cross
EURNZD,2025-04-10 00:00:00+00:00,short,3,2.4919837052081824,22,TP,fx_cross
EURGBP,2025-04-10 00:00:00+00:00,short,4,-1.0673219417475712,0,SAME_BAR_SL,fx_cross
EURGBP,2025-04-14 00:00:00+00:00,long,1,-1.0122340650406505,12,SL,fx_cross
GBPCAD,2025-04-15 00:00:00+00:00,short,4,-1.0103606218453463,11,SL,fx_cross
NZDJPY,2025-04-15 00:00:00+00:00,short,3,-1.0041963746009224,24,SL,fx_cross
USDJPY,2025-04-16 00:00:00+00:00,long,2,2.492387825753214,22,TP,fx_major
NZDCAD,2025-04-21 00:00:00+00:00,short,3,2.4747981798483214,8,TP,fx_cross
GBPUSD,2025-04-21 00:00:00+00:00,short,3,-1.0263926401127945,6,SL,fx_major
NG,2025-04-22 00:00:00+00:00,long,2,2.499339361997226,48,TP,commodities
CHFJPY,2025-04-23 00:00:00+00:00,long,1,2.485337285150319,42,TP,fx_cross
NKD,2025-04-24 00:00:00+00:00,short,4,-1.0026675379229872,6,SL,indices
PL,2025-04-29 00:00:00+00:00,long,1,2.496613881081081,18,TP,metals
GBPUSD,2025-04-30 00:00:00+00:00,long,1,-1.0108342824074072,10,SL,fx_major
GBPCAD,2025-04-30 00:00:00+00:00,long,2,-1.0203410824640817,1,SL,fx_cross
GBPNZD,2025-05-02 00:00:00+00:00,long,2,2.4833531878658865,89,TP,fx_cross
EURJPY,2025-05-06 00:00:00+00:00,long,2,-1.0397276640419977,0,SAME_BAR_SL,fx_cross
NZDUSD,2025-05-07 00:00:00+00:00,long,2,-1.011767118644068,2,SL,fx_major
USDCAD,2025-05-07 00:00:00+00:00,short,3,-1.032922607584149,1,SL,fx_major
NZDCHF,2025-05-07 00:00:00+00:00,long,2,-1.007438146052277,40,SL,fx_cross
AUDNZD,2025-05-08 00:00:00+00:00,short,3,-1.0569025140712962,1,SL,fx_cross
USDCHF,2025-05-09 00:00:00+00:00,long,1,-1.0071898224486646,29,SL,fx_major
NQ,2025-05-12 00:00:00+00:00,short,3,-1.006963472835976,1,SL,indices
RTY,2025-05-12 00:00:00+00:00,short,3,-1.0029664441477526,0,SAME_BAR_SL,indices
SI,2025-05-12 00:00:00+00:00,long,2,-1.0164038095238088,0,SAME_BAR_SL,metals
PA,2025-05-12 00:00:00+00:00,long,1,2.4968869035532997,7,TP,metals
AUDUSD,2025-05-13 00:00:00+00:00,short,4,-1.0098229104887426,1,SL,fx_major
CADCHF,2025-05-13 00:00:00+00:00,long,2,-1.008818532494759,27,SL,fx_cross
NZDUSD,2025-05-13 00:00:00+00:00,short,4,-1.0131581013163145,1,SL,fx_major
GBPUSD,2025-05-13 00:00:00+00:00,short,3,-1.0441660879904873,0,SAME_BAR_SL,fx_major
USDJPY,2025-05-14 00:00:00+00:00,long,1,-1.0119136903376018,5,SL,fx_major
AUDJPY,2025-05-14 00:00:00+00:00,long,2,2.4946985051805655,126,TP,fx_cross
NZDJPY,2025-05-14 00:00:00+00:00,long,2,-1.0081798145338055,1,SL,fx_cross
AUDCHF,2025-05-15 00:00:00+00:00,long,2,-1.0070374555659494,24,SL,fx_cross
NKD,2025-05-21 00:00:00+00:00,long,2,-1.006926783625731,2,SL,indices
EURUSD,2025-05-21 00:00:00+00:00,short,3,-1.0182132873166523,3,SL,fx_major
PL,2025-05-22 00:00:00+00:00,short,3,2.493264615384615,7,TP,metals
NQ,2025-05-22 00:00:00+00:00,short,3,-1.0047342420027816,5,SL,indices
RTY,2025-05-27 00:00:00+00:00,short,4,-1.0038899475829937,2,SL,indices
HG,2025-05-28 00:00:00+00:00,long,1,2.497605737051793,25,TP,metals
USDCAD,2025-05-28 00:00:00+00:00,short,4,2.474958398450113,6,TP,fx_major
EURGBP,2025-05-29 00:00:00+00:00,short,3,-1.0248715611814343,10,SL,fx_cross
NKD,2025-05-30 00:00:00+00:00,long,1,2.485195061728395,6,TP,indices
NZDJPY,2025-05-30 00:00:00+00:00,long,1,2.482060328849028,8,TP,fx_cross
USDJPY,2025-06-02 00:00:00+00:00,long,2,2.466336728499156,1,TP,fx_major
SI,2025-06-02 00:00:00+00:00,short,4,-1.0019909489051095,3,SL,metals
GBPJPY,2025-06-02 00:00:00+00:00,long,1,-1.0728731090174972,0,SAME_BAR_SL,fx_cross
NZDUSD,2025-06-05 00:00:00+00:00,short,3,2.444893095623987,1,TP,fx_major
CADJPY,2025-06-06 00:00:00+00:00,short,3,-1.0412145961002774,3,SL,fx_cross
PA,2025-06-06 00:00:00+00:00,short,3,-1.0035175,2,SL,metals
GBPAUD,2025-06-11 00:00:00+00:00,short,4,-1.0227155052672645,1,SL,fx_cross
GBPUSD,2025-06-11 00:00:00+00:00,short,4,-1.0274241853729185,1,SL,fx_major
NKD,2025-06-13 00:00:00+00:00,short,3,-1.004000522875817,4,SL,indices
GBPJPY,2025-06-13 00:00:00+00:00,short,3,-1.0233639265898424,2,SL,fx_cross
PL,2025-06-13 00:00:00+00:00,long,1,2.498057576642336,10,TP,metals
CL,2025-06-16 00:00:00+00:00,short,3,2.4989512544802865,100,TP,commodities
NQ,2025-06-16 00:00:00+00:00,short,4,2.485249198751301,2,TP,indices
USDCAD,2025-06-17 00:00:00+00:00,short,3,-1.0232061146496818,2,SL,fx_major
NZDUSD,2025-06-17 00:00:00+00:00,long,1,-1.011240278422274,2,SL,fx_major
AUDCAD,2025-06-18 00:00:00+00:00,short,4,-1.017916772334294,7,SL,fx_cross
GBPAUD,2025-06-18 00:00:00+00:00,long,2,2.4802327471775567,4,TP,fx_cross
EURNZD,2025-06-20 00:00:00+00:00,long,1,2.4888812147505424,52,TP,fx_cross
GBPUSD,2025-06-23 00:00:00+00:00,short,3,-1.0180125356125358,2,SL,fx_major
CHFJPY,2025-06-23 00:00:00+00:00,short,3,-1.0548092374727664,0,SAME_BAR_SL,fx_cross
NQ,2025-06-24 00:00:00+00:00,short,3,-1.013924678362573,1,SL,indices
ES,2025-06-24 00:00:00+00:00,short,3,-1.0118588519637461,2,SL,indices
NKD,2025-06-24 00:00:00+00:00,long,1,2.4969578457772337,25,TP,indices
YM,2025-06-24 00:00:00+00:00,short,3,-1.003316064160881,4,SL,indices
USDCAD,2025-06-27 00:00:00+00:00,short,3,-1.0180813939251234,28,SL,fx_major
YM,2025-07-01 00:00:00+00:00,short,4,-1.0247592374350087,0,SAME_BAR_SL,indices
RTY,2025-07-03 00:00:00+00:00,short,4,-1.006291388888889,17,SL,indices
CADCHF,2025-07-03 00:00:00+00:00,short,4,-1.0245486227544902,23,SL,fx_cross
GBPAUD,2025-07-07 00:00:00+00:00,short,4,-1.0422079538072913,0,SAME_BAR_SL,fx_cross
PL,2025-07-07 00:00:00+00:00,long,2,2.4968030476190477,4,TP,metals
EURJPY,2025-07-08 00:00:00+00:00,short,4,-1.0140946986541837,16,SL,fx_cross
HG,2025-07-08 00:00:00+00:00,short,3,-1.0032095384615385,0,SAME_BAR_SL,metals
YM,2025-07-10 00:00:00+00:00,short,4,2.4868389743589745,4,TP,indices
PA,2025-07-11 00:00:00+00:00,short,3,-1.0021546961325967,0,SAME_BAR_SL,metals
GBPCAD,2025-07-11 00:00:00+00:00,long,1,-1.0475413235294109,2,SL,fx_cross
NZDCHF,2025-07-14 00:00:00+00:00,long,2,-1.0265771769383694,2,SL,fx_cross
GBPUSD,2025-07-14 00:00:00+00:00,long,2,-1.0283992142047593,12,SL,fx_major
USDCHF,2025-07-16 00:00:00+00:00,long,1,-1.0392876693051911,0,SAME_BAR_SL,fx_major
EURUSD,2025-07-16 00:00:00+00:00,short,3,-1.0483389349112402,0,SAME_BAR_SL,fx_major
EURCAD,2025-07-16 00:00:00+00:00,short,4,-1.04011241595697,0,SAME_BAR_SL,fx_cross
AUDCHF,2025-07-17 00:00:00+00:00,long,2,2.481922532588454,48,TP,fx_cross
SI,2025-07-21 00:00:00+00:00,short,3,-1.0052551260504201,1,SL,metals
GBPJPY,2025-07-22 00:00:00+00:00,long,1,-1.027083661282427,9,SL,fx_cross
EURJPY,2025-07-28 00:00:00+00:00,long,1,-1.0179306052729302,1,SL,fx_cross
EURUSD,2025-07-28 00:00:00+00:00,long,2,-1.0175475215517242,1,SL,fx_major
GBPCHF,2025-07-28 00:00:00+00:00,short,4,-1.0213277272727281,2,SL,fx_cross
DAX,2025-07-29 00:00:00+00:00,short,4,2.4944945762711863,3,TP,indices
GBPAUD,2025-07-29 00:00:00+00:00,long,2,2.462276330154554,12,TP,fx_cross
NZDUSD,2025-07-29 00:00:00+00:00,long,2,-1.0289829166666666,1,SL,fx_major
HG,2025-07-30 00:00:00+00:00,long,1,-1.0036063085714286,0,SAME_BAR_SL,metals
AUDCAD,2025-07-30 00:00:00+00:00,long,2,2.483959525793015,35,TP,fx_cross
EURUSD,2025-07-30 00:00:00+00:00,long,1,2.4758267019267093,2,TP,fx_major
SI,2025-07-30 00:00:00+00:00,long,1,2.4972352148664343,26,TP,metals
NZDCAD,2025-07-30 00:00:00+00:00,long,2,-1.0267340268848624,5,SL,fx_cross
NG,2025-07-31 00:00:00+00:00,short,4,2.498163426443203,16,TP,commodities
NQ,2025-07-31 00:00:00+00:00,long,1,-1.0061476295389638,0,SAME_BAR_SL,indices
EURJPY,2025-07-31 00:00:00+00:00,long,1,-1.0446463670412016,0,SAME_BAR_SL,fx_cross
NKD,2025-08-01 00:00:00+00:00,long,1,2.496847684729064,8,TP,indices
CADJPY,2025-08-01 00:00:00+00:00,long,2,-1.018406037735849,0,SAME_BAR_SL,fx_cross
NZDJPY,2025-08-01 00:00:00+00:00,long,2,-1.0195152050473182,0,SAME_BAR_SL,fx_cross
GBPCHF,2025-08-01 00:00:00+00:00,long,2,-1.085435549215415,0,SAME_BAR_SL,fx_cross
USDCAD,2025-08-04 00:00:00+00:00,long,1,-1.045965080500894,3,SL,fx_major
CADCHF,2025-08-04 00:00:00+00:00,short,3,-1.0298422524977289,6,SL,fx_cross
GBPUSD,2025-08-06 00:00:00+00:00,short,4,-1.0356338388173594,1,SL,fx_major
NZDCHF,2025-08-06 00:00:00+00:00,short,4,2.484523812824957,36,TP,fx_cross
ES,2025-08-07 00:00:00+00:00,short,3,-1.0063942589703587,5,SL,indices
EURGBP,2025-08-11 00:00:00+00:00,long,2,-1.024273026052104,3,SL,fx_cross
USDCHF,2025-08-11 00:00:00+00:00,short,3,2.4791893552812065,16,TP,fx_major
RTY,2025-08-12 00:00:00+00:00,short,4,-1.006043909774436,0,SAME_BAR_SL,indices
NZDCAD,2025-08-13 00:00:00+00:00,short,3,2.4758494858342077,6,TP,fx_cross
YM,2025-08-13 00:00:00+00:00,short,4,-1.0071122067594434,1,SL,indices
EURCAD,2025-08-13 00:00:00+00:00,short,3,-1.092880411946446,0,SAME_BAR_SL,fx_cross
GBPCHF,2025-08-14 00:00:00+00:00,short,4,2.4390468389661986,4,TP,fx_cross
GBPAUD,2025-08-19 00:00:00+00:00,short,3,2.480148827726809,13,TP,fx_cross
PA,2025-08-19 00:00:00+00:00,long,1,2.498529140461216,21,TP,metals
CADCHF,2025-08-20 00:00:00+00:00,long,2,-1.0821616161616214,0,SAME_BAR_SL,fx_cross
GBPNZD,2025-08-20 00:00:00+00:00,short,3,-1.009004624633021,47,SL,fx_cross
AUDNZD,2025-08-20 00:00:00+00:00,short,4,-1.0466827149321274,5,SL,fx_cross
USDCAD,2025-08-22 00:00:00+00:00,long,1,-1.0412347362812981,5,SL,fx_major
EURUSD,2025-08-22 00:00:00+00:00,short,3,2.472911644004945,4,TP,fx_major
RTY,2025-08-22 00:00:00+00:00,short,4,-1.0037880121089808,5,SL,indices
GBPUSD,2025-08-24 00:00:00+00:00,long,2,-1.0133329760225667,8,SL,fx_major
EURCAD,2025-08-25 00:00:00+00:00,long,2,-1.0213208855393314,2,SL,fx_cross
NZDUSD,2025-08-27 00:00:00+00:00,long,2,2.471444903677759,2,TP,fx_major
NG,2025-08-27 00:00:00+00:00,short,3,-1.0031375342465754,1,SL,commodities
CADCHF,2025-08-28 00:00:00+00:00,short,4,2.4802365112053297,16,TP,fx_cross
GBPCAD,2025-08-29 00:00:00+00:00,long,1,-1.0326859161147899,3,SL,fx_cross
EURJPY,2025-08-31 00:00:00+00:00,short,3,-1.0380177287066237,2,SL,fx_cross
PL,2025-09-01 00:00:00+00:00,short,4,-1.0018024333996023,19,SL,metals
ES,2025-09-03 00:00:00+00:00,short,4,-1.0179206926406927,1,SL,indices
NZDCAD,2025-09-03 00:00:00+00:00,short,3,-1.0600755555555537,2,SL,fx_cross
AUDUSD,2025-09-03 00:00:00+00:00,short,3,-1.0285420904836202,2,SL,fx_major
YM,2025-09-04 00:00:00+00:00,short,3,-1.0134190984360625,6,SL,indices
HG,2025-09-04 00:00:00+00:00,long,1,-1.0051632280701754,2,SL,metals
EURGBP,2025-09-04 00:00:00+00:00,long,1,2.4701443542435424,46,TP,fx_cross
GBPAUD,2025-09-04 00:00:00+00:00,short,4,2.471606925725528,6,TP,fx_cross
CADJPY,2025-09-04 00:00:00+00:00,long,1,-1.0287876510067113,1,SL,fx_cross
CHFJPY,2025-09-04 00:00:00+00:00,long,1,2.437026014669925,2,TP,fx_cross
GBPCHF,2025-09-04 00:00:00+00:00,short,3,2.4682909890109883,14,TP,fx_cross
NZDUSD,2025-09-04 00:00:00+00:00,short,3,-1.023427263681593,3,SL,fx_major
EURUSD,2025-09-05 00:00:00+00:00,short,3,-1.0270883559950552,9,SL,fx_major
EURCAD,2025-09-05 00:00:00+00:00,short,3,-1.0550514702308615,0,SAME_BAR_SL,fx_cross
USDCHF,2025-09-05 00:00:00+00:00,long,1,-1.0486308396946582,2,SL,fx_major
USDJPY,2025-09-05 00:00:00+00:00,long,2,-1.029763232323233,3,SL,fx_major
NKD,2025-09-07 00:00:00+00:00,short,3,-1.0102776470588235,1,SL,indices
AUDUSD,2025-09-07 00:00:00+00:00,long,1,2.4843415200683174,9,TP,fx_major
NZDJPY,2025-09-08 00:00:00+00:00,short,3,-1.0361022418879042,0,SAME_BAR_SL,fx_cross
EURJPY,2025-09-09 00:00:00+00:00,long,2,-1.057396346381968,0,SAME_BAR_SL,fx_cross
EURJPY,2025-09-10 00:00:00+00:00,short,4,-1.0141340198946753,7,SL,fx_cross
NZDUSD,2025-09-12 00:00:00+00:00,long,1,-1.0212514103382258,5,SL,fx_major
CHFJPY,2025-09-15 00:00:00+00:00,short,3,-1.0316241509433968,1,SL,fx_cross
SI,2025-09-17 00:00:00+00:00,long,2,2.4929919160104985,2,TP,metals
GBPUSD,2025-09-17 00:00:00+00:00,short,3,2.484736598964556,7,TP,fx_major
DAX,2025-09-18 00:00:00+00:00,short,3,-1.009294705882353,1,SL,indices
EURCAD,2025-09-18 00:00:00+00:00,long,2,-1.0307358865248228,1,SL,fx_cross
USDJPY,2025-09-18 00:00:00+00:00,short,3,-1.0465925056433396,0,SAME_BAR_SL,fx_major
AUDUSD,2025-09-18 00:00:00+00:00,long,1,-1.0232596984924631,6,SL,fx_major
GBPJPY,2025-09-23 00:00:00+00:00,short,4,-1.0166200950118762,11,SL,fx_cross
NZDUSD,2025-09-24 00:00:00+00:00,long,2,-1.0285550963222412,1,SL,fx_major
EURUSD,2025-09-25 00:00:00+00:00,long,2,-1.02462479638009,12,SL,fx_major
RTY,2025-09-25 00:00:00+00:00,long,2,2.4952529411764703,16,TP,indices
YM,2025-09-25 00:00:00+00:00,long,1,2.486388077276909,7,TP,indices
CADJPY,2025-09-25 00:00:00+00:00,short,3,2.459576742934051,4,TP,fx_cross
PA,2025-09-26 00:00:00+00:00,short,3,-1.0034214876033059,1,SL,metals
GBPCAD,2025-09-26 00:00:00+00:00,short,3,-1.0628191596638625,2,SL,fx_cross
GBPAUD,2025-09-26 00:00:00+00:00,short,4,-1.0248420668693006,12,SL,fx_cross
ES,2025-09-26 00:00:00+00:00,short,4,-1.0164352490421455,2,SL,indices
NQ,2025-09-28 00:00:00+00:00,short,4,-1.012191606456572,1,SL,indices
DAX,2025-09-30 00:00:00+00:00,short,4,-1.0182738242280285,1,SL,indices
CHFJPY,2025-09-30 00:00:00+00:00,short,3,-1.0177348555895347,4,SL,fx_cross
AUDUSD,2025-09-30 00:00:00+00:00,short,4,2.483520429146178,12,TP,fx_major
PA,2025-09-30 00:00:00+00:00,long,1,2.498012736318408,6,TP,metals
USDJPY,2025-10-01 00:00:00+00:00,long,2,2.488607078371642,5,TP,fx_major
GBPCHF,2025-10-02 00:00:00+00:00,long,1,-1.0349696503496528,7,SL,fx_cross
SI,2025-10-03 00:00:00+00:00,short,3,-1.003869500640205,0,SAME_BAR_SL,metals
EURJPY,2025-10-05 00:00:00+00:00,short,3,-1.1045967521367608,0,SAME_BAR_SL,fx_cross
NZDCHF,2025-10-08 00:00:00+00:00,long,2,-1.0219220321761222,0,SAME_BAR_SL,fx_cross
NZDCAD,2025-10-08 00:00:00+00:00,long,2,-1.0235813778705638,0,SAME_BAR_SL,fx_cross
GBPJPY,2025-10-08 00:00:00+00:00,short,4,2.482958408551069,8,TP,fx_cross
EURCAD,2025-10-09 00:00:00+00:00,long,2,2.369775862068971,1,TP,fx_cross
AUDCHF,2025-10-09 00:00:00+00:00,short,3,2.4659808036739372,1,TP,fx_cross
GBPCAD,2025-10-10 00:00:00+00:00,long,2,2.3755982775119704,1,TP,fx_cross
NQ,2025-10-10 00:00:00+00:00,long,1,-1.0085014503612524,0,SAME_BAR_SL,indices
HG,2025-10-10 00:00:00+00:00,long,1,-1.0045385142857142,0,SAME_BAR_SL,metals
ES,2025-10-10 00:00:00+00:00,long,1,-1.027043076923077,0,SAME_BAR_SL,indices
AUDNZD,2025-10-10 00:00:00+00:00,long,2,-1.03994408548083,4,SL,fx_cross
HG,2025-10-12 00:00:00+00:00,short,4,-1.0014698132118451,42,SL,metals
CADCHF,2025-10-13 00:00:00+00:00,short,3,2.470935696202533,2,TP,fx_cross
GBPCHF,2025-10-13 00:00:00+00:00,short,3,2.443126060606055,1,TP,fx_cross
EURJPY,2025-10-14 00:00:00+00:00,long,1,2.4714077299185093,9,TP,fx_cross
NKD,2025-10-15 00:00:00+00:00,short,3,-1.00464023988006,4,SL,indices
ES,2025-10-15 00:00:00+00:00,short,3,-1.0105984634448575,0,SAME_BAR_SL,indices
EURUSD,2025-10-15 00:00:00+00:00,short,4,-1.1039206379585365,0,SAME_BAR_SL,fx_major
AUDUSD,2025-10-15 00:00:00+00:00,short,4,-1.0252566990291272,9,SL,fx_major
NQ,2025-10-15 00:00:00+00:00,short,3,-1.0082580269989616,0,SAME_BAR_SL,indices
GBPAUD,2025-10-15 00:00:00+00:00,long,1,2.4763805672009873,2,TP,fx_cross
GBPUSD,2025-10-15 00:00:00+00:00,short,4,-1.0499906258322214,1,SL,fx_major
AUDJPY,2025-10-17 00:00:00+00:00,long,2,2.4744575577557755,1,TP,fx_cross
NQ,2025-10-20 00:00:00+00:00,short,3,2.471732310374891,2,TP,indices
RTY,2025-10-20 00:00:00+00:00,short,3,-1.0020905207785376,44,SL,indices
GBPAUD,2025-10-22 00:00:00+00:00,long,1,-1.0236194327990127,3,SL,fx_cross
GBPNZD,2025-10-22 00:00:00+00:00,long,1,-1.0296693662777403,5,SL,fx_cross
CL,2025-10-22 00:00:00+00:00,short,4,-1.0047250377833752,0,SAME_BAR_SL,commodities
PA,2025-10-22 00:00:00+00:00,short,4,2.4980622937625756,24,TP,metals
GBPCAD,2025-10-22 00:00:00+00:00,long,1,-1.0244066666666662,4,SL,fx_cross
CL,2025-10-23 00:00:00+00:00,short,3,2.4970680952380953,28,TP,commodities
USDJPY,2025-10-23 00:00:00+00:00,short,3,-1.029263353867214,6,SL,fx_major
PL,2025-10-23 00:00:00+00:00,short,4,-1.0020290509803922,31,SL,metals
ES,2025-10-24 00:00:00+00:00,short,3,-1.0246972727272727,0,SAME_BAR_SL,indices
NG,2025-10-27 00:00:00+00:00,short,3,-1.0016494152923539,1,SL,commodities
USDCAD,2025-10-28 00:00:00+00:00,long,2,-1.0545960893854727,1,SL,fx_major
CADCHF,2025-10-29 00:00:00+00:00,short,3,2.470935696202533,13,TP,fx_cross
AUDJPY,2025-10-29 00:00:00+00:00,short,3,-1.0209334921816826,1,SL,fx_cross
EURNZD,2025-10-29 00:00:00+00:00,long,2,2.4787952852570134,7,TP,fx_cross
GBPNZD,2025-10-29 00:00:00+00:00,long,1,2.4660740520446103,4,TP,fx_cross
NZDUSD,2025-10-29 00:00:00+00:00,short,4,2.4605574695863752,1,TP,fx_major
USDCAD,2025-10-30 00:00:00+00:00,short,4,-1.0638208312958388,0,SAME_BAR_SL,fx_major
NQ,2025-10-31 00:00:00+00:00,short,3,2.4908617864923746,3,TP,indices
NZDCHF,2025-10-31 00:00:00+00:00,long,2,-1.0311267796610164,3,SL,fx_cross
GBPCHF,2025-11-03 00:00:00+00:00,short,4,2.482279163179916,10,TP,fx_cross
CHFJPY,2025-11-03 00:00:00+00:00,long,2,-1.0286676231263383,1,SL,fx_cross
GBPNZD,2025-11-04 00:00:00+00:00,short,3,-1.0432649147442312,2,SL,fx_cross
NKD,2025-11-05 00:00:00+00:00,short,3,-1.0023524695776664,54,SL,indices
DAX,2025-11-05 00:00:00+00:00,short,4,-1.0070078837420526,5,SL,indices
USDJPY,2025-11-05 00:00:00+00:00,short,3,-1.0285155261416277,6,SL,fx_major
EURGBP,2025-11-06 00:00:00+00:00,long,1,-1.0280593166287015,18,SL,fx_cross
GBPJPY,2025-11-06 00:00:00+00:00,short,4,-1.0110628863145494,6,SL,fx_cross
GBPUSD,2025-11-06 00:00:00+00:00,short,4,-1.0153354924874787,17,SL,fx_major
EURJPY,2025-11-07 00:00:00+00:00,short,3,-1.0124268670172805,4,SL,fx_cross
USDCHF,2025-11-07 00:00:00+00:00,long,1,-1.0696901391035576,0,SAME_BAR_SL,fx_major
SI,2025-11-10 00:00:00+00:00,short,4,-1.002804982698962,2,SL,metals
NG,2025-11-12 00:00:00+00:00,long,1,2.4990417100868405,20,TP,commodities
AUDNZD,2025-11-12 00:00:00+00:00,short,3,-1.0868885790884717,0,SAME_BAR_SL,fx_cross
USDCHF,2025-11-13 00:00:00+00:00,long,1,-1.0204520623281395,0,SAME_BAR_SL,fx_major
EURUSD,2025-11-13 00:00:00+00:00,short,3,2.416552838874677,3,TP,fx_major
AUDJPY,2025-11-13 00:00:00+00:00,short,3,-1.0154457297883885,17,SL,fx_cross
GBPCAD,2025-11-14 00:00:00+00:00,long,2,2.473177659906396,17,TP,fx_cross
GBPNZD,2025-11-14 00:00:00+00:00,long,1,-1.0128367606192934,59,SL,fx_cross
NZDJPY,2025-11-14 00:00:00+00:00,short,4,-1.0195877339705295,5,SL,fx_cross
SI,2025-11-14 00:00:00+00:00,long,1,-1.003370051493306,0,SAME_BAR_SL,metals
USDJPY,2025-11-17 00:00:00+00:00,short,3,-1.0221447016828153,2,SL,fx_major
EURUSD,2025-11-18 00:00:00+00:00,long,1,-1.0211987981711295,2,SL,fx_major
EURCAD,2025-11-18 00:00:00+00:00,long,2,-1.0422725801952577,0,SAME_BAR_SL,fx_cross
NZDCAD,2025-11-18 00:00:00+00:00,long,1,-1.0236782089552234,1,SL,fx_cross
AUDCHF,2025-11-19 00:00:00+00:00,short,4,-1.0214046266471446,7,SL,fx_cross
GBPJPY,2025-11-19 00:00:00+00:00,short,4,-1.0170415914489312,1,SL,fx_cross
USDCHF,2025-11-19 00:00:00+00:00,short,4,-1.0254357562076746,2,SL,fx_major
NQ,2025-11-20 00:00:00+00:00,long,1,-1.0387308406524467,0,SAME_BAR_SL,indices
NZDUSD,2025-11-20 00:00:00+00:00,short,4,-1.0120845941807046,5,SL,fx_major
USDCAD,2025-11-20 00:00:00+00:00,short,3,2.4583690036900356,7,TP,fx_major
ES,2025-11-20 00:00:00+00:00,short,4,2.4884097456492635,1,TP,indices
CADJPY,2025-11-21 00:00:00+00:00,long,1,2.4872637249283667,24,TP,fx_cross
AUDUSD,2025-11-21 00:00:00+00:00,long,2,2.4508118032786883,3,TP,fx_major
EURJPY,2025-11-21 00:00:00+00:00,long,1,2.454905974955277,4,TP,fx_cross
NZDJPY,2025-11-21 00:00:00+00:00,long,1,2.4840857457133616,12,TP,fx_cross
GBPJPY,2025-11-24 00:00:00+00:00,short,3,-1.0152592569002121,8,SL,fx_cross
EURCAD,2025-11-24 00:00:00+00:00,short,3,2.468076470588235,10,TP,fx_cross
YM,2025-11-25 00:00:00+00:00,short,4,-1.0081175510204081,3,SL,indices
NZDCAD,2025-11-25 00:00:00+00:00,short,4,-1.0297346524064175,0,SAME_BAR_SL,fx_cross
SI,2025-11-26 00:00:00+00:00,short,3,-1.0025919755911519,2,SL,metals
NZDCAD,2025-11-26 00:00:00+00:00,short,4,-1.0133569010727055,47,SL,fx_cross
EURJPY,2025-11-27 00:00:00+00:00,short,3,-1.0323885714285717,10,SL,fx_cross
NZDCHF,2025-11-27 00:00:00+00:00,short,4,-1.0226533802816902,6,SL,fx_cross
ES,2025-11-28 00:00:00+00:00,short,3,-1.010746829865361,11,SL,indices
USDJPY,2025-11-30 00:00:00+00:00,long,1,-1.0250835483870961,4,SL,fx_major
PL,2025-11-30 00:00:00+00:00,short,3,-1.0016653679389314,11,SL,metals
PA,2025-11-30 00:00:00+00:00,short,3,-1.0007152873563219,15,SL,metals
NQ,2025-12-02 00:00:00+00:00,short,3,2.4904304895104894,9,TP,indices
EURUSD,2025-12-03 00:00:00+00:00,short,3,-1.0834471611253227,0,SAME_BAR_SL,fx_major
USDCAD,2025-12-03 00:00:00+00:00,long,2,-1.029774401220443,2,SL,fx_major
EURGBP,2025-12-04 00:00:00+00:00,long,1,-1.032273139841689,27,SL,fx_cross
NZDCHF,2025-12-05 00:00:00+00:00,short,3,-1.0168700000000002,3,SL,fx_cross
AUDCHF,2025-12-05 00:00:00+00:00,short,3,-1.016363285870756,35,SL,fx_cross
GBPCAD,2025-12-05 00:00:00+00:00,long,2,-1.0322151492537304,0,SAME_BAR_SL,fx_cross
CADCHF,2025-12-05 00:00:00+00:00,short,3,-1.0507874213836483,0,SAME_BAR_SL,fx_cross
NG,2025-12-07 00:00:00+00:00,long,1,-1.0015047689463956,2,SL,commodities
CHFJPY,2025-12-09 00:00:00+00:00,short,3,-1.0591800435729843,0,SAME_BAR_SL,fx_cross
AUDNZD,2025-12-10 00:00:00+00:00,short,4,-1.0456687739192045,16,SL,fx_cross
CHFJPY,2025-12-11 00:00:00+00:00,short,3,-1.0458247108130792,0,SAME_BAR_SL,fx_cross
NZDUSD,2025-12-11 00:00:00+00:00,long,1,-1.0201162282878413,7,SL,fx_major
AUDUSD,2025-12-11 00:00:00+00:00,long,1,-1.0205364238410595,5,SL,fx_major
YM,2025-12-11 00:00:00+00:00,long,1,2.4940370974000774,22,TP,indices
RTY,2025-12-12 00:00:00+00:00,long,1,2.496971961509993,35,TP,indices
HG,2025-12-12 00:00:00+00:00,long,1,2.4976472996632997,14,TP,metals
NZDJPY,2025-12-17 00:00:00+00:00,short,3,-1.010635152027027,4,SL,fx_cross
GBPUSD,2025-12-17 00:00:00+00:00,long,1,2.472601070773744,5,TP,fx_major
ES,2025-12-18 00:00:00+00:00,short,4,-1.0070963636363637,2,SL,indices
GBPCAD,2025-12-18 00:00:00+00:00,short,3,-1.0204591262907068,4,SL,fx_cross
AUDJPY,2025-12-19 00:00:00+00:00,short,3,-1.0143615857284443,2,SL,fx_cross
NZDUSD,2025-12-22 00:00:00+00:00,short,3,-1.020528849557522,1,SL,fx_major
ES,2025-12-22 00:00:00+00:00,short,3,-1.0205392592592593,1,SL,indices
USDJPY,2025-12-23 00:00:00+00:00,long,1,2.46540789849326,15,TP,fx_major
CL,2025-12-23 00:00:00+00:00,short,4,-1.0044223696682464,15,SL,commodities
NG,2025-12-23 00:00:00+00:00,short,4,2.4974140388007053,1,TP,commodities
NZDUSD,2025-12-24 00:00:00+00:00,short,4,2.471937617823477,6,TP,fx_major
PA,2025-12-25 00:00:00+00:00,short,3,-1.0007215742397138,2,SL,metals
NG,2025-12-28 00:00:00+00:00,long,1,-1.000912625698324,3,SL,commodities
DAX,2025-12-30 00:00:00+00:00,short,3,-1.0102667704280155,2,SL,indices
PA,2025-12-31 00:00:00+00:00,long,1,2.4968721766561512,1,TP,metals
NQ,2026-01-02 00:00:00+00:00,short,4,-1.0097562879238549,3,SL,indices
ES,2026-01-02 00:00:00+00:00,short,4,-1.0178646277665997,3,SL,indices
GBPUSD,2026-01-02 00:00:00+00:00,short,4,-1.0383117241379303,2,SL,fx_major
NG,2026-01-04 00:00:00+00:00,long,2,-1.0010283992467044,5,SL,commodities
GBPCAD,2026-01-05 00:00:00+00:00,short,3,-1.029746860896886,6,SL,fx_cross
EURJPY,2026-01-05 00:00:00+00:00,long,1,2.467340357142858,7,TP,fx_cross
EURGBP,2026-01-06 00:00:00+00:00,long,2,2.4613956687898093,13,TP,fx_cross
USDCAD,2026-01-06 00:00:00+00:00,short,4,-1.0311867203867848,2,SL,fx_major
CHFJPY,2026-01-06 00:00:00+00:00,short,4,-1.027070230053843,5,SL,fx_cross
NZDUSD,2026-01-06 00:00:00+00:00,long,2,-1.0222580716253449,3,SL,fx_major
SI,2026-01-06 00:00:00+00:00,short,3,-1.0011100577008434,4,SL,metals
GBPUSD,2026-01-07 00:00:00+00:00,long,2,-1.0172391054313095,7,SL,fx_major
CADJPY,2026-01-07 00:00:00+00:00,long,1,2.4612949633251855,4,TP,fx_cross
EURUSD,2026-01-07 00:00:00+00:00,short,4,-1.0298189167045966,11,SL,fx_major
GBPJPY,2026-01-07 00:00:00+00:00,long,1,-1.0304503962943903,1,SL,fx_cross
AUDJPY,2026-01-08 00:00:00+00:00,long,1,2.4776713808801216,10,TP,fx_cross
AUDUSD,2026-01-08 00:00:00+00:00,long,1,2.4775705263157892,12,TP,fx_major
CL,2026-01-13 00:00:00+00:00,short,3,-1.0221131034482758,0,SAME_BAR_SL,commodities
EURNZD,2026-01-13 00:00:00+00:00,short,3,2.468808876682232,5,TP,fx_cross
USDCHF,2026-01-15 00:00:00+00:00,short,3,2.4837486664257313,7,TP,fx_major
PA,2026-01-15 00:00:00+00:00,short,3,-1.0014697810218978,7,SL,metals
GBPJPY,2026-01-16 00:00:00+00:00,long,1,-1.1044350704225383,0,SAME_BAR_SL,fx_cross
NZDJPY,2026-01-18 00:00:00+00:00,long,1,2.4259918367346978,1,TP,fx_cross
GBPAUD,2026-01-18 00:00:00+00:00,short,3,2.47848444785276,4,TP,fx_cross
ES,2026-01-18 00:00:00+00:00,long,1,-1.0083796404919583,2,SL,indices
NZDCHF,2026-01-18 00:00:00+00:00,long,2,2.4598119188767553,2,TP,fx_cross
NG,2026-01-18 00:00:00+00:00,short,4,-1.0007670972531553,1,SL,commodities
NZDUSD,2026-01-20 00:00:00+00:00,short,4,-1.028062382176523,2,SL,fx_major
GBPJPY,2026-01-20 00:00:00+00:00,short,3,-1.0289025531914895,3,SL,fx_cross
GBPCAD,2026-01-20 00:00:00+00:00,short,4,-1.043402094763093,4,SL,fx_cross
NZDJPY,2026-01-20 00:00:00+00:00,short,3,-1.0180813492621223,1,SL,fx_cross
PL,2026-01-20 00:00:00+00:00,short,3,-1.0016661422594142,2,SL,metals
YM,2026-01-20 00:00:00+00:00,long,2,2.494472871849485,18,TP,indices
CHFJPY,2026-01-20 00:00:00+00:00,short,3,-1.0256476383763837,0,SAME_BAR_SL,fx_cross
AUDCAD,2026-01-21 00:00:00+00:00,short,3,-1.0383276134699848,0,SAME_BAR_SL,fx_cross
NG,2026-01-21 00:00:00+00:00,short,3,-1.0030373184357542,0,SAME_BAR_SL,commodities
CADCHF,2026-01-21 00:00:00+00:00,short,4,2.4426334402851992,2,TP,fx_cross
EURCHF,2026-01-21 00:00:00+00:00,short,3,2.475081879194631,7,TP,fx_cross
EURCAD,2026-01-21 00:00:00+00:00,long,1,2.414332196969696,3,TP,fx_cross
NZDCHF,2026-01-21 00:00:00+00:00,short,3,-1.0174433802816902,1,SL,fx_cross
ES,2026-01-21 00:00:00+00:00,short,3,-1.0046267782426779,6,SL,indices
NZDCAD,2026-01-22 00:00:00+00:00,short,3,-1.0232357055214727,0,SAME_BAR_SL,fx_cross
NKD,2026-01-22 00:00:00+00:00,long,2,-1.0016310650329878,38,SL,indices
AUDNZD,2026-01-22 00:00:00+00:00,long,2,2.4660233368310607,15,TP,fx_cross
USDCAD,2026-01-23 00:00:00+00:00,long,1,-1.1247865153970644,0,SAME_BAR_SL,fx_major
EURGBP,2026-01-23 00:00:00+00:00,long,1,-1.0618607633587753,0,SAME_BAR_SL,fx_cross
RTY,2026-01-23 00:00:00+00:00,long,1,-1.0026490144304574,6,SL,indices
NZDCHF,2026-01-25 00:00:00+00:00,long,1,-0.5080333640553119,29,EOS,fx_cross
CADCHF,2026-01-25 00:00:00+00:00,long,2,-1.012619586645469,2,SL,fx_cross
NZDCAD,2026-01-26 00:00:00+00:00,short,4,-1.0251773055859807,7,SL,fx_cross
NG,2026-01-27 00:00:00+00:00,long,1,-1.0004929306873742,0,SAME_BAR_SL,commodities
EURGBP,2026-01-27 00:00:00+00:00,short,3,-1.021499947043248,26,SL,fx_cross
NZDUSD,2026-01-27 00:00:00+00:00,short,3,-1.0144073598630723,2,SL,fx_major
AUDCHF,2026-01-27 00:00:00+00:00,long,1,2.487270220713073,13,TP,fx_cross
CADCHF,2026-01-28 00:00:00+00:00,short,3,-1.0211916577540103,4,SL,fx_cross
HG,2026-01-29 00:00:00+00:00,long,1,-1.002646222222222,1,SL,metals
AUDJPY,2026-01-29 00:00:00+00:00,long,2,2.4856971237458194,4,TP,fx_cross
CL,2026-01-29 00:00:00+00:00,short,3,-1.002387266435986,18,SL,commodities
PL,2026-01-29 00:00:00+00:00,short,3,2.4986586426426425,1,TP,metals
SI,2026-01-30 00:00:00+00:00,short,3,2.499466167536054,5,TP,metals
GBPUSD,2026-01-30 00:00:00+00:00,long,1,-1.0402823133543633,2,SL,fx_major
USDJPY,2026-01-30 00:00:00+00:00,short,4,-1.017039810725552,2,SL,fx_major
EURUSD,2026-01-30 00:00:00+00:00,long,1,-1.029412625994694,2,SL,fx_major
AUDUSD,2026-02-01 00:00:00+00:00,long,1,2.466625542168674,2,TP,fx_major
GBPAUD,2026-02-01 00:00:00+00:00,short,3,2.4704207280513923,2,TP,fx_cross
EURCHF,2026-02-02 00:00:00+00:00,short,4,2.469527853341218,7,TP,fx_cross
ES,2026-02-02 00:00:00+00:00,short,3,2.48896197044335,2,TP,indices
EURAUD,2026-02-02 00:00:00+00:00,short,4,2.4812666276117947,1,TP,fx_cross
DAX,2026-02-02 00:00:00+00:00,short,3,-1.0071393548387098,1,SL,indices
NG,2026-02-02 00:00:00+00:00,long,2,-1.000412338884866,19,SL,commodities
USDCHF,2026-02-02 00:00:00+00:00,short,4,-1.023582019543974,0,SAME_BAR_SL,fx_major
GBPNZD,2026-02-03 00:00:00+00:00,long,1,-0.5261214582886564,21,EOS,fx_cross
GBPCHF,2026-02-05 00:00:00+00:00,long,2,-1.0253437676206747,0,SAME_BAR_SL,fx_cross
DAX,2026-02-05 00:00:00+00:00,long,2,-1.0052433311125917,18,SL,indices
GBPCAD,2026-02-05 00:00:00+00:00,long,2,-1.0191935952557454,19,SL,fx_cross
NZDUSD,2026-02-05 00:00:00+00:00,long,1,-1.0273575122749599,0,SAME_BAR_SL,fx_major
NZDCAD,2026-02-05 00:00:00+00:00,long,1,0.3838217302525594,19,EOS,fx_cross
GBPJPY,2026-02-06 00:00:00+00:00,short,3,2.4766692834890964,3,TP,fx_cross
GBPAUD,2026-02-09 00:00:00+00:00,long,2,-1.0232902625914762,2,SL,fx_cross
GBPCHF,2026-02-09 00:00:00+00:00,long,2,-1.0107788421246096,16,SL,fx_cross
USDCAD,2026-02-10 00:00:00+00:00,long,2,0.9619540425531325,15,EOS,fx_major
GBPJPY,2026-02-11 00:00:00+00:00,long,1,1.1318723389636434,14,EOS,fx_cross
RTY,2026-02-11 00:00:00+00:00,short,3,2.4945725842696627,1,TP,indices
EURAUD,2026-02-11 00:00:00+00:00,long,1,-1.0357726974437227,0,SAME_BAR_SL,fx_cross
AUDNZD,2026-02-12 00:00:00+00:00,long,1,-1.032753579262212,4,SL,fx_cross
EURUSD,2026-02-17 00:00:00+00:00,long,2,-1.0213872263480788,2,SL,fx_major
USDCHF,2026-02-19 00:00:00+00:00,short,3,1.4015725636672631,7,EOS,fx_major
GBPUSD,2026-02-19 00:00:00+00:00,long,1,0.47345237366001225,7,EOS,fx_major
AUDCHF,2026-02-25 00:00:00+00:00,short,3,0.2586879344858853,2,EOS,fx_cross
CL,2026-03-01 00:00:00+00:00,short,3,-1.003423060278207,0,SAME_BAR_SL,commodities
PL,2026-03-02 00:00:00+00:00,long,1,-1.001978457374831,1,SL,metals
YM,2026-03-04 00:00:00+00:00,short,3,2.493478944281525,2,TP,indices
RTY,2026-03-04 00:00:00+00:00,short,4,2.497096601671309,3,TP,indices
NQ,2026-03-05 00:00:00+00:00,long,1,-1.0031118881392393,2,SL,indices
NG,2026-03-09 00:00:00+00:00,long,1,0.21094703012912408,1,EOS,commodities
SI,2026-03-10 00:00:00+00:00,short,3,0.1797202456791885,0,EOS,metals
DAX,2026-03-10 00:00:00+00:00,long,2,-0.03900113621691414,0,EOS,indices
