instrument,ts,side,fcode,r,bars,reason,klass
USDCHF,2013-05-23 00:00:00+00:00,long,1,-1.0137496819787986,1,SL,fx_major
USDCAD,2013-05-23 00:00:00+00:00,long,1,-1.0143732402791623,13,SL,fx_major
AUDUSD,2013-05-23 00:00:00+00:00,short,4,2.4902293706293706,16,TP,fx_major
NZDUSD,2013-05-23 00:00:00+00:00,short,3,2.4872093926216863,12,TP,fx_major
EURCHF,2013-05-23 00:00:00+00:00,long,1,-1.0270171605176746,0,SAME_BAR_SL,fx_cross
USDJPY,2013-05-23 00:00:00+00:00,long,1,-1.009443528258739,0,SAME_BAR_SL,fx_major
CADCHF,2013-05-28 00:00:00+00:00,short,3,2.490475437675387,8,TP,fx_cross
NZDCHF,2013-05-28 00:00:00+00:00,short,3,2.492552906671188,7,TP,fx_cross
AUDCHF,2013-05-28 00:00:00+00:00,short,4,2.492969916427091,8,TP,fx_cross
EURCHF,2013-05-28 00:00:00+00:00,short,3,2.4881893351287663,236,TP,fx_cross
AUDJPY,2013-05-28 00:00:00+00:00,short,4,2.4943270312579937,8,TP,fx_cross
GBPCHF,2013-05-28 00:00:00+00:00,short,4,2.488906148744671,54,TP,fx_cross
USDCHF,2013-05-29 00:00:00+00:00,long,2,-1.0153003336160589,1,SL,fx_major
GBPUSD,2013-05-30 00:00:00+00:00,short,3,-1.0159700893781165,3,SL,fx_major
CL,2013-05-30 00:00:00+00:00,short,4,-1.0023394831636647,12,SL,commodities
CHFJPY,2013-05-31 00:00:00+00:00,long,0,-1.0125927102005976,2,SL,fx_cross
GBPAUD,2013-06-03 00:00:00+00:00,long,1,2.4893618906372463,3,TP,fx_cross
NQ,2013-06-04 00:00:00+00:00,short,3,2.495335474452555,15,TP,indices
NZDCAD,2013-06-06 00:00:00+00:00,short,4,-1.0077645600740928,61,SL,fx_cross
EURGBP,2013-06-07 00:00:00+00:00,short,3,-1.0173488040712468,20,SL,fx_cross
ES,2013-06-07 00:00:00+00:00,short,4,2.493813649851632,12,TP,indices
EURCAD,2013-06-07 00:00:00+00:00,long,1,2.48544938547486,14,TP,fx_cross
YM,2013-06-07 00:00:00+00:00,short,4,2.49469649122807,14,TP,indices
CADJPY,2013-06-10 00:00:00+00:00,short,4,2.4849082654768546,1,TP,fx_cross
AUDNZD,2013-06-10 00:00:00+00:00,long,2,-1.0264023659305983,2,SL,fx_cross
GBPJPY,2013-06-11 00:00:00+00:00,long,1,2.4966879765576806,155,TP,fx_cross
CHFJPY,2013-06-11 00:00:00+00:00,long,1,-1.0038480072793448,2,SL,fx_cross
EURJPY,2013-06-11 00:00:00+00:00,long,2,-1.0039035329469843,2,SL,fx_cross
EURNZD,2013-06-12 00:00:00+00:00,long,1,2.488147679734389,7,TP,fx_cross
AUDCAD,2013-06-13 00:00:00+00:00,short,4,2.4846064385866518,5,TP,fx_cross
CHFJPY,2013-06-18 00:00:00+00:00,short,4,-1.0097027998663548,2,SL,fx_cross
EURAUD,2013-06-19 00:00:00+00:00,long,1,2.4945009353344707,59,TP,fx_cross
USDCAD,2013-06-19 00:00:00+00:00,short,3,-1.0108256129457145,2,SL,fx_major
USDCHF,2013-06-19 00:00:00+00:00,short,4,-1.0085245259538236,7,SL,fx_major
GBPCAD,2013-06-20 00:00:00+00:00,short,3,-1.028249242927138,0,SAME_BAR_SL,fx_cross
GBPAUD,2013-06-23 00:00:00+00:00,long,1,-1.0073780947480904,11,SL,fx_cross
EURUSD,2013-06-24 00:00:00+00:00,long,1,-1.0115927399319564,8,SL,fx_major
GBPNZD,2013-06-26 00:00:00+00:00,long,1,-1.010940484408415,7,SL,fx_cross
GBPCAD,2013-06-26 00:00:00+00:00,long,1,-1.0160142535660492,1,SL,fx_cross
GBPUSD,2013-06-26 00:00:00+00:00,long,1,-1.024783028554947,1,SL,fx_major
CADCHF,2013-06-26 00:00:00+00:00,short,4,-1.0122363945578232,7,SL,fx_cross
AUDCHF,2013-06-27 00:00:00+00:00,short,3,-1.0100841769694493,10,SL,fx_cross
EURCAD,2013-06-28 00:00:00+00:00,short,3,-1.0155791523017643,34,SL,fx_cross
EURGBP,2013-07-03 00:00:00+00:00,long,2,2.4811479573291195,6,TP,fx_cross
EURUSD,2013-07-04 00:00:00+00:00,long,1,-1.0151699654414073,1,SL,fx_major
GBPUSD,2013-07-04 00:00:00+00:00,long,2,-1.0235764377442769,1,SL,fx_major
AUDNZD,2013-07-08 00:00:00+00:00,long,2,-1.0315162665383704,3,SL,fx_cross
NZDUSD,2013-07-08 00:00:00+00:00,short,4,-1.007650353646706,2,SL,fx_major
GBPCAD,2013-07-09 00:00:00+00:00,long,2,2.4847838227146815,25,TP,fx_cross
CADCHF,2013-07-09 00:00:00+00:00,short,3,-1.0127648904382471,0,SAME_BAR_SL,fx_cross
CADCHF,2013-07-10 00:00:00+00:00,long,1,-1.0167249305214976,5,SL,fx_cross
YM,2013-07-10 00:00:00+00:00,short,3,-1.0048395256916995,12,SL,indices
GBPAUD,2013-07-10 00:00:00+00:00,short,4,-1.015357796014068,1,SL,fx_cross
USDCHF,2013-07-10 00:00:00+00:00,long,1,-1.039117337192475,0,SAME_BAR_SL,fx_major
EURUSD,2013-07-10 00:00:00+00:00,short,4,-1.0214515822130292,0,SAME_BAR_SL,fx_major
ES,2013-07-10 00:00:00+00:00,short,3,-1.0044243186582809,4,SL,indices
EURNZD,2013-07-11 00:00:00+00:00,short,4,-1.0149067920618475,19,SL,fx_cross
NZDCHF,2013-07-11 00:00:00+00:00,long,1,-1.0124788790116015,19,SL,fx_cross
GBPNZD,2013-07-11 00:00:00+00:00,short,4,-1.0072867045682563,35,SL,fx_cross
GBPAUD,2013-07-12 00:00:00+00:00,short,3,-1.0052343614920152,16,SL,fx_cross
AUDCAD,2013-07-16 00:00:00+00:00,short,3,2.48778955969133,12,TP,fx_cross
AUDJPY,2013-07-16 00:00:00+00:00,short,3,2.4925569964485033,13,TP,fx_cross
EURGBP,2013-07-17 00:00:00+00:00,long,2,-1.0235170111596312,1,SL,fx_cross
AUDUSD,2013-07-17 00:00:00+00:00,long,1,-1.0045503791448325,12,SL,fx_major
USDCHF,2013-07-18 00:00:00+00:00,short,4,2.4854304536706078,11,TP,fx_major
NZDJPY,2013-07-19 00:00:00+00:00,short,4,2.4914371075093507,14,TP,fx_cross
GBPUSD,2013-07-23 00:00:00+00:00,short,4,-1.0122820920621347,14,SL,fx_major
CL,2013-07-23 00:00:00+00:00,long,1,-1.0039045871559633,2,SL,commodities
USDCAD,2013-07-23 00:00:00+00:00,long,1,2.4893507305344924,111,TP,fx_major
CADJPY,2013-07-24 00:00:00+00:00,short,4,2.4922201366353542,12,TP,fx_cross
CL,2013-07-26 00:00:00+00:00,long,1,2.4963911496746203,27,TP,commodities
AUDCHF,2013-07-26 00:00:00+00:00,short,3,2.4884935572228177,4,TP,fx_cross
NZDUSD,2013-07-30 00:00:00+00:00,long,1,-1.0083976915870339,2,SL,fx_major
EURUSD,2013-07-31 00:00:00+00:00,short,3,-1.0176947790022512,17,SL,fx_major
USDCHF,2013-08-01 00:00:00+00:00,short,4,-1.0153521630737645,30,SL,fx_major
EURJPY,2013-08-02 00:00:00+00:00,short,3,2.4760909397278033,3,TP,fx_cross
AUDNZD,2013-08-04 00:00:00+00:00,short,4,-1.0315414802065401,0,SAME_BAR_SL,fx_cross
EURGBP,2013-08-05 00:00:00+00:00,long,2,-1.016384641407307,7,SL,fx_cross
USDJPY,2013-08-05 00:00:00+00:00,long,2,-1.0156615165741925,1,SL,fx_major
EURNZD,2013-08-07 00:00:00+00:00,long,1,-1.0128788062164764,4,SL,fx_cross
ES,2013-08-07 00:00:00+00:00,long,1,-1.0085803174603174,7,SL,indices
CADCHF,2013-08-08 00:00:00+00:00,short,4,-1.0151541764080767,3,SL,fx_cross
NZDCHF,2013-08-08 00:00:00+00:00,short,4,-1.0180457616761236,3,SL,fx_cross
GBPAUD,2013-08-09 00:00:00+00:00,long,1,2.482534725983237,9,TP,fx_cross
EURCAD,2013-08-15 00:00:00+00:00,long,1,2.478349966063349,4,TP,fx_cross
NQ,2013-08-15 00:00:00+00:00,short,4,-1.0056756695156694,21,SL,indices
AUDCAD,2013-08-19 00:00:00+00:00,long,1,-1.012817883149873,1,SL,fx_cross
EURNZD,2013-08-20 00:00:00+00:00,short,4,-1.0177907527293624,0,SAME_BAR_SL,fx_cross
NZDUSD,2013-08-20 00:00:00+00:00,long,2,-1.018535257048093,1,SL,fx_major
AUDCHF,2013-08-20 00:00:00+00:00,long,2,-1.0061836069029113,6,SL,fx_cross
NZDCAD,2013-08-20 00:00:00+00:00,long,1,-1.014394531614106,3,SL,fx_cross
NZDCHF,2013-08-20 00:00:00+00:00,long,1,-1.017482301553969,0,SAME_BAR_SL,fx_cross
GBPCAD,2013-08-20 00:00:00+00:00,short,3,-1.0354407184693475,0,SAME_BAR_SL,fx_cross
EURUSD,2013-08-21 00:00:00+00:00,long,1,-1.0347116825249454,1,SL,fx_major
GBPCHF,2013-08-21 00:00:00+00:00,short,3,-1.01251540720136,12,SL,fx_cross
USDJPY,2013-08-22 00:00:00+00:00,short,3,-1.0108537094720345,12,SL,fx_major
YM,2013-08-22 00:00:00+00:00,short,4,-1.0063668085106383,16,SL,indices
CHFJPY,2013-08-22 00:00:00+00:00,short,3,-1.0464704199066852,0,SAME_BAR_SL,fx_cross
AUDNZD,2013-08-23 00:00:00+00:00,short,4,2.4834389056507287,22,TP,fx_cross
EURJPY,2013-08-27 00:00:00+00:00,long,1,2.490279957537155,72,TP,fx_cross
CHFJPY,2013-08-27 00:00:00+00:00,long,2,2.4903036766623208,72,TP,fx_cross
AUDCAD,2013-08-27 00:00:00+00:00,long,2,-1.014721160066927,1,SL,fx_cross
NZDCHF,2013-08-30 00:00:00+00:00,long,2,2.491225874673629,6,TP,fx_cross
CADJPY,2013-09-02 00:00:00+00:00,short,3,-1.0111878415589917,4,SL,fx_cross
AUDJPY,2013-09-02 00:00:00+00:00,short,3,-1.0170486773206386,1,SL,fx_cross
EURAUD,2013-09-03 00:00:00+00:00,long,2,-1.02292312464749,1,SL,fx_cross
EURGBP,2013-09-03 00:00:00+00:00,long,1,-1.038050112359551,1,SL,fx_cross
NZDCAD,2013-09-03 00:00:00+00:00,long,1,2.4886475240681314,10,TP,fx_cross
AUDCHF,2013-09-03 00:00:00+00:00,short,4,-1.0112355102524595,1,SL,fx_cross
AUDCHF,2013-09-05 00:00:00+00:00,short,3,-1.0115064427771823,34,SL,fx_cross
USDJPY,2013-09-06 00:00:00+00:00,long,1,-1.0098670908928413,22,SL,fx_major
EURUSD,2013-09-06 00:00:00+00:00,short,4,-1.0245824970828474,2,SL,fx_major
ES,2013-09-06 00:00:00+00:00,long,1,2.4951743707093823,10,TP,indices
EURCAD,2013-09-06 00:00:00+00:00,long,1,2.478349966063349,11,TP,fx_cross
EURNZD,2013-09-06 00:00:00+00:00,long,2,-1.0077099995844934,6,SL,fx_cross
USDCHF,2013-09-06 00:00:00+00:00,long,1,-1.0155101123595507,5,SL,fx_major
EURGBP,2013-09-10 00:00:00+00:00,short,4,2.473949669603525,18,TP,fx_cross
CADJPY,2013-09-12 00:00:00+00:00,long,1,-1.0209766484801244,11,SL,fx_cross
AUDCAD,2013-09-12 00:00:00+00:00,long,1,2.4840322175732217,19,TP,fx_cross
YM,2013-09-13 00:00:00+00:00,short,4,-1.008668783068783,1,SL,indices
AUDUSD,2013-09-15 00:00:00+00:00,short,3,-1.021583599088839,0,SAME_BAR_SL,fx_major
NZDJPY,2013-09-17 00:00:00+00:00,short,3,-1.0072014714667505,2,SL,fx_cross
NQ,2013-09-17 00:00:00+00:00,short,3,-1.0050104433497538,1,SL,indices
GBPCAD,2013-09-19 00:00:00+00:00,long,1,2.481464518727346,10,TP,fx_cross
GBPCHF,2013-09-19 00:00:00+00:00,long,1,-1.0172001512287336,12,SL,fx_cross
AUDJPY,2013-09-22 00:00:00+00:00,long,2,-1.007798628520206,5,SL,fx_cross
NZDUSD,2013-09-25 00:00:00+00:00,long,1,2.4859284596577016,18,TP,fx_major
AUDUSD,2013-09-25 00:00:00+00:00,long,1,2.482390807537012,16,TP,fx_major
GBPUSD,2013-09-26 00:00:00+00:00,long,2,-1.021619545071609,11,SL,fx_major
NZDJPY,2013-09-27 00:00:00+00:00,long,2,-1.0180911543038476,1,SL,fx_cross
NZDCAD,2013-09-27 00:00:00+00:00,short,3,-1.014550917083523,12,SL,fx_cross
GBPAUD,2013-09-27 00:00:00+00:00,short,4,-1.0144147822182308,1,SL,fx_cross
CL,2013-09-29 00:00:00+00:00,long,1,-1.0047464337700145,16,SL,commodities
EURAUD,2013-10-01 00:00:00+00:00,long,1,-1.0252059388646284,3,SL,fx_cross
GBPNZD,2013-10-02 00:00:00+00:00,short,4,2.4869608921933084,6,TP,fx_cross
YM,2013-10-03 00:00:00+00:00,long,1,-1.0060343434343435,4,SL,indices
GBPAUD,2013-10-03 00:00:00+00:00,long,1,-1.0214437759428698,1,SL,fx_cross
USDCHF,2013-10-04 00:00:00+00:00,short,4,-1.0174090384615386,4,SL,fx_major
NQ,2013-10-06 00:00:00+00:00,long,1,-1.0031298266767144,2,SL,indices
ES,2013-10-06 00:00:00+00:00,long,2,-1.0066762732919254,2,SL,indices
USDJPY,2013-10-07 00:00:00+00:00,long,2,2.4886149217354765,31,TP,fx_major
NZDCHF,2013-10-07 00:00:00+00:00,long,2,-1.0095408561371637,16,SL,fx_cross
CADJPY,2013-10-08 00:00:00+00:00,long,1,2.4840868012752386,7,TP,fx_cross
NQ,2013-10-09 00:00:00+00:00,long,1,2.4952285035629456,6,TP,indices
YM,2013-10-09 00:00:00+00:00,long,2,2.4964056097560974,15,TP,indices
AUDCAD,2013-10-09 00:00:00+00:00,short,4,-1.0153935614133482,5,SL,fx_cross
EURUSD,2013-10-09 00:00:00+00:00,long,2,2.469424836495761,7,TP,fx_major
EURAUD,2013-10-10 00:00:00+00:00,short,4,-1.014325859918018,16,SL,fx_cross
CADCHF,2013-10-10 00:00:00+00:00,long,2,-1.0179314619883042,10,SL,fx_cross
USDCHF,2013-10-11 00:00:00+00:00,long,1,-1.0176612165450123,9,SL,fx_major
EURNZD,2013-10-14 00:00:00+00:00,long,2,-1.0133715312661118,2,SL,fx_cross
GBPCAD,2013-10-15 00:00:00+00:00,short,4,-1.039294182356675,1,SL,fx_cross
GBPAUD,2013-10-16 00:00:00+00:00,short,4,-1.0179780965990284,13,SL,fx_cross
GBPUSD,2013-10-16 00:00:00+00:00,long,2,2.392961586538477,1,TP,fx_major
EURGBP,2013-10-16 00:00:00+00:00,short,3,-1.0210095567375883,6,SL,fx_cross
CADJPY,2013-10-17 00:00:00+00:00,long,1,-1.012479055191768,5,SL,fx_cross
NZDJPY,2013-10-17 00:00:00+00:00,long,1,-1.0138379453486634,5,SL,fx_cross
AUDCAD,2013-10-23 00:00:00+00:00,long,1,-1.039381723163842,0,SAME_BAR_SL,fx_cross
GBPUSD,2013-10-23 00:00:00+00:00,long,1,-1.0350995929443685,4,SL,fx_major
AUDJPY,2013-10-23 00:00:00+00:00,long,1,-1.0107902897224763,0,SAME_BAR_SL,fx_cross
CL,2013-10-23 00:00:00+00:00,long,1,-1.0087981818181817,8,SL,commodities
AUDNZD,2013-10-23 00:00:00+00:00,short,4,-1.0169068174050213,3,SL,fx_cross
AUDUSD,2013-10-23 00:00:00+00:00,long,1,-1.029997343663531,0,SAME_BAR_SL,fx_major
YM,2013-10-28 00:00:00+00:00,short,3,-1.0095344061302682,8,SL,indices
AUDUSD,2013-10-29 00:00:00+00:00,long,1,-1.013292121819777,9,SL,fx_major
USDCHF,2013-10-30 00:00:00+00:00,short,4,-1.0353814435879474,1,SL,fx_major
AUDJPY,2013-10-30 00:00:00+00:00,short,4,-1.010096228748068,17,SL,fx_cross
AUDNZD,2013-10-30 00:00:00+00:00,long,1,-1.0421292024942577,2,SL,fx_cross
EURGBP,2013-10-31 00:00:00+00:00,long,1,-1.0201576256094973,4,SL,fx_cross
EURAUD,2013-10-31 00:00:00+00:00,long,1,-1.0117016725901211,2,SL,fx_cross
EURUSD,2013-10-31 00:00:00+00:00,long,1,-1.0420702305159157,0,SAME_BAR_SL,fx_major
USDCHF,2013-11-01 00:00:00+00:00,short,3,-1.013274092980857,5,SL,fx_major
EURUSD,2013-11-01 00:00:00+00:00,long,2,-1.018427051826678,2,SL,fx_major
EURCAD,2013-11-01 00:00:00+00:00,long,1,-1.0458622428820443,1,SL,fx_cross
CADCHF,2013-11-03 00:00:00+00:00,short,4,-1.033558412046544,4,SL,fx_cross
EURCAD,2013-11-04 00:00:00+00:00,long,2,-1.0141102231782737,3,SL,fx_cross
EURNZD,2013-11-05 00:00:00+00:00,long,1,-1.0133313475802306,2,SL,fx_cross
EURAUD,2013-11-05 00:00:00+00:00,long,2,-1.0307888152026383,2,SL,fx_cross
AUDCHF,2013-11-05 00:00:00+00:00,short,3,-1.01842730783794,2,SL,fx_cross
NZDCAD,2013-11-05 00:00:00+00:00,short,3,-1.0134154176413928,24,SL,fx_cross
GBPUSD,2013-11-05 00:00:00+00:00,short,4,-1.0351008525615955,1,SL,fx_major
NZDCHF,2013-11-05 00:00:00+00:00,short,4,-1.0149274785351319,2,SL,fx_cross
NZDJPY,2013-11-06 00:00:00+00:00,short,3,-1.008877568342573,22,SL,fx_cross
EURUSD,2013-11-07 00:00:00+00:00,long,1,2.477168386899297,9,TP,fx_major
EURGBP,2013-11-07 00:00:00+00:00,long,2,-1.0226187605497954,0,SAME_BAR_SL,fx_cross
GBPCHF,2013-11-07 00:00:00+00:00,short,3,-1.0178197728993184,19,SL,fx_cross
NQ,2013-11-07 00:00:00+00:00,long,1,-1.0064879758308156,1,SL,indices
CADJPY,2013-11-07 00:00:00+00:00,short,4,-1.013909266378972,7,SL,fx_cross
GBPAUD,2013-11-07 00:00:00+00:00,short,3,-1.0603985325743197,1,SL,fx_cross
EURGBP,2013-11-11 00:00:00+00:00,short,4,-1.036321855431002,1,SL,fx_cross
NZDCHF,2013-11-12 00:00:00+00:00,long,1,-1.0284580619111707,0,SAME_BAR_SL,fx_cross
EURNZD,2013-11-12 00:00:00+00:00,short,4,-1.0373264268192977,0,SAME_BAR_SL,fx_cross
AUDUSD,2013-11-12 00:00:00+00:00,long,2,-1.028101626278944,0,SAME_BAR_SL,fx_major
AUDCAD,2013-11-12 00:00:00+00:00,long,1,-1.0131281802924959,9,SL,fx_cross
GBPUSD,2013-11-13 00:00:00+00:00,short,4,-1.0380348809523803,0,SAME_BAR_SL,fx_major
AUDNZD,2013-11-13 00:00:00+00:00,long,2,-1.0244271522665636,8,SL,fx_cross
NQ,2013-11-13 00:00:00+00:00,short,4,-1.007042614379085,0,SAME_BAR_SL,indices
NZDUSD,2013-11-13 00:00:00+00:00,short,3,2.4890169060513303,68,TP,fx_major
CL,2013-11-13 00:00:00+00:00,short,3,-1.0058392263056093,17,SL,commodities
EURNZD,2013-11-13 00:00:00+00:00,long,2,-1.006411630914938,115,SL,fx_cross
GBPCAD,2013-11-14 00:00:00+00:00,short,3,-1.0217326618374154,6,SL,fx_cross
NQ,2013-11-19 00:00:00+00:00,short,3,-1.0080259778597787,4,SL,indices
GBPAUD,2013-11-20 00:00:00+00:00,short,3,-1.0107488487837686,1,SL,fx_cross
EURCAD,2013-11-20 00:00:00+00:00,long,1,-1.0362259147180186,0,SAME_BAR_SL,fx_cross
EURGBP,2013-11-20 00:00:00+00:00,long,2,-1.037523370786517,2,SL,fx_cross
CHFJPY,2013-11-20 00:00:00+00:00,long,1,2.4801125599481533,2,TP,fx_cross
EURUSD,2013-11-21 00:00:00+00:00,short,3,-1.0125632469372448,5,SL,fx_major
GBPNZD,2013-11-21 00:00:00+00:00,short,4,-1.0130391078066914,5,SL,fx_cross
AUDUSD,2013-11-21 00:00:00+00:00,long,2,-1.0254395685216964,0,SAME_BAR_SL,fx_major
NZDCHF,2013-11-22 00:00:00+00:00,long,2,-1.019337052533705,4,SL,fx_cross
USDCHF,2013-11-22 00:00:00+00:00,long,2,-1.0282528832318762,0,SAME_BAR_SL,fx_major
ES,2013-11-22 00:00:00+00:00,long,1,-1.005858775510204,20,SL,indices
CADCHF,2013-11-25 00:00:00+00:00,long,2,-1.0159555938379992,4,SL,fx_cross
AUDCHF,2013-11-26 00:00:00+00:00,long,2,-1.0236003441295545,0,SAME_BAR_SL,fx_cross
GBPAUD,2013-11-26 00:00:00+00:00,short,3,-1.0188829841633276,1,SL,fx_cross
AUDCAD,2013-11-27 00:00:00+00:00,short,4,-1.0251383569932508,3,SL,fx_cross
EURCAD,2013-11-27 00:00:00+00:00,short,3,-1.0315673382987056,2,SL,fx_cross
NZDCHF,2013-11-28 00:00:00+00:00,long,1,2.4816348332214013,3,TP,fx_cross
AUDCHF,2013-12-01 00:00:00+00:00,short,4,-1.0275754542746498,1,SL,fx_cross
EURAUD,2013-12-01 00:00:00+00:00,long,1,-1.0412616922315712,1,SL,fx_cross
AUDCAD,2013-12-02 00:00:00+00:00,short,4,2.4594945143282465,1,TP,fx_cross
GBPNZD,2013-12-02 00:00:00+00:00,long,1,-1.010408490601154,4,SL,fx_cross
USDJPY,2013-12-03 00:00:00+00:00,long,1,-1.025283309859155,0,SAME_BAR_SL,fx_major
CADJPY,2013-12-03 00:00:00+00:00,long,1,-1.0186907962771456,0,SAME_BAR_SL,fx_cross
USDCHF,2013-12-03 00:00:00+00:00,long,2,-1.0299076959340017,1,SL,fx_major
EURUSD,2013-12-03 00:00:00+00:00,short,3,-1.0473555444928437,2,SL,fx_major
AUDUSD,2013-12-03 00:00:00+00:00,long,1,-1.0131913378448725,8,SL,fx_major
YM,2013-12-03 00:00:00+00:00,long,1,-1.009864912959381,1,SL,indices
EURGBP,2013-12-05 00:00:00+00:00,short,3,-1.0400120239111859,5,SL,fx_cross
USDJPY,2013-12-05 00:00:00+00:00,long,1,2.481143454665784,6,TP,fx_major
USDCHF,2013-12-05 00:00:00+00:00,long,1,-1.0196202685347346,1,SL,fx_major
YM,2013-12-06 00:00:00+00:00,short,3,2.4902506261859583,5,TP,indices
GBPAUD,2013-12-06 00:00:00+00:00,long,2,2.475942408026756,5,TP,fx_cross
EURUSD,2013-12-09 00:00:00+00:00,short,4,-1.0271953590378484,2,SL,fx_major
NZDJPY,2013-12-11 00:00:00+00:00,long,1,-1.00853200867052,44,SL,fx_cross
GBPCHF,2013-12-11 00:00:00+00:00,long,1,-1.0492750892047167,0,SAME_BAR_SL,fx_cross
GBPJPY,2013-12-11 00:00:00+00:00,long,1,-1.0733286469673373,0,SAME_BAR_SL,fx_cross
AUDJPY,2013-12-11 00:00:00+00:00,long,2,-1.0115328771384136,5,SL,fx_cross
AUDCAD,2013-12-12 00:00:00+00:00,long,1,-1.0159677824267783,2,SL,fx_cross
EURJPY,2013-12-13 00:00:00+00:00,long,2,2.476580555227407,11,TP,fx_cross
USDJPY,2013-12-16 00:00:00+00:00,long,2,2.4834116129032258,9,TP,fx_major
GBPCHF,2013-12-16 00:00:00+00:00,long,2,2.4735293717277482,2,TP,fx_cross
EURCAD,2013-12-16 00:00:00+00:00,short,3,-1.0199602835492543,2,SL,fx_cross
GBPUSD,2013-12-18 00:00:00+00:00,short,3,-1.0453246809559005,0,SAME_BAR_SL,fx_major
EURGBP,2013-12-18 00:00:00+00:00,long,2,-1.0518754620918656,0,SAME_BAR_SL,fx_cross
ES,2013-12-18 00:00:00+00:00,short,3,-1.0206371428571428,2,SL,indices
YM,2013-12-18 00:00:00+00:00,short,3,-1.0097493738140417,2,SL,indices
CADCHF,2013-12-18 00:00:00+00:00,short,4,-1.0192081033422185,1,SL,fx_cross
NQ,2013-12-18 00:00:00+00:00,short,3,-1.0110207371007371,2,SL,indices
GBPCAD,2013-12-18 00:00:00+00:00,short,4,-1.0215685225505446,0,SAME_BAR_SL,fx_cross
CADJPY,2013-12-19 00:00:00+00:00,short,4,2.4922201366353542,30,TP,fx_cross
EURCAD,2013-12-20 00:00:00+00:00,short,3,-1.015318035982009,6,SL,fx_cross
CADCHF,2013-12-27 00:00:00+00:00,long,2,-1.0220338309394867,0,SAME_BAR_SL,fx_cross
USDCHF,2013-12-27 00:00:00+00:00,long,1,-1.0142771935853379,0,SAME_BAR_SL,fx_major
EURUSD,2013-12-27 00:00:00+00:00,short,3,-1.021958008275074,0,SAME_BAR_SL,fx_major
USDCAD,2013-12-30 00:00:00+00:00,long,2,2.4812646385920805,9,TP,fx_major
AUDUSD,2013-12-31 00:00:00+00:00,long,2,-1.01070619980726,13,SL,fx_major
USDCHF,2013-12-31 00:00:00+00:00,short,3,-1.0171077408296196,2,SL,fx_major
AUDNZD,2014-01-01 00:00:00+00:00,long,2,-1.013009877708646,11,SL,fx_cross
GBPAUD,2014-01-01 00:00:00+00:00,short,3,-1.0314530089164267,1,SL,fx_cross
EURGBP,2014-01-01 00:00:00+00:00,long,2,-1.0208980616145718,6,SL,fx_cross
EURUSD,2014-01-01 00:00:00+00:00,long,1,-1.0405414056330606,1,SL,fx_major
GBPNZD,2014-01-01 00:00:00+00:00,short,3,-1.0314717354453227,1,SL,fx_cross
GBPCHF,2014-01-01 00:00:00+00:00,short,4,-1.023776592933065,1,SL,fx_cross
CL,2014-01-02 00:00:00+00:00,long,2,-1.016981098901099,0,SAME_BAR_SL,commodities
GBPCAD,2014-01-02 00:00:00+00:00,long,2,2.4898874499277306,16,TP,fx_cross
GBPUSD,2014-01-02 00:00:00+00:00,long,1,-1.0271761847330496,0,SAME_BAR_SL,fx_major
AUDCHF,2014-01-03 00:00:00+00:00,short,4,-1.0263445671121443,4,SL,fx_cross
USDCHF,2014-01-03 00:00:00+00:00,short,4,-1.018786079196877,3,SL,fx_major
GBPAUD,2014-01-03 00:00:00+00:00,long,2,2.4744645734981896,4,TP,fx_cross
USDJPY,2014-01-06 00:00:00+00:00,short,4,-1.0636298481561806,2,SL,fx_major
GBPJPY,2014-01-06 00:00:00+00:00,short,4,2.402252170385406,1,TP,fx_cross
NZDCHF,2014-01-07 00:00:00+00:00,short,4,-1.005025462791669,69,SL,fx_cross
EURCAD,2014-01-07 00:00:00+00:00,short,3,-1.0079247874872492,3,SL,fx_cross
CADCHF,2014-01-07 00:00:00+00:00,long,2,-1.0067058182592041,3,SL,fx_cross
GBPJPY,2014-01-08 00:00:00+00:00,short,4,-1.0977478296145942,0,SAME_BAR_SL,fx_cross
EURAUD,2014-01-09 00:00:00+00:00,short,4,-1.0123212442660552,12,SL,fx_cross
EURGBP,2014-01-10 00:00:00+00:00,short,3,-1.0289369364881695,2,SL,fx_cross
NQ,2014-01-10 00:00:00+00:00,long,2,-1.008915187376726,2,SL,indices
GBPJPY,2014-01-13 00:00:00+00:00,long,1,-1.0069533470225873,18,SL,fx_cross
GBPNZD,2014-01-13 00:00:00+00:00,long,2,-1.0233348310810815,0,SAME_BAR_SL,fx_cross
GBPUSD,2014-01-14 00:00:00+00:00,short,3,-1.0296816234498312,7,SL,fx_major
ES,2014-01-14 00:00:00+00:00,short,3,-1.0092939682539683,1,SL,indices
EURGBP,2014-01-15 00:00:00+00:00,long,1,2.42037155098543,1,TP,fx_cross
CL,2014-01-15 00:00:00+00:00,short,4,-1.0063484745762712,2,SL,commodities
GBPCHF,2014-01-15 00:00:00+00:00,short,4,-1.108020077821007,0,SAME_BAR_SL,fx_cross
AUDCAD,2014-01-15 00:00:00+00:00,long,1,-1.0243149808859904,1,SL,fx_cross
EURCAD,2014-01-15 00:00:00+00:00,long,1,-1.0198712687455371,3,SL,fx_cross
USDCHF,2014-01-15 00:00:00+00:00,long,2,-1.0122113523260008,7,SL,fx_major
USDCAD,2014-01-16 00:00:00+00:00,long,1,2.4855228154994666,6,TP,fx_major
EURJPY,2014-01-17 00:00:00+00:00,long,2,-1.0152843501735445,6,SL,fx_cross
EURGBP,2014-01-17 00:00:00+00:00,long,2,-1.0298799870842743,3,SL,fx_cross
GBPNZD,2014-01-17 00:00:00+00:00,short,4,-1.0259989691929252,0,SAME_BAR_SL,fx_cross
AUDJPY,2014-01-21 00:00:00+00:00,long,2,-1.01764495788207,2,SL,fx_cross
GBPAUD,2014-01-21 00:00:00+00:00,long,1,2.4752471611982885,2,TP,fx_cross
AUDCHF,2014-01-22 00:00:00+00:00,short,3,2.4918731707317074,2,TP,fx_cross
AUDCAD,2014-01-22 00:00:00+00:00,short,3,-1.0118270528696025,12,SL,fx_cross
AUDNZD,2014-01-22 00:00:00+00:00,long,1,-1.014229358148413,1,SL,fx_cross
GBPCHF,2014-01-23 00:00:00+00:00,long,1,-1.0239754645354648,0,SAME_BAR_SL,fx_cross
EURGBP,2014-01-23 00:00:00+00:00,short,4,-1.0286987795765872,1,SL,fx_cross
EURUSD,2014-01-23 00:00:00+00:00,short,3,-1.0173749988602685,1,SL,fx_major
GBPNZD,2014-01-23 00:00:00+00:00,short,4,-1.0086274677320222,7,SL,fx_cross
USDCHF,2014-01-24 00:00:00+00:00,long,2,2.4782863926940637,6,TP,fx_major
NZDCAD,2014-01-24 00:00:00+00:00,long,1,-1.034504266936299,0,SAME_BAR_SL,fx_cross
AUDJPY,2014-01-24 00:00:00+00:00,long,1,-1.0103439007891768,0,SAME_BAR_SL,fx_cross
YM,2014-01-24 00:00:00+00:00,long,2,-1.0059134655775963,6,SL,indices
EURJPY,2014-01-26 00:00:00+00:00,long,1,-1.014115722543353,5,SL,fx_cross
NQ,2014-01-27 00:00:00+00:00,long,2,2.497461912846633,110,TP,indices
CHFJPY,2014-01-27 00:00:00+00:00,short,3,-1.0118012067696835,28,SL,fx_cross
AUDUSD,2014-01-27 00:00:00+00:00,short,4,-1.020436036636137,1,SL,fx_major
CADJPY,2014-01-27 00:00:00+00:00,short,4,2.4870551922599855,44,TP,fx_cross
NZDCAD,2014-01-28 00:00:00+00:00,short,3,-1.0122930756382724,26,SL,fx_cross
GBPCAD,2014-01-28 00:00:00+00:00,short,3,2.4790158018676407,5,TP,fx_cross
CL,2014-01-29 00:00:00+00:00,long,1,2.4971959712230216,27,TP,commodities
CADCHF,2014-01-30 00:00:00+00:00,short,4,-1.0118014218504965,1,SL,fx_cross
EURUSD,2014-01-30 00:00:00+00:00,long,2,-1.0241300523892685,1,SL,fx_major
EURAUD,2014-01-30 00:00:00+00:00,long,1,-1.0093688908173781,4,SL,fx_cross
AUDJPY,2014-01-31 00:00:00+00:00,long,2,-1.0203637612428453,2,SL,fx_cross
EURCAD,2014-01-31 00:00:00+00:00,short,3,-1.0101705230326297,24,SL,fx_cross
NZDUSD,2014-02-03 00:00:00+00:00,long,1,2.4810286026476147,1,TP,fx_major
USDJPY,2014-02-03 00:00:00+00:00,long,1,-1.0188565453342162,0,SAME_BAR_SL,fx_major
AUDNZD,2014-02-03 00:00:00+00:00,short,3,-1.0381197737272159,0,SAME_BAR_SL,fx_cross
EURGBP,2014-02-03 00:00:00+00:00,short,3,-1.06040895250488,1,SL,fx_cross
AUDUSD,2014-02-03 00:00:00+00:00,short,3,-1.0159979284673895,1,SL,fx_major
AUDJPY,2014-02-04 00:00:00+00:00,short,4,-1.0169355879362927,0,SAME_BAR_SL,fx_cross
NZDJPY,2014-02-04 00:00:00+00:00,short,4,-1.0188210407876228,2,SL,fx_cross
GBPJPY,2014-02-04 00:00:00+00:00,long,2,2.4728146958062607,2,TP,fx_cross
AUDCHF,2014-02-05 00:00:00+00:00,short,3,-1.0081268292682928,43,SL,fx_cross
USDJPY,2014-02-06 00:00:00+00:00,short,4,-1.0282498120672603,1,SL,fx_major
EURJPY,2014-02-06 00:00:00+00:00,short,4,-1.0292270713201825,0,SAME_BAR_SL,fx_cross
EURJPY,2014-02-07 00:00:00+00:00,short,4,-1.022695972060536,3,SL,fx_cross
GBPJPY,2014-02-07 00:00:00+00:00,short,4,-1.032528121968121,1,SL,fx_cross
ES,2014-02-07 00:00:00+00:00,short,3,-1.0092022672064778,0,SAME_BAR_SL,indices
USDCAD,2014-02-07 00:00:00+00:00,long,1,-1.026726088280061,10,SL,fx_major
YM,2014-02-07 00:00:00+00:00,short,4,-1.018069025270758,0,SAME_BAR_SL,indices
EURUSD,2014-02-10 00:00:00+00:00,short,3,-1.021775056275822,7,SL,fx_major
GBPUSD,2014-02-10 00:00:00+00:00,short,4,-1.1187630213040551,1,SL,fx_major
AUDCAD,2014-02-11 00:00:00+00:00,short,3,-1.0208944707858874,21,SL,fx_cross
GBPNZD,2014-02-12 00:00:00+00:00,long,2,-1.0099025316683137,25,SL,fx_cross
EURGBP,2014-02-12 00:00:00+00:00,long,2,-1.015393282239254,3,SL,fx_cross
GBPCHF,2014-02-12 00:00:00+00:00,short,4,-1.0150045272102692,0,SAME_BAR_SL,fx_cross
ES,2014-02-13 00:00:00+00:00,short,3,-1.0068369590643276,9,SL,indices
USDCHF,2014-02-14 00:00:00+00:00,long,2,-1.021713607305936,4,SL,fx_major
AUDNZD,2014-02-17 00:00:00+00:00,short,3,-1.038156555625393,1,SL,fx_cross
GBPUSD,2014-02-19 00:00:00+00:00,long,1,-1.0350015237380368,4,SL,fx_major
GBPCAD,2014-02-19 00:00:00+00:00,long,1,-1.0132892251500132,162,SL,fx_cross
YM,2014-02-19 00:00:00+00:00,long,1,2.4931122371967653,13,TP,indices
EURUSD,2014-02-19 00:00:00+00:00,short,3,-1.0341068377959712,8,SL,fx_major
EURJPY,2014-02-20 00:00:00+00:00,long,2,2.482928425643262,12,TP,fx_cross
GBPAUD,2014-02-20 00:00:00+00:00,short,4,2.4928620049902586,162,TP,fx_cross
AUDUSD,2014-02-25 00:00:00+00:00,long,2,-1.018265505984766,1,SL,fx_major
CADCHF,2014-02-25 00:00:00+00:00,long,2,-1.0147810647766606,3,SL,fx_cross
EURAUD,2014-02-25 00:00:00+00:00,short,3,-1.012936394336337,3,SL,fx_cross
USDCAD,2014-02-25 00:00:00+00:00,short,3,-1.0113550832266325,19,SL,fx_major
NZDUSD,2014-02-26 00:00:00+00:00,long,1,2.4774522599418036,6,TP,fx_major
NZDCAD,2014-02-28 00:00:00+00:00,long,1,2.4868582600987716,10,TP,fx_cross
EURCHF,2014-03-04 00:00:00+00:00,short,4,-1.0291142588637332,19,SL,fx_cross
USDCHF,2014-03-04 00:00:00+00:00,short,4,-1.0165604667444574,27,SL,fx_major
GBPUSD,2014-03-06 00:00:00+00:00,short,3,-1.206282684268456,0,SAME_BAR_SL,fx_major
CL,2014-03-06 00:00:00+00:00,long,1,-1.0061000379506642,5,SL,commodities
YM,2014-03-10 00:00:00+00:00,long,1,-1.0038648520710058,5,SL,indices
AUDJPY,2014-03-12 00:00:00+00:00,short,3,-1.00721739419547,13,SL,fx_cross
ES,2014-03-12 00:00:00+00:00,long,1,-1.0041644755244756,25,SL,indices
EURJPY,2014-03-13 00:00:00+00:00,long,1,-1.0293434996276989,13,SL,fx_cross
GBPUSD,2014-03-13 00:00:00+00:00,short,3,2.473592077867118,6,TP,fx_major
AUDUSD,2014-03-14 00:00:00+00:00,long,2,2.4887621638468387,12,TP,fx_major
GBPNZD,2014-03-17 00:00:00+00:00,long,2,-1.0103448111634994,9,SL,fx_cross
CL,2014-03-19 00:00:00+00:00,short,3,-1.0189796407185627,2,SL,commodities
CHFJPY,2014-03-20 00:00:00+00:00,long,1,-1.0138224157063593,47,SL,fx_cross
GBPCHF,2014-03-21 00:00:00+00:00,long,2,2.4807372441503195,12,TP,fx_cross
YM,2014-03-21 00:00:00+00:00,short,4,-1.010193125,9,SL,indices
NZDUSD,2014-03-21 00:00:00+00:00,short,3,-1.0123917095231942,5,SL,fx_major
EURAUD,2014-03-27 00:00:00+00:00,long,2,-1.0193379262352125,7,SL,fx_cross
EURGBP,2014-03-27 00:00:00+00:00,long,1,-1.0310363697030367,0,SAME_BAR_SL,fx_cross
USDJPY,2014-03-28 00:00:00+00:00,short,4,-1.0354823181257715,2,SL,fx_major
EURJPY,2014-03-31 00:00:00+00:00,short,4,2.4806997678916822,34,TP,fx_cross
NZDCHF,2014-04-01 00:00:00+00:00,long,1,-1.0265292154420915,2,SL,fx_cross
NZDCAD,2014-04-01 00:00:00+00:00,long,1,-1.0126902396566113,2,SL,fx_cross
GBPNZD,2014-04-01 00:00:00+00:00,short,3,-1.020103671416597,1,SL,fx_cross
AUDCHF,2014-04-02 00:00:00+00:00,short,3,-1.0153124299065421,2,SL,fx_cross
NZDUSD,2014-04-02 00:00:00+00:00,long,2,-1.0120885183324961,48,SL,fx_major
AUDCAD,2014-04-02 00:00:00+00:00,short,3,-1.0159668025691144,8,SL,fx_cross
NZDCHF,2014-04-04 00:00:00+00:00,short,3,-1.0141679907697378,35,SL,fx_cross
CL,2014-04-04 00:00:00+00:00,short,3,-1.0071738053097345,3,SL,commodities
AUDJPY,2014-04-04 00:00:00+00:00,short,4,-1.008680767618126,129,SL,fx_cross
EURNZD,2014-04-08 00:00:00+00:00,long,2,2.483994542836573,17,TP,fx_cross
GBPNZD,2014-04-08 00:00:00+00:00,long,1,2.471450773517315,6,TP,fx_cross
USDJPY,2014-04-08 00:00:00+00:00,long,2,-1.0432487745839636,0,SAME_BAR_SL,fx_major
GBPUSD,2014-04-08 00:00:00+00:00,short,3,-1.026407922132882,1,SL,fx_major
USDCAD,2014-04-09 00:00:00+00:00,long,1,-1.0144771845005334,62,SL,fx_major
YM,2014-04-09 00:00:00+00:00,short,4,-1.0568486956521739,0,SAME_BAR_SL,indices
NZDJPY,2014-04-10 00:00:00+00:00,long,1,-1.0150829929469487,34,SL,fx_cross
YM,2014-04-10 00:00:00+00:00,long,2,-1.0104350905432595,0,SAME_BAR_SL,indices
EURCAD,2014-04-10 00:00:00+00:00,short,4,2.4875742126474685,53,TP,fx_cross
EURUSD,2014-04-11 00:00:00+00:00,short,3,-1.0328855090832263,23,SL,fx_major
NZDCAD,2014-04-11 00:00:00+00:00,short,4,2.488997402597403,40,TP,fx_cross
GBPJPY,2014-04-11 00:00:00+00:00,long,1,2.4813189461266223,15,TP,fx_cross
AUDNZD,2014-04-13 00:00:00+00:00,long,1,-1.0176108265424915,17,SL,fx_cross
GBPCHF,2014-04-16 00:00:00+00:00,short,3,-1.0398386319845856,0,SAME_BAR_SL,fx_cross
AUDUSD,2014-04-16 00:00:00+00:00,short,3,-1.0118219349025792,65,SL,fx_major
YM,2014-04-22 00:00:00+00:00,short,3,-1.0099995445920305,17,SL,indices
GBPCHF,2014-04-24 00:00:00+00:00,short,3,-1.0217012441191848,13,SL,fx_cross
GBPNZD,2014-04-24 00:00:00+00:00,short,4,-1.0350562499999998,3,SL,fx_cross
EURGBP,2014-04-24 00:00:00+00:00,long,2,-1.0258192609182535,12,SL,fx_cross
ES,2014-04-24 00:00:00+00:00,short,3,-1.0097425101214574,16,SL,indices
CL,2014-04-25 00:00:00+00:00,long,1,-1.006370966469428,4,SL,commodities
USDJPY,2014-04-29 00:00:00+00:00,long,1,-1.016798036236119,6,SL,fx_major
EURNZD,2014-04-29 00:00:00+00:00,long,1,-1.0260122493536339,1,SL,fx_cross
GBPNZD,2014-04-29 00:00:00+00:00,short,4,2.4764935945485522,5,TP,fx_cross
AUDCHF,2014-04-29 00:00:00+00:00,short,4,-1.0179633733045017,1,SL,fx_cross
EURAUD,2014-04-29 00:00:00+00:00,long,1,-1.0191342403109638,1,SL,fx_cross
CADJPY,2014-04-29 00:00:00+00:00,long,1,2.484730546360041,54,TP,fx_cross
USDCHF,2014-04-30 00:00:00+00:00,long,1,-1.0157822810655608,5,SL,fx_major
CADCHF,2014-04-30 00:00:00+00:00,short,4,-1.0240119139899122,7,SL,fx_cross
AUDCAD,2014-05-01 00:00:00+00:00,short,4,2.4816460831861247,23,TP,fx_cross
EURNZD,2014-05-02 00:00:00+00:00,long,2,-1.0945954243542462,0,SAME_BAR_SL,fx_cross
USDCHF,2014-05-08 00:00:00+00:00,short,4,-1.015277973267019,1,SL,fx_major
AUDNZD,2014-05-08 00:00:00+00:00,short,4,-1.0273691027659093,18,SL,fx_cross
EURAUD,2014-05-08 00:00:00+00:00,long,1,-1.0183452333554524,1,SL,fx_cross
GBPUSD,2014-05-09 00:00:00+00:00,long,1,-1.0277016722799828,4,SL,fx_major
USDJPY,2014-05-12 00:00:00+00:00,short,4,-1.0122358561643834,86,SL,fx_major
EURJPY,2014-05-14 00:00:00+00:00,short,4,2.481697956136257,55,TP,fx_cross
GBPUSD,2014-05-15 00:00:00+00:00,long,2,2.474973331552944,25,TP,fx_major
GBPCHF,2014-05-15 00:00:00+00:00,short,4,-1.0166342931154728,4,SL,fx_cross
ES,2014-05-15 00:00:00+00:00,long,2,2.494565067873303,19,TP,indices
EURGBP,2014-05-15 00:00:00+00:00,long,2,-1.0184763849102278,5,SL,fx_cross
EURAUD,2014-05-16 00:00:00+00:00,short,4,-1.0282864981949464,3,SL,fx_cross
EURNZD,2014-05-20 00:00:00+00:00,short,3,-1.0075770967878814,113,SL,fx_cross
YM,2014-05-21 00:00:00+00:00,short,4,-1.011367619047619,0,SAME_BAR_SL,indices
CL,2014-05-21 00:00:00+00:00,short,4,-1.0036399558985667,19,SL,commodities
GBPCHF,2014-05-28 00:00:00+00:00,long,1,-1.0500220582986304,7,SL,fx_cross
EURGBP,2014-05-28 00:00:00+00:00,short,4,2.452201489250134,7,TP,fx_cross
USDCHF,2014-05-28 00:00:00+00:00,short,3,-1.0179191022443892,53,SL,fx_major
CADCHF,2014-05-29 00:00:00+00:00,short,3,-1.015488251210957,21,SL,fx_cross
EURAUD,2014-06-02 00:00:00+00:00,short,3,2.468898242172766,3,TP,fx_cross
AUDCHF,2014-06-02 00:00:00+00:00,long,2,2.4783998885535174,8,TP,fx_cross
GBPNZD,2014-06-03 00:00:00+00:00,short,4,2.477776780253822,7,TP,fx_cross
NZDCAD,2014-06-05 00:00:00+00:00,short,4,-1.0367525999292535,1,SL,fx_cross
NZDJPY,2014-06-06 00:00:00+00:00,short,3,-1.0553075268817187,4,SL,fx_cross
EURUSD,2014-06-10 00:00:00+00:00,short,3,-1.0194168077511472,17,SL,fx_major
EURAUD,2014-06-11 00:00:00+00:00,long,1,-1.0149798312783909,36,SL,fx_cross
NZDCHF,2014-06-11 00:00:00+00:00,short,3,-1.0115255604660507,1,SL,fx_cross
NZDUSD,2014-06-11 00:00:00+00:00,short,3,-1.0122958848260923,6,SL,fx_major
ES,2014-06-12 00:00:00+00:00,long,1,2.490214603174603,16,TP,indices
YM,2014-06-12 00:00:00+00:00,long,1,2.482846153846154,18,TP,indices
AUDNZD,2014-06-15 00:00:00+00:00,long,2,-1.0252202704389428,3,SL,fx_cross
GBPCHF,2014-06-18 00:00:00+00:00,short,3,2.448678487394958,5,TP,fx_cross
NZDUSD,2014-06-24 00:00:00+00:00,long,1,2.4676111237079024,1,TP,fx_major
CL,2014-06-24 00:00:00+00:00,short,3,2.4955813298565843,15,TP,commodities
AUDCAD,2014-06-25 00:00:00+00:00,short,4,-1.022526354395057,25,SL,fx_cross
AUDCHF,2014-06-25 00:00:00+00:00,short,3,-1.0146793944123615,23,SL,fx_cross
NZDJPY,2014-06-25 00:00:00+00:00,short,3,-1.0202855625893397,1,SL,fx_cross
NZDCHF,2014-06-25 00:00:00+00:00,short,4,-1.016639816688944,1,SL,fx_cross
EURGBP,2014-06-26 00:00:00+00:00,long,1,-1.0308175300997584,5,SL,fx_cross
GBPNZD,2014-06-30 00:00:00+00:00,short,3,-1.0287108370506433,3,SL,fx_cross
EURCAD,2014-06-30 00:00:00+00:00,short,4,-1.0334357929199924,12,SL,fx_cross
CHFJPY,2014-06-30 00:00:00+00:00,short,3,2.4792520544394034,20,TP,fx_cross
AUDNZD,2014-07-01 00:00:00+00:00,short,4,2.4751126436781608,2,TP,fx_cross
AUDUSD,2014-07-02 00:00:00+00:00,long,1,-1.0245990498369815,1,SL,fx_major
GBPJPY,2014-07-02 00:00:00+00:00,short,3,-1.038496908517351,1,SL,fx_cross
USDCAD,2014-07-02 00:00:00+00:00,short,4,-1.0348256634587338,8,SL,fx_major
CADCHF,2014-07-02 00:00:00+00:00,short,3,-1.0868395171773377,1,SL,fx_cross
EURUSD,2014-07-02 00:00:00+00:00,long,1,-1.1672635448577289,1,SL,fx_major
EURCHF,2014-07-03 00:00:00+00:00,short,4,-1.0772526674233787,23,SL,fx_cross
CADJPY,2014-07-07 00:00:00+00:00,long,1,-1.0625047663551364,0,SAME_BAR_SL,fx_cross
ES,2014-07-08 00:00:00+00:00,long,1,-1.006468630490956,20,SL,indices
NZDUSD,2014-07-08 00:00:00+00:00,long,1,-1.0179418925831203,7,SL,fx_major
CADJPY,2014-07-08 00:00:00+00:00,long,1,-1.029730496929089,3,SL,fx_cross
NZDCAD,2014-07-09 00:00:00+00:00,short,3,2.484173207150368,13,TP,fx_cross
YM,2014-07-10 00:00:00+00:00,long,2,-1.0088466556836904,18,SL,indices
GBPJPY,2014-07-10 00:00:00+00:00,long,2,-1.0282076367869621,23,SL,fx_cross
CADCHF,2014-07-11 00:00:00+00:00,long,1,-1.0564254918527467,0,SAME_BAR_SL,fx_cross
EURGBP,2014-07-15 00:00:00+00:00,long,1,-1.0438475590551184,0,SAME_BAR_SL,fx_cross
GBPCHF,2014-07-15 00:00:00+00:00,short,4,-1.0432619838056665,0,SAME_BAR_SL,fx_cross
USDCAD,2014-07-16 00:00:00+00:00,long,1,2.4522661691147287,8,TP,fx_major
CADJPY,2014-07-17 00:00:00+00:00,long,1,-1.0165737835715405,16,SL,fx_cross
CL,2014-07-17 00:00:00+00:00,short,4,2.4917699502487562,10,TP,commodities
GBPUSD,2014-07-18 00:00:00+00:00,long,1,-1.0596565426695834,5,SL,fx_major
NZDUSD,2014-07-20 00:00:00+00:00,short,4,2.4677807407407397,3,TP,fx_major
NZDCHF,2014-07-20 00:00:00+00:00,short,4,-1.0401880385852105,3,SL,fx_cross
AUDUSD,2014-07-21 00:00:00+00:00,long,2,2.469099186800235,3,TP,fx_major
CADCHF,2014-07-22 00:00:00+00:00,short,3,-1.0331266549171674,1,SL,fx_cross
AUDNZD,2014-07-23 00:00:00+00:00,short,3,-1.0251239901880618,5,SL,fx_cross
AUDCHF,2014-07-24 00:00:00+00:00,short,4,-1.0125936564805058,36,SL,fx_cross
CHFJPY,2014-07-24 00:00:00+00:00,short,4,-1.0385893398533002,5,SL,fx_cross
EURJPY,2014-07-24 00:00:00+00:00,short,4,-1.0314588505747122,5,SL,fx_cross
NQ,2014-07-25 00:00:00+00:00,long,1,-1.0067191489361702,5,SL,indices
CADCHF,2014-07-25 00:00:00+00:00,long,1,-1.0439865290806767,4,SL,fx_cross
EURCAD,2014-07-25 00:00:00+00:00,short,4,-1.0353646639112475,4,SL,fx_cross
USDCAD,2014-07-27 00:00:00+00:00,short,4,-1.0153362299025195,3,SL,fx_major
AUDUSD,2014-07-30 00:00:00+00:00,long,2,-1.0309008131997648,0,SAME_BAR_SL,fx_major
CADCHF,2014-07-31 00:00:00+00:00,long,2,-1.023098578152093,7,SL,fx_cross
EURAUD,2014-07-31 00:00:00+00:00,short,4,-1.033029217533798,7,SL,fx_cross
USDCHF,2014-08-01 00:00:00+00:00,long,1,2.436199823788545,3,TP,fx_major
EURUSD,2014-08-04 00:00:00+00:00,long,2,-1.0324895674740477,2,SL,fx_major
USDCAD,2014-08-05 00:00:00+00:00,short,4,-1.024599029865704,30,SL,fx_major
NZDUSD,2014-08-05 00:00:00+00:00,long,2,-1.0187324099722992,13,SL,fx_major
GBPCHF,2014-08-05 00:00:00+00:00,short,4,2.461221642599277,3,TP,fx_cross
GBPUSD,2014-08-05 00:00:00+00:00,short,4,2.452883268560041,6,TP,fx_major
EURGBP,2014-08-05 00:00:00+00:00,long,2,2.4662487234042554,7,TP,fx_cross
ES,2014-08-06 00:00:00+00:00,short,4,-1.0066021505376344,6,SL,indices
NZDCAD,2014-08-06 00:00:00+00:00,short,3,2.484642547393365,24,TP,fx_cross
NZDCHF,2014-08-06 00:00:00+00:00,short,4,2.4823238672675134,41,TP,fx_cross
CHFJPY,2014-08-06 00:00:00+00:00,long,1,-1.0674237606837622,0,SAME_BAR_SL,fx_cross
USDCHF,2014-08-07 00:00:00+00:00,long,2,-1.0691437985023833,1,SL,fx_major
AUDNZD,2014-08-07 00:00:00+00:00,long,2,2.461064720812183,9,TP,fx_cross
EURCAD,2014-08-08 00:00:00+00:00,short,4,2.4801951876804624,14,TP,fx_cross
GBPNZD,2014-08-08 00:00:00+00:00,long,2,-1.0399078351628581,4,SL,fx_cross
EURUSD,2014-08-08 00:00:00+00:00,short,3,2.3914097687861418,2,TP,fx_major
GBPJPY,2014-08-08 00:00:00+00:00,long,2,-1.0386242316975063,0,SAME_BAR_SL,fx_cross
YM,2014-08-08 00:00:00+00:00,short,4,-1.0102225,0,SAME_BAR_SL,indices
USDCHF,2014-08-12 00:00:00+00:00,short,3,-1.0259028542303774,7,SL,fx_major
CADJPY,2014-08-13 00:00:00+00:00,short,4,-1.053181021750124,2,SL,fx_cross
GBPCHF,2014-08-13 00:00:00+00:00,short,4,2.4508945683969023,1,TP,fx_cross
CHFJPY,2014-08-14 00:00:00+00:00,short,3,-1.0364890322580647,1,SL,fx_cross
NQ,2014-08-14 00:00:00+00:00,short,4,-1.0084045182724253,1,SL,indices
CL,2014-08-15 00:00:00+00:00,short,4,2.4955056647398846,3,TP,commodities
NZDJPY,2014-08-15 00:00:00+00:00,short,3,-1.0251252276820166,20,SL,fx_cross
YM,2014-08-18 00:00:00+00:00,short,4,-1.005833579175705,3,SL,indices
ES,2014-08-18 00:00:00+00:00,short,4,-1.0078042236024845,2,SL,indices
GBPNZD,2014-08-19 00:00:00+00:00,long,2,-1.0230428568445238,15,SL,fx_cross
EURJPY,2014-08-20 00:00:00+00:00,short,3,-1.0378566601178771,11,SL,fx_cross
GBPUSD,2014-08-20 00:00:00+00:00,short,4,2.4672474614305755,11,TP,fx_major
USDJPY,2014-08-21 00:00:00+00:00,short,3,-1.0327947629796852,2,SL,fx_major
EURCHF,2014-08-22 00:00:00+00:00,long,2,-1.1733164194373267,2,SL,fx_cross
NZDUSD,2014-08-22 00:00:00+00:00,short,4,2.4803790174854288,14,TP,fx_major
CADJPY,2014-08-25 00:00:00+00:00,short,4,-1.0239757406573622,2,SL,fx_cross
EURUSD,2014-08-25 00:00:00+00:00,long,1,-1.0734898954703842,1,SL,fx_major
CHFJPY,2014-08-26 00:00:00+00:00,long,1,-1.0304493959731542,8,SL,fx_cross
CADCHF,2014-08-27 00:00:00+00:00,short,3,-1.0310721374297978,0,SAME_BAR_SL,fx_cross
USDCHF,2014-08-28 00:00:00+00:00,short,3,-1.037240813362383,2,SL,fx_major
GBPJPY,2014-09-02 00:00:00+00:00,short,3,2.4455564613661833,1,TP,fx_cross
GBPCHF,2014-09-02 00:00:00+00:00,long,2,-1.0390071710224678,0,SAME_BAR_SL,fx_cross
EURGBP,2014-09-02 00:00:00+00:00,short,4,-1.0388198254799301,0,SAME_BAR_SL,fx_cross
EURCAD,2014-09-03 00:00:00+00:00,long,2,-1.0216070876531573,1,SL,fx_cross
GBPCAD,2014-09-03 00:00:00+00:00,long,2,-1.0217905167173253,1,SL,fx_cross
CL,2014-09-03 00:00:00+00:00,short,3,2.450565161290323,1,TP,commodities
GBPUSD,2014-09-03 00:00:00+00:00,long,1,-1.0273807460246687,1,SL,fx_major
AUDUSD,2014-09-03 00:00:00+00:00,short,3,-1.0215840132258733,1,SL,fx_major
CADCHF,2014-09-03 00:00:00+00:00,short,3,-1.0221854562558796,1,SL,fx_cross
EURGBP,2014-09-04 00:00:00+00:00,long,2,2.462064732563115,2,TP,fx_cross
GBPCHF,2014-09-04 00:00:00+00:00,short,3,2.4634281722734084,2,TP,fx_cross
CADJPY,2014-09-04 00:00:00+00:00,short,4,-1.0176376731301937,5,SL,fx_cross
GBPJPY,2014-09-04 00:00:00+00:00,long,1,-1.0251757664233583,1,SL,fx_cross
USDCHF,2014-09-04 00:00:00+00:00,short,3,-1.0674150487329435,0,SAME_BAR_SL,fx_major
NZDCAD,2014-09-05 00:00:00+00:00,short,4,2.475062719449226,10,TP,fx_cross
GBPUSD,2014-09-07 00:00:00+00:00,long,2,-1.0277755371900823,1,SL,fx_major
NQ,2014-09-07 00:00:00+00:00,long,1,-1.0062240380047507,7,SL,indices
AUDJPY,2014-09-09 00:00:00+00:00,long,1,-1.0368643073811918,1,SL,fx_cross
USDCHF,2014-09-09 00:00:00+00:00,short,4,2.4411491479820615,6,TP,fx_major
EURUSD,2014-09-09 00:00:00+00:00,short,4,2.4752807646356043,14,TP,fx_major
AUDCAD,2014-09-10 00:00:00+00:00,long,1,-1.0373808338848445,0,SAME_BAR_SL,fx_cross
AUDNZD,2014-09-10 00:00:00+00:00,long,1,-1.0296148868239212,4,SL,fx_cross
EURAUD,2014-09-10 00:00:00+00:00,short,4,2.460263957968477,1,TP,fx_cross
AUDUSD,2014-09-10 00:00:00+00:00,long,1,-1.0254645023579054,1,SL,fx_major
EURJPY,2014-09-10 00:00:00+00:00,short,3,-1.0370083221476507,1,SL,fx_cross
CL,2014-09-11 00:00:00+00:00,short,4,2.4971187596899225,24,TP,commodities
GBPAUD,2014-09-11 00:00:00+00:00,short,4,-1.0162082924043405,1,SL,fx_cross
GBPJPY,2014-09-11 00:00:00+00:00,short,3,-1.0703660606060623,1,SL,fx_cross
CADCHF,2014-09-12 00:00:00+00:00,long,2,2.4669405950297505,4,TP,fx_cross
EURCAD,2014-09-12 00:00:00+00:00,short,3,-1.0317300079176561,0,SAME_BAR_SL,fx_cross
EURAUD,2014-09-12 00:00:00+00:00,short,4,-1.0242929219600727,6,SL,fx_cross
GBPUSD,2014-09-16 00:00:00+00:00,short,4,-1.047006405767252,1,SL,fx_major
USDCAD,2014-09-16 00:00:00+00:00,long,1,-1.0250081723927613,3,SL,fx_major
ES,2014-09-16 00:00:00+00:00,short,4,-1.0107328270042195,1,SL,indices
EURJPY,2014-09-17 00:00:00+00:00,short,3,-1.0296477086494693,1,SL,fx_cross
AUDNZD,2014-09-17 00:00:00+00:00,long,2,-1.0090051808096816,2,SL,fx_cross
EURCAD,2014-09-17 00:00:00+00:00,long,1,-1.0210487923728815,2,SL,fx_cross
GBPAUD,2014-09-17 00:00:00+00:00,short,4,-1.029208136180034,0,SAME_BAR_SL,fx_cross
GBPJPY,2014-09-17 00:00:00+00:00,short,3,-1.0707296969696987,0,SAME_BAR_SL,fx_cross
GBPUSD,2014-09-18 00:00:00+00:00,short,4,-1.044583396226415,1,SL,fx_major
CADJPY,2014-09-18 00:00:00+00:00,short,3,-1.0533501781415504,0,SAME_BAR_SL,fx_cross
NQ,2014-09-18 00:00:00+00:00,short,3,-1.0333329936305733,0,SAME_BAR_SL,indices
GBPAUD,2014-09-18 00:00:00+00:00,short,3,-1.0287871631305323,1,SL,fx_cross
GBPCAD,2014-09-19 00:00:00+00:00,long,2,2.471664411473788,3,TP,fx_cross
AUDNZD,2014-09-21 00:00:00+00:00,long,2,2.484642513089005,7,TP,fx_cross
AUDCAD,2014-09-22 00:00:00+00:00,long,2,2.478262365591398,20,TP,fx_cross
NQ,2014-09-22 00:00:00+00:00,long,2,-1.0042584615384615,8,SL,indices
USDCAD,2014-09-22 00:00:00+00:00,short,4,-1.0248093338716187,0,SAME_BAR_SL,fx_major
ES,2014-09-22 00:00:00+00:00,long,1,-1.0117633179723502,1,SL,indices
NZDJPY,2014-09-23 00:00:00+00:00,long,1,-1.0143866101942454,2,SL,fx_cross
AUDUSD,2014-09-23 00:00:00+00:00,short,4,2.460320698689957,1,TP,fx_major
NZDUSD,2014-09-23 00:00:00+00:00,long,1,-1.0189713973523855,2,SL,fx_major
YM,2014-09-23 00:00:00+00:00,long,2,-1.0058946278317151,7,SL,indices
AUDCHF,2014-09-24 00:00:00+00:00,short,4,-1.0193476137533455,11,SL,fx_cross
EURAUD,2014-09-24 00:00:00+00:00,long,1,2.4809022543558137,18,TP,fx_cross
CHFJPY,2014-09-24 00:00:00+00:00,long,1,-1.0301980524344565,5,SL,fx_cross
EURJPY,2014-09-25 00:00:00+00:00,long,2,-1.037303087248324,0,SAME_BAR_SL,fx_cross
AUDJPY,2014-09-25 00:00:00+00:00,long,1,-1.0790371702284467,0,SAME_BAR_SL,fx_cross
AUDUSD,2014-09-25 00:00:00+00:00,long,1,-1.0090883731219467,5,SL,fx_major
USDCHF,2014-09-25 00:00:00+00:00,short,4,-1.0145695463293924,4,SL,fx_major
GBPUSD,2014-09-26 00:00:00+00:00,long,1,-1.017207638115025,5,SL,fx_major
NZDUSD,2014-09-26 00:00:00+00:00,long,1,-1.0180907233346956,2,SL,fx_major
NZDCAD,2014-09-29 00:00:00+00:00,long,1,-1.0104296204953758,0,SAME_BAR_SL,fx_cross
CADCHF,2014-09-30 00:00:00+00:00,short,3,2.4045669910625684,1,TP,fx_cross
NZDCHF,2014-10-01 00:00:00+00:00,short,4,-1.0638203658536551,0,SAME_BAR_SL,fx_cross
AUDJPY,2014-10-01 00:00:00+00:00,long,2,-1.0154826428159258,1,SL,fx_cross
CHFJPY,2014-10-01 00:00:00+00:00,long,1,-1.031375952848722,1,SL,fx_cross
EURNZD,2014-10-01 00:00:00+00:00,long,1,-1.076026184265879,0,SAME_BAR_SL,fx_cross
AUDNZD,2014-10-01 00:00:00+00:00,long,1,-1.0284592842489173,9,SL,fx_cross
NZDCAD,2014-10-01 00:00:00+00:00,short,4,-1.0723671039056715,1,SL,fx_cross
NZDJPY,2014-10-02 00:00:00+00:00,short,4,2.436967544204324,1,TP,fx_cross
NZDUSD,2014-10-02 00:00:00+00:00,short,4,-1.0876768127490035,0,SAME_BAR_SL,fx_major
GBPJPY,2014-10-02 00:00:00+00:00,long,1,-1.0117336660268716,8,SL,fx_cross
CADJPY,2014-10-02 00:00:00+00:00,long,2,-1.0260176777591565,6,SL,fx_cross
GBPNZD,2014-10-02 00:00:00+00:00,long,1,-1.036965276269561,0,SAME_BAR_SL,fx_cross
YM,2014-10-03 00:00:00+00:00,short,3,2.49149262166405,5,TP,indices
NZDUSD,2014-10-03 00:00:00+00:00,long,1,-1.0226940400103925,0,SAME_BAR_SL,fx_major
NQ,2014-10-03 00:00:00+00:00,short,3,2.4918965149136576,4,TP,indices
USDCAD,2014-10-06 00:00:00+00:00,long,2,2.487651541345964,54,TP,fx_major
EURUSD,2014-10-06 00:00:00+00:00,short,4,-1.0148637038595014,2,SL,fx_major
USDJPY,2014-10-06 00:00:00+00:00,long,2,-1.0114775798571964,3,SL,fx_major
AUDUSD,2014-10-06 00:00:00+00:00,short,4,-1.007593851430353,3,SL,fx_major
ES,2014-10-07 00:00:00+00:00,long,2,-1.0050549593495934,3,SL,indices
USDCHF,2014-10-07 00:00:00+00:00,long,1,-1.0145343140181844,2,SL,fx_major
GBPUSD,2014-10-08 00:00:00+00:00,short,4,2.4881457727630543,32,TP,fx_major
EURCAD,2014-10-08 00:00:00+00:00,short,3,-1.0283464669163536,4,SL,fx_cross
CHFJPY,2014-10-09 00:00:00+00:00,long,2,-1.0143287285843101,1,SL,fx_cross
NQ,2014-10-10 00:00:00+00:00,long,1,-1.0091512979890311,0,SAME_BAR_SL,indices
EURUSD,2014-10-10 00:00:00+00:00,long,1,2.4798364148527527,4,TP,fx_major
NZDUSD,2014-10-10 00:00:00+00:00,long,1,2.477785720081136,4,TP,fx_major
NZDCHF,2014-10-12 00:00:00+00:00,long,1,2.472998292367399,8,TP,fx_cross
USDJPY,2014-10-12 00:00:00+00:00,long,1,-1.0216905050505056,2,SL,fx_major
AUDUSD,2014-10-12 00:00:00+00:00,long,2,2.4619436805011725,1,TP,fx_major
EURGBP,2014-10-14 00:00:00+00:00,short,4,-1.015150872894334,1,SL,fx_cross
EURCHF,2014-10-14 00:00:00+00:00,long,2,-1.0668787339268047,18,SL,fx_cross
GBPCHF,2014-10-14 00:00:00+00:00,long,1,-1.0145344412216346,1,SL,fx_cross
GBPNZD,2014-10-14 00:00:00+00:00,long,1,-1.0090853808079197,1,SL,fx_cross
NZDCAD,2014-10-15 00:00:00+00:00,short,4,2.4854067101638395,7,TP,fx_cross
USDCHF,2014-10-15 00:00:00+00:00,long,1,2.481633288029273,13,TP,fx_major
CADCHF,2014-10-15 00:00:00+00:00,long,1,2.4833142551674983,12,TP,fx_cross
USDJPY,2014-10-15 00:00:00+00:00,long,1,2.485312461461959,7,TP,fx_major
NQ,2014-10-15 00:00:00+00:00,long,1,-1.006682510460251,0,SAME_BAR_SL,indices
EURCAD,2014-10-15 00:00:00+00:00,short,4,2.48403114220952,12,TP,fx_cross
CADJPY,2014-10-15 00:00:00+00:00,long,1,-1.0157823358755795,0,SAME_BAR_SL,fx_cross
NZDJPY,2014-10-16 00:00:00+00:00,long,2,-1.012404474202442,0,SAME_BAR_SL,fx_cross
CL,2014-10-16 00:00:00+00:00,short,4,2.496510476190476,9,TP,commodities
GBPNZD,2014-10-16 00:00:00+00:00,short,4,-1.023305281704569,5,SL,fx_cross
GBPJPY,2014-10-17 00:00:00+00:00,short,4,-1.0187567289719628,5,SL,fx_cross
YM,2014-10-19 00:00:00+00:00,long,2,2.498303958602846,181,TP,indices
CHFJPY,2014-10-22 00:00:00+00:00,short,3,-1.0164578102189779,3,SL,fx_cross
CADJPY,2014-10-22 00:00:00+00:00,short,4,-1.0092352132619582,6,SL,fx_cross
EURGBP,2014-10-22 00:00:00+00:00,long,1,-1.0317195111430624,8,SL,fx_cross
AUDCHF,2014-10-22 00:00:00+00:00,short,3,2.488353499442172,37,TP,fx_cross
NZDJPY,2014-10-23 00:00:00+00:00,short,3,-1.008625543488181,4,SL,fx_cross
AUDJPY,2014-10-24 00:00:00+00:00,short,4,-1.0157610766045548,4,SL,fx_cross
NZDUSD,2014-10-28 00:00:00+00:00,short,3,2.4925902507522566,74,TP,fx_major
CL,2014-10-29 00:00:00+00:00,short,4,2.4971419847328242,5,TP,commodities
GBPNZD,2014-10-29 00:00:00+00:00,long,1,-1.0092874299465677,12,SL,fx_cross
AUDCAD,2014-10-30 00:00:00+00:00,short,3,-1.014583028865164,4,SL,fx_cross
CADCHF,2014-10-30 00:00:00+00:00,short,4,-1.0181461497529456,19,SL,fx_cross
CHFJPY,2014-10-31 00:00:00+00:00,short,4,-1.0170700898045428,0,SAME_BAR_SL,fx_cross
GBPCHF,2014-10-31 00:00:00+00:00,short,4,-1.0399875365683768,1,SL,fx_cross
GBPJPY,2014-10-31 00:00:00+00:00,short,4,-1.01990055354994,0,SAME_BAR_SL,fx_cross
USDJPY,2014-10-31 00:00:00+00:00,short,3,-1.057301791044776,0,SAME_BAR_SL,fx_major
EURUSD,2014-10-31 00:00:00+00:00,long,2,-1.1485239830508247,0,SAME_BAR_SL,fx_major
CADJPY,2014-10-31 00:00:00+00:00,short,3,-1.02346260649515,1,SL,fx_cross
USDCHF,2014-11-02 00:00:00+00:00,short,3,2.440612982456139,2,TP,fx_major
AUDJPY,2014-11-03 00:00:00+00:00,short,4,-1.0056729687420065,10,SL,fx_cross
CHFJPY,2014-11-03 00:00:00+00:00,short,3,-1.0217518313570484,2,SL,fx_cross
EURJPY,2014-11-03 00:00:00+00:00,short,4,-1.0189332441471575,1,SL,fx_cross
AUDNZD,2014-11-04 00:00:00+00:00,long,2,-1.0433147994467533,1,SL,fx_cross
NZDJPY,2014-11-04 00:00:00+00:00,short,3,-1.024574525637849,1,SL,fx_cross
NZDCAD,2014-11-04 00:00:00+00:00,short,3,-1.0145367522370543,0,SAME_BAR_SL,fx_cross
AUDCAD,2014-11-05 00:00:00+00:00,long,2,-1.0201100254452924,0,SAME_BAR_SL,fx_cross
NZDCAD,2014-11-05 00:00:00+00:00,long,1,2.486815738583099,32,TP,fx_cross
EURCHF,2014-11-06 00:00:00+00:00,short,0,-1.0824568356750142,36,SL,fx_cross
GBPCAD,2014-11-07 00:00:00+00:00,long,1,-1.0513456765005087,0,SAME_BAR_SL,fx_cross
EURAUD,2014-11-07 00:00:00+00:00,long,1,-1.0139308653929282,5,SL,fx_cross
GBPCHF,2014-11-10 00:00:00+00:00,long,1,-1.0234029862153675,3,SL,fx_cross
NZDJPY,2014-11-11 00:00:00+00:00,short,3,-1.0210935697698966,0,SAME_BAR_SL,fx_cross
EURJPY,2014-11-11 00:00:00+00:00,short,3,-1.0250106798516687,3,SL,fx_cross
CL,2014-11-11 00:00:00+00:00,short,4,2.4977663309352516,14,TP,commodities
GBPJPY,2014-11-12 00:00:00+00:00,long,1,-1.0084337305104218,47,SL,fx_cross
USDJPY,2014-11-12 00:00:00+00:00,long,1,2.49060924330617,18,TP,fx_major
CHFJPY,2014-11-12 00:00:00+00:00,long,1,2.4884550570342205,6,TP,fx_cross
GBPNZD,2014-11-13 00:00:00+00:00,long,2,-1.0283556698930212,1,SL,fx_cross
GBPAUD,2014-11-13 00:00:00+00:00,long,1,2.48842572541829,16,TP,fx_cross
USDCHF,2014-11-17 00:00:00+00:00,long,1,2.448344725168756,1,TP,fx_major
EURCAD,2014-11-18 00:00:00+00:00,short,3,-1.0334996572879198,1,SL,fx_cross
EURNZD,2014-11-19 00:00:00+00:00,short,4,2.4915449862702395,41,TP,fx_cross
USDCHF,2014-11-19 00:00:00+00:00,long,1,2.4884291342507314,25,TP,fx_major
NZDCHF,2014-11-19 00:00:00+00:00,long,1,-1.0088663437139562,18,SL,fx_cross
AUDUSD,2014-11-20 00:00:00+00:00,long,2,2.475258496395469,1,TP,fx_major
GBPNZD,2014-11-21 00:00:00+00:00,long,2,2.488675180895035,14,TP,fx_cross
CHFJPY,2014-11-21 00:00:00+00:00,long,1,2.4813219361936194,11,TP,fx_cross
EURAUD,2014-11-21 00:00:00+00:00,long,2,2.4831710365086024,3,TP,fx_cross
EURJPY,2014-11-23 00:00:00+00:00,long,1,2.4811873062730627,10,TP,fx_cross
AUDCAD,2014-11-24 00:00:00+00:00,long,2,-1.0239713745326589,1,SL,fx_cross
GBPCAD,2014-11-24 00:00:00+00:00,short,3,-1.034317790055249,3,SL,fx_cross
AUDJPY,2014-11-25 00:00:00+00:00,short,3,2.490876561898653,14,TP,fx_cross
EURUSD,2014-11-26 00:00:00+00:00,short,3,2.4819008491418244,7,TP,fx_major
AUDUSD,2014-11-27 00:00:00+00:00,short,4,2.4917149458483756,10,TP,fx_major
CADJPY,2014-11-27 00:00:00+00:00,long,1,-1.0513238028169003,0,SAME_BAR_SL,fx_cross
CADCHF,2014-11-28 00:00:00+00:00,long,2,-1.0187653707731859,10,SL,fx_cross
EURCAD,2014-11-28 00:00:00+00:00,short,3,-1.018858874376633,10,SL,fx_cross
GBPCAD,2014-11-28 00:00:00+00:00,short,4,-1.0375479894776403,0,SAME_BAR_SL,fx_cross
AUDNZD,2014-12-01 00:00:00+00:00,long,1,-1.0295318771331061,0,SAME_BAR_SL,fx_cross
GBPUSD,2014-12-02 00:00:00+00:00,long,2,-1.0272432949953367,3,SL,fx_major
GBPCHF,2014-12-03 00:00:00+00:00,short,4,2.4791451700680276,10,TP,fx_cross
EURGBP,2014-12-03 00:00:00+00:00,long,1,2.4815937366548044,11,TP,fx_cross
AUDCHF,2014-12-08 00:00:00+00:00,long,1,-1.0088137093950593,3,SL,fx_cross
EURAUD,2014-12-08 00:00:00+00:00,short,3,-1.0165218025155986,3,SL,fx_cross
EURUSD,2014-12-08 00:00:00+00:00,short,4,-1.0096958661417321,2,SL,fx_major
CADJPY,2014-12-08 00:00:00+00:00,long,1,-1.0197882920294705,1,SL,fx_cross
GBPNZD,2014-12-09 00:00:00+00:00,long,2,-1.0128321951219512,1,SL,fx_cross
GBPCAD,2014-12-09 00:00:00+00:00,short,4,-1.0205424362375026,2,SL,fx_cross
USDJPY,2014-12-09 00:00:00+00:00,long,1,-1.0218673437499999,0,SAME_BAR_SL,fx_major
NZDJPY,2014-12-10 00:00:00+00:00,long,1,2.4804592462215425,1,TP,fx_cross
AUDUSD,2014-12-11 00:00:00+00:00,long,2,-1.019757406696524,2,SL,fx_major
ES,2014-12-11 00:00:00+00:00,short,4,2.475413831775701,1,TP,indices
NQ,2014-12-11 00:00:00+00:00,short,4,2.488993802816901,1,TP,indices
CADJPY,2014-12-12 00:00:00+00:00,long,1,-1.014920291970803,2,SL,fx_cross
GBPCAD,2014-12-12 00:00:00+00:00,short,3,-1.0282699057127003,3,SL,fx_cross
EURAUD,2014-12-12 00:00:00+00:00,short,4,-1.0108471464338447,4,SL,fx_cross
AUDCHF,2014-12-14 00:00:00+00:00,long,2,2.4911078260869566,22,TP,fx_cross
NZDCHF,2014-12-16 00:00:00+00:00,long,2,2.473116214998391,2,TP,fx_cross
CADCHF,2014-12-16 00:00:00+00:00,long,2,2.4862152942938445,2,TP,fx_cross
AUDJPY,2014-12-16 00:00:00+00:00,long,1,-1.0216867689822289,1,SL,fx_cross
NZDCAD,2014-12-16 00:00:00+00:00,short,4,2.470095149035651,1,TP,fx_cross
CADJPY,2014-12-16 00:00:00+00:00,long,1,2.4839711922141117,1,TP,fx_cross
EURUSD,2014-12-16 00:00:00+00:00,short,3,2.4819008491418244,2,TP,fx_major
GBPCHF,2014-12-16 00:00:00+00:00,long,2,2.482077318293072,2,TP,fx_cross
EURJPY,2014-12-16 00:00:00+00:00,long,1,-1.0188126937269373,15,SL,fx_cross
CL,2014-12-16 00:00:00+00:00,short,4,-1.0021677909738718,1,SL,commodities
CHFJPY,2014-12-16 00:00:00+00:00,short,4,2.487281366505756,17,TP,fx_cross
NQ,2014-12-17 00:00:00+00:00,short,4,-1.0037638955539874,1,SL,indices
NZDJPY,2014-12-17 00:00:00+00:00,short,4,-1.0068333621319865,10,SL,fx_cross
GBPUSD,2014-12-18 00:00:00+00:00,short,3,2.4876994608256107,14,TP,fx_major
ES,2014-12-18 00:00:00+00:00,short,4,-1.0245861682242992,0,SAME_BAR_SL,indices
CADJPY,2014-12-18 00:00:00+00:00,short,4,-1.010374161849711,4,SL,fx_cross
EURCAD,2014-12-18 00:00:00+00:00,long,1,-1.0238011221611987,0,SAME_BAR_SL,fx_cross
CADCHF,2014-12-19 00:00:00+00:00,short,4,-1.0360264543041335,9,SL,fx_cross
AUDJPY,2014-12-19 00:00:00+00:00,short,4,2.4939442055143397,35,TP,fx_cross
ES,2014-12-19 00:00:00+00:00,short,3,-1.010708987854251,3,SL,indices
NZDCHF,2014-12-19 00:00:00+00:00,short,3,-1.021990647482014,8,SL,fx_cross
CL,2014-12-21 00:00:00+00:00,long,2,-1.0011415075376884,8,SL,commodities
USDJPY,2014-12-22 00:00:00+00:00,short,4,2.487850575878305,20,TP,fx_major
NQ,2014-12-23 00:00:00+00:00,short,3,2.4849678474114443,7,TP,indices
EURCAD,2014-12-23 00:00:00+00:00,long,1,-1.0369722646784696,6,SL,fx_cross
AUDUSD,2014-12-30 00:00:00+00:00,short,4,2.489183123236124,21,TP,fx_major
EURAUD,2014-12-31 00:00:00+00:00,long,1,-1.0462107872696826,3,SL,fx_cross
EURGBP,2014-12-31 00:00:00+00:00,long,2,-1.0257990197815168,1,SL,fx_cross
EURGBP,2015-01-02 00:00:00+00:00,short,4,-1.0195813207969555,3,SL,fx_cross
GBPCHF,2015-01-02 00:00:00+00:00,long,1,-1.023689377490724,1,SL,fx_cross
EURJPY,2015-01-04 00:00:00+00:00,long,1,-1.0110335218226738,2,SL,fx_cross
EURCAD,2015-01-04 00:00:00+00:00,long,2,-1.0088233926189416,4,SL,fx_cross
CADCHF,2015-01-04 00:00:00+00:00,short,3,-1.0091468283294842,4,SL,fx_cross
AUDCAD,2015-01-04 00:00:00+00:00,short,3,-1.011217331095258,5,SL,fx_cross
GBPNZD,2015-01-05 00:00:00+00:00,short,3,2.473518334122101,1,TP,fx_cross
GBPAUD,2015-01-06 00:00:00+00:00,long,1,-1.0135162570084422,2,SL,fx_cross
NZDCHF,2015-01-06 00:00:00+00:00,short,3,-1.0369331989924437,1,SL,fx_cross
CADJPY,2015-01-06 00:00:00+00:00,long,2,-1.0059960830860535,5,SL,fx_cross
ES,2015-01-06 00:00:00+00:00,long,2,-1.002993885647608,196,SL,indices
NZDJPY,2015-01-08 00:00:00+00:00,short,3,2.4848845337574095,4,TP,fx_cross
GBPCAD,2015-01-08 00:00:00+00:00,long,1,-1.0360214169821527,0,SAME_BAR_SL,fx_cross
CHFJPY,2015-01-11 00:00:00+00:00,long,1,-1.050828491446343,1,SL,fx_cross
GBPCAD,2015-01-12 00:00:00+00:00,short,4,-1.025287587587587,0,SAME_BAR_SL,fx_cross
AUDNZD,2015-01-13 00:00:00+00:00,short,3,-1.0264235410129976,1,SL,fx_cross
EURGBP,2015-01-13 00:00:00+00:00,long,2,-1.03404107938991,1,SL,fx_cross
GBPCHF,2015-01-13 00:00:00+00:00,short,3,-1.0339091392801245,1,SL,fx_cross
EURJPY,2015-01-14 00:00:00+00:00,long,1,-1.0201188321167882,1,SL,fx_cross
EURUSD,2015-01-14 00:00:00+00:00,short,4,2.4815018141097425,1,TP,fx_major
USDCHF,2015-01-14 00:00:00+00:00,long,1,-1.0188315956392464,1,SL,fx_major
GBPUSD,2015-01-14 00:00:00+00:00,short,4,2.475065701779983,7,TP,fx_major
CADJPY,2015-01-14 00:00:00+00:00,long,1,-1.0289520148265816,0,SAME_BAR_SL,fx_cross
CHFJPY,2015-01-14 00:00:00+00:00,long,1,2.4805169080949487,1,TP,fx_cross
GBPCHF,2015-01-15 00:00:00+00:00,long,2,-1.0119666453007379,0,SAME_BAR_SL,fx_cross
CADCHF,2015-01-15 00:00:00+00:00,long,2,-1.0137847057061555,0,SAME_BAR_SL,fx_cross
EURNZD,2015-01-15 00:00:00+00:00,long,2,-1.0249457020775008,0,SAME_BAR_SL,fx_cross
CL,2015-01-15 00:00:00+00:00,short,4,2.498264336569579,8,TP,commodities
USDCAD,2015-01-15 00:00:00+00:00,long,1,-1.043027905471027,0,SAME_BAR_SL,fx_major
AUDCHF,2015-01-15 00:00:00+00:00,long,2,-1.0465141025641045,0,SAME_BAR_SL,fx_cross
NZDCHF,2015-01-15 00:00:00+00:00,long,1,-1.0091163323541754,0,SAME_BAR_SL,fx_cross
EURCAD,2015-01-15 00:00:00+00:00,long,2,-1.0155055474163532,0,SAME_BAR_SL,fx_cross
GBPJPY,2015-01-16 00:00:00+00:00,short,4,-1.008806859562456,18,SL,fx_cross
NZDCAD,2015-01-16 00:00:00+00:00,long,1,-1.0097045312500001,10,SL,fx_cross
USDJPY,2015-01-16 00:00:00+00:00,short,4,-1.0074192425608657,22,SL,fx_major
CADJPY,2015-01-16 00:00:00+00:00,short,4,2.4912541202672607,7,TP,fx_cross
AUDNZD,2015-01-16 00:00:00+00:00,short,3,-1.0119096610169493,3,SL,fx_cross
NQ,2015-01-18 00:00:00+00:00,short,4,-1.0026930628803246,5,SL,indices
AUDCAD,2015-01-19 00:00:00+00:00,long,1,-1.00993382259672,13,SL,fx_cross
NZDJPY,2015-01-21 00:00:00+00:00,long,1,-1.0119191973244146,2,SL,fx_cross
EURJPY,2015-01-21 00:00:00+00:00,long,1,-1.0186343220753793,1,SL,fx_cross
USDCHF,2015-01-21 00:00:00+00:00,long,2,2.4936482773164625,5,TP,fx_major
EURNZD,2015-01-21 00:00:00+00:00,short,3,-1.0156542930591264,0,SAME_BAR_SL,fx_cross
CADCHF,2015-01-21 00:00:00+00:00,long,2,-1.0061999014019412,0,SAME_BAR_SL,fx_cross
EURCHF,2015-01-21 00:00:00+00:00,long,2,2.494584908481818,11,TP,fx_cross
EURAUD,2015-01-22 00:00:00+00:00,short,4,-1.0069034577956875,7,SL,fx_cross
EURNZD,2015-01-23 00:00:00+00:00,long,2,2.48798996695877,4,TP,fx_cross
EURJPY,2015-01-23 00:00:00+00:00,long,1,-1.0555280239520952,0,SAME_BAR_SL,fx_cross
AUDNZD,2015-01-26 00:00:00+00:00,short,3,-1.014723683821719,2,SL,fx_cross
AUDCHF,2015-01-26 00:00:00+00:00,short,3,-1.009229952694127,1,SL,fx_cross
NQ,2015-01-27 00:00:00+00:00,long,1,-1.0033992644261256,5,SL,indices
GBPAUD,2015-01-27 00:00:00+00:00,short,3,-1.037057978151552,0,SAME_BAR_SL,fx_cross
EURNZD,2015-01-29 00:00:00+00:00,short,4,-1.0090794326686554,4,SL,fx_cross
CADJPY,2015-01-30 00:00:00+00:00,long,1,2.460825793681006,2,TP,fx_cross
AUDNZD,2015-02-03 00:00:00+00:00,long,1,-1.0233913393915455,5,SL,fx_cross
NZDCAD,2015-02-03 00:00:00+00:00,long,2,2.4871104856092305,6,TP,fx_cross
USDCAD,2015-02-03 00:00:00+00:00,long,1,-1.0116128395881767,61,SL,fx_major
NQ,2015-02-03 00:00:00+00:00,short,3,-1.003505426154847,7,SL,indices
NZDJPY,2015-02-03 00:00:00+00:00,short,4,-1.0110586880433556,6,SL,fx_cross
CADJPY,2015-02-03 00:00:00+00:00,short,4,-1.0128993174818282,0,SAME_BAR_SL,fx_cross
GBPCAD,2015-02-04 00:00:00+00:00,short,3,2.4720105109489046,2,TP,fx_cross
EURGBP,2015-02-04 00:00:00+00:00,long,2,-1.011257565170653,6,SL,fx_cross
GBPNZD,2015-02-04 00:00:00+00:00,long,1,-1.0054125803236675,38,SL,fx_cross
EURJPY,2015-02-04 00:00:00+00:00,long,2,2.4819754738878146,6,TP,fx_cross
CL,2015-02-05 00:00:00+00:00,long,1,2.496771525423729,1,TP,commodities
GBPCAD,2015-02-09 00:00:00+00:00,long,2,2.48662569319114,12,TP,fx_cross
NZDJPY,2015-02-11 00:00:00+00:00,short,4,2.473273861014221,1,TP,fx_cross
AUDNZD,2015-02-11 00:00:00+00:00,long,2,-1.017562280728148,4,SL,fx_cross
AUDUSD,2015-02-12 00:00:00+00:00,short,3,-1.0081021920104294,12,SL,fx_major
NZDCAD,2015-02-12 00:00:00+00:00,long,1,-1.008405261197052,69,SL,fx_cross
NZDUSD,2015-02-12 00:00:00+00:00,short,3,-1.0344374482187253,0,SAME_BAR_SL,fx_major
AUDCAD,2015-02-13 00:00:00+00:00,short,3,-1.012750315098981,6,SL,fx_cross
NZDJPY,2015-02-15 00:00:00+00:00,short,4,-1.026726138985779,2,SL,fx_cross
EURAUD,2015-02-16 00:00:00+00:00,long,2,-1.010226556473829,8,SL,fx_cross
CADJPY,2015-02-18 00:00:00+00:00,long,1,-1.0099535803388568,35,SL,fx_cross
CL,2015-02-19 00:00:00+00:00,short,3,2.49802779342723,18,TP,commodities
GBPUSD,2015-02-20 00:00:00+00:00,long,2,2.4657765281368067,4,TP,fx_major
CADCHF,2015-02-23 00:00:00+00:00,short,3,-1.0076725133883997,7,SL,fx_cross
GBPJPY,2015-02-24 00:00:00+00:00,short,4,-1.0441613698630134,0,SAME_BAR_SL,fx_cross
GBPAUD,2015-02-24 00:00:00+00:00,long,2,2.4513069028116012,1,TP,fx_cross
AUDJPY,2015-02-25 00:00:00+00:00,short,3,2.4868189262418463,29,TP,fx_cross
NZDJPY,2015-03-04 00:00:00+00:00,short,4,-1.0085584905660376,42,SL,fx_cross
GBPUSD,2015-03-04 00:00:00+00:00,long,2,-1.024676611343628,2,SL,fx_major
GBPCAD,2015-03-05 00:00:00+00:00,long,2,-1.0133743068088599,11,SL,fx_cross
GBPJPY,2015-03-11 00:00:00+00:00,long,2,-1.055482701525054,0,SAME_BAR_SL,fx_cross
EURJPY,2015-03-11 00:00:00+00:00,long,2,-1.0328965416285465,0,SAME_BAR_SL,fx_cross
USDJPY,2015-03-12 00:00:00+00:00,long,1,-1.0577430716723566,5,SL,fx_major
GBPCHF,2015-03-13 00:00:00+00:00,long,1,-1.0136168324906214,4,SL,fx_cross
CL,2015-03-13 00:00:00+00:00,long,2,-1.0015685868392665,2,SL,commodities
GBPJPY,2015-03-13 00:00:00+00:00,long,1,-1.0171544619602466,4,SL,fx_cross
AUDNZD,2015-03-16 00:00:00+00:00,long,2,-1.0175320992135513,4,SL,fx_cross
EURJPY,2015-03-16 00:00:00+00:00,short,4,-1.0167511339244057,2,SL,fx_cross
AUDCAD,2015-03-16 00:00:00+00:00,long,2,-1.0095366893899669,14,SL,fx_cross
EURUSD,2015-03-16 00:00:00+00:00,short,4,-1.0086869799249945,2,SL,fx_major
CHFJPY,2015-03-18 00:00:00+00:00,short,4,-1.0147883002588436,0,SAME_BAR_SL,fx_cross
NQ,2015-03-18 00:00:00+00:00,short,4,-1.011106587771203,0,SAME_BAR_SL,indices
NZDCHF,2015-03-18 00:00:00+00:00,long,1,-1.0076727942143326,36,SL,fx_cross
GBPUSD,2015-03-18 00:00:00+00:00,short,4,-1.0168092783710947,0,SAME_BAR_SL,fx_major
CL,2015-03-18 00:00:00+00:00,short,4,-1.0008428571428571,7,SL,commodities
USDCHF,2015-03-18 00:00:00+00:00,long,1,-1.024118481675393,0,SAME_BAR_SL,fx_major
EURNZD,2015-03-18 00:00:00+00:00,long,2,-1.0099627979274612,4,SL,fx_cross
EURCAD,2015-03-18 00:00:00+00:00,short,4,2.4900511891927,24,TP,fx_cross
EURCHF,2015-03-19 00:00:00+00:00,long,2,-1.1063174100719422,0,SAME_BAR_SL,fx_cross
AUDUSD,2015-03-19 00:00:00+00:00,long,2,2.4817165206240652,1,TP,fx_major
GBPUSD,2015-03-20 00:00:00+00:00,short,3,-1.0040561289531147,33,SL,fx_major
NZDUSD,2015-03-20 00:00:00+00:00,short,3,-1.0162039816232773,2,SL,fx_major
GBPCAD,2015-03-20 00:00:00+00:00,long,2,-1.0148711420850518,5,SL,fx_cross
NQ,2015-03-20 00:00:00+00:00,short,3,2.49159964549483,4,TP,indices
GBPAUD,2015-03-23 00:00:00+00:00,long,1,-1.0165891836417356,1,SL,fx_cross
USDCHF,2015-03-23 00:00:00+00:00,short,4,2.494135519803303,38,TP,fx_major
GBPCHF,2015-03-23 00:00:00+00:00,long,2,-1.0640142812006346,0,SAME_BAR_SL,fx_cross
EURGBP,2015-03-24 00:00:00+00:00,short,3,2.4877207682000892,25,TP,fx_cross
GBPCHF,2015-03-24 00:00:00+00:00,long,1,-1.015072323686429,0,SAME_BAR_SL,fx_cross
EURNZD,2015-03-26 00:00:00+00:00,long,2,-1.0069735015389951,12,SL,fx_cross
EURJPY,2015-03-26 00:00:00+00:00,long,1,-1.0214959952746605,1,SL,fx_cross
NZDUSD,2015-03-26 00:00:00+00:00,long,1,-1.042725967741935,1,SL,fx_major
GBPAUD,2015-03-27 00:00:00+00:00,short,4,-1.0078581636011263,4,SL,fx_cross
AUDCHF,2015-03-27 00:00:00+00:00,long,1,-1.0148734283677836,2,SL,fx_cross
EURUSD,2015-03-27 00:00:00+00:00,long,1,-1.0217868583752694,3,SL,fx_major
NQ,2015-03-31 00:00:00+00:00,long,2,2.4952322203098105,21,TP,indices
CHFJPY,2015-03-31 00:00:00+00:00,long,1,-1.0175190650406505,11,SL,fx_cross
CL,2015-03-31 00:00:00+00:00,long,1,2.4965945413870245,1,TP,commodities
GBPAUD,2015-04-02 00:00:00+00:00,short,3,-1.0095706187138067,42,SL,fx_cross
CL,2015-04-02 00:00:00+00:00,short,3,-1.0011966366366367,3,SL,commodities
CADJPY,2015-04-03 00:00:00+00:00,short,3,-1.0191455392332494,3,SL,fx_cross
USDJPY,2015-04-03 00:00:00+00:00,long,2,2.4875524050632913,45,TP,fx_major
AUDNZD,2015-04-07 00:00:00+00:00,short,4,-1.0185730299089721,15,SL,fx_cross
AUDCHF,2015-04-08 00:00:00+00:00,short,4,-1.0158424770642203,1,SL,fx_cross
AUDCAD,2015-04-09 00:00:00+00:00,short,4,2.490680900962861,124,TP,fx_cross
EURJPY,2015-04-09 00:00:00+00:00,long,2,-1.0392774727668843,0,SAME_BAR_SL,fx_cross
GBPCAD,2015-04-09 00:00:00+00:00,long,2,-1.0165131339977853,1,SL,fx_cross
EURAUD,2015-04-09 00:00:00+00:00,long,1,-1.0118847556262787,0,SAME_BAR_SL,fx_cross
GBPJPY,2015-04-10 00:00:00+00:00,short,0,-1.010700426448417,10,SL,fx_cross
AUDJPY,2015-04-13 00:00:00+00:00,long,2,2.485888341416101,5,TP,fx_cross
AUDUSD,2015-04-16 00:00:00+00:00,long,1,-1.0053393425605537,67,SL,fx_major
AUDJPY,2015-04-21 00:00:00+00:00,short,3,-1.0153906833036248,5,SL,fx_cross
EURAUD,2015-04-21 00:00:00+00:00,long,2,2.494359523174992,67,TP,fx_cross
GBPCHF,2015-04-22 00:00:00+00:00,short,4,2.4927602429401072,13,TP,fx_cross
EURGBP,2015-04-23 00:00:00+00:00,short,4,-1.0148068041237115,6,SL,fx_cross
CHFJPY,2015-04-23 00:00:00+00:00,short,3,-1.0120532595921188,5,SL,fx_cross
AUDJPY,2015-04-28 00:00:00+00:00,short,4,-1.0122397883110907,13,SL,fx_cross
AUDNZD,2015-04-29 00:00:00+00:00,short,3,-1.0163547053895556,5,SL,fx_cross
EURJPY,2015-04-29 00:00:00+00:00,short,4,-1.0115111497824738,1,SL,fx_cross
GBPUSD,2015-04-29 00:00:00+00:00,short,4,-1.017738760696979,0,SAME_BAR_SL,fx_major
EURUSD,2015-04-29 00:00:00+00:00,short,4,-1.0169671494439927,1,SL,fx_major
CADCHF,2015-04-29 00:00:00+00:00,long,2,-1.0149511004784693,1,SL,fx_cross
USDCAD,2015-04-29 00:00:00+00:00,long,1,2.4926854614797866,28,TP,fx_major
NZDUSD,2015-04-29 00:00:00+00:00,long,2,-1.0086876229175132,2,SL,fx_major
GBPNZD,2015-04-29 00:00:00+00:00,short,4,-1.01210274277721,0,SAME_BAR_SL,fx_cross
AUDCHF,2015-04-30 00:00:00+00:00,long,2,-1.0312817865253596,1,SL,fx_cross
EURNZD,2015-04-30 00:00:00+00:00,short,3,-1.009935380346263,4,SL,fx_cross
NQ,2015-04-30 00:00:00+00:00,long,1,-1.0065956380510441,0,SAME_BAR_SL,indices
EURCAD,2015-04-30 00:00:00+00:00,short,4,-1.0494526453298514,0,SAME_BAR_SL,fx_cross
GBPJPY,2015-05-01 00:00:00+00:00,long,1,2.48705495308141,8,TP,fx_cross
EURJPY,2015-05-01 00:00:00+00:00,short,3,-1.0136162138728322,5,SL,fx_cross
GBPUSD,2015-05-01 00:00:00+00:00,long,1,2.486329071239683,9,TP,fx_major
CADJPY,2015-05-05 00:00:00+00:00,short,4,-1.0169648459086076,27,SL,fx_cross
NZDUSD,2015-05-05 00:00:00+00:00,long,2,-1.0143082910206167,3,SL,fx_major
EURCHF,2015-05-05 00:00:00+00:00,long,1,-1.0261465408805028,2,SL,fx_cross
EURNZD,2015-05-06 00:00:00+00:00,short,4,-1.0091889826627414,5,SL,fx_cross
NQ,2015-05-06 00:00:00+00:00,long,2,-1.0546823529411764,0,SAME_BAR_SL,indices
EURUSD,2015-05-06 00:00:00+00:00,short,3,2.4780824853296517,4,TP,fx_major
AUDNZD,2015-05-06 00:00:00+00:00,short,4,-1.0202355886332877,4,SL,fx_cross
EURGBP,2015-05-07 00:00:00+00:00,long,1,-1.009864451321114,0,SAME_BAR_SL,fx_cross
CL,2015-05-07 00:00:00+00:00,long,1,-1.0027418077474892,10,SL,commodities
AUDCHF,2015-05-07 00:00:00+00:00,long,2,-1.02729301640442,0,SAME_BAR_SL,fx_cross
GBPCAD,2015-05-07 00:00:00+00:00,short,3,-1.018859774791137,0,SAME_BAR_SL,fx_cross
USDCHF,2015-05-08 00:00:00+00:00,short,4,-1.0074054249857387,12,SL,fx_major
CADCHF,2015-05-08 00:00:00+00:00,short,3,2.4907181073782003,54,TP,fx_cross
NQ,2015-05-08 00:00:00+00:00,short,3,-1.00682284348865,8,SL,indices
EURCAD,2015-05-10 00:00:00+00:00,long,2,2.4863967358677095,20,TP,fx_cross
EURGBP,2015-05-11 00:00:00+00:00,long,2,-1.011440533182076,9,SL,fx_cross
NZDCHF,2015-05-11 00:00:00+00:00,long,2,-1.0077433356790992,16,SL,fx_cross
AUDNZD,2015-05-12 00:00:00+00:00,short,3,-1.0148101704057866,0,SAME_BAR_SL,fx_cross
CHFJPY,2015-05-12 00:00:00+00:00,short,3,-1.0094627322404373,15,SL,fx_cross
EURNZD,2015-05-14 00:00:00+00:00,short,3,-1.0122683524572418,2,SL,fx_cross
GBPCHF,2015-05-14 00:00:00+00:00,long,1,2.472767267196214,4,TP,fx_cross
AUDCHF,2015-05-15 00:00:00+00:00,short,3,2.4922800897028594,43,TP,fx_cross
NZDJPY,2015-05-18 00:00:00+00:00,long,2,-1.0116054630495792,20,SL,fx_cross
GBPNZD,2015-05-18 00:00:00+00:00,short,3,-1.0107680718628074,3,SL,fx_cross
EURJPY,2015-05-18 00:00:00+00:00,short,3,2.4810152229930615,1,TP,fx_cross
NQ,2015-05-19 00:00:00+00:00,short,3,2.4934903269447575,35,TP,indices
NZDCAD,2015-05-21 00:00:00+00:00,short,4,2.4901005594543837,17,TP,fx_cross
CL,2015-05-21 00:00:00+00:00,short,4,2.4975227799227797,38,TP,commodities
EURNZD,2015-05-21 00:00:00+00:00,short,3,-1.0137667117117117,7,SL,fx_cross
GBPUSD,2015-05-22 00:00:00+00:00,long,2,-1.021588905688437,2,SL,fx_major
AUDJPY,2015-05-22 00:00:00+00:00,long,1,-1.0136358422939067,31,SL,fx_cross
USDCHF,2015-05-26 00:00:00+00:00,short,4,2.4825151481420855,6,TP,fx_major
GBPUSD,2015-05-26 00:00:00+00:00,long,1,-1.0194160152654617,1,SL,fx_major
EURCHF,2015-05-29 00:00:00+00:00,long,2,2.481855365738556,4,TP,fx_cross
AUDNZD,2015-06-01 00:00:00+00:00,long,2,2.4908320012230547,14,TP,fx_cross
EURJPY,2015-06-02 00:00:00+00:00,short,4,-1.0380601964636553,1,SL,fx_cross
GBPAUD,2015-06-02 00:00:00+00:00,long,1,-1.0259499312113793,0,SAME_BAR_SL,fx_cross
USDCHF,2015-06-03 00:00:00+00:00,short,4,-1.012423157894737,29,SL,fx_major
EURCAD,2015-06-03 00:00:00+00:00,short,4,-1.0123302002838668,1,SL,fx_cross
EURCHF,2015-06-04 00:00:00+00:00,short,4,2.4793423963617287,20,TP,fx_cross
EURUSD,2015-06-04 00:00:00+00:00,short,3,2.489404495581124,20,TP,fx_major
GBPAUD,2015-06-04 00:00:00+00:00,short,3,-1.0234880151467336,1,SL,fx_cross
GBPCAD,2015-06-04 00:00:00+00:00,short,4,-1.0135020267638375,11,SL,fx_cross
CHFJPY,2015-06-05 00:00:00+00:00,short,4,2.4848239546191246,19,TP,fx_cross
EURCAD,2015-06-08 00:00:00+00:00,short,3,-1.009973925096967,28,SL,fx_cross
USDJPY,2015-06-08 00:00:00+00:00,long,2,-1.019518163493841,2,SL,fx_major
USDCAD,2015-06-09 00:00:00+00:00,long,1,-1.0286436688109566,1,SL,fx_major
CADJPY,2015-06-09 00:00:00+00:00,long,1,-1.0126698574983035,16,SL,fx_cross
GBPCHF,2015-06-09 00:00:00+00:00,short,4,-1.0125996699929285,2,SL,fx_cross
EURGBP,2015-06-09 00:00:00+00:00,long,1,-1.0098333779264212,2,SL,fx_cross
EURJPY,2015-06-09 00:00:00+00:00,long,1,-1.01542081006685,1,SL,fx_cross
NZDCHF,2015-06-10 00:00:00+00:00,long,2,-1.006643137254902,6,SL,fx_cross
NZDUSD,2015-06-10 00:00:00+00:00,long,2,-1.0994289168765792,0,SAME_BAR_SL,fx_major
YM,2015-06-10 00:00:00+00:00,short,4,2.4926790343074967,16,TP,indices
NZDCAD,2015-06-11 00:00:00+00:00,long,2,-1.021127952704182,5,SL,fx_cross
EURGBP,2015-06-16 00:00:00+00:00,long,1,-1.0174108320726174,3,SL,fx_cross
USDJPY,2015-06-17 00:00:00+00:00,short,4,2.440563549488056,1,TP,fx_major
EURJPY,2015-06-18 00:00:00+00:00,short,3,2.467697471264367,1,TP,fx_cross
NZDUSD,2015-06-18 00:00:00+00:00,short,4,2.4835989588581024,4,TP,fx_major
EURJPY,2015-06-23 00:00:00+00:00,long,2,-1.0131296226415096,2,SL,fx_cross
GBPAUD,2015-06-24 00:00:00+00:00,short,3,-1.0138425392972017,2,SL,fx_cross
NZDCAD,2015-06-25 00:00:00+00:00,long,2,-1.0129564539007092,2,SL,fx_cross
GBPNZD,2015-06-25 00:00:00+00:00,short,3,-1.015514659255679,4,SL,fx_cross
EURGBP,2015-06-25 00:00:00+00:00,short,4,2.487944095223746,19,TP,fx_cross
EURNZD,2015-06-28 00:00:00+00:00,long,1,2.486098798184196,2,TP,fx_cross
EURJPY,2015-06-28 00:00:00+00:00,long,1,-1.0113466508313542,0,SAME_BAR_SL,fx_cross
GBPJPY,2015-06-28 00:00:00+00:00,long,1,-1.011965011066844,6,SL,fx_cross
EURUSD,2015-06-29 00:00:00+00:00,short,4,-1.0172578023191603,0,SAME_BAR_SL,fx_major
GBPAUD,2015-06-30 00:00:00+00:00,long,2,2.481157135541422,3,TP,fx_cross
GBPCAD,2015-06-30 00:00:00+00:00,long,2,2.482380520951302,11,TP,fx_cross
GBPUSD,2015-07-01 00:00:00+00:00,long,1,-1.0100858679256146,5,SL,fx_major
GBPJPY,2015-07-07 00:00:00+00:00,long,2,-1.0441930595138313,1,SL,fx_cross
YM,2015-07-07 00:00:00+00:00,long,2,-1.0037369312169313,27,SL,indices
NQ,2015-07-07 00:00:00+00:00,long,2,-1.0033996400719856,39,SL,indices
USDJPY,2015-07-08 00:00:00+00:00,long,1,-1.0305172277227725,0,SAME_BAR_SL,fx_major
AUDCHF,2015-07-08 00:00:00+00:00,long,2,2.4899699486652977,23,TP,fx_cross
AUDNZD,2015-07-08 00:00:00+00:00,long,1,2.480203906324677,7,TP,fx_cross
NZDCAD,2015-07-08 00:00:00+00:00,short,4,-1.0148083425754775,12,SL,fx_cross
EURAUD,2015-07-09 00:00:00+00:00,short,4,-1.013771706835568,13,SL,fx_cross
CADJPY,2015-07-10 00:00:00+00:00,short,4,2.4909141499330656,36,TP,fx_cross
USDCAD,2015-07-13 00:00:00+00:00,short,3,-1.0262445324532457,2,SL,fx_major
GBPUSD,2015-07-13 00:00:00+00:00,short,4,-1.018659147203771,2,SL,fx_major
CADCHF,2015-07-14 00:00:00+00:00,long,2,-1.0078656343599885,32,SL,fx_cross
CL,2015-07-15 00:00:00+00:00,long,1,-1.0016342526518804,4,SL,commodities
NZDCHF,2015-07-20 00:00:00+00:00,short,3,-1.0229810430839001,1,SL,fx_cross
EURNZD,2015-07-20 00:00:00+00:00,long,2,2.477320137897069,4,TP,fx_cross
USDJPY,2015-07-21 00:00:00+00:00,short,4,2.440563549488056,1,TP,fx_major
NZDJPY,2015-07-21 00:00:00+00:00,short,3,-1.0103452631578949,6,SL,fx_cross
EURGBP,2015-07-22 00:00:00+00:00,long,2,2.487470570560972,26,TP,fx_cross
AUDNZD,2015-07-22 00:00:00+00:00,long,2,-1.0144249953660796,4,SL,fx_cross
GBPCHF,2015-07-22 00:00:00+00:00,short,3,-1.011008856358646,11,SL,fx_cross
EURUSD,2015-07-22 00:00:00+00:00,long,2,2.4904146177322173,26,TP,fx_major
GBPAUD,2015-07-23 00:00:00+00:00,long,2,2.491687022119396,27,TP,fx_cross
GBPUSD,2015-07-23 00:00:00+00:00,long,1,-1.0254903064965533,13,SL,fx_major
NZDUSD,2015-07-23 00:00:00+00:00,short,3,2.4915790724898694,27,TP,fx_major
GBPCAD,2015-07-23 00:00:00+00:00,long,1,2.487088467751109,27,TP,fx_cross
EURAUD,2015-07-27 00:00:00+00:00,short,3,-1.0107998830780962,22,SL,fx_cross
EURCHF,2015-07-27 00:00:00+00:00,short,3,-1.023490439235769,9,SL,fx_cross
EURCAD,2015-07-28 00:00:00+00:00,long,1,-1.0174998778892284,1,SL,fx_cross
AUDUSD,2015-07-29 00:00:00+00:00,long,2,-1.0281500931355645,2,SL,fx_major
USDCAD,2015-07-30 00:00:00+00:00,short,3,-1.0174027736006683,2,SL,fx_major
NZDJPY,2015-07-30 00:00:00+00:00,long,2,-1.0174634190966265,4,SL,fx_cross
AUDJPY,2015-07-31 00:00:00+00:00,long,2,-1.0119039754919288,19,SL,fx_cross
NZDCHF,2015-07-31 00:00:00+00:00,long,1,2.486417567309528,6,TP,fx_cross
NZDCAD,2015-08-03 00:00:00+00:00,short,3,-1.0155364309764308,16,SL,fx_cross
AUDNZD,2015-08-04 00:00:00+00:00,short,4,2.4540028779069782,2,TP,fx_cross
GBPNZD,2015-08-04 00:00:00+00:00,short,3,-1.0141631699554423,17,SL,fx_cross
AUDUSD,2015-08-04 00:00:00+00:00,short,4,-1.0130654822335028,5,SL,fx_major
NZDJPY,2015-08-05 00:00:00+00:00,long,2,-1.0118218422762113,15,SL,fx_cross
GBPJPY,2015-08-06 00:00:00+00:00,long,1,-1.0290498501070664,1,SL,fx_cross
EURJPY,2015-08-07 00:00:00+00:00,long,2,2.475779642857143,3,TP,fx_cross
EURCHF,2015-08-07 00:00:00+00:00,short,3,-1.0570208030231516,2,SL,fx_cross
NZDCHF,2015-08-11 00:00:00+00:00,long,2,-1.0094410915770138,9,SL,fx_cross
EURCHF,2015-08-11 00:00:00+00:00,long,1,2.454611810668672,1,TP,fx_cross
USDCAD,2015-08-11 00:00:00+00:00,short,3,-1.015297026239067,10,SL,fx_major
AUDCHF,2015-08-11 00:00:00+00:00,long,1,-1.0159357097791801,1,SL,fx_cross
EURCAD,2015-08-11 00:00:00+00:00,short,3,-1.0107988877062268,8,SL,fx_cross
YM,2015-08-11 00:00:00+00:00,long,2,-1.003702091152815,8,SL,indices
EURJPY,2015-08-12 00:00:00+00:00,short,4,2.484637140587768,17,TP,fx_cross
AUDUSD,2015-08-13 00:00:00+00:00,short,3,2.4833608845999198,9,TP,fx_major
EURNZD,2015-08-17 00:00:00+00:00,long,1,-1.0206063768115945,1,SL,fx_cross
AUDNZD,2015-08-17 00:00:00+00:00,long,1,-1.0106719673802245,3,SL,fx_cross
GBPUSD,2015-08-18 00:00:00+00:00,short,4,-1.0191010256410256,6,SL,fx_major
GBPCHF,2015-08-20 00:00:00+00:00,long,1,-1.009568365362876,1,SL,fx_cross
EURCAD,2015-08-21 00:00:00+00:00,short,3,-1.019763075827697,0,SAME_BAR_SL,fx_cross
USDJPY,2015-08-21 00:00:00+00:00,long,1,-1.0213463935443825,0,SAME_BAR_SL,fx_major
NZDCHF,2015-08-23 00:00:00+00:00,long,2,-1.0093391364421416,1,SL,fx_cross
GBPJPY,2015-08-24 00:00:00+00:00,long,1,-1.0228474074074076,0,SAME_BAR_SL,fx_cross
CHFJPY,2015-08-24 00:00:00+00:00,long,1,-1.0112461577934573,9,SL,fx_cross
CADCHF,2015-08-24 00:00:00+00:00,long,2,2.495635496921724,74,TP,fx_cross
USDCHF,2015-08-24 00:00:00+00:00,long,2,-1.0386311600587372,0,SAME_BAR_SL,fx_major
YM,2015-08-24 00:00:00+00:00,long,1,-1.0110403501094092,0,SAME_BAR_SL,indices
EURCAD,2015-08-24 00:00:00+00:00,short,4,2.485816782458734,2,TP,fx_cross
ES,2015-08-24 00:00:00+00:00,long,1,-1.0048382470119521,0,SAME_BAR_SL,indices
EURUSD,2015-08-24 00:00:00+00:00,short,4,-1.0107360344970562,0,SAME_BAR_SL,fx_major
NZDCAD,2015-08-24 00:00:00+00:00,long,2,-1.0124430430797433,0,SAME_BAR_SL,fx_cross
USDCHF,2015-08-25 00:00:00+00:00,short,4,-1.0545184773662566,0,SAME_BAR_SL,fx_major
GBPCAD,2015-08-26 00:00:00+00:00,long,1,-1.0225868496373254,1,SL,fx_cross
GBPUSD,2015-08-26 00:00:00+00:00,long,2,-1.0185224296675188,1,SL,fx_major
YM,2015-08-27 00:00:00+00:00,long,2,2.2934336136849605,399,EOS,indices
GBPAUD,2015-08-27 00:00:00+00:00,short,3,2.4970258295103744,163,TP,fx_cross
EURAUD,2015-08-27 00:00:00+00:00,short,3,1.140273108515944,399,EOS,fx_cross
CL,2015-08-27 00:00:00+00:00,short,4,-1.001806576819407,1,SL,commodities
AUDCHF,2015-08-27 00:00:00+00:00,long,2,1.5880584645989704,399,EOS,fx_cross
ES,2015-08-27 00:00:00+00:00,long,2,1.6798972706935122,399,EOS,indices
NZDJPY,2015-08-28 00:00:00+00:00,long,2,-1.0012358784690831,256,SL,fx_cross
GBPUSD,2015-08-28 00:00:00+00:00,long,2,-1.0591896321760053,0,SAME_BAR_SL,fx_major
EURCHF,2015-08-28 00:00:00+00:00,long,2,-1.0152816821959205,0,SAME_BAR_SL,fx_cross
NZDCHF,2015-08-28 00:00:00+00:00,long,2,1.3244097979306557,399,EOS,fx_cross
AUDJPY,2015-08-28 00:00:00+00:00,long,2,-1.001597266868044,118,SL,fx_cross
CL,2015-08-31 00:00:00+00:00,short,3,-1.0018872906403942,33,SL,commodities
NQ,2015-09-01 00:00:00+00:00,long,2,2.1866432162260048,399,EOS,indices
AUDNZD,2015-09-01 00:00:00+00:00,long,2,-1.008174519629118,29,SL,fx_cross
USDCAD,2015-09-02 00:00:00+00:00,long,2,-1.0123661022604054,13,SL,fx_major
EURNZD,2015-09-03 00:00:00+00:00,long,2,2.483205647302189,2,TP,fx_cross
CHFJPY,2015-09-04 00:00:00+00:00,long,2,2.484314126766986,36,TP,fx_cross
CADJPY,2015-09-04 00:00:00+00:00,long,2,2.487989718798612,27,TP,fx_cross
NZDUSD,2015-09-08 00:00:00+00:00,short,4,-1.0102193155018695,8,SL,fx_major
NZDCAD,2015-09-09 00:00:00+00:00,long,2,-1.021563034355545,1,SL,fx_cross
EURNZD,2015-09-09 00:00:00+00:00,short,3,-1.013698954626948,0,SAME_BAR_SL,fx_cross
EURJPY,2015-09-10 00:00:00+00:00,short,4,-1.0134362242725334,1,SL,fx_cross
GBPUSD,2015-09-11 00:00:00+00:00,long,1,2.4727646731922963,5,TP,fx_major
AUDUSD,2015-09-13 00:00:00+00:00,short,3,-1.0094058072885954,4,SL,fx_major
EURJPY,2015-09-15 00:00:00+00:00,long,1,-1.0180727759197328,6,SL,fx_cross
EURGBP,2015-09-17 00:00:00+00:00,short,3,2.474730323375423,3,TP,fx_cross
EURUSD,2015-09-18 00:00:00+00:00,long,1,-1.0093684132950107,3,SL,fx_major
NZDUSD,2015-09-18 00:00:00+00:00,short,4,2.4890652453058753,4,TP,fx_major
EURCAD,2015-09-18 00:00:00+00:00,long,1,-1.0085388364078656,3,SL,fx_cross
EURNZD,2015-09-21 00:00:00+00:00,short,3,2.492651852728079,14,TP,fx_cross
EURJPY,2015-09-23 00:00:00+00:00,long,2,2.486631177944862,14,TP,fx_cross
EURGBP,2015-09-23 00:00:00+00:00,short,4,-1.0618342900531526,0,SAME_BAR_SL,fx_cross
AUDCAD,2015-09-24 00:00:00+00:00,long,1,2.4862898407266028,15,TP,fx_cross
AUDUSD,2015-09-24 00:00:00+00:00,long,2,2.479106165413534,6,TP,fx_major
EURCAD,2015-09-25 00:00:00+00:00,long,2,-1.015817520472291,8,SL,fx_cross
GBPNZD,2015-09-28 00:00:00+00:00,short,3,2.4952032597236076,66,TP,fx_cross
NZDCAD,2015-09-29 00:00:00+00:00,short,4,-1.0067109531502423,9,SL,fx_cross
GBPCHF,2015-09-29 00:00:00+00:00,long,2,-1.270011503267929,0,SAME_BAR_SL,fx_cross
NZDUSD,2015-10-01 00:00:00+00:00,short,4,-1.0109347546941247,3,SL,fx_major
EURUSD,2015-10-02 00:00:00+00:00,short,4,2.4597507124681957,2,TP,fx_major
GBPCHF,2015-10-07 00:00:00+00:00,short,4,-1.011093912811625,16,SL,fx_cross
GBPCAD,2015-10-07 00:00:00+00:00,short,4,-1.011504265129683,12,SL,fx_cross
CL,2015-10-12 00:00:00+00:00,long,1,-1.0023875799086759,0,SAME_BAR_SL,commodities
AUDCAD,2015-10-13 00:00:00+00:00,long,1,-1.0302911845102505,0,SAME_BAR_SL,fx_cross
NZDCAD,2015-10-13 00:00:00+00:00,long,1,2.484481457567524,2,TP,fx_cross
AUDUSD,2015-10-14 00:00:00+00:00,short,3,2.4863191458124794,11,TP,fx_major
USDCAD,2015-10-14 00:00:00+00:00,long,2,-1.0320881610975894,1,SL,fx_major
AUDNZD,2015-10-14 00:00:00+00:00,long,2,-1.0091679987769453,11,SL,fx_cross
EURGBP,2015-10-15 00:00:00+00:00,long,2,-1.0570998058252414,3,SL,fx_cross
EURNZD,2015-10-15 00:00:00+00:00,long,2,-1.0205181732144821,0,SAME_BAR_SL,fx_cross
GBPUSD,2015-10-15 00:00:00+00:00,short,3,2.488704893976844,38,TP,fx_major
EURJPY,2015-10-15 00:00:00+00:00,long,2,-1.0241721428571422,6,SL,fx_cross
USDCAD,2015-10-19 00:00:00+00:00,short,3,-1.0240659514771417,2,SL,fx_major
EURGBP,2015-10-20 00:00:00+00:00,short,4,2.470592692170182,2,TP,fx_cross
EURCAD,2015-10-20 00:00:00+00:00,short,3,2.4851752380952385,7,TP,fx_cross
AUDCAD,2015-10-20 00:00:00+00:00,long,2,-1.0121316853932585,7,SL,fx_cross
EURCHF,2015-10-21 00:00:00+00:00,short,4,-1.018632882910425,71,SL,fx_cross
EURUSD,2015-10-22 00:00:00+00:00,long,1,-1.0173991629955947,0,SAME_BAR_SL,fx_major
GBPJPY,2015-10-23 00:00:00+00:00,short,3,2.490333899499351,51,TP,fx_cross
NZDUSD,2015-10-23 00:00:00+00:00,long,1,-1.0066968018255222,4,SL,fx_major
NZDCAD,2015-10-27 00:00:00+00:00,short,3,2.4886786834986476,6,TP,fx_cross
USDCAD,2015-10-28 00:00:00+00:00,long,1,2.4898112763902303,37,TP,fx_major
CADJPY,2015-10-28 00:00:00+00:00,short,3,-1.0114724932975871,5,SL,fx_cross
AUDUSD,2015-10-29 00:00:00+00:00,long,1,2.4897069470404984,28,TP,fx_major
EURUSD,2015-10-30 00:00:00+00:00,short,4,2.484537430755734,6,TP,fx_major
GBPCHF,2015-10-30 00:00:00+00:00,short,4,-1.0122947289504038,15,SL,fx_cross
USDCHF,2015-10-30 00:00:00+00:00,long,1,2.4824099936346276,6,TP,fx_major
CHFJPY,2015-10-30 00:00:00+00:00,long,2,-1.0175816366443642,16,SL,fx_cross
AUDNZD,2015-11-03 00:00:00+00:00,short,3,-1.0153056199821586,0,SAME_BAR_SL,fx_cross
CL,2015-11-04 00:00:00+00:00,long,1,-1.0022978670788254,2,SL,commodities
CADJPY,2015-11-04 00:00:00+00:00,long,1,-1.0090603014370838,29,SL,fx_cross
EURCAD,2015-11-06 00:00:00+00:00,long,2,-1.0351830174508487,3,SL,fx_cross
GBPCAD,2015-11-06 00:00:00+00:00,long,2,2.459010711665444,4,TP,fx_cross
USDJPY,2015-11-08 00:00:00+00:00,short,4,2.480916090557703,27,TP,fx_major
CL,2015-11-09 00:00:00+00:00,long,2,-1.002309060955519,3,SL,commodities
EURNZD,2015-11-11 00:00:00+00:00,long,2,-1.0151997541936557,8,SL,fx_cross
AUDCAD,2015-11-11 00:00:00+00:00,short,3,-1.0089198282394545,8,SL,fx_cross
AUDNZD,2015-11-16 00:00:00+00:00,short,3,-1.038915558375634,1,SL,fx_cross
USDCHF,2015-11-18 00:00:00+00:00,short,3,-1.0269111404335527,6,SL,fx_major
NZDUSD,2015-11-19 00:00:00+00:00,short,4,-1.013503133235725,10,SL,fx_major
EURJPY,2015-11-19 00:00:00+00:00,long,2,-1.0315465068493148,1,SL,fx_cross
CL,2015-11-24 00:00:00+00:00,short,4,2.498578765432099,12,TP,commodities
AUDNZD,2015-11-25 00:00:00+00:00,long,1,-1.0187969795169673,8,SL,fx_cross
EURCAD,2015-12-02 00:00:00+00:00,long,1,2.4855107669831993,1,TP,fx_cross
USDCHF,2015-12-02 00:00:00+00:00,long,1,-1.0491382005141403,0,SAME_BAR_SL,fx_major
GBPUSD,2015-12-02 00:00:00+00:00,long,2,2.4737825290241604,1,TP,fx_major
GBPCHF,2015-12-02 00:00:00+00:00,long,2,-1.0158285179407174,0,SAME_BAR_SL,fx_cross
CADCHF,2015-12-02 00:00:00+00:00,long,2,-1.0170016756005562,1,SL,fx_cross
GBPCAD,2015-12-03 00:00:00+00:00,short,4,-1.0210095757802282,0,SAME_BAR_SL,fx_cross
USDCHF,2015-12-03 00:00:00+00:00,long,1,-1.0165659800861941,5,SL,fx_major
EURNZD,2015-12-03 00:00:00+00:00,short,4,-1.01450389652125,0,SAME_BAR_SL,fx_cross
EURUSD,2015-12-03 00:00:00+00:00,short,4,-1.042061727712508,0,SAME_BAR_SL,fx_major
GBPCHF,2015-12-03 00:00:00+00:00,long,1,2.4554212052030797,1,TP,fx_cross
CHFJPY,2015-12-03 00:00:00+00:00,short,4,2.470954165968147,13,TP,fx_cross
NZDUSD,2015-12-04 00:00:00+00:00,short,3,2.464162119205298,2,TP,fx_major
NZDUSD,2015-12-08 00:00:00+00:00,short,3,-1.0049917980394791,6,SL,fx_major
NZDCAD,2015-12-09 00:00:00+00:00,short,4,-1.0087028444898654,4,SL,fx_cross
AUDNZD,2015-12-09 00:00:00+00:00,long,1,-1.0150830945558742,2,SL,fx_cross
AUDUSD,2015-12-09 00:00:00+00:00,short,3,2.491056553536238,23,TP,fx_major
GBPCHF,2015-12-10 00:00:00+00:00,short,4,2.4860779746835444,10,TP,fx_cross
EURGBP,2015-12-10 00:00:00+00:00,long,1,2.484252127825409,10,TP,fx_cross
EURCAD,2015-12-11 00:00:00+00:00,short,3,-1.018168493593195,2,SL,fx_cross
GBPCAD,2015-12-11 00:00:00+00:00,short,3,2.4563892181682814,2,TP,fx_cross
GBPCAD,2015-12-15 00:00:00+00:00,long,1,-1.0118523202949006,13,SL,fx_cross
AUDCAD,2015-12-15 00:00:00+00:00,long,1,-1.0074680366280635,46,SL,fx_cross
GBPUSD,2015-12-15 00:00:00+00:00,long,2,-1.017618551572787,2,SL,fx_major
NZDUSD,2015-12-16 00:00:00+00:00,long,1,-1.0147961128526644,15,SL,fx_major
CADJPY,2015-12-18 00:00:00+00:00,short,4,2.489754656679151,13,TP,fx_cross
GBPCHF,2015-12-23 00:00:00+00:00,short,4,2.4901449407279443,18,TP,fx_cross
GBPNZD,2015-12-29 00:00:00+00:00,long,1,-1.0073565688651795,46,SL,fx_cross
EURJPY,2015-12-31 00:00:00+00:00,long,2,-1.0152957459256162,2,SL,fx_cross
CL,2015-12-31 00:00:00+00:00,long,1,-1.0022955424063116,4,SL,commodities
CADCHF,2015-12-31 00:00:00+00:00,short,4,2.48781476340694,6,TP,fx_cross
GBPUSD,2015-12-31 00:00:00+00:00,long,2,-1.0086539190533534,6,SL,fx_major
GBPCAD,2016-01-03 00:00:00+00:00,long,1,2.474772037118868,4,TP,fx_cross
EURCAD,2016-01-04 00:00:00+00:00,short,4,-1.0185105332167834,0,SAME_BAR_SL,fx_cross
CHFJPY,2016-01-04 00:00:00+00:00,long,1,-1.0287105479452052,0,SAME_BAR_SL,fx_cross
GBPJPY,2016-01-06 00:00:00+00:00,long,1,-1.0123387238386934,2,SL,fx_cross
EURCAD,2016-01-07 00:00:00+00:00,short,3,-1.0246907994832788,1,SL,fx_cross
EURGBP,2016-01-10 00:00:00+00:00,short,3,-1.0170755286031938,4,SL,fx_cross
NZDUSD,2016-01-10 00:00:00+00:00,long,2,-1.0358115068493154,0,SAME_BAR_SL,fx_major
NZDCAD,2016-01-10 00:00:00+00:00,long,1,2.4826216686251468,8,TP,fx_cross
EURNZD,2016-01-10 00:00:00+00:00,short,3,2.4842821747831887,3,TP,fx_cross
CHFJPY,2016-01-10 00:00:00+00:00,long,2,-1.0157383277591971,6,SL,fx_cross
AUDUSD,2016-01-11 00:00:00+00:00,short,4,2.4839174499387,4,TP,fx_major
USDJPY,2016-01-11 00:00:00+00:00,short,4,-1.0135485057471265,16,SL,fx_major
CADJPY,2016-01-11 00:00:00+00:00,short,4,2.486945097601785,4,TP,fx_cross
EURCAD,2016-01-11 00:00:00+00:00,long,1,2.4835153262227347,2,TP,fx_cross
GBPJPY,2016-01-14 00:00:00+00:00,short,4,-1.0091322499041777,13,SL,fx_cross
AUDNZD,2016-01-15 00:00:00+00:00,long,1,2.485326245717083,11,TP,fx_cross
EURGBP,2016-01-15 00:00:00+00:00,short,4,-1.0100142991092358,4,SL,fx_cross
CADJPY,2016-01-19 00:00:00+00:00,short,4,2.4869809556313993,1,TP,fx_cross
AUDJPY,2016-01-19 00:00:00+00:00,short,4,-1.0074751890034364,3,SL,fx_cross
EURNZD,2016-01-20 00:00:00+00:00,short,4,2.482444736506781,1,TP,fx_cross
CADJPY,2016-01-21 00:00:00+00:00,short,4,-1.013019044368601,0,SAME_BAR_SL,fx_cross
GBPCAD,2016-01-21 00:00:00+00:00,long,1,-1.0268430958871637,5,SL,fx_cross
EURCAD,2016-01-21 00:00:00+00:00,long,1,-1.019709832339372,0,SAME_BAR_SL,fx_cross
USDCAD,2016-01-21 00:00:00+00:00,long,1,-1.0094507510818662,6,SL,fx_major
CADCHF,2016-01-21 00:00:00+00:00,short,4,-1.0064057731958764,1,SL,fx_cross
EURCAD,2016-01-22 00:00:00+00:00,long,1,-1.0164846737772653,6,SL,fx_cross
EURGBP,2016-01-22 00:00:00+00:00,long,1,2.4770972572355965,11,TP,fx_cross
GBPCHF,2016-01-22 00:00:00+00:00,short,3,-1.0141048690962857,3,SL,fx_cross
EURNZD,2016-01-22 00:00:00+00:00,long,2,2.486105307040564,4,TP,fx_cross
CL,2016-01-24 00:00:00+00:00,short,4,2.496912047477745,1,TP,commodities
CL,2016-01-26 00:00:00+00:00,long,2,-1.000716449704142,13,SL,commodities
CADJPY,2016-01-26 00:00:00+00:00,long,2,-1.0027666474543708,129,SL,fx_cross
AUDUSD,2016-01-27 00:00:00+00:00,long,2,2.4938804524533897,32,TP,fx_major
GBPCAD,2016-01-28 00:00:00+00:00,short,3,2.4753836345882605,1,TP,fx_cross
GBPUSD,2016-01-28 00:00:00+00:00,short,4,2.4660454158770264,1,TP,fx_major
AUDJPY,2016-01-29 00:00:00+00:00,short,4,2.481057453403963,3,TP,fx_cross
EURJPY,2016-01-29 00:00:00+00:00,short,4,-1.039056288441146,0,SAME_BAR_SL,fx_cross
CHFJPY,2016-01-29 00:00:00+00:00,short,4,2.4882557580021105,11,TP,fx_cross
USDCHF,2016-02-01 00:00:00+00:00,long,1,-1.0183073393316193,2,SL,fx_major
USDCAD,2016-02-01 00:00:00+00:00,long,1,2.4656570345891162,1,TP,fx_major
GBPCAD,2016-02-02 00:00:00+00:00,short,3,2.4753836345882605,2,TP,fx_cross
GBPUSD,2016-02-02 00:00:00+00:00,long,1,-1.0077113723985807,17,SL,fx_major
AUDJPY,2016-02-03 00:00:00+00:00,long,2,-1.0034845732022764,4,SL,fx_cross
AUDNZD,2016-02-03 00:00:00+00:00,long,1,-1.028450985245122,5,SL,fx_cross
NZDUSD,2016-02-03 00:00:00+00:00,short,4,-1.0118862111004172,0,SAME_BAR_SL,fx_major
USDCAD,2016-02-03 00:00:00+00:00,long,1,-1.0183136106489181,1,SL,fx_major
EURNZD,2016-02-03 00:00:00+00:00,long,2,2.486105307040564,4,TP,fx_cross
EURJPY,2016-02-04 00:00:00+00:00,short,3,2.482659830028329,4,TP,fx_cross
GBPCHF,2016-02-08 00:00:00+00:00,long,2,-1.0081622273120578,1,SL,fx_cross
GBPCAD,2016-02-08 00:00:00+00:00,long,2,-1.0139997207330758,7,SL,fx_cross
GBPJPY,2016-02-08 00:00:00+00:00,long,2,-1.0051616320246344,3,SL,fx_cross
EURUSD,2016-02-09 00:00:00+00:00,short,4,2.4765346644481427,1,TP,fx_major
CADCHF,2016-02-09 00:00:00+00:00,long,1,2.4949810796719016,25,TP,fx_cross
EURCHF,2016-02-10 00:00:00+00:00,long,2,-1.0256888423696882,12,SL,fx_cross
EURJPY,2016-02-10 00:00:00+00:00,long,1,-1.0289064521319389,0,SAME_BAR_SL,fx_cross
NZDCAD,2016-02-10 00:00:00+00:00,short,3,2.4935039021650964,24,TP,fx_cross
USDJPY,2016-02-10 00:00:00+00:00,long,1,-1.0286345994599462,0,SAME_BAR_SL,fx_major
AUDCAD,2016-02-11 00:00:00+00:00,long,2,-1.0065864825615998,13,SL,fx_cross
EURUSD,2016-02-11 00:00:00+00:00,short,4,2.4765346644481427,3,TP,fx_major
CL,2016-02-15 00:00:00+00:00,short,3,-1.0005657644991213,10,SL,commodities
USDCAD,2016-02-16 00:00:00+00:00,long,2,-1.0139193203181491,8,SL,fx_major
NZDUSD,2016-02-16 00:00:00+00:00,long,1,2.4914113221688723,15,TP,fx_major
EURJPY,2016-02-17 00:00:00+00:00,short,4,2.486404705882353,4,TP,fx_cross
USDCHF,2016-02-17 00:00:00+00:00,short,4,-1.0144136537212627,10,SL,fx_major
GBPCAD,2016-02-17 00:00:00+00:00,long,2,-1.008533905526397,4,SL,fx_cross
GBPJPY,2016-02-17 00:00:00+00:00,short,4,2.494620349551252,43,TP,fx_cross
AUDNZD,2016-02-18 00:00:00+00:00,long,1,-1.027741796407186,7,SL,fx_cross
EURCAD,2016-02-22 00:00:00+00:00,long,2,-1.0110147793256086,3,SL,fx_cross
GBPCAD,2016-02-24 00:00:00+00:00,long,1,-1.0222555585408704,0,SAME_BAR_SL,fx_cross
EURNZD,2016-02-25 00:00:00+00:00,long,1,-1.0091395673412422,46,SL,fx_cross
CHFJPY,2016-02-25 00:00:00+00:00,short,4,-1.0298053183520597,0,SAME_BAR_SL,fx_cross
EURUSD,2016-02-26 00:00:00+00:00,long,1,-1.0338694631986705,2,SL,fx_major
EURCAD,2016-02-26 00:00:00+00:00,long,1,-1.0141732169195559,0,SAME_BAR_SL,fx_cross
AUDJPY,2016-02-26 00:00:00+00:00,long,2,2.493659526437103,11,TP,fx_cross
EURJPY,2016-02-29 00:00:00+00:00,long,2,-1.0099997462514416,0,SAME_BAR_SL,fx_cross
CHFJPY,2016-02-29 00:00:00+00:00,long,2,-1.0121277005347593,8,SL,fx_cross
GBPUSD,2016-02-29 00:00:00+00:00,short,4,-1.0136549509803918,2,SL,fx_major
AUDCAD,2016-03-01 00:00:00+00:00,long,2,2.4709659913793103,1,TP,fx_cross
EURCAD,2016-03-01 00:00:00+00:00,long,1,-1.0195467976518509,8,SL,fx_cross
USDCAD,2016-03-01 00:00:00+00:00,long,2,-1.015786470154753,5,SL,fx_major
EURGBP,2016-03-02 00:00:00+00:00,long,1,-1.0251167832167831,7,SL,fx_cross
USDCHF,2016-03-03 00:00:00+00:00,long,2,-1.0147595752588268,6,SL,fx_major
AUDCAD,2016-03-03 00:00:00+00:00,short,4,-1.0243994313638383,0,SAME_BAR_SL,fx_cross
EURJPY,2016-03-04 00:00:00+00:00,short,4,2.4768905928853764,4,TP,fx_cross
EURUSD,2016-03-04 00:00:00+00:00,short,4,-1.018080176108013,5,SL,fx_major
GBPCHF,2016-03-04 00:00:00+00:00,short,4,-1.0240523709456377,2,SL,fx_cross
AUDCAD,2016-03-04 00:00:00+00:00,short,3,-1.0192911821974964,3,SL,fx_cross
USDCAD,2016-03-08 00:00:00+00:00,short,4,2.4821966583718447,7,TP,fx_major
GBPAUD,2016-03-09 00:00:00+00:00,long,1,-1.0258511564625852,0,SAME_BAR_SL,fx_cross
AUDCAD,2016-03-09 00:00:00+00:00,short,3,2.4884193251914715,42,TP,fx_cross
USDJPY,2016-03-10 00:00:00+00:00,long,2,-1.019031571342565,6,SL,fx_major
GBPCAD,2016-03-10 00:00:00+00:00,short,3,-1.0151081954137586,0,SAME_BAR_SL,fx_cross
AUDJPY,2016-03-11 00:00:00+00:00,short,3,-1.0160573342263897,2,SL,fx_cross
EURJPY,2016-03-11 00:00:00+00:00,short,4,2.486404705882353,23,TP,fx_cross
AUDUSD,2016-03-15 00:00:00+00:00,long,1,2.4893317287098418,14,TP,fx_major
GBPCAD,2016-03-16 00:00:00+00:00,long,1,-1.0342289569346648,1,SL,fx_cross
GBPNZD,2016-03-16 00:00:00+00:00,long,2,-1.0129629743702562,12,SL,fx_cross
USDCHF,2016-03-16 00:00:00+00:00,long,2,-1.0086941010389405,12,SL,fx_major
GBPCHF,2016-03-16 00:00:00+00:00,long,1,2.454240751394186,1,TP,fx_cross
EURGBP,2016-03-16 00:00:00+00:00,short,3,-1.0174639746634995,7,SL,fx_cross
USDCAD,2016-03-17 00:00:00+00:00,long,1,-1.0159650552576864,11,SL,fx_major
GBPUSD,2016-03-17 00:00:00+00:00,short,3,2.4862403468208094,5,TP,fx_major
GBPAUD,2016-03-17 00:00:00+00:00,long,1,-1.0119287928583613,13,SL,fx_cross
NZDUSD,2016-03-17 00:00:00+00:00,short,3,-1.0139069212584109,11,SL,fx_major
GBPCAD,2016-03-20 00:00:00+00:00,short,3,2.489142921671286,20,TP,fx_cross
USDJPY,2016-03-23 00:00:00+00:00,short,3,2.4906026301695925,13,TP,fx_major
EURGBP,2016-03-28 00:00:00+00:00,long,1,-1.010372965712266,25,SL,fx_cross
NZDCAD,2016-03-30 00:00:00+00:00,short,4,2.4876559618441973,20,TP,fx_cross
CHFJPY,2016-03-30 00:00:00+00:00,short,4,2.4922388620199145,16,TP,fx_cross
USDCHF,2016-03-31 00:00:00+00:00,long,2,-1.01037738005599,28,SL,fx_major
CL,2016-04-01 00:00:00+00:00,long,2,-1.0018995853269537,2,SL,commodities
GBPNZD,2016-04-05 00:00:00+00:00,long,2,-1.0103917221676635,7,SL,fx_cross
AUDNZD,2016-04-05 00:00:00+00:00,short,4,-1.022424635193133,15,SL,fx_cross
AUDJPY,2016-04-05 00:00:00+00:00,long,1,-1.0080284647802529,2,SL,fx_cross
GBPUSD,2016-04-05 00:00:00+00:00,long,2,-1.0205223956442826,1,SL,fx_major
GBPAUD,2016-04-06 00:00:00+00:00,long,2,2.462465449296284,1,TP,fx_cross
NZDUSD,2016-04-07 00:00:00+00:00,short,3,-1.0072421001036855,10,SL,fx_major
EURCAD,2016-04-11 00:00:00+00:00,short,0,2.490324019305693,8,TP,fx_cross
GBPUSD,2016-04-11 00:00:00+00:00,short,4,-1.0166332686084143,1,SL,fx_major
USDCAD,2016-04-12 00:00:00+00:00,long,1,2.463026666666669,2,TP,fx_major
GBPCHF,2016-04-12 00:00:00+00:00,short,4,-1.0168332281901402,1,SL,fx_cross
GBPUSD,2016-04-14 00:00:00+00:00,long,1,-1.0816005776173228,0,SAME_BAR_SL,fx_major
CL,2016-04-15 00:00:00+00:00,long,1,-1.002566374501992,1,SL,commodities
GBPCAD,2016-04-17 00:00:00+00:00,short,4,-1.0128060640817855,15,SL,fx_cross
GBPAUD,2016-04-17 00:00:00+00:00,short,4,2.4736555195134318,4,TP,fx_cross
USDCAD,2016-04-18 00:00:00+00:00,long,1,-1.0228400698523579,0,SAME_BAR_SL,fx_major
CADCHF,2016-04-18 00:00:00+00:00,short,3,-1.0231804894143526,1,SL,fx_cross
AUDJPY,2016-04-18 00:00:00+00:00,short,3,-1.0118121878924893,1,SL,fx_cross
USDJPY,2016-04-19 00:00:00+00:00,short,3,-1.0355746341463419,1,SL,fx_major
EURUSD,2016-04-19 00:00:00+00:00,short,3,-1.0129784238964215,11,SL,fx_major
AUDJPY,2016-04-20 00:00:00+00:00,short,4,-1.0264537683162844,1,SL,fx_cross
NZDUSD,2016-04-21 00:00:00+00:00,long,1,-1.010182232729183,5,SL,fx_major
GBPAUD,2016-04-22 00:00:00+00:00,short,4,-1.026344480486568,0,SAME_BAR_SL,fx_cross
GBPNZD,2016-04-22 00:00:00+00:00,short,4,-1.013529583285501,4,SL,fx_cross
GBPJPY,2016-04-22 00:00:00+00:00,short,4,-1.0146935984095429,0,SAME_BAR_SL,fx_cross
GBPJPY,2016-04-24 00:00:00+00:00,short,3,2.4859655438160346,4,TP,fx_cross
EURCAD,2016-04-25 00:00:00+00:00,short,4,-1.0124100286666151,6,SL,fx_cross
CHFJPY,2016-04-26 00:00:00+00:00,long,1,-1.0095050912354173,2,SL,fx_cross
GBPAUD,2016-04-27 00:00:00+00:00,short,3,-1.0193190329031088,0,SAME_BAR_SL,fx_cross
AUDNZD,2016-04-27 00:00:00+00:00,long,1,-1.0296721772639676,1,SL,fx_cross
USDJPY,2016-04-28 00:00:00+00:00,long,1,-1.0239018973561431,0,SAME_BAR_SL,fx_major
EURJPY,2016-04-28 00:00:00+00:00,long,1,-1.0174285599598596,0,SAME_BAR_SL,fx_cross
USDJPY,2016-04-29 00:00:00+00:00,long,1,-1.0125809891031015,3,SL,fx_major
GBPJPY,2016-04-29 00:00:00+00:00,long,1,-1.0166605826712072,0,SAME_BAR_SL,fx_cross
AUDJPY,2016-04-29 00:00:00+00:00,long,2,-1.0092471534902434,0,SAME_BAR_SL,fx_cross
NZDCAD,2016-05-01 00:00:00+00:00,short,4,-1.0269221110199616,3,SL,fx_cross
AUDNZD,2016-05-03 00:00:00+00:00,long,1,-1.0239322007111813,3,SL,fx_cross
EURGBP,2016-05-03 00:00:00+00:00,short,4,-1.0195150464396283,1,SL,fx_cross
CADCHF,2016-05-03 00:00:00+00:00,long,1,-1.0208706368330462,0,SAME_BAR_SL,fx_cross
NZDUSD,2016-05-03 00:00:00+00:00,long,2,-1.0077872357559894,5,SL,fx_major
GBPCHF,2016-05-03 00:00:00+00:00,long,1,2.491739940840904,19,TP,fx_cross
EURUSD,2016-05-04 00:00:00+00:00,long,1,-1.0465873722363146,1,SL,fx_major
AUDCAD,2016-05-05 00:00:00+00:00,long,1,-1.0068455878425637,6,SL,fx_cross
CL,2016-05-05 00:00:00+00:00,short,3,-1.0015506364617044,9,SL,commodities
USDCHF,2016-05-06 00:00:00+00:00,short,3,-1.0151646190277197,10,SL,fx_major
GBPAUD,2016-05-06 00:00:00+00:00,short,3,-1.0149349451754388,0,SAME_BAR_SL,fx_cross
AUDNZD,2016-05-09 00:00:00+00:00,short,3,2.4905501146020113,27,TP,fx_cross
EURNZD,2016-05-10 00:00:00+00:00,long,1,2.450801264155912,1,TP,fx_cross
GBPNZD,2016-05-10 00:00:00+00:00,short,3,2.4679460999732687,1,TP,fx_cross
NZDUSD,2016-05-11 00:00:00+00:00,short,4,2.4505985280826335,2,TP,fx_major
AUDJPY,2016-05-13 00:00:00+00:00,long,2,-1.0176609986075191,9,SL,fx_cross
EURCHF,2016-05-17 00:00:00+00:00,short,3,-1.0740726058437717,3,SL,fx_cross
GBPCAD,2016-05-18 00:00:00+00:00,short,3,-1.0108570783287136,1,SL,fx_cross
EURGBP,2016-05-18 00:00:00+00:00,long,1,-1.0274954350567465,0,SAME_BAR_SL,fx_cross
CL,2016-05-18 00:00:00+00:00,short,3,-1.0021770563961485,18,SL,commodities
USDCAD,2016-05-19 00:00:00+00:00,short,3,-1.0100711025517572,111,SL,fx_major
GBPAUD,2016-05-19 00:00:00+00:00,short,3,2.492376284003078,17,TP,fx_cross
EURUSD,2016-05-19 00:00:00+00:00,long,1,-1.0235132808398948,5,SL,fx_major
NZDCAD,2016-05-20 00:00:00+00:00,short,3,-1.0080778075953485,16,SL,fx_cross
EURCHF,2016-05-22 00:00:00+00:00,short,3,2.4858215426683374,20,TP,fx_cross
CHFJPY,2016-05-23 00:00:00+00:00,long,2,2.4643632258064514,6,TP,fx_cross
EURGBP,2016-05-24 00:00:00+00:00,long,2,-1.0167902978392056,0,SAME_BAR_SL,fx_cross
EURJPY,2016-05-25 00:00:00+00:00,long,2,-1.0156245873233012,7,SL,fx_cross
EURCAD,2016-05-26 00:00:00+00:00,long,1,2.4792012241224124,6,TP,fx_cross
EURNZD,2016-05-26 00:00:00+00:00,long,2,-1.0109812742382274,4,SL,fx_cross
EURUSD,2016-05-26 00:00:00+00:00,short,4,-1.027208661314819,7,SL,fx_major
GBPCAD,2016-05-26 00:00:00+00:00,long,2,-1.0469602289740203,4,SL,fx_cross
GBPUSD,2016-05-31 00:00:00+00:00,long,2,-1.0264185395999346,1,SL,fx_major
GBPNZD,2016-05-31 00:00:00+00:00,long,2,-1.0137271049780463,1,SL,fx_cross
EURGBP,2016-06-01 00:00:00+00:00,short,3,-1.0498802993667251,0,SAME_BAR_SL,fx_cross
GBPCHF,2016-06-01 00:00:00+00:00,long,2,-1.0345177177177172,0,SAME_BAR_SL,fx_cross
GBPJPY,2016-06-01 00:00:00+00:00,long,1,-1.0455329752066134,1,SL,fx_cross
USDJPY,2016-06-02 00:00:00+00:00,long,2,-1.0257212816188863,1,SL,fx_major
GBPNZD,2016-06-03 00:00:00+00:00,long,1,-1.016028907882241,0,SAME_BAR_SL,fx_cross
EURCAD,2016-06-03 00:00:00+00:00,short,3,2.4765378980347483,3,TP,fx_cross
GBPCHF,2016-06-03 00:00:00+00:00,long,1,-1.019695360556038,1,SL,fx_cross
USDCHF,2016-06-03 00:00:00+00:00,long,1,-1.0184799057873488,2,SL,fx_major
EURGBP,2016-06-03 00:00:00+00:00,short,4,-1.0284355353666457,1,SL,fx_cross
GBPNZD,2016-06-05 00:00:00+00:00,long,2,-1.121395587929236,0,SAME_BAR_SL,fx_cross
GBPUSD,2016-06-05 00:00:00+00:00,long,2,2.443442756680731,1,TP,fx_major
GBPCAD,2016-06-05 00:00:00+00:00,long,2,-1.0127227693618057,3,SL,fx_cross
GBPCHF,2016-06-06 00:00:00+00:00,long,2,2.4683650171129448,1,TP,fx_cross
GBPNZD,2016-06-07 00:00:00+00:00,short,4,2.486357745504841,1,TP,fx_cross
AUDUSD,2016-06-07 00:00:00+00:00,short,4,-1.0138757002824388,14,SL,fx_major
GBPJPY,2016-06-07 00:00:00+00:00,short,4,2.4782152229930623,2,TP,fx_cross
EURGBP,2016-06-07 00:00:00+00:00,long,1,2.4810971403737505,3,TP,fx_cross
AUDJPY,2016-06-07 00:00:00+00:00,long,1,-1.0043569696969696,6,SL,fx_cross
EURJPY,2016-06-07 00:00:00+00:00,short,3,2.4925000700525395,8,TP,fx_cross
NZDUSD,2016-06-08 00:00:00+00:00,short,3,-1.0211019548872182,0,SAME_BAR_SL,fx_major
EURCAD,2016-06-08 00:00:00+00:00,long,1,-1.0207987758775874,2,SL,fx_cross
EURNZD,2016-06-08 00:00:00+00:00,long,1,-1.0238554650391398,1,SL,fx_cross
GBPNZD,2016-06-09 00:00:00+00:00,long,1,-1.0169325636066058,1,SL,fx_cross
GBPUSD,2016-06-10 00:00:00+00:00,long,1,-1.0217817305585983,3,SL,fx_major
GBPNZD,2016-06-13 00:00:00+00:00,long,1,2.486860397133122,5,TP,fx_cross
EURGBP,2016-06-13 00:00:00+00:00,short,4,2.482836896950984,5,TP,fx_cross
GBPAUD,2016-06-13 00:00:00+00:00,long,1,-1.01132935095015,9,SL,fx_cross
NZDUSD,2016-06-15 00:00:00+00:00,short,4,-1.0195008506429277,0,SAME_BAR_SL,fx_major
EURCHF,2016-06-15 00:00:00+00:00,short,4,-1.0148386995844536,7,SL,fx_cross
EURNZD,2016-06-16 00:00:00+00:00,short,4,2.4912283224916223,18,TP,fx_cross
GBPCAD,2016-06-16 00:00:00+00:00,short,4,-1.0243886228111692,1,SL,fx_cross
CHFJPY,2016-06-16 00:00:00+00:00,long,2,-1.0494775404530747,0,SAME_BAR_SL,fx_cross
GBPUSD,2016-06-19 00:00:00+00:00,short,4,-1.0060299427802086,2,SL,fx_major
GBPCHF,2016-06-19 00:00:00+00:00,short,4,-1.0228705578391073,0,SAME_BAR_SL,fx_cross
EURJPY,2016-06-20 00:00:00+00:00,long,2,-1.0037693452448264,4,SL,fx_cross
GBPCHF,2016-06-20 00:00:00+00:00,short,4,-1.007991815638195,3,SL,fx_cross
AUDCAD,2016-06-21 00:00:00+00:00,short,3,-1.0292578649237474,1,SL,fx_cross
EURUSD,2016-06-22 00:00:00+00:00,short,3,-1.0242677376171347,1,SL,fx_major
EURCAD,2016-06-22 00:00:00+00:00,short,3,-1.015741241539354,32,SL,fx_cross
GBPJPY,2016-06-22 00:00:00+00:00,short,3,-1.005600578587111,1,SL,fx_cross
GBPUSD,2016-06-22 00:00:00+00:00,short,4,-1.054611148404076,1,SL,fx_major
NZDUSD,2016-06-23 00:00:00+00:00,short,4,2.4727216032064128,1,TP,fx_major
AUDJPY,2016-06-23 00:00:00+00:00,short,4,2.4919656128516907,1,TP,fx_cross
GBPCAD,2016-06-23 00:00:00+00:00,long,1,-1.0117120234935335,1,SL,fx_cross
GBPNZD,2016-06-23 00:00:00+00:00,long,1,-1.0131396028668782,1,SL,fx_cross
AUDCAD,2016-06-23 00:00:00+00:00,short,4,2.4785354595443834,1,TP,fx_cross
USDCHF,2016-06-24 00:00:00+00:00,short,4,-1.0567928482328484,0,SAME_BAR_SL,fx_major
GBPCHF,2016-06-24 00:00:00+00:00,long,1,-1.030065519625788,0,SAME_BAR_SL,fx_cross
GBPUSD,2016-06-24 00:00:00+00:00,long,1,-1.027655620799434,0,SAME_BAR_SL,fx_major
GBPAUD,2016-06-24 00:00:00+00:00,long,2,2.4687685656939946,1,TP,fx_cross
CL,2016-06-24 00:00:00+00:00,long,2,-1.0017020289855072,11,SL,commodities
GBPAUD,2016-06-27 00:00:00+00:00,long,2,-1.0178842320334014,0,SAME_BAR_SL,fx_cross
NZDCAD,2016-06-29 00:00:00+00:00,short,3,-1.0212466666666666,4,SL,fx_cross
AUDNZD,2016-07-03 00:00:00+00:00,long,2,-1.0175672261563962,5,SL,fx_cross
AUDCAD,2016-07-06 00:00:00+00:00,short,4,-1.0214645404556169,2,SL,fx_cross
USDCHF,2016-07-06 00:00:00+00:00,long,1,-1.0098465326633166,20,SL,fx_major
EURUSD,2016-07-06 00:00:00+00:00,short,4,-1.015829922381982,23,SL,fx_major
NZDUSD,2016-07-06 00:00:00+00:00,short,3,-1.0059561807841964,2,SL,fx_major
NZDJPY,2016-07-07 00:00:00+00:00,short,3,-1.0066521460518825,4,SL,fx_cross
AUDJPY,2016-07-11 00:00:00+00:00,short,3,-1.010594353464246,1,SL,fx_cross
CHFJPY,2016-07-12 00:00:00+00:00,short,4,-1.011326988044736,0,SAME_BAR_SL,fx_cross
GBPUSD,2016-07-12 00:00:00+00:00,short,3,2.4936616096270376,74,TP,fx_major
EURJPY,2016-07-12 00:00:00+00:00,short,3,-1.0154305996131527,0,SAME_BAR_SL,fx_cross
EURGBP,2016-07-12 00:00:00+00:00,long,1,2.4939506888788836,74,TP,fx_cross
GBPJPY,2016-07-12 00:00:00+00:00,short,3,-1.0049744969252912,2,SL,fx_cross
GBPNZD,2016-07-12 00:00:00+00:00,short,4,-1.0108365925609235,1,SL,fx_cross
CADJPY,2016-07-12 00:00:00+00:00,short,3,-1.0145738691159587,0,SAME_BAR_SL,fx_cross
EURNZD,2016-07-12 00:00:00+00:00,long,2,2.4363779527559037,1,TP,fx_cross
CL,2016-07-13 00:00:00+00:00,long,2,-1.0025493706293707,8,SL,commodities
CADCHF,2016-07-13 00:00:00+00:00,long,2,-1.0124041808573105,10,SL,fx_cross
AUDCAD,2016-07-14 00:00:00+00:00,short,3,-1.0101493696011763,19,SL,fx_cross
NZDCAD,2016-07-14 00:00:00+00:00,long,1,-1.0179700726392251,1,SL,fx_cross
EURNZD,2016-07-14 00:00:00+00:00,short,3,-1.022574718254999,2,SL,fx_cross
AUDUSD,2016-07-15 00:00:00+00:00,long,1,-1.017631790393013,3,SL,fx_major
EURJPY,2016-07-15 00:00:00+00:00,long,1,-1.0144586357556842,9,SL,fx_cross
AUDJPY,2016-07-15 00:00:00+00:00,long,1,-1.0103444300278035,8,SL,fx_cross
USDJPY,2016-07-15 00:00:00+00:00,long,1,2.4850507700152984,4,TP,fx_major
NZDUSD,2016-07-15 00:00:00+00:00,long,2,-1.0127614611580795,2,SL,fx_major
AUDNZD,2016-07-15 00:00:00+00:00,short,3,-1.016393390970221,2,SL,fx_cross
AUDNZD,2016-07-19 00:00:00+00:00,long,1,-1.0298753064798596,1,SL,fx_cross
NZDUSD,2016-07-20 00:00:00+00:00,long,1,2.487755851665619,8,TP,fx_major
GBPAUD,2016-07-21 00:00:00+00:00,long,2,-1.009338924384108,12,SL,fx_cross
CADJPY,2016-07-25 00:00:00+00:00,long,1,-1.0106105367464904,1,SL,fx_cross
CHFJPY,2016-07-26 00:00:00+00:00,long,1,-1.016768959276018,6,SL,fx_cross
CADCHF,2016-07-26 00:00:00+00:00,short,3,2.4890834854771784,84,TP,fx_cross
USDJPY,2016-07-26 00:00:00+00:00,long,1,-1.0149492299847016,2,SL,fx_major
EURCHF,2016-07-26 00:00:00+00:00,short,3,-1.0316207146556189,27,SL,fx_cross
EURNZD,2016-07-27 00:00:00+00:00,short,3,2.4888228105906314,35,TP,fx_cross
CL,2016-07-27 00:00:00+00:00,long,1,-1.0028068763102724,2,SL,commodities
GBPCHF,2016-07-29 00:00:00+00:00,long,2,-1.0066719970249163,14,SL,fx_cross
USDJPY,2016-08-02 00:00:00+00:00,long,2,-1.0097310340089316,12,SL,fx_major
AUDUSD,2016-08-02 00:00:00+00:00,long,1,-1.008371399046105,92,SL,fx_major
NZDUSD,2016-08-02 00:00:00+00:00,short,4,-1.0086589865298268,21,SL,fx_major
CADJPY,2016-08-02 00:00:00+00:00,long,2,-1.0075051169188445,43,SL,fx_cross
AUDNZD,2016-08-02 00:00:00+00:00,long,1,2.4643094698354653,1,TP,fx_cross
CL,2016-08-03 00:00:00+00:00,short,4,-1.003311234256927,1,SL,commodities
GBPCAD,2016-08-04 00:00:00+00:00,long,1,-1.0104604102674255,0,SAME_BAR_SL,fx_cross
PA,2016-08-04 00:00:00+00:00,long,1,-1.0039849911504424,3,SL,metals
NG,2016-08-05 00:00:00+00:00,long,2,-1.0037400843881856,2,SL,commodities
EURUSD,2016-08-05 00:00:00+00:00,long,1,-1.0512118151815166,0,SAME_BAR_SL,fx_major
SI,2016-08-05 00:00:00+00:00,long,1,-1.0019973790951637,13,SL,metals
NG,2016-08-09 00:00:00+00:00,long,2,-1.0060259154929578,0,SAME_BAR_SL,commodities
USDCHF,2016-08-10 00:00:00+00:00,long,1,-1.052738250362496,1,SL,fx_major
EURCAD,2016-08-10 00:00:00+00:00,long,2,-1.0233506435430701,1,SL,fx_cross
GBPJPY,2016-08-11 00:00:00+00:00,long,2,2.4937688240285083,19,TP,fx_cross
PA,2016-08-12 00:00:00+00:00,short,3,-1.000903377148635,92,SL,metals
AUDCAD,2016-08-12 00:00:00+00:00,long,1,-1.0209088701517706,3,SL,fx_cross
HG,2016-08-15 00:00:00+00:00,short,4,-1.0026492307692307,40,SL,metals
USDCHF,2016-08-16 00:00:00+00:00,long,2,-1.0172281725888326,0,SAME_BAR_SL,fx_major
EURCAD,2016-08-19 00:00:00+00:00,short,3,-1.026819782966129,2,SL,fx_cross
AUDJPY,2016-08-19 00:00:00+00:00,long,2,2.4946727954034476,69,TP,fx_cross
NG,2016-08-21 00:00:00+00:00,short,3,-1.0012696136012365,2,SL,commodities
USDCHF,2016-08-21 00:00:00+00:00,short,4,-1.0244228078929458,3,SL,fx_major
AUDNZD,2016-08-22 00:00:00+00:00,long,1,-1.0356905301645347,2,SL,fx_cross
GBPCAD,2016-08-22 00:00:00+00:00,short,4,-1.0133353139013452,8,SL,fx_cross
EURCAD,2016-08-23 00:00:00+00:00,long,1,-1.1065703394255813,1,SL,fx_cross
AUDCAD,2016-08-23 00:00:00+00:00,long,2,2.4860856753345115,29,TP,fx_cross
GBPAUD,2016-08-24 00:00:00+00:00,short,3,-1.0092612274368231,7,SL,fx_cross
USDCHF,2016-08-26 00:00:00+00:00,short,4,-1.0288307382905535,0,SAME_BAR_SL,fx_major
EURUSD,2016-08-26 00:00:00+00:00,long,2,-1.025592137310994,36,SL,fx_major
GBPNZD,2016-08-26 00:00:00+00:00,short,4,-1.0200950484094053,5,SL,fx_cross
SI,2016-08-30 00:00:00+00:00,long,2,2.4959621621621624,5,TP,metals
AUDNZD,2016-08-31 00:00:00+00:00,long,2,-1.0223821862348175,6,SL,fx_cross
GBPCAD,2016-09-01 00:00:00+00:00,short,3,2.4866267142465004,19,TP,fx_cross
EURCHF,2016-09-04 00:00:00+00:00,short,3,2.4796016247711004,57,TP,fx_cross
CL,2016-09-05 00:00:00+00:00,short,4,-1.0013303597122303,24,SL,commodities
NKD,2016-09-06 00:00:00+00:00,long,1,-1.0044786776859504,4,SL,indices
PL,2016-09-06 00:00:00+00:00,short,4,2.497249494163424,9,TP,metals
USDJPY,2016-09-06 00:00:00+00:00,long,1,-1.0558673972602743,0,SAME_BAR_SL,fx_major
EURNZD,2016-09-07 00:00:00+00:00,long,2,2.487465514219945,5,TP,fx_cross
NG,2016-09-07 00:00:00+00:00,long,2,2.4976406629834256,4,TP,commodities
DAX,2016-09-08 00:00:00+00:00,long,1,-1.0043207102092582,2,SL,indices
EURJPY,2016-09-09 00:00:00+00:00,short,3,2.4857461728395065,10,TP,fx_cross
CHFJPY,2016-09-09 00:00:00+00:00,short,3,2.48051325428195,8,TP,fx_cross
SI,2016-09-09 00:00:00+00:00,long,1,-1.005808888888889,0,SAME_BAR_SL,metals
NZDUSD,2016-09-12 00:00:00+00:00,long,2,-1.010599518072289,19,SL,fx_major
USDJPY,2016-09-14 00:00:00+00:00,short,3,-1.010187221438646,24,SL,fx_major
NZDJPY,2016-09-14 00:00:00+00:00,short,4,2.459177032007762,1,TP,fx_cross
GBPCHF,2016-09-14 00:00:00+00:00,short,4,2.474934159598408,2,TP,fx_cross
EURCAD,2016-09-14 00:00:00+00:00,short,0,2.490324019305693,30,TP,fx_cross
EURNZD,2016-09-15 00:00:00+00:00,long,1,-1.0193752930568079,4,SL,fx_cross
GBPNZD,2016-09-16 00:00:00+00:00,short,3,2.489539488292759,17,TP,fx_cross
GBPAUD,2016-09-16 00:00:00+00:00,long,2,-1.0148956061764256,3,SL,fx_cross
USDCHF,2016-09-16 00:00:00+00:00,short,3,-1.0125270190661035,22,SL,fx_major
PL,2016-09-21 00:00:00+00:00,short,4,2.4939542857142856,5,TP,metals
NKD,2016-09-21 00:00:00+00:00,short,4,-1.0052578217821782,1,SL,indices
DAX,2016-09-22 00:00:00+00:00,short,3,2.494347903893952,3,TP,indices
NG,2016-09-23 00:00:00+00:00,long,1,2.49847768488746,17,TP,commodities
CADJPY,2016-09-23 00:00:00+00:00,long,2,-1.0064254114860864,2,SL,fx_cross
NZDCAD,2016-09-26 00:00:00+00:00,short,3,-1.0099767261959842,32,SL,fx_cross
CADJPY,2016-09-27 00:00:00+00:00,short,4,-1.0372562988705452,1,SL,fx_cross
SI,2016-09-27 00:00:00+00:00,long,1,-1.004742375478927,1,SL,metals
GBPAUD,2016-09-27 00:00:00+00:00,long,2,-1.010559156579461,6,SL,fx_cross
USDCAD,2016-09-27 00:00:00+00:00,long,1,-1.0435263263499563,1,SL,fx_major
GBPCHF,2016-09-28 00:00:00+00:00,short,4,2.4914618203708163,7,TP,fx_cross
AUDCAD,2016-09-29 00:00:00+00:00,long,1,-1.0407177986965983,1,SL,fx_cross
NKD,2016-09-29 00:00:00+00:00,long,1,2.4979676660341554,47,TP,indices
NZDJPY,2016-10-04 00:00:00+00:00,long,1,-1.0238601672916068,6,SL,fx_cross
SI,2016-10-04 00:00:00+00:00,long,2,-1.0040378378378378,0,SAME_BAR_SL,metals
AUDCAD,2016-10-06 00:00:00+00:00,long,1,2.4763954449599326,11,TP,fx_cross
CADJPY,2016-10-10 00:00:00+00:00,short,3,-1.0159732556445737,4,SL,fx_cross
CHFJPY,2016-10-11 00:00:00+00:00,long,1,-1.0164070942554377,9,SL,fx_cross
USDJPY,2016-10-13 00:00:00+00:00,long,1,-1.0150338016528926,18,SL,fx_major
HG,2016-10-13 00:00:00+00:00,long,1,-1.0198582857142846,0,SAME_BAR_SL,metals
EURUSD,2016-10-13 00:00:00+00:00,long,2,-1.0311749404912631,6,SL,fx_major
CL,2016-10-13 00:00:00+00:00,long,2,2.4928504504504505,1,TP,commodities
HG,2016-10-14 00:00:00+00:00,long,1,-1.0079397647058823,4,SL,metals
AUDNZD,2016-10-17 00:00:00+00:00,long,1,-1.0214674743104382,14,SL,fx_cross
EURNZD,2016-10-18 00:00:00+00:00,long,2,-1.0235989048672574,1,SL,fx_cross
NZDJPY,2016-10-19 00:00:00+00:00,short,4,2.459177032007762,2,TP,fx_cross
CADJPY,2016-10-21 00:00:00+00:00,long,2,-1.019476792494974,10,SL,fx_cross
EURJPY,2016-10-25 00:00:00+00:00,short,3,-1.012152513368984,3,SL,fx_cross
EURCAD,2016-10-26 00:00:00+00:00,short,4,-1.0130689669520685,2,SL,fx_cross
PL,2016-10-26 00:00:00+00:00,short,4,-1.004367323943662,2,SL,metals
GBPAUD,2016-10-26 00:00:00+00:00,short,4,-1.0121806200177148,7,SL,fx_cross
NG,2016-10-26 00:00:00+00:00,long,2,2.4976406629834256,1,TP,commodities
AUDCAD,2016-10-27 00:00:00+00:00,long,1,2.481177350752439,12,TP,fx_cross
HG,2016-10-28 00:00:00+00:00,short,3,-1.0060549565217392,2,SL,metals
NZDUSD,2016-11-02 00:00:00+00:00,short,3,-1.0177497033158815,1,SL,fx_major
CHFJPY,2016-11-03 00:00:00+00:00,long,1,-1.038665520833332,0,SAME_BAR_SL,fx_cross
GBPCHF,2016-11-03 00:00:00+00:00,short,0,-1.0092753442938707,5,SL,fx_cross
GBPNZD,2016-11-06 00:00:00+00:00,long,2,-1.0129344492073211,2,SL,fx_cross
CADCHF,2016-11-06 00:00:00+00:00,short,4,-1.0228821171171165,0,SAME_BAR_SL,fx_cross
USDCHF,2016-11-06 00:00:00+00:00,short,4,-1.0272226656664176,0,SAME_BAR_SL,fx_major
GBPAUD,2016-11-07 00:00:00+00:00,long,1,2.4900294762484774,4,TP,fx_cross
CADCHF,2016-11-08 00:00:00+00:00,short,4,-1.0269758063460916,0,SAME_BAR_SL,fx_cross
EURCAD,2016-11-08 00:00:00+00:00,long,1,2.447944774029279,1,TP,fx_cross
USDCAD,2016-11-09 00:00:00+00:00,short,4,2.4800200369685763,20,TP,fx_major
NZDJPY,2016-11-09 00:00:00+00:00,long,1,2.490489009423121,1,TP,fx_cross
CL,2016-11-09 00:00:00+00:00,short,4,-1.0018984455958548,10,SL,commodities
EURGBP,2016-11-09 00:00:00+00:00,short,3,2.4740397427321845,1,TP,fx_cross
USDJPY,2016-11-09 00:00:00+00:00,long,2,-1.0161898320268756,0,SAME_BAR_SL,fx_major
EURNZD,2016-11-09 00:00:00+00:00,short,4,-1.0573316214427533,0,SAME_BAR_SL,fx_cross
CADJPY,2016-11-09 00:00:00+00:00,long,2,-1.0121008281338626,0,SAME_BAR_SL,fx_cross
EURUSD,2016-11-09 00:00:00+00:00,long,1,-1.0232052639517348,0,SAME_BAR_SL,fx_major
USDCHF,2016-11-10 00:00:00+00:00,short,4,-1.036101906005222,2,SL,fx_major
AUDNZD,2016-11-10 00:00:00+00:00,short,4,-1.0113089911403257,86,SL,fx_cross
SI,2016-11-11 00:00:00+00:00,long,2,-1.002859251870324,0,SAME_BAR_SL,metals
NZDUSD,2016-11-11 00:00:00+00:00,long,1,-1.0296237726098187,0,SAME_BAR_SL,fx_major
EURGBP,2016-11-11 00:00:00+00:00,long,1,-1.017362728256947,8,SL,fx_cross
EURJPY,2016-11-11 00:00:00+00:00,long,1,2.492916392294221,16,TP,fx_cross
NZDUSD,2016-11-13 00:00:00+00:00,long,1,-1.0440537472283813,1,SL,fx_major
NG,2016-11-14 00:00:00+00:00,short,4,-1.001572669039146,5,SL,commodities
USDCHF,2016-11-14 00:00:00+00:00,short,3,-1.0172793787855257,1,SL,fx_major
CADJPY,2016-11-14 00:00:00+00:00,short,3,-1.028197947749448,1,SL,fx_cross
GBPUSD,2016-11-15 00:00:00+00:00,long,2,-1.0285581578947376,3,SL,fx_major
USDJPY,2016-11-15 00:00:00+00:00,short,4,-1.028106224677716,1,SL,fx_major
EURUSD,2016-11-17 00:00:00+00:00,long,1,-1.0120312508848217,23,SL,fx_major
USDJPY,2016-11-17 00:00:00+00:00,short,4,-1.0073873972602738,5,SL,fx_major
GBPJPY,2016-11-18 00:00:00+00:00,long,1,2.490979724988146,5,TP,fx_cross
GBPCAD,2016-11-20 00:00:00+00:00,long,2,-1.0079995808820372,37,SL,fx_cross
GBPAUD,2016-11-21 00:00:00+00:00,short,4,-1.0102677711431984,9,SL,fx_cross
CADCHF,2016-11-21 00:00:00+00:00,short,3,-1.0080245989304812,15,SL,fx_cross
PL,2016-11-21 00:00:00+00:00,short,4,2.4951063414634147,8,TP,metals
GBPUSD,2016-11-22 00:00:00+00:00,long,1,-1.0083437624708764,27,SL,fx_major
NG,2016-11-23 00:00:00+00:00,short,3,-1.0017366548042705,3,SL,commodities
EURCAD,2016-11-23 00:00:00+00:00,long,1,-1.0097844253015014,13,SL,fx_cross
USDCHF,2016-11-23 00:00:00+00:00,short,3,-1.0157347321921586,19,SL,fx_major
GBPCHF,2016-11-23 00:00:00+00:00,long,1,2.4867814211569312,7,TP,fx_cross
NZDUSD,2016-11-23 00:00:00+00:00,long,2,-1.0208961530286926,0,SAME_BAR_SL,fx_major
AUDCAD,2016-11-24 00:00:00+00:00,short,4,-1.0382178549540322,1,SL,fx_cross
CL,2016-11-25 00:00:00+00:00,long,1,-1.0070777358490566,0,SAME_BAR_SL,commodities
GBPNZD,2016-11-25 00:00:00+00:00,long,1,-1.0101351906519065,4,SL,fx_cross
SI,2016-11-25 00:00:00+00:00,short,4,-1.002770813648294,7,SL,metals
NZDUSD,2016-11-27 00:00:00+00:00,short,3,-1.0372513370998107,1,SL,fx_major
NZDUSD,2016-11-29 00:00:00+00:00,short,4,-1.0138548437772734,1,SL,fx_major
NZDJPY,2016-11-30 00:00:00+00:00,short,4,-1.0196766238851425,4,SL,fx_cross
CL,2016-11-30 00:00:00+00:00,short,3,-1.002369088098918,0,SAME_BAR_SL,commodities
NZDCAD,2016-11-30 00:00:00+00:00,short,4,2.4815476543209876,1,TP,fx_cross
HG,2016-11-30 00:00:00+00:00,long,1,2.495455111111111,4,TP,metals
NZDUSD,2016-12-01 00:00:00+00:00,long,1,2.4826463733858612,6,TP,fx_major
NKD,2016-12-01 00:00:00+00:00,long,1,2.495484580152672,8,TP,indices
CL,2016-12-01 00:00:00+00:00,short,4,-1.0049281957186544,0,SAME_BAR_SL,commodities
AUDUSD,2016-12-05 00:00:00+00:00,short,3,2.4394447398843933,1,TP,fx_major
EURJPY,2016-12-05 00:00:00+00:00,short,3,2.4925000700525395,107,TP,fx_cross
GBPCHF,2016-12-07 00:00:00+00:00,long,1,-1.0400282088714208,0,SAME_BAR_SL,fx_cross
GBPNZD,2016-12-08 00:00:00+00:00,long,2,-1.0137091457707619,25,SL,fx_cross
NG,2016-12-08 00:00:00+00:00,long,1,-1.0013873194614442,9,SL,commodities
SI,2016-12-08 00:00:00+00:00,long,2,-1.0018087188019966,6,SL,metals
AUDUSD,2016-12-08 00:00:00+00:00,long,1,-1.018424172915748,5,SL,fx_major
NZDUSD,2016-12-09 00:00:00+00:00,long,1,-1.0134910119548746,4,SL,fx_major
CL,2016-12-14 00:00:00+00:00,long,1,-1.00511900621118,0,SAME_BAR_SL,commodities
ES,2016-12-14 00:00:00+00:00,long,1,-1.0106423529411765,0,SAME_BAR_SL,indices
YM,2016-12-14 00:00:00+00:00,long,1,-1.0182446109510086,0,SAME_BAR_SL,indices
HG,2016-12-14 00:00:00+00:00,short,3,-1.0025805190839694,33,SL,metals
USDJPY,2016-12-14 00:00:00+00:00,short,4,-1.019406026097272,0,SAME_BAR_SL,fx_major
AUDCAD,2016-12-14 00:00:00+00:00,short,3,-1.0154089012827665,28,SL,fx_cross
NZDCAD,2016-12-15 00:00:00+00:00,long,2,-1.0152746759460634,1,SL,fx_cross
USDCAD,2016-12-15 00:00:00+00:00,short,4,-1.0212767474146476,6,SL,fx_major
NZDUSD,2016-12-16 00:00:00+00:00,long,1,-1.012244148334381,6,SL,fx_major
AUDJPY,2016-12-16 00:00:00+00:00,long,1,-1.015672378483474,2,SL,fx_cross
NZDCHF,2016-12-16 00:00:00+00:00,long,1,-1.0099317808892163,2,SL,fx_cross
CL,2016-12-16 00:00:00+00:00,short,4,-1.0030890036900368,3,SL,commodities
AUDUSD,2016-12-19 00:00:00+00:00,long,1,-1.0183242266877401,4,SL,fx_major
GBPJPY,2016-12-19 00:00:00+00:00,long,1,-1.0157605553413038,0,SAME_BAR_SL,fx_cross
GBPCHF,2016-12-19 00:00:00+00:00,long,1,-1.0124421514433624,8,SL,fx_cross
CHFJPY,2016-12-19 00:00:00+00:00,long,1,-1.0164230159547092,19,SL,fx_cross
PA,2016-12-20 00:00:00+00:00,long,2,-1.0059942222222222,0,SAME_BAR_SL,metals
PA,2016-12-21 00:00:00+00:00,long,1,2.496481071129707,9,TP,metals
CADCHF,2016-12-22 00:00:00+00:00,long,1,-1.0203293209435311,4,SL,fx_cross
NKD,2016-12-28 00:00:00+00:00,long,2,-1.0058233962264151,1,SL,indices
EURCAD,2016-12-29 00:00:00+00:00,short,3,2.4875914343560197,39,TP,fx_cross
CADCHF,2016-12-29 00:00:00+00:00,long,2,-1.0337204494382024,0,SAME_BAR_SL,fx_cross
NG,2016-12-29 00:00:00+00:00,long,1,-1.0024513821138212,2,SL,commodities
USDCHF,2016-12-29 00:00:00+00:00,long,2,-1.014558486291672,15,SL,fx_major
NQ,2016-12-30 00:00:00+00:00,long,1,2.4933421656050956,8,TP,indices
GBPJPY,2016-12-30 00:00:00+00:00,short,4,-1.0249293448702101,2,SL,fx_cross
SI,2017-01-02 00:00:00+00:00,short,4,-1.001751111111111,1,SL,metals
EURGBP,2017-01-02 00:00:00+00:00,short,3,-1.0056169516728624,6,SL,fx_cross
GBPAUD,2017-01-02 00:00:00+00:00,long,1,-1.0100033164728581,2,SL,fx_cross
CL,2017-01-03 00:00:00+00:00,short,4,2.4924317241379312,1,TP,commodities
NKD,2017-01-03 00:00:00+00:00,short,4,-1.0094060606060606,0,SAME_BAR_SL,indices
YM,2017-01-03 00:00:00+00:00,short,3,2.48086265060241,14,TP,indices
ES,2017-01-03 00:00:00+00:00,short,4,-1.0116961943319838,3,SL,indices
PA,2017-01-04 00:00:00+00:00,short,4,-1.0048099481865285,0,SAME_BAR_SL,metals
GBPJPY,2017-01-05 00:00:00+00:00,long,2,-1.0208691970802926,3,SL,fx_cross
USDJPY,2017-01-05 00:00:00+00:00,long,1,-1.0183562975582052,5,SL,fx_major
CADJPY,2017-01-09 00:00:00+00:00,long,1,-1.0111726736268725,3,SL,fx_cross
NZDCAD,2017-01-09 00:00:00+00:00,short,4,-1.022609024390244,3,SL,fx_cross
AUDJPY,2017-01-09 00:00:00+00:00,short,4,-1.0367453725640052,3,SL,fx_cross
SI,2017-01-10 00:00:00+00:00,short,4,-1.0022594957983193,18,SL,metals
AUDUSD,2017-01-11 00:00:00+00:00,short,3,-1.0082203836266561,5,SL,fx_major
USDCAD,2017-01-11 00:00:00+00:00,long,2,-1.026974873487349,1,SL,fx_major
PA,2017-01-11 00:00:00+00:00,long,1,-1.0026296418732783,13,SL,metals
CL,2017-01-11 00:00:00+00:00,short,4,-1.0019880047225502,35,SL,commodities
NKD,2017-01-11 00:00:00+00:00,long,2,-1.006956836158192,1,SL,indices
GBPUSD,2017-01-11 00:00:00+00:00,short,4,-1.0749141984732815,1,SL,fx_major
EURAUD,2017-01-11 00:00:00+00:00,long,2,-1.0132851143381738,7,SL,fx_cross
GBPJPY,2017-01-11 00:00:00+00:00,long,2,-1.0094735022930243,3,SL,fx_cross
GBPCAD,2017-01-12 00:00:00+00:00,short,4,2.4788178615167213,2,TP,fx_cross
AUDCHF,2017-01-12 00:00:00+00:00,short,3,-1.0153715529753264,6,SL,fx_cross
AUDJPY,2017-01-13 00:00:00+00:00,long,2,2.4854905244068313,28,TP,fx_cross
GBPNZD,2017-01-15 00:00:00+00:00,long,2,2.4934746766288516,62,TP,fx_cross
NZDJPY,2017-01-15 00:00:00+00:00,long,2,-1.0257691959229895,1,SL,fx_cross
GBPJPY,2017-01-17 00:00:00+00:00,short,4,-1.0143694186902132,2,SL,fx_cross
EURGBP,2017-01-17 00:00:00+00:00,long,1,-1.0107420193151886,2,SL,fx_cross
GBPAUD,2017-01-17 00:00:00+00:00,short,4,-1.0150474185795972,0,SAME_BAR_SL,fx_cross
PL,2017-01-17 00:00:00+00:00,short,3,-1.0022411267605633,20,SL,metals
DAX,2017-01-17 00:00:00+00:00,long,1,2.4897577684797767,6,TP,indices
EURNZD,2017-01-17 00:00:00+00:00,long,2,-1.0107069173319598,11,SL,fx_cross
NZDUSD,2017-01-17 00:00:00+00:00,short,3,-1.0180499641577063,5,SL,fx_major
GBPCHF,2017-01-17 00:00:00+00:00,short,4,-1.0118929830625647,0,SAME_BAR_SL,fx_cross
GBPUSD,2017-01-17 00:00:00+00:00,short,3,-1.0130251910557597,5,SL,fx_major
EURUSD,2017-01-18 00:00:00+00:00,long,2,-1.0181911992676227,23,SL,fx_major
USDJPY,2017-01-18 00:00:00+00:00,short,4,2.489804285714286,58,TP,fx_major
AUDUSD,2017-01-18 00:00:00+00:00,long,1,2.4850919241000176,13,TP,fx_major
GBPCAD,2017-01-18 00:00:00+00:00,short,4,-1.0526503823870212,0,SAME_BAR_SL,fx_cross
CHFJPY,2017-01-19 00:00:00+00:00,short,4,2.488331870215093,63,TP,fx_cross
GBPCAD,2017-01-19 00:00:00+00:00,short,4,-1.0116841064832505,3,SL,fx_cross
USDCHF,2017-01-19 00:00:00+00:00,short,3,2.4791339490210573,10,TP,fx_major
NZDJPY,2017-01-19 00:00:00+00:00,short,4,-1.0617965837256187,0,SAME_BAR_SL,fx_cross
AUDCAD,2017-01-19 00:00:00+00:00,short,3,2.4782319643893933,5,TP,fx_cross
AUDCHF,2017-01-20 00:00:00+00:00,long,1,-1.027965277044855,4,SL,fx_cross
EURGBP,2017-01-23 00:00:00+00:00,long,1,-1.0124194014447883,2,SL,fx_cross
GBPAUD,2017-01-23 00:00:00+00:00,short,4,-1.0302868577042734,1,SL,fx_cross
GBPCHF,2017-01-23 00:00:00+00:00,short,3,-1.009496011423132,26,SL,fx_cross
GBPJPY,2017-01-25 00:00:00+00:00,short,4,-1.0316978548895905,1,SL,fx_cross
GBPUSD,2017-01-25 00:00:00+00:00,short,3,-1.0077123179098744,71,SL,fx_major
AUDCAD,2017-01-26 00:00:00+00:00,long,1,2.4829788293284043,11,TP,fx_cross
CADJPY,2017-01-30 00:00:00+00:00,long,1,-1.0223274264705877,1,SL,fx_cross
ES,2017-01-30 00:00:00+00:00,long,2,2.490546970684039,10,TP,indices
PA,2017-01-30 00:00:00+00:00,long,2,2.497920424778761,45,TP,metals
NKD,2017-01-31 00:00:00+00:00,long,2,-1.0052537931034482,54,SL,indices
EURNZD,2017-01-31 00:00:00+00:00,short,4,-1.015381145308711,1,SL,fx_cross
YM,2017-01-31 00:00:00+00:00,long,1,2.4846609708737866,3,TP,indices
AUDCHF,2017-01-31 00:00:00+00:00,long,1,2.4906189040483113,19,TP,fx_cross
EURCHF,2017-01-31 00:00:00+00:00,short,4,-1.0726391742562156,3,SL,fx_cross
GBPAUD,2017-01-31 00:00:00+00:00,short,4,-1.030556585686146,1,SL,fx_cross
GBPCAD,2017-02-01 00:00:00+00:00,short,4,-1.0154281124497992,41,SL,fx_cross
NZDCAD,2017-02-01 00:00:00+00:00,long,1,2.4801243626806833,5,TP,fx_cross
GBPJPY,2017-02-01 00:00:00+00:00,short,3,2.478115637547476,1,TP,fx_cross
EURGBP,2017-02-02 00:00:00+00:00,short,3,-1.0085277912794852,27,SL,fx_cross
HG,2017-02-02 00:00:00+00:00,long,1,-1.002761728,1,SL,metals
NZDCHF,2017-02-03 00:00:00+00:00,short,3,-1.019444832214765,3,SL,fx_cross
SI,2017-02-03 00:00:00+00:00,short,3,-1.00437,4,SL,metals
CADJPY,2017-02-06 00:00:00+00:00,long,2,-1.013085430210325,19,SL,fx_cross
DAX,2017-02-07 00:00:00+00:00,short,4,-1.0051623103688239,4,SL,indices
NZDJPY,2017-02-09 00:00:00+00:00,short,4,2.487245068226121,22,TP,fx_cross
NZDCAD,2017-02-09 00:00:00+00:00,long,1,-1.0198756373193165,3,SL,fx_cross
CADCHF,2017-02-10 00:00:00+00:00,short,3,-1.0199380543301602,4,SL,fx_cross
HG,2017-02-10 00:00:00+00:00,short,3,-1.0089206153846153,0,SAME_BAR_SL,metals
EURCHF,2017-02-13 00:00:00+00:00,long,2,2.454381505540696,19,TP,fx_cross
EURNZD,2017-02-15 00:00:00+00:00,long,2,2.487657704326923,14,TP,fx_cross
NZDUSD,2017-02-16 00:00:00+00:00,long,2,-1.0117368635437882,11,SL,fx_major
NZDCAD,2017-02-16 00:00:00+00:00,long,2,-1.0099778364116094,17,SL,fx_cross
USDCHF,2017-02-16 00:00:00+00:00,long,1,2.4744596982167355,5,TP,fx_major
CADCHF,2017-02-17 00:00:00+00:00,short,3,2.48691912764984,26,TP,fx_cross
GBPJPY,2017-02-17 00:00:00+00:00,long,2,-1.0085130186227806,28,SL,fx_cross
EURAUD,2017-02-17 00:00:00+00:00,long,2,-1.0112869898960528,4,SL,fx_cross
HG,2017-02-23 00:00:00+00:00,long,2,-1.0033894653465347,10,SL,metals
NG,2017-02-23 00:00:00+00:00,short,4,-1.0012206094182825,9,SL,commodities
AUDNZD,2017-02-23 00:00:00+00:00,short,3,-1.0151800406504063,7,SL,fx_cross
PL,2017-02-24 00:00:00+00:00,short,4,2.4957686153846153,8,TP,metals
DAX,2017-02-24 00:00:00+00:00,long,1,2.49432,23,TP,indices
NQ,2017-02-24 00:00:00+00:00,long,1,2.4858960995850623,4,TP,indices
AUDCAD,2017-02-27 00:00:00+00:00,short,3,-1.0136248635595264,1,SL,fx_cross
SI,2017-02-27 00:00:00+00:00,short,3,2.497707906976744,10,TP,metals
AUDJPY,2017-03-01 00:00:00+00:00,short,4,-1.0215086068111452,0,SAME_BAR_SL,fx_cross
AUDCAD,2017-03-01 00:00:00+00:00,short,3,2.4938010318664645,224,TP,fx_cross
GBPAUD,2017-03-02 00:00:00+00:00,short,4,-1.02660205821817,1,SL,fx_cross
AUDUSD,2017-03-02 00:00:00+00:00,long,2,-1.016125314046441,6,SL,fx_major
ES,2017-03-06 00:00:00+00:00,long,1,-1.0080415915119363,13,SL,indices
EURUSD,2017-03-06 00:00:00+00:00,long,2,2.4868473929443087,18,TP,fx_major
PL,2017-03-07 00:00:00+00:00,long,2,-1.004540705882353,1,SL,metals
CL,2017-03-07 00:00:00+00:00,short,4,2.4962405251641138,1,TP,commodities
AUDCHF,2017-03-07 00:00:00+00:00,short,4,2.4764659694989106,2,TP,fx_cross
NZDJPY,2017-03-08 00:00:00+00:00,long,2,-1.0192383105912928,11,SL,fx_cross
YM,2017-03-08 00:00:00+00:00,long,1,-1.0090498778833108,11,SL,indices
AUDUSD,2017-03-13 00:00:00+00:00,short,3,-1.0143668834688349,2,SL,fx_major
EURGBP,2017-03-14 00:00:00+00:00,short,3,2.440178221680877,1,TP,fx_cross
EURCHF,2017-03-14 00:00:00+00:00,long,1,-1.031020123966941,17,SL,fx_cross
USDCAD,2017-03-15 00:00:00+00:00,long,1,-1.0369652362204727,0,SAME_BAR_SL,fx_major
EURAUD,2017-03-15 00:00:00+00:00,long,2,2.475068284893005,7,TP,fx_cross
CL,2017-03-16 00:00:00+00:00,short,4,-1.0025512540192927,16,SL,commodities
NZDCHF,2017-03-17 00:00:00+00:00,short,4,-1.00905883882954,76,SL,fx_cross
EURNZD,2017-03-17 00:00:00+00:00,long,2,-1.0147871939346946,23,SL,fx_cross
NQ,2017-03-19 00:00:00+00:00,long,1,-1.0101306744868035,2,SL,indices
CADJPY,2017-03-21 00:00:00+00:00,long,2,-1.0104913274336282,5,SL,fx_cross
GBPCHF,2017-03-22 00:00:00+00:00,long,1,-1.020353846153846,5,SL,fx_cross
GBPAUD,2017-03-27 00:00:00+00:00,short,4,-1.0090833032561788,19,SL,fx_cross
AUDNZD,2017-03-27 00:00:00+00:00,long,1,2.4446813717421167,1,TP,fx_cross
HG,2017-03-28 00:00:00+00:00,short,3,-1.006580923076923,2,SL,metals
EURCAD,2017-03-29 00:00:00+00:00,long,1,-1.0286516853932592,1,SL,fx_cross
GBPJPY,2017-03-29 00:00:00+00:00,long,2,-1.0135532606401687,14,SL,fx_cross
EURGBP,2017-03-29 00:00:00+00:00,long,1,-1.019864587681604,1,SL,fx_cross
CADCHF,2017-03-29 00:00:00+00:00,short,4,-1.0329746629877812,1,SL,fx_cross
EURAUD,2017-03-30 00:00:00+00:00,long,2,2.4813482987353854,17,TP,fx_cross
NZDCAD,2017-03-30 00:00:00+00:00,long,2,-1.0142870697420499,10,SL,fx_cross
AUDNZD,2017-03-30 00:00:00+00:00,short,3,2.4846213329986195,17,TP,fx_cross
GBPCAD,2017-03-30 00:00:00+00:00,long,1,2.4741550474065814,5,TP,fx_cross
PL,2017-03-31 00:00:00+00:00,long,2,2.4953427692307693,13,TP,metals
AUDUSD,2017-04-04 00:00:00+00:00,long,2,-1.017772359361881,3,SL,fx_major
NG,2017-04-04 00:00:00+00:00,short,3,-1.0038949618320612,0,SAME_BAR_SL,commodities
PA,2017-04-05 00:00:00+00:00,short,3,-1.03244,0,SAME_BAR_SL,metals
ES,2017-04-05 00:00:00+00:00,short,3,-1.0075414925373134,17,SL,indices
USDCHF,2017-04-05 00:00:00+00:00,short,4,2.471364366590506,13,TP,fx_major
HG,2017-04-05 00:00:00+00:00,short,3,-1.0023340137931034,87,SL,metals
USDJPY,2017-04-05 00:00:00+00:00,short,4,2.4603611195928754,2,TP,fx_major
SI,2017-04-07 00:00:00+00:00,long,1,-1.0047726829268293,0,SAME_BAR_SL,metals
USDCAD,2017-04-07 00:00:00+00:00,long,2,-1.0220015543126293,4,SL,fx_major
NZDUSD,2017-04-10 00:00:00+00:00,long,2,2.477597413394919,7,TP,fx_major
GBPCAD,2017-04-10 00:00:00+00:00,long,1,2.4741550474065814,7,TP,fx_cross
EURCAD,2017-04-11 00:00:00+00:00,short,4,2.4380991663420373,1,TP,fx_cross
NZDJPY,2017-04-11 00:00:00+00:00,long,2,-1.0230701217203138,1,SL,fx_cross
NZDCAD,2017-04-12 00:00:00+00:00,long,2,2.49033542621104,17,TP,fx_cross
USDJPY,2017-04-12 00:00:00+00:00,long,1,-1.0268681690140846,3,SL,fx_major
SI,2017-04-12 00:00:00+00:00,short,3,2.497707906976744,15,TP,metals
CL,2017-04-12 00:00:00+00:00,short,4,2.4962405251641138,5,TP,commodities
CADJPY,2017-04-12 00:00:00+00:00,short,3,-1.0118792346218053,24,SL,fx_cross
GBPNZD,2017-04-12 00:00:00+00:00,short,3,-1.0104605117072414,5,SL,fx_cross
USDCAD,2017-04-13 00:00:00+00:00,short,4,-1.0411674172185437,4,SL,fx_major
EURCAD,2017-04-13 00:00:00+00:00,long,1,2.47967593919093,4,TP,fx_cross
NG,2017-04-13 00:00:00+00:00,short,4,2.4962605054151625,8,TP,commodities
EURJPY,2017-04-14 00:00:00+00:00,long,1,2.492916392294221,9,TP,fx_cross
GBPJPY,2017-04-18 00:00:00+00:00,short,3,-1.0275509732016934,2,SL,fx_cross
USDJPY,2017-04-18 00:00:00+00:00,long,2,2.477225269461078,4,TP,fx_major
CADCHF,2017-04-18 00:00:00+00:00,long,2,-1.017082736156352,1,SL,fx_cross
YM,2017-04-19 00:00:00+00:00,long,2,-1.0973707462686568,0,SAME_BAR_SL,indices
EURCAD,2017-04-19 00:00:00+00:00,short,3,-1.0102947046843176,3,SL,fx_cross
CADCHF,2017-04-20 00:00:00+00:00,long,2,-1.0100451143099067,4,SL,fx_cross
CL,2017-04-20 00:00:00+00:00,long,1,-1.0038921822541966,1,SL,commodities
DAX,2017-04-21 00:00:00+00:00,short,3,-1.0041514301017676,1,SL,indices
GBPNZD,2017-04-21 00:00:00+00:00,long,1,2.4738090759753604,3,TP,fx_cross
NKD,2017-04-23 00:00:00+00:00,short,3,-1.008167619047619,0,SAME_BAR_SL,indices
NZDJPY,2017-04-23 00:00:00+00:00,short,3,-1.0195661992285,0,SAME_BAR_SL,fx_cross
CHFJPY,2017-04-23 00:00:00+00:00,short,3,-1.016509498151083,5,SL,fx_cross
AUDNZD,2017-04-24 00:00:00+00:00,short,4,-1.0171762288316493,1,SL,fx_cross
USDCAD,2017-04-24 00:00:00+00:00,short,3,-1.0234129996910712,1,SL,fx_major
NKD,2017-04-25 00:00:00+00:00,short,3,-1.0120439215686274,1,SL,indices
GBPAUD,2017-04-26 00:00:00+00:00,long,1,2.488229157057409,11,TP,fx_cross
AUDJPY,2017-04-26 00:00:00+00:00,long,1,-1.0193563500622145,8,SL,fx_cross
AUDCHF,2017-04-26 00:00:00+00:00,short,4,2.486298996239987,8,TP,fx_cross
EURUSD,2017-04-26 00:00:00+00:00,long,1,2.471826645056727,8,TP,fx_major
USDCAD,2017-04-27 00:00:00+00:00,long,1,-1.009453826730518,39,SL,fx_major
GBPJPY,2017-04-28 00:00:00+00:00,short,3,-1.0218843624525242,3,SL,fx_cross
AUDUSD,2017-05-01 00:00:00+00:00,short,3,2.4832793028322437,4,TP,fx_major
NKD,2017-05-01 00:00:00+00:00,short,3,-1.0051173553719008,2,SL,indices
PL,2017-05-01 00:00:00+00:00,long,1,-1.002340894117647,2,SL,metals
EURGBP,2017-05-02 00:00:00+00:00,short,3,-1.0151572319002717,12,SL,fx_cross
GBPCAD,2017-05-03 00:00:00+00:00,long,1,-1.0187697649734646,11,SL,fx_cross
NZDUSD,2017-05-03 00:00:00+00:00,long,2,-1.013922563917897,6,SL,fx_major
GBPNZD,2017-05-04 00:00:00+00:00,short,3,-1.062547947805459,0,SAME_BAR_SL,fx_cross
CL,2017-05-05 00:00:00+00:00,long,2,2.4984868669527898,11,TP,commodities
PA,2017-05-05 00:00:00+00:00,short,3,2.496432,11,TP,metals
CADCHF,2017-05-05 00:00:00+00:00,short,4,-1.024277142857143,2,SL,fx_cross
GBPJPY,2017-05-07 00:00:00+00:00,short,3,2.4913481593927895,28,TP,fx_cross
EURCAD,2017-05-07 00:00:00+00:00,long,1,-1.02311835970827,2,SL,fx_cross
YM,2017-05-08 00:00:00+00:00,long,1,-1.010106586102719,8,SL,indices
AUDUSD,2017-05-09 00:00:00+00:00,long,1,2.489420746249519,31,TP,fx_major
GBPCHF,2017-05-09 00:00:00+00:00,short,4,-1.025065840401592,0,SAME_BAR_SL,fx_cross
EURNZD,2017-05-09 00:00:00+00:00,long,2,-1.0244546265761396,1,SL,fx_cross
CADCHF,2017-05-09 00:00:00+00:00,short,4,-1.0146683351312478,0,SAME_BAR_SL,fx_cross
USDCHF,2017-05-09 00:00:00+00:00,short,3,-1.0563959879638865,0,SAME_BAR_SL,fx_major
GBPAUD,2017-05-10 00:00:00+00:00,short,3,2.488514918566775,24,TP,fx_cross
NZDJPY,2017-05-10 00:00:00+00:00,short,3,2.484445931131413,6,TP,fx_cross
AUDNZD,2017-05-10 00:00:00+00:00,short,4,-1.0377284454175797,8,SL,fx_cross
PL,2017-05-11 00:00:00+00:00,short,3,-1.0150875897435898,1,SL,metals
ES,2017-05-11 00:00:00+00:00,long,1,-1.0137614414414415,5,SL,indices
CADCHF,2017-05-15 00:00:00+00:00,short,3,2.4849797807017544,3,TP,fx_cross
USDCHF,2017-05-16 00:00:00+00:00,long,2,-1.0265996641880553,0,SAME_BAR_SL,fx_major
GBPCHF,2017-05-16 00:00:00+00:00,long,1,-1.1433778842315254,0,SAME_BAR_SL,fx_cross
NG,2017-05-16 00:00:00+00:00,long,2,-1.0019940796963946,8,SL,commodities
SI,2017-05-16 00:00:00+00:00,short,4,-1.0017927454242928,17,SL,metals
EURJPY,2017-05-17 00:00:00+00:00,long,1,-1.0148489628681179,1,SL,fx_cross
CHFJPY,2017-05-17 00:00:00+00:00,long,2,2.4809767865707433,35,TP,fx_cross
NQ,2017-05-17 00:00:00+00:00,long,1,-1.0178053731343284,1,SL,indices
NZDUSD,2017-05-18 00:00:00+00:00,long,1,2.4786186607636966,4,TP,fx_major
EURJPY,2017-05-19 00:00:00+00:00,short,3,-1.0144569396195202,33,SL,fx_cross
CL,2017-05-19 00:00:00+00:00,short,4,-1.0051220189274448,3,SL,commodities
YM,2017-05-19 00:00:00+00:00,short,4,-1.007962532855436,4,SL,indices
AUDNZD,2017-05-22 00:00:00+00:00,long,2,-1.0158809818230061,3,SL,fx_cross
GBPUSD,2017-05-22 00:00:00+00:00,long,1,-1.0174856276326874,4,SL,fx_major
NQ,2017-05-22 00:00:00+00:00,short,3,-1.0094936114732724,2,SL,indices
NKD,2017-05-23 00:00:00+00:00,short,3,-1.0057023423423423,8,SL,indices
EURNZD,2017-05-23 00:00:00+00:00,long,2,-1.018469915131443,3,SL,fx_cross
NG,2017-05-26 00:00:00+00:00,short,3,2.4961423529411766,4,TP,commodities
USDJPY,2017-05-26 00:00:00+00:00,long,2,-1.0101146597537265,9,SL,fx_major
USDCHF,2017-05-29 00:00:00+00:00,short,4,2.4739999999999998,4,TP,fx_major
PL,2017-05-30 00:00:00+00:00,long,1,-1.0056367407407407,2,SL,metals
EURCAD,2017-05-30 00:00:00+00:00,long,1,-1.018610348038129,11,SL,fx_cross
CL,2017-05-31 00:00:00+00:00,long,1,-1.005437730496454,2,SL,commodities
GBPCAD,2017-05-31 00:00:00+00:00,short,4,-1.0268232442853213,6,SL,fx_cross
NZDUSD,2017-06-01 00:00:00+00:00,long,1,2.474252023422251,4,TP,fx_major
EURAUD,2017-06-01 00:00:00+00:00,short,4,2.490368932170762,16,TP,fx_cross
DAX,2017-06-02 00:00:00+00:00,short,3,-1.0187452631578948,0,SAME_BAR_SL,indices
EURCHF,2017-06-02 00:00:00+00:00,long,1,-1.090669090909079,3,SL,fx_cross
EURGBP,2017-06-05 00:00:00+00:00,long,1,2.486527975747554,39,TP,fx_cross
GBPCHF,2017-06-05 00:00:00+00:00,short,4,-1.0110416130307582,34,SL,fx_cross
PL,2017-06-05 00:00:00+00:00,short,3,-1.0091510447761194,1,SL,metals
AUDCHF,2017-06-06 00:00:00+00:00,long,2,2.4834733975804797,7,TP,fx_cross
DAX,2017-06-06 00:00:00+00:00,long,1,-1.00610018018018,16,SL,indices
CADCHF,2017-06-07 00:00:00+00:00,short,4,-1.0271329642133697,2,SL,fx_cross
GBPCAD,2017-06-08 00:00:00+00:00,short,4,2.4902348849716165,3,TP,fx_cross
USDJPY,2017-06-08 00:00:00+00:00,short,4,-1.021478105849582,6,SL,fx_major
SI,2017-06-08 00:00:00+00:00,long,2,-1.0029186351706036,3,SL,metals
USDCHF,2017-06-08 00:00:00+00:00,short,4,-1.0310889079965615,5,SL,fx_major
ES,2017-06-09 00:00:00+00:00,long,1,2.489029219858156,30,TP,indices
PL,2017-06-09 00:00:00+00:00,short,3,2.496558824858757,26,TP,metals
NQ,2017-06-09 00:00:00+00:00,long,1,-1.0098748936170212,0,SAME_BAR_SL,indices
EURUSD,2017-06-09 00:00:00+00:00,long,2,2.48018110864745,16,TP,fx_major
NQ,2017-06-12 00:00:00+00:00,long,1,-1.0358590099009901,0,SAME_BAR_SL,indices
CADCHF,2017-06-12 00:00:00+00:00,short,3,-1.0218195103578152,0,SAME_BAR_SL,fx_cross
NZDCAD,2017-06-12 00:00:00+00:00,long,1,-1.0163555232909862,1,SL,fx_cross
GBPUSD,2017-06-13 00:00:00+00:00,short,4,-1.020961646090535,12,SL,fx_major
GBPAUD,2017-06-13 00:00:00+00:00,short,4,2.4747664089576116,6,TP,fx_cross
NZDUSD,2017-06-14 00:00:00+00:00,short,4,-1.0096129597362844,31,SL,fx_major
SI,2017-06-14 00:00:00+00:00,short,4,-1.009036694214876,0,SAME_BAR_SL,metals
CADCHF,2017-06-14 00:00:00+00:00,short,3,-1.0150202192982456,16,SL,fx_cross
AUDCHF,2017-06-15 00:00:00+00:00,short,3,-1.011640787401575,24,SL,fx_cross
NKD,2017-06-15 00:00:00+00:00,short,4,-1.0071936723163841,3,SL,indices
NG,2017-06-16 00:00:00+00:00,long,2,-1.0016405405405406,2,SL,commodities
CL,2017-06-20 00:00:00+00:00,long,2,2.4984868669527898,34,TP,commodities
NQ,2017-06-20 00:00:00+00:00,long,2,-1.0048397883597884,8,SL,indices
EURCHF,2017-06-20 00:00:00+00:00,long,2,-1.0540235879218427,2,SL,fx_cross
AUDJPY,2017-06-20 00:00:00+00:00,short,4,2.428572252252252,1,TP,fx_cross
GBPJPY,2017-06-21 00:00:00+00:00,long,1,2.4867637735849053,5,TP,fx_cross
YM,2017-06-21 00:00:00+00:00,long,1,-1.0086371717171718,7,SL,indices
NZDCAD,2017-06-21 00:00:00+00:00,short,3,2.484810215625875,10,TP,fx_cross
GBPNZD,2017-06-21 00:00:00+00:00,short,4,-1.024699254424501,6,SL,fx_cross
EURCAD,2017-06-22 00:00:00+00:00,long,2,-1.025424790547798,10,SL,fx_cross
USDCAD,2017-06-23 00:00:00+00:00,short,3,2.477662315663012,4,TP,fx_major
NKD,2017-06-25 00:00:00+00:00,long,1,-1.007691497005988,38,SL,indices
CADJPY,2017-06-27 00:00:00+00:00,short,3,-1.022269481550677,1,SL,fx_cross
GBPJPY,2017-06-28 00:00:00+00:00,short,3,-1.0138441672378344,1,SL,fx_cross
SI,2017-06-28 00:00:00+00:00,short,4,-1.0019892051756008,52,SL,metals
DAX,2017-06-29 00:00:00+00:00,short,4,2.4928076325088337,1,TP,indices
USDJPY,2017-07-03 00:00:00+00:00,short,4,-1.0237501197604792,4,SL,fx_major
AUDJPY,2017-07-03 00:00:00+00:00,short,3,-1.0178797938144333,9,SL,fx_cross
AUDUSD,2017-07-04 00:00:00+00:00,long,2,2.4841559322033895,9,TP,fx_major
NQ,2017-07-05 00:00:00+00:00,short,4,-1.0076276240760296,4,SL,indices
PA,2017-07-05 00:00:00+00:00,long,2,-1.0044144326530613,1,SL,metals
EURCAD,2017-07-06 00:00:00+00:00,short,4,-1.0131321489243472,23,SL,fx_cross
CADCHF,2017-07-06 00:00:00+00:00,long,1,2.4894672144034486,17,TP,fx_cross
EURJPY,2017-07-06 00:00:00+00:00,short,4,-1.012716313753078,4,SL,fx_cross
DAX,2017-07-07 00:00:00+00:00,short,4,-1.0064251948051948,2,SL,indices
USDCHF,2017-07-07 00:00:00+00:00,short,3,2.48200974307641,12,TP,fx_major
USDCAD,2017-07-11 00:00:00+00:00,short,4,2.4821254689042447,3,TP,fx_major
NG,2017-07-11 00:00:00+00:00,short,4,-1.0017888425047439,6,SL,commodities
EURAUD,2017-07-11 00:00:00+00:00,long,1,-1.0287810323468682,1,SL,fx_cross
PA,2017-07-11 00:00:00+00:00,short,3,-1.0099095272727274,1,SL,metals
NQ,2017-07-12 00:00:00+00:00,short,3,-1.0051667039106145,5,SL,indices
EURUSD,2017-07-12 00:00:00+00:00,short,3,-1.0097149573230606,7,SL,fx_major
CHFJPY,2017-07-12 00:00:00+00:00,long,1,-1.024062807017544,1,SL,fx_cross
USDJPY,2017-07-12 00:00:00+00:00,long,1,-1.024659595645412,2,SL,fx_major
YM,2017-07-12 00:00:00+00:00,short,3,-1.0219589743589743,0,SAME_BAR_SL,indices
EURNZD,2017-07-12 00:00:00+00:00,long,1,-1.0112841956786562,1,SL,fx_cross
NZDCHF,2017-07-12 00:00:00+00:00,short,4,-1.0184209971777989,1,SL,fx_cross
EURAUD,2017-07-13 00:00:00+00:00,long,2,-1.026608189228065,0,SAME_BAR_SL,fx_cross
NZDJPY,2017-07-13 00:00:00+00:00,short,3,-1.024160562939796,0,SAME_BAR_SL,fx_cross
EURJPY,2017-07-13 00:00:00+00:00,long,1,2.480700685224839,17,TP,fx_cross
PL,2017-07-13 00:00:00+00:00,long,1,2.4968351304347824,18,TP,metals
GBPUSD,2017-07-13 00:00:00+00:00,short,4,-1.0265759001651673,1,SL,fx_major
AUDNZD,2017-07-14 00:00:00+00:00,short,4,-1.0133641948914145,2,SL,fx_cross
USDJPY,2017-07-17 00:00:00+00:00,long,1,-1.0186679952550415,2,SL,fx_major
NZDJPY,2017-07-17 00:00:00+00:00,long,2,-1.023662119579163,0,SAME_BAR_SL,fx_cross
USDCAD,2017-07-18 00:00:00+00:00,long,2,-1.010626331173723,7,SL,fx_major
AUDJPY,2017-07-18 00:00:00+00:00,short,4,-1.0167452482269503,2,SL,fx_cross
EURAUD,2017-07-18 00:00:00+00:00,long,2,-1.0444220719502297,0,SAME_BAR_SL,fx_cross
GBPAUD,2017-07-18 00:00:00+00:00,long,2,-1.0309186804398536,0,SAME_BAR_SL,fx_cross
DAX,2017-07-18 00:00:00+00:00,long,1,-1.0092135640138409,3,SL,indices
AUDNZD,2017-07-18 00:00:00+00:00,short,3,-1.015623142041028,2,SL,fx_cross
GBPCHF,2017-07-18 00:00:00+00:00,long,1,-1.0131299086370913,3,SL,fx_cross
AUDCHF,2017-07-18 00:00:00+00:00,short,3,2.472245582001956,3,TP,fx_cross
EURAUD,2017-07-19 00:00:00+00:00,long,2,-1.0284115025362948,1,SL,fx_cross
NZDJPY,2017-07-19 00:00:00+00:00,short,4,-1.0490369475357726,1,SL,fx_cross
EURNZD,2017-07-20 00:00:00+00:00,long,2,-1.0280609242618743,6,SL,fx_cross
AUDNZD,2017-07-21 00:00:00+00:00,long,1,-1.0454448420251232,0,SAME_BAR_SL,fx_cross
EURCHF,2017-07-21 00:00:00+00:00,short,3,2.4322632314410453,2,TP,fx_cross
NG,2017-07-23 00:00:00+00:00,long,2,-1.0023307462686568,7,SL,commodities
GBPUSD,2017-07-24 00:00:00+00:00,short,4,-1.0143800315457412,3,SL,fx_major
NZDJPY,2017-07-24 00:00:00+00:00,long,1,2.465783107156101,2,TP,fx_cross
USDJPY,2017-07-25 00:00:00+00:00,short,4,2.4796194270833336,8,TP,fx_major
AUDJPY,2017-07-25 00:00:00+00:00,short,3,2.4828834027897364,12,TP,fx_cross
GBPCHF,2017-07-26 00:00:00+00:00,short,4,-1.0400034922458339,0,SAME_BAR_SL,fx_cross
NZDCHF,2017-07-27 00:00:00+00:00,short,3,2.4857202956705384,11,TP,fx_cross
PA,2017-07-27 00:00:00+00:00,short,3,-1.0052340093023255,3,SL,metals
NQ,2017-07-27 00:00:00+00:00,long,1,2.4875603986710964,5,TP,indices
GBPCHF,2017-07-27 00:00:00+00:00,short,3,-1.0713019576185632,0,SAME_BAR_SL,fx_cross
USDCAD,2017-07-28 00:00:00+00:00,long,2,-1.0105671524174749,30,SL,fx_major
NZDCAD,2017-07-30 00:00:00+00:00,short,3,2.4783072648335747,15,TP,fx_cross
EURUSD,2017-07-31 00:00:00+00:00,long,1,2.483746976744186,24,TP,fx_major
GBPNZD,2017-08-01 00:00:00+00:00,short,4,-1.027434882304071,0,SAME_BAR_SL,fx_cross
NZDUSD,2017-08-01 00:00:00+00:00,long,1,-1.0153409551800145,5,SL,fx_major
EURNZD,2017-08-02 00:00:00+00:00,short,4,-1.0253445725646129,1,SL,fx_cross
GBPAUD,2017-08-03 00:00:00+00:00,short,4,2.47073932155698,1,TP,fx_cross
CL,2017-08-03 00:00:00+00:00,short,3,2.4947210596026492,9,TP,commodities
CADJPY,2017-08-03 00:00:00+00:00,long,1,-1.0158758683314417,4,SL,fx_cross
USDJPY,2017-08-04 00:00:00+00:00,short,4,2.483187494553377,30,TP,fx_major
EURCHF,2017-08-04 00:00:00+00:00,long,1,-1.0291516211293261,4,SL,fx_cross
GBPUSD,2017-08-07 00:00:00+00:00,long,2,-1.0209464445720846,7,SL,fx_major
HG,2017-08-08 00:00:00+00:00,long,2,2.4949203287671233,12,TP,metals
AUDNZD,2017-08-08 00:00:00+00:00,short,3,-1.0173977800201814,7,SL,fx_cross
CADCHF,2017-08-09 00:00:00+00:00,long,1,-1.0257382867448146,0,SAME_BAR_SL,fx_cross
NG,2017-08-09 00:00:00+00:00,short,3,-1.0017341353383458,3,SL,commodities
ES,2017-08-10 00:00:00+00:00,long,1,-1.0220507042253522,0,SAME_BAR_SL,indices
NQ,2017-08-10 00:00:00+00:00,long,1,-1.0124396013289036,0,SAME_BAR_SL,indices
AUDJPY,2017-08-10 00:00:00+00:00,long,2,-1.0244242006587274,1,SL,fx_cross
EURJPY,2017-08-11 00:00:00+00:00,short,4,-1.0316221172353448,2,SL,fx_cross
EURAUD,2017-08-11 00:00:00+00:00,short,4,2.472623796311408,5,TP,fx_cross
GBPNZD,2017-08-13 00:00:00+00:00,long,1,-1.01784380542093,4,SL,fx_cross
GBPJPY,2017-08-14 00:00:00+00:00,short,4,2.475683457090687,3,TP,fx_cross
NKD,2017-08-14 00:00:00+00:00,short,4,2.486278260869565,3,TP,indices
YM,2017-08-14 00:00:00+00:00,short,3,-1.009480539083558,27,SL,indices
NQ,2017-08-14 00:00:00+00:00,short,3,-1.004663846629561,15,SL,indices
EURCHF,2017-08-14 00:00:00+00:00,short,3,-1.0148230420711977,31,SL,fx_cross
DAX,2017-08-14 00:00:00+00:00,short,3,-1.0049086830497795,20,SL,indices
ES,2017-08-14 00:00:00+00:00,short,3,-1.0063446277665995,25,SL,indices
NZDCHF,2017-08-14 00:00:00+00:00,short,4,2.4759451380042465,8,TP,fx_cross
AUDUSD,2017-08-15 00:00:00+00:00,short,4,-1.017844826888034,1,SL,fx_major
CADJPY,2017-08-15 00:00:00+00:00,short,4,-1.0492928113879008,0,SAME_BAR_SL,fx_cross
PL,2017-08-16 00:00:00+00:00,short,3,-1.0052072727272727,11,SL,metals
NZDUSD,2017-08-16 00:00:00+00:00,short,3,2.474402354414527,6,TP,fx_major
CADCHF,2017-08-16 00:00:00+00:00,short,4,-1.0120508191653785,14,SL,fx_cross
EURNZD,2017-08-16 00:00:00+00:00,long,1,-1.0208322316708804,1,SL,fx_cross
AUDJPY,2017-08-17 00:00:00+00:00,short,4,2.4815026618840856,9,TP,fx_cross
USDCHF,2017-08-17 00:00:00+00:00,long,2,-1.0185910552590811,7,SL,fx_major
NZDCAD,2017-08-18 00:00:00+00:00,short,4,2.4746467253176925,3,TP,fx_cross
CL,2017-08-18 00:00:00+00:00,short,4,2.495326265060241,8,TP,commodities
EURNZD,2017-08-23 00:00:00+00:00,short,4,-1.0106656874745001,4,SL,fx_cross
AUDNZD,2017-08-23 00:00:00+00:00,short,3,-1.0301123000987173,0,SAME_BAR_SL,fx_cross
GBPNZD,2017-08-23 00:00:00+00:00,short,3,-1.0140102593010147,5,SL,fx_cross
CADJPY,2017-08-24 00:00:00+00:00,short,4,-1.0157320218579236,6,SL,fx_cross
GBPJPY,2017-08-24 00:00:00+00:00,short,4,-1.0272638115038106,3,SL,fx_cross
GBPUSD,2017-08-25 00:00:00+00:00,short,4,-1.0286287485101309,1,SL,fx_major
USDCHF,2017-08-28 00:00:00+00:00,long,1,-1.0279103765690376,1,SL,fx_major
EURCAD,2017-08-28 00:00:00+00:00,short,3,-1.042183052552176,1,SL,fx_cross
NZDUSD,2017-08-29 00:00:00+00:00,short,3,-1.0159570434102465,19,SL,fx_major
GBPUSD,2017-08-29 00:00:00+00:00,short,4,-1.0213856650463986,7,SL,fx_major
EURNZD,2017-08-29 00:00:00+00:00,short,3,2.4847869344920883,19,TP,fx_cross
CHFJPY,2017-08-30 00:00:00+00:00,long,1,-1.0286471556350634,5,SL,fx_cross
AUDJPY,2017-08-30 00:00:00+00:00,short,4,-1.0184973381159141,11,SL,fx_cross
EURUSD,2017-08-31 00:00:00+00:00,short,3,-1.0089767164179104,113,SL,fx_major
USDCHF,2017-08-31 00:00:00+00:00,short,3,2.476914705380017,6,TP,fx_major
NZDJPY,2017-08-31 00:00:00+00:00,long,2,2.4903894974003467,17,TP,fx_cross
PL,2017-08-31 00:00:00+00:00,short,3,-1.0034348972972973,2,SL,metals
GBPNZD,2017-08-31 00:00:00+00:00,short,4,-1.0395953135443288,0,SAME_BAR_SL,fx_cross
NG,2017-08-31 00:00:00+00:00,short,3,-1.0022692271662763,15,SL,commodities
GBPCAD,2017-08-31 00:00:00+00:00,long,1,-1.034903359013867,1,SL,fx_cross
NZDCAD,2017-09-01 00:00:00+00:00,long,2,-1.024331397849462,4,SL,fx_cross
EURGBP,2017-09-01 00:00:00+00:00,long,1,-1.0550302731655057,0,SAME_BAR_SL,fx_cross
EURAUD,2017-09-01 00:00:00+00:00,long,1,-1.0269055609128899,3,SL,fx_cross
CL,2017-09-01 00:00:00+00:00,long,2,2.4976094417862837,14,TP,commodities
PA,2017-09-01 00:00:00+00:00,short,3,-1.0052162782608696,0,SAME_BAR_SL,metals
SI,2017-09-01 00:00:00+00:00,short,4,2.4973908256880732,30,TP,metals
EURJPY,2017-09-03 00:00:00+00:00,long,1,-1.019548137044968,2,SL,fx_cross
NKD,2017-09-03 00:00:00+00:00,long,2,2.4969383783783785,28,TP,indices
AUDCHF,2017-09-03 00:00:00+00:00,long,2,-1.0069448281465831,63,SL,fx_cross
EURGBP,2017-09-04 00:00:00+00:00,short,4,2.473834757429515,7,TP,fx_cross
GBPCHF,2017-09-05 00:00:00+00:00,long,2,2.48952350117362,6,TP,fx_cross
GBPCAD,2017-09-06 00:00:00+00:00,long,2,2.4875367040358745,7,TP,fx_cross
EURCAD,2017-09-06 00:00:00+00:00,long,2,-1.0131577334295103,0,SAME_BAR_SL,fx_cross
PA,2017-09-06 00:00:00+00:00,long,2,2.4859456,1,TP,metals
AUDUSD,2017-09-06 00:00:00+00:00,long,1,-1.0090048497074844,18,SL,fx_major
GBPNZD,2017-09-07 00:00:00+00:00,short,3,-1.0209272581474247,4,SL,fx_cross
AUDNZD,2017-09-07 00:00:00+00:00,long,2,-1.0159405485772879,4,SL,fx_cross
NZDCAD,2017-09-07 00:00:00+00:00,long,2,2.47705977086743,7,TP,fx_cross
PL,2017-09-08 00:00:00+00:00,long,1,-1.0054112,2,SL,metals
CADJPY,2017-09-10 00:00:00+00:00,short,3,-1.0195314241001563,1,SL,fx_cross
EURCAD,2017-09-11 00:00:00+00:00,long,1,2.4802990476190474,7,TP,fx_cross
USDJPY,2017-09-11 00:00:00+00:00,short,4,-1.0431428410689163,1,SL,fx_major
GBPAUD,2017-09-11 00:00:00+00:00,short,3,-1.0152686890142715,1,SL,fx_cross
GBPJPY,2017-09-12 00:00:00+00:00,short,4,-1.0158889815178922,0,SAME_BAR_SL,fx_cross
PA,2017-09-13 00:00:00+00:00,long,2,-1.010304551724138,1,SL,metals
PL,2017-09-13 00:00:00+00:00,long,1,-1.0060424615384616,2,SL,metals
HG,2017-09-13 00:00:00+00:00,long,1,-1.0086894545454546,1,SL,metals
GBPUSD,2017-09-13 00:00:00+00:00,long,1,2.4603589380530977,1,TP,fx_major
USDCAD,2017-09-14 00:00:00+00:00,short,4,-1.0072269057160936,11,SL,fx_major
EURGBP,2017-09-14 00:00:00+00:00,long,2,-1.0278964692799564,0,SAME_BAR_SL,fx_cross
GBPNZD,2017-09-14 00:00:00+00:00,short,4,-1.0109110041352984,0,SAME_BAR_SL,fx_cross
GBPCHF,2017-09-14 00:00:00+00:00,short,4,-1.0169247443282003,1,SL,fx_cross
AUDNZD,2017-09-15 00:00:00+00:00,long,2,-1.0145253445850915,0,SAME_BAR_SL,fx_cross
GBPAUD,2017-09-15 00:00:00+00:00,short,4,-1.0317425853985263,0,SAME_BAR_SL,fx_cross
EURGBP,2017-09-15 00:00:00+00:00,long,1,-1.0293096427516975,0,SAME_BAR_SL,fx_cross
GBPCAD,2017-09-15 00:00:00+00:00,short,4,-1.0226459273797843,2,SL,fx_cross
PL,2017-09-17 00:00:00+00:00,long,2,-1.004913777777778,2,SL,metals
NZDCAD,2017-09-20 00:00:00+00:00,short,3,2.477161142343153,5,TP,fx_cross
PA,2017-09-20 00:00:00+00:00,long,1,2.4971582419753084,19,TP,metals
CL,2017-09-20 00:00:00+00:00,short,3,-1.0029776965265083,4,SL,commodities
GBPJPY,2017-09-21 00:00:00+00:00,short,3,1.9094014781394288,399,EOS,fx_cross
GBPCAD,2017-09-21 00:00:00+00:00,short,4,-1.014714646559849,29,SL,fx_cross
NG,2017-09-21 00:00:00+00:00,long,1,-1.0030990536277602,0,SAME_BAR_SL,commodities
EURGBP,2017-09-21 00:00:00+00:00,long,2,2.4496426366888113,1,TP,fx_cross
GBPCHF,2017-09-22 00:00:00+00:00,long,1,-1.0148878313130285,8,SL,fx_cross
GBPNZD,2017-09-22 00:00:00+00:00,long,2,2.4861952828175027,24,TP,fx_cross
AUDNZD,2017-09-24 00:00:00+00:00,short,4,-1.0178520023350843,12,SL,fx_cross
USDJPY,2017-09-25 00:00:00+00:00,long,1,2.4829837472766885,23,TP,fx_major
NZDCHF,2017-09-25 00:00:00+00:00,long,1,-1.0206493003682275,7,SL,fx_cross
EURJPY,2017-09-26 00:00:00+00:00,long,1,2.4883427020202022,84,TP,fx_cross
CADCHF,2017-09-26 00:00:00+00:00,short,3,2.4847224179260032,54,TP,fx_cross
CADJPY,2017-09-26 00:00:00+00:00,short,3,2.486208736256278,27,TP,fx_cross
NQ,2017-09-27 00:00:00+00:00,short,4,-1.0104191471801927,2,SL,indices
HG,2017-09-28 00:00:00+00:00,short,3,-1.0070305185185184,6,SL,metals
DAX,2017-09-29 00:00:00+00:00,short,4,-1.007192367491166,1,SL,indices
CL,2017-10-02 00:00:00+00:00,long,1,-1.00504049689441,1,SL,commodities
CHFJPY,2017-10-03 00:00:00+00:00,short,0,2.47628269005848,20,TP,fx_cross
GBPAUD,2017-10-03 00:00:00+00:00,long,2,-1.019451388603168,14,SL,fx_cross
GBPCHF,2017-10-06 00:00:00+00:00,long,1,2.469695297858808,5,TP,fx_cross
EURNZD,2017-10-06 00:00:00+00:00,short,3,-1.0120319958419959,4,SL,fx_cross
CL,2017-10-06 00:00:00+00:00,long,2,-1.0044632044198896,0,SAME_BAR_SL,commodities
HG,2017-10-06 00:00:00+00:00,short,4,-1.0045778823529412,4,SL,metals
NZDCAD,2017-10-08 00:00:00+00:00,long,1,-1.012405362010754,10,SL,fx_cross
USDCAD,2017-10-10 00:00:00+00:00,long,2,-1.037452212104981,2,SL,fx_major
GBPUSD,2017-10-11 00:00:00+00:00,short,4,-1.0241371037628266,2,SL,fx_major
NG,2017-10-12 00:00:00+00:00,short,4,2.4949916666666665,5,TP,commodities
EURNZD,2017-10-13 00:00:00+00:00,short,3,-1.0087040916776253,5,SL,fx_cross
HG,2017-10-13 00:00:00+00:00,short,3,-1.0045585454545454,2,SL,metals
AUDNZD,2017-10-18 00:00:00+00:00,short,3,-1.0229784327660374,1,SL,fx_cross
EURCHF,2017-10-18 00:00:00+00:00,short,3,-1.0253280437756502,5,SL,fx_cross
NZDJPY,2017-10-19 00:00:00+00:00,long,2,-1.0107763443424347,0,SAME_BAR_SL,fx_cross
NG,2017-10-19 00:00:00+00:00,long,2,2.4970182781456955,2,TP,commodities
EURGBP,2017-10-20 00:00:00+00:00,long,2,-1.0118274619109484,6,SL,fx_cross
GBPCHF,2017-10-20 00:00:00+00:00,short,3,-1.0158803737495876,2,SL,fx_cross
GBPAUD,2017-10-20 00:00:00+00:00,short,4,-1.0279835049092536,0,SAME_BAR_SL,fx_cross
NZDJPY,2017-10-24 00:00:00+00:00,long,2,-1.0150011832709964,1,SL,fx_cross
NZDUSD,2017-10-24 00:00:00+00:00,long,1,-1.0609178021978023,0,SAME_BAR_SL,fx_major
AUDJPY,2017-10-24 00:00:00+00:00,long,2,-1.0157910699457045,1,SL,fx_cross
EURCAD,2017-10-25 00:00:00+00:00,short,4,2.48202624906786,10,TP,fx_cross
YM,2017-10-25 00:00:00+00:00,long,1,2.4956584740827026,33,TP,indices
GBPUSD,2017-10-25 00:00:00+00:00,short,4,-1.0196307462686565,0,SAME_BAR_SL,fx_major
HG,2017-10-25 00:00:00+00:00,long,2,-1.0047902117647058,2,SL,metals
USDCAD,2017-10-25 00:00:00+00:00,short,3,-1.028952591389114,0,SAME_BAR_SL,fx_major
GBPAUD,2017-10-25 00:00:00+00:00,short,4,-1.0136984278295509,18,SL,fx_cross
ES,2017-10-30 00:00:00+00:00,long,2,2.4933235772357722,27,TP,indices
GBPCAD,2017-10-31 00:00:00+00:00,short,4,2.487970250752257,8,TP,fx_cross
PL,2017-11-01 00:00:00+00:00,short,4,2.4870024347826085,2,TP,metals
USDCAD,2017-11-01 00:00:00+00:00,long,1,-1.0270531329827195,2,SL,fx_major
NZDJPY,2017-11-01 00:00:00+00:00,short,4,2.484376326674916,14,TP,fx_cross
NZDCAD,2017-11-01 00:00:00+00:00,short,4,2.4757061867704278,4,TP,fx_cross
SI,2017-11-01 00:00:00+00:00,short,4,-1.0067100621118013,0,SAME_BAR_SL,metals
GBPCHF,2017-11-02 00:00:00+00:00,long,1,-1.0162303703703706,0,SAME_BAR_SL,fx_cross
NG,2017-11-02 00:00:00+00:00,short,4,-1.0026681818181817,2,SL,commodities
SI,2017-11-03 00:00:00+00:00,long,2,-1.0035377777777779,23,SL,metals
CADJPY,2017-11-05 00:00:00+00:00,short,4,2.4782495126705655,9,TP,fx_cross
HG,2017-11-07 00:00:00+00:00,long,2,-1.0101973333333336,1,SL,metals
GBPNZD,2017-11-09 00:00:00+00:00,short,4,-1.0088942869176987,4,SL,fx_cross
AUDJPY,2017-11-09 00:00:00+00:00,short,3,2.434064236718223,1,TP,fx_cross
NKD,2017-11-09 00:00:00+00:00,long,1,-1.0099678911564627,0,SAME_BAR_SL,indices
DAX,2017-11-09 00:00:00+00:00,long,1,-1.0135022647527911,0,SAME_BAR_SL,indices
EURNZD,2017-11-10 00:00:00+00:00,long,2,2.490096225423194,17,TP,fx_cross
PA,2017-11-10 00:00:00+00:00,long,1,-1.005704,3,SL,metals
EURGBP,2017-11-12 00:00:00+00:00,short,4,-1.075186565809377,1,SL,fx_cross
NZDCHF,2017-11-13 00:00:00+00:00,long,1,-1.0141300698272693,1,SL,fx_cross
HG,2017-11-13 00:00:00+00:00,short,4,-1.0032108387096774,32,SL,metals
DAX,2017-11-13 00:00:00+00:00,long,0,-1.0071422793487574,2,SL,indices
GBPCHF,2017-11-13 00:00:00+00:00,long,1,-1.0379809017461554,2,SL,fx_cross
USDCHF,2017-11-14 00:00:00+00:00,long,1,-1.0268510111272382,1,SL,fx_major
CL,2017-11-14 00:00:00+00:00,long,1,-1.0107305389221557,0,SAME_BAR_SL,commodities
EURCAD,2017-11-14 00:00:00+00:00,short,4,-1.0271789336801034,0,SAME_BAR_SL,fx_cross
NKD,2017-11-15 00:00:00+00:00,long,1,2.4945966412213743,13,TP,indices
USDJPY,2017-11-15 00:00:00+00:00,long,1,-1.0202561434977577,2,SL,fx_major
CL,2017-11-17 00:00:00+00:00,short,3,-1.0039203463203463,3,SL,commodities
AUDJPY,2017-11-17 00:00:00+00:00,long,1,-1.0263396355604626,0,SAME_BAR_SL,fx_cross
EURCHF,2017-11-17 00:00:00+00:00,long,1,-1.0524440449438244,1,SL,fx_cross
NZDUSD,2017-11-17 00:00:00+00:00,long,1,2.479687597765363,9,TP,fx_major
PL,2017-11-17 00:00:00+00:00,short,4,2.490994823529412,2,TP,metals
EURGBP,2017-11-19 00:00:00+00:00,long,1,-1.0463082527881047,1,SL,fx_cross
GBPUSD,2017-11-20 00:00:00+00:00,short,3,-1.0273937463126843,3,SL,fx_major
USDCHF,2017-11-21 00:00:00+00:00,short,4,2.4736014221379476,2,TP,fx_major
GBPCHF,2017-11-22 00:00:00+00:00,long,2,-1.03622266204849,5,SL,fx_cross
AUDUSD,2017-11-22 00:00:00+00:00,long,2,-1.012287914561986,13,SL,fx_major
PA,2017-11-23 00:00:00+00:00,short,3,-1.0039047757575759,18,SL,metals
USDCHF,2017-11-24 00:00:00+00:00,long,2,-1.0166013012558632,31,SL,fx_major
CHFJPY,2017-11-24 00:00:00+00:00,short,4,-1.0168541362916008,6,SL,fx_cross
GBPUSD,2017-11-27 00:00:00+00:00,short,4,-1.018279345862826,3,SL,fx_major
PL,2017-11-28 00:00:00+00:00,short,4,2.490994823529412,3,TP,metals
GBPNZD,2017-11-28 00:00:00+00:00,short,3,-1.0449775015537597,1,SL,fx_cross
CL,2017-11-29 00:00:00+00:00,long,1,2.4966134823091246,24,TP,commodities
CADCHF,2017-11-29 00:00:00+00:00,long,2,-1.0081253790101259,54,SL,fx_cross
NQ,2017-11-29 00:00:00+00:00,long,2,-1.013667027027027,0,SAME_BAR_SL,indices
NZDUSD,2017-11-29 00:00:00+00:00,long,1,2.4894152783109402,25,TP,fx_major
AUDNZD,2017-11-29 00:00:00+00:00,short,3,-1.0423924982888426,4,SL,fx_cross
GBPCHF,2017-11-30 00:00:00+00:00,short,3,-1.0229726426472863,6,SL,fx_cross
NZDCAD,2017-12-01 00:00:00+00:00,long,1,-1.0196726923076926,2,SL,fx_cross
RTY,2017-12-01 00:00:00+00:00,long,1,-1.009148872180451,0,SAME_BAR_SL,indices
EURCAD,2017-12-01 00:00:00+00:00,long,1,-1.031548397626114,0,SAME_BAR_SL,fx_cross
NQ,2017-12-01 00:00:00+00:00,long,2,2.491936449348044,10,TP,indices
EURCHF,2017-12-01 00:00:00+00:00,long,1,-1.0285805325185513,0,SAME_BAR_SL,fx_cross
NZDJPY,2017-12-01 00:00:00+00:00,short,4,-1.0340890637293465,3,SL,fx_cross
CADJPY,2017-12-01 00:00:00+00:00,short,4,-1.0233317491749176,2,SL,fx_cross
AUDJPY,2017-12-01 00:00:00+00:00,short,4,-1.0195010423452768,3,SL,fx_cross
SI,2017-12-01 00:00:00+00:00,long,2,-1.0048355555555555,3,SL,metals
EURCAD,2017-12-03 00:00:00+00:00,long,1,-1.0151380774748924,3,SL,fx_cross
NZDCHF,2017-12-04 00:00:00+00:00,short,3,-1.0212526027397257,6,SL,fx_cross
EURAUD,2017-12-04 00:00:00+00:00,long,2,-1.030993213459142,8,SL,fx_cross
GBPCAD,2017-12-05 00:00:00+00:00,long,1,-1.0137927488769742,25,SL,fx_cross
NG,2017-12-05 00:00:00+00:00,long,2,-1.0035116104868913,2,SL,commodities
GBPAUD,2017-12-05 00:00:00+00:00,long,1,-1.0086431407641356,15,SL,fx_cross
EURNZD,2017-12-05 00:00:00+00:00,long,2,-1.018250201953162,5,SL,fx_cross
GBPNZD,2017-12-06 00:00:00+00:00,long,2,-1.0072650051879373,8,SL,fx_cross
NKD,2017-12-07 00:00:00+00:00,short,4,-1.0035091262135922,21,SL,indices
CADJPY,2017-12-08 00:00:00+00:00,short,3,-1.012715277207392,15,SL,fx_cross
EURGBP,2017-12-08 00:00:00+00:00,short,4,-1.014772685851319,10,SL,fx_cross
YM,2017-12-10 00:00:00+00:00,short,3,-1.0081831932773109,3,SL,indices
GBPCHF,2017-12-11 00:00:00+00:00,long,1,-1.0182169228883164,2,SL,fx_cross
NZDCAD,2017-12-12 00:00:00+00:00,short,4,-1.0242938132295722,1,SL,fx_cross
AUDCAD,2017-12-12 00:00:00+00:00,short,3,-1.0226134549979258,1,SL,fx_cross
USDJPY,2017-12-13 00:00:00+00:00,long,1,-1.0176697872340426,22,SL,fx_major
AUDCAD,2017-12-14 00:00:00+00:00,short,3,-1.0147618159903573,27,SL,fx_cross
AUDNZD,2017-12-14 00:00:00+00:00,short,4,-1.0225807614493285,14,SL,fx_cross
RTY,2017-12-15 00:00:00+00:00,short,3,-1.005023702171665,0,SAME_BAR_SL,indices
ES,2017-12-15 00:00:00+00:00,short,3,-1.0153614414414414,0,SAME_BAR_SL,indices
NG,2017-12-15 00:00:00+00:00,long,2,2.4982074518201283,10,TP,commodities
CHFJPY,2017-12-19 00:00:00+00:00,short,3,-1.0314315127701374,1,SL,fx_cross
NZDCAD,2017-12-19 00:00:00+00:00,long,1,-1.0131628578906047,8,SL,fx_cross
USDCAD,2017-12-21 00:00:00+00:00,long,2,-1.0177549488395308,5,SL,fx_major
SI,2017-12-22 00:00:00+00:00,short,4,-1.0035275675675674,3,SL,metals
NZDCHF,2017-12-27 00:00:00+00:00,short,3,-1.0167455206328846,10,SL,fx_cross
EURAUD,2017-12-27 00:00:00+00:00,long,1,-1.017629597612432,11,SL,fx_cross
GBPUSD,2017-12-27 00:00:00+00:00,short,3,-1.0286049790635703,2,SL,fx_major
SI,2017-12-28 00:00:00+00:00,short,3,-1.0039153623188406,3,SL,metals
AUDUSD,2017-12-28 00:00:00+00:00,short,4,-1.033073040847201,3,SL,fx_major
NQ,2017-12-29 00:00:00+00:00,long,1,2.490174432497013,3,TP,indices
PL,2017-12-29 00:00:00+00:00,short,3,-1.0032418594594594,3,SL,metals
EURCHF,2017-12-29 00:00:00+00:00,short,3,-1.021397808219178,11,SL,fx_cross
USDCAD,2017-12-29 00:00:00+00:00,long,1,-1.017405277777778,5,SL,fx_major
NG,2018-01-01 00:00:00+00:00,short,4,2.49769327014218,4,TP,commodities
YM,2018-01-01 00:00:00+00:00,short,4,-1.0115274526928675,3,SL,indices
RTY,2018-01-01 00:00:00+00:00,short,3,-1.0076364760432768,3,SL,indices
ES,2018-01-02 00:00:00+00:00,short,3,-1.012870711610487,1,SL,indices
DAX,2018-01-03 00:00:00+00:00,short,4,-1.0053881193255512,1,SL,indices
GBPUSD,2018-01-03 00:00:00+00:00,long,1,-1.1317452393385323,0,SAME_BAR_SL,fx_major
GBPAUD,2018-01-03 00:00:00+00:00,long,2,-1.0218739968404427,6,SL,fx_cross
GBPNZD,2018-01-03 00:00:00+00:00,long,1,-1.0294521955260973,1,SL,fx_cross
AUDUSD,2018-01-03 00:00:00+00:00,short,4,-1.019128472434082,7,SL,fx_major
USDCHF,2018-01-04 00:00:00+00:00,long,2,-1.0235064944013779,7,SL,fx_major
NZDUSD,2018-01-04 00:00:00+00:00,short,3,-1.0139129493407355,6,SL,fx_major
NZDCAD,2018-01-05 00:00:00+00:00,long,2,2.462318909916731,4,TP,fx_cross
DAX,2018-01-05 00:00:00+00:00,short,3,-1.0083284955752212,1,SL,indices
CHFJPY,2018-01-05 00:00:00+00:00,long,1,-1.0128706592533758,3,SL,fx_cross
AUDNZD,2018-01-07 00:00:00+00:00,short,3,-1.0164546466809423,19,SL,fx_cross
SI,2018-01-08 00:00:00+00:00,long,1,-1.0037751202749141,7,SL,metals
EURJPY,2018-01-08 00:00:00+00:00,long,1,-1.0227431175059958,1,SL,fx_cross
EURGBP,2018-01-10 00:00:00+00:00,short,4,-1.0843416142735813,1,SL,fx_cross
AUDJPY,2018-01-10 00:00:00+00:00,long,1,-1.0341752089136482,0,SAME_BAR_SL,fx_cross
PL,2018-01-11 00:00:00+00:00,short,4,-1.006149019607843,0,SAME_BAR_SL,metals
EURCAD,2018-01-11 00:00:00+00:00,short,3,-1.0221654650551757,1,SL,fx_cross
NZDCHF,2018-01-12 00:00:00+00:00,long,1,-1.0115034217429322,4,SL,fx_cross
EURNZD,2018-01-12 00:00:00+00:00,short,4,-1.0535471457085839,0,SAME_BAR_SL,fx_cross
GBPAUD,2018-01-12 00:00:00+00:00,short,4,-1.0240582470119521,0,SAME_BAR_SL,fx_cross
NZDJPY,2018-01-14 00:00:00+00:00,long,2,2.4759708139845213,7,TP,fx_cross
PL,2018-01-15 00:00:00+00:00,short,4,-1.016917894736842,1,SL,metals
USDCHF,2018-01-15 00:00:00+00:00,long,1,-1.0151504997192589,4,SL,fx_major
EURCAD,2018-01-15 00:00:00+00:00,short,3,-1.0234543894389443,2,SL,fx_cross
EURJPY,2018-01-16 00:00:00+00:00,short,3,-1.0235328059332518,14,SL,fx_cross
PA,2018-01-16 00:00:00+00:00,long,1,-1.0027622047244094,12,SL,metals
EURUSD,2018-01-16 00:00:00+00:00,long,1,-1.098037761836443,1,SL,fx_major
AUDUSD,2018-01-17 00:00:00+00:00,short,3,-1.0088969624776654,8,SL,fx_major
USDCAD,2018-01-17 00:00:00+00:00,short,3,2.4796289831493317,7,TP,fx_major
EURGBP,2018-01-17 00:00:00+00:00,long,2,-1.0223747292418777,4,SL,fx_cross
YM,2018-01-18 00:00:00+00:00,long,1,-1.0056282735274205,13,SL,indices
SI,2018-01-18 00:00:00+00:00,short,4,-1.002865721784777,5,SL,metals
USDJPY,2018-01-18 00:00:00+00:00,long,2,-1.019877668161435,5,SL,fx_major
ES,2018-01-18 00:00:00+00:00,long,1,-1.0066651769087522,13,SL,indices
GBPCHF,2018-01-18 00:00:00+00:00,long,1,-1.0198361742373785,7,SL,fx_cross
DAX,2018-01-19 00:00:00+00:00,short,3,-1.0086667741935484,2,SL,indices
EURUSD,2018-01-19 00:00:00+00:00,short,3,-1.0229914964847675,4,SL,fx_major
CL,2018-01-22 00:00:00+00:00,short,4,-1.0079389883268481,1,SL,commodities
CADJPY,2018-01-22 00:00:00+00:00,short,4,2.4872783635898745,13,TP,fx_cross
HG,2018-01-23 00:00:00+00:00,long,1,-1.005105417721519,13,SL,metals
AUDJPY,2018-01-23 00:00:00+00:00,long,2,-1.043684929577464,0,SAME_BAR_SL,fx_cross
NKD,2018-01-23 00:00:00+00:00,long,1,-1.0050860927152319,1,SL,indices
NG,2018-01-23 00:00:00+00:00,short,3,-1.0038025531914894,0,SAME_BAR_SL,commodities
NZDJPY,2018-01-24 00:00:00+00:00,long,2,-1.055022557856271,0,SAME_BAR_SL,fx_cross
EURNZD,2018-01-24 00:00:00+00:00,long,2,2.4880310988658936,77,TP,fx_cross
NZDCHF,2018-01-24 00:00:00+00:00,long,2,-1.0139336972704713,0,SAME_BAR_SL,fx_cross
SI,2018-01-25 00:00:00+00:00,short,4,-1.0201257142857143,0,SAME_BAR_SL,metals
AUDCHF,2018-01-25 00:00:00+00:00,long,2,-1.0389617679558008,0,SAME_BAR_SL,fx_cross
EURAUD,2018-01-25 00:00:00+00:00,short,3,-1.0220495272078503,6,SL,fx_cross
DAX,2018-01-25 00:00:00+00:00,long,2,-1.0054246841097638,5,SL,indices
EURGBP,2018-01-25 00:00:00+00:00,short,4,-1.0301318513969913,3,SL,fx_cross
NZDUSD,2018-01-25 00:00:00+00:00,long,1,2.473829500640205,5,TP,fx_major
NZDJPY,2018-01-26 00:00:00+00:00,long,2,-1.0250027397260266,3,SL,fx_cross
NG,2018-01-28 00:00:00+00:00,long,1,-1.0010907419017765,3,SL,commodities
GBPCAD,2018-01-28 00:00:00+00:00,long,1,-1.034043545010467,1,SL,fx_cross
PL,2018-01-29 00:00:00+00:00,long,2,-1.0035968,7,SL,metals
GBPAUD,2018-01-29 00:00:00+00:00,long,1,2.4804388458831808,3,TP,fx_cross
CL,2018-01-30 00:00:00+00:00,long,1,-1.0030226392961876,7,SL,commodities
SI,2018-01-30 00:00:00+00:00,long,2,-1.003117037037037,3,SL,metals
AUDCAD,2018-01-30 00:00:00+00:00,long,2,-1.0309414769572463,1,SL,fx_cross
AUDNZD,2018-01-30 00:00:00+00:00,long,1,-1.0338355947136564,1,SL,fx_cross
GBPUSD,2018-01-30 00:00:00+00:00,long,1,-1.014511470805617,6,SL,fx_major
EURGBP,2018-01-30 00:00:00+00:00,short,4,-1.02601223628692,5,SL,fx_cross
NQ,2018-01-30 00:00:00+00:00,long,1,-1.0061785298196948,3,SL,indices
CHFJPY,2018-01-31 00:00:00+00:00,short,3,-1.020608210922787,1,SL,fx_cross
USDJPY,2018-01-31 00:00:00+00:00,short,4,-1.0216701346562722,2,SL,fx_major
AUDCHF,2018-01-31 00:00:00+00:00,short,4,2.480632873826426,2,TP,fx_cross
PA,2018-01-31 00:00:00+00:00,long,1,-1.005652512820513,1,SL,metals
NG,2018-02-01 00:00:00+00:00,long,1,-1.0022928155339805,0,SAME_BAR_SL,commodities
RTY,2018-02-02 00:00:00+00:00,long,1,-1.0057081870011402,0,SAME_BAR_SL,indices
USDCAD,2018-02-02 00:00:00+00:00,short,4,-1.019173245106148,2,SL,fx_major
NKD,2018-02-02 00:00:00+00:00,long,1,-1.0038517277486911,2,SL,indices
DAX,2018-02-02 00:00:00+00:00,long,1,-1.0047514018691588,1,SL,indices
EURAUD,2018-02-02 00:00:00+00:00,short,4,-1.0254694062863798,0,SAME_BAR_SL,fx_cross
NZDCHF,2018-02-02 00:00:00+00:00,long,1,-1.0189653704624562,2,SL,fx_cross
ES,2018-02-04 00:00:00+00:00,long,1,-1.0122692682926828,0,SAME_BAR_SL,indices
YM,2018-02-04 00:00:00+00:00,long,1,-1.0113209483960948,0,SAME_BAR_SL,indices
NZDUSD,2018-02-05 00:00:00+00:00,short,4,2.4912560272804773,72,TP,fx_major
CHFJPY,2018-02-05 00:00:00+00:00,long,1,-1.0152404666355577,4,SL,fx_cross
ES,2018-02-05 00:00:00+00:00,long,1,-1.0132177777777778,0,SAME_BAR_SL,indices
NQ,2018-02-05 00:00:00+00:00,long,1,-1.0062944891640866,1,SL,indices
AUDJPY,2018-02-05 00:00:00+00:00,long,2,-1.0127446809644332,3,SL,fx_cross
USDJPY,2018-02-05 00:00:00+00:00,long,1,-1.0546314438502695,0,SAME_BAR_SL,fx_major
YM,2018-02-05 00:00:00+00:00,long,2,-1.0128381601362861,0,SAME_BAR_SL,indices
GBPNZD,2018-02-06 00:00:00+00:00,long,1,-1.0330769459501308,0,SAME_BAR_SL,fx_cross
GBPAUD,2018-02-06 00:00:00+00:00,long,1,2.490593535122787,37,TP,fx_cross
CADCHF,2018-02-06 00:00:00+00:00,short,4,-1.0391837908496715,1,SL,fx_cross
EURGBP,2018-02-06 00:00:00+00:00,short,3,-1.0179323276795382,21,SL,fx_cross
ES,2018-02-06 00:00:00+00:00,long,1,2.4843169082125605,1,TP,indices
NZDJPY,2018-02-06 00:00:00+00:00,short,4,2.4709908427510494,1,TP,fx_cross
SI,2018-02-07 00:00:00+00:00,long,1,2.495667385892116,59,TP,metals
EURUSD,2018-02-07 00:00:00+00:00,long,1,-1.0145894549687797,18,SL,fx_major
GBPNZD,2018-02-07 00:00:00+00:00,short,4,-1.0121232023420788,1,SL,fx_cross
NZDCHF,2018-02-07 00:00:00+00:00,long,2,-1.0162955569809706,1,SL,fx_cross
USDCHF,2018-02-08 00:00:00+00:00,long,1,-1.0151355285961872,6,SL,fx_major
CL,2018-02-08 00:00:00+00:00,long,1,-1.0068845390070922,1,SL,commodities
GBPCHF,2018-02-08 00:00:00+00:00,short,4,-1.0672681115683589,0,SAME_BAR_SL,fx_cross
AUDCAD,2018-02-08 00:00:00+00:00,long,1,2.4884282005899707,22,TP,fx_cross
PL,2018-02-08 00:00:00+00:00,long,1,2.4949283902439023,7,TP,metals
HG,2018-02-08 00:00:00+00:00,long,1,2.4956705054945054,5,TP,metals
EURJPY,2018-02-09 00:00:00+00:00,long,2,-1.0226171150334757,4,SL,fx_cross
GBPUSD,2018-02-09 00:00:00+00:00,long,1,2.480291336898396,5,TP,fx_major
AUDJPY,2018-02-09 00:00:00+00:00,long,2,-1.0160564433866033,4,SL,fx_cross
NKD,2018-02-09 00:00:00+00:00,long,1,-1.0138952577319587,0,SAME_BAR_SL,indices
RTY,2018-02-12 00:00:00+00:00,short,3,-1.0046885322896282,2,SL,indices
NQ,2018-02-12 00:00:00+00:00,short,3,-1.0025841453649522,3,SL,indices
AUDCHF,2018-02-12 00:00:00+00:00,short,3,2.4806997477814106,16,TP,fx_cross
ES,2018-02-12 00:00:00+00:00,short,3,-1.002679748427673,4,SL,indices
NKD,2018-02-12 00:00:00+00:00,short,4,-1.0014476029567054,65,SL,indices
YM,2018-02-12 00:00:00+00:00,short,3,-1.0028390510424154,4,SL,indices
AUDUSD,2018-02-14 00:00:00+00:00,short,4,-1.0262121040189127,1,SL,fx_major
PA,2018-02-15 00:00:00+00:00,short,4,-1.0033862736842105,1,SL,metals
RTY,2018-02-15 00:00:00+00:00,short,4,-1.007045050215208,1,SL,indices
NZDCAD,2018-02-16 00:00:00+00:00,short,4,-1.0253532746823075,4,SL,fx_cross
HG,2018-02-16 00:00:00+00:00,short,3,2.4940470857142856,10,TP,metals
DAX,2018-02-16 00:00:00+00:00,short,3,2.4933319134775376,9,TP,indices
USDCHF,2018-02-20 00:00:00+00:00,short,4,-1.0167380364566676,7,SL,fx_major
GBPCAD,2018-02-21 00:00:00+00:00,long,1,2.477828227364637,10,TP,fx_cross
CHFJPY,2018-02-22 00:00:00+00:00,short,4,2.4792248347375243,6,TP,fx_cross
EURJPY,2018-02-22 00:00:00+00:00,short,4,-1.0128778521617852,52,SL,fx_cross
CL,2018-02-23 00:00:00+00:00,short,4,2.495611428571429,5,TP,commodities
EURCAD,2018-02-23 00:00:00+00:00,long,1,-1.023323025210084,0,SAME_BAR_SL,fx_cross
CADCHF,2018-02-23 00:00:00+00:00,short,4,2.4805490874882405,8,TP,fx_cross
USDCAD,2018-02-26 00:00:00+00:00,short,3,-1.0221833921048524,1,SL,fx_major
NQ,2018-02-26 00:00:00+00:00,short,4,2.4929065814696485,3,TP,indices
EURCHF,2018-02-27 00:00:00+00:00,long,2,2.462054650205763,6,TP,fx_cross
GBPNZD,2018-02-28 00:00:00+00:00,short,3,-1.0120014099071553,16,SL,fx_cross
AUDNZD,2018-02-28 00:00:00+00:00,short,3,2.4704076926841205,2,TP,fx_cross
CADJPY,2018-02-28 00:00:00+00:00,long,1,-1.0111484333891414,2,SL,fx_cross
AUDJPY,2018-02-28 00:00:00+00:00,long,1,-1.013564182056129,0,SAME_BAR_SL,fx_cross
AUDUSD,2018-02-28 00:00:00+00:00,long,1,2.4683225164594007,5,TP,fx_major
EURUSD,2018-03-01 00:00:00+00:00,short,4,-1.0177221703827812,4,SL,fx_major
PA,2018-03-01 00:00:00+00:00,long,1,-1.004489565836299,5,SL,metals
USDJPY,2018-03-02 00:00:00+00:00,long,1,0.6270847441769792,399,EOS,fx_major
AUDJPY,2018-03-06 00:00:00+00:00,long,2,-1.0092653830726033,14,SL,fx_cross
NQ,2018-03-06 00:00:00+00:00,long,2,-1.0026719313304722,15,SL,indices
USDCAD,2018-03-06 00:00:00+00:00,long,1,2.4384133788395927,1,TP,fx_major
YM,2018-03-06 00:00:00+00:00,long,2,-1.004234959612278,14,SL,indices
CL,2018-03-06 00:00:00+00:00,long,2,2.498429068128426,52,TP,commodities
GBPCHF,2018-03-06 00:00:00+00:00,long,2,2.489407416890958,13,TP,fx_cross
GBPUSD,2018-03-06 00:00:00+00:00,short,4,-1.0095270560890575,13,SL,fx_major
NZDCAD,2018-03-06 00:00:00+00:00,short,4,-1.0213921816707219,6,SL,fx_cross
ES,2018-03-06 00:00:00+00:00,long,2,-1.0028367921440262,14,SL,indices
AUDCHF,2018-03-06 00:00:00+00:00,long,2,2.4891742208135232,38,TP,fx_cross
AUDCAD,2018-03-07 00:00:00+00:00,short,4,2.437223907028217,1,TP,fx_cross
RTY,2018-03-07 00:00:00+00:00,short,4,-1.0041922129783694,4,SL,indices
PL,2018-03-08 00:00:00+00:00,long,1,-1.0076128,17,SL,metals
DAX,2018-03-08 00:00:00+00:00,short,4,2.4948527260897855,11,TP,indices
EURCAD,2018-03-08 00:00:00+00:00,long,1,-1.031775051767226,1,SL,fx_cross
EURCHF,2018-03-08 00:00:00+00:00,short,4,-1.0282055056903592,17,SL,fx_cross
GBPCAD,2018-03-09 00:00:00+00:00,long,1,-1.0799339325842758,0,SAME_BAR_SL,fx_cross
HG,2018-03-09 00:00:00+00:00,short,4,-1.0037729811320755,4,SL,metals
PA,2018-03-11 00:00:00+00:00,long,2,-1.001799161473088,16,SL,metals
GBPCAD,2018-03-13 00:00:00+00:00,short,3,-1.016716643356643,0,SAME_BAR_SL,fx_cross
EURUSD,2018-03-13 00:00:00+00:00,short,3,2.4706668356569508,6,TP,fx_major
NG,2018-03-13 00:00:00+00:00,long,1,-1.002639762611276,2,SL,commodities
EURAUD,2018-03-14 00:00:00+00:00,long,2,2.471021154734412,2,TP,fx_cross
CHFJPY,2018-03-14 00:00:00+00:00,long,2,-1.0120389304812833,2,SL,fx_cross
CADCHF,2018-03-15 00:00:00+00:00,long,2,2.4771462773722632,6,TP,fx_cross
NZDCHF,2018-03-16 00:00:00+00:00,long,1,2.4860600362187615,21,TP,fx_cross
USDCAD,2018-03-21 00:00:00+00:00,long,1,-1.0404349958205625,0,SAME_BAR_SL,fx_major
GBPNZD,2018-03-21 00:00:00+00:00,short,4,-1.040591691394659,0,SAME_BAR_SL,fx_cross
AUDCAD,2018-03-21 00:00:00+00:00,long,1,-1.0548739666993152,0,SAME_BAR_SL,fx_cross
NZDCAD,2018-03-21 00:00:00+00:00,long,1,-1.026932220504894,7,SL,fx_cross
USDCAD,2018-03-22 00:00:00+00:00,long,2,-1.039142994011974,10,SL,fx_major
RTY,2018-03-22 00:00:00+00:00,long,1,-1.009954124748491,1,SL,indices
USDCHF,2018-03-22 00:00:00+00:00,long,2,2.476026835443038,11,TP,fx_major
AUDJPY,2018-03-26 00:00:00+00:00,short,4,-1.010172918149466,13,SL,fx_cross
NQ,2018-03-27 00:00:00+00:00,long,2,-1.0037206660823839,0,SAME_BAR_SL,indices
YM,2018-03-27 00:00:00+00:00,long,2,-1.0043678992558671,4,SL,indices
ES,2018-03-27 00:00:00+00:00,long,2,-1.0036157939914163,4,SL,indices
EURUSD,2018-03-28 00:00:00+00:00,long,1,-1.0161417520969243,5,SL,fx_major
AUDUSD,2018-03-28 00:00:00+00:00,long,2,2.4647994423944244,11,TP,fx_major
GBPUSD,2018-03-29 00:00:00+00:00,long,1,-1.0297784428869106,6,SL,fx_major
GBPCHF,2018-04-02 00:00:00+00:00,short,3,-1.0213513826914882,2,SL,fx_cross
CADJPY,2018-04-02 00:00:00+00:00,long,1,2.4831358183815455,3,TP,fx_cross
GBPAUD,2018-04-02 00:00:00+00:00,short,3,2.488285178296343,42,TP,fx_cross
CHFJPY,2018-04-02 00:00:00+00:00,long,2,-1.0277781037567078,16,SL,fx_cross
NQ,2018-04-03 00:00:00+00:00,short,4,-1.0024357381860876,9,SL,indices
CADCHF,2018-04-03 00:00:00+00:00,short,3,-1.0142282996432816,2,SL,fx_cross
GBPNZD,2018-04-03 00:00:00+00:00,short,3,2.4698975885352077,1,TP,fx_cross
NZDJPY,2018-04-03 00:00:00+00:00,short,3,-1.0156400947694548,0,SAME_BAR_SL,fx_cross
YM,2018-04-04 00:00:00+00:00,short,3,-1.029427786259542,0,SAME_BAR_SL,indices
GBPCAD,2018-04-04 00:00:00+00:00,short,4,2.4828160108732584,20,TP,fx_cross
ES,2018-04-04 00:00:00+00:00,short,3,-1.023745352112676,0,SAME_BAR_SL,indices
EURGBP,2018-04-04 00:00:00+00:00,short,4,2.4596951973684202,7,TP,fx_cross
EURCAD,2018-04-05 00:00:00+00:00,long,1,-1.0223922778345251,4,SL,fx_cross
PA,2018-04-05 00:00:00+00:00,long,1,2.4971582419753084,5,TP,metals
EURUSD,2018-04-05 00:00:00+00:00,long,2,-1.0178166523605146,18,SL,fx_major
NZDCAD,2018-04-06 00:00:00+00:00,long,2,-1.0231643649373883,11,SL,fx_cross
CADCHF,2018-04-06 00:00:00+00:00,short,4,-1.010572172172172,5,SL,fx_cross
USDCAD,2018-04-10 00:00:00+00:00,long,2,-1.0242475982234367,0,SAME_BAR_SL,fx_major
HG,2018-04-12 00:00:00+00:00,long,1,-1.002164685082873,69,SL,metals
GBPNZD,2018-04-16 00:00:00+00:00,short,3,-1.0301024114647923,7,SL,fx_cross
NZDCHF,2018-04-16 00:00:00+00:00,long,1,-1.0212572810317035,6,SL,fx_cross
YM,2018-04-17 00:00:00+00:00,short,4,2.4953915887850466,14,TP,indices
RTY,2018-04-17 00:00:00+00:00,short,3,-1.0056871251409245,19,SL,indices
PA,2018-04-18 00:00:00+00:00,short,4,2.4951937391304346,4,TP,metals
NG,2018-04-18 00:00:00+00:00,short,3,2.4929826771653545,1,TP,commodities
GBPUSD,2018-04-18 00:00:00+00:00,long,1,-1.0136259024223813,1,SL,fx_major
EURCAD,2018-04-18 00:00:00+00:00,short,4,2.485106915029344,18,TP,fx_cross
EURGBP,2018-04-18 00:00:00+00:00,short,4,-1.0280381708369284,1,SL,fx_cross
CADCHF,2018-04-18 00:00:00+00:00,long,1,2.4795831498689536,14,TP,fx_cross
NZDJPY,2018-04-19 00:00:00+00:00,long,2,-1.0202748051948052,1,SL,fx_cross
AUDCHF,2018-04-20 00:00:00+00:00,long,1,-1.0206006286836933,2,SL,fx_cross
AUDJPY,2018-04-20 00:00:00+00:00,long,1,-1.0155640761327271,11,SL,fx_cross
NZDCAD,2018-04-20 00:00:00+00:00,long,1,-1.0124840404040405,8,SL,fx_cross
USDCAD,2018-04-20 00:00:00+00:00,short,4,-1.0123515513499435,2,SL,fx_major
USDCHF,2018-04-22 00:00:00+00:00,short,4,-1.019471122194514,3,SL,fx_major
PL,2018-04-23 00:00:00+00:00,long,2,-1.0042258285714285,4,SL,metals
SI,2018-04-23 00:00:00+00:00,long,1,-1.0046503896103898,2,SL,metals
NG,2018-04-24 00:00:00+00:00,short,3,-1.0070173228346457,1,SL,commodities
EURCHF,2018-04-24 00:00:00+00:00,short,3,2.4604731132075472,18,TP,fx_cross
CHFJPY,2018-04-24 00:00:00+00:00,short,4,2.4810056725502134,8,TP,fx_cross
CADJPY,2018-04-24 00:00:00+00:00,short,3,-1.0155177262332573,7,SL,fx_cross
PA,2018-04-24 00:00:00+00:00,long,1,-1.0025155010224949,54,SL,metals
USDCAD,2018-04-25 00:00:00+00:00,short,3,-1.0246951950718681,11,SL,fx_major
NQ,2018-04-26 00:00:00+00:00,short,4,-1.0073470567986231,0,SAME_BAR_SL,indices
ES,2018-04-26 00:00:00+00:00,short,4,2.4858446280991737,4,TP,indices
GBPCHF,2018-04-27 00:00:00+00:00,long,1,-1.056836062176169,0,SAME_BAR_SL,fx_cross
AUDCAD,2018-04-30 00:00:00+00:00,long,2,-1.0296377358490556,1,SL,fx_cross
GBPCHF,2018-04-30 00:00:00+00:00,long,1,-1.0436097594501723,1,SL,fx_cross
NQ,2018-04-30 00:00:00+00:00,long,2,2.4975380885780885,30,TP,indices
AUDUSD,2018-04-30 00:00:00+00:00,long,2,-1.033076249509611,1,SL,fx_major
PL,2018-05-01 00:00:00+00:00,long,1,2.4853111794871796,2,TP,metals
EURUSD,2018-05-02 00:00:00+00:00,long,2,-1.025513787590407,4,SL,fx_major
EURJPY,2018-05-02 00:00:00+00:00,long,1,-1.0329398211091219,1,SL,fx_cross
GBPUSD,2018-05-02 00:00:00+00:00,long,1,-1.0123677632327832,16,SL,fx_major
SI,2018-05-02 00:00:00+00:00,short,4,-1.0058360220994476,7,SL,metals
GBPCHF,2018-05-02 00:00:00+00:00,short,4,2.469232568659128,14,TP,fx_cross
EURAUD,2018-05-03 00:00:00+00:00,long,2,-1.0212653193517638,6,SL,fx_cross
NZDCHF,2018-05-03 00:00:00+00:00,short,4,2.4596811475409837,6,TP,fx_cross
AUDUSD,2018-05-04 00:00:00+00:00,short,4,2.4754334959349586,3,TP,fx_major
EURJPY,2018-05-08 00:00:00+00:00,long,2,-1.0200056765676564,13,SL,fx_cross
EURGBP,2018-05-08 00:00:00+00:00,long,1,2.4881050896752304,80,TP,fx_cross
CADJPY,2018-05-08 00:00:00+00:00,long,1,2.4797749957007738,1,TP,fx_cross
NZDCAD,2018-05-08 00:00:00+00:00,short,4,2.4718728682170545,1,TP,fx_cross
USDCAD,2018-05-09 00:00:00+00:00,long,2,-1.0227748658035996,1,SL,fx_major
CADCHF,2018-05-09 00:00:00+00:00,short,3,-1.0164131216931216,0,SAME_BAR_SL,fx_cross
YM,2018-05-09 00:00:00+00:00,short,4,-1.0114782404692082,1,SL,indices
AUDJPY,2018-05-09 00:00:00+00:00,short,4,-1.0132679166666665,4,SL,fx_cross
NZDJPY,2018-05-09 00:00:00+00:00,short,4,-1.013112161665646,11,SL,fx_cross
NZDUSD,2018-05-09 00:00:00+00:00,long,1,-1.029414826021181,1,SL,fx_major
EURUSD,2018-05-10 00:00:00+00:00,short,4,2.4821404596472476,11,TP,fx_major
CADCHF,2018-05-10 00:00:00+00:00,short,3,2.48626941580756,13,TP,fx_cross
ES,2018-05-10 00:00:00+00:00,short,4,-1.004856680613668,23,SL,indices
PL,2018-05-10 00:00:00+00:00,short,4,2.4958082269503548,9,TP,metals
AUDUSD,2018-05-11 00:00:00+00:00,short,4,-1.0245665040650414,9,SL,fx_major
NZDCHF,2018-05-15 00:00:00+00:00,long,0,-1.0190645396356477,0,SAME_BAR_SL,fx_cross
GBPNZD,2018-05-15 00:00:00+00:00,short,3,2.476674416437196,5,TP,fx_cross
EURCHF,2018-05-16 00:00:00+00:00,long,1,-1.0389149720341497,2,SL,fx_cross
CADJPY,2018-05-16 00:00:00+00:00,short,4,-1.0205117826825123,4,SL,fx_cross
EURNZD,2018-05-16 00:00:00+00:00,long,1,-1.0099562325147653,5,SL,fx_cross
NZDUSD,2018-05-17 00:00:00+00:00,short,4,-1.0125601552393273,12,SL,fx_major
NZDCAD,2018-05-18 00:00:00+00:00,short,4,-1.0418166246851375,1,SL,fx_cross
AUDCAD,2018-05-18 00:00:00+00:00,short,3,-1.0377399442896926,2,SL,fx_cross
AUDNZD,2018-05-20 00:00:00+00:00,short,3,-1.0232159025133285,5,SL,fx_cross
EURCHF,2018-05-21 00:00:00+00:00,long,1,-1.0655367832167812,1,SL,fx_cross
CHFJPY,2018-05-21 00:00:00+00:00,short,4,2.4810056725502134,7,TP,fx_cross
DAX,2018-05-22 00:00:00+00:00,short,4,2.4956415900877644,5,TP,indices
NZDCHF,2018-05-22 00:00:00+00:00,long,1,-1.025611753805427,0,SAME_BAR_SL,fx_cross
NZDJPY,2018-05-23 00:00:00+00:00,long,2,-1.0264734246575333,1,SL,fx_cross
GBPCHF,2018-05-23 00:00:00+00:00,long,1,-1.0341501640859707,5,SL,fx_cross
AUDJPY,2018-05-23 00:00:00+00:00,long,1,-1.0183684886949627,5,SL,fx_cross
CADJPY,2018-05-23 00:00:00+00:00,long,1,-1.0206549957007736,0,SAME_BAR_SL,fx_cross
AUDCHF,2018-05-23 00:00:00+00:00,long,2,-1.0469487499999997,0,SAME_BAR_SL,fx_cross
USDCAD,2018-05-23 00:00:00+00:00,short,3,-1.2079213832853508,0,SAME_BAR_SL,fx_major
RTY,2018-05-23 00:00:00+00:00,short,3,-1.0060028604382931,6,SL,indices
AUDCAD,2018-05-23 00:00:00+00:00,short,4,-1.0436588764044947,1,SL,fx_cross
EURUSD,2018-05-25 00:00:00+00:00,long,1,-1.026903626260547,2,SL,fx_major
EURCHF,2018-05-25 00:00:00+00:00,long,1,-1.022003182590956,3,SL,fx_cross
EURAUD,2018-05-25 00:00:00+00:00,long,1,-1.0198566398529068,3,SL,fx_cross
GBPCAD,2018-05-25 00:00:00+00:00,short,4,-1.0232411412131384,9,SL,fx_cross
EURJPY,2018-05-27 00:00:00+00:00,short,4,2.4746645416078974,2,TP,fx_cross
PL,2018-05-28 00:00:00+00:00,short,3,2.4940911020408163,19,TP,metals
AUDCHF,2018-05-29 00:00:00+00:00,long,1,-1.01073308000517,18,SL,fx_cross
CADJPY,2018-05-29 00:00:00+00:00,long,1,-1.0202250042992265,0,SAME_BAR_SL,fx_cross
AUDUSD,2018-05-29 00:00:00+00:00,long,1,-1.0264550753768846,0,SAME_BAR_SL,fx_major
AUDJPY,2018-05-30 00:00:00+00:00,short,4,-1.0120915094339622,4,SL,fx_cross
NZDJPY,2018-05-30 00:00:00+00:00,short,4,-1.0136158662809387,1,SL,fx_cross
AUDCAD,2018-05-30 00:00:00+00:00,long,1,2.4778019747042026,4,TP,fx_cross
AUDUSD,2018-05-30 00:00:00+00:00,short,3,-1.019278102189781,4,SL,fx_major
CADJPY,2018-05-30 00:00:00+00:00,short,4,-1.016099138755981,0,SAME_BAR_SL,fx_cross
GBPNZD,2018-05-30 00:00:00+00:00,long,2,2.486768756576097,28,TP,fx_cross
GBPAUD,2018-06-01 00:00:00+00:00,short,4,-1.017865531606593,11,SL,fx_cross
NKD,2018-06-01 00:00:00+00:00,short,4,-1.0059001652892563,4,SL,indices
NZDUSD,2018-06-01 00:00:00+00:00,short,3,2.477308360277136,15,TP,fx_major
GBPCHF,2018-06-03 00:00:00+00:00,long,1,-1.0085420182216582,40,SL,fx_cross
EURAUD,2018-06-04 00:00:00+00:00,long,2,2.474685060454143,4,TP,fx_cross
NZDJPY,2018-06-04 00:00:00+00:00,short,3,-1.0151365284609979,2,SL,fx_cross
YM,2018-06-04 00:00:00+00:00,short,4,-1.009345360094451,2,SL,indices
USDCAD,2018-06-05 00:00:00+00:00,short,3,-1.019490374716629,9,SL,fx_major
EURUSD,2018-06-06 00:00:00+00:00,short,3,-1.0270711858842847,7,SL,fx_major
EURCHF,2018-06-06 00:00:00+00:00,short,4,-1.0178761658884916,34,SL,fx_cross
AUDUSD,2018-06-06 00:00:00+00:00,short,4,2.450773944954125,2,TP,fx_major
CADCHF,2018-06-07 00:00:00+00:00,long,1,-1.014875166461159,12,SL,fx_cross
NKD,2018-06-07 00:00:00+00:00,short,4,2.4943221789883268,21,TP,indices
AUDJPY,2018-06-08 00:00:00+00:00,long,1,-1.0230616922315676,0,SAME_BAR_SL,fx_cross
USDCHF,2018-06-08 00:00:00+00:00,short,4,-1.0228392703150913,5,SL,fx_major
DAX,2018-06-08 00:00:00+00:00,short,3,-1.0045778675645343,4,SL,indices
NQ,2018-06-11 00:00:00+00:00,short,3,-1.0096625210084034,1,SL,indices
AUDCAD,2018-06-11 00:00:00+00:00,short,3,2.4805995650648898,18,TP,fx_cross
CHFJPY,2018-06-11 00:00:00+00:00,short,3,-1.020582397891963,26,SL,fx_cross
GBPUSD,2018-06-12 00:00:00+00:00,short,3,2.4774010836845273,6,TP,fx_major
SI,2018-06-13 00:00:00+00:00,short,3,2.4967091238670696,12,TP,metals
EURAUD,2018-06-14 00:00:00+00:00,short,4,-1.0487505567928694,0,SAME_BAR_SL,fx_cross
EURNZD,2018-06-14 00:00:00+00:00,short,4,2.4701683517874096,1,TP,fx_cross
NZDJPY,2018-06-15 00:00:00+00:00,short,4,2.490188407643312,14,TP,fx_cross
NQ,2018-06-15 00:00:00+00:00,long,1,-1.0103459531772576,3,SL,indices
DAX,2018-06-18 00:00:00+00:00,long,1,-1.0069531929233362,1,SL,indices
EURCAD,2018-06-18 00:00:00+00:00,short,4,-1.0214227888446215,3,SL,fx_cross
YM,2018-06-18 00:00:00+00:00,long,1,-1.005712643678161,3,SL,indices
GBPAUD,2018-06-18 00:00:00+00:00,short,3,2.489801577877186,45,TP,fx_cross
CADJPY,2018-06-19 00:00:00+00:00,long,1,2.4915271902715554,37,TP,fx_cross
EURNZD,2018-06-20 00:00:00+00:00,short,4,-1.0298316482125904,1,SL,fx_cross
NQ,2018-06-21 00:00:00+00:00,long,2,-1.0052933333333334,3,SL,indices
RTY,2018-06-21 00:00:00+00:00,long,1,-1.0045624161073825,3,SL,indices
GBPUSD,2018-06-21 00:00:00+00:00,short,4,-1.029532866242038,1,SL,fx_major
NZDCAD,2018-06-21 00:00:00+00:00,short,3,-1.0164943152454782,1,SL,fx_cross
GBPCAD,2018-06-22 00:00:00+00:00,short,4,-1.043944451354954,0,SAME_BAR_SL,fx_cross
CADCHF,2018-06-22 00:00:00+00:00,long,1,2.478281904761905,5,TP,fx_cross
CL,2018-06-22 00:00:00+00:00,short,3,-1.0086361133603239,0,SAME_BAR_SL,commodities
USDCHF,2018-06-25 00:00:00+00:00,long,1,2.4776285436893204,15,TP,fx_major
EURAUD,2018-06-26 00:00:00+00:00,short,4,2.475506504424779,36,TP,fx_cross
NQ,2018-06-27 00:00:00+00:00,long,1,2.485953657770801,2,TP,indices
EURNZD,2018-06-27 00:00:00+00:00,short,4,-1.0333161057023643,2,SL,fx_cross
GBPCAD,2018-06-28 00:00:00+00:00,long,2,-1.0192451638373468,16,SL,fx_cross
NZDCAD,2018-06-28 00:00:00+00:00,long,1,-1.019952903990517,0,SAME_BAR_SL,fx_cross
USDCAD,2018-06-29 00:00:00+00:00,short,3,2.487877512648931,79,TP,fx_major
EURJPY,2018-06-29 00:00:00+00:00,short,4,-1.0098386259541983,9,SL,fx_cross
GBPUSD,2018-07-02 00:00:00+00:00,long,2,2.477240780911063,5,TP,fx_major
AUDJPY,2018-07-02 00:00:00+00:00,long,2,2.48762712967987,15,TP,fx_cross
NZDCAD,2018-07-03 00:00:00+00:00,short,4,-1.0225733816863098,3,SL,fx_cross
EURNZD,2018-07-03 00:00:00+00:00,long,1,-1.0248731652084402,3,SL,fx_cross
AUDCAD,2018-07-03 00:00:00+00:00,short,4,-1.0164198552472858,6,SL,fx_cross
RTY,2018-07-03 00:00:00+00:00,short,4,-1.0080459214501512,2,SL,indices
SI,2018-07-03 00:00:00+00:00,short,3,-1.0107166666666665,1,SL,metals
NG,2018-07-03 00:00:00+00:00,long,1,-1.002591818181818,9,SL,commodities
AUDUSD,2018-07-03 00:00:00+00:00,short,3,-1.0391586754966888,1,SL,fx_major
HG,2018-07-03 00:00:00+00:00,long,2,-1.0120609032258063,1,SL,metals
NZDUSD,2018-07-04 00:00:00+00:00,short,3,-1.0283375916230364,1,SL,fx_major
DAX,2018-07-05 00:00:00+00:00,short,4,-1.0090191657271703,3,SL,indices
GBPNZD,2018-07-06 00:00:00+00:00,long,1,-1.0149192743265534,10,SL,fx_cross
NZDJPY,2018-07-06 00:00:00+00:00,short,3,-1.010006592258371,5,SL,fx_cross
NQ,2018-07-06 00:00:00+00:00,short,4,-1.0056761528976572,2,SL,indices
PL,2018-07-08 00:00:00+00:00,short,3,-1.0118650434782608,1,SL,metals
NKD,2018-07-09 00:00:00+00:00,short,4,-1.00512,3,SL,indices
YM,2018-07-09 00:00:00+00:00,short,4,-1.0110299581589959,1,SL,indices
AUDCHF,2018-07-10 00:00:00+00:00,short,4,2.489838727361723,38,TP,fx_cross
EURJPY,2018-07-11 00:00:00+00:00,short,3,-1.0193154146856844,4,SL,fx_cross
RTY,2018-07-11 00:00:00+00:00,short,3,2.4924631578947367,16,TP,indices
SI,2018-07-11 00:00:00+00:00,short,3,2.4964274125874124,28,TP,metals
PA,2018-07-12 00:00:00+00:00,short,4,2.496952080808081,6,TP,metals
NZDJPY,2018-07-13 00:00:00+00:00,long,2,-1.0236294432071271,9,SL,fx_cross
CL,2018-07-16 00:00:00+00:00,long,1,-1.0041763946869071,1,SL,commodities
NG,2018-07-16 00:00:00+00:00,long,2,2.4960504504504506,19,TP,commodities
DAX,2018-07-17 00:00:00+00:00,short,4,-1.0110824043715847,1,SL,indices
EURCHF,2018-07-17 00:00:00+00:00,long,1,-1.0328781470292052,1,SL,fx_cross
CADCHF,2018-07-17 00:00:00+00:00,long,1,-1.022353333333333,37,SL,fx_cross
CL,2018-07-18 00:00:00+00:00,long,1,2.4980622060164084,62,TP,commodities
GBPCAD,2018-07-18 00:00:00+00:00,long,2,-1.0148962078564798,12,SL,fx_cross
HG,2018-07-19 00:00:00+00:00,long,1,-1.0172415999999997,0,SAME_BAR_SL,metals
EURCAD,2018-07-20 00:00:00+00:00,long,2,-1.0236431815688427,4,SL,fx_cross
HG,2018-07-20 00:00:00+00:00,short,4,-1.0062857142857142,3,SL,metals
EURNZD,2018-07-20 00:00:00+00:00,long,1,2.4873892321731192,44,TP,fx_cross
NZDCHF,2018-07-20 00:00:00+00:00,short,3,2.4862165768390385,17,TP,fx_cross
YM,2018-07-20 00:00:00+00:00,short,3,-1.0085912446351932,3,SL,indices
DAX,2018-07-20 00:00:00+00:00,long,2,-1.0044172996706915,16,SL,indices
PA,2018-07-23 00:00:00+00:00,short,4,-1.0028046601941747,2,SL,metals
GBPUSD,2018-07-23 00:00:00+00:00,long,2,-1.0092432767081918,14,SL,fx_major
EURUSD,2018-07-24 00:00:00+00:00,long,2,-1.015302948207171,11,SL,fx_major
ES,2018-07-24 00:00:00+00:00,short,4,-1.0163084684684685,1,SL,indices
HG,2018-07-25 00:00:00+00:00,short,3,2.4892216470588235,1,TP,metals
AUDNZD,2018-07-25 00:00:00+00:00,long,2,-1.0398448595689105,4,SL,fx_cross
NZDUSD,2018-07-26 00:00:00+00:00,long,2,-1.0204164542046061,6,SL,fx_major
NQ,2018-07-26 00:00:00+00:00,long,2,-1.0082591943957968,1,SL,indices
PL,2018-07-27 00:00:00+00:00,short,3,2.497205894736842,16,TP,metals
USDCHF,2018-07-27 00:00:00+00:00,short,4,2.485697754997437,28,TP,fx_major
ES,2018-07-30 00:00:00+00:00,long,2,2.4865480149812735,6,TP,indices
NZDJPY,2018-07-31 00:00:00+00:00,short,4,2.4902655319148934,8,TP,fx_cross
NZDCAD,2018-07-31 00:00:00+00:00,short,3,2.4775592452830186,2,TP,fx_cross
AUDUSD,2018-07-31 00:00:00+00:00,short,3,2.4775425485961122,9,TP,fx_major
GBPCHF,2018-08-01 00:00:00+00:00,short,4,2.4685108808290153,5,TP,fx_cross
PA,2018-08-01 00:00:00+00:00,long,1,-1.008190647887324,4,SL,metals
GBPCAD,2018-08-02 00:00:00+00:00,long,2,-1.010085884725613,6,SL,fx_cross
CHFJPY,2018-08-02 00:00:00+00:00,long,2,-1.0172595819581958,7,SL,fx_cross
NQ,2018-08-03 00:00:00+00:00,short,3,-1.0038349514563107,20,SL,indices
PA,2018-08-08 00:00:00+00:00,long,1,-1.003703064935065,6,SL,metals
HG,2018-08-09 00:00:00+00:00,short,4,2.4965334368932037,5,TP,metals
EURCAD,2018-08-09 00:00:00+00:00,long,2,-1.0598961024182088,1,SL,fx_cross
AUDCAD,2018-08-09 00:00:00+00:00,long,1,-1.0546363488843802,1,SL,fx_cross
EURUSD,2018-08-10 00:00:00+00:00,long,1,-1.0248655585620408,0,SAME_BAR_SL,fx_major
GBPUSD,2018-08-10 00:00:00+00:00,long,1,2.4847123417924832,17,TP,fx_major
EURUSD,2018-08-12 00:00:00+00:00,long,2,2.479708807134894,8,TP,fx_major
CADJPY,2018-08-14 00:00:00+00:00,short,3,-1.0102919541224842,12,SL,fx_cross
EURCAD,2018-08-14 00:00:00+00:00,long,2,-1.0260575519774897,1,SL,fx_cross
EURGBP,2018-08-14 00:00:00+00:00,long,2,2.47961380212592,10,TP,fx_cross
NZDCAD,2018-08-15 00:00:00+00:00,short,4,-1.017895074183976,2,SL,fx_cross
AUDCAD,2018-08-16 00:00:00+00:00,short,4,2.4865266767523955,22,TP,fx_cross
GBPCAD,2018-08-16 00:00:00+00:00,short,4,-1.0237330296127563,5,SL,fx_cross
NZDJPY,2018-08-16 00:00:00+00:00,short,4,-1.011778148148148,4,SL,fx_cross
PA,2018-08-16 00:00:00+00:00,short,4,-1.0054701359223301,3,SL,metals
EURCAD,2018-08-16 00:00:00+00:00,short,4,-1.0191921209344934,4,SL,fx_cross
DAX,2018-08-20 00:00:00+00:00,short,4,-1.006303642172524,5,SL,indices
PL,2018-08-20 00:00:00+00:00,short,4,2.495133561904762,13,TP,metals
AUDNZD,2018-08-21 00:00:00+00:00,long,1,-1.048963439490447,0,SAME_BAR_SL,fx_cross
EURUSD,2018-08-22 00:00:00+00:00,short,3,-1.044276264485345,2,SL,fx_major
NZDCAD,2018-08-23 00:00:00+00:00,long,1,-1.0218722737505626,6,SL,fx_cross
AUDUSD,2018-08-23 00:00:00+00:00,long,2,-1.0135707974641308,7,SL,fx_major
NKD,2018-08-23 00:00:00+00:00,short,4,-1.0101340845070423,2,SL,indices
NZDCHF,2018-08-23 00:00:00+00:00,long,2,-1.020087009857612,5,SL,fx_cross
NG,2018-08-23 00:00:00+00:00,long,1,-1.0047805076142131,3,SL,commodities
NZDUSD,2018-08-24 00:00:00+00:00,short,3,-1.0311596672212997,3,SL,fx_major
ES,2018-08-24 00:00:00+00:00,short,3,-1.0379183505154639,1,SL,indices
EURUSD,2018-08-27 00:00:00+00:00,short,3,-1.0153210323791646,21,SL,fx_major
YM,2018-08-27 00:00:00+00:00,short,4,-1.0078635028248588,20,SL,indices
HG,2018-08-28 00:00:00+00:00,short,4,2.494280918032787,6,TP,metals
EURJPY,2018-08-28 00:00:00+00:00,short,3,-1.016818856088561,18,SL,fx_cross
NZDJPY,2018-08-29 00:00:00+00:00,short,4,2.485316666666667,5,TP,fx_cross
AUDJPY,2018-08-29 00:00:00+00:00,long,1,-1.0169437075718013,1,SL,fx_cross
GBPAUD,2018-08-29 00:00:00+00:00,short,3,-1.0300877537336182,0,SAME_BAR_SL,fx_cross
EURAUD,2018-08-29 00:00:00+00:00,short,4,-1.0296514531612055,1,SL,fx_cross
EURGBP,2018-08-29 00:00:00+00:00,long,1,-1.0191050075872534,8,SL,fx_cross
GBPCHF,2018-08-29 00:00:00+00:00,short,4,-1.0508347951114303,0,SAME_BAR_SL,fx_cross
GBPNZD,2018-08-30 00:00:00+00:00,short,3,-1.0258430856601983,0,SAME_BAR_SL,fx_cross
EURCHF,2018-08-31 00:00:00+00:00,long,2,-1.028983402109125,5,SL,fx_cross
AUDNZD,2018-09-03 00:00:00+00:00,short,4,-1.0178570491803278,1,SL,fx_cross
GBPUSD,2018-09-03 00:00:00+00:00,long,2,2.484274512195122,14,TP,fx_major
NQ,2018-09-04 00:00:00+00:00,long,1,-1.0165587734241908,1,SL,indices
AUDNZD,2018-09-05 00:00:00+00:00,short,4,2.4740533333333325,34,TP,fx_cross
CADCHF,2018-09-05 00:00:00+00:00,long,1,2.4850812230866652,20,TP,fx_cross
ES,2018-09-05 00:00:00+00:00,long,1,-1.029059527559055,1,SL,indices
NZDUSD,2018-09-05 00:00:00+00:00,short,4,-1.0108024114720517,13,SL,fx_major
GBPNZD,2018-09-05 00:00:00+00:00,long,1,2.486640564751704,25,TP,fx_cross
GBPCAD,2018-09-05 00:00:00+00:00,short,4,2.484204776711876,22,TP,fx_cross
HG,2018-09-06 00:00:00+00:00,short,4,2.4910383157894738,1,TP,metals
NZDJPY,2018-09-06 00:00:00+00:00,long,2,-1.0093393711829903,0,SAME_BAR_SL,fx_cross
NZDCAD,2018-09-07 00:00:00+00:00,long,2,-1.021271880492091,2,SL,fx_cross
GBPCHF,2018-09-07 00:00:00+00:00,short,3,-1.0129655641879394,2,SL,fx_cross
GBPAUD,2018-09-07 00:00:00+00:00,short,3,-1.0252912210892817,2,SL,fx_cross
EURGBP,2018-09-10 00:00:00+00:00,long,2,-1.0203861978740802,21,SL,fx_cross
EURCHF,2018-09-10 00:00:00+00:00,short,3,-1.0325478001030401,1,SL,fx_cross
AUDUSD,2018-09-12 00:00:00+00:00,short,4,-1.0136137669376695,6,SL,fx_major
GBPAUD,2018-09-12 00:00:00+00:00,long,1,-1.0483557075023755,1,SL,fx_cross
NG,2018-09-12 00:00:00+00:00,short,3,-1.004424347826087,5,SL,commodities
AUDJPY,2018-09-12 00:00:00+00:00,short,4,-1.0102941328413284,1,SL,fx_cross
AUDCAD,2018-09-13 00:00:00+00:00,short,4,-1.0213155700325736,5,SL,fx_cross
EURNZD,2018-09-13 00:00:00+00:00,short,3,2.4659961722488046,5,TP,fx_cross
USDCHF,2018-09-13 00:00:00+00:00,long,1,-1.1333873218673212,0,SAME_BAR_SL,fx_major
EURAUD,2018-09-13 00:00:00+00:00,long,1,-1.0130268430132259,15,SL,fx_cross
HG,2018-09-14 00:00:00+00:00,long,1,2.4971107008547007,6,TP,metals
AUDCHF,2018-09-14 00:00:00+00:00,long,1,-1.022124464692483,2,SL,fx_cross
EURCAD,2018-09-14 00:00:00+00:00,long,2,-1.0236149944382646,4,SL,fx_cross
NKD,2018-09-17 00:00:00+00:00,short,4,-1.0051779790940767,1,SL,indices
NZDCAD,2018-09-17 00:00:00+00:00,short,4,-1.02111072056239,3,SL,fx_cross
NQ,2018-09-17 00:00:00+00:00,long,2,-1.0047630342092215,16,SL,indices
USDCHF,2018-09-17 00:00:00+00:00,long,1,-1.0207055941639471,4,SL,fx_major
ES,2018-09-17 00:00:00+00:00,long,2,-1.00856,20,SL,indices
RTY,2018-09-18 00:00:00+00:00,short,4,2.4922970786516854,12,TP,indices
PA,2018-09-18 00:00:00+00:00,short,4,-1.00490525,0,SAME_BAR_SL,metals
AUDJPY,2018-09-19 00:00:00+00:00,short,3,-1.0294193165699541,1,SL,fx_cross
YM,2018-09-20 00:00:00+00:00,short,3,-1.016613125,0,SAME_BAR_SL,indices
NG,2018-09-20 00:00:00+00:00,short,4,-1.0060127388535032,0,SAME_BAR_SL,commodities
CHFJPY,2018-09-21 00:00:00+00:00,short,3,2.474926191198786,5,TP,fx_cross
EURJPY,2018-09-21 00:00:00+00:00,short,3,2.480625401459854,14,TP,fx_cross
GBPUSD,2018-09-21 00:00:00+00:00,long,1,-1.0278749432248289,0,SAME_BAR_SL,fx_major
GBPAUD,2018-09-21 00:00:00+00:00,long,2,2.489996216968011,13,TP,fx_cross
GBPCHF,2018-09-21 00:00:00+00:00,long,2,2.476298817966904,3,TP,fx_cross
NZDUSD,2018-09-21 00:00:00+00:00,short,3,2.4836414866637515,10,TP,fx_major
NG,2018-09-24 00:00:00+00:00,short,3,-1.0111632183908044,0,SAME_BAR_SL,commodities
USDCHF,2018-09-24 00:00:00+00:00,short,4,-1.014404061998931,3,SL,fx_major
SI,2018-09-25 00:00:00+00:00,short,4,-1.002971575562701,6,SL,metals
AUDUSD,2018-09-26 00:00:00+00:00,short,3,2.484993149981664,6,TP,fx_major
NG,2018-09-26 00:00:00+00:00,long,1,2.4980392607802875,10,TP,commodities
NKD,2018-09-26 00:00:00+00:00,short,3,-1.0066110344827586,2,SL,indices
AUDCAD,2018-09-26 00:00:00+00:00,short,3,2.4879743475290366,6,TP,fx_cross
CADJPY,2018-09-27 00:00:00+00:00,short,3,-1.0280980645161293,1,SL,fx_cross
NZDCAD,2018-09-27 00:00:00+00:00,long,2,-1.0397001315789467,1,SL,fx_cross
EURUSD,2018-09-27 00:00:00+00:00,long,1,-1.0403345006165214,0,SAME_BAR_SL,fx_major
EURCAD,2018-09-28 00:00:00+00:00,long,2,-1.0194755555555555,0,SAME_BAR_SL,fx_cross
EURCHF,2018-09-28 00:00:00+00:00,long,1,-1.0159987866531848,82,SL,fx_cross
DAX,2018-09-28 00:00:00+00:00,long,1,-1.0109883146067415,4,SL,indices
EURCAD,2018-09-30 00:00:00+00:00,long,1,-1.0215462554613213,1,SL,fx_cross
CADJPY,2018-09-30 00:00:00+00:00,short,4,-1.0687401941747623,1,SL,fx_cross
CL,2018-09-30 00:00:00+00:00,short,3,-1.0039735135135135,1,SL,commodities
PA,2018-09-30 00:00:00+00:00,long,1,-1.003591619047619,1,SL,metals
GBPCHF,2018-10-01 00:00:00+00:00,short,4,2.4624671733472154,1,TP,fx_cross
AUDCHF,2018-10-02 00:00:00+00:00,long,2,2.490331389365352,32,TP,fx_cross
AUDJPY,2018-10-03 00:00:00+00:00,short,3,2.4873748262548268,6,TP,fx_cross
GBPCHF,2018-10-03 00:00:00+00:00,short,4,-1.0375328266527846,1,SL,fx_cross
GBPUSD,2018-10-03 00:00:00+00:00,long,2,-1.0098447193149382,23,SL,fx_major
NZDJPY,2018-10-03 00:00:00+00:00,short,3,2.482824071954211,2,TP,fx_cross
CHFJPY,2018-10-04 00:00:00+00:00,long,1,-1.0230922613065327,3,SL,fx_cross
YM,2018-10-04 00:00:00+00:00,long,2,-1.0056587126741872,3,SL,indices
HG,2018-10-05 00:00:00+00:00,long,1,-1.0035639595959596,20,SL,metals
GBPCAD,2018-10-05 00:00:00+00:00,long,2,2.4917316953316955,124,TP,fx_cross
RTY,2018-10-05 00:00:00+00:00,long,2,-1.0044709511568124,4,SL,indices
PA,2018-10-07 00:00:00+00:00,long,2,2.497609352112676,34,TP,metals
CADJPY,2018-10-08 00:00:00+00:00,long,2,-1.0114565789473684,2,SL,fx_cross
CL,2018-10-08 00:00:00+00:00,long,1,2.4908519844357975,1,TP,commodities
EURUSD,2018-10-09 00:00:00+00:00,long,1,2.4719867774376927,2,TP,fx_major
NZDCHF,2018-10-09 00:00:00+00:00,short,4,-1.0293648287112562,2,SL,fx_cross
EURJPY,2018-10-09 00:00:00+00:00,long,1,-1.0160103703703705,8,SL,fx_cross
NG,2018-10-09 00:00:00+00:00,long,1,2.498455238095238,27,TP,commodities
DAX,2018-10-10 00:00:00+00:00,long,1,-1.020362288828338,0,SAME_BAR_SL,indices
NKD,2018-10-10 00:00:00+00:00,long,1,-1.0049197350993377,0,SAME_BAR_SL,indices
NZDUSD,2018-10-10 00:00:00+00:00,long,2,2.4720407430340554,1,TP,fx_major
YM,2018-10-10 00:00:00+00:00,long,2,-1.0050026468769326,11,SL,indices
CL,2018-10-10 00:00:00+00:00,long,2,-1.0044456704980844,1,SL,commodities
USDCAD,2018-10-10 00:00:00+00:00,short,3,-1.0281512345679011,8,SL,fx_major
GBPAUD,2018-10-10 00:00:00+00:00,short,3,-1.106739672131138,0,SAME_BAR_SL,fx_cross
AUDCAD,2018-10-11 00:00:00+00:00,short,4,-1.0352392658055756,1,SL,fx_cross
GBPNZD,2018-10-11 00:00:00+00:00,long,2,-1.0449997466349972,0,SAME_BAR_SL,fx_cross
NKD,2018-10-11 00:00:00+00:00,long,1,-1.015648695652174,0,SAME_BAR_SL,indices
GBPAUD,2018-10-12 00:00:00+00:00,long,2,-1.0478037303785785,1,SL,fx_cross
EURNZD,2018-10-15 00:00:00+00:00,long,2,-1.0166035849056605,4,SL,fx_cross
CADCHF,2018-10-16 00:00:00+00:00,short,3,2.484728724162509,30,TP,fx_cross
AUDCAD,2018-10-16 00:00:00+00:00,long,1,2.474740332355817,3,TP,fx_cross
USDCHF,2018-10-16 00:00:00+00:00,short,3,-1.0255006261510131,1,SL,fx_major
AUDNZD,2018-10-16 00:00:00+00:00,long,1,-1.0249530563554095,4,SL,fx_cross
ES,2018-10-18 00:00:00+00:00,long,2,-1.002928580858086,4,SL,indices
GBPCHF,2018-10-18 00:00:00+00:00,long,2,-1.0303732220367292,3,SL,fx_cross
NZDUSD,2018-10-18 00:00:00+00:00,long,1,-1.0208708675799085,7,SL,fx_major
NZDJPY,2018-10-18 00:00:00+00:00,long,1,-1.01687486631016,7,SL,fx_cross
NKD,2018-10-18 00:00:00+00:00,long,2,-1.0025776512455515,4,SL,indices
NQ,2018-10-18 00:00:00+00:00,long,1,-1.0039396226415094,4,SL,indices
RTY,2018-10-18 00:00:00+00:00,long,2,-1.0029849493142518,4,SL,indices
EURUSD,2018-10-19 00:00:00+00:00,long,1,-1.0280132225623073,4,SL,fx_major
CHFJPY,2018-10-19 00:00:00+00:00,short,4,-1.016704743792921,33,SL,fx_cross
GBPNZD,2018-10-19 00:00:00+00:00,long,2,-1.0226945432149452,8,SL,fx_cross
NZDCHF,2018-10-22 00:00:00+00:00,long,2,-1.0231959390862941,2,SL,fx_cross
YM,2018-10-24 00:00:00+00:00,long,1,2.486717837837838,1,TP,indices
NZDCAD,2018-10-24 00:00:00+00:00,long,2,2.4560754856614238,1,TP,fx_cross
AUDCAD,2018-10-24 00:00:00+00:00,long,1,-1.0252596676441834,0,SAME_BAR_SL,fx_cross
EURCAD,2018-10-24 00:00:00+00:00,long,2,2.4728370680628275,11,TP,fx_cross
NKD,2018-10-25 00:00:00+00:00,long,2,-1.0055216194331984,1,SL,indices
DAX,2018-10-25 00:00:00+00:00,short,4,2.4976641645244215,42,TP,indices
GBPAUD,2018-10-25 00:00:00+00:00,long,2,-1.0307160679611649,4,SL,fx_cross
USDCAD,2018-10-26 00:00:00+00:00,short,3,-1.0197083435911163,14,SL,fx_major
ES,2018-10-26 00:00:00+00:00,long,2,2.4954353324287655,6,TP,indices
USDCHF,2018-10-26 00:00:00+00:00,long,1,2.46367724137931,4,TP,fx_major
NZDCAD,2018-10-29 00:00:00+00:00,short,4,-1.029784978274364,1,SL,fx_cross
AUDNZD,2018-10-30 00:00:00+00:00,short,3,2.4812471928195605,13,TP,fx_cross
EURAUD,2018-10-31 00:00:00+00:00,long,1,-1.091839999999999,1,SL,fx_cross
RTY,2018-10-31 00:00:00+00:00,short,4,-1.0033543994509266,5,SL,indices
GBPUSD,2018-10-31 00:00:00+00:00,short,4,-1.0283707479224378,1,SL,fx_major
EURGBP,2018-10-31 00:00:00+00:00,long,1,-1.0170162679425836,0,SAME_BAR_SL,fx_cross
YM,2018-10-31 00:00:00+00:00,short,4,-1.0037420074349441,5,SL,indices
GBPNZD,2018-10-31 00:00:00+00:00,short,4,2.490428424908425,13,TP,fx_cross
SI,2018-11-01 00:00:00+00:00,short,3,-1.0043274074074073,1,SL,metals
NZDJPY,2018-11-01 00:00:00+00:00,short,3,-1.0171759280457888,4,SL,fx_cross
NKD,2018-11-01 00:00:00+00:00,short,4,2.4980756284153007,44,TP,indices
AUDUSD,2018-11-01 00:00:00+00:00,short,4,-1.024509095324833,1,SL,fx_major
GBPCHF,2018-11-01 00:00:00+00:00,short,3,-1.0163871956717763,3,SL,fx_cross
GBPAUD,2018-11-01 00:00:00+00:00,short,4,2.4899635635714996,24,TP,fx_cross
HG,2018-11-01 00:00:00+00:00,short,4,-1.002782208,1,SL,metals
AUDJPY,2018-11-02 00:00:00+00:00,short,3,-1.0126251737451735,4,SL,fx_cross
NQ,2018-11-02 00:00:00+00:00,short,4,2.4971499685732246,15,TP,indices
EURJPY,2018-11-02 00:00:00+00:00,short,3,2.4886951205762604,52,TP,fx_cross
NZDCHF,2018-11-05 00:00:00+00:00,short,4,-1.031236902581181,1,SL,fx_cross
NZDUSD,2018-11-06 00:00:00+00:00,short,4,-1.0222142133176197,1,SL,fx_major
EURUSD,2018-11-06 00:00:00+00:00,short,3,2.485933713283648,145,TP,fx_major
NZDJPY,2018-11-07 00:00:00+00:00,short,4,-1.009811592356688,18,SL,fx_cross
EURNZD,2018-11-07 00:00:00+00:00,long,1,-1.0217742843994475,4,SL,fx_cross
NZDCAD,2018-11-07 00:00:00+00:00,short,3,-1.0224407547169814,6,SL,fx_cross
ES,2018-11-12 00:00:00+00:00,long,1,-1.0051875659824048,0,SAME_BAR_SL,indices
HG,2018-11-12 00:00:00+00:00,long,2,2.4947313230769232,4,TP,metals
PL,2018-11-12 00:00:00+00:00,long,1,-1.0053462178217822,2,SL,metals
EURGBP,2018-11-13 00:00:00+00:00,long,2,2.477231309244486,2,TP,fx_cross
AUDJPY,2018-11-13 00:00:00+00:00,short,4,-1.0296774725983229,1,SL,fx_cross
GBPUSD,2018-11-13 00:00:00+00:00,short,4,-1.0390142380183083,0,SAME_BAR_SL,fx_major
GBPCHF,2018-11-13 00:00:00+00:00,short,3,2.4753246236559137,2,TP,fx_cross
CL,2018-11-13 00:00:00+00:00,long,1,2.4962429122055676,3,TP,commodities
RTY,2018-11-15 00:00:00+00:00,long,2,-1.0028450805008944,18,SL,indices
YM,2018-11-15 00:00:00+00:00,short,4,2.4926064539653603,4,TP,indices
NZDCHF,2018-11-15 00:00:00+00:00,short,3,2.4904036744882676,36,TP,fx_cross
AUDUSD,2018-11-16 00:00:00+00:00,short,3,-1.0150068500183356,13,SL,fx_major
AUDNZD,2018-11-19 00:00:00+00:00,short,4,2.470502428430404,13,TP,fx_cross
PL,2018-11-19 00:00:00+00:00,short,4,2.4892680784313725,7,TP,metals
AUDCHF,2018-11-19 00:00:00+00:00,long,2,-1.0335005263157901,0,SAME_BAR_SL,fx_cross
USDCAD,2018-11-20 00:00:00+00:00,short,3,-1.044578965102285,0,SAME_BAR_SL,fx_major
CL,2018-11-20 00:00:00+00:00,long,1,-1.0037570877944326,0,SAME_BAR_SL,commodities
CADJPY,2018-11-21 00:00:00+00:00,short,4,-1.0294396063960634,4,SL,fx_cross
NZDUSD,2018-11-21 00:00:00+00:00,short,3,-1.0160702602854745,9,SL,fx_major
GBPCHF,2018-11-23 00:00:00+00:00,long,2,-1.0186684207778647,8,SL,fx_cross
SI,2018-11-23 00:00:00+00:00,long,1,-1.004002077922078,3,SL,metals
PA,2018-11-26 00:00:00+00:00,short,4,-1.005108425531915,2,SL,metals
USDCHF,2018-11-27 00:00:00+00:00,short,4,2.403819518900335,1,TP,fx_major
GBPUSD,2018-11-27 00:00:00+00:00,long,2,-1.0643959712230164,0,SAME_BAR_SL,fx_major
EURAUD,2018-11-28 00:00:00+00:00,long,2,-1.026723968156766,2,SL,fx_cross
NQ,2018-11-28 00:00:00+00:00,short,4,-1.0026119023213746,3,SL,indices
ES,2018-11-28 00:00:00+00:00,short,4,-1.0030856938227395,2,SL,indices
EURGBP,2018-11-29 00:00:00+00:00,short,3,-1.0222562432915923,4,SL,fx_cross
SI,2018-11-29 00:00:00+00:00,short,3,2.4898584615384616,1,TP,metals
CL,2018-11-29 00:00:00+00:00,long,2,2.4940470411985016,1,TP,commodities
CL,2018-12-02 00:00:00+00:00,short,4,2.4983236611489774,14,TP,commodities
YM,2018-12-02 00:00:00+00:00,short,3,2.494486317186463,2,TP,indices
AUDCHF,2018-12-02 00:00:00+00:00,short,3,-1.0316106172839503,0,SAME_BAR_SL,fx_cross
ES,2018-12-02 00:00:00+00:00,short,4,-1.0103971929824562,0,SAME_BAR_SL,indices
NZDJPY,2018-12-02 00:00:00+00:00,short,4,-1.0327894407158835,2,SL,fx_cross
SI,2018-12-03 00:00:00+00:00,short,3,-1.0101415384615384,0,SAME_BAR_SL,metals
NG,2018-12-03 00:00:00+00:00,long,2,-1.000858643434972,10,SL,commodities
USDCAD,2018-12-03 00:00:00+00:00,long,2,2.4674602205558003,2,TP,fx_major
PL,2018-12-04 00:00:00+00:00,long,2,-1.009817846153846,2,SL,metals
HG,2018-12-04 00:00:00+00:00,long,2,-1.0031844324324324,12,SL,metals
AUDJPY,2018-12-04 00:00:00+00:00,long,1,-1.0345386032689434,0,SAME_BAR_SL,fx_cross
AUDUSD,2018-12-05 00:00:00+00:00,long,2,-1.0154886346300533,3,SL,fx_major
CADCHF,2018-12-05 00:00:00+00:00,long,1,-1.0152554970760235,1,SL,fx_cross
EURCAD,2018-12-05 00:00:00+00:00,short,3,-1.0358196018636177,0,SAME_BAR_SL,fx_cross
AUDCHF,2018-12-05 00:00:00+00:00,long,2,-1.0159413040062846,1,SL,fx_cross
EURAUD,2018-12-05 00:00:00+00:00,short,4,-1.0293824409979773,0,SAME_BAR_SL,fx_cross
GBPNZD,2018-12-05 00:00:00+00:00,short,4,-1.0124174088291746,13,SL,fx_cross
GBPAUD,2018-12-05 00:00:00+00:00,short,4,-1.0176885950413221,1,SL,fx_cross
PL,2018-12-07 00:00:00+00:00,short,4,-1.00679424,4,SL,metals
EURAUD,2018-12-07 00:00:00+00:00,short,4,-1.0355994207562358,1,SL,fx_cross
EURNZD,2018-12-07 00:00:00+00:00,short,4,-1.0417504402515736,1,SL,fx_cross
CHFJPY,2018-12-07 00:00:00+00:00,short,4,-1.0346602178649236,2,SL,fx_cross
PA,2018-12-10 00:00:00+00:00,short,3,-1.0036428985507246,8,SL,metals
EURGBP,2018-12-10 00:00:00+00:00,short,3,2.4819875631447887,31,TP,fx_cross
GBPAUD,2018-12-10 00:00:00+00:00,long,2,2.4923501704989834,20,TP,fx_cross
USDCAD,2018-12-11 00:00:00+00:00,long,1,-1.0104972380019588,25,SL,fx_major
CADCHF,2018-12-11 00:00:00+00:00,short,4,-1.010810802919708,33,SL,fx_cross
CHFJPY,2018-12-11 00:00:00+00:00,short,4,2.4885106766917295,19,TP,fx_cross
AUDCHF,2018-12-12 00:00:00+00:00,long,2,-1.0111089380530973,6,SL,fx_cross
AUDCAD,2018-12-13 00:00:00+00:00,short,4,2.485538366257341,17,TP,fx_cross
EURNZD,2018-12-13 00:00:00+00:00,short,3,-1.0212534060440808,5,SL,fx_cross
NG,2018-12-16 00:00:00+00:00,long,1,-1.0072220359281436,0,SAME_BAR_SL,commodities
NG,2018-12-17 00:00:00+00:00,long,1,2.4967206916426514,1,TP,commodities
YM,2018-12-17 00:00:00+00:00,long,2,-1.0040019297325642,2,SL,indices
AUDNZD,2018-12-18 00:00:00+00:00,long,2,-1.015965925122084,13,SL,fx_cross
EURCAD,2018-12-19 00:00:00+00:00,short,3,-1.0172603770557564,1,SL,fx_cross
NZDUSD,2018-12-19 00:00:00+00:00,long,2,-1.0306710466988735,0,SAME_BAR_SL,fx_major
AUDUSD,2018-12-19 00:00:00+00:00,long,2,-1.0143059669302659,2,SL,fx_major
AUDJPY,2018-12-19 00:00:00+00:00,long,1,-1.0214966618842651,0,SAME_BAR_SL,fx_cross
AUDJPY,2018-12-20 00:00:00+00:00,long,2,-1.0090260291734197,1,SL,fx_cross
USDCHF,2018-12-20 00:00:00+00:00,long,1,2.425196309362278,1,TP,fx_major
NZDJPY,2018-12-20 00:00:00+00:00,long,1,-1.0174828476821192,1,SL,fx_cross
EURAUD,2018-12-20 00:00:00+00:00,short,4,-1.0151863381707729,5,SL,fx_cross
GBPUSD,2018-12-20 00:00:00+00:00,short,3,-1.0131946884272998,19,SL,fx_major
NZDCAD,2018-12-20 00:00:00+00:00,long,2,2.4557235099913117,3,TP,fx_cross
NQ,2018-12-21 00:00:00+00:00,long,2,-1.0047499147381243,2,SL,indices
SI,2018-12-21 00:00:00+00:00,long,1,2.494618181818182,6,TP,metals
YM,2018-12-21 00:00:00+00:00,long,2,-1.008554743130227,2,SL,indices
ES,2018-12-24 00:00:00+00:00,long,2,-1.0080246153846153,1,SL,indices
CADJPY,2018-12-24 00:00:00+00:00,long,2,-1.0162762898344313,4,SL,fx_cross
GBPCHF,2018-12-24 00:00:00+00:00,short,4,2.435963669391461,1,TP,fx_cross
GBPNZD,2018-12-24 00:00:00+00:00,short,3,-1.023301968729355,6,SL,fx_cross
NQ,2018-12-25 00:00:00+00:00,long,2,-1.013191048951049,0,SAME_BAR_SL,indices
YM,2018-12-25 00:00:00+00:00,long,1,2.4900905595408895,1,TP,indices
ES,2018-12-26 00:00:00+00:00,short,4,-1.0056324680073125,0,SAME_BAR_SL,indices
AUDCHF,2018-12-26 00:00:00+00:00,short,4,2.4858311496746204,6,TP,fx_cross
NKD,2018-12-26 00:00:00+00:00,short,4,-1.0029631850117096,10,SL,indices
CL,2018-12-26 00:00:00+00:00,short,4,-1.0035711056511056,0,SAME_BAR_SL,commodities
NQ,2018-12-26 00:00:00+00:00,short,4,-1.0013213951203537,17,SL,indices
PA,2018-12-26 00:00:00+00:00,short,3,-1.002926332046332,8,SL,metals
USDCHF,2018-12-26 00:00:00+00:00,short,3,-1.060016051779936,0,SAME_BAR_SL,fx_major
ES,2018-12-27 00:00:00+00:00,short,4,-1.001425702739111,17,SL,indices
RTY,2018-12-27 00:00:00+00:00,short,4,-1.0029916748423267,7,SL,indices
USDCHF,2018-12-27 00:00:00+00:00,long,1,-1.0748036906377216,1,SL,fx_major
NZDCHF,2018-12-28 00:00:00+00:00,long,1,-1.0223633676559662,4,SL,fx_cross
GBPCHF,2018-12-28 00:00:00+00:00,long,2,2.464670563165907,2,TP,fx_cross
NG,2018-12-31 00:00:00+00:00,long,2,-1.0094807843137252,0,SAME_BAR_SL,commodities
EURAUD,2018-12-31 00:00:00+00:00,long,1,2.4867211251098738,2,TP,fx_cross
USDCHF,2018-12-31 00:00:00+00:00,short,4,-1.0107393232205368,20,SL,fx_major
HG,2019-01-01 00:00:00+00:00,short,4,-1.0023604444444445,25,SL,metals
EURNZD,2019-01-02 00:00:00+00:00,short,4,-1.029839402055435,0,SAME_BAR_SL,fx_cross
GBPCHF,2019-01-02 00:00:00+00:00,long,2,2.48952350117362,12,TP,fx_cross
NZDCAD,2019-01-02 00:00:00+00:00,long,2,-1.016919489247312,5,SL,fx_cross
EURCAD,2019-01-02 00:00:00+00:00,long,1,-1.0153068639887246,1,SL,fx_cross
NZDUSD,2019-01-02 00:00:00+00:00,long,1,-1.0242012970168608,0,SAME_BAR_SL,fx_major
SI,2019-01-03 00:00:00+00:00,short,4,-1.0076995419847328,0,SAME_BAR_SL,metals
AUDUSD,2019-01-04 00:00:00+00:00,short,4,-1.0196858555885264,3,SL,fx_major
AUDCHF,2019-01-04 00:00:00+00:00,long,2,-1.0026286996485536,182,SL,fx_cross
AUDNZD,2019-01-04 00:00:00+00:00,short,3,-1.0349494973388524,3,SL,fx_cross
EURAUD,2019-01-04 00:00:00+00:00,long,1,-1.013278874890126,0,SAME_BAR_SL,fx_cross
CADJPY,2019-01-04 00:00:00+00:00,short,4,-1.0325472322070461,1,SL,fx_cross
NZDUSD,2019-01-07 00:00:00+00:00,short,4,-1.0220997196261679,2,SL,fx_major
AUDJPY,2019-01-07 00:00:00+00:00,short,4,-1.0079034211961462,10,SL,fx_cross
GBPAUD,2019-01-08 00:00:00+00:00,long,1,-1.029972627781118,2,SL,fx_cross
NZDJPY,2019-01-08 00:00:00+00:00,short,4,-1.0243922182680896,3,SL,fx_cross
EURNZD,2019-01-08 00:00:00+00:00,short,3,2.4902482363766487,33,TP,fx_cross
SI,2019-01-09 00:00:00+00:00,short,3,-1.0057127272727273,18,SL,metals
CL,2019-01-09 00:00:00+00:00,short,4,-1.00503877675841,0,SAME_BAR_SL,commodities
RTY,2019-01-09 00:00:00+00:00,short,4,-1.002605636672326,8,SL,indices
AUDUSD,2019-01-09 00:00:00+00:00,short,4,-1.0258790721649493,2,SL,fx_major
EURAUD,2019-01-10 00:00:00+00:00,long,2,-1.0220274442538595,1,SL,fx_cross
NG,2019-01-14 00:00:00+00:00,short,3,2.4991389133627018,13,TP,commodities
NZDUSD,2019-01-15 00:00:00+00:00,short,3,2.476930156438026,2,TP,fx_major
NKD,2019-01-15 00:00:00+00:00,long,2,2.4962466858789627,30,TP,indices
EURAUD,2019-01-16 00:00:00+00:00,long,1,2.478533242850218,42,TP,fx_cross
EURJPY,2019-01-16 00:00:00+00:00,short,3,-1.0164121246458924,8,SL,fx_cross
NZDCAD,2019-01-16 00:00:00+00:00,long,2,-1.0176207843137255,4,SL,fx_cross
GBPNZD,2019-01-17 00:00:00+00:00,short,4,-1.0131772975633768,6,SL,fx_cross
GBPUSD,2019-01-17 00:00:00+00:00,short,3,-1.0186005316973417,5,SL,fx_major
GBPJPY,2019-01-17 00:00:00+00:00,short,4,-1.0123508017402112,5,SL,fx_cross
NZDCHF,2019-01-22 00:00:00+00:00,short,4,-1.010943009259259,7,SL,fx_cross
AUDNZD,2019-01-23 00:00:00+00:00,long,1,0.1613075114360256,399,EOS,fx_cross
EURCAD,2019-01-23 00:00:00+00:00,short,4,2.4682868205510053,7,TP,fx_cross
NZDUSD,2019-01-23 00:00:00+00:00,long,2,-1.0127083568075117,71,SL,fx_major
USDCAD,2019-01-23 00:00:00+00:00,short,4,2.437991251035628,2,TP,fx_major
PA,2019-01-24 00:00:00+00:00,long,1,-1.0061044148148148,1,SL,metals
EURGBP,2019-01-24 00:00:00+00:00,long,2,2.477231309244486,10,TP,fx_cross
EURCHF,2019-01-25 00:00:00+00:00,short,3,-1.032794075608493,3,SL,fx_cross
AUDUSD,2019-01-25 00:00:00+00:00,short,4,-1.0162568660968663,1,SL,fx_major
GBPUSD,2019-01-29 00:00:00+00:00,long,1,-1.0161201757469243,6,SL,fx_major
PA,2019-01-30 00:00:00+00:00,short,3,-1.0090814623655915,1,SL,metals
USDCAD,2019-01-30 00:00:00+00:00,long,2,-1.0820878048780445,0,SAME_BAR_SL,fx_major
PL,2019-01-31 00:00:00+00:00,short,3,2.4952845714285714,9,TP,metals
CADJPY,2019-02-01 00:00:00+00:00,short,4,-1.0257032599118938,0,SAME_BAR_SL,fx_cross
EURJPY,2019-02-01 00:00:00+00:00,short,3,-1.0186940471092074,0,SAME_BAR_SL,fx_cross
GBPNZD,2019-02-01 00:00:00+00:00,long,2,2.4919989459336667,76,TP,fx_cross
CADCHF,2019-02-01 00:00:00+00:00,short,4,-1.076508489208627,0,SAME_BAR_SL,fx_cross
CL,2019-02-04 00:00:00+00:00,long,1,-1.0027881339712919,2,SL,commodities
EURCHF,2019-02-05 00:00:00+00:00,short,3,2.465411301998918,4,TP,fx_cross
RTY,2019-02-05 00:00:00+00:00,short,3,-1.0024457831325302,9,SL,indices
NZDCAD,2019-02-06 00:00:00+00:00,long,2,2.477168014571949,7,TP,fx_cross
NZDCHF,2019-02-06 00:00:00+00:00,long,1,-1.0176758441558442,1,SL,fx_cross
DAX,2019-02-07 00:00:00+00:00,long,1,-1.0036381588265049,1,SL,indices
GBPAUD,2019-02-07 00:00:00+00:00,short,4,2.4806478100263853,6,TP,fx_cross
USDCAD,2019-02-07 00:00:00+00:00,short,3,-1.07762290491118,0,SAME_BAR_SL,fx_major
NG,2019-02-07 00:00:00+00:00,long,2,-1.0065285039370078,0,SAME_BAR_SL,commodities
GBPJPY,2019-02-07 00:00:00+00:00,short,4,-1.009750813584168,10,SL,fx_cross
CADJPY,2019-02-07 00:00:00+00:00,long,2,2.429661951219513,1,TP,fx_cross
ES,2019-02-08 00:00:00+00:00,short,3,-1.0044169820971867,3,SL,indices
USDCHF,2019-02-10 00:00:00+00:00,short,3,-1.0163181923522597,58,SL,fx_major
HG,2019-02-11 00:00:00+00:00,long,1,2.493758315789474,7,TP,metals
CADJPY,2019-02-12 00:00:00+00:00,short,3,-1.021800857409133,7,SL,fx_cross
NZDJPY,2019-02-13 00:00:00+00:00,short,3,-1.0192473224043708,3,SL,fx_cross
EURJPY,2019-02-14 00:00:00+00:00,long,2,2.477352482177576,12,TP,fx_cross
AUDJPY,2019-02-14 00:00:00+00:00,short,3,-1.0100583439490447,49,SL,fx_cross
EURGBP,2019-02-15 00:00:00+00:00,long,0,-1.0210297821443826,3,SL,fx_cross
CL,2019-02-15 00:00:00+00:00,short,4,-1.0017568688845402,23,SL,commodities
GBPCHF,2019-02-17 00:00:00+00:00,short,3,-1.026527134502924,2,SL,fx_cross
SI,2019-02-17 00:00:00+00:00,long,1,-1.0028037673130195,11,SL,metals
EURNZD,2019-02-18 00:00:00+00:00,short,4,-1.0330824606580826,2,SL,fx_cross
RTY,2019-02-19 00:00:00+00:00,short,3,-1.0083832558139536,3,SL,indices
NQ,2019-02-19 00:00:00+00:00,long,1,-1.0061062153012863,15,SL,indices
GBPUSD,2019-02-19 00:00:00+00:00,short,3,-1.0117517063747585,6,SL,fx_major
AUDUSD,2019-02-19 00:00:00+00:00,long,1,-1.0194122417154001,12,SL,fx_major
GBPAUD,2019-02-21 00:00:00+00:00,short,4,-1.0193521899736147,4,SL,fx_cross
PA,2019-02-21 00:00:00+00:00,long,1,2.4955391067961163,3,TP,metals
EURNZD,2019-02-21 00:00:00+00:00,short,3,-1.0102379629019866,46,SL,fx_cross
HG,2019-02-22 00:00:00+00:00,short,4,-1.0049313684210526,2,SL,metals
PL,2019-02-22 00:00:00+00:00,short,4,-1.0055007346938776,2,SL,metals
USDCAD,2019-02-22 00:00:00+00:00,long,2,2.4804336416799573,10,TP,fx_major
CADCHF,2019-02-22 00:00:00+00:00,short,3,2.4350519512195157,3,TP,fx_cross
NZDCHF,2019-02-22 00:00:00+00:00,long,2,2.4817131406551063,14,TP,fx_cross
ES,2019-02-22 00:00:00+00:00,short,3,-1.0082259259259259,1,SL,indices
EURCHF,2019-02-22 00:00:00+00:00,long,2,-1.053073110367892,23,SL,fx_cross
PL,2019-02-27 00:00:00+00:00,short,3,2.4923366575342465,4,TP,metals
CADJPY,2019-02-28 00:00:00+00:00,short,3,2.48263548883193,6,TP,fx_cross
GBPCAD,2019-03-03 00:00:00+00:00,short,3,2.489078106640062,68,TP,fx_cross
NZDCAD,2019-03-04 00:00:00+00:00,short,3,-1.0298785185185186,2,SL,fx_cross
HG,2019-03-04 00:00:00+00:00,long,1,-1.0049672533333334,16,SL,metals
CADCHF,2019-03-04 00:00:00+00:00,long,2,-1.0303054545454542,2,SL,fx_cross
AUDCAD,2019-03-05 00:00:00+00:00,short,3,-1.0348877044854885,5,SL,fx_cross
RTY,2019-03-06 00:00:00+00:00,long,1,-1.0091965735567971,1,SL,indices
PL,2019-03-06 00:00:00+00:00,long,1,-1.0062441411764707,1,SL,metals
AUDUSD,2019-03-06 00:00:00+00:00,long,2,-1.0026108067940551,300,SL,fx_major
EURCAD,2019-03-06 00:00:00+00:00,short,4,2.4682868205510053,1,TP,fx_cross
CADCHF,2019-03-07 00:00:00+00:00,short,4,-1.0208263888888887,3,SL,fx_cross
YM,2019-03-07 00:00:00+00:00,long,1,-1.0076443111527649,1,SL,indices
ES,2019-03-07 00:00:00+00:00,long,1,-1.00738750524109,1,SL,indices
CHFJPY,2019-03-07 00:00:00+00:00,long,2,-1.0240141686001545,0,SAME_BAR_SL,fx_cross
EURJPY,2019-03-07 00:00:00+00:00,long,2,-1.017296681350954,0,SAME_BAR_SL,fx_cross
CHFJPY,2019-03-08 00:00:00+00:00,long,2,-1.019365172630257,41,SL,fx_cross
GBPJPY,2019-03-08 00:00:00+00:00,long,2,2.4813164575645756,2,TP,fx_cross
NZDCAD,2019-03-08 00:00:00+00:00,short,3,-1.0358780925666207,3,SL,fx_cross
GBPCHF,2019-03-10 00:00:00+00:00,long,1,2.4835151417004053,1,TP,fx_cross
GBPUSD,2019-03-11 00:00:00+00:00,short,4,-1.0295474157303373,0,SAME_BAR_SL,fx_major
PL,2019-03-11 00:00:00+00:00,long,1,2.4929816216216216,1,TP,metals
EURGBP,2019-03-11 00:00:00+00:00,long,1,-1.0136322624434388,0,SAME_BAR_SL,fx_cross
GBPAUD,2019-03-11 00:00:00+00:00,short,3,-1.0265941518084567,0,SAME_BAR_SL,fx_cross
YM,2019-03-12 00:00:00+00:00,long,2,-1.0038842424242425,66,SL,indices
EURGBP,2019-03-12 00:00:00+00:00,short,3,2.479578224852071,1,TP,fx_cross
GBPAUD,2019-03-12 00:00:00+00:00,long,2,2.4753415824594853,1,TP,fx_cross
EURAUD,2019-03-13 00:00:00+00:00,short,3,-1.0155316305666262,52,SL,fx_cross
EURJPY,2019-03-14 00:00:00+00:00,short,4,-1.0432000977995088,3,SL,fx_cross
NZDCHF,2019-03-14 00:00:00+00:00,long,1,-1.0194492307692304,5,SL,fx_cross
PL,2019-03-15 00:00:00+00:00,short,3,-1.00355968,3,SL,metals
SI,2019-03-18 00:00:00+00:00,short,3,-1.0055872727272728,3,SL,metals
NQ,2019-03-19 00:00:00+00:00,short,4,-1.003153980647314,13,SL,indices
RTY,2019-03-19 00:00:00+00:00,long,1,-1.0092233210332102,1,SL,indices
CL,2019-03-20 00:00:00+00:00,short,4,-1.0026706834030683,10,SL,commodities
AUDCAD,2019-03-20 00:00:00+00:00,short,4,-1.0146118691070436,0,SAME_BAR_SL,fx_cross
USDCAD,2019-03-21 00:00:00+00:00,short,4,-1.0318597438087107,0,SAME_BAR_SL,fx_major
GBPCHF,2019-03-21 00:00:00+00:00,long,1,-1.0580739248601088,0,SAME_BAR_SL,fx_cross
RTY,2019-03-22 00:00:00+00:00,long,1,-1.018443969465649,1,SL,indices
NKD,2019-03-22 00:00:00+00:00,long,2,2.495825093167702,18,TP,indices
SI,2019-03-22 00:00:00+00:00,long,1,-1.0069968794326243,5,SL,metals
PA,2019-03-22 00:00:00+00:00,long,1,-1.00687409929078,4,SL,metals
EURGBP,2019-03-22 00:00:00+00:00,long,2,-1.0176261080485114,4,SL,fx_cross
ES,2019-03-24 00:00:00+00:00,long,1,2.4855002429149797,5,TP,indices
GBPAUD,2019-03-26 00:00:00+00:00,long,2,-1.0142755592332093,3,SL,fx_cross
NZDJPY,2019-03-27 00:00:00+00:00,long,2,-1.0447786892177577,0,SAME_BAR_SL,fx_cross
NZDCHF,2019-03-27 00:00:00+00:00,long,2,-1.018286859344894,8,SL,fx_cross
EURJPY,2019-03-27 00:00:00+00:00,long,2,-1.0368970519618224,1,SL,fx_cross
RTY,2019-03-27 00:00:00+00:00,long,2,2.4932527754532776,4,TP,indices
NZDCAD,2019-03-27 00:00:00+00:00,long,2,-1.02832992248062,2,SL,fx_cross
EURGBP,2019-03-29 00:00:00+00:00,short,3,-1.0125552697095437,41,SL,fx_cross
AUDCAD,2019-03-31 00:00:00+00:00,short,4,-1.028732447325769,5,SL,fx_cross
GBPCHF,2019-04-01 00:00:00+00:00,short,3,-1.0130194281655123,19,SL,fx_cross
DAX,2019-04-01 00:00:00+00:00,short,4,-1.012972867132867,0,SAME_BAR_SL,indices
CADCHF,2019-04-01 00:00:00+00:00,short,3,-1.01474063246662,14,SL,fx_cross
EURCAD,2019-04-02 00:00:00+00:00,short,4,-1.0317465505490353,3,SL,fx_cross
PA,2019-04-03 00:00:00+00:00,long,2,-1.0018643268817204,2,SL,metals
GBPUSD,2019-04-03 00:00:00+00:00,short,3,2.4835332262382868,18,TP,fx_major
DAX,2019-04-03 00:00:00+00:00,short,4,-1.0123773095623987,1,SL,indices
PL,2019-04-04 00:00:00+00:00,short,4,-1.0035496296296296,3,SL,metals
ES,2019-04-05 00:00:00+00:00,short,4,-1.0071526499032881,10,SL,indices
USDCAD,2019-04-09 00:00:00+00:00,short,4,-1.019551291590254,12,SL,fx_major
RTY,2019-04-10 00:00:00+00:00,short,3,-1.012737934508816,2,SL,indices
CADJPY,2019-04-10 00:00:00+00:00,long,1,2.4637663452566114,2,TP,fx_cross
EURJPY,2019-04-12 00:00:00+00:00,short,3,2.4523336742934085,9,TP,fx_cross
NZDJPY,2019-04-16 00:00:00+00:00,long,2,-1.0204819455252914,0,SAME_BAR_SL,fx_cross
PA,2019-04-17 00:00:00+00:00,short,3,-1.002447911111111,7,SL,metals
NZDCAD,2019-04-17 00:00:00+00:00,short,4,2.4843442039800996,25,TP,fx_cross
CL,2019-04-17 00:00:00+00:00,long,2,2.4950431067961163,4,TP,commodities
ES,2019-04-18 00:00:00+00:00,short,3,-1.0142180152671756,3,SL,indices
HG,2019-04-21 00:00:00+00:00,short,3,2.497383160839161,27,TP,metals
EURCHF,2019-04-22 00:00:00+00:00,short,3,2.465411301998918,18,TP,fx_cross
AUDJPY,2019-04-22 00:00:00+00:00,long,1,-1.0320906973400414,1,SL,fx_cross
NZDJPY,2019-04-23 00:00:00+00:00,long,2,-1.0149804530744335,1,SL,fx_cross
AUDCAD,2019-04-23 00:00:00+00:00,long,1,-1.0311358036236116,1,SL,fx_cross
PL,2019-04-23 00:00:00+00:00,long,2,-1.0035868,7,SL,metals
EURJPY,2019-04-24 00:00:00+00:00,long,1,-1.0207501004134671,1,SL,fx_cross
SI,2019-04-24 00:00:00+00:00,short,4,-1.0051131182795698,3,SL,metals
NG,2019-04-25 00:00:00+00:00,short,4,-1.0035087224669603,1,SL,commodities
RTY,2019-04-25 00:00:00+00:00,long,2,2.4919269453376205,7,TP,indices
NQ,2019-04-26 00:00:00+00:00,short,3,2.4890655616139585,5,TP,indices
CHFJPY,2019-04-26 00:00:00+00:00,short,4,2.477563976608187,10,TP,fx_cross
NZDCHF,2019-04-26 00:00:00+00:00,short,3,-1.037729304174948,0,SAME_BAR_SL,fx_cross
CL,2019-04-26 00:00:00+00:00,long,1,-1.003890754352031,5,SL,commodities
SI,2019-04-29 00:00:00+00:00,short,4,-1.003549520295203,45,SL,metals
PA,2019-04-29 00:00:00+00:00,long,1,-1.007516,0,SAME_BAR_SL,metals
EURNZD,2019-04-30 00:00:00+00:00,short,3,-1.0130233494675702,7,SL,fx_cross
USDCAD,2019-04-30 00:00:00+00:00,long,1,-1.0261152646239555,33,SL,fx_major
EURUSD,2019-04-30 00:00:00+00:00,short,4,-1.0275239263803666,30,SL,fx_major
ES,2019-05-01 00:00:00+00:00,long,1,-1.0118793690851735,0,SAME_BAR_SL,indices
CADCHF,2019-05-01 00:00:00+00:00,long,2,-1.0256396135265706,3,SL,fx_cross
ES,2019-05-02 00:00:00+00:00,long,1,-1.0147898412698413,2,SL,indices
PL,2019-05-02 00:00:00+00:00,long,2,-1.0035484903225806,12,SL,metals
AUDJPY,2019-05-03 00:00:00+00:00,long,2,-1.0264159903089036,1,SL,fx_cross
CL,2019-05-05 00:00:00+00:00,long,1,-1.0112520930232558,0,SAME_BAR_SL,commodities
GBPJPY,2019-05-05 00:00:00+00:00,long,1,-1.0192568083097266,2,SL,fx_cross
CADJPY,2019-05-05 00:00:00+00:00,long,2,-1.0156722195865806,0,SAME_BAR_SL,fx_cross
CL,2019-05-06 00:00:00+00:00,short,4,2.4978410300429186,20,TP,commodities
GBPUSD,2019-05-07 00:00:00+00:00,long,1,-1.0213388269623576,2,SL,fx_major
AUDJPY,2019-05-07 00:00:00+00:00,short,4,2.461231190053287,1,TP,fx_cross
GBPAUD,2019-05-07 00:00:00+00:00,long,1,-1.027234184286087,1,SL,fx_cross
GBPCHF,2019-05-08 00:00:00+00:00,long,1,-1.041911081081081,0,SAME_BAR_SL,fx_cross
GBPCHF,2019-05-09 00:00:00+00:00,long,0,-1.0264684772482986,2,SL,fx_cross
AUDCAD,2019-05-09 00:00:00+00:00,long,2,-1.0367979874213824,3,SL,fx_cross
CADCHF,2019-05-09 00:00:00+00:00,long,1,-1.0234707349665924,3,SL,fx_cross
GBPJPY,2019-05-09 00:00:00+00:00,long,1,-1.0447542217245283,0,SAME_BAR_SL,fx_cross
CHFJPY,2019-05-10 00:00:00+00:00,short,4,-1.0214336248236948,9,SL,fx_cross
NG,2019-05-10 00:00:00+00:00,short,3,2.498042962962963,22,TP,commodities
GBPNZD,2019-05-10 00:00:00+00:00,long,1,-1.0309777028924458,4,SL,fx_cross
PA,2019-05-12 00:00:00+00:00,long,1,2.499010577675489,106,TP,metals
NZDCHF,2019-05-13 00:00:00+00:00,long,1,-1.0119317141941684,7,SL,fx_cross
DAX,2019-05-15 00:00:00+00:00,short,3,-1.0059861300309598,1,SL,indices
GBPCHF,2019-05-15 00:00:00+00:00,long,2,-1.0189528143712576,2,SL,fx_cross
ES,2019-05-15 00:00:00+00:00,short,4,2.494789287749288,15,TP,indices
NQ,2019-05-15 00:00:00+00:00,short,4,2.496171442193087,14,TP,indices
EURAUD,2019-05-16 00:00:00+00:00,short,3,-1.003849522275444,247,SL,fx_cross
RTY,2019-05-16 00:00:00+00:00,short,4,2.4954262271062273,11,TP,indices
CADCHF,2019-05-16 00:00:00+00:00,short,3,-1.0151712391930834,45,SL,fx_cross
EURGBP,2019-05-17 00:00:00+00:00,short,4,-1.082962436548216,0,SAME_BAR_SL,fx_cross
USDCHF,2019-05-17 00:00:00+00:00,short,4,2.409724784688992,4,TP,fx_major
DAX,2019-05-20 00:00:00+00:00,long,1,-1.0031789905621666,9,SL,indices
GBPAUD,2019-05-20 00:00:00+00:00,long,1,-1.0222223123382221,7,SL,fx_cross
EURCHF,2019-05-20 00:00:00+00:00,long,1,-1.0749987158145102,3,SL,fx_cross
GBPJPY,2019-05-21 00:00:00+00:00,short,4,2.4775958823529414,2,TP,fx_cross
PL,2019-05-21 00:00:00+00:00,long,1,-1.0070183783783784,1,SL,metals
NZDCAD,2019-05-21 00:00:00+00:00,long,1,2.4770565556076956,11,TP,fx_cross
GBPNZD,2019-05-22 00:00:00+00:00,long,2,-1.0211010734353807,2,SL,fx_cross
HG,2019-05-23 00:00:00+00:00,long,2,-1.0041771707317073,8,SL,metals
USDCHF,2019-05-23 00:00:00+00:00,long,1,-1.0258891712707185,9,SL,fx_major
AUDCAD,2019-05-23 00:00:00+00:00,short,3,-1.0398183154670742,3,SL,fx_cross
GBPUSD,2019-05-24 00:00:00+00:00,short,4,2.4858515421303657,45,TP,fx_major
EURNZD,2019-05-28 00:00:00+00:00,long,2,-1.0610754022988522,5,SL,fx_cross
NKD,2019-05-29 00:00:00+00:00,short,4,-1.004855451263538,18,SL,indices
EURCAD,2019-05-30 00:00:00+00:00,long,2,-1.0169431010873942,18,SL,fx_cross
RTY,2019-05-30 00:00:00+00:00,long,1,-1.005226901874311,2,SL,indices
CADJPY,2019-05-30 00:00:00+00:00,short,4,2.467498815132049,1,TP,fx_cross
PL,2019-06-02 00:00:00+00:00,short,4,-1.0028926553672317,1,SL,metals
CADJPY,2019-06-02 00:00:00+00:00,long,2,-1.002443570072161,241,SL,fx_cross
NQ,2019-06-03 00:00:00+00:00,long,2,2.4951400431965443,4,TP,indices
NZDUSD,2019-06-03 00:00:00+00:00,short,3,-1.0619320270270254,0,SAME_BAR_SL,fx_major
EURJPY,2019-06-04 00:00:00+00:00,short,4,-1.0220726377187297,3,SL,fx_cross
DAX,2019-06-04 00:00:00+00:00,short,4,-1.007176234626301,0,SAME_BAR_SL,indices
EURUSD,2019-06-05 00:00:00+00:00,short,3,-1.032709565217392,2,SL,fx_major
GBPJPY,2019-06-05 00:00:00+00:00,short,4,2.484372414910859,35,TP,fx_cross
EURGBP,2019-06-05 00:00:00+00:00,long,1,2.4786579922447225,20,TP,fx_cross
ES,2019-06-05 00:00:00+00:00,short,4,-1.0080944966442953,2,SL,indices
YM,2019-06-05 00:00:00+00:00,short,4,-1.0087185485592316,1,SL,indices
GBPCHF,2019-06-06 00:00:00+00:00,short,4,2.448965656565661,3,TP,fx_cross
GBPCAD,2019-06-07 00:00:00+00:00,short,4,2.4715454393305447,9,TP,fx_cross
HG,2019-06-07 00:00:00+00:00,long,2,-1.0022490201342282,66,SL,metals
AUDCAD,2019-06-10 00:00:00+00:00,long,2,-1.0261913360323884,3,SL,fx_cross
NZDUSD,2019-06-10 00:00:00+00:00,long,1,-1.0648464335664367,0,SAME_BAR_SL,fx_major
GBPNZD,2019-06-11 00:00:00+00:00,short,4,2.4839489927310487,14,TP,fx_cross
DAX,2019-06-11 00:00:00+00:00,short,3,-1.0079950870010235,5,SL,indices
NQ,2019-06-12 00:00:00+00:00,long,1,-1.012465814863103,1,SL,indices
AUDJPY,2019-06-12 00:00:00+00:00,long,2,-1.030848784773059,1,SL,fx_cross
EURCHF,2019-06-13 00:00:00+00:00,long,2,-1.0236773745756318,6,SL,fx_cross
EURUSD,2019-06-13 00:00:00+00:00,long,1,-1.0169436436812451,4,SL,fx_major
NZDJPY,2019-06-13 00:00:00+00:00,long,2,-1.017391043212571,1,SL,fx_cross
NZDUSD,2019-06-14 00:00:00+00:00,long,1,-1.040197192982457,0,SAME_BAR_SL,fx_major
USDCHF,2019-06-14 00:00:00+00:00,short,4,2.465621782421633,5,TP,fx_major
EURNZD,2019-06-18 00:00:00+00:00,short,4,2.4713817838157115,6,TP,fx_cross
USDCAD,2019-06-19 00:00:00+00:00,long,1,-1.048234811932553,1,SL,fx_major
NZDCHF,2019-06-19 00:00:00+00:00,long,2,-1.0228238596491226,1,SL,fx_cross
CHFJPY,2019-06-20 00:00:00+00:00,short,4,-1.0341631354983203,0,SAME_BAR_SL,fx_cross
EURUSD,2019-06-20 00:00:00+00:00,short,3,-1.0421789613848207,1,SL,fx_major
AUDCAD,2019-06-24 00:00:00+00:00,short,4,2.4548981595092014,12,TP,fx_cross
RTY,2019-06-24 00:00:00+00:00,long,2,-1.0092336842105265,1,SL,indices
CHFJPY,2019-06-25 00:00:00+00:00,long,1,-1.069522167042892,0,SAME_BAR_SL,fx_cross
NG,2019-06-25 00:00:00+00:00,long,2,-1.0011488854003139,29,SL,commodities
CL,2019-06-25 00:00:00+00:00,short,4,-1.0032755244755245,4,SL,commodities
NZDUSD,2019-06-25 00:00:00+00:00,short,3,-1.0640131958762942,1,SL,fx_major
DAX,2019-06-25 00:00:00+00:00,long,1,-1.0039734148827726,28,SL,indices
NZDJPY,2019-06-26 00:00:00+00:00,long,1,2.4838224755700327,2,TP,fx_cross
SI,2019-06-26 00:00:00+00:00,short,3,-1.003899920318725,17,SL,metals
EURNZD,2019-06-26 00:00:00+00:00,long,1,-1.029446911447084,1,SL,fx_cross
RTY,2019-06-27 00:00:00+00:00,short,4,-1.011757345971564,1,SL,indices
ES,2019-06-28 00:00:00+00:00,short,3,-1.0070131843575418,1,SL,indices
NZDCHF,2019-06-30 00:00:00+00:00,short,3,-1.052560912981457,1,SL,fx_cross
USDJPY,2019-06-30 00:00:00+00:00,short,0,-1.0299973887240357,7,SL,fx_major
NQ,2019-06-30 00:00:00+00:00,short,3,-1.0064280155642022,1,SL,indices
EURJPY,2019-07-02 00:00:00+00:00,short,3,2.485678696197242,26,TP,fx_cross
EURGBP,2019-07-03 00:00:00+00:00,long,1,-1.0196587167449138,18,SL,fx_cross
NZDCHF,2019-07-04 00:00:00+00:00,long,1,-1.0115683610153556,23,SL,fx_cross
ES,2019-07-05 00:00:00+00:00,long,1,-1.009475024875622,23,SL,indices
EURUSD,2019-07-05 00:00:00+00:00,long,2,-1.0277945181255517,15,SL,fx_major
PL,2019-07-05 00:00:00+00:00,long,1,2.4967879024390243,16,TP,metals
EURNZD,2019-07-05 00:00:00+00:00,short,4,-1.021096495764601,4,SL,fx_cross
EURCAD,2019-07-09 00:00:00+00:00,short,4,-1.0466975311438271,1,SL,fx_cross
CL,2019-07-09 00:00:00+00:00,short,4,-1.0027232369942196,1,SL,commodities
NZDUSD,2019-07-10 00:00:00+00:00,long,1,2.4824667109634553,4,TP,fx_major
GBPCHF,2019-07-10 00:00:00+00:00,short,4,2.477184557711279,16,TP,fx_cross
USDCHF,2019-07-11 00:00:00+00:00,long,2,-1.0362991852825234,3,SL,fx_major
AUDJPY,2019-07-11 00:00:00+00:00,short,3,-1.0354363879598654,3,SL,fx_cross
NZDJPY,2019-07-12 00:00:00+00:00,long,1,-1.012762552116235,16,SL,fx_cross
GBPNZD,2019-07-16 00:00:00+00:00,long,1,-1.0104306174819566,12,SL,fx_cross
NZDCAD,2019-07-16 00:00:00+00:00,long,2,-1.008622381959126,17,SL,fx_cross
USDCHF,2019-07-16 00:00:00+00:00,short,4,-1.0349607079646024,8,SL,fx_major
AUDCAD,2019-07-18 00:00:00+00:00,short,4,2.4722033620689654,7,TP,fx_cross
YM,2019-07-18 00:00:00+00:00,short,3,2.484870155979203,11,TP,indices
NKD,2019-07-19 00:00:00+00:00,short,4,-1.0048578723404256,4,SL,indices
CADCHF,2019-07-19 00:00:00+00:00,long,1,-1.057209782608697,0,SAME_BAR_SL,fx_cross
SI,2019-07-19 00:00:00+00:00,short,4,-1.0077599999999998,4,SL,metals
CHFJPY,2019-07-22 00:00:00+00:00,short,4,2.4849260499265786,34,TP,fx_cross
EURCAD,2019-07-23 00:00:00+00:00,long,0,-1.0321006169465048,2,SL,fx_cross
GBPUSD,2019-07-23 00:00:00+00:00,long,2,-1.0265082299200607,5,SL,fx_major
GBPJPY,2019-07-24 00:00:00+00:00,short,3,2.484029358108108,5,TP,fx_cross
AUDJPY,2019-07-24 00:00:00+00:00,long,2,-1.0283530516431918,2,SL,fx_cross
EURUSD,2019-07-24 00:00:00+00:00,long,2,-1.049635958631662,1,SL,fx_major
GBPAUD,2019-07-24 00:00:00+00:00,short,4,-1.0146452351738242,12,SL,fx_cross
CADCHF,2019-07-25 00:00:00+00:00,short,4,2.488490590809628,11,TP,fx_cross
EURGBP,2019-07-26 00:00:00+00:00,short,4,-1.0217550043365133,2,SL,fx_cross
USDCHF,2019-07-26 00:00:00+00:00,short,3,2.417185000000001,3,TP,fx_major
USDCAD,2019-07-26 00:00:00+00:00,short,3,-1.0315703893881034,5,SL,fx_major
GBPCAD,2019-07-29 00:00:00+00:00,long,2,-1.0267912838633684,0,SAME_BAR_SL,fx_cross
USDJPY,2019-07-29 00:00:00+00:00,short,3,-1.0844203878116367,2,SL,fx_major
EURNZD,2019-07-29 00:00:00+00:00,short,4,-1.0252733440687065,2,SL,fx_cross
RTY,2019-07-30 00:00:00+00:00,long,2,2.4924693655589123,1,TP,indices
AUDJPY,2019-07-30 00:00:00+00:00,long,1,-1.0203127025715668,2,SL,fx_cross
NKD,2019-07-31 00:00:00+00:00,long,1,-1.011215737704918,1,SL,indices
NQ,2019-07-31 00:00:00+00:00,long,2,-1.044195242290749,0,SAME_BAR_SL,indices
RTY,2019-08-01 00:00:00+00:00,long,2,-1.0075306344410877,1,SL,indices
EURCAD,2019-08-01 00:00:00+00:00,short,4,-1.0311199393019732,3,SL,fx_cross
NZDJPY,2019-08-01 00:00:00+00:00,long,1,-1.0161775244299673,0,SAME_BAR_SL,fx_cross
CL,2019-08-01 00:00:00+00:00,long,1,-1.0028616993464052,4,SL,commodities
PL,2019-08-01 00:00:00+00:00,long,2,-1.010297962264151,0,SAME_BAR_SL,metals
USDJPY,2019-08-01 00:00:00+00:00,short,4,2.4818561328588378,1,TP,fx_major
USDCHF,2019-08-01 00:00:00+00:00,long,1,-1.0222384012789771,1,SL,fx_major
NG,2019-08-01 00:00:00+00:00,short,3,2.4967830837004406,1,TP,commodities
GBPNZD,2019-08-01 00:00:00+00:00,long,2,2.4851499222574143,5,TP,fx_cross
NZDCHF,2019-08-02 00:00:00+00:00,long,2,-1.0148850574712645,0,SAME_BAR_SL,fx_cross
EURUSD,2019-08-04 00:00:00+00:00,short,4,-1.0349644893378218,1,SL,fx_major
ES,2019-08-05 00:00:00+00:00,long,1,-1.0092362189054727,0,SAME_BAR_SL,indices
SI,2019-08-05 00:00:00+00:00,short,4,-1.0039374436090225,1,SL,metals
YM,2019-08-05 00:00:00+00:00,long,1,-1.0053012389380531,0,SAME_BAR_SL,indices
NQ,2019-08-05 00:00:00+00:00,long,1,2.4963774805598757,3,TP,indices
GBPCHF,2019-08-06 00:00:00+00:00,short,4,2.436984429783222,1,TP,fx_cross
AUDCAD,2019-08-07 00:00:00+00:00,long,2,-1.0084592676809898,47,SL,fx_cross
EURNZD,2019-08-07 00:00:00+00:00,short,4,-1.0111621794871795,60,SL,fx_cross
CL,2019-08-07 00:00:00+00:00,long,2,2.498109058295964,28,TP,commodities
GBPCAD,2019-08-08 00:00:00+00:00,long,2,-1.01737696969697,1,SL,fx_cross
RTY,2019-08-08 00:00:00+00:00,short,4,-1.003453371104816,29,SL,indices
AUDCHF,2019-08-09 00:00:00+00:00,long,2,-1.007481763040841,150,SL,fx_cross
EURCAD,2019-08-09 00:00:00+00:00,short,3,2.488587252264617,161,TP,fx_cross
USDCAD,2019-08-09 00:00:00+00:00,long,1,2.46606738771769,20,TP,fx_major
AUDJPY,2019-08-09 00:00:00+00:00,long,2,-1.0066491338063026,13,SL,fx_cross
GBPAUD,2019-08-12 00:00:00+00:00,short,3,-1.0061696605261536,11,SL,fx_cross
EURGBP,2019-08-12 00:00:00+00:00,long,1,-1.0108705329416703,4,SL,fx_cross
ES,2019-08-12 00:00:00+00:00,long,1,2.4973397701149427,81,TP,indices
SI,2019-08-13 00:00:00+00:00,short,3,-1.003162621082621,12,SL,metals
GBPJPY,2019-08-13 00:00:00+00:00,short,3,-1.015704177932839,8,SL,fx_cross
YM,2019-08-13 00:00:00+00:00,short,3,2.487401499250375,1,TP,indices
CADCHF,2019-08-15 00:00:00+00:00,short,3,-1.010336701966717,10,SL,fx_cross
GBPCHF,2019-08-15 00:00:00+00:00,short,3,-1.016610055193176,1,SL,fx_cross
EURUSD,2019-08-15 00:00:00+00:00,long,1,-1.021697465181058,7,SL,fx_major
GBPUSD,2019-08-15 00:00:00+00:00,short,4,-1.0191371171171175,6,SL,fx_major
EURCHF,2019-08-15 00:00:00+00:00,short,4,-1.0215692307692303,21,SL,fx_cross
GBPCAD,2019-08-15 00:00:00+00:00,short,3,-1.0267298287064384,6,SL,fx_cross
USDCHF,2019-08-16 00:00:00+00:00,short,4,-1.0310719185059425,6,SL,fx_major
DAX,2019-08-19 00:00:00+00:00,short,3,-1.003260157756354,9,SL,indices
GBPCHF,2019-08-22 00:00:00+00:00,short,4,-1.0142267905405404,12,SL,fx_cross
GBPJPY,2019-08-23 00:00:00+00:00,long,1,-1.0133266813833701,8,SL,fx_cross
NKD,2019-08-26 00:00:00+00:00,short,3,-1.0053104453441295,8,SL,indices
USDJPY,2019-08-26 00:00:00+00:00,short,3,-1.028055947219604,9,SL,fx_major
AUDJPY,2019-08-26 00:00:00+00:00,short,4,-1.0199988888888887,9,SL,fx_cross
GBPAUD,2019-08-27 00:00:00+00:00,short,3,-1.0152463057134313,20,SL,fx_cross
GBPCAD,2019-08-27 00:00:00+00:00,short,3,2.4733746643315824,5,TP,fx_cross
EURUSD,2019-08-27 00:00:00+00:00,long,2,-1.0295563843958135,3,SL,fx_major
USDCHF,2019-08-27 00:00:00+00:00,short,3,-1.0219946602717829,3,SL,fx_major
EURGBP,2019-08-28 00:00:00+00:00,short,4,2.484696690647482,10,TP,fx_cross
PL,2019-08-28 00:00:00+00:00,short,3,-1.0069396543209876,0,SAME_BAR_SL,metals
NQ,2019-08-29 00:00:00+00:00,short,4,-1.0037938962044926,5,SL,indices
CADCHF,2019-08-29 00:00:00+00:00,short,4,-1.0397589292543015,1,SL,fx_cross
GBPCAD,2019-09-03 00:00:00+00:00,long,1,2.472748143639683,1,TP,fx_cross
CADCHF,2019-09-03 00:00:00+00:00,long,1,2.4721484791386272,3,TP,fx_cross
EURJPY,2019-09-04 00:00:00+00:00,short,4,-1.0120638999264164,1,SL,fx_cross
NZDCHF,2019-09-04 00:00:00+00:00,short,3,-1.0196614557670765,2,SL,fx_cross
USDCHF,2019-09-04 00:00:00+00:00,long,1,2.4724739108662988,6,TP,fx_major
GBPUSD,2019-09-04 00:00:00+00:00,short,3,-1.0097216864370444,1,SL,fx_major
DAX,2019-09-04 00:00:00+00:00,short,4,-1.0040396652719665,4,SL,indices
GBPJPY,2019-09-05 00:00:00+00:00,short,4,-1.0148250621740875,5,SL,fx_cross
NZDJPY,2019-09-05 00:00:00+00:00,short,4,-1.0181040075973404,1,SL,fx_cross
GBPNZD,2019-09-05 00:00:00+00:00,long,2,2.4866332618988287,10,TP,fx_cross
USDCAD,2019-09-06 00:00:00+00:00,long,1,-1.023470808402291,38,SL,fx_major
SI,2019-09-06 00:00:00+00:00,long,1,-1.0062207329842932,0,SAME_BAR_SL,metals
PL,2019-09-06 00:00:00+00:00,long,1,-1.004668527131783,10,SL,metals
GBPCHF,2019-09-09 00:00:00+00:00,short,4,-1.012630080941869,7,SL,fx_cross
GBPUSD,2019-09-09 00:00:00+00:00,short,4,-1.2186490851734475,0,SAME_BAR_SL,fx_major
NKD,2019-09-11 00:00:00+00:00,short,4,-1.0117333333333334,0,SAME_BAR_SL,indices
DAX,2019-09-11 00:00:00+00:00,short,4,-1.0072419047619048,2,SL,indices
EURJPY,2019-09-12 00:00:00+00:00,long,1,-1.0161865491923643,18,SL,fx_cross
EURCHF,2019-09-12 00:00:00+00:00,long,1,-1.054953087308729,0,SAME_BAR_SL,fx_cross
NG,2019-09-12 00:00:00+00:00,long,1,2.4951520958083835,1,TP,commodities
EURUSD,2019-09-12 00:00:00+00:00,long,2,-1.0247149819059107,12,SL,fx_major
SI,2019-09-13 00:00:00+00:00,long,1,2.495189152542373,8,TP,metals
GBPJPY,2019-09-13 00:00:00+00:00,short,4,-1.0433019354838713,0,SAME_BAR_SL,fx_cross
GBPCAD,2019-09-13 00:00:00+00:00,short,4,2.4836870505617976,15,TP,fx_cross
NZDUSD,2019-09-13 00:00:00+00:00,long,1,-1.048128301886794,2,SL,fx_major
NQ,2019-09-15 00:00:00+00:00,long,1,-1.0038446376811594,8,SL,indices
HG,2019-09-16 00:00:00+00:00,long,2,-1.0026545,6,SL,metals
USDCHF,2019-09-16 00:00:00+00:00,short,3,-1.0401919536903053,1,SL,fx_major
PA,2019-09-18 00:00:00+00:00,long,1,2.4945445217391304,2,TP,metals
EURCHF,2019-09-20 00:00:00+00:00,long,2,-1.0499596737357244,2,SL,fx_cross
GBPCHF,2019-09-23 00:00:00+00:00,long,2,-1.0467880758807593,0,SAME_BAR_SL,fx_cross
NZDUSD,2019-09-23 00:00:00+00:00,short,4,-1.022840881971466,1,SL,fx_major
GBPJPY,2019-09-23 00:00:00+00:00,long,1,-1.0101903816793893,8,SL,fx_cross
YM,2019-09-23 00:00:00+00:00,long,1,-1.0116628493894166,7,SL,indices
NZDCAD,2019-09-24 00:00:00+00:00,short,4,-1.0108658921545937,33,SL,fx_cross
USDJPY,2019-09-25 00:00:00+00:00,short,4,-1.0733259367396641,0,SAME_BAR_SL,fx_major
USDCHF,2019-09-25 00:00:00+00:00,short,4,-1.0345112632233975,1,SL,fx_major
NZDUSD,2019-09-25 00:00:00+00:00,short,4,2.4650806686332336,1,TP,fx_major
GBPUSD,2019-09-25 00:00:00+00:00,long,1,-1.0116321237598789,11,SL,fx_major
NG,2019-09-26 00:00:00+00:00,long,1,-1.0028741176470588,2,SL,commodities
DAX,2019-09-27 00:00:00+00:00,short,3,2.493636070853462,3,TP,indices
NG,2019-09-30 00:00:00+00:00,long,1,-1.0021978947368422,2,SL,commodities
HG,2019-09-30 00:00:00+00:00,long,2,2.497831629139073,62,TP,metals
PL,2019-09-30 00:00:00+00:00,long,1,-1.003547373493976,0,SAME_BAR_SL,metals
NZDJPY,2019-10-01 00:00:00+00:00,long,1,2.484808529886915,9,TP,fx_cross
EURGBP,2019-10-01 00:00:00+00:00,short,4,2.488796234028245,12,TP,fx_cross
GBPCHF,2019-10-01 00:00:00+00:00,long,1,2.473041076801267,1,TP,fx_cross
EURUSD,2019-10-01 00:00:00+00:00,short,4,-1.0278840145985393,2,SL,fx_major
USDCHF,2019-10-01 00:00:00+00:00,long,1,-1.0294094714587745,14,SL,fx_major
YM,2019-10-02 00:00:00+00:00,long,1,-1.003981451460886,1,SL,indices
CADCHF,2019-10-02 00:00:00+00:00,long,1,-1.0352202854743904,2,SL,fx_cross
CHFJPY,2019-10-02 00:00:00+00:00,long,2,2.47674592420727,11,TP,fx_cross
NKD,2019-10-02 00:00:00+00:00,long,1,-1.0060222026431718,1,SL,indices
GBPCAD,2019-10-03 00:00:00+00:00,short,4,-1.0206746081504705,7,SL,fx_cross
NZDCHF,2019-10-03 00:00:00+00:00,short,4,-1.0168374940219993,15,SL,fx_cross
NZDUSD,2019-10-07 00:00:00+00:00,long,2,2.491858451583083,50,TP,fx_major
USDJPY,2019-10-08 00:00:00+00:00,long,2,2.479125181058496,6,TP,fx_major
YM,2019-10-08 00:00:00+00:00,long,2,2.496242622361922,26,TP,indices
EURJPY,2019-10-08 00:00:00+00:00,long,2,2.461001281138791,2,TP,fx_cross
EURCHF,2019-10-08 00:00:00+00:00,long,1,2.456195197699497,2,TP,fx_cross
GBPCHF,2019-10-08 00:00:00+00:00,long,1,-1.0269589231987328,0,SAME_BAR_SL,fx_cross
NQ,2019-10-09 00:00:00+00:00,short,3,-1.0056181217985203,2,SL,indices
GBPJPY,2019-10-09 00:00:00+00:00,short,4,-1.011984511082138,1,SL,fx_cross
RTY,2019-10-09 00:00:00+00:00,short,3,-1.0047127272727272,2,SL,indices
GBPAUD,2019-10-09 00:00:00+00:00,short,3,-1.009403621611654,2,SL,fx_cross
GBPNZD,2019-10-10 00:00:00+00:00,short,4,-1.011074105007095,1,SL,fx_cross
DAX,2019-10-11 00:00:00+00:00,short,3,-1.0046035514018692,0,SAME_BAR_SL,indices
RTY,2019-10-15 00:00:00+00:00,short,4,-1.0050485211995863,5,SL,indices
GBPNZD,2019-10-15 00:00:00+00:00,short,4,-1.011213692475897,1,SL,fx_cross
AUDCAD,2019-10-16 00:00:00+00:00,short,3,-1.012365009861933,12,SL,fx_cross
EURJPY,2019-10-17 00:00:00+00:00,short,3,-1.0921686956521681,0,SAME_BAR_SL,fx_cross
GBPCAD,2019-10-17 00:00:00+00:00,short,4,-1.0284545606694555,0,SAME_BAR_SL,fx_cross
GBPCHF,2019-10-17 00:00:00+00:00,short,4,-1.0159101437735012,41,SL,fx_cross
EURCHF,2019-10-17 00:00:00+00:00,short,3,2.4511773775671455,21,TP,fx_cross
EURNZD,2019-10-18 00:00:00+00:00,short,3,-1.006982503757784,115,SL,fx_cross
AUDJPY,2019-10-21 00:00:00+00:00,short,4,-1.0276427266710793,8,SL,fx_cross
NG,2019-10-22 00:00:00+00:00,short,3,-1.001569164882227,5,SL,commodities
EURJPY,2019-10-23 00:00:00+00:00,short,3,-1.0128797860962564,43,SL,fx_cross
USDCAD,2019-10-24 00:00:00+00:00,long,2,2.471927825086307,13,TP,fx_major
SI,2019-10-29 00:00:00+00:00,long,2,-1.005356587677725,7,SL,metals
AUDJPY,2019-10-31 00:00:00+00:00,long,1,-1.0320709341500756,0,SAME_BAR_SL,fx_cross
NZDJPY,2019-10-31 00:00:00+00:00,long,2,2.4831422029488293,27,TP,fx_cross
CHFJPY,2019-10-31 00:00:00+00:00,long,2,-1.0262773287671232,19,SL,fx_cross
PL,2019-11-04 00:00:00+00:00,long,2,-1.0024981333333334,3,SL,metals
DAX,2019-11-04 00:00:00+00:00,short,3,-1.0079391634980988,2,SL,indices
GBPAUD,2019-11-05 00:00:00+00:00,long,1,2.4798305782247145,8,TP,fx_cross
EURUSD,2019-11-05 00:00:00+00:00,long,2,-1.033149195524772,0,SAME_BAR_SL,fx_major
NKD,2019-11-07 00:00:00+00:00,short,4,-1.0102204081632653,0,SAME_BAR_SL,indices
AUDJPY,2019-11-07 00:00:00+00:00,short,4,-1.0697338613861327,0,SAME_BAR_SL,fx_cross
PA,2019-11-08 00:00:00+00:00,long,2,-1.0063643005780347,2,SL,metals
EURUSD,2019-11-08 00:00:00+00:00,long,1,2.471284907063197,29,TP,fx_major
PL,2019-11-08 00:00:00+00:00,long,2,-1.0054698666666666,2,SL,metals
CADCHF,2019-11-11 00:00:00+00:00,long,2,-1.0257360391198043,2,SL,fx_cross
EURGBP,2019-11-11 00:00:00+00:00,long,1,-1.0375858307210042,6,SL,fx_cross
AUDJPY,2019-11-14 00:00:00+00:00,long,1,2.4869138432243734,24,TP,fx_cross
PA,2019-11-14 00:00:00+00:00,short,4,-1.0067060613496934,4,SL,metals
NKD,2019-11-14 00:00:00+00:00,long,1,2.483961739130435,1,TP,indices
EURCHF,2019-11-14 00:00:00+00:00,long,1,2.456195197699497,4,TP,fx_cross
USDCAD,2019-11-18 00:00:00+00:00,long,1,2.457213665315578,2,TP,fx_major
CL,2019-11-19 00:00:00+00:00,long,2,2.498220518962076,35,TP,commodities
NZDCHF,2019-11-20 00:00:00+00:00,long,2,2.4888958700406123,31,TP,fx_cross
GBPCAD,2019-11-20 00:00:00+00:00,short,4,-1.0309342490372273,11,SL,fx_cross
ES,2019-11-20 00:00:00+00:00,long,1,2.488428538011696,5,TP,indices
PL,2019-11-21 00:00:00+00:00,short,4,2.4938106666666666,1,TP,metals
NKD,2019-11-22 00:00:00+00:00,long,2,-1.003727959697733,79,SL,indices
NG,2019-11-22 00:00:00+00:00,short,4,2.498410322580645,6,TP,commodities
CHFJPY,2019-11-24 00:00:00+00:00,long,1,2.4862406131650134,17,TP,fx_cross
PA,2019-11-25 00:00:00+00:00,short,3,-1.0050515515695067,1,SL,metals
GBPNZD,2019-11-25 00:00:00+00:00,long,1,-1.0218977951524635,6,SL,fx_cross
EURCHF,2019-11-25 00:00:00+00:00,long,1,-1.031652261720763,8,SL,fx_cross
RTY,2019-11-25 00:00:00+00:00,short,4,-1.0036134257975033,20,SL,indices
GBPAUD,2019-11-25 00:00:00+00:00,short,3,-1.0471953900709212,2,SL,fx_cross
GBPUSD,2019-11-25 00:00:00+00:00,short,4,-1.0222222878228777,7,SL,fx_major
EURGBP,2019-11-26 00:00:00+00:00,short,3,2.421418527004911,1,TP,fx_cross
NQ,2019-12-02 00:00:00+00:00,long,1,-1.0066612899185974,1,SL,indices
DAX,2019-12-02 00:00:00+00:00,long,1,2.4954811540555255,24,TP,indices
ES,2019-12-03 00:00:00+00:00,long,1,-1.011571461988304,0,SAME_BAR_SL,indices
NG,2019-12-03 00:00:00+00:00,short,4,2.498409657947686,4,TP,commodities
USDCHF,2019-12-03 00:00:00+00:00,long,2,-1.0288665140478672,0,SAME_BAR_SL,fx_major
YM,2019-12-03 00:00:00+00:00,long,1,2.489382345828295,3,TP,indices
GBPAUD,2019-12-03 00:00:00+00:00,long,2,2.4146286543110396,1,TP,fx_cross
AUDCAD,2019-12-04 00:00:00+00:00,long,1,2.475680462427746,22,TP,fx_cross
GBPUSD,2019-12-04 00:00:00+00:00,short,4,-1.0250535797399039,1,SL,fx_major
GBPCHF,2019-12-05 00:00:00+00:00,short,4,-1.0270274777448072,6,SL,fx_cross
ES,2019-12-06 00:00:00+00:00,short,3,-1.0135455892255891,5,SL,indices
NQ,2019-12-06 00:00:00+00:00,short,3,-1.01032660268714,5,SL,indices
USDCHF,2019-12-09 00:00:00+00:00,long,2,-1.0400485094066572,1,SL,fx_major
NZDJPY,2019-12-10 00:00:00+00:00,long,1,2.4806726459143973,2,TP,fx_cross
NZDCAD,2019-12-10 00:00:00+00:00,long,1,-1.0126598590446358,44,SL,fx_cross
USDCAD,2019-12-11 00:00:00+00:00,long,2,-1.049174114513979,1,SL,fx_major
PL,2019-12-11 00:00:00+00:00,short,4,-1.0061893333333334,0,SAME_BAR_SL,metals
SI,2019-12-11 00:00:00+00:00,short,4,-1.0051275829383886,1,SL,metals
EURCHF,2019-12-12 00:00:00+00:00,short,3,-1.1034947651006717,0,SAME_BAR_SL,fx_cross
GBPUSD,2019-12-12 00:00:00+00:00,long,1,-1.025524322826463,0,SAME_BAR_SL,fx_major
YM,2019-12-12 00:00:00+00:00,short,3,-1.0133628571428572,0,SAME_BAR_SL,indices
GBPJPY,2019-12-12 00:00:00+00:00,short,4,-1.0347569178082208,0,SAME_BAR_SL,fx_cross
EURUSD,2019-12-16 00:00:00+00:00,short,3,-1.0204036375531573,12,SL,fx_major
PA,2019-12-17 00:00:00+00:00,long,1,-1.002622440677966,3,SL,metals
GBPCHF,2019-12-17 00:00:00+00:00,long,2,-1.0483702826379553,2,SL,fx_cross
USDCHF,2019-12-20 00:00:00+00:00,short,4,2.4801604040404035,9,TP,fx_major
USDCAD,2019-12-20 00:00:00+00:00,short,4,2.4689374704890388,9,TP,fx_major
PL,2019-12-23 00:00:00+00:00,short,3,-1.0096526451612904,1,SL,metals
SI,2019-12-23 00:00:00+00:00,short,4,-1.0088939682539682,1,SL,metals
GBPUSD,2019-12-23 00:00:00+00:00,long,1,2.47570103286385,6,TP,fx_major
EURGBP,2019-12-25 00:00:00+00:00,long,1,-1.0145368580978424,5,SL,fx_cross
GBPNZD,2019-12-26 00:00:00+00:00,long,2,2.4798814354421013,9,TP,fx_cross
NZDUSD,2019-12-27 00:00:00+00:00,short,4,-1.0261784357541897,2,SL,fx_major
CADCHF,2019-12-27 00:00:00+00:00,long,2,-1.0538364948453594,2,SL,fx_cross
RTY,2019-12-30 00:00:00+00:00,short,3,2.4922594219653176,7,TP,indices
USDJPY,2019-12-30 00:00:00+00:00,long,1,-1.0387397455470737,3,SL,fx_major
NQ,2019-12-30 00:00:00+00:00,long,1,-1.0175603139717426,0,SAME_BAR_SL,indices
NZDUSD,2019-12-31 00:00:00+00:00,short,3,2.484640683760684,13,TP,fx_major
GBPAUD,2019-12-31 00:00:00+00:00,short,4,-1.0191905967976713,5,SL,fx_cross
EURCHF,2019-12-31 00:00:00+00:00,short,4,2.469208502024291,14,TP,fx_cross
CADCHF,2019-12-31 00:00:00+00:00,short,4,-1.0368505747126424,0,SAME_BAR_SL,fx_cross
GBPUSD,2019-12-31 00:00:00+00:00,short,4,2.4897260080143706,51,TP,fx_major
PA,2019-12-31 00:00:00+00:00,short,4,-1.003929786407767,2,SL,metals
EURJPY,2020-01-02 00:00:00+00:00,long,1,-1.024310351758794,1,SL,fx_cross
USDCHF,2020-01-02 00:00:00+00:00,short,4,2.466093341630365,12,TP,fx_major
YM,2020-01-02 00:00:00+00:00,short,3,-1.0157272852233676,0,SAME_BAR_SL,indices
GBPJPY,2020-01-02 00:00:00+00:00,long,1,-1.0472791459074755,1,SL,fx_cross
CHFJPY,2020-01-02 00:00:00+00:00,long,2,-1.0233056738644821,1,SL,fx_cross
EURGBP,2020-01-03 00:00:00+00:00,short,3,-1.0299396491228074,8,SL,fx_cross
SI,2020-01-06 00:00:00+00:00,long,1,-1.0074687179487178,0,SAME_BAR_SL,metals
GBPJPY,2020-01-07 00:00:00+00:00,long,2,2.4725580595980583,1,TP,fx_cross
EURUSD,2020-01-07 00:00:00+00:00,long,2,-1.0249135350318468,1,SL,fx_major
EURJPY,2020-01-07 00:00:00+00:00,long,2,-1.0178877548864234,16,SL,fx_cross
ES,2020-01-07 00:00:00+00:00,long,2,-1.0062181709145428,0,SAME_BAR_SL,indices
USDJPY,2020-01-07 00:00:00+00:00,short,4,-1.047816603773583,1,SL,fx_major
SI,2020-01-07 00:00:00+00:00,short,3,-1.006750909090909,0,SAME_BAR_SL,metals
NZDJPY,2020-01-07 00:00:00+00:00,long,2,-1.0128370595690748,0,SAME_BAR_SL,fx_cross
AUDCAD,2020-01-07 00:00:00+00:00,long,2,2.4682455837563446,8,TP,fx_cross
AUDJPY,2020-01-07 00:00:00+00:00,long,1,2.4843498835024427,5,TP,fx_cross
NQ,2020-01-07 00:00:00+00:00,long,2,-1.0049038925010836,0,SAME_BAR_SL,indices
PL,2020-01-07 00:00:00+00:00,short,3,-1.00208644295302,7,SL,metals
NZDCHF,2020-01-09 00:00:00+00:00,long,2,-1.008134921630094,5,SL,fx_cross
SI,2020-01-09 00:00:00+00:00,long,2,-1.009125079365079,3,SL,metals
CHFJPY,2020-01-09 00:00:00+00:00,short,3,-1.0351853079507278,0,SAME_BAR_SL,fx_cross
GBPAUD,2020-01-10 00:00:00+00:00,long,1,2.482405425531915,14,TP,fx_cross
GBPCAD,2020-01-13 00:00:00+00:00,long,2,2.4549886039886046,3,TP,fx_cross
GBPCHF,2020-01-13 00:00:00+00:00,long,1,-1.0094991393222164,40,SL,fx_cross
AUDJPY,2020-01-16 00:00:00+00:00,short,4,2.4732940350877195,4,TP,fx_cross
GBPJPY,2020-01-16 00:00:00+00:00,short,3,-1.091032234762983,1,SL,fx_cross
RTY,2020-01-16 00:00:00+00:00,short,4,2.492370786516854,7,TP,indices
NZDJPY,2020-01-16 00:00:00+00:00,short,3,2.480475343511451,8,TP,fx_cross
AUDCAD,2020-01-20 00:00:00+00:00,long,1,-1.085628395904434,1,SL,fx_cross
HG,2020-01-20 00:00:00+00:00,long,1,-1.00752,1,SL,metals
GBPCAD,2020-01-22 00:00:00+00:00,short,3,-1.0612913049013388,0,SAME_BAR_SL,fx_cross
USDJPY,2020-01-22 00:00:00+00:00,long,1,-1.0665792624728914,1,SL,fx_major
SI,2020-01-24 00:00:00+00:00,short,4,-1.0040757295373666,1,SL,metals
CHFJPY,2020-01-24 00:00:00+00:00,long,1,-1.0385578484107574,1,SL,fx_cross
YM,2020-01-26 00:00:00+00:00,long,1,-1.0030626893560226,25,SL,indices
NZDCHF,2020-01-26 00:00:00+00:00,long,2,-1.0486150000000012,1,SL,fx_cross
NQ,2020-01-26 00:00:00+00:00,long,2,-1.0176917791411042,1,SL,indices
HG,2020-01-26 00:00:00+00:00,long,1,-1.011778206896552,0,SAME_BAR_SL,metals
PA,2020-01-26 00:00:00+00:00,long,1,-1.001759229843562,1,SL,metals
CADCHF,2020-01-27 00:00:00+00:00,long,2,-1.0188933088235295,4,SL,fx_cross
EURUSD,2020-01-27 00:00:00+00:00,long,2,-1.031616475409836,9,SL,fx_major
HG,2020-01-27 00:00:00+00:00,long,2,-1.0072361739130435,2,SL,metals
ES,2020-01-27 00:00:00+00:00,long,1,-1.0030210602759622,25,SL,indices
SI,2020-01-28 00:00:00+00:00,long,2,-1.0049399134199133,0,SAME_BAR_SL,metals
PL,2020-01-28 00:00:00+00:00,long,1,-1.0042270067114094,3,SL,metals
GBPCAD,2020-01-29 00:00:00+00:00,short,4,-1.0182363002274453,1,SL,fx_cross
GBPNZD,2020-01-30 00:00:00+00:00,short,4,-1.0103026999360205,1,SL,fx_cross
NQ,2020-01-30 00:00:00+00:00,long,2,2.4935959156492786,4,TP,indices
USDCAD,2020-01-31 00:00:00+00:00,short,4,-1.0728446017699147,2,SL,fx_major
USDJPY,2020-01-31 00:00:00+00:00,long,1,2.4848989358528093,16,TP,fx_major
NZDJPY,2020-02-04 00:00:00+00:00,short,4,-1.0217968281938323,0,SAME_BAR_SL,fx_cross
NZDCAD,2020-02-04 00:00:00+00:00,short,4,2.4720143172574076,6,TP,fx_cross
AUDJPY,2020-02-04 00:00:00+00:00,short,4,-1.0276755705604312,0,SAME_BAR_SL,fx_cross
PL,2020-02-04 00:00:00+00:00,short,4,-1.0063153131313132,1,SL,metals
GBPJPY,2020-02-04 00:00:00+00:00,short,3,2.4671733333333306,4,TP,fx_cross
RTY,2020-02-04 00:00:00+00:00,short,4,-1.0083043037974686,0,SAME_BAR_SL,indices
DAX,2020-02-04 00:00:00+00:00,short,3,-1.0066646540880504,1,SL,indices
GBPAUD,2020-02-04 00:00:00+00:00,long,2,-1.0217745952476842,1,SL,fx_cross
USDCHF,2020-02-05 00:00:00+00:00,short,3,-1.0280504634397525,2,SL,fx_major
EURGBP,2020-02-05 00:00:00+00:00,long,1,-1.0120917725070133,7,SL,fx_cross
HG,2020-02-05 00:00:00+00:00,short,4,-1.0138346666666667,1,SL,metals
AUDCAD,2020-02-05 00:00:00+00:00,short,4,2.476684109716411,12,TP,fx_cross
CL,2020-02-06 00:00:00+00:00,long,2,-1.0016548387096773,17,SL,commodities
GBPAUD,2020-02-06 00:00:00+00:00,long,1,2.484776898456309,14,TP,fx_cross
CADCHF,2020-02-07 00:00:00+00:00,short,4,-1.0282369230769233,4,SL,fx_cross
CHFJPY,2020-02-07 00:00:00+00:00,long,1,-1.038540733496332,2,SL,fx_cross
NZDJPY,2020-02-07 00:00:00+00:00,long,2,2.4733461246612465,4,TP,fx_cross
NZDCHF,2020-02-09 00:00:00+00:00,long,2,-1.0227835416666662,11,SL,fx_cross
CHFJPY,2020-02-12 00:00:00+00:00,long,2,-1.0579460773480656,1,SL,fx_cross
USDCAD,2020-02-12 00:00:00+00:00,long,1,2.332239457013561,1,TP,fx_major
PA,2020-02-13 00:00:00+00:00,short,3,-1.0023473532182103,3,SL,metals
USDCHF,2020-02-14 00:00:00+00:00,short,4,-1.0644203755868555,1,SL,fx_major
NZDCAD,2020-02-18 00:00:00+00:00,long,2,-1.0239426148409898,1,SL,fx_cross
GBPNZD,2020-02-18 00:00:00+00:00,short,3,2.434429178632976,1,TP,fx_cross
AUDCHF,2020-02-18 00:00:00+00:00,short,4,2.4860093830921555,7,TP,fx_cross
EURJPY,2020-02-19 00:00:00+00:00,short,4,-1.0170028861788618,0,SAME_BAR_SL,fx_cross
GBPCAD,2020-02-20 00:00:00+00:00,long,2,2.4828271030390217,13,TP,fx_cross
EURJPY,2020-02-20 00:00:00+00:00,short,3,-1.0295643744531926,0,SAME_BAR_SL,fx_cross
NQ,2020-02-21 00:00:00+00:00,long,1,-1.0056011126564672,1,SL,indices
USDCAD,2020-02-21 00:00:00+00:00,long,1,2.4029465616798036,1,TP,fx_major
EURUSD,2020-02-23 00:00:00+00:00,long,2,2.4798821345707656,5,TP,fx_major
NKD,2020-02-24 00:00:00+00:00,long,1,-1.0050360283687942,3,SL,indices
RTY,2020-02-25 00:00:00+00:00,long,1,-1.0040602898550726,1,SL,indices
NQ,2020-02-25 00:00:00+00:00,long,1,-1.0028818670725521,2,SL,indices
SI,2020-02-25 00:00:00+00:00,long,2,-1.003314682080925,3,SL,metals
NZDCAD,2020-02-25 00:00:00+00:00,long,2,-1.020353128515794,3,SL,fx_cross
AUDJPY,2020-02-25 00:00:00+00:00,long,2,-1.0219043954862979,1,SL,fx_cross
CADCHF,2020-02-25 00:00:00+00:00,long,1,-1.0234428246013667,1,SL,fx_cross
EURCAD,2020-02-26 00:00:00+00:00,short,4,-1.0587975669804475,0,SAME_BAR_SL,fx_cross
PL,2020-02-26 00:00:00+00:00,long,2,-1.0209165714285715,0,SAME_BAR_SL,metals
YM,2020-02-27 00:00:00+00:00,long,2,-1.0074681318681318,1,SL,indices
GBPAUD,2020-02-27 00:00:00+00:00,long,1,-1.0106978237129485,4,SL,fx_cross
PL,2020-02-27 00:00:00+00:00,long,2,-1.004004,1,SL,metals
EURGBP,2020-02-27 00:00:00+00:00,short,4,-1.0238662638469291,0,SAME_BAR_SL,fx_cross
EURJPY,2020-02-28 00:00:00+00:00,long,2,2.477670515740121,2,TP,fx_cross
PA,2020-02-28 00:00:00+00:00,long,1,-1.00130053064391,0,SAME_BAR_SL,metals
NZDJPY,2020-02-28 00:00:00+00:00,long,1,-1.018399922178988,0,SAME_BAR_SL,fx_cross
AUDCAD,2020-02-28 00:00:00+00:00,long,2,-1.0211881174438684,0,SAME_BAR_SL,fx_cross
CHFJPY,2020-02-28 00:00:00+00:00,long,2,-1.0421823956931346,0,SAME_BAR_SL,fx_cross
NKD,2020-02-28 00:00:00+00:00,long,1,-1.0087031578947367,0,SAME_BAR_SL,indices
GBPJPY,2020-02-28 00:00:00+00:00,long,2,-1.0415172004241788,0,SAME_BAR_SL,fx_cross
USDCHF,2020-03-02 00:00:00+00:00,long,2,-1.0208089233152595,1,SL,fx_major
RTY,2020-03-02 00:00:00+00:00,long,2,-1.0018926474079937,4,SL,indices
PL,2020-03-02 00:00:00+00:00,long,2,-1.0012838918918918,9,SL,metals
EURGBP,2020-03-02 00:00:00+00:00,short,4,-1.0109731565940236,8,SL,fx_cross
EURUSD,2020-03-02 00:00:00+00:00,short,3,-1.0337616025988092,0,SAME_BAR_SL,fx_major
NKD,2020-03-02 00:00:00+00:00,long,2,-1.00199988183161,4,SL,indices
CL,2020-03-02 00:00:00+00:00,long,2,-1.0009870572569908,4,SL,commodities
AUDCAD,2020-03-04 00:00:00+00:00,short,4,-1.051358840579709,1,SL,fx_cross
PA,2020-03-04 00:00:00+00:00,long,1,-1.0013538129496402,6,SL,metals
AUDCHF,2020-03-05 00:00:00+00:00,long,2,-1.0110896221662469,1,SL,fx_cross
DAX,2020-03-05 00:00:00+00:00,long,1,-1.0024124616828276,1,SL,indices
YM,2020-03-05 00:00:00+00:00,long,1,-1.0019741515574152,1,SL,indices
NG,2020-03-06 00:00:00+00:00,short,3,-1.0010063768115942,3,SL,commodities
GBPJPY,2020-03-06 00:00:00+00:00,long,1,-1.0111320127795527,2,SL,fx_cross
AUDCAD,2020-03-06 00:00:00+00:00,short,4,-1.0266184072688402,1,SL,fx_cross
EURUSD,2020-03-06 00:00:00+00:00,short,4,-1.03090535731648,2,SL,fx_major
GBPCHF,2020-03-06 00:00:00+00:00,long,2,-1.0423724034869253,2,SL,fx_cross
NZDJPY,2020-03-06 00:00:00+00:00,short,4,2.491156315789474,2,TP,fx_cross
ES,2020-03-08 00:00:00+00:00,long,2,-1.007935579868709,1,SL,indices
EURNZD,2020-03-08 00:00:00+00:00,short,3,-1.0470029469732507,0,SAME_BAR_SL,fx_cross
NKD,2020-03-08 00:00:00+00:00,long,2,-1.0033044897959185,0,SAME_BAR_SL,indices
USDCAD,2020-03-08 00:00:00+00:00,short,3,-1.0342480107768288,1,SL,fx_major
EURCAD,2020-03-09 00:00:00+00:00,short,3,-1.0301937046004845,0,SAME_BAR_SL,fx_cross
RTY,2020-03-09 00:00:00+00:00,long,1,-1.0028932531730126,0,SAME_BAR_SL,indices
DAX,2020-03-09 00:00:00+00:00,long,1,-1.0041685730926033,0,SAME_BAR_SL,indices
NKD,2020-03-09 00:00:00+00:00,long,2,-1.0040826490066226,0,SAME_BAR_SL,indices
EURJPY,2020-03-09 00:00:00+00:00,long,2,2.48674152350081,4,TP,fx_cross
AUDUSD,2020-03-09 00:00:00+00:00,long,2,-1.0057666290018832,0,SAME_BAR_SL,fx_major
AUDCAD,2020-03-09 00:00:00+00:00,long,1,-1.0060854116775706,4,SL,fx_cross
NZDCHF,2020-03-09 00:00:00+00:00,short,4,2.4847396157365047,3,TP,fx_cross
NZDCAD,2020-03-09 00:00:00+00:00,long,1,-1.0251174549310715,0,SAME_BAR_SL,fx_cross
EURNZD,2020-03-09 00:00:00+00:00,long,2,2.4885246070647797,3,TP,fx_cross
GBPUSD,2020-03-09 00:00:00+00:00,short,3,2.4515261498028886,1,TP,fx_major
CHFJPY,2020-03-09 00:00:00+00:00,long,1,-1.0356561290322583,0,SAME_BAR_SL,fx_cross
USDCHF,2020-03-10 00:00:00+00:00,short,4,-1.0121612230715775,2,SL,fx_major
EURUSD,2020-03-10 00:00:00+00:00,long,1,-1.0191393821926102,2,SL,fx_major
GBPUSD,2020-03-11 00:00:00+00:00,long,1,-1.0149738320864505,1,SL,fx_major
CL,2020-03-11 00:00:00+00:00,long,2,-1.0003896687755862,6,SL,commodities
RTY,2020-03-11 00:00:00+00:00,long,2,-1.0052877183833115,0,SAME_BAR_SL,indices
ES,2020-03-11 00:00:00+00:00,long,2,-1.0124376470588234,0,SAME_BAR_SL,indices
YM,2020-03-12 00:00:00+00:00,long,2,-1.0049604564907275,0,SAME_BAR_SL,indices
PA,2020-03-12 00:00:00+00:00,long,1,-1.0042170074074075,0,SAME_BAR_SL,metals
ES,2020-03-12 00:00:00+00:00,long,1,-1.002266873676782,0,SAME_BAR_SL,indices
NQ,2020-03-12 00:00:00+00:00,long,2,-1.005761549636804,0,SAME_BAR_SL,indices
EURGBP,2020-03-13 00:00:00+00:00,short,3,-1.0195322598210812,0,SAME_BAR_SL,fx_cross
GBPJPY,2020-03-13 00:00:00+00:00,short,4,2.4951980966999234,4,TP,fx_cross
PA,2020-03-13 00:00:00+00:00,long,2,2.4954030829268294,1,TP,metals
GBPCHF,2020-03-13 00:00:00+00:00,long,2,-1.0153858070544262,1,SL,fx_cross
GBPNZD,2020-03-13 00:00:00+00:00,long,1,-1.021682232125557,0,SAME_BAR_SL,fx_cross
HG,2020-03-13 00:00:00+00:00,short,4,2.497718857142857,4,TP,metals
GBPCAD,2020-03-13 00:00:00+00:00,long,2,2.4549886039886046,1,TP,fx_cross
USDJPY,2020-03-13 00:00:00+00:00,short,4,-1.0270402880288032,0,SAME_BAR_SL,fx_major
USDCHF,2020-03-13 00:00:00+00:00,short,4,-1.0111121112725763,4,SL,fx_major
SI,2020-03-13 00:00:00+00:00,long,1,-1.0041544588744589,0,SAME_BAR_SL,metals
CADJPY,2020-03-15 00:00:00+00:00,long,2,2.4968441160017667,296,TP,fx_cross
USDCAD,2020-03-15 00:00:00+00:00,long,1,2.494116648623923,3,TP,fx_major
CADCHF,2020-03-15 00:00:00+00:00,long,2,-1.004561190334484,4,SL,fx_cross
CHFJPY,2020-03-15 00:00:00+00:00,long,1,-1.0071407967220578,37,SL,fx_cross
GBPNZD,2020-03-15 00:00:00+00:00,short,3,0.41314746525675705,399,EOS,fx_cross
EURCAD,2020-03-15 00:00:00+00:00,short,3,-1.0047798254722191,4,SL,fx_cross
GBPUSD,2020-03-16 00:00:00+00:00,long,2,-1.0726276008492603,1,SL,fx_major
PA,2020-03-16 00:00:00+00:00,long,2,-1.0028192195121952,0,SAME_BAR_SL,metals
SI,2020-03-16 00:00:00+00:00,long,2,-1.0139636363636362,0,SAME_BAR_SL,metals
NZDCAD,2020-03-16 00:00:00+00:00,short,3,-1.0057624783027965,70,SL,fx_cross
DAX,2020-03-17 00:00:00+00:00,short,4,-1.0006160391406085,14,SL,indices
ES,2020-03-18 00:00:00+00:00,long,2,-1.0046476661514683,0,SAME_BAR_SL,indices
GBPCAD,2020-03-18 00:00:00+00:00,long,1,2.4893230755190507,8,TP,fx_cross
NZDCHF,2020-03-19 00:00:00+00:00,short,4,-1.0039864241216048,22,SL,fx_cross
EURAUD,2020-03-19 00:00:00+00:00,long,1,-1.0049236140470508,17,SL,fx_cross
EURNZD,2020-03-19 00:00:00+00:00,long,1,-1.0049231591460226,18,SL,fx_cross
USDJPY,2020-03-19 00:00:00+00:00,short,4,-1.0249648543689316,0,SAME_BAR_SL,fx_major
USDCHF,2020-03-19 00:00:00+00:00,short,4,-1.0338577667493798,0,SAME_BAR_SL,fx_major
AUDCHF,2020-03-19 00:00:00+00:00,short,4,-1.0025116050151857,18,SL,fx_cross
AUDJPY,2020-03-19 00:00:00+00:00,short,4,-1.0021159356278633,18,SL,fx_cross
NZDJPY,2020-03-19 00:00:00+00:00,short,4,-1.0049253142227124,5,SL,fx_cross
AUDCAD,2020-03-19 00:00:00+00:00,short,4,-1.0055069685767097,9,SL,fx_cross
GBPCHF,2020-03-20 00:00:00+00:00,short,4,-1.0273499663299661,0,SAME_BAR_SL,fx_cross
EURCAD,2020-03-20 00:00:00+00:00,long,2,-1.0390230643699008,0,SAME_BAR_SL,fx_cross
EURGBP,2020-03-20 00:00:00+00:00,long,1,2.4832298444223766,1,TP,fx_cross
CADCHF,2020-03-20 00:00:00+00:00,short,3,-1.0318967827529022,0,SAME_BAR_SL,fx_cross
NQ,2020-03-22 00:00:00+00:00,long,2,2.493061298701299,1,TP,indices
EURCHF,2020-03-23 00:00:00+00:00,short,3,-1.0297905337361524,2,SL,fx_cross
HG,2020-03-23 00:00:00+00:00,short,4,-1.000691166226913,13,SL,metals
RTY,2020-03-24 00:00:00+00:00,long,2,2.4992617681030653,29,TP,indices
PL,2020-03-24 00:00:00+00:00,short,4,-1.0003070276399717,46,SL,metals
NKD,2020-03-24 00:00:00+00:00,short,4,-1.0017534370579915,29,SL,indices
GBPAUD,2020-03-24 00:00:00+00:00,short,3,1.299739492127986,399,EOS,fx_cross
EURUSD,2020-03-25 00:00:00+00:00,short,4,-1.0083702029621502,2,SL,fx_major
EURGBP,2020-03-25 00:00:00+00:00,short,3,1.5459838094037541,399,EOS,fx_cross
GBPUSD,2020-03-26 00:00:00+00:00,short,4,-1.0086697622091536,1,SL,fx_major
EURCHF,2020-03-27 00:00:00+00:00,long,1,-1.0355152603231603,2,SL,fx_cross
USDCHF,2020-03-27 00:00:00+00:00,long,1,-1.0054189691979263,101,SL,fx_major
GBPJPY,2020-03-27 00:00:00+00:00,short,4,-1.0048019033000768,60,SL,fx_cross
USDJPY,2020-03-27 00:00:00+00:00,long,1,-1.0043877781004937,108,SL,fx_major
AUDUSD,2020-03-27 00:00:00+00:00,short,4,-1.0035318365662402,11,SL,fx_major
GBPCAD,2020-03-29 00:00:00+00:00,short,3,0.17943416761298817,399,EOS,fx_cross
YM,2020-03-29 00:00:00+00:00,long,1,2.4978131763166505,8,TP,indices
EURUSD,2020-03-29 00:00:00+00:00,short,4,-1.0054107344239471,63,SL,fx_major
GBPCHF,2020-03-31 00:00:00+00:00,short,4,-1.0065738512590279,261,SL,fx_cross
EURCHF,2020-04-02 00:00:00+00:00,long,2,-1.0472383053557162,12,SL,fx_cross
NG,2020-04-05 00:00:00+00:00,long,2,2.4991655696202533,24,TP,commodities
NQ,2020-04-06 00:00:00+00:00,short,4,-1.0018102761272283,6,SL,indices
CL,2020-04-07 00:00:00+00:00,long,1,-1.0003095541401275,8,SL,commodities
ES,2020-04-09 00:00:00+00:00,short,4,-1.0023074116891457,15,SL,indices
SI,2020-04-12 00:00:00+00:00,long,1,-1.0020148387096774,8,SL,metals
EURCAD,2020-04-13 00:00:00+00:00,long,1,2.485863009498417,16,TP,fx_cross
EURAUD,2020-04-14 00:00:00+00:00,long,1,2.480077526117844,2,TP,fx_cross
USDCAD,2020-04-17 00:00:00+00:00,long,2,-1.01029247966413,33,SL,fx_major
NZDUSD,2020-04-20 00:00:00+00:00,short,3,-1.009635434412266,9,SL,fx_major
NQ,2020-04-21 00:00:00+00:00,long,1,-1.003063147432358,0,SAME_BAR_SL,indices
HG,2020-04-23 00:00:00+00:00,short,3,-1.0074784,1,SL,metals
AUDUSD,2020-04-23 00:00:00+00:00,short,3,-1.015363499142367,3,SL,fx_major
AUDCHF,2020-04-23 00:00:00+00:00,short,4,-1.0161672727272724,3,SL,fx_cross
NQ,2020-04-23 00:00:00+00:00,short,3,-1.002375644028103,5,SL,indices
GBPUSD,2020-04-27 00:00:00+00:00,short,4,-1.0154472775682268,3,SL,fx_major
YM,2020-04-28 00:00:00+00:00,short,4,-1.0024324789522918,25,SL,indices
AUDUSD,2020-04-28 00:00:00+00:00,short,4,-1.0103299001996011,1,SL,fx_major
AUDCAD,2020-04-28 00:00:00+00:00,short,4,-1.066082178988328,1,SL,fx_cross
AUDCHF,2020-04-28 00:00:00+00:00,short,3,-1.0160003626473253,1,SL,fx_cross
AUDJPY,2020-04-29 00:00:00+00:00,short,4,2.4796175741801143,2,TP,fx_cross
RTY,2020-04-29 00:00:00+00:00,short,4,-1.0012242424242423,23,SL,indices
NKD,2020-04-29 00:00:00+00:00,short,4,2.496531777188329,3,TP,indices
EURCHF,2020-04-30 00:00:00+00:00,long,1,-1.0560387121212174,3,SL,fx_cross
NQ,2020-04-30 00:00:00+00:00,long,1,-1.0032093583191368,2,SL,indices
ES,2020-04-30 00:00:00+00:00,short,4,2.494397872968981,1,TP,indices
EURNZD,2020-04-30 00:00:00+00:00,short,4,-1.0153304594718364,1,SL,fx_cross
AUDCHF,2020-05-03 00:00:00+00:00,long,1,2.4918202277039847,20,TP,fx_cross
EURNZD,2020-05-03 00:00:00+00:00,short,3,2.4744919719719722,2,TP,fx_cross
GBPUSD,2020-05-03 00:00:00+00:00,long,2,-1.0136786201489612,3,SL,fx_major
HG,2020-05-04 00:00:00+00:00,short,4,-1.0022063407407407,4,SL,metals
CHFJPY,2020-05-05 00:00:00+00:00,long,2,-1.0316949586776853,1,SL,fx_cross
EURJPY,2020-05-05 00:00:00+00:00,long,2,-1.02374350877193,0,SAME_BAR_SL,fx_cross
NG,2020-05-06 00:00:00+00:00,long,1,-1.0013752297592997,2,SL,commodities
EURAUD,2020-05-07 00:00:00+00:00,long,2,-1.0200273145560093,16,SL,fx_cross
GBPUSD,2020-05-08 00:00:00+00:00,short,4,2.47672705882353,4,TP,fx_major
NZDUSD,2020-05-11 00:00:00+00:00,long,1,-1.0097958811652727,3,SL,fx_major
CHFJPY,2020-05-11 00:00:00+00:00,short,4,-1.0230121221146684,1,SL,fx_cross
AUDUSD,2020-05-11 00:00:00+00:00,long,1,2.489372198999117,13,TP,fx_major
EURCAD,2020-05-12 00:00:00+00:00,short,4,-1.0273522588913813,9,SL,fx_cross
NZDCHF,2020-05-13 00:00:00+00:00,long,1,-1.0174692682926831,0,SAME_BAR_SL,fx_cross
NZDJPY,2020-05-13 00:00:00+00:00,long,2,2.4932293004115227,17,TP,fx_cross
AUDJPY,2020-05-14 00:00:00+00:00,long,1,2.492775936913256,14,TP,fx_cross
SI,2020-05-15 00:00:00+00:00,short,3,-1.0018425719120136,2,SL,metals
NZDCHF,2020-05-15 00:00:00+00:00,long,2,2.4812802772963605,3,TP,fx_cross
ES,2020-05-18 00:00:00+00:00,short,4,-1.0056021270310191,7,SL,indices
NG,2020-05-18 00:00:00+00:00,short,4,-1.0017038596491228,7,SL,commodities
EURNZD,2020-05-18 00:00:00+00:00,long,1,-1.0208077844065007,1,SL,fx_cross
HG,2020-05-18 00:00:00+00:00,short,3,-1.004795,0,SAME_BAR_SL,metals
SI,2020-05-19 00:00:00+00:00,short,4,2.4930621686746988,2,TP,metals
PA,2020-05-19 00:00:00+00:00,short,3,-1.0015535722543352,54,SL,metals
PL,2020-05-20 00:00:00+00:00,short,4,-1.0033846436781608,0,SAME_BAR_SL,metals
HG,2020-05-21 00:00:00+00:00,long,1,-1.0086026666666668,1,SL,metals
PL,2020-05-21 00:00:00+00:00,long,1,2.496751147928994,4,TP,metals
NKD,2020-05-26 00:00:00+00:00,short,3,-1.0024113879003558,1,SL,indices
RTY,2020-05-27 00:00:00+00:00,short,4,2.4961858745874586,2,TP,indices
GBPUSD,2020-05-27 00:00:00+00:00,long,2,2.474907810781078,2,TP,fx_major
AUDUSD,2020-05-27 00:00:00+00:00,long,1,2.4899383506280723,4,TP,fx_major
EURCAD,2020-05-28 00:00:00+00:00,short,3,-1.0177976205385098,1,SL,fx_cross
YM,2020-05-28 00:00:00+00:00,short,4,2.491470196483971,1,TP,indices
CADCHF,2020-05-29 00:00:00+00:00,long,2,2.483923660346249,3,TP,fx_cross
SI,2020-05-29 00:00:00+00:00,short,3,-1.001933201320132,34,SL,metals
AUDCHF,2020-06-01 00:00:00+00:00,short,4,-1.025508571428571,0,SAME_BAR_SL,fx_cross
NG,2020-06-01 00:00:00+00:00,long,2,-1.0016364912280702,12,SL,commodities
NZDUSD,2020-06-01 00:00:00+00:00,short,4,-1.0082696813783338,1,SL,fx_major
EURAUD,2020-06-01 00:00:00+00:00,long,1,-1.0203105788775961,1,SL,fx_cross
AUDUSD,2020-06-02 00:00:00+00:00,short,4,-1.0289205365126677,1,SL,fx_major
NKD,2020-06-02 00:00:00+00:00,short,4,-1.0039549171270719,0,SAME_BAR_SL,indices
AUDCAD,2020-06-02 00:00:00+00:00,short,3,-1.0223154987212275,1,SL,fx_cross
YM,2020-06-02 00:00:00+00:00,short,4,-1.008529803516029,1,SL,indices
AUDJPY,2020-06-02 00:00:00+00:00,short,3,-1.0078845979658415,0,SAME_BAR_SL,fx_cross
EURNZD,2020-06-02 00:00:00+00:00,short,4,-1.0078221290678433,62,SL,fx_cross
EURCHF,2020-06-03 00:00:00+00:00,short,3,-1.0474297178683383,1,SL,fx_cross
CADCHF,2020-06-03 00:00:00+00:00,short,4,2.4931021654291143,49,TP,fx_cross
EURAUD,2020-06-03 00:00:00+00:00,long,1,-1.0473917306680678,0,SAME_BAR_SL,fx_cross
EURCAD,2020-06-04 00:00:00+00:00,short,3,-1.0146005464480872,6,SL,fx_cross
AUDNZD,2020-06-04 00:00:00+00:00,long,1,-1.0969647665056457,0,SAME_BAR_SL,fx_cross
DAX,2020-06-05 00:00:00+00:00,short,4,-1.0031964472640762,1,SL,indices
RTY,2020-06-05 00:00:00+00:00,short,3,-1.0016196872875596,54,SL,indices
AUDUSD,2020-06-08 00:00:00+00:00,short,4,2.473624450402145,1,TP,fx_major
EURJPY,2020-06-08 00:00:00+00:00,long,1,-1.0141556327543424,3,SL,fx_cross
PL,2020-06-08 00:00:00+00:00,short,4,2.4964384415584417,3,TP,metals
AUDCHF,2020-06-08 00:00:00+00:00,long,1,-1.0087928279746539,2,SL,fx_cross
CHFJPY,2020-06-08 00:00:00+00:00,long,1,-1.0165348905109486,9,SL,fx_cross
GBPJPY,2020-06-09 00:00:00+00:00,long,1,-1.0110111422845691,2,SL,fx_cross
EURCHF,2020-06-09 00:00:00+00:00,short,3,-1.0078664612974808,220,SL,fx_cross
NZDCHF,2020-06-09 00:00:00+00:00,long,1,-1.0168332295719846,2,SL,fx_cross
DAX,2020-06-09 00:00:00+00:00,long,1,-1.0036062146385272,2,SL,indices
AUDCAD,2020-06-10 00:00:00+00:00,short,4,-1.0088428039282087,23,SL,fx_cross
EURAUD,2020-06-10 00:00:00+00:00,long,2,2.4869253191182827,112,TP,fx_cross
NKD,2020-06-11 00:00:00+00:00,long,1,-1.0020325925925926,3,SL,indices
YM,2020-06-11 00:00:00+00:00,long,1,-1.0073019444444444,0,SAME_BAR_SL,indices
NQ,2020-06-11 00:00:00+00:00,long,1,-1.0058654545454546,1,SL,indices
ES,2020-06-11 00:00:00+00:00,long,1,-1.005721893830703,0,SAME_BAR_SL,indices
EURUSD,2020-06-12 00:00:00+00:00,long,1,2.4692191968658186,3,TP,fx_major
AUDCHF,2020-06-12 00:00:00+00:00,long,1,2.4879820560747663,3,TP,fx_cross
NZDUSD,2020-06-15 00:00:00+00:00,short,4,-1.0085905876799623,31,SL,fx_major
AUDJPY,2020-06-15 00:00:00+00:00,short,4,-1.0090014636246234,31,SL,fx_cross
NZDJPY,2020-06-15 00:00:00+00:00,short,4,-1.0111312560524064,18,SL,fx_cross
NZDCHF,2020-06-15 00:00:00+00:00,short,4,2.490510691269623,54,TP,fx_cross
AUDUSD,2020-06-15 00:00:00+00:00,short,4,-1.0062456830601092,31,SL,fx_major
EURJPY,2020-06-15 00:00:00+00:00,short,4,2.4807110407239823,4,TP,fx_cross
GBPUSD,2020-06-16 00:00:00+00:00,short,3,-1.0097143357984115,35,SL,fx_major
GBPJPY,2020-06-16 00:00:00+00:00,long,2,-1.0127069811320757,2,SL,fx_cross
CL,2020-06-16 00:00:00+00:00,short,3,-1.001148641049672,5,SL,commodities
USDCAD,2020-06-16 00:00:00+00:00,short,4,-1.015164313334662,9,SL,fx_major
EURUSD,2020-06-17 00:00:00+00:00,long,1,-1.0307808031341814,2,SL,fx_major
NQ,2020-06-17 00:00:00+00:00,short,3,-1.0044075679394564,5,SL,indices
CHFJPY,2020-06-19 00:00:00+00:00,long,1,2.4698673825503357,8,TP,fx_cross
EURUSD,2020-06-23 00:00:00+00:00,long,2,2.487433787335723,25,TP,fx_major
CL,2020-06-25 00:00:00+00:00,short,3,-1.000947365223994,22,SL,commodities
DAX,2020-06-30 00:00:00+00:00,short,3,-1.0033047491638796,4,SL,indices
PL,2020-07-01 00:00:00+00:00,long,2,2.4986866567901234,18,TP,metals
ES,2020-07-01 00:00:00+00:00,short,3,-1.0055515760111575,1,SL,indices
CHFJPY,2020-07-01 00:00:00+00:00,long,1,2.4768254970760233,18,TP,fx_cross
NZDCAD,2020-07-02 00:00:00+00:00,short,3,-1.0164486493679308,4,SL,fx_cross
EURCAD,2020-07-02 00:00:00+00:00,short,3,-1.0195614848553858,9,SL,fx_cross
YM,2020-07-02 00:00:00+00:00,short,3,-1.0046708835115363,9,SL,indices
HG,2020-07-07 00:00:00+00:00,long,1,2.4965091485148516,3,TP,metals
SI,2020-07-09 00:00:00+00:00,short,3,-1.0032961702127658,5,SL,metals
NG,2020-07-10 00:00:00+00:00,long,1,-1.0011299798792757,8,SL,commodities
USDCAD,2020-07-10 00:00:00+00:00,short,3,2.483349349628983,15,TP,fx_major
DAX,2020-07-13 00:00:00+00:00,short,3,2.4916330753564155,1,TP,indices
AUDCAD,2020-07-15 00:00:00+00:00,short,4,2.4574055315747394,1,TP,fx_cross
NZDCAD,2020-07-16 00:00:00+00:00,short,4,-1.0226580692167577,4,SL,fx_cross
NZDJPY,2020-07-21 00:00:00+00:00,short,3,-1.0100071406959155,36,SL,fx_cross
EURJPY,2020-07-22 00:00:00+00:00,short,3,-1.0159574169741694,8,SL,fx_cross
PL,2020-07-23 00:00:00+00:00,short,4,-1.0029409668246445,3,SL,metals
NQ,2020-07-23 00:00:00+00:00,long,2,-1.0029776966536288,1,SL,indices
AUDJPY,2020-07-24 00:00:00+00:00,long,1,2.4870419164619166,29,TP,fx_cross
AUDCHF,2020-07-24 00:00:00+00:00,long,2,-1.0191999999999997,5,SL,fx_cross
AUDNZD,2020-07-24 00:00:00+00:00,long,1,2.454210352220522,3,TP,fx_cross
NQ,2020-07-28 00:00:00+00:00,long,2,2.4974815189873416,18,TP,indices
SI,2020-07-28 00:00:00+00:00,long,1,2.4990463346104725,8,TP,metals
PL,2020-07-28 00:00:00+00:00,long,1,-1.0011009142857143,32,SL,metals
PA,2020-07-29 00:00:00+00:00,long,1,-1.0024340204778157,1,SL,metals
DAX,2020-07-30 00:00:00+00:00,long,1,2.497051624953306,18,TP,indices
NZDCAD,2020-07-30 00:00:00+00:00,short,4,2.4843442039800996,10,TP,fx_cross
YM,2020-07-30 00:00:00+00:00,long,1,2.4932961668003206,5,TP,indices
AUDCAD,2020-07-31 00:00:00+00:00,long,1,-1.0291829657794687,2,SL,fx_cross
GBPJPY,2020-07-31 00:00:00+00:00,short,3,-1.0202636496350364,11,SL,fx_cross
HG,2020-08-02 00:00:00+00:00,long,1,2.492408,1,TP,metals
USDCHF,2020-08-03 00:00:00+00:00,short,4,2.478771329479768,13,TP,fx_major
EURCAD,2020-08-03 00:00:00+00:00,long,1,-1.0189440551011621,7,SL,fx_cross
NKD,2020-08-03 00:00:00+00:00,short,4,-1.0128314285714286,1,SL,indices
USDCAD,2020-08-05 00:00:00+00:00,long,1,-1.041994311512414,0,SAME_BAR_SL,fx_major
NZDUSD,2020-08-05 00:00:00+00:00,short,3,2.485603765432099,13,TP,fx_major
CHFJPY,2020-08-06 00:00:00+00:00,long,1,-1.0131586385737439,37,SL,fx_cross
USDCAD,2020-08-07 00:00:00+00:00,short,3,2.472388104527052,5,TP,fx_major
YM,2020-08-10 00:00:00+00:00,short,3,-1.0103722314049586,0,SAME_BAR_SL,indices
SI,2020-08-11 00:00:00+00:00,long,1,-1.0028460431654675,1,SL,metals
PA,2020-08-12 00:00:00+00:00,short,4,-1.0009863910614525,18,SL,metals
HG,2020-08-13 00:00:00+00:00,long,2,-1.0099573333333334,0,SAME_BAR_SL,metals
NZDCAD,2020-08-13 00:00:00+00:00,long,1,-1.02022693877551,6,SL,fx_cross
EURJPY,2020-08-13 00:00:00+00:00,short,3,2.46035287793953,6,TP,fx_cross
SI,2020-08-14 00:00:00+00:00,long,2,-1.0006940901502503,34,SL,metals
EURUSD,2020-08-17 00:00:00+00:00,short,3,-1.0303314598540139,1,SL,fx_major
GBPUSD,2020-08-18 00:00:00+00:00,short,3,2.3746205405405343,1,TP,fx_major
NG,2020-08-19 00:00:00+00:00,long,1,2.4983411255411254,7,TP,commodities
NZDCHF,2020-08-20 00:00:00+00:00,long,2,2.487293044469783,10,TP,fx_cross
NKD,2020-08-21 00:00:00+00:00,long,1,2.4909787654320987,3,TP,indices
EURNZD,2020-08-21 00:00:00+00:00,long,1,-1.0106480997798972,4,SL,fx_cross
EURUSD,2020-08-24 00:00:00+00:00,short,4,-1.0334615539858725,3,SL,fx_major
USDJPY,2020-08-25 00:00:00+00:00,short,4,2.4227446632124345,1,TP,fx_major
EURJPY,2020-08-25 00:00:00+00:00,short,4,-1.0227676474400513,3,SL,fx_cross
EURCAD,2020-08-25 00:00:00+00:00,short,4,2.4623649183147043,2,TP,fx_cross
AUDUSD,2020-08-26 00:00:00+00:00,short,3,-1.0158835963879074,1,SL,fx_major
AUDCAD,2020-08-26 00:00:00+00:00,short,3,-1.0216863192182406,2,SL,fx_cross
USDCHF,2020-08-27 00:00:00+00:00,long,2,2.4786599242742953,22,TP,fx_major
CADCHF,2020-08-27 00:00:00+00:00,short,3,-1.038302670623145,4,SL,fx_cross
HG,2020-08-27 00:00:00+00:00,short,3,-1.0047824,1,SL,metals
GBPUSD,2020-08-27 00:00:00+00:00,short,4,-1.0102739919856292,4,SL,fx_major
AUDCHF,2020-08-28 00:00:00+00:00,short,3,-1.0132562656194217,3,SL,fx_cross
NG,2020-08-31 00:00:00+00:00,long,1,-1.001298006430868,7,SL,commodities
DAX,2020-08-31 00:00:00+00:00,long,2,-1.0026481100095939,15,SL,indices
NKD,2020-08-31 00:00:00+00:00,long,1,2.498065077720207,60,TP,indices
RTY,2020-09-01 00:00:00+00:00,short,3,-1.0061626438188496,1,SL,indices
EURJPY,2020-09-01 00:00:00+00:00,short,3,2.4744852261306534,6,TP,fx_cross
YM,2020-09-01 00:00:00+00:00,short,3,-1.0081816293643688,1,SL,indices
USDCAD,2020-09-02 00:00:00+00:00,short,4,-1.0129720452937017,5,SL,fx_major
AUDCHF,2020-09-02 00:00:00+00:00,short,3,2.479330572687225,16,TP,fx_cross
EURUSD,2020-09-02 00:00:00+00:00,long,2,-1.0168648016276705,13,SL,fx_major
NZDCHF,2020-09-03 00:00:00+00:00,long,1,-1.0232219170632215,4,SL,fx_cross
YM,2020-09-03 00:00:00+00:00,long,2,-1.0046033734939759,0,SAME_BAR_SL,indices
AUDUSD,2020-09-03 00:00:00+00:00,long,1,-1.0173325607158077,4,SL,fx_major
EURNZD,2020-09-03 00:00:00+00:00,short,4,-1.0197475509388736,4,SL,fx_cross
NQ,2020-09-03 00:00:00+00:00,long,1,-1.0022264928909952,1,SL,indices
ES,2020-09-03 00:00:00+00:00,long,1,-1.0094430835117774,1,SL,indices
RTY,2020-09-04 00:00:00+00:00,short,4,2.4969062708719854,16,TP,indices
HG,2020-09-04 00:00:00+00:00,short,3,-1.0022793846153846,12,SL,metals
CADCHF,2020-09-04 00:00:00+00:00,short,3,-1.0384118110236222,0,SAME_BAR_SL,fx_cross
GBPUSD,2020-09-04 00:00:00+00:00,long,1,-1.0272900884955751,2,SL,fx_major
YM,2020-09-04 00:00:00+00:00,long,1,-1.0038420627417275,3,SL,indices
GBPJPY,2020-09-07 00:00:00+00:00,long,1,-1.0438982306830893,1,SL,fx_cross
AUDJPY,2020-09-08 00:00:00+00:00,long,1,-1.027272284263959,0,SAME_BAR_SL,fx_cross
NZDUSD,2020-09-08 00:00:00+00:00,long,1,2.4823859848484853,8,TP,fx_major
YM,2020-09-09 00:00:00+00:00,short,4,-1.003366539182602,28,SL,indices
ES,2020-09-09 00:00:00+00:00,short,4,-1.0031169186875892,28,SL,indices
NQ,2020-09-09 00:00:00+00:00,short,4,-1.0018567866193613,28,SL,indices
PL,2020-09-10 00:00:00+00:00,short,4,-1.0016611555555555,4,SL,metals
AUDNZD,2020-09-13 00:00:00+00:00,long,2,-1.0187181846059485,4,SL,fx_cross
EURNZD,2020-09-15 00:00:00+00:00,long,2,-1.0480880933852126,1,SL,fx_cross
NZDCHF,2020-09-16 00:00:00+00:00,short,3,-1.032184765478425,1,SL,fx_cross
GBPUSD,2020-09-16 00:00:00+00:00,short,4,2.479087903225807,5,TP,fx_major
CL,2020-09-16 00:00:00+00:00,short,4,-1.0047706870229007,0,SAME_BAR_SL,commodities
CL,2020-09-17 00:00:00+00:00,short,4,2.4967724815724814,10,TP,commodities
GBPJPY,2020-09-17 00:00:00+00:00,long,1,-1.0172295120839034,3,SL,fx_cross
PL,2020-09-17 00:00:00+00:00,long,1,-1.00244,3,SL,metals
NG,2020-09-17 00:00:00+00:00,long,2,-1.001380355029586,0,SAME_BAR_SL,commodities
NG,2020-09-21 00:00:00+00:00,long,2,2.4985178109452737,2,TP,commodities
EURUSD,2020-09-21 00:00:00+00:00,long,2,-1.0542248184818466,1,SL,fx_major
NZDCAD,2020-09-21 00:00:00+00:00,long,1,-1.0357071459381737,1,SL,fx_cross
CHFJPY,2020-09-21 00:00:00+00:00,long,2,-1.0619048648648648,0,SAME_BAR_SL,fx_cross
USDCAD,2020-09-21 00:00:00+00:00,short,3,-1.0183089194499015,3,SL,fx_major
PA,2020-09-22 00:00:00+00:00,long,2,2.497876561085973,14,TP,metals
EURUSD,2020-09-23 00:00:00+00:00,long,1,-1.0272551207327216,1,SL,fx_major
NZDUSD,2020-09-23 00:00:00+00:00,long,2,2.4823205007221953,25,TP,fx_major
CADCHF,2020-09-23 00:00:00+00:00,long,2,-1.0174610830324906,30,SL,fx_cross
NZDCHF,2020-09-23 00:00:00+00:00,long,1,-1.0218874514877108,22,SL,fx_cross
NZDCAD,2020-09-24 00:00:00+00:00,long,1,-1.0201940024783147,22,SL,fx_cross
NG,2020-09-27 00:00:00+00:00,short,3,-1.0014438487972508,0,SAME_BAR_SL,commodities
GBPUSD,2020-09-28 00:00:00+00:00,short,4,-1.028452494099134,6,SL,fx_major
PL,2020-09-28 00:00:00+00:00,short,4,-1.0023472067510548,1,SL,metals
RTY,2020-09-28 00:00:00+00:00,short,4,-1.0047030784508442,0,SAME_BAR_SL,indices
GBPJPY,2020-09-28 00:00:00+00:00,short,4,-1.0545640404040417,0,SAME_BAR_SL,fx_cross
SI,2020-09-29 00:00:00+00:00,short,4,-1.003022015503876,9,SL,metals
USDCAD,2020-09-30 00:00:00+00:00,long,1,-1.0464036838830117,1,SL,fx_major
EURNZD,2020-10-01 00:00:00+00:00,long,1,2.4762771325821147,5,TP,fx_cross
CL,2020-10-01 00:00:00+00:00,long,1,2.4979535135135134,16,TP,commodities
GBPJPY,2020-10-05 00:00:00+00:00,short,4,-1.0160764229001251,30,SL,fx_cross
HG,2020-10-07 00:00:00+00:00,short,4,-1.0049377215189874,2,SL,metals
USDJPY,2020-10-07 00:00:00+00:00,short,4,2.464510334928229,12,TP,fx_major
USDCAD,2020-10-07 00:00:00+00:00,long,2,-1.0199829367631295,1,SL,fx_major
NZDJPY,2020-10-07 00:00:00+00:00,short,3,-1.0139285531004987,2,SL,fx_cross
AUDCHF,2020-10-08 00:00:00+00:00,short,4,2.481912220039293,9,TP,fx_cross
RTY,2020-10-08 00:00:00+00:00,short,4,2.49293153638814,11,TP,indices
AUDJPY,2020-10-08 00:00:00+00:00,short,3,-1.021975722423615,1,SL,fx_cross
AUDUSD,2020-10-08 00:00:00+00:00,short,3,-1.0145040405503258,1,SL,fx_major
PL,2020-10-09 00:00:00+00:00,short,3,-1.0017569287925696,32,SL,metals
NG,2020-10-09 00:00:00+00:00,short,4,-1.0029266225165563,1,SL,commodities
USDCAD,2020-10-12 00:00:00+00:00,long,2,2.4743989954656436,14,TP,fx_major
EURCAD,2020-10-13 00:00:00+00:00,long,2,-1.0848940254652242,0,SAME_BAR_SL,fx_cross
AUDNZD,2020-10-13 00:00:00+00:00,long,1,-1.0228855026455026,1,SL,fx_cross
PA,2020-10-13 00:00:00+00:00,long,1,2.4945965217391306,6,TP,metals
ES,2020-10-14 00:00:00+00:00,long,1,-1.0069872527472528,1,SL,indices
GBPUSD,2020-10-14 00:00:00+00:00,short,3,-1.0263171717171713,6,SL,fx_major
EURNZD,2020-10-15 00:00:00+00:00,short,4,-1.0316621428571426,3,SL,fx_cross
EURCAD,2020-10-15 00:00:00+00:00,short,4,-1.0291032807782612,4,SL,fx_cross
YM,2020-10-15 00:00:00+00:00,long,1,-1.003449900076864,9,SL,indices
NQ,2020-10-15 00:00:00+00:00,long,1,2.4906552853598014,1,TP,indices
USDCHF,2020-10-19 00:00:00+00:00,long,2,-1.0494275968992286,1,SL,fx_major
SI,2020-10-19 00:00:00+00:00,short,3,2.4975565853658535,9,TP,metals
DAX,2020-10-19 00:00:00+00:00,short,4,2.492307818012999,2,TP,indices
NZDJPY,2020-10-19 00:00:00+00:00,short,3,-1.0214038667394865,13,SL,fx_cross
EURUSD,2020-10-20 00:00:00+00:00,short,3,-1.0396494736842077,1,SL,fx_major
NZDCHF,2020-10-21 00:00:00+00:00,short,4,-1.0154026837060706,5,SL,fx_cross
USDCHF,2020-10-21 00:00:00+00:00,long,2,2.4772585181859,10,TP,fx_major
AUDCAD,2020-10-21 00:00:00+00:00,short,4,-1.0101713907800038,13,SL,fx_cross
AUDUSD,2020-10-22 00:00:00+00:00,short,4,-1.012066376811594,10,SL,fx_major
AUDCHF,2020-10-22 00:00:00+00:00,short,4,-1.021053527019175,10,SL,fx_cross
EURCAD,2020-10-22 00:00:00+00:00,long,1,-1.0864314910536763,0,SAME_BAR_SL,fx_cross
EURAUD,2020-10-26 00:00:00+00:00,long,1,-1.0278703547805168,2,SL,fx_cross
HG,2020-10-26 00:00:00+00:00,long,1,2.496682218487395,22,TP,metals
EURNZD,2020-10-26 00:00:00+00:00,long,2,-1.026190677966102,1,SL,fx_cross
ES,2020-10-26 00:00:00+00:00,long,1,-1.00332584544759,2,SL,indices
NZDCAD,2020-10-26 00:00:00+00:00,short,4,-1.0266512803889796,2,SL,fx_cross
RTY,2020-10-27 00:00:00+00:00,long,1,-1.0061125030229745,1,SL,indices
CHFJPY,2020-10-27 00:00:00+00:00,long,2,-1.0333408264462804,1,SL,fx_cross
GBPUSD,2020-10-28 00:00:00+00:00,long,2,2.4853268000808573,11,TP,fx_major
EURNZD,2020-10-28 00:00:00+00:00,long,2,-1.0203795395146238,7,SL,fx_cross
RTY,2020-10-29 00:00:00+00:00,long,1,2.4983307494935856,9,TP,indices
CADCHF,2020-10-29 00:00:00+00:00,short,4,-1.0217918006795015,3,SL,fx_cross
EURCAD,2020-11-02 00:00:00+00:00,long,2,-1.0173979622944245,1,SL,fx_cross
EURUSD,2020-11-03 00:00:00+00:00,short,4,2.4654060147213466,1,TP,fx_major
EURJPY,2020-11-03 00:00:00+00:00,short,4,-1.0281990804597703,5,SL,fx_cross
CL,2020-11-03 00:00:00+00:00,short,4,-1.002035453047776,5,SL,commodities
NZDCHF,2020-11-03 00:00:00+00:00,long,1,2.4873911012564673,6,TP,fx_cross
SI,2020-11-03 00:00:00+00:00,short,3,-1.0023721951219513,2,SL,metals
USDJPY,2020-11-04 00:00:00+00:00,short,4,2.473461242124213,1,TP,fx_major
EURCAD,2020-11-04 00:00:00+00:00,long,1,2.4804612619155697,24,TP,fx_cross
NQ,2020-11-04 00:00:00+00:00,short,4,-1.0035854509995124,0,SAME_BAR_SL,indices
NZDUSD,2020-11-05 00:00:00+00:00,short,3,-1.0191422559433483,2,SL,fx_major
PA,2020-11-05 00:00:00+00:00,short,3,-1.0023100460829493,0,SAME_BAR_SL,metals
DAX,2020-11-05 00:00:00+00:00,short,4,-1.0034538408304499,2,SL,indices
EURNZD,2020-11-06 00:00:00+00:00,short,4,2.486000480617937,14,TP,fx_cross
CADCHF,2020-11-06 00:00:00+00:00,long,1,2.477525594405594,2,TP,fx_cross
USDCHF,2020-11-09 00:00:00+00:00,short,3,2.4888957494017836,32,TP,fx_major
CHFJPY,2020-11-09 00:00:00+00:00,short,3,2.4786078524374178,8,TP,fx_cross
NZDJPY,2020-11-09 00:00:00+00:00,short,3,-1.029285835156819,0,SAME_BAR_SL,fx_cross
USDCAD,2020-11-09 00:00:00+00:00,long,2,-1.05398200445434,0,SAME_BAR_SL,fx_major
NQ,2020-11-09 00:00:00+00:00,short,3,2.49100876276958,1,TP,indices
AUDCHF,2020-11-09 00:00:00+00:00,short,3,-1.0217664712778431,1,SL,fx_cross
AUDUSD,2020-11-09 00:00:00+00:00,short,3,-1.0218639957150513,0,SAME_BAR_SL,fx_major
USDJPY,2020-11-09 00:00:00+00:00,short,4,2.473461242124213,8,TP,fx_major
AUDNZD,2020-11-10 00:00:00+00:00,short,3,2.485110079681275,18,TP,fx_cross
NZDJPY,2020-11-11 00:00:00+00:00,short,4,-1.0125658706467662,10,SL,fx_cross
CL,2020-11-11 00:00:00+00:00,short,3,2.4960465706051873,1,TP,commodities
NG,2020-11-12 00:00:00+00:00,short,4,2.4961886381322955,2,TP,commodities
USDCAD,2020-11-13 00:00:00+00:00,short,4,2.4892109836065575,23,TP,fx_major
AUDJPY,2020-11-15 00:00:00+00:00,short,3,-1.0108288900152052,15,SL,fx_cross
NG,2020-11-16 00:00:00+00:00,long,1,-1.0012498876404494,3,SL,commodities
PL,2020-11-17 00:00:00+00:00,short,4,-1.0023383843137255,3,SL,metals
HG,2020-11-23 00:00:00+00:00,long,1,2.497521142857143,7,TP,metals
CL,2020-11-23 00:00:00+00:00,short,3,-1.0039534293948127,1,SL,commodities
GBPJPY,2020-11-23 00:00:00+00:00,short,3,-1.0126936375488917,10,SL,fx_cross
CADCHF,2020-11-24 00:00:00+00:00,short,3,2.4813208948119945,23,TP,fx_cross
AUDCAD,2020-11-27 00:00:00+00:00,short,3,-1.0174412463485882,17,SL,fx_cross
CHFJPY,2020-12-01 00:00:00+00:00,short,3,-1.0213921475625822,1,SL,fx_cross
NZDJPY,2020-12-01 00:00:00+00:00,short,4,2.4683870137825417,17,TP,fx_cross
SI,2020-12-01 00:00:00+00:00,short,3,-1.0022639647577092,6,SL,metals
EURJPY,2020-12-01 00:00:00+00:00,short,3,-1.0130357519494986,8,SL,fx_cross
NG,2020-12-03 00:00:00+00:00,long,2,-1.0013305521472393,0,SAME_BAR_SL,commodities
EURCAD,2020-12-04 00:00:00+00:00,long,2,-1.0211551020408165,4,SL,fx_cross
GBPUSD,2020-12-06 00:00:00+00:00,long,1,-1.0121686584575502,1,SL,fx_major
GBPJPY,2020-12-07 00:00:00+00:00,long,2,-1.0142466225165565,4,SL,fx_cross
NKD,2020-12-09 00:00:00+00:00,long,2,-1.0057341414141414,10,SL,indices
RTY,2020-12-09 00:00:00+00:00,long,1,2.4931703269447576,5,TP,indices
PL,2020-12-10 00:00:00+00:00,short,4,-1.002699493877551,6,SL,metals
EURUSD,2020-12-11 00:00:00+00:00,long,1,-1.017463309352518,43,SL,fx_major
USDCAD,2020-12-11 00:00:00+00:00,short,4,-1.0268846280991732,8,SL,fx_major
NZDCHF,2020-12-11 00:00:00+00:00,long,2,2.484871332760103,21,TP,fx_cross
GBPJPY,2020-12-13 00:00:00+00:00,short,3,-1.0112174394463667,10,SL,fx_cross
GBPUSD,2020-12-14 00:00:00+00:00,long,1,2.493653064338391,59,TP,fx_major
NQ,2020-12-14 00:00:00+00:00,short,3,-1.0043784446878423,3,SL,indices
EURNZD,2020-12-15 00:00:00+00:00,short,3,-1.0323637096774199,5,SL,fx_cross
YM,2020-12-15 00:00:00+00:00,short,3,-1.0059933083645443,10,SL,indices
AUDNZD,2020-12-16 00:00:00+00:00,short,3,-1.014889920318725,22,SL,fx_cross
NZDCAD,2020-12-16 00:00:00+00:00,short,3,-1.0131773322973323,10,SL,fx_cross
SI,2020-12-16 00:00:00+00:00,short,3,-1.0021924966261808,2,SL,metals
EURCAD,2020-12-16 00:00:00+00:00,short,4,-1.0243198202752035,0,SAME_BAR_SL,fx_cross
DAX,2020-12-17 00:00:00+00:00,short,3,2.493081231254933,2,TP,indices
EURCAD,2020-12-18 00:00:00+00:00,short,3,-1.019698986714704,2,SL,fx_cross
RTY,2020-12-21 00:00:00+00:00,short,3,-1.0038302260232133,2,SL,indices
PL,2020-12-21 00:00:00+00:00,long,1,-1.0062299607843137,0,SAME_BAR_SL,metals
SI,2020-12-21 00:00:00+00:00,short,0,-1.0021768900126422,12,SL,metals
NZDUSD,2020-12-21 00:00:00+00:00,long,1,2.478873272629887,6,TP,fx_major
EURCAD,2020-12-22 00:00:00+00:00,short,3,2.4674832989690727,7,TP,fx_cross
CL,2020-12-23 00:00:00+00:00,short,4,-1.0051232323232324,0,SAME_BAR_SL,commodities
AUDCHF,2020-12-24 00:00:00+00:00,long,1,2.4906324490809735,47,TP,fx_cross
EURNZD,2020-12-24 00:00:00+00:00,short,3,2.4901495477386937,48,TP,fx_cross
HG,2020-12-27 00:00:00+00:00,short,4,-1.0059644675324675,7,SL,metals
NG,2020-12-27 00:00:00+00:00,long,2,-1.0016870235546038,0,SAME_BAR_SL,commodities
PA,2020-12-28 00:00:00+00:00,short,3,-1.0030896875,6,SL,metals
NG,2021-01-04 00:00:00+00:00,short,3,-1.0011793905817175,7,SL,commodities
AUDJPY,2021-01-04 00:00:00+00:00,long,1,2.4796421556886226,2,TP,fx_cross
EURCAD,2021-01-05 00:00:00+00:00,long,2,2.4101848815653977,1,TP,fx_cross
NZDCAD,2021-01-05 00:00:00+00:00,short,3,-1.0238436363636367,1,SL,fx_cross
USDJPY,2021-01-06 00:00:00+00:00,short,4,-1.056461369863014,0,SAME_BAR_SL,fx_major
EURJPY,2021-01-06 00:00:00+00:00,short,3,-1.0397788129899215,1,SL,fx_cross
CADCHF,2021-01-06 00:00:00+00:00,short,3,-1.0451733333333357,1,SL,fx_cross
USDCAD,2021-01-06 00:00:00+00:00,short,4,-1.0154779029802043,4,SL,fx_major
RTY,2021-01-06 00:00:00+00:00,short,3,-1.004607816091954,0,SAME_BAR_SL,indices
ES,2021-01-07 00:00:00+00:00,long,1,2.4975222715539496,75,TP,indices
AUDCAD,2021-01-07 00:00:00+00:00,long,1,-1.01859914893617,19,SL,fx_cross
PA,2021-01-08 00:00:00+00:00,long,2,-1.003390067114094,16,SL,metals
USDCHF,2021-01-08 00:00:00+00:00,short,3,-1.0268555075593957,20,SL,fx_major
HG,2021-01-08 00:00:00+00:00,long,1,-1.0051074782608695,2,SL,metals
AUDUSD,2021-01-10 00:00:00+00:00,long,1,-1.011428915917504,15,SL,fx_major
NZDUSD,2021-01-10 00:00:00+00:00,long,2,-1.0160592038216563,5,SL,fx_major
NQ,2021-01-11 00:00:00+00:00,long,1,-1.0020709024727,45,SL,indices
EURJPY,2021-01-13 00:00:00+00:00,long,2,-1.0375413785790015,1,SL,fx_cross
NG,2021-01-13 00:00:00+00:00,long,1,-1.0013856459330144,5,SL,commodities
NKD,2021-01-15 00:00:00+00:00,long,1,-1.0047497382198953,11,SL,indices
NZDJPY,2021-01-15 00:00:00+00:00,long,2,-1.0185144078361532,2,SL,fx_cross
CHFJPY,2021-01-17 00:00:00+00:00,long,2,2.445036897133225,2,TP,fx_cross
NZDUSD,2021-01-17 00:00:00+00:00,long,1,2.478582857142857,8,TP,fx_major
SI,2021-01-18 00:00:00+00:00,short,3,-1.0021354497354498,9,SL,metals
EURJPY,2021-01-19 00:00:00+00:00,short,3,-1.0144430945558738,9,SL,fx_cross
DAX,2021-01-19 00:00:00+00:00,short,3,2.493315315315315,6,TP,indices
GBPJPY,2021-01-19 00:00:00+00:00,short,3,-1.025701931302657,6,SL,fx_cross
AUDJPY,2021-01-19 00:00:00+00:00,short,4,-1.0152822305338323,16,SL,fx_cross
AUDNZD,2021-01-19 00:00:00+00:00,short,3,2.4835600651112313,12,TP,fx_cross
CL,2021-01-19 00:00:00+00:00,short,4,-1.0030579710144927,11,SL,commodities
USDCAD,2021-01-20 00:00:00+00:00,long,2,-1.0170587919463088,1,SL,fx_major
NZDJPY,2021-01-21 00:00:00+00:00,short,4,-1.0206800989609104,7,SL,fx_cross
CADCHF,2021-01-21 00:00:00+00:00,long,2,-1.0201378417266183,1,SL,fx_cross
USDCAD,2021-01-22 00:00:00+00:00,short,3,-1.0180472662781852,4,SL,fx_major
YM,2021-01-25 00:00:00+00:00,long,1,-1.0026539896654882,5,SL,indices
EURCAD,2021-01-27 00:00:00+00:00,short,4,2.4800693480257117,24,TP,fx_cross
NZDUSD,2021-01-28 00:00:00+00:00,short,3,-1.0121234850768768,16,SL,fx_major
CADCHF,2021-01-28 00:00:00+00:00,long,1,2.4747081250000003,5,TP,fx_cross
EURAUD,2021-01-28 00:00:00+00:00,long,1,-1.0167657901726426,9,SL,fx_cross
NZDCHF,2021-01-28 00:00:00+00:00,short,3,-1.0094779552715656,4,SL,fx_cross
GBPJPY,2021-01-28 00:00:00+00:00,short,3,-1.0099268068266138,13,SL,fx_cross
HG,2021-01-29 00:00:00+00:00,short,4,2.4925470967741936,3,TP,metals
USDCAD,2021-01-29 00:00:00+00:00,long,1,-1.0251093596059115,10,SL,fx_major
SI,2021-01-29 00:00:00+00:00,short,3,-1.0017058267716534,1,SL,metals
NG,2021-01-31 00:00:00+00:00,short,3,-1.00119368723099,1,SL,commodities
RTY,2021-02-01 00:00:00+00:00,short,4,-1.0033986039453717,1,SL,indices
NKD,2021-02-01 00:00:00+00:00,short,3,-1.0024079250334672,5,SL,indices
CL,2021-02-03 00:00:00+00:00,short,4,-1.0073467768595044,0,SAME_BAR_SL,commodities
AUDNZD,2021-02-03 00:00:00+00:00,long,1,2.4731992021758846,5,TP,fx_cross
EURUSD,2021-02-04 00:00:00+00:00,long,1,2.4743244716692185,5,TP,fx_major
HG,2021-02-05 00:00:00+00:00,short,4,-1.0074529032258064,2,SL,metals
NZDCAD,2021-02-05 00:00:00+00:00,short,4,-1.0168139267015708,14,SL,fx_cross
USDCHF,2021-02-05 00:00:00+00:00,long,1,-1.0218310186389252,3,SL,fx_major
EURJPY,2021-02-07 00:00:00+00:00,long,1,2.4839682957619478,16,TP,fx_cross
CHFJPY,2021-02-08 00:00:00+00:00,long,2,2.47362098149638,6,TP,fx_cross
CL,2021-02-08 00:00:00+00:00,short,4,-1.005869022082019,4,SL,commodities
NG,2021-02-08 00:00:00+00:00,long,1,2.4984061538461537,7,TP,commodities
USDJPY,2021-02-09 00:00:00+00:00,long,1,-1.024809983136594,1,SL,fx_major
AUDNZD,2021-02-10 00:00:00+00:00,short,4,-1.0241763489499187,2,SL,fx_cross
USDCHF,2021-02-10 00:00:00+00:00,long,2,2.480704785465791,12,TP,fx_major
NZDCHF,2021-02-10 00:00:00+00:00,long,2,-1.0066003225806452,162,SL,fx_cross
AUDJPY,2021-02-12 00:00:00+00:00,long,1,2.48164620355412,6,TP,fx_cross
GBPCHF,2021-02-14 00:00:00+00:00,long,1,2.4828921799307957,7,TP,fx_cross
GBPJPY,2021-02-14 00:00:00+00:00,short,4,-1.012002617152962,1,SL,fx_cross
USDJPY,2021-02-15 00:00:00+00:00,short,3,-1.0307044328824146,1,SL,fx_major
NZDJPY,2021-02-17 00:00:00+00:00,long,1,2.482795014164306,5,TP,fx_cross
NZDUSD,2021-02-17 00:00:00+00:00,short,3,-1.0129248430493274,2,SL,fx_major
CHFJPY,2021-02-17 00:00:00+00:00,long,1,-1.0476137373737366,4,SL,fx_cross
RTY,2021-02-17 00:00:00+00:00,long,1,-1.009620562248996,0,SAME_BAR_SL,indices
EURAUD,2021-02-18 00:00:00+00:00,short,4,-1.015415445544554,77,SL,fx_cross
CL,2021-02-18 00:00:00+00:00,long,1,-1.0026058366800537,0,SAME_BAR_SL,commodities
YM,2021-02-19 00:00:00+00:00,short,4,-1.011283587443946,4,SL,indices
NKD,2021-02-19 00:00:00+00:00,short,3,2.495898305084746,11,TP,indices
RTY,2021-02-19 00:00:00+00:00,short,4,2.4966703574702107,11,TP,indices
PA,2021-02-21 00:00:00+00:00,short,3,-1.004526053412463,3,SL,metals
CL,2021-02-22 00:00:00+00:00,short,4,-1.0012350773036487,11,SL,commodities
USDJPY,2021-02-22 00:00:00+00:00,long,1,2.457123265306123,2,TP,fx_major
GBPCHF,2021-02-23 00:00:00+00:00,short,4,-1.0207816065192081,0,SAME_BAR_SL,fx_cross
SI,2021-02-23 00:00:00+00:00,long,1,-1.0066418045112782,2,SL,metals
AUDNZD,2021-02-23 00:00:00+00:00,long,1,-1.0313025789746246,1,SL,fx_cross
AUDCAD,2021-02-24 00:00:00+00:00,long,1,-1.0542894346978549,1,SL,fx_cross
YM,2021-02-25 00:00:00+00:00,long,2,-1.0044935291499777,1,SL,indices
AUDCHF,2021-02-25 00:00:00+00:00,long,1,-1.0200297280966772,1,SL,fx_cross
CHFJPY,2021-02-25 00:00:00+00:00,short,4,2.4420350704225338,3,TP,fx_cross
HG,2021-02-25 00:00:00+00:00,long,1,-1.0020617318007663,6,SL,metals
GBPJPY,2021-02-26 00:00:00+00:00,long,1,2.474352830655129,5,TP,fx_cross
AUDCAD,2021-02-26 00:00:00+00:00,long,1,-1.0251612386156648,0,SAME_BAR_SL,fx_cross
USDCAD,2021-02-26 00:00:00+00:00,short,3,2.4710611965811964,11,TP,fx_major
AUDUSD,2021-02-26 00:00:00+00:00,long,2,-1.019668860759494,0,SAME_BAR_SL,fx_major
NG,2021-02-26 00:00:00+00:00,long,2,-1.0085741176470588,0,SAME_BAR_SL,commodities
GBPCHF,2021-02-26 00:00:00+00:00,long,1,2.4750620981985167,3,TP,fx_cross
AUDJPY,2021-02-26 00:00:00+00:00,long,1,2.482679984968057,5,TP,fx_cross
EURCHF,2021-03-01 00:00:00+00:00,short,3,-1.0140085253351507,3,SL,fx_cross
GBPUSD,2021-03-02 00:00:00+00:00,long,2,-1.0331810760034161,3,SL,fx_major
NZDCAD,2021-03-02 00:00:00+00:00,short,4,2.476616065276519,3,TP,fx_cross
NZDUSD,2021-03-02 00:00:00+00:00,long,2,-1.0150026745913818,3,SL,fx_major
AUDUSD,2021-03-03 00:00:00+00:00,long,1,-1.0264482338611447,1,SL,fx_major
AUDCAD,2021-03-03 00:00:00+00:00,long,1,-1.0248288518685278,1,SL,fx_cross
GBPCHF,2021-03-03 00:00:00+00:00,short,3,-1.0184697683993826,1,SL,fx_cross
NZDJPY,2021-03-04 00:00:00+00:00,short,3,-1.0075343699362178,71,SL,fx_cross
AUDCHF,2021-03-04 00:00:00+00:00,short,3,2.4885820986954057,65,TP,fx_cross
PL,2021-03-04 00:00:00+00:00,long,1,-1.0095193766233765,0,SAME_BAR_SL,metals
EURNZD,2021-03-05 00:00:00+00:00,short,4,2.463228349666798,1,TP,fx_cross
AUDJPY,2021-03-05 00:00:00+00:00,long,1,2.4807829139072846,5,TP,fx_cross
USDCHF,2021-03-09 00:00:00+00:00,long,1,-1.0210006768734894,2,SL,fx_major
EURUSD,2021-03-09 00:00:00+00:00,short,4,-1.0640141266794578,2,SL,fx_major
AUDCAD,2021-03-09 00:00:00+00:00,short,4,-1.040167610619469,0,SAME_BAR_SL,fx_cross
NQ,2021-03-10 00:00:00+00:00,long,1,2.4981242180477126,82,TP,indices
USDJPY,2021-03-10 00:00:00+00:00,long,1,2.3938467132867136,1,TP,fx_major
CADCHF,2021-03-10 00:00:00+00:00,short,3,-1.0092293447421752,2,SL,fx_cross
AUDUSD,2021-03-11 00:00:00+00:00,short,3,2.4829129780564263,10,TP,fx_major
EURCAD,2021-03-12 00:00:00+00:00,long,1,-1.0085058904946063,47,SL,fx_cross
USDCHF,2021-03-12 00:00:00+00:00,short,4,-1.0373936781609192,9,SL,fx_major
AUDCAD,2021-03-17 00:00:00+00:00,long,1,-1.0282820566631687,5,SL,fx_cross
AUDJPY,2021-03-18 00:00:00+00:00,long,1,-1.0162396165696677,2,SL,fx_cross
CL,2021-03-18 00:00:00+00:00,long,2,-1.005160430107527,0,SAME_BAR_SL,commodities
EURUSD,2021-03-18 00:00:00+00:00,long,1,-1.0129654548966582,4,SL,fx_major
EURJPY,2021-03-18 00:00:00+00:00,long,1,-1.016646019151847,2,SL,fx_cross
NKD,2021-03-18 00:00:00+00:00,long,1,-1.0036603831417625,1,SL,indices
EURNZD,2021-03-19 00:00:00+00:00,long,1,-1.0108093430656935,180,SL,fx_cross
CHFJPY,2021-03-22 00:00:00+00:00,short,3,2.4729434482758617,1,TP,fx_cross
CADCHF,2021-03-22 00:00:00+00:00,long,1,2.4778382851018224,8,TP,fx_cross
PL,2021-03-23 00:00:00+00:00,long,2,-1.0016247336244541,73,SL,metals
CADJPY,2021-03-23 00:00:00+00:00,long,1,2.4857323395445134,8,TP,fx_cross
NZDCAD,2021-03-23 00:00:00+00:00,long,2,2.4814158433734934,20,TP,fx_cross
AUDJPY,2021-03-23 00:00:00+00:00,long,1,-1.0192170860927152,1,SL,fx_cross
CL,2021-03-24 00:00:00+00:00,short,4,-1.0024267001254705,17,SL,commodities
USDCHF,2021-03-25 00:00:00+00:00,short,4,-1.0408321367521383,1,SL,fx_major
GBPJPY,2021-03-26 00:00:00+00:00,short,4,-1.039476853932587,0,SAME_BAR_SL,fx_cross
NKD,2021-03-26 00:00:00+00:00,short,4,-1.0078595780590718,0,SAME_BAR_SL,indices
USDJPY,2021-03-26 00:00:00+00:00,short,3,-1.050153453355154,0,SAME_BAR_SL,fx_major
GBPUSD,2021-03-29 00:00:00+00:00,short,4,-1.0118095348482536,18,SL,fx_major
AUDJPY,2021-03-30 00:00:00+00:00,short,4,-1.0219323765144452,18,SL,fx_cross
EURUSD,2021-03-30 00:00:00+00:00,long,2,2.4890800931470394,21,TP,fx_major
AUDCAD,2021-04-01 00:00:00+00:00,long,2,2.4775962289562288,11,TP,fx_cross
SI,2021-04-01 00:00:00+00:00,short,4,-1.0023697297297298,5,SL,metals
USDCAD,2021-04-01 00:00:00+00:00,short,3,2.4806660076880838,23,TP,fx_major
GBPCHF,2021-04-01 00:00:00+00:00,short,4,2.4898338701154223,26,TP,fx_cross
RTY,2021-04-02 00:00:00+00:00,short,4,-1.0047791166776532,0,SAME_BAR_SL,indices
AUDNZD,2021-04-02 00:00:00+00:00,long,1,-1.0236162431800466,15,SL,fx_cross
CADCHF,2021-04-05 00:00:00+00:00,long,1,-1.0188496352994145,1,SL,fx_cross
USDJPY,2021-04-06 00:00:00+00:00,long,1,-1.0248891909385116,2,SL,fx_major
PA,2021-04-06 00:00:00+00:00,short,3,-1.0222732467532467,0,SAME_BAR_SL,metals
NZDUSD,2021-04-08 00:00:00+00:00,short,3,2.422800937499997,1,TP,fx_major
USDJPY,2021-04-09 00:00:00+00:00,short,4,2.4295106422018313,3,TP,fx_major
PA,2021-04-12 00:00:00+00:00,short,3,-1.0038002684563758,3,SL,metals
CADJPY,2021-04-12 00:00:00+00:00,long,2,-1.0123424791719262,6,SL,fx_cross
CHFJPY,2021-04-12 00:00:00+00:00,short,3,2.4388197421731133,2,TP,fx_cross
EURCHF,2021-04-12 00:00:00+00:00,long,2,2.423713548387092,2,TP,fx_cross
NG,2021-04-12 00:00:00+00:00,short,3,-1.0017018480492814,5,SL,commodities
SI,2021-04-14 00:00:00+00:00,long,1,2.4981322374429222,28,TP,metals
AUDUSD,2021-04-14 00:00:00+00:00,short,4,-1.0161762874251499,5,SL,fx_major
GBPJPY,2021-04-14 00:00:00+00:00,short,4,-1.0225118201284797,4,SL,fx_cross
CADCHF,2021-04-15 00:00:00+00:00,long,2,-1.0279699252209382,3,SL,fx_cross
EURCHF,2021-04-16 00:00:00+00:00,long,2,2.4374969574036554,8,TP,fx_cross
NZDCAD,2021-04-20 00:00:00+00:00,short,3,2.482792070604209,9,TP,fx_cross
ES,2021-04-20 00:00:00+00:00,long,1,-1.0079347526236881,19,SL,indices
CADJPY,2021-04-20 00:00:00+00:00,short,3,2.446341368653422,1,TP,fx_cross
AUDCAD,2021-04-20 00:00:00+00:00,short,3,2.4830537313432837,9,TP,fx_cross
YM,2021-04-21 00:00:00+00:00,short,3,2.4722555102040817,1,TP,indices
CADCHF,2021-04-21 00:00:00+00:00,short,4,-1.0486299763593385,4,SL,fx_cross
RTY,2021-04-21 00:00:00+00:00,short,3,-1.0035399900842836,4,SL,indices
NZDUSD,2021-04-22 00:00:00+00:00,long,1,2.4801131978185422,13,TP,fx_major
GBPUSD,2021-04-22 00:00:00+00:00,long,1,2.453215497887748,5,TP,fx_major
AUDJPY,2021-04-23 00:00:00+00:00,short,4,-1.007501267854277,12,SL,fx_cross
GBPJPY,2021-04-23 00:00:00+00:00,long,2,2.47457436396835,3,TP,fx_cross
EURJPY,2021-04-26 00:00:00+00:00,long,2,2.4784543886591845,12,TP,fx_cross
USDJPY,2021-04-27 00:00:00+00:00,short,4,-1.0293735135135142,2,SL,fx_major
CADJPY,2021-04-28 00:00:00+00:00,short,3,-1.03229137614679,1,SL,fx_cross
USDCHF,2021-04-28 00:00:00+00:00,long,1,-1.0167304142011833,8,SL,fx_major
HG,2021-04-29 00:00:00+00:00,long,1,2.4955527441860466,7,TP,metals
EURUSD,2021-04-29 00:00:00+00:00,long,1,-1.0279307787391836,1,SL,fx_major
EURCHF,2021-04-30 00:00:00+00:00,long,2,-1.0762864516129078,4,SL,fx_cross
AUDNZD,2021-04-30 00:00:00+00:00,short,4,-1.025400050611556,3,SL,fx_cross
USDJPY,2021-05-03 00:00:00+00:00,short,3,2.4476638907849817,4,TP,fx_major
AUDNZD,2021-05-05 00:00:00+00:00,long,2,-1.0397966909331569,18,SL,fx_cross
DAX,2021-05-05 00:00:00+00:00,short,4,-1.0082798634812287,2,SL,indices
CHFJPY,2021-05-05 00:00:00+00:00,long,1,2.4793384919653896,11,TP,fx_cross
EURUSD,2021-05-07 00:00:00+00:00,short,3,-1.0156234473261418,15,SL,fx_major
PA,2021-05-07 00:00:00+00:00,long,1,-1.0027850151057403,12,SL,metals
CADJPY,2021-05-07 00:00:00+00:00,long,1,-1.0144016618580496,38,SL,fx_cross
GBPUSD,2021-05-07 00:00:00+00:00,short,3,-1.0639362356792137,0,SAME_BAR_SL,fx_major
NKD,2021-05-09 00:00:00+00:00,short,3,2.4892718644067795,1,TP,indices
CADCHF,2021-05-09 00:00:00+00:00,short,3,-1.0151063613231552,3,SL,fx_cross
GBPJPY,2021-05-10 00:00:00+00:00,short,3,-1.0248913154831205,0,SAME_BAR_SL,fx_cross
GBPCHF,2021-05-10 00:00:00+00:00,short,3,-1.0233798155467722,1,SL,fx_cross
DAX,2021-05-10 00:00:00+00:00,short,3,2.4915183476764198,1,TP,indices
NKD,2021-05-11 00:00:00+00:00,long,2,-1.007662447257384,1,SL,indices
YM,2021-05-11 00:00:00+00:00,long,2,-1.0041870750382849,1,SL,indices
AUDCAD,2021-05-12 00:00:00+00:00,long,1,-1.01339061327927,6,SL,fx_cross
AUDUSD,2021-05-12 00:00:00+00:00,long,2,-1.008158157993261,19,SL,fx_major
NZDUSD,2021-05-12 00:00:00+00:00,long,2,-1.0102466327568667,30,SL,fx_major
GBPUSD,2021-05-13 00:00:00+00:00,long,1,2.463909453376206,4,TP,fx_major
CL,2021-05-14 00:00:00+00:00,short,4,-1.0019529990539262,11,SL,commodities
NZDCAD,2021-05-14 00:00:00+00:00,short,4,2.4768248184818487,6,TP,fx_cross
EURCHF,2021-05-17 00:00:00+00:00,short,3,-1.1014025082508296,2,SL,fx_cross
USDJPY,2021-05-18 00:00:00+00:00,long,2,2.480136041666667,31,TP,fx_major
NG,2021-05-18 00:00:00+00:00,long,1,-1.0018822437137331,2,SL,commodities
USDCHF,2021-05-18 00:00:00+00:00,long,1,2.4806595541890855,26,TP,fx_major
GBPCHF,2021-05-18 00:00:00+00:00,long,2,-1.029877150041911,6,SL,fx_cross
CADCHF,2021-05-18 00:00:00+00:00,long,2,-1.0348820066889626,3,SL,fx_cross
ES,2021-05-18 00:00:00+00:00,long,2,2.497151101511879,59,TP,indices
HG,2021-05-19 00:00:00+00:00,long,1,-1.0053985185185184,2,SL,metals
SI,2021-05-19 00:00:00+00:00,long,1,-1.005998918918919,2,SL,metals
AUDCHF,2021-05-20 00:00:00+00:00,long,1,-1.0249346615581099,2,SL,fx_cross
EURCHF,2021-05-20 00:00:00+00:00,long,1,-1.038066138613863,1,SL,fx_cross
YM,2021-05-21 00:00:00+00:00,short,3,-1.0127146171693735,3,SL,indices
NZDCAD,2021-05-25 00:00:00+00:00,short,4,-1.0233718120805375,1,SL,fx_cross
YM,2021-05-27 00:00:00+00:00,short,3,2.4949893248753963,19,TP,indices
USDCAD,2021-05-27 00:00:00+00:00,long,2,-1.029889938107868,4,SL,fx_major
RTY,2021-05-27 00:00:00+00:00,short,3,-1.0147499186991868,0,SAME_BAR_SL,indices
EURUSD,2021-05-28 00:00:00+00:00,long,1,-1.043037876106193,5,SL,fx_major
EURAUD,2021-05-31 00:00:00+00:00,long,1,-1.023494423791821,5,SL,fx_cross
NKD,2021-06-01 00:00:00+00:00,long,2,-1.0048568700265252,16,SL,indices
GBPCHF,2021-06-01 00:00:00+00:00,long,2,-1.0245750276243097,7,SL,fx_cross
NZDCAD,2021-06-01 00:00:00+00:00,long,1,-1.0341255625436756,2,SL,fx_cross
AUDNZD,2021-06-03 00:00:00+00:00,short,4,-1.0510714285714258,1,SL,fx_cross
AUDJPY,2021-06-03 00:00:00+00:00,long,2,-1.0197812797992474,12,SL,fx_cross
HG,2021-06-03 00:00:00+00:00,long,1,-1.004452641221374,0,SAME_BAR_SL,metals
GBPUSD,2021-06-04 00:00:00+00:00,short,4,2.465710657439447,10,TP,fx_major
EURCHF,2021-06-04 00:00:00+00:00,long,2,-1.0800449086161834,3,SL,fx_cross
AUDCHF,2021-06-04 00:00:00+00:00,short,3,-1.038348976377953,2,SL,fx_cross
EURJPY,2021-06-04 00:00:00+00:00,long,2,-1.0217128754365545,11,SL,fx_cross
CHFJPY,2021-06-07 00:00:00+00:00,long,1,-1.0244389949748738,9,SL,fx_cross
CL,2021-06-09 00:00:00+00:00,long,1,2.495855493482309,6,TP,commodities
GBPJPY,2021-06-10 00:00:00+00:00,long,2,-1.0413943624161093,6,SL,fx_cross
NZDJPY,2021-06-14 00:00:00+00:00,short,4,2.4852715874079037,4,TP,fx_cross
HG,2021-06-15 00:00:00+00:00,long,1,-1.0020475294117648,2,SL,metals
EURCAD,2021-06-16 00:00:00+00:00,long,2,-1.0214290041493774,6,SL,fx_cross
EURUSD,2021-06-16 00:00:00+00:00,long,2,-1.0383155378486073,1,SL,fx_major
AUDUSD,2021-06-16 00:00:00+00:00,long,2,-1.0152450872817957,1,SL,fx_major
USDCAD,2021-06-16 00:00:00+00:00,short,4,-1.0169160807484,1,SL,fx_major
AUDCHF,2021-06-16 00:00:00+00:00,short,4,-1.019598866396761,6,SL,fx_cross
EURAUD,2021-06-16 00:00:00+00:00,long,2,-1.028669228264409,17,SL,fx_cross
CL,2021-06-17 00:00:00+00:00,long,1,-1.0076767676767677,0,SAME_BAR_SL,commodities
PA,2021-06-17 00:00:00+00:00,long,2,-1.0057901369863014,0,SAME_BAR_SL,metals
RTY,2021-06-17 00:00:00+00:00,long,2,-1.0092359595959595,0,SAME_BAR_SL,indices
CADCHF,2021-06-18 00:00:00+00:00,long,2,-1.025409442060086,17,SL,fx_cross
USDCAD,2021-06-18 00:00:00+00:00,short,4,-1.0201344793769833,17,SL,fx_major
CHFJPY,2021-06-18 00:00:00+00:00,long,1,-1.0206615080346104,77,SL,fx_cross
USDCHF,2021-06-18 00:00:00+00:00,short,4,-1.0601036172695468,0,SAME_BAR_SL,fx_major
AUDJPY,2021-06-18 00:00:00+00:00,long,2,-1.0132566343411291,17,SL,fx_cross
DAX,2021-06-21 00:00:00+00:00,long,2,-1.00282851530907,77,SL,indices
GBPUSD,2021-06-21 00:00:00+00:00,short,4,2.4795868131868133,24,TP,fx_major
NG,2021-06-21 00:00:00+00:00,long,1,2.498387751196172,6,TP,commodities
EURJPY,2021-06-21 00:00:00+00:00,long,2,2.4784543886591845,2,TP,fx_cross
YM,2021-06-21 00:00:00+00:00,short,4,-1.008904818481848,3,SL,indices
NKD,2021-06-22 00:00:00+00:00,short,4,2.4941602523659308,14,TP,indices
RTY,2021-06-22 00:00:00+00:00,short,4,-1.005559058466211,2,SL,indices
NZDUSD,2021-06-25 00:00:00+00:00,short,4,2.4906035001185676,47,TP,fx_major
GBPJPY,2021-06-28 00:00:00+00:00,long,2,-1.008117196296996,9,SL,fx_cross
CADJPY,2021-06-30 00:00:00+00:00,long,2,-1.008730944716585,7,SL,fx_cross
PA,2021-06-30 00:00:00+00:00,short,4,-1.0019094143167029,5,SL,metals
PL,2021-07-01 00:00:00+00:00,short,3,-1.0030549519650656,9,SL,metals
USDCHF,2021-07-02 00:00:00+00:00,long,1,-1.0445933275713057,5,SL,fx_major
USDJPY,2021-07-05 00:00:00+00:00,long,1,-1.0236959877955758,3,SL,fx_major
AUDCHF,2021-07-05 00:00:00+00:00,short,3,-1.0274025615763542,1,SL,fx_cross
EURCAD,2021-07-06 00:00:00+00:00,short,3,-1.0230846887268643,2,SL,fx_cross
CL,2021-07-06 00:00:00+00:00,long,1,-1.0050044813278007,0,SAME_BAR_SL,commodities
HG,2021-07-06 00:00:00+00:00,long,2,-1.0057113333333334,11,SL,metals
AUDUSD,2021-07-06 00:00:00+00:00,long,2,-1.0196214880673844,2,SL,fx_major
PA,2021-07-08 00:00:00+00:00,long,1,-1.002674623338257,6,SL,metals
RTY,2021-07-08 00:00:00+00:00,long,2,-1.0080685714285713,0,SAME_BAR_SL,indices
YM,2021-07-08 00:00:00+00:00,long,2,2.4879380815876515,1,TP,indices
NQ,2021-07-08 00:00:00+00:00,long,1,2.4914274689940283,4,TP,indices
EURCHF,2021-07-08 00:00:00+00:00,long,1,-1.0673996467991116,0,SAME_BAR_SL,fx_cross
NKD,2021-07-09 00:00:00+00:00,short,4,-1.0061797260273972,0,SAME_BAR_SL,indices
AUDJPY,2021-07-11 00:00:00+00:00,short,4,2.488647722918202,8,TP,fx_cross
GBPJPY,2021-07-13 00:00:00+00:00,short,4,2.4746303130537504,4,TP,fx_cross
USDJPY,2021-07-13 00:00:00+00:00,short,4,2.470161621621621,5,TP,fx_major
NZDJPY,2021-07-13 00:00:00+00:00,short,4,2.4889846247774106,32,TP,fx_cross
RTY,2021-07-13 00:00:00+00:00,long,2,-1.0026139352020387,2,SL,indices
NG,2021-07-13 00:00:00+00:00,long,1,-1.0041042508710802,2,SL,commodities
NZDCAD,2021-07-14 00:00:00+00:00,short,3,-1.0254839354502867,0,SAME_BAR_SL,fx_cross
GBPNZD,2021-07-14 00:00:00+00:00,long,2,-1.0123030208449448,42,SL,fx_cross
EURGBP,2021-07-14 00:00:00+00:00,long,2,2.4749945015739776,4,TP,fx_cross
AUDNZD,2021-07-14 00:00:00+00:00,long,2,-1.017779833134684,2,SL,fx_cross
USDCAD,2021-07-14 00:00:00+00:00,long,2,-1.0927723404255267,0,SAME_BAR_SL,fx_major
EURCHF,2021-07-14 00:00:00+00:00,short,4,2.462798969957081,17,TP,fx_cross
GBPCHF,2021-07-14 00:00:00+00:00,short,3,2.473113674698795,4,TP,fx_cross
USDCHF,2021-07-14 00:00:00+00:00,long,2,-1.045693404634582,1,SL,fx_major
PL,2021-07-15 00:00:00+00:00,short,4,2.497551304347826,7,TP,metals
EURCAD,2021-07-15 00:00:00+00:00,long,2,-1.0166509967845658,22,SL,fx_cross
GBPAUD,2021-07-16 00:00:00+00:00,long,1,2.4757451223491027,9,TP,fx_cross
EURAUD,2021-07-19 00:00:00+00:00,short,4,-1.01701664078773,11,SL,fx_cross
GBPJPY,2021-07-20 00:00:00+00:00,long,2,2.47457436396835,1,TP,fx_cross
USDJPY,2021-07-21 00:00:00+00:00,long,2,-1.0120372666926982,12,SL,fx_major
CL,2021-07-21 00:00:00+00:00,short,4,-1.0018224737267583,7,SL,commodities
CADJPY,2021-07-21 00:00:00+00:00,short,4,-1.012212102358254,0,SAME_BAR_SL,fx_cross
CADCHF,2021-07-21 00:00:00+00:00,short,4,-1.0175111951848668,2,SL,fx_cross
GBPUSD,2021-07-22 00:00:00+00:00,short,4,-1.0533926213592222,0,SAME_BAR_SL,fx_major
EURGBP,2021-07-22 00:00:00+00:00,long,1,-1.0578639711191349,0,SAME_BAR_SL,fx_cross
GBPJPY,2021-07-22 00:00:00+00:00,short,4,-1.0074942548289916,69,SL,fx_cross
HG,2021-07-26 00:00:00+00:00,short,3,2.497125307317073,11,TP,metals
EURGBP,2021-07-28 00:00:00+00:00,long,2,-1.0250054984260224,10,SL,fx_cross
NZDCAD,2021-07-28 00:00:00+00:00,long,2,2.4792416503615486,6,TP,fx_cross
NG,2021-07-28 00:00:00+00:00,short,3,-1.0014130099228225,25,SL,commodities
EURUSD,2021-07-29 00:00:00+00:00,short,3,-1.0883548936170164,0,SAME_BAR_SL,fx_major
SI,2021-07-29 00:00:00+00:00,long,1,-1.0017408547008546,7,SL,metals
AUDCAD,2021-07-29 00:00:00+00:00,long,1,-1.0234487596547026,1,SL,fx_cross
GBPCAD,2021-07-30 00:00:00+00:00,long,1,-1.0207469173253576,51,SL,fx_cross
GBPCHF,2021-08-02 00:00:00+00:00,long,2,-1.0186791408114555,16,SL,fx_cross
AUDUSD,2021-08-02 00:00:00+00:00,short,3,2.486487404003938,15,TP,fx_major
AUDCAD,2021-08-03 00:00:00+00:00,short,3,-1.0263413631739573,1,SL,fx_cross
EURAUD,2021-08-03 00:00:00+00:00,long,2,-1.0169607983430617,6,SL,fx_cross
AUDCHF,2021-08-03 00:00:00+00:00,short,4,-1.0203571102661595,5,SL,fx_cross
CADJPY,2021-08-05 00:00:00+00:00,short,3,2.4883568996671426,13,TP,fx_cross
EURCHF,2021-08-06 00:00:00+00:00,short,4,-1.050938187976289,2,SL,fx_cross
USDCHF,2021-08-06 00:00:00+00:00,short,4,-1.0282775275938187,2,SL,fx_major
CL,2021-08-08 00:00:00+00:00,long,2,-1.002272611464968,9,SL,commodities
EURCHF,2021-08-10 00:00:00+00:00,short,4,-1.0698629099307169,1,SL,fx_cross
USDCHF,2021-08-13 00:00:00+00:00,long,1,-1.0725497029703002,2,SL,fx_major
EURCAD,2021-08-13 00:00:00+00:00,short,4,-1.0394222900763348,2,SL,fx_cross
EURCHF,2021-08-16 00:00:00+00:00,long,1,-1.1028870989760902,0,SAME_BAR_SL,fx_cross
AUDCAD,2021-08-17 00:00:00+00:00,long,2,-1.0603464159811968,1,SL,fx_cross
EURUSD,2021-08-17 00:00:00+00:00,long,1,-1.072498699007715,0,SAME_BAR_SL,fx_major
EURCHF,2021-08-17 00:00:00+00:00,long,2,-1.0682564358683282,0,SAME_BAR_SL,fx_cross
PA,2021-08-17 00:00:00+00:00,long,2,-1.002252719665272,1,SL,metals
NQ,2021-08-18 00:00:00+00:00,short,3,-1.0068652985341437,4,SL,indices
AUDCHF,2021-08-19 00:00:00+00:00,long,2,-1.0347751515151518,1,SL,fx_cross
CL,2021-08-19 00:00:00+00:00,long,1,-1.0078363358778626,0,SAME_BAR_SL,commodities
AUDJPY,2021-08-19 00:00:00+00:00,long,1,-1.0203578443113772,0,SAME_BAR_SL,fx_cross
EURCHF,2021-08-19 00:00:00+00:00,long,2,2.4693643353783234,9,TP,fx_cross
NZDCAD,2021-08-20 00:00:00+00:00,short,3,-1.0293458655562173,6,SL,fx_cross
CADCHF,2021-08-20 00:00:00+00:00,long,1,2.478789962785752,3,TP,fx_cross
AUDUSD,2021-08-20 00:00:00+00:00,long,1,-1.0057980468072811,90,SL,fx_major
ES,2021-08-22 00:00:00+00:00,short,3,-1.0079272524407252,1,SL,indices
NKD,2021-08-22 00:00:00+00:00,short,4,-1.0055379179810726,2,SL,indices
USDCAD,2021-08-23 00:00:00+00:00,long,1,-1.0180777183600713,1,SL,fx_major
CADJPY,2021-08-23 00:00:00+00:00,short,4,-1.0193599999999998,2,SL,fx_cross
EURCAD,2021-08-24 00:00:00+00:00,long,1,2.4719287686062237,13,TP,fx_cross
GBPUSD,2021-08-24 00:00:00+00:00,short,4,-1.0285128661475709,6,SL,fx_major
EURJPY,2021-08-25 00:00:00+00:00,short,4,-1.0486612113055185,0,SAME_BAR_SL,fx_cross
EURUSD,2021-08-25 00:00:00+00:00,short,3,-1.0460365363128474,4,SL,fx_major
GBPCHF,2021-08-25 00:00:00+00:00,short,4,-1.0185885684099316,7,SL,fx_cross
AUDCAD,2021-08-27 00:00:00+00:00,short,3,-1.0664913402061837,3,SL,fx_cross
RTY,2021-08-27 00:00:00+00:00,short,3,-1.0176706796116501,1,SL,indices
USDCHF,2021-08-27 00:00:00+00:00,long,2,-1.0277359177043852,2,SL,fx_major
CADJPY,2021-08-27 00:00:00+00:00,short,3,-1.0253273520249215,4,SL,fx_cross
PL,2021-08-29 00:00:00+00:00,long,1,-1.0015247323943661,10,SL,metals
USDCAD,2021-08-30 00:00:00+00:00,long,2,-1.0814099192618185,0,SAME_BAR_SL,fx_major
NZDUSD,2021-08-30 00:00:00+00:00,short,3,-1.0344346059544651,0,SAME_BAR_SL,fx_major
CADCHF,2021-08-31 00:00:00+00:00,long,1,-1.0163557843925983,18,SL,fx_cross
EURUSD,2021-08-31 00:00:00+00:00,short,3,2.4825389873417723,26,TP,fx_major
AUDCHF,2021-09-01 00:00:00+00:00,short,4,-1.0321835012809555,1,SL,fx_cross
EURAUD,2021-09-01 00:00:00+00:00,long,1,-1.0189667256637167,2,SL,fx_cross
PA,2021-09-01 00:00:00+00:00,long,1,-1.0015226356589146,6,SL,metals
NZDCAD,2021-09-01 00:00:00+00:00,short,4,-1.024841332670314,2,SL,fx_cross
GBPAUD,2021-09-01 00:00:00+00:00,long,1,-1.015735109510951,2,SL,fx_cross
CL,2021-09-02 00:00:00+00:00,short,4,-1.002576513761468,11,SL,commodities
GBPUSD,2021-09-02 00:00:00+00:00,short,3,-1.03455264942016,1,SL,fx_major
RTY,2021-09-02 00:00:00+00:00,short,4,2.484391186440679,4,TP,indices
AUDCAD,2021-09-02 00:00:00+00:00,short,3,2.4895543634907926,79,TP,fx_cross
NKD,2021-09-03 00:00:00+00:00,short,3,-1.0132191549295775,0,SAME_BAR_SL,indices
NZDUSD,2021-09-03 00:00:00+00:00,short,4,2.4829029399233065,14,TP,fx_major
NKD,2021-09-05 00:00:00+00:00,short,3,-1.0107281355932203,1,SL,indices
EURAUD,2021-09-07 00:00:00+00:00,short,4,-1.0373426433915205,6,SL,fx_cross
AUDNZD,2021-09-07 00:00:00+00:00,long,2,-1.0480679768786099,2,SL,fx_cross
GBPCHF,2021-09-08 00:00:00+00:00,short,4,-1.060137171888232,1,SL,fx_cross
YM,2021-09-08 00:00:00+00:00,long,2,-1.005647344461305,5,SL,indices
SI,2021-09-08 00:00:00+00:00,long,1,-1.0038663341645886,3,SL,metals
EURCHF,2021-09-09 00:00:00+00:00,long,1,-1.0646570882040327,0,SAME_BAR_SL,fx_cross
GBPUSD,2021-09-09 00:00:00+00:00,short,3,-1.0313577346278313,4,SL,fx_major
USDJPY,2021-09-09 00:00:00+00:00,long,1,-1.0304643323442138,5,SL,fx_major
RTY,2021-09-09 00:00:00+00:00,long,1,-1.0056810819411297,5,SL,indices
EURCAD,2021-09-10 00:00:00+00:00,long,2,-1.027977494976557,11,SL,fx_cross
EURGBP,2021-09-10 00:00:00+00:00,long,1,2.4772190076335874,16,TP,fx_cross
USDCHF,2021-09-10 00:00:00+00:00,long,1,2.4727629330499465,5,TP,fx_major
GBPAUD,2021-09-10 00:00:00+00:00,short,4,-1.0298431945624478,3,SL,fx_cross
PA,2021-09-12 00:00:00+00:00,long,1,2.492235105882353,1,TP,metals
NQ,2021-09-13 00:00:00+00:00,long,1,-1.0739883146067415,0,SAME_BAR_SL,indices
EURCHF,2021-09-13 00:00:00+00:00,short,3,-1.081171664447395,1,SL,fx_cross
NKD,2021-09-14 00:00:00+00:00,long,1,-1.007984132231405,5,SL,indices
GBPCHF,2021-09-14 00:00:00+00:00,long,1,-1.0185396303046081,6,SL,fx_cross
EURCHF,2021-09-15 00:00:00+00:00,long,2,2.415720388349511,1,TP,fx_cross
ES,2021-09-15 00:00:00+00:00,short,4,2.4911760123647606,4,TP,indices
GBPUSD,2021-09-16 00:00:00+00:00,long,2,-1.0250944426389337,3,SL,fx_major
EURAUD,2021-09-16 00:00:00+00:00,long,1,-1.0194087834339944,13,SL,fx_cross
GBPAUD,2021-09-16 00:00:00+00:00,short,4,2.4499321361058604,5,TP,fx_cross
EURJPY,2021-09-16 00:00:00+00:00,long,1,-1.0393384749455334,3,SL,fx_cross
USDCHF,2021-09-17 00:00:00+00:00,short,4,-1.07418324786325,0,SAME_BAR_SL,fx_major
CHFJPY,2021-09-17 00:00:00+00:00,long,1,-1.0256101469450882,2,SL,fx_cross
USDJPY,2021-09-17 00:00:00+00:00,short,3,2.4496311620294593,3,TP,fx_major
YM,2021-09-17 00:00:00+00:00,long,2,-1.0029743467676495,12,SL,indices
EURCHF,2021-09-17 00:00:00+00:00,short,4,2.462296557680442,11,TP,fx_cross
NG,2021-09-19 00:00:00+00:00,long,1,-1.001692925026399,2,SL,commodities
NZDJPY,2021-09-20 00:00:00+00:00,long,1,2.4801714496768237,3,TP,fx_cross
CL,2021-09-20 00:00:00+00:00,long,1,2.4967895898161245,6,TP,commodities
NQ,2021-09-20 00:00:00+00:00,long,2,-1.004610024142926,9,SL,indices
CADJPY,2021-09-20 00:00:00+00:00,long,2,2.4918315732246006,16,TP,fx_cross
PL,2021-09-21 00:00:00+00:00,short,4,-1.0017891764705882,1,SL,metals
GBPUSD,2021-09-21 00:00:00+00:00,long,2,-1.037599921259841,6,SL,fx_major
AUDCHF,2021-09-21 00:00:00+00:00,long,1,2.4803042182581323,17,TP,fx_cross
HG,2021-09-21 00:00:00+00:00,short,4,-1.0017356387096774,19,SL,metals
EURJPY,2021-09-23 00:00:00+00:00,short,4,-1.0195872381985902,1,SL,fx_cross
NKD,2021-09-23 00:00:00+00:00,long,2,-1.0022534422403735,6,SL,indices
NG,2021-09-24 00:00:00+00:00,long,2,2.498862776203966,2,TP,commodities
NZDUSD,2021-09-24 00:00:00+00:00,long,2,-1.0295766088922385,3,SL,fx_major
CHFJPY,2021-09-24 00:00:00+00:00,short,4,-1.0236017489421725,8,SL,fx_cross
NZDCHF,2021-09-24 00:00:00+00:00,long,2,-1.0145923076923078,4,SL,fx_cross
EURJPY,2021-09-26 00:00:00+00:00,short,4,-1.0247357493188007,2,SL,fx_cross
RTY,2021-09-27 00:00:00+00:00,short,3,2.4955984067592034,4,TP,indices
AUDJPY,2021-09-27 00:00:00+00:00,short,4,-1.0145215404364567,9,SL,fx_cross
PA,2021-09-28 00:00:00+00:00,long,2,-1.0033613259668508,0,SAME_BAR_SL,metals
GBPNZD,2021-09-28 00:00:00+00:00,long,1,-1.0235220490744723,15,SL,fx_cross
EURJPY,2021-09-29 00:00:00+00:00,long,1,-1.0325190697674405,1,SL,fx_cross
USDCHF,2021-09-29 00:00:00+00:00,short,3,-1.09125454545455,0,SAME_BAR_SL,fx_major
EURCAD,2021-09-30 00:00:00+00:00,long,2,-1.0428535554398766,0,SAME_BAR_SL,fx_cross
ES,2021-09-30 00:00:00+00:00,long,2,2.4963120643431633,17,TP,indices
CADCHF,2021-09-30 00:00:00+00:00,short,3,-1.0403885602350627,4,SL,fx_cross
NG,2021-09-30 00:00:00+00:00,short,3,-1.0007723955316508,5,SL,commodities
SI,2021-10-01 00:00:00+00:00,short,3,-1.0028268774703557,6,SL,metals
NQ,2021-10-03 00:00:00+00:00,short,4,2.4911861710037173,1,TP,indices
EURCHF,2021-10-04 00:00:00+00:00,long,2,-1.1691546067415621,0,SAME_BAR_SL,fx_cross
NKD,2021-10-04 00:00:00+00:00,long,1,-1.0066804494382022,0,SAME_BAR_SL,indices
EURCAD,2021-10-04 00:00:00+00:00,long,2,-1.052528071748877,1,SL,fx_cross
USDCAD,2021-10-05 00:00:00+00:00,long,2,-1.0233407702523232,3,SL,fx_major
EURJPY,2021-10-06 00:00:00+00:00,long,2,2.4692110273972605,2,TP,fx_cross
CADCHF,2021-10-06 00:00:00+00:00,long,1,-1.014188465244322,44,SL,fx_cross
NQ,2021-10-06 00:00:00+00:00,short,4,-1.0088138289962825,1,SL,indices
EURGBP,2021-10-07 00:00:00+00:00,long,2,-1.0309228645833328,7,SL,fx_cross
CL,2021-10-07 00:00:00+00:00,long,2,2.498254482758621,15,TP,commodities
YM,2021-10-07 00:00:00+00:00,short,3,-1.0068067363245237,7,SL,indices
PA,2021-10-07 00:00:00+00:00,short,3,-1.0009762264150943,2,SL,metals
PL,2021-10-08 00:00:00+00:00,short,3,-1.0080426666666669,0,SAME_BAR_SL,metals
AUDNZD,2021-10-11 00:00:00+00:00,short,3,2.447814507042253,4,TP,fx_cross
EURJPY,2021-10-11 00:00:00+00:00,short,3,-1.0421729032258067,0,SAME_BAR_SL,fx_cross
CHFJPY,2021-10-11 00:00:00+00:00,short,3,-1.021465963590709,3,SL,fx_cross
NG,2021-10-12 00:00:00+00:00,long,1,2.4972069851729817,1,TP,commodities
EURJPY,2021-10-13 00:00:00+00:00,short,4,-1.0370699697885197,1,SL,fx_cross
NZDJPY,2021-10-14 00:00:00+00:00,short,4,-1.0181971323228183,0,SAME_BAR_SL,fx_cross
EURCHF,2021-10-14 00:00:00+00:00,long,2,-1.0306356646216766,11,SL,fx_cross
PA,2021-10-14 00:00:00+00:00,short,4,2.498287784577723,34,TP,metals
NZDUSD,2021-10-14 00:00:00+00:00,short,4,-1.022974106619801,1,SL,fx_major
NZDCAD,2021-10-14 00:00:00+00:00,short,4,-1.035408604651164,1,SL,fx_cross
PL,2021-10-14 00:00:00+00:00,short,4,-1.0032796862745097,7,SL,metals
NKD,2021-10-15 00:00:00+00:00,short,4,-1.0060320521172639,3,SL,indices
HG,2021-10-15 00:00:00+00:00,short,3,-1.004339107913669,1,SL,metals
NZDCHF,2021-10-17 00:00:00+00:00,short,3,-1.0238805729166662,2,SL,fx_cross
GBPAUD,2021-10-18 00:00:00+00:00,short,4,2.4731612677145063,3,TP,fx_cross
NG,2021-10-18 00:00:00+00:00,long,2,2.498862776203966,6,TP,commodities
NQ,2021-10-18 00:00:00+00:00,short,3,-1.004948931841302,3,SL,indices
YM,2021-10-19 00:00:00+00:00,short,3,-1.0122582212581346,3,SL,indices
SI,2021-10-19 00:00:00+00:00,short,4,-1.0049537254901961,0,SAME_BAR_SL,metals
NZDUSD,2021-10-19 00:00:00+00:00,short,4,2.4829029399233065,20,TP,fx_major
GBPCAD,2021-10-19 00:00:00+00:00,short,4,2.4785811912225704,14,TP,fx_cross
USDJPY,2021-10-20 00:00:00+00:00,long,1,-1.0332934859521328,1,SL,fx_major
EURJPY,2021-10-20 00:00:00+00:00,short,3,2.4479831754874666,1,TP,fx_cross
HG,2021-10-20 00:00:00+00:00,short,3,2.4967979682539685,6,TP,metals
AUDCHF,2021-10-20 00:00:00+00:00,short,3,2.4914098535286286,32,TP,fx_cross
GBPJPY,2021-10-20 00:00:00+00:00,long,1,-1.035393982300885,2,SL,fx_cross
SI,2021-10-22 00:00:00+00:00,short,3,-1.014961509433962,0,SAME_BAR_SL,metals
NZDCHF,2021-10-22 00:00:00+00:00,long,1,-1.0205989444132506,9,SL,fx_cross
AUDJPY,2021-10-22 00:00:00+00:00,long,1,-1.0175223607524897,11,SL,fx_cross
USDCHF,2021-10-22 00:00:00+00:00,long,1,-1.0272370669500535,6,SL,fx_major
EURUSD,2021-10-25 00:00:00+00:00,long,1,2.4546337430167586,3,TP,fx_major
NQ,2021-10-25 00:00:00+00:00,short,3,-1.02039012345679,0,SAME_BAR_SL,indices
EURGBP,2021-10-25 00:00:00+00:00,long,2,-1.0748589540411988,1,SL,fx_cross
USDJPY,2021-10-26 00:00:00+00:00,short,4,2.4593565394402037,11,TP,fx_major
GBPJPY,2021-10-26 00:00:00+00:00,short,3,2.48013918845807,8,TP,fx_cross
NKD,2021-10-26 00:00:00+00:00,long,1,-1.0018251162790697,27,SL,indices
SI,2021-10-27 00:00:00+00:00,short,3,-1.0022266666666666,12,SL,metals
PL,2021-10-27 00:00:00+00:00,long,2,2.4955094068965518,4,TP,metals
AUDNZD,2021-10-28 00:00:00+00:00,long,2,-1.0263200000000008,4,SL,fx_cross
HG,2021-10-29 00:00:00+00:00,long,1,-1.0022613333333334,16,SL,metals
GBPUSD,2021-10-29 00:00:00+00:00,long,1,-1.0764483832335336,2,SL,fx_major
EURCHF,2021-10-29 00:00:00+00:00,long,2,-1.05026770533446,0,SAME_BAR_SL,fx_cross
CL,2021-10-29 00:00:00+00:00,short,3,2.4970341463414636,16,TP,commodities
EURUSD,2021-10-29 00:00:00+00:00,long,2,-1.0489309531013566,6,SL,fx_major
EURCAD,2021-10-29 00:00:00+00:00,long,2,-1.014824098511303,14,SL,fx_cross
EURGBP,2021-11-01 00:00:00+00:00,short,4,-1.0212208944543828,3,SL,fx_cross
NZDJPY,2021-11-02 00:00:00+00:00,long,1,-1.019934130052724,3,SL,fx_cross
GBPAUD,2021-11-02 00:00:00+00:00,short,4,-1.0313445682792408,1,SL,fx_cross
GBPNZD,2021-11-02 00:00:00+00:00,short,3,-1.018103550834598,18,SL,fx_cross
EURAUD,2021-11-02 00:00:00+00:00,short,3,-1.0391486792452826,1,SL,fx_cross
CHFJPY,2021-11-02 00:00:00+00:00,long,1,-1.0390821052631578,3,SL,fx_cross
GBPUSD,2021-11-04 00:00:00+00:00,long,2,-1.0193186589362238,0,SAME_BAR_SL,fx_major
CADJPY,2021-11-04 00:00:00+00:00,long,1,-1.0142130367074527,11,SL,fx_cross
USDCHF,2021-11-05 00:00:00+00:00,short,3,-1.0735737159254,0,SAME_BAR_SL,fx_major
GBPUSD,2021-11-05 00:00:00+00:00,long,2,2.462266599899851,3,TP,fx_major
EURAUD,2021-11-05 00:00:00+00:00,short,4,-1.0189366284354038,4,SL,fx_cross
GBPJPY,2021-11-05 00:00:00+00:00,long,1,-1.0383695169946354,4,SL,fx_cross
GBPCAD,2021-11-08 00:00:00+00:00,short,4,-1.0190082636655946,8,SL,fx_cross
NZDCHF,2021-11-08 00:00:00+00:00,short,4,-1.0220097584541061,0,SAME_BAR_SL,fx_cross
AUDNZD,2021-11-08 00:00:00+00:00,long,1,2.4858551982486015,43,TP,fx_cross
EURCHF,2021-11-08 00:00:00+00:00,short,3,-1.1515909974424434,0,SAME_BAR_SL,fx_cross
EURGBP,2021-11-09 00:00:00+00:00,short,3,2.4761798110392843,6,TP,fx_cross
NZDCAD,2021-11-09 00:00:00+00:00,long,2,-1.020434125874126,1,SL,fx_cross
GBPCHF,2021-11-09 00:00:00+00:00,short,4,-1.0218331450094162,6,SL,fx_cross
PL,2021-11-10 00:00:00+00:00,short,3,-1.0044373333333334,4,SL,metals
CHFJPY,2021-11-10 00:00:00+00:00,short,4,2.4640523966942154,5,TP,fx_cross
USDCAD,2021-11-10 00:00:00+00:00,long,1,2.4638237669094707,1,TP,fx_major
USDCHF,2021-11-10 00:00:00+00:00,short,3,-1.0250050753524549,2,SL,fx_major
SI,2021-11-11 00:00:00+00:00,short,3,2.4983624872579,24,TP,metals
EURUSD,2021-11-11 00:00:00+00:00,long,1,-1.023485153733528,3,SL,fx_major
NG,2021-11-15 00:00:00+00:00,long,1,2.4981935483870967,1,TP,commodities
EURCHF,2021-11-15 00:00:00+00:00,long,2,-1.0619733333333354,3,SL,fx_cross
EURJPY,2021-11-15 00:00:00+00:00,long,1,-1.0419400000000003,2,SL,fx_cross
NQ,2021-11-16 00:00:00+00:00,short,3,-1.0062641899609257,2,SL,indices
NZDCAD,2021-11-16 00:00:00+00:00,long,1,-1.0269913234486547,7,SL,fx_cross
USDCHF,2021-11-16 00:00:00+00:00,short,3,-1.0259379020979018,1,SL,fx_major
GBPCHF,2021-11-17 00:00:00+00:00,short,4,-1.0661063901979277,0,SAME_BAR_SL,fx_cross
EURAUD,2021-11-17 00:00:00+00:00,short,4,-1.0816062745098005,1,SL,fx_cross
EURJPY,2021-11-18 00:00:00+00:00,short,4,2.4771577652228496,7,TP,fx_cross
NZDUSD,2021-11-18 00:00:00+00:00,short,3,2.479428398539385,4,TP,fx_major
RTY,2021-11-18 00:00:00+00:00,long,1,-1.0076170967741935,1,SL,indices
CADJPY,2021-11-19 00:00:00+00:00,long,1,-1.049663622047246,0,SAME_BAR_SL,fx_cross
YM,2021-11-22 00:00:00+00:00,short,4,2.4843318032786885,1,TP,indices
NQ,2021-11-22 00:00:00+00:00,long,1,-1.0041226498422713,4,SL,indices
RTY,2021-11-22 00:00:00+00:00,short,4,2.488867565982405,1,TP,indices
NG,2021-11-22 00:00:00+00:00,long,1,2.4981935483870967,4,TP,commodities
PL,2021-11-23 00:00:00+00:00,long,1,-1.007495619047619,0,SAME_BAR_SL,metals
EURNZD,2021-11-23 00:00:00+00:00,short,4,-1.0631245523941715,1,SL,fx_cross
HG,2021-11-24 00:00:00+00:00,short,4,2.4967418181818184,18,TP,metals
EURCAD,2021-11-24 00:00:00+00:00,long,2,-1.0321762520193853,0,SAME_BAR_SL,fx_cross
USDCAD,2021-11-24 00:00:00+00:00,long,1,2.445152507739939,2,TP,fx_major
YM,2021-11-24 00:00:00+00:00,short,4,2.4843318032786885,1,TP,indices
NZDCHF,2021-11-24 00:00:00+00:00,long,1,-1.0191027815970386,1,SL,fx_cross
RTY,2021-11-24 00:00:00+00:00,long,1,-1.0072856916996047,2,SL,indices
EURNZD,2021-11-25 00:00:00+00:00,short,4,-1.0212040546169867,1,SL,fx_cross
EURAUD,2021-11-25 00:00:00+00:00,short,3,-1.0240717059791553,1,SL,fx_cross
EURCHF,2021-11-25 00:00:00+00:00,short,4,2.4699376729882117,30,TP,fx_cross
EURCAD,2021-11-26 00:00:00+00:00,short,4,-1.0967741997593283,0,SAME_BAR_SL,fx_cross
NZDJPY,2021-11-26 00:00:00+00:00,long,1,-1.0151756884561889,0,SAME_BAR_SL,fx_cross
USDJPY,2021-11-26 00:00:00+00:00,long,2,-1.0305805405405413,3,SL,fx_major
GBPNZD,2021-11-26 00:00:00+00:00,short,3,-1.018558159363898,23,SL,fx_cross
GBPAUD,2021-11-26 00:00:00+00:00,short,4,-1.0268387322854935,0,SAME_BAR_SL,fx_cross
AUDJPY,2021-11-26 00:00:00+00:00,long,2,-1.0104323247232472,6,SL,fx_cross
CHFJPY,2021-11-29 00:00:00+00:00,long,1,2.4616484658454647,2,TP,fx_cross
NQ,2021-11-29 00:00:00+00:00,short,4,2.4930208503515234,3,TP,indices
EURNZD,2021-11-30 00:00:00+00:00,short,4,-1.0171724036155694,3,SL,fx_cross
GBPAUD,2021-11-30 00:00:00+00:00,short,4,-1.020069391337531,3,SL,fx_cross
EURGBP,2021-11-30 00:00:00+00:00,short,4,-1.080778341793569,3,SL,fx_cross
PL,2021-11-30 00:00:00+00:00,long,2,2.498459700258398,43,TP,metals
GBPCHF,2021-11-30 00:00:00+00:00,long,1,-1.0337672298624752,0,SAME_BAR_SL,fx_cross
CADJPY,2021-12-01 00:00:00+00:00,long,1,2.4885093637846656,26,TP,fx_cross
CL,2021-12-02 00:00:00+00:00,long,2,2.495793710691824,1,TP,commodities
NQ,2021-12-03 00:00:00+00:00,long,1,2.493156351212846,3,TP,indices
PA,2021-12-03 00:00:00+00:00,short,4,2.4970947572815536,5,TP,metals
NG,2021-12-05 00:00:00+00:00,long,2,-1.003622363112392,0,SAME_BAR_SL,commodities
YM,2021-12-06 00:00:00+00:00,short,3,-1.0152392944369064,0,SAME_BAR_SL,indices
GBPCHF,2021-12-06 00:00:00+00:00,short,4,-1.018032708113804,9,SL,fx_cross
EURGBP,2021-12-06 00:00:00+00:00,long,1,-1.0280632098765432,9,SL,fx_cross
EURNZD,2021-12-07 00:00:00+00:00,long,2,2.4886144734913267,50,TP,fx_cross
GBPCAD,2021-12-07 00:00:00+00:00,long,2,-1.044896258309591,0,SAME_BAR_SL,fx_cross
ES,2021-12-07 00:00:00+00:00,short,4,-1.0047630867143993,16,SL,indices
USDCHF,2021-12-08 00:00:00+00:00,long,2,-1.021131859131859,18,SL,fx_major
CHFJPY,2021-12-09 00:00:00+00:00,long,2,2.475285628140704,12,TP,fx_cross
EURJPY,2021-12-09 00:00:00+00:00,long,1,2.473769649122807,15,TP,fx_cross
AUDCAD,2021-12-10 00:00:00+00:00,short,3,-1.017833725490196,4,SL,fx_cross
SI,2021-12-12 00:00:00+00:00,short,4,-1.0039472576177284,8,SL,metals
NZDCAD,2021-12-13 00:00:00+00:00,short,3,2.4898558125915082,40,TP,fx_cross
YM,2021-12-15 00:00:00+00:00,short,3,2.4935955232232794,4,TP,indices
NZDUSD,2021-12-15 00:00:00+00:00,short,3,-1.0162026985482495,7,SL,fx_major
AUDUSD,2021-12-15 00:00:00+00:00,short,3,-1.02132863079382,1,SL,fx_major
CADCHF,2021-12-16 00:00:00+00:00,short,4,2.4740609865470855,3,TP,fx_cross
NKD,2021-12-16 00:00:00+00:00,long,2,-1.0032757295373667,2,SL,indices
PA,2021-12-17 00:00:00+00:00,short,4,-1.0048655172413794,0,SAME_BAR_SL,metals
AUDJPY,2021-12-19 00:00:00+00:00,long,2,-1.0214128544423435,1,SL,fx_cross
EURUSD,2021-12-20 00:00:00+00:00,short,4,-1.0134754036736437,10,SL,fx_major
AUDCHF,2021-12-20 00:00:00+00:00,long,2,2.4769399999999995,3,TP,fx_cross
NKD,2021-12-20 00:00:00+00:00,long,2,-1.0026943328335831,25,SL,indices
NZDCHF,2021-12-22 00:00:00+00:00,long,1,-1.0082097494731912,26,SL,fx_cross
GBPJPY,2021-12-27 00:00:00+00:00,short,3,-1.0456777094379648,0,SAME_BAR_SL,fx_cross
AUDJPY,2021-12-27 00:00:00+00:00,short,3,-1.0405662827225126,1,SL,fx_cross
NQ,2021-12-27 00:00:00+00:00,short,3,2.494799784155016,8,TP,indices
EURAUD,2021-12-28 00:00:00+00:00,long,1,2.4844533001245326,27,TP,fx_cross
DAX,2021-12-28 00:00:00+00:00,short,4,-1.0054374358974358,4,SL,indices
NZDUSD,2021-12-30 00:00:00+00:00,long,1,-1.024928041775457,3,SL,fx_major
USDCAD,2021-12-31 00:00:00+00:00,long,2,-1.0112572204674666,9,SL,fx_major
EURCHF,2021-12-31 00:00:00+00:00,short,4,-1.063027057546143,2,SL,fx_cross
EURCAD,2021-12-31 00:00:00+00:00,long,1,-1.0161003073238875,9,SL,fx_cross
CADJPY,2022-01-03 00:00:00+00:00,long,1,2.476969362477231,6,TP,fx_cross
PA,2022-01-03 00:00:00+00:00,long,1,2.49742704595186,14,TP,metals
EURJPY,2022-01-03 00:00:00+00:00,long,1,2.4681358530183704,2,TP,fx_cross
NZDJPY,2022-01-03 00:00:00+00:00,long,1,-1.0208570014278915,6,SL,fx_cross
GBPUSD,2022-01-04 00:00:00+00:00,short,3,-1.0261005847953217,6,SL,fx_major
GBPNZD,2022-01-04 00:00:00+00:00,short,4,-1.0278229668411865,2,SL,fx_cross
NG,2022-01-04 00:00:00+00:00,short,4,-1.001278024691358,4,SL,commodities
GBPCHF,2022-01-05 00:00:00+00:00,short,4,-1.025996890881914,2,SL,fx_cross
EURCHF,2022-01-05 00:00:00+00:00,short,3,-1.0489513659359209,1,SL,fx_cross
AUDUSD,2022-01-05 00:00:00+00:00,short,3,2.465340204778157,1,TP,fx_major
NZDUSD,2022-01-05 00:00:00+00:00,short,3,2.4703928173374607,1,TP,fx_major
SI,2022-01-05 00:00:00+00:00,short,3,2.4951633986928106,1,TP,metals
CHFJPY,2022-01-06 00:00:00+00:00,long,1,-1.0161174281805743,3,SL,fx_cross
GBPAUD,2022-01-06 00:00:00+00:00,short,4,-1.0252416207144568,0,SAME_BAR_SL,fx_cross
GBPCAD,2022-01-06 00:00:00+00:00,long,1,-1.0253244771413552,5,SL,fx_cross
AUDCAD,2022-01-06 00:00:00+00:00,long,1,-1.0204259217877096,1,SL,fx_cross
EURCHF,2022-01-07 00:00:00+00:00,short,3,-1.0856890455213064,0,SAME_BAR_SL,fx_cross
EURUSD,2022-01-07 00:00:00+00:00,short,3,2.442548148148149,2,TP,fx_major
NQ,2022-01-10 00:00:00+00:00,long,1,-1.0076801246591351,0,SAME_BAR_SL,indices
USDJPY,2022-01-10 00:00:00+00:00,long,1,-1.0266908670520234,2,SL,fx_major
CADJPY,2022-01-12 00:00:00+00:00,long,2,-1.0083266796621182,10,SL,fx_cross
USDCHF,2022-01-12 00:00:00+00:00,long,2,-1.1462363636363835,0,SAME_BAR_SL,fx_major
NZDUSD,2022-01-12 00:00:00+00:00,short,3,-1.029607182662539,1,SL,fx_major
EURUSD,2022-01-12 00:00:00+00:00,short,4,-1.0480834834834827,1,SL,fx_major
GBPAUD,2022-01-13 00:00:00+00:00,long,1,-1.0143710640622865,37,SL,fx_cross
GBPCHF,2022-01-13 00:00:00+00:00,long,1,-1.0345436525172746,4,SL,fx_cross
EURCHF,2022-01-13 00:00:00+00:00,long,1,-1.091913962264152,1,SL,fx_cross
GBPJPY,2022-01-14 00:00:00+00:00,long,1,-1.019889065207478,5,SL,fx_cross
CADCHF,2022-01-14 00:00:00+00:00,long,1,-1.018765803777061,8,SL,fx_cross
EURJPY,2022-01-14 00:00:00+00:00,long,1,-1.0318641469816296,4,SL,fx_cross
NG,2022-01-14 00:00:00+00:00,long,1,2.4993655534709194,16,TP,commodities
ES,2022-01-14 00:00:00+00:00,short,4,2.495984398117014,5,TP,indices
AUDJPY,2022-01-14 00:00:00+00:00,short,4,-1.0093597253080184,23,SL,fx_cross
GBPNZD,2022-01-16 00:00:00+00:00,long,1,-1.014078019009505,35,SL,fx_cross
AUDCAD,2022-01-18 00:00:00+00:00,long,2,-1.0401621656050952,8,SL,fx_cross
NQ,2022-01-18 00:00:00+00:00,long,1,-1.0088442335766423,1,SL,indices
NZDUSD,2022-01-18 00:00:00+00:00,long,2,-1.01537145631068,2,SL,fx_major
RTY,2022-01-19 00:00:00+00:00,long,2,-1.0035598061389337,1,SL,indices
SI,2022-01-20 00:00:00+00:00,short,4,2.49770224852071,7,TP,metals
USDJPY,2022-01-20 00:00:00+00:00,short,4,-1.0103273363577445,6,SL,fx_major
NZDJPY,2022-01-20 00:00:00+00:00,long,2,-1.0130298543689318,3,SL,fx_cross
GBPUSD,2022-01-20 00:00:00+00:00,short,3,2.483216712749616,6,TP,fx_major
AUDUSD,2022-01-20 00:00:00+00:00,short,3,2.4829536656891498,3,TP,fx_major
DAX,2022-01-20 00:00:00+00:00,short,3,2.4941571526980484,2,TP,indices
AUDNZD,2022-01-20 00:00:00+00:00,short,3,-1.0241772536348952,9,SL,fx_cross
HG,2022-01-20 00:00:00+00:00,short,3,2.494885097345133,7,TP,metals
GBPJPY,2022-01-21 00:00:00+00:00,long,1,-1.0562639583333353,0,SAME_BAR_SL,fx_cross
GBPCHF,2022-01-21 00:00:00+00:00,long,1,-1.027128791893999,0,SAME_BAR_SL,fx_cross
EURGBP,2022-01-21 00:00:00+00:00,short,4,-1.0248979104477614,2,SL,fx_cross
NQ,2022-01-21 00:00:00+00:00,long,2,-1.0058748253068932,1,SL,indices
CL,2022-01-24 00:00:00+00:00,long,1,2.4957818181818183,2,TP,commodities
YM,2022-01-24 00:00:00+00:00,long,2,2.487721577726218,1,TP,indices
USDCAD,2022-01-24 00:00:00+00:00,short,4,-1.023262642998028,3,SL,fx_major
NQ,2022-01-24 00:00:00+00:00,long,1,-1.0077277913336138,0,SAME_BAR_SL,indices
NZDUSD,2022-01-24 00:00:00+00:00,long,1,-1.0094379456193354,3,SL,fx_major
AUDCHF,2022-01-26 00:00:00+00:00,short,4,-1.0101572679702562,13,SL,fx_cross
NZDCHF,2022-01-26 00:00:00+00:00,short,4,-1.0090781583793738,24,SL,fx_cross
GBPCHF,2022-01-26 00:00:00+00:00,short,4,-1.0254812280701748,4,SL,fx_cross
EURCAD,2022-01-26 00:00:00+00:00,long,1,2.4854677136596055,8,TP,fx_cross
PA,2022-01-26 00:00:00+00:00,short,4,-1.002810036900369,4,SL,metals
GBPJPY,2022-01-26 00:00:00+00:00,short,4,-1.0413599999999998,0,SAME_BAR_SL,fx_cross
PL,2022-01-26 00:00:00+00:00,short,4,2.496112822857143,2,TP,metals
USDCHF,2022-01-27 00:00:00+00:00,short,3,-1.0135325812321287,40,SL,fx_major
EURGBP,2022-01-27 00:00:00+00:00,long,2,-1.0285442542787284,6,SL,fx_cross
CADCHF,2022-01-27 00:00:00+00:00,long,2,-1.0109288674181427,21,SL,fx_cross
GBPCAD,2022-01-28 00:00:00+00:00,short,4,-1.0333554381084828,4,SL,fx_cross
NZDJPY,2022-01-31 00:00:00+00:00,short,4,-1.01097938517179,7,SL,fx_cross
AUDCAD,2022-01-31 00:00:00+00:00,short,4,-1.021791640759931,2,SL,fx_cross
EURAUD,2022-01-31 00:00:00+00:00,long,1,-1.0119157725321888,19,SL,fx_cross
AUDNZD,2022-02-01 00:00:00+00:00,long,1,-1.0219243274853795,35,SL,fx_cross
EURUSD,2022-02-02 00:00:00+00:00,short,4,-1.022671977077364,1,SL,fx_major
AUDUSD,2022-02-02 00:00:00+00:00,short,3,-1.0126644655281467,7,SL,fx_major
GBPUSD,2022-02-02 00:00:00+00:00,short,4,-1.1191437362637282,0,SAME_BAR_SL,fx_major
EURJPY,2022-02-03 00:00:00+00:00,short,4,-1.0170268222118524,0,SAME_BAR_SL,fx_cross
NG,2022-02-03 00:00:00+00:00,long,1,-1.00076575225439,1,SL,commodities
NQ,2022-02-03 00:00:00+00:00,long,2,-1.0014367124137395,15,SL,indices
NZDCAD,2022-02-04 00:00:00+00:00,short,4,-1.0197757595993324,11,SL,fx_cross
USDCAD,2022-02-06 00:00:00+00:00,long,1,-1.014682895927602,22,SL,fx_major
GBPJPY,2022-02-07 00:00:00+00:00,long,1,2.4539190668080586,1,TP,fx_cross
GBPUSD,2022-02-09 00:00:00+00:00,short,3,2.476389654958035,13,TP,fx_major
YM,2022-02-09 00:00:00+00:00,short,4,2.4965428001209555,10,TP,indices
NZDUSD,2022-02-09 00:00:00+00:00,short,4,-1.0139316412355786,11,SL,fx_major
AUDCAD,2022-02-09 00:00:00+00:00,short,3,-1.0310381962218151,1,SL,fx_cross
NZDJPY,2022-02-10 00:00:00+00:00,short,4,-1.010947178968655,11,SL,fx_cross
CL,2022-02-10 00:00:00+00:00,short,3,-1.0025465499124344,1,SL,commodities
EURGBP,2022-02-14 00:00:00+00:00,long,1,-1.0130876510067113,15,SL,fx_cross
EURUSD,2022-02-14 00:00:00+00:00,long,1,-1.036332491389207,9,SL,fx_major
EURCAD,2022-02-15 00:00:00+00:00,short,4,2.4801552227116987,10,TP,fx_cross
EURCHF,2022-02-15 00:00:00+00:00,short,4,-1.0485063583815035,0,SAME_BAR_SL,fx_cross
PL,2022-02-16 00:00:00+00:00,short,4,-1.0038871771428572,1,SL,metals
DAX,2022-02-16 00:00:00+00:00,long,2,-1.0018851880276285,3,SL,indices
CL,2022-02-16 00:00:00+00:00,long,2,-1.0035918204488778,2,SL,commodities
RTY,2022-02-16 00:00:00+00:00,long,1,-1.001897273768614,4,SL,indices
EURJPY,2022-02-16 00:00:00+00:00,short,3,2.4889594735267724,11,TP,fx_cross
EURNZD,2022-02-17 00:00:00+00:00,long,1,-1.016300363886028,4,SL,fx_cross
AUDCAD,2022-02-21 00:00:00+00:00,short,4,-1.017014101290963,7,SL,fx_cross
EURCHF,2022-02-21 00:00:00+00:00,long,1,-1.0236000000000003,0,SAME_BAR_SL,fx_cross
EURCHF,2022-02-22 00:00:00+00:00,short,4,2.467110720720721,2,TP,fx_cross
NKD,2022-02-22 00:00:00+00:00,short,3,2.4976714246947083,12,TP,indices
NQ,2022-02-22 00:00:00+00:00,short,4,2.4956516776235693,2,TP,indices
GBPCHF,2022-02-22 00:00:00+00:00,short,3,2.476207983706721,2,TP,fx_cross
CADCHF,2022-02-22 00:00:00+00:00,short,4,-1.0527891383812011,0,SAME_BAR_SL,fx_cross
RTY,2022-02-22 00:00:00+00:00,short,4,2.495521121233357,2,TP,indices
AUDUSD,2022-02-23 00:00:00+00:00,short,3,2.4829536656891498,1,TP,fx_major
YM,2022-02-23 00:00:00+00:00,long,2,-1.012278422273782,0,SAME_BAR_SL,indices
AUDCHF,2022-02-23 00:00:00+00:00,long,1,2.489769372937294,18,TP,fx_cross
NZDUSD,2022-02-24 00:00:00+00:00,long,1,2.489580435510888,8,TP,fx_major
ES,2022-02-24 00:00:00+00:00,long,2,-1.0162182262996942,0,SAME_BAR_SL,indices
NZDCAD,2022-02-24 00:00:00+00:00,long,1,2.468806979166667,7,TP,fx_cross
NZDCHF,2022-02-24 00:00:00+00:00,long,1,2.487909206571129,8,TP,fx_cross
PA,2022-02-24 00:00:00+00:00,short,3,-1.0027431960461286,0,SAME_BAR_SL,metals
NZDJPY,2022-02-24 00:00:00+00:00,long,1,2.490295172413793,15,TP,fx_cross
SI,2022-02-24 00:00:00+00:00,long,1,-1.0049975562700966,0,SAME_BAR_SL,metals
GBPJPY,2022-02-24 00:00:00+00:00,long,1,-1.0460809331919414,0,SAME_BAR_SL,fx_cross
ES,2022-02-25 00:00:00+00:00,short,4,-1.0030933333333334,0,SAME_BAR_SL,indices
YM,2022-02-25 00:00:00+00:00,short,4,-1.0040060366081434,17,SL,indices
EURUSD,2022-02-27 00:00:00+00:00,long,2,-1.0055195687706486,4,SL,fx_major
EURCHF,2022-02-27 00:00:00+00:00,long,2,-1.0118698039215686,2,SL,fx_cross
DAX,2022-02-28 00:00:00+00:00,long,2,-1.0013148043108338,3,SL,indices
PL,2022-02-28 00:00:00+00:00,long,1,2.4977978471760798,5,TP,metals
CADJPY,2022-02-28 00:00:00+00:00,long,2,2.4909415538847117,14,TP,fx_cross
GBPNZD,2022-03-01 00:00:00+00:00,long,1,-1.0330923849372378,0,SAME_BAR_SL,fx_cross
GBPJPY,2022-03-02 00:00:00+00:00,short,4,-1.0263019354838714,1,SL,fx_cross
EURJPY,2022-03-02 00:00:00+00:00,long,1,-1.0350396070726915,2,SL,fx_cross
HG,2022-03-02 00:00:00+00:00,short,3,-1.0028756292682928,1,SL,metals
CHFJPY,2022-03-03 00:00:00+00:00,short,4,2.4285653549695776,1,TP,fx_cross
EURNZD,2022-03-03 00:00:00+00:00,long,2,-1.0083036592026215,1,SL,fx_cross
USDJPY,2022-03-03 00:00:00+00:00,long,1,2.4846738796778776,9,TP,fx_major
AUDUSD,2022-03-04 00:00:00+00:00,short,4,2.4869092893401015,9,TP,fx_major
GBPAUD,2022-03-04 00:00:00+00:00,long,1,-1.0322517857142854,0,SAME_BAR_SL,fx_cross
EURJPY,2022-03-06 00:00:00+00:00,long,1,2.4665143624161074,2,TP,fx_cross
AUDJPY,2022-03-06 00:00:00+00:00,short,4,-1.0120851430017719,9,SL,fx_cross
EURGBP,2022-03-07 00:00:00+00:00,short,4,-1.0230560319042867,1,SL,fx_cross
NG,2022-03-08 00:00:00+00:00,long,2,2.4989522946175637,15,TP,commodities
HG,2022-03-08 00:00:00+00:00,short,3,2.498490848780488,52,TP,metals
SI,2022-03-08 00:00:00+00:00,short,3,2.4982641358641358,39,TP,metals
EURCAD,2022-03-08 00:00:00+00:00,short,4,-1.0583036552748875,0,SAME_BAR_SL,fx_cross
EURGBP,2022-03-09 00:00:00+00:00,short,4,-1.0247104812268641,0,SAME_BAR_SL,fx_cross
EURJPY,2022-03-09 00:00:00+00:00,short,4,-1.011640443285528,4,SL,fx_cross
NZDUSD,2022-03-09 00:00:00+00:00,long,1,2.487099701897019,12,TP,fx_major
PL,2022-03-09 00:00:00+00:00,long,1,-1.0017739130434782,0,SAME_BAR_SL,metals
EURCAD,2022-03-09 00:00:00+00:00,short,4,2.478140849420849,2,TP,fx_cross
USDCAD,2022-03-11 00:00:00+00:00,long,2,-1.0100234645669293,10,SL,fx_major
EURUSD,2022-03-11 00:00:00+00:00,long,2,-1.0111610443673542,29,SL,fx_major
GBPUSD,2022-03-11 00:00:00+00:00,short,4,-1.0175985234899325,9,SL,fx_major
GBPNZD,2022-03-13 00:00:00+00:00,short,3,-1.0152726838287582,2,SL,fx_cross
PL,2022-03-14 00:00:00+00:00,long,1,-1.0022021528239202,1,SL,metals
GBPAUD,2022-03-14 00:00:00+00:00,short,3,-1.0551014309120683,0,SAME_BAR_SL,fx_cross
PA,2022-03-14 00:00:00+00:00,long,2,-1.0008470353761834,0,SAME_BAR_SL,metals
GBPJPY,2022-03-14 00:00:00+00:00,short,3,-1.0149113307984792,2,SL,fx_cross
NZDCHF,2022-03-14 00:00:00+00:00,long,2,2.4817623021582733,4,TP,fx_cross
CL,2022-03-15 00:00:00+00:00,long,2,-1.0031730041152265,0,SAME_BAR_SL,commodities
RTY,2022-03-16 00:00:00+00:00,short,3,-1.0018216163359217,2,SL,indices
DAX,2022-03-16 00:00:00+00:00,short,3,-1.002800345465762,5,SL,indices
USDCHF,2022-03-16 00:00:00+00:00,short,3,2.4801477154685734,12,TP,fx_major
NKD,2022-03-16 00:00:00+00:00,short,4,-1.003954340527578,0,SAME_BAR_SL,indices
CADCHF,2022-03-16 00:00:00+00:00,short,3,-1.0215759916926272,10,SL,fx_cross
AUDUSD,2022-03-16 00:00:00+00:00,short,4,-1.0347610921501722,0,SAME_BAR_SL,fx_major
NZDCAD,2022-03-17 00:00:00+00:00,long,2,-1.0133024507658643,23,SL,fx_cross
AUDNZD,2022-03-17 00:00:00+00:00,long,2,2.487356932153392,40,TP,fx_cross
EURJPY,2022-03-17 00:00:00+00:00,short,3,-1.0110405264732276,4,SL,fx_cross
YM,2022-03-18 00:00:00+00:00,short,4,-1.004166395173454,9,SL,indices
GBPCHF,2022-03-18 00:00:00+00:00,long,2,-1.0123673722102233,10,SL,fx_cross
AUDCAD,2022-03-18 00:00:00+00:00,short,3,-1.0113879243642687,15,SL,fx_cross
EURAUD,2022-03-18 00:00:00+00:00,long,2,-1.016906800643087,0,SAME_BAR_SL,fx_cross
ES,2022-03-18 00:00:00+00:00,short,3,-1.0088767601246107,3,SL,indices
EURNZD,2022-03-18 00:00:00+00:00,long,2,-1.025055906432749,1,SL,fx_cross
EURCAD,2022-03-18 00:00:00+00:00,long,2,-1.050776250000002,2,SL,fx_cross
CL,2022-03-20 00:00:00+00:00,short,4,-1.00074089774469,60,SL,commodities
NQ,2022-03-22 00:00:00+00:00,short,3,-1.0087014005602242,2,SL,indices
AUDUSD,2022-03-22 00:00:00+00:00,short,4,-1.0225367406605304,1,SL,fx_major
NZDCHF,2022-03-22 00:00:00+00:00,short,3,2.4888804914004914,35,TP,fx_cross
GBPUSD,2022-03-23 00:00:00+00:00,long,1,-1.0161077608031428,5,SL,fx_major
GBPCAD,2022-03-23 00:00:00+00:00,long,1,-1.0119786557208825,2,SL,fx_cross
AUDUSD,2022-03-24 00:00:00+00:00,short,4,-1.0137279685966634,10,SL,fx_major
EURCAD,2022-03-28 00:00:00+00:00,short,4,-1.0138124660471766,2,SL,fx_cross
AUDCHF,2022-03-28 00:00:00+00:00,short,4,2.483590556940981,3,TP,fx_cross
PL,2022-03-29 00:00:00+00:00,long,1,-1.0045147826086958,7,SL,metals
EURNZD,2022-03-29 00:00:00+00:00,short,4,-1.0197130864197528,0,SAME_BAR_SL,fx_cross
USDJPY,2022-03-29 00:00:00+00:00,long,1,2.487136625328824,11,TP,fx_major
CHFJPY,2022-03-29 00:00:00+00:00,long,1,2.4797324972497248,11,TP,fx_cross
GBPJPY,2022-03-30 00:00:00+00:00,short,3,-1.0046813973799127,16,SL,fx_cross
CADCHF,2022-03-30 00:00:00+00:00,long,1,2.4862505750165234,19,TP,fx_cross
NZDUSD,2022-03-30 00:00:00+00:00,short,3,-1.0187756756756763,5,SL,fx_major
RTY,2022-03-31 00:00:00+00:00,long,2,-1.0035509401709402,5,SL,indices
EURCHF,2022-04-01 00:00:00+00:00,short,4,-1.0067773202227224,30,SL,fx_cross
USDCHF,2022-04-01 00:00:00+00:00,short,4,-1.0098435626302824,11,SL,fx_major
NZDJPY,2022-04-01 00:00:00+00:00,short,3,-1.0046359438377535,136,SL,fx_cross
EURJPY,2022-04-04 00:00:00+00:00,long,1,2.477438177458034,6,TP,fx_cross
EURNZD,2022-04-04 00:00:00+00:00,long,2,-1.0199521727395409,1,SL,fx_cross
EURCAD,2022-04-04 00:00:00+00:00,long,2,-1.0199959698779535,1,SL,fx_cross
EURGBP,2022-04-05 00:00:00+00:00,long,1,-1.02823806763285,3,SL,fx_cross
NKD,2022-04-06 00:00:00+00:00,long,1,-1.0088154314720812,0,SAME_BAR_SL,indices
GBPCAD,2022-04-07 00:00:00+00:00,long,2,-1.013570069311311,15,SL,fx_cross
EURNZD,2022-04-11 00:00:00+00:00,short,3,-1.0143193462586124,9,SL,fx_cross
AUDUSD,2022-04-11 00:00:00+00:00,long,1,-1.0145658906030857,6,SL,fx_major
NQ,2022-04-12 00:00:00+00:00,short,4,2.493517496443812,3,TP,indices
PA,2022-04-12 00:00:00+00:00,long,2,-1.0009748226018398,10,SL,metals
ES,2022-04-12 00:00:00+00:00,short,4,2.4948848701880038,8,TP,indices
EURAUD,2022-04-13 00:00:00+00:00,short,3,-1.0096966944908181,7,SL,fx_cross
GBPNZD,2022-04-13 00:00:00+00:00,long,2,2.4866748102383056,4,TP,fx_cross
GBPUSD,2022-04-14 00:00:00+00:00,long,2,-1.0147823263327949,7,SL,fx_major
NZDUSD,2022-04-18 00:00:00+00:00,long,2,-1.051591912568306,0,SAME_BAR_SL,fx_major
AUDCAD,2022-04-19 00:00:00+00:00,short,3,2.490456867117529,20,TP,fx_cross
CHFJPY,2022-04-20 00:00:00+00:00,long,1,-1.0120938806927517,4,SL,fx_cross
USDCHF,2022-04-20 00:00:00+00:00,long,1,2.476164968496849,4,TP,fx_major
NG,2022-04-21 00:00:00+00:00,long,1,-1.0023673718647765,1,SL,commodities
NKD,2022-04-21 00:00:00+00:00,short,4,2.4961759307359306,4,TP,indices
GBPJPY,2022-04-22 00:00:00+00:00,long,1,-1.0116871774193548,2,SL,fx_cross
EURAUD,2022-04-22 00:00:00+00:00,short,3,-1.0077627404479579,2,SL,fx_cross
GBPNZD,2022-04-22 00:00:00+00:00,long,1,-1.0111267214461792,4,SL,fx_cross
GBPCHF,2022-04-22 00:00:00+00:00,long,1,-1.0277007788036931,1,SL,fx_cross
NZDUSD,2022-04-22 00:00:00+00:00,short,4,2.4916467184379854,8,TP,fx_major
AUDCHF,2022-04-22 00:00:00+00:00,long,1,-1.0164243931121377,0,SAME_BAR_SL,fx_cross
GBPAUD,2022-04-22 00:00:00+00:00,short,4,-1.01938696839641,2,SL,fx_cross
USDCAD,2022-04-22 00:00:00+00:00,short,3,-1.0331840150446634,0,SAME_BAR_SL,fx_major
AUDJPY,2022-04-22 00:00:00+00:00,long,1,-1.0179887517146777,1,SL,fx_cross
EURGBP,2022-04-24 00:00:00+00:00,short,4,-1.04806980632008,2,SL,fx_cross
NG,2022-04-24 00:00:00+00:00,long,1,2.4989671846619577,7,TP,commodities
AUDUSD,2022-04-25 00:00:00+00:00,long,2,-1.0304657791225427,0,SAME_BAR_SL,fx_major
EURJPY,2022-04-25 00:00:00+00:00,long,1,-1.0088496246833987,2,SL,fx_cross
GBPUSD,2022-04-25 00:00:00+00:00,long,2,-1.017915645849009,1,SL,fx_major
CADJPY,2022-04-25 00:00:00+00:00,long,1,-1.015751609646663,1,SL,fx_cross
GBPJPY,2022-04-26 00:00:00+00:00,long,1,-1.021201082594494,0,SAME_BAR_SL,fx_cross
USDJPY,2022-04-26 00:00:00+00:00,short,4,-1.014881692243882,2,SL,fx_major
GBPCHF,2022-04-26 00:00:00+00:00,long,2,-1.0424438725796363,0,SAME_BAR_SL,fx_cross
AUDJPY,2022-04-26 00:00:00+00:00,long,1,2.4864779978700744,2,TP,fx_cross
GBPAUD,2022-04-26 00:00:00+00:00,long,2,-1.0177749008294266,3,SL,fx_cross
NZDCAD,2022-04-27 00:00:00+00:00,long,2,-1.025022089552239,1,SL,fx_cross
DAX,2022-04-28 00:00:00+00:00,short,4,-1.006503502170767,4,SL,indices
CADJPY,2022-04-28 00:00:00+00:00,short,3,2.4866603453103124,12,TP,fx_cross
CHFJPY,2022-04-28 00:00:00+00:00,short,4,2.4849087525070197,9,TP,fx_cross
GBPCAD,2022-04-29 00:00:00+00:00,short,4,-1.0176051027196245,2,SL,fx_cross
EURJPY,2022-04-29 00:00:00+00:00,long,2,-1.0070777260981914,11,SL,fx_cross
GBPNZD,2022-04-29 00:00:00+00:00,short,3,-1.0175723386312032,2,SL,fx_cross
EURNZD,2022-04-29 00:00:00+00:00,short,3,-1.021410394736842,2,SL,fx_cross
GBPUSD,2022-05-01 00:00:00+00:00,long,2,-1.0082014711359404,4,SL,fx_major
NQ,2022-05-02 00:00:00+00:00,short,4,2.4983936166522116,36,TP,indices
RTY,2022-05-02 00:00:00+00:00,long,1,-1.003088492436098,6,SL,indices
GBPAUD,2022-05-03 00:00:00+00:00,long,2,-1.0109568944099379,1,SL,fx_cross
EURAUD,2022-05-03 00:00:00+00:00,long,2,-1.0135044715844326,1,SL,fx_cross
EURNZD,2022-05-04 00:00:00+00:00,long,2,2.485884447208832,4,TP,fx_cross
SI,2022-05-04 00:00:00+00:00,short,4,2.4979177653631286,7,TP,metals
EURUSD,2022-05-05 00:00:00+00:00,long,2,-1.0209669009584663,6,SL,fx_major
EURAUD,2022-05-05 00:00:00+00:00,short,4,-1.0395986259541992,1,SL,fx_cross
GBPCHF,2022-05-05 00:00:00+00:00,long,2,2.4817817130620985,10,TP,fx_cross
GBPNZD,2022-05-05 00:00:00+00:00,long,2,-1.0163866098081025,0,SAME_BAR_SL,fx_cross
AUDUSD,2022-05-05 00:00:00+00:00,long,2,-1.0111803204947991,3,SL,fx_major
NZDUSD,2022-05-05 00:00:00+00:00,long,2,-1.0080957794084946,2,SL,fx_major
AUDJPY,2022-05-05 00:00:00+00:00,long,2,-1.0111299247473662,3,SL,fx_cross
EURCAD,2022-05-06 00:00:00+00:00,short,4,-1.0267262745098042,2,SL,fx_cross
NKD,2022-05-06 00:00:00+00:00,short,3,-1.0032765085388995,23,SL,indices
NZDCHF,2022-05-06 00:00:00+00:00,long,2,-1.0105930679437294,5,SL,fx_cross
AUDCHF,2022-05-08 00:00:00+00:00,long,1,-1.0213253888280398,1,SL,fx_cross
GBPNZD,2022-05-09 00:00:00+00:00,short,4,-1.0117367778258985,0,SAME_BAR_SL,fx_cross
NG,2022-05-09 00:00:00+00:00,long,1,-1.000887039543997,0,SAME_BAR_SL,commodities
GBPAUD,2022-05-09 00:00:00+00:00,short,4,-1.0216310447761194,0,SAME_BAR_SL,fx_cross
YM,2022-05-10 00:00:00+00:00,long,1,-1.0031380042984341,8,SL,indices
GBPCAD,2022-05-11 00:00:00+00:00,long,2,-1.0127767597765365,20,SL,fx_cross
NZDUSD,2022-05-11 00:00:00+00:00,short,4,-1.0080385305386523,10,SL,fx_major
USDCAD,2022-05-11 00:00:00+00:00,long,1,2.461896151419559,1,TP,fx_major
EURGBP,2022-05-12 00:00:00+00:00,long,1,-1.0170354545454547,0,SAME_BAR_SL,fx_cross
EURCHF,2022-05-12 00:00:00+00:00,long,1,-1.0122797308662743,6,SL,fx_cross
PA,2022-05-12 00:00:00+00:00,long,1,-1.0028048148148148,0,SAME_BAR_SL,metals
AUDJPY,2022-05-12 00:00:00+00:00,long,1,-1.0130368470835522,0,SAME_BAR_SL,fx_cross
CHFJPY,2022-05-12 00:00:00+00:00,long,1,2.4784789448441242,4,TP,fx_cross
USDJPY,2022-05-12 00:00:00+00:00,long,2,2.4784870319084886,4,TP,fx_major
EURCAD,2022-05-12 00:00:00+00:00,long,1,-1.0480794955863835,0,SAME_BAR_SL,fx_cross
GBPJPY,2022-05-12 00:00:00+00:00,long,1,-1.014384589308996,0,SAME_BAR_SL,fx_cross
HG,2022-05-13 00:00:00+00:00,short,4,-1.0032793128834356,3,SL,metals
NG,2022-05-13 00:00:00+00:00,short,4,-1.0011240143369176,4,SL,commodities
SI,2022-05-16 00:00:00+00:00,short,4,-1.00186878248974,10,SL,metals
NZDCHF,2022-05-16 00:00:00+00:00,short,3,2.4903249301561217,28,TP,fx_cross
EURNZD,2022-05-17 00:00:00+00:00,long,1,2.486330901566657,39,TP,fx_cross
USDCHF,2022-05-17 00:00:00+00:00,long,1,-1.0129038408144377,2,SL,fx_major
CADJPY,2022-05-17 00:00:00+00:00,short,4,2.4721963850687625,1,TP,fx_cross
EURGBP,2022-05-17 00:00:00+00:00,long,1,2.4820322315308454,20,TP,fx_cross
EURJPY,2022-05-17 00:00:00+00:00,short,3,-1.0084598671978753,13,SL,fx_cross
EURUSD,2022-05-17 00:00:00+00:00,short,4,-1.0157820364415862,5,SL,fx_major
RTY,2022-05-17 00:00:00+00:00,short,4,-1.0017880320789636,9,SL,indices
CADCHF,2022-05-18 00:00:00+00:00,long,1,-1.0180576430976433,1,SL,fx_cross
GBPJPY,2022-05-18 00:00:00+00:00,long,1,2.4905439762611277,16,TP,fx_cross
CHFJPY,2022-05-19 00:00:00+00:00,short,4,-1.0108463420427556,3,SL,fx_cross
NG,2022-05-19 00:00:00+00:00,short,3,-1.0009382729805014,5,SL,commodities
USDJPY,2022-05-19 00:00:00+00:00,long,2,-1.0215129680915114,4,SL,fx_major
YM,2022-05-23 00:00:00+00:00,short,4,-1.0023705468931814,4,SL,indices
EURAUD,2022-05-24 00:00:00+00:00,long,2,-1.0095461113626074,7,SL,fx_cross
USDCHF,2022-05-24 00:00:00+00:00,long,1,2.491034476763624,17,TP,fx_major
AUDNZD,2022-05-25 00:00:00+00:00,long,2,2.471237078651686,11,TP,fx_cross
GBPNZD,2022-05-25 00:00:00+00:00,long,2,-1.0078009865858935,67,SL,fx_cross
CADJPY,2022-05-30 00:00:00+00:00,short,4,-1.0278036149312377,1,SL,fx_cross
NG,2022-05-31 00:00:00+00:00,long,1,2.498802169981917,7,TP,commodities
USDJPY,2022-05-31 00:00:00+00:00,short,4,-1.0148048275862067,1,SL,fx_major
EURCAD,2022-05-31 00:00:00+00:00,long,1,-1.0134061983762799,5,SL,fx_cross
EURUSD,2022-06-02 00:00:00+00:00,short,3,2.4801235208471217,7,TP,fx_major
EURJPY,2022-06-02 00:00:00+00:00,short,4,-1.0132070948012233,1,SL,fx_cross
CL,2022-06-03 00:00:00+00:00,long,1,-1.0011532537496173,12,SL,commodities
GBPCHF,2022-06-06 00:00:00+00:00,short,3,-1.026483004694836,0,SAME_BAR_SL,fx_cross
AUDUSD,2022-06-06 00:00:00+00:00,long,1,-1.016032229299363,3,SL,fx_major
GBPJPY,2022-06-07 00:00:00+00:00,short,4,-1.0285020572124168,1,SL,fx_cross
EURCHF,2022-06-07 00:00:00+00:00,short,4,2.4866819561243143,8,TP,fx_cross
USDCAD,2022-06-09 00:00:00+00:00,short,4,-1.0348514566929137,0,SAME_BAR_SL,fx_major
GBPAUD,2022-06-09 00:00:00+00:00,short,4,-1.0161603686635947,11,SL,fx_cross
AUDNZD,2022-06-10 00:00:00+00:00,long,1,-1.0323351171264963,3,SL,fx_cross
GBPCAD,2022-06-10 00:00:00+00:00,long,2,-1.0206746335752752,2,SL,fx_cross
HG,2022-06-10 00:00:00+00:00,long,2,-1.0038502222222223,1,SL,metals
GBPUSD,2022-06-10 00:00:00+00:00,long,2,-1.0078721751025992,2,SL,fx_major
EURUSD,2022-06-13 00:00:00+00:00,long,2,-1.0117687851971036,19,SL,fx_major
EURJPY,2022-06-13 00:00:00+00:00,long,1,-1.020211590324241,3,SL,fx_cross
GBPJPY,2022-06-13 00:00:00+00:00,long,1,-1.0127347397717785,1,SL,fx_cross
CADJPY,2022-06-13 00:00:00+00:00,long,1,-1.0345313404507703,2,SL,fx_cross
USDCHF,2022-06-14 00:00:00+00:00,short,3,2.4773127508090615,2,TP,fx_major
GBPCHF,2022-06-14 00:00:00+00:00,long,2,-1.019512824074074,2,SL,fx_cross
EURAUD,2022-06-14 00:00:00+00:00,short,3,-1.0122753369233009,7,SL,fx_cross
ES,2022-06-15 00:00:00+00:00,short,4,2.4935525459317587,1,TP,indices
NQ,2022-06-16 00:00:00+00:00,long,2,-1.0038769034994697,0,SAME_BAR_SL,indices
AUDNZD,2022-06-16 00:00:00+00:00,long,2,-1.017104950495049,1,SL,fx_cross
CADCHF,2022-06-16 00:00:00+00:00,long,1,-1.0679090966719489,0,SAME_BAR_SL,fx_cross
CHFJPY,2022-06-16 00:00:00+00:00,short,4,-1.0231713207547173,0,SAME_BAR_SL,fx_cross
DAX,2022-06-16 00:00:00+00:00,long,2,-1.0014684846344049,71,SL,indices
GBPCAD,2022-06-16 00:00:00+00:00,short,4,-1.0321100898957214,0,SAME_BAR_SL,fx_cross
AUDCAD,2022-06-16 00:00:00+00:00,long,2,-1.0075310229645094,11,SL,fx_cross
GBPUSD,2022-06-16 00:00:00+00:00,short,4,-1.0286154870940871,0,SAME_BAR_SL,fx_major
PA,2022-06-16 00:00:00+00:00,short,4,-1.0017969047619049,11,SL,metals
AUDUSD,2022-06-16 00:00:00+00:00,long,2,-1.0079866666666666,13,SL,fx_major
AUDCHF,2022-06-16 00:00:00+00:00,long,2,-1.006366046359778,0,SAME_BAR_SL,fx_cross
USDCAD,2022-06-17 00:00:00+00:00,short,3,2.4764972750642675,8,TP,fx_major
USDCHF,2022-06-17 00:00:00+00:00,long,1,2.4555040264026418,1,TP,fx_major
GBPJPY,2022-06-17 00:00:00+00:00,short,4,-1.029089064657879,3,SL,fx_cross
NKD,2022-06-20 00:00:00+00:00,short,4,-1.0041648362720403,1,SL,indices
YM,2022-06-21 00:00:00+00:00,short,4,-1.0035209251897361,3,SL,indices
AUDJPY,2022-06-21 00:00:00+00:00,short,4,2.488559723601814,9,TP,fx_cross
CADJPY,2022-06-21 00:00:00+00:00,short,4,-1.0179070480827754,6,SL,fx_cross
NZDCAD,2022-06-22 00:00:00+00:00,long,2,-1.0092780105992663,6,SL,fx_cross
USDJPY,2022-06-23 00:00:00+00:00,long,1,-1.0227907525586997,0,SAME_BAR_SL,fx_major
SI,2022-06-23 00:00:00+00:00,long,2,-1.0040361904761905,0,SAME_BAR_SL,metals
CADCHF,2022-06-23 00:00:00+00:00,long,2,2.472969301110385,12,TP,fx_cross
EURCAD,2022-06-23 00:00:00+00:00,long,1,-1.0204700133654105,4,SL,fx_cross
ES,2022-06-24 00:00:00+00:00,short,4,-1.0064474540682415,0,SAME_BAR_SL,indices
RTY,2022-06-24 00:00:00+00:00,short,4,-1.0028056004087889,0,SAME_BAR_SL,indices
CHFJPY,2022-06-24 00:00:00+00:00,short,3,-1.016843738796415,3,SL,fx_cross
EURJPY,2022-06-27 00:00:00+00:00,short,3,2.4814828044280444,4,TP,fx_cross
PA,2022-06-30 00:00:00+00:00,long,2,2.4974437288135594,7,TP,metals
EURAUD,2022-06-30 00:00:00+00:00,long,1,-1.0185493415007658,5,SL,fx_cross
NG,2022-06-30 00:00:00+00:00,long,1,-1.001014175285792,0,SAME_BAR_SL,commodities
HG,2022-07-01 00:00:00+00:00,long,1,-1.0065325714285716,3,SL,metals
AUDNZD,2022-07-04 00:00:00+00:00,short,3,-1.0347593037619318,13,SL,fx_cross
CL,2022-07-04 00:00:00+00:00,short,3,2.4982984421867442,2,TP,commodities
AUDCAD,2022-07-05 00:00:00+00:00,short,4,-1.0100073446327684,19,SL,fx_cross
AUDUSD,2022-07-05 00:00:00+00:00,long,2,-1.0291114634146346,0,SAME_BAR_SL,fx_major
AUDCHF,2022-07-05 00:00:00+00:00,long,2,2.477178082191781,2,TP,fx_cross
AUDJPY,2022-07-05 00:00:00+00:00,long,2,2.4833193798449615,8,TP,fx_cross
EURGBP,2022-07-07 00:00:00+00:00,long,2,-1.0440052788104095,5,SL,fx_cross
NQ,2022-07-07 00:00:00+00:00,short,3,-1.003141057790484,10,SL,indices
PL,2022-07-08 00:00:00+00:00,short,4,2.497142646153846,5,TP,metals
USDCAD,2022-07-08 00:00:00+00:00,short,3,-1.0263070707070712,5,SL,fx_major
GBPJPY,2022-07-08 00:00:00+00:00,long,2,-1.0093377814297453,21,SL,fx_cross
HG,2022-07-10 00:00:00+00:00,long,2,-1.0015188888888888,3,SL,metals
NG,2022-07-11 00:00:00+00:00,short,3,-1.00114594355285,4,SL,commodities
GBPCHF,2022-07-11 00:00:00+00:00,long,2,-1.012125625,26,SL,fx_cross
CL,2022-07-12 00:00:00+00:00,long,2,-1.0012976408593433,0,SAME_BAR_SL,commodities
EURCHF,2022-07-12 00:00:00+00:00,short,4,2.485310037174721,29,TP,fx_cross
NKD,2022-07-13 00:00:00+00:00,long,2,2.493580458015267,3,TP,indices
EURCAD,2022-07-14 00:00:00+00:00,short,4,-1.0204205879090404,4,SL,fx_cross
USDCAD,2022-07-17 00:00:00+00:00,short,3,-1.0065251017298558,53,SL,fx_major
NZDUSD,2022-07-17 00:00:00+00:00,short,3,-1.0222830927835052,2,SL,fx_major
SI,2022-07-18 00:00:00+00:00,short,4,-1.0024329032258064,9,SL,metals
AUDCHF,2022-07-18 00:00:00+00:00,short,3,-1.0189516387620499,7,SL,fx_cross
GBPUSD,2022-07-18 00:00:00+00:00,short,3,-1.0274221859706354,6,SL,fx_major
AUDUSD,2022-07-18 00:00:00+00:00,short,3,-1.0203968886521044,1,SL,fx_major
NZDCAD,2022-07-18 00:00:00+00:00,long,2,2.487380943236374,20,TP,fx_cross
EURUSD,2022-07-18 00:00:00+00:00,short,4,-1.0167124279835391,1,SL,fx_major
PL,2022-07-20 00:00:00+00:00,long,2,2.4985213369863013,19,TP,metals
CHFJPY,2022-07-21 00:00:00+00:00,long,1,-1.016963004694836,6,SL,fx_cross
CADJPY,2022-07-21 00:00:00+00:00,long,1,-1.0100447169811322,6,SL,fx_cross
AUDJPY,2022-07-22 00:00:00+00:00,long,2,-1.0080052960825994,8,SL,fx_cross
EURJPY,2022-07-22 00:00:00+00:00,long,1,-1.0120922355843356,3,SL,fx_cross
EURCAD,2022-07-22 00:00:00+00:00,long,2,-1.0144374206270952,27,SL,fx_cross
CADCHF,2022-07-22 00:00:00+00:00,long,2,-1.0248738902147976,8,SL,fx_cross
NZDUSD,2022-07-22 00:00:00+00:00,short,4,-1.0126011051309654,8,SL,fx_major
NG,2022-07-25 00:00:00+00:00,short,3,-1.001096780333069,1,SL,commodities
EURUSD,2022-07-26 00:00:00+00:00,long,1,2.4780701662156934,5,TP,fx_major
HG,2022-07-26 00:00:00+00:00,short,3,-1.0019083636363637,3,SL,metals
GBPUSD,2022-07-27 00:00:00+00:00,short,4,-1.0136157039420755,2,SL,fx_major
AUDCHF,2022-07-27 00:00:00+00:00,long,2,-1.0281326093514331,2,SL,fx_cross
NKD,2022-07-27 00:00:00+00:00,short,3,-1.0046346253229974,14,SL,indices
EURJPY,2022-07-28 00:00:00+00:00,long,1,-1.0103473382074195,3,SL,fx_cross
RTY,2022-07-28 00:00:00+00:00,long,1,2.497055421686747,9,TP,indices
NQ,2022-07-28 00:00:00+00:00,long,1,-1.0016534211067682,34,SL,indices
PA,2022-07-29 00:00:00+00:00,short,4,-1.0016608866995074,2,SL,metals
GBPCAD,2022-07-29 00:00:00+00:00,long,1,-1.0108773653894314,21,SL,fx_cross
AUDUSD,2022-07-29 00:00:00+00:00,short,3,-1.0148426445032113,10,SL,fx_major
NG,2022-07-31 00:00:00+00:00,long,1,-1.0018710616184112,7,SL,commodities
USDJPY,2022-08-01 00:00:00+00:00,long,1,2.4646356756756758,1,TP,fx_major
HG,2022-08-01 00:00:00+00:00,long,1,-1.006035027027027,3,SL,metals
CADJPY,2022-08-02 00:00:00+00:00,short,4,-1.022904794952682,1,SL,fx_cross
CHFJPY,2022-08-02 00:00:00+00:00,short,4,-1.0261819691895504,3,SL,fx_cross
AUDCAD,2022-08-02 00:00:00+00:00,long,1,-1.0119657959961867,30,SL,fx_cross
PA,2022-08-02 00:00:00+00:00,long,1,-1.0016238948626046,1,SL,metals
CADCHF,2022-08-02 00:00:00+00:00,short,3,2.490352437949432,44,TP,fx_cross
NZDCHF,2022-08-03 00:00:00+00:00,short,3,-1.0118304203461674,1,SL,fx_cross
HG,2022-08-05 00:00:00+00:00,short,3,-1.005288930232558,2,SL,metals
GBPUSD,2022-08-05 00:00:00+00:00,long,1,-1.0138780357509758,11,SL,fx_major
SI,2022-08-08 00:00:00+00:00,short,4,2.4980280178837555,17,TP,metals
HG,2022-08-09 00:00:00+00:00,short,4,-1.0026992280701754,3,SL,metals
USDJPY,2022-08-10 00:00:00+00:00,long,1,-1.0098318131723956,1,SL,fx_major
CADJPY,2022-08-10 00:00:00+00:00,long,1,-1.009738162378884,4,SL,fx_cross
USDCHF,2022-08-10 00:00:00+00:00,long,1,-1.0238350315031508,0,SAME_BAR_SL,fx_major
CHFJPY,2022-08-10 00:00:00+00:00,short,3,-1.0234660838747787,8,SL,fx_cross
NG,2022-08-11 00:00:00+00:00,short,3,2.499513850493653,61,TP,commodities
EURNZD,2022-08-11 00:00:00+00:00,long,1,-1.0171795484117871,1,SL,fx_cross
EURJPY,2022-08-11 00:00:00+00:00,short,3,-1.0160811032177186,15,SL,fx_cross
GBPNZD,2022-08-12 00:00:00+00:00,long,2,2.4866748102383056,33,TP,fx_cross
EURNZD,2022-08-15 00:00:00+00:00,short,4,-1.0241634876210985,2,SL,fx_cross
EURAUD,2022-08-15 00:00:00+00:00,short,4,-1.0467495462377945,2,SL,fx_cross
PL,2022-08-16 00:00:00+00:00,short,3,2.4984930176322417,14,TP,metals
PA,2022-08-16 00:00:00+00:00,long,1,-1.0107275590551181,0,SAME_BAR_SL,metals
NZDCHF,2022-08-16 00:00:00+00:00,short,4,2.493226612805494,30,TP,fx_cross
AUDCHF,2022-08-16 00:00:00+00:00,short,4,-1.008827389443652,12,SL,fx_cross
CL,2022-08-16 00:00:00+00:00,short,4,-1.0012458225667529,11,SL,commodities
EURGBP,2022-08-17 00:00:00+00:00,long,2,2.4839797275204356,11,TP,fx_cross
GBPAUD,2022-08-17 00:00:00+00:00,short,4,-1.0242484484484486,0,SAME_BAR_SL,fx_cross
USDJPY,2022-08-17 00:00:00+00:00,short,3,-1.0208511098840416,1,SL,fx_major
NZDUSD,2022-08-17 00:00:00+00:00,long,1,-1.0589322613065324,0,SAME_BAR_SL,fx_major
USDCHF,2022-08-17 00:00:00+00:00,short,4,-1.0740022160664842,1,SL,fx_major
EURNZD,2022-08-18 00:00:00+00:00,short,4,-1.0221261373599606,9,SL,fx_cross
GBPCHF,2022-08-18 00:00:00+00:00,long,2,-1.0289535956580727,1,SL,fx_cross
EURAUD,2022-08-18 00:00:00+00:00,short,3,2.474225982478097,3,TP,fx_cross
CADJPY,2022-08-19 00:00:00+00:00,short,4,-1.009024259485924,12,SL,fx_cross
ES,2022-08-22 00:00:00+00:00,long,1,-1.0044342096505823,4,SL,indices
USDCHF,2022-08-22 00:00:00+00:00,short,3,-1.0545543262411357,0,SAME_BAR_SL,fx_major
GBPAUD,2022-08-23 00:00:00+00:00,long,2,-1.0638497326203196,2,SL,fx_cross
YM,2022-08-23 00:00:00+00:00,long,1,-1.0054918828451882,3,SL,indices
PA,2022-08-25 00:00:00+00:00,short,4,-1.0022397364085667,15,SL,metals
EURUSD,2022-08-25 00:00:00+00:00,short,4,-1.0158263546659148,13,SL,fx_major
RTY,2022-08-25 00:00:00+00:00,short,4,-1.0247733333333335,0,SAME_BAR_SL,indices
AUDUSD,2022-08-26 00:00:00+00:00,short,4,2.4784747310647632,1,TP,fx_major
HG,2022-08-26 00:00:00+00:00,short,4,2.4977330047393367,5,TP,metals
NZDUSD,2022-08-30 00:00:00+00:00,short,4,2.490474140969163,15,TP,fx_major
AUDJPY,2022-08-30 00:00:00+00:00,short,3,-1.013777204301075,7,SL,fx_cross
EURCHF,2022-08-30 00:00:00+00:00,short,4,-1.0412974468085106,0,SAME_BAR_SL,fx_cross
USDCHF,2022-08-30 00:00:00+00:00,short,4,-1.026867598425197,1,SL,fx_major
EURJPY,2022-08-30 00:00:00+00:00,short,4,-1.0110365207504264,3,SL,fx_cross
EURAUD,2022-08-30 00:00:00+00:00,short,4,-1.0285823529411768,1,SL,fx_cross
CL,2022-08-30 00:00:00+00:00,short,3,2.4986354425942157,7,TP,commodities
ES,2022-08-30 00:00:00+00:00,long,1,-1.0033769312169312,6,SL,indices
RTY,2022-08-31 00:00:00+00:00,long,1,-1.002944578313253,5,SL,indices
AUDUSD,2022-09-01 00:00:00+00:00,long,1,-1.0420284013230454,0,SAME_BAR_SL,fx_major
HG,2022-09-02 00:00:00+00:00,long,1,2.4953497872340424,5,TP,metals
YM,2022-09-02 00:00:00+00:00,short,4,-1.0042632775919733,8,SL,indices
GBPCAD,2022-09-05 00:00:00+00:00,short,4,2.4858310948175304,16,TP,fx_cross
EURCAD,2022-09-05 00:00:00+00:00,long,1,2.476185089839921,6,TP,fx_cross
GBPAUD,2022-09-05 00:00:00+00:00,short,4,-1.023965627836611,1,SL,fx_cross
GBPUSD,2022-09-06 00:00:00+00:00,long,2,-1.009173959276018,1,SL,fx_major
GBPJPY,2022-09-06 00:00:00+00:00,short,3,-1.009973165872672,5,SL,fx_cross
EURAUD,2022-09-07 00:00:00+00:00,long,1,2.488407700534759,20,TP,fx_cross
EURNZD,2022-09-07 00:00:00+00:00,long,1,2.4908749871108467,16,TP,fx_cross
RTY,2022-09-07 00:00:00+00:00,short,4,-1.0029593050587635,2,SL,indices
NKD,2022-09-07 00:00:00+00:00,short,4,-1.0041675829383887,1,SL,indices
USDCHF,2022-09-08 00:00:00+00:00,long,1,-1.0096357386363637,1,SL,fx_major
AUDCHF,2022-09-08 00:00:00+00:00,long,2,-1.0228219178082192,4,SL,fx_cross
GBPAUD,2022-09-09 00:00:00+00:00,long,2,-1.0190629121540318,12,SL,fx_cross
AUDCAD,2022-09-09 00:00:00+00:00,short,3,2.4893845133871655,28,TP,fx_cross
NQ,2022-09-09 00:00:00+00:00,short,4,-1.0031622779769016,2,SL,indices
NZDCAD,2022-09-12 00:00:00+00:00,short,3,2.486867457428068,11,TP,fx_cross
EURCHF,2022-09-12 00:00:00+00:00,short,4,2.485540356288221,9,TP,fx_cross
EURUSD,2022-09-12 00:00:00+00:00,short,4,2.477591170674025,1,TP,fx_major
ES,2022-09-13 00:00:00+00:00,long,1,-1.0167302564102565,0,SAME_BAR_SL,indices
USDCHF,2022-09-13 00:00:00+00:00,short,4,-1.0669877306733155,0,SAME_BAR_SL,fx_major
HG,2022-09-13 00:00:00+00:00,long,1,-1.0035421538461538,1,SL,metals
PL,2022-09-13 00:00:00+00:00,long,1,2.49397711827957,1,TP,metals
AUDJPY,2022-09-14 00:00:00+00:00,long,1,-1.0169498740554155,6,SL,fx_cross
NZDJPY,2022-09-14 00:00:00+00:00,long,1,-1.0250429906542051,0,SAME_BAR_SL,fx_cross
EURJPY,2022-09-15 00:00:00+00:00,short,4,-1.006663888334995,27,SL,fx_cross
CHFJPY,2022-09-15 00:00:00+00:00,short,3,-1.0072681497026934,6,SL,fx_cross
PA,2022-09-15 00:00:00+00:00,short,3,-1.0013707767944937,16,SL,metals
SI,2022-09-16 00:00:00+00:00,long,1,-1.0029430656934306,8,SL,metals
AUDCHF,2022-09-16 00:00:00+00:00,short,4,-1.0171329300567105,5,SL,fx_cross
CL,2022-09-16 00:00:00+00:00,short,3,-1.001132470978441,18,SL,commodities
ES,2022-09-16 00:00:00+00:00,long,1,-1.004218725573492,4,SL,indices
NZDJPY,2022-09-20 00:00:00+00:00,long,1,-1.0159942107034667,1,SL,fx_cross
NQ,2022-09-21 00:00:00+00:00,short,4,2.4943368636032095,1,TP,indices
NKD,2022-09-21 00:00:00+00:00,long,1,-1.0066112977099237,1,SL,indices
RTY,2022-09-21 00:00:00+00:00,long,1,-1.0067315384615385,1,SL,indices
CADJPY,2022-09-21 00:00:00+00:00,long,2,-1.0072844876153473,1,SL,fx_cross
GBPCHF,2022-09-22 00:00:00+00:00,short,4,2.478695885167464,1,TP,fx_cross
GBPJPY,2022-09-22 00:00:00+00:00,long,0,-1.015398002038736,0,SAME_BAR_SL,fx_cross
AUDJPY,2022-09-22 00:00:00+00:00,short,4,2.485907598528639,1,TP,fx_cross
PL,2022-09-23 00:00:00+00:00,long,1,-1.00602288172043,0,SAME_BAR_SL,metals
GBPJPY,2022-09-25 00:00:00+00:00,long,1,-1.011400348009491,0,SAME_BAR_SL,fx_cross
NKD,2022-09-26 00:00:00+00:00,long,2,-1.0064195419847328,1,SL,indices
EURCAD,2022-09-26 00:00:00+00:00,short,3,-1.0194564779874211,3,SL,fx_cross
NZDCAD,2022-09-28 00:00:00+00:00,short,4,-1.0115962363004543,1,SL,fx_cross
NZDUSD,2022-09-28 00:00:00+00:00,short,4,-1.009156169111303,6,SL,fx_major
NZDJPY,2022-09-28 00:00:00+00:00,short,4,-1.011388335817188,1,SL,fx_cross
NKD,2022-09-28 00:00:00+00:00,short,4,2.4914493401015227,3,TP,indices
EURNZD,2022-09-28 00:00:00+00:00,short,4,-1.0225819074598677,1,SL,fx_cross
RTY,2022-09-28 00:00:00+00:00,short,4,-1.0021293159108378,23,SL,indices
HG,2022-09-29 00:00:00+00:00,long,2,2.4980402557077626,31,TP,metals
EURUSD,2022-09-29 00:00:00+00:00,short,4,-1.0117631164383563,4,SL,fx_major
EURGBP,2022-09-30 00:00:00+00:00,long,1,-1.0109994721538804,2,SL,fx_cross
DAX,2022-09-30 00:00:00+00:00,short,4,-1.002324417767107,2,SL,indices
GBPUSD,2022-09-30 00:00:00+00:00,short,4,-1.009101885044158,3,SL,fx_major
GBPAUD,2022-09-30 00:00:00+00:00,short,4,-1.0301922373300374,3,SL,fx_cross
USDCAD,2022-10-03 00:00:00+00:00,long,1,-1.0084638099428067,1,SL,fx_major
NZDCHF,2022-10-03 00:00:00+00:00,short,4,-1.0205208152531227,0,SAME_BAR_SL,fx_cross
PL,2022-10-03 00:00:00+00:00,short,4,-1.0038298278145696,1,SL,metals
AUDUSD,2022-10-03 00:00:00+00:00,short,4,-1.0073792216304793,33,SL,fx_major
AUDJPY,2022-10-03 00:00:00+00:00,short,4,-1.0094352804922184,1,SL,fx_cross
AUDNZD,2022-10-03 00:00:00+00:00,long,2,-1.0234729896907222,1,SL,fx_cross
CHFJPY,2022-10-03 00:00:00+00:00,long,2,2.4854799432221433,12,TP,fx_cross
EURNZD,2022-10-04 00:00:00+00:00,short,3,2.477209007241299,1,TP,fx_cross
AUDCHF,2022-10-04 00:00:00+00:00,long,2,-1.0163808383233532,5,SL,fx_cross
EURGBP,2022-10-04 00:00:00+00:00,long,2,2.4815620637329285,6,TP,fx_cross
GBPCAD,2022-10-04 00:00:00+00:00,short,4,-1.0118230867729192,11,SL,fx_cross
EURCAD,2022-10-04 00:00:00+00:00,short,3,-1.0418054997239092,0,SAME_BAR_SL,fx_cross
AUDJPY,2022-10-05 00:00:00+00:00,long,2,2.4739016432865735,1,TP,fx_cross
USDCAD,2022-10-05 00:00:00+00:00,long,1,2.4856847815396255,5,TP,fx_major
GBPUSD,2022-10-06 00:00:00+00:00,long,1,-1.0086494911504422,4,SL,fx_major
GBPCHF,2022-10-06 00:00:00+00:00,long,1,-1.0126164705882352,5,SL,fx_cross
NZDCAD,2022-10-06 00:00:00+00:00,long,2,-1.0114539176069273,1,SL,fx_cross
NZDUSD,2022-10-06 00:00:00+00:00,short,4,2.4915082254697287,3,TP,fx_major
EURUSD,2022-10-06 00:00:00+00:00,long,1,-1.011743272882441,3,SL,fx_major
NZDJPY,2022-10-06 00:00:00+00:00,long,1,-1.012791692902513,0,SAME_BAR_SL,fx_cross
EURCHF,2022-10-07 00:00:00+00:00,long,1,2.4707900862068963,8,TP,fx_cross
NZDJPY,2022-10-07 00:00:00+00:00,long,2,-1.0213576029962543,2,SL,fx_cross
NQ,2022-10-09 00:00:00+00:00,long,2,-1.0050480371826958,2,SL,indices
ES,2022-10-10 00:00:00+00:00,long,2,-1.0066709826589595,3,SL,indices
AUDNZD,2022-10-11 00:00:00+00:00,long,1,-1.0362419354838728,1,SL,fx_cross
SI,2022-10-11 00:00:00+00:00,long,1,-1.0015041169305725,3,SL,metals
CL,2022-10-11 00:00:00+00:00,long,1,-1.0018779562043796,5,SL,commodities
NZDCAD,2022-10-13 00:00:00+00:00,short,3,-1.0080344143147022,11,SL,fx_cross
YM,2022-10-13 00:00:00+00:00,long,2,2.4923754455445546,1,TP,indices
AUDNZD,2022-10-13 00:00:00+00:00,long,2,-1.0251513435237325,0,SAME_BAR_SL,fx_cross
NKD,2022-10-13 00:00:00+00:00,long,2,2.496670597609562,16,TP,indices
GBPUSD,2022-10-13 00:00:00+00:00,short,3,-1.0095076150627613,11,SL,fx_major
GBPNZD,2022-10-13 00:00:00+00:00,short,4,2.477842874438586,1,TP,fx_cross
DAX,2022-10-13 00:00:00+00:00,long,2,2.4962644422890397,1,TP,indices
EURGBP,2022-10-13 00:00:00+00:00,long,2,2.4811543928153066,7,TP,fx_cross
EURAUD,2022-10-13 00:00:00+00:00,short,4,-1.0131935524920468,47,SL,fx_cross
CADCHF,2022-10-14 00:00:00+00:00,long,1,-1.0141211126564675,24,SL,fx_cross
NZDUSD,2022-10-16 00:00:00+00:00,short,4,-1.0060275106136627,2,SL,fx_major
NQ,2022-10-17 00:00:00+00:00,short,4,-1.0017554124036883,1,SL,indices
AUDCHF,2022-10-17 00:00:00+00:00,short,4,-1.0079458668484436,3,SL,fx_cross
GBPNZD,2022-10-17 00:00:00+00:00,short,4,2.477842874438586,1,TP,fx_cross
EURNZD,2022-10-17 00:00:00+00:00,long,1,-1.0097817000801925,3,SL,fx_cross
AUDCAD,2022-10-18 00:00:00+00:00,short,3,-1.038835619504397,3,SL,fx_cross
EURUSD,2022-10-19 00:00:00+00:00,long,2,2.4920731034482757,19,TP,fx_major
SI,2022-10-20 00:00:00+00:00,short,4,-1.0031361658031088,1,SL,metals
PL,2022-10-20 00:00:00+00:00,short,3,-1.00200593006993,1,SL,metals
CHFJPY,2022-10-21 00:00:00+00:00,long,1,-1.0428342148760323,0,SAME_BAR_SL,fx_cross
CADJPY,2022-10-21 00:00:00+00:00,long,2,-1.0054921580102414,18,SL,fx_cross
EURJPY,2022-10-21 00:00:00+00:00,long,1,-1.03709526075023,0,SAME_BAR_SL,fx_cross
USDJPY,2022-10-21 00:00:00+00:00,long,1,-1.01824866873065,0,SAME_BAR_SL,fx_major
GBPJPY,2022-10-21 00:00:00+00:00,long,1,-1.0106912820512821,17,SL,fx_cross
USDCHF,2022-10-23 00:00:00+00:00,long,2,-1.0337376271186451,3,SL,fx_major
NG,2022-10-23 00:00:00+00:00,long,1,2.498463565891473,2,TP,commodities
USDCAD,2022-10-24 00:00:00+00:00,short,4,2.4889839357429717,16,TP,fx_major
AUDCHF,2022-10-24 00:00:00+00:00,long,2,-1.0104859417706475,45,SL,fx_cross
NQ,2022-10-25 00:00:00+00:00,short,3,2.496125414480588,2,TP,indices
PA,2022-10-25 00:00:00+00:00,long,2,-1.0023540625,5,SL,metals
AUDNZD,2022-10-26 00:00:00+00:00,short,4,2.4830599240368967,6,TP,fx_cross
CL,2022-10-26 00:00:00+00:00,short,4,-1.0020366180758018,8,SL,commodities
NZDUSD,2022-10-26 00:00:00+00:00,short,4,-1.0084917745302715,6,SL,fx_major
EURCAD,2022-10-27 00:00:00+00:00,long,1,-1.0274691540130152,0,SAME_BAR_SL,fx_cross
EURNZD,2022-10-27 00:00:00+00:00,long,2,-1.0387205169628437,0,SAME_BAR_SL,fx_cross
EURNZD,2022-10-28 00:00:00+00:00,long,2,-1.0075548107080627,21,SL,fx_cross
USDCHF,2022-10-28 00:00:00+00:00,short,3,2.494131374447485,15,TP,fx_major
EURCHF,2022-10-28 00:00:00+00:00,short,3,-1.01416,63,SL,fx_cross
AUDCAD,2022-10-28 00:00:00+00:00,long,1,2.489267857457105,15,TP,fx_cross
GBPAUD,2022-10-31 00:00:00+00:00,long,2,-1.0143246098987306,3,SL,fx_cross
PL,2022-10-31 00:00:00+00:00,long,1,2.498801685884692,53,TP,metals
NZDCHF,2022-11-01 00:00:00+00:00,short,4,-1.0142707317073172,15,SL,fx_cross
ES,2022-11-01 00:00:00+00:00,long,1,-1.0019871652593486,2,SL,indices
RTY,2022-11-02 00:00:00+00:00,long,1,-1.0040748603351954,0,SAME_BAR_SL,indices
AUDJPY,2022-11-02 00:00:00+00:00,short,3,2.4904632383699963,41,TP,fx_cross
YM,2022-11-02 00:00:00+00:00,long,1,2.4983249234776945,335,TP,indices
NQ,2022-11-03 00:00:00+00:00,long,2,-1.0097073417721518,0,SAME_BAR_SL,indices
GBPCAD,2022-11-03 00:00:00+00:00,long,2,-1.0061328765969395,1,SL,fx_cross
NZDUSD,2022-11-03 00:00:00+00:00,long,1,2.4938500323994663,7,TP,fx_major
NZDJPY,2022-11-04 00:00:00+00:00,short,3,2.4884133523537804,6,TP,fx_cross
NKD,2022-11-04 00:00:00+00:00,short,3,-1.0058225165562913,2,SL,indices
EURCAD,2022-11-07 00:00:00+00:00,short,4,-1.0185658684985277,4,SL,fx_cross
CL,2022-11-08 00:00:00+00:00,long,1,-1.0031892976588628,1,SL,commodities
GBPCAD,2022-11-09 00:00:00+00:00,long,2,2.4914065495207667,12,TP,fx_cross
GBPUSD,2022-11-09 00:00:00+00:00,long,1,2.485173488480335,1,TP,fx_major
RTY,2022-11-10 00:00:00+00:00,short,3,-1.0043606779661016,1,SL,indices
NKD,2022-11-10 00:00:00+00:00,short,3,2.492524958677686,19,TP,indices
EURJPY,2022-11-10 00:00:00+00:00,long,2,-1.0229248416289596,0,SAME_BAR_SL,fx_cross
USDJPY,2022-11-10 00:00:00+00:00,long,1,-1.012430192976906,1,SL,fx_major
ES,2022-11-10 00:00:00+00:00,short,3,-1.0046259701492537,0,SAME_BAR_SL,indices
EURGBP,2022-11-10 00:00:00+00:00,long,2,-1.0267029164391042,7,SL,fx_cross
DAX,2022-11-10 00:00:00+00:00,short,3,-1.0060934435261708,0,SAME_BAR_SL,indices
AUDUSD,2022-11-11 00:00:00+00:00,short,4,-1.012908173673329,3,SL,fx_major
EURUSD,2022-11-11 00:00:00+00:00,short,4,-1.1069652141526982,0,SAME_BAR_SL,fx_major
EURCAD,2022-11-15 00:00:00+00:00,short,4,-1.034010896309316,7,SL,fx_cross
GBPCHF,2022-11-15 00:00:00+00:00,short,4,-1.0077272548053227,8,SL,fx_cross
EURUSD,2022-11-15 00:00:00+00:00,short,4,2.4816823595858177,5,TP,fx_major
NZDUSD,2022-11-15 00:00:00+00:00,short,4,-1.0095258590308371,8,SL,fx_major
HG,2022-11-17 00:00:00+00:00,long,1,-1.0040667586206897,2,SL,metals
PA,2022-11-18 00:00:00+00:00,long,1,-1.0008691620111732,23,SL,metals
CADCHF,2022-11-18 00:00:00+00:00,long,2,-1.0146898969072167,4,SL,fx_cross
NG,2022-11-21 00:00:00+00:00,short,3,-1.0009688690210103,2,SL,commodities
GBPAUD,2022-11-23 00:00:00+00:00,short,4,-1.0270989530491093,3,SL,fx_cross
GBPUSD,2022-11-23 00:00:00+00:00,short,3,-1.0143814492753622,7,SL,fx_major
EURNZD,2022-11-24 00:00:00+00:00,long,1,2.4599977987962176,3,TP,fx_cross
NZDCAD,2022-11-24 00:00:00+00:00,short,4,-1.009020569668976,6,SL,fx_cross
CL,2022-11-25 00:00:00+00:00,short,4,-1.0016576501305483,5,SL,commodities
SI,2022-11-27 00:00:00+00:00,long,1,-1.0056232365145228,1,SL,metals
AUDUSD,2022-11-27 00:00:00+00:00,long,1,2.493537289478216,49,TP,fx_major
GBPCAD,2022-11-29 00:00:00+00:00,short,4,-1.0976123076923165,0,SAME_BAR_SL,fx_cross
GBPAUD,2022-12-01 00:00:00+00:00,short,3,-1.0120046269907796,3,SL,fx_cross
NQ,2022-12-01 00:00:00+00:00,short,4,2.4943368636032095,4,TP,indices
NZDUSD,2022-12-02 00:00:00+00:00,short,3,-1.0109751086623815,9,SL,fx_major
USDCHF,2022-12-02 00:00:00+00:00,long,1,-1.0163038107098379,9,SL,fx_major
AUDNZD,2022-12-02 00:00:00+00:00,long,2,-1.0350640566037734,3,SL,fx_cross
SI,2022-12-02 00:00:00+00:00,short,4,-1.0020822346368714,9,SL,metals
RTY,2022-12-05 00:00:00+00:00,long,2,-1.0061858823529413,1,SL,indices
HG,2022-12-05 00:00:00+00:00,long,1,-1.0049430204081633,13,SL,metals
EURCAD,2022-12-05 00:00:00+00:00,short,4,-1.011910868722992,6,SL,fx_cross
ES,2022-12-06 00:00:00+00:00,long,2,-1.007461348973607,0,SAME_BAR_SL,indices
GBPUSD,2022-12-06 00:00:00+00:00,short,3,-1.013253766434648,6,SL,fx_major
CL,2022-12-06 00:00:00+00:00,long,1,-1.0031192602377808,1,SL,commodities
EURJPY,2022-12-06 00:00:00+00:00,long,2,-1.0061590549248236,12,SL,fx_cross
GBPAUD,2022-12-06 00:00:00+00:00,long,1,-1.0191895171369063,14,SL,fx_cross
AUDCAD,2022-12-09 00:00:00+00:00,short,4,-1.0309526968973746,3,SL,fx_cross
EURAUD,2022-12-09 00:00:00+00:00,long,1,2.481094273281114,5,TP,fx_cross
GBPCAD,2022-12-12 00:00:00+00:00,short,4,2.4853658387799564,9,TP,fx_cross
GBPJPY,2022-12-13 00:00:00+00:00,long,1,-1.0144613999383287,3,SL,fx_cross
CL,2022-12-13 00:00:00+00:00,long,2,-1.00115430238211,77,SL,commodities
RTY,2022-12-13 00:00:00+00:00,short,3,2.49580469273743,2,TP,indices
ES,2022-12-13 00:00:00+00:00,short,3,-1.0059344127708096,0,SAME_BAR_SL,indices
USDJPY,2022-12-15 00:00:00+00:00,short,3,2.49191191679049,14,TP,fx_major
ES,2022-12-15 00:00:00+00:00,long,2,-1.027665934065934,0,SAME_BAR_SL,indices
CHFJPY,2022-12-16 00:00:00+00:00,long,2,-1.0140493214530504,3,SL,fx_cross
NZDUSD,2022-12-16 00:00:00+00:00,short,3,2.4943332826362483,141,TP,fx_major
GBPNZD,2022-12-16 00:00:00+00:00,long,1,2.4911696734626223,80,TP,fx_cross
NZDCAD,2022-12-16 00:00:00+00:00,short,3,2.4909778468368478,53,TP,fx_cross
GBPUSD,2022-12-16 00:00:00+00:00,short,3,-1.0060659882999468,92,SL,fx_major
EURUSD,2022-12-19 00:00:00+00:00,long,1,-1.0153627586206893,15,SL,fx_major
NG,2022-12-19 00:00:00+00:00,long,1,-1.0023104622871046,1,SL,commodities
RTY,2022-12-19 00:00:00+00:00,long,1,2.495233712829227,16,TP,indices
PA,2022-12-19 00:00:00+00:00,long,2,-1.0007036031331593,47,SL,metals
GBPJPY,2022-12-20 00:00:00+00:00,long,2,-1.0095419607843137,0,SAME_BAR_SL,fx_cross
NZDCHF,2022-12-20 00:00:00+00:00,long,2,-1.0268183360522014,1,SL,fx_cross
CADJPY,2022-12-20 00:00:00+00:00,long,1,2.4818154821308163,4,TP,fx_cross
SI,2022-12-22 00:00:00+00:00,long,1,-1.0016191452991452,35,SL,metals
GBPCAD,2022-12-27 00:00:00+00:00,long,1,2.4899300850734725,73,TP,fx_cross
AUDNZD,2022-12-28 00:00:00+00:00,short,4,-1.0204525458248477,4,SL,fx_cross
GBPCHF,2022-12-28 00:00:00+00:00,short,4,-1.0183060828955046,12,SL,fx_cross
EURNZD,2022-12-29 00:00:00+00:00,short,3,-1.012959604449938,3,SL,fx_cross
NKD,2023-01-03 00:00:00+00:00,short,4,-1.0041305472636817,5,SL,indices
DAX,2023-01-03 00:00:00+00:00,short,4,-1.0023317899031106,4,SL,indices
CHFJPY,2023-01-03 00:00:00+00:00,long,1,2.484318202968311,1,TP,fx_cross
CADCHF,2023-01-03 00:00:00+00:00,short,3,-1.0243820304568525,1,SL,fx_cross
GBPJPY,2023-01-03 00:00:00+00:00,long,1,2.494828340637214,85,TP,fx_cross
AUDJPY,2023-01-04 00:00:00+00:00,short,4,-1.0129136057941024,0,SAME_BAR_SL,fx_cross
NZDJPY,2023-01-04 00:00:00+00:00,short,4,-1.0296599744572152,0,SAME_BAR_SL,fx_cross
EURJPY,2023-01-04 00:00:00+00:00,short,4,-1.0690564788732415,0,SAME_BAR_SL,fx_cross
CADJPY,2023-01-04 00:00:00+00:00,short,4,-1.087961818181812,0,SAME_BAR_SL,fx_cross
HG,2023-01-05 00:00:00+00:00,short,4,-1.0044421818181817,1,SL,metals
CHFJPY,2023-01-05 00:00:00+00:00,short,3,2.488331083357537,6,TP,fx_cross
USDCAD,2023-01-06 00:00:00+00:00,short,3,2.48006065934066,2,TP,fx_major
USDJPY,2023-01-08 00:00:00+00:00,long,2,-1.0059742386032977,4,SL,fx_major
HG,2023-01-08 00:00:00+00:00,short,4,-1.0024362870813397,3,SL,metals
NQ,2023-01-09 00:00:00+00:00,short,4,-1.004104912782385,2,SL,indices
ES,2023-01-10 00:00:00+00:00,long,1,2.4969256720098643,19,TP,indices
AUDCHF,2023-01-10 00:00:00+00:00,long,1,2.4828233317238046,2,TP,fx_cross
EURUSD,2023-01-12 00:00:00+00:00,short,4,-1.0085477601809953,17,SL,fx_major
NZDCHF,2023-01-12 00:00:00+00:00,long,1,-1.01305047318612,6,SL,fx_cross
CADCHF,2023-01-13 00:00:00+00:00,long,1,-1.0135976106816582,4,SL,fx_cross
CADJPY,2023-01-13 00:00:00+00:00,long,2,-1.027289033570702,0,SAME_BAR_SL,fx_cross
CADJPY,2023-01-18 00:00:00+00:00,short,3,2.4894748773006135,1,TP,fx_cross
NG,2023-01-18 00:00:00+00:00,long,1,-1.0032944099378882,1,SL,commodities
NZDJPY,2023-01-18 00:00:00+00:00,short,3,-1.0107358316174788,5,SL,fx_cross
AUDJPY,2023-01-18 00:00:00+00:00,short,3,-1.0098990031152648,5,SL,fx_cross
PL,2023-01-18 00:00:00+00:00,long,1,-1.0021484530744336,11,SL,metals
AUDNZD,2023-01-18 00:00:00+00:00,long,1,2.481215621890547,12,TP,fx_cross
EURGBP,2023-01-19 00:00:00+00:00,long,1,2.4551815215398736,3,TP,fx_cross
EURNZD,2023-01-19 00:00:00+00:00,short,3,-1.0169554498300841,13,SL,fx_cross
EURCAD,2023-01-20 00:00:00+00:00,long,1,-1.0137402871136632,15,SL,fx_cross
EURAUD,2023-01-20 00:00:00+00:00,long,1,-1.008617341497136,4,SL,fx_cross
USDCAD,2023-01-20 00:00:00+00:00,long,1,-1.0175752434456928,6,SL,fx_major
NKD,2023-01-23 00:00:00+00:00,short,4,-1.0107338271604938,0,SAME_BAR_SL,indices
NQ,2023-01-23 00:00:00+00:00,short,3,-1.0014306274250024,8,SL,indices
RTY,2023-01-23 00:00:00+00:00,short,3,-1.0035391774383078,4,SL,indices
EURJPY,2023-01-23 00:00:00+00:00,short,3,-1.0142081203007518,20,SL,fx_cross
CADCHF,2023-01-23 00:00:00+00:00,short,3,2.4913692789968653,42,TP,fx_cross
EURCHF,2023-01-23 00:00:00+00:00,short,4,-1.0429553445635518,1,SL,fx_cross
GBPAUD,2023-01-24 00:00:00+00:00,long,2,-1.02047367457345,0,SAME_BAR_SL,fx_cross
AUDCHF,2023-01-25 00:00:00+00:00,short,4,2.4840766695576755,8,TP,fx_cross
NG,2023-01-25 00:00:00+00:00,short,4,2.499567578765645,326,TP,commodities
AUDUSD,2023-01-25 00:00:00+00:00,short,3,-1.0131123759099934,6,SL,fx_major
CADJPY,2023-01-26 00:00:00+00:00,short,3,-1.0293228156904892,5,SL,fx_cross
USDCHF,2023-02-01 00:00:00+00:00,long,1,2.4558854166666664,1,TP,fx_major
EURGBP,2023-02-01 00:00:00+00:00,short,3,-1.0220211106175037,1,SL,fx_cross
CADJPY,2023-02-02 00:00:00+00:00,short,4,-1.0142077160010443,2,SL,fx_cross
EURUSD,2023-02-02 00:00:00+00:00,long,1,-1.0137307158937414,3,SL,fx_major
RTY,2023-02-02 00:00:00+00:00,short,3,2.4935390170511536,4,TP,indices
EURAUD,2023-02-03 00:00:00+00:00,short,4,2.4734567498478395,9,TP,fx_cross
USDJPY,2023-02-03 00:00:00+00:00,short,4,-1.0162379964221826,0,SAME_BAR_SL,fx_major
EURCHF,2023-02-03 00:00:00+00:00,short,4,2.479058594917788,30,TP,fx_cross
AUDCAD,2023-02-03 00:00:00+00:00,long,1,-1.0125891118578971,1,SL,fx_cross
AUDUSD,2023-02-03 00:00:00+00:00,long,2,-1.0107055254604551,0,SAME_BAR_SL,fx_major
EURGBP,2023-02-03 00:00:00+00:00,short,4,2.491957442981047,108,TP,fx_cross
USDJPY,2023-02-05 00:00:00+00:00,short,3,-1.0120426527278665,8,SL,fx_major
GBPAUD,2023-02-06 00:00:00+00:00,short,3,-1.0114385209454715,13,SL,fx_cross
AUDJPY,2023-02-07 00:00:00+00:00,short,4,-1.0174801634877386,5,SL,fx_cross
EURNZD,2023-02-09 00:00:00+00:00,long,1,2.4855525817293005,23,TP,fx_cross
GBPCHF,2023-02-09 00:00:00+00:00,short,4,-1.0238830581039755,4,SL,fx_cross
PL,2023-02-09 00:00:00+00:00,long,1,-1.0052349830508474,1,SL,metals
DAX,2023-02-10 00:00:00+00:00,long,1,-1.0036116814159293,21,SL,indices
CADJPY,2023-02-10 00:00:00+00:00,long,2,2.4862554485554993,2,TP,fx_cross
NZDJPY,2023-02-13 00:00:00+00:00,short,3,-1.031931459754435,0,SAME_BAR_SL,fx_cross
AUDNZD,2023-02-13 00:00:00+00:00,long,2,-1.0170696296296295,13,SL,fx_cross
ES,2023-02-14 00:00:00+00:00,long,2,-1.005858818283166,6,SL,indices
AUDCAD,2023-02-14 00:00:00+00:00,short,3,2.482578317757009,11,TP,fx_cross
EURAUD,2023-02-15 00:00:00+00:00,short,3,-1.0182397487437185,8,SL,fx_cross
GBPCHF,2023-02-15 00:00:00+00:00,long,1,-1.0170712929623567,1,SL,fx_cross
SI,2023-02-15 00:00:00+00:00,long,1,-1.0018522252010724,10,SL,metals
AUDCHF,2023-02-15 00:00:00+00:00,long,2,-1.0283268878357021,0,SAME_BAR_SL,fx_cross
USDCAD,2023-02-16 00:00:00+00:00,short,3,-1.0631794630872486,0,SAME_BAR_SL,fx_major
AUDCHF,2023-02-16 00:00:00+00:00,long,2,-1.0161808378870674,15,SL,fx_cross
RTY,2023-02-16 00:00:00+00:00,long,1,-1.0053780466724287,4,SL,indices
HG,2023-02-20 00:00:00+00:00,short,3,2.4963896216216215,6,TP,metals
EURCAD,2023-02-21 00:00:00+00:00,short,3,-1.0402580259222316,6,SL,fx_cross
PL,2023-02-21 00:00:00+00:00,short,4,-1.0023113282442748,9,SL,metals
NKD,2023-02-22 00:00:00+00:00,long,1,2.489007898089172,3,TP,indices
NQ,2023-02-22 00:00:00+00:00,long,2,-1.0035595307108351,14,SL,indices
NZDCHF,2023-02-24 00:00:00+00:00,short,4,-1.0167620143884892,4,SL,fx_cross
EURJPY,2023-02-27 00:00:00+00:00,long,1,-1.011038902003843,12,SL,fx_cross
NZDCAD,2023-02-27 00:00:00+00:00,long,1,2.483961492639507,12,TP,fx_cross
NKD,2023-02-27 00:00:00+00:00,short,4,-1.0308378947368422,0,SAME_BAR_SL,indices
GBPAUD,2023-02-27 00:00:00+00:00,short,4,-1.0679349522510269,0,SAME_BAR_SL,fx_cross
ES,2023-03-01 00:00:00+00:00,long,2,2.493896783555018,4,TP,indices
GBPAUD,2023-03-01 00:00:00+00:00,long,1,-1.142859540229897,1,SL,fx_cross
NKD,2023-03-03 00:00:00+00:00,short,3,-1.012197006802721,0,SAME_BAR_SL,indices
HG,2023-03-06 00:00:00+00:00,long,2,-1.0033581176470587,8,SL,metals
RTY,2023-03-06 00:00:00+00:00,long,2,-1.004675391705069,2,SL,indices
GBPCHF,2023-03-08 00:00:00+00:00,long,2,-1.0225370643528562,4,SL,fx_cross
ES,2023-03-09 00:00:00+00:00,long,1,2.4969256720098643,21,TP,indices
USDJPY,2023-03-09 00:00:00+00:00,long,2,-1.0229323540036122,1,SL,fx_major
CHFJPY,2023-03-09 00:00:00+00:00,long,1,2.4759884701712935,1,TP,fx_cross
NKD,2023-03-09 00:00:00+00:00,long,1,-1.0048782795698925,1,SL,indices
GBPAUD,2023-03-10 00:00:00+00:00,short,3,-1.0156062908923362,1,SL,fx_cross
AUDJPY,2023-03-10 00:00:00+00:00,short,4,2.4855486041189936,2,TP,fx_cross
NZDJPY,2023-03-10 00:00:00+00:00,short,4,2.485204750473784,5,TP,fx_cross
USDCAD,2023-03-10 00:00:00+00:00,short,3,2.4442679310344815,1,TP,fx_major
EURCAD,2023-03-12 00:00:00+00:00,short,4,2.4780460966542757,3,TP,fx_cross
CADJPY,2023-03-12 00:00:00+00:00,long,2,-1.0137445514445007,4,SL,fx_cross
NKD,2023-03-12 00:00:00+00:00,long,1,-1.0077617621145374,1,SL,indices
AUDCAD,2023-03-13 00:00:00+00:00,short,3,-1.024192739273927,5,SL,fx_cross
SI,2023-03-13 00:00:00+00:00,short,3,-1.0048068327402135,0,SAME_BAR_SL,metals
PA,2023-03-13 00:00:00+00:00,short,4,-1.0023261224489797,0,SAME_BAR_SL,metals
GBPCHF,2023-03-15 00:00:00+00:00,short,4,2.4468491062394664,1,TP,fx_cross
NZDCHF,2023-03-15 00:00:00+00:00,short,4,-1.0131715854158132,2,SL,fx_cross
EURJPY,2023-03-15 00:00:00+00:00,long,2,-1.0547926462395574,0,SAME_BAR_SL,fx_cross
RTY,2023-03-15 00:00:00+00:00,long,2,-1.001250251775339,188,SL,indices
PL,2023-03-15 00:00:00+00:00,long,1,-1.0116624905660376,0,SAME_BAR_SL,metals
EURNZD,2023-03-15 00:00:00+00:00,long,1,-1.055859673659672,0,SAME_BAR_SL,fx_cross
NKD,2023-03-15 00:00:00+00:00,long,2,2.4904343502824857,1,TP,indices
CHFJPY,2023-03-15 00:00:00+00:00,long,1,-1.0087594395796848,4,SL,fx_cross
USDJPY,2023-03-15 00:00:00+00:00,long,2,-1.0041223300129927,4,SL,fx_major
AUDCHF,2023-03-16 00:00:00+00:00,short,4,-1.0187353430578066,3,SL,fx_cross
PL,2023-03-17 00:00:00+00:00,short,3,-1.005132387096774,15,SL,metals
AUDNZD,2023-03-19 00:00:00+00:00,short,4,-1.0124062430138687,25,SL,fx_cross
EURCHF,2023-03-20 00:00:00+00:00,short,4,-1.023985699481865,1,SL,fx_cross
GBPCHF,2023-03-20 00:00:00+00:00,short,4,2.477331056563501,20,TP,fx_cross
NZDCHF,2023-03-21 00:00:00+00:00,long,1,-1.0101642821158692,5,SL,fx_cross
USDJPY,2023-03-21 00:00:00+00:00,short,4,-1.018131512770138,1,SL,fx_major
GBPAUD,2023-03-21 00:00:00+00:00,short,4,-1.0316589200863926,3,SL,fx_cross
CADCHF,2023-03-22 00:00:00+00:00,long,2,-1.0086905341384116,28,SL,fx_cross
AUDCHF,2023-03-22 00:00:00+00:00,short,3,2.489777436503249,26,TP,fx_cross
AUDUSD,2023-03-22 00:00:00+00:00,short,4,-1.019224383282365,10,SL,fx_major
AUDCAD,2023-03-22 00:00:00+00:00,short,4,2.4720109209100753,4,TP,fx_cross
CADJPY,2023-03-22 00:00:00+00:00,short,3,-1.0066020909311937,10,SL,fx_cross
PA,2023-03-22 00:00:00+00:00,long,2,2.4978652427184467,8,TP,metals
EURJPY,2023-03-23 00:00:00+00:00,long,1,2.4944457062858745,33,TP,fx_cross
USDCHF,2023-03-23 00:00:00+00:00,long,2,-1.0210143619203942,10,SL,fx_major
GBPNZD,2023-03-27 00:00:00+00:00,short,3,-1.0140449924204147,13,SL,fx_cross
USDCAD,2023-03-28 00:00:00+00:00,long,1,-1.0271553117206977,2,SL,fx_major
NZDCHF,2023-03-29 00:00:00+00:00,long,2,-1.0108076601483478,7,SL,fx_cross
NKD,2023-03-29 00:00:00+00:00,short,4,-1.0058246357615894,0,SAME_BAR_SL,indices
USDJPY,2023-03-30 00:00:00+00:00,short,3,-1.0083214801604994,25,SL,fx_major
NZDCAD,2023-03-30 00:00:00+00:00,short,4,-1.017184556320174,5,SL,fx_cross
EURCHF,2023-03-31 00:00:00+00:00,long,2,-1.0138295349415567,11,SL,fx_cross
EURCAD,2023-03-31 00:00:00+00:00,long,1,-1.027497762893503,1,SL,fx_cross
EURUSD,2023-03-31 00:00:00+00:00,long,1,-1.0286307257304423,2,SL,fx_major
AUDCAD,2023-04-03 00:00:00+00:00,short,4,-1.0212931709365811,0,SAME_BAR_SL,fx_cross
USDCAD,2023-04-03 00:00:00+00:00,long,1,-1.0319806943268415,0,SAME_BAR_SL,fx_major
EURCAD,2023-04-04 00:00:00+00:00,short,4,-1.0150075100255196,15,SL,fx_cross
EURAUD,2023-04-04 00:00:00+00:00,short,3,-1.0145500240731822,1,SL,fx_cross
GBPAUD,2023-04-04 00:00:00+00:00,short,4,-1.0253569531249993,1,SL,fx_cross
AUDJPY,2023-04-04 00:00:00+00:00,long,2,-1.037943310450037,1,SL,fx_cross
SI,2023-04-04 00:00:00+00:00,short,4,-1.0053347508305648,5,SL,metals
AUDUSD,2023-04-05 00:00:00+00:00,long,2,-1.0212520317820664,2,SL,fx_major
PL,2023-04-05 00:00:00+00:00,long,1,2.4965165217391303,6,TP,metals
AUDCAD,2023-04-06 00:00:00+00:00,long,2,-1.0360510028653285,9,SL,fx_cross
NZDJPY,2023-04-06 00:00:00+00:00,long,1,2.4721197101449275,6,TP,fx_cross
NZDCAD,2023-04-07 00:00:00+00:00,short,3,2.491203653917564,50,TP,fx_cross
EURUSD,2023-04-10 00:00:00+00:00,long,2,2.4780929292929295,3,TP,fx_major
PA,2023-04-12 00:00:00+00:00,short,3,-1.0150890322580646,1,SL,metals
DAX,2023-04-12 00:00:00+00:00,short,3,-1.0058428473019518,13,SL,indices
GBPNZD,2023-04-13 00:00:00+00:00,long,1,2.476156407185629,6,TP,fx_cross
USDCAD,2023-04-13 00:00:00+00:00,long,2,-1.0137219480043937,54,SL,fx_major
SI,2023-04-13 00:00:00+00:00,short,3,2.497556449704142,30,TP,metals
NQ,2023-04-14 00:00:00+00:00,long,1,-1.0033099941141848,9,SL,indices
ES,2023-04-14 00:00:00+00:00,long,1,-1.006221971830986,10,SL,indices
NZDJPY,2023-04-14 00:00:00+00:00,long,2,-1.013183551401869,6,SL,fx_cross
NZDCHF,2023-04-17 00:00:00+00:00,long,2,-1.0196531309297916,3,SL,fx_cross
AUDUSD,2023-04-17 00:00:00+00:00,long,2,-1.0101937666576013,8,SL,fx_major
HG,2023-04-17 00:00:00+00:00,long,1,-1.002978377142857,6,SL,metals
AUDJPY,2023-04-18 00:00:00+00:00,short,4,2.4855486041189936,7,TP,fx_cross
PA,2023-04-18 00:00:00+00:00,short,4,2.4988759201773836,45,TP,metals
AUDNZD,2023-04-18 00:00:00+00:00,short,3,-1.0393441655886158,2,SL,fx_cross
EURNZD,2023-04-20 00:00:00+00:00,long,1,2.4795315724308704,5,TP,fx_cross
AUDNZD,2023-04-21 00:00:00+00:00,short,4,2.4780339446242348,6,TP,fx_cross
EURAUD,2023-04-21 00:00:00+00:00,short,3,-1.0493759914024723,2,SL,fx_cross
GBPAUD,2023-04-24 00:00:00+00:00,short,3,-1.0257079487179486,1,SL,fx_cross
PL,2023-04-24 00:00:00+00:00,long,1,-1.0018054822335025,6,SL,metals
GBPCAD,2023-04-25 00:00:00+00:00,short,4,-1.02057726443769,1,SL,fx_cross
EURUSD,2023-04-25 00:00:00+00:00,long,1,-1.0155626787970684,15,SL,fx_major
CL,2023-04-25 00:00:00+00:00,long,2,-1.0039183673469387,1,SL,commodities
CHFJPY,2023-04-25 00:00:00+00:00,long,1,-1.020860416253717,2,SL,fx_cross
EURCHF,2023-04-26 00:00:00+00:00,short,3,-1.0814650887573927,1,SL,fx_cross
GBPNZD,2023-04-27 00:00:00+00:00,long,1,-1.0184416114359969,4,SL,fx_cross
GBPCAD,2023-04-28 00:00:00+00:00,short,4,-1.0265614035087718,4,SL,fx_cross
EURCAD,2023-04-28 00:00:00+00:00,long,1,-1.0609199418604631,0,SAME_BAR_SL,fx_cross
CADJPY,2023-04-28 00:00:00+00:00,short,4,-1.018125235602094,0,SAME_BAR_SL,fx_cross
EURNZD,2023-04-28 00:00:00+00:00,long,1,-1.0298107664884126,0,SAME_BAR_SL,fx_cross
HG,2023-05-01 00:00:00+00:00,short,4,2.4967131428571427,9,TP,metals
EURCAD,2023-05-01 00:00:00+00:00,long,1,-1.0669258426966248,0,SAME_BAR_SL,fx_cross
GBPAUD,2023-05-01 00:00:00+00:00,long,1,-1.031167608375111,1,SL,fx_cross
EURAUD,2023-05-01 00:00:00+00:00,long,1,-1.0379767636214672,1,SL,fx_cross
AUDCAD,2023-05-01 00:00:00+00:00,short,3,-1.0156869651741294,1,SL,fx_cross
EURNZD,2023-05-02 00:00:00+00:00,long,1,-1.0204684275691294,2,SL,fx_cross
AUDNZD,2023-05-02 00:00:00+00:00,short,4,-1.0778392783505222,0,SAME_BAR_SL,fx_cross
AUDJPY,2023-05-02 00:00:00+00:00,short,4,-1.0161011424984305,0,SAME_BAR_SL,fx_cross
NZDCHF,2023-05-02 00:00:00+00:00,short,4,-1.016124859813084,3,SL,fx_cross
AUDUSD,2023-05-02 00:00:00+00:00,short,4,-1.0549456891495614,0,SAME_BAR_SL,fx_major
AUDNZD,2023-05-03 00:00:00+00:00,long,1,-1.0229286863270777,1,SL,fx_cross
NQ,2023-05-03 00:00:00+00:00,long,1,2.496908617886179,13,TP,indices
GBPNZD,2023-05-03 00:00:00+00:00,long,1,2.442413237410071,1,TP,fx_cross
EURCHF,2023-05-03 00:00:00+00:00,long,2,-1.029772827735645,1,SL,fx_cross
CL,2023-05-03 00:00:00+00:00,long,1,-1.0013703115455101,0,SAME_BAR_SL,commodities
EURAUD,2023-05-04 00:00:00+00:00,long,2,-1.00626540910923,3,SL,fx_cross
AUDCHF,2023-05-04 00:00:00+00:00,short,3,-1.0063136103698056,3,SL,fx_cross
EURCAD,2023-05-04 00:00:00+00:00,long,2,-1.019756180571969,1,SL,fx_cross
GBPUSD,2023-05-05 00:00:00+00:00,short,3,2.476001468388851,10,TP,fx_major
NZDJPY,2023-05-05 00:00:00+00:00,short,3,-1.014225443645084,2,SL,fx_cross
CADCHF,2023-05-05 00:00:00+00:00,short,3,-1.0252053478854022,0,SAME_BAR_SL,fx_cross
AUDJPY,2023-05-05 00:00:00+00:00,short,3,-1.0068349161186416,27,SL,fx_cross
EURCHF,2023-05-05 00:00:00+00:00,short,3,2.4746055771006468,14,TP,fx_cross
ES,2023-05-07 00:00:00+00:00,long,1,2.4978451789304383,62,TP,indices
AUDNZD,2023-05-07 00:00:00+00:00,long,2,-1.0105757861414,11,SL,fx_cross
EURNZD,2023-05-08 00:00:00+00:00,long,1,2.4902928864951126,44,TP,fx_cross
NZDCHF,2023-05-08 00:00:00+00:00,short,4,-1.0291354696132595,3,SL,fx_cross
GBPJPY,2023-05-10 00:00:00+00:00,long,2,2.483760959561343,14,TP,fx_cross
AUDUSD,2023-05-10 00:00:00+00:00,short,4,2.476024824120602,1,TP,fx_major
USDJPY,2023-05-11 00:00:00+00:00,short,3,-1.023432749844817,1,SL,fx_major
NZDJPY,2023-05-11 00:00:00+00:00,long,1,-1.0552956097560946,0,SAME_BAR_SL,fx_cross
GBPNZD,2023-05-11 00:00:00+00:00,long,2,2.4894426587944003,16,TP,fx_cross
DAX,2023-05-11 00:00:00+00:00,long,2,2.492132507739938,6,TP,indices
NKD,2023-05-12 00:00:00+00:00,short,4,-1.0123915789473685,1,SL,indices
AUDCAD,2023-05-16 00:00:00+00:00,long,2,-1.0372165803108804,2,SL,fx_cross
NZDJPY,2023-05-17 00:00:00+00:00,short,3,-1.0220975069252078,0,SAME_BAR_SL,fx_cross
EURUSD,2023-05-17 00:00:00+00:00,long,2,-1.0219070707070703,1,SL,fx_major
CADJPY,2023-05-17 00:00:00+00:00,short,4,-1.007329483688672,14,SL,fx_cross
GBPCAD,2023-05-18 00:00:00+00:00,long,1,2.456037378277153,10,TP,fx_cross
NZDJPY,2023-05-19 00:00:00+00:00,short,4,2.4879566699702678,10,TP,fx_cross
AUDCAD,2023-05-19 00:00:00+00:00,short,4,2.4753621896383193,5,TP,fx_cross
GBPUSD,2023-05-19 00:00:00+00:00,short,4,2.4494192764110014,3,TP,fx_major
USDCHF,2023-05-19 00:00:00+00:00,long,2,-1.015149331727875,24,SL,fx_major
AUDNZD,2023-05-22 00:00:00+00:00,long,1,2.482866203703704,5,TP,fx_cross
NKD,2023-05-23 00:00:00+00:00,long,1,-1.010857142857143,0,SAME_BAR_SL,indices
SI,2023-05-23 00:00:00+00:00,long,1,-1.0026843493761142,2,SL,metals
USDJPY,2023-05-23 00:00:00+00:00,long,1,2.484563982477101,21,TP,fx_major
HG,2023-05-23 00:00:00+00:00,long,1,-1.0129688888888888,0,SAME_BAR_SL,metals
CHFJPY,2023-05-24 00:00:00+00:00,long,1,2.4726046428571427,2,TP,fx_cross
GBPUSD,2023-05-25 00:00:00+00:00,long,2,2.4758699091544374,6,TP,fx_major
GBPAUD,2023-05-25 00:00:00+00:00,short,3,-1.0456804471195176,4,SL,fx_cross
EURCHF,2023-05-30 00:00:00+00:00,short,4,-1.0232123707817171,11,SL,fx_cross
EURAUD,2023-05-31 00:00:00+00:00,long,1,-1.012239533836578,2,SL,fx_cross
SI,2023-05-31 00:00:00+00:00,short,3,-1.0025880895008605,7,SL,metals
EURCAD,2023-05-31 00:00:00+00:00,long,2,-1.0179675459986701,3,SL,fx_cross
GBPCAD,2023-05-31 00:00:00+00:00,long,2,-1.034124099963781,2,SL,fx_cross
GBPAUD,2023-06-02 00:00:00+00:00,long,1,-1.0210421720174394,0,SAME_BAR_SL,fx_cross
EURUSD,2023-06-02 00:00:00+00:00,long,2,2.488145268138801,34,TP,fx_major
CADCHF,2023-06-02 00:00:00+00:00,short,3,-1.0131947801814374,18,SL,fx_cross
EURJPY,2023-06-02 00:00:00+00:00,short,4,-1.023409749023982,9,SL,fx_cross
DAX,2023-06-02 00:00:00+00:00,short,3,-1.0060664922711058,7,SL,indices
GBPUSD,2023-06-04 00:00:00+00:00,long,1,2.4849267676330595,10,TP,fx_major
CL,2023-06-04 00:00:00+00:00,short,3,-1.00494893081761,0,SAME_BAR_SL,commodities
GBPAUD,2023-06-05 00:00:00+00:00,long,1,-1.0178782573179035,1,SL,fx_cross
GBPNZD,2023-06-06 00:00:00+00:00,long,1,2.4667165075669395,9,TP,fx_cross
NZDCAD,2023-06-08 00:00:00+00:00,short,3,-1.0239301573976913,3,SL,fx_cross
NQ,2023-06-09 00:00:00+00:00,short,3,-1.005719852398524,2,SL,indices
EURCAD,2023-06-09 00:00:00+00:00,long,2,2.4675163739376766,5,TP,fx_cross
CHFJPY,2023-06-09 00:00:00+00:00,short,3,2.4620062292213483,2,TP,fx_cross
AUDCAD,2023-06-09 00:00:00+00:00,long,1,-1.0170742779291555,11,SL,fx_cross
EURGBP,2023-06-12 00:00:00+00:00,short,4,-1.0188818538884525,14,SL,fx_cross
NZDCAD,2023-06-13 00:00:00+00:00,short,4,-1.026743009877978,1,SL,fx_cross
AUDUSD,2023-06-14 00:00:00+00:00,short,4,-1.0239751758793978,1,SL,fx_major
GBPCAD,2023-06-14 00:00:00+00:00,short,3,-1.0209069563289734,2,SL,fx_cross
DAX,2023-06-14 00:00:00+00:00,short,3,-1.0090330555555556,2,SL,indices
CADJPY,2023-06-15 00:00:00+00:00,short,3,-1.0803371739130445,0,SAME_BAR_SL,fx_cross
GBPCHF,2023-06-15 00:00:00+00:00,short,4,2.487750548652265,29,TP,fx_cross
NKD,2023-06-18 00:00:00+00:00,long,1,-1.0055532816537467,2,SL,indices
EURAUD,2023-06-20 00:00:00+00:00,short,4,-1.019465896656535,0,SAME_BAR_SL,fx_cross
HG,2023-06-20 00:00:00+00:00,long,1,-1.005784094117647,3,SL,metals
AUDCHF,2023-06-20 00:00:00+00:00,long,1,-1.0541185419968262,0,SAME_BAR_SL,fx_cross
AUDUSD,2023-06-20 00:00:00+00:00,long,1,-1.0125453298153033,3,SL,fx_major
GBPAUD,2023-06-20 00:00:00+00:00,short,4,-1.029438523489933,1,SL,fx_cross
AUDCHF,2023-06-21 00:00:00+00:00,long,1,-1.0166762278978387,2,SL,fx_cross
GBPNZD,2023-06-22 00:00:00+00:00,short,3,-1.018070449069003,1,SL,fx_cross
USDCHF,2023-06-22 00:00:00+00:00,short,4,2.487854046692607,17,TP,fx_major
PA,2023-06-22 00:00:00+00:00,long,2,-1.003718061674009,0,SAME_BAR_SL,metals
CL,2023-06-22 00:00:00+00:00,long,1,-1.0039060317460318,1,SL,commodities
NQ,2023-06-22 00:00:00+00:00,short,3,-1.004048195972597,18,SL,indices
EURAUD,2023-06-22 00:00:00+00:00,short,4,-1.044777334649555,0,SAME_BAR_SL,fx_cross
USDCAD,2023-06-23 00:00:00+00:00,short,4,-1.0200696577946766,10,SL,fx_major
NZDCHF,2023-06-23 00:00:00+00:00,long,2,-1.0134055160450999,4,SL,fx_cross
EURJPY,2023-06-23 00:00:00+00:00,long,1,-1.0141719426336375,16,SL,fx_cross
AUDNZD,2023-06-23 00:00:00+00:00,long,1,-1.058948108108106,0,SAME_BAR_SL,fx_cross
NKD,2023-06-23 00:00:00+00:00,long,1,-1.0019256192236599,87,SL,indices
EURCAD,2023-06-23 00:00:00+00:00,long,1,-1.0344145237078168,0,SAME_BAR_SL,fx_cross
HG,2023-06-26 00:00:00+00:00,long,1,-1.0048448,2,SL,metals
NZDUSD,2023-06-27 00:00:00+00:00,short,3,2.480557126823793,1,TP,fx_major
AUDUSD,2023-06-28 00:00:00+00:00,long,1,2.4815867992047713,12,TP,fx_major
EURAUD,2023-06-28 00:00:00+00:00,short,3,-1.0308607635632951,0,SAME_BAR_SL,fx_cross
NZDCAD,2023-06-30 00:00:00+00:00,short,4,-1.014642842377261,3,SL,fx_cross
NZDCHF,2023-06-30 00:00:00+00:00,short,4,-1.0118968600154679,3,SL,fx_cross
GBPUSD,2023-06-30 00:00:00+00:00,short,4,-1.0254795988538683,5,SL,fx_major
NZDJPY,2023-06-30 00:00:00+00:00,short,3,-1.0133687878787878,3,SL,fx_cross
DAX,2023-07-05 00:00:00+00:00,long,2,-1.0037064557872035,1,SL,indices
USDCAD,2023-07-06 00:00:00+00:00,short,4,-1.0358944631680298,0,SAME_BAR_SL,fx_major
EURCAD,2023-07-06 00:00:00+00:00,short,3,-1.0171910904872392,5,SL,fx_cross
USDJPY,2023-07-07 00:00:00+00:00,long,1,-1.0175997523219817,3,SL,fx_major
SI,2023-07-07 00:00:00+00:00,short,3,-1.002420594059406,4,SL,metals
EURAUD,2023-07-07 00:00:00+00:00,long,2,2.4864968805179517,27,TP,fx_cross
AUDCHF,2023-07-10 00:00:00+00:00,long,2,-1.0217166972477063,1,SL,fx_cross
CHFJPY,2023-07-10 00:00:00+00:00,short,4,2.4645702839116725,2,TP,fx_cross
NZDCHF,2023-07-10 00:00:00+00:00,long,1,-1.0608474308300413,1,SL,fx_cross
GBPJPY,2023-07-10 00:00:00+00:00,long,2,-1.0160155050505053,2,SL,fx_cross
CADCHF,2023-07-11 00:00:00+00:00,long,2,-1.0181862116040954,1,SL,fx_cross
USDCAD,2023-07-11 00:00:00+00:00,long,1,-1.0271763982430449,1,SL,fx_major
CL,2023-07-12 00:00:00+00:00,short,3,-1.0044634686346863,1,SL,commodities
AUDCAD,2023-07-12 00:00:00+00:00,short,4,-1.0220004217926184,1,SL,fx_cross
EURGBP,2023-07-12 00:00:00+00:00,short,4,-1.021242185695246,4,SL,fx_cross
CADJPY,2023-07-12 00:00:00+00:00,long,1,-1.0219588384214442,3,SL,fx_cross
AUDNZD,2023-07-12 00:00:00+00:00,long,2,-1.0242912952534198,66,SL,fx_cross
AUDUSD,2023-07-13 00:00:00+00:00,short,3,2.4857058016405666,13,TP,fx_major
NZDJPY,2023-07-13 00:00:00+00:00,short,4,2.487324462767328,13,TP,fx_cross
GBPUSD,2023-07-13 00:00:00+00:00,short,4,-1.0170074170948156,0,SAME_BAR_SL,fx_major
CHFJPY,2023-07-13 00:00:00+00:00,short,4,-1.0354297160883272,0,SAME_BAR_SL,fx_cross
AUDCAD,2023-07-14 00:00:00+00:00,short,3,2.4865194462193823,12,TP,fx_cross
NZDCHF,2023-07-14 00:00:00+00:00,short,4,2.4846099350324837,3,TP,fx_cross
USDCAD,2023-07-14 00:00:00+00:00,short,4,-1.0301121044045667,12,SL,fx_major
GBPCAD,2023-07-14 00:00:00+00:00,short,3,2.462553052875337,3,TP,fx_cross
EURJPY,2023-07-14 00:00:00+00:00,short,4,-1.0154552448545069,4,SL,fx_cross
NQ,2023-07-14 00:00:00+00:00,short,3,-1.0055547683027146,4,SL,indices
EURCHF,2023-07-16 00:00:00+00:00,long,2,-1.0147897435897435,7,SL,fx_cross
GBPAUD,2023-07-17 00:00:00+00:00,short,3,-1.0102590010505206,14,SL,fx_cross
EURNZD,2023-07-18 00:00:00+00:00,short,3,-1.032509397278031,1,SL,fx_cross
NZDCAD,2023-07-19 00:00:00+00:00,long,1,-1.0121077987421383,2,SL,fx_cross
GBPUSD,2023-07-19 00:00:00+00:00,long,1,-1.016399026369168,0,SAME_BAR_SL,fx_major
HG,2023-07-19 00:00:00+00:00,long,1,2.4956582857142857,9,TP,metals
EURCAD,2023-07-20 00:00:00+00:00,long,1,-1.0252010272088048,1,SL,fx_cross
NQ,2023-07-20 00:00:00+00:00,long,1,-1.0200708982035929,0,SAME_BAR_SL,indices
NZDUSD,2023-07-20 00:00:00+00:00,long,1,-1.0133844734819368,7,SL,fx_major
SI,2023-07-21 00:00:00+00:00,short,3,2.4966755925155923,11,TP,metals
AUDCHF,2023-07-21 00:00:00+00:00,long,2,-1.016889090909091,6,SL,fx_cross
EURJPY,2023-07-21 00:00:00+00:00,short,3,2.4754455772448405,5,TP,fx_cross
EURCAD,2023-07-24 00:00:00+00:00,long,1,-1.0178923124042876,3,SL,fx_cross
NZDCHF,2023-07-24 00:00:00+00:00,short,4,-1.0164678641840086,6,SL,fx_cross
GBPJPY,2023-07-24 00:00:00+00:00,long,1,-1.011010463404071,3,SL,fx_cross
EURNZD,2023-07-24 00:00:00+00:00,long,1,-1.0122466650378696,3,SL,fx_cross
GBPCAD,2023-07-25 00:00:00+00:00,short,4,-1.0301801907183725,1,SL,fx_cross
EURCHF,2023-07-25 00:00:00+00:00,long,1,-1.0093241562064157,116,SL,fx_cross
CADCHF,2023-07-26 00:00:00+00:00,long,2,-1.0161302736098852,24,SL,fx_cross
CADJPY,2023-07-26 00:00:00+00:00,long,1,-1.0272376212259824,1,SL,fx_cross
PA,2023-07-26 00:00:00+00:00,long,2,-1.0013032679738563,59,SL,metals
USDCHF,2023-07-26 00:00:00+00:00,long,1,2.486028996239514,25,TP,fx_major
EURUSD,2023-07-27 00:00:00+00:00,long,1,-1.0284796308260276,0,SAME_BAR_SL,fx_major
NQ,2023-07-27 00:00:00+00:00,short,3,2.4942014029084687,7,TP,indices
GBPJPY,2023-07-28 00:00:00+00:00,short,4,-1.02754361367336,2,SL,fx_cross
AUDJPY,2023-07-28 00:00:00+00:00,long,1,-1.0299219872905845,0,SAME_BAR_SL,fx_cross
EURJPY,2023-07-28 00:00:00+00:00,short,4,-1.0261141966426857,2,SL,fx_cross
ES,2023-07-30 00:00:00+00:00,long,1,-1.0057955555555556,3,SL,indices
USDJPY,2023-07-31 00:00:00+00:00,short,4,-1.0184172882924571,1,SL,fx_major
AUDCHF,2023-07-31 00:00:00+00:00,short,4,2.4827183881230117,7,TP,fx_cross
CHFJPY,2023-07-31 00:00:00+00:00,short,4,-1.0166066642362377,7,SL,fx_cross
AUDJPY,2023-07-31 00:00:00+00:00,short,3,-1.012470698546648,44,SL,fx_cross
EURNZD,2023-08-01 00:00:00+00:00,short,3,-1.0536471596998938,0,SAME_BAR_SL,fx_cross
GBPNZD,2023-08-01 00:00:00+00:00,short,3,-1.0713794621026946,1,SL,fx_cross
DAX,2023-08-01 00:00:00+00:00,long,1,-1.0044224216765454,2,SL,indices
EURCAD,2023-08-01 00:00:00+00:00,short,3,-1.00930653243336,3,SL,fx_cross
USDCAD,2023-08-01 00:00:00+00:00,short,4,-1.036917693836979,1,SL,fx_major
NZDCHF,2023-08-01 00:00:00+00:00,long,1,-1.013848161764706,2,SL,fx_cross
CADJPY,2023-08-02 00:00:00+00:00,long,2,2.495715155155155,228,TP,fx_cross
NZDJPY,2023-08-02 00:00:00+00:00,long,2,2.4951431478156794,173,TP,fx_cross
GBPUSD,2023-08-02 00:00:00+00:00,long,1,-1.0191072240085743,1,SL,fx_major
AUDUSD,2023-08-02 00:00:00+00:00,long,2,-1.008791744660427,12,SL,fx_major
AUDCAD,2023-08-02 00:00:00+00:00,long,2,-1.0657857372654154,0,SAME_BAR_SL,fx_cross
NZDUSD,2023-08-02 00:00:00+00:00,long,2,-1.0253614903129658,5,SL,fx_major
GBPJPY,2023-08-03 00:00:00+00:00,long,1,-1.0378248101265835,0,SAME_BAR_SL,fx_cross
CL,2023-08-03 00:00:00+00:00,short,3,-1.006416511056511,1,SL,commodities
EURNZD,2023-08-03 00:00:00+00:00,short,3,-1.0459674316939909,4,SL,fx_cross
EURGBP,2023-08-03 00:00:00+00:00,short,3,-1.0147562393162395,66,SL,fx_cross
EURUSD,2023-08-04 00:00:00+00:00,short,4,-1.01793993580391,5,SL,fx_major
AUDCAD,2023-08-04 00:00:00+00:00,short,4,2.485997773359841,46,TP,fx_cross
SI,2023-08-04 00:00:00+00:00,long,1,-1.003055315682281,3,SL,metals
EURCAD,2023-08-08 00:00:00+00:00,short,3,2.4868125630386215,32,TP,fx_cross
NZDUSD,2023-08-09 00:00:00+00:00,short,4,2.4871615987933637,7,TP,fx_major
USDJPY,2023-08-10 00:00:00+00:00,short,4,-1.019108176219801,2,SL,fx_major
NZDCAD,2023-08-11 00:00:00+00:00,long,2,-1.0356329857819895,2,SL,fx_cross
USDJPY,2023-08-14 00:00:00+00:00,short,4,-1.0133159621038874,13,SL,fx_major
ES,2023-08-15 00:00:00+00:00,long,2,-1.0045689029202842,1,SL,indices
NQ,2023-08-15 00:00:00+00:00,long,2,-1.0115289683959452,1,SL,indices
NZDCAD,2023-08-17 00:00:00+00:00,long,1,2.490423115663679,81,TP,fx_cross
HG,2023-08-17 00:00:00+00:00,short,4,-1.004934,4,SL,metals
SI,2023-08-18 00:00:00+00:00,long,2,2.497146301369863,4,TP,metals
GBPJPY,2023-08-18 00:00:00+00:00,long,1,-1.0146104205475586,17,SL,fx_cross
CHFJPY,2023-08-21 00:00:00+00:00,short,3,-1.0286828677379483,0,SAME_BAR_SL,fx_cross
GBPCHF,2023-08-21 00:00:00+00:00,long,1,-1.0393136842105248,2,SL,fx_cross
EURJPY,2023-08-22 00:00:00+00:00,long,2,-1.0204748708487084,1,SL,fx_cross
USDCAD,2023-08-23 00:00:00+00:00,short,3,-1.0202355709342557,12,SL,fx_major
GBPNZD,2023-08-23 00:00:00+00:00,long,1,-1.0321079762547218,8,SL,fx_cross
CHFJPY,2023-08-23 00:00:00+00:00,long,2,2.428234650077764,1,TP,fx_cross
ES,2023-08-24 00:00:00+00:00,long,2,-1.0045836363636365,28,SL,indices
NQ,2023-08-24 00:00:00+00:00,long,2,-1.003052657823238,51,SL,indices
DAX,2023-08-24 00:00:00+00:00,short,4,2.4891821656050954,1,TP,indices
CL,2023-08-25 00:00:00+00:00,short,4,-1.008048454258675,2,SL,commodities
PL,2023-08-28 00:00:00+00:00,short,4,-1.00388,1,SL,metals
GBPAUD,2023-08-28 00:00:00+00:00,long,1,-1.0242561380225614,6,SL,fx_cross
EURUSD,2023-08-29 00:00:00+00:00,short,4,-1.039132886597937,0,SAME_BAR_SL,fx_major
DAX,2023-08-29 00:00:00+00:00,short,4,-1.0108178343949044,2,SL,indices
EURNZD,2023-08-30 00:00:00+00:00,short,3,2.48079129882265,13,TP,fx_cross
GBPUSD,2023-08-30 00:00:00+00:00,short,0,2.4828057556735876,7,TP,fx_major
EURJPY,2023-08-31 00:00:00+00:00,long,2,-1.0127161523046093,9,SL,fx_cross
CL,2023-08-31 00:00:00+00:00,short,3,-1.0023355477031801,1,SL,commodities
EURUSD,2023-08-31 00:00:00+00:00,long,2,-1.011547981790592,4,SL,fx_major
CADCHF,2023-09-01 00:00:00+00:00,long,1,2.4839927592267137,14,TP,fx_cross
SI,2023-09-04 00:00:00+00:00,long,1,-1.0041455319148935,1,SL,metals
CHFJPY,2023-09-04 00:00:00+00:00,short,3,2.4827907612328253,21,TP,fx_cross
NZDUSD,2023-09-05 00:00:00+00:00,long,2,-1.0177685270487415,0,SAME_BAR_SL,fx_major
USDCHF,2023-09-05 00:00:00+00:00,short,4,-1.0357635632183904,1,SL,fx_major
PL,2023-09-05 00:00:00+00:00,long,1,-1.0023992440944882,1,SL,metals
NZDCHF,2023-09-05 00:00:00+00:00,long,1,-1.0230302194357372,0,SAME_BAR_SL,fx_cross
HG,2023-09-06 00:00:00+00:00,long,1,-1.0042251130434783,2,SL,metals
NZDCHF,2023-09-06 00:00:00+00:00,short,3,-1.0133522217174014,7,SL,fx_cross
SI,2023-09-06 00:00:00+00:00,long,1,-1.0043690173410404,1,SL,metals
EURAUD,2023-09-07 00:00:00+00:00,long,2,-1.020691450011035,6,SL,fx_cross
AUDCHF,2023-09-07 00:00:00+00:00,short,3,-1.0179332060640087,5,SL,fx_cross
USDJPY,2023-09-08 00:00:00+00:00,short,3,2.366984694533777,1,TP,fx_major
USDJPY,2023-09-11 00:00:00+00:00,long,1,-1.0078362566844918,75,SL,fx_major
CL,2023-09-12 00:00:00+00:00,short,3,-1.006748056872038,2,SL,commodities
NZDUSD,2023-09-13 00:00:00+00:00,short,3,-1.008304567716142,14,SL,fx_major
AUDUSD,2023-09-14 00:00:00+00:00,short,3,-1.0098477229342786,53,SL,fx_major
EURJPY,2023-09-14 00:00:00+00:00,long,2,-1.0168592513368988,16,SL,fx_cross
USDCHF,2023-09-14 00:00:00+00:00,short,4,-1.0202037711522964,6,SL,fx_major
GBPCAD,2023-09-15 00:00:00+00:00,long,2,-1.039803497453311,2,SL,fx_cross
GBPCHF,2023-09-15 00:00:00+00:00,short,4,-1.0216224921902117,11,SL,fx_cross
HG,2023-09-19 00:00:00+00:00,long,2,-1.0093829019607843,2,SL,metals
GBPCAD,2023-09-19 00:00:00+00:00,long,2,-1.0470719434628983,0,SAME_BAR_SL,fx_cross
CL,2023-09-20 00:00:00+00:00,long,1,2.49263503875969,6,TP,commodities
DAX,2023-09-21 00:00:00+00:00,long,2,-1.0064428169014084,2,SL,indices
PL,2023-09-21 00:00:00+00:00,short,3,2.497589765182186,43,TP,metals
AUDJPY,2023-09-22 00:00:00+00:00,short,3,-1.014097031167459,6,SL,fx_cross
CADCHF,2023-09-25 00:00:00+00:00,short,4,-1.0205402281368818,2,SL,fx_cross
ES,2023-09-27 00:00:00+00:00,long,1,-1.0057067218200622,5,SL,indices
EURCAD,2023-09-27 00:00:00+00:00,long,1,2.4772784918594692,6,TP,fx_cross
USDCAD,2023-09-28 00:00:00+00:00,long,1,2.4754966385463986,3,TP,fx_major
CADCHF,2023-09-28 00:00:00+00:00,long,1,-1.0253126715522982,1,SL,fx_cross
AUDCAD,2023-09-28 00:00:00+00:00,short,4,-1.033914165497897,0,SAME_BAR_SL,fx_cross
NZDCHF,2023-09-29 00:00:00+00:00,short,4,2.4846099350324837,12,TP,fx_cross
GBPJPY,2023-09-29 00:00:00+00:00,short,4,2.473670777148739,3,TP,fx_cross
SI,2023-09-29 00:00:00+00:00,short,0,2.4978373371924745,2,TP,metals
CL,2023-09-29 00:00:00+00:00,long,2,-1.001918318002628,4,SL,commodities
AUDJPY,2023-10-02 00:00:00+00:00,long,1,-1.0120978219611387,1,SL,fx_cross
HG,2023-10-02 00:00:00+00:00,long,2,-1.0077962666666667,0,SAME_BAR_SL,metals
CADCHF,2023-10-02 00:00:00+00:00,long,1,-1.0360573613766741,0,SAME_BAR_SL,fx_cross
DAX,2023-10-03 00:00:00+00:00,short,4,-1.003374835164835,31,SL,indices
AUDCHF,2023-10-03 00:00:00+00:00,long,1,-1.015111668991167,8,SL,fx_cross
HG,2023-10-03 00:00:00+00:00,long,2,-1.0054758095238094,12,SL,metals
GBPAUD,2023-10-03 00:00:00+00:00,short,4,-1.0176890207715135,9,SL,fx_cross
CADCHF,2023-10-03 00:00:00+00:00,short,4,2.4551653745541,1,TP,fx_cross
AUDNZD,2023-10-04 00:00:00+00:00,short,4,-1.0363301271956404,10,SL,fx_cross
AUDCAD,2023-10-04 00:00:00+00:00,short,3,-1.0228648709526047,17,SL,fx_cross
USDCHF,2023-10-05 00:00:00+00:00,short,4,2.4895941487200326,39,TP,fx_major
GBPUSD,2023-10-05 00:00:00+00:00,short,3,-1.0160879207920792,4,SL,fx_major
NZDUSD,2023-10-05 00:00:00+00:00,short,3,-1.0079393011647255,40,SL,fx_major
ES,2023-10-06 00:00:00+00:00,short,4,-1.0056921810699588,3,SL,indices
EURUSD,2023-10-06 00:00:00+00:00,short,3,-1.021729933872153,4,SL,fx_major
PA,2023-10-06 00:00:00+00:00,short,4,2.4960925,10,TP,metals
CL,2023-10-06 00:00:00+00:00,long,1,2.4934973134328358,1,TP,commodities
EURCAD,2023-10-09 00:00:00+00:00,long,1,2.459806496751624,9,TP,fx_cross
USDCAD,2023-10-09 00:00:00+00:00,long,2,-1.009217333979641,58,SL,fx_major
GBPNZD,2023-10-10 00:00:00+00:00,short,4,-1.0123548864373784,3,SL,fx_cross
CHFJPY,2023-10-10 00:00:00+00:00,short,3,-1.0289238418079103,1,SL,fx_cross
CL,2023-10-12 00:00:00+00:00,short,4,-1.0011539267015708,5,SL,commodities
EURUSD,2023-10-12 00:00:00+00:00,short,4,-1.0272803666361126,10,SL,fx_major
EURNZD,2023-10-12 00:00:00+00:00,short,4,-1.0278141732283463,0,SAME_BAR_SL,fx_cross
GBPCAD,2023-10-13 00:00:00+00:00,long,1,2.4686494562647754,8,TP,fx_cross
CADCHF,2023-10-13 00:00:00+00:00,long,1,-1.0166706137184112,5,SL,fx_cross
ES,2023-10-13 00:00:00+00:00,long,1,-1.0026847876447877,8,SL,indices
EURNZD,2023-10-16 00:00:00+00:00,short,4,-1.041657142857142,1,SL,fx_cross
GBPJPY,2023-10-17 00:00:00+00:00,long,2,2.4934268566986266,108,TP,fx_cross
NZDCHF,2023-10-17 00:00:00+00:00,long,1,-1.0220987815750375,1,SL,fx_cross
AUDJPY,2023-10-17 00:00:00+00:00,short,3,-1.014789691752291,12,SL,fx_cross
AUDNZD,2023-10-18 00:00:00+00:00,short,4,-1.0507977833753135,1,SL,fx_cross
SI,2023-10-18 00:00:00+00:00,long,1,-1.003574501216545,18,SL,metals
NKD,2023-10-19 00:00:00+00:00,long,1,-1.0064153846153847,3,SL,indices
EURAUD,2023-10-19 00:00:00+00:00,short,3,-1.0222198861480072,3,SL,fx_cross
EURNZD,2023-10-20 00:00:00+00:00,short,4,-1.019986362563901,21,SL,fx_cross
GBPUSD,2023-10-24 00:00:00+00:00,long,2,-1.0181331487889271,2,SL,fx_major
EURJPY,2023-10-24 00:00:00+00:00,long,1,-1.0389021172353465,2,SL,fx_cross
AUDNZD,2023-10-24 00:00:00+00:00,short,3,-1.0266129833770772,5,SL,fx_cross
NKD,2023-10-24 00:00:00+00:00,short,4,-1.0026932971506106,7,SL,indices
EURGBP,2023-10-24 00:00:00+00:00,long,1,-1.0343656497175153,11,SL,fx_cross
CL,2023-10-24 00:00:00+00:00,long,2,-1.0042989067524115,5,SL,commodities
GBPNZD,2023-10-25 00:00:00+00:00,short,3,2.4754257022708153,8,TP,fx_cross
AUDCHF,2023-10-25 00:00:00+00:00,long,2,2.4840572004028196,6,TP,fx_cross
AUDCAD,2023-10-25 00:00:00+00:00,long,1,2.4812667488443756,6,TP,fx_cross
GBPCAD,2023-10-25 00:00:00+00:00,long,2,2.4801439184020397,17,TP,fx_cross
EURUSD,2023-10-25 00:00:00+00:00,long,1,2.4837511062431545,17,TP,fx_major
GBPAUD,2023-10-26 00:00:00+00:00,short,3,2.473603524229075,5,TP,fx_cross
NZDCHF,2023-10-26 00:00:00+00:00,short,4,-1.0137541398865786,1,SL,fx_cross
HG,2023-10-26 00:00:00+00:00,long,2,2.4959837192982457,21,TP,metals
EURCAD,2023-10-27 00:00:00+00:00,short,4,-1.0211843973098809,3,SL,fx_cross
CHFJPY,2023-10-27 00:00:00+00:00,long,1,-1.0126340427836449,35,SL,fx_cross
AUDNZD,2023-10-31 00:00:00+00:00,short,4,2.4566371084337364,6,TP,fx_cross
NZDCHF,2023-10-31 00:00:00+00:00,short,4,-1.0100532429684852,3,SL,fx_cross
CL,2023-10-31 00:00:00+00:00,long,1,-1.0065026865671642,1,SL,commodities
ES,2023-11-01 00:00:00+00:00,short,4,-1.0058283261802574,1,SL,indices
NQ,2023-11-01 00:00:00+00:00,short,4,-1.003487922777056,1,SL,indices
AUDJPY,2023-11-01 00:00:00+00:00,short,3,-1.010686573816156,2,SL,fx_cross
NKD,2023-11-02 00:00:00+00:00,short,3,-1.0065352681388013,1,SL,indices
CADCHF,2023-11-02 00:00:00+00:00,short,4,2.4848797705858257,15,TP,fx_cross
GBPUSD,2023-11-03 00:00:00+00:00,short,4,-1.0212539055793994,9,SL,fx_major
CL,2023-11-03 00:00:00+00:00,long,1,-1.0025228711897738,3,SL,commodities
ES,2023-11-03 00:00:00+00:00,short,3,-1.0086864914992273,6,SL,indices
AUDJPY,2023-11-05 00:00:00+00:00,short,3,-1.0274281570996973,8,SL,fx_cross
NQ,2023-11-07 00:00:00+00:00,short,3,-1.0072910549777117,3,SL,indices
EURAUD,2023-11-07 00:00:00+00:00,short,4,-1.0157806975956654,2,SL,fx_cross
NZDCHF,2023-11-07 00:00:00+00:00,long,1,-1.0256293653516304,3,SL,fx_cross
EURGBP,2023-11-07 00:00:00+00:00,short,4,-1.0220626291931094,3,SL,fx_cross
AUDCHF,2023-11-08 00:00:00+00:00,long,1,-1.008850334613275,57,SL,fx_cross
GBPCHF,2023-11-08 00:00:00+00:00,long,1,-1.0233032530120483,24,SL,fx_cross
CL,2023-11-08 00:00:00+00:00,long,1,-1.0019612410501193,7,SL,commodities
AUDCAD,2023-11-09 00:00:00+00:00,long,1,2.4850021756305076,10,TP,fx_cross
SI,2023-11-10 00:00:00+00:00,long,1,2.497642772277228,6,TP,metals
NQ,2023-11-12 00:00:00+00:00,short,3,-1.0082436333608589,2,SL,indices
NKD,2023-11-12 00:00:00+00:00,short,4,-1.0089059915611813,2,SL,indices
GBPAUD,2023-11-13 00:00:00+00:00,short,3,2.473603524229075,17,TP,fx_cross
ES,2023-11-14 00:00:00+00:00,short,4,-1.0111127272727272,0,SAME_BAR_SL,indices
AUDNZD,2023-11-15 00:00:00+00:00,long,2,-1.0583827027027006,0,SAME_BAR_SL,fx_cross
PA,2023-11-15 00:00:00+00:00,short,4,-1.003006126126126,4,SL,metals
GBPNZD,2023-11-15 00:00:00+00:00,long,1,-1.0171162566215421,0,SAME_BAR_SL,fx_cross
NZDCHF,2023-11-15 00:00:00+00:00,long,2,-1.0129421682567215,52,SL,fx_cross
GBPNZD,2023-11-17 00:00:00+00:00,long,2,-1.0117167149758457,9,SL,fx_cross
EURJPY,2023-11-17 00:00:00+00:00,long,1,-1.0219848742746611,3,SL,fx_cross
GBPCAD,2023-11-20 00:00:00+00:00,short,3,-1.0322398924731178,1,SL,fx_cross
SI,2023-11-20 00:00:00+00:00,long,1,2.4940219920318727,4,TP,metals
EURNZD,2023-11-20 00:00:00+00:00,long,2,-1.0134114852532734,7,SL,fx_cross
EURGBP,2023-11-21 00:00:00+00:00,long,2,-1.0315882018111253,3,SL,fx_cross
NQ,2023-11-21 00:00:00+00:00,long,1,-1.007880015461925,11,SL,indices
AUDJPY,2023-11-22 00:00:00+00:00,short,3,2.487438567493113,13,TP,fx_cross
EURUSD,2023-11-22 00:00:00+00:00,long,1,-1.0249872137874443,10,SL,fx_major
HG,2023-11-22 00:00:00+00:00,long,1,2.490937358490566,5,TP,metals
GBPCAD,2023-11-23 00:00:00+00:00,short,3,-1.0328495693779907,4,SL,fx_cross
EURJPY,2023-11-23 00:00:00+00:00,short,3,2.485238124797931,8,TP,fx_cross
GBPUSD,2023-11-24 00:00:00+00:00,short,4,-1.0251094264339156,3,SL,fx_major
SI,2023-11-28 00:00:00+00:00,short,4,2.497508780487805,9,TP,metals
USDCHF,2023-11-28 00:00:00+00:00,long,2,-1.0234668574153556,1,SL,fx_major
PL,2023-11-29 00:00:00+00:00,long,1,-1.0028626285714286,5,SL,metals
AUDCAD,2023-11-30 00:00:00+00:00,long,1,2.4577488026981467,2,TP,fx_cross
CADCHF,2023-11-30 00:00:00+00:00,short,4,-1.018472556237219,13,SL,fx_cross
EURCAD,2023-11-30 00:00:00+00:00,long,2,-1.026675033860045,1,SL,fx_cross
GBPUSD,2023-11-30 00:00:00+00:00,long,1,-1.0312149977944411,4,SL,fx_major
GBPNZD,2023-12-01 00:00:00+00:00,short,4,2.4798112921348316,16,TP,fx_cross
ES,2023-12-01 00:00:00+00:00,short,3,-1.0148368765743072,8,SL,indices
EURGBP,2023-12-01 00:00:00+00:00,long,2,2.477003489932886,21,TP,fx_cross
AUDNZD,2023-12-03 00:00:00+00:00,long,2,-1.0236998347107438,2,SL,fx_cross
AUDUSD,2023-12-04 00:00:00+00:00,long,2,-1.0129700069881202,1,SL,fx_major
GBPCAD,2023-12-04 00:00:00+00:00,short,3,2.4802125653157785,14,TP,fx_cross
HG,2023-12-04 00:00:00+00:00,long,1,-1.004756923076923,1,SL,metals
NKD,2023-12-04 00:00:00+00:00,long,1,-1.0059772727272727,3,SL,indices
DAX,2023-12-05 00:00:00+00:00,short,3,-1.016498940809969,1,SL,indices
CL,2023-12-06 00:00:00+00:00,long,1,-1.0025692753623188,0,SAME_BAR_SL,commodities
AUDCAD,2023-12-07 00:00:00+00:00,short,3,-1.0171621052631576,5,SL,fx_cross
NZDUSD,2023-12-08 00:00:00+00:00,long,1,2.4856079764408916,9,TP,fx_major
PA,2023-12-08 00:00:00+00:00,long,2,2.49158,2,TP,metals
USDCHF,2023-12-12 00:00:00+00:00,long,2,-1.0166629503738955,2,SL,fx_major
PA,2023-12-13 00:00:00+00:00,short,4,-1.0025517460317461,1,SL,metals
SI,2023-12-13 00:00:00+00:00,short,4,-1.0068290265486726,1,SL,metals
RTY,2023-12-13 00:00:00+00:00,short,3,-1.0093820858895706,0,SAME_BAR_SL,indices
EURCAD,2023-12-13 00:00:00+00:00,long,2,-1.018668535031847,38,SL,fx_cross
AUDUSD,2023-12-13 00:00:00+00:00,short,3,-1.0443836579572465,0,SAME_BAR_SL,fx_major
GBPAUD,2023-12-13 00:00:00+00:00,long,1,-1.02114793828892,6,SL,fx_cross
CL,2023-12-13 00:00:00+00:00,short,4,-1.0019973500447628,2,SL,commodities
CHFJPY,2023-12-14 00:00:00+00:00,short,4,-1.0063316415849786,10,SL,fx_cross
EURJPY,2023-12-14 00:00:00+00:00,short,3,-1.0103546894262685,4,SL,fx_cross
EURCHF,2023-12-14 00:00:00+00:00,short,4,2.478617692307692,10,TP,fx_cross
EURAUD,2023-12-14 00:00:00+00:00,short,4,-1.0161184664087233,26,SL,fx_cross
HG,2023-12-14 00:00:00+00:00,short,3,-1.0092420740740742,5,SL,metals
AUDCAD,2023-12-15 00:00:00+00:00,long,2,-1.022590541516246,25,SL,fx_cross
PL,2023-12-15 00:00:00+00:00,long,1,2.497580288,10,TP,metals
CL,2023-12-17 00:00:00+00:00,short,4,-1.0010826517273577,33,SL,commodities
GBPCHF,2023-12-18 00:00:00+00:00,long,2,-1.0311718218623485,1,SL,fx_cross
AUDJPY,2023-12-19 00:00:00+00:00,short,4,-1.034350562934851,0,SAME_BAR_SL,fx_cross
PA,2023-12-19 00:00:00+00:00,short,4,2.482927659574468,1,TP,metals
RTY,2023-12-20 00:00:00+00:00,long,1,-1.0042023346303501,10,SL,indices
GBPAUD,2023-12-21 00:00:00+00:00,long,1,2.487568744362687,21,TP,fx_cross
USDCAD,2023-12-22 00:00:00+00:00,long,1,2.4851345352564107,43,TP,fx_major
PA,2023-12-26 00:00:00+00:00,long,2,-1.0028076470588236,1,SL,metals
GBPCAD,2023-12-28 00:00:00+00:00,long,2,2.484362328812438,57,TP,fx_cross
GBPUSD,2023-12-28 00:00:00+00:00,long,2,-1.0124773529411764,32,SL,fx_major
GBPCHF,2023-12-28 00:00:00+00:00,long,1,2.4952924462640738,83,TP,fx_cross
EURUSD,2023-12-29 00:00:00+00:00,long,1,-1.028263996342019,2,SL,fx_major
NKD,2023-12-29 00:00:00+00:00,long,2,-1.008809256198347,2,SL,indices
EURGBP,2024-01-01 00:00:00+00:00,short,3,2.478336171352075,21,TP,fx_cross
AUDNZD,2024-01-02 00:00:00+00:00,short,4,2.473211888544892,31,TP,fx_cross
NKD,2024-01-03 00:00:00+00:00,long,2,2.48909,1,TP,indices
USDJPY,2024-01-03 00:00:00+00:00,short,4,-1.0138003326403324,0,SAME_BAR_SL,fx_major
SI,2024-01-03 00:00:00+00:00,long,2,-1.0027115789473684,7,SL,metals
PL,2024-01-03 00:00:00+00:00,long,1,-1.0022752463768116,5,SL,metals
USDCHF,2024-01-03 00:00:00+00:00,short,4,-1.0225298397737987,11,SL,fx_major
YM,2024-01-04 00:00:00+00:00,short,3,2.4835158751696067,1,TP,indices
USDJPY,2024-01-05 00:00:00+00:00,short,3,-1.009994917508003,9,SL,fx_major
DAX,2024-01-08 00:00:00+00:00,short,4,-1.0041967029548988,29,SL,indices
PA,2024-01-08 00:00:00+00:00,long,1,-1.0013911688311687,7,SL,metals
YM,2024-01-09 00:00:00+00:00,long,2,-1.0086779310344827,6,SL,indices
RTY,2024-01-09 00:00:00+00:00,long,2,-1.0028310437109724,7,SL,indices
NQ,2024-01-11 00:00:00+00:00,short,4,-1.0067130906847626,7,SL,indices
HG,2024-01-11 00:00:00+00:00,short,4,-1.0069577142857142,11,SL,metals
CHFJPY,2024-01-11 00:00:00+00:00,long,1,-1.011880418118467,48,SL,fx_cross
AUDUSD,2024-01-16 00:00:00+00:00,long,1,-1.0111038655462186,14,SL,fx_major
EURJPY,2024-01-17 00:00:00+00:00,short,4,-1.0154562302947228,30,SL,fx_cross
EURNZD,2024-01-17 00:00:00+00:00,short,4,-1.0211898466780236,4,SL,fx_cross
EURCHF,2024-01-17 00:00:00+00:00,short,4,-1.030374193548387,2,SL,fx_cross
ES,2024-01-17 00:00:00+00:00,long,2,2.4938687096774195,6,TP,indices
EURAUD,2024-01-17 00:00:00+00:00,short,4,-1.0245126059322036,0,SAME_BAR_SL,fx_cross
EURAUD,2024-01-19 00:00:00+00:00,long,1,-1.0416137235479508,5,SL,fx_cross
CADCHF,2024-01-19 00:00:00+00:00,short,4,-1.0203766007905137,16,SL,fx_cross
PL,2024-01-19 00:00:00+00:00,long,2,-1.0030870588235294,17,SL,metals
NZDUSD,2024-01-23 00:00:00+00:00,short,4,-1.0174904854368938,7,SL,fx_major
AUDJPY,2024-01-23 00:00:00+00:00,long,2,-1.019458597997138,7,SL,fx_cross
NZDCHF,2024-01-23 00:00:00+00:00,short,4,-1.0170709677419354,13,SL,fx_cross
GBPNZD,2024-01-23 00:00:00+00:00,long,1,-1.0276441320351477,6,SL,fx_cross
EURNZD,2024-01-23 00:00:00+00:00,long,1,-1.0316240304182511,1,SL,fx_cross
SI,2024-01-24 00:00:00+00:00,short,4,-1.0043775226586102,0,SAME_BAR_SL,metals
NZDCAD,2024-01-25 00:00:00+00:00,long,2,-1.017486191198786,7,SL,fx_cross
AUDCHF,2024-01-25 00:00:00+00:00,short,3,2.4764114454277286,6,TP,fx_cross
AUDCAD,2024-01-25 00:00:00+00:00,long,1,-1.0205990066225163,4,SL,fx_cross
EURCHF,2024-01-26 00:00:00+00:00,long,1,-1.022324968098681,4,SL,fx_cross
EURAUD,2024-01-29 00:00:00+00:00,long,1,2.4770422422422427,26,TP,fx_cross
EURCAD,2024-01-30 00:00:00+00:00,long,1,2.4759623390431185,26,TP,fx_cross
RTY,2024-01-31 00:00:00+00:00,long,1,-1.010086075949367,0,SAME_BAR_SL,indices
AUDCAD,2024-01-31 00:00:00+00:00,short,4,2.4707994339622643,7,TP,fx_cross
ES,2024-01-31 00:00:00+00:00,long,1,-1.0129143326488705,0,SAME_BAR_SL,indices
EURUSD,2024-02-01 00:00:00+00:00,long,2,-1.017019301801802,10,SL,fx_major
PA,2024-02-01 00:00:00+00:00,long,1,-1.0039245859872612,1,SL,metals
USDCHF,2024-02-02 00:00:00+00:00,short,4,-1.0172133047822984,1,SL,fx_major
NZDCAD,2024-02-04 00:00:00+00:00,long,1,2.485036308900524,14,TP,fx_cross
GBPNZD,2024-02-05 00:00:00+00:00,long,2,-1.025591111111111,3,SL,fx_cross
EURNZD,2024-02-07 00:00:00+00:00,long,1,-1.0195085329637696,12,SL,fx_cross
EURGBP,2024-02-07 00:00:00+00:00,short,4,-1.019118525641026,38,SL,fx_cross
NZDUSD,2024-02-07 00:00:00+00:00,short,3,-1.0132773353989155,11,SL,fx_major
USDCHF,2024-02-08 00:00:00+00:00,short,3,-1.0156506768837803,4,SL,fx_major
RTY,2024-02-09 00:00:00+00:00,short,3,-1.0099432457496136,2,SL,indices
GBPNZD,2024-02-09 00:00:00+00:00,long,1,2.448288301886795,3,TP,fx_cross
NZDCHF,2024-02-09 00:00:00+00:00,short,4,-1.0188842105263156,8,SL,fx_cross
EURCHF,2024-02-09 00:00:00+00:00,short,3,-1.029261395348837,3,SL,fx_cross
PL,2024-02-12 00:00:00+00:00,short,4,-1.003764705882353,7,SL,metals
CADCHF,2024-02-13 00:00:00+00:00,short,3,-1.0299483046683044,29,SL,fx_cross
RTY,2024-02-13 00:00:00+00:00,long,1,-1.0425031578947372,0,SAME_BAR_SL,indices
PA,2024-02-13 00:00:00+00:00,long,2,-1.0067609756097562,0,SAME_BAR_SL,metals
HG,2024-02-13 00:00:00+00:00,long,2,2.4956433027522937,7,TP,metals
EURUSD,2024-02-14 00:00:00+00:00,long,2,2.472848246488446,5,TP,fx_major
GBPAUD,2024-02-14 00:00:00+00:00,long,2,-1.0409148547717855,1,SL,fx_cross
USDCAD,2024-02-15 00:00:00+00:00,long,2,2.4702802680331106,43,TP,fx_major
ES,2024-02-15 00:00:00+00:00,short,3,-1.0099590726429675,6,SL,indices
YM,2024-02-15 00:00:00+00:00,short,3,-1.0082197743861978,6,SL,indices
PA,2024-02-15 00:00:00+00:00,short,3,-1.003645508982036,0,SAME_BAR_SL,metals
AUDUSD,2024-02-15 00:00:00+00:00,short,3,-1.0360923320158113,2,SL,fx_major
NQ,2024-02-15 00:00:00+00:00,short,3,-1.0061098961937716,13,SL,indices
SI,2024-02-15 00:00:00+00:00,short,3,-1.002599712230216,1,SL,metals
GBPNZD,2024-02-20 00:00:00+00:00,long,1,2.4760704722106133,7,TP,fx_cross
AUDUSD,2024-02-20 00:00:00+00:00,short,4,-1.0122207382773531,15,SL,fx_major
PA,2024-02-21 00:00:00+00:00,long,1,-1.0020692255892256,6,SL,metals
USDCHF,2024-02-22 00:00:00+00:00,long,1,2.4745332226258427,7,TP,fx_major
NG,2024-02-23 00:00:00+00:00,long,2,2.4989654183266934,8,TP,commodities
HG,2024-02-26 00:00:00+00:00,long,1,2.4886228837209305,8,TP,metals
NZDJPY,2024-02-26 00:00:00+00:00,short,3,2.478362028262677,3,TP,fx_cross
NZDUSD,2024-02-27 00:00:00+00:00,long,1,-1.0439592838874696,0,SAME_BAR_SL,fx_major
NZDCAD,2024-02-28 00:00:00+00:00,long,1,-1.0125172727272727,20,SL,fx_cross
AUDCHF,2024-02-29 00:00:00+00:00,short,4,-1.0264530921052628,1,SL,fx_cross
USDJPY,2024-02-29 00:00:00+00:00,long,1,-1.0368209859154922,5,SL,fx_major
RTY,2024-02-29 00:00:00+00:00,short,3,-1.0080499153567108,7,SL,indices
CL,2024-03-01 00:00:00+00:00,short,4,-1.00172291249165,25,SL,commodities
EURAUD,2024-03-01 00:00:00+00:00,long,1,-1.034491928783384,5,SL,fx_cross
GBPAUD,2024-03-01 00:00:00+00:00,long,1,-1.0332697611757502,5,SL,fx_cross
USDCHF,2024-03-04 00:00:00+00:00,long,2,-1.0257594157537822,3,SL,fx_major
SI,2024-03-04 00:00:00+00:00,short,4,-1.0033880266075388,1,SL,metals
NQ,2024-03-05 00:00:00+00:00,long,1,2.493789051724138,14,TP,indices
YM,2024-03-05 00:00:00+00:00,long,1,2.492192967863894,13,TP,indices
NZDJPY,2024-03-06 00:00:00+00:00,short,4,2.4682920792079206,4,TP,fx_cross
SI,2024-03-06 00:00:00+00:00,short,4,-1.0055686832740214,2,SL,metals
AUDJPY,2024-03-06 00:00:00+00:00,short,4,-1.0216882824276075,11,SL,fx_cross
GBPJPY,2024-03-06 00:00:00+00:00,long,2,-1.0185684518828453,1,SL,fx_cross
AUDCHF,2024-03-06 00:00:00+00:00,short,3,-1.0391593220339008,0,SAME_BAR_SL,fx_cross
NKD,2024-03-07 00:00:00+00:00,long,1,-1.0042691891891893,2,SL,indices
USDJPY,2024-03-07 00:00:00+00:00,long,2,2.4900699254986782,29,TP,fx_major
NZDUSD,2024-03-07 00:00:00+00:00,short,4,-1.0265928758673868,1,SL,fx_major
NZDCHF,2024-03-07 00:00:00+00:00,short,4,-1.026833952254643,12,SL,fx_cross
DAX,2024-03-07 00:00:00+00:00,long,1,2.4770530081300812,1,TP,indices
ES,2024-03-11 00:00:00+00:00,long,2,2.4651182887700536,1,TP,indices
RTY,2024-03-11 00:00:00+00:00,long,1,-1.0047731034482759,3,SL,indices
NKD,2024-03-11 00:00:00+00:00,long,2,2.4929102017291065,6,TP,indices
GBPCAD,2024-03-12 00:00:00+00:00,long,1,-1.036027780678851,8,SL,fx_cross
PL,2024-03-12 00:00:00+00:00,long,1,-1.0045117557251908,6,SL,metals
CHFJPY,2024-03-13 00:00:00+00:00,short,4,2.4319127272727257,1,TP,fx_cross
AUDCHF,2024-03-14 00:00:00+00:00,long,1,-1.021925168236878,4,SL,fx_cross
NZDJPY,2024-03-14 00:00:00+00:00,long,2,2.4756059060402684,6,TP,fx_cross
SI,2024-03-15 00:00:00+00:00,short,3,-1.0017960264900663,15,SL,metals
EURJPY,2024-03-15 00:00:00+00:00,short,4,-1.0733645307443371,0,SAME_BAR_SL,fx_cross
AUDNZD,2024-03-15 00:00:00+00:00,short,3,-1.0378217543859634,4,SL,fx_cross
EURCHF,2024-03-18 00:00:00+00:00,short,4,-1.0479252575488434,1,SL,fx_cross
RTY,2024-03-18 00:00:00+00:00,short,3,-1.0041694472361808,3,SL,indices
CHFJPY,2024-03-19 00:00:00+00:00,short,3,-1.0500751643690358,0,SAME_BAR_SL,fx_cross
EURAUD,2024-03-19 00:00:00+00:00,short,3,2.475920866873065,14,TP,fx_cross
HG,2024-03-19 00:00:00+00:00,long,1,-1.004826074074074,3,SL,metals
GBPAUD,2024-03-19 00:00:00+00:00,short,3,2.4712417281348786,2,TP,fx_cross
EURUSD,2024-03-19 00:00:00+00:00,long,1,-1.0230006964420895,8,SL,fx_major
AUDUSD,2024-03-19 00:00:00+00:00,long,2,-1.0150281250000004,21,SL,fx_major
EURNZD,2024-03-19 00:00:00+00:00,short,4,-1.015855707070707,8,SL,fx_cross
CADCHF,2024-03-19 00:00:00+00:00,long,1,2.466896202531646,2,TP,fx_cross
NKD,2024-03-19 00:00:00+00:00,short,3,-1.0031612967581047,2,SL,indices
AUDCAD,2024-03-19 00:00:00+00:00,long,1,2.478455210777923,18,TP,fx_cross
GBPUSD,2024-03-20 00:00:00+00:00,short,4,2.4532385378590105,1,TP,fx_major
PL,2024-03-20 00:00:00+00:00,long,2,2.497810320610687,15,TP,metals
GBPNZD,2024-03-21 00:00:00+00:00,long,1,2.4614331075304197,6,TP,fx_cross
USDCHF,2024-03-21 00:00:00+00:00,long,1,2.467436846254927,1,TP,fx_major
EURCHF,2024-03-21 00:00:00+00:00,short,4,-1.0383759605911334,0,SAME_BAR_SL,fx_cross
AUDCHF,2024-03-21 00:00:00+00:00,short,3,-1.0133671840715157,11,SL,fx_cross
NZDJPY,2024-03-22 00:00:00+00:00,long,2,-1.0204690587288814,5,SL,fx_cross
EURCAD,2024-03-25 00:00:00+00:00,short,0,-1.0267065197666878,44,SL,fx_cross
USDCHF,2024-03-26 00:00:00+00:00,short,3,-1.030948235294118,1,SL,fx_major
EURJPY,2024-03-26 00:00:00+00:00,short,3,-1.0158907984790877,24,SL,fx_cross
NZDCHF,2024-03-31 00:00:00+00:00,short,3,-1.013111673894189,4,SL,fx_cross
YM,2024-04-01 00:00:00+00:00,long,2,-1.0131875077559462,1,SL,indices
NZDCAD,2024-04-01 00:00:00+00:00,long,1,2.4806306164383565,7,TP,fx_cross
GBPJPY,2024-04-01 00:00:00+00:00,long,1,2.460369679821296,2,TP,fx_cross
NKD,2024-04-02 00:00:00+00:00,long,1,2.4880875471698114,1,TP,indices
NG,2024-04-02 00:00:00+00:00,short,3,-1.000864739884393,23,SL,commodities
RTY,2024-04-02 00:00:00+00:00,long,2,-1.0081973722627735,0,SAME_BAR_SL,indices
NZDUSD,2024-04-03 00:00:00+00:00,short,4,-1.0181607817589577,0,SAME_BAR_SL,fx_major
HG,2024-04-03 00:00:00+00:00,short,3,-1.0058574222222223,0,SAME_BAR_SL,metals
CL,2024-04-03 00:00:00+00:00,short,3,2.4985603347280336,52,TP,commodities
AUDJPY,2024-04-03 00:00:00+00:00,short,3,-1.0187046762831262,1,SL,fx_cross
GBPUSD,2024-04-03 00:00:00+00:00,short,3,-1.0405688174512024,1,SL,fx_major
GBPCAD,2024-04-03 00:00:00+00:00,short,4,-1.0442698010180456,2,SL,fx_cross
EURUSD,2024-04-03 00:00:00+00:00,short,4,-1.0528743957968467,0,SAME_BAR_SL,fx_major
EURCHF,2024-04-03 00:00:00+00:00,short,3,-1.0291999999999994,1,SL,fx_cross
CADCHF,2024-04-04 00:00:00+00:00,long,1,-1.0290577293934675,1,SL,fx_cross
ES,2024-04-04 00:00:00+00:00,long,2,-1.0062803373945641,7,SL,indices
NZDJPY,2024-04-04 00:00:00+00:00,short,3,-1.0123561072204783,18,SL,fx_cross
GBPJPY,2024-04-04 00:00:00+00:00,short,3,-1.0140811105290728,18,SL,fx_cross
GBPAUD,2024-04-04 00:00:00+00:00,long,1,2.4653241343669263,10,TP,fx_cross
EURNZD,2024-04-05 00:00:00+00:00,short,3,-1.026433291404612,9,SL,fx_cross
DAX,2024-04-08 00:00:00+00:00,short,4,2.4906659119496855,3,TP,indices
PL,2024-04-09 00:00:00+00:00,short,4,-1.0036693333333333,3,SL,metals
GBPCAD,2024-04-09 00:00:00+00:00,short,4,2.4713028741446,9,TP,fx_cross
PA,2024-04-09 00:00:00+00:00,short,3,2.498703908918406,53,TP,metals
EURAUD,2024-04-09 00:00:00+00:00,short,4,-1.0327110795454537,5,SL,fx_cross
GBPNZD,2024-04-09 00:00:00+00:00,long,1,-1.0385668924695803,1,SL,fx_cross
AUDCAD,2024-04-10 00:00:00+00:00,long,1,-1.0278914922048998,0,SAME_BAR_SL,fx_cross
AUDCHF,2024-04-10 00:00:00+00:00,long,1,-1.0260838871473361,2,SL,fx_cross
RTY,2024-04-10 00:00:00+00:00,long,2,-1.0055900764655905,1,SL,indices
GBPUSD,2024-04-10 00:00:00+00:00,long,2,-1.040656905311779,0,SAME_BAR_SL,fx_major
AUDJPY,2024-04-10 00:00:00+00:00,long,1,-1.0188425084288604,2,SL,fx_cross
HG,2024-04-11 00:00:00+00:00,long,1,2.4958585648854963,6,TP,metals
SI,2024-04-12 00:00:00+00:00,long,1,-1.0014171786833856,15,SL,metals
EURCHF,2024-04-12 00:00:00+00:00,long,2,-1.0781183908045993,0,SAME_BAR_SL,fx_cross
NZDCHF,2024-04-12 00:00:00+00:00,long,1,-1.0200990501319263,2,SL,fx_cross
EURUSD,2024-04-12 00:00:00+00:00,long,2,-1.0271517535115537,0,SAME_BAR_SL,fx_major
NZDUSD,2024-04-12 00:00:00+00:00,long,2,-1.0378501587301585,0,SAME_BAR_SL,fx_major
PL,2024-04-14 00:00:00+00:00,long,1,-1.003024457142857,2,SL,metals
USDCAD,2024-04-15 00:00:00+00:00,short,3,-1.0226603580862919,93,SL,fx_major
NKD,2024-04-15 00:00:00+00:00,short,3,2.4962552380952383,3,TP,indices
EURUSD,2024-04-15 00:00:00+00:00,long,1,2.488434290159471,80,TP,fx_major
ES,2024-04-15 00:00:00+00:00,long,2,-1.0348817112299464,1,SL,indices
NZDUSD,2024-04-15 00:00:00+00:00,long,2,2.489377937219731,26,TP,fx_major
GBPNZD,2024-04-15 00:00:00+00:00,short,3,-1.0332506899464935,1,SL,fx_cross
AUDCHF,2024-04-15 00:00:00+00:00,long,2,-1.0205561145703606,1,SL,fx_cross
NZDCAD,2024-04-17 00:00:00+00:00,short,4,2.4582697810218987,2,TP,fx_cross
EURGBP,2024-04-17 00:00:00+00:00,short,4,-1.1242242487046783,0,SAME_BAR_SL,fx_cross
YM,2024-04-18 00:00:00+00:00,long,2,2.4927101210653753,3,TP,indices
ES,2024-04-18 00:00:00+00:00,long,2,2.4949845865834632,16,TP,indices
AUDCHF,2024-04-19 00:00:00+00:00,long,1,2.4781175067750683,1,TP,fx_cross
GBPAUD,2024-04-19 00:00:00+00:00,long,1,-1.0337597997496875,2,SL,fx_cross
PL,2024-04-19 00:00:00+00:00,long,2,-1.0043017142857142,2,SL,metals
EURAUD,2024-04-19 00:00:00+00:00,short,3,2.475920866873065,4,TP,fx_cross
USDCHF,2024-04-19 00:00:00+00:00,long,2,-1.0172984993178722,38,SL,fx_major
EURCHF,2024-04-19 00:00:00+00:00,long,1,-1.0483160573476709,0,SAME_BAR_SL,fx_cross
DAX,2024-04-19 00:00:00+00:00,long,1,2.4770530081300812,1,TP,indices
AUDJPY,2024-04-19 00:00:00+00:00,long,2,-1.0380811578221896,0,SAME_BAR_SL,fx_cross
AUDJPY,2024-04-23 00:00:00+00:00,short,3,-1.0225950764279963,1,SL,fx_cross
RTY,2024-04-23 00:00:00+00:00,short,4,2.492041379310345,2,TP,indices
EURCHF,2024-04-23 00:00:00+00:00,short,4,-1.029994537444934,1,SL,fx_cross
GBPCAD,2024-04-23 00:00:00+00:00,short,4,-1.0980305664263725,0,SAME_BAR_SL,fx_cross
AUDCAD,2024-04-23 00:00:00+00:00,short,4,-1.0423667976088833,1,SL,fx_cross
NKD,2024-04-23 00:00:00+00:00,short,4,-1.0034385289957568,11,SL,indices
PL,2024-04-23 00:00:00+00:00,long,1,2.4969346321243524,12,TP,metals
AUDUSD,2024-04-23 00:00:00+00:00,short,4,-1.022304710234279,1,SL,fx_major
YM,2024-04-23 00:00:00+00:00,short,4,2.4850199758162033,2,TP,indices
AUDCHF,2024-04-23 00:00:00+00:00,short,4,-1.0257181959564543,1,SL,fx_cross
NZDCHF,2024-04-24 00:00:00+00:00,short,4,-1.033891249999998,1,SL,fx_cross
EURGBP,2024-04-25 00:00:00+00:00,long,2,-1.0192311538461534,23,SL,fx_cross
NQ,2024-04-26 00:00:00+00:00,short,4,2.4901482170542635,3,TP,indices
GBPUSD,2024-04-26 00:00:00+00:00,short,4,-1.0327728104575162,6,SL,fx_major
AUDCHF,2024-04-28 00:00:00+00:00,short,3,-1.0384323306544192,1,SL,fx_cross
NZDCAD,2024-04-29 00:00:00+00:00,short,4,2.4582697810218987,1,TP,fx_cross
CADJPY,2024-04-29 00:00:00+00:00,long,1,-1.0209306455862976,2,SL,fx_cross
USDJPY,2024-04-29 00:00:00+00:00,long,1,-1.025472963179428,0,SAME_BAR_SL,fx_major
GBPAUD,2024-04-29 00:00:00+00:00,long,1,2.4843038730531886,73,TP,fx_cross
EURCHF,2024-04-30 00:00:00+00:00,short,4,-1.0698560814249365,1,SL,fx_cross
HG,2024-04-30 00:00:00+00:00,long,1,-1.0046316850393702,1,SL,metals
NG,2024-04-30 00:00:00+00:00,long,2,2.4963702325581396,3,TP,commodities
YM,2024-05-01 00:00:00+00:00,short,3,-1.0080041775456918,2,SL,indices
USDJPY,2024-05-01 00:00:00+00:00,long,1,2.4805636182722752,1,TP,fx_major
AUDUSD,2024-05-01 00:00:00+00:00,short,3,-1.0082763338639984,2,SL,fx_major
EURCHF,2024-05-02 00:00:00+00:00,long,1,-1.0242080141218008,1,SL,fx_cross
GBPCHF,2024-05-02 00:00:00+00:00,long,1,-1.022554142907427,1,SL,fx_cross
EURAUD,2024-05-02 00:00:00+00:00,long,2,-1.023803562710985,1,SL,fx_cross
GBPNZD,2024-05-02 00:00:00+00:00,long,1,-1.0303966150670796,1,SL,fx_cross
RTY,2024-05-03 00:00:00+00:00,short,4,-1.0058745323741007,0,SAME_BAR_SL,indices
USDJPY,2024-05-03 00:00:00+00:00,long,1,2.45198663656885,1,TP,fx_major
RTY,2024-05-06 00:00:00+00:00,short,4,-1.0033233850776164,8,SL,indices
NZDJPY,2024-05-06 00:00:00+00:00,short,4,-1.0107154247824284,3,SL,fx_cross
NQ,2024-05-06 00:00:00+00:00,short,4,-1.0057979336161718,7,SL,indices
AUDJPY,2024-05-06 00:00:00+00:00,short,4,-1.0113129785544082,4,SL,fx_cross
CHFJPY,2024-05-07 00:00:00+00:00,short,3,-1.0038999247012605,33,SL,fx_cross
DAX,2024-05-07 00:00:00+00:00,short,4,-1.0093340880503145,2,SL,indices
GBPCHF,2024-05-08 00:00:00+00:00,long,2,-1.0074229453015429,73,SL,fx_cross
AUDUSD,2024-05-08 00:00:00+00:00,short,3,-1.010196589147287,6,SL,fx_major
YM,2024-05-08 00:00:00+00:00,short,3,-1.017135737704918,1,SL,indices
EURJPY,2024-05-08 00:00:00+00:00,short,3,-1.004170946692815,45,SL,fx_cross
SI,2024-05-09 00:00:00+00:00,short,3,-1.0035883003952568,5,SL,metals
CADJPY,2024-05-09 00:00:00+00:00,short,3,-1.0033949701110163,47,SL,fx_cross
GBPJPY,2024-05-13 00:00:00+00:00,short,3,-1.0042689405523482,34,SL,fx_cross
USDJPY,2024-05-13 00:00:00+00:00,short,3,-1.0088047893569845,33,SL,fx_major
ES,2024-05-15 00:00:00+00:00,short,3,-1.0113709882747068,0,SAME_BAR_SL,indices
NZDCAD,2024-05-15 00:00:00+00:00,short,3,-1.021536103896104,2,SL,fx_cross
AUDNZD,2024-05-15 00:00:00+00:00,long,1,-1.0535010122164068,1,SL,fx_cross
GBPUSD,2024-05-15 00:00:00+00:00,short,3,-1.0248866596417285,4,SL,fx_major
AUDCHF,2024-05-16 00:00:00+00:00,short,4,2.4878357788944725,25,TP,fx_cross
EURAUD,2024-05-16 00:00:00+00:00,short,4,-1.0261088787185355,6,SL,fx_cross
CADCHF,2024-05-16 00:00:00+00:00,short,3,2.485072051282051,16,TP,fx_cross
YM,2024-05-16 00:00:00+00:00,short,3,2.4895388427057865,6,TP,indices
HG,2024-05-17 00:00:00+00:00,short,3,-1.0020808366013072,1,SL,metals
AUDNZD,2024-05-17 00:00:00+00:00,long,1,-1.051057391304347,4,SL,fx_cross
DAX,2024-05-20 00:00:00+00:00,short,3,2.493346931567329,18,TP,indices
GBPNZD,2024-05-21 00:00:00+00:00,short,3,2.4649879795857084,13,TP,fx_cross
NKD,2024-05-21 00:00:00+00:00,long,1,-1.0034187620357633,7,SL,indices
AUDUSD,2024-05-22 00:00:00+00:00,long,1,2.484674682080925,43,TP,fx_major
RTY,2024-05-23 00:00:00+00:00,long,2,-1.0098657142857141,0,SAME_BAR_SL,indices
YM,2024-05-24 00:00:00+00:00,long,1,-1.006884566410538,4,SL,indices
EURAUD,2024-05-29 00:00:00+00:00,long,1,2.449502015503874,7,TP,fx_cross
EURCHF,2024-05-30 00:00:00+00:00,long,1,-1.0475215224913503,0,SAME_BAR_SL,fx_cross
HG,2024-05-30 00:00:00+00:00,long,1,-1.0067716363636363,1,SL,metals
NKD,2024-05-31 00:00:00+00:00,short,4,-1.004318881118881,8,SL,indices
SI,2024-05-31 00:00:00+00:00,long,2,-1.003311677852349,2,SL,metals
GBPCAD,2024-05-31 00:00:00+00:00,long,1,2.4314158192090374,2,TP,fx_cross
NG,2024-05-31 00:00:00+00:00,long,2,2.496593417721519,1,TP,commodities
EURGBP,2024-05-31 00:00:00+00:00,short,4,2.4303126530612253,6,TP,fx_cross
AUDNZD,2024-06-03 00:00:00+00:00,long,1,-1.0290056375838927,2,SL,fx_cross
AUDCAD,2024-06-04 00:00:00+00:00,long,2,2.468127719298246,27,TP,fx_cross
CL,2024-06-04 00:00:00+00:00,long,2,2.4983001288475304,23,TP,commodities
PL,2024-06-04 00:00:00+00:00,long,1,-1.0021047272727273,3,SL,metals
SI,2024-06-04 00:00:00+00:00,long,1,2.4949698687664044,2,TP,metals
NZDJPY,2024-06-04 00:00:00+00:00,long,2,2.484196688197299,22,TP,fx_cross
ES,2024-06-05 00:00:00+00:00,short,3,-1.013283125,0,SAME_BAR_SL,indices
EURCAD,2024-06-05 00:00:00+00:00,short,4,2.467086309148264,8,TP,fx_cross
NZDCHF,2024-06-05 00:00:00+00:00,short,4,2.4819674125874123,11,TP,fx_cross
HG,2024-06-05 00:00:00+00:00,short,4,2.495947397260274,11,TP,metals
EURNZD,2024-06-06 00:00:00+00:00,short,3,-1.0196349093806012,22,SL,fx_cross
YM,2024-06-07 00:00:00+00:00,short,4,2.4859601793721975,3,TP,indices
AUDJPY,2024-06-10 00:00:00+00:00,short,3,-1.041897373737373,2,SL,fx_cross
EURAUD,2024-06-10 00:00:00+00:00,long,2,-1.044398136826784,0,SAME_BAR_SL,fx_cross
GBPNZD,2024-06-11 00:00:00+00:00,long,2,2.48031394843962,25,TP,fx_cross
YM,2024-06-12 00:00:00+00:00,short,4,2.4859601793721975,1,TP,indices
NZDUSD,2024-06-12 00:00:00+00:00,short,3,-1.0319071205151789,0,SAME_BAR_SL,fx_major
RTY,2024-06-12 00:00:00+00:00,short,3,-1.0108446787479406,0,SAME_BAR_SL,indices
USDCHF,2024-06-12 00:00:00+00:00,long,2,-1.0284999086757987,5,SL,fx_major
SI,2024-06-13 00:00:00+00:00,long,1,2.496958415841584,6,TP,metals
AUDJPY,2024-06-13 00:00:00+00:00,short,3,-1.0744999491094092,1,SL,fx_cross
EURCHF,2024-06-14 00:00:00+00:00,long,2,-1.0515329729729712,3,SL,fx_cross
CADCHF,2024-06-18 00:00:00+00:00,long,1,2.47201041053447,5,TP,fx_cross
EURCHF,2024-06-20 00:00:00+00:00,short,4,-1.0247387012987013,3,SL,fx_cross
NZDCAD,2024-06-20 00:00:00+00:00,long,1,-1.0440382739211984,3,SL,fx_cross
AUDCHF,2024-06-20 00:00:00+00:00,short,3,-1.011327081339713,5,SL,fx_cross
NZDCHF,2024-06-21 00:00:00+00:00,long,2,-1.009691667193926,22,SL,fx_cross
PL,2024-06-21 00:00:00+00:00,short,4,-1.0030043773584905,4,SL,metals
YM,2024-06-24 00:00:00+00:00,short,4,2.476207970204842,1,TP,indices
SI,2024-06-25 00:00:00+00:00,long,1,2.496958415841584,7,TP,metals
NG,2024-06-25 00:00:00+00:00,long,2,-1.0020162962962964,3,SL,commodities
HG,2024-06-26 00:00:00+00:00,long,2,2.4947622641509435,6,TP,metals
AUDNZD,2024-06-26 00:00:00+00:00,short,3,-1.0504947976878583,2,SL,fx_cross
PA,2024-06-26 00:00:00+00:00,long,1,2.4975570247933883,5,TP,metals
PL,2024-06-27 00:00:00+00:00,long,1,-1.0025390039525692,18,SL,metals
CHFJPY,2024-06-27 00:00:00+00:00,long,1,-1.021598412424504,12,SL,fx_cross
NZDCAD,2024-06-27 00:00:00+00:00,short,4,2.4788398009950248,21,TP,fx_cross
AUDCHF,2024-06-28 00:00:00+00:00,short,4,-1.0148541489361702,4,SL,fx_cross
RTY,2024-06-28 00:00:00+00:00,long,1,2.495326908315565,11,TP,indices
EURCHF,2024-06-30 00:00:00+00:00,short,4,-1.024583897996357,1,SL,fx_cross
USDCHF,2024-07-01 00:00:00+00:00,short,4,2.483306366644606,21,TP,fx_major
GBPUSD,2024-07-01 00:00:00+00:00,short,3,-1.074607058823528,0,SAME_BAR_SL,fx_major
EURCAD,2024-07-01 00:00:00+00:00,short,4,-1.0280293732970032,4,SL,fx_cross
NG,2024-07-01 00:00:00+00:00,long,2,-1.003406582278481,0,SAME_BAR_SL,commodities
NZDUSD,2024-07-02 00:00:00+00:00,short,4,-1.0169745454545458,1,SL,fx_major
CADCHF,2024-07-02 00:00:00+00:00,short,4,2.4858541554959785,19,TP,fx_cross
GBPCAD,2024-07-05 00:00:00+00:00,short,4,-1.039717589576547,0,SAME_BAR_SL,fx_cross
CL,2024-07-08 00:00:00+00:00,long,1,-1.0045162886597938,7,SL,commodities
AUDNZD,2024-07-09 00:00:00+00:00,short,3,-1.0826848257372652,1,SL,fx_cross
HG,2024-07-09 00:00:00+00:00,long,1,-1.004799475409836,2,SL,metals
PA,2024-07-09 00:00:00+00:00,long,1,-1.0032891666666666,3,SL,metals
AUDCAD,2024-07-11 00:00:00+00:00,short,4,2.4720109209100753,10,TP,fx_cross
USDJPY,2024-07-11 00:00:00+00:00,long,1,-1.0200151243781093,5,SL,fx_major
ES,2024-07-11 00:00:00+00:00,long,1,-1.0546424242424242,1,SL,indices
GBPJPY,2024-07-11 00:00:00+00:00,long,1,-1.0155501667563207,0,SAME_BAR_SL,fx_cross
NQ,2024-07-11 00:00:00+00:00,long,1,-1.0280278111587984,1,SL,indices
NG,2024-07-12 00:00:00+00:00,long,2,-1.003755,2,SL,commodities
EURNZD,2024-07-12 00:00:00+00:00,short,4,-1.0219954119973635,3,SL,fx_cross
EURCHF,2024-07-15 00:00:00+00:00,short,4,2.4843336350615868,9,TP,fx_cross
CADJPY,2024-07-15 00:00:00+00:00,long,1,-1.0129480625752105,2,SL,fx_cross
NZDUSD,2024-07-15 00:00:00+00:00,long,2,-1.0482447524752496,0,SAME_BAR_SL,fx_major
EURAUD,2024-07-16 00:00:00+00:00,short,4,-1.0187319768403638,5,SL,fx_cross
DAX,2024-07-16 00:00:00+00:00,long,1,-1.0128078969957082,1,SL,indices
NZDUSD,2024-07-16 00:00:00+00:00,long,1,-1.0134774522292995,5,SL,fx_major
HG,2024-07-16 00:00:00+00:00,long,2,-1.0035904810126581,2,SL,metals
NQ,2024-07-17 00:00:00+00:00,long,1,-1.0040469169153448,2,SL,indices
AUDJPY,2024-07-17 00:00:00+00:00,long,1,-1.0173026309662399,0,SAME_BAR_SL,fx_cross
NZDJPY,2024-07-17 00:00:00+00:00,long,1,-1.0274199896426717,4,SL,fx_cross
ES,2024-07-18 00:00:00+00:00,short,4,2.4955905681124007,13,TP,indices
EURUSD,2024-07-18 00:00:00+00:00,long,1,-1.044487346938772,4,SL,fx_major
EURGBP,2024-07-18 00:00:00+00:00,short,4,-1.0631824128686325,6,SL,fx_cross
SI,2024-07-18 00:00:00+00:00,long,2,-1.0026380165289257,3,SL,metals
CHFJPY,2024-07-18 00:00:00+00:00,short,4,2.4793626076055157,5,TP,fx_cross
HG,2024-07-19 00:00:00+00:00,long,1,-1.0041414351145037,3,SL,metals
NKD,2024-07-19 00:00:00+00:00,long,1,-1.006430629722922,3,SL,indices
CL,2024-07-19 00:00:00+00:00,short,4,2.497842606516291,12,TP,commodities
EURNZD,2024-07-19 00:00:00+00:00,short,3,-1.0585175736568482,2,SL,fx_cross
NG,2024-07-21 00:00:00+00:00,short,4,-1.0024521985815602,1,SL,commodities
AUDJPY,2024-07-22 00:00:00+00:00,long,1,-1.014138646034816,1,SL,fx_cross
NG,2024-07-23 00:00:00+00:00,short,4,2.4985042323651454,9,TP,commodities
RTY,2024-07-23 00:00:00+00:00,short,3,-1.0041578019461934,7,SL,indices
AUDUSD,2024-07-23 00:00:00+00:00,long,2,-1.0196047357293874,1,SL,fx_major
NQ,2024-07-24 00:00:00+00:00,long,2,-1.0409719286871961,0,SAME_BAR_SL,indices
HG,2024-07-25 00:00:00+00:00,short,4,-1.0019330327272726,47,SL,metals
SI,2024-07-25 00:00:00+00:00,long,1,-1.0032110344827585,9,SL,metals
YM,2024-07-25 00:00:00+00:00,short,4,-1.0104044907778669,1,SL,indices
CHFJPY,2024-07-25 00:00:00+00:00,long,1,2.470600170419963,1,TP,fx_cross
AUDCAD,2024-07-25 00:00:00+00:00,long,1,-1.0244677547078709,5,SL,fx_cross
EURNZD,2024-07-25 00:00:00+00:00,short,3,-1.01920870117735,9,SL,fx_cross
EURGBP,2024-07-26 00:00:00+00:00,short,4,-1.0439152416356883,5,SL,fx_cross
GBPUSD,2024-07-29 00:00:00+00:00,long,1,-1.0445019354838712,3,SL,fx_major
CHFJPY,2024-07-30 00:00:00+00:00,long,1,-1.029399829580037,1,SL,fx_cross
NZDCAD,2024-07-30 00:00:00+00:00,short,4,-1.0284958405977578,1,SL,fx_cross
NQ,2024-07-30 00:00:00+00:00,long,2,-1.002382208101668,4,SL,indices
AUDNZD,2024-07-31 00:00:00+00:00,long,1,-1.0954011145510751,0,SAME_BAR_SL,fx_cross
EURUSD,2024-07-31 00:00:00+00:00,short,4,-1.0381229145728654,2,SL,fx_major
CADJPY,2024-07-31 00:00:00+00:00,long,1,-1.0152860612142498,1,SL,fx_cross
GBPNZD,2024-07-31 00:00:00+00:00,short,3,2.4804378960872353,2,TP,fx_cross
USDJPY,2024-07-31 00:00:00+00:00,long,1,-1.04801336343115,0,SAME_BAR_SL,fx_major
CADCHF,2024-07-31 00:00:00+00:00,short,4,2.4804521358159914,2,TP,fx_cross
EURJPY,2024-08-01 00:00:00+00:00,long,1,-1.0324892462311563,0,SAME_BAR_SL,fx_cross
YM,2024-08-01 00:00:00+00:00,long,2,-1.0093388133140375,1,SL,indices
PA,2024-08-01 00:00:00+00:00,long,2,-1.001620168067227,3,SL,metals
USDJPY,2024-08-01 00:00:00+00:00,long,1,-1.0434999375650358,0,SAME_BAR_SL,fx_major
EURCAD,2024-08-01 00:00:00+00:00,long,1,2.430188227424745,1,TP,fx_cross
NZDJPY,2024-08-01 00:00:00+00:00,long,2,-1.0114664881089817,1,SL,fx_cross
EURCHF,2024-08-01 00:00:00+00:00,long,1,-1.0388527259368114,0,SAME_BAR_SL,fx_cross
AUDNZD,2024-08-01 00:00:00+00:00,long,1,-1.0273083526268927,3,SL,fx_cross
GBPCAD,2024-08-02 00:00:00+00:00,short,3,2.4740599112503263,3,TP,fx_cross
GBPAUD,2024-08-02 00:00:00+00:00,long,1,2.4593201489203262,1,TP,fx_cross
GBPCHF,2024-08-02 00:00:00+00:00,long,1,-1.0228904656319286,0,SAME_BAR_SL,fx_cross
AUDUSD,2024-08-02 00:00:00+00:00,short,4,2.478627102803738,2,TP,fx_major
EURCHF,2024-08-02 00:00:00+00:00,long,1,-1.0534271967380207,1,SL,fx_cross
RTY,2024-08-02 00:00:00+00:00,long,1,-1.0044818497109826,0,SAME_BAR_SL,indices
NKD,2024-08-02 00:00:00+00:00,long,2,-1.00805574912892,0,SAME_BAR_SL,indices
ES,2024-08-04 00:00:00+00:00,long,1,-1.0052025095638868,1,SL,indices
EURGBP,2024-08-04 00:00:00+00:00,short,4,-1.0696873469387747,1,SL,fx_cross
YM,2024-08-05 00:00:00+00:00,long,1,2.4962570948379352,13,TP,indices
EURAUD,2024-08-05 00:00:00+00:00,short,3,-1.0201735512630015,0,SAME_BAR_SL,fx_cross
DAX,2024-08-05 00:00:00+00:00,long,1,-1.015703820224719,0,SAME_BAR_SL,indices
GBPCHF,2024-08-05 00:00:00+00:00,long,1,-1.0324985074626876,0,SAME_BAR_SL,fx_cross
NZDJPY,2024-08-05 00:00:00+00:00,long,1,-1.0219392797783935,0,SAME_BAR_SL,fx_cross
NKD,2024-08-05 00:00:00+00:00,long,2,2.49416118694362,1,TP,indices
RTY,2024-08-05 00:00:00+00:00,long,2,2.492314265232975,1,TP,indices
GBPAUD,2024-08-06 00:00:00+00:00,long,1,-1.0406798510796735,0,SAME_BAR_SL,fx_cross
GBPNZD,2024-08-06 00:00:00+00:00,long,1,-1.0209657454673478,1,SL,fx_cross
NZDUSD,2024-08-07 00:00:00+00:00,short,4,-1.0453796226415109,2,SL,fx_major
NZDCHF,2024-08-07 00:00:00+00:00,short,4,-1.0139940797693416,5,SL,fx_cross
EURNZD,2024-08-07 00:00:00+00:00,long,2,-1.0194793417527748,11,SL,fx_cross
NZDJPY,2024-08-07 00:00:00+00:00,short,4,-1.0034680413523331,44,SL,fx_cross
GBPAUD,2024-08-07 00:00:00+00:00,long,1,2.4753523566878983,26,TP,fx_cross
USDCAD,2024-08-07 00:00:00+00:00,long,1,-1.0564530983847267,6,SL,fx_major
AUDJPY,2024-08-07 00:00:00+00:00,short,4,-1.0058681894873458,21,SL,fx_cross
EURGBP,2024-08-08 00:00:00+00:00,long,1,-1.0226704725897915,7,SL,fx_cross
CADJPY,2024-08-08 00:00:00+00:00,short,4,-1.007359902272172,49,SL,fx_cross
ES,2024-08-09 00:00:00+00:00,long,2,2.4983800189933523,77,TP,indices
SI,2024-08-09 00:00:00+00:00,long,2,2.4981884243048404,30,TP,metals
GBPUSD,2024-08-12 00:00:00+00:00,short,3,-1.0414481065431387,1,SL,fx_major
NZDUSD,2024-08-13 00:00:00+00:00,short,4,-1.019832242990655,5,SL,fx_major
CL,2024-08-14 00:00:00+00:00,long,1,-1.0019708626198083,4,SL,commodities
EURUSD,2024-08-14 00:00:00+00:00,short,4,2.3947428960817843,1,TP,fx_major
EURAUD,2024-08-15 00:00:00+00:00,short,3,-1.0039323314842832,178,SL,fx_cross
PL,2024-08-15 00:00:00+00:00,short,4,-1.0022605461254612,24,SL,metals
GBPNZD,2024-08-15 00:00:00+00:00,short,4,-1.007378596642273,64,SL,fx_cross
USDJPY,2024-08-15 00:00:00+00:00,short,4,2.4890261453686695,5,TP,fx_major
AUDCHF,2024-08-15 00:00:00+00:00,short,4,-1.011364589933122,35,SL,fx_cross
CADCHF,2024-08-16 00:00:00+00:00,long,1,-1.0254302803738324,3,SL,fx_cross
NKD,2024-08-16 00:00:00+00:00,short,4,-1.0017567583212734,36,SL,indices
USDCHF,2024-08-16 00:00:00+00:00,long,1,-1.0204569983136598,3,SL,fx_major
AUDUSD,2024-08-18 00:00:00+00:00,short,4,-1.010477267637178,5,SL,fx_major
DAX,2024-08-19 00:00:00+00:00,short,4,-1.005130425716768,6,SL,indices
GBPUSD,2024-08-19 00:00:00+00:00,short,3,-1.0178936356913972,2,SL,fx_major
NQ,2024-08-19 00:00:00+00:00,short,3,2.495304968530174,13,TP,indices
GBPJPY,2024-08-19 00:00:00+00:00,long,1,-1.0093081187423152,19,SL,fx_cross
AUDCAD,2024-08-19 00:00:00+00:00,short,4,-1.0180455375966269,27,SL,fx_cross
GBPCHF,2024-08-20 00:00:00+00:00,long,1,-1.0193913930348264,15,SL,fx_cross
PA,2024-08-21 00:00:00+00:00,short,4,-1.0021190243902438,8,SL,metals
USDCAD,2024-08-22 00:00:00+00:00,long,2,-1.0556095976591027,1,SL,fx_major
NG,2024-08-22 00:00:00+00:00,long,2,-1.00448,0,SAME_BAR_SL,commodities
NZDUSD,2024-08-23 00:00:00+00:00,short,4,-1.0152260383944154,5,SL,fx_major
CL,2024-08-25 00:00:00+00:00,short,4,-1.0170005633802814,1,SL,commodities
NZDCAD,2024-08-26 00:00:00+00:00,long,2,2.453435387673955,2,TP,fx_cross
CL,2024-08-27 00:00:00+00:00,long,1,-1.0111306912442395,1,SL,commodities
USDCHF,2024-08-27 00:00:00+00:00,long,2,2.4900886350272993,61,TP,fx_major
AUDUSD,2024-08-28 00:00:00+00:00,short,4,2.478777651641625,5,TP,fx_major
EURNZD,2024-08-28 00:00:00+00:00,long,2,-1.0435639024390255,0,SAME_BAR_SL,fx_cross
CADCHF,2024-08-28 00:00:00+00:00,long,2,-1.0036995159074094,188,SL,fx_cross
GBPUSD,2024-08-28 00:00:00+00:00,long,1,-1.0374463530601934,0,SAME_BAR_SL,fx_major
EURUSD,2024-08-28 00:00:00+00:00,long,1,-1.0245137966234783,1,SL,fx_major
EURCHF,2024-08-28 00:00:00+00:00,long,2,-0.11066549793483026,399,EOS,fx_cross
EURNZD,2024-08-29 00:00:00+00:00,long,1,2.454068831168831,4,TP,fx_cross
NZDCHF,2024-08-29 00:00:00+00:00,short,4,2.467780846905539,4,TP,fx_cross
USDJPY,2024-08-29 00:00:00+00:00,short,4,-1.0080399446749655,31,SL,fx_major
CHFJPY,2024-09-02 00:00:00+00:00,short,3,-1.0079688332234673,44,SL,fx_cross
AUDNZD,2024-09-03 00:00:00+00:00,long,2,2.4830006143535326,68,TP,fx_cross
GBPUSD,2024-09-03 00:00:00+00:00,long,1,2.4374042320819136,1,TP,fx_major
EURJPY,2024-09-03 00:00:00+00:00,long,1,-1.030313141326189,0,SAME_BAR_SL,fx_cross
RTY,2024-09-03 00:00:00+00:00,long,1,-1.005260587792012,0,SAME_BAR_SL,indices
EURUSD,2024-09-03 00:00:00+00:00,long,1,2.361790246085024,1,TP,fx_major
YM,2024-09-04 00:00:00+00:00,short,3,-1.0058325729442972,10,SL,indices
CL,2024-09-04 00:00:00+00:00,long,2,-1.0021946902654868,2,SL,commodities
NZDUSD,2024-09-06 00:00:00+00:00,long,1,-1.0189993175564112,4,SL,fx_major
AUDJPY,2024-09-06 00:00:00+00:00,long,2,-1.0021096118080013,180,SL,fx_cross
RTY,2024-09-06 00:00:00+00:00,long,1,-1.0050441286462228,4,SL,indices
NQ,2024-09-06 00:00:00+00:00,long,2,2.4988460715512586,77,TP,indices
EURCAD,2024-09-06 00:00:00+00:00,short,4,-1.0551508256880748,6,SL,fx_cross
AUDUSD,2024-09-06 00:00:00+00:00,short,4,2.4749474074074067,1,TP,fx_major
EURNZD,2024-09-06 00:00:00+00:00,short,4,2.4586882758620683,14,TP,fx_cross
NG,2024-09-08 00:00:00+00:00,long,1,2.498859513776337,13,TP,commodities
USDCAD,2024-09-10 00:00:00+00:00,short,4,-1.0456374805038982,7,SL,fx_major
GBPCAD,2024-09-10 00:00:00+00:00,short,3,-1.0339811668372572,3,SL,fx_cross
PA,2024-09-10 00:00:00+00:00,short,3,-1.0023065168539327,1,SL,metals
GBPAUD,2024-09-11 00:00:00+00:00,long,1,-1.021493646690169,5,SL,fx_cross
DAX,2024-09-12 00:00:00+00:00,short,4,-1.0103297222222223,1,SL,indices
RTY,2024-09-12 00:00:00+00:00,short,4,-1.0037121389793702,1,SL,indices
EURUSD,2024-09-12 00:00:00+00:00,short,3,-1.016694387947269,5,SL,fx_major
GBPUSD,2024-09-12 00:00:00+00:00,short,3,-1.012621834421161,5,SL,fx_major
CL,2024-09-12 00:00:00+00:00,short,4,-1.001605895357406,4,SL,commodities
RTY,2024-09-16 00:00:00+00:00,short,3,-1.0041082242990653,2,SL,indices
EURCAD,2024-09-16 00:00:00+00:00,short,3,2.4747886531585226,14,TP,fx_cross
EURJPY,2024-09-17 00:00:00+00:00,short,4,-1.0178954943273912,1,SL,fx_cross
AUDUSD,2024-09-17 00:00:00+00:00,short,4,-1.0250525925925933,1,SL,fx_major
GBPJPY,2024-09-18 00:00:00+00:00,short,4,-1.0187450958126332,1,SL,fx_cross
EURJPY,2024-09-19 00:00:00+00:00,short,4,-1.025555983935744,0,SAME_BAR_SL,fx_cross
DAX,2024-09-19 00:00:00+00:00,short,3,-1.019841568627451,0,SAME_BAR_SL,indices
NZDCHF,2024-09-20 00:00:00+00:00,short,3,-1.03409442020666,2,SL,fx_cross
PL,2024-09-23 00:00:00+00:00,long,1,2.4975636825396825,25,TP,metals
EURUSD,2024-09-23 00:00:00+00:00,long,1,-1.0207947414080745,7,SL,fx_major
HG,2024-09-23 00:00:00+00:00,long,1,2.492980512820513,1,TP,metals
EURJPY,2024-09-24 00:00:00+00:00,short,3,-1.0385278082191778,1,SL,fx_cross
NZDUSD,2024-09-24 00:00:00+00:00,short,4,-1.0270038255547065,0,SAME_BAR_SL,fx_major
NZDCHF,2024-09-24 00:00:00+00:00,short,4,2.4847934079348932,12,TP,fx_cross
NZDCAD,2024-09-25 00:00:00+00:00,long,1,-1.0210909284762333,7,SL,fx_cross
GBPUSD,2024-09-25 00:00:00+00:00,long,1,-1.0153406896551722,7,SL,fx_major
NG,2024-09-25 00:00:00+00:00,short,4,-1.0021516417910448,0,SAME_BAR_SL,commodities
AUDUSD,2024-09-25 00:00:00+00:00,long,1,-1.0156676167076168,10,SL,fx_major
AUDCAD,2024-09-26 00:00:00+00:00,short,3,-1.0173792258498824,0,SAME_BAR_SL,fx_cross
EURJPY,2024-09-27 00:00:00+00:00,long,1,-1.0251895475113126,2,SL,fx_cross
NG,2024-09-27 00:00:00+00:00,short,3,2.4926374803149605,3,TP,commodities
SI,2024-09-29 00:00:00+00:00,long,1,-1.0022431964483907,8,SL,metals
HG,2024-09-29 00:00:00+00:00,short,4,2.4979149589041096,16,TP,metals
USDCAD,2024-09-30 00:00:00+00:00,short,4,-1.0248638529701344,6,SL,fx_major
GBPCHF,2024-09-30 00:00:00+00:00,short,3,-1.0168846129204483,67,SL,fx_cross
NZDJPY,2024-10-01 00:00:00+00:00,long,1,2.4823009697821505,1,TP,fx_cross
CL,2024-10-01 00:00:00+00:00,short,3,-1.0027372188633614,2,SL,commodities
RTY,2024-10-03 00:00:00+00:00,long,1,2.4917599999999998,7,TP,indices
GBPCAD,2024-10-03 00:00:00+00:00,long,1,-1.0815197389885842,0,SAME_BAR_SL,fx_cross
EURGBP,2024-10-03 00:00:00+00:00,short,4,-1.1247876595744613,0,SAME_BAR_SL,fx_cross
GBPJPY,2024-10-03 00:00:00+00:00,long,1,-1.007909404517454,51,SL,fx_cross
DAX,2024-10-03 00:00:00+00:00,long,1,2.4918365912117175,7,TP,indices
EURUSD,2024-10-03 00:00:00+00:00,long,2,-1.0408614814814803,1,SL,fx_major
GBPUSD,2024-10-04 00:00:00+00:00,long,2,-1.0203829398663697,10,SL,fx_major
CL,2024-10-04 00:00:00+00:00,short,4,-1.0021293404634581,2,SL,commodities
EURNZD,2024-10-07 00:00:00+00:00,short,3,-1.0340117311608958,1,SL,fx_cross
CADJPY,2024-10-07 00:00:00+00:00,long,1,-1.0104442494859494,44,SL,fx_cross
NZDUSD,2024-10-07 00:00:00+00:00,long,2,-1.0188303448275864,2,SL,fx_major
EURNZD,2024-10-09 00:00:00+00:00,short,4,-1.025049038652131,17,SL,fx_cross
GBPCAD,2024-10-09 00:00:00+00:00,short,4,-1.0589445267489743,1,SL,fx_cross
USDCAD,2024-10-09 00:00:00+00:00,short,4,-1.0497804409857279,1,SL,fx_major
YM,2024-10-09 00:00:00+00:00,short,3,-1.0410959036144578,0,SAME_BAR_SL,indices
EURUSD,2024-10-10 00:00:00+00:00,long,2,-1.0244676578737015,5,SL,fx_major
USDJPY,2024-10-10 00:00:00+00:00,short,4,-1.0109738546313305,10,SL,fx_major
NZDCAD,2024-10-10 00:00:00+00:00,short,4,-1.036112222222222,1,SL,fx_cross
GBPAUD,2024-10-11 00:00:00+00:00,long,1,2.4811985293097467,14,TP,fx_cross
AUDCAD,2024-10-11 00:00:00+00:00,short,4,2.4766138856371,14,TP,fx_cross
NG,2024-10-14 00:00:00+00:00,long,1,-1.0045089265536724,1,SL,commodities
NZDCHF,2024-10-14 00:00:00+00:00,short,4,2.476055203915171,13,TP,fx_cross
GBPCAD,2024-10-15 00:00:00+00:00,short,3,2.476038341625207,24,TP,fx_cross
EURGBP,2024-10-15 00:00:00+00:00,long,2,-1.0354808510638296,3,SL,fx_cross
PA,2024-10-15 00:00:00+00:00,long,2,2.497832582781457,8,TP,metals
AUDUSD,2024-10-15 00:00:00+00:00,long,2,-1.0141492202876612,9,SL,fx_major
NZDCAD,2024-10-15 00:00:00+00:00,short,4,2.4718863961813846,7,TP,fx_cross
CL,2024-10-15 00:00:00+00:00,long,1,-1.0009665306122448,147,SL,commodities
YM,2024-10-15 00:00:00+00:00,long,1,-1.0189851994497936,1,SL,indices
AUDCHF,2024-10-16 00:00:00+00:00,short,4,-1.0147813357731015,19,SL,fx_cross
SI,2024-10-16 00:00:00+00:00,short,3,-1.0015762962962962,2,SL,metals
GBPUSD,2024-10-18 00:00:00+00:00,short,4,2.4725482193839223,11,TP,fx_major
RTY,2024-10-21 00:00:00+00:00,long,1,-1.0093533075933074,0,SAME_BAR_SL,indices
NZDUSD,2024-10-22 00:00:00+00:00,short,4,2.481463908045977,13,TP,fx_major
YM,2024-10-23 00:00:00+00:00,long,1,-1.0110810024252224,0,SAME_BAR_SL,indices
EURJPY,2024-10-23 00:00:00+00:00,short,4,2.494189339040665,110,TP,fx_cross
NG,2024-10-24 00:00:00+00:00,short,4,-1.0018923741007195,0,SAME_BAR_SL,commodities
YM,2024-10-25 00:00:00+00:00,long,2,-1.0138736540429887,5,SL,indices
CHFJPY,2024-10-28 00:00:00+00:00,short,3,2.460913501577288,4,TP,fx_cross
NKD,2024-10-29 00:00:00+00:00,short,4,-1.0049861354581673,1,SL,indices
NG,2024-10-29 00:00:00+00:00,short,3,-1.0012290227576974,18,SL,commodities
PL,2024-10-29 00:00:00+00:00,short,3,2.4941792820512823,1,TP,metals
AUDCAD,2024-10-29 00:00:00+00:00,long,1,-1.0276348352242037,7,SL,fx_cross
EURUSD,2024-10-30 00:00:00+00:00,short,3,-1.102725945945951,1,SL,fx_major
NZDCAD,2024-10-31 00:00:00+00:00,long,1,-1.065705609065155,0,SAME_BAR_SL,fx_cross
NZDCHF,2024-10-31 00:00:00+00:00,long,2,-1.0028053380021398,133,SL,fx_cross
USDJPY,2024-11-01 00:00:00+00:00,short,3,-1.0195976944190304,4,SL,fx_major
NZDJPY,2024-11-01 00:00:00+00:00,short,4,-1.0243129344729345,4,SL,fx_cross
PA,2024-11-03 00:00:00+00:00,long,1,-1.0014959322033898,3,SL,metals
NKD,2024-11-05 00:00:00+00:00,short,3,-1.003903800623053,1,SL,indices
USDCAD,2024-11-05 00:00:00+00:00,long,1,2.461055823293171,7,TP,fx_major
HG,2024-11-06 00:00:00+00:00,long,1,-1.007019487179487,0,SAME_BAR_SL,metals
DAX,2024-11-06 00:00:00+00:00,short,4,-1.0042316791298436,18,SL,indices
YM,2024-11-06 00:00:00+00:00,short,3,-1.0346268656716417,0,SAME_BAR_SL,indices
USDJPY,2024-11-07 00:00:00+00:00,long,1,-1.0102921028598895,17,SL,fx_major
NZDJPY,2024-11-08 00:00:00+00:00,long,2,-1.0163953860942008,6,SL,fx_cross
AUDCHF,2024-11-08 00:00:00+00:00,long,1,-1.007631388101983,23,SL,fx_cross
NZDCAD,2024-11-08 00:00:00+00:00,long,2,-1.0077563154406892,5,SL,fx_cross
AUDCAD,2024-11-08 00:00:00+00:00,long,2,-1.0079337931034482,22,SL,fx_cross
PL,2024-11-11 00:00:00+00:00,short,4,2.497235982532751,42,TP,metals
EURNZD,2024-11-12 00:00:00+00:00,short,4,-1.0298303980986339,2,SL,fx_cross
GBPUSD,2024-11-12 00:00:00+00:00,long,1,-1.0340980448259416,1,SL,fx_major
EURCAD,2024-11-13 00:00:00+00:00,long,1,-1.0413311344327834,1,SL,fx_cross
YM,2024-11-13 00:00:00+00:00,short,3,-1.005943491796382,10,SL,indices
EURGBP,2024-11-13 00:00:00+00:00,long,2,-1.0161692467893093,23,SL,fx_cross
RTY,2024-11-13 00:00:00+00:00,short,3,-1.0025888453747467,10,SL,indices
PA,2024-11-13 00:00:00+00:00,long,2,2.4983935483870967,68,TP,metals
NKD,2024-11-13 00:00:00+00:00,long,2,-1.0039466666666668,2,SL,indices
GBPUSD,2024-11-14 00:00:00+00:00,long,2,-1.0313421750663119,1,SL,fx_major
SI,2024-11-14 00:00:00+00:00,short,4,-1.0033196615905244,3,SL,metals
HG,2024-11-14 00:00:00+00:00,long,1,2.494224179775281,1,TP,metals
GBPNZD,2024-11-18 00:00:00+00:00,short,3,2.453894470677835,1,TP,fx_cross
USDCHF,2024-11-19 00:00:00+00:00,long,1,2.455178656987295,3,TP,fx_major
EURCAD,2024-11-20 00:00:00+00:00,short,4,-1.014565717303292,14,SL,fx_cross
GBPUSD,2024-11-21 00:00:00+00:00,long,1,-1.0175298657384384,1,SL,fx_major
EURUSD,2024-11-21 00:00:00+00:00,long,2,-1.0459331558339837,1,SL,fx_major
NZDCAD,2024-11-22 00:00:00+00:00,long,2,2.4739240205596795,3,TP,fx_cross
ES,2024-11-22 00:00:00+00:00,long,2,-1.0039837656903765,44,SL,indices
CHFJPY,2024-11-22 00:00:00+00:00,long,0,-1.0234566344293998,3,SL,fx_cross
GBPCAD,2024-11-22 00:00:00+00:00,long,1,2.4685575943698024,3,TP,fx_cross
NZDJPY,2024-11-25 00:00:00+00:00,long,1,-1.0176990302178497,1,SL,fx_cross
AUDUSD,2024-11-26 00:00:00+00:00,short,3,2.4855692307692308,13,TP,fx_major
GBPUSD,2024-11-26 00:00:00+00:00,short,4,-1.0586509151414325,1,SL,fx_major
NZDUSD,2024-11-26 00:00:00+00:00,short,4,-1.0186474885844752,0,SAME_BAR_SL,fx_major
GBPNZD,2024-11-27 00:00:00+00:00,short,3,-1.0175893739028672,6,SL,fx_cross
CHFJPY,2024-11-28 00:00:00+00:00,long,2,-1.0095984541062801,60,SL,fx_cross
NZDJPY,2024-11-28 00:00:00+00:00,long,1,-1.042294285714282,0,SAME_BAR_SL,fx_cross
USDJPY,2024-11-28 00:00:00+00:00,long,1,2.486044822318167,14,TP,fx_major
NG,2024-11-29 00:00:00+00:00,short,4,-1.0012304587155962,17,SL,commodities
CADJPY,2024-12-02 00:00:00+00:00,long,2,-1.0066472112174494,73,SL,fx_cross
EURUSD,2024-12-02 00:00:00+00:00,long,2,-1.0075139004733273,27,SL,fx_major
NZDJPY,2024-12-03 00:00:00+00:00,short,4,-1.0161203777271246,11,SL,fx_cross
GBPJPY,2024-12-05 00:00:00+00:00,short,4,-1.0317205434140593,3,SL,fx_cross
AUDCHF,2024-12-06 00:00:00+00:00,long,2,-1.0127113930148537,10,SL,fx_cross
NZDUSD,2024-12-09 00:00:00+00:00,short,4,2.4845664315937936,8,TP,fx_major
SI,2024-12-09 00:00:00+00:00,short,4,2.4975931242741,8,TP,metals
HG,2024-12-10 00:00:00+00:00,short,4,2.4871702325581397,1,TP,metals
NQ,2024-12-11 00:00:00+00:00,short,3,-1.0239496629213483,0,SAME_BAR_SL,indices
GBPAUD,2024-12-11 00:00:00+00:00,long,1,-1.0136323674566332,28,SL,fx_cross
USDCHF,2024-12-11 00:00:00+00:00,short,3,-1.0211865468549424,1,SL,fx_major
RTY,2024-12-13 00:00:00+00:00,long,2,-1.0026205950297515,4,SL,indices
EURGBP,2024-12-13 00:00:00+00:00,short,3,-1.0370441566746595,0,SAME_BAR_SL,fx_cross
NZDCAD,2024-12-16 00:00:00+00:00,short,4,-1.0110772602739726,80,SL,fx_cross
YM,2024-12-17 00:00:00+00:00,long,2,-1.0068656101118134,1,SL,indices
NKD,2024-12-17 00:00:00+00:00,long,2,-1.0061900737100737,1,SL,indices
NQ,2024-12-18 00:00:00+00:00,long,2,-1.0117842881646655,0,SAME_BAR_SL,indices
AUDNZD,2024-12-19 00:00:00+00:00,long,1,-1.025546732755059,75,SL,fx_cross
GBPCHF,2024-12-19 00:00:00+00:00,long,1,-1.0228624936386772,21,SL,fx_cross
AUDCHF,2024-12-19 00:00:00+00:00,long,2,-1.0026934936861094,91,SL,fx_cross
USDCHF,2024-12-20 00:00:00+00:00,long,1,2.4715244621513937,8,TP,fx_major
EURGBP,2024-12-20 00:00:00+00:00,short,3,-1.045338167641325,16,SL,fx_cross
NG,2024-12-25 00:00:00+00:00,long,1,-1.0007740324594256,1,SL,commodities
EURNZD,2024-12-29 00:00:00+00:00,long,1,-1.0210912026090506,4,SL,fx_cross
EURCAD,2024-12-30 00:00:00+00:00,long,1,-1.0224680513918631,1,SL,fx_cross
NKD,2024-12-30 00:00:00+00:00,long,2,-1.0045010676156583,10,SL,indices
USDCAD,2024-12-31 00:00:00+00:00,short,3,-1.0314095208414482,3,SL,fx_major
PL,2024-12-31 00:00:00+00:00,long,2,2.494330718446602,3,TP,metals
USDJPY,2024-12-31 00:00:00+00:00,short,4,-1.0208563524396017,5,SL,fx_major
NG,2025-01-01 00:00:00+00:00,short,4,-1.0002348943740271,43,SL,commodities
NQ,2025-01-02 00:00:00+00:00,long,1,2.495945621230398,17,TP,indices
NZDUSD,2025-01-02 00:00:00+00:00,short,4,-1.014131261787158,3,SL,fx_major
GBPCAD,2025-01-02 00:00:00+00:00,long,1,-1.0173975212636697,5,SL,fx_cross
GBPUSD,2025-01-02 00:00:00+00:00,long,2,-1.018592991682318,6,SL,fx_major
SI,2025-01-02 00:00:00+00:00,short,4,-1.0122810256410253,1,SL,metals
EURCAD,2025-01-03 00:00:00+00:00,short,4,-1.017163031301483,14,SL,fx_cross
GBPJPY,2025-01-06 00:00:00+00:00,short,4,-1.0200507765220561,0,SAME_BAR_SL,fx_cross
USDCHF,2025-01-06 00:00:00+00:00,long,1,2.4474362577962574,1,TP,fx_major
HG,2025-01-06 00:00:00+00:00,short,4,-1.0064948148148147,0,SAME_BAR_SL,metals
USDCAD,2025-01-06 00:00:00+00:00,long,1,-1.0693628915662612,0,SAME_BAR_SL,fx_major
SI,2025-01-06 00:00:00+00:00,short,4,-1.005550561797753,4,SL,metals
EURUSD,2025-01-06 00:00:00+00:00,short,3,2.481413077905492,6,TP,fx_major
DAX,2025-01-06 00:00:00+00:00,short,3,-1.004498320610687,2,SL,indices
AUDCAD,2025-01-07 00:00:00+00:00,long,1,-1.0621322084367248,0,SAME_BAR_SL,fx_cross
GBPJPY,2025-01-08 00:00:00+00:00,long,2,-1.0157149498997997,1,SL,fx_cross
NZDJPY,2025-01-08 00:00:00+00:00,long,1,-1.011416474919466,2,SL,fx_cross
PL,2025-01-09 00:00:00+00:00,short,4,-1.002764017467249,18,SL,metals
NZDUSD,2025-01-09 00:00:00+00:00,short,3,-1.0066748137108794,13,SL,fx_major
YM,2025-01-10 00:00:00+00:00,long,2,2.493481698841699,4,TP,indices
NKD,2025-01-12 00:00:00+00:00,long,2,2.496477245337159,11,TP,indices
GBPNZD,2025-01-13 00:00:00+00:00,long,1,-1.0205727951564072,6,SL,fx_cross
DAX,2025-01-13 00:00:00+00:00,long,2,2.4949428213166143,4,TP,indices
GBPJPY,2025-01-13 00:00:00+00:00,long,1,-1.023611604938272,0,SAME_BAR_SL,fx_cross
AUDUSD,2025-01-13 00:00:00+00:00,short,3,-1.0067179407780142,10,SL,fx_major
NZDJPY,2025-01-13 00:00:00+00:00,short,4,-1.066405790884715,1,SL,fx_cross
EURNZD,2025-01-14 00:00:00+00:00,short,3,-1.0376538596491243,11,SL,fx_cross
RTY,2025-01-15 00:00:00+00:00,short,3,-1.002080648899189,5,SL,indices
GBPUSD,2025-01-15 00:00:00+00:00,short,4,-1.021821374722838,8,SL,fx_major
SI,2025-01-15 00:00:00+00:00,short,3,-1.0027228454172366,13,SL,metals
ES,2025-01-15 00:00:00+00:00,short,3,-1.0029210760953113,5,SL,indices
AUDCAD,2025-01-15 00:00:00+00:00,short,3,-1.0094053825857519,8,SL,fx_cross
USDCHF,2025-01-15 00:00:00+00:00,long,1,-1.0330106787330315,4,SL,fx_major
HG,2025-01-19 00:00:00+00:00,long,2,-1.0038631111111112,4,SL,metals
GBPCAD,2025-01-20 00:00:00+00:00,short,4,-1.0357351008645523,0,SAME_BAR_SL,fx_cross
GBPJPY,2025-01-20 00:00:00+00:00,short,4,-1.0194134682080922,4,SL,fx_cross
ES,2025-01-22 00:00:00+00:00,short,3,-1.0208254641909815,2,SL,indices
EURUSD,2025-01-24 00:00:00+00:00,short,3,2.474706907838071,7,TP,fx_major
EURGBP,2025-01-26 00:00:00+00:00,long,1,-1.0458719688109155,2,SL,fx_cross
GBPUSD,2025-01-27 00:00:00+00:00,short,3,-1.0151908213820078,16,SL,fx_major
GBPJPY,2025-01-27 00:00:00+00:00,short,4,2.476246279982555,3,TP,fx_cross
USDJPY,2025-01-27 00:00:00+00:00,long,1,-1.0180859346186089,8,SL,fx_major
NQ,2025-01-27 00:00:00+00:00,long,1,-1.0060570720919948,0,SAME_BAR_SL,indices
DAX,2025-01-27 00:00:00+00:00,long,1,2.4963077255537547,13,TP,indices
AUDCAD,2025-01-28 00:00:00+00:00,long,1,-1.0112117081850533,57,SL,fx_cross
GBPAUD,2025-01-28 00:00:00+00:00,short,4,-1.0147841928221428,5,SL,fx_cross
USDCAD,2025-01-29 00:00:00+00:00,short,3,-1.020617195308516,1,SL,fx_major
GBPCAD,2025-01-30 00:00:00+00:00,short,3,2.4337579621162657,1,TP,fx_cross
EURCAD,2025-01-30 00:00:00+00:00,long,1,2.4583961111111106,2,TP,fx_cross
YM,2025-02-02 00:00:00+00:00,short,3,2.496479048798613,31,TP,indices
AUDUSD,2025-02-03 00:00:00+00:00,short,4,-1.0130128742514972,2,SL,fx_major
HG,2025-02-03 00:00:00+00:00,short,3,-1.0036686174496643,1,SL,metals
EURCAD,2025-02-03 00:00:00+00:00,long,1,-1.0416038888888894,0,SAME_BAR_SL,fx_cross
NQ,2025-02-03 00:00:00+00:00,short,3,-1.0034896258847321,9,SL,indices
EURGBP,2025-02-03 00:00:00+00:00,long,2,2.4478200673400634,3,TP,fx_cross
NZDUSD,2025-02-03 00:00:00+00:00,short,4,-1.0126348738486184,2,SL,fx_major
USDCAD,2025-02-04 00:00:00+00:00,short,3,1.5471425299790729,333,EOS,fx_major
GBPCAD,2025-02-04 00:00:00+00:00,short,3,-1.0078708547209794,19,SL,fx_cross
EURUSD,2025-02-04 00:00:00+00:00,long,1,2.494645420372238,50,TP,fx_major
RTY,2025-02-04 00:00:00+00:00,long,1,-1.0012783977900552,18,SL,indices
GBPAUD,2025-02-04 00:00:00+00:00,long,1,-1.0253764679211064,1,SL,fx_cross
GBPCHF,2025-02-04 00:00:00+00:00,long,1,-1.0173119037199125,2,SL,fx_cross
GBPNZD,2025-02-05 00:00:00+00:00,long,1,-1.0231098296199215,1,SL,fx_cross
GBPAUD,2025-02-06 00:00:00+00:00,long,1,-1.0826912453392967,0,SAME_BAR_SL,fx_cross
PL,2025-02-10 00:00:00+00:00,short,3,-1.0045095724137931,0,SAME_BAR_SL,metals
PA,2025-02-11 00:00:00+00:00,long,2,2.4912733333333335,2,TP,metals
GBPNZD,2025-02-12 00:00:00+00:00,short,3,-1.016852061068702,12,SL,fx_cross
EURCAD,2025-02-12 00:00:00+00:00,short,4,-1.0178625085910649,11,SL,fx_cross
HG,2025-02-13 00:00:00+00:00,short,4,-1.0020850410958904,24,SL,metals
PA,2025-02-14 00:00:00+00:00,long,1,-1.0022349825783972,8,SL,metals
PL,2025-02-14 00:00:00+00:00,long,2,-1.0074468045977012,2,SL,metals
USDJPY,2025-02-14 00:00:00+00:00,long,2,-1.0152812060301508,4,SL,fx_major
EURNZD,2025-02-14 00:00:00+00:00,long,2,-1.0282508108108106,5,SL,fx_cross
DAX,2025-02-19 00:00:00+00:00,long,1,-1.035064077669903,0,SAME_BAR_SL,indices
NKD,2025-02-19 00:00:00+00:00,long,1,-1.0163810526315789,0,SAME_BAR_SL,indices
CHFJPY,2025-02-19 00:00:00+00:00,long,2,2.4878015300546448,40,TP,fx_cross
NZDJPY,2025-02-20 00:00:00+00:00,short,4,2.4774552487215256,4,TP,fx_cross
GBPJPY,2025-02-21 00:00:00+00:00,long,2,2.485000022740193,16,TP,fx_cross
ES,2025-02-21 00:00:00+00:00,long,1,-1.0054270842032011,2,SL,indices
USDCHF,2025-02-21 00:00:00+00:00,short,4,2.485674715261959,14,TP,fx_major
EURNZD,2025-02-23 00:00:00+00:00,short,4,-1.018361692969871,3,SL,fx_cross
AUDUSD,2025-02-24 00:00:00+00:00,long,2,-1.0288759090909094,2,SL,fx_major
GBPUSD,2025-02-24 00:00:00+00:00,short,3,2.4652051322233115,4,TP,fx_major
ES,2025-02-25 00:00:00+00:00,long,2,-1.0080868426610348,2,SL,indices
GBPCHF,2025-02-25 00:00:00+00:00,long,1,-1.0123263301500682,33,SL,fx_cross
NZDUSD,2025-02-25 00:00:00+00:00,long,2,-1.0172348519116858,2,SL,fx_major
NKD,2025-02-26 00:00:00+00:00,short,4,2.4922937539432177,1,TP,indices
EURGBP,2025-02-27 00:00:00+00:00,long,2,2.4782785171281088,6,TP,fx_cross
PL,2025-02-27 00:00:00+00:00,long,2,-1.0052644102564103,1,SL,metals
ES,2025-03-02 00:00:00+00:00,short,4,2.492172282497441,1,TP,indices
RTY,2025-03-02 00:00:00+00:00,short,4,2.4964979919678716,2,TP,indices
DAX,2025-03-03 00:00:00+00:00,short,3,-1.0157304721030043,0,SAME_BAR_SL,indices
CADJPY,2025-03-03 00:00:00+00:00,short,4,2.479289083215797,1,TP,fx_cross
USDJPY,2025-03-03 00:00:00+00:00,long,2,-1.0267942600896856,1,SL,fx_major
GBPUSD,2025-03-04 00:00:00+00:00,short,3,-1.0220638613861377,1,SL,fx_major
ES,2025-03-04 00:00:00+00:00,long,2,-1.0087148051948052,3,SL,indices
NQ,2025-03-04 00:00:00+00:00,long,2,-1.0064890895410084,3,SL,indices
NKD,2025-03-04 00:00:00+00:00,long,1,-1.0027196287703015,24,SL,indices
EURJPY,2025-03-04 00:00:00+00:00,short,3,-1.0119573103819257,1,SL,fx_cross
NZDUSD,2025-03-05 00:00:00+00:00,short,3,-1.008276137071651,10,SL,fx_major
NZDJPY,2025-03-05 00:00:00+00:00,short,4,-1.0216313675601998,0,SAME_BAR_SL,fx_cross
GBPNZD,2025-03-06 00:00:00+00:00,long,1,-1.0570524750680017,0,SAME_BAR_SL,fx_cross
DAX,2025-03-07 00:00:00+00:00,long,1,-1.002089334466157,19,SL,indices
USDJPY,2025-03-07 00:00:00+00:00,long,1,2.4848165842862415,14,TP,fx_major
GBPAUD,2025-03-07 00:00:00+00:00,short,3,-1.0302314210248282,0,SAME_BAR_SL,fx_cross
GBPNZD,2025-03-07 00:00:00+00:00,short,3,-1.0274784194528883,4,SL,fx_cross
ES,2025-03-10 00:00:00+00:00,long,1,-1.0108906344410875,0,SAME_BAR_SL,indices
NQ,2025-03-10 00:00:00+00:00,long,1,-1.0028753385683395,0,SAME_BAR_SL,indices
YM,2025-03-11 00:00:00+00:00,long,1,-1.0326054054054055,0,SAME_BAR_SL,indices
SI,2025-03-11 00:00:00+00:00,short,3,-1.0041989620758482,1,SL,metals
RTY,2025-03-12 00:00:00+00:00,short,4,2.4973636697247708,20,TP,indices
EURCAD,2025-03-13 00:00:00+00:00,short,3,-1.0059677611940299,25,SL,fx_cross
EURJPY,2025-03-13 00:00:00+00:00,long,2,-1.0118425309781178,20,SL,fx_cross
EURNZD,2025-03-13 00:00:00+00:00,short,3,-1.0102232081648372,19,SL,fx_cross
EURAUD,2025-03-13 00:00:00+00:00,short,3,-1.0075080946801032,18,SL,fx_cross
NG,2025-03-13 00:00:00+00:00,long,2,-1.0010645279866333,20,SL,commodities
EURGBP,2025-03-14 00:00:00+00:00,short,3,2.469507891332472,12,TP,fx_cross
PA,2025-03-14 00:00:00+00:00,short,4,-1.0072183908045977,0,SAME_BAR_SL,metals
GBPNZD,2025-03-14 00:00:00+00:00,long,2,-1.0342553645266601,2,SL,fx_cross
CADJPY,2025-03-18 00:00:00+00:00,short,4,-1.020710916784203,7,SL,fx_cross
AUDUSD,2025-03-19 00:00:00+00:00,long,1,-1.0654166789667951,1,SL,fx_major
NQ,2025-03-19 00:00:00+00:00,short,4,2.4916114583333333,2,TP,indices
HG,2025-03-19 00:00:00+00:00,short,3,-1.0027085333333334,5,SL,metals
ES,2025-03-19 00:00:00+00:00,short,4,-1.0092949494949495,4,SL,indices
NZDJPY,2025-03-20 00:00:00+00:00,long,1,-1.0405954953429304,0,SAME_BAR_SL,fx_cross
NZDUSD,2025-03-20 00:00:00+00:00,long,1,-1.081154861460952,0,SAME_BAR_SL,fx_major
NZDCAD,2025-03-20 00:00:00+00:00,long,1,-1.0531601377726765,0,SAME_BAR_SL,fx_cross
GBPNZD,2025-03-20 00:00:00+00:00,short,4,-1.0693111013215861,0,SAME_BAR_SL,fx_cross
NQ,2025-03-23 00:00:00+00:00,short,4,-1.0083885416666667,1,SL,indices
GBPCAD,2025-03-24 00:00:00+00:00,long,1,-1.0144069182565103,11,SL,fx_cross
YM,2025-03-24 00:00:00+00:00,short,4,2.4947415017327685,9,TP,indices
PL,2025-03-24 00:00:00+00:00,long,2,2.4955319712230217,6,TP,metals
USDJPY,2025-03-25 00:00:00+00:00,long,1,-1.0146564977280672,7,SL,fx_major
NQ,2025-03-25 00:00:00+00:00,short,4,2.4948930319563525,3,TP,indices
CADJPY,2025-03-27 00:00:00+00:00,short,4,2.479117291960508,3,TP,fx_cross
NZDCAD,2025-03-27 00:00:00+00:00,short,4,2.4778658721768374,7,TP,fx_cross
GBPJPY,2025-03-28 00:00:00+00:00,long,1,-1.0143009743321112,1,SL,fx_cross
AUDNZD,2025-03-28 00:00:00+00:00,short,4,-1.138136681614325,1,SL,fx_cross
ES,2025-03-28 00:00:00+00:00,long,1,-1.0127040564373897,1,SL,indices
AUDUSD,2025-03-31 00:00:00+00:00,long,2,-1.0107996051819865,4,SL,fx_major
HG,2025-03-31 00:00:00+00:00,long,1,-1.0062839215686274,2,SL,metals
SI,2025-03-31 00:00:00+00:00,long,1,-1.0078246263345194,2,SL,metals
PL,2025-04-01 00:00:00+00:00,long,1,-1.003207960199005,2,SL,metals
ES,2025-04-02 00:00:00+00:00,short,4,2.4912779097387174,1,TP,indices
NQ,2025-04-02 00:00:00+00:00,short,4,2.494571081368175,1,TP,indices
AUDNZD,2025-04-02 00:00:00+00:00,long,2,-1.0312780418153986,2,SL,fx_cross
GBPNZD,2025-04-02 00:00:00+00:00,short,3,-1.0186739568345327,2,SL,fx_cross
GBPAUD,2025-04-02 00:00:00+00:00,short,3,-1.0107806684767342,0,SAME_BAR_SL,fx_cross
USDCHF,2025-04-03 00:00:00+00:00,long,1,-1.015766125892278,0,SAME_BAR_SL,fx_major
SI,2025-04-03 00:00:00+00:00,long,2,-1.0075356643356643,0,SAME_BAR_SL,metals
ES,2025-04-04 00:00:00+00:00,long,2,-1.0016199810066477,1,SL,indices
HG,2025-04-04 00:00:00+00:00,long,2,-1.004189257142857,0,SAME_BAR_SL,metals
NQ,2025-04-04 00:00:00+00:00,long,2,-1.0011539284487412,1,SL,indices
GBPUSD,2025-04-04 00:00:00+00:00,long,1,-1.017803247485896,0,SAME_BAR_SL,fx_major
DAX,2025-04-04 00:00:00+00:00,long,1,-1.0179195687331537,0,SAME_BAR_SL,indices
YM,2025-04-06 00:00:00+00:00,long,2,-1.0160688713910762,0,SAME_BAR_SL,indices
HG,2025-04-06 00:00:00+00:00,long,1,-1.004474368,0,SAME_BAR_SL,metals
SI,2025-04-06 00:00:00+00:00,long,2,-1.0019414225941423,0,SAME_BAR_SL,metals
NKD,2025-04-06 00:00:00+00:00,long,2,2.49416118694362,1,TP,indices
PA,2025-04-06 00:00:00+00:00,long,2,2.4991995473833097,54,TP,metals
GBPNZD,2025-04-07 00:00:00+00:00,long,2,-1.0102972823538923,4,SL,fx_cross
DAX,2025-04-07 00:00:00+00:00,long,2,-1.0050571786833855,0,SAME_BAR_SL,indices
GBPCAD,2025-04-07 00:00:00+00:00,long,1,-1.0212543119266055,0,SAME_BAR_SL,fx_cross
GBPCHF,2025-04-08 00:00:00+00:00,long,2,-1.0213545098039212,0,SAME_BAR_SL,fx_cross
USDCHF,2025-04-09 00:00:00+00:00,short,4,2.4929918733509235,2,TP,fx_major
CL,2025-04-09 00:00:00+00:00,short,4,-1.0011552057245081,11,SL,commodities
GBPCHF,2025-04-09 00:00:00+00:00,short,4,-1.0064334089953761,29,SL,fx_cross
NKD,2025-04-09 00:00:00+00:00,short,4,-1.0012798163030998,18,SL,indices
GBPCAD,2025-04-09 00:00:00+00:00,long,1,2.4815509403585803,5,TP,fx_cross
EURGBP,2025-04-09 00:00:00+00:00,short,3,-1.0411320239111859,0,SAME_BAR_SL,fx_cross
RTY,2025-04-09 00:00:00+00:00,long,2,2.495248611111111,1,TP,indices
CADCHF,2025-04-09 00:00:00+00:00,short,4,2.494367965106526,164,TP,fx_cross
GBPAUD,2025-04-09 00:00:00+00:00,long,1,-1.0123489614243322,21,SL,fx_cross
EURNZD,2025-04-10 00:00:00+00:00,short,3,2.4919837052081824,22,TP,fx_cross
EURUSD,2025-04-10 00:00:00+00:00,short,3,-1.0159330879345605,0,SAME_BAR_SL,fx_major
USDJPY,2025-04-10 00:00:00+00:00,long,1,-1.0158977287066246,1,SL,fx_major
EURAUD,2025-04-10 00:00:00+00:00,short,3,2.494871443699259,252,TP,fx_cross
GBPUSD,2025-04-10 00:00:00+00:00,short,3,-1.0086542799573308,4,SL,fx_major
AUDJPY,2025-04-11 00:00:00+00:00,long,2,2.4959607986309185,76,TP,fx_cross
AUDNZD,2025-04-11 00:00:00+00:00,short,3,-1.0094117705735661,78,SL,fx_cross
EURGBP,2025-04-14 00:00:00+00:00,long,1,-1.0122340650406505,12,SL,fx_cross
NZDJPY,2025-04-15 00:00:00+00:00,short,3,-1.0041963746009224,24,SL,fx_cross
GBPUSD,2025-04-16 00:00:00+00:00,short,4,-1.0327551830613135,3,SL,fx_major
NZDUSD,2025-04-17 00:00:00+00:00,short,4,-1.0277363061564078,3,SL,fx_major
GBPUSD,2025-04-21 00:00:00+00:00,short,3,-1.0263926401127945,6,SL,fx_major
HG,2025-04-22 00:00:00+00:00,short,4,-1.0014028685968819,61,SL,metals
ES,2025-04-23 00:00:00+00:00,long,1,2.498668263473054,55,TP,indices
YM,2025-04-23 00:00:00+00:00,long,1,2.4989479808239214,162,TP,indices
AUDCAD,2025-04-23 00:00:00+00:00,short,4,-1.0065037826541274,116,SL,fx_cross
CHFJPY,2025-04-23 00:00:00+00:00,long,1,2.485337285150319,42,TP,fx_cross
DAX,2025-04-29 00:00:00+00:00,short,3,-1.0198150819672132,1,SL,indices
PL,2025-04-29 00:00:00+00:00,long,1,2.496613881081081,18,TP,metals
USDJPY,2025-04-29 00:00:00+00:00,short,4,-1.0081416618911174,2,SL,fx_major
GBPCAD,2025-04-30 00:00:00+00:00,long,2,-1.0203410824640817,1,SL,fx_cross
GBPUSD,2025-04-30 00:00:00+00:00,long,1,-1.0238416373520938,7,SL,fx_major
USDJPY,2025-05-02 00:00:00+00:00,short,4,-1.0056455082512827,63,SL,fx_major
NKD,2025-05-02 00:00:00+00:00,short,4,-1.0044186219739293,6,SL,indices
GBPJPY,2025-05-05 00:00:00+00:00,long,1,2.4806686705202305,6,TP,fx_cross
EURJPY,2025-05-06 00:00:00+00:00,long,2,-1.0397276640419977,0,SAME_BAR_SL,fx_cross
NZDUSD,2025-05-07 00:00:00+00:00,long,2,-1.011767118644068,2,SL,fx_major
NZDCHF,2025-05-07 00:00:00+00:00,long,2,-1.0109059502173054,31,SL,fx_cross
USDCHF,2025-05-09 00:00:00+00:00,long,1,-1.009502220401475,20,SL,fx_major
GBPCAD,2025-05-09 00:00:00+00:00,short,3,-1.030381311475409,5,SL,fx_cross
NKD,2025-05-12 00:00:00+00:00,short,4,2.491957263843648,3,TP,indices
SI,2025-05-12 00:00:00+00:00,long,2,-1.0164038095238088,0,SAME_BAR_SL,metals
RTY,2025-05-12 00:00:00+00:00,short,3,-1.0029664441477526,0,SAME_BAR_SL,indices
NQ,2025-05-13 00:00:00+00:00,short,4,-1.0050616389770395,2,SL,indices
NZDCAD,2025-05-13 00:00:00+00:00,short,4,-1.0142820895522389,0,SAME_BAR_SL,fx_cross
GBPUSD,2025-05-13 00:00:00+00:00,short,3,-1.0441660879904873,0,SAME_BAR_SL,fx_major
NZDUSD,2025-05-13 00:00:00+00:00,short,4,-1.0131581013163145,1,SL,fx_major
NZDJPY,2025-05-14 00:00:00+00:00,long,1,-1.0081798145338055,1,SL,fx_cross
CADJPY,2025-05-14 00:00:00+00:00,long,2,-1.0074215524193548,7,SL,fx_cross
EURUSD,2025-05-14 00:00:00+00:00,short,4,-1.0135553403933435,6,SL,fx_major
AUDCHF,2025-05-15 00:00:00+00:00,long,2,-1.0070374555659494,24,SL,fx_cross
PL,2025-05-22 00:00:00+00:00,short,3,2.493264615384615,7,TP,metals
EURNZD,2025-05-25 00:00:00+00:00,short,4,-1.0105294554111695,16,SL,fx_cross
AUDUSD,2025-05-27 00:00:00+00:00,long,2,-1.012774220021224,23,SL,fx_major
EURGBP,2025-05-28 00:00:00+00:00,long,2,2.4749080385852085,12,TP,fx_cross
GBPUSD,2025-05-28 00:00:00+00:00,long,1,2.4665939609236247,6,TP,fx_major
NQ,2025-05-28 00:00:00+00:00,short,4,-1.0123066016836508,1,SL,indices
RTY,2025-05-28 00:00:00+00:00,short,3,-1.0063893536121673,1,SL,indices
EURCAD,2025-05-29 00:00:00+00:00,short,3,-1.0168144418783682,11,SL,fx_cross
CADJPY,2025-05-29 00:00:00+00:00,long,2,2.491746677956534,54,TP,fx_cross
DAX,2025-05-30 00:00:00+00:00,short,3,-1.0046986959171238,4,SL,indices
NZDJPY,2025-05-30 00:00:00+00:00,long,2,2.4906163878029712,49,TP,fx_cross
GBPJPY,2025-06-02 00:00:00+00:00,long,1,2.485238625954198,18,TP,fx_cross
NZDCAD,2025-06-02 00:00:00+00:00,short,3,-1.040637464788733,0,SAME_BAR_SL,fx_cross
SI,2025-06-02 00:00:00+00:00,short,4,-1.0019909489051095,3,SL,metals
GBPCHF,2025-06-04 00:00:00+00:00,long,2,-1.0261564309764308,7,SL,fx_cross
NG,2025-06-10 00:00:00+00:00,long,2,2.498093400335008,7,TP,commodities
GBPAUD,2025-06-11 00:00:00+00:00,short,4,-1.0227155052672645,1,SL,fx_cross
GBPCAD,2025-06-11 00:00:00+00:00,short,3,2.462433147410359,5,TP,fx_cross
PA,2025-06-12 00:00:00+00:00,long,1,-1.0183913513513514,0,SAME_BAR_SL,metals
NZDCAD,2025-06-12 00:00:00+00:00,long,2,-1.0270762139917688,1,SL,fx_cross
RTY,2025-06-13 00:00:00+00:00,long,2,2.495778727735369,9,TP,indices
NQ,2025-06-16 00:00:00+00:00,short,3,2.4916785911358965,5,TP,indices
NZDCAD,2025-06-16 00:00:00+00:00,short,3,-1.0154246205282513,10,SL,fx_cross
EURCAD,2025-06-17 00:00:00+00:00,long,1,2.4657730886372518,3,TP,fx_cross
SI,2025-06-18 00:00:00+00:00,long,1,-1.002161325966851,5,SL,metals
GBPAUD,2025-06-18 00:00:00+00:00,long,2,2.4802327471775567,4,TP,fx_cross
PA,2025-06-18 00:00:00+00:00,short,3,-1.0017633074935401,7,SL,metals
NZDCHF,2025-06-19 00:00:00+00:00,long,1,-1.029751748099891,2,SL,fx_cross
PL,2025-06-19 00:00:00+00:00,long,2,2.4986200204429303,19,TP,metals
EURNZD,2025-06-20 00:00:00+00:00,long,1,2.4867263537549404,48,TP,fx_cross
GBPUSD,2025-06-22 00:00:00+00:00,long,2,-1.029947070063694,1,SL,fx_major
CL,2025-06-23 00:00:00+00:00,long,1,-1.0040609671179883,1,SL,commodities
GBPCAD,2025-06-23 00:00:00+00:00,short,4,-1.0406683326825452,1,SL,fx_cross
NQ,2025-06-24 00:00:00+00:00,short,3,-1.013924678362573,1,SL,indices
NKD,2025-06-24 00:00:00+00:00,long,1,2.4969395073891625,25,TP,indices
GBPUSD,2025-06-24 00:00:00+00:00,short,3,-1.0180125356125358,1,SL,fx_major
EURGBP,2025-06-25 00:00:00+00:00,long,1,2.4645485884101035,6,TP,fx_cross
NG,2025-06-25 00:00:00+00:00,long,2,-1.0013154257907542,12,SL,commodities
EURCAD,2025-06-26 00:00:00+00:00,long,1,-1.0221674423220046,28,SL,fx_cross
NZDUSD,2025-06-30 00:00:00+00:00,short,3,2.477296511318242,6,TP,fx_major
GBPCAD,2025-07-01 00:00:00+00:00,short,3,2.4804042907867694,11,TP,fx_cross
GBPCHF,2025-07-01 00:00:00+00:00,long,1,-1.0134985945466637,1,SL,fx_cross
HG,2025-07-03 00:00:00+00:00,long,1,-1.0027875254237288,3,SL,metals
RTY,2025-07-03 00:00:00+00:00,short,4,-1.006291388888889,17,SL,indices
USDCHF,2025-07-03 00:00:00+00:00,short,4,-1.009370025146689,23,SL,fx_major
GBPAUD,2025-07-07 00:00:00+00:00,short,3,2.4740843482103405,3,TP,fx_cross
HG,2025-07-08 00:00:00+00:00,short,3,-1.0032095384615385,0,SAME_BAR_SL,metals
EURJPY,2025-07-08 00:00:00+00:00,short,4,-1.0140946986541837,16,SL,fx_cross
PA,2025-07-11 00:00:00+00:00,short,3,-1.0021546961325967,0,SAME_BAR_SL,metals
GBPUSD,2025-07-11 00:00:00+00:00,long,1,-1.012670915800067,15,SL,fx_major
NZDCHF,2025-07-14 00:00:00+00:00,long,2,-1.0265771769383694,2,SL,fx_cross
ES,2025-07-15 00:00:00+00:00,long,2,-1.0100548628428927,1,SL,indices
NQ,2025-07-15 00:00:00+00:00,long,1,2.492187650650385,11,TP,indices
AUDJPY,2025-07-16 00:00:00+00:00,long,1,-1.0367080758807588,0,SAME_BAR_SL,fx_cross
CHFJPY,2025-07-16 00:00:00+00:00,long,1,-1.0207089931809066,13,SL,fx_cross
EURUSD,2025-07-16 00:00:00+00:00,short,4,-1.0287601408450697,5,SL,fx_major
AUDCHF,2025-07-17 00:00:00+00:00,long,2,2.481922532588454,48,TP,fx_cross
GBPNZD,2025-07-17 00:00:00+00:00,short,3,2.4624177962085296,5,TP,fx_cross
PA,2025-07-17 00:00:00+00:00,long,1,-1.0010091554467564,13,SL,metals
GBPCHF,2025-07-17 00:00:00+00:00,short,4,-1.0257344586530264,18,SL,fx_cross
AUDNZD,2025-07-17 00:00:00+00:00,long,1,-1.0743010169491531,0,SAME_BAR_SL,fx_cross
GBPJPY,2025-07-22 00:00:00+00:00,long,1,-1.027083661282427,9,SL,fx_cross
AUDJPY,2025-07-22 00:00:00+00:00,long,1,2.475834272850068,5,TP,fx_cross
GBPNZD,2025-07-27 00:00:00+00:00,long,2,2.465105478916505,8,TP,fx_cross
AUDUSD,2025-07-28 00:00:00+00:00,long,2,-1.0111927896995707,2,SL,fx_major
EURGBP,2025-07-28 00:00:00+00:00,long,2,-1.0240733498268184,2,SL,fx_cross
EURUSD,2025-07-28 00:00:00+00:00,long,2,-1.0175475215517242,1,SL,fx_major
USDJPY,2025-07-28 00:00:00+00:00,short,3,-1.0134240311082308,2,SL,fx_major
NZDUSD,2025-07-29 00:00:00+00:00,long,2,-1.0289829166666666,1,SL,fx_major
DAX,2025-07-29 00:00:00+00:00,short,4,2.4944945762711863,3,TP,indices
EURJPY,2025-07-29 00:00:00+00:00,long,2,-1.0410612328767122,1,SL,fx_cross
RTY,2025-07-30 00:00:00+00:00,long,2,-1.0039457836644592,2,SL,indices
HG,2025-07-30 00:00:00+00:00,long,1,-1.0036063085714286,0,SAME_BAR_SL,metals
EURCAD,2025-07-30 00:00:00+00:00,long,1,2.4626755630535646,2,TP,fx_cross
NZDCAD,2025-07-30 00:00:00+00:00,long,2,-1.0267340268848624,5,SL,fx_cross
EURUSD,2025-07-30 00:00:00+00:00,long,2,2.4758267019267093,2,TP,fx_major
GBPCAD,2025-07-30 00:00:00+00:00,short,3,-1.0285424757684853,8,SL,fx_cross
USDJPY,2025-07-31 00:00:00+00:00,short,4,-1.0138820856858186,0,SAME_BAR_SL,fx_major
NQ,2025-07-31 00:00:00+00:00,long,1,-1.0070874129821261,0,SAME_BAR_SL,indices
NG,2025-07-31 00:00:00+00:00,short,4,2.49801046277666,10,TP,commodities
EURJPY,2025-07-31 00:00:00+00:00,long,1,-1.0446463670412016,0,SAME_BAR_SL,fx_cross
CADJPY,2025-08-01 00:00:00+00:00,long,2,-1.018406037735849,0,SAME_BAR_SL,fx_cross
NKD,2025-08-01 00:00:00+00:00,long,0,2.4949010358565737,5,TP,indices
USDCHF,2025-08-01 00:00:00+00:00,short,3,2.4841212652068125,30,TP,fx_major
CADJPY,2025-08-04 00:00:00+00:00,long,1,-1.019339416720674,50,SL,fx_cross
CHFJPY,2025-08-04 00:00:00+00:00,long,1,2.4762079701353246,25,TP,fx_cross
NZDCHF,2025-08-06 00:00:00+00:00,short,4,2.4840601546698395,12,TP,fx_cross
GBPUSD,2025-08-06 00:00:00+00:00,short,4,-1.0356338388173594,1,SL,fx_major
SI,2025-08-07 00:00:00+00:00,short,4,-1.0074944785276074,0,SAME_BAR_SL,metals
AUDUSD,2025-08-07 00:00:00+00:00,short,4,-1.040881255605382,0,SAME_BAR_SL,fx_major
NZDUSD,2025-08-07 00:00:00+00:00,short,4,2.4559027741083215,4,TP,fx_major
ES,2025-08-07 00:00:00+00:00,short,3,-1.0072178715919085,5,SL,indices
EURUSD,2025-08-11 00:00:00+00:00,long,1,2.4803369109630533,31,TP,fx_major
NZDCAD,2025-08-13 00:00:00+00:00,short,3,2.4758494858342077,6,TP,fx_cross
EURCAD,2025-08-13 00:00:00+00:00,short,3,-1.092880411946446,0,SAME_BAR_SL,fx_cross
GBPAUD,2025-08-14 00:00:00+00:00,short,4,-1.0414990734141127,1,SL,fx_cross
NZDUSD,2025-08-14 00:00:00+00:00,long,1,-1.0129124700425203,4,SL,fx_major
EURJPY,2025-08-14 00:00:00+00:00,short,3,-1.0150598434074538,16,SL,fx_cross
GBPCHF,2025-08-14 00:00:00+00:00,short,4,2.4390468389661986,4,TP,fx_cross
NQ,2025-08-15 00:00:00+00:00,long,1,-1.008588051948052,3,SL,indices
AUDNZD,2025-08-18 00:00:00+00:00,long,1,2.4596030506245885,2,TP,fx_cross
ES,2025-08-19 00:00:00+00:00,long,1,-1.0100715789473684,1,SL,indices
SI,2025-08-20 00:00:00+00:00,short,4,-1.0052003433476393,2,SL,metals
GBPUSD,2025-08-20 00:00:00+00:00,long,1,-1.0283004057099923,11,SL,fx_major
GBPNZD,2025-08-20 00:00:00+00:00,short,3,-1.009004624633021,47,SL,fx_cross
GBPAUD,2025-08-22 00:00:00+00:00,long,1,-1.0478910344827592,2,SL,fx_cross
RTY,2025-08-22 00:00:00+00:00,short,4,-1.0037880121089808,5,SL,indices
AUDNZD,2025-08-25 00:00:00+00:00,short,4,-1.0358186481802423,2,SL,fx_cross
AUDJPY,2025-08-25 00:00:00+00:00,short,3,-1.02147923076923,5,SL,fx_cross
EURGBP,2025-08-26 00:00:00+00:00,short,3,-1.023058854961832,6,SL,fx_cross
EURCAD,2025-08-27 00:00:00+00:00,long,1,2.474306956521739,11,TP,fx_cross
SI,2025-08-27 00:00:00+00:00,short,3,-1.004331290877797,2,SL,metals
NZDUSD,2025-08-27 00:00:00+00:00,long,2,2.471444903677759,2,TP,fx_major
NG,2025-08-27 00:00:00+00:00,short,3,-1.0031375342465754,1,SL,commodities
NQ,2025-08-28 00:00:00+00:00,short,3,2.493590495049505,4,TP,indices
NKD,2025-08-28 00:00:00+00:00,short,3,2.490905430463576,2,TP,indices
GBPCAD,2025-08-29 00:00:00+00:00,long,1,-1.0326859161147899,3,SL,fx_cross
RTY,2025-08-29 00:00:00+00:00,short,4,-1.003373621526246,16,SL,indices
PA,2025-08-31 00:00:00+00:00,short,3,-1.0050895774647888,1,SL,metals
PL,2025-09-01 00:00:00+00:00,short,4,-1.0018024333996023,19,SL,metals
NG,2025-09-02 00:00:00+00:00,long,1,2.498147605633803,5,TP,commodities
NZDJPY,2025-09-02 00:00:00+00:00,short,4,-1.017052107654666,7,SL,fx_cross
ES,2025-09-02 00:00:00+00:00,long,2,2.4927092812777283,8,TP,indices
GBPCHF,2025-09-02 00:00:00+00:00,long,1,-1.0257060528559259,15,SL,fx_cross
NZDCAD,2025-09-03 00:00:00+00:00,short,3,-1.0600755555555537,2,SL,fx_cross
NZDUSD,2025-09-04 00:00:00+00:00,short,3,-1.023427263681593,3,SL,fx_major
GBPAUD,2025-09-04 00:00:00+00:00,short,4,2.471606925725528,6,TP,fx_cross
EURGBP,2025-09-04 00:00:00+00:00,long,1,2.4701443542435424,46,TP,fx_cross
AUDUSD,2025-09-05 00:00:00+00:00,short,4,-1.056023866057839,2,SL,fx_major
EURNZD,2025-09-05 00:00:00+00:00,long,1,-1.0319122891566272,2,SL,fx_cross
GBPUSD,2025-09-05 00:00:00+00:00,short,3,-1.0279701554404141,3,SL,fx_major
NQ,2025-09-05 00:00:00+00:00,short,3,-1.006409504950495,6,SL,indices
USDJPY,2025-09-05 00:00:00+00:00,long,2,-1.0248355448524984,3,SL,fx_major
NKD,2025-09-07 00:00:00+00:00,short,3,-1.00543,1,SL,indices
CL,2025-09-08 00:00:00+00:00,short,4,-1.0077190839694656,2,SL,commodities
USDCHF,2025-09-10 00:00:00+00:00,short,4,-1.0665175000000038,1,SL,fx_major
AUDNZD,2025-09-10 00:00:00+00:00,short,4,-1.0690826193118828,0,SAME_BAR_SL,fx_cross
EURJPY,2025-09-10 00:00:00+00:00,short,4,-1.0141340198946753,7,SL,fx_cross
CL,2025-09-12 00:00:00+00:00,short,4,-1.0018850190114068,3,SL,commodities
NZDCAD,2025-09-12 00:00:00+00:00,long,1,-1.0230492753623188,4,SL,fx_cross
NZDUSD,2025-09-12 00:00:00+00:00,long,1,-1.0212514103382258,5,SL,fx_major
NG,2025-09-15 00:00:00+00:00,long,1,2.498147605633803,9,TP,commodities
CHFJPY,2025-09-15 00:00:00+00:00,short,3,-1.0316241509433968,1,SL,fx_cross
SI,2025-09-17 00:00:00+00:00,long,2,2.4929919160104985,2,TP,metals
HG,2025-09-17 00:00:00+00:00,long,1,2.4963818404907974,7,TP,metals
USDJPY,2025-09-18 00:00:00+00:00,short,4,-1.0169209195402296,5,SL,fx_major
NZDCAD,2025-09-18 00:00:00+00:00,long,1,-1.0680754694485843,0,SAME_BAR_SL,fx_cross
EURCAD,2025-09-18 00:00:00+00:00,long,2,-1.0325496995708152,1,SL,fx_cross
DAX,2025-09-18 00:00:00+00:00,short,4,-1.0066289921121823,1,SL,indices
AUDUSD,2025-09-18 00:00:00+00:00,long,1,-1.0232596984924631,6,SL,fx_major
GBPCAD,2025-09-19 00:00:00+00:00,long,1,2.4521936029411773,3,TP,fx_cross
AUDCHF,2025-09-19 00:00:00+00:00,long,2,-1.042144827586205,3,SL,fx_cross
GBPCHF,2025-09-21 00:00:00+00:00,long,2,-1.0369606909315257,20,SL,fx_cross
EURCAD,2025-09-22 00:00:00+00:00,short,3,-1.017690820054411,8,SL,fx_cross
GBPJPY,2025-09-23 00:00:00+00:00,short,4,-1.0166200950118762,11,SL,fx_cross
NZDUSD,2025-09-24 00:00:00+00:00,long,2,-1.0285550963222412,1,SL,fx_major
CL,2025-09-24 00:00:00+00:00,short,3,-1.0039450474383302,2,SL,commodities
NZDCAD,2025-09-24 00:00:00+00:00,short,4,2.4842534442134445,38,TP,fx_cross
AUDJPY,2025-09-25 00:00:00+00:00,long,2,-1.016915766738661,5,SL,fx_cross
RTY,2025-09-25 00:00:00+00:00,long,1,-1.0031746031746032,43,SL,indices
GBPCAD,2025-09-26 00:00:00+00:00,short,3,-1.0628191596638625,2,SL,fx_cross
DAX,2025-09-29 00:00:00+00:00,short,4,-1.006161797752809,2,SL,indices
NG,2025-09-29 00:00:00+00:00,short,4,-1.0010559675785207,3,SL,commodities
PA,2025-09-30 00:00:00+00:00,long,1,2.498012736318408,6,TP,metals
CL,2025-09-30 00:00:00+00:00,long,2,-1.003572384341637,2,SL,commodities
HG,2025-09-30 00:00:00+00:00,long,1,2.497569505882353,8,TP,metals
AUDUSD,2025-09-30 00:00:00+00:00,short,4,2.483520429146178,12,TP,fx_major
USDJPY,2025-09-30 00:00:00+00:00,long,1,-1.0170319540229882,1,SL,fx_major
GBPUSD,2025-10-01 00:00:00+00:00,short,3,2.4343108333333383,1,TP,fx_major
NKD,2025-10-01 00:00:00+00:00,short,3,-1.0050906525573193,1,SL,indices
USDJPY,2025-10-02 00:00:00+00:00,long,2,2.488607078371642,4,TP,fx_major
AUDNZD,2025-10-02 00:00:00+00:00,long,1,2.457516363636362,5,TP,fx_cross
CHFJPY,2025-10-05 00:00:00+00:00,short,4,-1.0201438025453147,0,SAME_BAR_SL,fx_cross
NZDJPY,2025-10-05 00:00:00+00:00,short,4,-1.038163385579937,0,SAME_BAR_SL,fx_cross
CL,2025-10-06 00:00:00+00:00,short,4,2.4966735008375207,4,TP,commodities
EURNZD,2025-10-06 00:00:00+00:00,long,1,2.484483723242646,28,TP,fx_cross
SI,2025-10-07 00:00:00+00:00,long,1,2.498297693169093,8,TP,metals
GBPJPY,2025-10-08 00:00:00+00:00,short,4,2.482958408551069,8,TP,fx_cross
NG,2025-10-08 00:00:00+00:00,long,1,-1.002826253229974,0,SAME_BAR_SL,commodities
NG,2025-10-09 00:00:00+00:00,long,1,-1.001751891891892,1,SL,commodities
EURCAD,2025-10-09 00:00:00+00:00,long,2,2.369775862068971,1,TP,fx_cross
AUDCHF,2025-10-09 00:00:00+00:00,short,3,2.4659808036739372,1,TP,fx_cross
GBPAUD,2025-10-09 00:00:00+00:00,long,1,2.4261149999999883,1,TP,fx_cross
AUDCAD,2025-10-10 00:00:00+00:00,long,2,-1.068711470985154,0,SAME_BAR_SL,fx_cross
USDCHF,2025-10-10 00:00:00+00:00,long,1,-1.0410882051282067,4,SL,fx_major
ES,2025-10-10 00:00:00+00:00,long,1,2.4829665040650406,1,TP,indices
NQ,2025-10-10 00:00:00+00:00,long,1,-1.0085014503612524,0,SAME_BAR_SL,indices
HG,2025-10-10 00:00:00+00:00,long,1,-1.0045385142857142,0,SAME_BAR_SL,metals
AUDNZD,2025-10-12 00:00:00+00:00,short,4,-1.0099089180737961,19,SL,fx_cross
HG,2025-10-12 00:00:00+00:00,short,4,-1.0014698132118451,42,SL,metals
USDJPY,2025-10-13 00:00:00+00:00,short,3,-1.0173270052824055,15,SL,fx_major
GBPUSD,2025-10-15 00:00:00+00:00,short,4,-1.0499906258322214,1,SL,fx_major
CADJPY,2025-10-15 00:00:00+00:00,long,2,2.494269479305741,56,TP,fx_cross
EURUSD,2025-10-15 00:00:00+00:00,short,4,-1.1039206379585365,0,SAME_BAR_SL,fx_major
NKD,2025-10-15 00:00:00+00:00,short,3,-1.00464023988006,4,SL,indices
AUDJPY,2025-10-16 00:00:00+00:00,long,2,-1.0203826606875934,1,SL,fx_cross
PL,2025-10-19 00:00:00+00:00,long,2,-1.00232776309795,2,SL,metals
NQ,2025-10-20 00:00:00+00:00,short,3,2.471732310374891,2,TP,indices
NZDJPY,2025-10-21 00:00:00+00:00,short,4,-1.02430109670987,2,SL,fx_cross
DAX,2025-10-21 00:00:00+00:00,long,2,-1.0020844609665427,13,SL,indices
CL,2025-10-22 00:00:00+00:00,short,4,-1.0047250377833752,0,SAME_BAR_SL,commodities
GBPNZD,2025-10-22 00:00:00+00:00,long,1,-1.0296693662777403,5,SL,fx_cross
GBPUSD,2025-10-22 00:00:00+00:00,long,1,-1.0144158704453439,6,SL,fx_major
GBPAUD,2025-10-22 00:00:00+00:00,long,1,-1.0236194327990127,3,SL,fx_cross
PA,2025-10-22 00:00:00+00:00,short,4,2.4980622937625756,24,TP,metals
EURCAD,2025-10-22 00:00:00+00:00,long,1,-1.0324448752672835,6,SL,fx_cross
PL,2025-10-23 00:00:00+00:00,short,4,-1.0020290509803922,31,SL,metals
EURJPY,2025-10-23 00:00:00+00:00,short,3,-1.0350229055007065,2,SL,fx_cross
ES,2025-10-24 00:00:00+00:00,short,3,-1.0246972727272727,0,SAME_BAR_SL,indices
NZDCHF,2025-10-26 00:00:00+00:00,short,4,-1.0229365209634251,3,SL,fx_cross
NG,2025-10-27 00:00:00+00:00,short,3,-1.0016494152923539,1,SL,commodities
GBPNZD,2025-10-29 00:00:00+00:00,long,1,2.4660740520446103,4,TP,fx_cross
GBPCAD,2025-10-29 00:00:00+00:00,long,2,2.470820675944335,23,TP,fx_cross
AUDJPY,2025-10-29 00:00:00+00:00,short,3,-1.0209334921816826,1,SL,fx_cross
CADCHF,2025-10-29 00:00:00+00:00,short,3,2.470935696202533,13,TP,fx_cross
EURJPY,2025-10-29 00:00:00+00:00,short,3,-1.021890864197531,1,SL,fx_cross
GBPJPY,2025-10-30 00:00:00+00:00,short,4,2.4813186723628,4,TP,fx_cross
NG,2025-10-30 00:00:00+00:00,short,4,-1.005502026431718,0,SAME_BAR_SL,commodities
NZDCHF,2025-10-31 00:00:00+00:00,long,2,-1.0311267796610164,3,SL,fx_cross
GBPCHF,2025-11-03 00:00:00+00:00,short,4,2.482279163179916,10,TP,fx_cross
GBPNZD,2025-11-04 00:00:00+00:00,short,4,-1.0174731971316466,2,SL,fx_cross
NG,2025-11-04 00:00:00+00:00,short,4,-1.0010855442443227,8,SL,commodities
NKD,2025-11-05 00:00:00+00:00,short,3,-1.0023875671750182,54,SL,indices
USDJPY,2025-11-05 00:00:00+00:00,short,3,-1.0285155261416277,6,SL,fx_major
EURCAD,2025-11-05 00:00:00+00:00,short,4,-1.018264147909968,71,SL,fx_cross
GBPUSD,2025-11-06 00:00:00+00:00,short,4,-1.0153354924874787,17,SL,fx_major
EURGBP,2025-11-06 00:00:00+00:00,long,1,-1.0280593166287015,18,SL,fx_cross
USDCHF,2025-11-07 00:00:00+00:00,long,1,-1.0696901391035576,0,SAME_BAR_SL,fx_major
EURJPY,2025-11-07 00:00:00+00:00,short,3,-1.0124268670172805,4,SL,fx_cross
NZDCAD,2025-11-09 00:00:00+00:00,long,2,2.488576346749226,64,TP,fx_cross
GBPJPY,2025-11-10 00:00:00+00:00,short,4,-1.0186813276372,7,SL,fx_cross
DAX,2025-11-10 00:00:00+00:00,short,4,-1.0035726856609062,2,SL,indices
CHFJPY,2025-11-10 00:00:00+00:00,short,4,-1.0468812598425208,1,SL,fx_cross
SI,2025-11-10 00:00:00+00:00,short,4,-1.002804982698962,2,SL,metals
GBPAUD,2025-11-11 00:00:00+00:00,long,2,-1.020660469208211,1,SL,fx_cross
AUDNZD,2025-11-12 00:00:00+00:00,short,3,-1.0868885790884717,0,SAME_BAR_SL,fx_cross
AUDJPY,2025-11-13 00:00:00+00:00,short,3,-1.0154457297883885,17,SL,fx_cross
GBPAUD,2025-11-13 00:00:00+00:00,short,4,-1.0335036720142592,0,SAME_BAR_SL,fx_cross
AUDCAD,2025-11-13 00:00:00+00:00,long,2,-1.0201621995286723,4,SL,fx_cross
USDCHF,2025-11-13 00:00:00+00:00,long,1,-1.0204520623281395,0,SAME_BAR_SL,fx_major
GBPNZD,2025-11-14 00:00:00+00:00,long,2,-1.0154421203438395,58,SL,fx_cross
SI,2025-11-14 00:00:00+00:00,long,1,-1.003370051493306,0,SAME_BAR_SL,metals
USDJPY,2025-11-17 00:00:00+00:00,short,3,-1.0221447016828153,2,SL,fx_major
DAX,2025-11-18 00:00:00+00:00,long,2,-1.012565100671141,0,SAME_BAR_SL,indices
NQ,2025-11-19 00:00:00+00:00,short,4,2.492932583479789,1,TP,indices
USDCHF,2025-11-19 00:00:00+00:00,short,3,2.4819494753704445,29,TP,fx_major
GBPJPY,2025-11-19 00:00:00+00:00,short,4,-1.0170415914489312,1,SL,fx_cross
USDJPY,2025-11-20 00:00:00+00:00,short,3,-1.012122706270627,46,SL,fx_major
NZDUSD,2025-11-20 00:00:00+00:00,short,4,-1.0115537920937043,5,SL,fx_major
ES,2025-11-20 00:00:00+00:00,short,4,2.4884097456492635,1,TP,indices
RTY,2025-11-20 00:00:00+00:00,short,4,2.4876702250803855,1,TP,indices
EURJPY,2025-11-21 00:00:00+00:00,long,1,2.454905974955277,4,TP,fx_cross
DAX,2025-11-21 00:00:00+00:00,short,4,-1.0045158687727824,3,SL,indices
CL,2025-11-21 00:00:00+00:00,long,2,-1.0024614725568943,21,SL,commodities
NZDJPY,2025-11-21 00:00:00+00:00,long,1,2.481374115865203,5,TP,fx_cross
GBPAUD,2025-11-21 00:00:00+00:00,short,4,2.485816167247387,52,TP,fx_cross
EURNZD,2025-11-23 00:00:00+00:00,short,3,2.4870400903852667,52,TP,fx_cross
GBPJPY,2025-11-24 00:00:00+00:00,short,3,-1.0152592569002121,8,SL,fx_cross
NZDCHF,2025-11-24 00:00:00+00:00,long,2,2.487683813229572,11,TP,fx_cross
EURUSD,2025-11-25 00:00:00+00:00,short,3,-1.0165485218279293,7,SL,fx_major
YM,2025-11-25 00:00:00+00:00,short,4,-1.0081175510204081,3,SL,indices
SI,2025-11-26 00:00:00+00:00,short,3,-1.0025919755911519,2,SL,metals
EURJPY,2025-11-27 00:00:00+00:00,short,3,-1.0323885714285717,10,SL,fx_cross
ES,2025-11-28 00:00:00+00:00,short,3,-1.010746829865361,11,SL,indices
DAX,2025-11-28 00:00:00+00:00,short,4,-1.0052320328542095,9,SL,indices
PL,2025-11-30 00:00:00+00:00,short,3,-1.0012305554285714,11,SL,metals
PA,2025-11-30 00:00:00+00:00,short,3,-1.0007152873563219,15,SL,metals
NQ,2025-12-02 00:00:00+00:00,short,3,2.4904304895104894,9,TP,indices
HG,2025-12-02 00:00:00+00:00,short,3,-1.0018167232876711,1,SL,metals
GBPUSD,2025-12-03 00:00:00+00:00,short,4,-1.0242611979166663,1,SL,fx_major
GBPCAD,2025-12-04 00:00:00+00:00,short,4,-1.020448727700451,45,SL,fx_cross
EURGBP,2025-12-04 00:00:00+00:00,long,1,-1.032273139841689,27,SL,fx_cross
CADCHF,2025-12-05 00:00:00+00:00,short,3,-1.0507874213836483,0,SAME_BAR_SL,fx_cross
AUDCAD,2025-12-05 00:00:00+00:00,long,1,-1.0199278419217355,8,SL,fx_cross
CHFJPY,2025-12-09 00:00:00+00:00,short,3,-1.0591800435729843,0,SAME_BAR_SL,fx_cross
NZDUSD,2025-12-10 00:00:00+00:00,short,3,-1.021113670557717,12,SL,fx_major
NG,2025-12-11 00:00:00+00:00,long,2,-1.0018663829787233,0,SAME_BAR_SL,commodities
GBPCHF,2025-12-11 00:00:00+00:00,long,1,-1.020477256515775,35,SL,fx_cross
CHFJPY,2025-12-11 00:00:00+00:00,short,3,-1.0458247108130792,0,SAME_BAR_SL,fx_cross
AUDUSD,2025-12-11 00:00:00+00:00,long,1,-1.0205364238410595,5,SL,fx_major
RTY,2025-12-12 00:00:00+00:00,long,1,-1.0040766118584952,3,SL,indices
RTY,2025-12-17 00:00:00+00:00,short,4,-1.006603071948262,4,SL,indices
GBPUSD,2025-12-17 00:00:00+00:00,long,1,2.470615200629426,5,TP,fx_major
ES,2025-12-18 00:00:00+00:00,short,4,-1.0070963636363637,2,SL,indices
NQ,2025-12-19 00:00:00+00:00,short,3,-1.005076386215461,16,SL,indices
AUDJPY,2025-12-19 00:00:00+00:00,short,3,-1.0143615857284443,2,SL,fx_cross
NG,2025-12-22 00:00:00+00:00,long,1,2.4960871794871795,1,TP,commodities
CADCHF,2025-12-22 00:00:00+00:00,long,1,-1.018472302405498,25,SL,fx_cross
HG,2025-12-23 00:00:00+00:00,short,3,-1.0014475636363636,4,SL,metals
PL,2025-12-28 00:00:00+00:00,long,1,-1.0008270202739726,1,SL,metals
CL,2025-12-29 00:00:00+00:00,short,3,-1.0038446473029046,10,SL,commodities
SI,2025-12-29 00:00:00+00:00,long,1,2.4987777801380777,11,TP,metals
EURCHF,2025-12-29 00:00:00+00:00,short,4,-1.0450741868512101,14,SL,fx_cross
NG,2025-12-29 00:00:00+00:00,long,1,2.4960871794871795,1,TP,commodities
HG,2025-12-29 00:00:00+00:00,long,2,2.4962438736842105,5,TP,metals
EURUSD,2025-12-30 00:00:00+00:00,long,1,-1.0283966163141989,5,SL,fx_major
DAX,2025-12-30 00:00:00+00:00,short,3,-1.0102667704280155,2,SL,indices
NZDUSD,2025-12-31 00:00:00+00:00,long,2,-1.0170906553911208,8,SL,fx_major
PA,2025-12-31 00:00:00+00:00,long,1,2.4984555763239875,3,TP,metals
AUDJPY,2026-01-02 00:00:00+00:00,short,3,-1.0227910904872388,4,SL,fx_cross
NG,2026-01-04 00:00:00+00:00,long,2,-1.0010283992467044,5,SL,commodities
USDCHF,2026-01-05 00:00:00+00:00,short,3,-1.0209664844486337,3,SL,fx_major
EURJPY,2026-01-05 00:00:00+00:00,long,1,2.467340357142858,7,TP,fx_cross
EURUSD,2026-01-06 00:00:00+00:00,short,4,2.445301697171388,2,TP,fx_major
EURGBP,2026-01-06 00:00:00+00:00,long,2,2.4613956687898093,13,TP,fx_cross
GBPUSD,2026-01-07 00:00:00+00:00,long,2,-1.0172391054313095,7,SL,fx_major
CADJPY,2026-01-07 00:00:00+00:00,long,1,2.4612949633251855,4,TP,fx_cross
HG,2026-01-08 00:00:00+00:00,long,2,2.496531924528302,4,TP,metals
AUDUSD,2026-01-08 00:00:00+00:00,long,1,2.4775705263157892,12,TP,fx_major
PL,2026-01-08 00:00:00+00:00,long,2,-1.0005412147001935,24,SL,metals
AUDJPY,2026-01-08 00:00:00+00:00,long,1,2.479952915531335,11,TP,fx_cross
NQ,2026-01-09 00:00:00+00:00,short,4,-1.0051107403416961,16,SL,indices
ES,2026-01-12 00:00:00+00:00,long,2,-1.016001723518851,2,SL,indices
AUDCAD,2026-01-12 00:00:00+00:00,short,3,-1.0387664784546786,8,SL,fx_cross
CL,2026-01-13 00:00:00+00:00,short,3,-1.0221131034482758,0,SAME_BAR_SL,commodities
CADJPY,2026-01-13 00:00:00+00:00,short,3,-1.0253205678233432,9,SL,fx_cross
NZDCHF,2026-01-13 00:00:00+00:00,long,1,2.4815859528907924,18,TP,fx_cross
AUDNZD,2026-01-13 00:00:00+00:00,short,3,-1.030832551984877,23,SL,fx_cross
CL,2026-01-14 00:00:00+00:00,long,1,2.498175052531041,13,TP,commodities
USDCHF,2026-01-14 00:00:00+00:00,long,1,-1.0152824514811032,5,SL,fx_major
NKD,2026-01-14 00:00:00+00:00,long,1,-1.009043769633508,3,SL,indices
CHFJPY,2026-01-14 00:00:00+00:00,long,1,-1.0506213357731033,2,SL,fx_cross
YM,2026-01-15 00:00:00+00:00,short,4,-1.0078137148495314,19,SL,indices
EURJPY,2026-01-15 00:00:00+00:00,long,1,-1.1310328753180754,1,SL,fx_cross
AUDCHF,2026-01-16 00:00:00+00:00,long,1,-1.0223009806835055,3,SL,fx_cross
GBPJPY,2026-01-16 00:00:00+00:00,long,1,-1.1044350704225383,0,SAME_BAR_SL,fx_cross
NZDJPY,2026-01-18 00:00:00+00:00,long,1,2.4259918367346978,1,TP,fx_cross
RTY,2026-01-18 00:00:00+00:00,long,1,2.493675070527097,4,TP,indices
GBPUSD,2026-01-19 00:00:00+00:00,short,4,-1.0350058686539345,1,SL,fx_major
GBPJPY,2026-01-20 00:00:00+00:00,short,3,-1.0289025531914895,3,SL,fx_cross
NZDJPY,2026-01-20 00:00:00+00:00,short,3,-1.0180813492621223,1,SL,fx_cross
EURUSD,2026-01-20 00:00:00+00:00,short,4,-1.0546983028286123,3,SL,fx_major
NZDUSD,2026-01-20 00:00:00+00:00,short,4,-1.028062382176523,2,SL,fx_major
DAX,2026-01-21 00:00:00+00:00,long,1,2.4898876288659793,1,TP,indices
ES,2026-01-21 00:00:00+00:00,short,3,-1.0046267782426779,6,SL,indices
CADCHF,2026-01-21 00:00:00+00:00,short,4,2.4426334402851992,2,TP,fx_cross
EURCHF,2026-01-21 00:00:00+00:00,short,3,2.475081879194631,7,TP,fx_cross
AUDCHF,2026-01-21 00:00:00+00:00,short,3,-1.0152681272084805,11,SL,fx_cross
NG,2026-01-21 00:00:00+00:00,short,3,-1.0030373184357542,0,SAME_BAR_SL,commodities
NKD,2026-01-22 00:00:00+00:00,long,2,-1.0016422211675369,38,SL,indices
GBPNZD,2026-01-22 00:00:00+00:00,long,1,-1.0339259479553897,6,SL,fx_cross
USDJPY,2026-01-23 00:00:00+00:00,long,1,-1.0166956904400608,0,SAME_BAR_SL,fx_major
GBPCHF,2026-01-23 00:00:00+00:00,short,3,2.484004869193807,14,TP,fx_cross
EURJPY,2026-01-23 00:00:00+00:00,long,1,-1.0425986206896545,0,SAME_BAR_SL,fx_cross
GBPUSD,2026-01-23 00:00:00+00:00,short,3,-1.0151182246879336,3,SL,fx_major
RTY,2026-01-23 00:00:00+00:00,long,1,-1.0026490144304574,6,SL,indices
NZDUSD,2026-01-25 00:00:00+00:00,short,3,-1.0118299751508697,2,SL,fx_major
GBPJPY,2026-01-25 00:00:00+00:00,long,2,-1.0495700922045295,1,SL,fx_cross
CHFJPY,2026-01-26 00:00:00+00:00,long,2,2.4663720511259886,1,TP,fx_cross
NZDCAD,2026-01-26 00:00:00+00:00,short,4,-1.0251773055859807,7,SL,fx_cross
EURJPY,2026-01-26 00:00:00+00:00,long,2,2.455407244094489,1,TP,fx_cross
GBPCAD,2026-01-27 00:00:00+00:00,long,1,-1.0455719774011296,1,SL,fx_cross
NG,2026-01-27 00:00:00+00:00,long,1,-1.0004929306873742,0,SAME_BAR_SL,commodities
EURNZD,2026-01-28 00:00:00+00:00,long,1,-1.0352317857142854,2,SL,fx_cross
EURCAD,2026-01-28 00:00:00+00:00,long,1,-1.0164574796600978,1,SL,fx_cross
NQ,2026-01-29 00:00:00+00:00,long,1,-1.0052037359506094,3,SL,indices
GBPCAD,2026-01-29 00:00:00+00:00,long,2,-1.0196888217522657,6,SL,fx_cross
ES,2026-01-29 00:00:00+00:00,long,1,-1.0060662576687116,6,SL,indices
CADJPY,2026-01-29 00:00:00+00:00,long,2,0.7601940855106789,25,EOS,fx_cross
SI,2026-01-30 00:00:00+00:00,long,1,-1.00153,0,SAME_BAR_SL,metals
GBPNZD,2026-01-30 00:00:00+00:00,long,1,-1.017476833424959,10,SL,fx_cross
CL,2026-02-01 00:00:00+00:00,long,1,-1.0049481055155876,0,SAME_BAR_SL,commodities
EURUSD,2026-02-01 00:00:00+00:00,short,3,0.13104052218399548,23,EOS,fx_major
GBPAUD,2026-02-01 00:00:00+00:00,short,3,2.4704207280513923,2,TP,fx_cross
EURCHF,2026-02-02 00:00:00+00:00,short,4,2.469527853341218,7,TP,fx_cross
USDCHF,2026-02-02 00:00:00+00:00,short,4,-1.023582019543974,0,SAME_BAR_SL,fx_major
EURAUD,2026-02-02 00:00:00+00:00,short,4,2.4812666276117947,1,TP,fx_cross
NG,2026-02-02 00:00:00+00:00,long,2,-1.000412338884866,19,SL,commodities
NQ,2026-02-03 00:00:00+00:00,long,2,-1.0046638161838162,1,SL,indices
CL,2026-02-03 00:00:00+00:00,long,1,2.496449275362319,1,TP,commodities
NZDJPY,2026-02-05 00:00:00+00:00,long,1,-0.03416957230143396,19,EOS,fx_cross
SI,2026-02-05 00:00:00+00:00,long,1,2.4986765559496935,1,TP,metals
AUDJPY,2026-02-05 00:00:00+00:00,long,1,1.02399677928383,19,EOS,fx_cross
EURNZD,2026-02-05 00:00:00+00:00,short,4,0.8976562152076025,19,EOS,fx_cross
EURAUD,2026-02-06 00:00:00+00:00,long,2,-1.0252239188467698,3,SL,fx_cross
AUDCAD,2026-02-06 00:00:00+00:00,short,3,-1.0065126843657817,4,SL,fx_cross
AUDUSD,2026-02-06 00:00:00+00:00,short,3,-1.0164800673117376,2,SL,fx_major
NZDUSD,2026-02-06 00:00:00+00:00,short,3,0.1523631746031805,18,EOS,fx_major
PL,2026-02-06 00:00:00+00:00,short,4,-1.0005264196747323,17,SL,metals
GBPJPY,2026-02-06 00:00:00+00:00,short,3,2.4766692834890964,3,TP,fx_cross
AUDCHF,2026-02-06 00:00:00+00:00,short,3,-1.0117743200309957,4,SL,fx_cross
DAX,2026-02-09 00:00:00+00:00,long,1,-1.0023383138173303,16,SL,indices
CHFJPY,2026-02-10 00:00:00+00:00,long,1,-1.0212732833583211,0,SAME_BAR_SL,fx_cross
GBPCAD,2026-02-10 00:00:00+00:00,long,2,-1.0191935952557454,15,SL,fx_cross
RTY,2026-02-11 00:00:00+00:00,short,3,2.4945725842696627,1,TP,indices
EURAUD,2026-02-11 00:00:00+00:00,long,1,-1.0357726974437227,0,SAME_BAR_SL,fx_cross
GBPJPY,2026-02-11 00:00:00+00:00,long,1,1.1318723389636434,14,EOS,fx_cross
EURCHF,2026-02-11 00:00:00+00:00,short,4,2.4598107836990586,14,TP,fx_cross
EURJPY,2026-02-12 00:00:00+00:00,long,1,2.480986236881559,11,TP,fx_cross
AUDNZD,2026-02-12 00:00:00+00:00,long,1,-1.032753579262212,4,SL,fx_cross
AUDUSD,2026-02-12 00:00:00+00:00,long,1,-1.0248858108954293,1,SL,fx_major
GBPUSD,2026-02-13 00:00:00+00:00,long,1,2.406758971848233,2,TP,fx_major
EURAUD,2026-02-13 00:00:00+00:00,short,4,0.9031955229463362,12,EOS,fx_cross
AUDCAD,2026-02-13 00:00:00+00:00,long,1,1.6426152162400944,12,EOS,fx_cross
USDCHF,2026-02-19 00:00:00+00:00,short,3,1.4991396610170216,7,EOS,fx_major
GBPUSD,2026-02-19 00:00:00+00:00,long,1,0.47345237366001225,7,EOS,fx_major
AUDUSD,2026-02-20 00:00:00+00:00,long,1,2.4341282412060257,1,TP,fx_major
ES,2026-02-25 00:00:00+00:00,short,3,2.491409681774349,4,TP,indices
NZDCAD,2026-02-25 00:00:00+00:00,short,3,0.3044094209702527,2,EOS,fx_cross
NQ,2026-02-25 00:00:00+00:00,short,3,2.494842063441205,9,TP,indices
AUDCHF,2026-02-25 00:00:00+00:00,short,3,0.2586879344858853,2,EOS,fx_cross
CL,2026-03-01 00:00:00+00:00,short,3,-1.003423060278207,0,SAME_BAR_SL,commodities
DAX,2026-03-06 00:00:00+00:00,short,4,2.4959261081654294,1,TP,indices
RTY,2026-03-06 00:00:00+00:00,long,2,-1.005221978021978,1,SL,indices
YM,2026-03-08 00:00:00+00:00,long,2,1.1771013912565302,2,EOS,indices
HG,2026-03-09 00:00:00+00:00,short,3,-0.19646011299435062,1,EOS,metals
NG,2026-03-09 00:00:00+00:00,long,2,0.2050628730822867,1,EOS,commodities
NKD,2026-03-10 00:00:00+00:00,short,3,0.7596838929440389,0,EOS,indices
DAX,2026-03-10 00:00:00+00:00,short,4,0.33420818663838814,0,EOS,indices
