instrument,model,side,bias,entry_ts,exit_ts,entry,exit,r,pnl_pct,bars,reason,partial_tp1
AUDCAD,B,short,NEUTRAL,2013-02-20 10:00:00+00:00,2013-02-22 06:00:00+00:00,1.04663,1.0502080357142856,-1.078205811894161,-0.005391029059470805,11,SL,False
EURUSD,B,long,NEUTRAL,2013-02-27 06:00:00+00:00,2013-03-01 10:00:00+00:00,1.3084950000000002,1.300784821428571,-1.0437246052539246,-0.005218623026269623,13,SL,False
CADCHF,B,short,NEUTRAL,2013-03-04 06:00:00+00:00,2013-03-07 02:00:00+00:00,0.916425,0.9199433928571429,-1.0592222921444203,-0.005296111460722102,17,SL,False
NZDJPY,B,short,NEUTRAL,2013-03-13 09:00:00+00:00,2013-03-14 13:00:00+00:00,79.071,79.088,0.5956981193740437,0.0029784905968702185,7,BE_STOP,True
NZDCAD,B,long,NEUTRAL,2013-03-14 13:00:00+00:00,2013-03-28 13:00:00+00:00,0.84136,0.850015,1.5566235442110072,0.007783117721055036,60,TIME,True
AUDCHF,B,long,NEUTRAL,2013-04-08 09:00:00+00:00,2013-04-15 01:00:00+00:00,0.973085,0.972915,0.5590755945912483,0.0027953779729562415,28,BE_STOP,True
CADCHF,B,long,NEUTRAL,2013-04-08 21:00:00+00:00,2013-04-15 01:00:00+00:00,0.91725,0.9129428571428571,-1.1204732389502743,-0.005602366194751371,25,SL,False
GBPCAD,B,short,NEUTRAL,2013-04-10 05:00:00+00:00,2013-04-15 01:00:00+00:00,1.554765,1.5605876785714285,-1.050890404675407,-0.005254452023377035,17,SL,False
EURAUD,B,short,NEUTRAL,2013-04-17 09:00:00+00:00,2013-04-23 01:00:00+00:00,1.27039,1.276562857142857,-1.0329600713945744,-0.005164800356972872,22,SL,False
EURCHF,B,short,NEUTRAL,2013-04-25 13:00:00+00:00,2013-05-07 05:00:00+00:00,1.230025,1.230195,0.6598751627225501,0.0032993758136127503,46,BE_STOP,True
USDJPY,B,long,NEUTRAL,2013-05-01 05:00:00+00:00,2013-05-09 17:00:00+00:00,97.613,99.75710312499999,2.474576015999212,0.012372880079996061,39,TP2,True
USDCHF,B,long,NEUTRAL,2013-05-02 05:00:00+00:00,2013-05-09 17:00:00+00:00,0.9278200000000001,0.9440106562499999,3.9992501631556294,0.019996250815778147,33,TP2,True
EURGBP,B,short,NEUTRAL,2013-05-23 05:00:00+00:00,2013-05-24 05:00:00+00:00,0.85548,0.8575341071428572,-1.1272577310207583,-0.005636288655103792,6,SL,False
NZDJPY,B,long,NEUTRAL,2013-05-27 21:00:00+00:00,2013-05-29 05:00:00+00:00,82.0115,81.9945,0.6560834014350412,0.003280417007175206,8,BE_STOP,True
CADJPY,B,short,NEUTRAL,2013-07-02 01:00:00+00:00,2013-07-02 13:00:00+00:00,94.72850000000001,95.23253571428572,-1.0621350531641778,-0.005310675265820889,3,SL,False
EURJPY,B,short,NEUTRAL,2013-07-02 05:00:00+00:00,2013-07-02 13:00:00+00:00,129.903,130.89199999999997,-1.0362000205761284,-0.005181000102880642,2,SL,False
AUDCAD,B,long,NEUTRAL,2013-07-04 05:00:00+00:00,2013-07-11 13:00:00+00:00,0.9595,0.9514133928571429,-1.0700211580538206,-0.005350105790269103,32,SL,False
EURJPY,B,short,NEUTRAL,2013-07-04 05:00:00+00:00,2013-07-09 05:00:00+00:00,129.583,130.56199999999998,-1.0209372349272308,-0.005104686174636154,18,SL,False
CADJPY,B,short,NEUTRAL,2013-07-04 05:00:00+00:00,2013-07-05 09:00:00+00:00,94.849,95.52355357142856,-1.0384438030578655,-0.005192219015289328,7,SL,False
ES,B,short,NEUTRAL,2013-07-10 06:00:00+00:00,2013-07-10 18:00:00+00:00,1643.375,1651.6785714285713,-1.0638790990990998,-0.005319395495495499,3,SL,False
AUDCHF,B,long,NEUTRAL,2013-07-15 01:00:00+00:00,2013-07-29 01:00:00+00:00,0.861925,0.859575,-0.3174094980061515,-0.0015870474900307574,60,TIME,False
EURNZD,B,short,NEUTRAL,2013-08-01 09:00:00+00:00,2013-08-01 13:00:00+00:00,1.672365,1.6789798214285714,-1.0627063301100017,-0.005313531650550009,1,SL,False
CHFJPY,B,short,NEUTRAL,2013-08-05 01:00:00+00:00,2013-08-07 05:00:00+00:00,106.21300000000001,104.39354,2.065691260983728,0.01032845630491864,13,TP2,True
CL,B,short,NEUTRAL,2013-08-15 10:00:00+00:00,2013-08-25 22:00:00+00:00,107.155,107.17,0.7460398816178854,0.003730199408089427,39,BE_STOP,True
GBPAUD,B,long,NEUTRAL,2013-09-05 05:00:00+00:00,2013-09-06 09:00:00+00:00,1.709295,1.6959324999999998,-1.034815334470343,-0.005174076672351715,7,SL,False
NZDUSD,B,short,NEUTRAL,2013-09-09 01:00:00+00:00,2013-09-10 01:00:00+00:00,0.79799,0.8033603571428571,-1.0325202624281433,-0.005162601312140717,6,SL,False
ES,B,short,NEUTRAL,2013-09-12 14:00:00+00:00,2013-09-15 22:00:00+00:00,1685.375,1692.7232142857142,-1.0731126248399494,-0.005365563124199747,8,SL,False
EURCAD,B,short,NEUTRAL,2013-09-23 05:00:00+00:00,2013-09-27 09:00:00+00:00,1.391815,1.3985473214285713,-1.025121308334922,-0.00512560654167461,25,SL,False
CADCHF,B,long,NEUTRAL,2013-09-23 05:00:00+00:00,2013-09-27 05:00:00+00:00,0.88565,0.8799308928571429,-1.0890217087691072,-0.005445108543845536,24,SL,False
NQ,B,long,NEUTRAL,2013-10-09 06:00:00+00:00,2013-10-09 10:00:00+00:00,3160.375,3137.2678571428573,-1.0276186017282012,-0.005138093008641006,1,SL,False
NQ,B,long,NEUTRAL,2013-10-10 06:00:00+00:00,2013-10-14 14:00:00+00:00,3157.375,3238.282978723404,1.9672728335004295,0.009836364167502148,14,TP2,True
EURJPY,B,short,NEUTRAL,2013-10-15 05:00:00+00:00,2013-10-17 21:00:00+00:00,133.453,133.99557142857142,-1.048867610763787,-0.005244338053818936,16,SL,False
EURNZD,B,long,NEUTRAL,2013-10-15 17:00:00+00:00,2013-10-16 05:00:00+00:00,1.614425,1.60390125,-1.0382488953277804,-0.005191244476638902,3,SL,False
NZDJPY,B,short,NEUTRAL,2013-10-17 05:00:00+00:00,2013-10-22 13:00:00+00:00,82.912,83.69689285714286,-1.0177208055439229,-0.005088604027719614,20,SL,False
GBPUSD,B,short,NEUTRAL,2013-10-21 01:00:00+00:00,2013-10-22 09:00:00+00:00,1.6164199999999997,1.62007625,-1.0802800701016835,-0.005401400350508417,8,SL,False
USDCHF,B,long,NEUTRAL,2013-10-21 05:00:00+00:00,2013-10-22 09:00:00+00:00,0.9038200000000001,0.9003669642857142,-1.073307220304791,-0.005366536101523956,7,SL,False
AUDNZD,B,short,NEUTRAL,2013-10-23 17:00:00+00:00,2013-10-24 09:00:00+00:00,1.146025,1.151967857142857,-1.0572408933432336,-0.0052862044667161675,4,SL,False
GBPUSD,B,short,NEUTRAL,2013-10-24 09:00:00+00:00,2013-10-25 01:00:00+00:00,1.6146249999999998,1.6245275000000001,-1.032208662420396,-0.00516104331210198,4,SL,False
EURNZD,B,long,NEUTRAL,2013-11-06 14:00:00+00:00,2013-11-07 10:00:00+00:00,1.61269,1.6021407142857143,-1.0381313908196275,-0.005190656954098137,5,SL,False
NZDCAD,B,short,NEUTRAL,2013-11-06 14:00:00+00:00,2013-11-12 18:00:00+00:00,0.87419,0.8592977800000001,2.037727936657557,0.010188639683287785,25,TP2,True
EURNZD,B,short,NEUTRAL,2013-11-25 10:00:00+00:00,2013-11-26 14:00:00+00:00,1.64681,1.6577144642857142,-1.0326568136675935,-0.005163284068337968,7,SL,False
CL,B,short,NEUTRAL,2013-12-03 11:00:00+00:00,2013-12-03 15:00:00+00:00,94.935,95.39642857142856,-1.050612352000003,-0.005253061760000015,1,SL,False
CADJPY,B,short,NEUTRAL,2013-12-09 10:00:00+00:00,2013-12-09 14:00:00+00:00,96.616,97.05314285714286,-1.0726568106086258,-0.005363284053043129,1,SL,False
CADJPY,B,short,NEUTRAL,2013-12-10 10:00:00+00:00,2013-12-12 22:00:00+00:00,96.797,97.44332142857142,-1.0326567300380163,-0.005163283650190082,15,SL,False
AUDCHF,B,short,NEUTRAL,2014-01-06 06:00:00+00:00,2014-01-13 06:00:00+00:00,0.809555,0.8154191071428571,-1.0058547721642055,-0.005029273860821027,30,SL,False
AUDCAD,B,short,NEUTRAL,2014-01-08 14:00:00+00:00,2014-01-10 10:00:00+00:00,0.96219,0.9685155357142857,-1.0413784618955069,-0.005206892309477534,11,SL,False
AUDUSD,B,short,NEUTRAL,2014-01-14 02:00:00+00:00,2014-01-15 22:00:00+00:00,0.90386,0.882185,3.122481367037318,0.01561240683518659,11,TP2,True
GBPUSD,B,short,NEUTRAL,2014-01-20 22:00:00+00:00,2014-01-21 10:00:00+00:00,1.641765,1.6456773214285714,-1.0836787554310148,-0.005418393777155074,3,SL,False
EURJPY,B,long,NEUTRAL,2014-01-30 02:00:00+00:00,2014-01-31 02:00:00+00:00,139.837,138.73907142857144,-1.038464317716246,-0.00519232158858123,6,SL,False
AUDCHF,B,long,NEUTRAL,2014-01-30 06:00:00+00:00,2014-02-05 22:00:00+00:00,0.7856650000000001,0.8102369166666666,2.0847531929681042,0.010423765964840521,28,TP2,True
GBPCHF,B,long,NEUTRAL,2014-02-05 02:00:00+00:00,2014-02-05 06:00:00+00:00,1.4771050000000001,1.4718457142857142,-1.0740368533333313,-0.005370184266666657,1,SL,False
AUDUSD,B,short,NEUTRAL,2014-02-05 02:00:00+00:00,2014-02-05 22:00:00+00:00,0.8891549999999999,0.8964741071428571,-1.0296691826198696,-0.005148345913099348,5,SL,False
NZDUSD,B,short,NEUTRAL,2014-02-11 14:00:00+00:00,2014-02-12 06:00:00+00:00,0.83339,0.8358619642857144,-1.086766456256103,-0.005433832281280515,4,SL,False
GBPNZD,B,short,NEUTRAL,2014-02-20 10:00:00+00:00,2014-03-06 06:00:00+00:00,2.0141099999999996,1.975685612244898,2.214288152841043,0.011071440764205217,59,TP2,True
GBPAUD,B,short,NEUTRAL,2014-03-04 02:00:00+00:00,2014-03-12 21:00:00+00:00,1.86468,1.8320634090909091,2.7528288100715983,0.013764144050357991,41,TP2,True
AUDUSD,B,short,NEUTRAL,2014-03-10 01:00:00+00:00,2014-03-12 09:00:00+00:00,0.90354,0.8925275,1.698145570264076,0.00849072785132038,14,TP2,True
CADJPY,B,short,NEUTRAL,2014-03-10 05:00:00+00:00,2014-03-13 13:00:00+00:00,92.8835,92.9005,0.5637461301298047,0.0028187306506490236,20,BE_STOP,True
AUDCAD,B,short,NEUTRAL,2014-03-12 09:00:00+00:00,2014-03-12 17:00:00+00:00,0.997275,1.0001382142857143,-1.1149624452990357,-0.005574812226495179,2,SL,False
USDCAD,B,long,NEUTRAL,2014-03-31 09:00:00+00:00,2014-04-04 09:00:00+00:00,1.1012600000000001,1.0985885714285712,-1.1410755285003242,-0.0057053776425016215,24,SL,False
EURCAD,B,long,NEUTRAL,2014-04-01 05:00:00+00:00,2014-04-02 09:00:00+00:00,1.526495,1.518909107142857,-1.0584837602639126,-0.005292418801319563,7,SL,False
CADCHF,B,short,NEUTRAL,2014-04-01 05:00:00+00:00,2014-04-02 05:00:00+00:00,0.797885,0.8023080357142857,-1.0544796506696907,-0.0052723982533484535,6,SL,False
AUDCAD,B,short,NEUTRAL,2014-04-15 01:00:00+00:00,2014-04-16 13:00:00+00:00,1.030615,1.0348801785714286,-1.0645359159290129,-0.005322679579645064,9,SL,False
AUDCAD,B,short,NEUTRAL,2014-04-17 05:00:00+00:00,2014-05-01 05:00:00+00:00,1.029925,1.020145,1.7151188978036012,0.008575594489018006,60,TIME,True
YM,B,short,NEUTRAL,2014-04-21 10:00:00+00:00,2014-04-22 10:00:00+00:00,16374.5,16409.928571428572,-1.082819873684208,-0.0054140993684210405,6,SL,False
USDCAD,B,long,NEUTRAL,2014-05-01 05:00:00+00:00,2014-05-02 13:00:00+00:00,1.0966000000000002,1.0943251785714283,-1.125192840212551,-0.005625964201062756,8,SL,False
NZDCAD,B,short,NEUTRAL,2014-05-05 05:00:00+00:00,2014-05-06 01:00:00+00:00,0.95008,0.9536464285714286,-1.0892146540483725,-0.005446073270241863,5,SL,False
AUDUSD,B,short,NEUTRAL,2014-05-07 01:00:00+00:00,2014-05-08 05:00:00+00:00,0.933835,0.9377964285714286,-1.0492678339483477,-0.005246339169741738,7,SL,False
EURJPY,B,long,NEUTRAL,2014-05-12 21:00:00+00:00,2014-05-13 09:00:00+00:00,140.697,140.1462142857143,-1.0687496480663665,-0.005343748240331832,3,SL,False
EURCHF,B,short,NEUTRAL,2014-05-13 05:00:00+00:00,2014-05-15 05:00:00+00:00,1.220865,1.221035,0.34898590001810637,0.0017449295000905318,12,BE_STOP,True
AUDUSD,B,long,NEUTRAL,2014-05-21 21:00:00+00:00,2014-06-03 01:00:00+00:00,0.92323,0.92314,0.5872199427308299,0.0029360997136541494,49,BE_STOP,True
CL,B,short,NEUTRAL,2014-05-26 06:00:00+00:00,2014-05-27 02:00:00+00:00,104.095,104.50178571428572,-1.0595417319963547,-0.005297708659981774,4,SL,False
GBPUSD,B,long,NEUTRAL,2014-05-29 09:00:00+00:00,2014-06-12 09:00:00+00:00,1.6712350000000002,1.6839449999999998,2.9497569149432334,0.014748784574716168,60,TIME,True
AUDJPY,B,short,NEUTRAL,2014-06-05 01:00:00+00:00,2014-06-05 09:00:00+00:00,95.173,95.47230357142857,-1.107417061167675,-0.005537085305838375,2,SL,False
EURCHF,B,long,NEUTRAL,2014-06-09 05:00:00+00:00,2014-06-10 13:00:00+00:00,1.219415,1.2181448214285715,-1.3551406200292706,-0.006775703100146353,8,SL,False
EURJPY,B,long,NEUTRAL,2014-06-12 01:00:00+00:00,2014-06-12 09:00:00+00:00,138.257,137.82192857142857,-1.0869611686314593,-0.005434805843157297,2,SL,False
GBPAUD,B,short,NEUTRAL,2014-06-18 05:00:00+00:00,2014-07-02 05:00:00+00:00,1.81425,1.81514,-0.07364902893786102,-0.0003682451446893051,60,TIME,False
NZDCAD,B,long,NEUTRAL,2014-06-25 05:00:00+00:00,2014-06-30 01:00:00+00:00,0.933745,0.933575,0.7215497217023201,0.0036077486085116005,17,BE_STOP,True
GBPCHF,B,short,NEUTRAL,2014-07-09 13:00:00+00:00,2014-07-15 05:00:00+00:00,1.527935,1.528105,0.6571812256445719,0.0032859061282228597,22,BE_STOP,True
GBPNZD,B,short,NEUTRAL,2014-07-17 13:00:00+00:00,2014-07-17 21:00:00+00:00,1.966705,1.9751523214285713,-1.053802272129097,-0.0052690113606454845,2,SL,False
CADCHF,B,long,NEUTRAL,2014-08-04 17:00:00+00:00,2014-08-08 09:00:00+00:00,0.831555,0.8277807142857143,-1.1210829924692833,-0.0056054149623464165,22,SL,False
GBPCHF,B,long,NEUTRAL,2014-08-05 01:00:00+00:00,2014-08-06 13:00:00+00:00,1.52969,1.52952,0.6406128377412081,0.0032030641887060406,9,BE_STOP,True
EURGBP,B,short,NEUTRAL,2014-08-07 09:00:00+00:00,2014-08-08 05:00:00+00:00,0.79488,0.7965121428571429,-1.192377371763559,-0.005961886858817795,5,SL,False
NQ,B,long,NEUTRAL,2014-08-07 14:00:00+00:00,2014-08-07 18:00:00+00:00,3874.625,3844.9285714285716,-1.0233607308160781,-0.005116803654080391,1,SL,False
NQ,B,short,NEUTRAL,2014-08-14 06:00:00+00:00,2014-08-14 10:00:00+00:00,3944.375,3954.7946428571427,-1.0687480888888903,-0.005343740444444451,1,SL,False
AUDUSD,B,long,NEUTRAL,2014-09-03 01:00:00+00:00,2014-09-03 09:00:00+00:00,0.9280050000000001,0.933676414893617,1.72207957038241,0.00861039785191205,2,TP2,True
GBPUSD,B,long,NEUTRAL,2014-10-01 09:00:00+00:00,2014-10-02 09:00:00+00:00,1.6221050000000001,1.6139607142857142,-1.0430944111387193,-0.005215472055693596,6,SL,False
EURCAD,B,long,NEUTRAL,2014-10-06 09:00:00+00:00,2014-10-06 13:00:00+00:00,1.40801,1.4044773214285715,-1.109175287557755,-0.005545876437788775,1,SL,False
CADCHF,B,long,NEUTRAL,2014-10-14 13:00:00+00:00,2014-10-14 17:00:00+00:00,0.847645,0.8435623214285715,-1.0737781789968528,-0.005368890894984264,1,SL,False
AUDNZD,B,long,NEUTRAL,2014-10-16 21:00:00+00:00,2014-10-29 17:00:00+00:00,1.10509,1.12495925,2.037277778394407,0.010186388891972036,53,TP2,True
GBPNZD,B,short,NEUTRAL,2014-11-03 06:00:00+00:00,2014-11-03 10:00:00+00:00,2.0581799999999997,2.0650557142857147,-1.0683216105667097,-0.005341608052833549,1,SL,False
EURGBP,B,long,NEUTRAL,2014-11-04 02:00:00+00:00,2014-11-13 14:00:00+00:00,0.78287,0.7927390799999999,2.1888970490276427,0.010944485245138214,45,TP2,True
GBPUSD,B,long,NEUTRAL,2014-11-04 06:00:00+00:00,2014-11-05 06:00:00+00:00,1.59928,1.594625714285714,-1.0753456776213137,-0.0053767283881065685,6,SL,False
EURCAD,B,short,NEUTRAL,2014-11-05 10:00:00+00:00,2014-11-07 14:00:00+00:00,1.427055,1.4064030900000002,2.0208282597402323,0.010104141298701162,13,TP2,True
GBPUSD,B,long,NEUTRAL,2014-11-06 02:00:00+00:00,2014-11-06 10:00:00+00:00,1.5984450000000001,1.5933457142857141,-1.0626401283331233,-0.005313200641665616,2,SL,False
EURAUD,B,short,NEUTRAL,2014-11-20 18:00:00+00:00,2014-11-21 10:00:00+00:00,1.454275,1.43610488,2.0108743653982746,0.010054371826991372,4,TP2,True
CADCHF,B,long,NEUTRAL,2014-12-01 06:00:00+00:00,2014-12-03 06:00:00+00:00,0.845715,0.8563595333333334,2.4052783284252306,0.012026391642126153,12,TP2,True
EURCAD,B,short,NEUTRAL,2014-12-01 06:00:00+00:00,2014-12-03 06:00:00+00:00,1.42236,1.4044127222222222,2.6138717578712187,0.013069358789356094,12,TP2,True
USDCAD,B,short,NEUTRAL,2014-12-03 10:00:00+00:00,2014-12-03 14:00:00+00:00,1.1387099999999999,1.1418807142857146,-1.0809615488059758,-0.0054048077440298796,1,SL,False
NZDUSD,B,long,NEUTRAL,2014-12-04 10:00:00+00:00,2014-12-05 10:00:00+00:00,0.7763300000000001,0.7712432142857142,-1.0457666614252075,-0.005228833307126038,6,SL,False
NZDCHF,B,short,NEUTRAL,2014-12-22 06:00:00+00:00,2014-12-23 10:00:00+00:00,0.762075,0.762245,0.4722111613456221,0.0023610558067281105,7,BE_STOP,True
GBPCHF,B,short,NEUTRAL,2014-12-22 06:00:00+00:00,2014-12-31 06:00:00+00:00,1.53239,1.541008392857143,-1.0100059977595064,-0.005050029988797532,36,SL,False
NZDJPY,B,long,NEUTRAL,2015-01-06 02:00:00+00:00,2015-01-08 06:00:00+00:00,92.06349999999999,93.50708571428572,1.8405958305898575,0.009202979152949289,13,TP2,True
YM,B,long,NEUTRAL,2015-01-07 11:00:00+00:00,2015-01-13 15:00:00+00:00,17474.5,17473.0,0.6430095638307884,0.003215047819153942,25,BE_STOP,True
ES,B,long,NEUTRAL,2015-01-07 15:00:00+00:00,2015-01-14 11:00:00+00:00,2018.875,1990.017857142857,-1.0188367147335424,-0.005094183573667712,29,SL,False
USDJPY,B,short,NEUTRAL,2015-02-09 10:00:00+00:00,2015-02-10 10:00:00+00:00,118.601,119.20257142857143,-1.038145848601736,-0.005190729243008681,6,SL,False
NZDCAD,B,short,NEUTRAL,2015-02-11 14:00:00+00:00,2015-02-12 14:00:00+00:00,0.93261,0.93278,0.5803940122118492,0.002901970061059246,6,BE_STOP,True
GBPUSD,B,short,NEUTRAL,2015-02-12 02:00:00+00:00,2015-02-12 06:00:00+00:00,1.52246,1.5266976785714288,-1.0730877272140507,-0.005365438636070253,1,SL,False
GBPUSD,B,long,NEUTRAL,2015-03-05 10:00:00+00:00,2015-03-06 06:00:00+00:00,1.5229750000000002,1.5201396428571428,-1.110447014440011,-0.005552235072200055,5,SL,False
GBPCAD,B,long,NEUTRAL,2015-03-05 14:00:00+00:00,2015-03-12 17:00:00+00:00,1.903155,1.887781964285714,-1.0451516205645017,-0.005225758102822509,31,SL,False
NZDUSD,B,long,NEUTRAL,2015-03-09 05:00:00+00:00,2015-03-10 01:00:00+00:00,0.73877,0.7301930357142857,-1.022791164601178,-0.00511395582300589,5,SL,False
ES,B,long,NEUTRAL,2015-03-11 10:00:00+00:00,2015-03-11 14:00:00+00:00,2047.625,2039.3392857142858,-1.0681114221218968,-0.005340557110609484,1,SL,False
ES,B,long,NEUTRAL,2015-03-12 06:00:00+00:00,2015-03-26 06:00:00+00:00,2044.875,2044.5,2.0787290630323616,0.010393645315161808,60,BE_STOP,True
NZDCAD,B,short,NEUTRAL,2015-03-19 05:00:00+00:00,2015-03-20 09:00:00+00:00,0.93774,0.9456246428571429,-1.032572292023518,-0.00516286146011759,7,SL,False
YM,B,short,NEUTRAL,2015-03-23 10:00:00+00:00,2015-03-26 06:00:00+00:00,18088.5,17503.26818181818,5.655359858403503,0.028276799292017513,17,TP2,True
CADJPY,B,short,NEUTRAL,2015-03-24 05:00:00+00:00,2015-03-24 09:00:00+00:00,95.608,95.99475,-1.0821774712643577,-0.0054108873563217886,1,SL,False
CADJPY,B,short,NEUTRAL,2015-03-25 05:00:00+00:00,2015-03-31 05:00:00+00:00,95.7595,94.332375,4.135239052224426,0.02067619526112213,24,TP2,True
AUDCAD,B,long,NEUTRAL,2015-03-31 09:00:00+00:00,2015-03-31 13:00:00+00:00,0.969015,0.9659626785714285,-1.1060471941019758,-0.00553023597050988,1,SL,False
EURCAD,B,long,NEUTRAL,2015-04-08 13:00:00+00:00,2015-04-09 13:00:00+00:00,1.35344,1.3436480357142857,-1.0425569652766182,-0.005212784826383091,6,SL,False
YM,B,short,NEUTRAL,2015-04-16 06:00:00+00:00,2015-04-16 14:00:00+00:00,17989.5,18084.535714285714,-1.031422863688431,-0.005157114318442155,2,SL,False
AUDUSD,B,short,NEUTRAL,2015-04-20 09:00:00+00:00,2015-04-27 13:00:00+00:00,0.77727,0.7845682142857143,-1.006772523410796,-0.00503386261705398,31,SL,False
NZDUSD,B,short,NEUTRAL,2015-04-20 17:00:00+00:00,2015-04-22 05:00:00+00:00,0.76622,0.7723980357142858,-1.0274753315930012,-0.005137376657965006,9,SL,False
CHFJPY,B,short,NEUTRAL,2015-04-21 05:00:00+00:00,2015-04-21 13:00:00+00:00,124.543,125.15092857142857,-1.0582744204037169,-0.0052913721020185845,2,SL,False
EURAUD,B,long,NEUTRAL,2015-04-22 21:00:00+00:00,2015-04-27 13:00:00+00:00,1.38453,1.38436,0.6148120582715197,0.0030740602913575986,16,BE_STOP,True
CADCHF,B,long,NEUTRAL,2015-05-05 05:00:00+00:00,2015-05-05 09:00:00+00:00,0.773985,0.7696146428571429,-1.0662700552674098,-0.005331350276337049,1,SL,False
GBPCAD,B,long,NEUTRAL,2015-05-05 05:00:00+00:00,2015-05-05 13:00:00+00:00,1.832605,1.8249596428571428,-1.0570627853423153,-0.005285313926711577,2,SL,False
NZDUSD,B,long,NEUTRAL,2015-05-05 05:00:00+00:00,2015-05-05 21:00:00+00:00,0.75107,0.7488546428571429,-1.0918197681062183,-0.005459098840531092,4,SL,False
CL,B,short,NEUTRAL,2015-05-05 06:00:00+00:00,2015-05-05 10:00:00+00:00,59.335,59.7375,-1.0509594838709697,-0.005254797419354849,1,SL,False
EURAUD,B,short,NEUTRAL,2015-05-06 01:00:00+00:00,2015-05-06 13:00:00+00:00,1.40963,1.41514375,-1.0687435228070186,-0.005343717614035093,3,SL,False
GBPCAD,B,long,NEUTRAL,2015-05-06 01:00:00+00:00,2015-05-06 05:00:00+00:00,1.83099,1.8268116071428573,-1.106361480821498,-0.00553180740410749,1,SL,False
AUDCHF,B,long,NEUTRAL,2015-05-06 09:00:00+00:00,2015-05-06 13:00:00+00:00,0.73735,0.7330480357142857,-1.0661256925536984,-0.005330628462768492,1,SL,False
AUDCAD,B,short,NEUTRAL,2015-05-06 21:00:00+00:00,2015-05-13 09:00:00+00:00,0.95936,0.96507,-1.0188285920577624,-0.005094142960288812,27,SL,False
AUDCAD,B,long,NEUTRAL,2015-06-01 13:00:00+00:00,2015-06-03 01:00:00+00:00,0.954485,0.9658501489361703,2.212065245399987,0.011060326226999935,9,TP2,True
NZDCAD,B,long,NEUTRAL,2015-06-02 13:00:00+00:00,2015-06-05 09:00:00+00:00,0.89038,0.8856542857142857,-1.0866281718407045,-0.005433140859203523,17,SL,False
EURGBP,B,short,NEUTRAL,2015-06-03 05:00:00+00:00,2015-06-03 13:00:00+00:00,0.728685,0.7315351785714286,-1.1014917076420836,-0.005507458538210418,2,SL,False
GBPCHF,B,long,NEUTRAL,2015-06-03 09:00:00+00:00,2015-06-08 17:00:00+00:00,1.4356,1.4224119642857143,-1.0400201698193443,-0.005200100849096722,20,SL,False
NQ,B,long,NEUTRAL,2015-06-10 06:00:00+00:00,2015-06-12 14:00:00+00:00,4448.125,4447.75,0.6676772124180401,0.0033383860620902006,14,BE_STOP,True
NQ,B,short,NEUTRAL,2015-06-23 10:00:00+00:00,2015-06-28 22:00:00+00:00,4534.875,4430.311170212766,3.4871000667843437,0.01743550033392172,21,TP2,True
AUDCAD,B,long,NEUTRAL,2015-07-07 21:00:00+00:00,2015-07-08 01:00:00+00:00,0.94639,0.9423791071428571,-1.0787563233995083,-0.005393781616997542,1,SL,False
NQ,B,short,NEUTRAL,2015-07-15 18:00:00+00:00,2015-07-16 02:00:00+00:00,4535.625,4546.625,-1.069444705882353,-0.005347223529411765,2,SL,False
EURCHF,B,long,NEUTRAL,2015-07-16 05:00:00+00:00,2015-07-16 09:00:00+00:00,1.04166,1.0397691071428572,-1.1835282183252096,-0.005917641091626048,1,SL,False
EURGBP,B,long,NEUTRAL,2015-08-05 21:00:00+00:00,2015-08-12 05:00:00+00:00,0.699,0.71369446,2.34165195369038,0.011708259768451901,26,TP2,True
YM,B,long,NEUTRAL,2015-08-06 10:00:00+00:00,2015-08-06 14:00:00+00:00,17394.5,17345.0,-1.0602408333333333,-0.005301204166666667,1,SL,False
EURGBP,B,short,NEUTRAL,2015-08-13 01:00:00+00:00,2015-08-20 05:00:00+00:00,0.713025,0.713195,0.6103857746605548,0.003051928873302774,31,BE_STOP,True
GBPCHF,B,long,NEUTRAL,2015-08-27 01:00:00+00:00,2015-09-08 09:00:00+00:00,1.47612,1.5074563,1.8502702298864584,0.009251351149432293,50,TP2,True
CL,B,short,NEUTRAL,2015-09-02 14:00:00+00:00,2015-09-03 10:00:00+00:00,45.315,47.224642857142854,-1.0098304542884076,-0.005049152271442038,5,SL,False
AUDNZD,B,short,NEUTRAL,2015-09-15 17:00:00+00:00,2015-09-16 09:00:00+00:00,1.12324,1.129522142857143,-1.0535415496085079,-0.005267707748042539,4,SL,False
ES,B,short,NEUTRAL,2015-10-06 22:00:00+00:00,2015-10-07 10:00:00+00:00,1966.125,1988.125,-1.0246145664739883,-0.005123072832369941,3,SL,False
CHFJPY,B,short,NEUTRAL,2015-10-07 05:00:00+00:00,2015-10-08 17:00:00+00:00,124.07300000000001,124.09,0.762728595693079,0.0038136429784653954,9,BE_STOP,True
USDCHF,B,short,NEUTRAL,2015-10-26 05:00:00+00:00,2015-10-26 09:00:00+00:00,0.9768399999999999,0.9811632142857143,-1.053566293765299,-0.005267831468826495,1,SL,False
GBPCHF,B,short,NEUTRAL,2015-10-28 05:00:00+00:00,2015-10-28 17:00:00+00:00,1.50712,1.5139073214285714,-1.0575756828669354,-0.005287878414334677,3,SL,False
CL,B,short,NEUTRAL,2015-10-29 10:00:00+00:00,2015-10-30 18:00:00+00:00,46.315,46.88,-1.0340094545454552,-0.005170047272727276,8,SL,False
AUDCAD,B,long,NEUTRAL,2015-11-02 10:00:00+00:00,2015-11-06 14:00:00+00:00,0.935215,0.935045,0.5067054485487983,0.0025335272427439914,25,BE_STOP,True
NZDCAD,B,long,NEUTRAL,2015-11-05 02:00:00+00:00,2015-11-10 18:00:00+00:00,0.868855,0.8634982142857143,-1.0851470880672036,-0.005425735440336018,22,SL,False
GBPUSD,B,long,NEUTRAL,2015-11-10 22:00:00+00:00,2015-11-22 22:00:00+00:00,1.5167400000000002,1.51665,0.8705916009414187,0.004352958004707094,48,BE_STOP,True
GBPCHF,B,long,NEUTRAL,2015-12-03 10:00:00+00:00,2015-12-03 14:00:00+00:00,1.515035,1.5073898214285715,-1.0511164912448356,-0.005255582456224178,1,SL,False
USDCHF,B,long,NEUTRAL,2015-12-10 06:00:00+00:00,2015-12-11 14:00:00+00:00,0.98836,0.9814139285714285,-1.0376849049330672,-0.005188424524665336,8,SL,False
NQ,B,long,NEUTRAL,2015-12-10 11:00:00+00:00,2015-12-11 07:00:00+00:00,4628.375,4628.0,0.8379202199345313,0.004189601099672657,5,BE_STOP,True
AUDUSD,B,long,NEUTRAL,2016-01-05 02:00:00+00:00,2016-01-05 14:00:00+00:00,0.720035,0.7156164285714286,-1.0440803399340022,-0.005220401699670011,3,SL,False
EURNZD,B,short,NEUTRAL,2016-01-07 06:00:00+00:00,2016-01-07 10:00:00+00:00,1.63396,1.643535,-1.0423981286549715,-0.0052119906432748575,1,SL,False
NZDUSD,B,long,NEUTRAL,2016-01-07 22:00:00+00:00,2016-01-08 10:00:00+00:00,0.66503,0.6590805357142857,-1.031249307286752,-0.00515624653643376,3,SL,False
CHFJPY,B,short,NEUTRAL,2016-02-02 14:00:00+00:00,2016-02-05 06:00:00+00:00,117.983,118.0,0.7159025435654803,0.0035795127178274017,16,BE_STOP,True
GBPJPY,B,short,NEUTRAL,2016-02-03 02:00:00+00:00,2016-02-08 10:00:00+00:00,172.333,167.0994,2.5530569261699623,0.012765284630849812,20,TP2,True
GBPUSD,B,short,NEUTRAL,2016-02-03 06:00:00+00:00,2016-02-03 10:00:00+00:00,1.4451349999999998,1.4490767857142859,-1.0758917867408777,-0.005379458933704388,1,SL,False
CADCHF,B,long,NEUTRAL,2016-02-10 06:00:00+00:00,2016-02-11 06:00:00+00:00,0.7026,0.6956457142857142,-1.0469266793009053,-0.005234633396504527,6,SL,False
EURCAD,B,short,NEUTRAL,2016-02-11 22:00:00+00:00,2016-02-18 10:00:00+00:00,1.574005,1.5197193777777778,2.045349880799035,0.010226749403995174,27,TP2,True
NZDJPY,B,long,NEUTRAL,2016-02-11 22:00:00+00:00,2016-02-23 22:00:00+00:00,75.231,74.11676785714286,-1.0615479052811425,-0.005307739526405713,48,SL,False
AUDNZD,B,short,NEUTRAL,2016-02-17 02:00:00+00:00,2016-02-23 22:00:00+00:00,1.07819,1.085767142857143,-1.0163283741562201,-0.0050816418707811005,29,SL,False
AUDCHF,B,short,NEUTRAL,2016-02-18 06:00:00+00:00,2016-02-22 10:00:00+00:00,0.71095,0.7155478571428571,-1.0382878206162296,-0.005191439103081148,13,SL,False
YM,B,short,NEUTRAL,2016-02-18 07:00:00+00:00,2016-02-22 07:00:00+00:00,16460.5,16529.714285714286,-1.0415989029535861,-0.005207994514767931,12,SL,False
EURGBP,B,long,NEUTRAL,2016-03-03 06:00:00+00:00,2016-03-09 06:00:00+00:00,0.77189,0.77172,0.9652623006753296,0.004826311503376648,24,BE_STOP,True
NZDCHF,B,short,NEUTRAL,2016-03-03 14:00:00+00:00,2016-03-04 06:00:00+00:00,0.66886,0.6717246428571428,-1.0978387170311488,-0.005489193585155744,4,SL,False
AUDCAD,B,short,NEUTRAL,2016-03-08 06:00:00+00:00,2016-03-08 10:00:00+00:00,0.99172,0.9948785714285714,-1.1033406118546887,-0.005516703059273443,1,SL,False
NZDJPY,B,short,NEUTRAL,2016-03-08 10:00:00+00:00,2016-03-11 14:00:00+00:00,76.4475,76.4645,0.90501532631521,0.00452507663157605,19,BE_STOP,True
USDJPY,B,long,NEUTRAL,2016-03-21 09:00:00+00:00,2016-04-01 17:00:00+00:00,111.649,111.64,0.7733225956650203,0.0038666129783251012,56,BE_STOP,True
NZDCHF,B,short,NEUTRAL,2016-03-30 05:00:00+00:00,2016-04-05 05:00:00+00:00,0.66712,0.65068175,2.1379554044593014,0.010689777022296508,24,TP2,True
EURNZD,B,short,NEUTRAL,2016-04-06 05:00:00+00:00,2016-04-07 13:00:00+00:00,1.67089,1.6791682142857145,-1.043650129057833,-0.005218250645289166,8,SL,False
GBPUSD,B,long,NEUTRAL,2016-04-07 05:00:00+00:00,2016-04-19 09:00:00+00:00,1.40843,1.43780856,3.2029631877393685,0.016014815938696844,49,TP2,True
EURNZD,B,long,NEUTRAL,2016-04-13 21:00:00+00:00,2016-04-18 21:00:00+00:00,1.63515,1.624900892857143,-1.0544612724341371,-0.005272306362170686,18,SL,False
PA,B,short,NEUTRAL,2016-04-20 06:00:00+00:00,2016-04-20 10:00:00+00:00,584.275,591.6571428571428,-1.0236652362204726,-0.005118326181102363,1,SL,False
NZDJPY,B,short,NEUTRAL,2016-04-21 01:00:00+00:00,2016-04-22 05:00:00+00:00,76.4865,76.5035,0.7590153305172134,0.003795076652586067,7,BE_STOP,True
EURCHF,B,short,NEUTRAL,2016-04-21 05:00:00+00:00,2016-04-21 09:00:00+00:00,1.09662,1.0992960714285716,-1.1290971982328544,-0.005645485991164272,1,SL,False
NZDCAD,B,long,NEUTRAL,2016-04-21 13:00:00+00:00,2016-04-22 05:00:00+00:00,0.88021,0.8773728571428572,-1.1099413926084636,-0.005549706963042318,4,SL,False
GBPAUD,B,short,NEUTRAL,2016-04-27 01:00:00+00:00,2016-04-27 05:00:00+00:00,1.909935,1.9164958928571427,-1.068439717231553,-0.005342198586157765,1,SL,False
CADJPY,B,long,NEUTRAL,2016-05-05 05:00:00+00:00,2016-05-06 05:00:00+00:00,83.714,82.85739285714286,-1.0401615925815593,-0.005200807962907796,6,SL,False
YM,B,long,NEUTRAL,2016-05-05 06:00:00+00:00,2016-05-05 18:00:00+00:00,17640.5,17536.39285714286,-1.0283726836059872,-0.005141863418029936,3,SL,False
EURJPY,B,long,NEUTRAL,2016-05-24 01:00:00+00:00,2016-05-25 21:00:00+00:00,122.547,122.29050000000001,-1.1634930271398627,-0.005817465135699314,11,SL,False
PA,B,long,NEUTRAL,2016-05-25 06:00:00+00:00,2016-05-25 10:00:00+00:00,533.375,528.625,-1.036252972972973,-0.005181264864864865,1,SL,False
EURCHF,B,long,NEUTRAL,2016-06-01 09:00:00+00:00,2016-06-01 13:00:00+00:00,1.103995,1.1028133928571429,-1.3208353186231112,-0.0066041765931155565,1,SL,False
EURGBP,B,long,NEUTRAL,2016-06-22 05:00:00+00:00,2016-06-23 09:00:00+00:00,0.769295,0.76354625,-1.058740990365226,-0.005293704951826131,7,SL,False
SI,B,short,NEUTRAL,2016-06-27 02:00:00+00:00,2016-06-29 02:00:00+00:00,17.7825,18.07857142857143,-1.0874455352480445,-0.005437227676240223,12,SL,False
NKD,B,short,NEUTRAL,2016-07-12 22:00:00+00:00,2016-07-17 22:00:00+00:00,16372.5,16731.964285714286,-1.0250303805175036,-0.005125151902587518,18,SL,False
NZDUSD,B,long,NEUTRAL,2016-07-21 21:00:00+00:00,2016-07-29 09:00:00+00:00,0.699535,0.716300125,2.490404893517934,0.012452024467589671,33,TP2,True
EURCAD,B,short,NEUTRAL,2016-07-26 13:00:00+00:00,2016-07-27 21:00:00+00:00,1.451215,1.4594689285714286,-1.0399768623812677,-0.0051998843119063385,8,SL,False
NZDUSD,B,short,NEUTRAL,2016-08-01 13:00:00+00:00,2016-08-02 13:00:00+00:00,0.71917,0.7246635714285714,-1.029736592200932,-0.00514868296100466,6,SL,False
GBPUSD,B,short,NEUTRAL,2016-08-03 13:00:00+00:00,2016-08-05 09:00:00+00:00,1.3326399999999998,1.3068295425531915,3.2408803292694532,0.016204401646347268,11,TP2,True
EURAUD,B,long,NEUTRAL,2016-08-08 01:00:00+00:00,2016-08-08 05:00:00+00:00,1.45871,1.4514558928571428,-1.0528252032971195,-0.005264126016485598,1,SL,False
AUDCHF,B,short,NEUTRAL,2016-08-09 01:00:00+00:00,2016-08-09 13:00:00+00:00,0.750295,0.7547789285714285,-1.0637565725639568,-0.005318782862819785,3,SL,False
AUDCHF,B,short,NEUTRAL,2016-08-10 21:00:00+00:00,2016-08-17 09:00:00+00:00,0.75024,0.7342780212765958,1.8795645055086958,0.00939782252754348,27,TP2,True
EURCHF,B,short,NEUTRAL,2016-08-10 21:00:00+00:00,2016-08-22 13:00:00+00:00,1.089405,1.089575,0.8075329135222845,0.004037664567611423,46,BE_STOP,True
USDCAD,B,long,NEUTRAL,2016-08-17 05:00:00+00:00,2016-08-18 01:00:00+00:00,1.2906750000000002,1.2828173214285714,-1.034848828708724,-0.00517424414354362,5,SL,False
EURCHF,B,short,NEUTRAL,2016-08-23 05:00:00+00:00,2016-08-25 13:00:00+00:00,1.088655,1.0914576785714287,-1.0844811449501401,-0.005422405724750701,14,SL,False
NKD,B,short,NEUTRAL,2016-08-31 14:00:00+00:00,2016-09-01 06:00:00+00:00,16872.5,16966.25,-1.1026063768115941,-0.005513031884057971,4,SL,False
EURGBP,B,long,NEUTRAL,2016-09-06 17:00:00+00:00,2016-09-20 09:00:00+00:00,0.837615,0.86201065,3.631202268896352,0.01815601134448176,58,TP2,True
ES,B,short,NEUTRAL,2016-09-07 10:00:00+00:00,2016-09-08 06:00:00+00:00,2183.625,2188.4196428571427,-1.1243743030303084,-0.005621871515151542,5,SL,False
AUDJPY,B,long,NEUTRAL,2016-09-12 21:00:00+00:00,2016-09-13 13:00:00+00:00,76.6725,76.28898214285715,-1.0756693008526086,-0.005378346504263043,4,SL,False
AUDCHF,B,long,NEUTRAL,2016-09-15 21:00:00+00:00,2016-09-27 05:00:00+00:00,0.72909,0.7453491999999999,2.4240176173285,0.0121200880866425,44,TP2,True
NQ,B,short,NEUTRAL,2016-09-21 02:00:00+00:00,2016-09-21 06:00:00+00:00,4816.125,4829.107142857143,-1.0603062889518402,-0.005301531444759201,1,SL,False
GBPUSD,B,long,NEUTRAL,2016-09-21 09:00:00+00:00,2016-09-23 09:00:00+00:00,1.29889,1.2988,0.5904284733900936,0.0029521423669504683,12,BE_STOP,True
DAX,B,short,NEUTRAL,2016-10-06 10:00:00+00:00,2016-10-11 10:00:00+00:00,10582.25,10683.392857142857,-1.0159033226609746,-0.005079516613304873,12,SL,False
CADJPY,B,short,NEUTRAL,2016-10-06 21:00:00+00:00,2016-10-14 05:00:00+00:00,78.343,79.03821428571429,-1.0043762274881456,-0.005021881137440728,32,SL,False
AUDUSD,B,short,NEUTRAL,2016-10-19 05:00:00+00:00,2016-10-19 13:00:00+00:00,0.7682049999999999,0.7702776785714286,-1.0996372800144243,-0.005498186400072122,2,SL,False
GBPCHF,B,long,NEUTRAL,2016-11-03 05:00:00+00:00,2016-11-09 02:00:00+00:00,1.19991,1.19974,0.933569985121191,0.0046678499256059556,23,BE_STOP,True
EURUSD,B,short,NEUTRAL,2016-11-03 13:00:00+00:00,2016-11-04 17:00:00+00:00,1.109505,1.1142439285714287,-1.0463183498502269,-0.005231591749251134,7,SL,False
NZDUSD,B,long,NEUTRAL,2016-11-16 02:00:00+00:00,2016-11-16 10:00:00+00:00,0.709565,0.70648125,-1.0632447933194267,-0.005316223966597133,2,SL,False
EURCHF,B,short,NEUTRAL,2016-12-01 06:00:00+00:00,2016-12-05 06:00:00+00:00,1.077225,1.077395,0.6033836989796157,0.0030169184948980786,12,BE_STOP,True
HG,B,short,NEUTRAL,2016-12-01 11:00:00+00:00,2016-12-05 11:00:00+00:00,2.6312499999999996,2.685589285714286,-1.027510258997649,-0.005137551294988245,12,SL,False
USDCHF,B,short,NEUTRAL,2016-12-12 02:00:00+00:00,2016-12-14 18:00:00+00:00,1.0180649999999998,1.018155,0.9904933193182782,0.004952466596591391,16,BE_STOP,True
GBPCAD,B,long,NEUTRAL,2016-12-15 14:00:00+00:00,2016-12-15 22:00:00+00:00,1.66201,1.6544851785714285,-1.0547506698715616,-0.005273753349357808,2,SL,False
AUDCHF,B,long,NEUTRAL,2016-12-20 02:00:00+00:00,2016-12-22 06:00:00+00:00,0.745565,0.7406024999999999,-1.0781177047469999,-0.005390588523735,13,SL,False
SI,B,long,NEUTRAL,2016-12-21 03:00:00+00:00,2016-12-22 03:00:00+00:00,16.2075,15.896249999999998,-1.0824124675324704,-0.0054120623376623525,6,SL,False
CADCHF,B,short,NEUTRAL,2017-01-04 22:00:00+00:00,2017-01-11 14:00:00+00:00,0.76672,0.7724201785714285,-1.01398522651684,-0.0050699261325842,28,SL,False
AUDCAD,B,short,NEUTRAL,2017-01-17 06:00:00+00:00,2017-01-18 10:00:00+00:00,0.98324,0.9895033928571428,-1.0422840945989518,-0.005211420472994759,7,SL,False
AUDCHF,B,long,NEUTRAL,2017-02-01 10:00:00+00:00,2017-02-03 10:00:00+00:00,0.75053,0.7623208510638297,2.2020884187559724,0.011010442093779863,12,TP2,True
AUDCHF,B,short,NEUTRAL,2017-02-06 02:00:00+00:00,2017-02-09 10:00:00+00:00,0.760505,0.7643208928571428,-1.0346885399422068,-0.005173442699711034,20,SL,False
NZDCHF,B,short,NEUTRAL,2017-02-08 02:00:00+00:00,2017-02-22 02:00:00+00:00,0.727635,0.72291,1.3964519679744545,0.006982259839872273,60,TIME,True
NZDCAD,B,short,NEUTRAL,2017-02-08 10:00:00+00:00,2017-02-22 10:00:00+00:00,0.961225,0.94466,2.6528235039731682,0.013264117519865842,60,TIME,True
NKD,B,short,NEUTRAL,2017-02-13 23:00:00+00:00,2017-02-21 11:00:00+00:00,19452.5,19460.0,0.9442179764705915,0.0047210898823529576,32,BE_STOP,True
USDCAD,B,long,NEUTRAL,2017-02-16 22:00:00+00:00,2017-02-24 10:00:00+00:00,1.30651,1.30642,0.6710679758339293,0.0033553398791696465,33,BE_STOP,True
EURUSD,B,long,NEUTRAL,2017-02-21 22:00:00+00:00,2017-02-22 06:00:00+00:00,1.0550050000000002,1.0513917857142856,-1.0674670005068805,-0.005337335002534403,2,SL,False
EURAUD,B,short,NEUTRAL,2017-03-06 22:00:00+00:00,2017-03-08 10:00:00+00:00,1.39344,1.3990292857142856,-1.0581407987346794,-0.005290703993673397,9,SL,False
USDCHF,B,long,NEUTRAL,2017-03-20 09:00:00+00:00,2017-03-21 13:00:00+00:00,0.99749,0.9944992857142857,-1.0895119527210175,-0.005447559763605087,7,SL,False
PA,B,short,NEUTRAL,2017-03-22 02:00:00+00:00,2017-03-22 10:00:00+00:00,783.275,790.5214285714286,-1.0263517352056166,-0.0051317586760280835,2,SL,False
CHFJPY,B,long,NEUTRAL,2017-03-22 13:00:00+00:00,2017-03-23 09:00:00+00:00,112.167,111.64800000000001,-1.0651461752987972,-0.005325730876493986,5,SL,False
AUDNZD,B,long,NEUTRAL,2017-04-04 21:00:00+00:00,2017-04-05 21:00:00+00:00,1.084615,1.084445,0.5500136192689012,0.002750068096344506,6,BE_STOP,True
AUDUSD,B,long,NEUTRAL,2017-04-04 21:00:00+00:00,2017-04-06 01:00:00+00:00,0.7572150000000001,0.7534935714285714,-1.0622372423288835,-0.005311186211644418,7,SL,False
USDCAD,B,short,NEUTRAL,2017-04-05 01:00:00+00:00,2017-04-05 21:00:00+00:00,1.3403399999999999,1.3441232142857142,-1.0751777661735247,-0.0053758888308676235,5,SL,False
AUDCAD,B,long,NEUTRAL,2017-04-05 05:00:00+00:00,2017-04-06 13:00:00+00:00,1.014415,1.0117003571428573,-1.1422667621052716,-0.005711333810526358,8,SL,False
USDCAD,B,short,NEUTRAL,2017-04-06 13:00:00+00:00,2017-04-12 13:00:00+00:00,1.3413249999999999,1.32860576,1.9047974572737263,0.009523987286368631,24,TP2,True
CADCHF,B,short,NEUTRAL,2017-04-11 09:00:00+00:00,2017-04-12 13:00:00+00:00,0.756305,0.7588933928571429,-1.093401987742747,-0.005467009938713735,7,SL,False
CADCHF,B,short,NEUTRAL,2017-04-13 13:00:00+00:00,2017-04-19 05:00:00+00:00,0.75636,0.7435058299999999,1.9847226789029702,0.009923613394514851,22,TP2,True
AUDCAD,B,short,NEUTRAL,2017-04-25 09:00:00+00:00,2017-04-26 13:00:00+00:00,1.02311,1.0143850300000001,1.7391093164651212,0.008695546582325606,7,TP2,True
EURJPY,B,short,NEUTRAL,2017-04-26 09:00:00+00:00,2017-05-02 05:00:00+00:00,121.32300000000001,122.29342857142858,-1.019912577165114,-0.00509956288582557,23,SL,False
EURGBP,B,long,NEUTRAL,2017-05-01 05:00:00+00:00,2017-05-08 09:00:00+00:00,0.84354,0.84337,0.6539015954848143,0.0032695079774240714,31,BE_STOP,True
AUDCAD,B,long,NEUTRAL,2017-05-10 05:00:00+00:00,2017-05-10 21:00:00+00:00,1.00944,1.0046367857142857,-1.0671934386803386,-0.005335967193401693,4,SL,False
USDCHF,B,short,NEUTRAL,2017-05-11 05:00:00+00:00,2017-05-15 09:00:00+00:00,1.00765,0.9962643444444444,2.614677693955339,0.013073388469776695,13,TP2,True
EURGBP,B,short,NEUTRAL,2017-05-17 05:00:00+00:00,2017-05-22 09:00:00+00:00,0.85655,0.8629021428571428,-1.0226324436741776,-0.005113162218370888,19,SL,False
PA,B,short,NEUTRAL,2017-06-01 10:00:00+00:00,2017-06-02 06:00:00+00:00,820.875,827.7107142857143,-1.0284127727514636,-0.005142063863757318,5,SL,False
EURNZD,B,long,NEUTRAL,2017-06-06 01:00:00+00:00,2017-06-06 05:00:00+00:00,1.57425,1.5704271428571428,-1.1068738756355119,-0.0055343693781775595,1,SL,False
CL,B,long,NEUTRAL,2017-06-06 06:00:00+00:00,2017-06-07 14:00:00+00:00,47.295,46.61642857142857,-1.0283068245425195,-0.005141534122712598,8,SL,False
USDCHF,B,long,NEUTRAL,2017-06-27 05:00:00+00:00,2017-06-27 09:00:00+00:00,0.96718,0.9657139285714286,-1.163803415520398,-0.00581901707760199,1,SL,False
NG,B,long,NEUTRAL,2017-07-03 14:00:00+00:00,2017-07-05 10:00:00+00:00,2.9595000000000002,2.928,-1.0578920000000014,-0.005289460000000007,10,SL,False
NQ,B,short,NEUTRAL,2017-07-13 14:00:00+00:00,2017-07-14 10:00:00+00:00,5790.625,5823.294642857143,-1.025956317390102,-0.005129781586950511,5,SL,False
EURAUD,B,long,NEUTRAL,2017-07-17 01:00:00+00:00,2017-07-18 01:00:00+00:00,1.4676,1.4617914285714286,-1.075455991892578,-0.00537727995946289,6,SL,False
NG,B,long,NEUTRAL,2017-07-26 02:00:00+00:00,2017-07-26 10:00:00+00:00,2.9625,2.921607142857143,-1.0440942883046254,-0.005220471441523127,2,SL,False
GBPNZD,B,long,NEUTRAL,2017-07-27 13:00:00+00:00,2017-08-01 21:00:00+00:00,1.74496,1.7790935729166666,3.6647340381034836,0.018323670190517418,20,TP2,True
NZDCAD,B,short,NEUTRAL,2017-08-01 13:00:00+00:00,2017-08-03 17:00:00+00:00,0.936895,0.937065,0.5251879661445267,0.0026259398307226334,13,BE_STOP,True
AUDNZD,B,short,NEUTRAL,2017-08-01 21:00:00+00:00,2017-08-02 21:00:00+00:00,1.071405,1.0745514285714286,-1.0907116342692569,-0.005453558171346284,6,SL,False
AUDNZD,B,short,NEUTRAL,2017-08-03 09:00:00+00:00,2017-08-07 05:00:00+00:00,1.070495,1.074447142857143,-1.0713535448536344,-0.0053567677242681725,11,SL,False
USDCHF,B,short,NEUTRAL,2017-08-03 13:00:00+00:00,2017-08-04 09:00:00+00:00,0.97003,0.9731735714285714,-1.0739475742690172,-0.005369737871345086,5,SL,False
AUDJPY,B,long,NEUTRAL,2017-08-09 21:00:00+00:00,2017-08-10 13:00:00+00:00,86.9585,86.27521428571428,-1.043786305746134,-0.005218931528730671,4,SL,False
USDCHF,B,long,NEUTRAL,2017-08-30 05:00:00+00:00,2017-09-01 09:00:00+00:00,0.955855,0.955765,0.9818988224453069,0.004909494112226535,13,BE_STOP,True
CADCHF,B,short,NEUTRAL,2017-09-06 05:00:00+00:00,2017-09-06 13:00:00+00:00,0.77017,0.7735025,-1.0878494229249036,-0.0054392471146245186,2,SL,False
NKD,B,short,NEUTRAL,2017-09-13 06:00:00+00:00,2017-09-15 06:00:00+00:00,19712.5,19852.5,-1.0685056603773584,-0.005342528301886792,12,SL,False
USDJPY,B,short,NEUTRAL,2017-09-14 05:00:00+00:00,2017-09-14 09:00:00+00:00,110.381,110.904,-1.04757459143969,-0.005237872957198449,1,SL,False
NQ,B,short,NEUTRAL,2017-10-03 14:00:00+00:00,2017-10-04 14:00:00+00:00,5995.125,6014.741071428572,-1.04441592575406,-0.0052220796287703,6,SL,False
AUDCAD,B,long,NEUTRAL,2017-11-06 10:00:00+00:00,2017-11-09 10:00:00+00:00,0.97797,0.9745307142857143,-1.1397601310902332,-0.005698800655451166,18,SL,False
EURJPY,B,long,NEUTRAL,2017-11-08 06:00:00+00:00,2017-11-08 10:00:00+00:00,131.837,131.62692857142858,-1.1836479911209687,-0.005918239955604844,1,SL,False
EURJPY,B,long,NEUTRAL,2017-11-09 02:00:00+00:00,2017-11-14 06:00:00+00:00,131.827,133.25263265306126,2.762095322916298,0.01381047661458149,19,TP2,True
EURNZD,B,short,NEUTRAL,2017-11-16 14:00:00+00:00,2017-11-17 02:00:00+00:00,1.717645,1.7240560714285715,-1.065769204005723,-0.005328846020028615,3,SL,False
EURGBP,B,long,NEUTRAL,2017-11-22 06:00:00+00:00,2017-11-28 14:00:00+00:00,0.88746,0.8975018367346939,2.2082491891440004,0.011041245945720002,26,TP2,True
EURJPY,B,long,NEUTRAL,2017-11-23 22:00:00+00:00,2017-11-28 18:00:00+00:00,131.917,131.9,0.5420508597183983,0.0027102542985919915,17,BE_STOP,True
USDCAD,B,long,NEUTRAL,2017-12-04 06:00:00+00:00,2017-12-04 10:00:00+00:00,1.2696250000000002,1.2666067857142855,-1.0914371264788802,-0.005457185632394401,1,SL,False
EURCAD,B,short,NEUTRAL,2017-12-12 02:00:00+00:00,2017-12-13 22:00:00+00:00,1.51206,1.5178644642857144,-1.0588677792919838,-0.005294338896459919,11,SL,False
AUDCAD,B,short,NEUTRAL,2017-12-13 10:00:00+00:00,2017-12-13 14:00:00+00:00,0.97594,0.9774771428571428,-1.2242864367816229,-0.006121432183908114,1,SL,False
EURNZD,B,long,NEUTRAL,2017-12-14 02:00:00+00:00,2017-12-15 02:00:00+00:00,1.689965,1.6784591071428572,-1.040278706384588,-0.00520139353192294,6,SL,False
EURCHF,B,short,NEUTRAL,2017-12-20 06:00:00+00:00,2017-12-20 10:00:00+00:00,1.16821,1.1700869642857143,-1.195405025630288,-0.0059770251281514395,1,SL,False
NZDCHF,B,short,NEUTRAL,2017-12-27 22:00:00+00:00,2018-01-04 18:00:00+00:00,0.6974049999999999,0.697575,1.0190321015663772,0.005095160507831886,29,BE_STOP,True
USDJPY,B,long,NEUTRAL,2018-01-03 02:00:00+00:00,2018-01-08 06:00:00+00:00,112.289,113.31197727272726,3.18313560361117,0.01591567801805585,19,TP2,True
AUDNZD,B,long,NEUTRAL,2018-01-08 22:00:00+00:00,2018-01-09 10:00:00+00:00,1.09365,1.0900369642857144,-1.0938448005808865,-0.005469224002904433,3,SL,False
AUDNZD,B,long,NEUTRAL,2018-01-09 22:00:00+00:00,2018-01-10 06:00:00+00:00,1.09214,1.0876044642857143,-1.073965630138667,-0.0053698281506933355,2,SL,False
GBPCHF,B,short,NEUTRAL,2018-01-16 06:00:00+00:00,2018-01-17 06:00:00+00:00,1.328185,1.328355,0.6284475218149252,0.0031422376090746262,6,BE_STOP,True
NZDCAD,B,short,NEUTRAL,2018-01-17 02:00:00+00:00,2018-01-17 14:00:00+00:00,0.901405,0.9066764285714286,-1.0580615205824704,-0.005290307602912352,3,SL,False
RTY,B,long,NEUTRAL,2018-02-01 23:00:00+00:00,2018-02-02 07:00:00+00:00,1575.1499999999999,1563.7357142857145,-1.0245032847178068,-0.005122516423589034,2,SL,False
AUDCAD,B,long,NEUTRAL,2018-02-05 06:00:00+00:00,2018-02-08 02:00:00+00:00,0.98602,0.980515,-1.0764841237113412,-0.005382420618556706,17,SL,False
NG,B,long,NEUTRAL,2018-02-05 07:00:00+00:00,2018-02-05 11:00:00+00:00,2.8705000000000003,2.8015000000000003,-1.0256242962962971,-0.005128121481481486,1,SL,False
AUDUSD,B,long,NEUTRAL,2018-02-08 06:00:00+00:00,2018-02-08 14:00:00+00:00,0.7813450000000001,0.7785666071428571,-1.0741663553636767,-0.0053708317768183834,2,SL,False
AUDCAD,B,long,NEUTRAL,2018-02-08 06:00:00+00:00,2018-02-08 22:00:00+00:00,0.983895,0.9791025,-1.0665755110870754,-0.005332877555435377,4,SL,False
AUDUSD,B,long,NEUTRAL,2018-02-21 18:00:00+00:00,2018-02-23 14:00:00+00:00,0.780445,0.780355,1.3740938720966105,0.006870469360483053,11,BE_STOP,True
GBPNZD,B,short,NEUTRAL,2018-02-28 06:00:00+00:00,2018-03-14 05:00:00+00:00,1.92367,1.904655,2.7430616191175683,0.013715308095587842,60,TIME,True
CADCHF,B,long,NEUTRAL,2018-03-01 10:00:00+00:00,2018-03-01 18:00:00+00:00,0.736825,0.7343039285714286,-1.1161834118183236,-0.005580917059091618,2,SL,False
NZDCAD,B,short,NEUTRAL,2018-03-05 02:00:00+00:00,2018-03-05 10:00:00+00:00,0.93114,0.9351971428571428,-1.0772700183755979,-0.005386350091877989,2,SL,False
USDJPY,B,long,NEUTRAL,2018-03-07 14:00:00+00:00,2018-03-14 21:00:00+00:00,105.929,105.92,0.6607569725740664,0.003303784862870332,32,BE_STOP,True
NKD,B,long,NEUTRAL,2018-03-07 15:00:00+00:00,2018-03-18 22:00:00+00:00,21232.5,21225.0,1.303299592600599,0.0065164979630029955,44,BE_STOP,True
GBPJPY,B,long,NEUTRAL,2018-03-07 22:00:00+00:00,2018-03-08 18:00:00+00:00,147.597,146.46835714285714,-1.0338810075178269,-0.005169405037589134,5,SL,False
ES,B,short,NEUTRAL,2018-03-15 18:00:00+00:00,2018-03-22 22:00:00+00:00,2758.125,2625.8,4.686378635878578,0.023431893179392888,31,TP2,True
CHFJPY,B,long,NEUTRAL,2018-04-18 13:00:00+00:00,2018-04-19 13:00:00+00:00,110.86699999999999,110.52621428571429,-1.1158833708360814,-0.005579416854180407,6,SL,False
EURAUD,B,short,NEUTRAL,2018-04-24 05:00:00+00:00,2018-04-24 17:00:00+00:00,1.60252,1.6104135714285717,-1.0510583482844709,-0.0052552917414223545,3,SL,False
GBPCHF,B,long,NEUTRAL,2018-05-02 05:00:00+00:00,2018-05-10 13:00:00+00:00,1.35801,1.3511096428571427,-1.0980811843990446,-0.005490405921995223,38,SL,False
EURAUD,B,long,NEUTRAL,2018-05-09 05:00:00+00:00,2018-05-09 13:00:00+00:00,1.59341,1.5894525,-1.1037828118811874,-0.005518914059405937,2,SL,False
EURNZD,B,long,NEUTRAL,2018-05-29 05:00:00+00:00,2018-05-30 13:00:00+00:00,1.67081,1.6634007142857141,-1.0627014070054266,-0.005313507035027133,8,SL,False
EURNZD,B,long,NEUTRAL,2018-05-31 01:00:00+00:00,2018-05-31 13:00:00+00:00,1.67065,1.6630739285714284,-1.0545351207985723,-0.005272675603992861,3,SL,False
USDJPY,B,short,NEUTRAL,2018-06-07 05:00:00+00:00,2018-06-11 05:00:00+00:00,109.931,109.94,0.6055313366336831,0.0030276566831684156,12,BE_STOP,True
PA,B,long,NEUTRAL,2018-06-20 06:00:00+00:00,2018-06-20 14:00:00+00:00,960.225,955.8464285714285,-1.0474467170444999,-0.0052372335852225,2,SL,False
YM,B,long,NEUTRAL,2018-06-26 14:00:00+00:00,2018-06-27 06:00:00+00:00,24353.5,24152.39285714286,-1.0172753336911793,-0.005086376668455897,4,SL,False
YM,B,long,NEUTRAL,2018-06-27 14:00:00+00:00,2018-06-28 10:00:00+00:00,24252.5,23999.535714285714,-1.013680670359324,-0.00506840335179662,5,SL,False
NKD,B,short,NEUTRAL,2018-07-16 14:00:00+00:00,2018-07-16 22:00:00+00:00,22607.5,22775.178571428572,-1.0581138907469338,-0.005290569453734669,2,SL,False
NKD,B,short,NEUTRAL,2018-07-16 22:00:00+00:00,2018-07-17 02:00:00+00:00,22707.5,22842.5,-1.0730713725490195,-0.0053653568627450975,1,SL,False
AUDCHF,B,short,NEUTRAL,2018-08-07 21:00:00+00:00,2018-08-09 21:00:00+00:00,0.73899,0.7324308979591837,3.3295786096414393,0.016647893048207196,12,TP2,True
USDCAD,B,long,NEUTRAL,2018-08-20 09:00:00+00:00,2018-08-20 17:00:00+00:00,1.30875,1.3039421428571427,-1.0579129447388642,-0.0052895647236943216,2,SL,False
NKD,B,short,NEUTRAL,2018-08-30 14:00:00+00:00,2018-09-13 10:00:00+00:00,22807.5,22815.0,0.6379269033463552,0.0031896345167317756,58,BE_STOP,True
EURCHF,B,long,NEUTRAL,2018-09-03 05:00:00+00:00,2018-09-06 17:00:00+00:00,1.12716,1.1226232142857142,-1.1094174139200135,-0.005547087069600067,21,SL,False
NZDUSD,B,long,NEUTRAL,2018-09-05 13:00:00+00:00,2018-09-07 17:00:00+00:00,0.65871,0.6530810714285714,-1.0437303707524725,-0.005218651853762363,13,SL,False
NZDJPY,B,long,NEUTRAL,2018-09-10 13:00:00+00:00,2018-09-19 21:00:00+00:00,72.588,74.54498000000001,2.8284887967644337,0.014142443983822169,44,TP2,True
EURGBP,B,long,NEUTRAL,2018-09-11 05:00:00+00:00,2018-09-17 21:00:00+00:00,0.89077,0.8874025000000001,-1.1547170602032921,-0.00577358530101646,28,SL,False
PL,B,short,NEUTRAL,2018-09-20 06:00:00+00:00,2018-09-20 10:00:00+00:00,822.55,829.8392857142857,-1.044863074581431,-0.005224315372907155,1,SL,False
USDCAD,B,short,NEUTRAL,2018-10-22 09:00:00+00:00,2018-10-26 01:00:00+00:00,1.30991,1.31,0.8636106885244663,0.004318053442622332,22,BE_STOP,True
NZDUSD,B,long,NEUTRAL,2018-10-25 13:00:00+00:00,2018-10-26 01:00:00+00:00,0.6518900000000001,0.6498839285714285,-1.0946022143522964,-0.005473011071761482,3,SL,False
CADCHF,B,short,NEUTRAL,2018-11-01 13:00:00+00:00,2018-11-08 06:00:00+00:00,0.76583,0.766,0.6608496515218325,0.0033042482576091624,28,BE_STOP,True
GBPCAD,B,short,NEUTRAL,2018-11-07 14:00:00+00:00,2018-11-13 14:00:00+00:00,1.72291,1.72308,1.3542389990039698,0.006771194995019849,24,BE_STOP,True
GBPJPY,B,short,NEUTRAL,2018-11-08 14:00:00+00:00,2018-11-15 06:00:00+00:00,149.173,145.93724,3.819334555654666,0.01909667277827333,28,TP2,True
ES,B,short,NEUTRAL,2018-11-08 19:00:00+00:00,2018-11-20 11:00:00+00:00,2805.125,2649.538,5.323444588910087,0.026617222944550437,46,TP2,True
CADJPY,B,long,NEUTRAL,2018-11-21 06:00:00+00:00,2018-12-04 18:00:00+00:00,85.05499999999999,85.038,0.6609395773230701,0.0033046978866153503,57,BE_STOP,True
YM,B,long,NEUTRAL,2018-11-21 07:00:00+00:00,2018-11-22 15:00:00+00:00,24519.5,24292.5,-1.015350598669623,-0.005076752993348115,8,SL,False
CADCHF,B,short,NEUTRAL,2019-01-17 06:00:00+00:00,2019-01-17 14:00:00+00:00,0.74687,0.7485675,-1.1797458592471364,-0.005898729296235682,2,SL,False
CL,B,short,NEUTRAL,2019-01-21 23:00:00+00:00,2019-01-24 23:00:00+00:00,53.665,53.68,0.6811578838627215,0.0034057894193136075,18,BE_STOP,True
GBPJPY,B,short,NEUTRAL,2019-01-24 06:00:00+00:00,2019-01-24 22:00:00+00:00,143.163,143.8312857142857,-1.0568764509760857,-0.005284382254880429,4,SL,False
PA,B,short,NEUTRAL,2019-02-06 07:00:00+00:00,2019-02-06 11:00:00+00:00,1335.075,1354.35,-1.0121047519582247,-0.005060523759791123,1,SL,False
NZDUSD,B,short,NEUTRAL,2019-02-14 22:00:00+00:00,2019-02-15 14:00:00+00:00,0.6817099999999999,0.6864242857142857,-1.0401011986407238,-0.005200505993203619,4,SL,False
EURNZD,B,short,NEUTRAL,2019-03-04 06:00:00+00:00,2019-03-11 13:00:00+00:00,1.66705,1.6461222272727272,2.7206528058269033,0.013603264029134516,32,TP2,True
NZDCHF,B,long,NEUTRAL,2019-03-04 18:00:00+00:00,2019-03-05 02:00:00+00:00,0.68185,0.6787110714285713,-1.0894123902321664,-0.005447061951160832,2,SL,False
NZDUSD,B,long,NEUTRAL,2019-03-04 22:00:00+00:00,2019-03-05 14:00:00+00:00,0.6804100000000001,0.6786217857142857,-1.1090895310199937,-0.005545447655099968,4,SL,False
NZDCHF,B,long,NEUTRAL,2019-03-07 02:00:00+00:00,2019-03-11 17:00:00+00:00,0.68149,0.6906005454545454,2.4002102465667874,0.012001051232833937,16,TP2,True
NKD,B,long,NEUTRAL,2019-03-11 06:00:00+00:00,2019-03-22 14:00:00+00:00,20967.5,20960.0,0.9059665240641653,0.004529832620320827,56,BE_STOP,True
AUDJPY,B,long,NEUTRAL,2019-03-11 13:00:00+00:00,2019-03-22 05:00:00+00:00,78.51899999999999,78.502,0.6263405917340326,0.003131702958670163,52,BE_STOP,True
CADJPY,B,long,NEUTRAL,2019-03-12 01:00:00+00:00,2019-03-21 01:00:00+00:00,83.097,83.08,0.677456871008953,0.0033872843550447652,42,BE_STOP,True
NZDJPY,B,short,NEUTRAL,2019-03-14 13:00:00+00:00,2019-03-14 21:00:00+00:00,76.153,76.52303571428571,-1.078353035912989,-0.005391765179564945,2,SL,False
USDJPY,B,long,NEUTRAL,2019-03-25 09:00:00+00:00,2019-04-01 13:00:00+00:00,110.079,111.2494090909091,1.711210117770919,0.008556050588854594,31,TP2,True
EURJPY,B,long,NEUTRAL,2019-03-26 09:00:00+00:00,2019-03-27 13:00:00+00:00,124.72699999999999,124.16407142857143,-1.0722837786209543,-0.005361418893104771,7,SL,False
EURUSD,B,long,NEUTRAL,2019-03-27 09:00:00+00:00,2019-03-28 05:00:00+00:00,1.1272300000000002,1.1235825,-1.0696590864371436,-0.005348295432185718,5,SL,False
AUDJPY,B,short,NEUTRAL,2019-04-04 01:00:00+00:00,2019-04-04 21:00:00+00:00,79.2,79.61571428571428,-1.0704464349695362,-0.005352232174847681,5,SL,False
CHFJPY,B,short,NEUTRAL,2019-04-04 01:00:00+00:00,2019-04-12 05:00:00+00:00,111.613,111.63,0.6436155431453772,0.003218077715726886,37,BE_STOP,True
EURGBP,B,short,NEUTRAL,2019-04-10 05:00:00+00:00,2019-04-11 05:00:00+00:00,0.86241,0.86258,0.6250093328576969,0.0031250466642884847,6,BE_STOP,True
CADJPY,B,short,NEUTRAL,2019-04-15 05:00:00+00:00,2019-04-15 09:00:00+00:00,83.937,84.1940357142857,-1.119778759113212,-0.00559889379556606,1,SL,False
USDJPY,B,short,NEUTRAL,2019-04-18 01:00:00+00:00,2019-04-24 17:00:00+00:00,111.881,112.19257142857143,-1.0418523984891421,-0.0052092619924457104,28,SL,False
EURUSD,B,long,NEUTRAL,2019-04-22 05:00:00+00:00,2019-04-23 09:00:00+00:00,1.1246800000000001,1.1227839285714285,-1.153623602926713,-0.005768118014633565,7,SL,False
ES,B,long,NEUTRAL,2019-05-08 06:00:00+00:00,2019-05-09 02:00:00+00:00,2878.375,2868.089285714286,-1.0610722882882888,-0.005305361441441444,5,SL,False
EURCAD,B,short,NEUTRAL,2019-06-03 05:00:00+00:00,2019-06-03 13:00:00+00:00,1.51074,1.5130332142857144,-1.179682099243055,-0.005898410496215275,2,SL,False
NZDUSD,B,short,NEUTRAL,2019-06-04 09:00:00+00:00,2019-06-04 17:00:00+00:00,0.65898,0.6616342857142857,-1.0710752311977858,-0.0053553761559889295,2,SL,False
EURGBP,B,short,NEUTRAL,2019-06-05 09:00:00+00:00,2019-06-06 13:00:00+00:00,0.88671,0.8889075000000001,-1.1204140073982713,-0.005602070036991357,7,SL,False
YM,B,short,NEUTRAL,2019-06-11 14:00:00+00:00,2019-06-18 10:00:00+00:00,26079.5,26318.85714285714,-1.0150777897897898,-0.005075388948948949,29,SL,False
ES,B,short,NEUTRAL,2019-06-11 14:00:00+00:00,2019-06-18 10:00:00+00:00,2888.375,2918.2410714285716,-1.0205509657886769,-0.0051027548289433846,29,SL,False
NZDUSD,B,long,NEUTRAL,2019-06-18 05:00:00+00:00,2019-06-21 01:00:00+00:00,0.6508900000000001,0.65980296,2.4565350898202536,0.012282675449101268,17,TP2,True
RTY,B,long,NEUTRAL,2019-06-27 06:00:00+00:00,2019-07-11 14:00:00+00:00,1524.85,1557.95,3.153909995845499,0.015769549979227495,60,TIME,True
NZDCAD,B,long,NEUTRAL,2019-07-08 05:00:00+00:00,2019-07-10 01:00:00+00:00,0.86888,0.8648053571428571,-1.087496657824934,-0.00543748328912467,11,SL,False
NG,B,short,NEUTRAL,2019-07-09 10:00:00+00:00,2019-07-09 14:00:00+00:00,2.3905,2.4266785714285715,-1.04876902162719,-0.00524384510813595,1,SL,False
USDJPY,B,long,NEUTRAL,2019-07-18 13:00:00+00:00,2019-07-18 17:00:00+00:00,107.839,107.50850000000001,-1.0749532192846079,-0.005374766096423039,1,SL,False
NG,B,long,NEUTRAL,2019-07-18 14:00:00+00:00,2019-07-19 10:00:00+00:00,2.2875,2.2497857142857143,-1.0464733727810667,-0.005232366863905333,5,SL,False
AUDJPY,B,long,NEUTRAL,2019-07-31 01:00:00+00:00,2019-07-31 17:00:00+00:00,74.878,74.39875,-1.0594546673877685,-0.005297273336938842,4,SL,False
USDJPY,B,short,NEUTRAL,2019-07-31 13:00:00+00:00,2019-07-31 17:00:00+00:00,108.581,108.74721428571428,-1.1539385552021935,-0.005769692776010967,1,SL,False
EURAUD,B,short,NEUTRAL,2019-08-01 09:00:00+00:00,2019-08-01 17:00:00+00:00,1.61355,1.6179857142857144,-1.0928090756865374,-0.005464045378432687,2,SL,False
AUDNZD,B,short,NEUTRAL,2019-08-07 01:00:00+00:00,2019-08-08 09:00:00+00:00,1.04689,1.0505839285714287,-1.0756441552650255,-0.005378220776325128,8,SL,False
GBPJPY,B,long,NEUTRAL,2019-09-04 01:00:00+00:00,2019-09-04 17:00:00+00:00,128.347,130.13825,1.931242425949044,0.00965621212974522,4,TP2,True
USDCAD,B,long,NEUTRAL,2019-09-04 13:00:00+00:00,2019-09-05 05:00:00+00:00,1.3234500000000002,1.321575,-1.1542201680672957,-0.005771100840336479,4,SL,False
EURNZD,B,short,NEUTRAL,2019-09-18 21:00:00+00:00,2019-09-19 05:00:00+00:00,1.74883,1.7527292857142855,-1.1112374411032462,-0.005556187205516231,2,SL,False
NZDCHF,B,long,NEUTRAL,2019-09-23 01:00:00+00:00,2019-10-04 01:00:00+00:00,0.62227,0.6316853124999999,2.2599034578193207,0.011299517289096603,54,TP2,True
GBPJPY,B,long,NEUTRAL,2019-10-03 05:00:00+00:00,2019-10-08 09:00:00+00:00,131.927,131.21014285714287,-1.0721144029393712,-0.005360572014696856,19,SL,False
EURJPY,B,short,NEUTRAL,2019-10-14 05:00:00+00:00,2019-10-15 13:00:00+00:00,119.393,119.94271428571429,-1.0539032287476453,-0.005269516143738226,8,SL,False
USDJPY,B,short,NEUTRAL,2019-10-14 09:00:00+00:00,2019-10-15 13:00:00+00:00,108.271,108.50292857142857,-1.0949090547901343,-0.005474545273950672,7,SL,False
NQ,B,short,NEUTRAL,2019-10-16 10:00:00+00:00,2019-10-17 06:00:00+00:00,7920.375,7976.669642857143,-1.0180371323646813,-0.0050901856618234065,5,SL,False
HG,B,short,NEUTRAL,2019-10-21 06:00:00+00:00,2019-10-21 10:00:00+00:00,2.6417499999999996,2.6564107142857143,-1.1089680958721833,-0.005544840479360916,1,SL,False
HG,B,short,NEUTRAL,2019-10-22 06:00:00+00:00,2019-10-23 14:00:00+00:00,2.63575,2.658839285714286,-1.066891381847923,-0.0053344569092396155,8,SL,False
YM,B,long,NEUTRAL,2019-10-22 18:00:00+00:00,2019-10-22 22:00:00+00:00,26733.5,26663.964285714286,-1.0534819107611553,-0.005267409553805776,1,SL,False
YM,B,long,NEUTRAL,2019-10-24 10:00:00+00:00,2019-10-30 18:00:00+00:00,26726.5,27183.117021276597,3.9234109439973595,0.019617054719986798,26,TP2,True
NZDUSD,B,short,NEUTRAL,2019-10-24 21:00:00+00:00,2019-10-30 21:00:00+00:00,0.63777,0.6407607142857144,-1.0204390347205237,-0.005102195173602619,24,SL,False
PL,B,long,NEUTRAL,2019-11-13 03:00:00+00:00,2019-11-19 11:00:00+00:00,877.35,908.9784000000001,2.135852177924231,0.010679260889621156,26,TP2,True
GBPAUD,B,short,NEUTRAL,2019-11-19 06:00:00+00:00,2019-11-27 22:00:00+00:00,1.90135,1.9106125,-1.0149781688204569,-0.005074890844102285,40,SL,False
USDCHF,B,short,NEUTRAL,2019-11-28 18:00:00+00:00,2019-11-29 06:00:00+00:00,0.99856,0.9998471428571428,-1.1919557040573197,-0.005959778520286598,3,SL,False
EURUSD,B,short,NEUTRAL,2019-12-03 10:00:00+00:00,2019-12-04 10:00:00+00:00,1.1071499999999999,1.109754642857143,-1.0854996165317963,-0.0054274980826589814,6,SL,False
AUDCAD,B,long,NEUTRAL,2019-12-11 02:00:00+00:00,2019-12-12 14:00:00+00:00,0.90223,0.9089624347826086,2.228895826087005,0.011144479130435026,9,TP2,True
EURGBP,B,short,NEUTRAL,2020-01-15 06:00:00+00:00,2020-01-23 14:00:00+00:00,0.85638,0.8419075,5.314578630413038,0.02657289315206519,38,TP2,True
USDJPY,B,long,NEUTRAL,2020-01-28 06:00:00+00:00,2020-01-30 14:00:00+00:00,108.839,108.63528571428571,-1.1552914306676483,-0.005776457153338242,14,SL,False
EURAUD,B,short,NEUTRAL,2020-01-28 22:00:00+00:00,2020-01-29 22:00:00+00:00,1.62867,1.6339501785714285,-1.068102081979245,-0.005340510409896225,6,SL,False
CADJPY,B,long,NEUTRAL,2020-01-30 18:00:00+00:00,2020-01-31 14:00:00+00:00,82.511,81.99492857142857,-1.0572093258909323,-0.005286046629454662,5,SL,False
CHFJPY,B,short,NEUTRAL,2020-02-25 10:00:00+00:00,2020-02-27 14:00:00+00:00,113.13300000000001,113.5612857142857,-1.055529815908294,-0.00527764907954147,13,SL,False
PA,B,long,NEUTRAL,2020-03-04 07:00:00+00:00,2020-03-09 06:00:00+00:00,2360.225,2292.385714285714,-1.0046344430379748,-0.005023172215189874,18,SL,False
CHFJPY,B,short,NEUTRAL,2020-03-24 05:00:00+00:00,2020-03-24 09:00:00+00:00,113.313,113.76271428571428,-1.0759480818751972,-0.005379740409375986,1,SL,False
SI,B,short,NEUTRAL,2020-04-07 22:00:00+00:00,2020-04-09 10:00:00+00:00,15.2425,15.799642857142858,-1.0443649432197744,-0.005221824716098872,9,SL,False
DAX,B,short,NEUTRAL,2020-04-08 00:00:00+00:00,2020-04-09 04:00:00+00:00,10233.75,10487.375,-1.0062034602076124,-0.005031017301038062,7,SL,False
CADJPY,B,short,NEUTRAL,2020-04-08 05:00:00+00:00,2020-04-22 05:00:00+00:00,77.557,76.053,2.8245782198782807,0.014122891099391403,60,TIME,True
NG,B,short,NEUTRAL,2020-04-09 06:00:00+00:00,2020-04-15 14:00:00+00:00,1.7705000000000002,1.5993775510204078,1.7590584068947648,0.008795292034473825,20,TP2,True
RTY,B,short,NEUTRAL,2020-04-13 10:00:00+00:00,2020-04-27 10:00:00+00:00,1213.0500000000002,1255.235714285714,-1.0058770025488497,-0.005029385012744248,60,SL,False
CL,B,long,NEUTRAL,2020-04-15 18:00:00+00:00,2020-04-17 06:00:00+00:00,20.165,18.869285714285713,-1.0129718237590635,-0.005064859118795318,9,SL,False
NZDJPY,B,short,NEUTRAL,2020-04-30 13:00:00+00:00,2020-05-10 21:00:00+00:00,65.678,65.695,0.8554534041580045,0.004277267020790023,38,BE_STOP,True
EURGBP,B,short,NEUTRAL,2020-05-04 05:00:00+00:00,2020-05-11 09:00:00+00:00,0.88014,0.88031,2.4805186056971023,0.01240259302848551,31,BE_STOP,True
EURCAD,B,short,NEUTRAL,2020-05-05 01:00:00+00:00,2020-05-06 09:00:00+00:00,1.53397,1.51700575,2.070133585699919,0.010350667928499596,8,TP2,True
SI,B,short,NEUTRAL,2020-05-11 10:00:00+00:00,2020-05-14 14:00:00+00:00,15.747499999999999,16.036250000000003,-1.0892386854460117,-0.005446193427230058,19,SL,False
NG,B,long,NEUTRAL,2020-05-13 10:00:00+00:00,2020-05-13 14:00:00+00:00,1.6914999999999998,1.6387857142857143,-1.0319309344490903,-0.005159654672245452,1,SL,False
CADCHF,B,short,NEUTRAL,2020-05-21 05:00:00+00:00,2020-05-21 09:00:00+00:00,0.69437,0.69589,-1.1979346666666748,-0.005989673333333374,1,SL,False
CADJPY,B,short,NEUTRAL,2020-05-21 13:00:00+00:00,2020-05-26 09:00:00+00:00,77.093,77.69157142857142,-1.0305947285679127,-0.005152973642839564,17,SL,False
NG,B,short,NEUTRAL,2020-05-27 10:00:00+00:00,2020-06-09 22:00:00+00:00,1.9205,1.690173913043478,2.1727058500802316,0.010863529250401158,57,TP2,True
EURCAD,B,long,NEUTRAL,2020-05-28 09:00:00+00:00,2020-05-29 13:00:00+00:00,1.51705,1.5367308125,2.5378373859558248,0.012689186929779123,7,TP2,True
EURCHF,B,short,NEUTRAL,2020-07-16 17:00:00+00:00,2020-07-27 09:00:00+00:00,1.07631,1.0810957142857143,-1.0044810832559588,-0.005022405416279794,40,SL,False
AUDNZD,B,short,NEUTRAL,2020-07-22 05:00:00+00:00,2020-07-28 01:00:00+00:00,1.07223,1.0724,0.6273846527850081,0.0031369232639250405,23,BE_STOP,True
EURAUD,B,short,NEUTRAL,2020-07-28 01:00:00+00:00,2020-07-30 13:00:00+00:00,1.64275,1.6502842857142856,-1.0407351115421926,-0.005203675557710963,15,SL,False
SI,B,short,NEUTRAL,2020-09-01 18:00:00+00:00,2020-09-08 10:00:00+00:00,28.342499999999998,26.08258510638298,1.6798964765847202,0.0083994823829236,27,TP2,True
AUDNZD,B,long,NEUTRAL,2020-09-03 13:00:00+00:00,2020-09-17 13:00:00+00:00,1.08533,1.08189,-0.9472880826788252,-0.004736440413394126,60,TIME,False
GBPNZD,B,long,NEUTRAL,2020-09-03 17:00:00+00:00,2020-09-07 09:00:00+00:00,1.97897,1.9651003571428571,-1.0362823910946588,-0.005181411955473294,10,SL,False
USDJPY,B,long,NEUTRAL,2020-09-15 09:00:00+00:00,2020-09-15 13:00:00+00:00,105.419,105.29778571428571,-1.2117258052196047,-0.006058629026098023,1,SL,False
PL,B,short,NEUTRAL,2020-09-15 14:00:00+00:00,2020-09-21 06:00:00+00:00,980.95,920.8359574468085,5.827020457207564,0.02913510228603782,22,TP2,True
NKD,B,short,NEUTRAL,2020-09-16 14:00:00+00:00,2020-09-21 10:00:00+00:00,23362.5,22641.09574468085,4.87750626096234,0.0243875313048117,17,TP2,True
USDCHF,B,short,NEUTRAL,2020-09-22 09:00:00+00:00,2020-09-22 13:00:00+00:00,0.9154,0.9187232142857144,-1.067473412128586,-0.00533736706064293,1,SL,False
USDCAD,B,short,NEUTRAL,2020-09-22 09:00:00+00:00,2020-09-23 13:00:00+00:00,1.33113,1.3364575,-1.0470373651551592,-0.005235186825775796,7,SL,False
ES,B,long,NEUTRAL,2020-09-22 10:00:00+00:00,2020-09-23 18:00:00+00:00,3275.375,3239.125,-1.0177569337979093,-0.005088784668989547,8,SL,False
EURCAD,B,short,NEUTRAL,2020-09-30 05:00:00+00:00,2020-10-08 13:00:00+00:00,1.56935,1.5538691914893616,2.0914632605105323,0.010457316302552661,38,TP2,True
GBPCAD,B,short,NEUTRAL,2020-10-01 09:00:00+00:00,2020-10-14 05:00:00+00:00,1.72217,1.6920741666666668,3.854597315297765,0.019272986576488824,53,TP2,True
EURGBP,B,long,NEUTRAL,2020-10-01 09:00:00+00:00,2020-10-02 05:00:00+00:00,0.90785,0.90768,0.5053499273229038,0.0025267496366145194,5,BE_STOP,True
PA,B,short,NEUTRAL,2020-10-06 06:00:00+00:00,2020-10-06 10:00:00+00:00,2364.075,2392.160714285714,-1.0112345484736238,-0.0050561727423681195,1,SL,False
PA,B,short,NEUTRAL,2020-10-08 06:00:00+00:00,2020-10-08 10:00:00+00:00,2378.575,2394.875,-1.0194921792890261,-0.005097460896445131,1,SL,False
YM,B,short,NEUTRAL,2020-10-08 14:00:00+00:00,2020-10-09 14:00:00+00:00,28257.5,28557.321428571428,-1.0126058661558721,-0.005063029330779361,6,SL,False
NQ,B,short,NEUTRAL,2020-10-08 14:00:00+00:00,2020-10-09 10:00:00+00:00,11506.125,11627.125,-1.0107398134715024,-0.005053699067357512,5,SL,False
ES,B,long,NEUTRAL,2020-10-29 18:00:00+00:00,2020-10-30 06:00:00+00:00,3275.875,3234.1875,-1.0154207564296522,-0.005077103782148261,3,SL,False
DAX,B,short,NEUTRAL,2020-11-10 04:00:00+00:00,2020-11-10 12:00:00+00:00,13052.25,13211.44642857143,-1.011323574890116,-0.00505661787445058,2,SL,False
DAX,B,short,NEUTRAL,2020-11-12 00:00:00+00:00,2020-11-23 08:00:00+00:00,13106.25,13291.232142857143,-1.0097621401570223,-0.005048810700785111,44,SL,False
CADJPY,B,short,NEUTRAL,2020-11-12 02:00:00+00:00,2020-11-18 14:00:00+00:00,80.443,79.26175833333333,1.7612379740964321,0.008806189870482161,27,TP2,True
EURJPY,B,long,NEUTRAL,2020-11-19 22:00:00+00:00,2020-11-30 06:00:00+00:00,123.387,124.76483333333334,1.8594617200474672,0.009297308600237336,38,TP2,True
CADJPY,B,short,NEUTRAL,2020-11-25 06:00:00+00:00,2020-11-30 14:00:00+00:00,80.221,80.606,-1.035953641304337,-0.0051797682065216856,20,SL,False
GBPCHF,B,long,NEUTRAL,2020-12-03 06:00:00+00:00,2020-12-07 06:00:00+00:00,1.19838,1.192850357142857,-1.0816795468781226,-0.005408397734390613,12,SL,False
SI,B,short,NEUTRAL,2020-12-08 11:00:00+00:00,2020-12-15 23:00:00+00:00,24.8275,24.85,0.7053184272340352,0.0035265921361701757,33,BE_STOP,True
EURCHF,B,long,NEUTRAL,2021-01-05 10:00:00+00:00,2021-01-07 18:00:00+00:00,1.07981,1.0865372083333333,3.01947676299389,0.01509738381496945,14,TP2,True
CADCHF,B,short,NEUTRAL,2021-01-13 06:00:00+00:00,2021-01-13 14:00:00+00:00,0.69681,0.6989110714285715,-1.1385517884224186,-0.005692758942112093,2,SL,False
USDCHF,B,short,NEUTRAL,2021-01-19 02:00:00+00:00,2021-01-20 10:00:00+00:00,0.89079,0.89088,0.6533429485861515,0.0032667147429307577,8,BE_STOP,True
EURJPY,B,short,NEUTRAL,2021-02-01 06:00:00+00:00,2021-02-05 10:00:00+00:00,126.813,126.83,0.6297838704327191,0.0031489193521635956,25,BE_STOP,True
EURAUD,B,long,NEUTRAL,2021-02-08 10:00:00+00:00,2021-02-08 14:00:00+00:00,1.56915,1.5655764285714286,-1.1144917943336852,-0.005572458971668426,1,SL,False
NZDUSD,B,long,NEUTRAL,2021-03-09 22:00:00+00:00,2021-03-12 14:00:00+00:00,0.71555,0.71546,1.1740075444981066,0.005870037722490533,16,BE_STOP,True
AUDCAD,B,long,NEUTRAL,2021-03-10 10:00:00+00:00,2021-03-12 10:00:00+00:00,0.97605,0.9707310714285714,-1.0789770132482495,-0.005394885066241247,12,SL,False
NKD,B,long,NEUTRAL,2021-03-11 15:00:00+00:00,2021-03-19 10:00:00+00:00,29167.5,29160.0,0.7725726616989631,0.0038628633084948154,35,BE_STOP,True
RTY,B,short,NEUTRAL,2021-03-17 10:00:00+00:00,2021-03-17 18:00:00+00:00,2296.95,2318.0142857142855,-1.015958278688529,-0.005079791393442646,2,SL,False
EURJPY,B,short,NEUTRAL,2021-04-05 05:00:00+00:00,2021-04-06 05:00:00+00:00,129.913,130.39914285714286,-1.0643467539585785,-0.005321733769792892,6,SL,False
USDCAD,B,long,NEUTRAL,2021-04-06 01:00:00+00:00,2021-04-09 13:00:00+00:00,1.2541200000000001,1.25403,0.5918832769333225,0.0029594163846666127,21,BE_STOP,True
EURGBP,B,short,NEUTRAL,2021-04-08 01:00:00+00:00,2021-04-08 13:00:00+00:00,0.86273,0.8663742857142858,-1.0836955345394734,-0.005418477672697367,3,SL,False
EURUSD,B,short,NEUTRAL,2021-04-15 13:00:00+00:00,2021-04-19 05:00:00+00:00,1.19701,1.2005760714285716,-1.065470864070727,-0.005327354320353635,10,SL,False
USDJPY,B,long,NEUTRAL,2021-04-20 01:00:00+00:00,2021-04-22 05:00:00+00:00,108.169,107.85028571428572,-1.0973273154981584,-0.005486636577490793,13,SL,False
GBPCAD,B,short,NEUTRAL,2021-04-20 05:00:00+00:00,2021-04-20 13:00:00+00:00,1.74725,1.7558082142857143,-1.0494282794737515,-0.005247141397368758,2,SL,False
PL,B,short,NEUTRAL,2021-04-20 10:00:00+00:00,2021-04-21 18:00:00+00:00,1205.95,1221.9535714285714,-1.021993489004761,-0.005109967445023805,8,SL,False
CADJPY,B,long,NEUTRAL,2021-04-21 05:00:00+00:00,2021-04-28 05:00:00+00:00,85.911,87.78629000000001,2.9162962151192224,0.014581481075596113,30,TP2,True
AUDJPY,B,long,NEUTRAL,2021-04-21 05:00:00+00:00,2021-04-28 17:00:00+00:00,83.48299999999999,84.65685599999999,2.1335611065608764,0.010667805532804383,33,TP2,True
USDJPY,B,long,NEUTRAL,2021-04-22 09:00:00+00:00,2021-04-23 09:00:00+00:00,108.139,107.67742857142858,-1.0599672411616183,-0.0052998362058080915,6,SL,False
AUDUSD,B,short,NEUTRAL,2021-04-27 01:00:00+00:00,2021-04-28 17:00:00+00:00,0.77896,0.77905,0.9671268033964446,0.004835634016982223,10,BE_STOP,True
DAX,B,long,NEUTRAL,2021-05-06 00:00:00+00:00,2021-05-06 08:00:00+00:00,15163.75,15163.0,0.6480840466926064,0.0032404202334630323,2,BE_STOP,True
EURGBP,B,long,NEUTRAL,2021-05-06 01:00:00+00:00,2021-05-10 05:00:00+00:00,0.8637900000000001,0.86362,1.0367668139708743,0.005183834069854371,13,BE_STOP,True
EURUSD,B,short,NEUTRAL,2021-05-10 17:00:00+00:00,2021-05-18 05:00:00+00:00,1.2127899999999998,1.2194310714285717,-1.0167591822493809,-0.005083795911246905,33,SL,False
GBPCHF,B,short,NEUTRAL,2021-05-12 17:00:00+00:00,2021-05-17 21:00:00+00:00,1.27753,1.2777,0.630704365435992,0.00315352182717996,19,BE_STOP,True
GBPNZD,B,short,NEUTRAL,2021-05-13 13:00:00+00:00,2021-05-19 05:00:00+00:00,1.95373,1.969347857142857,-1.019000835992047,-0.005095004179960235,22,SL,False
USDJPY,B,short,NEUTRAL,2021-05-31 01:00:00+00:00,2021-06-03 13:00:00+00:00,109.661,110.06507142857143,-1.03886016271922,-0.0051943008135961,21,SL,False
GBPCAD,B,short,NEUTRAL,2021-06-07 09:00:00+00:00,2021-06-08 13:00:00+00:00,1.71342,1.71359,0.9633320879751011,0.004816660439875505,7,BE_STOP,True
GBPCAD,B,short,NEUTRAL,2021-06-08 13:00:00+00:00,2021-06-09 05:00:00+00:00,1.7132,1.7165589285714287,-1.1285221637361404,-0.005642610818680702,4,SL,False
NZDUSD,B,long,NEUTRAL,2021-06-09 13:00:00+00:00,2021-06-11 09:00:00+00:00,0.71735,0.71726,0.5456684867363504,0.002728342433681752,11,BE_STOP,True
NZDJPY,B,long,NEUTRAL,2021-06-14 05:00:00+00:00,2021-06-15 13:00:00+00:00,78.285,78.268,0.729020478927414,0.00364510239463707,8,BE_STOP,True
AUDUSD,B,long,NEUTRAL,2021-06-14 13:00:00+00:00,2021-06-15 05:00:00+00:00,0.77098,0.769040357142857,-1.1070137401042803,-0.005535068700521402,4,SL,False
EURCAD,B,short,NEUTRAL,2021-06-16 05:00:00+00:00,2021-06-18 13:00:00+00:00,1.47715,1.47732,0.660983295967618,0.00330491647983809,14,BE_STOP,True
YM,B,long,NEUTRAL,2021-06-17 10:00:00+00:00,2021-06-17 14:00:00+00:00,33797.5,33669.92857142857,-1.0333445892351276,-0.005166722946175638,1,SL,False
CHFJPY,B,long,NEUTRAL,2021-06-22 09:00:00+00:00,2021-06-30 05:00:00+00:00,120.277,119.67764285714286,-1.101035559916587,-0.0055051777995829354,35,SL,False
EURJPY,B,long,NEUTRAL,2021-06-22 09:00:00+00:00,2021-06-29 01:00:00+00:00,131.667,131.65,0.7257838910887052,0.003628919455443526,28,BE_STOP,True
AUDCAD,B,long,NEUTRAL,2021-06-23 09:00:00+00:00,2021-06-29 09:00:00+00:00,0.9303,0.93013,0.7910382256684861,0.003955191128342431,24,BE_STOP,True
EURCHF,B,short,NEUTRAL,2021-07-01 05:00:00+00:00,2021-07-01 09:00:00+00:00,1.09737,1.0986782142857143,-1.2843329275180246,-0.006421664637590124,1,SL,False
GBPNZD,B,short,NEUTRAL,2021-07-12 21:00:00+00:00,2021-07-13 09:00:00+00:00,1.9862,1.9937364285714285,-1.0608256763308452,-0.005304128381654226,3,SL,False
YM,B,short,NEUTRAL,2021-07-14 06:00:00+00:00,2021-07-14 10:00:00+00:00,34743.5,34862.67857142857,-1.0363658391502273,-0.005181829195751136,1,SL,False
YM,B,short,NEUTRAL,2021-07-15 06:00:00+00:00,2021-07-15 18:00:00+00:00,34737.5,34864.96428571428,-1.0339699461298562,-0.0051698497306492805,3,SL,False
YM,B,long,NEUTRAL,2021-07-20 02:00:00+00:00,2021-07-22 06:00:00+00:00,33940.5,34764.291666666664,1.7803977512260227,0.008901988756130115,13,TP2,True
PA,B,long,NEUTRAL,2021-07-20 14:00:00+00:00,2021-08-03 14:00:00+00:00,2638.125,2652.375,0.15262690739662232,0.0007631345369831117,60,TIME,False
EURNZD,B,short,NEUTRAL,2021-07-28 05:00:00+00:00,2021-07-28 13:00:00+00:00,1.70163,1.70452,-1.1500838970588216,-0.005750419485294108,2,SL,False
HG,B,short,NEUTRAL,2021-07-28 10:00:00+00:00,2021-08-11 10:00:00+00:00,4.478750000000001,4.35875,1.1998668590921058,0.005999334295460529,60,TIME,True
EURJPY,B,long,NEUTRAL,2021-08-03 09:00:00+00:00,2021-08-03 13:00:00+00:00,129.617,129.3955,-1.171864938875289,-0.005859324694376445,1,SL,False
CADJPY,B,long,NEUTRAL,2021-08-04 01:00:00+00:00,2021-08-04 09:00:00+00:00,87.095,86.68621428571429,-1.0745134366453855,-0.0053725671832269275,2,SL,False
EURCAD,B,long,NEUTRAL,2021-08-12 05:00:00+00:00,2021-08-12 13:00:00+00:00,1.46968,1.4665003571428572,-1.1248504283849527,-0.005624252141924764,2,SL,False
EURCAD,B,long,NEUTRAL,2021-08-12 13:00:00+00:00,2021-08-19 05:00:00+00:00,1.46991,1.4894288333333334,2.8772429911923973,0.014386214955961986,28,TP2,True
GBPCHF,B,short,NEUTRAL,2021-08-12 17:00:00+00:00,2021-08-16 13:00:00+00:00,1.27502,1.2616433125,2.5774515526984576,0.012887257763492288,11,TP2,True
NKD,B,long,NEUTRAL,2021-08-17 18:00:00+00:00,2021-08-19 06:00:00+00:00,27442.5,27176.785714285714,-1.0375478838174272,-0.005187739419087136,9,SL,False
USDJPY,B,long,NEUTRAL,2021-08-18 01:00:00+00:00,2021-08-19 05:00:00+00:00,109.629,109.62,0.9869588108937217,0.004934794054468609,7,BE_STOP,True
GBPUSD,B,long,NEUTRAL,2021-08-18 05:00:00+00:00,2021-08-19 01:00:00+00:00,1.3758500000000002,1.3712924999999998,-1.063261108002267,-0.005316305540011335,5,SL,False
CADJPY,B,long,NEUTRAL,2021-08-18 13:00:00+00:00,2021-08-19 05:00:00+00:00,87.012,86.64114285714285,-1.0824674041178708,-0.005412337020589354,4,SL,False
NZDCAD,B,long,NEUTRAL,2021-08-18 21:00:00+00:00,2021-08-20 01:00:00+00:00,0.86833,0.8787100833333332,2.426761637348982,0.01213380818674491,7,TP2,True
EURNZD,B,long,NEUTRAL,2021-08-26 09:00:00+00:00,2021-08-27 13:00:00+00:00,1.68801,1.684402142857143,-1.1327342530646214,-0.005663671265323107,7,SL,False
USDCHF,B,short,NEUTRAL,2021-09-08 05:00:00+00:00,2021-09-08 09:00:00+00:00,0.9198,0.9214532142857143,-1.139950102810168,-0.00569975051405084,1,SL,False
CHFJPY,B,long,NEUTRAL,2021-09-09 05:00:00+00:00,2021-09-09 13:00:00+00:00,119.577,119.56,0.403778188736679,0.002018890943683395,2,BE_STOP,True
USDJPY,B,long,NEUTRAL,2021-09-15 21:00:00+00:00,2021-09-20 17:00:00+00:00,109.389,109.38,0.5611842594484319,0.0028059212972421596,17,BE_STOP,True
EURUSD,B,long,NEUTRAL,2021-09-22 17:00:00+00:00,2021-09-27 05:00:00+00:00,1.1688900000000002,1.1688,1.6283212587746396,0.008141606293873197,15,BE_STOP,True
CADJPY,B,short,NEUTRAL,2021-09-29 05:00:00+00:00,2021-09-30 13:00:00+00:00,87.726,88.26160714285713,-1.0468208745954062,-0.005234104372977031,8,SL,False
EURJPY,B,short,NEUTRAL,2021-09-30 05:00:00+00:00,2021-10-01 01:00:00+00:00,129.893,128.702306122449,3.1719515473871063,0.015859757736935532,5,TP2,True
AUDCAD,B,long,NEUTRAL,2021-09-30 13:00:00+00:00,2021-10-08 13:00:00+00:00,0.91531,0.9131446428571429,-1.2997675890460176,-0.006498837945230088,36,SL,False
NZDCAD,B,long,NEUTRAL,2021-09-30 13:00:00+00:00,2021-10-06 05:00:00+00:00,0.87399,0.8720417857142857,-1.2487656316529365,-0.0062438281582646825,22,SL,False
USDCAD,B,long,NEUTRAL,2021-10-05 05:00:00+00:00,2021-10-05 13:00:00+00:00,1.2594200000000002,1.256665357142857,-1.0999454014207675,-0.005499727007103838,2,SL,False
PA,B,short,NEUTRAL,2021-10-11 22:00:00+00:00,2021-10-14 06:00:00+00:00,2101.875,2157.875,-1.0052465324384787,-0.005026232662192394,14,SL,False
RTY,B,short,NEUTRAL,2021-10-19 14:00:00+00:00,2021-10-20 14:00:00+00:00,2277.5499999999997,2292.910714285714,-1.0218401314862702,-0.005109200657431351,6,SL,False
RTY,B,short,NEUTRAL,2021-10-21 06:00:00+00:00,2021-10-21 10:00:00+00:00,2279.5499999999997,2295.0750000000003,-1.0216171707317125,-0.005108085853658563,1,SL,False
CHFJPY,B,short,NEUTRAL,2021-11-02 01:00:00+00:00,2021-11-16 02:00:00+00:00,124.973,123.447,1.8849261645818087,0.009424630822909045,60,TIME,True
NG,B,long,NEUTRAL,2021-11-02 06:00:00+00:00,2021-11-09 11:00:00+00:00,5.3115,5.31,0.9374215240416194,0.004687107620208097,31,BE_STOP,True
GBPUSD,B,long,NEUTRAL,2021-11-03 05:00:00+00:00,2021-11-04 09:00:00+00:00,1.3621500000000002,1.3592217857142856,-1.1094705926765285,-0.005547352963382642,7,SL,False
AUDCHF,B,long,NEUTRAL,2021-11-03 05:00:00+00:00,2021-11-03 13:00:00+00:00,0.67917,0.6773685714285714,-1.1624856917688242,-0.005812428458844121,2,SL,False
AUDNZD,B,long,NEUTRAL,2021-11-30 14:00:00+00:00,2021-12-02 14:00:00+00:00,1.04276,1.0405310714285716,-1.202040228967937,-0.006010201144839685,12,SL,False
EURCAD,B,long,NEUTRAL,2021-12-08 02:00:00+00:00,2021-12-13 14:00:00+00:00,1.4284000000000001,1.4424949999999999,1.667773642291773,0.008338868211458865,21,TP2,True
USDCHF,B,short,NEUTRAL,2022-01-12 02:00:00+00:00,2022-01-12 14:00:00+00:00,0.9232899999999999,0.9178757200000001,1.7029427204528433,0.008514713602264216,3,TP2,True
DAX,B,long,NEUTRAL,2022-01-24 08:00:00+00:00,2022-01-24 12:00:00+00:00,15307.75,15207.142857142857,-1.0197744492131615,-0.0050988722460658074,1,SL,False
NZDCAD,B,long,NEUTRAL,2022-02-01 06:00:00+00:00,2022-02-15 06:00:00+00:00,0.83595,0.84204,2.657919120953643,0.013289595604768214,60,TIME,True
EURGBP,B,short,NEUTRAL,2022-02-03 10:00:00+00:00,2022-02-03 14:00:00+00:00,0.83657,0.8379675000000001,-1.2339061507128246,-0.006169530753564123,1,SL,False
AUDCHF,B,short,NEUTRAL,2022-02-10 02:00:00+00:00,2022-02-10 10:00:00+00:00,0.66293,0.6650289285714286,-1.1362467246806167,-0.0056812336234030834,2,SL,False
NG,B,short,NEUTRAL,2022-02-15 19:00:00+00:00,2022-02-16 03:00:00+00:00,4.3905,4.457285714285714,-1.0283559737417955,-0.005141779868708978,2,SL,False
NZDCAD,B,short,NEUTRAL,2022-02-21 18:00:00+00:00,2022-02-22 10:00:00+00:00,0.85443,0.8586853571428572,-1.070892259812921,-0.005354461299064604,4,SL,False
NZDCAD,B,short,NEUTRAL,2022-02-24 10:00:00+00:00,2022-03-04 02:00:00+00:00,0.85645,0.8633564285714286,-1.0059234651680633,-0.005029617325840317,34,SL,False
AUDJPY,B,short,NEUTRAL,2022-03-01 18:00:00+00:00,2022-03-02 10:00:00+00:00,83.34700000000001,83.80049999999999,-1.0656783046964424,-0.0053283915234822125,4,SL,False
RTY,B,short,NEUTRAL,2022-03-03 07:00:00+00:00,2022-03-06 23:00:00+00:00,2050.65,1979.2854545454543,2.1684203701262867,0.010842101850631433,10,TP2,True
USDJPY,B,short,NEUTRAL,2022-03-03 14:00:00+00:00,2022-03-04 18:00:00+00:00,115.551,114.80581818181818,1.6820084933695123,0.008410042466847562,7,TP2,True
EURJPY,B,short,NEUTRAL,2022-03-21 09:00:00+00:00,2022-03-22 01:00:00+00:00,131.53300000000002,132.20235714285712,-1.0542871652250043,-0.005271435826125021,4,SL,False
NG,B,short,NEUTRAL,2022-03-21 14:00:00+00:00,2022-03-22 10:00:00+00:00,4.8925,5.007535714285714,-1.0166590751808748,-0.005083295375904374,5,SL,False
EURGBP,B,long,NEUTRAL,2022-03-24 09:00:00+00:00,2022-03-28 01:00:00+00:00,0.83234,0.83217,0.6038663367098289,0.0030193316835491445,10,BE_STOP,True
RTY,B,short,NEUTRAL,2022-03-24 10:00:00+00:00,2022-03-24 18:00:00+00:00,2047.95,2071.6035714285717,-1.0133526941194384,-0.0050667634705971925,2,SL,False
ES,B,short,NEUTRAL,2022-03-28 14:00:00+00:00,2022-03-28 18:00:00+00:00,4533.125,4562.0625,-1.025825820568928,-0.0051291291028446396,1,SL,False
PA,B,long,NEUTRAL,2022-03-30 22:00:00+00:00,2022-04-06 14:00:00+00:00,2249.625,2187.6785714285716,-1.0049330791450028,-0.005024665395725015,28,SL,False
GBPNZD,B,short,NEUTRAL,2022-04-14 05:00:00+00:00,2022-04-18 01:00:00+00:00,1.92692,1.9357392857142857,-1.045063698075812,-0.00522531849037906,11,SL,False
SI,B,short,NEUTRAL,2022-04-14 14:00:00+00:00,2022-04-17 22:00:00+00:00,25.717499999999998,26.182499999999997,-1.0554969491525446,-0.005277484745762723,2,SL,False
CADCHF,B,short,NEUTRAL,2022-04-18 01:00:00+00:00,2022-04-18 21:00:00+00:00,0.74696,0.7500353571428571,-1.0945062470805185,-0.0054725312354025925,5,SL,False
NQ,B,long,NEUTRAL,2022-04-25 10:00:00+00:00,2022-04-26 14:00:00+00:00,13250.125,13249.75,0.9959154184397154,0.0049795770921985776,7,BE_STOP,True
AUDUSD,B,long,NEUTRAL,2022-04-25 21:00:00+00:00,2022-04-27 13:00:00+00:00,0.7189,0.7116564285714285,-1.0308441737393956,-0.005154220868696978,10,SL,False
GBPCHF,B,long,NEUTRAL,2022-04-28 05:00:00+00:00,2022-04-28 09:00:00+00:00,1.21797,1.2112392857142857,-1.0519022449646172,-0.005259511224823086,1,SL,False
EURCAD,B,short,NEUTRAL,2022-05-10 13:00:00+00:00,2022-05-12 09:00:00+00:00,1.37408,1.3564597826086957,2.847356481604265,0.014236782408021325,11,TP2,True
EURJPY,B,long,NEUTRAL,2022-05-16 21:00:00+00:00,2022-05-18 13:00:00+00:00,134.99699999999999,134.98,0.6628374107229021,0.003314187053614511,10,BE_STOP,True
DAX,B,short,NEUTRAL,2022-05-31 08:00:00+00:00,2022-06-03 00:00:00+00:00,14451.25,14615.392857142857,-1.0116657486338796,-0.005058328743169398,16,SL,False
NQ,B,short,NEUTRAL,2022-06-01 06:00:00+00:00,2022-06-01 10:00:00+00:00,12628.125,12787.42857142857,-1.0087161797752808,-0.0050435808988764045,1,SL,False
YM,B,short,NEUTRAL,2022-06-01 10:00:00+00:00,2022-06-10 10:00:00+00:00,33055.5,31641.15306122449,3.3858353499186546,0.016929176749593274,42,TP2,True
RTY,B,short,NEUTRAL,2022-06-01 10:00:00+00:00,2022-06-02 14:00:00+00:00,1861.15,1887.0464285714284,-1.0116090664447166,-0.0050580453322235834,7,SL,False
ES,B,short,NEUTRAL,2022-06-01 14:00:00+00:00,2022-06-02 22:00:00+00:00,4100.125,4183.383928571428,-1.0084818614671982,-0.005042409307335991,8,SL,False
EURNZD,B,short,NEUTRAL,2022-06-09 09:00:00+00:00,2022-06-14 05:00:00+00:00,1.66781,1.66798,0.6215860712071981,0.0031079303560359907,17,BE_STOP,True
AUDUSD,B,long,NEUTRAL,2022-06-15 05:00:00+00:00,2022-06-29 05:00:00+00:00,0.6933900000000001,0.68775,-0.7209062128966274,-0.003604531064483137,60,TIME,False
USDCAD,B,short,NEUTRAL,2022-06-15 09:00:00+00:00,2022-06-15 17:00:00+00:00,1.2954299999999999,1.2993392857142858,-1.0710499869085832,-0.0053552499345429164,2,SL,False
USDCAD,B,short,NEUTRAL,2022-06-16 17:00:00+00:00,2022-06-17 09:00:00+00:00,1.2946199999999999,1.2997235714285718,-1.0541025103291324,-0.005270512551645662,4,SL,False
EURCAD,B,short,NEUTRAL,2022-06-20 17:00:00+00:00,2022-06-30 09:00:00+00:00,1.36425,1.3450184897959183,1.9470979501312127,0.009735489750656063,46,TP2,True
USDCAD,B,short,NEUTRAL,2022-07-06 05:00:00+00:00,2022-07-14 09:00:00+00:00,1.3034299999999999,1.3087010714285716,-1.017849628455256,-0.00508924814227628,37,SL,False
AUDJPY,B,long,NEUTRAL,2022-08-03 01:00:00+00:00,2022-08-08 13:00:00+00:00,91.985,94.39715319148937,3.0613665162314567,0.015306832581157283,21,TP2,True
CADJPY,B,long,NEUTRAL,2022-08-04 05:00:00+00:00,2022-08-04 13:00:00+00:00,104.53699999999999,103.57192857142859,-1.03336792887817,-0.005166839644390851,2,SL,False
AUDJPY,B,short,NEUTRAL,2022-08-09 01:00:00+00:00,2022-08-11 21:00:00+00:00,94.141,94.64253571428571,-1.0416475801577272,-0.005208237900788636,17,SL,False
NZDJPY,B,short,NEUTRAL,2022-08-10 09:00:00+00:00,2022-08-11 13:00:00+00:00,84.953,85.54985714285714,-1.041205700911548,-0.005206028504557741,7,SL,False
NZDCAD,B,long,NEUTRAL,2022-08-30 01:00:00+00:00,2022-09-01 13:00:00+00:00,0.7992900000000001,0.79912,0.5380280599368662,0.002690140299684331,15,BE_STOP,True
PL,B,long,NEUTRAL,2022-08-31 02:00:00+00:00,2022-08-31 06:00:00+00:00,840.05,826.1214285714285,-1.0231898485639686,-0.005115949242819843,1,SL,False
EURGBP,B,short,NEUTRAL,2022-08-31 05:00:00+00:00,2022-08-31 13:00:00+00:00,0.85711,0.8616378571428572,-1.0665454122275038,-0.005332727061137519,2,SL,False
AUDCAD,B,long,NEUTRAL,2022-09-06 01:00:00+00:00,2022-09-06 05:00:00+00:00,0.89267,0.889535,-1.0994852613828006,-0.005497426306914003,1,SL,False
NZDJPY,B,long,NEUTRAL,2022-09-21 17:00:00+00:00,2022-09-21 21:00:00+00:00,84.317,84.05828571428573,-1.119167056737581,-0.005595835283687906,1,SL,False
AUDJPY,B,long,NEUTRAL,2022-09-26 13:00:00+00:00,2022-09-28 01:00:00+00:00,93.304,92.83660714285715,-1.0778488367298296,-0.005389244183649148,9,SL,False
SI,B,long,NEUTRAL,2022-10-13 10:00:00+00:00,2022-10-14 14:00:00+00:00,18.6875,18.240357142857142,-1.056506307821701,-0.005282531539108505,7,SL,False
CHFJPY,B,short,NEUTRAL,2022-10-18 09:00:00+00:00,2022-10-21 13:00:00+00:00,149.943,150.40807142857142,-1.0513132918858532,-0.005256566459429266,19,SL,False
CL,B,long,NEUTRAL,2022-10-19 10:00:00+00:00,2022-10-24 06:00:00+00:00,82.955,82.94,0.6916925073746307,0.003458462536873154,17,BE_STOP,True
USDCHF,B,short,NEUTRAL,2022-11-02 17:00:00+00:00,2022-11-03 05:00:00+00:00,1.0031499999999998,1.0062864285714288,-1.0756430011723725,-0.005378215005861863,3,SL,False
CL,B,short,NEUTRAL,2022-11-03 06:00:00+00:00,2022-11-04 02:00:00+00:00,88.495,90.26107142857143,-1.0126091943707938,-0.005063045971853969,5,SL,False
GBPAUD,B,long,NEUTRAL,2022-11-07 02:00:00+00:00,2022-11-14 14:00:00+00:00,1.7636,1.7463607142857143,-1.0390704105117798,-0.005195352052558899,33,SL,False
USDCHF,B,long,NEUTRAL,2022-11-08 10:00:00+00:00,2022-11-08 14:00:00+00:00,0.99051,0.9861982142857143,-1.0541646155147708,-0.0052708230775738545,1,SL,False
EURCAD,B,short,NEUTRAL,2022-11-10 10:00:00+00:00,2022-11-11 06:00:00+00:00,1.35637,1.3615082142857144,-1.07243886420818,-0.005362194321040899,5,SL,False
EURGBP,B,long,NEUTRAL,2022-11-22 06:00:00+00:00,2022-11-22 10:00:00+00:00,0.86599,0.864067857142857,-1.1662185242560033,-0.0058310926212800165,1,SL,False
PA,B,long,NEUTRAL,2022-11-22 07:00:00+00:00,2022-11-22 11:00:00+00:00,1885.625,1851.7857142857142,-1.0081819915254238,-0.005040909957627119,1,SL,False
PA,B,long,NEUTRAL,2022-11-23 03:00:00+00:00,2022-11-25 11:00:00+00:00,1893.125,1841.0,-1.0053163461538464,-0.005026581730769232,14,SL,False
EURGBP,B,long,NEUTRAL,2022-11-23 06:00:00+00:00,2022-11-23 10:00:00+00:00,0.8664000000000001,0.8637860714285714,-1.1191916995469817,-0.005595958497734909,1,SL,False
NQ,B,short,NEUTRAL,2022-12-01 15:00:00+00:00,2022-12-13 11:00:00+00:00,12051.625,12052.0,0.9788951683010334,0.004894475841505167,47,BE_STOP,True
NKD,B,long,NEUTRAL,2022-12-08 11:00:00+00:00,2022-12-13 11:00:00+00:00,27642.5,28216.458333333332,1.875593996586208,0.00937796998293104,18,TP2,True
PA,B,short,NEUTRAL,2022-12-12 07:00:00+00:00,2022-12-13 11:00:00+00:00,1934.375,1972.875,-1.0072899022801303,-0.005036449511400651,7,SL,False
NG,B,short,NEUTRAL,2022-12-12 11:00:00+00:00,2022-12-20 07:00:00+00:00,6.8235,5.72965625,2.4909084139784996,0.012454542069892499,35,TP2,True
PA,B,short,NEUTRAL,2022-12-14 07:00:00+00:00,2022-12-15 15:00:00+00:00,1935.375,1801.603125,3.887647598039217,0.019438237990196085,8,TP2,True
YM,B,long,NEUTRAL,2022-12-20 11:00:00+00:00,2022-12-22 15:00:00+00:00,33001.5,33000.0,0.7270406162419094,0.003635203081209547,13,BE_STOP,True
ES,B,long,NEUTRAL,2022-12-20 15:00:00+00:00,2022-12-22 15:00:00+00:00,3857.125,3797.3125,-1.0115006519453207,-0.005057503259726604,12,SL,False
NQ,B,long,NEUTRAL,2022-12-20 15:00:00+00:00,2022-12-22 15:00:00+00:00,11189.375,11010.5,-1.0071156862745099,-0.005035578431372549,12,SL,False
EURCHF,B,short,NEUTRAL,2022-12-27 22:00:00+00:00,2022-12-30 18:00:00+00:00,0.98895,0.98912,0.5185873106060311,0.0025929365530301556,17,BE_STOP,True
USDCHF,B,long,NEUTRAL,2023-01-02 22:00:00+00:00,2023-01-03 10:00:00+00:00,0.92459,0.9373831304347826,3.0619723358687674,0.015309861679343837,3,TP2,True
CADCHF,B,long,NEUTRAL,2023-01-02 22:00:00+00:00,2023-01-03 10:00:00+00:00,0.67943,0.6890486739130435,3.5792546918937767,0.017896273459468884,3,TP2,True
EURCAD,B,short,NEUTRAL,2023-01-02 22:00:00+00:00,2023-01-04 14:00:00+00:00,1.45071,1.4315927826086956,4.793897057712825,0.023969485288564126,10,TP2,True
HG,B,long,NEUTRAL,2023-01-04 07:00:00+00:00,2023-01-04 11:00:00+00:00,3.7782500000000003,3.7461964285714284,-1.050392208695658,-0.005251961043478291,1,SL,False
AUDCHF,B,short,NEUTRAL,2023-01-05 02:00:00+00:00,2023-01-06 14:00:00+00:00,0.63441,0.6387632142857143,-1.0499179305045692,-0.005249589652522846,9,SL,False
ES,B,short,NEUTRAL,2023-01-12 11:00:00+00:00,2023-01-17 15:00:00+00:00,3969.875,4033.026785714286,-1.0110325814251173,-0.005055162907125587,18,SL,False
CL,B,short,NEUTRAL,2023-01-18 15:00:00+00:00,2023-02-01 15:00:00+00:00,80.135,76.435,1.2144257585721017,0.006072128792860509,60,TIME,False
GBPCAD,B,long,NEUTRAL,2023-01-24 22:00:00+00:00,2023-01-31 18:00:00+00:00,1.64745,1.6401882142857145,-1.0846955934934803,-0.005423477967467402,29,SL,False
CADCHF,B,long,NEUTRAL,2023-02-02 10:00:00+00:00,2023-02-08 14:00:00+00:00,0.6849500000000001,0.68478,0.5366816191903838,0.002683408095951919,25,BE_STOP,True
CHFJPY,B,short,NEUTRAL,2023-02-07 06:00:00+00:00,2023-02-13 06:00:00+00:00,142.303,143.30521428571427,-1.0171763851228843,-0.0050858819256144215,24,SL,False
EURCAD,B,long,NEUTRAL,2023-02-08 14:00:00+00:00,2023-02-10 10:00:00+00:00,1.44108,1.4341996428571429,-1.0628507829048925,-0.005314253914524463,11,SL,False
CADJPY,B,short,NEUTRAL,2023-02-08 22:00:00+00:00,2023-02-10 10:00:00+00:00,97.77900000000001,97.796,0.6416107857791256,0.0032080539288956277,9,BE_STOP,True
EURGBP,B,short,NEUTRAL,2023-02-09 14:00:00+00:00,2023-02-15 10:00:00+00:00,0.88505,0.8891353571428572,-1.036754501505063,-0.005183772507525315,23,SL,False
YM,B,short,NEUTRAL,2023-02-15 07:00:00+00:00,2023-02-15 19:00:00+00:00,34049.5,34186.96428571428,-1.0310666876805892,-0.005155333438402946,3,SL,False
USDCAD,B,short,NEUTRAL,2023-02-20 06:00:00+00:00,2023-02-21 14:00:00+00:00,1.34645,1.351319285714286,-1.051995845165176,-0.00525997922582588,8,SL,False
GBPAUD,B,short,NEUTRAL,2023-02-22 14:00:00+00:00,2023-02-24 14:00:00+00:00,1.76951,1.7781132142857143,-1.0376761919281752,-0.005188380959640876,12,SL,False
YM,B,long,NEUTRAL,2023-02-22 15:00:00+00:00,2023-02-22 19:00:00+00:00,33230.5,33024.42857142857,-1.0203275698324024,-0.0051016378491620116,1,SL,False
YM,B,long,NEUTRAL,2023-02-23 11:00:00+00:00,2023-02-23 15:00:00+00:00,33274.5,33033.03571428572,-1.0173440809644296,-0.005086720404822148,1,SL,False
NZDCHF,B,short,NEUTRAL,2023-03-02 10:00:00+00:00,2023-03-06 14:00:00+00:00,0.58463,0.5768853636363636,1.808325269626118,0.00904162634813059,13,TP2,True
SI,B,long,NEUTRAL,2023-03-02 19:00:00+00:00,2023-03-07 11:00:00+00:00,21.0075,20.645535714285714,-1.0712316465018437,-0.005356158232509218,16,SL,False
EURGBP,B,short,NEUTRAL,2023-03-08 10:00:00+00:00,2023-03-13 17:00:00+00:00,0.89139,0.8806746818181818,3.6525289590426393,0.018262644795213195,20,TP2,True
USDCHF,B,long,NEUTRAL,2023-03-14 01:00:00+00:00,2023-03-15 17:00:00+00:00,0.9143100000000001,0.9297975909090909,1.811447698024475,0.009057238490122375,10,TP2,True
GBPUSD,B,short,NEUTRAL,2023-03-14 13:00:00+00:00,2023-03-17 05:00:00+00:00,1.2153999999999998,1.21549,0.6526618584248522,0.0032633092921242612,16,BE_STOP,True
PA,B,short,NEUTRAL,2023-04-03 02:00:00+00:00,2023-04-03 10:00:00+00:00,1457.375,1484.857142857143,-1.008830966057441,-0.005044154830287206,2,SL,False
CADJPY,B,short,NEUTRAL,2023-04-03 13:00:00+00:00,2023-04-11 17:00:00+00:00,98.653,99.31910714285715,-1.0012500555708328,-0.0050062502778541644,37,SL,False
GBPCHF,B,long,NEUTRAL,2023-04-13 05:00:00+00:00,2023-04-13 09:00:00+00:00,1.11647,1.1130964285714284,-1.101856882943138,-0.00550928441471569,1,SL,False
HG,B,short,NEUTRAL,2023-04-17 02:00:00+00:00,2023-04-21 14:00:00+00:00,4.116750000000001,3.9747740000000005,4.234979735408638,0.02117489867704319,27,TP2,True
AUDUSD,B,short,NEUTRAL,2023-04-19 01:00:00+00:00,2023-04-20 09:00:00+00:00,0.67299,0.675215,-1.0722335362997821,-0.005361167681498911,8,SL,False
HG,B,long,NEUTRAL,2023-04-24 06:00:00+00:00,2023-04-24 14:00:00+00:00,3.99325,3.9494821428571427,-1.0369129609407857,-0.0051845648047039285,2,SL,False
GBPCAD,B,short,NEUTRAL,2023-04-24 09:00:00+00:00,2023-04-24 17:00:00+00:00,1.68545,1.688832142857143,-1.1263838559039316,-0.005631919279519658,2,SL,False
GBPCHF,B,short,NEUTRAL,2023-05-01 05:00:00+00:00,2023-05-05 05:00:00+00:00,1.11949,1.11966,0.7109738186361056,0.0035548690931805284,24,BE_STOP,True
PA,B,long,NEUTRAL,2023-05-03 10:00:00+00:00,2023-05-08 10:00:00+00:00,1430.625,1541.5901162790697,2.6621609381382156,0.013310804690691078,18,TP2,True
USDJPY,B,short,NEUTRAL,2023-05-04 05:00:00+00:00,2023-05-05 09:00:00+00:00,134.591,134.6,0.6044392040475117,0.0030221960202375586,7,BE_STOP,True
DAX,B,short,NEUTRAL,2023-05-09 04:00:00+00:00,2023-05-11 04:00:00+00:00,16015.25,16016.0,0.6154875998377017,0.0030774379991885085,12,BE_STOP,True
AUDUSD,B,short,NEUTRAL,2023-05-09 05:00:00+00:00,2023-05-10 09:00:00+00:00,0.67564,0.6799435714285714,-1.0366884963553231,-0.005183442481776616,7,SL,False
NZDCHF,B,short,NEUTRAL,2023-05-09 05:00:00+00:00,2023-05-10 13:00:00+00:00,0.56465,0.5666075,-1.1113572027972014,-0.005556786013986007,8,SL,False
USDCAD,B,long,NEUTRAL,2023-05-09 09:00:00+00:00,2023-05-10 09:00:00+00:00,1.33979,1.3348974999999998,-1.0640438521603628,-0.005320219260801814,6,SL,False
EURAUD,B,long,NEUTRAL,2023-05-10 17:00:00+00:00,2023-05-19 13:00:00+00:00,1.62039,1.62022,0.7313410508429653,0.0036567052542148264,41,BE_STOP,True
EURNZD,B,long,NEUTRAL,2023-05-11 13:00:00+00:00,2023-05-19 09:00:00+00:00,1.73387,1.7177332142857142,-1.041507527680229,-0.005207537638401145,35,SL,False
PA,B,long,NEUTRAL,2023-05-25 14:00:00+00:00,2023-05-30 10:00:00+00:00,1419.125,1374.732142857143,-1.0053883340056473,-0.005026941670028237,16,SL,False
DAX,B,short,NEUTRAL,2023-05-30 04:00:00+00:00,2023-05-30 08:00:00+00:00,16015.25,16069.07142857143,-1.0382733243606992,-0.005191366621803496,1,SL,False
NZDJPY,B,long,NEUTRAL,2023-06-01 05:00:00+00:00,2023-06-13 05:00:00+00:00,83.985,85.832474,2.1895007652034257,0.010947503826017129,48,TP2,True
AUDCHF,B,short,NEUTRAL,2023-06-05 09:00:00+00:00,2023-06-06 01:00:00+00:00,0.60151,0.6034378571428572,-1.1446143681430239,-0.00572307184071512,4,SL,False
GBPCAD,B,short,NEUTRAL,2023-06-19 05:00:00+00:00,2023-06-22 13:00:00+00:00,1.69117,1.67572644,2.2738718138733676,0.011369359069366838,20,TP2,True
GBPAUD,B,short,NEUTRAL,2023-06-21 09:00:00+00:00,2023-06-23 01:00:00+00:00,1.88419,1.8929017857142858,-1.0449304879374506,-0.005224652439687253,10,SL,False
AUDUSD,B,long,NEUTRAL,2023-06-29 01:00:00+00:00,2023-07-06 13:00:00+00:00,0.66107,0.66098,0.6722979408167896,0.0033614897040839483,33,BE_STOP,True
EURAUD,B,short,NEUTRAL,2023-06-29 09:00:00+00:00,2023-07-13 09:00:00+00:00,1.64581,1.62852,1.8535339847696657,0.009267669923848329,60,TIME,False
YM,B,short,NEUTRAL,2023-07-03 06:00:00+00:00,2023-07-12 10:00:00+00:00,34583.5,34585.0,1.4764093807125758,0.007382046903562879,41,BE_STOP,True
RTY,B,short,NEUTRAL,2023-07-04 14:00:00+00:00,2023-07-06 14:00:00+00:00,1907.45,1836.6539583333333,4.73178125915585,0.023658906295779252,11,TP2,True
NZDCHF,B,short,NEUTRAL,2023-07-05 09:00:00+00:00,2023-07-11 05:00:00+00:00,0.55551,0.5488568749999999,1.9361871589713848,0.009680935794856925,23,TP2,True
CL,B,short,NEUTRAL,2023-07-06 06:00:00+00:00,2023-07-07 10:00:00+00:00,72.115,72.6582142857143,-1.0393196484110887,-0.005196598242055444,7,SL,False
EURUSD,B,short,NEUTRAL,2023-07-10 05:00:00+00:00,2023-07-10 13:00:00+00:00,1.0963899999999998,1.0985946428571431,-1.11514691437262,-0.0055757345718631,2,SL,False
AUDJPY,B,long,NEUTRAL,2023-07-13 01:00:00+00:00,2023-07-27 01:00:00+00:00,94.363,95.34700000000001,1.2991079834727337,0.006495539917363668,60,TIME,False
DAX,B,short,NEUTRAL,2023-07-19 12:00:00+00:00,2023-07-27 08:00:00+00:00,16219.25,16372.67857142857,-1.0134107883040935,-0.005067053941520468,35,SL,False
NZDJPY,B,long,NEUTRAL,2023-08-03 05:00:00+00:00,2023-08-03 13:00:00+00:00,86.699,86.40103571428573,-1.1037066327697869,-0.005518533163848934,2,SL,False
GBPCAD,B,short,NEUTRAL,2023-08-09 09:00:00+00:00,2023-08-15 09:00:00+00:00,1.71127,1.7151839285714285,-1.0559780444529263,-0.005279890222264632,24,SL,False
SI,B,long,NEUTRAL,2023-08-10 06:00:00+00:00,2023-08-13 22:00:00+00:00,22.8875,22.576071428571428,-1.0842111248454915,-0.005421055624227458,10,SL,False
EURGBP,B,short,NEUTRAL,2023-08-30 05:00:00+00:00,2023-09-07 05:00:00+00:00,0.85971,0.85988,0.6942930599771324,0.0034714652998856623,36,BE_STOP,True
NG,B,short,NEUTRAL,2023-08-30 10:00:00+00:00,2023-08-30 18:00:00+00:00,2.7335,2.7760714285714285,-1.0418461217391317,-0.005209230608695659,2,SL,False
DAX,B,long,NEUTRAL,2023-09-06 12:00:00+00:00,2023-09-08 08:00:00+00:00,15756.75,15658.142857142857,-1.0205456642335766,-0.005102728321167883,11,SL,False
NZDUSD,B,long,NEUTRAL,2023-09-07 21:00:00+00:00,2023-09-12 13:00:00+00:00,0.5891700000000001,0.58908,0.5508359130629366,0.002754179565314683,16,BE_STOP,True
GBPJPY,B,long,NEUTRAL,2023-09-12 05:00:00+00:00,2023-09-14 13:00:00+00:00,183.027,183.01,1.460207836443036,0.00730103918221518,14,BE_STOP,True
NZDJPY,B,short,NEUTRAL,2023-09-13 05:00:00+00:00,2023-09-13 13:00:00+00:00,86.98100000000001,87.27328571428572,-1.1059892994291491,-0.005529946497145746,2,SL,False
PL,B,short,NEUTRAL,2023-09-18 14:00:00+00:00,2023-09-19 06:00:00+00:00,937.55,945.0964285714286,-1.0445428879099357,-0.005222714439549679,4,SL,False
PL,B,short,NEUTRAL,2023-09-19 22:00:00+00:00,2023-09-22 10:00:00+00:00,941.05,941.3,0.8385541960784221,0.0041927709803921106,15,BE_STOP,True
NZDCHF,B,long,NEUTRAL,2023-10-24 05:00:00+00:00,2023-10-25 21:00:00+00:00,0.52245,0.519452857142857,-1.1036887822132382,-0.005518443911066191,10,SL,False
USDCHF,B,short,NEUTRAL,2023-11-01 09:00:00+00:00,2023-11-14 14:00:00+00:00,0.90804,0.8906364489795919,2.9971050436447935,0.014985525218223968,55,TP2,True
EURCHF,B,short,NEUTRAL,2023-11-01 13:00:00+00:00,2023-11-02 09:00:00+00:00,0.95885,0.9629921428571429,-1.076593166696638,-0.0053829658334831896,5,SL,False
NZDUSD,B,short,NEUTRAL,2023-11-06 22:00:00+00:00,2023-11-14 18:00:00+00:00,0.59502,0.599475,-1.0053385567010389,-0.005026692783505195,35,SL,False
NQ,B,short,NEUTRAL,2023-11-07 11:00:00+00:00,2023-11-07 15:00:00+00:00,15297.375,15340.848214285714,-1.0370964325668122,-0.005185482162834061,1,SL,False
ES,B,short,NEUTRAL,2023-11-08 15:00:00+00:00,2023-11-10 15:00:00+00:00,4391.625,4415.107142857143,-1.0314331375579593,-0.0051571656877897965,12,SL,False
EURAUD,B,short,NEUTRAL,2023-11-09 06:00:00+00:00,2023-11-09 18:00:00+00:00,1.66973,1.6756032142857142,-1.0707955513808007,-0.005353977756904004,3,SL,False
NQ,B,short,NEUTRAL,2023-11-09 19:00:00+00:00,2023-11-10 15:00:00+00:00,15255.125,15486.705357142857,-1.0069004023942847,-0.005034502011971424,5,SL,False
CADJPY,B,long,NEUTRAL,2023-11-22 02:00:00+00:00,2023-11-24 14:00:00+00:00,108.517,109.79806122448979,1.56096558449868,0.0078048279224934005,15,TP2,True
PL,B,long,NEUTRAL,2023-12-06 07:00:00+00:00,2023-12-06 15:00:00+00:00,908.35,897.5964285714285,-1.0307198367902073,-0.005153599183951037,2,SL,False
AUDCHF,B,short,NEUTRAL,2023-12-21 10:00:00+00:00,2023-12-25 22:00:00+00:00,0.58143,0.5832896428571429,-1.119196905516803,-0.005595984527584015,9,SL,False
AUDCHF,B,long,NEUTRAL,2024-01-02 10:00:00+00:00,2024-01-03 14:00:00+00:00,0.57607,0.5721453571428572,-1.080074140587846,-0.00540037070293923,7,SL,False
DAX,B,long,NEUTRAL,2024-01-04 16:00:00+00:00,2024-01-05 08:00:00+00:00,16727.75,16602.535714285714,-1.0167776642754662,-0.005083888321377331,4,SL,False
NZDJPY,B,short,NEUTRAL,2024-01-09 14:00:00+00:00,2024-01-09 22:00:00+00:00,90.022,90.27149999999999,-1.1273250752688064,-0.0056366253763440325,2,SL,False
EURCAD,B,short,NEUTRAL,2024-01-18 06:00:00+00:00,2024-01-23 06:00:00+00:00,1.46851,1.46868,0.5276861477776429,0.0026384307388882147,18,BE_STOP,True
AUDUSD,B,long,NEUTRAL,2024-01-18 10:00:00+00:00,2024-02-01 02:00:00+00:00,0.65456,0.65447,0.5061622293606914,0.0025308111468034574,58,BE_STOP,True
PL,B,long,NEUTRAL,2024-01-22 15:00:00+00:00,2024-01-25 11:00:00+00:00,902.85,902.6,1.0537073562605552,0.005268536781302776,17,BE_STOP,True
YM,B,short,NEUTRAL,2024-01-23 15:00:00+00:00,2024-01-26 11:00:00+00:00,38070.5,38276.96428571428,-1.0221777173723647,-0.005110888586861824,17,SL,False
DAX,B,short,NEUTRAL,2024-01-25 12:00:00+00:00,2024-01-26 08:00:00+00:00,16991.25,17055.464285714286,-1.0332360157568934,-0.005166180078784467,5,SL,False
EURJPY,B,long,NEUTRAL,2024-02-01 10:00:00+00:00,2024-02-13 14:00:00+00:00,158.617,161.49989795918367,2.4569452910700678,0.012284726455350338,49,TP2,True
NZDUSD,B,long,NEUTRAL,2024-02-05 06:00:00+00:00,2024-02-13 10:00:00+00:00,0.60643,0.60634,0.6408074081508782,0.003204037040754391,37,BE_STOP,True
EURJPY,B,short,NEUTRAL,2024-02-14 06:00:00+00:00,2024-02-16 02:00:00+00:00,161.173,161.7127142857143,-1.0661244984968474,-0.0053306224924842376,11,SL,False
GBPJPY,B,short,NEUTRAL,2024-02-14 22:00:00+00:00,2024-02-16 18:00:00+00:00,188.673,189.53164285714286,-1.0456419485699686,-0.005228209742849843,11,SL,False
EURNZD,B,short,NEUTRAL,2024-02-29 02:00:00+00:00,2024-02-29 06:00:00+00:00,1.77531,1.7822385714285713,-1.0619277911646594,-0.0053096389558232975,1,SL,False
EURNZD,B,short,NEUTRAL,2024-02-29 22:00:00+00:00,2024-03-04 18:00:00+00:00,1.77531,1.7821057142857142,-1.0556231953428212,-0.005278115976714106,11,SL,False
USDCHF,B,short,NEUTRAL,2024-03-19 09:00:00+00:00,2024-03-20 09:00:00+00:00,0.88699,0.8908578571428571,-1.0487521346190294,-0.005243760673095147,6,SL,False
EURCAD,B,short,NEUTRAL,2024-04-09 09:00:00+00:00,2024-04-10 13:00:00+00:00,1.47581,1.469452255319149,2.479154209993739,0.012395771049968696,7,TP2,True
EURCAD,B,short,NEUTRAL,2024-05-01 05:00:00+00:00,2024-05-01 13:00:00+00:00,1.46923,1.47137,-1.1907067005076133,-0.005953533502538066,2,SL,False
GBPAUD,B,short,NEUTRAL,2024-05-01 05:00:00+00:00,2024-05-02 13:00:00+00:00,1.92853,1.9108020625,2.6026710237883672,0.013013355118941836,8,TP2,True
AUDCAD,B,short,NEUTRAL,2024-05-02 13:00:00+00:00,2024-05-02 21:00:00+00:00,0.89746,0.8988375000000001,-1.2448400828157322,-0.006224200414078661,2,SL,False
CADCHF,B,long,NEUTRAL,2024-05-06 13:00:00+00:00,2024-05-08 05:00:00+00:00,0.66332,0.6602139285714286,-1.1065589879576703,-0.005532794939788351,10,SL,False
GBPCHF,B,long,NEUTRAL,2024-05-09 09:00:00+00:00,2024-05-15 21:00:00+00:00,1.13451,1.14580875,2.599714166666782,0.01299857083333391,27,TP2,True
USDCAD,B,long,NEUTRAL,2024-05-16 13:00:00+00:00,2024-05-28 01:00:00+00:00,1.3617500000000002,1.36166,0.8378050775362285,0.004189025387681142,45,BE_STOP,True
USDCHF,B,short,NEUTRAL,2024-05-23 13:00:00+00:00,2024-05-30 09:00:00+00:00,0.91475,0.9059243750000001,3.6868181219999627,0.018434090609999815,29,TP2,True
CADJPY,B,long,NEUTRAL,2024-06-04 21:00:00+00:00,2024-06-18 13:00:00+00:00,113.527,115.148,1.7020919539785435,0.008510459769892717,58,TP2,True
PA,B,long,NEUTRAL,2024-06-05 22:00:00+00:00,2024-06-07 06:00:00+00:00,945.625,922.4107142857143,-1.0086901778808972,-0.005043450889404486,8,SL,False
EURCAD,B,long,NEUTRAL,2024-06-18 05:00:00+00:00,2024-06-20 05:00:00+00:00,1.47427,1.471159642857143,-1.1620203862504639,-0.00581010193125232,12,SL,False
CADJPY,B,short,NEUTRAL,2024-06-19 05:00:00+00:00,2024-06-19 13:00:00+00:00,115.033,115.26164285714285,-1.1564173742828086,-0.005782086871414043,2,SL,False
AUDUSD,B,short,NEUTRAL,2024-06-20 01:00:00+00:00,2024-06-26 05:00:00+00:00,0.66703,0.6685082142857143,-1.045658801132005,-0.005228294005660025,25,SL,False
NQ,B,short,NEUTRAL,2024-07-04 14:00:00+00:00,2024-07-05 06:00:00+00:00,20380.875,20446.14285714286,-1.030904325811777,-0.005154521629058884,3,SL,False
HG,B,short,NEUTRAL,2024-07-10 06:00:00+00:00,2024-07-10 10:00:00+00:00,4.56475,4.6080178571428565,-1.0384403229919197,-0.0051922016149595985,1,SL,False
EURAUD,B,long,NEUTRAL,2024-07-11 09:00:00+00:00,2024-07-22 01:00:00+00:00,1.60353,1.6306708666666667,7.236104874428619,0.0361805243721431,40,TP2,True
GBPAUD,B,short,NEUTRAL,2024-07-17 05:00:00+00:00,2024-07-17 13:00:00+00:00,1.92925,1.9346375,-1.0843497843794911,-0.005421748921897456,2,SL,False
GBPAUD,B,short,NEUTRAL,2024-07-18 13:00:00+00:00,2024-07-18 21:00:00+00:00,1.9285,1.933532857142857,-1.0904797297297362,-0.005452398648648681,2,SL,False
PL,B,long,NEUTRAL,2024-07-24 06:00:00+00:00,2024-07-25 02:00:00+00:00,967.75,947.1750000000001,-1.016109225092251,-0.005080546125461255,5,SL,False
NQ,B,long,NEUTRAL,2024-07-25 14:00:00+00:00,2024-07-30 18:00:00+00:00,19289.875,18795.95535714286,-1.0038865582430305,-0.005019432791215152,19,SL,False
CADJPY,B,long,NEUTRAL,2024-08-01 13:00:00+00:00,2024-08-01 21:00:00+00:00,108.207,107.53478571428573,-1.049066359969471,-0.005245331799847355,2,SL,False
YM,B,short,NEUTRAL,2024-08-19 06:00:00+00:00,2024-08-19 10:00:00+00:00,40807.5,40936.32142857143,-1.0374218232819077,-0.005187109116409539,1,SL,False
ES,B,short,NEUTRAL,2024-08-20 14:00:00+00:00,2024-08-21 14:00:00+00:00,5617.375,5654.330357142857,-1.022536412008787,-0.005112682060043935,6,SL,False
NZDUSD,B,short,NEUTRAL,2024-08-21 05:00:00+00:00,2024-08-21 17:00:00+00:00,0.61375,0.6173985714285715,-1.0494369731031814,-0.005247184865515907,3,SL,False
ES,B,short,NEUTRAL,2024-08-21 14:00:00+00:00,2024-08-22 10:00:00+00:00,5637.125,5664.964285714285,-1.0300743302990902,-0.005150371651495451,5,SL,False
NZDUSD,B,short,NEUTRAL,2024-08-22 13:00:00+00:00,2024-08-23 13:00:00+00:00,0.61373,0.6180085714285715,-1.034838178717607,-0.0051741908935880356,6,SL,False
YM,B,short,NEUTRAL,2024-08-22 14:00:00+00:00,2024-08-23 14:00:00+00:00,40697.5,41222.607142857145,-1.0090827637951028,-0.005045413818975514,6,SL,False
HG,B,short,NEUTRAL,2024-09-16 02:00:00+00:00,2024-09-16 10:00:00+00:00,4.225750000000001,4.2469464285714285,-1.0796162578334718,-0.005398081289167359,2,SL,False
EURCAD,B,short,NEUTRAL,2024-09-17 05:00:00+00:00,2024-09-17 09:00:00+00:00,1.51367,1.5151878571428572,-1.283348871224172,-0.0064167443561208605,1,SL,False
EURCAD,B,long,NEUTRAL,2024-09-26 09:00:00+00:00,2024-09-30 09:00:00+00:00,1.50143,1.5139913749999998,2.8301604860018887,0.014150802430009444,12,TP2,True
EURUSD,B,long,NEUTRAL,2024-10-02 05:00:00+00:00,2024-10-02 13:00:00+00:00,1.1073300000000001,1.1037560714285712,-1.0703304315735898,-0.005351652157867949,2,SL,False
NZDUSD,B,long,NEUTRAL,2024-10-08 21:00:00+00:00,2024-10-09 01:00:00+00:00,0.61361,0.6097589285714285,-1.0467700237394455,-0.005233850118697227,1,SL,False
NQ,B,short,NEUTRAL,2024-10-10 10:00:00+00:00,2024-10-14 10:00:00+00:00,20357.125,20524.133928571428,-1.012023781814285,-0.005060118909071425,12,SL,False
ES,B,short,NEUTRAL,2024-10-10 10:00:00+00:00,2024-10-11 14:00:00+00:00,5820.875,5853.348214285715,-1.0261905535465923,-0.005130952767732962,7,SL,False
YM,B,short,NEUTRAL,2024-10-10 18:00:00+00:00,2024-10-11 10:00:00+00:00,42748.5,42925.0,-1.0281136000000002,-0.005140568000000001,4,SL,False
AUDCAD,B,short,NEUTRAL,2024-10-14 13:00:00+00:00,2024-10-21 01:00:00+00:00,0.92743,0.9276,0.6886330112747903,0.0034431650563739513,27,BE_STOP,True
CL,B,long,NEUTRAL,2024-10-29 10:00:00+00:00,2024-11-01 06:00:00+00:00,67.625,71.11670212765956,2.978571837495098,0.01489285918747549,17,TP2,True
DAX,B,long,NEUTRAL,2024-11-05 12:00:00+00:00,2024-11-06 12:00:00+00:00,19329.75,19329.0,0.6713524046692664,0.003356762023346332,6,BE_STOP,True
SI,B,long,NEUTRAL,2024-11-12 19:00:00+00:00,2024-11-13 23:00:00+00:00,30.8475,30.17,-1.0381187786259556,-0.005190593893129778,7,SL,False
SI,B,long,NEUTRAL,2024-11-14 19:00:00+00:00,2024-11-28 19:00:00+00:00,30.5575,30.6575,0.10934952762209521,0.000546747638110476,60,TIME,False
GBPJPY,B,long,NEUTRAL,2024-11-27 22:00:00+00:00,2024-11-28 22:00:00+00:00,191.917,190.46085714285712,-1.0339565872543144,-0.005169782936271572,6,SL,False
USDCHF,B,short,NEUTRAL,2024-12-16 02:00:00+00:00,2024-12-17 02:00:00+00:00,0.89044,0.8951632142857143,-1.0398560456332457,-0.005199280228166229,6,SL,False
USDCHF,B,short,NEUTRAL,2024-12-17 14:00:00+00:00,2024-12-18 18:00:00+00:00,0.89191,0.8987382142857143,-1.027435666507664,-0.005137178332538321,7,SL,False
SI,B,long,NEUTRAL,2024-12-23 03:00:00+00:00,2024-12-30 07:00:00+00:00,30.2725,29.837142857142855,-1.060364221453289,-0.005301821107266445,24,SL,False
GBPJPY,B,long,NEUTRAL,2025-01-13 18:00:00+00:00,2025-01-16 22:00:00+00:00,192.197,189.6705,-1.0234738314405243,-0.005117369157202622,19,SL,False
AUDJPY,B,long,NEUTRAL,2025-01-15 22:00:00+00:00,2025-01-16 14:00:00+00:00,96.829,96.49885714285715,-1.0975786587591132,-0.005487893293795566,4,SL,False
HG,B,short,NEUTRAL,2025-02-05 11:00:00+00:00,2025-02-05 15:00:00+00:00,4.38025,4.424803571428571,-1.0369581525773142,-0.005184790762886571,1,SL,False
GBPJPY,B,long,NEUTRAL,2025-02-05 14:00:00+00:00,2025-02-06 06:00:00+00:00,190.517,189.78371428571427,-1.0609706142800086,-0.005304853071400043,4,SL,False
NQ,B,long,NEUTRAL,2025-02-26 15:00:00+00:00,2025-02-27 11:00:00+00:00,21102.375,21102.0,0.835566961628018,0.0041778348081400905,5,BE_STOP,True
DAX,B,short,NEUTRAL,2025-03-04 04:00:00+00:00,2025-03-05 08:00:00+00:00,22953.25,22954.0,0.8220008452785472,0.004110004226392737,7,BE_STOP,True
NG,B,short,NEUTRAL,2025-03-06 11:00:00+00:00,2025-03-09 22:00:00+00:00,4.3245,4.538285714285714,-1.0086956393001347,-0.005043478196500674,9,SL,False
PL,B,long,NEUTRAL,2025-03-26 22:00:00+00:00,2025-04-03 02:00:00+00:00,982.05,981.8,0.7843365575955049,0.0039216827879775245,31,BE_STOP,True
DAX,B,long,NEUTRAL,2025-04-01 08:00:00+00:00,2025-04-02 12:00:00+00:00,22626.75,22354.85714285714,-1.0094420337197048,-0.005047210168598524,7,SL,False
RTY,B,long,NEUTRAL,2025-04-01 14:00:00+00:00,2025-04-02 18:00:00+00:00,2021.4499999999998,1987.557142857143,-1.009237984758675,-0.005046189923793375,7,SL,False
NG,B,long,NEUTRAL,2025-05-20 06:00:00+00:00,2025-06-03 06:00:00+00:00,3.1655,3.7095,3.7683204579616416,0.018841602289808208,60,TIME,True
NZDUSD,B,short,NEUTRAL,2025-05-26 17:00:00+00:00,2025-06-02 01:00:00+00:00,0.59993,0.60002,0.8823131273222116,0.004411565636611058,26,BE_STOP,True
USDCAD,B,long,NEUTRAL,2025-05-27 13:00:00+00:00,2025-05-30 13:00:00+00:00,1.37783,1.37774,0.5921067775304927,0.0029605338876524633,18,BE_STOP,True
USDCAD,B,long,NEUTRAL,2025-06-02 21:00:00+00:00,2025-06-04 13:00:00+00:00,1.3721100000000002,1.3674074999999999,-1.067662959349623,-0.005338314796748115,10,SL,False
CL,B,short,NEUTRAL,2025-06-03 10:00:00+00:00,2025-06-04 14:00:00+00:00,63.075,63.925357142857145,-1.0239969217614373,-0.005119984608807186,7,SL,False
YM,B,short,NEUTRAL,2025-06-04 10:00:00+00:00,2025-06-05 14:00:00+00:00,42639.5,42641.0,1.0606724693042409,0.005303362346521205,7,BE_STOP,True
NQ,B,short,NEUTRAL,2025-06-05 10:00:00+00:00,2025-06-09 22:00:00+00:00,21723.375,21950.35714285714,-1.0093239338061466,-0.005046619669030733,15,SL,False
EURNZD,B,short,NEUTRAL,2025-06-18 21:00:00+00:00,2025-06-19 01:00:00+00:00,1.90741,1.9122060714285714,-1.0944726874083257,-0.005472363437041629,1,SL,False
CADCHF,B,long,NEUTRAL,2025-06-19 05:00:00+00:00,2025-06-22 21:00:00+00:00,0.59553,0.5942478571428571,-1.2727834810533014,-0.006363917405266507,10,SL,False
NZDCAD,B,short,NEUTRAL,2025-06-24 21:00:00+00:00,2025-06-25 01:00:00+00:00,0.82585,0.8283625,-1.1219291355389542,-0.005609645677694771,1,SL,False
EURGBP,B,short,NEUTRAL,2025-07-01 05:00:00+00:00,2025-07-01 13:00:00+00:00,0.85687,0.8597389285714285,-1.1074358925499577,-0.005537179462749789,2,SL,False
NZDUSD,B,long,NEUTRAL,2025-07-10 09:00:00+00:00,2025-07-10 21:00:00+00:00,0.60085,0.60076,0.6858325878979451,0.0034291629394897255,3,BE_STOP,True
GBPUSD,B,long,NEUTRAL,2025-07-15 05:00:00+00:00,2025-07-15 13:00:00+00:00,1.3447700000000002,1.3405310714285712,-1.0670697977102819,-0.005335348988551409,2,SL,False
GBPCAD,B,long,NEUTRAL,2025-07-16 05:00:00+00:00,2025-07-28 17:00:00+00:00,1.8374,1.8339017857142856,-1.248552505633653,-0.006242762528168265,51,SL,False
GBPUSD,B,long,NEUTRAL,2025-07-17 21:00:00+00:00,2025-07-25 09:00:00+00:00,1.3432700000000002,1.34318,0.885054668249367,0.004425273341246835,33,BE_STOP,True
PA,B,long,NEUTRAL,2025-08-04 06:00:00+00:00,2025-08-04 10:00:00+00:00,1210.125,1188.9107142857142,-1.01051766299746,-0.0050525883149872995,1,SL,False
PA,B,long,NEUTRAL,2025-08-04 14:00:00+00:00,2025-08-06 10:00:00+00:00,1205.125,1171.9642857142858,-1.0067021405405405,-0.005033510702702703,11,SL,False
CADJPY,B,long,NEUTRAL,2025-08-05 05:00:00+00:00,2025-08-13 13:00:00+00:00,106.917,106.9,0.6354156497879724,0.003177078248939862,38,BE_STOP,True
AUDJPY,B,long,NEUTRAL,2025-08-06 01:00:00+00:00,2025-08-14 05:00:00+00:00,95.695,95.678,1.086985394281572,0.00543492697140786,37,BE_STOP,True
DAX,B,long,NEUTRAL,2025-08-07 00:00:00+00:00,2025-08-12 08:00:00+00:00,24028.75,24028.0,1.2540584588292643,0.006270292294146321,20,BE_STOP,True
RTY,B,long,NEUTRAL,2025-08-07 02:00:00+00:00,2025-08-07 14:00:00+00:00,2230.75,2230.6,0.8231514960629658,0.004115757480314829,3,BE_STOP,True
AUDCAD,B,short,NEUTRAL,2025-08-12 01:00:00+00:00,2025-08-12 13:00:00+00:00,0.89721,0.8996457142857143,-1.1304707313997475,-0.005652353656998738,3,SL,False
AUDCAD,B,short,NEUTRAL,2025-08-26 01:00:00+00:00,2025-09-01 05:00:00+00:00,0.89753,0.9004557142857144,-1.0347112182477978,-0.005173556091238989,25,SL,False
USDCAD,B,long,NEUTRAL,2025-09-01 05:00:00+00:00,2025-09-04 13:00:00+00:00,1.3740800000000002,1.383506723404255,3.2513629684319145,0.016256814842159573,20,TP2,True
PA,B,short,NEUTRAL,2025-09-02 02:00:00+00:00,2025-09-02 22:00:00+00:00,1161.875,1162.0,0.7513755530524896,0.003756877765262448,5,BE_STOP,True
NKD,B,short,NEUTRAL,2025-09-08 22:00:00+00:00,2025-09-11 06:00:00+00:00,43752.5,44351.78571428572,-1.0185881472540737,-0.005092940736270368,14,SL,False
EURUSD,B,short,NEUTRAL,2025-09-10 05:00:00+00:00,2025-09-11 13:00:00+00:00,1.1699099999999998,1.1732882142857144,-1.06805742587166,-0.0053402871293583,8,SL,False
CADJPY,B,long,NEUTRAL,2025-09-10 05:00:00+00:00,2025-09-16 13:00:00+00:00,106.517,106.5,0.5531385613540347,0.002765692806770174,26,BE_STOP,True
CL,B,short,NEUTRAL,2025-09-17 10:00:00+00:00,2025-09-22 10:00:00+00:00,64.375,61.780191489361705,3.8034346249352784,0.019017173124676393,18,TP2,True
NZDUSD,B,long,NEUTRAL,2025-09-22 13:00:00+00:00,2025-09-24 09:00:00+00:00,0.58643,0.5833607142857142,-1.0678351186765873,-0.005339175593382936,11,SL,False
NZDCAD,B,long,NEUTRAL,2025-09-22 17:00:00+00:00,2025-09-24 13:00:00+00:00,0.81107,0.8070474999999999,-1.0865800908500973,-0.005432900454250487,11,SL,False
CL,B,short,NEUTRAL,2025-09-25 06:00:00+00:00,2025-09-25 18:00:00+00:00,64.575,65.19857142857144,-1.0331366197183103,-0.0051656830985915515,3,SL,False
NZDJPY,B,long,NEUTRAL,2025-09-30 01:00:00+00:00,2025-09-30 09:00:00+00:00,85.96499999999999,85.69171428571428,-1.1132919175027731,-0.005566459587513866,2,SL,False
AUDCAD,B,short,NEUTRAL,2025-10-01 01:00:00+00:00,2025-10-01 17:00:00+00:00,0.91859,0.9227810714285715,-1.0742594617639227,-0.005371297308819614,4,SL,False
CHFJPY,B,long,NEUTRAL,2025-10-02 01:00:00+00:00,2025-10-06 01:00:00+00:00,184.74699999999999,186.83091666666667,2.812346094116917,0.014061730470584587,12,TP2,True
AUDJPY,B,long,NEUTRAL,2025-10-02 05:00:00+00:00,2025-10-02 09:00:00+00:00,97.203,96.97442857142858,-1.1446718028359002,-0.005723359014179501,1,SL,False
AUDCAD,B,short,NEUTRAL,2025-10-02 09:00:00+00:00,2025-10-06 13:00:00+00:00,0.92041,0.9242732142857143,-1.0538439918769946,-0.005269219959384973,13,SL,False
USDCHF,B,long,NEUTRAL,2025-10-20 05:00:00+00:00,2025-10-28 13:00:00+00:00,0.79259,0.7925,0.9671359282841518,0.004835679641420759,38,BE_STOP,True
EURAUD,B,long,NEUTRAL,2025-10-28 01:00:00+00:00,2025-10-28 13:00:00+00:00,1.7776,1.7728407142857143,-1.0912699766536968,-0.0054563498832684845,3,SL,False
AUDCAD,B,short,NEUTRAL,2025-10-29 13:00:00+00:00,2025-11-05 14:00:00+00:00,0.91877,0.91894,0.8505442638740375,0.0042527213193701875,30,BE_STOP,True
NZDUSD,B,long,NEUTRAL,2025-11-03 06:00:00+00:00,2025-11-03 14:00:00+00:00,0.57175,0.5703396428571429,-1.1287871246957342,-0.005643935623478671,2,SL,False
GBPNZD,B,short,NEUTRAL,2025-11-10 02:00:00+00:00,2025-11-19 02:00:00+00:00,2.33383,2.334,0.8818259903381332,0.004409129951690667,42,BE_STOP,True
EURCHF,B,long,NEUTRAL,2025-11-13 06:00:00+00:00,2025-11-13 14:00:00+00:00,0.92426,0.9227175000000001,-1.218139453551933,-0.006090697267759665,2,SL,False
AUDUSD,B,short,NEUTRAL,2025-11-13 14:00:00+00:00,2025-11-18 02:00:00+00:00,0.65482,0.6468628,1.6314162188705805,0.008157081094352902,15,TP2,True
ES,B,long,NEUTRAL,2025-11-19 15:00:00+00:00,2025-11-20 15:00:00+00:00,6661.125,6660.75,0.8437988534342816,0.0042189942671714085,6,BE_STOP,True
CADCHF,B,short,NEUTRAL,2025-11-20 10:00:00+00:00,2025-11-21 14:00:00+00:00,0.5739,0.57407,0.328000339078761,0.0016400016953938051,7,BE_STOP,True
AUDCHF,B,short,NEUTRAL,2025-12-01 10:00:00+00:00,2025-12-02 02:00:00+00:00,0.52513,0.5273242857142857,-1.1202983345095296,-0.005601491672547649,4,SL,False
YM,B,short,NEUTRAL,2025-12-01 15:00:00+00:00,2025-12-03 15:00:00+00:00,47581.5,47796.142857142855,-1.02489654155496,-0.0051244827077748,12,SL,False
GBPAUD,B,long,NEUTRAL,2025-12-02 22:00:00+00:00,2025-12-05 14:00:00+00:00,2.01203,2.007165714285714,-1.1175225015216537,-0.005587612507608268,16,SL,False
DAX,B,short,NEUTRAL,2025-12-10 00:00:00+00:00,2025-12-10 20:00:00+00:00,24137.25,24226.178571428572,-1.0304039854191978,-0.005152019927095989,5,SL,False
NQ,B,short,NEUTRAL,2025-12-22 15:00:00+00:00,2025-12-24 15:00:00+00:00,25689.125,25860.571428571428,-1.0142053528183717,-0.0050710267640918585,12,SL,False
USDCAD,B,long,NEUTRAL,2026-01-26 10:00:00+00:00,2026-01-27 10:00:00+00:00,1.37043,1.3657260714285713,-1.0675910333617462,-0.005337955166808731,6,SL,False
CADJPY,B,long,NEUTRAL,2026-01-26 22:00:00+00:00,2026-01-27 06:00:00+00:00,112.53699999999999,111.88514285714287,-1.0515945679567902,-0.005257972839783951,2,SL,False
CADJPY,B,long,NEUTRAL,2026-01-28 06:00:00+00:00,2026-02-04 02:00:00+00:00,112.607,114.591,2.1371422331332885,0.010685711165666443,29,TP2,True
PL,B,long,NEUTRAL,2026-02-03 15:00:00+00:00,2026-02-04 23:00:00+00:00,2191.05,2118.7464285714286,-1.005902330607187,-0.005029511653035936,8,SL,False
CADJPY,B,short,NEUTRAL,2026-02-04 14:00:00+00:00,2026-02-06 10:00:00+00:00,114.583,114.98271428571428,-1.073270377006335,-0.005366351885031675,11,SL,False
ES,B,short,NEUTRAL,2026-02-10 11:00:00+00:00,2026-02-11 11:00:00+00:00,6997.625,6998.0,0.7997058439716144,0.003998529219858072,6,BE_STOP,True
RTY,B,short,NEUTRAL,2026-02-10 11:00:00+00:00,2026-02-11 11:00:00+00:00,2697.5499999999997,2714.9428571428575,-1.0212148135874115,-0.005106074067937057,6,SL,False
EURJPY,B,short,NEUTRAL,2026-02-25 22:00:00+00:00,2026-02-27 18:00:00+00:00,184.293,184.447,-0.2345647733154418,-0.001172823866577209,11,EOS,False
