instrument,model,side,bias,entry_ts,exit_ts,entry,exit,r,pnl_pct,bars,reason,partial_tp1
ES,D,long,BULL_STRONG,2013-02-04 07:00:00+00:00,2013-02-04 15:00:00+00:00,1504.625,1494.7146875000003,-1.0519511028086406,-0.005259755514043203,2,SL,False
GBPCAD,D,short,BEAR_STRONG,2013-02-05 06:00:00+00:00,2013-02-05 22:00:00+00:00,1.57509,1.5587373821428572,1.672836404544299,0.008364182022721494,4,TP2,True
GBPUSD,D,short,BEAR_STRONG,2013-02-06 06:00:00+00:00,2013-02-07 10:00:00+00:00,1.5660899999999998,1.5734797875,-1.0382548944061925,-0.005191274472030962,7,SL,False
EURCHF,D,short,BEAR_STRONG,2013-02-06 14:00:00+00:00,2013-02-13 06:00:00+00:00,1.22947,1.2362950583333332,-1.0213560562329167,-0.005106780281164584,28,SL,False
ES,D,long,BULL_STRONG,2013-02-06 15:00:00+00:00,2013-02-07 15:00:00+00:00,1502.875,1494.7146875000003,-1.0636108056035027,-0.005318054028017514,6,SL,False
YM,D,long,BULL_STRONG,2013-02-06 15:00:00+00:00,2013-02-07 15:00:00+00:00,13893.5,13816.59375,-1.0346321425611271,-0.005173160712805636,6,SL,False
ES,D,long,BULL_STRONG,2013-02-11 07:00:00+00:00,2013-02-21 03:00:00+00:00,1516.125,1505.8006249999999,-1.0498815252214329,-0.005249407626107165,46,SL,False
AUDNZD,D,short,BEAR_STRONG,2013-02-11 18:00:00+00:00,2013-02-14 22:00:00+00:00,1.227605,1.2163350950892855,1.645844253697605,0.008229221268488025,19,TP2,True
GBPUSD,D,short,BEAR_STRONG,2013-02-12 10:00:00+00:00,2013-02-12 14:00:00+00:00,1.5583399999999998,1.5658817,-1.0413553417341201,-0.005206776708670601,1,SL,False
YM,D,long,BULL_STRONG,2013-02-13 11:00:00+00:00,2013-02-13 19:00:00+00:00,13987.5,13922.937499999998,-1.0415302279484626,-0.005207651139742313,2,SL,False
GBPUSD,D,short,BEAR_STRONG,2013-02-13 14:00:00+00:00,2013-02-20 10:00:00+00:00,1.55588,1.5361513785714291,1.7194590750613084,0.008597295375306542,29,TP2,True
NZDJPY,D,long,BULL_STRONG,2013-02-13 22:00:00+00:00,2013-02-20 02:00:00+00:00,79.2545,78.33198229166665,-1.0531139585205,-0.0052655697926025005,25,SL,False
GBPCAD,D,short,BEAR_STRONG,2013-02-13 22:00:00+00:00,2013-02-15 14:00:00+00:00,1.555665,1.5607597187499997,-1.0685913484907186,-0.005342956742453593,10,SL,False
YM,D,long,BULL_STRONG,2013-02-13 23:00:00+00:00,2013-02-14 07:00:00+00:00,13959.5,13922.937499999998,-1.074631301247768,-0.0053731565062388395,2,SL,False
USDJPY,D,long,BULL_STRONG,2013-02-18 02:00:00+00:00,2013-02-20 02:00:00+00:00,93.9345,93.25618583333333,-1.0420592173331662,-0.005210296086665831,12,SL,False
AUDJPY,D,long,BULL_STRONG,2013-02-18 22:00:00+00:00,2013-02-20 18:00:00+00:00,96.8745,96.09478000000001,-1.0466257997692423,-0.0052331289988462116,11,SL,False
EURCHF,D,short,BEAR_STRONG,2013-02-25 06:00:00+00:00,2013-03-01 14:00:00+00:00,1.227265,1.227435,0.6806727221610925,0.0034033636108054626,26,BE_STOP,True
EURCAD,D,long,BULL_STRONG,2013-02-25 14:00:00+00:00,2013-02-25 18:00:00+00:00,1.353065,1.3490271875000002,-1.092928263714961,-0.0054646413185748055,1,SL,False
AUDCAD,D,long,BULL_STRONG,2013-02-25 18:00:00+00:00,2013-02-27 06:00:00+00:00,1.05284,1.0462901791666666,-1.0575874479233673,-0.005287937239616837,9,SL,False
CADCHF,D,short,BEAR_STRONG,2013-02-26 02:00:00+00:00,2013-03-01 10:00:00+00:00,0.907195,0.91324086875,-1.025018819557534,-0.0051250940977876705,20,SL,False
AUDCHF,D,short,BEAR_STRONG,2013-02-27 10:00:00+00:00,2013-02-27 18:00:00+00:00,0.94896,0.9527165937500001,-1.0844406757804674,-0.005422203378902337,2,SL,False
YM,D,long,BULL_STRONG,2013-02-27 19:00:00+00:00,2013-03-01 11:00:00+00:00,14067.5,13927.142241379312,-1.0189071178022662,-0.005094535589011331,10,SL,False
NZDUSD,D,short,BEAR_STRONG,2013-02-28 10:00:00+00:00,2013-03-14 09:00:00+00:00,0.82973,0.8183050000000001,1.516929436589497,0.007584647182947485,60,TIME,True
AUDUSD,D,short,BEAR_STRONG,2013-02-28 10:00:00+00:00,2013-03-04 06:00:00+00:00,1.02487,1.0118363013392855,1.7276496474288447,0.008638248237144224,11,TP2,True
USDCAD,D,long,BULL_STRONG,2013-03-04 02:00:00+00:00,2013-03-04 22:00:00+00:00,1.0301600000000002,1.02606890625,-1.0585395930800516,-0.005292697965400258,5,SL,False
YM,D,long,BULL_STRONG,2013-03-04 23:00:00+00:00,2013-03-07 15:00:00+00:00,14120.5,14334.812946428572,1.7095901232112862,0.008547950616056432,16,TP2,True
EURAUD,D,short,BEAR_STRONG,2013-03-05 14:00:00+00:00,2013-03-08 02:00:00+00:00,1.2721,1.2783972229166667,-1.0404904478544696,-0.005202452239272348,15,SL,False
AUDCAD,D,long,BULL_STRONG,2013-03-06 02:00:00+00:00,2013-03-08 10:00:00+00:00,1.05535,1.05518,0.576729364588689,0.002883646822943445,14,BE_STOP,True
USDCAD,D,long,BULL_STRONG,2013-03-07 22:00:00+00:00,2013-03-08 10:00:00+00:00,1.0302600000000002,1.02606890625,-1.0571155926391926,-0.005285577963195964,3,SL,False
EURAUD,D,short,BEAR_STRONG,2013-03-12 09:00:00+00:00,2013-03-14 13:00:00+00:00,1.26244,1.2476587874999998,1.6635247498352368,0.008317623749176184,13,TP2,True
EURUSD,D,short,BEAR_STRONG,2013-03-13 13:00:00+00:00,2013-03-14 17:00:00+00:00,1.2956249999999998,1.3026997979166666,-1.0345589812160727,-0.005172794906080364,7,SL,False
GBPUSD,D,short,BEAR_STRONG,2013-03-13 21:00:00+00:00,2013-03-14 13:00:00+00:00,1.4947099999999998,1.5025300729166666,-1.0387136581021008,-0.0051935682905105045,4,SL,False
EURCAD,D,short,BEAR_STRONG,2013-03-18 05:00:00+00:00,2013-03-22 09:00:00+00:00,1.32632,1.32649,0.683835514232324,0.0034191775711616204,25,BE_STOP,True
EURUSD,D,short,BEAR_STRONG,2013-03-18 05:00:00+00:00,2013-03-20 13:00:00+00:00,1.296525,1.296615,0.7046585862300649,0.0035232929311503247,14,BE_STOP,True
ES,D,long,BULL_STRONG,2013-03-25 02:00:00+00:00,2013-03-25 14:00:00+00:00,1558.875,1546.8682291666669,-1.0429607844893216,-0.005214803922446608,3,SL,False
NQ,D,long,BULL_STRONG,2013-03-25 10:00:00+00:00,2013-03-25 14:00:00+00:00,2806.625,2785.0996874999996,-1.0283461532778766,-0.005141730766389383,1,SL,False
YM,D,long,BULL_STRONG,2013-03-25 10:00:00+00:00,2013-03-25 14:00:00+00:00,14488.5,14411.630000000001,-1.035280350271992,-0.00517640175135996,1,SL,False
EURCAD,D,short,BEAR_STRONG,2013-03-25 13:00:00+00:00,2013-04-05 09:00:00+00:00,1.31347,1.31364,0.7157979966600558,0.003578989983300279,53,BE_STOP,True
GBPAUD,D,short,BEAR_STRONG,2013-03-25 13:00:00+00:00,2013-03-28 01:00:00+00:00,1.451625,1.451795,0.6181004546786586,0.003090502273393293,15,BE_STOP,True
USDCHF,D,long,BULL_STRONG,2013-03-25 17:00:00+00:00,2013-03-27 17:00:00+00:00,0.9485950000000001,0.9548480147321428,2.0944517269193828,0.010472258634596913,12,TP2,True
EURUSD,D,short,BEAR_STRONG,2013-03-25 17:00:00+00:00,2013-04-05 09:00:00+00:00,1.2851799999999998,1.295846610416667,-1.002829375274425,-0.005014146876372126,52,SL,False
EURJPY,D,short,BEAR_STRONG,2013-03-26 05:00:00+00:00,2013-04-04 05:00:00+00:00,121.173,122.69453750000001,-0.9993115625233642,-0.004996557812616821,42,SL,False
CHFJPY,D,short,BEAR_STRONG,2013-03-26 13:00:00+00:00,2013-04-04 05:00:00+00:00,99.492,99.509,0.7221018713712967,0.003610509356856483,40,BE_STOP,True
YM,D,long,BULL_STRONG,2013-03-26 14:00:00+00:00,2013-03-27 10:00:00+00:00,14468.5,14411.630000000001,-1.0479949431099882,-0.005239974715549941,5,SL,False
ES,D,long,BULL_STRONG,2013-03-26 14:00:00+00:00,2013-03-27 10:00:00+00:00,1555.375,1546.8682291666669,-1.061417126753348,-0.005307085633766741,5,SL,False
NQ,D,long,BULL_STRONG,2013-03-26 22:00:00+00:00,2013-03-27 10:00:00+00:00,2803.625,2785.0996874999996,-1.0330181642878042,-0.005165090821439022,3,SL,False
YM,D,long,BULL_STRONG,2013-03-27 18:00:00+00:00,2013-03-27 22:00:00+00:00,14451.5,14411.630000000001,-1.0692238728173071,-0.005346119364086536,1,SL,False
ES,D,long,BULL_STRONG,2013-03-27 18:00:00+00:00,2013-04-03 14:00:00+00:00,1557.375,1546.8682291666669,-1.0493092479309114,-0.005246546239654557,23,SL,False
NQ,D,long,BULL_STRONG,2013-03-27 18:00:00+00:00,2013-04-01 18:00:00+00:00,2802.625,2785.0996874999996,-1.0349387219620627,-0.0051746936098103135,12,SL,False
YM,D,long,BULL_STRONG,2013-03-28 14:00:00+00:00,2013-04-03 14:00:00+00:00,14484.5,14483.0,0.6864752697211705,0.0034323763486058525,18,BE_STOP,True
USDCHF,D,long,BULL_STRONG,2013-03-28 21:00:00+00:00,2013-04-01 09:00:00+00:00,0.94877,0.94868,0.5885111563995046,0.002942555781997523,9,BE_STOP,True
AUDCHF,D,long,BULL_STRONG,2013-03-28 21:00:00+00:00,2013-04-03 17:00:00+00:00,0.98774,0.98757,0.6323186666666589,0.003161593333333295,23,BE_STOP,True
EURGBP,D,short,BEAR_STRONG,2013-04-01 01:00:00+00:00,2013-04-01 13:00:00+00:00,0.84113,0.8442868958333333,-1.0963402194307124,-0.0054817010971535615,3,SL,False
GBPCHF,D,long,BULL_STRONG,2013-04-01 01:00:00+00:00,2013-04-01 13:00:00+00:00,1.446145,1.4421700291666664,-1.0978878199898525,-0.005489439099949263,3,SL,False
NQ,D,long,BULL_STRONG,2013-04-03 02:00:00+00:00,2013-04-03 14:00:00+00:00,2816.125,2797.9850260416665,-1.0337906490270088,-0.005168953245135044,3,SL,False
USDJPY,D,short,BEAR_STRONG,2013-04-03 05:00:00+00:00,2013-04-04 05:00:00+00:00,93.517,94.20802520833332,-1.0279936573703141,-0.005139968286851571,6,SL,False
NZDUSD,D,long,BULL_STRONG,2013-04-04 13:00:00+00:00,2013-04-05 13:00:00+00:00,0.83843,0.83834,0.6281922094735988,0.003140961047367994,6,BE_STOP,True
NQ,D,short,BEAR_STRONG,2013-04-08 06:00:00+00:00,2013-04-09 14:00:00+00:00,2769.125,2794.6625,-1.0237071038251369,-0.005118535519125685,8,SL,False
NZDUSD,D,long,BULL_STRONG,2013-04-08 13:00:00+00:00,2013-04-10 05:00:00+00:00,0.845225,0.8545472892857142,1.7471601812213982,0.008735800906106992,10,TP2,True
GBPUSD,D,long,BULL_STRONG,2013-04-08 21:00:00+00:00,2013-04-11 09:00:00+00:00,1.5271000000000001,1.5404427236607146,1.7641494379851452,0.008820747189925726,15,TP2,True
GBPNZD,D,short,BEAR_STRONG,2013-04-10 17:00:00+00:00,2013-04-12 09:00:00+00:00,1.78796,1.78813,0.6840677693077443,0.0034203388465387213,10,BE_STOP,True
EURNZD,D,short,BEAR_STRONG,2013-04-11 09:00:00+00:00,2013-04-12 13:00:00+00:00,1.51394,1.5232327270833335,-1.0363873211341001,-0.0051819366056705006,7,SL,False
GBPAUD,D,long,BULL_STRONG,2013-04-22 09:00:00+00:00,2013-04-25 13:00:00+00:00,1.4857,1.4997037299107143,1.7660472897698694,0.008830236448849347,19,TP2,True
AUDNZD,D,short,BEAR_STRONG,2013-04-22 21:00:00+00:00,2013-04-23 05:00:00+00:00,1.218015,1.2226199312499997,-1.0767818215896883,-0.005383909107948441,2,SL,False
AUDUSD,D,short,BEAR_STRONG,2013-04-23 01:00:00+00:00,2013-04-25 01:00:00+00:00,1.023545,1.0298616312500002,-1.0278314698658513,-0.005139157349329257,12,SL,False
USDJPY,D,long,BULL_STRONG,2013-04-23 09:00:00+00:00,2013-04-26 13:00:00+00:00,98.8615,98.01652479166667,-1.0380879835700871,-0.005190439917850436,19,SL,False
EURNZD,D,short,BEAR_STRONG,2013-04-24 05:00:00+00:00,2013-04-26 17:00:00+00:00,1.536695,1.536865,0.6821069321775399,0.0034105346608877,15,BE_STOP,True
AUDCAD,D,short,BEAR_STRONG,2013-04-24 13:00:00+00:00,2013-04-26 13:00:00+00:00,1.05413,1.0463899281250002,1.6541407842378646,0.008270703921189324,12,TP2,True
NZDCAD,D,long,BULL_STRONG,2013-04-24 17:00:00+00:00,2013-04-26 13:00:00+00:00,0.86951,0.8654319583333332,-1.08744313115051,-0.00543721565575255,11,SL,False
EURGBP,D,short,BEAR_STRONG,2013-04-25 01:00:00+00:00,2013-04-25 09:00:00+00:00,0.85149,0.8459394785714285,1.6098544572004807,0.008049272286002404,2,TP2,True
GBPCHF,D,long,BULL_STRONG,2013-05-06 01:00:00+00:00,2013-05-10 05:00:00+00:00,1.4574,1.4704421160714283,1.6141657854816094,0.008070828927408047,25,TP2,True
GBPUSD,D,long,BULL_STRONG,2013-05-06 01:00:00+00:00,2013-05-06 13:00:00+00:00,1.5581,1.5531996979166665,-1.0640570996710905,-0.0053202854983554525,3,SL,False
AUDNZD,D,short,BEAR_STRONG,2013-05-06 01:00:00+00:00,2013-05-08 01:00:00+00:00,1.20324,1.209597225,-1.038539668429709,-0.0051926983421485455,12,SL,False
CADCHF,D,long,BULL_STRONG,2013-05-07 01:00:00+00:00,2013-05-09 21:00:00+00:00,0.930975,0.941999607142857,1.6099592382485943,0.008049796191242973,17,TP2,True
USDCAD,D,short,BEAR_STRONG,2013-05-08 01:00:00+00:00,2013-05-09 17:00:00+00:00,1.0049499999999998,1.0079793020833332,-1.06827913372298,-0.0053413956686149,10,SL,False
AUDNZD,D,short,BEAR_STRONG,2013-05-09 17:00:00+00:00,2013-05-23 17:00:00+00:00,1.20245,1.19846,0.6193948167072086,0.0030969740835360433,60,TIME,False
GBPNZD,D,long,BULL_STRONG,2013-05-13 13:00:00+00:00,2013-05-14 05:00:00+00:00,1.85574,1.8469400729166667,-1.049803850698817,-0.005249019253494085,4,SL,False
NQ,D,long,BULL_STRONG,2013-05-13 14:00:00+00:00,2013-05-16 10:00:00+00:00,2977.125,3012.569352678571,1.8618055681457288,0.009309027840728644,17,TP2,True
AUDCHF,D,short,BEAR_STRONG,2013-05-13 17:00:00+00:00,2013-05-15 05:00:00+00:00,0.952895,0.9574345166666667,-1.0579938971129543,-0.005289969485564772,9,SL,False
ES,D,long,BULL_STRONG,2013-05-13 22:00:00+00:00,2013-05-14 18:00:00+00:00,1632.375,1647.705848214286,1.7161780854559343,0.008580890427279672,5,TP2,True
GBPNZD,D,long,BULL_STRONG,2013-05-14 17:00:00+00:00,2013-05-15 09:00:00+00:00,1.855475,1.8469400729166667,-1.051377196204889,-0.005256885981024445,4,SL,False
AUDCHF,D,short,BEAR_STRONG,2013-05-16 05:00:00+00:00,2013-05-23 09:00:00+00:00,0.949895,0.935650725,1.6919413122977403,0.008459706561488702,31,TP2,True
NQ,D,long,BULL_STRONG,2013-05-20 14:00:00+00:00,2013-05-22 14:00:00+00:00,3015.875,3047.942589285715,1.807525520155341,0.009037627600776706,12,TP2,True
EURJPY,D,long,BULL_STRONG,2013-05-21 09:00:00+00:00,2013-05-21 13:00:00+00:00,132.257,131.99397500000003,-1.144359231785386,-0.005721796158926929,1,SL,False
USDJPY,D,long,BULL_STRONG,2013-05-21 09:00:00+00:00,2013-05-22 17:00:00+00:00,102.769,102.76,0.6871054685215351,0.0034355273426076756,8,BE_STOP,True
EURJPY,D,long,BULL_STRONG,2013-05-21 21:00:00+00:00,2013-05-22 17:00:00+00:00,132.68699999999998,132.67,0.6659407122517631,0.0033297035612588157,5,BE_STOP,True
EURNZD,D,long,BULL_STRONG,2013-05-22 01:00:00+00:00,2013-05-23 13:00:00+00:00,1.58517,1.585,0.6881805367638973,0.0034409026838194867,9,BE_STOP,True
NZDUSD,D,short,BEAR_STRONG,2013-05-22 01:00:00+00:00,2013-05-23 13:00:00+00:00,0.81472,0.81481,0.7059152930800021,0.0035295764654000106,9,BE_STOP,True
NQ,D,long,BULL_STRONG,2013-05-22 14:00:00+00:00,2013-05-22 18:00:00+00:00,3016.875,3001.187083333333,-1.0402503333242619,-0.00520125166662131,1,SL,False
USDJPY,D,long,BULL_STRONG,2013-05-23 01:00:00+00:00,2013-05-23 05:00:00+00:00,102.719,102.161575,-1.0426323745270558,-0.005213161872635279,1,SL,False
EURCHF,D,long,BULL_STRONG,2013-05-23 13:00:00+00:00,2013-05-24 17:00:00+00:00,1.25168,1.2416109375000002,-1.0399265283959986,-0.0051996326419799935,7,SL,False
GBPNZD,D,long,BULL_STRONG,2013-05-27 01:00:00+00:00,2013-05-27 17:00:00+00:00,1.872305,1.8650469375,-1.060964854641166,-0.005304824273205831,4,SL,False
GBPUSD,D,short,BEAR_STRONG,2013-05-28 21:00:00+00:00,2013-05-29 09:00:00+00:00,1.5028299999999999,1.5098176,-1.043550829273971,-0.005217754146369855,3,SL,False
AUDNZD,D,short,BEAR_STRONG,2013-05-30 01:00:00+00:00,2013-05-31 09:00:00+00:00,1.193145,1.2010478520833334,-1.037119590146908,-0.00518559795073454,8,SL,False
NZDCAD,D,short,BEAR_STRONG,2013-05-30 17:00:00+00:00,2013-06-03 13:00:00+00:00,0.83148,0.83165,0.6595025940747411,0.0032975129703737057,11,BE_STOP,True
CADCHF,D,short,BEAR_STRONG,2013-06-04 09:00:00+00:00,2013-06-07 01:00:00+00:00,0.919265,0.9028572321428573,1.7534848191561347,0.008767424095780674,16,TP2,True
USDJPY,D,short,BEAR_STRONG,2013-06-04 17:00:00+00:00,2013-06-06 17:00:00+00:00,100.011,97.88479821428571,1.7152506022466665,0.008576253011233333,12,TP2,True
AUDJPY,D,short,BEAR_STRONG,2013-06-04 17:00:00+00:00,2013-06-05 17:00:00+00:00,96.5095,94.52601249999996,1.6920529088967862,0.00846026454448393,6,TP2,True
AUDUSD,D,short,BEAR_STRONG,2013-06-10 05:00:00+00:00,2013-06-11 13:00:00+00:00,0.942445,0.942535,0.7022097674591848,0.003511048837295924,8,BE_STOP,True
NZDUSD,D,short,BEAR_STRONG,2013-06-10 13:00:00+00:00,2013-06-12 09:00:00+00:00,0.7898649999999999,0.8023984187500001,-1.0137085397049772,-0.005068542698524886,11,SL,False
EURCAD,D,long,BULL_STRONG,2013-06-13 05:00:00+00:00,2013-06-21 09:00:00+00:00,1.358705,1.379362736607143,1.6879734300657312,0.008439867150328656,37,TP2,True
GBPCAD,D,long,BULL_STRONG,2013-06-17 21:00:00+00:00,2013-06-18 09:00:00+00:00,1.60129,1.592503475,-1.0457470499998547,-0.005228735249999274,3,SL,False
AUDCAD,D,short,BEAR_STRONG,2013-06-19 21:00:00+00:00,2013-06-21 09:00:00+00:00,0.955735,0.9624414062499999,-1.0388291195945798,-0.005194145597972899,9,SL,False
CADJPY,D,short,BEAR_STRONG,2013-06-24 13:00:00+00:00,2013-06-25 01:00:00+00:00,92.8815,93.3302075,-1.0694993948448794,-0.0053474969742243975,3,SL,False
AUDUSD,D,short,BEAR_STRONG,2013-07-02 05:00:00+00:00,2013-07-09 05:00:00+00:00,0.918785,0.918875,0.7234882963871465,0.0036174414819357325,30,BE_STOP,True
USDCHF,D,long,BULL_STRONG,2013-07-02 13:00:00+00:00,2013-07-05 09:00:00+00:00,0.949395,0.9615228214285714,1.6913453191013386,0.008456726595506694,17,TP2,True
USDCAD,D,long,BULL_STRONG,2013-07-03 05:00:00+00:00,2013-07-04 13:00:00+00:00,1.05271,1.04902279375,-1.0743297385297712,-0.005371648692648856,8,SL,False
NZDJPY,D,long,BULL_STRONG,2013-07-08 05:00:00+00:00,2013-07-10 13:00:00+00:00,78.3445,78.3275,0.6650857169591672,0.003325428584795836,14,BE_STOP,True
CADJPY,D,long,BULL_STRONG,2013-07-08 09:00:00+00:00,2013-07-10 21:00:00+00:00,95.786,94.86499125,-1.0447009390119242,-0.005223504695059621,15,SL,False
USDCAD,D,long,BULL_STRONG,2013-07-08 13:00:00+00:00,2013-07-09 13:00:00+00:00,1.0575,1.0513418499999998,-1.0441732653280058,-0.0052208663266400295,6,SL,False
NZDJPY,D,long,BULL_STRONG,2013-07-11 01:00:00+00:00,2013-07-11 13:00:00+00:00,78.4615,77.65955312499999,-1.0356515974409035,-0.005178257987204517,3,SL,False
EURCHF,D,long,BULL_STRONG,2013-07-11 09:00:00+00:00,2013-07-17 09:00:00+00:00,1.240395,1.2335123229166667,-1.0809893419943937,-0.005404946709971968,24,SL,False
CADJPY,D,long,BULL_STRONG,2013-07-11 21:00:00+00:00,2013-07-24 05:00:00+00:00,95.55799999999999,97.13869169642857,1.814657414884497,0.009073287074422485,50,TP2,True
AUDNZD,D,short,BEAR_STRONG,2013-07-15 01:00:00+00:00,2013-07-16 01:00:00+00:00,1.16558,1.1717202145833332,-1.047432331961828,-0.00523716165980914,6,SL,False
GBPCHF,D,short,BEAR_STRONG,2013-07-15 05:00:00+00:00,2013-07-17 09:00:00+00:00,1.431855,1.432025,0.6867825179695616,0.003433912589847808,13,BE_STOP,True
EURJPY,D,long,BULL_STRONG,2013-07-16 05:00:00+00:00,2013-07-18 13:00:00+00:00,130.24699999999999,131.66205892857133,1.8062424724184893,0.009031212362092447,14,TP2,True
GBPCHF,D,short,BEAR_STRONG,2013-07-18 01:00:00+00:00,2013-07-18 13:00:00+00:00,1.43144,1.4396646541666667,-1.0459860339544897,-0.0052299301697724485,3,SL,False
NZDJPY,D,long,BULL_STRONG,2013-07-18 09:00:00+00:00,2013-07-22 09:00:00+00:00,79.09349999999999,79.0765,0.6527396726072446,0.0032636983630362233,12,BE_STOP,True
AUDCAD,D,short,BEAR_STRONG,2013-07-24 09:00:00+00:00,2013-07-25 17:00:00+00:00,0.94676,0.9517820312500002,-1.0520496235468388,-0.005260248117734194,8,SL,False
AUDCHF,D,short,BEAR_STRONG,2013-07-25 13:00:00+00:00,2013-07-30 05:00:00+00:00,0.85923,0.8468580781250002,1.6832406717215378,0.00841620335860769,16,TP2,True
ES,D,long,BULL_STRONG,2013-07-25 18:00:00+00:00,2013-07-26 10:00:00+00:00,1686.125,1675.9690625,-1.0521309946004669,-0.005260654973002334,4,SL,False
NQ,D,long,BULL_STRONG,2013-07-29 06:00:00+00:00,2013-07-31 18:00:00+00:00,3063.875,3099.2123883928566,1.8551969397213373,0.009275984698606686,15,TP2,True
EURAUD,D,long,BULL_STRONG,2013-07-29 17:00:00+00:00,2013-07-30 05:00:00+00:00,1.44083,1.4560355375,1.7066612453046766,0.008533306226523383,3,TP2,True
USDCHF,D,short,BEAR_STRONG,2013-08-06 13:00:00+00:00,2013-08-12 05:00:00+00:00,0.925735,0.925825,0.699843672919454,0.0034992183645972705,22,BE_STOP,True
USDJPY,D,short,BEAR_STRONG,2013-08-07 01:00:00+00:00,2013-08-12 21:00:00+00:00,97.2615,97.2705,0.7164550723765383,0.0035822753618826916,23,BE_STOP,True
EURCHF,D,short,BEAR_STRONG,2013-08-07 01:00:00+00:00,2013-08-13 05:00:00+00:00,1.231,1.2334705874999998,-1.061871152477365,-0.005309355762386825,25,SL,False
NQ,D,long,BULL_STRONG,2013-08-14 06:00:00+00:00,2013-08-14 14:00:00+00:00,3136.875,3127.4587500000002,-1.069232683533805,-0.005346163417669025,2,SL,False
AUDNZD,D,short,BEAR_STRONG,2013-08-15 09:00:00+00:00,2013-08-20 01:00:00+00:00,1.132635,1.13822306875,-1.0421864155931964,-0.0052109320779659815,16,SL,False
EURNZD,D,short,BEAR_STRONG,2013-08-19 05:00:00+00:00,2013-08-19 13:00:00+00:00,1.636545,1.6526031874999998,-1.025120316587402,-0.005125601582937011,2,SL,False
CADCHF,D,short,BEAR_STRONG,2013-08-19 13:00:00+00:00,2013-08-20 09:00:00+00:00,0.89444,0.8848503776785714,1.7017378915688224,0.008508689457844111,5,TP2,True
AUDCHF,D,short,BEAR_STRONG,2013-08-19 17:00:00+00:00,2013-08-21 21:00:00+00:00,0.841705,0.826535125,1.666713764214955,0.008333568821074775,13,TP2,True
AUDCAD,D,short,BEAR_STRONG,2013-08-21 21:00:00+00:00,2013-08-22 01:00:00+00:00,0.93863,0.9436825375,-1.0617318760992625,-0.005308659380496313,1,SL,False
EURAUD,D,long,BULL_STRONG,2013-08-27 01:00:00+00:00,2013-08-29 13:00:00+00:00,1.49028,1.4797156854166669,-1.0460481733704192,-0.005230240866852096,15,SL,False
EURNZD,D,long,BULL_STRONG,2013-08-27 05:00:00+00:00,2013-08-29 01:00:00+00:00,1.71606,1.701915275,-1.032934343967413,-0.005164671719837065,11,SL,False
AUDUSD,D,short,BEAR_STRONG,2013-08-27 09:00:00+00:00,2013-09-03 01:00:00+00:00,0.89589,0.90284246875,-1.0139052873647016,-0.005069526436823508,28,SL,False
AUDCHF,D,short,BEAR_STRONG,2013-08-28 13:00:00+00:00,2013-08-30 01:00:00+00:00,0.824265,0.8330653541666666,-1.0272754855077895,-0.005136377427538947,9,SL,False
NZDJPY,D,short,BEAR_STRONG,2013-08-28 21:00:00+00:00,2013-09-02 05:00:00+00:00,76.566,77.27413874999998,-1.02563774640041,-0.005128188732002051,14,SL,False
CADJPY,D,short,BEAR_STRONG,2013-08-28 21:00:00+00:00,2013-08-29 09:00:00+00:00,93.27550000000001,93.79768854166667,-1.059499706586435,-0.005297498532932175,3,SL,False
AUDNZD,D,long,BULL_STRONG,2013-09-03 05:00:00+00:00,2013-09-05 13:00:00+00:00,1.155325,1.155155,0.6547492117276027,0.0032737460586380134,14,BE_STOP,True
AUDJPY,D,long,BULL_STRONG,2013-09-09 17:00:00+00:00,2013-09-10 13:00:00+00:00,91.9045,93.35026589285715,1.6714298466062187,0.008357149233031094,5,TP2,True
NZDCAD,D,long,BULL_STRONG,2013-09-10 01:00:00+00:00,2013-09-15 21:00:00+00:00,0.834055,0.8443133214285714,1.606083747885048,0.00803041873942524,23,TP2,True
USDJPY,D,long,BULL_STRONG,2013-09-10 09:00:00+00:00,2013-09-12 01:00:00+00:00,100.269,99.57439625,-1.0379777094276401,-0.0051898885471382,10,SL,False
GBPAUD,D,short,BEAR_STRONG,2013-09-11 01:00:00+00:00,2013-09-12 01:00:00+00:00,1.693755,1.7045776895833333,-1.0335244632077463,-0.005167622316038732,6,SL,False
CHFJPY,D,long,BULL_STRONG,2013-09-12 13:00:00+00:00,2013-09-18 21:00:00+00:00,106.707,107.54365625,1.639798131781761,0.008198990658908804,26,TP2,True
NZDCHF,D,long,BULL_STRONG,2013-09-16 09:00:00+00:00,2013-09-22 21:00:00+00:00,0.75993,0.75976,0.5848499483817424,0.0029242497419087123,27,BE_STOP,True
GBPCHF,D,long,BULL_STRONG,2013-09-16 09:00:00+00:00,2013-09-17 09:00:00+00:00,1.475745,1.4706839750000003,-1.0872218604484782,-0.0054361093022423914,6,SL,False
NZDUSD,D,long,BULL_STRONG,2013-09-16 13:00:00+00:00,2013-09-18 17:00:00+00:00,0.817365,0.8278782410714287,1.7914968633400918,0.00895748431670046,13,TP2,True
YM,D,long,BULL_STRONG,2013-09-17 02:00:00+00:00,2013-09-19 06:00:00+00:00,15421.5,15648.536339285714,1.7091170554876214,0.008545585277438107,13,TP2,True
EURGBP,D,short,BEAR_STRONG,2013-09-17 05:00:00+00:00,2013-09-18 17:00:00+00:00,0.83924,0.83941,0.5495032734340651,0.0027475163671703256,9,BE_STOP,True
NQ,D,long,BULL_STRONG,2013-09-17 18:00:00+00:00,2013-09-18 22:00:00+00:00,3186.875,3213.1825892857146,2.1402165669674695,0.010701082834837347,7,TP2,True
CL,D,short,BEAR_STRONG,2013-09-30 06:00:00+00:00,2013-09-30 18:00:00+00:00,101.845,102.74585833333335,-1.0261301374373257,-0.005130650687186628,3,SL,False
EURUSD,D,long,BULL_STRONG,2013-09-30 13:00:00+00:00,2013-10-03 13:00:00+00:00,1.3532250000000001,1.3636529808035711,1.7008756565625034,0.008504378282812516,18,TP2,True
GBPJPY,D,long,BULL_STRONG,2013-09-30 17:00:00+00:00,2013-10-02 01:00:00+00:00,159.077,158.24945416666665,-1.0546184782888013,-0.005273092391444007,8,SL,False
GBPCHF,D,long,BULL_STRONG,2013-09-30 17:00:00+00:00,2013-10-03 05:00:00+00:00,1.464775,1.4597523958333332,-1.097899701620692,-0.00548949850810346,15,SL,False
AUDNZD,D,short,BEAR_STRONG,2013-09-30 17:00:00+00:00,2013-10-01 01:00:00+00:00,1.12233,1.1274238687499998,-1.0664368236866635,-0.005332184118433317,2,SL,False
NZDCAD,D,long,BULL_STRONG,2013-09-30 17:00:00+00:00,2013-10-01 09:00:00+00:00,0.8569,0.8524676354166668,-1.0680293753222887,-0.005340146876611444,4,SL,False
CL,D,short,BEAR_STRONG,2013-09-30 22:00:00+00:00,2013-10-02 14:00:00+00:00,101.945,102.74585833333335,-1.029465361653394,-0.00514732680826697,10,SL,False
USDJPY,D,short,BEAR_STRONG,2013-10-01 01:00:00+00:00,2013-10-07 05:00:00+00:00,98.1735,96.88189339285715,1.754832156266108,0.00877416078133054,25,TP2,True
EURCAD,D,long,BULL_STRONG,2013-10-01 13:00:00+00:00,2013-10-04 13:00:00+00:00,1.3977,1.39753,0.629954950669217,0.0031497747533460853,18,BE_STOP,True
EURAUD,D,long,BULL_STRONG,2013-10-03 05:00:00+00:00,2013-10-04 09:00:00+00:00,1.449915,1.4415571875,-1.0516606969199647,-0.005258303484599824,7,SL,False
CADJPY,D,short,BEAR_STRONG,2013-10-07 09:00:00+00:00,2013-10-07 13:00:00+00:00,93.8005,94.19880375,-1.0790237966450522,-0.005395118983225262,1,SL,False
USDJPY,D,short,BEAR_STRONG,2013-10-07 09:00:00+00:00,2013-10-09 01:00:00+00:00,96.88,97.28696875,-1.0491576285826465,-0.005245788142913233,10,SL,False
CADJPY,D,short,BEAR_STRONG,2013-10-07 17:00:00+00:00,2013-10-08 09:00:00+00:00,93.7535,94.19880375,-1.070336741156238,-0.00535168370578119,4,SL,False
CADJPY,D,short,BEAR_STRONG,2013-10-08 17:00:00+00:00,2013-10-10 09:00:00+00:00,93.4175,94.19880375,-1.0328121509282089,-0.005164060754641045,10,SL,False
CL,D,short,BEAR_STRONG,2013-10-17 14:00:00+00:00,2013-10-18 10:00:00+00:00,100.475,101.86227083333333,-1.0167882311861427,-0.0050839411559307135,5,SL,False
EURAUD,D,short,BEAR_STRONG,2013-10-21 05:00:00+00:00,2013-10-22 09:00:00+00:00,1.413355,1.4203467208333334,-1.0465967030557417,-0.005232983515278709,7,SL,False
CHFJPY,D,long,BULL_STRONG,2013-10-21 05:00:00+00:00,2013-10-22 13:00:00+00:00,108.567,109.53602053571429,1.6101688515840842,0.00805084425792042,8,TP2,True
AUDCHF,D,long,BULL_STRONG,2013-10-21 05:00:00+00:00,2013-10-22 09:00:00+00:00,0.874145,0.86896656875,-1.0683607866235574,-0.005341803933117787,7,SL,False
CL,D,short,BEAR_STRONG,2013-10-21 10:00:00+00:00,2013-10-22 14:00:00+00:00,100.455,98.90667857142854,1.8973884429346677,0.009486942214673338,7,TP2,True
CADCHF,D,short,BEAR_STRONG,2013-10-21 17:00:00+00:00,2013-10-22 09:00:00+00:00,0.875205,0.8781304,-1.1061656020904431,-0.005530828010452216,4,SL,False
EURJPY,D,long,BULL_STRONG,2013-10-23 13:00:00+00:00,2013-10-31 09:00:00+00:00,134.137,134.12,0.6379732643107456,0.003189866321553728,35,BE_STOP,True
ES,D,long,BULL_STRONG,2013-10-28 14:00:00+00:00,2013-11-07 19:00:00+00:00,1758.125,1745.6159375,-1.042496072523114,-0.005212480362615571,49,SL,False
NQ,D,long,BULL_STRONG,2013-10-28 18:00:00+00:00,2013-11-07 15:00:00+00:00,3370.875,3347.4928125000006,-1.0280203740678873,-0.005140101870339436,47,SL,False
CHFJPY,D,long,BULL_STRONG,2013-10-30 09:00:00+00:00,2013-10-31 05:00:00+00:00,109.417,109.05216666666666,-1.0929134068040112,-0.005464567034020056,5,SL,False
USDJPY,D,long,BULL_STRONG,2013-11-11 06:00:00+00:00,2013-11-14 22:00:00+00:00,99.0825,100.25304973214284,1.8057815175551495,0.009028907587775747,22,TP2,True
USDCAD,D,long,BULL_STRONG,2013-11-11 10:00:00+00:00,2013-11-13 22:00:00+00:00,1.0482550000000002,1.0444853124999998,-1.0806469842887816,-0.005403234921443908,15,SL,False
CL,D,short,BEAR_STRONG,2013-11-13 23:00:00+00:00,2013-11-14 19:00:00+00:00,93.845,93.86,0.6988399450259918,0.003494199725129959,5,BE_STOP,True
USDCAD,D,long,BULL_STRONG,2013-11-14 06:00:00+00:00,2013-11-14 18:00:00+00:00,1.0477500000000002,1.04766,0.6400096466186505,0.003200048233093252,3,BE_STOP,True
GBPCAD,D,long,BULL_STRONG,2013-11-14 14:00:00+00:00,2013-11-21 18:00:00+00:00,1.68355,1.7018868629464283,1.682871981721074,0.00841435990860537,31,TP2,True
CADJPY,D,long,BULL_STRONG,2013-11-25 06:00:00+00:00,2013-12-03 10:00:00+00:00,96.28649999999999,96.2695,0.6056191119841847,0.0030280955599209236,37,BE_STOP,True
AUDNZD,D,short,BEAR_STRONG,2013-12-03 02:00:00+00:00,2013-12-04 10:00:00+00:00,1.109985,1.1010473589285714,1.7027701124703167,0.008513850562351584,8,TP2,True
CHFJPY,D,long,BULL_STRONG,2013-12-03 06:00:00+00:00,2013-12-06 14:00:00+00:00,113.437,114.72540089285717,1.643178390906419,0.008215891954532095,20,TP2,True
GBPCHF,D,long,BULL_STRONG,2013-12-03 06:00:00+00:00,2013-12-04 06:00:00+00:00,1.48681,1.4788573416666668,-1.0550137731430689,-0.005275068865715345,6,SL,False
GBPUSD,D,long,BULL_STRONG,2013-12-03 10:00:00+00:00,2013-12-04 06:00:00+00:00,1.640535,1.6335461666666664,-1.046337530500346,-0.00523168765250173,5,SL,False
EURGBP,D,short,BEAR_STRONG,2013-12-04 06:00:00+00:00,2013-12-05 10:00:00+00:00,0.83035,0.83295590625,-1.0969860806424725,-0.005484930403212363,7,SL,False
NZDJPY,D,long,BULL_STRONG,2013-12-04 06:00:00+00:00,2013-12-04 18:00:00+00:00,83.98899999999999,83.3841,-1.048917264840953,-0.005244586324204765,3,SL,False
USDCHF,D,short,BEAR_STRONG,2013-12-04 18:00:00+00:00,2013-12-06 10:00:00+00:00,0.9022749999999999,0.8949090888392858,1.7366495159965276,0.008683247579982638,10,TP2,True
NZDJPY,D,long,BULL_STRONG,2013-12-04 22:00:00+00:00,2013-12-05 14:00:00+00:00,83.9585,83.3841,-1.0515862755651162,-0.005257931377825581,4,SL,False
AUDUSD,D,short,BEAR_STRONG,2013-12-05 14:00:00+00:00,2013-12-06 14:00:00+00:00,0.906555,0.906645,0.6703008035419687,0.003351504017709844,6,BE_STOP,True
EURUSD,D,long,BULL_STRONG,2013-12-05 18:00:00+00:00,2013-12-18 22:00:00+00:00,1.36681,1.36672,0.6759307592781307,0.0033796537963906538,55,BE_STOP,True
AUDNZD,D,short,BEAR_STRONG,2013-12-09 02:00:00+00:00,2013-12-10 18:00:00+00:00,1.096255,1.103049416666667,-1.041282985923288,-0.00520641492961644,10,SL,False
CADCHF,D,short,BEAR_STRONG,2013-12-09 06:00:00+00:00,2013-12-19 18:00:00+00:00,0.83748,0.8422019875,-0.9752299847044841,-0.004876149923522421,51,SL,False
NZDCAD,D,long,BULL_STRONG,2013-12-09 14:00:00+00:00,2013-12-11 14:00:00+00:00,0.879575,0.8718325416666667,-1.0519171559214044,-0.005259585779607022,12,SL,False
NZDCHF,D,short,BEAR_STRONG,2013-12-09 14:00:00+00:00,2013-12-12 06:00:00+00:00,0.73672,0.73689,0.6624110144669637,0.0033120550723348186,16,BE_STOP,True
EURCHF,D,short,BEAR_STRONG,2013-12-09 18:00:00+00:00,2013-12-18 10:00:00+00:00,1.22313,1.2233,0.6713197602531338,0.003356598801265669,40,BE_STOP,True
AUDJPY,D,long,BULL_STRONG,2013-12-10 18:00:00+00:00,2013-12-11 06:00:00+00:00,94.128,93.60738541666666,-1.059922649181946,-0.00529961324590973,3,SL,False
EURNZD,D,long,BULL_STRONG,2013-12-11 06:00:00+00:00,2013-12-11 22:00:00+00:00,1.662865,1.662695,0.6653133969892392,0.003326566984946196,4,BE_STOP,True
NZDCHF,D,short,BEAR_STRONG,2013-12-12 10:00:00+00:00,2013-12-27 10:00:00+00:00,0.73431,0.72502,1.4464338715527132,0.007232169357763566,60,TIME,True
EURNZD,D,long,BULL_STRONG,2013-12-12 14:00:00+00:00,2013-12-27 10:00:00+00:00,1.66688,1.691329151785714,1.746727813650138,0.008733639068250691,59,TP2,True
NZDCAD,D,long,BULL_STRONG,2013-12-12 18:00:00+00:00,2013-12-12 22:00:00+00:00,0.878,0.8718325416666667,-1.0488406894587299,-0.005244203447293649,1,SL,False
GBPCHF,D,short,BEAR_STRONG,2013-12-16 10:00:00+00:00,2013-12-18 06:00:00+00:00,1.44659,1.44676,0.6454529881962182,0.0032272649409810913,11,BE_STOP,True
CADJPY,D,long,BULL_STRONG,2013-12-16 14:00:00+00:00,2013-12-17 14:00:00+00:00,97.329,96.79667916666668,-1.0691337467758697,-0.005345668733879348,6,SL,False
AUDUSD,D,short,BEAR_STRONG,2013-12-18 10:00:00+00:00,2013-12-18 18:00:00+00:00,0.89037,0.8930292187500001,-1.0835474986316485,-0.005417737493158242,2,SL,False
EURCAD,D,long,BULL_STRONG,2013-12-18 18:00:00+00:00,2013-12-19 14:00:00+00:00,1.46473,1.4606983062499999,-1.0971237556059388,-0.005485618778029694,5,SL,False
EURJPY,D,long,BULL_STRONG,2013-12-19 06:00:00+00:00,2013-12-27 06:00:00+00:00,142.287,144.09730803571435,1.6521894719386059,0.00826094735969303,30,TP2,True
CHFJPY,D,long,BULL_STRONG,2013-12-19 06:00:00+00:00,2013-12-26 22:00:00+00:00,116.197,117.28965178571428,1.7608522645530675,0.008804261322765338,28,TP2,True
AUDUSD,D,short,BEAR_STRONG,2013-12-19 14:00:00+00:00,2013-12-20 14:00:00+00:00,0.886165,0.8930292187500001,-1.0271711184407843,-0.005135855592203922,6,SL,False
USDCAD,D,long,BULL_STRONG,2013-12-19 22:00:00+00:00,2013-12-20 14:00:00+00:00,1.06685,1.06676,0.6288145239755007,0.003144072619877504,4,BE_STOP,True
CADJPY,D,long,BULL_STRONG,2013-12-23 06:00:00+00:00,2013-12-31 14:00:00+00:00,97.80199999999999,99.016270625,1.5955959461808773,0.007977979730904387,32,TP2,True
AUDNZD,D,short,BEAR_STRONG,2013-12-30 06:00:00+00:00,2014-01-02 18:00:00+00:00,1.085755,1.0896946901041669,-1.0588922945561519,-0.005294461472780759,15,SL,False
AUDCHF,D,short,BEAR_STRONG,2013-12-30 22:00:00+00:00,2013-12-31 14:00:00+00:00,0.791705,0.7974108203125001,-1.0507311805923067,-0.005253655902961534,4,SL,False
CADJPY,D,long,BULL_STRONG,2014-01-02 10:00:00+00:00,2014-01-02 18:00:00+00:00,98.911,98.42994973958335,-1.0664745667253779,-0.00533237283362689,2,SL,False
NZDJPY,D,long,BULL_STRONG,2014-01-02 22:00:00+00:00,2014-01-03 02:00:00+00:00,85.8145,85.36586822916667,-1.0672194031129352,-0.005336097015564676,1,SL,False
NZDUSD,D,long,BULL_STRONG,2014-01-06 06:00:00+00:00,2014-01-10 10:00:00+00:00,0.8274900000000001,0.8213127057291666,-1.0535292998009478,-0.005267646499004739,25,SL,False
YM,D,long,BULL_STRONG,2014-01-07 15:00:00+00:00,2014-01-08 07:00:00+00:00,16463.5,16431.503571428573,-1.092374095327327,-0.005461870476636635,4,SL,False
EURCAD,D,long,BULL_STRONG,2014-01-08 22:00:00+00:00,2014-01-10 10:00:00+00:00,1.470705,1.4825174481026784,1.7448472092741394,0.008724236046370697,9,TP2,True
AUDCHF,D,long,BULL_STRONG,2014-01-13 02:00:00+00:00,2014-01-13 22:00:00+00:00,0.813755,0.813585,0.6189906802980968,0.003094953401490484,5,BE_STOP,True
GBPCAD,D,long,BULL_STRONG,2014-01-13 06:00:00+00:00,2014-01-13 10:00:00+00:00,1.79501,1.785119789583333,-1.0433428271550185,-0.0052167141357750925,1,SL,False
USDCAD,D,long,BULL_STRONG,2014-01-13 10:00:00+00:00,2014-01-21 06:00:00+00:00,1.08837,1.099373500446428,1.697181082515068,0.00848590541257534,35,TP2,True
GBPNZD,D,short,BEAR_STRONG,2014-01-14 22:00:00+00:00,2014-01-17 06:00:00+00:00,1.965225,1.9798401020833334,-1.0238926314268288,-0.0051194631571341446,14,SL,False
ES,D,long,BULL_STRONG,2014-01-15 11:00:00+00:00,2014-01-17 19:00:00+00:00,1839.125,1830.7692708333334,-1.065423846505254,-0.00532711923252627,14,SL,False
NZDUSD,D,long,BULL_STRONG,2014-01-15 22:00:00+00:00,2014-01-17 06:00:00+00:00,0.8317300000000001,0.8260075541666667,-1.0419786016584034,-0.005209893008292017,8,SL,False
GBPCHF,D,long,BULL_STRONG,2014-01-20 10:00:00+00:00,2014-01-22 22:00:00+00:00,1.495005,1.5118485812499995,1.6574233643067129,0.008287116821533564,15,TP2,True
GBPAUD,D,long,BULL_STRONG,2014-01-20 18:00:00+00:00,2014-01-22 06:00:00+00:00,1.86463,1.853725175,-1.0448119275349153,-0.005224059637674576,9,SL,False
EURNZD,D,short,BEAR_STRONG,2014-01-20 22:00:00+00:00,2014-01-21 14:00:00+00:00,1.62545,1.6312469479166667,-1.0706533996560461,-0.005353266998280231,4,SL,False
GBPJPY,D,long,BULL_STRONG,2014-01-21 02:00:00+00:00,2014-01-22 22:00:00+00:00,171.857,173.41022232142862,1.8042527760220397,0.009021263880110198,11,TP2,True
USDCHF,D,long,BULL_STRONG,2014-01-21 10:00:00+00:00,2014-01-23 06:00:00+00:00,0.912255,0.9076893624999999,-1.0553475789761855,-0.005276737894880927,11,SL,False
NQ,D,long,BULL_STRONG,2014-01-22 03:00:00+00:00,2014-01-23 11:00:00+00:00,3615.875,3593.8947916666666,-1.0307458271057324,-0.005153729135528662,8,SL,False
EURNZD,D,short,BEAR_STRONG,2014-01-22 10:00:00+00:00,2014-01-22 14:00:00+00:00,1.628275,1.6312469479166667,-1.1420292281783095,-0.005710146140891548,1,SL,False
CADCHF,D,short,BEAR_STRONG,2014-01-22 18:00:00+00:00,2014-01-23 10:00:00+00:00,0.82207,0.8114332633928573,1.6216638281062778,0.00810831914053139,4,TP2,True
GBPJPY,D,long,BULL_STRONG,2014-01-23 22:00:00+00:00,2014-01-24 06:00:00+00:00,172.167,171.15913749999999,-1.0414824256645046,-0.0052074121283225226,2,SL,False
NQ,D,long,BULL_STRONG,2014-01-23 23:00:00+00:00,2014-01-24 07:00:00+00:00,3620.375,3593.8947916666666,-1.0254596704042136,-0.005127298352021068,2,SL,False
AUDUSD,D,short,BEAR_STRONG,2014-01-27 10:00:00+00:00,2014-01-28 06:00:00+00:00,0.87379,0.8814370979166667,-1.02809684383363,-0.00514048421916815,5,SL,False
GBPNZD,D,long,BULL_STRONG,2014-01-27 22:00:00+00:00,2014-01-28 06:00:00+00:00,2.013735,1.9987518229166665,-1.0305081683326711,-0.005152540841663356,2,SL,False
YM,D,short,BEAR_STRONG,2014-02-03 03:00:00+00:00,2014-02-03 19:00:00+00:00,15621.5,15361.171875,1.801954609978299,0.009009773049891496,4,TP2,True
NZDJPY,D,short,BEAR_STRONG,2014-02-03 06:00:00+00:00,2014-02-04 18:00:00+00:00,82.6755,83.64547958333333,-1.024737749278465,-0.005123688746392325,9,SL,False
USDJPY,D,short,BEAR_STRONG,2014-02-03 10:00:00+00:00,2014-02-06 14:00:00+00:00,101.851,101.86,0.6957082189420526,0.003478541094710263,19,BE_STOP,True
EURNZD,D,long,BULL_STRONG,2014-02-03 22:00:00+00:00,2014-02-04 06:00:00+00:00,1.67564,1.6613089020833331,-1.0285704966084461,-0.005142852483042231,2,SL,False
EURCHF,D,short,BEAR_STRONG,2014-02-04 22:00:00+00:00,2014-02-05 22:00:00+00:00,1.22143,1.2238546874999998,-1.1290645377685509,-0.005645322688842754,6,SL,False
NQ,D,short,BEAR_STRONG,2014-02-04 23:00:00+00:00,2014-02-06 15:00:00+00:00,3441.625,3485.1294791666664,-1.0150785498124593,-0.005075392749062296,10,SL,False
AUDCAD,D,long,BULL_STRONG,2014-02-05 14:00:00+00:00,2014-02-19 14:00:00+00:00,0.98774,0.99908,1.1260860344322017,0.005630430172161008,60,TIME,False
NZDUSD,D,long,BULL_STRONG,2014-02-17 02:00:00+00:00,2014-02-18 06:00:00+00:00,0.83743,0.8324971979166667,-1.0489882088752924,-0.005244941044376462,7,SL,False
CL,D,long,BULL_STRONG,2014-02-17 07:00:00+00:00,2014-02-18 19:00:00+00:00,100.535,101.86683035714287,1.874967501722759,0.009374837508613796,8,TP2,True
AUDNZD,D,long,BULL_STRONG,2014-02-18 14:00:00+00:00,2014-02-19 06:00:00+00:00,1.087945,1.0838572187500002,-1.0822690904450123,-0.005411345452225062,4,SL,False
AUDNZD,D,long,BULL_STRONG,2014-02-19 18:00:00+00:00,2014-02-20 02:00:00+00:00,1.08771,1.0838572187500002,-1.087509786251905,-0.005437548931259525,2,SL,False
EURCHF,D,short,BEAR_STRONG,2014-02-20 02:00:00+00:00,2014-02-28 10:00:00+00:00,1.219895,1.2158256187499994,1.570985430084657,0.007854927150423286,38,TP2,True
NQ,D,long,BULL_STRONG,2014-02-20 11:00:00+00:00,2014-02-28 11:00:00+00:00,3645.625,3706.2356919642857,1.7107771315196323,0.008553885657598162,36,TP2,True
EURUSD,D,long,BULL_STRONG,2014-02-25 14:00:00+00:00,2014-02-26 14:00:00+00:00,1.3753050000000002,1.36992294375,-1.0590588393689393,-0.005295294196844697,6,SL,False
USDCHF,D,short,BEAR_STRONG,2014-02-25 14:00:00+00:00,2014-02-25 18:00:00+00:00,0.88649,0.887532375,-1.2248154350965041,-0.006124077175482521,1,SL,False
GBPCAD,D,long,BULL_STRONG,2014-02-26 22:00:00+00:00,2014-03-03 06:00:00+00:00,1.85627,1.8468765375000002,-1.0574489027304022,-0.005287244513652011,14,SL,False
EURUSD,D,long,BULL_STRONG,2014-03-03 06:00:00+00:00,2014-03-03 18:00:00+00:00,1.3779150000000002,1.3731013104166663,-1.0598913402350372,-0.005299456701175186,3,SL,False
EURAUD,D,long,BULL_STRONG,2014-03-03 22:00:00+00:00,2014-03-04 22:00:00+00:00,1.53545,1.52763979375,-1.056930792935073,-0.005284653964675366,6,SL,False
AUDNZD,D,short,BEAR_STRONG,2014-03-10 21:00:00+00:00,2014-03-12 05:00:00+00:00,1.064125,1.0571341901785716,1.6782527595061367,0.008391263797530683,8,TP2,True
EURNZD,D,short,BEAR_STRONG,2014-03-13 13:00:00+00:00,2014-03-26 09:00:00+00:00,1.62338,1.6013378906249998,1.7909061509450863,0.008954530754725432,53,TP2,True
CL,D,short,BEAR_STRONG,2014-03-18 02:00:00+00:00,2014-03-18 14:00:00+00:00,97.505,98.44666666666666,-1.0246047482014398,-0.005123023741007199,3,SL,False
CADCHF,D,short,BEAR_STRONG,2014-03-19 05:00:00+00:00,2014-03-21 09:00:00+00:00,0.784925,0.790296475,-1.0345843246386848,-0.0051729216231934235,13,SL,False
GBPNZD,D,short,BEAR_STRONG,2014-03-20 09:00:00+00:00,2014-03-27 05:00:00+00:00,1.937305,1.9127710111607141,1.7498713958703063,0.008749356979351532,29,TP2,True
EURGBP,D,long,BULL_STRONG,2014-03-25 05:00:00+00:00,2014-03-25 09:00:00+00:00,0.838785,0.83564910625,-1.096911731918921,-0.005484558659594605,1,SL,False
NZDJPY,D,long,BULL_STRONG,2014-03-25 17:00:00+00:00,2014-03-26 17:00:00+00:00,87.719,87.702,0.6144205466059678,0.003072102733029839,6,BE_STOP,True
YM,D,long,BULL_STRONG,2014-03-26 06:00:00+00:00,2014-03-26 14:00:00+00:00,16331.5,16234.717916666666,-1.029454855538598,-0.00514727427769299,2,SL,False
EURJPY,D,long,BULL_STRONG,2014-03-31 13:00:00+00:00,2014-04-04 13:00:00+00:00,141.977,141.96,0.6542126178271319,0.0032710630891356596,24,BE_STOP,True
GBPAUD,D,short,BEAR_STRONG,2014-04-07 09:00:00+00:00,2014-04-14 09:00:00+00:00,1.79184,1.7749334468750002,1.7289998326284446,0.008644999163142222,30,TP2,True
AUDCHF,D,long,BULL_STRONG,2014-04-07 09:00:00+00:00,2014-04-21 09:00:00+00:00,0.8235,0.823215,-0.16243703363731277,-0.0008121851681865638,60,TIME,False
EURGBP,D,short,BEAR_STRONG,2014-04-08 09:00:00+00:00,2014-04-10 05:00:00+00:00,0.823955,0.8268038375,-1.0878566542390142,-0.005439283271195071,11,SL,False
GBPCAD,D,short,BEAR_STRONG,2014-04-09 17:00:00+00:00,2014-04-10 21:00:00+00:00,1.82698,1.8357697416666665,-1.0435949491912475,-0.005217974745956238,7,SL,False
GBPCHF,D,long,BULL_STRONG,2014-04-09 21:00:00+00:00,2014-04-10 05:00:00+00:00,1.477385,1.472776391666667,-1.0848991106446728,-0.005424495553223364,2,SL,False
NZDUSD,D,long,BULL_STRONG,2014-04-10 01:00:00+00:00,2014-04-10 21:00:00+00:00,0.87211,0.8664475812499998,-1.038061640647524,-0.0051903082032376206,5,SL,False
AUDNZD,D,long,BULL_STRONG,2014-04-10 21:00:00+00:00,2014-04-23 01:00:00+00:00,1.0851,1.0795204125,-1.1334508407526465,-0.005667254203763232,49,SL,False
EURAUD,D,short,BEAR_STRONG,2014-04-14 13:00:00+00:00,2014-04-15 13:00:00+00:00,1.46857,1.4772671041666665,-1.0381841002098708,-0.005190920501049355,6,SL,False
AUDJPY,D,long,BULL_STRONG,2014-04-14 17:00:00+00:00,2014-04-15 05:00:00+00:00,95.9945,95.539509375,-1.0694974464350582,-0.005347487232175291,3,SL,False
ES,D,short,BEAR_STRONG,2014-04-14 18:00:00+00:00,2014-04-15 18:00:00+00:00,1824.375,1843.1783333333335,-1.0282689698833316,-0.0051413448494166585,6,SL,False
YM,D,short,BEAR_STRONG,2014-04-14 18:00:00+00:00,2014-04-15 18:00:00+00:00,16097.5,16222.731666666667,-1.02253101469578,-0.0051126550734789,6,SL,False
GBPAUD,D,short,BEAR_STRONG,2014-04-15 05:00:00+00:00,2014-04-15 13:00:00+00:00,1.78116,1.7904079166666669,-1.046195885619865,-0.005230979428099325,2,SL,False
GBPJPY,D,long,BULL_STRONG,2014-04-17 09:00:00+00:00,2014-05-01 09:00:00+00:00,171.767,172.743,0.858634509019933,0.004293172545099665,60,TIME,False
GBPCHF,D,long,BULL_STRONG,2014-04-17 17:00:00+00:00,2014-04-28 09:00:00+00:00,1.483475,1.4777015208333333,-1.1209403086623984,-0.005604701543311992,40,SL,False
EURGBP,D,short,BEAR_STRONG,2014-04-21 17:00:00+00:00,2014-04-23 05:00:00+00:00,0.821245,0.82305785625,-1.1430279125151679,-0.005715139562575839,9,SL,False
CADCHF,D,long,BULL_STRONG,2014-04-21 17:00:00+00:00,2014-04-23 01:00:00+00:00,0.80399,0.8011219270833334,-1.1232578252224832,-0.005616289126112416,8,SL,False
CADJPY,D,long,BULL_STRONG,2014-04-21 17:00:00+00:00,2014-04-23 01:00:00+00:00,93.1905,92.88985187499999,-1.1235568541128,-0.005617784270564001,8,SL,False
GBPUSD,D,long,BULL_STRONG,2014-04-28 09:00:00+00:00,2014-04-29 05:00:00+00:00,1.684625,1.6794285875,-1.0638114331735138,-0.005319057165867569,5,SL,False
GBPUSD,D,long,BULL_STRONG,2014-04-29 13:00:00+00:00,2014-05-01 05:00:00+00:00,1.682355,1.6889849758928566,1.7695830988715338,0.008847915494357669,10,TP2,True
EURCAD,D,short,BEAR_STRONG,2014-04-30 09:00:00+00:00,2014-05-01 09:00:00+00:00,1.51848,1.5256162812499998,-1.0477424307265824,-0.0052387121536329115,6,SL,False
CADCHF,D,long,BULL_STRONG,2014-04-30 17:00:00+00:00,2014-05-01 09:00:00+00:00,0.80335,0.7994498062499998,-1.0757250209858378,-0.005378625104929189,4,SL,False
GBPAUD,D,long,BULL_STRONG,2014-05-01 01:00:00+00:00,2014-05-05 21:00:00+00:00,1.816955,1.816785,0.6512359900524851,0.0032561799502624257,17,BE_STOP,True
EURAUD,D,long,BULL_STRONG,2014-05-01 21:00:00+00:00,2014-05-06 01:00:00+00:00,1.49626,1.4902825708333332,-1.08256259116376,-0.0054128129558188,13,SL,False
AUDCHF,D,short,BEAR_STRONG,2014-05-01 21:00:00+00:00,2014-05-06 13:00:00+00:00,0.81484,0.8181146874999999,-1.0592902184197308,-0.005296451092098654,16,SL,False
AUDJPY,D,short,BEAR_STRONG,2014-05-05 13:00:00+00:00,2014-05-06 01:00:00+00:00,94.6315,94.99203625000001,-1.0880501257145196,-0.005440250628572598,3,SL,False
EURGBP,D,short,BEAR_STRONG,2014-05-07 05:00:00+00:00,2014-05-07 09:00:00+00:00,0.819725,0.8213078333333333,-1.201553497699664,-0.006007767488498321,1,SL,False
EURUSD,D,long,BULL_STRONG,2014-05-08 09:00:00+00:00,2014-05-08 13:00:00+00:00,1.3909950000000002,1.3859482187499998,-1.057444394989215,-0.005287221974946075,1,SL,False
CADJPY,D,long,BULL_STRONG,2014-05-13 05:00:00+00:00,2014-05-14 09:00:00+00:00,93.789,93.36044270833332,-1.0853598289018966,-0.005426799144509483,7,SL,False
USDCAD,D,short,BEAR_STRONG,2014-05-19 05:00:00+00:00,2014-05-19 21:00:00+00:00,1.085365,1.0876924833333335,-1.10813537531012,-0.0055406768765506,4,SL,False
NZDCAD,D,short,BEAR_STRONG,2014-05-19 05:00:00+00:00,2014-05-19 13:00:00+00:00,0.938155,0.9399933479166667,-1.1806228167336184,-0.005903114083668092,2,SL,False
EURCHF,D,long,BULL_STRONG,2014-05-19 09:00:00+00:00,2014-05-21 05:00:00+00:00,1.22275,1.2211021375,-1.2646964788672785,-0.006323482394336393,11,SL,False
NZDCAD,D,short,BEAR_STRONG,2014-05-19 13:00:00+00:00,2014-05-21 13:00:00+00:00,0.93774,0.9331596209821429,1.6554684980062313,0.008277342490031156,12,TP2,True
GBPCHF,D,long,BULL_STRONG,2014-05-19 13:00:00+00:00,2014-05-21 05:00:00+00:00,1.50008,1.5064045566964286,1.699230923380934,0.00849615461690467,10,TP2,True
EURGBP,D,short,BEAR_STRONG,2014-05-20 13:00:00+00:00,2014-05-28 05:00:00+00:00,0.812715,0.812885,0.6013661646943919,0.0030068308234719593,34,BE_STOP,True
EURCHF,D,long,BULL_STRONG,2014-05-21 13:00:00+00:00,2014-05-22 09:00:00+00:00,1.22273,1.2211021375,-1.2340290665271747,-0.006170145332635874,5,SL,False
NQ,D,long,BULL_STRONG,2014-05-21 14:00:00+00:00,2014-05-23 14:00:00+00:00,3624.375,3664.774174107143,1.9481183239295217,0.009740591619647609,12,TP2,True
NZDCAD,D,short,BEAR_STRONG,2014-05-22 01:00:00+00:00,2014-05-23 13:00:00+00:00,0.93631,0.9291442638392857,1.6620317020573379,0.00831015851028669,9,TP2,True
NZDCHF,D,long,BULL_STRONG,2014-05-27 21:00:00+00:00,2014-05-28 01:00:00+00:00,0.768165,0.7651634479166668,-1.0980180098517882,-0.005490090049258941,1,SL,False
CHFJPY,D,short,BEAR_STRONG,2014-05-29 01:00:00+00:00,2014-05-30 13:00:00+00:00,113.32300000000001,113.66666666666666,-1.085301693877542,-0.00542650846938771,9,SL,False
NZDUSD,D,short,BEAR_STRONG,2014-06-02 21:00:00+00:00,2014-06-05 13:00:00+00:00,0.84503,0.8491015104166667,-1.037248226044877,-0.005186241130224385,16,SL,False
CADJPY,D,long,BULL_STRONG,2014-06-18 01:00:00+00:00,2014-06-18 17:00:00+00:00,94.1155,93.83256645833333,-1.1134725984953782,-0.005567362992476891,4,SL,False
CADJPY,D,long,BULL_STRONG,2014-06-18 21:00:00+00:00,2014-06-20 13:00:00+00:00,94.136,94.66397174107144,1.5043000351095739,0.007521500175547869,10,TP2,True
NZDJPY,D,long,BULL_STRONG,2014-06-23 05:00:00+00:00,2014-06-23 13:00:00+00:00,88.97,88.72471354166669,-1.1290299924710747,-0.005645149962355374,2,SL,False
AUDJPY,D,long,BULL_STRONG,2014-06-23 21:00:00+00:00,2014-06-24 09:00:00+00:00,95.98899999999999,95.71781916666667,-1.119751200752734,-0.00559875600376367,3,SL,False
EURAUD,D,short,BEAR_STRONG,2014-06-23 21:00:00+00:00,2014-06-24 05:00:00+00:00,1.44309,1.4478698520833333,-1.0807038042164234,-0.005403519021082117,2,SL,False
AUDUSD,D,long,BULL_STRONG,2014-06-24 01:00:00+00:00,2014-06-24 05:00:00+00:00,0.94274,0.9393571229166665,-1.0674132663874942,-0.005337066331937471,1,SL,False
NZDCHF,D,long,BULL_STRONG,2014-06-26 01:00:00+00:00,2014-06-30 05:00:00+00:00,0.782165,0.7784116208333334,-1.1059064872426074,-0.005529532436213037,13,SL,False
NZDJPY,D,long,BULL_STRONG,2014-06-26 01:00:00+00:00,2014-06-30 01:00:00+00:00,89.1835,88.72471354166669,-1.089377320773842,-0.00544688660386921,12,SL,False
GBPUSD,D,long,BULL_STRONG,2014-06-26 09:00:00+00:00,2014-06-30 17:00:00+00:00,1.701475,1.711158330803571,1.652181068220431,0.008260905341102156,14,TP2,True
NQ,D,long,BULL_STRONG,2014-06-26 10:00:00+00:00,2014-07-01 10:00:00+00:00,3798.375,3856.657924107142,1.7192463366387296,0.008596231683193649,18,TP2,True
CADJPY,D,long,BULL_STRONG,2014-07-01 09:00:00+00:00,2014-07-03 09:00:00+00:00,95.24549999999999,95.81912678571432,1.525660865428212,0.007628304327141061,12,TP2,True
EURCAD,D,short,BEAR_STRONG,2014-07-01 21:00:00+00:00,2014-07-03 17:00:00+00:00,1.4549,1.446351397321429,1.5844338934695381,0.007922169467347692,11,TP2,True
EURCHF,D,short,BEAR_STRONG,2014-07-03 21:00:00+00:00,2014-07-07 01:00:00+00:00,1.215625,1.2165574958333332,-1.3805758501413237,-0.0069028792507066184,7,SL,False
NQ,D,long,BULL_STRONG,2014-07-17 14:00:00+00:00,2014-07-17 18:00:00+00:00,3895.625,3871.0094791666666,-1.028326536575723,-0.005141632682878615,1,SL,False
USDJPY,D,short,BEAR_STRONG,2014-07-21 05:00:00+00:00,2014-07-22 09:00:00+00:00,101.281,101.5894375,-1.0673908244625359,-0.00533695412231268,7,SL,False
ES,D,long,BULL_STRONG,2014-07-22 14:00:00+00:00,2014-07-25 14:00:00+00:00,1978.875,1969.8727083333333,-1.0618166187727898,-0.005309083093863949,18,SL,False
USDCAD,D,short,BEAR_STRONG,2014-07-23 09:00:00+00:00,2014-07-23 13:00:00+00:00,1.0726399999999998,1.0738848958333334,-1.2079578028322613,-0.006039789014161307,1,SL,False
CL,D,short,BEAR_STRONG,2014-07-28 10:00:00+00:00,2014-07-30 18:00:00+00:00,101.405,99.58820089285715,1.7887428104540493,0.008943714052270247,14,TP2,True
AUDCAD,D,long,BULL_STRONG,2014-08-04 13:00:00+00:00,2014-08-07 01:00:00+00:00,1.0183200000000001,1.01815,0.5533575807625255,0.0027667879038126278,15,BE_STOP,True
EURNZD,D,long,BULL_STRONG,2014-08-11 21:00:00+00:00,2014-08-13 21:00:00+00:00,1.583405,1.5779193541666667,-1.092496136013579,-0.005462480680067895,12,SL,False
NZDCHF,D,short,BEAR_STRONG,2014-08-12 05:00:00+00:00,2014-08-13 21:00:00+00:00,0.765745,0.7692506354166666,-1.0681142485970652,-0.005340571242985326,10,SL,False
NZDCAD,D,short,BEAR_STRONG,2014-08-12 17:00:00+00:00,2014-08-13 09:00:00+00:00,0.9213,0.9254244479166667,-1.0756065084938649,-0.005378032542469324,4,SL,False
GBPUSD,D,short,BEAR_STRONG,2014-08-12 21:00:00+00:00,2014-08-13 09:00:00+00:00,1.6807199999999998,1.683453004166667,-1.1230799421744189,-0.005615399710872095,3,SL,False
GBPNZD,D,long,BULL_STRONG,2014-08-13 01:00:00+00:00,2014-08-13 09:00:00+00:00,1.99422,1.9875352145833334,-1.0689494390484207,-0.005344747195242103,2,SL,False
EURUSD,D,short,BEAR_STRONG,2014-08-19 09:00:00+00:00,2014-08-21 01:00:00+00:00,1.3323649999999998,1.3245611959821426,1.6423650754910626,0.008211825377455313,10,TP2,True
AUDNZD,D,long,BULL_STRONG,2014-08-19 13:00:00+00:00,2014-08-25 01:00:00+00:00,1.10337,1.1132443147321425,1.5776232787776627,0.007888116393888313,21,TP2,True
NZDCAD,D,short,BEAR_STRONG,2014-08-19 21:00:00+00:00,2014-08-25 21:00:00+00:00,0.920805,0.9137039187499999,1.6662409633256148,0.008331204816628074,24,TP2,True
NZDCHF,D,short,BEAR_STRONG,2014-08-20 01:00:00+00:00,2014-08-22 05:00:00+00:00,0.76339,0.7672233645833335,-1.0482820085133475,-0.005241410042566738,13,SL,False
GBPUSD,D,short,BEAR_STRONG,2014-08-20 05:00:00+00:00,2014-08-22 13:00:00+00:00,1.665085,1.6564918526785717,1.6734166499730938,0.00836708324986547,14,TP2,True
AUDCAD,D,long,BULL_STRONG,2014-08-21 09:00:00+00:00,2014-08-27 17:00:00+00:00,1.01766,1.0138203291666665,-1.1396507815755457,-0.005698253907877728,26,SL,False
AUDCHF,D,long,BULL_STRONG,2014-08-21 13:00:00+00:00,2014-08-26 21:00:00+00:00,0.84787,0.8551634700892858,1.5353579305227871,0.007676789652613936,20,TP2,True
EURCHF,D,short,BEAR_STRONG,2014-08-25 01:00:00+00:00,2014-08-27 09:00:00+00:00,1.20929,1.2071540254464288,1.2065366912128017,0.006032683456064009,14,TP2,True
NZDCHF,D,short,BEAR_STRONG,2014-08-25 21:00:00+00:00,2014-08-26 21:00:00+00:00,0.762255,0.7658836875,-1.06554963407362,-0.0053277481703681,6,SL,False
YM,D,long,BULL_STRONG,2014-08-26 06:00:00+00:00,2014-08-28 06:00:00+00:00,17046.5,17045.0,0.6309469981807077,0.0031547349909035382,12,BE_STOP,True
YM,D,long,BULL_STRONG,2014-08-28 14:00:00+00:00,2014-09-02 14:00:00+00:00,17079.5,17005.19655172414,-1.0393712120494496,-0.005196856060247248,17,SL,False
EURNZD,D,short,BEAR_STRONG,2014-09-01 01:00:00+00:00,2014-09-02 05:00:00+00:00,1.56709,1.5733758166666667,-1.0554942403440273,-0.005277471201720137,7,SL,False
NQ,D,long,BULL_STRONG,2014-09-01 02:00:00+00:00,2014-09-03 14:00:00+00:00,4084.375,4084.0,0.6473948774140497,0.0032369743870702484,14,BE_STOP,True
ES,D,long,BULL_STRONG,2014-09-01 02:00:00+00:00,2014-09-02 14:00:00+00:00,2001.375,1994.1931250000002,-1.078613166835004,-0.0053930658341750206,8,SL,False
EURAUD,D,short,BEAR_STRONG,2014-09-01 05:00:00+00:00,2014-09-02 01:00:00+00:00,1.405865,1.41044690625,-1.0831434484810267,-0.005415717242405134,5,SL,False
AUDNZD,D,long,BULL_STRONG,2014-09-03 01:00:00+00:00,2014-09-04 13:00:00+00:00,1.11854,1.1252223035714288,1.585494544203455,0.007927472721017275,9,TP2,True
ES,D,long,BULL_STRONG,2014-09-03 02:00:00+00:00,2014-09-04 18:00:00+00:00,2002.625,1994.1931250000002,-1.0664289814599353,-0.005332144907299676,10,SL,False
AUDCHF,D,long,BULL_STRONG,2014-09-03 09:00:00+00:00,2014-09-04 13:00:00+00:00,0.857605,0.8650580147321427,1.5625861222912258,0.00781293061145613,7,TP2,True
NZDJPY,D,long,BULL_STRONG,2014-09-03 21:00:00+00:00,2014-09-10 13:00:00+00:00,87.26849999999999,87.92641763392857,1.5228677497653285,0.007614338748826642,28,TP2,True
EURAUD,D,short,BEAR_STRONG,2014-09-04 01:00:00+00:00,2014-09-04 13:00:00+00:00,1.406135,1.3970821406249996,1.7234819052218078,0.00861740952610904,3,TP2,True
NZDCAD,D,short,BEAR_STRONG,2014-09-04 09:00:00+00:00,2014-09-08 21:00:00+00:00,0.90478,0.9093200749999999,-1.0450036212193174,-0.005225018106096587,15,SL,False
NZDUSD,D,short,BEAR_STRONG,2014-09-04 09:00:00+00:00,2014-09-05 09:00:00+00:00,0.8335899999999999,0.83368,0.6709778417310587,0.0033548892086552934,6,BE_STOP,True
NQ,D,long,BULL_STRONG,2014-09-04 14:00:00+00:00,2014-09-04 18:00:00+00:00,4085.625,4072.5921875000004,-1.055447969386497,-0.0052772398469324855,1,SL,False
GBPCHF,D,short,BEAR_STRONG,2014-09-09 13:00:00+00:00,2014-09-10 09:00:00+00:00,1.502625,1.5107876562499998,-1.0475896232870041,-0.0052379481164350206,5,SL,False
NZDCAD,D,short,BEAR_STRONG,2014-09-10 13:00:00+00:00,2014-09-11 09:00:00+00:00,0.90287,0.90304,0.6274157062829054,0.003137078531414527,5,BE_STOP,True
NZDJPY,D,long,BULL_STRONG,2014-09-11 21:00:00+00:00,2014-09-14 21:00:00+00:00,87.597,87.3068925,-1.1254582170024499,-0.005627291085012249,6,SL,False
NZDUSD,D,short,BEAR_STRONG,2014-09-15 01:00:00+00:00,2014-09-15 13:00:00+00:00,0.81267,0.8176478645833335,-1.0416897392564555,-0.0052084486962822776,3,SL,False
AUDCAD,D,short,BEAR_STRONG,2014-09-15 05:00:00+00:00,2014-09-17 17:00:00+00:00,0.997915,0.9874373816964286,1.695458401506605,0.008477292007533025,15,TP2,True
NZDCAD,D,short,BEAR_STRONG,2014-09-16 21:00:00+00:00,2014-09-25 01:00:00+00:00,0.8980899999999999,0.8879822767857138,1.6522893882875176,0.008261446941437588,37,TP2,True
NZDJPY,D,long,BULL_STRONG,2014-09-17 05:00:00+00:00,2014-09-17 17:00:00+00:00,87.79849999999999,87.48289583333334,-1.0980957175748194,-0.005490478587874097,3,SL,False
CADCHF,D,long,BULL_STRONG,2014-09-17 17:00:00+00:00,2014-09-18 05:00:00+00:00,0.85591,0.8518753083333332,-1.0749936670238895,-0.005374968335119448,3,SL,False
NZDUSD,D,short,BEAR_STRONG,2014-09-18 05:00:00+00:00,2014-09-18 21:00:00+00:00,0.8131649999999999,0.8176478645833335,-1.046403228720824,-0.00523201614360412,4,SL,False
USDCHF,D,long,BULL_STRONG,2014-09-18 05:00:00+00:00,2014-09-18 13:00:00+00:00,0.93748,0.93739,0.5157246495711012,0.002578623247855506,2,BE_STOP,True
ES,D,long,BULL_STRONG,2014-09-18 10:00:00+00:00,2014-09-22 14:00:00+00:00,2000.875,1989.3528125,-1.048000448543635,-0.005240002242718175,13,SL,False
NQ,D,long,BULL_STRONG,2014-09-18 22:00:00+00:00,2014-09-19 14:00:00+00:00,4107.875,4086.4815625,-1.0334767986440478,-0.005167383993220239,4,SL,False
NZDUSD,D,short,BEAR_STRONG,2014-09-22 09:00:00+00:00,2014-09-23 09:00:00+00:00,0.81119,0.8143232625000001,-1.057033068951505,-0.005285165344757525,6,SL,False
USDCHF,D,long,BULL_STRONG,2014-09-22 09:00:00+00:00,2014-09-25 09:00:00+00:00,0.938955,0.9496479473214283,1.6562761226372285,0.008281380613186142,18,TP2,True
USDCAD,D,long,BULL_STRONG,2014-09-23 01:00:00+00:00,2014-09-26 13:00:00+00:00,1.1025250000000002,1.1163550401785713,1.671329562002703,0.008356647810013516,21,TP2,True
GBPCHF,D,long,BULL_STRONG,2014-09-23 01:00:00+00:00,2014-09-23 05:00:00+00:00,1.539445,1.5308602875,-1.045815267010014,-0.00522907633505007,1,SL,False
EURNZD,D,long,BULL_STRONG,2014-09-23 13:00:00+00:00,2014-09-24 13:00:00+00:00,1.59487,1.5836569375,-1.0401412017726064,-0.005200706008863032,6,SL,False
NZDCHF,D,short,BEAR_STRONG,2014-09-24 09:00:00+00:00,2014-09-24 17:00:00+00:00,0.75873,0.7639725562499999,-1.054454240896788,-0.0052722712044839404,2,SL,False
GBPAUD,D,long,BULL_STRONG,2014-09-29 01:00:00+00:00,2014-09-30 09:00:00+00:00,1.865325,1.8528260125000002,-1.0390255485294324,-0.005195127742647162,8,SL,False
AUDCAD,D,short,BEAR_STRONG,2014-09-29 05:00:00+00:00,2014-09-30 13:00:00+00:00,0.97248,0.9783126520833333,-1.045234493701973,-0.005226172468509866,8,SL,False
AUDCHF,D,short,BEAR_STRONG,2014-09-29 05:00:00+00:00,2014-09-30 09:00:00+00:00,0.829555,0.83459829375,-1.0484554619757949,-0.005242277309878974,7,SL,False
USDCAD,D,long,BULL_STRONG,2014-09-29 05:00:00+00:00,2014-10-02 01:00:00+00:00,1.116165,1.1102118749999998,-1.0522354716981372,-0.0052611773584906865,17,SL,False
EURAUD,D,long,BULL_STRONG,2014-09-29 05:00:00+00:00,2014-09-30 09:00:00+00:00,1.45467,1.4473554125,-1.059297167261233,-0.005296485836306165,7,SL,False
NZDJPY,D,short,BEAR_STRONG,2014-10-01 01:00:00+00:00,2014-10-12 21:00:00+00:00,85.379,83.82499486607144,1.742375590887078,0.00871187795443539,47,TP2,True
EURGBP,D,short,BEAR_STRONG,2014-10-01 13:00:00+00:00,2014-10-02 09:00:00+00:00,0.77871,0.7818765854166667,-1.0931124467362507,-0.005465562233681254,5,SL,False
USDCAD,D,long,BULL_STRONG,2014-10-02 13:00:00+00:00,2014-10-03 13:00:00+00:00,1.114805,1.1249939732142853,1.8116880293445679,0.00905844014672284,6,TP2,True
USDCHF,D,long,BULL_STRONG,2014-10-07 09:00:00+00:00,2014-10-08 17:00:00+00:00,0.96041,0.9538671687499999,-1.039433450239386,-0.00519716725119693,8,SL,False
EURJPY,D,short,BEAR_STRONG,2014-10-07 21:00:00+00:00,2014-10-08 13:00:00+00:00,136.923,137.550875,-1.0592088725189217,-0.005296044362594609,4,SL,False
AUDJPY,D,short,BEAR_STRONG,2014-10-08 05:00:00+00:00,2014-10-08 17:00:00+00:00,95.027,95.48741312499999,-1.068342090685738,-0.00534171045342869,3,SL,False
ES,D,short,BEAR_STRONG,2014-10-13 14:00:00+00:00,2014-10-15 14:00:00+00:00,1896.625,1834.1625669642858,1.7316223202672312,0.008658111601336156,12,TP2,True
YM,D,short,BEAR_STRONG,2014-10-13 14:00:00+00:00,2014-10-15 14:00:00+00:00,16455.5,16038.893035714284,1.804966942580467,0.009024834712902335,12,TP2,True
CHFJPY,D,short,BEAR_STRONG,2014-10-13 17:00:00+00:00,2014-10-15 17:00:00+00:00,112.683,112.7,0.6089900589530047,0.003044950294765024,12,BE_STOP,True
EURJPY,D,short,BEAR_STRONG,2014-10-13 17:00:00+00:00,2014-10-15 21:00:00+00:00,136.223,136.24,0.6744353348610528,0.003372176674305264,13,BE_STOP,True
NZDJPY,D,short,BEAR_STRONG,2014-10-13 21:00:00+00:00,2014-10-14 01:00:00+00:00,84.3105,84.64483166666665,-1.0907677141161385,-0.005453838570580693,1,SL,False
USDCAD,D,long,BULL_STRONG,2014-10-14 09:00:00+00:00,2014-10-15 01:00:00+00:00,1.1226450000000001,1.1335345397321426,1.7243906088176975,0.008621953044088488,4,TP2,True
NZDJPY,D,short,BEAR_STRONG,2014-10-14 09:00:00+00:00,2014-10-15 17:00:00+00:00,84.1795,84.64483166666665,-1.0530525317937918,-0.005265262658968959,8,SL,False
GBPUSD,D,short,BEAR_STRONG,2014-10-15 17:00:00+00:00,2014-10-16 17:00:00+00:00,1.601835,1.6078388770833334,-1.048066081860451,-0.005240330409302255,6,SL,False
CHFJPY,D,short,BEAR_STRONG,2014-10-15 17:00:00+00:00,2014-10-16 13:00:00+00:00,112.66300000000001,111.76796517857146,1.793046820669128,0.00896523410334564,5,TP2,True
NZDCHF,D,short,BEAR_STRONG,2014-10-16 09:00:00+00:00,2014-10-16 13:00:00+00:00,0.747505,0.7509572291666666,-1.0836780998686122,-0.005418390499343061,1,SL,False
USDCAD,D,long,BULL_STRONG,2014-10-16 21:00:00+00:00,2014-10-28 13:00:00+00:00,1.125385,1.1172900687499998,-1.057159004332503,-0.005285795021662515,46,SL,False
EURNZD,D,long,BULL_STRONG,2014-10-23 17:00:00+00:00,2014-10-27 09:00:00+00:00,1.61678,1.6097839291666665,-1.0653888907540123,-0.005326944453770062,10,SL,False
NZDCHF,D,short,BEAR_STRONG,2014-10-23 17:00:00+00:00,2014-10-27 17:00:00+00:00,0.74623,0.7497679104166667,-1.0518042876486844,-0.0052590214382434225,12,SL,False
USDCHF,D,long,BULL_STRONG,2014-10-29 21:00:00+00:00,2014-10-30 13:00:00+00:00,0.955495,0.955405,0.6467110276086803,0.0032335551380434013,4,BE_STOP,True
EURUSD,D,short,BEAR_STRONG,2014-10-30 01:00:00+00:00,2014-11-02 22:00:00+00:00,1.2606849999999998,1.248636513392857,1.6974431781983275,0.008487215890991637,11,TP2,True
GBPUSD,D,short,BEAR_STRONG,2014-10-30 05:00:00+00:00,2014-11-05 14:00:00+00:00,1.5976249999999999,1.597715,0.7066000341977103,0.0035330001709885516,26,BE_STOP,True
USDCHF,D,long,BULL_STRONG,2014-10-30 21:00:00+00:00,2014-10-31 13:00:00+00:00,0.956455,0.9650444964285715,1.6996462394079912,0.008498231197039956,4,TP2,True
NZDUSD,D,short,BEAR_STRONG,2014-11-03 14:00:00+00:00,2014-11-04 14:00:00+00:00,0.7722399999999999,0.7789116562499999,-1.0255427499727041,-0.005127713749863521,6,SL,False
NZDUSD,D,short,BEAR_STRONG,2014-11-06 10:00:00+00:00,2014-11-10 02:00:00+00:00,0.7720699999999999,0.7789116562499999,-1.0248960838312875,-0.005124480419156438,10,SL,False
NZDJPY,D,long,BULL_STRONG,2014-11-10 06:00:00+00:00,2014-11-11 14:00:00+00:00,89.1,90.29350799107142,1.638309639489619,0.008191548197448096,8,TP2,True
EURCHF,D,short,BEAR_STRONG,2014-11-10 10:00:00+00:00,2014-11-21 06:00:00+00:00,1.202795,1.202965,0.5282360135900788,0.002641180067950394,53,BE_STOP,True
CADJPY,D,long,BULL_STRONG,2014-11-10 14:00:00+00:00,2014-11-11 22:00:00+00:00,101.127,102.26659803571428,1.744268986207161,0.008721344931035805,8,TP2,True
EURAUD,D,short,BEAR_STRONG,2014-11-13 02:00:00+00:00,2014-11-18 10:00:00+00:00,1.43016,1.4398115604166666,-1.0232263878857852,-0.0051161319394289265,20,SL,False
CADJPY,D,long,BULL_STRONG,2014-11-24 02:00:00+00:00,2014-11-27 02:00:00+00:00,105.067,104.13995416666668,-1.0513264038899106,-0.005256632019449553,18,SL,False
NZDJPY,D,long,BULL_STRONG,2014-11-24 02:00:00+00:00,2014-11-25 02:00:00+00:00,93.20349999999999,92.498253125,-1.0509242995109807,-0.005254621497554904,6,SL,False
AUDCAD,D,short,BEAR_STRONG,2014-11-24 10:00:00+00:00,2014-11-25 14:00:00+00:00,0.970365,0.9585656656250001,1.6725293411195963,0.008362646705597982,7,TP2,True
CL,D,short,BEAR_STRONG,2014-11-25 23:00:00+00:00,2014-11-26 07:00:00+00:00,73.845,74.48197916666665,-1.033614630715125,-0.005168073153575626,2,SL,False
AUDUSD,D,short,BEAR_STRONG,2014-11-27 10:00:00+00:00,2014-12-02 22:00:00+00:00,0.8563649999999999,0.842236288392857,1.7340827288525205,0.008670413644262602,21,TP2,True
GBPJPY,D,long,BULL_STRONG,2014-12-01 18:00:00+00:00,2014-12-05 06:00:00+00:00,186.257,188.34003214285718,1.6615412348100755,0.008307706174050378,21,TP2,True
AUDNZD,D,short,BEAR_STRONG,2014-12-02 02:00:00+00:00,2014-12-08 02:00:00+00:00,1.08033,1.0862663229166665,-1.0210266059934945,-0.0051051330299674725,24,SL,False
EURAUD,D,long,BULL_STRONG,2014-12-03 02:00:00+00:00,2014-12-10 18:00:00+00:00,1.473335,1.499683002232143,1.6802131268070908,0.008401065634035454,34,TP2,True
AUDCHF,D,short,BEAR_STRONG,2014-12-03 02:00:00+00:00,2014-12-03 10:00:00+00:00,0.816925,0.8229405624999999,-1.048647072031136,-0.00524323536015568,2,SL,False
YM,D,long,BULL_STRONG,2014-12-03 15:00:00+00:00,2014-12-04 15:00:00+00:00,17887.5,17813.485267857144,-1.0404193729106779,-0.00520209686455339,6,SL,False
ES,D,long,BULL_STRONG,2014-12-04 07:00:00+00:00,2014-12-04 11:00:00+00:00,2074.875,2068.5906250000003,-1.0915477525119026,-0.005457738762559513,1,SL,False
AUDCHF,D,short,BEAR_STRONG,2014-12-04 14:00:00+00:00,2014-12-11 06:00:00+00:00,0.81541,0.8011695133928572,1.6818018702472002,0.008409009351236,28,TP2,True
USDCAD,D,long,BULL_STRONG,2014-12-08 06:00:00+00:00,2014-12-11 14:00:00+00:00,1.1442350000000001,1.1547443790178569,1.6502012284393524,0.008251006142196761,20,TP2,True
AUDCAD,D,short,BEAR_STRONG,2014-12-08 06:00:00+00:00,2014-12-10 10:00:00+00:00,0.94831,0.95460599375,-1.0330988584505172,-0.005165494292252586,13,SL,False
GBPJPY,D,long,BULL_STRONG,2014-12-08 10:00:00+00:00,2014-12-09 02:00:00+00:00,188.857,187.8226458333333,-1.042698974873543,-0.0052134948743677145,4,SL,False
NZDCAD,D,short,BEAR_STRONG,2014-12-08 22:00:00+00:00,2014-12-09 14:00:00+00:00,0.876855,0.882692375,-1.0516570193431716,-0.005258285096715858,4,SL,False
NZDUSD,D,short,BEAR_STRONG,2014-12-10 02:00:00+00:00,2014-12-10 18:00:00+00:00,0.7707299999999999,0.7775813666666668,-1.0292695559576264,-0.0051463477797881315,4,SL,False
AUDUSD,D,short,BEAR_STRONG,2014-12-10 18:00:00+00:00,2014-12-17 02:00:00+00:00,0.83182,0.8180981080357144,1.7671655111838942,0.008835827555919471,26,TP2,True
AUDJPY,D,short,BEAR_STRONG,2014-12-18 14:00:00+00:00,2015-01-05 14:00:00+00:00,97.042,96.795,0.2150891307705906,0.001075445653852953,60,TIME,False
AUDCAD,D,short,BEAR_STRONG,2014-12-18 18:00:00+00:00,2015-01-02 14:00:00+00:00,0.945095,0.9531786250000001,-0.9876558846293582,-0.004938279423146791,53,SL,False
NZDUSD,D,short,BEAR_STRONG,2014-12-23 18:00:00+00:00,2014-12-26 02:00:00+00:00,0.77088,0.7744391270833334,-1.0484050298436123,-0.0052420251492180615,8,SL,False
GBPJPY,D,long,BULL_STRONG,2014-12-29 02:00:00+00:00,2014-12-29 14:00:00+00:00,187.46699999999998,187.1076197916667,-1.126308060300903,-0.005631540301504515,3,SL,False
CL,D,short,BEAR_STRONG,2014-12-29 11:00:00+00:00,2014-12-29 19:00:00+00:00,55.085,53.31148602484473,1.937128346202386,0.00968564173101193,2,TP2,True
NQ,D,long,BULL_STRONG,2014-12-29 15:00:00+00:00,2014-12-30 15:00:00+00:00,4310.625,4288.495923913044,-1.0330903503841116,-0.005165451751920558,6,SL,False
ES,D,long,BULL_STRONG,2014-12-29 23:00:00+00:00,2014-12-30 07:00:00+00:00,2088.125,2079.4827445652177,-1.0655658947852835,-0.005327829473926417,2,SL,False
EURUSD,D,short,BEAR_STRONG,2014-12-30 02:00:00+00:00,2014-12-30 06:00:00+00:00,1.2132899999999998,1.2174943906250002,-1.06315895200158,-0.005315794760007901,1,SL,False
USDCAD,D,long,BULL_STRONG,2014-12-30 02:00:00+00:00,2014-12-30 10:00:00+00:00,1.1646200000000002,1.1614075260416665,-1.081040483724385,-0.005405202418621925,2,SL,False
EURUSD,D,short,BEAR_STRONG,2014-12-30 06:00:00+00:00,2014-12-30 14:00:00+00:00,1.21593,1.2174943906250002,-1.1765001727409437,-0.0058825008637047186,2,SL,False
EURUSD,D,short,BEAR_STRONG,2014-12-30 18:00:00+00:00,2014-12-31 18:00:00+00:00,1.2154749999999999,1.210256271205357,1.932600282055881,0.009663001410279405,6,TP2,True
NZDJPY,D,long,BULL_STRONG,2014-12-31 14:00:00+00:00,2015-01-02 10:00:00+00:00,93.4305,92.9253796875,-1.0616247044625822,-0.005308123522312911,5,SL,False
AUDNZD,D,short,BEAR_STRONG,2015-01-01 22:00:00+00:00,2015-01-02 06:00:00+00:00,1.04757,1.0506395338541668,-1.1092105889865498,-0.005546052944932749,2,SL,False
EURCHF,D,short,BEAR_STRONG,2015-01-05 14:00:00+00:00,2015-01-15 10:00:00+00:00,1.201455,1.1995229347098213,1.4175750576321975,0.007087875288160988,47,TP2,True
GBPNZD,D,short,BEAR_STRONG,2015-01-05 14:00:00+00:00,2015-01-07 18:00:00+00:00,1.97789,1.9411366796874998,1.7191908663591768,0.008595954331795884,13,TP2,True
NZDCHF,D,long,BULL_STRONG,2015-01-06 06:00:00+00:00,2015-01-08 06:00:00+00:00,0.780845,0.7939649308035716,1.6513781724987964,0.008256890862493982,12,TP2,True
EURNZD,D,short,BEAR_STRONG,2015-01-06 06:00:00+00:00,2015-01-08 06:00:00+00:00,1.538745,1.5105860558035715,1.7016508714164937,0.00850825435708247,12,TP2,True
AUDCHF,D,long,BULL_STRONG,2015-01-06 22:00:00+00:00,2015-01-09 10:00:00+00:00,0.81664,0.8296043342633931,1.6565812563361102,0.008282906281680552,15,TP2,True
AUDNZD,D,short,BEAR_STRONG,2015-01-06 22:00:00+00:00,2015-01-09 14:00:00+00:00,1.04031,1.0460424609375,-1.0387676250535474,-0.005193838125267737,16,SL,False
EURUSD,D,short,BEAR_STRONG,2015-01-15 06:00:00+00:00,2015-01-16 14:00:00+00:00,1.1723199999999998,1.1528674334821432,1.7530011844267164,0.008765005922133582,8,TP2,True
USDCAD,D,long,BULL_STRONG,2015-01-15 10:00:00+00:00,2015-01-16 10:00:00+00:00,1.1879100000000002,1.202577779017857,1.7852157558083008,0.008926078779041504,6,TP2,True
NQ,D,short,BEAR_STRONG,2015-01-15 19:00:00+00:00,2015-01-20 19:00:00+00:00,4078.875,4172.903125,-1.0074883779905903,-0.005037441889952952,17,SL,False
CL,D,short,BEAR_STRONG,2015-01-15 19:00:00+00:00,2015-01-16 15:00:00+00:00,46.695,48.89985,-1.0085556544968837,-0.005042778272484418,5,SL,False
GBPAUD,D,short,BEAR_STRONG,2015-01-19 14:00:00+00:00,2015-01-21 14:00:00+00:00,1.84347,1.8613829,-1.0184911034836472,-0.005092455517418236,12,SL,False
GBPCAD,D,long,BULL_STRONG,2015-01-21 06:00:00+00:00,2015-01-21 18:00:00+00:00,1.82842,1.8568000294642852,1.688692324267917,0.008443461621339585,3,TP2,True
GBPUSD,D,short,BEAR_STRONG,2015-01-21 14:00:00+00:00,2015-01-22 10:00:00+00:00,1.5108499999999998,1.5181876562500003,-1.0416022765980562,-0.005208011382990281,5,SL,False
EURJPY,D,short,BEAR_STRONG,2015-01-22 18:00:00+00:00,2015-01-23 10:00:00+00:00,134.673,132.8256982142857,1.8566384303735826,0.009283192151867913,4,TP2,True
YM,D,short,BEAR_STRONG,2015-01-29 15:00:00+00:00,2015-02-03 11:00:00+00:00,17236.5,17483.088362068967,-1.0117464573825414,-0.005058732286912707,17,SL,False
EURGBP,D,short,BEAR_STRONG,2015-02-09 06:00:00+00:00,2015-02-11 18:00:00+00:00,0.744525,0.744695,0.6510302695872626,0.003255151347936313,15,BE_STOP,True
CL,D,long,BULL_STRONG,2015-02-09 15:00:00+00:00,2015-02-10 11:00:00+00:00,53.555,51.84550833333334,-1.0113806402116667,-0.005056903201058334,5,SL,False
GBPCAD,D,long,BULL_STRONG,2015-02-10 18:00:00+00:00,2015-02-17 06:00:00+00:00,1.92048,1.9067302625,-1.0470456221999878,-0.005235228110999939,27,SL,False
EURGBP,D,short,BEAR_STRONG,2015-02-12 06:00:00+00:00,2015-02-17 14:00:00+00:00,0.74433,0.7445,0.6496473389547628,0.003248236694773814,20,BE_STOP,True
AUDUSD,D,short,BEAR_STRONG,2015-02-12 22:00:00+00:00,2015-02-17 02:00:00+00:00,0.77413,0.7803924479166667,-1.0224186905856893,-0.005112093452928447,13,SL,False
AUDNZD,D,short,BEAR_STRONG,2015-02-16 02:00:00+00:00,2015-02-24 14:00:00+00:00,1.037755,1.0434856937499999,-1.0027488836262568,-0.0050137444181312845,39,SL,False
GBPJPY,D,long,BULL_STRONG,2015-02-18 10:00:00+00:00,2015-02-20 06:00:00+00:00,183.977,182.89009583333333,-1.0446365024904836,-0.005223182512452418,11,SL,False
EURGBP,D,short,BEAR_STRONG,2015-02-19 10:00:00+00:00,2015-02-20 14:00:00+00:00,0.737435,0.7430351562499999,-1.0411113216125234,-0.005205556608062617,7,SL,False
YM,D,long,BULL_STRONG,2015-02-23 15:00:00+00:00,2015-03-04 11:00:00+00:00,18074.5,18073.0,0.7062510915100416,0.0035312554575502083,41,BE_STOP,True
ES,D,long,BULL_STRONG,2015-02-23 15:00:00+00:00,2015-03-04 11:00:00+00:00,2104.625,2092.6084051724138,-1.0466748764277911,-0.005233374382138956,41,SL,False
GBPNZD,D,long,BULL_STRONG,2015-02-23 18:00:00+00:00,2015-02-24 06:00:00+00:00,2.0545950000000004,2.0746858178571426,1.7615280625473018,0.008807640312736509,3,TP2,True
GBPJPY,D,long,BULL_STRONG,2015-02-23 18:00:00+00:00,2015-02-24 14:00:00+00:00,183.667,184.80879107142857,2.0949272366373632,0.010474636183186817,5,TP2,True
USDCHF,D,long,BULL_STRONG,2015-02-24 02:00:00+00:00,2015-03-10 01:00:00+00:00,0.95023,0.99039,1.6522963478750905,0.008261481739375453,60,TIME,True
GBPJPY,D,long,BULL_STRONG,2015-02-24 14:00:00+00:00,2015-02-26 14:00:00+00:00,183.827,183.81,0.6230108822040551,0.0031150544110202755,12,BE_STOP,True
GBPUSD,D,long,BULL_STRONG,2015-02-24 22:00:00+00:00,2015-02-25 10:00:00+00:00,1.547255,1.547165,0.6564737013627946,0.003282368506813973,3,BE_STOP,True
GBPNZD,D,long,BULL_STRONG,2015-02-25 14:00:00+00:00,2015-02-26 06:00:00+00:00,2.056845,2.04507255,-1.0394708272821889,-0.0051973541364109446,4,SL,False
USDCAD,D,long,BULL_STRONG,2015-02-26 18:00:00+00:00,2015-03-03 10:00:00+00:00,1.2515100000000001,1.24379568125,-1.0426544863434708,-0.005213272431717354,16,SL,False
GBPCHF,D,long,BULL_STRONG,2015-03-03 10:00:00+00:00,2015-03-04 14:00:00+00:00,1.4748,1.4686320312499996,-1.071102737906057,-0.0053555136895302845,7,SL,False
EURAUD,D,short,BEAR_STRONG,2015-03-03 14:00:00+00:00,2015-03-06 06:00:00+00:00,1.42931,1.4099307142857147,1.682454079202701,0.008412270396013504,16,TP2,True
GBPCHF,D,long,BULL_STRONG,2015-03-05 10:00:00+00:00,2015-03-09 09:00:00+00:00,1.47472,1.4881748102678578,1.797393894049969,0.008986969470249845,12,TP2,True
GBPNZD,D,short,BEAR_STRONG,2015-03-05 22:00:00+00:00,2015-03-06 14:00:00+00:00,2.03361,2.0447447500000004,-1.0414697462322637,-0.005207348731161319,4,SL,False
CADJPY,D,long,BULL_STRONG,2015-03-05 22:00:00+00:00,2015-03-10 17:00:00+00:00,96.184,95.58189875000001,-1.0691602692696287,-0.005345801346348144,17,SL,False
GBPNZD,D,short,BEAR_STRONG,2015-03-12 13:00:00+00:00,2015-03-23 01:00:00+00:00,2.0152799999999997,1.9686720723214282,1.7536296482129878,0.008768148241064939,39,TP2,True
USDCAD,D,long,BULL_STRONG,2015-03-16 13:00:00+00:00,2015-03-18 17:00:00+00:00,1.27452,1.2666479458333333,-1.0422038696938065,-0.005211019348469033,13,SL,False
GBPCAD,D,short,BEAR_STRONG,2015-03-23 09:00:00+00:00,2015-03-27 13:00:00+00:00,1.86757,1.86774,0.7054822420979239,0.0035274112104896195,25,BE_STOP,True
EURNZD,D,short,BEAR_STRONG,2015-03-24 01:00:00+00:00,2015-03-24 05:00:00+00:00,1.4262299999999999,1.43408801875,-1.048084195944501,-0.005240420979722505,1,SL,False
GBPJPY,D,short,BEAR_STRONG,2015-03-24 13:00:00+00:00,2015-04-07 13:00:00+00:00,178.073,178.677,-0.460647466730308,-0.00230323733365154,60,TIME,False
EURNZD,D,short,BEAR_STRONG,2015-03-24 17:00:00+00:00,2015-03-25 05:00:00+00:00,1.42732,1.43408801875,-1.056050886487705,-0.005280254432438525,3,SL,False
NZDCAD,D,long,BULL_STRONG,2015-03-26 09:00:00+00:00,2015-04-01 05:00:00+00:00,0.948145,0.9418218229166666,-1.0735782984738573,-0.0053678914923692865,23,SL,False
EURUSD,D,short,BEAR_STRONG,2015-03-30 05:00:00+00:00,2015-04-02 09:00:00+00:00,1.08615,1.08624,0.7044293046299477,0.0035221465231497387,19,BE_STOP,True
GBPUSD,D,short,BEAR_STRONG,2015-03-30 13:00:00+00:00,2015-03-31 13:00:00+00:00,1.4813599999999998,1.48711554375,-1.0471958935980572,-0.005235979467990286,6,SL,False
CHFJPY,D,short,BEAR_STRONG,2015-03-31 09:00:00+00:00,2015-04-01 09:00:00+00:00,123.173,124.0063625,-1.0358225910670762,-0.005179112955335381,6,SL,False
GBPCAD,D,short,BEAR_STRONG,2015-04-06 05:00:00+00:00,2015-04-08 13:00:00+00:00,1.8621,1.8710274166666665,-1.0377615925548835,-0.005188807962774418,14,SL,False
AUDCAD,D,short,BEAR_STRONG,2015-04-06 21:00:00+00:00,2015-04-07 01:00:00+00:00,0.94671,0.9536355687499999,-1.044783705294985,-0.005223918526474925,1,SL,False
GBPCAD,D,short,BEAR_STRONG,2015-04-13 13:00:00+00:00,2015-04-15 17:00:00+00:00,1.84731,1.8260708361607143,1.703278346741453,0.008516391733707265,13,TP2,True
CL,D,long,BULL_STRONG,2015-04-14 02:00:00+00:00,2015-04-15 06:00:00+00:00,52.375,53.97563571428572,2.0000046389720048,0.010000023194860024,7,TP2,True
AUDNZD,D,short,BEAR_STRONG,2015-04-14 13:00:00+00:00,2015-04-16 01:00:00+00:00,1.01382,1.01399,0.6176524024106922,0.003088262012053461,9,BE_STOP,True
GBPNZD,D,short,BEAR_STRONG,2015-04-20 01:00:00+00:00,2015-04-20 17:00:00+00:00,1.94086,1.94891870625,-1.0559940231010638,-0.005279970115505319,4,SL,False
EURNZD,D,short,BEAR_STRONG,2015-04-20 05:00:00+00:00,2015-04-22 21:00:00+00:00,1.395465,1.40674885625,-1.0238769598985955,-0.005119384799492977,16,SL,False
EURCHF,D,short,BEAR_STRONG,2015-04-20 13:00:00+00:00,2015-04-22 09:00:00+00:00,1.02606,1.0332595624999998,-1.0375056626923806,-0.005187528313461903,11,SL,False
AUDCAD,D,short,BEAR_STRONG,2015-04-20 21:00:00+00:00,2015-04-22 01:00:00+00:00,0.943205,0.9515924104166666,-1.0306725217823847,-0.005153362608911923,7,SL,False
AUDCHF,D,short,BEAR_STRONG,2015-04-20 21:00:00+00:00,2015-04-21 09:00:00+00:00,0.736485,0.7420312083333334,-1.05079935208364,-0.0052539967604182,3,SL,False
GBPCHF,D,short,BEAR_STRONG,2015-04-21 05:00:00+00:00,2015-04-22 09:00:00+00:00,1.428755,1.43692313125,-1.0400125591837477,-0.005200062795918738,7,SL,False
GBPNZD,D,short,BEAR_STRONG,2015-04-21 09:00:00+00:00,2015-04-22 01:00:00+00:00,1.934745,1.94891870625,-1.0314819728527227,-0.005157409864263614,4,SL,False
AUDCHF,D,short,BEAR_STRONG,2015-04-21 17:00:00+00:00,2015-04-22 01:00:00+00:00,0.73619,0.7420312083333334,-1.0481496330147166,-0.005240748165073583,2,SL,False
CL,D,long,BULL_STRONG,2015-04-30 02:00:00+00:00,2015-05-05 14:00:00+00:00,58.565,60.75724464285714,1.7381829639618405,0.008690914819809202,21,TP2,True
CADJPY,D,long,BULL_STRONG,2015-05-04 17:00:00+00:00,2015-05-07 05:00:00+00:00,99.3475,98.82169562500002,-1.080401529566245,-0.005402007647831226,15,SL,False
EURUSD,D,long,BULL_STRONG,2015-05-07 09:00:00+00:00,2015-05-08 05:00:00+00:00,1.129625,1.1181381416666665,-1.0217733249587182,-0.005108866624793591,5,SL,False
NZDCAD,D,short,BEAR_STRONG,2015-05-11 01:00:00+00:00,2015-05-13 09:00:00+00:00,0.89529,0.89546,0.696698999894492,0.0034834949994724603,14,BE_STOP,True
EURNZD,D,long,BULL_STRONG,2015-05-12 09:00:00+00:00,2015-05-13 09:00:00+00:00,1.524575,1.5091308854166665,-1.028377455048881,-0.005141887275244405,6,SL,False
CADJPY,D,long,BULL_STRONG,2015-05-12 17:00:00+00:00,2015-05-15 17:00:00+00:00,99.747,99.17366708333336,-1.0826206370735703,-0.005413103185367851,18,SL,False
NZDCAD,D,short,BEAR_STRONG,2015-05-14 09:00:00+00:00,2015-05-19 09:00:00+00:00,0.89781,0.9040497187500001,-1.0240033197584322,-0.005120016598792161,18,SL,False
EURNZD,D,long,BULL_STRONG,2015-05-14 21:00:00+00:00,2015-05-19 05:00:00+00:00,1.528615,1.5091308854166665,-1.0250597094633402,-0.005125298547316701,14,SL,False
NZDCHF,D,short,BEAR_STRONG,2015-05-18 01:00:00+00:00,2015-05-19 01:00:00+00:00,0.681675,0.6869651874999998,-1.042075509930059,-0.0052103775496502944,6,SL,False
CADCHF,D,short,BEAR_STRONG,2015-05-18 09:00:00+00:00,2015-05-19 05:00:00+00:00,0.76064,0.7669971625,-1.0446876253856272,-0.005223438126928136,5,SL,False
NZDUSD,D,short,BEAR_STRONG,2015-05-20 17:00:00+00:00,2015-05-22 01:00:00+00:00,0.73061,0.7383955166666666,-1.0210883046622432,-0.005105441523311216,8,SL,False
GBPNZD,D,long,BULL_STRONG,2015-05-20 21:00:00+00:00,2015-05-26 01:00:00+00:00,2.12698,2.1112007749999995,-1.0395776984443628,-0.005197888492221814,19,SL,False
GBPAUD,D,long,BULL_STRONG,2015-05-20 21:00:00+00:00,2015-05-26 01:00:00+00:00,1.9716,1.97143,0.6948835792565898,0.0034744178962829494,19,BE_STOP,True
CHFJPY,D,long,BULL_STRONG,2015-05-27 09:00:00+00:00,2015-05-27 13:00:00+00:00,129.787,129.49439583333333,-1.1276112056844592,-0.0056380560284222956,1,SL,False
CHFJPY,D,long,BULL_STRONG,2015-05-27 13:00:00+00:00,2015-05-29 13:00:00+00:00,130.327,131.92876339285715,1.6669716720368761,0.008334858360184381,12,TP2,True
EURJPY,D,long,BULL_STRONG,2015-05-28 09:00:00+00:00,2015-06-02 09:00:00+00:00,135.327,137.11576250000002,1.719275924261318,0.00859637962130659,18,TP2,True
NQ,D,long,BULL_STRONG,2015-05-28 10:00:00+00:00,2015-06-01 14:00:00+00:00,4526.625,4494.716145833332,-1.0233758295482691,-0.005116879147741346,13,SL,False
GBPNZD,D,long,BULL_STRONG,2015-05-28 13:00:00+00:00,2015-06-09 09:00:00+00:00,2.1363450000000004,2.136175,0.6955117460357626,0.003477558730178813,47,BE_STOP,True
NZDCAD,D,short,BEAR_STRONG,2015-05-28 17:00:00+00:00,2015-06-02 13:00:00+00:00,0.8923449999999999,0.892515,0.6934144815882552,0.003467072407941276,17,BE_STOP,True
CHFJPY,D,long,BULL_STRONG,2015-06-01 17:00:00+00:00,2015-06-05 05:00:00+00:00,131.927,133.75785714285718,1.7133617781325101,0.008566808890662551,21,TP2,True
CADJPY,D,long,BULL_STRONG,2015-06-04 13:00:00+00:00,2015-06-05 17:00:00+00:00,99.8355,101.00689062499998,1.6247156382710755,0.008123578191355377,7,TP2,True
AUDCHF,D,short,BEAR_STRONG,2015-06-08 01:00:00+00:00,2015-06-10 13:00:00+00:00,0.716265,0.72223029375,-1.0293819618720799,-0.0051469098093604,15,SL,False
NZDCHF,D,short,BEAR_STRONG,2015-06-08 05:00:00+00:00,2015-06-10 05:00:00+00:00,0.66332,0.6682546125,-1.0341821711629235,-0.005170910855814618,12,SL,False
CHFJPY,D,long,BULL_STRONG,2015-06-09 05:00:00+00:00,2015-06-10 01:00:00+00:00,134.037,132.86889166666666,-1.0310702120420134,-0.005155351060210068,5,SL,False
CADJPY,D,long,BULL_STRONG,2015-06-10 09:00:00+00:00,2015-06-24 09:00:00+00:00,100.36699999999999,100.503,0.08670249447681525,0.00043351247238407624,60,TIME,False
NZDCAD,D,short,BEAR_STRONG,2015-06-10 13:00:00+00:00,2015-06-11 01:00:00+00:00,0.88393,0.8693328830357143,1.7029465828784112,0.008514732914392056,3,TP2,True
GBPNZD,D,long,BULL_STRONG,2015-06-10 13:00:00+00:00,2015-06-11 01:00:00+00:00,2.153935,2.185672684375,1.8451224010545644,0.009225612005272821,3,TP2,True
GBPAUD,D,long,BULL_STRONG,2015-06-15 05:00:00+00:00,2015-06-15 09:00:00+00:00,2.01189,1.9995581,-1.0371376676341688,-0.0051856883381708446,1,SL,False
GBPAUD,D,long,BULL_STRONG,2015-06-15 21:00:00+00:00,2015-06-17 09:00:00+00:00,2.0113600000000003,2.035626064285714,1.7389993675028168,0.008694996837514084,9,TP2,True
YM,D,short,BEAR_STRONG,2015-06-16 02:00:00+00:00,2015-06-16 14:00:00+00:00,17687.5,17817.60125,-1.0226669647456772,-0.0051133348237283865,3,SL,False
GBPJPY,D,long,BULL_STRONG,2015-06-16 05:00:00+00:00,2015-06-17 09:00:00+00:00,192.147,194.14950178571428,1.6919315935511936,0.008459657967755968,7,TP2,True
AUDCHF,D,short,BEAR_STRONG,2015-06-17 13:00:00+00:00,2015-06-17 17:00:00+00:00,0.710065,0.71520493125,-1.0542078122308036,-0.005271039061154018,1,SL,False
AUDCHF,D,short,BEAR_STRONG,2015-06-18 01:00:00+00:00,2015-06-18 09:00:00+00:00,0.7106,0.71520493125,-1.06076396336471,-0.005303819816823549,2,SL,False
EURCAD,D,long,BULL_STRONG,2015-06-22 01:00:00+00:00,2015-06-22 09:00:00+00:00,1.396935,1.3874120270833332,-1.0390860642126487,-0.005195430321063244,2,SL,False
CADCHF,D,short,BEAR_STRONG,2015-06-22 13:00:00+00:00,2015-06-23 05:00:00+00:00,0.747375,0.7539213541666667,-1.043070458889452,-0.0052153522944472595,4,SL,False
GBPNZD,D,long,BULL_STRONG,2015-06-22 21:00:00+00:00,2015-06-23 13:00:00+00:00,2.30426,2.2955781249999996,-1.0578716675233368,-0.005289358337616685,4,SL,False
GBPCAD,D,long,BULL_STRONG,2015-06-23 09:00:00+00:00,2015-06-28 21:00:00+00:00,1.94397,1.9348375333333336,-1.066070627877745,-0.005330353139388725,21,SL,False
USDCAD,D,long,BULL_STRONG,2015-06-25 01:00:00+00:00,2015-06-25 17:00:00+00:00,1.2377000000000002,1.2315647187499996,-1.0435509927681403,-0.0052177549638407015,4,SL,False
NZDUSD,D,short,BEAR_STRONG,2015-06-29 05:00:00+00:00,2015-06-29 17:00:00+00:00,0.68282,0.6878090604166668,-1.0378837540701957,-0.005189418770350979,3,SL,False
NZDJPY,D,short,BEAR_STRONG,2015-06-29 05:00:00+00:00,2015-07-02 05:00:00+00:00,83.9585,82.39409191964288,1.6952269697956708,0.008476134848978354,18,TP2,True
AUDUSD,D,short,BEAR_STRONG,2015-06-29 13:00:00+00:00,2015-07-01 01:00:00+00:00,0.7684599999999999,0.7738863208333332,-1.0314044835822505,-0.005157022417911252,9,SL,False
GBPAUD,D,long,BULL_STRONG,2015-06-29 13:00:00+00:00,2015-07-01 01:00:00+00:00,2.0481700000000003,2.0319385499999996,-1.0315503145731058,-0.005157751572865529,9,SL,False
NZDCHF,D,short,BEAR_STRONG,2015-06-30 01:00:00+00:00,2015-07-09 09:00:00+00:00,0.63348,0.6411387520833334,-0.9878066733971314,-0.004939033366985657,44,SL,False
NZDUSD,D,short,BEAR_STRONG,2015-06-30 01:00:00+00:00,2015-07-02 05:00:00+00:00,0.680835,0.6674110522321428,1.6926351006766043,0.008463175503383021,13,TP2,True
EURNZD,D,long,BULL_STRONG,2015-06-30 05:00:00+00:00,2015-07-14 05:00:00+00:00,1.646495,1.64978,0.13894019258792434,0.0006947009629396217,60,TIME,False
EURCAD,D,long,BULL_STRONG,2015-06-30 13:00:00+00:00,2015-07-10 09:00:00+00:00,1.392355,1.4226096732142863,1.751962688808613,0.008759813444043066,47,TP2,True
EURJPY,D,short,BEAR_STRONG,2015-07-01 05:00:00+00:00,2015-07-07 13:00:00+00:00,136.913,133.6317973214286,1.7414071515203906,0.008707035757601954,26,TP2,True
AUDCAD,D,long,BULL_STRONG,2015-07-02 21:00:00+00:00,2015-07-03 01:00:00+00:00,0.95888,0.9523747812500001,-1.0480241033508133,-0.005240120516754067,1,SL,False
NZDJPY,D,short,BEAR_STRONG,2015-07-06 05:00:00+00:00,2015-07-09 05:00:00+00:00,81.9475,81.9645,0.705216169317039,0.003526080846585195,18,BE_STOP,True
CHFJPY,D,short,BEAR_STRONG,2015-07-06 05:00:00+00:00,2015-07-07 17:00:00+00:00,129.78300000000002,129.8,0.688530654207479,0.003442653271037395,9,BE_STOP,True
USDCAD,D,long,BULL_STRONG,2015-07-06 13:00:00+00:00,2015-07-07 13:00:00+00:00,1.26262,1.2777675897321426,1.6838959160928093,0.008419479580464047,6,TP2,True
CADCHF,D,short,BEAR_STRONG,2015-07-07 01:00:00+00:00,2015-07-09 09:00:00+00:00,0.745515,0.7503572270833334,-1.037320981384235,-0.005186604906921175,14,SL,False
GBPCAD,D,long,BULL_STRONG,2015-07-07 05:00:00+00:00,2015-07-08 05:00:00+00:00,1.96879,1.9618316770833333,-1.0730122308682644,-0.005365061154341322,6,SL,False
NZDUSD,D,short,BEAR_STRONG,2015-07-07 13:00:00+00:00,2015-07-08 09:00:00+00:00,0.66543,0.6709079354166666,-1.0339945054711424,-0.005169972527355712,5,SL,False
NQ,D,short,BEAR_STRONG,2015-07-07 14:00:00+00:00,2015-07-13 06:00:00+00:00,4390.125,4433.406250000001,-1.0169255061908227,-0.0050846275309541136,22,SL,False
USDJPY,D,short,BEAR_STRONG,2015-07-08 01:00:00+00:00,2015-07-08 17:00:00+00:00,121.941,120.78864553571428,1.7954924446552023,0.008977462223276013,4,TP2,True
EURUSD,D,short,BEAR_STRONG,2015-07-08 01:00:00+00:00,2015-07-09 05:00:00+00:00,1.1007999999999998,1.1103392541666668,-1.0226591428512364,-0.005113295714256182,7,SL,False
YM,D,short,BEAR_STRONG,2015-07-08 06:00:00+00:00,2015-07-09 10:00:00+00:00,17513.5,17646.642241379308,-1.0220376071510433,-0.005110188035755216,7,SL,False
ES,D,short,BEAR_STRONG,2015-07-08 14:00:00+00:00,2015-07-10 14:00:00+00:00,2050.625,2072.576077586207,-1.024983688432072,-0.00512491844216036,12,SL,False
NZDJPY,D,short,BEAR_STRONG,2015-07-09 09:00:00+00:00,2015-07-10 09:00:00+00:00,81.8925,82.79566270833332,-1.0264792794588797,-0.005132396397294399,6,SL,False
EURUSD,D,short,BEAR_STRONG,2015-07-09 13:00:00+00:00,2015-07-10 01:00:00+00:00,1.1002699999999999,1.1103392541666668,-1.0244545129249532,-0.005122272564624766,3,SL,False
YM,D,short,BEAR_STRONG,2015-07-09 18:00:00+00:00,2015-07-10 10:00:00+00:00,17456.5,17646.642241379308,-1.015354567348338,-0.00507677283674169,4,SL,False
CADCHF,D,short,BEAR_STRONG,2015-07-13 01:00:00+00:00,2015-07-13 09:00:00+00:00,0.740325,0.7459571,-1.0500989546145258,-0.005250494773072629,2,SL,False
AUDUSD,D,short,BEAR_STRONG,2015-07-13 21:00:00+00:00,2015-07-14 09:00:00+00:00,0.74046,0.7442893041666666,-1.0517915610413364,-0.0052589578052066824,3,SL,False
CL,D,short,BEAR_STRONG,2015-07-14 02:00:00+00:00,2015-07-14 14:00:00+00:00,51.425,52.80104999999999,-1.0140435693031122,-0.005070217846515561,3,SL,False
EURCAD,D,long,BULL_STRONG,2015-07-14 09:00:00+00:00,2015-07-24 13:00:00+00:00,1.410065,1.436867234375,1.6796580823486735,0.008398290411743368,49,TP2,True
USDCAD,D,long,BULL_STRONG,2015-07-14 09:00:00+00:00,2015-07-15 17:00:00+00:00,1.2754200000000002,1.2897690808035713,1.840460966270474,0.00920230483135237,8,TP2,True
USDCHF,D,long,BULL_STRONG,2015-07-15 13:00:00+00:00,2015-07-28 09:00:00+00:00,0.952535,0.9667562120535713,1.6676333545506017,0.008338166772753008,53,TP2,True
AUDUSD,D,short,BEAR_STRONG,2015-07-16 05:00:00+00:00,2015-07-21 13:00:00+00:00,0.73857,0.7442893041666666,-1.018368131644459,-0.0050918406582222955,20,SL,False
CL,D,short,BEAR_STRONG,2015-07-20 14:00:00+00:00,2015-07-24 14:00:00+00:00,50.385,48.11414285714285,1.6997116339976233,0.008498558169988117,24,TP2,True
CADCHF,D,short,BEAR_STRONG,2015-07-22 21:00:00+00:00,2015-07-28 05:00:00+00:00,0.73584,0.7398416000000001,-1.03210606535129,-0.00516053032675645,20,SL,False
AUDUSD,D,short,BEAR_STRONG,2015-07-22 21:00:00+00:00,2015-07-23 05:00:00+00:00,0.7361599999999999,0.7408704354166668,-1.0417844602488375,-0.005208922301244188,2,SL,False
AUDUSD,D,short,BEAR_STRONG,2015-07-23 13:00:00+00:00,2015-07-24 09:00:00+00:00,0.73675,0.7273422040178572,1.8524250562848827,0.009262125281424415,5,TP2,True
AUDJPY,D,short,BEAR_STRONG,2015-07-23 21:00:00+00:00,2015-07-24 05:00:00+00:00,91.179,90.31028553571429,1.7289059205014847,0.008644529602507424,2,TP2,True
CHFJPY,D,short,BEAR_STRONG,2015-07-27 01:00:00+00:00,2015-07-27 05:00:00+00:00,128.56300000000002,129.0822875,-1.0696788592190654,-0.005348394296095327,1,SL,False
CHFJPY,D,short,BEAR_STRONG,2015-07-27 13:00:00+00:00,2015-07-31 09:00:00+00:00,128.263,129.0822875,-1.0248748983375606,-0.0051243744916878034,23,SL,False
AUDUSD,D,short,BEAR_STRONG,2015-07-28 01:00:00+00:00,2015-08-04 05:00:00+00:00,0.731495,0.7380114583333334,-1.0065991713943063,-0.005032995856971532,31,SL,False
AUDCHF,D,short,BEAR_STRONG,2015-07-28 01:00:00+00:00,2015-08-04 01:00:00+00:00,0.703185,0.7105038749999999,-1.0025802521375746,-0.005012901260687873,30,SL,False
GBPCHF,D,long,BULL_STRONG,2015-07-28 09:00:00+00:00,2015-07-31 09:00:00+00:00,1.50658,1.4976658125,-1.0607170420350662,-0.0053035852101753315,18,SL,False
USDCHF,D,long,BULL_STRONG,2015-07-28 09:00:00+00:00,2015-07-31 09:00:00+00:00,0.96641,0.9590582812499999,-1.043419114792904,-0.00521709557396452,18,SL,False
NQ,D,long,BULL_STRONG,2015-08-03 06:00:00+00:00,2015-08-03 14:00:00+00:00,4578.875,4557.58,-1.0354354684512426,-0.005177177342256213,2,SL,False
GBPAUD,D,long,BULL_STRONG,2015-08-03 13:00:00+00:00,2015-08-04 01:00:00+00:00,2.1452400000000003,2.1345304895833337,-1.0446257540821324,-0.005223128770410662,3,SL,False
CHFJPY,D,short,BEAR_STRONG,2015-08-04 13:00:00+00:00,2015-08-12 09:00:00+00:00,127.46300000000001,127.48,0.6997846132443041,0.0034989230662215206,35,BE_STOP,True
EURCHF,D,long,BULL_STRONG,2015-08-05 13:00:00+00:00,2015-08-07 09:00:00+00:00,1.06706,1.0749703638392851,1.6238834244140354,0.008119417122070177,11,TP2,True
EURCAD,D,long,BULL_STRONG,2015-08-10 05:00:00+00:00,2015-08-10 09:00:00+00:00,1.444715,1.437899197916667,-1.056014322324404,-0.00528007161162202,1,SL,False
EURCAD,D,long,BULL_STRONG,2015-08-11 13:00:00+00:00,2015-08-17 17:00:00+00:00,1.447,1.44683,0.670490904022468,0.0033524545201123403,25,BE_STOP,True
NZDCHF,D,long,BULL_STRONG,2015-08-11 13:00:00+00:00,2015-08-12 01:00:00+00:00,0.64594,0.6386324499999999,-1.0364875342379392,-0.005182437671189696,3,SL,False
NZDCHF,D,long,BULL_STRONG,2015-08-12 17:00:00+00:00,2015-08-13 21:00:00+00:00,0.645865,0.6386324499999999,-1.0439531189159719,-0.00521976559457986,7,SL,False
EURNZD,D,long,BULL_STRONG,2015-08-13 01:00:00+00:00,2015-08-24 01:00:00+00:00,1.68463,1.7231562879464288,1.7293581217627259,0.00864679060881363,42,TP2,True
GBPCAD,D,long,BULL_STRONG,2015-08-19 01:00:00+00:00,2015-08-21 13:00:00+00:00,2.0457300000000003,2.0630665093749996,1.7668771208729726,0.008834385604364862,15,TP2,True
GBPJPY,D,long,BULL_STRONG,2015-08-19 01:00:00+00:00,2015-08-19 13:00:00+00:00,194.857,194.17165,-1.0662526819779992,-0.005331263409889996,3,SL,False
USDCAD,D,long,BULL_STRONG,2015-08-24 13:00:00+00:00,2015-09-07 13:00:00+00:00,1.319725,1.3306149999999999,0.9841039409362033,0.004920519704681017,60,TIME,False
GBPUSD,D,long,BULL_STRONG,2015-08-24 13:00:00+00:00,2015-08-26 09:00:00+00:00,1.5742150000000001,1.565473333333333,-1.039343875939141,-0.005196719379695704,11,SL,False
GBPNZD,D,long,BULL_STRONG,2015-08-25 17:00:00+00:00,2015-09-08 17:00:00+00:00,2.423445,2.4272099999999996,0.050731024739642035,0.0002536551236982102,60,TIME,False
NZDUSD,D,short,BEAR_STRONG,2015-08-25 17:00:00+00:00,2015-09-08 17:00:00+00:00,0.64721,0.6343650000000001,1.3247328155044635,0.006623664077522318,60,TIME,True
CL,D,short,BEAR_STRONG,2015-08-25 18:00:00+00:00,2015-08-27 14:00:00+00:00,39.464999999999996,41.0358375,-1.0116703704596404,-0.005058351852298202,11,SL,False
CHFJPY,D,short,BEAR_STRONG,2015-08-25 21:00:00+00:00,2015-09-01 05:00:00+00:00,126.623,124.80739285714284,2.2171620480618643,0.011085810240309323,26,TP2,True
EURCHF,D,long,BULL_STRONG,2015-08-25 21:00:00+00:00,2015-08-26 09:00:00+00:00,1.083465,1.0775736,-1.0562248925088282,-0.005281124462544141,3,SL,False
EURGBP,D,long,BULL_STRONG,2015-09-01 13:00:00+00:00,2015-09-03 09:00:00+00:00,0.735865,0.7290069875,-1.048298519178905,-0.005241492595894525,11,SL,False
AUDJPY,D,short,BEAR_STRONG,2015-09-01 13:00:00+00:00,2015-09-08 13:00:00+00:00,84.268,84.285,0.7228689960705393,0.003614344980352697,30,BE_STOP,True
GBPCAD,D,short,BEAR_STRONG,2015-09-02 01:00:00+00:00,2015-09-02 13:00:00+00:00,2.0246,2.036462177083334,-1.038781827949439,-0.005193909139747195,3,SL,False
EURJPY,D,short,BEAR_STRONG,2015-09-03 01:00:00+00:00,2015-09-03 13:00:00+00:00,135.203,133.31017767857145,1.6781169700203553,0.008390584850101777,3,TP2,True
CADJPY,D,short,BEAR_STRONG,2015-09-07 09:00:00+00:00,2015-09-08 13:00:00+00:00,89.876,90.871211875,-1.0251301794920409,-0.005125650897460205,7,SL,False
USDCAD,D,long,BULL_STRONG,2015-09-07 13:00:00+00:00,2015-09-08 09:00:00+00:00,1.3307950000000002,1.3213064604166664,-1.0293993867398428,-0.005146996933699214,5,SL,False
GBPAUD,D,long,BULL_STRONG,2015-09-10 01:00:00+00:00,2015-09-10 05:00:00+00:00,2.19464,2.1729083333333334,-1.0221341702094875,-0.005110670851047438,1,SL,False
NZDCAD,D,short,BEAR_STRONG,2015-09-10 05:00:00+00:00,2015-09-15 17:00:00+00:00,0.83184,0.8428069104166667,-1.012638578513105,-0.005063192892565524,21,SL,False
EURNZD,D,long,BULL_STRONG,2015-09-10 13:00:00+00:00,2015-09-16 05:00:00+00:00,1.78932,1.766939260416667,-1.0256859884318354,-0.005128429942159177,22,SL,False
NZDUSD,D,short,BEAR_STRONG,2015-09-10 13:00:00+00:00,2015-09-15 17:00:00+00:00,0.62944,0.6354155,-1.0149726616260362,-0.005074863308130181,19,SL,False
EURGBP,D,long,BULL_STRONG,2015-09-14 05:00:00+00:00,2015-09-16 05:00:00+00:00,0.73404,0.7304008458333333,-1.1074514368896353,-0.005537257184448177,12,SL,False
AUDCAD,D,short,BEAR_STRONG,2015-09-22 09:00:00+00:00,2015-09-24 05:00:00+00:00,0.940425,0.9280244638392857,1.642140156628473,0.008210700783142365,11,TP2,True
NZDUSD,D,short,BEAR_STRONG,2015-09-22 13:00:00+00:00,2015-09-24 13:00:00+00:00,0.62867,0.63421045,-1.0216521204671238,-0.00510826060233562,12,SL,False
NZDCAD,D,short,BEAR_STRONG,2015-09-22 13:00:00+00:00,2015-09-23 21:00:00+00:00,0.834595,0.8388261104166668,-1.0583198376059906,-0.005291599188029953,8,SL,False
USDCAD,D,long,BULL_STRONG,2015-09-23 01:00:00+00:00,2015-09-23 09:00:00+00:00,1.329285,1.3235414624999997,-1.04883666200147,-0.00524418331000735,2,SL,False
CADJPY,D,short,BEAR_STRONG,2015-09-23 13:00:00+00:00,2015-09-25 09:00:00+00:00,90.0625,90.90796979166666,-1.0297038591479475,-0.005148519295739737,11,SL,False
YM,D,short,BEAR_STRONG,2015-09-23 14:00:00+00:00,2015-09-24 22:00:00+00:00,16178.5,16180.0,0.7206369217466467,0.0036031846087332337,8,BE_STOP,True
ES,D,short,BEAR_STRONG,2015-09-23 14:00:00+00:00,2015-09-25 06:00:00+00:00,1929.625,1930.0,0.7009523341523339,0.0035047616707616696,10,BE_STOP,True
GBPAUD,D,long,BULL_STRONG,2015-09-23 17:00:00+00:00,2015-09-25 13:00:00+00:00,2.1767700000000003,2.15910745,-1.029998359301544,-0.0051499917965077205,11,SL,False
EURGBP,D,long,BULL_STRONG,2015-09-24 13:00:00+00:00,2015-09-25 05:00:00+00:00,0.73827,0.7333212125,-1.0572023342741244,-0.005286011671370622,4,SL,False
YM,D,short,BEAR_STRONG,2015-09-28 14:00:00+00:00,2015-09-30 22:00:00+00:00,15931.5,16207.505416666667,-1.0101073415369763,-0.005050536707684882,14,SL,False
CADJPY,D,short,BEAR_STRONG,2015-09-28 17:00:00+00:00,2015-10-01 01:00:00+00:00,89.50750000000001,90.28387041666664,-1.0257200564722158,-0.005128600282361079,14,SL,False
EURNZD,D,long,BULL_STRONG,2015-09-29 01:00:00+00:00,2015-09-29 09:00:00+00:00,1.786515,1.76773184375,-1.0225707072114651,-0.005112853536057326,2,SL,False
USDJPY,D,short,BEAR_STRONG,2015-09-29 01:00:00+00:00,2015-09-30 05:00:00+00:00,119.501,120.17078749999999,-1.034398562321474,-0.00517199281160737,7,SL,False
AUDJPY,D,short,BEAR_STRONG,2015-09-29 17:00:00+00:00,2015-09-30 05:00:00+00:00,83.6175,84.530079375,-1.0320534960957493,-0.005160267480478747,3,SL,False
ES,D,short,BEAR_STRONG,2015-09-30 14:00:00+00:00,2015-10-02 18:00:00+00:00,1900.375,1931.2841666666668,-1.0172603367812012,-0.005086301683906006,13,SL,False
NZDJPY,D,long,BULL_STRONG,2015-10-05 01:00:00+00:00,2015-10-07 05:00:00+00:00,77.5825,79.44014642857144,1.6665063548109018,0.008332531774054509,13,TP2,True
GBPAUD,D,short,BEAR_STRONG,2015-10-05 09:00:00+00:00,2015-10-09 05:00:00+00:00,2.143795,2.10752896875,1.7448119814833765,0.008724059907416882,23,TP2,True
EURCAD,D,short,BEAR_STRONG,2015-10-06 13:00:00+00:00,2015-10-13 05:00:00+00:00,1.468635,1.4844408083333331,-1.011231200604169,-0.005056156003020846,28,SL,False
USDCHF,D,short,BEAR_STRONG,2015-10-12 01:00:00+00:00,2015-10-15 05:00:00+00:00,0.961065,0.9479531897321428,1.7065702506048799,0.0085328512530244,19,TP2,True
EURGBP,D,long,BULL_STRONG,2015-10-13 01:00:00+00:00,2015-10-14 09:00:00+00:00,0.74227,0.7421,0.616693595789462,0.0030834679789473103,8,BE_STOP,True
AUDNZD,D,short,BEAR_STRONG,2015-10-14 01:00:00+00:00,2015-10-15 05:00:00+00:00,1.08192,1.0674728035714292,1.6533943367681394,0.008266971683840697,7,TP2,True
GBPCHF,D,short,BEAR_STRONG,2015-10-14 05:00:00+00:00,2015-10-19 09:00:00+00:00,1.469755,1.479367825,-1.023908703168808,-0.005119543515844041,19,SL,False
EURGBP,D,long,BULL_STRONG,2015-10-14 21:00:00+00:00,2015-10-15 05:00:00+00:00,0.741415,0.7382635916666667,-1.0918351562041426,-0.0054591757810207135,2,SL,False
CADJPY,D,long,BULL_STRONG,2015-10-15 21:00:00+00:00,2015-10-19 13:00:00+00:00,92.538,91.93685562499999,-1.059840206455802,-0.005299201032279009,10,SL,False
CHFJPY,D,long,BULL_STRONG,2015-10-20 09:00:00+00:00,2015-10-21 09:00:00+00:00,125.817,124.992225,-1.0490413543375274,-0.005245206771687637,6,SL,False
GBPAUD,D,short,BEAR_STRONG,2015-10-26 01:00:00+00:00,2015-10-27 17:00:00+00:00,2.1135949999999997,2.124438683333333,-1.038965302511963,-0.0051948265125598145,10,SL,False
EURCHF,D,short,BEAR_STRONG,2015-10-26 05:00:00+00:00,2015-10-26 09:00:00+00:00,1.078245,1.08359553125,-1.0619539357088124,-0.005309769678544062,1,SL,False
NZDCAD,D,long,BULL_STRONG,2015-10-26 17:00:00+00:00,2015-10-26 21:00:00+00:00,0.89314,0.8868379500000001,-1.048114350013455,-0.005240571750067276,1,SL,False
NZDCAD,D,long,BULL_STRONG,2015-10-27 05:00:00+00:00,2015-10-28 13:00:00+00:00,0.8940400000000001,0.8868379500000001,-1.0490846339260964,-0.005245423169630482,8,SL,False
AUDNZD,D,short,BEAR_STRONG,2015-10-29 09:00:00+00:00,2015-11-03 06:00:00+00:00,1.059105,1.0691996625,-1.0219931609765072,-0.005109965804882536,17,SL,False
CADCHF,D,long,BULL_STRONG,2015-11-02 02:00:00+00:00,2015-11-04 14:00:00+00:00,0.75495,0.75478,0.6058722060984594,0.003029361030492297,15,BE_STOP,True
NZDUSD,D,short,BEAR_STRONG,2015-11-09 06:00:00+00:00,2015-11-18 22:00:00+00:00,0.6535099999999999,0.6536,0.736438878388471,0.003682194391942355,46,BE_STOP,True
CADCHF,D,long,BULL_STRONG,2015-11-10 14:00:00+00:00,2015-11-12 10:00:00+00:00,0.760285,0.75493586875,-1.0630298565999852,-0.005315149282999926,11,SL,False
EURJPY,D,short,BEAR_STRONG,2015-11-10 14:00:00+00:00,2015-11-11 22:00:00+00:00,131.793,132.5409125,-1.0416616489661847,-0.005208308244830924,8,SL,False
CHFJPY,D,short,BEAR_STRONG,2015-11-16 14:00:00+00:00,2015-11-18 14:00:00+00:00,122.02300000000001,121.08336517857146,1.7114651443976623,0.008557325721988312,12,TP2,True
USDCAD,D,long,BULL_STRONG,2015-11-16 14:00:00+00:00,2015-11-18 22:00:00+00:00,1.3340800000000002,1.3268814854166666,-1.0473757486254214,-0.005236878743127107,14,SL,False
USDCHF,D,long,BULL_STRONG,2015-11-16 14:00:00+00:00,2015-11-18 18:00:00+00:00,1.0094750000000001,1.0210734464285713,1.6677070323088907,0.008338535161544454,13,TP2,True
GBPJPY,D,long,BULL_STRONG,2015-11-16 18:00:00+00:00,2015-11-18 22:00:00+00:00,187.277,188.47520892857133,1.7383407040566206,0.008691703520283103,13,TP2,True
EURGBP,D,short,BEAR_STRONG,2015-11-16 18:00:00+00:00,2015-11-24 10:00:00+00:00,0.70276,0.706974175,-1.0045463907966405,-0.005022731953983203,34,SL,False
EURJPY,D,short,BEAR_STRONG,2015-11-16 18:00:00+00:00,2015-11-25 10:00:00+00:00,131.613,129.87446517857143,1.7139460439075362,0.00856973021953768,40,TP2,True
EURUSD,D,short,BEAR_STRONG,2015-11-16 18:00:00+00:00,2015-11-19 14:00:00+00:00,1.0685399999999998,1.0761236708333333,-1.023966304898431,-0.0051198315244921555,17,SL,False
USDJPY,D,long,BULL_STRONG,2015-11-17 02:00:00+00:00,2015-11-19 14:00:00+00:00,123.399,122.96925,-1.076710303030304,-0.00538355151515152,15,SL,False
EURCAD,D,short,BEAR_STRONG,2015-11-17 02:00:00+00:00,2015-11-18 06:00:00+00:00,1.421845,1.422015,0.5836774301949534,0.002918387150974767,7,BE_STOP,True
CADCHF,D,long,BULL_STRONG,2015-11-17 06:00:00+00:00,2015-11-18 18:00:00+00:00,0.75994,0.7661146535714285,1.6301146953576258,0.00815057347678813,9,TP2,True
EURCAD,D,short,BEAR_STRONG,2015-11-18 14:00:00+00:00,2015-11-19 10:00:00+00:00,1.421255,1.421425,0.6077105303807873,0.0030385526519039366,5,BE_STOP,True
NZDUSD,D,short,BEAR_STRONG,2015-11-19 10:00:00+00:00,2015-11-19 14:00:00+00:00,0.65138,0.6549304229166667,-1.0523615767099852,-0.005261807883549926,1,SL,False
EURUSD,D,short,BEAR_STRONG,2015-11-23 02:00:00+00:00,2015-11-25 06:00:00+00:00,1.061405,1.0681714062500003,-1.0267504243020171,-0.005133752121510086,13,SL,False
CL,D,short,BEAR_STRONG,2015-11-23 03:00:00+00:00,2015-11-23 11:00:00+00:00,40.735,41.83245416666667,-1.0168679659261943,-0.005084339829630972,2,SL,False
GBPCAD,D,long,BULL_STRONG,2015-11-23 06:00:00+00:00,2015-11-23 10:00:00+00:00,2.0316500000000004,2.0245839062499997,-1.0658968709641161,-0.005329484354820581,1,SL,False
AUDNZD,D,long,BULL_STRONG,2015-11-23 06:00:00+00:00,2015-11-26 06:00:00+00:00,1.103025,1.09549503125,-1.0644599883661205,-0.005322299941830603,18,SL,False
USDCAD,D,long,BULL_STRONG,2015-11-23 10:00:00+00:00,2015-11-24 14:00:00+00:00,1.33769,1.3318543708333332,-1.0534800612929938,-0.005267400306464969,7,SL,False
CHFJPY,D,short,BEAR_STRONG,2015-11-23 18:00:00+00:00,2015-11-27 06:00:00+00:00,120.623,119.46297410714283,1.658109091773304,0.00829054545886652,21,TP2,True
EURCAD,D,short,BEAR_STRONG,2015-11-24 18:00:00+00:00,2015-12-01 10:00:00+00:00,1.41606,1.41623,0.6881639838859752,0.0034408199194298763,28,BE_STOP,True
EURUSD,D,short,BEAR_STRONG,2015-11-25 14:00:00+00:00,2015-12-03 10:00:00+00:00,1.06222,1.0681714062500003,-1.0151347298270177,-0.005075673649135089,35,SL,False
NZDCHF,D,long,BULL_STRONG,2015-11-30 06:00:00+00:00,2015-12-01 02:00:00+00:00,0.675445,0.6818022964285713,1.6076353551808131,0.008038176775904066,5,TP2,True
AUDCHF,D,long,BULL_STRONG,2015-11-30 14:00:00+00:00,2015-12-01 14:00:00+00:00,0.743275,0.7506482191964287,1.6399698365100184,0.008199849182550092,6,TP2,True
NZDCHF,D,long,BULL_STRONG,2015-12-03 02:00:00+00:00,2015-12-03 10:00:00+00:00,0.67919,0.67202585,-1.0379011888506833,-0.005189505944253416,2,SL,False
AUDCHF,D,long,BULL_STRONG,2015-12-03 02:00:00+00:00,2015-12-03 10:00:00+00:00,0.7472,0.73941380625,-1.0360558054343094,-0.0051802790271715474,2,SL,False
NZDCAD,D,long,BULL_STRONG,2015-12-07 14:00:00+00:00,2015-12-09 22:00:00+00:00,0.89856,0.9159369955357142,1.672185052875509,0.008360925264377544,14,TP2,True
GBPJPY,D,short,BEAR_STRONG,2015-12-09 18:00:00+00:00,2015-12-18 02:00:00+00:00,184.34300000000002,182.13648928571433,1.726215311499682,0.00863107655749841,38,TP2,True
NZDUSD,D,long,BULL_STRONG,2015-12-10 06:00:00+00:00,2015-12-17 02:00:00+00:00,0.6723,0.67221,0.69438338197527,0.0034719169098763503,29,BE_STOP,True
NZDCHF,D,long,BULL_STRONG,2015-12-15 18:00:00+00:00,2015-12-16 18:00:00+00:00,0.67101,0.6650499937500001,-1.0542212540789584,-0.005271106270394792,6,SL,False
GBPCHF,D,short,BEAR_STRONG,2015-12-16 10:00:00+00:00,2015-12-22 14:00:00+00:00,1.485185,1.4635306370535712,1.7236095279569723,0.008618047639784862,25,TP2,True
NZDCHF,D,long,BULL_STRONG,2015-12-16 22:00:00+00:00,2015-12-17 14:00:00+00:00,0.669285,0.6650499937500001,-1.0648707243685067,-0.005324353621842534,4,SL,False
EURGBP,D,long,BULL_STRONG,2015-12-17 14:00:00+00:00,2015-12-22 14:00:00+00:00,0.72662,0.7374369294642859,1.6178529339251746,0.008089264669625873,18,TP2,True
AUDCAD,D,long,BULL_STRONG,2015-12-21 06:00:00+00:00,2015-12-22 06:00:00+00:00,0.99731,1.0067128013392856,1.7446198668214354,0.008723099334107177,6,TP2,True
CL,D,short,BEAR_STRONG,2015-12-21 07:00:00+00:00,2015-12-22 15:00:00+00:00,35.725,36.2915625,-1.0323771104815878,-0.005161885552407939,8,SL,False
YM,D,short,BEAR_STRONG,2015-12-21 07:00:00+00:00,2015-12-22 15:00:00+00:00,17156.5,17299.85125,-1.0202502269102316,-0.005101251134551158,8,SL,False
NZDCHF,D,long,BULL_STRONG,2015-12-21 10:00:00+00:00,2015-12-29 10:00:00+00:00,0.671645,0.6820436495535716,1.6271095420045092,0.008135547710022546,30,TP2,True
AUDNZD,D,short,BEAR_STRONG,2015-12-21 14:00:00+00:00,2015-12-23 10:00:00+00:00,1.05989,1.0654033291666665,-1.0502279742888159,-0.005251139871444079,11,SL,False
EURCAD,D,long,BULL_STRONG,2015-12-24 10:00:00+00:00,2015-12-29 14:00:00+00:00,1.51623,1.51606,0.6715090788414497,0.003357545394207249,13,BE_STOP,True
NZDUSD,D,long,BULL_STRONG,2015-12-28 10:00:00+00:00,2016-01-03 22:00:00+00:00,0.68418,0.6808344062499999,-1.0847111836358665,-0.005423555918179333,21,SL,False
AUDNZD,D,short,BEAR_STRONG,2015-12-28 18:00:00+00:00,2015-12-29 14:00:00+00:00,1.058685,1.0617160468750002,-1.1112235883936685,-0.005556117941968343,5,SL,False
GBPNZD,D,short,BEAR_STRONG,2015-12-28 18:00:00+00:00,2015-12-29 14:00:00+00:00,2.17325,2.151722986049109,1.7050595912480608,0.008525297956240305,5,TP2,True
EURNZD,D,short,BEAR_STRONG,2015-12-28 22:00:00+00:00,2015-12-29 14:00:00+00:00,1.60161,1.5882111467633926,1.7409694897262395,0.008704847448631198,4,TP2,True
AUDCAD,D,long,BULL_STRONG,2015-12-29 10:00:00+00:00,2015-12-31 14:00:00+00:00,1.010745,1.010575,0.6179904587024121,0.0030899522935120606,13,BE_STOP,True
GBPUSD,D,short,BEAR_STRONG,2015-12-30 06:00:00+00:00,2016-01-03 22:00:00+00:00,1.4836049999999998,1.4729307522321433,1.6698773232972834,0.008349386616486418,10,TP2,True
GBPCHF,D,short,BEAR_STRONG,2015-12-30 18:00:00+00:00,2015-12-31 10:00:00+00:00,1.464855,1.4738097708333333,-1.0426965833390651,-0.005213482916695326,4,SL,False
NZDCHF,D,long,BULL_STRONG,2015-12-31 02:00:00+00:00,2016-01-03 22:00:00+00:00,0.67737,0.6772,0.6318341683798852,0.003159170841899426,5,BE_STOP,True
EURGBP,D,long,BULL_STRONG,2016-01-04 06:00:00+00:00,2016-01-04 10:00:00+00:00,0.73944,0.7364460130208335,-1.0968565372354269,-0.005484282686177134,1,SL,False
EURCHF,D,long,BULL_STRONG,2016-01-04 10:00:00+00:00,2016-01-04 14:00:00+00:00,1.088,1.0841980338541668,-1.088745320594406,-0.00544372660297203,1,SL,False
NQ,D,short,BEAR_STRONG,2016-01-12 03:00:00+00:00,2016-01-12 11:00:00+00:00,4247.125,4342.866666666667,-1.007494966794827,-0.005037474833974135,2,SL,False
EURGBP,D,long,BULL_STRONG,2016-01-12 06:00:00+00:00,2016-01-15 10:00:00+00:00,0.749505,0.7613395624999999,1.6830852913808412,0.008415426456904206,19,TP2,True
NQ,D,short,BEAR_STRONG,2016-01-14 15:00:00+00:00,2016-01-15 15:00:00+00:00,4271.125,4105.744642857143,1.8946833989457506,0.009473416994728753,6,TP2,True
CHFJPY,D,short,BEAR_STRONG,2016-01-18 06:00:00+00:00,2016-01-19 10:00:00+00:00,116.763,117.51267083333332,-1.0386897071786396,-0.0051934485358931986,7,SL,False
YM,D,short,BEAR_STRONG,2016-01-18 07:00:00+00:00,2016-01-20 15:00:00+00:00,15994.5,15519.406785714289,1.891359747650803,0.009456798738254016,13,TP2,True
AUDCHF,D,short,BEAR_STRONG,2016-01-18 10:00:00+00:00,2016-01-21 10:00:00+00:00,0.69121,0.701408,-1.0116443358595932,-0.005058221679297966,18,SL,False
CL,D,short,BEAR_STRONG,2016-01-18 23:00:00+00:00,2016-01-19 07:00:00+00:00,30.155,30.86052916666667,-1.0252160239429915,-0.0051260801197149574,2,SL,False
EURAUD,D,long,BULL_STRONG,2016-01-19 02:00:00+00:00,2016-01-21 14:00:00+00:00,1.57607,1.5489653,-1.0182162712040603,-0.005091081356020302,15,SL,False
AUDJPY,D,short,BEAR_STRONG,2016-01-19 02:00:00+00:00,2016-01-20 22:00:00+00:00,81.286,81.303,0.7156784569161945,0.0035783922845809726,11,BE_STOP,True
GBPCHF,D,short,BEAR_STRONG,2016-01-19 02:00:00+00:00,2016-01-21 14:00:00+00:00,1.43721,1.43738,0.7079759755868096,0.003539879877934048,15,BE_STOP,True
CADCHF,D,short,BEAR_STRONG,2016-01-19 10:00:00+00:00,2016-01-20 18:00:00+00:00,0.69352,0.69369,0.6936035116042906,0.0034680175580214527,8,BE_STOP,True
AUDUSD,D,short,BEAR_STRONG,2016-01-19 14:00:00+00:00,2016-01-20 22:00:00+00:00,0.6929299999999999,0.69302,0.7032829667035412,0.003516414833517706,8,BE_STOP,True
CL,D,short,BEAR_STRONG,2016-01-19 15:00:00+00:00,2016-01-21 15:00:00+00:00,29.645,29.66,0.7199119346676977,0.0035995596733384883,12,BE_STOP,True
EURJPY,D,short,BEAR_STRONG,2016-01-20 10:00:00+00:00,2016-01-20 22:00:00+00:00,127.52300000000001,127.54,0.5710590083325806,0.002855295041662903,3,BE_STOP,True
AUDCAD,D,long,BULL_STRONG,2016-01-20 22:00:00+00:00,2016-01-21 14:00:00+00:00,1.003155,0.9971619312499999,-1.0533123879054314,-0.005266561939527157,4,SL,False
EURJPY,D,short,BEAR_STRONG,2016-01-21 02:00:00+00:00,2016-01-21 10:00:00+00:00,127.263,127.85352916666666,-1.0607062761992567,-0.005303531380996283,2,SL,False
AUDJPY,D,short,BEAR_STRONG,2016-01-21 06:00:00+00:00,2016-01-21 18:00:00+00:00,80.91300000000001,82.60335062499999,-1.0169288011590496,-0.005084644005795248,3,SL,False
AUDUSD,D,short,BEAR_STRONG,2016-01-21 06:00:00+00:00,2016-01-21 14:00:00+00:00,0.69201,0.69943115625,-1.0254913950306321,-0.005127456975153161,2,SL,False
CADCHF,D,short,BEAR_STRONG,2016-01-21 06:00:00+00:00,2016-01-21 10:00:00+00:00,0.69431,0.7021939479166667,-1.0346389945701715,-0.005173194972850858,1,SL,False
USDJPY,D,short,BEAR_STRONG,2016-01-21 06:00:00+00:00,2016-01-21 18:00:00+00:00,116.931,117.79341666666667,-1.029727964066009,-0.005148639820330045,3,SL,False
CHFJPY,D,short,BEAR_STRONG,2016-01-21 14:00:00+00:00,2016-01-29 02:00:00+00:00,116.433,117.51267083333332,-1.00781109233417,-0.005039055461670851,33,SL,False
EURJPY,D,short,BEAR_STRONG,2016-01-21 14:00:00+00:00,2016-01-21 18:00:00+00:00,127.593,127.85352916666666,-1.1431574725819837,-0.005715787362909919,1,SL,False
USDCHF,D,long,BULL_STRONG,2016-01-21 14:00:00+00:00,2016-02-03 14:00:00+00:00,1.0106700000000002,1.01058,0.6776239490496738,0.0033881197452483693,54,BE_STOP,True
EURCHF,D,long,BULL_STRONG,2016-01-25 06:00:00+00:00,2016-01-26 14:00:00+00:00,1.097025,1.1030172749999998,1.640608301455772,0.00820304150727886,8,TP2,True
GBPAUD,D,short,BEAR_STRONG,2016-01-28 02:00:00+00:00,2016-02-01 06:00:00+00:00,2.023735,2.023905,0.7045664011922003,0.0035228320059610013,13,BE_STOP,True
AUDCHF,D,long,BULL_STRONG,2016-02-02 02:00:00+00:00,2016-02-02 22:00:00+00:00,0.721105,0.7139053312500001,-1.0385444477735892,-0.0051927222388679466,5,SL,False
NZDCHF,D,long,BULL_STRONG,2016-02-03 14:00:00+00:00,2016-02-05 14:00:00+00:00,0.669995,0.6607812375,-1.0402265428796922,-0.005201132714398461,12,SL,False
CADJPY,D,long,BULL_STRONG,2016-02-03 14:00:00+00:00,2016-02-08 10:00:00+00:00,85.154,83.79130375000003,-1.0289229906080193,-0.005144614953040096,17,SL,False
AUDCAD,D,short,BEAR_STRONG,2016-02-03 22:00:00+00:00,2016-02-10 06:00:00+00:00,0.986085,0.986255,0.7064895018471712,0.003532447509235856,26,BE_STOP,True
CADCHF,D,long,BULL_STRONG,2016-02-04 10:00:00+00:00,2016-02-05 10:00:00+00:00,0.72975,0.71990105,-1.0332851187370535,-0.005166425593685268,6,SL,False
AUDCHF,D,long,BULL_STRONG,2016-02-04 10:00:00+00:00,2016-02-04 18:00:00+00:00,0.72137,0.7139053312500001,-1.0371492948189058,-0.005185746474094529,2,SL,False
AUDUSD,D,long,BULL_STRONG,2016-02-15 02:00:00+00:00,2016-02-16 14:00:00+00:00,0.716925,0.7087578874999999,-1.0272832030010763,-0.005136416015005382,9,SL,False
USDCAD,D,short,BEAR_STRONG,2016-02-15 02:00:00+00:00,2016-02-25 18:00:00+00:00,1.3800299999999999,1.3563229441964284,1.7438359286463911,0.008719179643231956,52,TP2,True
GBPCAD,D,short,BEAR_STRONG,2016-02-15 10:00:00+00:00,2016-02-16 06:00:00+00:00,2.0010499999999998,2.00122,0.6830155662140246,0.003415077831070123,5,BE_STOP,True
GBPAUD,D,short,BEAR_STRONG,2016-02-15 14:00:00+00:00,2016-02-22 06:00:00+00:00,2.021115,1.9843688758928575,1.7563538662687375,0.008781769331343687,28,TP2,True
GBPCAD,D,short,BEAR_STRONG,2016-02-16 06:00:00+00:00,2016-02-17 18:00:00+00:00,1.993115,1.9569961718749995,1.7334708590693688,0.008667354295346845,9,TP2,True
AUDUSD,D,long,BULL_STRONG,2016-02-18 10:00:00+00:00,2016-02-19 10:00:00+00:00,0.7155050000000001,0.7087578874999999,-1.0330730027470663,-0.005165365013735331,6,SL,False
GBPNZD,D,short,BEAR_STRONG,2016-02-18 18:00:00+00:00,2016-02-22 10:00:00+00:00,2.158515,2.1177883486607145,1.7132338288448792,0.008566169144224397,10,TP2,True
NZDUSD,D,long,BULL_STRONG,2016-02-22 06:00:00+00:00,2016-02-24 02:00:00+00:00,0.6662,0.66169621875,-1.0483186610120365,-0.005241593305060183,11,SL,False
EURGBP,D,long,BULL_STRONG,2016-02-22 10:00:00+00:00,2016-02-22 14:00:00+00:00,0.782305,0.7780468083333334,-1.0683731886347485,-0.0053418659431737426,1,SL,False
EURGBP,D,long,BULL_STRONG,2016-02-23 02:00:00+00:00,2016-02-23 06:00:00+00:00,0.78172,0.7780468083333334,-1.0797674882190795,-0.005398837441095398,1,SL,False
EURGBP,D,long,BULL_STRONG,2016-02-23 14:00:00+00:00,2016-03-01 06:00:00+00:00,0.78584,0.7780468083333334,-1.0629680612779218,-0.0053148403063896085,28,SL,False
AUDUSD,D,long,BULL_STRONG,2016-02-24 06:00:00+00:00,2016-02-26 14:00:00+00:00,0.717765,0.717675,0.6671240087317531,0.003335620043658766,14,BE_STOP,True
NZDUSD,D,long,BULL_STRONG,2016-02-25 02:00:00+00:00,2016-02-26 02:00:00+00:00,0.6665150000000001,0.676220671875,1.7231944858941803,0.008615972429470901,6,TP2,True
AUDCAD,D,short,BEAR_STRONG,2016-02-25 18:00:00+00:00,2016-02-26 18:00:00+00:00,0.979,0.9672651004464285,1.6919749831969924,0.008459874915984962,6,TP2,True
EURNZD,D,short,BEAR_STRONG,2016-03-01 22:00:00+00:00,2016-03-09 18:00:00+00:00,1.637435,1.637605,0.7190197691507921,0.003595098845753961,35,BE_STOP,True
GBPAUD,D,short,BEAR_STRONG,2016-03-02 02:00:00+00:00,2016-03-09 14:00:00+00:00,1.93035,1.8963573705357142,1.7755088871768876,0.008877544435884439,33,TP2,True
CL,D,long,BULL_STRONG,2016-03-02 07:00:00+00:00,2016-03-04 15:00:00+00:00,33.705,35.86005625,1.8145094476098576,0.009072547238049287,14,TP2,True
USDCAD,D,short,BEAR_STRONG,2016-03-07 06:00:00+00:00,2016-03-08 14:00:00+00:00,1.335915,1.336005,0.6877526400165667,0.003438763200082833,8,BE_STOP,True
GBPNZD,D,short,BEAR_STRONG,2016-03-07 14:00:00+00:00,2016-03-09 02:00:00+00:00,2.0954599999999997,2.111565510416667,-1.0259398280439067,-0.005129699140219534,9,SL,False
AUDNZD,D,long,BULL_STRONG,2016-03-07 18:00:00+00:00,2016-03-09 22:00:00+00:00,1.097785,1.1105460758928574,1.6405914904007133,0.008202957452003567,13,TP2,True
USDCAD,D,short,BEAR_STRONG,2016-03-10 22:00:00+00:00,2016-03-15 05:00:00+00:00,1.33201,1.3321,0.712306990729529,0.003561534953647645,14,BE_STOP,True
YM,D,long,BULL_STRONG,2016-03-14 06:00:00+00:00,2016-03-21 06:00:00+00:00,17174.5,17541.73151785714,1.7187219913495868,0.008593609956747935,30,TP2,True
GBPAUD,D,short,BEAR_STRONG,2016-03-15 21:00:00+00:00,2016-03-17 01:00:00+00:00,1.89422,1.8742640624999993,1.8694060699238744,0.009347030349619373,7,TP2,True
GBPCAD,D,short,BEAR_STRONG,2016-03-16 01:00:00+00:00,2016-03-16 21:00:00+00:00,1.88929,1.8700915598214283,1.7054857897049145,0.008527428948524573,5,TP2,True
GBPUSD,D,short,BEAR_STRONG,2016-03-16 01:00:00+00:00,2016-03-16 17:00:00+00:00,1.4135399999999998,1.4206902395833334,-1.0407770298163475,-0.0052038851490817375,4,SL,False
GBPAUD,D,short,BEAR_STRONG,2016-03-17 17:00:00+00:00,2016-03-18 13:00:00+00:00,1.89331,1.9028456250000003,-1.0464532158825484,-0.005232266079412742,5,SL,False
NZDUSD,D,long,BULL_STRONG,2016-03-17 17:00:00+00:00,2016-03-20 21:00:00+00:00,0.68527,0.6758682375000001,-1.0231897881845717,-0.005115948940922859,7,SL,False
GBPCAD,D,short,BEAR_STRONG,2016-03-17 21:00:00+00:00,2016-03-28 13:00:00+00:00,1.88165,1.88182,0.7239194883295772,0.0036195974416478862,40,BE_STOP,True
NQ,D,long,BULL_STRONG,2016-03-21 14:00:00+00:00,2016-03-22 06:00:00+00:00,4411.625,4388.614895833332,-1.0321593395214832,-0.005160796697607416,4,SL,False
AUDNZD,D,long,BULL_STRONG,2016-03-22 13:00:00+00:00,2016-03-23 17:00:00+00:00,1.12924,1.1224431916666668,-1.0570551585290573,-0.005285275792645287,7,SL,False
NQ,D,long,BULL_STRONG,2016-03-22 14:00:00+00:00,2016-03-23 18:00:00+00:00,4435.125,4388.614895833332,-1.0158189737117205,-0.005079094868558603,7,SL,False
EURCAD,D,short,BEAR_STRONG,2016-03-22 17:00:00+00:00,2016-03-23 13:00:00+00:00,1.4634,1.4712470145833334,-1.0488309610371005,-0.0052441548051855025,5,SL,False
NZDCAD,D,short,BEAR_STRONG,2016-03-22 17:00:00+00:00,2016-03-23 13:00:00+00:00,0.881035,0.8852685874999999,-1.0721886510380323,-0.0053609432551901615,5,SL,False
AUDJPY,D,long,BULL_STRONG,2016-03-22 21:00:00+00:00,2016-03-23 13:00:00+00:00,85.70899999999999,84.85707083333334,-1.0347325990727712,-0.0051736629953638555,4,SL,False
EURAUD,D,short,BEAR_STRONG,2016-03-22 21:00:00+00:00,2016-03-23 13:00:00+00:00,1.468345,1.4792719062500002,-1.034914155731347,-0.005174570778656735,4,SL,False
AUDCHF,D,long,BULL_STRONG,2016-03-23 01:00:00+00:00,2016-03-23 13:00:00+00:00,0.742025,0.7360335645833334,-1.0470474170710335,-0.005235237085355168,3,SL,False
AUDCAD,D,long,BULL_STRONG,2016-03-28 09:00:00+00:00,2016-03-28 13:00:00+00:00,0.997585,0.99385153125,-1.086899008164447,-0.005434495040822235,1,SL,False
ES,D,long,BULL_STRONG,2016-03-29 22:00:00+00:00,2016-04-01 10:00:00+00:00,2050.375,2038.2692708333334,-1.045950255294588,-0.00522975127647294,15,SL,False
USDCAD,D,short,BEAR_STRONG,2016-03-30 13:00:00+00:00,2016-04-01 09:00:00+00:00,1.29825,1.308092875,-1.0247880753111411,-0.0051239403765557055,11,SL,False
EURCAD,D,long,BULL_STRONG,2016-04-04 01:00:00+00:00,2016-04-08 09:00:00+00:00,1.485405,1.485235,0.6799975914322224,0.003399987957161112,26,BE_STOP,True
CADCHF,D,short,BEAR_STRONG,2016-04-04 01:00:00+00:00,2016-04-05 13:00:00+00:00,0.73507,0.7256934174107144,1.7491593391485452,0.008745796695742726,9,TP2,True
GBPCAD,D,short,BEAR_STRONG,2016-04-04 05:00:00+00:00,2016-04-04 09:00:00+00:00,1.85358,1.8660004916666668,-1.0350599152823117,-0.005175299576411559,1,SL,False
SI,D,short,BEAR_STRONG,2016-04-04 06:00:00+00:00,2016-04-07 06:00:00+00:00,14.9925,15.250250000000003,-1.1007413390010654,-0.005503706695005327,18,SL,False
NG,D,long,BULL_STRONG,2016-04-04 14:00:00+00:00,2016-04-05 10:00:00+00:00,2.0145,1.9801308333333336,-1.0505385492989838,-0.0052526927464949195,5,SL,False
AUDCHF,D,short,BEAR_STRONG,2016-04-05 01:00:00+00:00,2016-04-07 13:00:00+00:00,0.729905,0.7168254486607143,1.7005892965633334,0.008502946482816668,15,TP2,True
EURAUD,D,long,BULL_STRONG,2016-04-05 01:00:00+00:00,2016-04-12 01:00:00+00:00,1.49632,1.49615,0.6966358749837062,0.003483179374918531,30,BE_STOP,True
PA,D,short,BEAR_STRONG,2016-04-05 06:00:00+00:00,2016-04-12 06:00:00+00:00,555.125,555.25,0.7232031864724063,0.0036160159323620315,30,BE_STOP,True
GBPCAD,D,short,BEAR_STRONG,2016-04-06 09:00:00+00:00,2016-04-12 17:00:00+00:00,1.85067,1.820951405357143,1.706611687819824,0.008533058439099121,26,TP2,True
USDCAD,D,short,BEAR_STRONG,2016-04-11 01:00:00+00:00,2016-04-12 17:00:00+00:00,1.2983799999999999,1.278647948660715,1.7015350781917218,0.008507675390958609,10,TP2,True
USDCHF,D,short,BEAR_STRONG,2016-04-11 01:00:00+00:00,2016-04-11 09:00:00+00:00,0.95266,0.9567968125,-1.0551971211910687,-0.005275985605955344,2,SL,False
EURUSD,D,long,BULL_STRONG,2016-04-11 13:00:00+00:00,2016-04-12 09:00:00+00:00,1.1414650000000002,1.141375,0.6075816741679811,0.003037908370839906,5,BE_STOP,True
USDCHF,D,short,BEAR_STRONG,2016-04-11 13:00:00+00:00,2016-04-12 13:00:00+00:00,0.9537899999999999,0.9567968125,-1.066350031069885,-0.005331750155349425,6,SL,False
ES,D,long,BULL_STRONG,2016-04-13 02:00:00+00:00,2016-04-19 06:00:00+00:00,2061.125,2096.8757366071427,1.6946199880814405,0.008473099940407203,25,TP2,True
GBPNZD,D,short,BEAR_STRONG,2016-04-13 09:00:00+00:00,2016-04-22 01:00:00+00:00,2.0586699999999998,2.075743364583334,-1.0093598998720181,-0.005046799499360091,40,SL,False
GBPAUD,D,short,BEAR_STRONG,2016-04-13 17:00:00+00:00,2016-04-17 21:00:00+00:00,1.856035,1.856205,0.707084414470008,0.0035354220723500403,13,BE_STOP,True
GBPJPY,D,short,BEAR_STRONG,2016-04-18 05:00:00+00:00,2016-04-18 13:00:00+00:00,153.793,154.960125,-1.033501593305072,-0.00516750796652536,2,SL,False
YM,D,long,BULL_STRONG,2016-04-18 18:00:00+00:00,2016-04-21 18:00:00+00:00,17902.5,17901.0,0.7007910686485678,0.003503955343242839,18,BE_STOP,True
AUDCHF,D,long,BULL_STRONG,2016-04-19 01:00:00+00:00,2016-04-27 01:00:00+00:00,0.749645,0.749475,0.6511196826276056,0.003255598413138028,36,BE_STOP,True
USDCAD,D,short,BEAR_STRONG,2016-04-19 01:00:00+00:00,2016-04-28 05:00:00+00:00,1.2770899999999998,1.2570022392857145,1.7847032423905702,0.00892351621195285,43,TP2,True
CADCHF,D,long,BULL_STRONG,2016-04-19 17:00:00+00:00,2016-05-03 05:00:00+00:00,0.75936,0.75919,0.6538864814893599,0.0032694324074467995,57,BE_STOP,True
NG,D,long,BULL_STRONG,2016-04-20 10:00:00+00:00,2016-04-25 10:00:00+00:00,2.0745,2.073,0.6926897751642078,0.003463448875821039,18,BE_STOP,True
PL,D,long,BULL_STRONG,2016-04-28 10:00:00+00:00,2016-04-29 14:00:00+00:00,1042.45,1079.0967142857144,1.705888162739315,0.008529440813696575,7,TP2,True
AUDCAD,D,short,BEAR_STRONG,2016-05-03 05:00:00+00:00,2016-05-04 09:00:00+00:00,0.95035,0.9579539583333334,-1.0340396042933613,-0.005170198021466807,7,SL,False
EURCHF,D,long,BULL_STRONG,2016-05-04 21:00:00+00:00,2016-05-05 17:00:00+00:00,1.100195,1.1045322611607142,1.5501296720898972,0.007750648360449486,5,TP2,True
AUDCHF,D,short,BEAR_STRONG,2016-05-09 13:00:00+00:00,2016-05-10 05:00:00+00:00,0.709995,0.7158214916666666,-1.0476265706511263,-0.0052381328532556315,4,SL,False
NZDCAD,D,short,BEAR_STRONG,2016-05-10 01:00:00+00:00,2016-05-10 21:00:00+00:00,0.87418,0.8804423874999998,-1.047991891520362,-0.00523995945760181,5,SL,False
NZDCHF,D,short,BEAR_STRONG,2016-05-10 01:00:00+00:00,2016-05-10 21:00:00+00:00,0.65557,0.6613482750000002,-1.0466774186358545,-0.005233387093179272,5,SL,False
GBPCHF,D,long,BULL_STRONG,2016-05-10 13:00:00+00:00,2016-05-12 05:00:00+00:00,1.407685,1.40031065,-1.0578922317766348,-0.0052894611588831745,10,SL,False
EURNZD,D,long,BULL_STRONG,2016-05-11 05:00:00+00:00,2016-05-17 01:00:00+00:00,1.678305,1.66202830625,-1.034455407708985,-0.0051722770385449245,23,SL,False
NG,D,long,BULL_STRONG,2016-05-11 10:00:00+00:00,2016-05-13 06:00:00+00:00,2.1275,2.0765012499999997,-1.033742266218845,-0.005168711331094224,11,SL,False
AUDCHF,D,short,BEAR_STRONG,2016-05-12 09:00:00+00:00,2016-05-17 01:00:00+00:00,0.711405,0.7158214916666666,-1.0399380743711972,-0.005199690371855986,16,SL,False
USDCHF,D,long,BULL_STRONG,2016-05-16 09:00:00+00:00,2016-05-18 17:00:00+00:00,0.9753850000000001,0.98524405625,1.6786408255751446,0.008393204127875723,14,TP2,True
YM,D,short,BEAR_STRONG,2016-05-16 10:00:00+00:00,2016-05-16 18:00:00+00:00,17551.5,17699.287500000002,-1.0198521404768006,-0.005099260702384003,2,SL,False
GBPCHF,D,long,BULL_STRONG,2016-05-16 17:00:00+00:00,2016-05-18 05:00:00+00:00,1.408155,1.4207486245535714,1.6503333023347118,0.008251666511673559,9,TP2,True
AUDNZD,D,short,BEAR_STRONG,2016-05-19 05:00:00+00:00,2016-05-31 01:00:00+00:00,1.06831,1.0751815374999998,-0.9954582661068453,-0.004977291330534227,47,SL,False
CHFJPY,D,short,BEAR_STRONG,2016-05-19 17:00:00+00:00,2016-05-30 01:00:00+00:00,110.983,111.7153625,-1.0035473204144694,-0.005017736602072347,38,SL,False
NZDUSD,D,short,BEAR_STRONG,2016-05-19 21:00:00+00:00,2016-06-01 09:00:00+00:00,0.6757949999999999,0.68287225,-0.9920728899066207,-0.0049603644495331035,51,SL,False
HG,D,short,BEAR_STRONG,2016-05-23 06:00:00+00:00,2016-05-24 06:00:00+00:00,2.0462499999999997,2.071635,-1.0585746840687873,-0.005292873420343937,6,SL,False
AUDJPY,D,short,BEAR_STRONG,2016-05-23 09:00:00+00:00,2016-05-25 05:00:00+00:00,78.8105,79.45663291666665,-1.0366114526673231,-0.005183057263336616,11,SL,False
NZDJPY,D,short,BEAR_STRONG,2016-05-23 21:00:00+00:00,2016-05-24 21:00:00+00:00,73.638,74.26515562499998,-1.036563327593672,-0.00518281663796836,6,SL,False
EURAUD,D,long,BULL_STRONG,2016-05-24 05:00:00+00:00,2016-05-24 13:00:00+00:00,1.560705,1.5512596875000002,-1.041885241063308,-0.0052094262053165395,2,SL,False
NZDJPY,D,short,BEAR_STRONG,2016-05-26 01:00:00+00:00,2016-05-27 01:00:00+00:00,73.694,74.26515562499998,-1.0402723693366764,-0.005201361846683382,6,SL,False
AUDJPY,D,short,BEAR_STRONG,2016-05-26 01:00:00+00:00,2016-05-26 09:00:00+00:00,79.1085,79.45663291666665,-1.084785258688913,-0.0054239262934445654,2,SL,False
GBPJPY,D,long,BULL_STRONG,2016-05-26 05:00:00+00:00,2016-05-27 09:00:00+00:00,161.487,160.3105625,-1.0384739841517943,-0.005192369920758971,7,SL,False
AUDUSD,D,short,BEAR_STRONG,2016-05-30 01:00:00+00:00,2016-05-30 21:00:00+00:00,0.715965,0.7199369562500001,-1.0490049572300126,-0.0052450247861500635,5,SL,False
USDCHF,D,long,BULL_STRONG,2016-05-30 05:00:00+00:00,2016-05-31 09:00:00+00:00,0.992835,0.9895255708333334,-1.0804480815051443,-0.0054022404075257215,7,SL,False
CHFJPY,D,short,BEAR_STRONG,2016-06-02 09:00:00+00:00,2016-06-07 01:00:00+00:00,110.053,110.94190416666665,-1.025699406949345,-0.0051284970347467256,16,SL,False
EURCAD,D,short,BEAR_STRONG,2016-06-08 05:00:00+00:00,2016-06-13 17:00:00+00:00,1.44635,1.44652,0.6850017442204492,0.0034250087211022463,21,BE_STOP,True
NZDJPY,D,long,BULL_STRONG,2016-06-08 09:00:00+00:00,2016-06-09 01:00:00+00:00,74.902,76.07894245535716,1.7030815551987202,0.008515407775993602,4,TP2,True
PA,D,short,BEAR_STRONG,2016-06-13 10:00:00+00:00,2016-06-20 10:00:00+00:00,546.225,546.35,0.7205123281973698,0.003602561640986849,30,BE_STOP,True
AUDJPY,D,short,BEAR_STRONG,2016-06-13 13:00:00+00:00,2016-06-16 05:00:00+00:00,78.4825,76.85982607142856,1.6757198933698427,0.008378599466849214,16,TP2,True
CADJPY,D,short,BEAR_STRONG,2016-06-13 13:00:00+00:00,2016-06-16 05:00:00+00:00,83.0875,81.1807575892857,1.6883932422227674,0.008441966211113837,16,TP2,True
CHFJPY,D,short,BEAR_STRONG,2016-06-14 01:00:00+00:00,2016-06-16 09:00:00+00:00,109.923,107.99836607142856,1.692533180687776,0.00846266590343888,14,TP2,True
GBPCAD,D,short,BEAR_STRONG,2016-06-14 01:00:00+00:00,2016-06-16 05:00:00+00:00,1.819095,1.8416161375,-1.0145260302747456,-0.0050726301513737285,13,SL,False
PL,D,short,BEAR_STRONG,2016-06-14 10:00:00+00:00,2016-06-20 10:00:00+00:00,983.75,984.0,0.7016372036015653,0.003508186018007827,24,BE_STOP,True
EURAUD,D,short,BEAR_STRONG,2016-06-15 05:00:00+00:00,2016-06-16 01:00:00+00:00,1.518335,1.5256900750000002,-1.0532446634168735,-0.005266223317084368,5,SL,False
NZDUSD,D,long,BULL_STRONG,2016-06-20 01:00:00+00:00,2016-06-23 21:00:00+00:00,0.7117100000000001,0.725462997767857,1.6976445054072538,0.008488222527036269,23,TP2,True
AUDUSD,D,long,BULL_STRONG,2016-06-20 01:00:00+00:00,2016-06-23 09:00:00+00:00,0.7447,0.7567255709821428,1.7327117080211754,0.008663558540105877,20,TP2,True
NZDCHF,D,long,BULL_STRONG,2016-06-20 05:00:00+00:00,2016-06-23 21:00:00+00:00,0.684075,0.6964906767857143,1.6791292161433957,0.00839564608071698,22,TP2,True
USDCHF,D,short,BEAR_STRONG,2016-06-20 05:00:00+00:00,2016-06-23 21:00:00+00:00,0.9595849999999999,0.9651153354166668,-1.0246936796559396,-0.005123468398279698,22,SL,False
EURNZD,D,short,BEAR_STRONG,2016-06-20 09:00:00+00:00,2016-06-21 13:00:00+00:00,1.592195,1.5763674236607144,1.9245547261582538,0.00962277363079127,7,TP2,True
EURAUD,D,short,BEAR_STRONG,2016-06-20 09:00:00+00:00,2016-06-23 13:00:00+00:00,1.516775,1.4971157254464287,1.7179056418238827,0.008589528209119414,19,TP2,True
ES,D,long,BULL_STRONG,2016-06-21 10:00:00+00:00,2016-06-23 18:00:00+00:00,2078.375,2109.7436160714283,1.7043227859350158,0.008521613929675079,14,TP2,True
AUDNZD,D,short,BEAR_STRONG,2016-06-22 01:00:00+00:00,2016-06-22 05:00:00+00:00,1.044315,1.0471183791666667,-1.1200754164088953,-0.005600377082044476,1,SL,False
NZDJPY,D,long,BULL_STRONG,2016-06-23 21:00:00+00:00,2016-06-24 01:00:00+00:00,75.84349999999999,74.43726625000001,-1.0198800885740043,-0.0050994004428700215,1,SL,False
ES,D,long,BULL_STRONG,2016-06-23 22:00:00+00:00,2016-06-24 02:00:00+00:00,2076.875,2062.426875,-1.0384527246080741,-0.005192263623040371,1,SL,False
CADCHF,D,short,BEAR_STRONG,2016-06-27 01:00:00+00:00,2016-06-27 09:00:00+00:00,0.7464,0.7507527687500001,-1.0656254305237398,-0.005328127152618699,2,SL,False
EURCHF,D,short,BEAR_STRONG,2016-06-27 01:00:00+00:00,2016-06-29 17:00:00+00:00,1.07406,1.0897819583333337,-1.014169816770128,-0.0050708490838506405,16,SL,False
EURCAD,D,short,BEAR_STRONG,2016-06-27 05:00:00+00:00,2016-07-11 05:00:00+00:00,1.43837,1.44413,-0.46089446131984796,-0.00230447230659924,60,TIME,False
AUDNZD,D,short,BEAR_STRONG,2016-06-30 17:00:00+00:00,2016-07-04 01:00:00+00:00,1.044095,1.044265,0.6034138831257501,0.0030170694156287504,8,BE_STOP,True
NZDCHF,D,long,BULL_STRONG,2016-07-04 05:00:00+00:00,2016-07-05 13:00:00+00:00,0.7008800000000001,0.6968017854166666,-1.081398601130203,-0.005406993005651015,8,SL,False
AUDCHF,D,long,BULL_STRONG,2016-07-04 09:00:00+00:00,2016-07-05 05:00:00+00:00,0.732465,0.7266591666666666,-1.0483593257430135,-0.005241796628715068,5,SL,False
AUDCAD,D,long,BULL_STRONG,2016-07-04 09:00:00+00:00,2016-07-06 13:00:00+00:00,0.968375,0.9776960723214286,1.7742448930214192,0.008871224465107096,13,TP2,True
GBPCHF,D,short,BEAR_STRONG,2016-07-04 13:00:00+00:00,2016-07-05 09:00:00+00:00,1.29082,1.2749565200892858,1.9725219246199652,0.009862609623099827,5,TP2,True
EURAUD,D,short,BEAR_STRONG,2016-07-05 21:00:00+00:00,2016-07-08 09:00:00+00:00,1.48557,1.4650859866071426,1.7148368957208584,0.008574184478604292,15,TP2,True
AUDCHF,D,long,BULL_STRONG,2016-07-06 13:00:00+00:00,2016-07-08 17:00:00+00:00,0.73283,0.7443694642857144,1.6364828678556662,0.008182414339278332,13,TP2,True
CHFJPY,D,short,BEAR_STRONG,2016-07-07 01:00:00+00:00,2016-07-12 01:00:00+00:00,103.643,104.76101249999999,-1.0149953065927917,-0.005074976532963959,18,SL,False
AUDCAD,D,long,BULL_STRONG,2016-07-07 17:00:00+00:00,2016-07-11 09:00:00+00:00,0.972505,0.9884860723214286,1.6761158594645695,0.008380579297322848,10,TP2,True
AUDUSD,D,long,BULL_STRONG,2016-07-07 21:00:00+00:00,2016-07-12 13:00:00+00:00,0.750575,0.7642116861607141,1.7014374211222594,0.008507187105611297,16,TP2,True
USDCHF,D,long,BULL_STRONG,2016-07-11 09:00:00+00:00,2016-07-14 09:00:00+00:00,0.9831650000000001,0.9768915729166667,-1.0513700728931055,-0.005256850364465528,18,SL,False
PL,D,long,BULL_STRONG,2016-07-11 10:00:00+00:00,2016-07-14 06:00:00+00:00,1104.85,1086.8946982758623,-1.0191122413654594,-0.005095561206827297,17,SL,False
USDCHF,D,long,BULL_STRONG,2016-07-14 21:00:00+00:00,2016-07-20 09:00:00+00:00,0.98117,0.9897804977678569,1.6895854352074784,0.008447927176037392,21,TP2,True
NQ,D,long,BULL_STRONG,2016-07-19 06:00:00+00:00,2016-07-20 14:00:00+00:00,4595.875,4643.52109375,1.8774196718777934,0.009387098359388966,8,TP2,True
EURUSD,D,short,BEAR_STRONG,2016-07-19 13:00:00+00:00,2016-07-27 17:00:00+00:00,1.10133,1.10650425,-1.0126245168904258,-0.005063122584452129,37,SL,False
PA,D,long,BULL_STRONG,2016-07-20 06:00:00+00:00,2016-07-21 10:00:00+00:00,655.575,677.5153794642858,1.7218351342035594,0.008609175671017797,7,TP2,True
PL,D,long,BULL_STRONG,2016-07-21 22:00:00+00:00,2016-07-22 10:00:00+00:00,1107.05,1096.0320833333333,-1.031441922377433,-0.0051572096118871645,3,SL,False
DAX,D,long,BULL_STRONG,2016-07-25 10:00:00+00:00,2016-08-01 06:00:00+00:00,10210.75,10427.173549107143,1.8059568444558023,0.009029784222279012,19,TP2,True
EURGBP,D,long,BULL_STRONG,2016-07-26 05:00:00+00:00,2016-08-03 05:00:00+00:00,0.839575,0.839405,0.6314205434247473,0.0031571027171237364,36,BE_STOP,True
GBPNZD,D,short,BEAR_STRONG,2016-07-26 09:00:00+00:00,2016-08-03 05:00:00+00:00,1.85762,1.85779,0.7236852522650923,0.0036184262613254614,35,BE_STOP,True
EURAUD,D,short,BEAR_STRONG,2016-07-26 13:00:00+00:00,2016-07-27 01:00:00+00:00,1.46242,1.4720228437500003,-1.0397270229351563,-0.005198635114675782,3,SL,False
AUDCHF,D,long,BULL_STRONG,2016-07-27 01:00:00+00:00,2016-07-27 17:00:00+00:00,0.742775,0.73753435625,-1.0540342634009743,-0.005270171317004872,4,SL,False
ES,D,long,BULL_STRONG,2016-07-27 06:00:00+00:00,2016-07-27 14:00:00+00:00,2166.625,2156.34375,-1.0553519242902207,-0.005276759621451104,2,SL,False
GBPJPY,D,short,BEAR_STRONG,2016-07-27 09:00:00+00:00,2016-07-29 01:00:00+00:00,138.573,138.59,0.717990057605497,0.003589950288027485,10,BE_STOP,True
AUDCHF,D,long,BULL_STRONG,2016-07-28 01:00:00+00:00,2016-07-28 09:00:00+00:00,0.74205,0.73753435625,-1.063025644934655,-0.0053151282246732745,2,SL,False
CHFJPY,D,short,BEAR_STRONG,2016-07-28 01:00:00+00:00,2016-07-29 01:00:00+00:00,106.263,107.64545833333332,-1.0196833688321965,-0.005098416844160982,6,SL,False
SI,D,long,BULL_STRONG,2016-07-28 22:00:00+00:00,2016-08-05 10:00:00+00:00,20.317500000000003,19.879999999999995,-1.0581334939759048,-0.005290667469879524,33,SL,False
PA,D,long,BULL_STRONG,2016-08-01 06:00:00+00:00,2016-08-04 14:00:00+00:00,714.475,700.4761458333332,-1.0131295887798542,-0.005065647943899271,20,SL,False
EURGBP,D,long,BULL_STRONG,2016-08-08 09:00:00+00:00,2016-08-10 13:00:00+00:00,0.850245,0.8573410147321431,1.7231156276232462,0.00861557813811623,13,TP2,True
AUDUSD,D,long,BULL_STRONG,2016-08-08 21:00:00+00:00,2016-08-10 09:00:00+00:00,0.7652,0.7741185763392854,1.6742079681200548,0.008371039840600274,9,TP2,True
HG,D,short,BEAR_STRONG,2016-08-09 10:00:00+00:00,2016-08-10 06:00:00+00:00,2.1502499999999998,2.176983541666667,-1.055801505873896,-0.00527900752936948,5,SL,False
PA,D,long,BULL_STRONG,2016-08-10 22:00:00+00:00,2016-08-11 10:00:00+00:00,722.375,709.674125,-1.014534972715616,-0.005072674863578081,3,SL,False
ES,D,long,BULL_STRONG,2016-08-15 02:00:00+00:00,2016-08-16 18:00:00+00:00,2183.375,2174.953229166667,-1.0683093891183078,-0.005341546945591539,10,SL,False
USDJPY,D,short,BEAR_STRONG,2016-08-17 09:00:00+00:00,2016-08-21 21:00:00+00:00,100.711,100.72,0.7014020268830103,0.0035070101344150516,15,BE_STOP,True
NQ,D,long,BULL_STRONG,2016-08-17 22:00:00+00:00,2016-08-19 06:00:00+00:00,4810.875,4788.384375000001,-1.0343589656634176,-0.005171794828317088,8,SL,False
PA,D,long,BULL_STRONG,2016-08-22 10:00:00+00:00,2016-08-22 14:00:00+00:00,707.725,697.0112500000001,-1.0171519773344353,-0.005085759886672176,1,SL,False
NZDUSD,D,long,BULL_STRONG,2016-08-23 05:00:00+00:00,2016-08-26 13:00:00+00:00,0.73217,0.7261648437499999,-1.047759313204961,-0.005238796566024805,20,SL,False
CADJPY,D,short,BEAR_STRONG,2016-08-23 13:00:00+00:00,2016-08-26 13:00:00+00:00,77.671,78.27814125,-1.0218150146257285,-0.005109075073128643,18,SL,False
ES,D,long,BULL_STRONG,2016-08-23 14:00:00+00:00,2016-08-24 18:00:00+00:00,2187.875,2176.66375,-1.0507583342946138,-0.00525379167147307,7,SL,False
EURCAD,D,long,BULL_STRONG,2016-08-24 17:00:00+00:00,2016-08-26 13:00:00+00:00,1.456255,1.45017671875,-1.0717426408906996,-0.005358713204453498,11,SL,False
NZDCHF,D,long,BULL_STRONG,2016-08-29 17:00:00+00:00,2016-09-01 05:00:00+00:00,0.70957,0.7160846187499998,1.6725505656243003,0.008362752828121501,15,TP2,True
CADJPY,D,long,BULL_STRONG,2016-09-08 17:00:00+00:00,2016-09-09 13:00:00+00:00,79.22699999999999,78.74844666666667,-1.0608635621740996,-0.005304317810870498,5,SL,False
NZDCAD,D,long,BULL_STRONG,2016-09-08 21:00:00+00:00,2016-09-09 09:00:00+00:00,0.957415,0.9523276875,-1.061830135871983,-0.005309150679359915,3,SL,False
AUDNZD,D,short,BEAR_STRONG,2016-09-12 01:00:00+00:00,2016-09-21 01:00:00+00:00,1.029285,1.0345589833333335,-0.9929662583798938,-0.004964831291899469,42,SL,False
EURCHF,D,long,BULL_STRONG,2016-09-12 05:00:00+00:00,2016-09-12 17:00:00+00:00,1.095025,1.0916813187500003,-1.1018701862387859,-0.00550935093119393,3,SL,False
HG,D,short,BEAR_STRONG,2016-09-12 06:00:00+00:00,2016-09-12 10:00:00+00:00,2.0752499999999996,2.094665086206897,-1.077952836770052,-0.00538976418385026,1,SL,False
NZDCHF,D,long,BULL_STRONG,2016-09-19 01:00:00+00:00,2016-09-21 01:00:00+00:00,0.714615,0.714445,0.6082442845116972,0.0030412214225584862,12,BE_STOP,True
EURNZD,D,short,BEAR_STRONG,2016-09-19 05:00:00+00:00,2016-09-22 13:00:00+00:00,1.52738,1.5363447687499998,-1.0265877599112547,-0.005132938799556274,20,SL,False
CADJPY,D,short,BEAR_STRONG,2016-09-20 01:00:00+00:00,2016-09-21 01:00:00+00:00,77.087,77.60363125,-1.045618003277408,-0.0052280900163870405,6,SL,False
NZDCHF,D,long,BULL_STRONG,2016-09-21 01:00:00+00:00,2016-09-22 05:00:00+00:00,0.714845,0.7106882125,-1.0802847656164292,-0.005401423828082146,7,SL,False
NZDCAD,D,long,BULL_STRONG,2016-09-21 17:00:00+00:00,2016-09-22 01:00:00+00:00,0.96346,0.9579250875,-1.0568293331904308,-0.0052841466659521545,2,SL,False
NZDUSD,D,long,BULL_STRONG,2016-09-21 21:00:00+00:00,2016-09-22 17:00:00+00:00,0.73662,0.7303473937499999,-1.031237117841692,-0.0051561855892084596,5,SL,False
CADJPY,D,short,BEAR_STRONG,2016-09-22 13:00:00+00:00,2016-09-26 09:00:00+00:00,77.1995,76.2161602678571,1.9217264779617833,0.009608632389808917,11,TP2,True
YM,D,short,BEAR_STRONG,2016-09-26 18:00:00+00:00,2016-09-27 02:00:00+00:00,18017.5,18118.75125,-1.0294873497825838,-0.0051474367489129196,2,SL,False
CHFJPY,D,short,BEAR_STRONG,2016-09-27 13:00:00+00:00,2016-09-28 21:00:00+00:00,103.35300000000001,104.06398333333334,-1.0381412906169636,-0.005190706453084818,8,SL,False
NZDJPY,D,short,BEAR_STRONG,2016-10-12 21:00:00+00:00,2016-10-17 05:00:00+00:00,73.592,74.18466875,-1.0300570076107063,-0.005150285038053532,14,SL,False
GBPCHF,D,short,BEAR_STRONG,2016-10-17 05:00:00+00:00,2016-10-17 21:00:00+00:00,1.20302,1.2082892187499998,-1.0663675783667868,-0.005331837891833934,4,SL,False
CADJPY,D,long,BULL_STRONG,2016-10-17 09:00:00+00:00,2016-10-20 09:00:00+00:00,79.2015,78.56436666666667,-1.0694821705009614,-0.005347410852504807,18,SL,False
AUDCAD,D,long,BULL_STRONG,2016-10-18 21:00:00+00:00,2016-10-19 13:00:00+00:00,1.00594,1.0010579124999999,-1.0659647343136118,-0.005329823671568059,4,SL,False
CL,D,long,BULL_STRONG,2016-10-19 10:00:00+00:00,2016-10-20 10:00:00+00:00,51.405,50.7952,-1.0321324815063897,-0.005160662407531948,6,SL,False
CADCHF,D,long,BULL_STRONG,2016-10-20 13:00:00+00:00,2016-10-21 13:00:00+00:00,0.75112,0.7457877624999998,-1.062987570796576,-0.00531493785398288,6,SL,False
GBPAUD,D,short,BEAR_STRONG,2016-10-20 13:00:00+00:00,2016-10-25 21:00:00+00:00,1.607875,1.5861705379464284,1.8117019393372986,0.009058509696686493,20,TP2,True
GBPUSD,D,short,BEAR_STRONG,2016-10-24 01:00:00+00:00,2016-10-24 05:00:00+00:00,1.2200699999999998,1.22356373125,-1.0766246747595405,-0.005383123373797703,1,SL,False
GBPUSD,D,short,BEAR_STRONG,2016-10-25 13:00:00+00:00,2016-10-26 13:00:00+00:00,1.2196599999999997,1.22356373125,-1.0605056793134375,-0.005302528396567188,6,SL,False
USDJPY,D,long,BULL_STRONG,2016-10-25 13:00:00+00:00,2016-10-27 17:00:00+00:00,104.259,105.27053482142857,1.662553165648189,0.008312765828240944,13,TP2,True
USDCHF,D,long,BULL_STRONG,2016-10-26 13:00:00+00:00,2016-10-28 17:00:00+00:00,0.993635,0.9883251979166667,-1.0553869467432784,-0.005276934733716392,13,SL,False
AUDNZD,D,long,BULL_STRONG,2016-10-26 21:00:00+00:00,2016-10-28 01:00:00+00:00,1.06907,1.0635354625,-1.0689099106866162,-0.005344549553433081,7,SL,False
GBPUSD,D,short,BEAR_STRONG,2016-10-27 21:00:00+00:00,2016-10-31 17:00:00+00:00,1.21755,1.22356373125,-1.0389040269171808,-0.005194520134585904,11,SL,False
USDJPY,D,long,BULL_STRONG,2016-10-31 09:00:00+00:00,2016-11-01 13:00:00+00:00,105.029,104.36232083333334,-1.0406034756055083,-0.0052030173780275414,7,SL,False
GBPCHF,D,short,BEAR_STRONG,2016-10-31 13:00:00+00:00,2016-11-01 17:00:00+00:00,1.20842,1.1947201758928576,1.6809870852819937,0.008404935426409969,7,TP2,True
AUDUSD,D,long,BULL_STRONG,2016-11-07 14:00:00+00:00,2016-11-09 02:00:00+00:00,0.7708050000000001,0.770715,0.6583372063278166,0.0032916860316390827,9,BE_STOP,True
PL,D,long,BULL_STRONG,2016-11-08 07:00:00+00:00,2016-11-10 07:00:00+00:00,1007.25,992.9429999999999,-1.0235171089137083,-0.005117585544568541,12,SL,False
USDCAD,D,long,BULL_STRONG,2016-11-09 14:00:00+00:00,2016-11-09 18:00:00+00:00,1.3419750000000001,1.3385681833333334,-1.0837780703385727,-0.005418890351692863,1,SL,False
NG,D,short,BEAR_STRONG,2016-11-09 15:00:00+00:00,2016-11-15 03:00:00+00:00,2.6875,2.7909800000000002,-1.0168170229456763,-0.005084085114728382,21,SL,False
AUDJPY,D,long,BULL_STRONG,2016-11-09 18:00:00+00:00,2016-11-23 18:00:00+00:00,80.67949999999999,83.10000000000001,1.4043020444667917,0.0070215102223339584,60,TIME,True
EURNZD,D,short,BEAR_STRONG,2016-11-09 18:00:00+00:00,2016-11-11 10:00:00+00:00,1.49844,1.5198813750000002,-1.0155035393809755,-0.005077517696904878,10,SL,False
SI,D,long,BULL_STRONG,2016-11-10 07:00:00+00:00,2016-11-11 11:00:00+00:00,18.7525,18.24443541666667,-1.0494274105315566,-0.005247137052657783,7,SL,False
USDCAD,D,long,BULL_STRONG,2016-11-10 10:00:00+00:00,2016-11-22 06:00:00+00:00,1.3469950000000002,1.3385681833333334,-1.058605019102033,-0.0052930250955101656,47,SL,False
EURCHF,D,short,BEAR_STRONG,2016-11-10 10:00:00+00:00,2016-11-24 10:00:00+00:00,1.07594,1.07293,1.0689832513878104,0.0053449162569390515,60,TIME,True
NZDJPY,D,long,BULL_STRONG,2016-11-10 22:00:00+00:00,2016-11-24 22:00:00+00:00,76.893,79.6755,1.376903249469127,0.006884516247345635,60,TIME,False
CL,D,short,BEAR_STRONG,2016-11-14 15:00:00+00:00,2016-11-15 11:00:00+00:00,43.535,44.619212499999996,-1.017286367303039,-0.005086431836515195,5,SL,False
EURNZD,D,short,BEAR_STRONG,2016-11-21 14:00:00+00:00,2016-11-24 14:00:00+00:00,1.50258,1.5122076208333333,-1.0243572040008306,-0.005121786020004153,18,SL,False
HG,D,long,BULL_STRONG,2016-11-21 15:00:00+00:00,2016-11-23 23:00:00+00:00,2.5187500000000003,2.6241104910714284,1.6653397613856313,0.008326698806928157,14,TP2,True
YM,D,long,BULL_STRONG,2016-11-21 15:00:00+00:00,2016-11-23 19:00:00+00:00,18908.5,19048.826785714282,1.7128248320400108,0.008564124160200054,13,TP2,True
GBPNZD,D,long,BULL_STRONG,2016-11-21 18:00:00+00:00,2016-11-23 02:00:00+00:00,1.76828,1.7550987062500003,-1.0359348738860048,-0.005179674369430024,8,SL,False
EURGBP,D,short,BEAR_STRONG,2016-11-22 14:00:00+00:00,2016-11-28 06:00:00+00:00,0.855375,0.855545,0.684765391004859,0.003423826955024295,22,BE_STOP,True
GBPCHF,D,long,BULL_STRONG,2016-11-22 14:00:00+00:00,2016-11-28 10:00:00+00:00,1.2548300000000001,1.25466,0.6826044393131967,0.0034130221965659835,23,BE_STOP,True
EURNZD,D,short,BEAR_STRONG,2016-11-24 22:00:00+00:00,2016-11-29 06:00:00+00:00,1.507055,1.496177854464286,1.749491077976604,0.00874745538988302,14,TP2,True
EURCAD,D,short,BEAR_STRONG,2016-11-28 14:00:00+00:00,2016-11-29 02:00:00+00:00,1.41861,1.4246684270833334,-1.062598278756529,-0.005312991393782645,3,SL,False
CL,D,short,BEAR_STRONG,2016-11-28 23:00:00+00:00,2016-11-30 07:00:00+00:00,46.905,46.92,0.7206410411977693,0.0036032052059888466,8,BE_STOP,True
ES,D,long,BULL_STRONG,2016-11-30 11:00:00+00:00,2016-11-30 19:00:00+00:00,2209.375,2199.278794642857,-1.056757364928474,-0.00528378682464237,2,SL,False
EURCAD,D,short,BEAR_STRONG,2016-11-30 14:00:00+00:00,2016-11-30 18:00:00+00:00,1.421075,1.4246684270833334,-1.107772267677676,-0.00553886133838838,1,SL,False
GBPUSD,D,long,BULL_STRONG,2016-11-30 18:00:00+00:00,2016-12-01 14:00:00+00:00,1.2507300000000001,1.2635883919642854,1.7810949508822753,0.008905474754411377,5,TP2,True
CADCHF,D,long,BULL_STRONG,2016-12-05 02:00:00+00:00,2016-12-05 10:00:00+00:00,0.76245,0.7573860229166668,-1.0565476697760752,-0.005282738348880376,2,SL,False
GBPCHF,D,long,BULL_STRONG,2016-12-05 10:00:00+00:00,2016-12-07 06:00:00+00:00,1.284375,1.2710579979166667,-1.0304109254311942,-0.005152054627155971,11,SL,False
AUDJPY,D,long,BULL_STRONG,2016-12-05 10:00:00+00:00,2016-12-12 06:00:00+00:00,85.06349999999999,86.26779464285711,1.6404868781688777,0.00820243439084439,29,TP2,True
CL,D,long,BULL_STRONG,2016-12-05 11:00:00+00:00,2016-12-06 11:00:00+00:00,52.245,50.88223333333333,-1.0142306531793341,-0.005071153265896671,6,SL,False
EURJPY,D,long,BULL_STRONG,2016-12-05 14:00:00+00:00,2016-12-08 14:00:00+00:00,122.14699999999999,121.15828750000003,-1.0505299458430324,-0.005252649729215162,18,SL,False
YM,D,long,BULL_STRONG,2016-12-05 15:00:00+00:00,2016-12-07 19:00:00+00:00,19209.5,19345.14267857143,1.8373150738411301,0.009186575369205651,13,TP2,True
NZDJPY,D,long,BULL_STRONG,2016-12-05 22:00:00+00:00,2016-12-06 02:00:00+00:00,81.3215,80.78050812500001,-1.0541707063682928,-0.005270853531841464,1,SL,False
EURCHF,D,long,BULL_STRONG,2016-12-06 10:00:00+00:00,2016-12-09 10:00:00+00:00,1.083895,1.0767277937500002,-1.0674190931559306,-0.005337095465779654,18,SL,False
HG,D,long,BULL_STRONG,2016-12-06 15:00:00+00:00,2016-12-08 07:00:00+00:00,2.6692500000000003,2.6157649999999997,-1.0280183784818644,-0.005140091892409322,10,SL,False
NZDJPY,D,long,BULL_STRONG,2016-12-07 06:00:00+00:00,2016-12-09 10:00:00+00:00,81.342,82.47002352678572,1.7011140701463752,0.008505570350731876,13,TP2,True
AUDNZD,D,short,BEAR_STRONG,2016-12-08 02:00:00+00:00,2016-12-11 22:00:00+00:00,1.039945,1.045552525,-1.0488443363478792,-0.005244221681739396,11,SL,False
CHFJPY,D,long,BULL_STRONG,2016-12-12 02:00:00+00:00,2016-12-14 22:00:00+00:00,113.527,114.9533348214286,1.6553421954128107,0.008276710977064054,17,TP2,True
GBPJPY,D,long,BULL_STRONG,2016-12-12 06:00:00+00:00,2016-12-15 10:00:00+00:00,145.767,148.14893750000002,1.7021619787391034,0.008510809893695516,19,TP2,True
AUDNZD,D,short,BEAR_STRONG,2016-12-13 14:00:00+00:00,2016-12-14 22:00:00+00:00,1.040185,1.0440549375,-1.0717919964864286,-0.005358959982432143,8,SL,False
CL,D,long,BULL_STRONG,2016-12-14 15:00:00+00:00,2016-12-14 19:00:00+00:00,51.735,50.91707083333334,-1.0238362246565968,-0.005119181123282984,1,SL,False
EURJPY,D,long,BULL_STRONG,2016-12-15 22:00:00+00:00,2016-12-19 10:00:00+00:00,123.167,122.0799375,-1.036673913906894,-0.005183369569534469,9,SL,False
EURCAD,D,short,BEAR_STRONG,2016-12-20 14:00:00+00:00,2016-12-21 14:00:00+00:00,1.38966,1.3965808229166667,-1.0465946750319013,-0.005232973375159507,6,SL,False
ES,D,long,BULL_STRONG,2016-12-21 11:00:00+00:00,2016-12-22 03:00:00+00:00,2264.875,2255.3292708333333,-1.0606483944615455,-0.005303241972307728,4,SL,False
NZDUSD,D,short,BEAR_STRONG,2016-12-27 02:00:00+00:00,2016-12-28 02:00:00+00:00,0.68839,0.6912426896551725,-1.0566023041014596,-0.0052830115205072985,6,SL,False
AUDNZD,D,short,BEAR_STRONG,2016-12-27 06:00:00+00:00,2017-01-03 10:00:00+00:00,1.043645,1.043815,0.6534544328635792,0.003267272164317896,25,BE_STOP,True
NKD,D,long,BULL_STRONG,2016-12-28 07:00:00+00:00,2016-12-28 15:00:00+00:00,19532.5,19409.4849137931,-1.0784538218996609,-0.005392269109498304,2,SL,False
GBPAUD,D,short,BEAR_STRONG,2017-01-04 22:00:00+00:00,2017-01-09 02:00:00+00:00,1.6925,1.6737851874999998,1.8156232329348425,0.009078116164674212,13,TP2,True
PL,D,long,BULL_STRONG,2017-01-09 03:00:00+00:00,2017-01-09 11:00:00+00:00,977.05,969.9165,-1.047674003050774,-0.00523837001525387,2,SL,False
PL,D,long,BULL_STRONG,2017-01-10 03:00:00+00:00,2017-01-11 15:00:00+00:00,979.35,969.9165,-1.0357541242445691,-0.005178770621222846,9,SL,False
NZDCAD,D,short,BEAR_STRONG,2017-01-10 14:00:00+00:00,2017-01-11 14:00:00+00:00,0.92287,0.92886317,-1.0427948694611362,-0.005213974347305681,6,SL,False
DAX,D,long,BULL_STRONG,2017-01-11 15:00:00+00:00,2017-01-12 07:00:00+00:00,11628.75,11571.209375000002,-1.0295876300005513,-0.005147938150002757,2,SL,False
CADCHF,D,long,BULL_STRONG,2017-01-12 02:00:00+00:00,2017-01-12 14:00:00+00:00,0.770595,0.7663297925,-1.0678557313640398,-0.005339278656820199,3,SL,False
GBPUSD,D,short,BEAR_STRONG,2017-01-12 02:00:00+00:00,2017-01-12 06:00:00+00:00,1.2215349999999998,1.2292831875,-1.0340831169255311,-0.005170415584627656,1,SL,False
GBPUSD,D,short,BEAR_STRONG,2017-01-12 18:00:00+00:00,2017-01-17 10:00:00+00:00,1.2161349999999997,1.2292831875,-1.0153358879247325,-0.005076679439623663,16,SL,False
PL,D,long,BULL_STRONG,2017-01-16 03:00:00+00:00,2017-01-17 15:00:00+00:00,991.65,976.5897916666665,-1.022236824262544,-0.00511118412131272,8,SL,False
NQ,D,long,BULL_STRONG,2017-01-16 11:00:00+00:00,2017-01-24 19:00:00+00:00,5050.625,5102.895379464285,1.69340760634963,0.00846703803174815,37,TP2,True
EURUSD,D,long,BULL_STRONG,2017-01-23 06:00:00+00:00,2017-01-26 14:00:00+00:00,1.0726900000000001,1.066122625,-1.0509738281325605,-0.005254869140662802,20,SL,False
USDCHF,D,short,BEAR_STRONG,2017-01-23 06:00:00+00:00,2017-01-31 14:00:00+00:00,0.99949,0.9885370424107143,1.7696486382767147,0.008848243191383574,38,TP2,True
SI,D,long,BULL_STRONG,2017-01-23 15:00:00+00:00,2017-01-25 07:00:00+00:00,17.2175,16.883428879310344,-1.076635472335012,-0.00538317736167506,10,SL,False
NZDUSD,D,long,BULL_STRONG,2017-01-23 18:00:00+00:00,2017-01-26 10:00:00+00:00,0.72338,0.72329,0.6734712154415073,0.003367356077207537,16,BE_STOP,True
AUDUSD,D,long,BULL_STRONG,2017-01-23 22:00:00+00:00,2017-01-24 22:00:00+00:00,0.759425,0.75346028125,-1.038524312334107,-0.005192621561670535,6,SL,False
DAX,D,long,BULL_STRONG,2017-01-24 19:00:00+00:00,2017-01-25 11:00:00+00:00,11631.75,11800.35029017857,1.7605827061447534,0.008802913530723768,2,TP2,True
AUDUSD,D,long,BULL_STRONG,2017-01-25 22:00:00+00:00,2017-01-26 10:00:00+00:00,0.757455,0.75346028125,-1.0502068682923797,-0.005251034341461899,3,SL,False
NZDUSD,D,long,BULL_STRONG,2017-01-26 18:00:00+00:00,2017-02-01 14:00:00+00:00,0.7245400000000001,0.72445,0.6859193472470662,0.003429596736235331,23,BE_STOP,True
NG,D,short,BEAR_STRONG,2017-01-30 19:00:00+00:00,2017-02-01 07:00:00+00:00,3.2265,3.228,0.700335833774752,0.0035016791688737598,9,BE_STOP,True
PL,D,long,BULL_STRONG,2017-01-30 23:00:00+00:00,2017-02-02 23:00:00+00:00,995.25,995.0,0.7014943360831939,0.0035074716804159695,18,BE_STOP,True
EURNZD,D,short,BEAR_STRONG,2017-01-31 06:00:00+00:00,2017-01-31 18:00:00+00:00,1.4706,1.4755333604166667,-1.0789115177354207,-0.005394557588677104,3,SL,False
GBPCAD,D,short,BEAR_STRONG,2017-01-31 14:00:00+00:00,2017-02-01 10:00:00+00:00,1.63865,1.6512647812500003,-1.0320946581523873,-0.005160473290761937,5,SL,False
HG,D,long,BULL_STRONG,2017-01-31 23:00:00+00:00,2017-02-02 11:00:00+00:00,2.7252500000000004,2.7004125,-1.0622372019077981,-0.005311186009538991,9,SL,False
EURUSD,D,long,BULL_STRONG,2017-02-01 06:00:00+00:00,2017-02-03 10:00:00+00:00,1.0785550000000002,1.0725786458333335,-1.0511348266648053,-0.005255674133324026,13,SL,False
NZDUSD,D,long,BULL_STRONG,2017-02-01 22:00:00+00:00,2017-02-08 22:00:00+00:00,0.72979,0.7242171124999999,-1.0624070072566738,-0.005312035036283369,30,SL,False
CL,D,long,BULL_STRONG,2017-02-06 07:00:00+00:00,2017-02-06 11:00:00+00:00,53.985,53.59031250000001,-1.0508807901234598,-0.005254403950617299,1,SL,False
USDJPY,D,short,BEAR_STRONG,2017-02-06 18:00:00+00:00,2017-02-09 14:00:00+00:00,111.731,112.71547916666667,-1.0191109565811676,-0.005095554782905838,17,SL,False
NKD,D,short,BEAR_STRONG,2017-02-06 23:00:00+00:00,2017-02-08 03:00:00+00:00,18892.5,19030.124999999996,-1.0692518731988492,-0.005346259365994246,7,SL,False
EURCHF,D,short,BEAR_STRONG,2017-02-07 06:00:00+00:00,2017-02-21 06:00:00+00:00,1.06613,1.064045,0.9179751214054274,0.004589875607027137,60,TIME,False
CADCHF,D,short,BEAR_STRONG,2017-02-07 14:00:00+00:00,2017-02-08 10:00:00+00:00,0.756365,0.7598233166666666,-1.08390040496911,-0.005419502024845551,5,SL,False
AUDUSD,D,long,BULL_STRONG,2017-02-13 06:00:00+00:00,2017-02-13 14:00:00+00:00,0.7668550000000001,0.7634744187499999,-1.0599771544920904,-0.005299885772460452,2,SL,False
SI,D,long,BULL_STRONG,2017-02-13 11:00:00+00:00,2017-02-14 15:00:00+00:00,17.8525,17.83,0.3727345533610981,0.0018636727668054907,7,BE_STOP,True
AUDUSD,D,long,BULL_STRONG,2017-02-14 02:00:00+00:00,2017-02-14 14:00:00+00:00,0.767525,0.7634744187499999,-1.049854677264866,-0.005249273386324331,3,SL,False
PA,D,long,BULL_STRONG,2017-02-14 07:00:00+00:00,2017-02-17 15:00:00+00:00,779.225,779.1,0.7124375965125626,0.003562187982562813,20,BE_STOP,True
AUDUSD,D,long,BULL_STRONG,2017-02-15 02:00:00+00:00,2017-02-17 06:00:00+00:00,0.7670100000000001,0.76692,0.6557107128151275,0.0032785535640756374,13,BE_STOP,True
AUDCAD,D,long,BULL_STRONG,2017-02-15 18:00:00+00:00,2017-02-16 06:00:00+00:00,1.009125,1.0042128625,-1.0656407579915173,-0.005328203789957586,3,SL,False
ES,D,long,BULL_STRONG,2017-02-20 07:00:00+00:00,2017-02-24 11:00:00+00:00,2351.625,2351.25,0.6476595072059488,0.003238297536029744,24,BE_STOP,True
YM,D,long,BULL_STRONG,2017-02-20 07:00:00+00:00,2017-02-21 15:00:00+00:00,20632.5,20730.34776785714,1.9200156295088773,0.009600078147544386,7,TP2,True
DAX,D,long,BULL_STRONG,2017-02-20 15:00:00+00:00,2017-02-21 15:00:00+00:00,11830.25,11983.454330357146,1.7804251867747365,0.008902125933873682,4,TP2,True
AUDNZD,D,long,BULL_STRONG,2017-02-22 18:00:00+00:00,2017-02-22 22:00:00+00:00,1.07129,1.0672357479166668,-1.0823789478991301,-0.005411894739495651,1,SL,False
AUDUSD,D,long,BULL_STRONG,2017-02-23 22:00:00+00:00,2017-02-28 18:00:00+00:00,0.770815,0.7660899062500001,-1.0556437720380605,-0.005278218860190302,17,SL,False
ES,D,long,BULL_STRONG,2017-02-27 03:00:00+00:00,2017-02-28 15:00:00+00:00,2366.875,2358.0140086206898,-1.0665037206349215,-0.005332518603174608,9,SL,False
YM,D,long,BULL_STRONG,2017-02-27 19:00:00+00:00,2017-03-01 15:00:00+00:00,20805.5,20948.524322660105,1.7881196397904473,0.008940598198952236,11,TP2,True
ES,D,long,BULL_STRONG,2017-02-28 23:00:00+00:00,2017-03-01 15:00:00+00:00,2368.125,2387.2557727832514,1.645613610562128,0.00822806805281064,4,TP2,True
NZDUSD,D,short,BEAR_STRONG,2017-03-02 06:00:00+00:00,2017-03-07 18:00:00+00:00,0.7098949999999999,0.6970233973214285,1.7100270884367792,0.008550135442183896,21,TP2,True
GBPCHF,D,short,BEAR_STRONG,2017-03-06 14:00:00+00:00,2017-03-08 10:00:00+00:00,1.23803,1.231337614732143,1.880350556358467,0.009401752781792335,11,TP2,True
GBPJPY,D,short,BEAR_STRONG,2017-03-06 14:00:00+00:00,2017-03-08 14:00:00+00:00,139.453,139.47,0.6740055152551649,0.0033700275762758246,12,BE_STOP,True
CADJPY,D,short,BEAR_STRONG,2017-03-06 22:00:00+00:00,2017-03-09 22:00:00+00:00,85.0415,85.3658375,-1.045246056859302,-0.00522623028429651,18,SL,False
GBPJPY,D,short,BEAR_STRONG,2017-03-09 06:00:00+00:00,2017-03-09 22:00:00+00:00,139.523,140.1644375,-1.0585058072264975,-0.0052925290361324874,4,SL,False
GBPCHF,D,short,BEAR_STRONG,2017-03-09 10:00:00+00:00,2017-03-13 05:00:00+00:00,1.235625,1.235795,0.6487611452490485,0.0032438057262452425,11,BE_STOP,True
NQ,D,long,BULL_STRONG,2017-03-13 06:00:00+00:00,2017-03-16 02:00:00+00:00,5379.625,5429.397745535715,1.723417462609992,0.00861708731304996,17,TP2,True
AUDCAD,D,long,BULL_STRONG,2017-03-13 13:00:00+00:00,2017-03-17 13:00:00+00:00,1.01892,1.0278092767857143,1.5929320932903521,0.007964660466451761,24,TP2,True
GBPNZD,D,long,BULL_STRONG,2017-03-13 13:00:00+00:00,2017-03-14 05:00:00+00:00,1.76537,1.7583517708333334,-1.0609138201785744,-0.005304569100892872,4,SL,False
GBPCHF,D,short,BEAR_STRONG,2017-03-13 17:00:00+00:00,2017-03-15 05:00:00+00:00,1.23054,1.23071,0.6273456425513011,0.0031367282127565056,9,BE_STOP,True
DAX,D,long,BULL_STRONG,2017-03-13 19:00:00+00:00,2017-03-14 11:00:00+00:00,12005.25,11958.0034375,-1.0367859451975614,-0.0051839297259878075,2,SL,False
NZDCAD,D,short,BEAR_STRONG,2017-03-14 01:00:00+00:00,2017-03-14 13:00:00+00:00,0.930395,0.9332256041666667,-1.112852300151125,-0.005564261500755625,3,SL,False
CADCHF,D,short,BEAR_STRONG,2017-03-14 09:00:00+00:00,2017-03-14 21:00:00+00:00,0.747795,0.7500418187500002,-1.1322654179619553,-0.005661327089809777,3,SL,False
GBPAUD,D,short,BEAR_STRONG,2017-03-15 13:00:00+00:00,2017-03-16 05:00:00+00:00,1.60842,1.5907526330357142,1.6949276319142144,0.008474638159571071,4,TP2,True
DAX,D,long,BULL_STRONG,2017-03-15 15:00:00+00:00,2017-03-21 15:00:00+00:00,12033.25,12032.5,0.7144257411206056,0.003572128705603028,16,BE_STOP,True
GBPCHF,D,short,BEAR_STRONG,2017-03-15 17:00:00+00:00,2017-03-17 13:00:00+00:00,1.229185,1.2350292562499998,-1.0514756273123922,-0.0052573781365619614,11,SL,False
NZDCAD,D,short,BEAR_STRONG,2017-03-16 13:00:00+00:00,2017-03-17 09:00:00+00:00,0.92945,0.9332256041666667,-1.0832379224471176,-0.005416189612235588,5,SL,False
GBPNZD,D,long,BULL_STRONG,2017-03-16 13:00:00+00:00,2017-03-20 01:00:00+00:00,1.77181,1.7583517708333334,-1.0352231583403233,-0.005176115791701617,9,SL,False
CADCHF,D,short,BEAR_STRONG,2017-03-16 17:00:00+00:00,2017-03-20 17:00:00+00:00,0.74801,0.74818,0.5151643587755667,0.0025758217938778335,12,BE_STOP,True
GBPCAD,D,long,BULL_STRONG,2017-03-20 05:00:00+00:00,2017-03-27 09:00:00+00:00,1.65584,1.6775582366071426,1.6812859957994102,0.008406429978997052,31,TP2,True
EURCAD,D,long,BULL_STRONG,2017-03-20 09:00:00+00:00,2017-03-20 21:00:00+00:00,1.43718,1.4309736166666664,-1.0614946366891869,-0.005307473183445935,3,SL,False
GBPAUD,D,short,BEAR_STRONG,2017-03-20 13:00:00+00:00,2017-03-21 09:00:00+00:00,1.597175,1.6097564562500002,-1.031712999028619,-0.005158564995143095,5,SL,False
EURCHF,D,long,BULL_STRONG,2017-03-21 05:00:00+00:00,2017-03-22 05:00:00+00:00,1.074875,1.07126075,-1.107565507730275,-0.005537827538651376,6,SL,False
AUDCAD,D,long,BULL_STRONG,2017-03-21 09:00:00+00:00,2017-03-22 21:00:00+00:00,1.027125,1.0219316124999998,-1.0724207519328304,-0.005362103759664152,9,SL,False
HG,D,short,BEAR_STRONG,2017-03-22 06:00:00+00:00,2017-03-22 14:00:00+00:00,2.59625,2.6331543750000006,-1.0408841832173519,-0.00520442091608676,2,SL,False
EURCAD,D,long,BULL_STRONG,2017-03-23 05:00:00+00:00,2017-03-27 09:00:00+00:00,1.43806,1.451932432142857,1.6735155663863461,0.008367577831931731,13,TP2,True
AUDCHF,D,short,BEAR_STRONG,2017-03-23 05:00:00+00:00,2017-03-27 13:00:00+00:00,0.758775,0.7479969754464286,1.6448287418940506,0.008224143709470253,14,TP2,True
CADCHF,D,short,BEAR_STRONG,2017-03-23 13:00:00+00:00,2017-03-27 09:00:00+00:00,0.74474,0.7364855129464284,1.5998974413259002,0.007999487206629501,11,TP2,True
GBPJPY,D,short,BEAR_STRONG,2017-03-23 13:00:00+00:00,2017-03-30 13:00:00+00:00,139.223,139.24,0.7139334797221679,0.0035696673986108395,30,BE_STOP,True
CL,D,short,BEAR_STRONG,2017-03-23 14:00:00+00:00,2017-03-28 14:00:00+00:00,47.835,48.59485,-1.025275961603008,-0.005126379808015041,18,SL,False
USDJPY,D,short,BEAR_STRONG,2017-03-27 01:00:00+00:00,2017-03-29 01:00:00+00:00,110.411,111.29912083333333,-1.0209954528435137,-0.005104977264217568,12,SL,False
EURNZD,D,long,BULL_STRONG,2017-03-27 05:00:00+00:00,2017-03-29 09:00:00+00:00,1.540065,1.53150690625,-1.0578926648262605,-0.005289463324131303,13,SL,False
GBPNZD,D,long,BULL_STRONG,2017-03-27 13:00:00+00:00,2017-03-28 21:00:00+00:00,1.78308,1.7721970125,-1.043837556983988,-0.00521918778491994,8,SL,False
USDCAD,D,long,BULL_STRONG,2017-03-27 21:00:00+00:00,2017-03-29 17:00:00+00:00,1.3383550000000002,1.3345728604166662,-1.0832497507373777,-0.005416248753686888,11,SL,False
USDCHF,D,short,BEAR_STRONG,2017-03-28 13:00:00+00:00,2017-03-28 17:00:00+00:00,0.98757,0.99302826875,-1.0425201886548678,-0.005212600943274339,1,SL,False
EURUSD,D,long,BULL_STRONG,2017-03-28 13:00:00+00:00,2017-03-29 05:00:00+00:00,1.0834500000000002,1.0786220354166662,-1.0510098789784716,-0.005255049394892359,4,SL,False
NZDUSD,D,short,BEAR_STRONG,2017-03-28 17:00:00+00:00,2017-04-05 13:00:00+00:00,0.70136,0.6945732285714287,1.6996154531750036,0.008498077265875018,35,TP2,True
PL,D,short,BEAR_STRONG,2017-03-28 18:00:00+00:00,2017-04-04 10:00:00+00:00,954.75,965.7593750000001,-1.030334475747894,-0.005151672378739471,28,SL,False
NQ,D,long,BULL_STRONG,2017-03-28 18:00:00+00:00,2017-04-05 22:00:00+00:00,5407.625,5407.25,0.7185759451793423,0.0035928797258967114,37,BE_STOP,True
CHFJPY,D,short,BEAR_STRONG,2017-04-03 09:00:00+00:00,2017-04-04 09:00:00+00:00,111.143,110.01835624999995,1.6371742004676355,0.008185871002338177,6,TP2,True
CADJPY,D,short,BEAR_STRONG,2017-04-04 09:00:00+00:00,2017-04-04 21:00:00+00:00,82.1195,82.76292375,-1.0454911391849302,-0.005227455695924651,3,SL,False
NG,D,long,BULL_STRONG,2017-04-05 22:00:00+00:00,2017-04-11 10:00:00+00:00,3.2725,3.19738,-1.0239309970116823,-0.005119654985058412,21,SL,False
AUDCHF,D,short,BEAR_STRONG,2017-04-10 05:00:00+00:00,2017-04-13 01:00:00+00:00,0.7552449999999999,0.7583224708333334,-1.0604423260193203,-0.005302211630096602,17,SL,False
EURGBP,D,short,BEAR_STRONG,2017-04-11 01:00:00+00:00,2017-04-16 21:00:00+00:00,0.8523499999999999,0.8467451111607143,1.5697754155946821,0.007848877077973411,23,TP2,True
CHFJPY,D,short,BEAR_STRONG,2017-04-11 05:00:00+00:00,2017-04-12 01:00:00+00:00,109.833,108.60019553571426,1.649156934965119,0.008245784674825596,5,TP2,True
NZDJPY,D,short,BEAR_STRONG,2017-04-11 05:00:00+00:00,2017-04-11 21:00:00+00:00,76.888,76.1438470982143,1.6695292445787506,0.008347646222893754,4,TP2,True
GBPJPY,D,short,BEAR_STRONG,2017-04-11 13:00:00+00:00,2017-04-17 21:00:00+00:00,137.00300000000001,137.02,0.6973369778100202,0.003486684889050101,26,BE_STOP,True
EURCHF,D,short,BEAR_STRONG,2017-04-12 13:00:00+00:00,2017-04-12 17:00:00+00:00,1.06736,1.0688425249999998,-1.2433709072208776,-0.006216854536104388,1,SL,False
GBPCHF,D,long,BULL_STRONG,2017-04-12 17:00:00+00:00,2017-04-18 13:00:00+00:00,1.257965,1.267183823660714,1.5834872344722302,0.007917436172361151,23,TP2,True
YM,D,short,BEAR_STRONG,2017-04-13 10:00:00+00:00,2017-04-20 14:00:00+00:00,20518.5,20520.0,0.7067230821213665,0.0035336154106068323,25,BE_STOP,True
SI,D,long,BULL_STRONG,2017-04-13 10:00:00+00:00,2017-04-18 10:00:00+00:00,18.497500000000002,18.216260416666664,-1.0926792866057429,-0.005463396433028714,12,SL,False
EURCHF,D,short,BEAR_STRONG,2017-04-13 21:00:00+00:00,2017-04-17 13:00:00+00:00,1.067245,1.0688425249999998,-1.1887282534456827,-0.005943641267228413,10,SL,False
AUDJPY,D,short,BEAR_STRONG,2017-04-19 13:00:00+00:00,2017-04-20 13:00:00+00:00,81.608,82.19299083333333,-1.0412420740358126,-0.005206210370179063,6,SL,False
NQ,D,long,BULL_STRONG,2017-04-20 10:00:00+00:00,2017-04-24 02:00:00+00:00,5414.125,5478.3417131696415,1.720919339957986,0.00860459669978993,10,TP2,True
AUDCHF,D,short,BEAR_STRONG,2017-04-26 05:00:00+00:00,2017-05-01 01:00:00+00:00,0.74542,0.74559,0.6401780640803107,0.003200890320401554,17,BE_STOP,True
USDCAD,D,long,BULL_STRONG,2017-04-27 01:00:00+00:00,2017-05-02 13:00:00+00:00,1.35461,1.3712163129464279,1.7054450147464109,0.008527225073732055,21,TP2,True
EURCHF,D,long,BULL_STRONG,2017-05-01 01:00:00+00:00,2017-05-02 13:00:00+00:00,1.08509,1.0822121666666666,-1.1373469317412392,-0.005686734658706196,9,SL,False
PL,D,short,BEAR_STRONG,2017-05-01 02:00:00+00:00,2017-05-02 10:00:00+00:00,942.45,927.5656696428572,1.7166780613579382,0.00858339030678969,8,TP2,True
SI,D,short,BEAR_STRONG,2017-05-01 06:00:00+00:00,2017-05-03 06:00:00+00:00,17.107499999999998,16.765270982142855,1.3599283256728898,0.006799641628364449,12,TP2,True
EURCAD,D,long,BULL_STRONG,2017-05-01 09:00:00+00:00,2017-05-04 17:00:00+00:00,1.490455,1.5095199290178576,1.6640101269248966,0.008320050634624484,20,TP2,True
DAX,D,long,BULL_STRONG,2017-05-02 18:00:00+00:00,2017-05-05 10:00:00+00:00,12536.25,12674.034821428571,1.7081149230334114,0.008540574615167057,10,TP2,True
USDCHF,D,short,BEAR_STRONG,2017-05-02 21:00:00+00:00,2017-05-03 17:00:00+00:00,0.9910899999999999,0.9940959875000001,-1.0784477299714166,-0.005392238649857083,5,SL,False
AUDCHF,D,short,BEAR_STRONG,2017-05-03 17:00:00+00:00,2017-05-05 01:00:00+00:00,0.73827,0.7293865625,1.6170212578785108,0.008085106289392555,8,TP2,True
GBPAUD,D,long,BULL_STRONG,2017-05-04 01:00:00+00:00,2017-05-09 01:00:00+00:00,1.73647,1.7548848236607142,1.7035194415721286,0.008517597207860644,18,TP2,True
USDCHF,D,short,BEAR_STRONG,2017-05-04 09:00:00+00:00,2017-05-04 17:00:00+00:00,0.9919549999999999,0.98693101875,1.830268370723743,0.009151341853618716,2,TP2,True
NZDJPY,D,long,BULL_STRONG,2017-05-08 05:00:00+00:00,2017-05-10 13:00:00+00:00,78.15849999999999,79.15684084821427,1.6857992584809138,0.008428996292404569,14,TP2,True
ES,D,long,BULL_STRONG,2017-05-08 10:00:00+00:00,2017-05-11 10:00:00+00:00,2393.125,2384.2297916666666,-1.0664831161209867,-0.005332415580604933,18,SL,False
NQ,D,long,BULL_STRONG,2017-05-08 10:00:00+00:00,2017-05-09 14:00:00+00:00,5639.625,5681.160558035716,1.8347156970524363,0.009173578485262181,7,TP2,True
YM,D,long,BULL_STRONG,2017-05-08 14:00:00+00:00,2017-05-10 18:00:00+00:00,20950.5,20847.567499999997,-1.031311857639316,-0.005156559288196581,13,SL,False
HG,D,short,BEAR_STRONG,2017-05-09 02:00:00+00:00,2017-05-11 06:00:00+00:00,2.48675,2.5210875000000006,-1.0437911598035563,-0.005218955799017782,13,SL,False
NZDJPY,D,long,BULL_STRONG,2017-05-10 21:00:00+00:00,2017-05-11 13:00:00+00:00,78.085,77.65958229166667,-1.0683905213463447,-0.0053419526067317235,4,SL,False
NZDJPY,D,long,BULL_STRONG,2017-05-11 17:00:00+00:00,2017-05-12 13:00:00+00:00,78.005,77.65958229166667,-1.0850158176356839,-0.00542507908817842,5,SL,False
ES,D,long,BULL_STRONG,2017-05-11 18:00:00+00:00,2017-05-12 06:00:00+00:00,2390.875,2384.2297916666666,-1.0903111938066914,-0.005451555969033457,3,SL,False
NQ,D,long,BULL_STRONG,2017-05-15 02:00:00+00:00,2017-05-16 22:00:00+00:00,5693.125,5692.75,0.6936628166965539,0.00346831408348277,11,BE_STOP,True
DAX,D,long,BULL_STRONG,2017-05-15 18:00:00+00:00,2017-05-17 06:00:00+00:00,12805.25,12732.9890625,-1.0248132672012586,-0.005124066336006293,5,SL,False
AUDJPY,D,long,BULL_STRONG,2017-05-16 09:00:00+00:00,2017-05-16 21:00:00+00:00,84.21249999999999,83.78914041666667,-1.0708479661383559,-0.0053542398306917795,3,SL,False
CHFJPY,D,long,BULL_STRONG,2017-05-18 17:00:00+00:00,2017-05-29 21:00:00+00:00,113.78699999999999,113.77,0.6511518056505288,0.0032557590282526437,43,BE_STOP,True
EURGBP,D,long,BULL_STRONG,2017-05-22 13:00:00+00:00,2017-05-26 09:00:00+00:00,0.863465,0.8729806633928574,1.5798337085598764,0.007899168542799382,23,TP2,True
EURJPY,D,long,BULL_STRONG,2017-05-23 05:00:00+00:00,2017-05-26 09:00:00+00:00,125.127,124.35229583333333,-1.0653523923694879,-0.0053267619618474395,19,SL,False
AUDCHF,D,short,BEAR_STRONG,2017-05-29 09:00:00+00:00,2017-05-29 13:00:00+00:00,0.724615,0.7254704520833335,-1.3960103216550312,-0.006980051608275156,1,SL,False
NZDCAD,D,long,BULL_STRONG,2017-05-30 05:00:00+00:00,2017-06-02 09:00:00+00:00,0.95141,0.961733195982143,1.6401100687623993,0.008200550343811997,19,TP2,True
EURGBP,D,long,BULL_STRONG,2017-05-30 09:00:00+00:00,2017-06-02 13:00:00+00:00,0.86815,0.8756512616071429,1.5819590822642131,0.007909795411321066,19,TP2,True
USDCHF,D,short,BEAR_STRONG,2017-05-31 21:00:00+00:00,2017-06-08 09:00:00+00:00,0.968565,0.968655,0.7017157619594285,0.0035085788097971426,33,BE_STOP,True
SI,D,long,BULL_STRONG,2017-06-05 06:00:00+00:00,2017-06-08 10:00:00+00:00,17.5775,17.33669827586207,-1.1095099000908306,-0.0055475495004541535,19,SL,False
USDJPY,D,short,BEAR_STRONG,2017-06-05 13:00:00+00:00,2017-06-06 09:00:00+00:00,110.451,109.39767321428567,1.7290055878222303,0.008645027939111151,5,TP2,True
USDCAD,D,short,BEAR_STRONG,2017-06-07 09:00:00+00:00,2017-06-07 13:00:00+00:00,1.3445099999999999,1.345900475,-1.213945981276171,-0.006069729906380855,1,SL,False
GBPCHF,D,short,BEAR_STRONG,2017-06-12 05:00:00+00:00,2017-06-15 09:00:00+00:00,1.231275,1.2438873958333334,-1.015461531892806,-0.00507730765946403,19,SL,False
PA,D,long,BULL_STRONG,2017-06-12 06:00:00+00:00,2017-06-15 06:00:00+00:00,865.775,846.8363125000002,-1.0103255674890956,-0.005051627837445478,18,SL,False
YM,D,long,BULL_STRONG,2017-06-13 10:00:00+00:00,2017-06-19 14:00:00+00:00,21240.5,21431.40651785714,1.7106052619195007,0.008553026309597504,25,TP2,True
NZDUSD,D,long,BULL_STRONG,2017-06-13 17:00:00+00:00,2017-06-14 13:00:00+00:00,0.7221500000000001,0.7272034486607143,1.6949898648711188,0.008474949324355593,5,TP2,True
EURNZD,D,short,BEAR_STRONG,2017-06-14 09:00:00+00:00,2017-06-15 01:00:00+00:00,1.544355,1.5544329687500003,-1.0389797050984835,-0.005194898525492418,4,SL,False
ES,D,long,BULL_STRONG,2017-06-14 10:00:00+00:00,2017-06-14 18:00:00+00:00,2438.875,2430.3665625000003,-1.070094594075386,-0.005350472970376931,2,SL,False
NZDCHF,D,long,BULL_STRONG,2017-06-15 09:00:00+00:00,2017-06-19 01:00:00+00:00,0.701355,0.709043528125,1.6877916056587667,0.008438958028293834,10,TP2,True
EURJPY,D,short,BEAR_STRONG,2017-06-15 09:00:00+00:00,2017-06-15 13:00:00+00:00,123.033,123.53506666666665,-1.070556528312253,-0.0053527826415612646,1,SL,False
PA,D,long,BULL_STRONG,2017-06-15 14:00:00+00:00,2017-06-23 06:00:00+00:00,860.075,888.8830312499999,1.826467593497262,0.00913233796748631,34,TP2,True
EURNZD,D,short,BEAR_STRONG,2017-06-15 17:00:00+00:00,2017-06-21 13:00:00+00:00,1.54614,1.54631,0.6885742312501206,0.0034428711562506033,23,BE_STOP,True
NG,D,short,BEAR_STRONG,2017-06-19 18:00:00+00:00,2017-06-22 14:00:00+00:00,2.8905,2.9546945833333336,-1.0276138688217358,-0.005138069344108679,17,SL,False
EURCAD,D,short,BEAR_STRONG,2017-06-20 17:00:00+00:00,2017-06-21 13:00:00+00:00,1.47699,1.4851822874999998,-1.04696647932401,-0.00523483239662005,5,SL,False
GBPNZD,D,short,BEAR_STRONG,2017-06-21 21:00:00+00:00,2017-06-27 17:00:00+00:00,1.748635,1.7591676333333335,-1.0255542091939305,-0.005127771045969652,23,SL,False
EURNZD,D,short,BEAR_STRONG,2017-06-22 05:00:00+00:00,2017-06-27 09:00:00+00:00,1.53754,1.53771,0.7013315191953003,0.003506657595976502,19,BE_STOP,True
NZDCHF,D,long,BULL_STRONG,2017-06-22 09:00:00+00:00,2017-06-27 13:00:00+00:00,0.70716,0.7015809999999999,-1.0774639304862257,-0.005387319652431129,19,SL,False
GBPCAD,D,short,BEAR_STRONG,2017-06-22 13:00:00+00:00,2017-06-23 09:00:00+00:00,1.67655,1.6878649374999999,-1.0363139766373752,-0.0051815698831868765,5,SL,False
NG,D,short,BEAR_STRONG,2017-06-22 14:00:00+00:00,2017-06-25 22:00:00+00:00,2.8994999999999997,2.9546945833333336,-1.0322557675743216,-0.005161278837871608,8,SL,False
EURCHF,D,short,BEAR_STRONG,2017-06-22 21:00:00+00:00,2017-06-23 09:00:00+00:00,1.08337,1.085894420833333,-1.1366245980522642,-0.005683122990261321,3,SL,False
NZDJPY,D,long,BULL_STRONG,2017-06-26 01:00:00+00:00,2017-06-28 17:00:00+00:00,81.088,81.99561834821431,1.594586743593554,0.00797293371796777,16,TP2,True
CADJPY,D,long,BULL_STRONG,2017-06-26 09:00:00+00:00,2017-06-27 17:00:00+00:00,84.30499999999999,85.190809375,1.6429402372113209,0.008214701186056604,8,TP2,True
EURGBP,D,long,BULL_STRONG,2017-06-27 09:00:00+00:00,2017-06-28 09:00:00+00:00,0.88388,0.88371,0.5693198483158443,0.0028465992415792215,6,BE_STOP,True
USDCAD,D,short,BEAR_STRONG,2017-06-27 17:00:00+00:00,2017-06-28 09:00:00+00:00,1.319815,1.3119433334821433,1.797927391047976,0.00898963695523988,4,TP2,True
NZDUSD,D,long,BULL_STRONG,2017-06-28 05:00:00+00:00,2017-07-11 05:00:00+00:00,0.72755,0.72233288125,-1.090081198138824,-0.005450405990694121,54,SL,False
ES,D,long,BULL_STRONG,2017-06-28 22:00:00+00:00,2017-06-29 10:00:00+00:00,2443.625,2432.1953125,-1.0516061625441697,-0.005258030812720848,3,SL,False
NKD,D,long,BULL_STRONG,2017-06-29 10:00:00+00:00,2017-06-29 14:00:00+00:00,20222.5,20087.19166666667,-1.0713396361739598,-0.005356698180869799,1,SL,False
EURCHF,D,long,BULL_STRONG,2017-07-03 17:00:00+00:00,2017-07-07 13:00:00+00:00,1.0952,1.0992141776785713,1.4418523202125633,0.0072092616010628165,23,TP2,True
YM,D,long,BULL_STRONG,2017-07-04 06:00:00+00:00,2017-07-05 14:00:00+00:00,21464.5,21353.61125,-1.0294103369862078,-0.005147051684931039,7,SL,False
YM,D,long,BULL_STRONG,2017-07-05 18:00:00+00:00,2017-07-06 10:00:00+00:00,21428.5,21353.61125,-1.0437979935616846,-0.005218989967808423,4,SL,False
GBPAUD,D,long,BULL_STRONG,2017-07-06 05:00:00+00:00,2017-07-07 09:00:00+00:00,1.699415,1.699245,0.6777572065537486,0.003388786032768743,7,BE_STOP,True
NQ,D,short,BEAR_STRONG,2017-07-06 14:00:00+00:00,2017-07-10 02:00:00+00:00,5616.875,5678.882604166667,-1.013375225842653,-0.005066876129213265,9,SL,False
GBPJPY,D,long,BULL_STRONG,2017-07-10 01:00:00+00:00,2017-07-11 13:00:00+00:00,147.167,146.3914375,-1.0561633088901643,-0.005280816544450822,9,SL,False
PL,D,short,BEAR_STRONG,2017-07-10 22:00:00+00:00,2017-07-12 10:00:00+00:00,900.15,910.2506034482759,-1.0326895709172377,-0.005163447854586188,9,SL,False
YM,D,long,BULL_STRONG,2017-07-13 06:00:00+00:00,2017-07-27 06:00:00+00:00,21506.5,21669.5,1.5528039799700886,0.007764019899850443,60,TIME,True
GBPJPY,D,long,BULL_STRONG,2017-07-17 01:00:00+00:00,2017-07-17 09:00:00+00:00,147.487,146.75917916666668,-1.0529643733477096,-0.005264821866738548,2,SL,False
NZDCAD,D,short,BEAR_STRONG,2017-07-17 01:00:00+00:00,2017-07-21 01:00:00+00:00,0.927735,0.9340049625,-1.0163743465636066,-0.005081871732818033,24,SL,False
USDCHF,D,short,BEAR_STRONG,2017-07-17 21:00:00+00:00,2017-07-18 05:00:00+00:00,0.96219,0.956885875,1.8785326903916575,0.009392663451958288,2,TP2,True
USDCAD,D,short,BEAR_STRONG,2017-07-24 05:00:00+00:00,2017-07-27 13:00:00+00:00,1.2532899999999998,1.25338,0.7017634447139984,0.0035088172235699924,20,BE_STOP,True
HG,D,long,BULL_STRONG,2017-07-24 14:00:00+00:00,2017-07-25 06:00:00+00:00,2.7407500000000002,2.7767861607142854,1.6354346888134628,0.008177173444067314,4,TP2,True
GBPCAD,D,short,BEAR_STRONG,2017-07-25 01:00:00+00:00,2017-07-25 09:00:00+00:00,1.62817,1.6327549000000001,-1.0901365376339178,-0.005450682688169589,2,SL,False
CADJPY,D,long,BULL_STRONG,2017-07-25 13:00:00+00:00,2017-07-27 17:00:00+00:00,89.29549999999999,88.7416225,-1.073576132357934,-0.00536788066178967,13,SL,False
NQ,D,long,BULL_STRONG,2017-07-25 18:00:00+00:00,2017-07-27 02:00:00+00:00,5934.875,5982.039285714286,1.8403004220384864,0.009201502110192432,8,TP2,True
GBPCHF,D,long,BULL_STRONG,2017-07-27 01:00:00+00:00,2017-07-27 13:00:00+00:00,1.249095,1.2599393008928574,1.6992704872604825,0.008496352436302413,3,TP2,True
YM,D,long,BULL_STRONG,2017-07-27 06:00:00+00:00,2017-07-31 10:00:00+00:00,21672.5,21856.845714285708,1.6755926197335842,0.008377963098667921,13,TP2,True
EURGBP,D,long,BULL_STRONG,2017-07-31 17:00:00+00:00,2017-08-01 05:00:00+00:00,0.896295,0.8932775,-1.1037686742756814,-0.005518843371378407,3,SL,False
SI,D,long,BULL_STRONG,2017-08-02 14:00:00+00:00,2017-08-04 10:00:00+00:00,16.6975,16.397389583333336,-1.0858606110181421,-0.0054293030550907105,11,SL,False
AUDCAD,D,long,BULL_STRONG,2017-08-07 01:00:00+00:00,2017-08-09 01:00:00+00:00,1.00364,0.9981583,-1.0772840333603182,-0.005386420166801591,12,SL,False
ES,D,long,BULL_STRONG,2017-08-07 14:00:00+00:00,2017-08-08 18:00:00+00:00,2476.625,2476.25,0.5847861248761353,0.002923930624380677,7,BE_STOP,True
EURNZD,D,long,BULL_STRONG,2017-08-07 17:00:00+00:00,2017-08-10 17:00:00+00:00,1.60225,1.617241776785714,1.6866445518463962,0.008433222759231982,18,TP2,True
CHFJPY,D,short,BEAR_STRONG,2017-08-08 05:00:00+00:00,2017-08-09 01:00:00+00:00,113.623,113.64,0.615666227766476,0.0030783311388323797,5,BE_STOP,True
CL,D,long,BULL_STRONG,2017-08-10 10:00:00+00:00,2017-08-10 14:00:00+00:00,49.805,49.405199999999994,-1.0493357588357597,-0.0052466787941787985,1,SL,False
DAX,D,short,BEAR_STRONG,2017-08-10 10:00:00+00:00,2017-08-14 10:00:00+00:00,12042.25,12168.1796875,-1.0136873644136553,-0.005068436822068276,8,SL,False
CHFJPY,D,short,BEAR_STRONG,2017-08-10 13:00:00+00:00,2017-08-16 09:00:00+00:00,113.38300000000001,114.04315416666665,-1.027790568616902,-0.00513895284308451,23,SL,False
EURUSD,D,long,BULL_STRONG,2017-08-14 05:00:00+00:00,2017-08-15 05:00:00+00:00,1.180425,1.1738502041666663,-1.0439889716394515,-0.005219944858197258,6,SL,False
NZDJPY,D,short,BEAR_STRONG,2017-08-21 13:00:00+00:00,2017-08-21 21:00:00+00:00,79.6815,79.99882229166666,-1.0937506498227136,-0.005468753249113568,2,SL,False
PL,D,long,BULL_STRONG,2017-08-21 14:00:00+00:00,2017-08-22 06:00:00+00:00,986.95,977.0375416666667,-1.0340447522412775,-0.005170223761206388,4,SL,False
DAX,D,short,BEAR_STRONG,2017-08-21 14:00:00+00:00,2017-08-22 10:00:00+00:00,12052.75,12164.196875,-1.0154857126725574,-0.005077428563362787,3,SL,False
NZDCAD,D,short,BEAR_STRONG,2017-08-21 17:00:00+00:00,2017-08-22 21:00:00+00:00,0.9198,0.912032969642857,1.628976890297826,0.00814488445148913,7,TP2,True
NZDJPY,D,short,BEAR_STRONG,2017-08-22 09:00:00+00:00,2017-08-23 09:00:00+00:00,79.632,78.88294513392859,1.7037098149068992,0.008518549074534497,6,TP2,True
GBPCHF,D,short,BEAR_STRONG,2017-08-28 01:00:00+00:00,2017-08-28 13:00:00+00:00,1.23149,1.23635528125,-1.0729261106563102,-0.005364630553281551,3,SL,False
EURGBP,D,long,BULL_STRONG,2017-08-28 05:00:00+00:00,2017-08-30 05:00:00+00:00,0.9247,0.92453,0.6048076305657497,0.0030240381528287485,12,BE_STOP,True
SI,D,long,BULL_STRONG,2017-08-28 06:00:00+00:00,2017-08-29 10:00:00+00:00,17.1875,17.61250223214286,1.472433823023128,0.00736216911511564,7,TP2,True
EURAUD,D,long,BULL_STRONG,2017-08-28 09:00:00+00:00,2017-08-29 05:00:00+00:00,1.501375,1.5172288674107144,1.6580594640308706,0.008290297320154353,5,TP2,True
AUDNZD,D,long,BULL_STRONG,2017-08-28 17:00:00+00:00,2017-08-28 21:00:00+00:00,1.09767,1.0944780791666668,-1.1071086298587782,-0.005535543149293891,1,SL,False
EURCHF,D,long,BULL_STRONG,2017-08-28 21:00:00+00:00,2017-08-29 09:00:00+00:00,1.14094,1.13772466875,-1.1082744611115776,-0.005541372305557888,3,SL,False
USDJPY,D,short,BEAR_STRONG,2017-08-29 09:00:00+00:00,2017-08-29 17:00:00+00:00,108.531,109.23513333333334,-1.0348053227198624,-0.005174026613599312,2,SL,False
PA,D,long,BULL_STRONG,2017-08-29 10:00:00+00:00,2017-08-30 10:00:00+00:00,943.875,935.7418749999999,-1.025038320455787,-0.0051251916022789345,6,SL,False
EURCHF,D,long,BULL_STRONG,2017-08-29 17:00:00+00:00,2017-09-04 13:00:00+00:00,1.14411,1.13772466875,-1.0772566063956779,-0.00538628303197839,23,SL,False
YM,D,long,BULL_STRONG,2017-08-30 02:00:00+00:00,2017-09-05 14:00:00+00:00,21890.5,21773.613750000004,-1.028177014158967,-0.005140885070794835,26,SL,False
EURGBP,D,long,BULL_STRONG,2017-08-30 05:00:00+00:00,2017-08-30 13:00:00+00:00,0.92487,0.9204873770833333,-1.0710915279920126,-0.005355457639960063,2,SL,False
EURAUD,D,long,BULL_STRONG,2017-08-30 09:00:00+00:00,2017-09-01 09:00:00+00:00,1.503465,1.4930345645833332,-1.0468289190943603,-0.005234144595471802,12,SL,False
AUDNZD,D,long,BULL_STRONG,2017-08-30 21:00:00+00:00,2017-09-01 09:00:00+00:00,1.099995,1.1104775241071427,1.6457983300802763,0.008228991650401382,9,TP2,True
PL,D,long,BULL_STRONG,2017-08-31 06:00:00+00:00,2017-09-03 22:00:00+00:00,992.05,1016.3712053571426,1.6997824055933877,0.008498912027966939,10,TP2,True
EURUSD,D,long,BULL_STRONG,2017-08-31 09:00:00+00:00,2017-09-01 09:00:00+00:00,1.1844050000000002,1.1958242799107142,1.833975816344217,0.009169879081721085,6,TP2,True
NZDCAD,D,short,BEAR_STRONG,2017-08-31 13:00:00+00:00,2017-09-05 13:00:00+00:00,0.897245,0.897415,0.6730928436901599,0.0033654642184507994,18,BE_STOP,True
AUDCAD,D,short,BEAR_STRONG,2017-09-04 01:00:00+00:00,2017-09-05 09:00:00+00:00,0.98638,0.991717575,-1.0499447419727832,-0.005249723709863916,8,SL,False
PL,D,long,BULL_STRONG,2017-09-05 14:00:00+00:00,2017-09-10 22:00:00+00:00,1007.55,1007.3,0.6864424916509846,0.003432212458254923,20,BE_STOP,True
HG,D,long,BULL_STRONG,2017-09-05 22:00:00+00:00,2017-09-08 06:00:00+00:00,3.13775,3.0970493749999997,-1.0380480664121339,-0.005190240332060669,14,SL,False
AUDCAD,D,short,BEAR_STRONG,2017-09-06 09:00:00+00:00,2017-09-06 17:00:00+00:00,0.98809,0.9810139946428572,1.6472097723321637,0.008236048861660818,2,TP2,True
NZDJPY,D,short,BEAR_STRONG,2017-09-07 01:00:00+00:00,2017-09-08 01:00:00+00:00,78.5265,79.00324916666665,-1.050013597994551,-0.0052500679899727554,6,SL,False
AUDUSD,D,long,BULL_STRONG,2017-09-11 09:00:00+00:00,2017-09-13 13:00:00+00:00,0.80395,0.7982098937499998,-1.0464686836641393,-0.005232343418320696,13,SL,False
NQ,D,long,BULL_STRONG,2017-09-11 14:00:00+00:00,2017-09-20 18:00:00+00:00,5982.375,5944.600107758621,-1.0228233277917198,-0.005114116638958599,43,SL,False
GBPNZD,D,long,BULL_STRONG,2017-09-12 05:00:00+00:00,2017-09-14 13:00:00+00:00,1.815515,1.848821975892857,1.7275436868261729,0.008637718434130864,14,TP2,True
CHFJPY,D,long,BULL_STRONG,2017-09-14 17:00:00+00:00,2017-09-14 21:00:00+00:00,114.447,113.8464625,-1.056590330527165,-0.005282951652635825,1,SL,False
AUDJPY,D,long,BULL_STRONG,2017-09-18 21:00:00+00:00,2017-09-20 21:00:00+00:00,88.88,90.26841758928573,1.640076599965777,0.008200382999828885,12,TP2,True
EURUSD,D,long,BULL_STRONG,2017-09-20 01:00:00+00:00,2017-09-20 17:00:00+00:00,1.2007500000000002,1.1953991020833332,-1.0490610165961314,-0.005245305082980657,4,SL,False
NG,D,long,BULL_STRONG,2017-09-21 06:00:00+00:00,2017-09-21 10:00:00+00:00,3.0875,3.0548925,-1.0561600900104493,-0.005280800450052247,1,SL,False
ES,D,long,BULL_STRONG,2017-09-21 10:00:00+00:00,2017-09-22 02:00:00+00:00,2499.375,2491.7090625,-1.0788581715314396,-0.005394290857657198,4,SL,False
DAX,D,long,BULL_STRONG,2017-09-21 10:00:00+00:00,2017-09-28 14:00:00+00:00,12589.75,12711.802991071432,1.8096061328318223,0.009048030664159112,21,TP2,True
CADCHF,D,long,BULL_STRONG,2017-09-25 09:00:00+00:00,2017-09-25 13:00:00+00:00,0.79032,0.7865587,-1.0781457410965405,-0.005390728705482703,1,SL,False
AUDCHF,D,long,BULL_STRONG,2017-09-25 09:00:00+00:00,2017-09-25 13:00:00+00:00,0.77408,0.7695791624999999,-1.0642765285005495,-0.0053213826425027476,1,SL,False
EURCAD,D,short,BEAR_STRONG,2017-09-25 17:00:00+00:00,2017-09-27 13:00:00+00:00,1.46565,1.4511430950892856,1.6791765777429206,0.008395882888714604,11,TP2,True
GBPNZD,D,long,BULL_STRONG,2017-09-26 09:00:00+00:00,2017-10-02 09:00:00+00:00,1.866105,1.8457680312500002,-1.0313014170758812,-0.005156507085379406,24,SL,False
GBPAUD,D,long,BULL_STRONG,2017-09-26 13:00:00+00:00,2017-10-03 09:00:00+00:00,1.704435,1.6933482500000003,-1.0557511072434587,-0.005278755536217293,29,SL,False
AUDCAD,D,short,BEAR_STRONG,2017-09-26 21:00:00+00:00,2017-09-27 13:00:00+00:00,0.97395,0.9783783208333334,-1.0719422072667522,-0.005359711036333761,4,SL,False
GBPCAD,D,long,BULL_STRONG,2017-09-27 21:00:00+00:00,2017-09-29 09:00:00+00:00,1.67197,1.6618892166666666,-1.0458163380963832,-0.0052290816904819164,9,SL,False
CHFJPY,D,long,BULL_STRONG,2017-09-28 01:00:00+00:00,2017-09-28 05:00:00+00:00,116.08699999999999,115.81630000000001,-1.1310689002759102,-0.005655344501379551,1,SL,False
EURCAD,D,short,BEAR_STRONG,2017-09-28 17:00:00+00:00,2017-09-29 09:00:00+00:00,1.464635,1.4731391270833332,-1.0450015815993534,-0.0052250079079967674,4,SL,False
ES,D,long,BULL_STRONG,2017-09-28 18:00:00+00:00,2017-10-01 22:00:00+00:00,2507.875,2520.0287053571424,1.7009229518062854,0.008504614759031427,7,TP2,True
NZDUSD,D,short,BEAR_STRONG,2017-10-05 05:00:00+00:00,2017-10-06 09:00:00+00:00,0.7160299999999999,0.7070936035714284,1.6777090732250666,0.008388545366125334,7,TP2,True
CL,D,long,BULL_STRONG,2017-10-11 18:00:00+00:00,2017-10-12 10:00:00+00:00,51.035000000000004,50.33683333333334,-1.0279328616735797,-0.0051396643083678984,4,SL,False
ES,D,long,BULL_STRONG,2017-10-16 02:00:00+00:00,2017-10-19 06:00:00+00:00,2554.625,2547.2290624999996,-1.082520318689629,-0.005412601593448145,19,SL,False
DAX,D,long,BULL_STRONG,2017-10-16 06:00:00+00:00,2017-10-19 06:00:00+00:00,13007.25,12947.947187499998,-1.0305805976442197,-0.005152902988221099,12,SL,False
USDCAD,D,long,BULL_STRONG,2017-10-16 13:00:00+00:00,2017-10-17 17:00:00+00:00,1.2526100000000002,1.25252,0.6252939578760592,0.003126469789380296,7,BE_STOP,True
USDCHF,D,long,BULL_STRONG,2017-10-17 05:00:00+00:00,2017-10-19 09:00:00+00:00,0.97738,0.97729,0.6466723558128313,0.0032333617790641566,13,BE_STOP,True
HG,D,long,BULL_STRONG,2017-10-19 06:00:00+00:00,2017-10-24 02:00:00+00:00,3.15625,3.236030714285714,1.6843901482748653,0.008421950741374327,17,TP2,True
NZDUSD,D,short,BEAR_STRONG,2017-10-19 09:00:00+00:00,2017-10-24 13:00:00+00:00,0.70187,0.6902814843750001,1.7024340861963134,0.008512170430981568,19,TP2,True
DAX,D,long,BULL_STRONG,2017-10-19 18:00:00+00:00,2017-10-20 10:00:00+00:00,12991.25,12990.5,0.6859196292842011,0.003429598146421006,2,BE_STOP,True
AUDUSD,D,short,BEAR_STRONG,2017-10-23 09:00:00+00:00,2017-10-25 01:00:00+00:00,0.78066,0.7721868125000001,1.6662385812867804,0.008331192906433901,10,TP2,True
PL,D,short,BEAR_STRONG,2017-10-23 10:00:00+00:00,2017-10-23 14:00:00+00:00,917.55,926.5396249999999,-1.0370043337099708,-0.005185021668549854,1,SL,False
SI,D,short,BEAR_STRONG,2017-10-25 02:00:00+00:00,2017-10-30 14:00:00+00:00,16.877499999999998,16.9,0.4804598630048126,0.002402299315024063,21,BE_STOP,True
ES,D,long,BULL_STRONG,2017-10-26 14:00:00+00:00,2017-11-01 06:00:00+00:00,2562.375,2581.5305580357144,1.6719074616482645,0.008359537308241323,22,TP2,True
PL,D,short,BEAR_STRONG,2017-10-26 18:00:00+00:00,2017-10-31 06:00:00+00:00,919.55,926.5396249999999,-1.0480091993248888,-0.005240045996624444,15,SL,False
NZDJPY,D,short,BEAR_STRONG,2017-10-30 13:00:00+00:00,2017-10-31 21:00:00+00:00,77.7265,78.14738166666666,-1.0566544903828996,-0.005283272451914498,8,SL,False
USDJPY,D,long,BULL_STRONG,2017-11-02 09:00:00+00:00,2017-11-02 13:00:00+00:00,114.089,113.66318749999999,-1.0599129344729343,-0.005299564672364671,1,SL,False
RTY,D,short,BEAR_STRONG,2017-11-02 14:00:00+00:00,2017-11-06 15:00:00+00:00,1493.95,1499.247375,-1.0523598921780253,-0.005261799460890127,12,SL,False
USDCHF,D,long,BULL_STRONG,2017-11-06 06:00:00+00:00,2017-11-06 14:00:00+00:00,1.0018650000000002,0.9986153270833333,-1.0728749798073838,-0.005364374899036919,2,SL,False
EURUSD,D,short,BEAR_STRONG,2017-11-06 06:00:00+00:00,2017-11-09 14:00:00+00:00,1.160205,1.1646306562500004,-1.0374634635760465,-0.005187317317880232,20,SL,False
ES,D,long,BULL_STRONG,2017-11-06 07:00:00+00:00,2017-11-07 23:00:00+00:00,2580.625,2580.25,0.6312074938140662,0.0031560374690703307,10,BE_STOP,True
NKD,D,long,BULL_STRONG,2017-11-09 03:00:00+00:00,2017-11-09 15:00:00+00:00,22897.5,22519.0625,-1.0251573378264534,-0.005125786689132267,3,SL,False
ES,D,long,BULL_STRONG,2017-11-09 23:00:00+00:00,2017-11-10 07:00:00+00:00,2583.625,2571.409375,-1.0491266297176043,-0.005245633148588022,2,SL,False
NZDUSD,D,short,BEAR_STRONG,2017-11-13 10:00:00+00:00,2017-11-15 10:00:00+00:00,0.69079,0.69088,0.6614240806149674,0.003307120403074837,12,BE_STOP,True
GBPAUD,D,long,BULL_STRONG,2017-11-13 18:00:00+00:00,2017-11-16 22:00:00+00:00,1.720645,1.74216088125,1.6733016885853722,0.008366508442926862,19,TP2,True
AUDJPY,D,short,BEAR_STRONG,2017-11-13 22:00:00+00:00,2017-11-15 02:00:00+00:00,86.7345,85.95382133928567,1.6216823743860551,0.008108411871930276,7,TP2,True
GBPNZD,D,long,BULL_STRONG,2017-11-15 06:00:00+00:00,2017-11-16 10:00:00+00:00,1.905875,1.9252200642857142,1.8022139702246,0.009011069851123,7,TP2,True
HG,D,short,BEAR_STRONG,2017-11-16 15:00:00+00:00,2017-11-20 15:00:00+00:00,3.04975,3.094519791666667,-1.0343287488929889,-0.005171643744464945,12,SL,False
NQ,D,long,BULL_STRONG,2017-11-16 19:00:00+00:00,2017-11-17 19:00:00+00:00,6345.375,6311.3103125,-1.0261988182585544,-0.005130994091292772,6,SL,False
USDCAD,D,long,BULL_STRONG,2017-11-20 02:00:00+00:00,2017-11-22 14:00:00+00:00,1.27855,1.2729123416666663,-1.059303760295283,-0.005296518801476416,15,SL,False
NZDUSD,D,short,BEAR_STRONG,2017-11-20 10:00:00+00:00,2017-11-22 18:00:00+00:00,0.6818,0.6872494270833334,-1.0234077258724465,-0.0051170386293622324,14,SL,False
NZDCAD,D,short,BEAR_STRONG,2017-11-20 10:00:00+00:00,2017-11-23 10:00:00+00:00,0.87136,0.8762103958333333,-1.0303372631410284,-0.005151686315705142,18,SL,False
NKD,D,long,BULL_STRONG,2017-11-21 11:00:00+00:00,2017-11-22 19:00:00+00:00,22592.5,22382.88125,-1.0460491666408978,-0.005230245833204489,8,SL,False
DAX,D,long,BULL_STRONG,2017-11-22 07:00:00+00:00,2017-11-22 15:00:00+00:00,13117.75,13019.017187499998,-1.0183646494123646,-0.005091823247061823,2,SL,False
PL,D,long,BULL_STRONG,2017-11-22 19:00:00+00:00,2017-11-28 15:00:00+00:00,940.95,958.2443392857143,1.7007516749387426,0.008503758374693714,21,TP2,True
CADCHF,D,short,BEAR_STRONG,2017-11-23 02:00:00+00:00,2017-11-28 06:00:00+00:00,0.772625,0.7678499642857144,1.6077286371528468,0.008038643185764234,19,TP2,True
NZDJPY,D,short,BEAR_STRONG,2017-11-27 02:00:00+00:00,2017-11-27 06:00:00+00:00,76.4355,76.70299624999998,-1.1105843700254905,-0.0055529218501274525,1,SL,False
NZDCHF,D,short,BEAR_STRONG,2017-11-27 02:00:00+00:00,2017-11-27 10:00:00+00:00,0.672605,0.67593746875,-1.0835311653277209,-0.005417655826638604,2,SL,False
USDJPY,D,short,BEAR_STRONG,2017-11-27 14:00:00+00:00,2017-11-27 22:00:00+00:00,111.041,111.33116666666665,-1.0872996087729763,-0.005436498043864881,2,SL,False
CHFJPY,D,short,BEAR_STRONG,2017-11-27 14:00:00+00:00,2017-11-27 22:00:00+00:00,113.153,113.428225,-1.1271814115596726,-0.005635907057798363,2,SL,False
AUDJPY,D,short,BEAR_STRONG,2017-11-27 22:00:00+00:00,2017-11-28 18:00:00+00:00,84.64150000000001,84.824736875,-1.1735463927603107,-0.0058677319638015535,5,SL,False
GBPCAD,D,long,BULL_STRONG,2017-11-28 10:00:00+00:00,2017-11-29 06:00:00+00:00,1.70041,1.7180618991071426,1.6617163094726812,0.008308581547363407,5,TP2,True
AUDJPY,D,short,BEAR_STRONG,2017-11-28 18:00:00+00:00,2017-11-28 22:00:00+00:00,84.6555,84.824736875,-1.189518932256038,-0.00594759466128019,1,SL,False
AUDJPY,D,short,BEAR_STRONG,2017-11-29 06:00:00+00:00,2017-11-29 14:00:00+00:00,84.4805,84.824736875,-1.088092975463099,-0.005440464877315495,2,SL,False
AUDCHF,D,short,BEAR_STRONG,2017-11-29 10:00:00+00:00,2017-12-01 14:00:00+00:00,0.7456,0.748917725,-1.055400011119144,-0.0052770000555957194,13,SL,False
GBPNZD,D,long,BULL_STRONG,2017-11-29 14:00:00+00:00,2017-11-30 18:00:00+00:00,1.949585,1.97861540625,1.754163893226991,0.008770819466134954,7,TP2,True
EURCHF,D,long,BULL_STRONG,2017-11-29 18:00:00+00:00,2017-12-01 14:00:00+00:00,1.166725,1.166555,0.6028402623523836,0.003014201311761918,11,BE_STOP,True
NZDCHF,D,short,BEAR_STRONG,2017-11-30 02:00:00+00:00,2017-11-30 10:00:00+00:00,0.6737,0.67593746875,-1.1278461887271543,-0.005639230943635771,2,SL,False
EURGBP,D,short,BEAR_STRONG,2017-11-30 02:00:00+00:00,2017-12-11 06:00:00+00:00,0.880735,0.880905,0.7224420918194793,0.0036122104590973966,43,BE_STOP,True
PA,D,long,BULL_STRONG,2017-11-30 15:00:00+00:00,2017-12-04 15:00:00+00:00,1009.925,998.1949553571428,-1.0177331502233096,-0.005088665751116548,12,SL,False
NZDCHF,D,short,BEAR_STRONG,2017-11-30 18:00:00+00:00,2017-12-01 14:00:00+00:00,0.67174,0.67593746875,-1.0655606825006403,-0.005327803412503202,5,SL,False
YM,D,long,BULL_STRONG,2017-12-04 03:00:00+00:00,2017-12-05 19:00:00+00:00,24453.5,24205.516249999997,-1.0140223442721883,-0.005070111721360942,10,SL,False
RTY,D,long,BULL_STRONG,2017-12-04 03:00:00+00:00,2017-12-04 19:00:00+00:00,1552.2499999999998,1539.6429166666667,-1.0220099675552623,-0.005110049837776311,4,SL,False
CHFJPY,D,long,BULL_STRONG,2017-12-11 18:00:00+00:00,2017-12-13 10:00:00+00:00,114.50699999999999,114.18705000000001,-1.1255355009077348,-0.005627677504538674,10,SL,False
SI,D,short,BEAR_STRONG,2017-12-12 15:00:00+00:00,2017-12-13 11:00:00+00:00,15.667499999999999,15.828800000000001,-1.171134005763693,-0.005855670028818465,5,SL,False
NZDCAD,D,long,BULL_STRONG,2017-12-18 02:00:00+00:00,2017-12-20 02:00:00+00:00,0.90153,0.8951849333333332,-1.0641635501910893,-0.0053208177509554465,12,SL,False
CADJPY,D,short,BEAR_STRONG,2017-12-18 06:00:00+00:00,2017-12-20 06:00:00+00:00,87.4895,87.90859250000001,-1.0478709003525197,-0.005239354501762598,12,SL,False
GBPCAD,D,long,BULL_STRONG,2017-12-18 14:00:00+00:00,2017-12-21 02:00:00+00:00,1.7218,1.7132894958333333,-1.0612735141410818,-0.005306367570705409,15,SL,False
NKD,D,long,BULL_STRONG,2017-12-18 23:00:00+00:00,2017-12-29 19:00:00+00:00,22897.5,22682.825000000004,-1.045043079522144,-0.00522521539761072,47,SL,False
GBPJPY,D,long,BULL_STRONG,2017-12-20 14:00:00+00:00,2018-01-03 14:00:00+00:00,151.817,151.8,0.6001090346755849,0.0030005451733779243,48,BE_STOP,True
YM,D,long,BULL_STRONG,2017-12-21 07:00:00+00:00,2018-01-04 11:00:00+00:00,24754.5,24962.615178571432,1.7425784933077575,0.008712892466538788,49,TP2,True
NZDUSD,D,long,BULL_STRONG,2017-12-25 22:00:00+00:00,2017-12-27 22:00:00+00:00,0.70293,0.707829402247537,1.6864814831386354,0.008432407415693177,12,TP2,True
NZDJPY,D,long,BULL_STRONG,2017-12-26 02:00:00+00:00,2017-12-26 10:00:00+00:00,79.70349999999999,79.44215129310346,-1.1152389564800094,-0.005576194782400047,2,SL,False
NZDJPY,D,long,BULL_STRONG,2017-12-26 22:00:00+00:00,2018-01-01 22:00:00+00:00,79.71549999999999,79.6985,0.5377493877043488,0.002688746938521744,18,BE_STOP,True
GBPUSD,D,long,BULL_STRONG,2017-12-27 10:00:00+00:00,2017-12-29 10:00:00+00:00,1.3419050000000001,1.349516122075123,1.6692041003704448,0.008346020501852224,12,TP2,True
CHFJPY,D,long,BULL_STRONG,2017-12-27 22:00:00+00:00,2017-12-29 14:00:00+00:00,114.917,115.61481527093594,1.5548484218441168,0.007774242109220584,10,TP2,True
EURGBP,D,long,BULL_STRONG,2018-01-02 02:00:00+00:00,2018-01-02 14:00:00+00:00,0.88938,0.88921,0.4492274662835302,0.002246137331417651,3,BE_STOP,True
USDCAD,D,short,BEAR_STRONG,2018-01-02 22:00:00+00:00,2018-01-05 14:00:00+00:00,1.2510649999999999,1.240191004464286,1.6868964077975273,0.008434482038987636,16,TP2,True
EURJPY,D,long,BULL_STRONG,2018-01-03 18:00:00+00:00,2018-01-04 14:00:00+00:00,135.18699999999998,136.18770758928565,1.6403889403419787,0.008201944701709894,5,TP2,True
GBPJPY,D,long,BULL_STRONG,2018-01-03 22:00:00+00:00,2018-01-05 10:00:00+00:00,152.337,153.60708370535713,1.634611909457109,0.008173059547285545,9,TP2,True
EURGBP,D,long,BULL_STRONG,2018-01-04 02:00:00+00:00,2018-01-05 06:00:00+00:00,0.8894,0.88923,0.4527524939312125,0.0022637624696560626,7,BE_STOP,True
AUDJPY,D,long,BULL_STRONG,2018-01-04 02:00:00+00:00,2018-01-09 06:00:00+00:00,88.335,88.318,0.6219169134561326,0.0031095845672806633,19,BE_STOP,True
EURCHF,D,long,BULL_STRONG,2018-01-04 10:00:00+00:00,2018-01-05 18:00:00+00:00,1.17676,1.172892690104167,-1.1040611717274822,-0.005520305858637411,8,SL,False
AUDUSD,D,long,BULL_STRONG,2018-01-09 02:00:00+00:00,2018-01-09 06:00:00+00:00,0.785495,0.7828008949999998,-1.0767900295879083,-0.005383950147939541,1,SL,False
AUDCHF,D,long,BULL_STRONG,2018-01-09 06:00:00+00:00,2018-01-10 14:00:00+00:00,0.76806,0.7653122349999999,-1.1270590608531015,-0.005635295304265507,8,SL,False
RTY,D,long,BULL_STRONG,2018-01-09 15:00:00+00:00,2018-01-10 07:00:00+00:00,1567.35,1556.62235,-1.0260348943290678,-0.0051301744716453395,4,SL,False
USDCAD,D,short,BEAR_STRONG,2018-01-10 02:00:00+00:00,2018-01-10 18:00:00+00:00,1.2469899999999998,1.2523178575,-1.0505127525901845,-0.005252563762950923,4,SL,False
GBPCAD,D,short,BEAR_STRONG,2018-01-10 10:00:00+00:00,2018-01-10 18:00:00+00:00,1.68848,1.6952229999999997,-1.0618267457781867,-0.0053091337288909335,2,SL,False
AUDUSD,D,long,BULL_STRONG,2018-01-11 02:00:00+00:00,2018-01-15 06:00:00+00:00,0.787485,0.7966272289285715,1.6736546757824617,0.008368273378912309,13,TP2,True
GBPAUD,D,short,BEAR_STRONG,2018-01-11 10:00:00+00:00,2018-01-12 06:00:00+00:00,1.717855,1.727279755,-1.0443555447983222,-0.005221777723991611,5,SL,False
USDJPY,D,short,BEAR_STRONG,2018-01-11 10:00:00+00:00,2018-01-23 22:00:00+00:00,111.531,110.06665535714285,1.7103971172690748,0.008551985586345375,51,TP2,True
AUDCHF,D,long,BULL_STRONG,2018-01-11 18:00:00+00:00,2018-01-12 06:00:00+00:00,0.77014,0.7653122349999999,-1.0596465472173875,-0.005298232736086938,3,SL,False
HG,D,long,BULL_STRONG,2018-01-15 23:00:00+00:00,2018-01-16 07:00:00+00:00,3.26675,3.22606625,-1.038326053190483,-0.005191630265952415,2,SL,False
EURCHF,D,long,BULL_STRONG,2018-01-16 18:00:00+00:00,2018-01-19 06:00:00+00:00,1.176685,1.17201964375,-1.096707774828746,-0.00548353887414373,15,SL,False
SI,D,long,BULL_STRONG,2018-01-16 19:00:00+00:00,2018-01-17 23:00:00+00:00,17.2325,16.938072916666666,-1.0878125110132184,-0.005439062555066092,7,SL,False
AUDCAD,D,long,BULL_STRONG,2018-01-17 14:00:00+00:00,2018-01-31 14:00:00+00:00,0.992795,0.9917,-0.29059936909397927,-0.0014529968454698964,60,TIME,False
NZDJPY,D,long,BULL_STRONG,2018-01-17 18:00:00+00:00,2018-01-19 10:00:00+00:00,80.9395,80.44745937500002,-1.07016564109648,-0.0053508282054823995,10,SL,False
PA,D,long,BULL_STRONG,2018-01-17 19:00:00+00:00,2018-01-22 11:00:00+00:00,1109.775,1089.6621874999996,-1.0106956176420003,-0.005053478088210002,16,SL,False
EURCAD,D,long,BULL_STRONG,2018-01-22 06:00:00+00:00,2018-01-24 10:00:00+00:00,1.52804,1.5233818708333335,-1.1078234565070306,-0.005539117282535153,13,SL,False
NQ,D,long,BULL_STRONG,2018-01-22 07:00:00+00:00,2018-01-22 19:00:00+00:00,6841.125,6914.221659482759,1.7991355778888038,0.008995677889444019,3,TP2,True
NZDUSD,D,long,BULL_STRONG,2018-01-22 10:00:00+00:00,2018-01-24 06:00:00+00:00,0.7315900000000001,0.7385311205357143,1.7438651550137998,0.008719325775068999,11,TP2,True
AUDUSD,D,long,BULL_STRONG,2018-01-22 14:00:00+00:00,2018-01-23 06:00:00+00:00,0.8004600000000001,0.7958771666666666,-1.0449748265756647,-0.005224874132878323,4,SL,False
AUDCHF,D,long,BULL_STRONG,2018-01-22 14:00:00+00:00,2018-01-23 06:00:00+00:00,0.7709550000000001,0.7668762458333335,-1.0711054438701189,-0.005355527219350595,4,SL,False
NZDCHF,D,long,BULL_STRONG,2018-01-22 14:00:00+00:00,2018-01-24 14:00:00+00:00,0.70385,0.70002740625,-1.1008978893423367,-0.005504489446711684,12,SL,False
EURJPY,D,long,BULL_STRONG,2018-01-22 18:00:00+00:00,2018-01-23 06:00:00+00:00,136.047,135.57089166666665,-1.0785143230537342,-0.005392571615268671,3,SL,False
NKD,D,long,BULL_STRONG,2018-01-22 19:00:00+00:00,2018-01-23 11:00:00+00:00,23972.5,23965.0,0.6293633380371269,0.0031468166901856345,4,BE_STOP,True
EURNZD,D,short,BEAR_STRONG,2018-01-23 14:00:00+00:00,2018-01-24 18:00:00+00:00,1.67234,1.6811112020833336,-1.0411718730206543,-0.005205859365103272,7,SL,False
AUDUSD,D,long,BULL_STRONG,2018-01-23 22:00:00+00:00,2018-01-25 02:00:00+00:00,0.800305,0.8089374642857142,1.682882647141121,0.008414413235705605,7,TP2,True
NKD,D,long,BULL_STRONG,2018-01-23 23:00:00+00:00,2018-01-24 11:00:00+00:00,23987.5,23809.219827586207,-1.0551527725196232,-0.005275763862598116,3,SL,False
NZDUSD,D,long,BULL_STRONG,2018-01-24 18:00:00+00:00,2018-01-30 06:00:00+00:00,0.73395,0.7282997291666666,-1.050852379043293,-0.005254261895216466,21,SL,False
HG,D,long,BULL_STRONG,2018-01-25 03:00:00+00:00,2018-01-26 11:00:00+00:00,3.2462500000000003,3.191482327586207,-1.0282093733136852,-0.005141046866568426,8,SL,False
EURCAD,D,long,BULL_STRONG,2018-01-25 06:00:00+00:00,2018-01-26 10:00:00+00:00,1.53065,1.53048,0.6659227754261511,0.0033296138771307555,7,BE_STOP,True
NQ,D,long,BULL_STRONG,2018-01-29 15:00:00+00:00,2018-01-30 03:00:00+00:00,7014.375,6946.275,-1.0138228128460687,-0.005069114064230344,3,SL,False
NZDUSD,D,long,BULL_STRONG,2018-01-31 06:00:00+00:00,2018-01-31 18:00:00+00:00,0.73965,0.7346344791666666,-1.039295539811786,-0.00519647769905893,3,SL,False
GBPJPY,D,long,BULL_STRONG,2018-02-01 22:00:00+00:00,2018-02-05 06:00:00+00:00,156.127,154.85039583333332,-1.0348187003192102,-0.005174093501596051,8,SL,False
USDCAD,D,short,BEAR_STRONG,2018-02-01 22:00:00+00:00,2018-02-02 10:00:00+00:00,1.2275299999999998,1.2341740625000002,-1.0399529604730098,-0.005199764802365049,3,SL,False
AUDJPY,D,short,BEAR_STRONG,2018-02-05 06:00:00+00:00,2018-02-05 22:00:00+00:00,87.322,86.14103571428569,1.6464975148850387,0.008232487574425193,4,TP2,True
CADJPY,D,short,BEAR_STRONG,2018-02-06 18:00:00+00:00,2018-02-09 10:00:00+00:00,87.674,86.17849772321426,1.791646309367628,0.00895823154683814,16,TP2,True
NZDCHF,D,short,BEAR_STRONG,2018-02-07 22:00:00+00:00,2018-02-18 22:00:00+00:00,0.679275,0.68657253125,-0.988088231812383,-0.004940441159061915,42,SL,False
NZDJPY,D,short,BEAR_STRONG,2018-02-08 02:00:00+00:00,2018-02-22 02:00:00+00:00,78.915,78.66499999999999,0.30577662156711843,0.0015288831078355922,60,TIME,False
AUDNZD,D,short,BEAR_STRONG,2018-02-08 14:00:00+00:00,2018-02-22 14:00:00+00:00,1.079,1.06848,1.381364118743332,0.00690682059371666,60,TIME,True
GBPAUD,D,long,BULL_STRONG,2018-02-08 22:00:00+00:00,2018-02-09 10:00:00+00:00,1.79348,1.7774385104166668,-1.0265310447257698,-0.00513265522362885,3,SL,False
GBPCAD,D,long,BULL_STRONG,2018-02-08 22:00:00+00:00,2018-02-09 10:00:00+00:00,1.75643,1.7452982937500001,-1.0379411918650905,-0.005189705959325453,3,SL,False
EURNZD,D,long,BULL_STRONG,2018-02-08 22:00:00+00:00,2018-02-09 14:00:00+00:00,1.698275,1.6895228083333333,-1.047512164239322,-0.0052375608211966095,4,SL,False
GBPJPY,D,short,BEAR_STRONG,2018-02-12 06:00:00+00:00,2018-02-20 22:00:00+00:00,150.523,150.54,0.7252981272525986,0.003626490636262993,40,BE_STOP,True
GBPCHF,D,short,BEAR_STRONG,2018-02-12 10:00:00+00:00,2018-02-20 10:00:00+00:00,1.296565,1.3089073916666665,-1.0042324550023383,-0.005021162275011691,36,SL,False
USDJPY,D,short,BEAR_STRONG,2018-02-12 14:00:00+00:00,2018-02-14 02:00:00+00:00,108.681,107.16646607142857,1.7518298897006206,0.008759149448503104,9,TP2,True
GBPCAD,D,long,BULL_STRONG,2018-02-15 10:00:00+00:00,2018-02-23 06:00:00+00:00,1.76063,1.7781211741071428,1.7077138551307987,0.008538569275653994,35,TP2,True
EURAUD,D,long,BULL_STRONG,2018-02-15 14:00:00+00:00,2018-02-16 06:00:00+00:00,1.576015,1.56893001875,-1.056492141609206,-0.00528246070804603,4,SL,False
EURJPY,D,short,BEAR_STRONG,2018-02-19 14:00:00+00:00,2018-02-28 10:00:00+00:00,132.263,130.66866964285717,1.7041049265790797,0.008520524632895399,41,TP2,True
AUDNZD,D,short,BEAR_STRONG,2018-02-22 22:00:00+00:00,2018-02-23 14:00:00+00:00,1.07058,1.0740465958333334,-1.0970337936988048,-0.005485168968494024,4,SL,False
GBPAUD,D,long,BULL_STRONG,2018-02-26 10:00:00+00:00,2018-02-26 14:00:00+00:00,1.784925,1.7805954166666667,-1.1009450866472987,-0.005504725433236494,1,SL,False
NZDJPY,D,short,BEAR_STRONG,2018-02-26 14:00:00+00:00,2018-02-28 06:00:00+00:00,78.1725,77.39692866071428,1.680990062482706,0.00840495031241353,10,TP2,True
EURCAD,D,long,BULL_STRONG,2018-02-26 22:00:00+00:00,2018-03-02 02:00:00+00:00,1.56335,1.5759173562500002,1.6924721915606904,0.008462360957803452,19,TP2,True
CADCHF,D,short,BEAR_STRONG,2018-02-27 14:00:00+00:00,2018-03-02 06:00:00+00:00,0.73698,0.7303680191964286,1.6350593916139942,0.008175296958069971,16,TP2,True
SI,D,short,BEAR_STRONG,2018-02-28 23:00:00+00:00,2018-03-01 19:00:00+00:00,16.357499999999998,16.568338362068964,-1.1264139697215947,-0.005632069848607974,5,SL,False
CADCHF,D,short,BEAR_STRONG,2018-03-08 06:00:00+00:00,2018-03-08 18:00:00+00:00,0.73101,0.7366781749999999,-1.0495330541497883,-0.005247665270748942,3,SL,False
CHFJPY,D,short,BEAR_STRONG,2018-03-08 06:00:00+00:00,2018-03-13 09:00:00+00:00,112.233,112.94806249999999,-1.0253739743934047,-0.005126869871967024,19,SL,False
USDCAD,D,long,BULL_STRONG,2018-03-08 10:00:00+00:00,2018-03-09 18:00:00+00:00,1.2917950000000002,1.2813955541666664,-1.0291821020124474,-0.005145910510062237,8,SL,False
NG,D,long,BULL_STRONG,2018-03-12 14:00:00+00:00,2018-03-14 10:00:00+00:00,2.7865,2.7364404166666665,-1.0354805350814729,-0.005177402675407365,11,SL,False
AUDCAD,D,long,BULL_STRONG,2018-03-12 21:00:00+00:00,2018-03-14 05:00:00+00:00,1.011825,1.020506909375,1.5955324194778093,0.007977662097389046,8,TP2,True
NZDCAD,D,long,BULL_STRONG,2018-03-13 09:00:00+00:00,2018-03-16 13:00:00+00:00,0.943945,0.943775,0.6300966082102095,0.0031504830410510475,19,BE_STOP,True
RTY,D,long,BULL_STRONG,2018-03-15 10:00:00+00:00,2018-03-19 14:00:00+00:00,1583.85,1572.7162500000002,-1.025192488904051,-0.005125962444520254,13,SL,False
EURCHF,D,long,BULL_STRONG,2018-03-19 09:00:00+00:00,2018-03-20 13:00:00+00:00,1.17141,1.17124,0.3874684697509149,0.0019373423487545746,7,BE_STOP,True
EURCHF,D,long,BULL_STRONG,2018-03-21 01:00:00+00:00,2018-03-21 05:00:00+00:00,1.17119,1.1697325520833333,-1.2594020275901119,-0.006297010137950559,1,SL,False
EURAUD,D,long,BULL_STRONG,2018-03-26 05:00:00+00:00,2018-03-27 17:00:00+00:00,1.60195,1.6142131750000002,1.8664902524598075,0.009332451262299037,9,TP2,True
AUDNZD,D,short,BEAR_STRONG,2018-03-26 05:00:00+00:00,2018-04-09 05:00:00+00:00,1.061735,1.05134,1.6653667646878705,0.008326833823439352,60,TIME,True
GBPCHF,D,long,BULL_STRONG,2018-03-26 09:00:00+00:00,2018-03-27 09:00:00+00:00,1.343685,1.3375795499999998,-1.0687590494402261,-0.005343795247201131,6,SL,False
NZDCHF,D,long,BULL_STRONG,2018-03-26 17:00:00+00:00,2018-04-04 01:00:00+00:00,0.68987,0.6979023504464285,1.6028421451886758,0.008014210725943379,38,TP2,True
AUDUSD,D,short,BEAR_STRONG,2018-03-28 09:00:00+00:00,2018-03-30 05:00:00+00:00,0.7673399999999999,0.7706097395833332,-1.0526545006633914,-0.005263272503316957,11,SL,False
PL,D,short,BEAR_STRONG,2018-03-28 10:00:00+00:00,2018-04-02 10:00:00+00:00,943.75,944.0,0.6711526380292281,0.0033557631901461405,12,BE_STOP,True
EURNZD,D,long,BULL_STRONG,2018-03-29 01:00:00+00:00,2018-03-29 13:00:00+00:00,1.71277,1.7057775625,-1.0600647202704327,-0.005300323601352164,3,SL,False
GBPCHF,D,long,BULL_STRONG,2018-03-29 05:00:00+00:00,2018-03-29 21:00:00+00:00,1.3444,1.3375795499999998,-1.0538634227759014,-0.005269317113879507,4,SL,False
EURAUD,D,long,BULL_STRONG,2018-03-29 21:00:00+00:00,2018-04-03 01:00:00+00:00,1.60167,1.6015,0.6109238512390377,0.0030546192561951885,13,BE_STOP,True
RTY,D,short,BEAR_STRONG,2018-04-02 18:00:00+00:00,2018-04-04 14:00:00+00:00,1496.0500000000002,1518.1273437499997,-1.0122989817223014,-0.005061494908611507,11,SL,False
ES,D,short,BEAR_STRONG,2018-04-03 14:00:00+00:00,2018-04-03 18:00:00+00:00,2595.625,2612.421875,-1.0354801141769743,-0.005177400570884872,1,SL,False
NQ,D,short,BEAR_STRONG,2018-04-03 14:00:00+00:00,2018-04-04 18:00:00+00:00,6426.875,6516.664322916667,-1.0099441562715703,-0.005049720781357851,7,SL,False
YM,D,short,BEAR_STRONG,2018-04-04 10:00:00+00:00,2018-04-04 14:00:00+00:00,23642.5,23936.87760416667,-1.0115795812030408,-0.005057897906015204,1,SL,False
ES,D,short,BEAR_STRONG,2018-04-04 10:00:00+00:00,2018-04-04 14:00:00+00:00,2587.875,2612.421875,-1.0240788106011636,-0.005120394053005818,1,SL,False
GBPUSD,D,long,BULL_STRONG,2018-04-09 01:00:00+00:00,2018-04-11 05:00:00+00:00,1.4096050000000002,1.4205911066964287,1.7289368339334008,0.008644684169667004,13,TP2,True
GBPJPY,D,long,BULL_STRONG,2018-04-09 01:00:00+00:00,2018-04-10 13:00:00+00:00,150.867,151.9879892857143,1.7663269367066667,0.008831634683533334,9,TP2,True
AUDNZD,D,short,BEAR_STRONG,2018-04-09 09:00:00+00:00,2018-04-10 01:00:00+00:00,1.05059,1.0550310541666665,-1.0742398919860745,-0.0053711994599303725,4,SL,False
GBPAUD,D,long,BULL_STRONG,2018-04-09 13:00:00+00:00,2018-04-10 01:00:00+00:00,1.834415,1.82736615625,-1.0620479422868145,-0.005310239711434073,3,SL,False
AUDCAD,D,short,BEAR_STRONG,2018-04-09 21:00:00+00:00,2018-04-10 05:00:00+00:00,0.977445,0.9819768666666666,-1.070346556520146,-0.00535173278260073,2,SL,False
AUDNZD,D,short,BEAR_STRONG,2018-04-10 09:00:00+00:00,2018-04-11 01:00:00+00:00,1.052665,1.0550310541666665,-1.1445197048494251,-0.0057225985242471255,4,SL,False
AUDCAD,D,short,BEAR_STRONG,2018-04-10 17:00:00+00:00,2018-04-18 13:00:00+00:00,0.97781,0.9819768666666666,-1.014234500358615,-0.0050711725017930755,35,SL,False
AUDNZD,D,short,BEAR_STRONG,2018-04-11 09:00:00+00:00,2018-04-11 17:00:00+00:00,1.051955,1.0550310541666665,-1.1091768018776944,-0.005545884009388472,2,SL,False
AUDNZD,D,short,BEAR_STRONG,2018-04-12 09:00:00+00:00,2018-04-13 05:00:00+00:00,1.05084,1.0550310541666665,-1.078864294499891,-0.005394321472499455,5,SL,False
GBPAUD,D,long,BULL_STRONG,2018-04-12 21:00:00+00:00,2018-04-13 05:00:00+00:00,1.834815,1.82736615625,-1.058645866659798,-0.00529322933329899,2,SL,False
GBPAUD,D,long,BULL_STRONG,2018-04-16 09:00:00+00:00,2018-04-18 05:00:00+00:00,1.84267,1.832425510416667,-1.0474439718306667,-0.005237219859153334,11,SL,False
AUDCHF,D,long,BULL_STRONG,2018-04-17 01:00:00+00:00,2018-04-18 13:00:00+00:00,0.74623,0.7532977299107142,1.580421624678862,0.00790210812339431,9,TP2,True
CADCHF,D,long,BULL_STRONG,2018-04-18 21:00:00+00:00,2018-04-20 17:00:00+00:00,0.76703,0.7640266458333334,-1.1155465150991561,-0.0055777325754957805,11,SL,False
NZDCAD,D,short,BEAR_STRONG,2018-04-18 21:00:00+00:00,2018-04-20 09:00:00+00:00,0.92363,0.9140133124999998,1.6153441480143518,0.00807672074007176,9,TP2,True
PL,D,short,BEAR_STRONG,2018-04-23 10:00:00+00:00,2018-04-24 14:00:00+00:00,923.85,933.5687499999999,-1.0342081056105614,-0.005171040528052807,7,SL,False
NZDCAD,D,short,BEAR_STRONG,2018-04-23 17:00:00+00:00,2018-04-24 21:00:00+00:00,0.91821,0.9114938803571427,1.631672853452069,0.008158364267260345,7,TP2,True
PL,D,short,BEAR_STRONG,2018-04-25 06:00:00+00:00,2018-04-26 14:00:00+00:00,925.25,908.6718750000001,1.713909217660732,0.00856954608830366,8,TP2,True
AUDCAD,D,short,BEAR_STRONG,2018-04-30 09:00:00+00:00,2018-05-01 09:00:00+00:00,0.96993,0.9646225133928571,1.5281336850240301,0.007640668425120151,6,TP2,True
PL,D,short,BEAR_STRONG,2018-04-30 14:00:00+00:00,2018-05-03 10:00:00+00:00,906.85,907.1,0.674114476907451,0.003370572384537255,17,BE_STOP,True
NZDUSD,D,short,BEAR_STRONG,2018-04-30 21:00:00+00:00,2018-05-08 13:00:00+00:00,0.70366,0.6962789375,1.7194766827816834,0.008597383413908418,34,TP2,True
USDJPY,D,long,BULL_STRONG,2018-05-01 13:00:00+00:00,2018-05-03 09:00:00+00:00,109.599,109.190375,-1.0684237973099788,-0.005342118986549895,11,SL,False
AUDUSD,D,short,BEAR_STRONG,2018-05-03 13:00:00+00:00,2018-05-09 01:00:00+00:00,0.75254,0.7433616330357145,1.714157896451484,0.00857078948225742,21,TP2,True
NZDJPY,D,short,BEAR_STRONG,2018-05-07 01:00:00+00:00,2018-05-08 09:00:00+00:00,76.637,76.02066044642856,1.6995500512685076,0.008497750256342538,8,TP2,True
DAX,D,long,BULL_STRONG,2018-05-07 06:00:00+00:00,2018-05-18 06:00:00+00:00,12872.25,13130.503292410713,1.7439060671786148,0.008719530335893075,36,TP2,True
NZDUSD,D,short,BEAR_STRONG,2018-05-08 13:00:00+00:00,2018-05-10 21:00:00+00:00,0.6972499999999999,0.69734,0.6895763758464243,0.0034478818792321214,14,BE_STOP,True
GBPCAD,D,short,BEAR_STRONG,2018-05-09 17:00:00+00:00,2018-05-10 13:00:00+00:00,1.74109,1.722887129464286,1.6762825905447232,0.008381412952723617,5,TP2,True
AUDJPY,D,short,BEAR_STRONG,2018-05-09 21:00:00+00:00,2018-05-10 09:00:00+00:00,81.922,82.354635,-1.0684953865771538,-0.005342476932885769,3,SL,False
RTY,D,long,BULL_STRONG,2018-05-14 02:00:00+00:00,2018-05-14 14:00:00+00:00,1613.35,1604.8463750000003,-1.033406814406904,-0.00516703407203452,3,SL,False
GBPUSD,D,short,BEAR_STRONG,2018-05-15 21:00:00+00:00,2018-05-16 21:00:00+00:00,1.35025,1.355161075,-1.0516554917731311,-0.005258277458865656,6,SL,False
RTY,D,long,BULL_STRONG,2018-05-16 18:00:00+00:00,2018-05-23 06:00:00+00:00,1619.4499999999998,1619.3,0.7176858919475383,0.0035884294597376917,27,BE_STOP,True
GBPCAD,D,short,BEAR_STRONG,2018-05-21 09:00:00+00:00,2018-05-24 09:00:00+00:00,1.72693,1.7271,0.6889139240506306,0.003444569620253153,18,BE_STOP,True
ES,D,long,BULL_STRONG,2018-05-21 10:00:00+00:00,2018-05-22 22:00:00+00:00,2732.625,2717.2972916666668,-1.039699162637761,-0.0051984958131888045,9,SL,False
AUDNZD,D,long,BULL_STRONG,2018-05-21 17:00:00+00:00,2018-05-28 09:00:00+00:00,1.09159,1.0874163958333334,-1.1305879847845437,-0.005652939923922719,28,SL,False
EURCAD,D,short,BEAR_STRONG,2018-05-22 01:00:00+00:00,2018-05-22 21:00:00+00:00,1.50481,1.5110360041666666,-1.0628588405033308,-0.005314294202516654,5,SL,False
NKD,D,long,BULL_STRONG,2018-05-22 06:00:00+00:00,2018-05-22 22:00:00+00:00,22982.5,22851.550000000003,-1.0756468205751333,-0.005378234102875666,4,SL,False
NZDCHF,D,short,BEAR_STRONG,2018-05-24 05:00:00+00:00,2018-05-28 09:00:00+00:00,0.68613,0.690978925,-1.0354906736055831,-0.005177453368027916,13,SL,False
NQ,D,long,BULL_STRONG,2018-05-24 18:00:00+00:00,2018-05-29 06:00:00+00:00,6955.625,6913.829375,-1.0224875892143106,-0.005112437946071553,14,SL,False
CHFJPY,D,short,BEAR_STRONG,2018-05-29 01:00:00+00:00,2018-05-30 09:00:00+00:00,109.85300000000001,109.87,0.662466485480125,0.003312332427400625,8,BE_STOP,True
EURCAD,D,short,BEAR_STRONG,2018-05-29 09:00:00+00:00,2018-05-30 13:00:00+00:00,1.50581,1.5117309625000004,-1.0575231363445663,-0.005287615681722832,7,SL,False
AUDUSD,D,short,BEAR_STRONG,2018-05-29 09:00:00+00:00,2018-05-30 05:00:00+00:00,0.7534,0.75349,0.6725322362070345,0.0033626611810351724,5,BE_STOP,True
EURUSD,D,short,BEAR_STRONG,2018-05-31 01:00:00+00:00,2018-05-31 05:00:00+00:00,1.1664199999999998,1.1709210666666667,-1.0574234803373648,-0.005287117401686824,1,SL,False
EURCAD,D,short,BEAR_STRONG,2018-05-31 01:00:00+00:00,2018-05-31 13:00:00+00:00,1.5008299999999999,1.5117309625000004,-1.0354223770700892,-0.0051771118853504465,3,SL,False
EURUSD,D,short,BEAR_STRONG,2018-05-31 13:00:00+00:00,2018-06-01 09:00:00+00:00,1.1670099999999999,1.1709210666666667,-1.0663116930700351,-0.005331558465350176,5,SL,False
RTY,D,long,BULL_STRONG,2018-05-31 22:00:00+00:00,2018-06-06 14:00:00+00:00,1639.9499999999998,1669.7752410714286,1.712418456716293,0.008562092283581466,22,TP2,True
EURNZD,D,short,BEAR_STRONG,2018-06-04 09:00:00+00:00,2018-06-06 05:00:00+00:00,1.66344,1.6693784666666664,-1.061174246189054,-0.005305871230945271,11,SL,False
CL,D,short,BEAR_STRONG,2018-06-04 10:00:00+00:00,2018-06-14 10:00:00+00:00,65.835,66.99974568965519,-1.0176272024173263,-0.005088136012086631,48,SL,False
PA,D,long,BULL_STRONG,2018-06-04 22:00:00+00:00,2018-06-05 10:00:00+00:00,989.825,975.8664351851853,-1.0147601867438631,-0.005073800933719316,3,SL,False
USDCHF,D,short,BEAR_STRONG,2018-06-05 17:00:00+00:00,2018-06-13 05:00:00+00:00,0.9844299999999999,0.9889500833333333,-1.0175663061266793,-0.005087831530633397,33,SL,False
EURAUD,D,short,BEAR_STRONG,2018-06-06 05:00:00+00:00,2018-06-07 01:00:00+00:00,1.53546,1.5420853541666666,-1.059634899969988,-0.00529817449984994,5,SL,False
GBPAUD,D,short,BEAR_STRONG,2018-06-06 05:00:00+00:00,2018-06-08 05:00:00+00:00,1.7534399999999999,1.7655926833333335,-1.026328126282232,-0.005131640631411159,12,SL,False
ES,D,long,BULL_STRONG,2018-06-11 10:00:00+00:00,2018-06-15 14:00:00+00:00,2781.625,2770.5638541666667,-1.0559163246805154,-0.005279581623402577,25,SL,False
NQ,D,long,BULL_STRONG,2018-06-12 02:00:00+00:00,2018-06-19 02:00:00+00:00,7200.875,7200.5,0.7274048935746933,0.0036370244678734665,30,BE_STOP,True
NZDCAD,D,long,BULL_STRONG,2018-06-12 05:00:00+00:00,2018-06-13 01:00:00+00:00,0.91433,0.9110093125,-1.0945844994148106,-0.005472922497074053,5,SL,False
CADCHF,D,short,BEAR_STRONG,2018-06-12 09:00:00+00:00,2018-06-14 13:00:00+00:00,0.75685,0.7622477083333333,-1.0336589168293955,-0.005168294584146978,13,SL,False
GBPNZD,D,short,BEAR_STRONG,2018-06-13 09:00:00+00:00,2018-06-13 17:00:00+00:00,1.89481,1.9076565499999998,-1.0343368976574867,-0.005171684488287433,2,SL,False
NZDCAD,D,long,BULL_STRONG,2018-06-13 09:00:00+00:00,2018-06-13 17:00:00+00:00,0.91627,0.9110093125,-1.0585928325005216,-0.005292964162502608,2,SL,False
NZDCAD,D,long,BULL_STRONG,2018-06-14 17:00:00+00:00,2018-06-15 05:00:00+00:00,0.91431,0.9110093125,-1.0951878461200624,-0.005475939230600312,3,SL,False
CADCHF,D,short,BEAR_STRONG,2018-06-18 01:00:00+00:00,2018-06-19 05:00:00+00:00,0.75621,0.7504324241071431,1.667192073779496,0.00833596036889748,7,TP2,True
NZDCAD,D,long,BULL_STRONG,2018-06-18 13:00:00+00:00,2018-06-20 21:00:00+00:00,0.91659,0.9112141250000001,-1.0765140538334113,-0.005382570269167056,14,SL,False
AUDNZD,D,short,BEAR_STRONG,2018-06-18 21:00:00+00:00,2018-06-20 09:00:00+00:00,1.06925,1.0740741666666664,-1.0579470008952592,-0.005289735004476296,9,SL,False
EURCAD,D,long,BULL_STRONG,2018-06-19 01:00:00+00:00,2018-06-19 05:00:00+00:00,1.53776,1.5290406125,-1.045065965251897,-0.005225329826259485,1,SL,False
CL,D,short,BEAR_STRONG,2018-06-19 02:00:00+00:00,2018-06-20 14:00:00+00:00,65.145,66.13675416666666,-1.020692617129012,-0.00510346308564506,9,SL,False
GBPCAD,D,long,BULL_STRONG,2018-06-19 05:00:00+00:00,2018-06-22 05:00:00+00:00,1.74577,1.7656796732142856,1.691309194973114,0.008456545974865571,18,TP2,True
GBPCHF,D,short,BEAR_STRONG,2018-06-19 05:00:00+00:00,2018-06-21 13:00:00+00:00,1.31331,1.31348,0.6531677671193095,0.0032658388355965473,14,BE_STOP,True
RTY,D,long,BULL_STRONG,2018-06-19 18:00:00+00:00,2018-06-21 14:00:00+00:00,1699.4499999999998,1699.3,0.7084272903884622,0.0035421364519423112,11,BE_STOP,True
EURCAD,D,long,BULL_STRONG,2018-06-19 21:00:00+00:00,2018-06-22 09:00:00+00:00,1.53826,1.5558276526785713,1.6529307165027123,0.008264653582513562,15,TP2,True
NQ,D,long,BULL_STRONG,2018-06-20 18:00:00+00:00,2018-06-21 18:00:00+00:00,7314.125,7229.935937499999,-1.0114554762215469,-0.0050572773811077346,6,SL,False
GBPCHF,D,short,BEAR_STRONG,2018-06-21 17:00:00+00:00,2018-06-29 01:00:00+00:00,1.31329,1.3032085571428569,1.7186036203158408,0.008593018101579204,32,TP2,True
CADJPY,D,short,BEAR_STRONG,2018-06-25 05:00:00+00:00,2018-06-27 13:00:00+00:00,82.361,83.02139374999999,-1.0288012434065397,-0.005144006217032699,14,SL,False
NZDCHF,D,short,BEAR_STRONG,2018-06-25 13:00:00+00:00,2018-06-28 05:00:00+00:00,0.67969,0.6744988883928572,1.605502138156961,0.008027510690784804,16,TP2,True
AUDCAD,D,long,BULL_STRONG,2018-06-26 09:00:00+00:00,2018-06-27 13:00:00+00:00,0.98553,0.9800942791666667,-1.0679819936016999,-0.005339909968008499,7,SL,False
SI,D,short,BEAR_STRONG,2018-06-27 02:00:00+00:00,2018-06-28 14:00:00+00:00,16.1925,15.987761160714285,1.226555304989466,0.00613277652494733,9,TP2,True
AUDJPY,D,short,BEAR_STRONG,2018-06-27 21:00:00+00:00,2018-06-29 01:00:00+00:00,80.789,81.37404791666667,-1.041036080436282,-0.00520518040218141,7,SL,False
YM,D,short,BEAR_STRONG,2018-07-02 06:00:00+00:00,2018-07-02 22:00:00+00:00,24112.5,24303.486249999998,-1.0180962998634466,-0.005090481499317233,4,SL,False
HG,D,short,BEAR_STRONG,2018-07-02 06:00:00+00:00,2018-07-04 10:00:00+00:00,2.94875,2.8750447767857157,1.646346039855956,0.00823173019927978,13,TP2,True
GBPCHF,D,short,BEAR_STRONG,2018-07-02 21:00:00+00:00,2018-07-04 05:00:00+00:00,1.30512,1.3112628541666667,-1.0506821013125367,-0.005253410506562683,8,SL,False
EURAUD,D,long,BULL_STRONG,2018-07-03 01:00:00+00:00,2018-07-03 05:00:00+00:00,1.58509,1.5770570166666666,-1.049842735687684,-0.00524921367843842,1,SL,False
EURAUD,D,long,BULL_STRONG,2018-07-05 01:00:00+00:00,2018-07-05 09:00:00+00:00,1.58131,1.58114,0.6020975103988354,0.003010487551994177,2,BE_STOP,True
EURAUD,D,long,BULL_STRONG,2018-07-05 13:00:00+00:00,2018-07-09 01:00:00+00:00,1.58365,1.5770570166666666,-1.06877037928896,-0.0053438518964448005,9,SL,False
CHFJPY,D,long,BULL_STRONG,2018-07-09 01:00:00+00:00,2018-07-12 01:00:00+00:00,111.75699999999999,112.65899107142853,1.5916265700862913,0.007958132850431456,18,TP2,True
PA,D,short,BEAR_STRONG,2018-07-11 10:00:00+00:00,2018-07-12 14:00:00+00:00,931.175,942.1487931034483,-1.0183885892281042,-0.005091942946140521,7,SL,False
EURAUD,D,long,BULL_STRONG,2018-07-11 21:00:00+00:00,2018-07-12 09:00:00+00:00,1.58505,1.57890995,-1.0656455138566667,-0.005328227569283334,3,SL,False
CL,D,long,BULL_STRONG,2018-07-23 10:00:00+00:00,2018-07-23 14:00:00+00:00,69.185,67.91052083333334,-1.0163041998180469,-0.005081520999090234,1,SL,False
AUDCAD,D,short,BEAR_STRONG,2018-07-23 13:00:00+00:00,2018-07-24 13:00:00+00:00,0.97103,0.9751183333333333,-1.065319659719269,-0.005326598298596345,6,SL,False
NZDJPY,D,short,BEAR_STRONG,2018-07-23 13:00:00+00:00,2018-07-31 13:00:00+00:00,75.62100000000001,76.08453125000001,-0.9945959885226306,-0.004972979942613153,36,SL,False
ES,D,long,BULL_STRONG,2018-07-23 22:00:00+00:00,2018-07-27 14:00:00+00:00,2817.875,2817.5,0.6808496281125433,0.0034042481405627168,22,BE_STOP,True
NQ,D,long,BULL_STRONG,2018-07-23 22:00:00+00:00,2018-07-24 14:00:00+00:00,7442.625,7386.9003125,-1.0175323483081995,-0.005087661741540997,4,SL,False
EURAUD,D,long,BULL_STRONG,2018-07-24 01:00:00+00:00,2018-07-24 13:00:00+00:00,1.58447,1.5772545208333333,-1.055613790166862,-0.00527806895083431,3,SL,False
CL,D,long,BULL_STRONG,2018-07-24 22:00:00+00:00,2018-07-31 10:00:00+00:00,68.885,68.87,0.7090811334274225,0.0035454056671371127,27,BE_STOP,True
NQ,D,long,BULL_STRONG,2018-07-25 10:00:00+00:00,2018-07-25 22:00:00+00:00,7437.625,7437.25,0.7214246488620213,0.0036071232443101067,3,BE_STOP,True
AUDCAD,D,short,BEAR_STRONG,2018-07-25 13:00:00+00:00,2018-07-27 09:00:00+00:00,0.97105,0.9634767857142856,1.6229782324558764,0.008114891162279382,11,TP2,True
NZDCHF,D,short,BEAR_STRONG,2018-07-31 09:00:00+00:00,2018-08-09 01:00:00+00:00,0.67297,0.6680994455357143,1.6123921443389393,0.008061960721694697,40,TP2,True
GBPCHF,D,short,BEAR_STRONG,2018-07-31 13:00:00+00:00,2018-08-02 09:00:00+00:00,1.29893,1.3038310499999999,-1.063801946713733,-0.0053190097335686646,11,SL,False
USDCAD,D,short,BEAR_STRONG,2018-08-01 01:00:00+00:00,2018-08-07 17:00:00+00:00,1.3019299999999998,1.3069286458333336,-1.031020816161987,-0.005155104080809935,28,SL,False
CADCHF,D,long,BULL_STRONG,2018-08-06 13:00:00+00:00,2018-08-07 13:00:00+00:00,0.7666,0.7645547791666666,-1.1745522416248748,-0.005872761208124374,6,SL,False
EURGBP,D,long,BULL_STRONG,2018-08-07 01:00:00+00:00,2018-08-08 01:00:00+00:00,0.89296,0.8965741125000001,1.468841088742642,0.00734420544371321,6,TP2,True
PA,D,short,BEAR_STRONG,2018-08-09 14:00:00+00:00,2018-08-15 10:00:00+00:00,895.575,867.0707946428571,1.7649262926149842,0.008824631463074922,23,TP2,True
NG,D,long,BULL_STRONG,2018-08-14 14:00:00+00:00,2018-08-14 22:00:00+00:00,2.9635000000000002,2.93802625,-1.0724575838156336,-0.005362287919078168,2,SL,False
PA,D,short,BEAR_STRONG,2018-08-16 22:00:00+00:00,2018-08-20 10:00:00+00:00,871.975,901.935625,-1.0065276996878731,-0.005032638498439366,9,SL,False
EURAUD,D,short,BEAR_STRONG,2018-08-20 05:00:00+00:00,2018-08-20 21:00:00+00:00,1.56091,1.5672912458333335,-1.0625522496493252,-0.0053127612482466256,4,SL,False
CADCHF,D,long,BULL_STRONG,2018-08-20 09:00:00+00:00,2018-08-21 13:00:00+00:00,0.76011,0.7564946124999999,-1.0947398224437754,-0.005473699112218878,7,SL,False
EURGBP,D,long,BULL_STRONG,2018-08-20 13:00:00+00:00,2018-08-21 09:00:00+00:00,0.89633,0.89616,0.5670473960959457,0.0028352369804797283,5,BE_STOP,True
AUDNZD,D,long,BULL_STRONG,2018-08-20 17:00:00+00:00,2018-08-21 13:00:00+00:00,1.10462,1.1011469708333332,-1.098287597117293,-0.005491437985586465,5,SL,False
EURGBP,D,long,BULL_STRONG,2018-08-21 17:00:00+00:00,2018-08-24 13:00:00+00:00,0.89697,0.9034334714285714,1.5501111965947725,0.007750555982973862,17,TP2,True
EURNZD,D,long,BULL_STRONG,2018-08-22 13:00:00+00:00,2018-08-27 13:00:00+00:00,1.73134,1.7425934026785714,1.7183345003722121,0.008591672501861061,18,TP2,True
GBPCHF,D,short,BEAR_STRONG,2018-08-23 21:00:00+00:00,2018-08-29 13:00:00+00:00,1.26297,1.2534238839285712,1.6303942581500117,0.008151971290750059,22,TP2,True
RTY,D,long,BULL_STRONG,2018-08-27 14:00:00+00:00,2018-09-04 14:00:00+00:00,1732.4499999999998,1721.0737500000002,-1.0257072486359977,-0.005128536243179989,35,SL,False
GBPCAD,D,short,BEAR_STRONG,2018-08-28 05:00:00+00:00,2018-08-29 13:00:00+00:00,1.67163,1.6718,0.663922063355944,0.00331961031677972,8,BE_STOP,True
NZDCHF,D,short,BEAR_STRONG,2018-08-28 21:00:00+00:00,2018-08-30 01:00:00+00:00,0.65559,0.6504395892857142,1.5053074688506338,0.007526537344253169,7,TP2,True
GBPCHF,D,short,BEAR_STRONG,2018-08-29 13:00:00+00:00,2018-09-02 21:00:00+00:00,1.26375,1.2535643714285714,1.707395740965707,0.008536978704828535,14,TP2,True
EURCHF,D,short,BEAR_STRONG,2018-08-29 21:00:00+00:00,2018-08-30 21:00:00+00:00,1.13603,1.1303844008928574,1.55149443281889,0.00775747216409445,6,TP2,True
GBPNZD,D,long,BULL_STRONG,2018-09-06 09:00:00+00:00,2018-09-07 13:00:00+00:00,1.96207,1.9793354749999998,1.923938830391383,0.009619694151956916,7,TP2,True
EURNZD,D,long,BULL_STRONG,2018-09-10 01:00:00+00:00,2018-09-19 21:00:00+00:00,1.77177,1.7628471875,-1.087748686493627,-0.005438743432468135,47,SL,False
CHFJPY,D,long,BULL_STRONG,2018-09-13 01:00:00+00:00,2018-09-13 17:00:00+00:00,114.907,115.79551071428573,1.6370497097692733,0.008185248548846367,4,TP2,True
YM,D,long,BULL_STRONG,2018-09-13 14:00:00+00:00,2018-09-19 14:00:00+00:00,26132.5,26457.420597290642,1.755845138005733,0.008779225690028664,24,TP2,True
EURCHF,D,short,BEAR_STRONG,2018-09-17 05:00:00+00:00,2018-09-19 05:00:00+00:00,1.12459,1.128973625,-1.053977893144265,-0.005269889465721325,12,SL,False
EURGBP,D,short,BEAR_STRONG,2018-09-17 13:00:00+00:00,2018-09-19 09:00:00+00:00,0.88866,0.8917162833333332,-1.0846806677561163,-0.005423403338780581,11,SL,False
GBPNZD,D,long,BULL_STRONG,2018-09-17 21:00:00+00:00,2018-09-18 01:00:00+00:00,2.0006500000000003,1.9943893124999998,-1.0738982257750003,-0.0053694911288750015,1,SL,False
NZDCHF,D,short,BEAR_STRONG,2018-09-17 21:00:00+00:00,2018-09-18 21:00:00+00:00,0.63237,0.6359953125000001,-1.0603510681016544,-0.005301755340508272,6,SL,False
CADCHF,D,short,BEAR_STRONG,2018-09-18 09:00:00+00:00,2018-09-18 13:00:00+00:00,0.73893,0.74186635,-1.0988487356986647,-0.005494243678493323,1,SL,False
EURGBP,D,short,BEAR_STRONG,2018-09-20 21:00:00+00:00,2018-09-21 05:00:00+00:00,0.88749,0.8917162833333332,-1.0725414316061124,-0.005362707158030562,2,SL,False
USDJPY,D,long,BULL_STRONG,2018-09-24 01:00:00+00:00,2018-09-27 05:00:00+00:00,112.599,112.59,0.6377035103349986,0.003188517551674993,19,BE_STOP,True
AUDJPY,D,long,BULL_STRONG,2018-09-24 09:00:00+00:00,2018-09-26 21:00:00+00:00,81.80499999999999,81.788,0.5798037985960572,0.0028990189929802863,15,BE_STOP,True
PA,D,long,BULL_STRONG,2018-09-24 22:00:00+00:00,2018-09-27 10:00:00+00:00,1052.125,1052.0,0.7194624464640132,0.0035973122323200665,15,BE_STOP,True
NQ,D,long,BULL_STRONG,2018-09-25 10:00:00+00:00,2018-09-30 22:00:00+00:00,7576.875,7687.08203125,1.7624376083443516,0.008812188041721758,21,TP2,True
AUDJPY,D,long,BULL_STRONG,2018-10-01 01:00:00+00:00,2018-10-02 05:00:00+00:00,82.207,81.804015,-1.0868142026244458,-0.005434071013122229,7,SL,False
NZDJPY,D,long,BULL_STRONG,2018-10-01 01:00:00+00:00,2018-10-02 05:00:00+00:00,75.356,75.01728750000001,-1.1011767960523664,-0.005505883980261832,7,SL,False
YM,D,long,BULL_STRONG,2018-10-01 02:00:00+00:00,2018-10-03 10:00:00+00:00,26648.5,26929.645089285714,1.7384242139120811,0.008692121069560407,14,TP2,True
NKD,D,long,BULL_STRONG,2018-10-01 02:00:00+00:00,2018-10-04 02:00:00+00:00,24307.5,23982.416666666668,-1.0297389661506167,-0.005148694830753083,18,SL,False
ES,D,long,BULL_STRONG,2018-10-01 02:00:00+00:00,2018-10-01 18:00:00+00:00,2934.375,2924.0833333333335,-1.0614873949579842,-0.005307436974789921,4,SL,False
NG,D,long,BULL_STRONG,2018-10-01 14:00:00+00:00,2018-10-03 14:00:00+00:00,3.1075,3.2344174107142853,1.7020658232584196,0.008510329116292098,12,TP2,True
EURCHF,D,long,BULL_STRONG,2018-10-01 21:00:00+00:00,2018-10-02 05:00:00+00:00,1.13935,1.1334481250000001,-1.0574871224512061,-0.005287435612256031,2,SL,False
ES,D,long,BULL_STRONG,2018-10-03 02:00:00+00:00,2018-10-03 18:00:00+00:00,2931.625,2931.25,0.599542325581408,0.00299771162790704,4,BE_STOP,True
YM,D,long,BULL_STRONG,2018-10-04 22:00:00+00:00,2018-10-05 14:00:00+00:00,26703.5,26509.59375,-1.0188989702777327,-0.005094494851388663,4,SL,False
EURUSD,D,short,BEAR_STRONG,2018-10-08 09:00:00+00:00,2018-10-10 13:00:00+00:00,1.14627,1.1519885291666667,-1.033841487600028,-0.00516920743800014,13,SL,False
NG,D,long,BULL_STRONG,2018-10-11 06:00:00+00:00,2018-10-11 14:00:00+00:00,3.2555,3.164522916666667,-1.0196747584344228,-0.005098373792172114,2,SL,False
NG,D,long,BULL_STRONG,2018-10-11 18:00:00+00:00,2018-10-12 10:00:00+00:00,3.2365,3.164522916666667,-1.0249573324662282,-0.005124786662331141,4,SL,False
PA,D,long,BULL_STRONG,2018-10-15 18:00:00+00:00,2018-10-18 06:00:00+00:00,1078.325,1061.1144583333332,-1.0123651918166674,-0.005061825959083337,15,SL,False
AUDCHF,D,long,BULL_STRONG,2018-10-16 17:00:00+00:00,2018-10-22 21:00:00+00:00,0.70763,0.70373625,-1.1259666196710305,-0.005629833098355153,25,SL,False
USDCHF,D,long,BULL_STRONG,2018-10-17 21:00:00+00:00,2018-10-25 13:00:00+00:00,0.99471,1.0010834464285712,1.6405865752438,0.008202932876219,34,TP2,True
EURCHF,D,long,BULL_STRONG,2018-10-22 05:00:00+00:00,2018-10-22 13:00:00+00:00,1.14823,1.1433128875,-1.0696743968043734,-0.005348371984021867,2,SL,False
AUDUSD,D,short,BEAR_STRONG,2018-10-22 09:00:00+00:00,2018-10-26 13:00:00+00:00,0.71005,0.71014,0.7011688610956579,0.0035058443054782895,25,BE_STOP,True
ES,D,short,BEAR_STRONG,2018-10-23 02:00:00+00:00,2018-10-24 22:00:00+00:00,2728.125,2659.81125,1.705452022678884,0.00852726011339442,11,TP2,True
CHFJPY,D,short,BEAR_STRONG,2018-10-23 09:00:00+00:00,2018-10-30 05:00:00+00:00,112.60300000000001,112.62,0.6913964290013432,0.003456982145006716,29,BE_STOP,True
NQ,D,short,BEAR_STRONG,2018-10-23 14:00:00+00:00,2018-10-24 02:00:00+00:00,7059.625,7174.426458333333,-1.0082128732610283,-0.005041064366305141,3,SL,False
DAX,D,short,BEAR_STRONG,2018-10-23 14:00:00+00:00,2018-11-01 07:00:00+00:00,11321.25,11551.111874999999,-1.0072266005417658,-0.00503613300270883,26,SL,False
YM,D,short,BEAR_STRONG,2018-10-24 02:00:00+00:00,2018-10-24 22:00:00+00:00,25182.5,24640.908660714285,1.851166488492035,0.009255832442460175,5,TP2,True
EURCAD,D,short,BEAR_STRONG,2018-10-24 09:00:00+00:00,2018-10-24 17:00:00+00:00,1.49345,1.4840857455357144,1.7135917631471778,0.008567958815735889,2,TP2,True
PA,D,long,BULL_STRONG,2018-10-25 14:00:00+00:00,2018-10-26 06:00:00+00:00,1087.525,1069.6005,-1.0119105592853732,-0.0050595527964268664,4,SL,False
AUDCHF,D,long,BULL_STRONG,2018-10-29 05:00:00+00:00,2018-11-01 01:00:00+00:00,0.70917,0.7170901098214285,1.6208078276029911,0.008104039138014956,17,TP2,True
EURNZD,D,short,BEAR_STRONG,2018-10-29 09:00:00+00:00,2018-11-01 09:00:00+00:00,1.74043,1.719947575892857,1.701136219559722,0.00850568109779861,18,TP2,True
USDCHF,D,long,BULL_STRONG,2018-10-29 09:00:00+00:00,2018-10-31 17:00:00+00:00,1.0002400000000002,1.00864696875,1.682431760302516,0.00841215880151258,14,TP2,True
NZDCHF,D,long,BULL_STRONG,2018-10-29 09:00:00+00:00,2018-10-30 21:00:00+00:00,0.65437,0.6598744464285713,1.6592716929743356,0.008296358464871678,9,TP2,True
NQ,D,short,BEAR_STRONG,2018-10-30 06:00:00+00:00,2018-10-31 10:00:00+00:00,6755.625,6909.334895833333,-1.005970265248656,-0.00502985132624328,7,SL,False
YM,D,short,BEAR_STRONG,2018-10-30 06:00:00+00:00,2018-10-30 18:00:00+00:00,24502.5,24744.196249999997,-1.0144057203224448,-0.005072028601612224,3,SL,False
NG,D,long,BULL_STRONG,2018-10-31 06:00:00+00:00,2018-11-01 14:00:00+00:00,3.2285,3.227,0.6719265095623476,0.003359632547811738,8,BE_STOP,True
USDJPY,D,long,BULL_STRONG,2018-10-31 13:00:00+00:00,2018-11-08 18:00:00+00:00,112.93900000000001,114.03893035714292,1.6688002703633604,0.008344001351816802,37,TP2,True
PL,D,long,BULL_STRONG,2018-10-31 14:00:00+00:00,2018-11-01 06:00:00+00:00,839.65,850.509919642857,1.8879945482876992,0.009439972741438497,4,TP2,True
CL,D,short,BEAR_STRONG,2018-10-31 14:00:00+00:00,2018-11-01 18:00:00+00:00,65.655,63.52108214285716,1.8254079332932764,0.009127039666466382,7,TP2,True
PA,D,long,BULL_STRONG,2018-11-06 11:00:00+00:00,2018-11-09 15:00:00+00:00,1092.925,1092.8,0.7278697759570187,0.003639348879785094,19,BE_STOP,True
CL,D,short,BEAR_STRONG,2018-11-12 11:00:00+00:00,2018-11-13 15:00:00+00:00,60.765,58.195286607142855,1.7808393684856583,0.008904196842428292,7,TP2,True
NZDCAD,D,long,BULL_STRONG,2018-11-13 06:00:00+00:00,2018-11-14 22:00:00+00:00,0.89262,0.9007908375,1.5875156886569821,0.007937578443284911,10,TP2,True
NZDCHF,D,long,BULL_STRONG,2018-11-13 06:00:00+00:00,2018-11-15 18:00:00+00:00,0.68175,0.6871911437499997,1.6062638683651482,0.008031319341825742,15,TP2,True
EURGBP,D,short,BEAR_STRONG,2018-11-13 14:00:00+00:00,2018-11-14 10:00:00+00:00,0.86839,0.8727840708333334,-1.0690269201214855,-0.005345134600607427,5,SL,False
USDCHF,D,long,BULL_STRONG,2018-11-14 14:00:00+00:00,2018-11-15 14:00:00+00:00,1.0075100000000001,1.003643925,-1.0691330018604361,-0.005345665009302181,6,SL,False
GBPAUD,D,short,BEAR_STRONG,2018-11-14 14:00:00+00:00,2018-11-15 10:00:00+00:00,1.79436,1.7620566107142854,1.7190221213296544,0.008595110606648273,5,TP2,True
AUDCAD,D,long,BULL_STRONG,2018-11-15 14:00:00+00:00,2018-11-23 10:00:00+00:00,0.95921,0.9531633666666666,-1.0943209093642041,-0.0054716045468210205,35,SL,False
PL,D,long,BULL_STRONG,2018-11-19 23:00:00+00:00,2018-11-20 11:00:00+00:00,854.85,845.3519583333332,-1.0344276130532135,-0.0051721380652660675,3,SL,False
NZDCAD,D,long,BULL_STRONG,2018-11-20 18:00:00+00:00,2018-11-22 14:00:00+00:00,0.90368,0.8983483083333333,-1.0671320997799496,-0.005335660498899748,11,SL,False
EURCHF,D,short,BEAR_STRONG,2018-11-21 10:00:00+00:00,2018-11-28 14:00:00+00:00,1.13393,1.126839458928572,1.6354525988874298,0.008177262994437148,31,TP2,True
CL,D,short,BEAR_STRONG,2018-11-21 15:00:00+00:00,2018-11-23 07:00:00+00:00,55.055,51.76084107142858,1.8357781418903532,0.009178890709451767,9,TP2,True
PL,D,long,BULL_STRONG,2018-11-22 23:00:00+00:00,2018-11-23 07:00:00+00:00,850.35,845.3519583333332,-1.066980878081312,-0.00533490439040656,2,SL,False
USDCAD,D,long,BULL_STRONG,2018-11-26 22:00:00+00:00,2018-11-28 14:00:00+00:00,1.32637,1.3349996410714282,1.7545243131608204,0.008772621565804103,10,TP2,True
AUDJPY,D,long,BULL_STRONG,2018-11-27 06:00:00+00:00,2018-11-28 18:00:00+00:00,82.207,82.93977741071427,1.6593507296797936,0.008296753648398969,9,TP2,True
NZDJPY,D,long,BULL_STRONG,2018-11-27 22:00:00+00:00,2018-11-28 18:00:00+00:00,77.211,77.92907187500002,1.6801806027637871,0.008400903013818935,5,TP2,True
USDCAD,D,long,BULL_STRONG,2018-11-28 14:00:00+00:00,2018-12-03 02:00:00+00:00,1.32763,1.3223411916666665,-1.0646048437382556,-0.005323024218691278,15,SL,False
GBPAUD,D,short,BEAR_STRONG,2018-11-29 02:00:00+00:00,2018-12-02 22:00:00+00:00,1.75447,1.7366516767857145,1.7746267736250592,0.008873133868125296,11,TP2,True
GBPCAD,D,short,BEAR_STRONG,2018-12-04 06:00:00+00:00,2018-12-05 10:00:00+00:00,1.68613,1.6984004208333332,-1.0294252741209762,-0.005147126370604881,7,SL,False
EURAUD,D,short,BEAR_STRONG,2018-12-04 22:00:00+00:00,2018-12-05 10:00:00+00:00,1.54908,1.5573457249999998,-1.0477870975113426,-0.005238935487556713,3,SL,False
GBPAUD,D,short,BEAR_STRONG,2018-12-04 22:00:00+00:00,2018-12-05 06:00:00+00:00,1.73627,1.7483037458333335,-1.0348184971090144,-0.005174092485545072,2,SL,False
CADCHF,D,short,BEAR_STRONG,2018-12-05 18:00:00+00:00,2018-12-06 14:00:00+00:00,0.74677,0.7394760285714287,1.5805588136353508,0.007902794068176754,5,TP2,True
RTY,D,short,BEAR_STRONG,2018-12-06 15:00:00+00:00,2018-12-17 11:00:00+00:00,1466.65,1399.4548392857141,1.731691726045805,0.008658458630229024,41,TP2,True
GBPCHF,D,short,BEAR_STRONG,2018-12-06 22:00:00+00:00,2018-12-10 10:00:00+00:00,1.2678,1.2554006874999997,1.663297234248664,0.00831648617124332,9,TP2,True
USDJPY,D,short,BEAR_STRONG,2018-12-10 02:00:00+00:00,2018-12-10 10:00:00+00:00,112.461,112.810425,-1.0726871998237515,-0.005363435999118758,2,SL,False
CHFJPY,D,long,BULL_STRONG,2018-12-10 06:00:00+00:00,2018-12-10 18:00:00+00:00,113.917,114.44431785714286,1.788979336957656,0.00894489668478828,3,TP2,True
EURCHF,D,short,BEAR_STRONG,2018-12-10 06:00:00+00:00,2018-12-10 18:00:00+00:00,1.12923,1.1256926714285715,1.5536264754054747,0.007768132377027373,3,TP2,True
PL,D,short,BEAR_STRONG,2018-12-10 19:00:00+00:00,2018-12-12 11:00:00+00:00,785.05,792.8960416666666,-1.0411798689010174,-0.005205899344505088,10,SL,False
PA,D,long,BULL_STRONG,2018-12-11 11:00:00+00:00,2018-12-14 11:00:00+00:00,1182.225,1164.2895416666665,-1.0123285990674955,-0.005061642995337477,18,SL,False
GBPJPY,D,short,BEAR_STRONG,2018-12-12 18:00:00+00:00,2018-12-20 18:00:00+00:00,143.03300000000002,140.6110214285715,1.7357466544258973,0.008678733272129487,36,TP2,True
GBPUSD,D,short,BEAR_STRONG,2018-12-12 18:00:00+00:00,2018-12-24 14:00:00+00:00,1.2626799999999998,1.2739146875,-1.0050943734402733,-0.005025471867201366,47,SL,False
CHFJPY,D,long,BULL_STRONG,2018-12-12 22:00:00+00:00,2018-12-14 14:00:00+00:00,114.187,113.69021666666667,-1.0791736130892335,-0.005395868065446167,10,SL,False
EURCHF,D,short,BEAR_STRONG,2018-12-13 06:00:00+00:00,2018-12-14 18:00:00+00:00,1.12873,1.1289,0.5201323690211976,0.0026006618451059884,9,BE_STOP,True
ES,D,short,BEAR_STRONG,2018-12-17 07:00:00+00:00,2018-12-18 19:00:00+00:00,2602.375,2537.436495535714,1.7317858735372096,0.008658929367686048,9,TP2,True
NQ,D,short,BEAR_STRONG,2018-12-17 07:00:00+00:00,2018-12-17 19:00:00+00:00,6606.125,6440.294821428571,1.8537556877101051,0.009268778438550526,3,TP2,True
YM,D,short,BEAR_STRONG,2018-12-17 07:00:00+00:00,2018-12-19 19:00:00+00:00,24103.5,23484.546875,1.7471262431447423,0.008735631215723712,15,TP2,True
AUDJPY,D,short,BEAR_STRONG,2018-12-17 18:00:00+00:00,2018-12-19 18:00:00+00:00,80.971,80.24000491071428,1.630451091830592,0.00815225545915296,12,TP2,True
DAX,D,short,BEAR_STRONG,2018-12-17 20:00:00+00:00,2018-12-27 08:00:00+00:00,10720.25,10452.481919642858,1.738912847120972,0.00869456423560486,27,TP2,True
NQ,D,short,BEAR_STRONG,2018-12-19 11:00:00+00:00,2018-12-19 23:00:00+00:00,6573.375,6346.634107142856,1.8004770844689377,0.009002385422344689,3,TP2,True
EURCAD,D,long,BULL_STRONG,2018-12-24 14:00:00+00:00,2018-12-26 14:00:00+00:00,1.55217,1.5442762291666665,-1.056617914932526,-0.00528308957466263,6,SL,False
NG,D,short,BEAR_STRONG,2018-12-24 15:00:00+00:00,2018-12-31 19:00:00+00:00,3.4575,2.9486726785714286,1.7583371682290216,0.008791685841145109,24,TP2,True
HG,D,short,BEAR_STRONG,2018-12-26 03:00:00+00:00,2018-12-26 11:00:00+00:00,2.65825,2.6830906249999997,-1.0620017485759792,-0.005310008742879896,2,SL,False
EURCAD,D,long,BULL_STRONG,2018-12-27 10:00:00+00:00,2019-01-02 14:00:00+00:00,1.55412,1.5442762291666665,-1.0555705535371633,-0.005277852767685816,19,SL,False
EURNZD,D,long,BULL_STRONG,2018-12-27 10:00:00+00:00,2019-01-02 22:00:00+00:00,1.69953,1.6892251249999999,-1.0550509207069645,-0.005275254603534823,21,SL,False
GBPCHF,D,short,BEAR_STRONG,2018-12-27 10:00:00+00:00,2018-12-31 06:00:00+00:00,1.24816,1.25439225,-1.0486193080127018,-0.005243096540063509,11,SL,False
USDCHF,D,short,BEAR_STRONG,2018-12-27 14:00:00+00:00,2019-01-02 10:00:00+00:00,0.98773,0.98782,0.6905175916666049,0.0034525879583330245,17,BE_STOP,True
USDJPY,D,short,BEAR_STRONG,2018-12-31 10:00:00+00:00,2019-01-02 06:00:00+00:00,110.021,109.19402901785713,1.799733301955011,0.008998666509775056,5,TP2,True
CADJPY,D,short,BEAR_STRONG,2018-12-31 10:00:00+00:00,2019-01-02 22:00:00+00:00,80.66900000000001,79.51660033482145,1.6494512701929802,0.008247256350964901,9,TP2,True
HG,D,short,BEAR_STRONG,2018-12-31 15:00:00+00:00,2019-01-03 15:00:00+00:00,2.6367499999999997,2.5531699922360245,1.656674641834051,0.008283373209170256,12,TP2,True
GBPJPY,D,short,BEAR_STRONG,2018-12-31 18:00:00+00:00,2019-01-02 10:00:00+00:00,139.81300000000002,138.6840915178572,1.918510205875521,0.009592551029377606,4,TP2,True
CHFJPY,D,short,BEAR_STRONG,2019-01-02 02:00:00+00:00,2019-01-02 18:00:00+00:00,111.35300000000001,110.18654575892859,1.7021452865243265,0.008510726432621633,4,TP2,True
AUDCHF,D,short,BEAR_STRONG,2019-01-02 06:00:00+00:00,2019-01-03 10:00:00+00:00,0.68997,0.69014,0.6515510216662592,0.0032577551083312964,7,BE_STOP,True
GBPAUD,D,long,BULL_STRONG,2019-01-02 22:00:00+00:00,2019-01-04 14:00:00+00:00,1.80905,1.792456203125,-1.0288159311517302,-0.005144079655758651,10,SL,False
GBPNZD,D,long,BULL_STRONG,2019-01-02 22:00:00+00:00,2019-01-04 14:00:00+00:00,1.89225,1.8842483437500002,-1.0619172987833851,-0.005309586493916925,10,SL,False
EURCHF,D,short,BEAR_STRONG,2019-01-03 06:00:00+00:00,2019-01-03 14:00:00+00:00,1.12197,1.127278125,-1.0636566451769864,-0.005318283225884932,2,SL,False
NZDUSD,D,short,BEAR_STRONG,2019-01-03 22:00:00+00:00,2019-01-04 14:00:00+00:00,0.6693199999999999,0.6725739843749999,-1.0580612222524124,-0.005290306111262062,4,SL,False
NZDCHF,D,short,BEAR_STRONG,2019-01-03 22:00:00+00:00,2019-01-04 14:00:00+00:00,0.66001,0.6654389999999999,-1.0498956835900377,-0.0052494784179501885,4,SL,False
EURCHF,D,short,BEAR_STRONG,2019-01-03 22:00:00+00:00,2019-01-09 14:00:00+00:00,1.1246099999999999,1.12478,0.5939047685764303,0.002969523842882151,22,BE_STOP,True
EURAUD,D,long,BULL_STRONG,2019-01-03 22:00:00+00:00,2019-01-04 10:00:00+00:00,1.62547,1.6151512708333333,-1.0391739491192455,-0.005195869745596228,3,SL,False
USDCHF,D,short,BEAR_STRONG,2019-01-08 10:00:00+00:00,2019-01-09 18:00:00+00:00,0.98261,0.9740913281250001,1.731606798161923,0.008658033990809616,8,TP2,True
EURUSD,D,long,BULL_STRONG,2019-01-08 18:00:00+00:00,2019-01-10 02:00:00+00:00,1.1442700000000001,1.1559993515625,1.6704716637410135,0.008352358318705068,8,TP2,True
EURJPY,D,short,BEAR_STRONG,2019-01-15 18:00:00+00:00,2019-01-18 06:00:00+00:00,124.02300000000001,124.80966666666667,-1.031654248592459,-0.005158271242962294,15,SL,False
GBPAUD,D,long,BULL_STRONG,2019-01-16 10:00:00+00:00,2019-01-22 18:00:00+00:00,1.79193,1.8200758044642857,1.732385213059352,0.00866192606529676,26,TP2,True
GBPUSD,D,long,BULL_STRONG,2019-01-16 14:00:00+00:00,2019-01-24 22:00:00+00:00,1.2854500000000002,1.3097493892857142,1.740509465045295,0.008702547325226476,38,TP2,True
NG,D,short,BEAR_STRONG,2019-01-21 07:00:00+00:00,2019-01-23 15:00:00+00:00,3.3064999999999998,3.0239045535714277,1.8975563284045671,0.009487781642022837,13,TP2,True
AUDCAD,D,short,BEAR_STRONG,2019-01-21 10:00:00+00:00,2019-01-23 22:00:00+00:00,0.95081,0.9552741625000002,-1.0472998867648806,-0.005236499433824403,15,SL,False
CHFJPY,D,short,BEAR_STRONG,2019-01-22 14:00:00+00:00,2019-01-23 02:00:00+00:00,109.653,110.09617083333333,-1.0759118585074363,-0.005379559292537182,3,SL,False
USDJPY,D,short,BEAR_STRONG,2019-01-28 06:00:00+00:00,2019-01-30 14:00:00+00:00,109.381,109.67786666666666,-1.0636174386289976,-0.005318087193144988,14,SL,False
USDCHF,D,long,BULL_STRONG,2019-02-04 02:00:00+00:00,2019-02-10 22:00:00+00:00,0.99699,1.002909151785714,1.6498034489396116,0.008249017244698058,29,TP2,True
NKD,D,long,BULL_STRONG,2019-02-04 15:00:00+00:00,2019-02-06 23:00:00+00:00,20892.5,20730.141666666666,-1.0592244524565462,-0.005296122262282731,14,SL,False
YM,D,long,BULL_STRONG,2019-02-04 19:00:00+00:00,2019-02-07 15:00:00+00:00,25171.5,24972.518750000003,-1.017792676519923,-0.005088963382599615,17,SL,False
AUDCHF,D,long,BULL_STRONG,2019-02-05 06:00:00+00:00,2019-02-05 22:00:00+00:00,0.72489,0.7206647499999999,-1.066946452129953,-0.005334732260649765,4,SL,False
USDCHF,D,long,BULL_STRONG,2019-02-11 10:00:00+00:00,2019-02-13 22:00:00+00:00,1.00387,1.0093452,1.7658195910841123,0.008829097955420561,15,TP2,True
EURUSD,D,short,BEAR_STRONG,2019-02-11 10:00:00+00:00,2019-02-14 10:00:00+00:00,1.13095,1.13104,0.6672232852760539,0.0033361164263802697,18,BE_STOP,True
RTY,D,long,BULL_STRONG,2019-02-12 07:00:00+00:00,2019-02-15 11:00:00+00:00,1529.05,1555.1177321428574,1.7330925385342475,0.008665462692671237,19,TP2,True
NQ,D,long,BULL_STRONG,2019-02-18 03:00:00+00:00,2019-02-21 15:00:00+00:00,7073.375,7012.171666666667,-1.015467627476231,-0.005077338137381156,20,SL,False
DAX,D,long,BULL_STRONG,2019-02-18 04:00:00+00:00,2019-03-01 00:00:00+00:00,11298.75,11572.53611607143,1.7447082470820703,0.008723541235410352,53,TP2,True
GBPJPY,D,long,BULL_STRONG,2019-02-18 18:00:00+00:00,2019-02-19 18:00:00+00:00,142.987,144.40650000000005,1.6426715329125725,0.008213357664562862,6,TP2,True
NKD,D,long,BULL_STRONG,2019-02-18 23:00:00+00:00,2019-02-28 07:00:00+00:00,21317.5,21310.0,0.6388856662306033,0.0031944283311530165,44,BE_STOP,True
AUDCAD,D,short,BEAR_STRONG,2019-02-21 06:00:00+00:00,2019-02-21 18:00:00+00:00,0.93721,0.93738,0.5893400877509652,0.0029467004387548263,3,BE_STOP,True
PA,D,long,BULL_STRONG,2019-02-25 03:00:00+00:00,2019-02-25 23:00:00+00:00,1473.425,1512.7116256157628,1.8567394922435951,0.009283697461217976,5,TP2,True
CADJPY,D,long,BULL_STRONG,2019-02-25 06:00:00+00:00,2019-02-26 06:00:00+00:00,84.36699999999999,83.88852416666667,-1.0732679320513279,-0.00536633966025664,6,SL,False
CADCHF,D,long,BULL_STRONG,2019-02-25 06:00:00+00:00,2019-02-25 18:00:00+00:00,0.7617700000000001,0.7581130666666669,-1.079338425359442,-0.0053966921267972106,3,SL,False
USDCAD,D,short,BEAR_STRONG,2019-02-25 10:00:00+00:00,2019-02-25 22:00:00+00:00,1.3153199999999998,1.3198221166666668,-1.0621345310452202,-0.005310672655226101,3,SL,False
NZDJPY,D,long,BULL_STRONG,2019-02-25 14:00:00+00:00,2019-02-27 06:00:00+00:00,76.547,75.98912625,-1.0604883856907377,-0.005302441928453689,10,SL,False
NQ,D,long,BULL_STRONG,2019-02-25 15:00:00+00:00,2019-02-27 15:00:00+00:00,7132.875,7060.973922413793,-1.0132207725058078,-0.005066103862529039,12,SL,False
GBPCHF,D,long,BULL_STRONG,2019-02-25 18:00:00+00:00,2019-02-26 14:00:00+00:00,1.3107,1.3226910214285712,1.6283448886299774,0.008141724443149888,5,TP2,True
EURCHF,D,long,BULL_STRONG,2019-02-26 10:00:00+00:00,2019-02-28 06:00:00+00:00,1.13775,1.134824525,-1.1376477739772617,-0.005688238869886309,11,SL,False
NZDUSD,D,long,BULL_STRONG,2019-02-26 14:00:00+00:00,2019-02-27 10:00:00+00:00,0.68859,0.6865550416666667,-1.0958388654427238,-0.005479194327213619,5,SL,False
YM,D,long,BULL_STRONG,2019-02-26 19:00:00+00:00,2019-03-04 15:00:00+00:00,26017.5,25846.1875,-1.0210903202061097,-0.005105451601030549,23,SL,False
ES,D,long,BULL_STRONG,2019-02-26 19:00:00+00:00,2019-03-04 15:00:00+00:00,2789.375,2789.0,0.6864434972396968,0.003432217486198484,23,BE_STOP,True
NZDCHF,D,long,BULL_STRONG,2019-02-27 02:00:00+00:00,2019-02-27 06:00:00+00:00,0.68999,0.6869320999999999,-1.0923157311541254,-0.005461578655770627,1,SL,False
CADCHF,D,long,BULL_STRONG,2019-02-27 14:00:00+00:00,2019-02-28 06:00:00+00:00,0.76167,0.7581130666666669,-1.0816767774191085,-0.005408383887095543,4,SL,False
CADJPY,D,long,BULL_STRONG,2019-02-27 14:00:00+00:00,2019-03-01 14:00:00+00:00,84.417,84.4,0.6423343461975347,0.0032116717309876737,12,BE_STOP,True
USDJPY,D,long,BULL_STRONG,2019-02-27 18:00:00+00:00,2019-02-28 06:00:00+00:00,110.999,110.66614583333333,-1.0757744149244148,-0.005378872074622074,3,SL,False
NQ,D,long,BULL_STRONG,2019-02-27 19:00:00+00:00,2019-03-07 11:00:00+00:00,7124.125,7060.973922413793,-1.0150523899602102,-0.005075261949801051,34,SL,False
USDCAD,D,short,BEAR_STRONG,2019-02-27 22:00:00+00:00,2019-02-28 10:00:00+00:00,1.3148699999999998,1.3198221166666668,-1.0563708809949297,-0.005281854404974648,3,SL,False
NG,D,long,BULL_STRONG,2019-03-04 03:00:00+00:00,2019-03-06 15:00:00+00:00,2.8435,2.842,0.6532858820765759,0.0032664294103828795,15,BE_STOP,True
DAX,D,long,BULL_STRONG,2019-03-05 00:00:00+00:00,2019-03-07 12:00:00+00:00,11565.25,11469.765000000001,-1.0176832216181984,-0.005088416108090992,15,SL,False
GBPAUD,D,long,BULL_STRONG,2019-03-06 18:00:00+00:00,2019-03-07 14:00:00+00:00,1.87334,1.8605781124999998,-1.0343290551158433,-0.0051716452755792165,5,SL,False
NZDCAD,D,long,BULL_STRONG,2019-03-07 02:00:00+00:00,2019-03-07 14:00:00+00:00,0.91213,0.9079334166666668,-1.0739332022599846,-0.005369666011299923,3,SL,False
NG,D,long,BULL_STRONG,2019-03-07 11:00:00+00:00,2019-03-11 02:00:00+00:00,2.8525,2.8047512500000003,-1.0373674964188238,-0.005186837482094119,10,SL,False
EURGBP,D,short,BEAR_STRONG,2019-03-11 17:00:00+00:00,2019-03-12 09:00:00+00:00,0.85492,0.8602446208333333,-1.0561998271777195,-0.005280999135888598,4,SL,False
CL,D,long,BULL_STRONG,2019-03-12 02:00:00+00:00,2019-03-14 06:00:00+00:00,56.915,58.622408928571424,1.744372518697422,0.00872186259348711,13,TP2,True
GBPCHF,D,long,BULL_STRONG,2019-03-12 05:00:00+00:00,2019-03-12 09:00:00+00:00,1.33307,1.3210682291666667,-1.03014170955672,-0.0051507085477836,1,SL,False
GBPCHF,D,long,BULL_STRONG,2019-03-13 13:00:00+00:00,2019-03-14 09:00:00+00:00,1.32811,1.32794,0.6672796337673733,0.0033363981688368668,5,BE_STOP,True
EURGBP,D,short,BEAR_STRONG,2019-03-14 05:00:00+00:00,2019-03-20 09:00:00+00:00,0.85101,0.8602446208333333,-1.0098339910338228,-0.005049169955169114,25,SL,False
GBPUSD,D,long,BULL_STRONG,2019-03-14 17:00:00+00:00,2019-03-21 09:00:00+00:00,1.3242600000000002,1.3141969166666667,-1.039646354771608,-0.0051982317738580395,28,SL,False
NZDJPY,D,long,BULL_STRONG,2019-03-18 05:00:00+00:00,2019-03-18 21:00:00+00:00,76.579,76.1804525,-1.0726542828874417,-0.005363271414437209,4,SL,False
CL,D,long,BULL_STRONG,2019-03-18 14:00:00+00:00,2019-03-22 14:00:00+00:00,59.415,58.46980833333333,-1.021235623482616,-0.00510617811741308,24,SL,False
EURCAD,D,long,BULL_STRONG,2019-03-18 17:00:00+00:00,2019-03-19 09:00:00+00:00,1.51222,1.5065921041666666,-1.0699373552842026,-0.005349686776421014,4,SL,False
EURCAD,D,long,BULL_STRONG,2019-03-19 17:00:00+00:00,2019-03-22 05:00:00+00:00,1.51265,1.51248,0.6320850402839175,0.0031604252014195877,15,BE_STOP,True
EURJPY,D,long,BULL_STRONG,2019-03-20 01:00:00+00:00,2019-03-21 01:00:00+00:00,126.657,126.26645833333333,-1.1063655906302172,-0.005531827953151086,6,SL,False
AUDNZD,D,short,BEAR_STRONG,2019-03-21 05:00:00+00:00,2019-03-21 17:00:00+00:00,1.03175,1.034693825,-1.113361513433617,-0.005566807567168085,3,SL,False
CHFJPY,D,long,BULL_STRONG,2019-03-21 21:00:00+00:00,2019-03-22 05:00:00+00:00,111.557,111.144575,-1.0824884112031248,-0.005412442056015624,2,SL,False
AUDCHF,D,short,BEAR_STRONG,2019-03-25 01:00:00+00:00,2019-03-25 17:00:00+00:00,0.7041499999999999,0.7061801416666666,-1.1443873898493384,-0.005721936949246692,4,SL,False
GBPCAD,D,long,BULL_STRONG,2019-03-25 09:00:00+00:00,2019-03-26 01:00:00+00:00,1.77718,1.7653176166666669,-1.0358186340680482,-0.005179093170340241,4,SL,False
AUDCHF,D,short,BEAR_STRONG,2019-03-27 13:00:00+00:00,2019-03-28 01:00:00+00:00,0.70372,0.7061801416666666,-1.1172507377636787,-0.005586253688818393,3,SL,False
EURGBP,D,short,BEAR_STRONG,2019-03-27 13:00:00+00:00,2019-03-28 09:00:00+00:00,0.851,0.8567462583333333,-1.051851973620305,-0.005259259868101524,5,SL,False
SI,D,short,BEAR_STRONG,2019-03-27 18:00:00+00:00,2019-03-28 14:00:00+00:00,15.257499999999999,15.057102232142858,1.178203737082796,0.00589101868541398,5,TP2,True
GBPAUD,D,short,BEAR_STRONG,2019-04-01 21:00:00+00:00,2019-04-02 17:00:00+00:00,1.83843,1.8543527541666667,-1.0271305065436973,-0.005135652532718487,5,SL,False
NG,D,short,BEAR_STRONG,2019-04-01 22:00:00+00:00,2019-04-04 14:00:00+00:00,2.7015,2.6518424999999994,1.7226887856668727,0.008613443928334364,16,TP2,True
EURUSD,D,short,BEAR_STRONG,2019-04-02 01:00:00+00:00,2019-04-03 01:00:00+00:00,1.1201499999999998,1.122683875,-1.0887201677664067,-0.005443600838832033,6,SL,False
EURAUD,D,short,BEAR_STRONG,2019-04-04 01:00:00+00:00,2019-04-18 01:00:00+00:00,1.58071,1.57367,1.1918051962494427,0.005959025981247213,60,TIME,True
YM,D,long,BULL_STRONG,2019-04-08 18:00:00+00:00,2019-04-09 10:00:00+00:00,26344.5,26226.01125,-1.0308368112318491,-0.005154184056159246,4,SL,False
GBPAUD,D,short,BEAR_STRONG,2019-04-09 05:00:00+00:00,2019-04-10 01:00:00+00:00,1.83333,1.8335,0.5521644718600126,0.0027608223593000632,5,BE_STOP,True
GBPAUD,D,short,BEAR_STRONG,2019-04-10 01:00:00+00:00,2019-04-10 09:00:00+00:00,1.82933,1.8367307958333334,-1.058929364045335,-0.005294646820226675,2,SL,False
AUDUSD,D,long,BULL_STRONG,2019-04-10 09:00:00+00:00,2019-04-12 13:00:00+00:00,0.7138100000000001,0.7191333276785713,1.6247658913219767,0.008123829456609884,13,TP2,True
AUDJPY,D,long,BULL_STRONG,2019-04-11 01:00:00+00:00,2019-04-12 09:00:00+00:00,79.562,80.26996651785714,1.5810269331331903,0.007905134665665952,8,TP2,True
GBPAUD,D,short,BEAR_STRONG,2019-04-11 05:00:00+00:00,2019-04-23 09:00:00+00:00,1.8274,1.82757,0.7076089231694238,0.003538044615847119,49,BE_STOP,True
AUDCAD,D,long,BULL_STRONG,2019-04-11 21:00:00+00:00,2019-04-17 01:00:00+00:00,0.95357,0.9600799928571428,1.5372495285006473,0.007686247642503237,19,TP2,True
NQ,D,long,BULL_STRONG,2019-04-15 10:00:00+00:00,2019-04-15 14:00:00+00:00,7644.375,7611.800937499999,-1.0306390908120378,-0.005153195454060189,1,SL,False
PA,D,short,BEAR_STRONG,2019-04-15 10:00:00+00:00,2019-04-16 10:00:00+00:00,1341.175,1341.3,0.6944583395376818,0.003472291697688409,6,BE_STOP,True
AUDNZD,D,long,BULL_STRONG,2019-04-15 13:00:00+00:00,2019-04-16 01:00:00+00:00,1.06157,1.0585681458333334,-1.1125127853511825,-0.005562563926755913,3,SL,False
EURGBP,D,long,BULL_STRONG,2019-04-16 13:00:00+00:00,2019-04-30 09:00:00+00:00,0.86476,0.8615718666666666,-1.2455379925781946,-0.006227689962890973,59,SL,False
AUDNZD,D,long,BULL_STRONG,2019-04-16 17:00:00+00:00,2019-04-17 01:00:00+00:00,1.0610600000000001,1.065697066964286,1.5564611072585495,0.007782305536292748,2,TP2,True
CL,D,long,BULL_STRONG,2019-04-17 02:00:00+00:00,2019-04-17 14:00:00+00:00,64.625,64.16306666666668,-1.0451297732696925,-0.005225648866348463,3,SL,False
NZDCAD,D,short,BEAR_STRONG,2019-04-17 09:00:00+00:00,2019-05-01 09:00:00+00:00,0.89503,0.89089,0.8123974627738662,0.004061987313869331,60,TIME,False
GBPUSD,D,short,BEAR_STRONG,2019-04-17 09:00:00+00:00,2019-04-22 13:00:00+00:00,1.3038999999999998,1.2978498616071423,1.8105967289572635,0.009052983644786319,19,TP2,True
GBPCAD,D,short,BEAR_STRONG,2019-04-17 13:00:00+00:00,2019-04-24 13:00:00+00:00,1.73927,1.7469922416666668,-1.0216489099814738,-0.005108244549907369,30,SL,False
EURAUD,D,short,BEAR_STRONG,2019-04-18 01:00:00+00:00,2019-04-23 05:00:00+00:00,1.57333,1.5819279375,-1.0285083034846902,-0.005142541517423451,19,SL,False
NZDUSD,D,short,BEAR_STRONG,2019-04-18 01:00:00+00:00,2019-04-23 13:00:00+00:00,0.67163,0.6644857607142857,1.7796591371253132,0.008898295685626566,21,TP2,True
ES,D,long,BULL_STRONG,2019-04-18 10:00:00+00:00,2019-04-23 14:00:00+00:00,2903.125,2927.0909375,1.7645253472023759,0.00882262673601188,13,TP2,True
NZDJPY,D,short,BEAR_STRONG,2019-04-18 13:00:00+00:00,2019-04-24 13:00:00+00:00,74.70400000000001,73.91089875,1.7662594912892975,0.008831297456446488,24,TP2,True
AUDJPY,D,long,BULL_STRONG,2019-04-18 13:00:00+00:00,2019-04-23 13:00:00+00:00,79.937,79.42758125,-1.0877122977140816,-0.005438561488570408,18,SL,False
CHFJPY,D,short,BEAR_STRONG,2019-04-23 01:00:00+00:00,2019-04-23 13:00:00+00:00,110.083,109.68909374999997,1.465084133869973,0.007325420669349865,3,TP2,True
NKD,D,long,BULL_STRONG,2019-04-23 18:00:00+00:00,2019-04-24 02:00:00+00:00,22372.5,22252.421875,-1.082518695350451,-0.005412593476752255,2,SL,False
CHFJPY,D,short,BEAR_STRONG,2019-04-24 17:00:00+00:00,2019-05-05 21:00:00+00:00,109.903,109.14052232142856,1.6450510449686775,0.008225255224843388,43,TP2,True
YM,D,long,BULL_STRONG,2019-04-25 02:00:00+00:00,2019-04-25 10:00:00+00:00,26572.5,26423.382291666665,-1.0245620938093185,-0.005122810469046593,2,SL,False
SI,D,short,BEAR_STRONG,2019-04-25 06:00:00+00:00,2019-04-25 10:00:00+00:00,14.817499999999999,14.980742187500002,-1.1682892700527368,-0.005841446350263684,1,SL,False
ES,D,long,BULL_STRONG,2019-04-29 02:00:00+00:00,2019-04-30 14:00:00+00:00,2944.125,2931.107916666667,-1.048293464289246,-0.00524146732144623,9,SL,False
PL,D,long,BULL_STRONG,2019-04-29 06:00:00+00:00,2019-04-30 10:00:00+00:00,899.95,889.2261250000001,-1.0307427766705257,-0.005153713883352629,7,SL,False
RTY,D,long,BULL_STRONG,2019-04-30 10:00:00+00:00,2019-04-30 14:00:00+00:00,1598.4499999999998,1586.8256250000002,-1.024217092434217,-0.005121085462171085,1,SL,False
NKD,D,long,BULL_STRONG,2019-04-30 10:00:00+00:00,2019-05-01 18:00:00+00:00,22377.5,22226.28958333333,-1.0646452791348333,-0.0053232263956741665,8,SL,False
DAX,D,long,BULL_STRONG,2019-04-30 16:00:00+00:00,2019-05-02 00:00:00+00:00,12376.25,12326.686718750001,-1.0356480850178462,-0.005178240425089231,2,SL,False
RTY,D,long,BULL_STRONG,2019-04-30 22:00:00+00:00,2019-05-01 14:00:00+00:00,1598.2499999999998,1586.8256250000002,-1.0246452685847216,-0.005123226342923608,4,SL,False
AUDCAD,D,short,BEAR_STRONG,2019-05-01 13:00:00+00:00,2019-05-07 01:00:00+00:00,0.9441,0.93833508125,1.637887532344913,0.008189437661724565,21,TP2,True
EURAUD,D,long,BULL_STRONG,2019-05-02 05:00:00+00:00,2019-05-07 01:00:00+00:00,1.59589,1.59572,0.6430870451819982,0.0032154352259099912,17,BE_STOP,True
DAX,D,long,BULL_STRONG,2019-05-02 08:00:00+00:00,2019-05-02 12:00:00+00:00,12376.25,12326.686718750001,-1.0356480850178462,-0.005178240425089231,1,SL,False
AUDJPY,D,short,BEAR_STRONG,2019-05-06 01:00:00+00:00,2019-05-07 05:00:00+00:00,77.462,78.06279749999999,-1.039131171339371,-0.0051956558566968545,7,SL,False
NZDJPY,D,short,BEAR_STRONG,2019-05-06 01:00:00+00:00,2019-05-08 01:00:00+00:00,73.406,72.56472321428575,1.6439126116653924,0.008219563058326962,12,TP2,True
CHFJPY,D,short,BEAR_STRONG,2019-05-06 01:00:00+00:00,2019-05-07 09:00:00+00:00,109.093,108.4474294642857,1.628334314738628,0.00814167157369314,8,TP2,True
GBPCHF,D,long,BULL_STRONG,2019-05-06 09:00:00+00:00,2019-05-08 05:00:00+00:00,1.33441,1.3270931791666667,-1.0569228485626183,-0.005284614242813092,11,SL,False
NZDCHF,D,short,BEAR_STRONG,2019-05-06 13:00:00+00:00,2019-05-08 05:00:00+00:00,0.6716,0.67177,0.6291669647188662,0.0031458348235943313,10,BE_STOP,True
EURNZD,D,long,BULL_STRONG,2019-05-07 01:00:00+00:00,2019-05-13 13:00:00+00:00,1.69529,1.7109545142857139,1.6290587977813107,0.008145293988906553,27,TP2,True
RTY,D,long,BULL_STRONG,2019-05-07 02:00:00+00:00,2019-05-07 14:00:00+00:00,1608.35,1596.5262500000001,-1.0238713352607232,-0.005119356676303616,3,SL,False
GBPCAD,D,long,BULL_STRONG,2019-05-07 05:00:00+00:00,2019-05-08 09:00:00+00:00,1.7606,1.7508486916666668,-1.048686879053575,-0.005243434395267876,7,SL,False
NZDCAD,D,short,BEAR_STRONG,2019-05-07 09:00:00+00:00,2019-05-08 05:00:00+00:00,0.88771,0.88788,0.6283847406801457,0.0031419237034007287,5,BE_STOP,True
AUDJPY,D,short,BEAR_STRONG,2019-05-07 09:00:00+00:00,2019-05-09 05:00:00+00:00,77.551,76.49266089285715,1.747503854751588,0.00873751927375794,11,TP2,True
NZDCAD,D,short,BEAR_STRONG,2019-05-08 09:00:00+00:00,2019-05-17 13:00:00+00:00,0.88745,0.8787651080357142,1.7033850125828898,0.00851692506291445,43,TP2,True
NZDCHF,D,short,BEAR_STRONG,2019-05-08 09:00:00+00:00,2019-05-13 05:00:00+00:00,0.67139,0.6642537776785717,1.6261328954511876,0.008130664477255937,17,TP2,True
GBPNZD,D,long,BULL_STRONG,2019-05-08 17:00:00+00:00,2019-05-14 01:00:00+00:00,1.97794,1.9668044458333331,-1.0544351512862429,-0.005272175756431214,20,SL,False
EURAUD,D,long,BULL_STRONG,2019-05-08 17:00:00+00:00,2019-05-10 01:00:00+00:00,1.60158,1.60141,0.6565257352091556,0.003282628676045778,8,BE_STOP,True
USDCHF,D,long,BULL_STRONG,2019-05-08 21:00:00+00:00,2019-05-09 05:00:00+00:00,1.02069,1.0190077374999997,-1.1462677165355044,-0.0057313385826775224,2,SL,False
USDCAD,D,long,BULL_STRONG,2019-05-08 21:00:00+00:00,2019-05-09 21:00:00+00:00,1.34793,1.3452912875,-1.1211239792641028,-0.005605619896320514,6,SL,False
EURAUD,D,long,BULL_STRONG,2019-05-13 01:00:00+00:00,2019-05-16 01:00:00+00:00,1.6092,1.6216217008928573,1.7095238932665466,0.008547619466332734,18,TP2,True
AUDCAD,D,short,BEAR_STRONG,2019-05-13 01:00:00+00:00,2019-05-16 01:00:00+00:00,0.93757,0.9290760982142858,1.614537296049218,0.00807268648024609,18,TP2,True
SI,D,short,BEAR_STRONG,2019-05-13 02:00:00+00:00,2019-05-13 10:00:00+00:00,14.6825,14.829364583333334,-1.1903644861378742,-0.005951822430689371,2,SL,False
PL,D,short,BEAR_STRONG,2019-05-13 02:00:00+00:00,2019-05-14 02:00:00+00:00,854.35,865.53125,-1.0291227444253859,-0.00514561372212693,6,SL,False
HG,D,short,BEAR_STRONG,2019-05-13 02:00:00+00:00,2019-05-23 02:00:00+00:00,2.74675,2.6604116517857146,1.65583333895509,0.00827916669477545,48,TP2,True
AUDUSD,D,short,BEAR_STRONG,2019-05-13 09:00:00+00:00,2019-05-15 01:00:00+00:00,0.6973499999999999,0.6926388178571428,1.745253967880476,0.00872626983940238,10,TP2,True
AUDJPY,D,short,BEAR_STRONG,2019-05-13 09:00:00+00:00,2019-05-27 09:00:00+00:00,76.098,75.842,0.4632664815773392,0.002316332407886696,60,TIME,False
SI,D,short,BEAR_STRONG,2019-05-13 10:00:00+00:00,2019-05-13 22:00:00+00:00,14.7325,14.829364583333334,-1.318412326656408,-0.00659206163328204,3,SL,False
EURCAD,D,long,BULL_STRONG,2019-05-13 13:00:00+00:00,2019-05-15 09:00:00+00:00,1.51421,1.507530204166667,-1.066359899920059,-0.005331799499600295,11,SL,False
NZDUSD,D,short,BEAR_STRONG,2019-05-13 17:00:00+00:00,2019-05-21 09:00:00+00:00,0.65664,0.6504181785714286,1.6648163988049332,0.008324081994024665,34,TP2,True
NKD,D,short,BEAR_STRONG,2019-05-13 22:00:00+00:00,2019-05-17 02:00:00+00:00,21027.5,21407.82083333333,-1.0246289884551338,-0.005123144942275669,19,SL,False
EURNZD,D,long,BULL_STRONG,2019-05-14 05:00:00+00:00,2019-05-28 01:00:00+00:00,1.70816,1.70799,0.6180094624951707,0.0030900473124758536,59,BE_STOP,True
EURJPY,D,short,BEAR_STRONG,2019-05-14 21:00:00+00:00,2019-05-21 09:00:00+00:00,122.763,123.30327083333333,-1.0271118111239324,-0.005135559055619662,27,SL,False
ES,D,short,BEAR_STRONG,2019-05-14 22:00:00+00:00,2019-05-16 10:00:00+00:00,2843.875,2874.2015625,-1.020116145860504,-0.00510058072930252,9,SL,False
RTY,D,short,BEAR_STRONG,2019-05-14 22:00:00+00:00,2019-05-23 14:00:00+00:00,1548.5500000000002,1501.6670982142857,1.734636857806372,0.00867318428903186,40,TP2,True
NZDJPY,D,short,BEAR_STRONG,2019-05-15 01:00:00+00:00,2019-05-29 01:00:00+00:00,71.95700000000001,71.50999999999999,0.9667680471346524,0.004833840235673262,60,TIME,False
USDJPY,D,short,BEAR_STRONG,2019-05-15 09:00:00+00:00,2019-05-16 09:00:00+00:00,109.271,109.76375,-1.0440267493540059,-0.0052201337467700296,6,SL,False
NZDCAD,D,short,BEAR_STRONG,2019-05-20 09:00:00+00:00,2019-05-22 09:00:00+00:00,0.87795,0.8706875249999999,1.5965020030141786,0.007982510015070892,12,TP2,True
AUDCAD,D,short,BEAR_STRONG,2019-05-21 05:00:00+00:00,2019-05-23 13:00:00+00:00,0.92285,0.9283012625,-1.0377180645726285,-0.005188590322863142,14,SL,False
PA,D,short,BEAR_STRONG,2019-05-23 02:00:00+00:00,2019-05-24 06:00:00+00:00,1306.175,1326.3805,-1.0114286994845747,-0.005057143497422874,7,SL,False
EURJPY,D,short,BEAR_STRONG,2019-05-23 13:00:00+00:00,2019-05-24 09:00:00+00:00,122.443,122.79623749999999,-1.101541380720462,-0.0055077069036023095,5,SL,False
EURUSD,D,short,BEAR_STRONG,2019-05-23 13:00:00+00:00,2019-05-24 13:00:00+00:00,1.1181299999999998,1.1211294375,-1.074426139073323,-0.005372130695366615,6,SL,False
CHFJPY,D,short,BEAR_STRONG,2019-05-28 05:00:00+00:00,2019-05-31 13:00:00+00:00,108.813,108.05289285714284,1.6083647358281525,0.008041823679140763,20,TP2,True
NKD,D,short,BEAR_STRONG,2019-05-28 22:00:00+00:00,2019-05-30 10:00:00+00:00,20982.5,20990.0,0.6301301837270341,0.0031506509186351706,9,BE_STOP,True
GBPJPY,D,short,BEAR_STRONG,2019-05-29 09:00:00+00:00,2019-05-31 09:00:00+00:00,138.373,137.05387142857143,1.675755213168336,0.00837877606584168,12,TP2,True
GBPUSD,D,short,BEAR_STRONG,2019-05-30 01:00:00+00:00,2019-05-31 09:00:00+00:00,1.2633899999999998,1.2562401553571427,1.7055403039897894,0.008527701519948947,8,TP2,True
EURUSD,D,short,BEAR_STRONG,2019-05-30 05:00:00+00:00,2019-05-31 09:00:00+00:00,1.11333,1.1163469250000002,-1.0737518726992101,-0.005368759363496051,7,SL,False
NKD,D,short,BEAR_STRONG,2019-05-30 18:00:00+00:00,2019-05-31 06:00:00+00:00,20947.5,20574.43526785714,1.654892164380988,0.00827446082190494,3,TP2,True
GBPAUD,D,short,BEAR_STRONG,2019-06-03 05:00:00+00:00,2019-06-07 09:00:00+00:00,1.81909,1.8246956249999997,-1.0413333517304855,-0.005206666758652428,25,SL,False
EURJPY,D,short,BEAR_STRONG,2019-06-04 01:00:00+00:00,2019-06-05 05:00:00+00:00,121.41300000000001,122.06321249999998,-1.045794768738768,-0.005228973843693841,7,SL,False
EURCHF,D,short,BEAR_STRONG,2019-06-04 13:00:00+00:00,2019-06-11 09:00:00+00:00,1.11735,1.1224976875000001,-1.0253991436786665,-0.005126995718393332,29,SL,False
CADJPY,D,short,BEAR_STRONG,2019-06-05 13:00:00+00:00,2019-06-06 17:00:00+00:00,80.724,81.07674583333332,-1.0694017845840633,-0.005347008922920317,7,SL,False
EURJPY,D,short,BEAR_STRONG,2019-06-05 21:00:00+00:00,2019-06-06 09:00:00+00:00,121.623,122.06321249999998,-1.0804022092920171,-0.005402011046460086,3,SL,False
GBPCHF,D,short,BEAR_STRONG,2019-06-10 09:00:00+00:00,2019-06-11 09:00:00+00:00,1.25479,1.2601214083333334,-1.0572848689553407,-0.005286424344776703,6,SL,False
CL,D,short,BEAR_STRONG,2019-06-13 22:00:00+00:00,2019-06-18 10:00:00+00:00,52.165,53.30746250000001,-1.0170056210295249,-0.005085028105147624,15,SL,False
CADCHF,D,short,BEAR_STRONG,2019-06-18 01:00:00+00:00,2019-06-18 13:00:00+00:00,0.7442799999999999,0.7468207833333333,-1.1156576377709175,-0.005578288188854588,3,SL,False
EURAUD,D,long,BULL_STRONG,2019-06-18 05:00:00+00:00,2019-06-18 13:00:00+00:00,1.63557,1.6302115250000002,-1.0768973156852493,-0.005384486578426246,2,SL,False
EURCHF,D,short,BEAR_STRONG,2019-06-18 09:00:00+00:00,2019-06-18 13:00:00+00:00,1.11809,1.1206992833333336,-1.1338641540889642,-0.005669320770444821,1,SL,False
GBPNZD,D,short,BEAR_STRONG,2019-06-18 13:00:00+00:00,2019-06-19 13:00:00+00:00,1.92335,1.93267685,-1.042511234758678,-0.00521255617379339,6,SL,False
GBPCHF,D,short,BEAR_STRONG,2019-06-19 05:00:00+00:00,2019-06-21 09:00:00+00:00,1.25483,1.2443063392857134,1.6641753898404155,0.008320876949202078,13,TP2,True
EURCHF,D,short,BEAR_STRONG,2019-06-19 09:00:00+00:00,2019-06-20 13:00:00+00:00,1.11732,1.1113853607142856,1.548743699639207,0.007743718498196035,7,TP2,True
GBPAUD,D,short,BEAR_STRONG,2019-06-25 13:00:00+00:00,2019-06-27 13:00:00+00:00,1.82436,1.8098053910714285,1.720573741723032,0.008602868708615161,12,TP2,True
AUDNZD,D,short,BEAR_STRONG,2019-07-01 01:00:00+00:00,2019-07-02 01:00:00+00:00,1.04383,1.0460047749999999,-1.1327511566135968,-0.005663755783067984,6,SL,False
CL,D,long,BULL_STRONG,2019-07-01 06:00:00+00:00,2019-07-01 14:00:00+00:00,60.125,58.95155416666667,-1.017100497433703,-0.005085502487168515,2,SL,False
GBPCAD,D,short,BEAR_STRONG,2019-07-01 09:00:00+00:00,2019-07-03 05:00:00+00:00,1.65745,1.6476618089285717,1.8237933889251725,0.009118966944625863,11,TP2,True
PA,D,long,BULL_STRONG,2019-07-01 10:00:00+00:00,2019-07-12 14:00:00+00:00,1542.525,1542.4,0.736404250225739,0.003682021251128695,54,BE_STOP,True
YM,D,long,BULL_STRONG,2019-07-02 02:00:00+00:00,2019-07-09 02:00:00+00:00,26714.5,26713.0,0.7159277871784763,0.0035796389358923814,28,BE_STOP,True
GBPNZD,D,short,BEAR_STRONG,2019-07-02 21:00:00+00:00,2019-07-05 05:00:00+00:00,1.88559,1.88576,0.6348159760914512,0.0031740798804572564,14,BE_STOP,True
EURGBP,D,long,BULL_STRONG,2019-07-03 09:00:00+00:00,2019-07-16 13:00:00+00:00,0.89785,0.9043995758928571,1.4540417102547902,0.007270208551273951,55,TP2,True
USDCAD,D,short,BEAR_STRONG,2019-07-08 05:00:00+00:00,2019-07-08 17:00:00+00:00,1.3069899999999999,1.3102554958333332,-1.0859640869733433,-0.0054298204348667166,3,SL,False
GBPCHF,D,short,BEAR_STRONG,2019-07-10 01:00:00+00:00,2019-07-11 13:00:00+00:00,1.23661,1.2411303458333334,-1.0673797926026956,-0.005336898963013478,9,SL,False
CADJPY,D,long,BULL_STRONG,2019-07-10 13:00:00+00:00,2019-07-17 21:00:00+00:00,82.84299999999999,82.52517625,-1.178170839237252,-0.005890854196186261,32,SL,False
USDCAD,D,short,BEAR_STRONG,2019-07-11 01:00:00+00:00,2019-07-19 09:00:00+00:00,1.3053,1.3102554958333332,-1.0190611611184162,-0.0050953058055920805,38,SL,False
GBPCHF,D,short,BEAR_STRONG,2019-07-15 09:00:00+00:00,2019-07-24 09:00:00+00:00,1.23155,1.23172,0.7047506035217147,0.0035237530176085736,42,BE_STOP,True
GBPJPY,D,short,BEAR_STRONG,2019-07-15 09:00:00+00:00,2019-07-16 13:00:00+00:00,135.233,134.27181249999998,1.6657162798009277,0.008328581399004638,7,TP2,True
GBPCAD,D,short,BEAR_STRONG,2019-07-15 17:00:00+00:00,2019-07-16 09:00:00+00:00,1.63289,1.6258957473214284,1.8134386972114462,0.009067193486057232,4,TP2,True
NQ,D,long,BULL_STRONG,2019-07-15 18:00:00+00:00,2019-07-16 14:00:00+00:00,7984.125,7936.895312500001,-1.0216356154333548,-0.005108178077166774,5,SL,False
AUDJPY,D,long,BULL_STRONG,2019-07-16 01:00:00+00:00,2019-07-17 01:00:00+00:00,76.01299999999999,75.72034666666667,-1.1184161990906345,-0.005592080995453172,6,SL,False
AUDNZD,D,short,BEAR_STRONG,2019-07-16 05:00:00+00:00,2019-07-16 13:00:00+00:00,1.04517,1.0475250541666667,-1.1447670290400807,-0.005723835145200403,2,SL,False
HG,D,long,BULL_STRONG,2019-07-16 06:00:00+00:00,2019-07-17 06:00:00+00:00,2.71475,2.6897625,-1.061808530805696,-0.00530904265402848,6,SL,False
EURGBP,D,long,BULL_STRONG,2019-07-18 05:00:00+00:00,2019-07-18 09:00:00+00:00,0.90078,0.8982544333333333,-1.1257061428955522,-0.0056285307144777605,1,SL,False
GBPUSD,D,short,BEAR_STRONG,2019-07-18 05:00:00+00:00,2019-07-18 17:00:00+00:00,1.2479099999999999,1.2517528500000004,-1.0705350333746673,-0.005352675166873337,3,SL,False
AUDNZD,D,short,BEAR_STRONG,2019-07-22 05:00:00+00:00,2019-07-22 21:00:00+00:00,1.03881,1.042610425,-1.0868860808307605,-0.005434430404153803,4,SL,False
CHFJPY,D,long,BULL_STRONG,2019-07-23 05:00:00+00:00,2019-07-24 05:00:00+00:00,109.887,109.5488,-1.1163891033623767,-0.005581945516811884,6,SL,False
EURCAD,D,short,BEAR_STRONG,2019-07-23 17:00:00+00:00,2019-07-25 13:00:00+00:00,1.46432,1.46449,0.5856819748557284,0.002928409874278642,11,BE_STOP,True
EURJPY,D,short,BEAR_STRONG,2019-07-25 09:00:00+00:00,2019-07-25 13:00:00+00:00,120.653,121.13118750000001,-1.0734872909608246,-0.005367436454804123,1,SL,False
RTY,D,long,BULL_STRONG,2019-07-25 10:00:00+00:00,2019-07-25 14:00:00+00:00,1576.7499999999998,1563.0254583333335,-1.0203424916126598,-0.005101712458063299,1,SL,False
GBPJPY,D,short,BEAR_STRONG,2019-07-29 01:00:00+00:00,2019-07-29 13:00:00+00:00,134.25300000000001,133.46730714285715,1.6838242706033306,0.008419121353016654,3,TP2,True
AUDNZD,D,short,BEAR_STRONG,2019-07-30 17:00:00+00:00,2019-07-31 01:00:00+00:00,1.03911,1.0408864375,-1.1963819943197311,-0.005981909971598656,2,SL,False
CADJPY,D,long,BULL_STRONG,2019-07-31 01:00:00+00:00,2019-08-01 09:00:00+00:00,82.613,82.251115,-1.0973246734418587,-0.005486623367209294,8,SL,False
USDCAD,D,long,BULL_STRONG,2019-08-01 13:00:00+00:00,2019-08-07 01:00:00+00:00,1.31865,1.3308738839285714,1.6592275680696786,0.008296137840348394,21,TP2,True
NZDCAD,D,short,BEAR_STRONG,2019-08-05 09:00:00+00:00,2019-08-05 21:00:00+00:00,0.86215,0.8663815125000001,-1.0715745673563721,-0.0053578728367818605,3,SL,False
AUDNZD,D,short,BEAR_STRONG,2019-08-06 09:00:00+00:00,2019-08-07 01:00:00+00:00,1.03773,1.0411700000000002,-1.0964165749235453,-0.0054820828746177264,4,SL,False
AUDUSD,D,short,BEAR_STRONG,2019-08-06 17:00:00+00:00,2019-08-07 13:00:00+00:00,0.6759299999999999,0.67602,0.6876908643701044,0.003438454321850522,5,BE_STOP,True
AUDUSD,D,short,BEAR_STRONG,2019-08-07 13:00:00+00:00,2019-08-08 13:00:00+00:00,0.6760499999999999,0.6807886458333333,-1.0332671073565405,-0.005166335536782703,6,SL,False
AUDCAD,D,short,BEAR_STRONG,2019-08-07 21:00:00+00:00,2019-08-21 21:00:00+00:00,0.89875,0.90125,-0.32352667012896064,-0.0016176333506448032,60,TIME,False
NZDCAD,D,short,BEAR_STRONG,2019-08-08 01:00:00+00:00,2019-08-22 01:00:00+00:00,0.85735,0.84861,1.0291664092331703,0.005145832046165851,60,TIME,False
CADJPY,D,short,BEAR_STRONG,2019-08-12 09:00:00+00:00,2019-08-13 13:00:00+00:00,79.565,80.09570958333333,-1.045043154246514,-0.00522521577123257,7,SL,False
NKD,D,short,BEAR_STRONG,2019-08-12 10:00:00+00:00,2019-08-13 10:00:00+00:00,20322.5,20595.21875,-1.0344085778249086,-0.005172042889124543,6,SL,False
USDCHF,D,short,BEAR_STRONG,2019-08-12 13:00:00+00:00,2019-08-13 13:00:00+00:00,0.97034,0.9751620625,-1.0413873654458354,-0.005206936827229177,6,SL,False
AUDCHF,D,short,BEAR_STRONG,2019-08-12 13:00:00+00:00,2019-08-13 13:00:00+00:00,0.65533,0.6605813541666666,-1.0416712146122473,-0.005208356073061237,6,SL,False
GBPCAD,D,short,BEAR_STRONG,2019-08-13 01:00:00+00:00,2019-08-13 09:00:00+00:00,1.59795,1.607318375,-1.04280245151997,-0.005214012257599851,2,SL,False
EURGBP,D,long,BULL_STRONG,2019-08-13 05:00:00+00:00,2019-08-15 09:00:00+00:00,0.92762,0.9214901,-1.0670928706857503,-0.005335464353428751,13,SL,False
CHFJPY,D,short,BEAR_STRONG,2019-08-13 05:00:00+00:00,2019-08-13 09:00:00+00:00,108.393,108.90260833333332,-1.065315622621075,-0.005326578113105375,1,SL,False
GBPCHF,D,short,BEAR_STRONG,2019-08-13 13:00:00+00:00,2019-08-16 05:00:00+00:00,1.17625,1.1860668250000004,-1.0243266566979288,-0.005121633283489644,16,SL,False
CADCHF,D,short,BEAR_STRONG,2019-08-14 13:00:00+00:00,2019-08-16 09:00:00+00:00,0.73037,0.7376399166666667,-1.0313034378337775,-0.005156517189168887,11,SL,False
AUDUSD,D,short,BEAR_STRONG,2019-08-14 13:00:00+00:00,2019-08-15 01:00:00+00:00,0.67413,0.6769819,-1.0667577392374943,-0.005333788696187471,3,SL,False
AUDCHF,D,short,BEAR_STRONG,2019-08-14 13:00:00+00:00,2019-08-15 01:00:00+00:00,0.6558,0.6605813541666666,-1.056775513338907,-0.005283877566694535,3,SL,False
GBPJPY,D,short,BEAR_STRONG,2019-08-14 21:00:00+00:00,2019-08-15 05:00:00+00:00,127.763,128.80795416666666,-1.0339381084597605,-0.0051696905422988024,2,SL,False
NKD,D,short,BEAR_STRONG,2019-08-15 06:00:00+00:00,2019-08-16 14:00:00+00:00,20277.5,20595.21875,-1.0294057016218394,-0.005147028508109198,8,SL,False
EURJPY,D,short,BEAR_STRONG,2019-08-15 09:00:00+00:00,2019-08-29 09:00:00+00:00,118.313,117.657,1.1763869709451347,0.005881934854725673,60,TIME,True
YM,D,short,BEAR_STRONG,2019-08-15 10:00:00+00:00,2019-08-16 18:00:00+00:00,25549.5,25918.062083333334,-1.0096549334865015,-0.005048274667432508,8,SL,False
RTY,D,short,BEAR_STRONG,2019-08-15 10:00:00+00:00,2019-08-18 22:00:00+00:00,1470.2500000000002,1498.6721666666665,-1.0094658468576232,-0.005047329234288116,9,SL,False
NZDUSD,D,short,BEAR_STRONG,2019-08-19 01:00:00+00:00,2019-08-25 21:00:00+00:00,0.64174,0.6359691589285715,1.6695878573044347,0.008347939286522174,29,TP2,True
CHFJPY,D,short,BEAR_STRONG,2019-08-22 05:00:00+00:00,2019-08-26 05:00:00+00:00,108.313,108.33,0.6083994442887527,0.0030419972214437638,12,BE_STOP,True
DAX,D,short,BEAR_STRONG,2019-08-26 04:00:00+00:00,2019-08-27 08:00:00+00:00,11574.25,11719.009375,-1.0116377145585138,-0.005058188572792569,7,SL,False
NZDCHF,D,short,BEAR_STRONG,2019-08-26 05:00:00+00:00,2019-09-05 09:00:00+00:00,0.6237199999999999,0.6286287374999999,-0.9698908833840243,-0.004849454416920121,49,SL,False
NZDUSD,D,short,BEAR_STRONG,2019-08-26 05:00:00+00:00,2019-08-30 17:00:00+00:00,0.63745,0.6287848116071426,1.6967480558782184,0.008483740279391092,27,TP2,True
CADJPY,D,short,BEAR_STRONG,2019-08-26 05:00:00+00:00,2019-08-26 17:00:00+00:00,79.649,80.13912291666666,-1.0595000981950515,-0.005297500490975258,3,SL,False
YM,D,short,BEAR_STRONG,2019-08-26 14:00:00+00:00,2019-08-29 06:00:00+00:00,25826.5,26188.335833333334,-1.0098966565911893,-0.0050494832829559464,16,SL,False
HG,D,short,BEAR_STRONG,2019-08-26 14:00:00+00:00,2019-08-27 10:00:00+00:00,2.5367499999999996,2.5650737500000007,-1.053666004894045,-0.005268330024470225,5,SL,False
USDJPY,D,short,BEAR_STRONG,2019-08-26 21:00:00+00:00,2019-08-29 17:00:00+00:00,105.831,106.63644583333334,-1.0223698075303302,-0.005111849037651652,17,SL,False
NZDCAD,D,short,BEAR_STRONG,2019-08-26 21:00:00+00:00,2019-09-03 17:00:00+00:00,0.84489,0.84506,0.6991419275796199,0.0034957096378980994,35,BE_STOP,True
AUDCHF,D,short,BEAR_STRONG,2019-08-27 01:00:00+00:00,2019-08-27 13:00:00+00:00,0.66147,0.6647992500000001,-1.08312282978555,-0.00541561414892775,3,SL,False
AUDCAD,D,short,BEAR_STRONG,2019-08-27 01:00:00+00:00,2019-09-03 09:00:00+00:00,0.89475,0.8996408499999999,-1.0095883156634937,-0.005047941578317469,32,SL,False
AUDJPY,D,short,BEAR_STRONG,2019-08-27 01:00:00+00:00,2019-09-04 09:00:00+00:00,71.453,72.17469374999999,-0.9957476847211939,-0.00497873842360597,38,SL,False
EURAUD,D,long,BULL_STRONG,2019-08-27 05:00:00+00:00,2019-08-30 13:00:00+00:00,1.64631,1.6361943499999998,-1.0553491626992701,-0.005276745813496351,20,SL,False
NKD,D,short,BEAR_STRONG,2019-08-27 06:00:00+00:00,2019-08-29 10:00:00+00:00,20442.5,20674.87708333333,-1.040623970502405,-0.0052031198525120245,13,SL,False
ES,D,short,BEAR_STRONG,2019-08-27 06:00:00+00:00,2019-08-29 14:00:00+00:00,2880.125,2926.3596875000003,-1.013201354675607,-0.005066006773378035,14,SL,False
NQ,D,short,BEAR_STRONG,2019-08-27 14:00:00+00:00,2019-08-30 06:00:00+00:00,7579.625,7759.0529166666665,-1.0054808936836643,-0.0050274044684183216,16,SL,False
CADJPY,D,short,BEAR_STRONG,2019-08-27 17:00:00+00:00,2019-08-29 09:00:00+00:00,79.598,80.13912291666666,-1.0441570464943337,-0.005220785232471669,10,SL,False
AUDCHF,D,short,BEAR_STRONG,2019-08-27 17:00:00+00:00,2019-08-29 05:00:00+00:00,0.66243,0.6626,0.5566430828691649,0.0027832154143458245,9,BE_STOP,True
AUDUSD,D,short,BEAR_STRONG,2019-08-27 21:00:00+00:00,2019-09-03 13:00:00+00:00,0.67501,0.6751,0.6957629061046673,0.0034788145305233364,28,BE_STOP,True
USDCAD,D,long,BULL_STRONG,2019-09-02 21:00:00+00:00,2019-09-04 13:00:00+00:00,1.3337100000000002,1.3293298041666664,-1.0714931000624768,-0.005357465500312384,10,SL,False
NZDJPY,D,short,BEAR_STRONG,2019-09-03 05:00:00+00:00,2019-09-03 17:00:00+00:00,66.697,67.11550416666667,-1.0655972769066218,-0.005327986384533109,3,SL,False
CL,D,long,BULL_STRONG,2019-09-09 10:00:00+00:00,2019-09-11 14:00:00+00:00,57.295,56.21291810344827,-1.0183524807826698,-0.0050917624039133495,13,SL,False
GBPUSD,D,long,BULL_STRONG,2019-09-10 21:00:00+00:00,2019-09-11 13:00:00+00:00,1.2352,1.2318369416666664,-1.080330985036969,-0.005401654925184844,4,SL,False
HG,D,long,BULL_STRONG,2019-09-16 06:00:00+00:00,2019-09-17 06:00:00+00:00,2.66725,2.6182185416666663,-1.0306265244101875,-0.005153132622050938,6,SL,False
GBPCHF,D,long,BULL_STRONG,2019-09-16 13:00:00+00:00,2019-09-19 09:00:00+00:00,1.23315,1.23298,0.6770067364967143,0.0033850336824835714,17,BE_STOP,True
USDJPY,D,long,BULL_STRONG,2019-09-17 01:00:00+00:00,2019-09-19 01:00:00+00:00,108.239,108.02679166666668,-1.1483869263891837,-0.005741934631945919,12,SL,False
GBPUSD,D,long,BULL_STRONG,2019-09-17 05:00:00+00:00,2019-09-19 17:00:00+00:00,1.2404800000000002,1.2551454687500003,1.7049683215614944,0.008524841607807473,15,TP2,True
EURCHF,D,long,BULL_STRONG,2019-09-17 13:00:00+00:00,2019-09-20 05:00:00+00:00,1.09866,1.094936879166667,-1.119278915601202,-0.00559639457800601,16,SL,False
CL,D,long,BULL_STRONG,2019-09-18 02:00:00+00:00,2019-09-18 14:00:00+00:00,58.975,57.722725,-1.0159366349437275,-0.005079683174718638,3,SL,False
PL,D,long,BULL_STRONG,2019-09-24 10:00:00+00:00,2019-09-25 14:00:00+00:00,950.95,936.0308333333334,-1.022228665568369,-0.005111143327841845,7,SL,False
AUDNZD,D,long,BULL_STRONG,2019-09-30 01:00:00+00:00,2019-09-30 13:00:00+00:00,1.07805,1.0753923125000002,-1.1290061553149415,-0.005645030776574708,3,SL,False
NZDUSD,D,short,BEAR_STRONG,2019-09-30 01:00:00+00:00,2019-10-01 09:00:00+00:00,0.62673,0.6208911205357142,1.7406468250273015,0.008703234125136508,8,TP2,True
PA,D,long,BULL_STRONG,2019-09-30 06:00:00+00:00,2019-09-30 14:00:00+00:00,1658.125,1636.7755000000002,-1.012139273009965,-0.005060696365049825,2,SL,False
USDJPY,D,long,BULL_STRONG,2019-09-30 09:00:00+00:00,2019-10-02 05:00:00+00:00,108.009,107.60861666666666,-1.0692958991610955,-0.005346479495805478,11,SL,False
CADJPY,D,long,BULL_STRONG,2019-09-30 09:00:00+00:00,2019-10-02 09:00:00+00:00,81.51899999999999,81.16422750000001,-1.1137234677186496,-0.005568617338593248,12,SL,False
AUDCHF,D,long,BULL_STRONG,2019-09-30 13:00:00+00:00,2019-10-01 05:00:00+00:00,0.67347,0.6695937,-1.0713071796670532,-0.005356535898335266,4,SL,False
AUDNZD,D,long,BULL_STRONG,2019-09-30 17:00:00+00:00,2019-10-01 05:00:00+00:00,1.07774,1.0753923125000002,-1.1473506184886715,-0.0057367530924433575,3,SL,False
PA,D,long,BULL_STRONG,2019-09-30 22:00:00+00:00,2019-10-01 06:00:00+00:00,1649.825,1636.7755000000002,-1.019883631861968,-0.00509941815930984,2,SL,False
HG,D,short,BEAR_STRONG,2019-10-02 10:00:00+00:00,2019-10-10 10:00:00+00:00,2.56675,2.605059375,-1.0392704949827187,-0.005196352474913594,36,SL,False
PA,D,long,BULL_STRONG,2019-10-02 14:00:00+00:00,2019-10-03 10:00:00+00:00,1662.625,1636.7755000000002,-1.010029738187331,-0.005050148690936656,5,SL,False
AUDUSD,D,short,BEAR_STRONG,2019-10-03 05:00:00+00:00,2019-10-04 01:00:00+00:00,0.67185,0.675805525,-1.047615524411311,-0.005238077622056555,5,SL,False
GBPUSD,D,short,BEAR_STRONG,2019-10-09 05:00:00+00:00,2019-10-10 13:00:00+00:00,1.2240499999999999,1.2300869708333335,-1.0389050167697653,-0.0051945250838488265,8,SL,False
GBPJPY,D,short,BEAR_STRONG,2019-10-09 05:00:00+00:00,2019-10-10 13:00:00+00:00,131.293,131.8535416666667,-1.055894555768483,-0.0052794727788424145,8,SL,False
PA,D,long,BULL_STRONG,2019-10-09 10:00:00+00:00,2019-10-15 10:00:00+00:00,1657.825,1699.3796696428572,1.937587391413744,0.00968793695706872,24,TP2,True
USDCHF,D,long,BULL_STRONG,2019-10-14 17:00:00+00:00,2019-10-16 21:00:00+00:00,0.99729,0.994075325,-1.0926882315760944,-0.005463441157880472,13,SL,False
SI,D,short,BEAR_STRONG,2019-10-16 10:00:00+00:00,2019-10-17 10:00:00+00:00,17.3325,17.623629166666667,-1.0889203517860775,-0.005444601758930388,6,SL,False
EURAUD,D,long,BULL_STRONG,2019-10-16 21:00:00+00:00,2019-10-17 09:00:00+00:00,1.63327,1.6266198,-1.0615193666862146,-0.005307596833431073,3,SL,False
GBPUSD,D,long,BULL_STRONG,2019-10-21 09:00:00+00:00,2019-10-23 01:00:00+00:00,1.2993000000000001,1.2850052291666667,-1.0212535635768016,-0.005106267817884008,10,SL,False
DAX,D,long,BULL_STRONG,2019-10-21 12:00:00+00:00,2019-10-23 00:00:00+00:00,12737.25,12640.971875,-1.018517897216134,-0.0050925894860806694,9,SL,False
GBPCHF,D,long,BULL_STRONG,2019-10-21 13:00:00+00:00,2019-10-23 01:00:00+00:00,1.27957,1.2716795541666666,-1.0516990609890287,-0.005258495304945143,9,SL,False
EURGBP,D,short,BEAR_STRONG,2019-10-21 13:00:00+00:00,2019-10-23 01:00:00+00:00,0.85923,0.86541055,-1.0399784046385114,-0.0051998920231925575,9,SL,False
NG,D,short,BEAR_STRONG,2019-10-23 02:00:00+00:00,2019-10-24 14:00:00+00:00,2.2715,2.3306179166666667,-1.029187448927201,-0.005145937244636006,9,SL,False
DAX,D,long,BULL_STRONG,2019-10-23 08:00:00+00:00,2019-10-28 08:00:00+00:00,12739.75,12937.167187500001,1.7331557397430568,0.008665778698715284,18,TP2,True
CADCHF,D,long,BULL_STRONG,2019-10-23 09:00:00+00:00,2019-10-25 13:00:00+00:00,0.75609,0.7612761732142856,1.5049821643081966,0.007524910821540984,13,TP2,True
GBPCHF,D,long,BULL_STRONG,2019-10-24 01:00:00+00:00,2019-10-24 13:00:00+00:00,1.27958,1.2716795541666666,-1.0451644326248972,-0.005225822163124486,3,SL,False
NKD,D,long,BULL_STRONG,2019-10-28 06:00:00+00:00,2019-10-30 02:00:00+00:00,22857.5,22850.0,0.575097837521917,0.002875489187609585,11,BE_STOP,True
CADJPY,D,long,BULL_STRONG,2019-10-28 09:00:00+00:00,2019-10-30 13:00:00+00:00,83.341,83.0429375,-1.1375770157882865,-0.0056878850789414325,13,SL,False
USDCAD,D,short,BEAR_STRONG,2019-10-28 09:00:00+00:00,2019-10-29 09:00:00+00:00,1.3064099999999998,1.3065,0.3641508349356506,0.001820754174678253,6,BE_STOP,True
GBPNZD,D,long,BULL_STRONG,2019-10-28 13:00:00+00:00,2019-10-29 01:00:00+00:00,2.0276300000000003,2.0165601375,-1.0416398096765185,-0.005208199048382592,3,SL,False
USDCAD,D,short,BEAR_STRONG,2019-10-29 09:00:00+00:00,2019-10-29 13:00:00+00:00,1.3050899999999999,1.3074988291666667,-1.1176078876013826,-0.005588039438006913,1,SL,False
GBPNZD,D,long,BULL_STRONG,2019-10-29 09:00:00+00:00,2019-10-30 21:00:00+00:00,2.0253900000000002,2.0165601375,-1.0581481057003184,-0.005290740528501592,9,SL,False
NKD,D,long,BULL_STRONG,2019-10-30 10:00:00+00:00,2019-10-31 06:00:00+00:00,22852.5,22845.0,0.5665228694052729,0.0028326143470263645,5,BE_STOP,True
USDJPY,D,long,BULL_STRONG,2019-10-30 17:00:00+00:00,2019-10-31 05:00:00+00:00,108.839,108.56152083333333,-1.0902768743695213,-0.005451384371847607,3,SL,False
NZDJPY,D,long,BULL_STRONG,2019-10-31 01:00:00+00:00,2019-10-31 09:00:00+00:00,69.86699999999999,69.48899583333333,-1.0741857919460662,-0.005370928959730331,2,SL,False
AUDUSD,D,long,BULL_STRONG,2019-10-31 21:00:00+00:00,2019-11-08 14:00:00+00:00,0.68933,0.6860604291666665,-1.1058338428797465,-0.005529169214398733,34,SL,False
PA,D,long,BULL_STRONG,2019-11-04 03:00:00+00:00,2019-11-04 11:00:00+00:00,1789.925,1767.76375,-1.0121705825628227,-0.005060852912814114,2,SL,False
AUDCHF,D,long,BULL_STRONG,2019-11-04 06:00:00+00:00,2019-11-04 14:00:00+00:00,0.68311,0.6811296333333333,-1.1467301651599138,-0.005733650825799569,2,SL,False
AUDCHF,D,long,BULL_STRONG,2019-11-05 22:00:00+00:00,2019-11-06 22:00:00+00:00,0.68453,0.6811296333333333,-1.0977703872625415,-0.005488851936312707,6,SL,False
HG,D,long,BULL_STRONG,2019-11-07 11:00:00+00:00,2019-11-08 15:00:00+00:00,2.7102500000000003,2.6787635416666666,-1.048511633995941,-0.005242558169979705,7,SL,False
ES,D,long,BULL_STRONG,2019-11-11 19:00:00+00:00,2019-11-15 19:00:00+00:00,3087.875,3115.286049107143,1.722745638642463,0.008613728193212315,24,TP2,True
NQ,D,long,BULL_STRONG,2019-11-11 19:00:00+00:00,2019-11-19 07:00:00+00:00,8254.125,8365.985625000001,1.7561097354099502,0.00878054867704975,33,TP2,True
CL,D,long,BULL_STRONG,2019-11-13 23:00:00+00:00,2019-11-14 15:00:00+00:00,57.415,57.0159,-1.0510106743035688,-0.005255053371517844,4,SL,False
EURNZD,D,short,BEAR_STRONG,2019-11-14 22:00:00+00:00,2019-11-28 22:00:00+00:00,1.72525,1.71529,0.8692410861758318,0.004346205430879159,60,TIME,False
EURGBP,D,short,BEAR_STRONG,2019-11-18 22:00:00+00:00,2019-11-19 14:00:00+00:00,0.8545,0.8570567291666666,-1.1213501741399976,-0.005606750870699988,4,SL,False
NZDUSD,D,long,BULL_STRONG,2019-11-19 22:00:00+00:00,2019-11-25 10:00:00+00:00,0.64183,0.6394104374999999,-1.1158398626351638,-0.005579199313175819,21,SL,False
NQ,D,long,BULL_STRONG,2019-11-20 07:00:00+00:00,2019-11-20 15:00:00+00:00,8303.625,8245.168854166666,-1.0178937585525996,-0.005089468792762998,2,SL,False
YM,D,long,BULL_STRONG,2019-11-20 07:00:00+00:00,2019-11-25 23:00:00+00:00,27790.5,28089.03964285714,1.7152451055121525,0.008576225527560762,22,TP2,True
ES,D,long,BULL_STRONG,2019-11-20 15:00:00+00:00,2019-11-25 19:00:00+00:00,3100.625,3132.051071428571,1.7626785307239026,0.008813392653619512,19,TP2,True
NZDCAD,D,long,BULL_STRONG,2019-11-21 22:00:00+00:00,2019-12-02 10:00:00+00:00,0.8511,0.8594592374999999,1.5277006170240375,0.007638503085120187,39,TP2,True
NQ,D,long,BULL_STRONG,2019-11-21 23:00:00+00:00,2019-11-22 15:00:00+00:00,8295.375,8245.168854166666,-1.0208429885091108,-0.005104214942545554,4,SL,False
AUDNZD,D,short,BEAR_STRONG,2019-11-25 06:00:00+00:00,2019-11-26 06:00:00+00:00,1.05777,1.05794,0.47135554767808474,0.002356777738390424,6,BE_STOP,True
AUDNZD,D,short,BEAR_STRONG,2019-11-26 14:00:00+00:00,2019-12-02 06:00:00+00:00,1.05641,1.0503294517857147,1.5909097879687488,0.007954548939843745,22,TP2,True
NZDUSD,D,long,BULL_STRONG,2019-11-26 22:00:00+00:00,2019-11-27 22:00:00+00:00,0.6428900000000001,0.6401887375,-1.0804226308155673,-0.0054021131540778365,6,SL,False
GBPCAD,D,long,BULL_STRONG,2019-11-28 06:00:00+00:00,2019-11-28 14:00:00+00:00,1.72029,1.7139482583333332,-1.0665680163217008,-0.005332840081608504,2,SL,False
EURNZD,D,short,BEAR_STRONG,2019-12-02 02:00:00+00:00,2019-12-04 10:00:00+00:00,1.70853,1.6964786428571432,1.6576830236677482,0.008288415118338742,14,TP2,True
USDCHF,D,long,BULL_STRONG,2019-12-02 06:00:00+00:00,2019-12-02 10:00:00+00:00,1.00007,0.99829165,-1.1362334823940734,-0.0056811674119703675,1,SL,False
NZDCHF,D,long,BULL_STRONG,2019-12-03 22:00:00+00:00,2019-12-04 22:00:00+00:00,0.64323,0.6479158794642856,1.5758493241841955,0.007879246620920977,6,TP2,True
NZDJPY,D,long,BULL_STRONG,2019-12-03 22:00:00+00:00,2019-12-11 18:00:00+00:00,70.73299999999999,71.56898491071429,1.5547148848892314,0.007773574424446157,35,TP2,True
NZDCHF,D,long,BULL_STRONG,2019-12-10 02:00:00+00:00,2019-12-10 06:00:00+00:00,0.64834,0.6455462,-1.0993854714536158,-0.005496927357268079,1,SL,False
EURNZD,D,short,BEAR_STRONG,2019-12-10 06:00:00+00:00,2019-12-10 22:00:00+00:00,1.69242,1.6981050499999997,-1.0737869647600713,-0.005368934823800357,4,SL,False
GBPUSD,D,long,BULL_STRONG,2019-12-11 14:00:00+00:00,2019-12-12 10:00:00+00:00,1.3172800000000002,1.3125362749999996,-1.0589676441990268,-0.005294838220995134,5,SL,False
EURNZD,D,short,BEAR_STRONG,2019-12-11 18:00:00+00:00,2019-12-17 10:00:00+00:00,1.69019,1.6981050499999997,-1.0331342728581505,-0.005165671364290753,22,SL,False
NZDCHF,D,long,BULL_STRONG,2019-12-11 18:00:00+00:00,2019-12-12 22:00:00+00:00,0.64747,0.6514314142857143,1.6580632585568948,0.008290316292784474,7,TP2,True
USDCHF,D,short,BEAR_STRONG,2019-12-12 22:00:00+00:00,2019-12-19 14:00:00+00:00,0.98461,0.9781037267857146,1.7654818978760087,0.008827409489380043,28,TP2,True
EURGBP,D,short,BEAR_STRONG,2019-12-16 06:00:00+00:00,2019-12-17 06:00:00+00:00,0.83491,0.8434171375000001,-1.028413517229385,-0.0051420675861469246,6,SL,False
HG,D,long,BULL_STRONG,2019-12-16 15:00:00+00:00,2019-12-31 03:00:00+00:00,2.81325,2.812,0.635529880978537,0.003177649404892685,56,BE_STOP,True
EURNZD,D,short,BEAR_STRONG,2019-12-19 18:00:00+00:00,2019-12-23 10:00:00+00:00,1.6832,1.6723295982142858,1.7423602499141173,0.008711801249570586,10,TP2,True
AUDJPY,D,long,BULL_STRONG,2019-12-23 02:00:00+00:00,2019-12-27 10:00:00+00:00,75.575,76.20168250000003,1.5340418237916187,0.007670209118958093,20,TP2,True
NG,D,short,BEAR_STRONG,2019-12-23 03:00:00+00:00,2019-12-26 11:00:00+00:00,2.2445,2.246,0.6753014841731954,0.003376507420865977,13,BE_STOP,True
NZDUSD,D,long,BULL_STRONG,2019-12-23 10:00:00+00:00,2019-12-26 18:00:00+00:00,0.6619700000000001,0.6672012080357144,1.5872225056109892,0.007936112528054946,14,TP2,True
NZDJPY,D,long,BULL_STRONG,2019-12-23 10:00:00+00:00,2019-12-26 10:00:00+00:00,72.42,72.91449946428575,1.5493953292824358,0.007746976646412179,12,TP2,True
PL,D,long,BULL_STRONG,2019-12-24 03:00:00+00:00,2019-12-26 11:00:00+00:00,939.35,961.3292410714289,1.8388701563587442,0.00919435078179372,7,TP2,True
EURCHF,D,short,BEAR_STRONG,2019-12-24 18:00:00+00:00,2019-12-26 02:00:00+00:00,1.08667,1.0883615958333335,-1.2117078615379007,-0.006058539307689503,2,SL,False
CADCHF,D,short,BEAR_STRONG,2019-12-30 02:00:00+00:00,2019-12-31 14:00:00+00:00,0.74399,0.7467040156249999,-1.088112116056684,-0.00544056058028342,9,SL,False
AUDCAD,D,long,BULL_STRONG,2019-12-30 02:00:00+00:00,2019-12-31 18:00:00+00:00,0.91356,0.9103703697916667,-1.1152122531560014,-0.005576061265780007,10,SL,False
EURCHF,D,short,BEAR_STRONG,2019-12-30 14:00:00+00:00,2020-01-08 10:00:00+00:00,1.08519,1.0789209598214287,1.611494404780106,0.00805747202390053,35,TP2,True
AUDNZD,D,short,BEAR_STRONG,2019-12-30 14:00:00+00:00,2019-12-31 06:00:00+00:00,1.03987,1.0423515260416665,-1.1365253059284148,-0.005682626529642075,4,SL,False
PL,D,long,BULL_STRONG,2019-12-30 15:00:00+00:00,2020-01-02 11:00:00+00:00,965.75,997.9099417701863,1.7278043785637958,0.008639021892818979,11,TP2,True
NG,D,short,BEAR_STRONG,2019-12-31 11:00:00+00:00,2020-01-10 11:00:00+00:00,2.1545,2.2173434782608696,-1.0272622297824092,-0.005136311148912046,42,SL,False
CADCHF,D,short,BEAR_STRONG,2019-12-31 14:00:00+00:00,2020-01-02 02:00:00+00:00,0.74449,0.7467040156249999,-1.134161694580988,-0.00567080847290494,3,SL,False
EURCAD,D,short,BEAR_STRONG,2020-01-02 02:00:00+00:00,2020-01-03 10:00:00+00:00,1.45519,1.447040864955357,1.624922443466425,0.008124612217332124,8,TP2,True
YM,D,long,BULL_STRONG,2020-01-02 23:00:00+00:00,2020-01-03 07:00:00+00:00,28685.5,28520.98586956522,-1.023279208924273,-0.005116396044621365,2,SL,False
PL,D,long,BULL_STRONG,2020-01-06 03:00:00+00:00,2020-01-06 11:00:00+00:00,995.45,983.9175,-1.029216574340793,-0.005146082871703966,2,SL,False
ES,D,long,BULL_STRONG,2020-01-07 03:00:00+00:00,2020-01-07 23:00:00+00:00,3249.125,3218.9576822916665,-1.021311869932912,-0.00510655934966456,5,SL,False
EURCHF,D,short,BEAR_STRONG,2020-01-08 14:00:00+00:00,2020-01-15 06:00:00+00:00,1.08195,1.075209323660714,1.6656609171970944,0.008328304585985472,28,TP2,True
YM,D,long,BULL_STRONG,2020-01-08 19:00:00+00:00,2020-01-10 19:00:00+00:00,28764.5,28763.0,0.7079105271695053,0.0035395526358475266,12,BE_STOP,True
CADJPY,D,long,BULL_STRONG,2020-01-13 02:00:00+00:00,2020-01-14 06:00:00+00:00,84.053,84.036,0.5503807940081968,0.002751903970040984,7,BE_STOP,True
CADJPY,D,long,BULL_STRONG,2020-01-14 06:00:00+00:00,2020-01-22 14:00:00+00:00,84.181,83.78543583333335,-1.1552850089262683,-0.005776425044631341,38,SL,False
NKD,D,long,BULL_STRONG,2020-01-15 15:00:00+00:00,2020-01-23 11:00:00+00:00,23932.5,23731.983333333334,-1.0487760987824888,-0.005243880493912444,34,SL,False
SI,D,long,BULL_STRONG,2020-01-20 15:00:00+00:00,2020-01-21 07:00:00+00:00,18.087500000000002,17.97455625,-1.2647723032271472,-0.006323861516135736,3,SL,False
PA,D,long,BULL_STRONG,2020-01-20 23:00:00+00:00,2020-01-21 15:00:00+00:00,2282.325,2220.88575,-1.0050165499863408,-0.005025082749931705,4,SL,False
AUDCHF,D,short,BEAR_STRONG,2020-01-21 02:00:00+00:00,2020-01-27 06:00:00+00:00,0.66383,0.6591724107142857,1.5882773478603618,0.007941386739301809,25,TP2,True
AUDCAD,D,short,BEAR_STRONG,2020-01-27 10:00:00+00:00,2020-02-04 02:00:00+00:00,0.89245,0.89262,0.6785521329641416,0.0033927606648207083,34,BE_STOP,True
NZDCHF,D,short,BEAR_STRONG,2020-01-29 02:00:00+00:00,2020-01-30 10:00:00+00:00,0.63637,0.6303145928571429,1.6450383381875582,0.008225191690937791,8,TP2,True
NZDCAD,D,short,BEAR_STRONG,2020-01-29 14:00:00+00:00,2020-01-30 22:00:00+00:00,0.86063,0.8561308928571428,1.6221044595265588,0.008110522297632794,8,TP2,True
EURCHF,D,short,BEAR_STRONG,2020-01-29 22:00:00+00:00,2020-02-04 06:00:00+00:00,1.07115,1.07132,0.6080101987420886,0.0030400509937104432,20,BE_STOP,True
NKD,D,short,BEAR_STRONG,2020-02-03 07:00:00+00:00,2020-02-04 07:00:00+00:00,22822.5,23204.114583333332,-1.024927656967841,-0.005124638284839205,6,SL,False
USDJPY,D,short,BEAR_STRONG,2020-02-03 10:00:00+00:00,2020-02-04 06:00:00+00:00,108.531,108.9968125,-1.0529633930770292,-0.005264816965385146,5,SL,False
EURUSD,D,short,BEAR_STRONG,2020-02-05 18:00:00+00:00,2020-02-07 10:00:00+00:00,1.0997799999999998,1.095319929464286,1.6034910412580017,0.008017455206290009,10,TP2,True
NQ,D,long,BULL_STRONG,2020-02-10 19:00:00+00:00,2020-02-19 19:00:00+00:00,9526.375,9746.306026785714,1.7392936426109715,0.008696468213054857,41,TP2,True
ES,D,long,BULL_STRONG,2020-02-11 11:00:00+00:00,2020-02-21 11:00:00+00:00,3364.375,3337.3134375,-1.0241376160755062,-0.005120688080377531,47,SL,False
SI,D,short,BEAR_STRONG,2020-02-12 07:00:00+00:00,2020-02-13 11:00:00+00:00,17.5325,17.720218749999997,-1.144672441838479,-0.005723362209192395,7,SL,False
YM,D,long,BULL_STRONG,2020-02-12 15:00:00+00:00,2020-02-18 07:00:00+00:00,29448.5,29227.79458333333,-1.017590258756531,-0.005087951293782656,21,SL,False
GBPAUD,D,long,BULL_STRONG,2020-02-13 18:00:00+00:00,2020-02-19 22:00:00+00:00,1.94113,1.9324129687500002,-1.0750855099541166,-0.005375427549770583,25,SL,False
NZDUSD,D,short,BEAR_STRONG,2020-02-13 18:00:00+00:00,2020-02-19 14:00:00+00:00,0.6436799999999999,0.6377219348214285,1.787622028362333,0.008938110141811666,23,TP2,True
NG,D,short,BEAR_STRONG,2020-02-13 19:00:00+00:00,2020-02-16 23:00:00+00:00,1.8275000000000001,1.874585,-1.0361127563891595,-0.005180563781945797,7,SL,False
EURCAD,D,short,BEAR_STRONG,2020-02-17 06:00:00+00:00,2020-02-18 06:00:00+00:00,1.43457,1.4368704791666667,-1.150595136070715,-0.005752975680353575,6,SL,False
DAX,D,long,BULL_STRONG,2020-02-17 16:00:00+00:00,2020-02-18 00:00:00+00:00,13777.25,13737.733333333334,-1.047777644024076,-0.00523888822012038,2,SL,False
NZDCAD,D,short,BEAR_STRONG,2020-02-18 02:00:00+00:00,2020-02-19 14:00:00+00:00,0.84993,0.8440290374999998,1.5697139292105857,0.00784856964605293,9,TP2,True
AUDJPY,D,short,BEAR_STRONG,2020-02-18 02:00:00+00:00,2020-02-19 02:00:00+00:00,73.41600000000001,73.79500937499999,-1.061540505684409,-0.005307702528422045,6,SL,False
GBPNZD,D,long,BULL_STRONG,2020-02-20 02:00:00+00:00,2020-02-21 10:00:00+00:00,2.0299300000000002,2.049417995982143,1.7407659615364488,0.008703829807682244,8,TP2,True
EURCAD,D,short,BEAR_STRONG,2020-02-20 14:00:00+00:00,2020-02-21 14:00:00+00:00,1.43091,1.4368704791666667,-1.055319670579939,-0.005276598352899695,6,SL,False
USDCAD,D,long,BULL_STRONG,2020-02-24 06:00:00+00:00,2020-02-27 18:00:00+00:00,1.32959,1.3389906138392849,1.6605353503665992,0.008302676751832995,21,TP2,True
GBPNZD,D,long,BULL_STRONG,2020-02-24 06:00:00+00:00,2020-02-27 06:00:00+00:00,2.04233,2.04216,0.687287040970058,0.00343643520485029,18,BE_STOP,True
NZDJPY,D,short,BEAR_STRONG,2020-02-24 06:00:00+00:00,2020-02-27 02:00:00+00:00,70.281,69.27306540178571,1.6850656518127858,0.00842532825906393,17,TP2,True
AUDJPY,D,short,BEAR_STRONG,2020-02-24 10:00:00+00:00,2020-02-26 22:00:00+00:00,73.39800000000001,72.20133718750002,1.6871131481398154,0.008435565740699077,15,TP2,True
EURCHF,D,short,BEAR_STRONG,2020-02-25 10:00:00+00:00,2020-02-25 14:00:00+00:00,1.05954,1.0617667624999998,-1.1547750894913849,-0.005773875447456924,1,SL,False
HG,D,short,BEAR_STRONG,2020-02-25 11:00:00+00:00,2020-02-28 15:00:00+00:00,2.57725,2.5075123614532027,1.627619563699815,0.008138097818499074,19,TP2,True
GBPNZD,D,long,BULL_STRONG,2020-02-27 06:00:00+00:00,2020-02-28 06:00:00+00:00,2.04203,2.065474140624999,1.7140189022064376,0.008570094511032187,6,TP2,True
NZDUSD,D,short,BEAR_STRONG,2020-03-02 18:00:00+00:00,2020-03-05 10:00:00+00:00,0.62605,0.6331471979166667,-1.0167894501338701,-0.005083947250669351,16,SL,False
AUDCAD,D,short,BEAR_STRONG,2020-03-02 22:00:00+00:00,2020-03-03 10:00:00+00:00,0.8692799999999999,0.87843996875,-1.032447187316419,-0.005162235936582095,3,SL,False
GBPCAD,D,short,BEAR_STRONG,2020-03-02 22:00:00+00:00,2020-03-04 14:00:00+00:00,1.70406,1.7205093187499998,-1.0220260076915075,-0.0051101300384575376,10,SL,False
EURNZD,D,long,BULL_STRONG,2020-03-09 13:00:00+00:00,2020-03-15 21:00:00+00:00,1.79836,1.8507473607142855,1.9904708714981116,0.009952354357490558,26,TP2,True
EURGBP,D,long,BULL_STRONG,2020-03-09 13:00:00+00:00,2020-03-09 17:00:00+00:00,0.87323,0.8711043083333333,-1.1494367465900843,-0.005747183732950422,1,SL,False
GBPCHF,D,short,BEAR_STRONG,2020-03-09 13:00:00+00:00,2020-03-11 09:00:00+00:00,1.2157499999999999,1.21592,0.6928174252314447,0.003464087126157224,11,BE_STOP,True
EURAUD,D,long,BULL_STRONG,2020-03-09 13:00:00+00:00,2020-03-13 13:00:00+00:00,1.73307,1.8031036223214283,1.7632401701357572,0.008816200850678786,24,TP2,True
GBPAUD,D,long,BULL_STRONG,2020-03-09 17:00:00+00:00,2020-03-19 05:00:00+00:00,1.99051,2.0591814580357144,1.7491744250983323,0.008745872125491662,45,TP2,True
GBPNZD,D,long,BULL_STRONG,2020-03-09 17:00:00+00:00,2020-03-11 09:00:00+00:00,2.07154,2.0389283729166663,-1.0157210240623917,-0.005078605120311959,10,SL,False
CHFJPY,D,short,BEAR_STRONG,2020-03-09 21:00:00+00:00,2020-03-10 09:00:00+00:00,111.053,112.37617499999999,-1.0249181158726786,-0.005124590579363393,3,SL,False
SI,D,short,BEAR_STRONG,2020-03-09 22:00:00+00:00,2020-03-10 22:00:00+00:00,17.0475,17.07,0.4703566014559189,0.0023517830072795945,6,BE_STOP,True
NZDCHF,D,short,BEAR_STRONG,2020-03-10 05:00:00+00:00,2020-03-18 09:00:00+00:00,0.58855,0.5615044397321429,1.7635013968057538,0.00881750698402877,37,TP2,True
GBPJPY,D,short,BEAR_STRONG,2020-03-10 09:00:00+00:00,2020-03-12 09:00:00+00:00,135.743,131.68338749999998,1.8598932496309293,0.009299466248154647,12,TP2,True
EURGBP,D,long,BULL_STRONG,2020-03-10 13:00:00+00:00,2020-03-11 09:00:00+00:00,0.87585,0.87568,0.6396081648858122,0.003198040824429061,5,BE_STOP,True
EURJPY,D,short,BEAR_STRONG,2020-03-10 13:00:00+00:00,2020-03-13 09:00:00+00:00,117.88300000000001,119.76114583333333,-1.0126285751385213,-0.005063142875692607,17,SL,False
USDJPY,D,short,BEAR_STRONG,2020-03-11 05:00:00+00:00,2020-03-13 13:00:00+00:00,105.241,107.71756666666667,-1.0071867318681025,-0.005035933659340512,14,SL,False
NZDJPY,D,short,BEAR_STRONG,2020-03-11 05:00:00+00:00,2020-03-16 09:00:00+00:00,66.44500000000001,63.51393683035717,1.9291943406266725,0.009645971703133362,19,TP2,True
AUDJPY,D,short,BEAR_STRONG,2020-03-11 05:00:00+00:00,2020-03-18 05:00:00+00:00,68.649,63.70578709821428,1.7278741576455534,0.008639370788227766,30,TP2,True
SI,D,short,BEAR_STRONG,2020-03-11 06:00:00+00:00,2020-03-12 10:00:00+00:00,16.9775,16.408097699175826,1.7033310229424177,0.008516655114712088,7,TP2,True
CHFJPY,D,short,BEAR_STRONG,2020-03-11 13:00:00+00:00,2020-03-12 13:00:00+00:00,111.683,111.7,0.6703081746589443,0.0033515408732947218,6,BE_STOP,True
EURGBP,D,long,BULL_STRONG,2020-03-11 17:00:00+00:00,2020-03-13 13:00:00+00:00,0.8793300000000001,0.8957585375000001,1.7143694013445905,0.008571847006722953,11,TP2,True
CHFJPY,D,short,BEAR_STRONG,2020-03-12 21:00:00+00:00,2020-03-13 09:00:00+00:00,111.07300000000001,112.37617499999999,-1.0253077691604922,-0.005126538845802461,3,SL,False
AUDNZD,D,short,BEAR_STRONG,2020-03-16 01:00:00+00:00,2020-03-17 13:00:00+00:00,1.01974,1.0038977008928571,1.83308414607593,0.00916542073037965,9,TP2,True
USDCAD,D,long,BULL_STRONG,2020-03-16 05:00:00+00:00,2020-03-17 17:00:00+00:00,1.3879800000000002,1.4249340642857142,1.7752885416573585,0.008876442708286792,9,TP2,True
NZDJPY,D,short,BEAR_STRONG,2020-03-16 09:00:00+00:00,2020-03-17 01:00:00+00:00,63.413,65.03823749999998,-1.016090795047371,-0.005080453975236855,4,SL,False
EURCHF,D,short,BEAR_STRONG,2020-03-16 09:00:00+00:00,2020-03-16 17:00:00+00:00,1.05442,1.0583785833333335,-1.0838357697468233,-0.005419178848734116,2,SL,False
CADCHF,D,short,BEAR_STRONG,2020-03-16 17:00:00+00:00,2020-03-19 13:00:00+00:00,0.67545,0.67562,0.6993154869420131,0.0034965774347100655,17,BE_STOP,True
NZDJPY,D,short,BEAR_STRONG,2020-03-17 09:00:00+00:00,2020-03-19 01:00:00+00:00,63.823,61.004286607142895,1.8980791382581221,0.00949039569129061,10,TP2,True
EURCAD,D,long,BULL_STRONG,2020-03-17 21:00:00+00:00,2020-03-19 01:00:00+00:00,1.5648900000000001,1.5964636625000004,1.8871005632664777,0.009435502816332389,7,TP2,True
EURCHF,D,short,BEAR_STRONG,2020-03-18 09:00:00+00:00,2020-03-18 21:00:00+00:00,1.05452,1.0583785833333335,-1.0861124099134676,-0.005430562049567338,3,SL,False
AUDNZD,D,short,BEAR_STRONG,2020-03-19 17:00:00+00:00,2020-03-24 13:00:00+00:00,1.01316,1.0268401041666668,-1.0156802936074083,-0.005078401468037042,17,SL,False
EURNZD,D,long,BULL_STRONG,2020-03-19 21:00:00+00:00,2020-04-02 21:00:00+00:00,1.86401,1.83787,-0.38883935636377465,-0.0019441967818188733,60,TIME,False
NZDJPY,D,short,BEAR_STRONG,2020-03-19 21:00:00+00:00,2020-03-24 21:00:00+00:00,63.574999999999996,65.03823749999998,-1.0075371437955356,-0.005037685718977678,18,SL,False
NZDCHF,D,short,BEAR_STRONG,2020-03-23 01:00:00+00:00,2020-03-25 05:00:00+00:00,0.55441,0.5755818666666668,-1.0070287752199807,-0.005035143876099903,13,SL,False
ES,D,short,BEAR_STRONG,2020-03-23 14:00:00+00:00,2020-03-24 14:00:00+00:00,2225.125,2397.9477083333336,-1.003206827190368,-0.00501603413595184,6,SL,False
EURJPY,D,short,BEAR_STRONG,2020-03-30 13:00:00+00:00,2020-04-02 09:00:00+00:00,118.903,116.77565535714284,1.7720589281113477,0.008860294640556739,17,TP2,True
GBPAUD,D,long,BULL_STRONG,2020-03-31 13:00:00+00:00,2020-04-06 21:00:00+00:00,2.03202,2.0044683749999996,-1.0239022629226795,-0.005119511314613397,26,SL,False
CADJPY,D,short,BEAR_STRONG,2020-03-31 13:00:00+00:00,2020-04-03 13:00:00+00:00,75.959,76.88682291666666,-1.0138712583629685,-0.005069356291814843,18,SL,False
AUDUSD,D,long,BULL_STRONG,2020-04-13 13:00:00+00:00,2020-04-15 05:00:00+00:00,0.63847,0.633510375,-1.0429983417614366,-0.005214991708807183,10,SL,False
EURCAD,D,short,BEAR_STRONG,2020-04-13 17:00:00+00:00,2020-04-14 17:00:00+00:00,1.51701,1.5271008333333336,-1.0335033750524985,-0.005167516875262492,6,SL,False
CADCHF,D,long,BULL_STRONG,2020-04-13 17:00:00+00:00,2020-04-14 09:00:00+00:00,0.69601,0.6917567916666667,-1.0654978580976981,-0.005327489290488491,4,SL,False
EURAUD,D,short,BEAR_STRONG,2020-04-16 21:00:00+00:00,2020-04-21 09:00:00+00:00,1.70819,1.725376,-1.018167994828397,-0.005090839974141986,15,SL,False
AUDCAD,D,long,BULL_STRONG,2020-04-20 05:00:00+00:00,2020-05-04 05:00:00+00:00,0.89746,0.90429,1.0773319907436314,0.005386659953718157,60,TIME,True
GBPAUD,D,short,BEAR_STRONG,2020-04-20 09:00:00+00:00,2020-04-20 21:00:00+00:00,1.95413,1.9649838541666669,-1.0415185562326321,-0.005207592781163161,3,SL,False
ES,D,long,BULL_STRONG,2020-04-20 14:00:00+00:00,2020-04-21 02:00:00+00:00,2846.375,2774.4321875,-1.0084215232930305,-0.005042107616465153,3,SL,False
GBPAUD,D,short,BEAR_STRONG,2020-04-22 01:00:00+00:00,2020-04-27 13:00:00+00:00,1.95047,1.9201627901785707,1.7736467089044952,0.008868233544522475,21,TP2,True
CL,D,short,BEAR_STRONG,2020-04-22 02:00:00+00:00,2020-05-04 18:00:00+00:00,10.905,21.290895833333334,-1.0015304753085057,-0.0050076523765425285,52,SL,False
CHFJPY,D,short,BEAR_STRONG,2020-04-22 17:00:00+00:00,2020-04-28 05:00:00+00:00,110.88300000000001,109.73766607142859,1.654436141348484,0.00827218070674242,21,TP2,True
EURCAD,D,short,BEAR_STRONG,2020-04-23 13:00:00+00:00,2020-04-27 05:00:00+00:00,1.51949,1.5274151791666666,-1.042904050680111,-0.005214520253400555,10,SL,False
EURAUD,D,short,BEAR_STRONG,2020-04-23 17:00:00+00:00,2020-04-30 01:00:00+00:00,1.69159,1.6563669919642852,1.7149844748702785,0.008574922374351392,26,TP2,True
EURNZD,D,short,BEAR_STRONG,2020-04-27 05:00:00+00:00,2020-04-28 01:00:00+00:00,1.78994,1.7987903291666667,-1.0484534159850898,-0.005242267079925449,5,SL,False
SI,D,long,BULL_STRONG,2020-04-30 06:00:00+00:00,2020-04-30 10:00:00+00:00,15.807500000000001,15.280558333333332,-1.0471106999487898,-0.005235553499743949,1,SL,False
SI,D,short,BEAR_STRONG,2020-05-04 14:00:00+00:00,2020-05-05 18:00:00+00:00,14.8425,15.16765625,-1.0782650283944273,-0.005391325141972137,7,SL,False
CHFJPY,D,short,BEAR_STRONG,2020-05-07 13:00:00+00:00,2020-05-08 09:00:00+00:00,109.093,109.67824999999999,-1.056793699955999,-0.005283968499779995,5,SL,False
USDJPY,D,short,BEAR_STRONG,2020-05-07 17:00:00+00:00,2020-05-08 09:00:00+00:00,106.261,106.66195833333333,-1.0609160157329653,-0.005304580078664827,4,SL,False
EURCHF,D,short,BEAR_STRONG,2020-05-11 09:00:00+00:00,2020-05-13 09:00:00+00:00,1.0517,1.0531054583333337,-1.1758359583150293,-0.005879179791575147,12,SL,False
NZDCHF,D,long,BULL_STRONG,2020-05-12 05:00:00+00:00,2020-05-12 21:00:00+00:00,0.59126,0.5887349375,-1.1073332024097062,-0.005536666012048531,4,SL,False
RTY,D,long,BULL_STRONG,2020-05-12 10:00:00+00:00,2020-05-12 18:00:00+00:00,1308.35,1269.717166666667,-1.006617703997883,-0.005033088519989415,2,SL,False
NZDCAD,D,long,BULL_STRONG,2020-05-12 17:00:00+00:00,2020-05-13 01:00:00+00:00,0.8557400000000001,0.8501761166666667,-1.0537281921188513,-0.005268640960594257,2,SL,False
NQ,D,long,BULL_STRONG,2020-05-18 10:00:00+00:00,2020-05-27 14:00:00+00:00,9261.375,9261.0,0.7425223228241956,0.0037126116141209782,42,BE_STOP,True
AUDCHF,D,long,BULL_STRONG,2020-05-18 17:00:00+00:00,2020-05-26 13:00:00+00:00,0.63378,0.6440734875,1.5828654195627176,0.007914327097813588,35,TP2,True
GBPCHF,D,short,BEAR_STRONG,2020-05-20 09:00:00+00:00,2020-05-26 05:00:00+00:00,1.1839,1.1898742374999995,-1.03200179179436,-0.0051600089589718,23,SL,False
YM,D,long,BULL_STRONG,2020-05-25 10:00:00+00:00,2020-05-27 06:00:00+00:00,24688.5,25345.681696428575,1.7551354938428343,0.008775677469214172,10,TP2,True
AUDCAD,D,long,BULL_STRONG,2020-05-26 13:00:00+00:00,2020-05-26 21:00:00+00:00,0.91725,0.9154948875000001,-1.1882610855696467,-0.005941305427848233,2,SL,False
NZDCAD,D,long,BULL_STRONG,2020-05-26 13:00:00+00:00,2020-05-27 01:00:00+00:00,0.85598,0.8523834166666666,-1.084584897492644,-0.00542292448746322,3,SL,False
EURGBP,D,long,BULL_STRONG,2020-05-27 21:00:00+00:00,2020-05-29 13:00:00+00:00,0.89876,0.89859,0.6282661099543179,0.0031413305497715893,10,BE_STOP,True
EURNZD,D,short,BEAR_STRONG,2020-05-27 21:00:00+00:00,2020-05-29 05:00:00+00:00,1.78076,1.7909155916666668,-1.0369839276757924,-0.005184919638378962,8,SL,False
AUDCHF,D,long,BULL_STRONG,2020-05-28 01:00:00+00:00,2020-06-01 13:00:00+00:00,0.63957,0.6501095437499999,1.6479358943368896,0.008239679471684448,15,TP2,True
EURJPY,D,long,BULL_STRONG,2020-05-28 05:00:00+00:00,2020-06-02 05:00:00+00:00,118.61699999999999,120.1159696428571,1.6937688721345852,0.008468844360672925,18,TP2,True
GBPJPY,D,long,BULL_STRONG,2020-06-01 01:00:00+00:00,2020-06-02 05:00:00+00:00,133.167,135.06445089285717,1.7152663373293182,0.008576331686646592,7,TP2,True
NZDJPY,D,long,BULL_STRONG,2020-06-01 01:00:00+00:00,2020-06-02 09:00:00+00:00,67.092,68.17793517857145,1.6665486144241175,0.008332743072120587,8,TP2,True
NZDUSD,D,long,BULL_STRONG,2020-06-01 01:00:00+00:00,2020-06-02 13:00:00+00:00,0.62387,0.6333832008928572,1.7518199250989568,0.008759099625494784,9,TP2,True
NQ,D,long,BULL_STRONG,2020-06-01 02:00:00+00:00,2020-06-07 22:00:00+00:00,9558.125,9861.673137315269,1.8757193934933125,0.009378596967466563,29,TP2,True
USDCAD,D,short,BEAR_STRONG,2020-06-01 05:00:00+00:00,2020-06-01 17:00:00+00:00,1.3712399999999998,1.3561492044642858,1.7774919341328135,0.008887459670664068,3,TP2,True
HG,D,long,BULL_STRONG,2020-06-01 06:00:00+00:00,2020-06-05 02:00:00+00:00,2.43725,2.507799214901478,1.67599350413746,0.008379967520687301,23,TP2,True
ES,D,long,BULL_STRONG,2020-06-02 06:00:00+00:00,2020-06-05 10:00:00+00:00,3073.375,3160.7763008004927,1.7751224382655464,0.008875612191327733,19,TP2,True
AUDNZD,D,long,BULL_STRONG,2020-06-04 09:00:00+00:00,2020-06-05 13:00:00+00:00,1.07692,1.0708748874999998,-1.0631083745204855,-0.005315541872602427,7,SL,False
CADCHF,D,long,BULL_STRONG,2020-06-08 09:00:00+00:00,2020-06-09 05:00:00+00:00,0.71596,0.710951375,-1.0558494200315183,-0.005279247100157591,5,SL,False
GBPUSD,D,long,BULL_STRONG,2020-06-11 09:00:00+00:00,2020-06-11 21:00:00+00:00,1.26489,1.2554113416666663,-1.0284475790381982,-0.005142237895190991,3,SL,False
NZDCAD,D,long,BULL_STRONG,2020-06-15 09:00:00+00:00,2020-06-16 13:00:00+00:00,0.87923,0.8738298624999999,-1.065599078418111,-0.005327995392090556,7,SL,False
GBPNZD,D,short,BEAR_STRONG,2020-06-17 09:00:00+00:00,2020-06-19 09:00:00+00:00,1.94338,1.9226526455357147,1.7925816826042404,0.008962908413021203,12,TP2,True
GBPAUD,D,short,BEAR_STRONG,2020-06-18 09:00:00+00:00,2020-07-02 09:00:00+00:00,1.81479,1.80441,1.0445092839430512,0.005222546419715256,60,TIME,True
NZDCHF,D,long,BULL_STRONG,2020-06-22 13:00:00+00:00,2020-06-23 01:00:00+00:00,0.61525,0.6114042749999998,-1.0696828516823196,-0.005348414258411598,3,SL,False
USDCAD,D,short,BEAR_STRONG,2020-06-22 21:00:00+00:00,2020-06-23 01:00:00+00:00,1.3512899999999999,1.3560562250000001,-1.059702131527063,-0.0052985106576353145,1,SL,False
NZDUSD,D,long,BULL_STRONG,2020-06-22 21:00:00+00:00,2020-06-23 01:00:00+00:00,0.64813,0.6443638,-1.0491644089005057,-0.005245822044502528,1,SL,False
NQ,D,long,BULL_STRONG,2020-06-22 22:00:00+00:00,2020-06-24 14:00:00+00:00,10088.875,9937.25875,-1.0078160554742837,-0.005039080277371418,10,SL,False
NZDUSD,D,long,BULL_STRONG,2020-06-23 05:00:00+00:00,2020-06-24 05:00:00+00:00,0.64857,0.6443638,-1.0512122345853065,-0.005256061172926533,6,SL,False
USDCAD,D,short,BEAR_STRONG,2020-06-23 09:00:00+00:00,2020-06-24 05:00:00+00:00,1.3496,1.3560562250000001,-1.0438162333251093,-0.005219081166625546,5,SL,False
DAX,D,long,BULL_STRONG,2020-06-23 12:00:00+00:00,2020-06-24 08:00:00+00:00,12480.75,12227.357083333334,-1.0069206769105934,-0.005034603384552967,5,SL,False
AUDUSD,D,long,BULL_STRONG,2020-06-23 13:00:00+00:00,2020-06-24 13:00:00+00:00,0.69433,0.6863069333333334,-1.0273798531043106,-0.005136899265521553,6,SL,False
EURUSD,D,long,BULL_STRONG,2020-06-23 13:00:00+00:00,2020-06-25 05:00:00+00:00,1.1309500000000001,1.12348785,-1.0377546577321608,-0.005188773288660804,10,SL,False
NQ,D,long,BULL_STRONG,2020-06-25 22:00:00+00:00,2020-06-26 14:00:00+00:00,10107.125,9937.25875,-1.006983074347496,-0.005034915371737479,4,SL,False
HG,D,long,BULL_STRONG,2020-06-29 02:00:00+00:00,2020-07-06 10:00:00+00:00,2.6917500000000003,2.771170535714285,1.6514177676144248,0.008257088838072125,31,TP2,True
EURCAD,D,long,BULL_STRONG,2020-06-29 05:00:00+00:00,2020-06-30 13:00:00+00:00,1.53765,1.5306637625000001,-1.0638579568273574,-0.005319289784136787,8,SL,False
GBPNZD,D,short,BEAR_STRONG,2020-06-29 09:00:00+00:00,2020-07-01 13:00:00+00:00,1.91675,1.9260226583333335,-1.0371699109875407,-0.005185849554937704,13,SL,False
CHFJPY,D,long,BULL_STRONG,2020-06-29 13:00:00+00:00,2020-06-30 17:00:00+00:00,113.187,113.87022321428574,1.5919976192198766,0.007959988096099383,7,TP2,True
RTY,D,long,BULL_STRONG,2020-06-30 18:00:00+00:00,2020-07-08 14:00:00+00:00,1436.1499999999999,1400.79625,-1.0075245392891343,-0.005037622696445671,34,SL,False
GBPNZD,D,short,BEAR_STRONG,2020-07-06 01:00:00+00:00,2020-07-07 17:00:00+00:00,1.90757,1.91661645,-1.0436052475933513,-0.005218026237966756,10,SL,False
AUDCAD,D,long,BULL_STRONG,2020-07-06 01:00:00+00:00,2020-07-08 13:00:00+00:00,0.94279,0.94262,0.579718245882202,0.00289859122941101,15,BE_STOP,True
NZDUSD,D,long,BULL_STRONG,2020-07-06 05:00:00+00:00,2020-07-13 17:00:00+00:00,0.65425,0.65416,0.6404021305807667,0.0032020106529038334,33,BE_STOP,True
CL,D,long,BULL_STRONG,2020-07-08 06:00:00+00:00,2020-07-09 14:00:00+00:00,40.525,39.63522413793103,-1.0208533417427132,-0.005104266708713567,8,SL,False
AUDCAD,D,long,BULL_STRONG,2020-07-08 13:00:00+00:00,2020-07-14 21:00:00+00:00,0.94345,0.951620638392857,1.5883936104229357,0.007941968052114678,26,TP2,True
ES,D,long,BULL_STRONG,2020-07-13 02:00:00+00:00,2020-07-13 18:00:00+00:00,3198.875,3158.7990625,-1.0158915642735138,-0.005079457821367569,4,SL,False
DAX,D,long,BULL_STRONG,2020-07-14 16:00:00+00:00,2020-07-21 04:00:00+00:00,12757.25,13189.461741071429,1.7404062400247726,0.008702031200123863,27,TP2,True
ES,D,long,BULL_STRONG,2020-07-14 22:00:00+00:00,2020-07-28 22:00:00+00:00,3210.625,3214.125,0.06303383684699648,0.00031516918423498243,60,TIME,False
AUDUSD,D,long,BULL_STRONG,2020-07-15 13:00:00+00:00,2020-07-21 13:00:00+00:00,0.69997,0.7109446678571427,1.668455996600999,0.008342279983004996,24,TP2,True
AUDCAD,D,long,BULL_STRONG,2020-07-16 21:00:00+00:00,2020-07-21 13:00:00+00:00,0.94771,0.95611203125,1.6735534177215188,0.008367767088607593,16,TP2,True
EURCAD,D,long,BULL_STRONG,2020-07-20 05:00:00+00:00,2020-07-20 09:00:00+00:00,1.5551,1.5507356250000002,-1.0924366562360368,-0.005462183281180184,1,SL,False
EURUSD,D,long,BULL_STRONG,2020-07-20 21:00:00+00:00,2020-07-22 09:00:00+00:00,1.14565,1.1563807508928567,1.680366861774554,0.00840183430887277,9,TP2,True
NZDUSD,D,long,BULL_STRONG,2020-07-20 21:00:00+00:00,2020-07-21 17:00:00+00:00,0.65813,0.6642901616071427,1.6321207906902384,0.008160603953451192,5,TP2,True
CHFJPY,D,long,BULL_STRONG,2020-07-21 05:00:00+00:00,2020-07-22 13:00:00+00:00,114.347,115.0888392857143,1.6143268288607153,0.008071634144303577,8,TP2,True
CL,D,long,BULL_STRONG,2020-07-21 14:00:00+00:00,2020-07-24 06:00:00+00:00,41.825,40.75684583333333,-1.0174200516701817,-0.005087100258350908,16,SL,False
NZDCAD,D,long,BULL_STRONG,2020-07-21 21:00:00+00:00,2020-07-23 13:00:00+00:00,0.89331,0.8891736583333334,-1.0869979010885358,-0.005434989505442679,10,SL,False
RTY,D,long,BULL_STRONG,2020-07-22 02:00:00+00:00,2020-07-24 14:00:00+00:00,1485.35,1463.5435,-1.0124132708424658,-0.005062066354212329,15,SL,False
GBPNZD,D,short,BEAR_STRONG,2020-07-22 21:00:00+00:00,2020-07-23 17:00:00+00:00,1.91103,1.9209721208333335,-1.044774743114873,-0.005223873715574366,5,SL,False
PL,D,long,BULL_STRONG,2020-07-27 06:00:00+00:00,2020-07-28 02:00:00+00:00,973.25,949.6718750000002,-1.0140542799732084,-0.0050702713998660425,5,SL,False
USDCAD,D,short,BEAR_STRONG,2020-07-28 01:00:00+00:00,2020-07-30 09:00:00+00:00,1.3363299999999998,1.3424332416666669,-1.0361013596382653,-0.005180506798191327,14,SL,False
SI,D,long,BULL_STRONG,2020-07-28 14:00:00+00:00,2020-08-06 02:00:00+00:00,24.3575,27.46400535714285,1.7390023354096849,0.008695011677048425,39,TP2,True
PL,D,long,BULL_STRONG,2020-07-28 14:00:00+00:00,2020-07-30 02:00:00+00:00,987.45,949.6718750000002,-1.0087666516779081,-0.005043833258389541,9,SL,False
GBPJPY,D,long,BULL_STRONG,2020-07-30 05:00:00+00:00,2020-07-31 09:00:00+00:00,136.487,137.6795223214286,1.6517242552691187,0.008258621276345593,7,TP2,True
EURAUD,D,long,BULL_STRONG,2020-08-03 13:00:00+00:00,2020-08-04 13:00:00+00:00,1.65163,1.6465088375,-1.0911358090145535,-0.005455679045072768,6,SL,False
AUDNZD,D,long,BULL_STRONG,2020-08-04 17:00:00+00:00,2020-08-12 01:00:00+00:00,1.08156,1.0911916035714286,1.577290576137721,0.007886452880688604,32,TP2,True
AUDJPY,D,long,BULL_STRONG,2020-08-04 21:00:00+00:00,2020-08-06 09:00:00+00:00,75.73899999999999,75.722,0.6365051066498525,0.0031825255332492627,9,BE_STOP,True
EURUSD,D,long,BULL_STRONG,2020-08-04 21:00:00+00:00,2020-08-10 21:00:00+00:00,1.1810100000000001,1.1726419541666666,-1.045341788093121,-0.005226708940465606,24,SL,False
NZDCHF,D,short,BEAR_STRONG,2020-08-05 13:00:00+00:00,2020-08-06 13:00:00+00:00,0.60311,0.6068759374999999,-1.0568517667506765,-0.005284258833753382,6,SL,False
CL,D,long,BULL_STRONG,2020-08-05 22:00:00+00:00,2020-08-19 22:00:00+00:00,42.175,42.685,0.4490867590027757,0.0022454337950138788,60,TIME,False
AUDUSD,D,long,BULL_STRONG,2020-08-06 05:00:00+00:00,2020-08-12 01:00:00+00:00,0.71852,0.7128449124999998,-1.0502396426197484,-0.005251198213098742,23,SL,False
USDCHF,D,short,BEAR_STRONG,2020-08-06 21:00:00+00:00,2020-08-07 05:00:00+00:00,0.9104,0.9136609250000002,-1.0685780962968292,-0.005342890481484146,2,SL,False
GBPNZD,D,long,BULL_STRONG,2020-08-10 13:00:00+00:00,2020-08-18 05:00:00+00:00,1.98585,2.009080129464285,1.6683456604149145,0.008341728302074573,34,TP2,True
NZDCAD,D,short,BEAR_STRONG,2020-08-10 17:00:00+00:00,2020-08-12 01:00:00+00:00,0.87979,0.8721713142857141,1.669269429904569,0.008346347149522844,8,TP2,True
NZDCHF,D,short,BEAR_STRONG,2020-08-10 17:00:00+00:00,2020-08-11 01:00:00+00:00,0.60333,0.604224425,-1.3512664527039133,-0.006756332263519567,2,SL,False
GBPJPY,D,long,BULL_STRONG,2020-08-11 05:00:00+00:00,2020-08-13 09:00:00+00:00,138.887,139.86380000000003,1.6529651046721119,0.00826482552336056,13,TP2,True
NZDCHF,D,short,BEAR_STRONG,2020-08-11 21:00:00+00:00,2020-08-12 09:00:00+00:00,0.60253,0.5987890767857144,1.7265041947900868,0.008632520973950434,3,TP2,True
NZDCHF,D,short,BEAR_STRONG,2020-08-12 21:00:00+00:00,2020-08-19 09:00:00+00:00,0.59982,0.59999,0.6752614463593019,0.0033763072317965093,27,BE_STOP,True
NQ,D,long,BULL_STRONG,2020-08-13 14:00:00+00:00,2020-08-20 22:00:00+00:00,11210.125,11522.478660714285,1.8340552602575466,0.009170276301287734,32,TP2,True
EURAUD,D,long,BULL_STRONG,2020-08-13 21:00:00+00:00,2020-08-16 21:00:00+00:00,1.65406,1.6466575375,-1.0624363278758797,-0.005312181639379398,6,SL,False
NZDJPY,D,short,BEAR_STRONG,2020-08-17 01:00:00+00:00,2020-08-18 17:00:00+00:00,69.60900000000001,69.626,0.6256502881327285,0.0031282514406636426,10,BE_STOP,True
EURUSD,D,long,BULL_STRONG,2020-08-17 05:00:00+00:00,2020-08-18 13:00:00+00:00,1.1839100000000002,1.1949211633928576,1.6790955649345236,0.008395477824672619,8,TP2,True
AUDUSD,D,long,BULL_STRONG,2020-08-17 09:00:00+00:00,2020-08-19 17:00:00+00:00,0.71957,0.71948,0.6662885096153716,0.0033314425480768578,14,BE_STOP,True
ES,D,long,BULL_STRONG,2020-08-17 14:00:00+00:00,2020-08-18 14:00:00+00:00,3380.125,3366.7225,-1.0495421224333137,-0.005247710612166568,6,SL,False
GBPUSD,D,long,BULL_STRONG,2020-08-17 17:00:00+00:00,2020-08-18 13:00:00+00:00,1.31051,1.3213232901785712,1.726080289853499,0.008630401449267496,5,TP2,True
EURCAD,D,long,BULL_STRONG,2020-08-18 01:00:00+00:00,2020-08-20 17:00:00+00:00,1.5682,1.5612804375,-1.0725303306695806,-0.005362651653347903,16,SL,False
ES,D,long,BULL_STRONG,2020-08-18 18:00:00+00:00,2020-08-19 18:00:00+00:00,3388.625,3366.7225,-1.030012309836256,-0.0051500615491812795,6,SL,False
USDCHF,D,short,BEAR_STRONG,2020-08-19 09:00:00+00:00,2020-08-19 13:00:00+00:00,0.9077799999999999,0.9101039083333334,-1.0971790994109818,-0.005485895497054909,1,SL,False
EURUSD,D,long,BULL_STRONG,2020-08-20 01:00:00+00:00,2020-08-21 09:00:00+00:00,1.1848900000000002,1.1782744624999997,-1.0438101229209282,-0.005219050614604641,8,SL,False
CL,D,long,BULL_STRONG,2020-08-20 06:00:00+00:00,2020-08-20 10:00:00+00:00,42.625,42.08851249999999,-1.0353028596083327,-0.0051765142980416635,1,SL,False
GBPAUD,D,long,BULL_STRONG,2020-08-20 09:00:00+00:00,2020-08-21 13:00:00+00:00,1.83285,1.8259995000000002,-1.0713418157323573,-0.005356709078661787,7,SL,False
GBPUSD,D,long,BULL_STRONG,2020-08-20 09:00:00+00:00,2020-08-20 17:00:00+00:00,1.31031,1.321845433035714,1.8375705485640004,0.009187852742820002,2,TP2,True
NZDCAD,D,short,BEAR_STRONG,2020-08-20 17:00:00+00:00,2020-08-26 13:00:00+00:00,0.86163,0.8674223958333334,-1.0250121485873096,-0.005125060742936548,23,SL,False
AUDUSD,D,long,BULL_STRONG,2020-08-20 17:00:00+00:00,2020-08-21 13:00:00+00:00,0.71933,0.7153200000000001,-1.0486495408163363,-0.005243247704081681,5,SL,False
USDCAD,D,short,BEAR_STRONG,2020-08-20 17:00:00+00:00,2020-08-28 05:00:00+00:00,1.3186499999999999,1.3076481991071431,1.730101411108599,0.008650507055542996,33,TP2,True
USDCHF,D,short,BEAR_STRONG,2020-08-20 21:00:00+00:00,2020-08-21 05:00:00+00:00,0.90693,0.9101039083333334,-1.070355593146153,-0.005351777965730766,2,SL,False
ES,D,long,BULL_STRONG,2020-08-20 22:00:00+00:00,2020-08-21 10:00:00+00:00,3387.125,3366.7225,-1.032254150543003,-0.005161270752715015,3,SL,False
CL,D,long,BULL_STRONG,2020-08-20 22:00:00+00:00,2020-08-21 10:00:00+00:00,42.925,42.08851249999999,-1.0224397814939368,-0.005112198907469684,3,SL,False
CADJPY,D,long,BULL_STRONG,2020-08-24 05:00:00+00:00,2020-08-24 13:00:00+00:00,80.42699999999999,80.16842333333332,-1.1169805858733393,-0.0055849029293666965,2,SL,False
NKD,D,long,BULL_STRONG,2020-08-25 02:00:00+00:00,2020-08-28 02:00:00+00:00,23292.5,23067.785416666666,-1.0431066821403563,-0.005215533410701781,18,SL,False
CADJPY,D,long,BULL_STRONG,2020-08-25 09:00:00+00:00,2020-08-28 09:00:00+00:00,80.663,80.646,0.6253230127100161,0.0031266150635500807,18,BE_STOP,True
NG,D,long,BULL_STRONG,2020-08-25 10:00:00+00:00,2020-08-26 18:00:00+00:00,2.4855,2.4185287499999997,-1.025947877885332,-0.00512973938942666,8,SL,False
CL,D,long,BULL_STRONG,2020-08-25 22:00:00+00:00,2020-08-27 14:00:00+00:00,43.325,42.66960416666667,-1.0288352906730875,-0.0051441764533654375,10,SL,False
EURGBP,D,short,BEAR_STRONG,2020-08-26 01:00:00+00:00,2020-08-27 13:00:00+00:00,0.89897,0.8937316250000004,1.5852393017206023,0.007926196508603012,9,TP2,True
AUDJPY,D,long,BULL_STRONG,2020-08-27 01:00:00+00:00,2020-08-27 17:00:00+00:00,76.707,77.3632323214286,1.5971187794542077,0.007985593897271038,4,TP2,True
USDCHF,D,short,BEAR_STRONG,2020-08-31 05:00:00+00:00,2020-09-01 13:00:00+00:00,0.90301,0.908798975,-1.0327113910834909,-0.005163556955417454,8,SL,False
CADJPY,D,long,BULL_STRONG,2020-08-31 09:00:00+00:00,2020-09-08 09:00:00+00:00,81.15299999999999,80.4963325,-1.0912371192846217,-0.0054561855964231085,36,SL,False
EURGBP,D,short,BEAR_STRONG,2020-08-31 17:00:00+00:00,2020-09-03 13:00:00+00:00,0.89263,0.8928,0.6282162793863045,0.003141081396931523,17,BE_STOP,True
PL,D,short,BEAR_STRONG,2020-09-03 06:00:00+00:00,2020-09-10 10:00:00+00:00,911.95,937.1361666666668,-1.012951309009003,-0.005064756545045015,30,SL,False
HG,D,long,BULL_STRONG,2020-09-07 10:00:00+00:00,2020-09-08 10:00:00+00:00,3.0722500000000004,3.0112674999999998,-1.025041309170053,-0.005125206545850265,5,SL,False
HG,D,long,BULL_STRONG,2020-09-14 14:00:00+00:00,2020-09-16 22:00:00+00:00,3.06725,3.0173726293103442,-1.0307518169045957,-0.005153759084522979,14,SL,False
AUDUSD,D,long,BULL_STRONG,2020-09-15 05:00:00+00:00,2020-09-17 01:00:00+00:00,0.73151,0.7268871249999999,-1.0490662989824402,-0.005245331494912201,11,SL,False
PA,D,long,BULL_STRONG,2020-09-15 06:00:00+00:00,2020-09-15 18:00:00+00:00,2345.125,2405.798783866995,1.9562787670476263,0.009781393835238131,3,TP2,True
EURAUD,D,short,BEAR_STRONG,2020-09-15 21:00:00+00:00,2020-09-17 13:00:00+00:00,1.62163,1.6218,0.6526929690946368,0.0032634648454731843,10,BE_STOP,True
PA,D,long,BULL_STRONG,2020-09-17 10:00:00+00:00,2020-09-17 14:00:00+00:00,2357.525,2320.187715517241,-1.0084273783337676,-0.005042136891668838,1,SL,False
EURAUD,D,short,BEAR_STRONG,2020-09-17 21:00:00+00:00,2020-09-21 13:00:00+00:00,1.62007,1.62780705,-1.0458315724093277,-0.005229157862046639,10,SL,False
AUDUSD,D,long,BULL_STRONG,2020-09-17 21:00:00+00:00,2020-09-21 09:00:00+00:00,0.73168,0.7268871249999999,-1.0472977061903683,-0.005236488530951842,9,SL,False
PA,D,long,BULL_STRONG,2020-09-17 22:00:00+00:00,2020-09-21 06:00:00+00:00,2345.125,2345.0,0.7311037149632109,0.0036555185748160545,8,BE_STOP,True
CHFJPY,D,short,BEAR_STRONG,2020-09-22 01:00:00+00:00,2020-09-29 05:00:00+00:00,114.303,114.32,0.6861174665942655,0.0034305873329713277,31,BE_STOP,True
EURJPY,D,short,BEAR_STRONG,2020-09-28 05:00:00+00:00,2020-09-28 09:00:00+00:00,122.60300000000001,122.92564166666665,-1.1117793276440222,-0.005558896638220111,1,SL,False
CL,D,short,BEAR_STRONG,2020-09-30 02:00:00+00:00,2020-09-30 14:00:00+00:00,38.885,39.87025833333333,-1.0186659566610272,-0.005093329783305136,3,SL,False
NZDCHF,D,short,BEAR_STRONG,2020-10-07 13:00:00+00:00,2020-10-09 13:00:00+00:00,0.60353,0.6070814250000001,-1.0456890807869466,-0.005228445403934733,12,SL,False
EURNZD,D,long,BULL_STRONG,2020-10-07 13:00:00+00:00,2020-10-09 13:00:00+00:00,1.78721,1.777400875,-1.0539685293011565,-0.005269842646505782,12,SL,False
NG,D,long,BULL_STRONG,2020-10-13 18:00:00+00:00,2020-10-14 10:00:00+00:00,2.7655,2.630115,-1.0128561078537555,-0.005064280539268777,4,SL,False
NG,D,long,BULL_STRONG,2020-10-14 14:00:00+00:00,2020-10-14 18:00:00+00:00,2.6855,2.630115,-1.0318240697782324,-0.005159120348891162,1,SL,False
NG,D,long,BULL_STRONG,2020-10-15 06:00:00+00:00,2020-10-21 10:00:00+00:00,2.7515,2.989220357142857,1.7177195526665419,0.00858859776333271,25,TP2,True
NKD,D,long,BULL_STRONG,2020-10-19 06:00:00+00:00,2020-10-19 18:00:00+00:00,23687.5,23535.0625,-1.0648210435532557,-0.005324105217766279,3,SL,False
GBPAUD,D,long,BULL_STRONG,2020-10-19 13:00:00+00:00,2020-10-23 05:00:00+00:00,1.83191,1.83174,0.6762437046420248,0.0033812185232101237,22,BE_STOP,True
AUDNZD,D,short,BEAR_STRONG,2020-10-19 17:00:00+00:00,2020-10-27 13:00:00+00:00,1.06971,1.0629644937499996,1.5946509879166586,0.007973254939583294,35,TP2,True
NZDCAD,D,short,BEAR_STRONG,2020-10-20 01:00:00+00:00,2020-10-21 09:00:00+00:00,0.86835,0.86852,0.6184572702313335,0.003092286351156667,8,BE_STOP,True
GBPNZD,D,long,BULL_STRONG,2020-10-20 13:00:00+00:00,2020-10-22 09:00:00+00:00,1.96513,1.96496,0.6795028966231796,0.0033975144831158983,11,BE_STOP,True
NZDCHF,D,short,BEAR_STRONG,2020-10-21 21:00:00+00:00,2020-10-22 13:00:00+00:00,0.6021299999999999,0.6053798375000001,-1.0825687069528793,-0.0054128435347643965,4,SL,False
EURGBP,D,short,BEAR_STRONG,2020-10-22 21:00:00+00:00,2020-10-23 09:00:00+00:00,0.90251,0.9072740416666667,-1.0645077736560953,-0.005322538868280476,3,SL,False
EURCHF,D,short,BEAR_STRONG,2020-10-28 01:00:00+00:00,2020-11-03 06:00:00+00:00,1.07065,1.07082,0.5284128317029768,0.0026420641585148843,25,BE_STOP,True
AUDUSD,D,short,BEAR_STRONG,2020-10-28 13:00:00+00:00,2020-11-03 06:00:00+00:00,0.7059099999999999,0.7109642708333334,-1.01990773737332,-0.005099538686866601,22,SL,False
NZDJPY,D,short,BEAR_STRONG,2020-10-29 09:00:00+00:00,2020-10-30 09:00:00+00:00,69.12700000000001,69.54986249999999,-1.053411635714058,-0.0052670581785702894,6,SL,False
CADCHF,D,short,BEAR_STRONG,2020-10-29 13:00:00+00:00,2020-11-02 10:00:00+00:00,0.68645,0.6899800625000001,-1.0643151727088402,-0.005321575863544202,11,SL,False
EURGBP,D,short,BEAR_STRONG,2020-11-02 10:00:00+00:00,2020-11-04 22:00:00+00:00,0.89947,0.9051701624999999,-1.03542857917828,-0.0051771428958914,15,SL,False
EURNZD,D,short,BEAR_STRONG,2020-11-03 02:00:00+00:00,2020-11-09 10:00:00+00:00,1.75775,1.7362278508928566,1.6994325823992436,0.008497162911996217,26,TP2,True
EURCAD,D,short,BEAR_STRONG,2020-11-05 06:00:00+00:00,2020-11-12 14:00:00+00:00,1.54807,1.54824,0.7043771676022185,0.0035218858380110926,32,BE_STOP,True
GBPNZD,D,short,BEAR_STRONG,2020-11-05 18:00:00+00:00,2020-11-10 10:00:00+00:00,1.94135,1.94152,0.6747009607536455,0.0033735048037682276,16,BE_STOP,True
EURGBP,D,short,BEAR_STRONG,2020-11-09 18:00:00+00:00,2020-11-10 10:00:00+00:00,0.89757,0.8895891723214284,1.707693869675039,0.008538469348375195,4,TP2,True
ES,D,long,BULL_STRONG,2020-11-10 07:00:00+00:00,2020-11-16 11:00:00+00:00,3524.625,3628.30859375,1.954892653639887,0.009774463268199435,25,TP2,True
HG,D,long,BULL_STRONG,2020-11-10 07:00:00+00:00,2020-11-16 03:00:00+00:00,3.1317500000000003,3.2260075892857136,1.7097584997794768,0.008548792498897385,23,TP2,True
AUDCAD,D,long,BULL_STRONG,2020-11-16 10:00:00+00:00,2020-11-19 14:00:00+00:00,0.95512,0.9499725791666667,-1.0911550007910735,-0.005455775003955368,19,SL,False
CHFJPY,D,short,BEAR_STRONG,2020-11-16 14:00:00+00:00,2020-11-23 18:00:00+00:00,114.583,114.6,0.6673446461167121,0.0033367232305835603,31,BE_STOP,True
EURAUD,D,short,BEAR_STRONG,2020-11-16 14:00:00+00:00,2020-11-17 10:00:00+00:00,1.61805,1.6242035166666666,-1.066269891451795,-0.005331349457258975,5,SL,False
EURCHF,D,long,BULL_STRONG,2020-11-16 22:00:00+00:00,2020-11-18 14:00:00+00:00,1.08197,1.0793020583333335,-1.1487127601725466,-0.005743563800862733,10,SL,False
NQ,D,long,BULL_STRONG,2020-11-16 23:00:00+00:00,2020-11-19 03:00:00+00:00,12007.125,11837.621562499999,-1.0078967796293865,-0.005039483898146933,13,SL,False
AUDUSD,D,long,BULL_STRONG,2020-11-18 10:00:00+00:00,2020-11-19 06:00:00+00:00,0.7302700000000001,0.7265842499999998,-1.053462504345414,-0.00526731252172707,5,SL,False
RTY,D,long,BULL_STRONG,2020-11-19 07:00:00+00:00,2020-11-23 23:00:00+00:00,1760.7499999999998,1829.4366071428567,1.7334101722978372,0.008667050861489186,16,TP2,True
HG,D,long,BULL_STRONG,2020-11-19 07:00:00+00:00,2020-11-20 11:00:00+00:00,3.18575,3.262358124999999,1.6581498528061613,0.008290749264030808,7,TP2,True
NZDJPY,D,long,BULL_STRONG,2020-11-23 06:00:00+00:00,2020-11-24 02:00:00+00:00,72.191,72.90762294642859,1.592927194788975,0.007964635973944876,5,TP2,True
GBPUSD,D,long,BULL_STRONG,2020-11-23 22:00:00+00:00,2020-12-02 10:00:00+00:00,1.3328300000000002,1.33274,0.6770122690699395,0.0033850613453496976,39,BE_STOP,True
USDCAD,D,short,BEAR_STRONG,2020-11-24 02:00:00+00:00,2020-11-24 14:00:00+00:00,1.3045699999999998,1.3082216666666668,-1.0765483762283932,-0.005382741881141966,3,SL,False
CADCHF,D,long,BULL_STRONG,2020-11-24 02:00:00+00:00,2020-11-26 18:00:00+00:00,0.69901,0.69608535,-1.1335419744795192,-0.005667709872397596,16,SL,False
DAX,D,long,BULL_STRONG,2020-11-24 04:00:00+00:00,2020-12-03 08:00:00+00:00,13238.75,13238.0,0.7291718130157175,0.003645859065078588,43,BE_STOP,True
GBPCAD,D,long,BULL_STRONG,2020-11-24 06:00:00+00:00,2020-11-25 10:00:00+00:00,1.74127,1.7322358583333337,-1.0523206665055953,-0.005261603332527977,7,SL,False
AUDCHF,D,long,BULL_STRONG,2020-11-24 10:00:00+00:00,2020-12-01 14:00:00+00:00,0.66873,0.6644693958333334,-1.125561452311957,-0.005627807261559785,31,SL,False
GBPNZD,D,short,BEAR_STRONG,2020-11-24 10:00:00+00:00,2020-11-24 14:00:00+00:00,1.91173,1.9164751208333333,-1.0956569708086041,-0.005478284854043021,1,SL,False
EURCHF,D,long,BULL_STRONG,2020-11-24 10:00:00+00:00,2020-11-25 06:00:00+00:00,1.08193,1.0854509821428573,1.4957119382678845,0.007478559691339422,5,TP2,True
EURCAD,D,short,BEAR_STRONG,2020-11-24 18:00:00+00:00,2020-11-25 06:00:00+00:00,1.5455699999999999,1.5504375999999997,-1.082250468324254,-0.00541125234162127,3,SL,False
ES,D,long,BULL_STRONG,2020-11-24 19:00:00+00:00,2020-11-30 15:00:00+00:00,3638.625,3601.735,-1.0182415445707245,-0.005091207722853623,21,SL,False
NQ,D,long,BULL_STRONG,2020-11-24 19:00:00+00:00,2020-11-30 15:00:00+00:00,12101.375,12101.0,0.7371008712212225,0.0036855043561061125,21,BE_STOP,True
EURUSD,D,long,BULL_STRONG,2020-11-24 22:00:00+00:00,2020-12-01 14:00:00+00:00,1.1899100000000002,1.2004434633928573,1.6661503823829065,0.008330751911914533,28,TP2,True
PL,D,long,BULL_STRONG,2020-11-24 23:00:00+00:00,2020-11-27 11:00:00+00:00,968.15,949.1677500000001,-1.0174806550200857,-0.0050874032751004284,14,SL,False
EURNZD,D,short,BEAR_STRONG,2020-11-25 02:00:00+00:00,2020-12-02 14:00:00+00:00,1.70791,1.716763225,-1.0183235376257098,-0.0050916176881285495,33,SL,False
NZDCAD,D,long,BULL_STRONG,2020-11-25 02:00:00+00:00,2020-12-04 06:00:00+00:00,0.90691,0.90674,0.6137739766577749,0.0030688698832888744,43,BE_STOP,True
EURGBP,D,short,BEAR_STRONG,2020-11-25 06:00:00+00:00,2020-11-27 14:00:00+00:00,0.89203,0.8963614750000001,-1.0468305588763598,-0.005234152794381799,14,SL,False
GBPNZD,D,short,BEAR_STRONG,2020-11-25 10:00:00+00:00,2020-11-27 14:00:00+00:00,1.90953,1.8939280330357142,1.832807150250275,0.009164035751251375,13,TP2,True
EURAUD,D,short,BEAR_STRONG,2020-11-25 18:00:00+00:00,2020-11-30 06:00:00+00:00,1.61729,1.6251375,-1.0386090003256274,-0.005193045001628137,15,SL,False
NKD,D,long,BULL_STRONG,2020-11-25 19:00:00+00:00,2020-12-01 11:00:00+00:00,26292.5,26937.422767857144,1.6794775167540525,0.008397387583770262,20,TP2,True
GBPCAD,D,long,BULL_STRONG,2020-11-26 06:00:00+00:00,2020-11-27 10:00:00+00:00,1.73844,1.7322358583333337,-1.0767932915065301,-0.005383966457532651,7,SL,False
EURCHF,D,long,BULL_STRONG,2020-11-26 06:00:00+00:00,2020-11-26 14:00:00+00:00,1.08211,1.08000125,-1.1658261250806052,-0.005829130625403026,2,SL,False
EURCAD,D,short,BEAR_STRONG,2020-11-26 10:00:00+00:00,2020-11-26 14:00:00+00:00,1.54668,1.5504375999999997,-1.1077420002230005,-0.005538710001115003,1,SL,False
AUDCAD,D,long,BULL_STRONG,2020-11-26 18:00:00+00:00,2020-11-30 10:00:00+00:00,0.95839,0.9552728666666667,-1.1201759676069427,-0.005600879838034713,10,SL,False
AUDNZD,D,short,BEAR_STRONG,2020-11-26 22:00:00+00:00,2020-12-01 14:00:00+00:00,1.04957,1.0433345982142852,1.6024914022231185,0.008012457011115592,16,TP2,True
USDCAD,D,short,BEAR_STRONG,2020-11-30 14:00:00+00:00,2020-11-30 18:00:00+00:00,1.29764,1.3005062625000001,-1.0978544355946669,-0.005489272177973335,1,SL,False
EURCHF,D,long,BULL_STRONG,2020-11-30 22:00:00+00:00,2020-12-02 10:00:00+00:00,1.08467,1.0814131249999999,-1.1204628629277134,-0.005602314314638567,9,SL,False
NZDUSD,D,long,BULL_STRONG,2020-11-30 22:00:00+00:00,2020-12-01 22:00:00+00:00,0.7022900000000001,0.7069432785714288,1.7745322257272687,0.008872661128636343,6,TP2,True
CADJPY,D,long,BULL_STRONG,2020-12-01 02:00:00+00:00,2020-12-04 18:00:00+00:00,80.51299999999999,81.39818714285714,1.5663214662802831,0.007831607331401416,22,TP2,True
PL,D,long,BULL_STRONG,2020-12-01 03:00:00+00:00,2020-12-03 07:00:00+00:00,987.65,1034.892857142857,1.7199215352323831,0.008599607676161915,13,TP2,True
ES,D,long,BULL_STRONG,2020-12-01 19:00:00+00:00,2020-12-15 19:00:00+00:00,3660.375,3686.375,0.69215979133299,0.00346079895666495,60,TIME,False
AUDJPY,D,long,BULL_STRONG,2020-12-03 18:00:00+00:00,2020-12-10 06:00:00+00:00,77.243,78.12017080357143,1.5843488151998384,0.007921744075999193,27,TP2,True
PL,D,long,BULL_STRONG,2020-12-07 15:00:00+00:00,2020-12-09 15:00:00+00:00,1044.85,1014.45225,-1.011065104361022,-0.00505532552180511,12,SL,False
EURGBP,D,long,BULL_STRONG,2020-12-08 02:00:00+00:00,2020-12-09 06:00:00+00:00,0.90741,0.90250525,-1.073295823433128,-0.00536647911716564,7,SL,False
GBPAUD,D,short,BEAR_STRONG,2020-12-08 02:00:00+00:00,2020-12-10 14:00:00+00:00,1.79924,1.7700745178571426,1.7074303501568935,0.008537151750784467,15,TP2,True
GBPCHF,D,short,BEAR_STRONG,2020-12-08 02:00:00+00:00,2020-12-11 10:00:00+00:00,1.18986,1.1715151598214286,1.7269316214657229,0.008634658107328615,20,TP2,True
CHFJPY,D,long,BULL_STRONG,2020-12-08 14:00:00+00:00,2020-12-11 14:00:00+00:00,117.187,116.6934375,-1.1015736236065488,-0.005507868118032744,18,SL,False
USDCHF,D,short,BEAR_STRONG,2020-12-09 06:00:00+00:00,2020-12-09 14:00:00+00:00,0.88808,0.8912954583333333,-1.068575926197502,-0.0053428796309875105,2,SL,False
NZDUSD,D,long,BULL_STRONG,2020-12-09 10:00:00+00:00,2020-12-09 14:00:00+00:00,0.70759,0.7058837958333333,-1.1169794039016472,-0.005584897019508236,1,SL,False
USDCHF,D,short,BEAR_STRONG,2020-12-10 14:00:00+00:00,2020-12-16 18:00:00+00:00,0.88783,0.88792,0.6798476898198773,0.0033992384490993868,25,BE_STOP,True
NZDUSD,D,long,BULL_STRONG,2020-12-10 18:00:00+00:00,2020-12-15 06:00:00+00:00,0.7099300000000001,0.7058837958333333,-1.0630377476727029,-0.005315188738363515,15,SL,False
USDCAD,D,short,BEAR_STRONG,2020-12-14 06:00:00+00:00,2020-12-20 22:00:00+00:00,1.2752899999999998,1.28029075,-1.0302480476505917,-0.005151240238252959,28,SL,False
RTY,D,long,BULL_STRONG,2020-12-14 07:00:00+00:00,2020-12-17 19:00:00+00:00,1928.9499999999998,1976.6990000000003,1.835200037009648,0.00917600018504824,21,TP2,True
EURUSD,D,long,BULL_STRONG,2020-12-15 02:00:00+00:00,2020-12-17 10:00:00+00:00,1.21557,1.225140683928571,1.644183631661831,0.008220918158309155,14,TP2,True
CHFJPY,D,long,BULL_STRONG,2020-12-15 02:00:00+00:00,2020-12-15 10:00:00+00:00,117.407,117.15497500000001,-1.1422698861823077,-0.005711349430911539,2,SL,False
EURJPY,D,long,BULL_STRONG,2020-12-15 06:00:00+00:00,2020-12-15 10:00:00+00:00,126.517,125.95001250000001,-1.0631148526102807,-0.005315574263051404,1,SL,False
PL,D,long,BULL_STRONG,2020-12-15 19:00:00+00:00,2020-12-16 15:00:00+00:00,1045.85,1033.50675,-1.0275912595869598,-0.005137956297934799,5,SL,False
GBPUSD,D,long,BULL_STRONG,2020-12-16 02:00:00+00:00,2020-12-21 02:00:00+00:00,1.34641,1.334903,-1.0322762021546943,-0.005161381010773471,18,SL,False
PL,D,long,BULL_STRONG,2020-12-17 03:00:00+00:00,2020-12-18 11:00:00+00:00,1053.75,1033.50675,-1.0167206432170859,-0.00508360321608543,8,SL,False
AUDNZD,D,long,BULL_STRONG,2020-12-21 14:00:00+00:00,2020-12-29 10:00:00+00:00,1.06838,1.0644346666666666,-1.1376231326152175,-0.005688115663076088,29,SL,False
SI,D,long,BULL_STRONG,2020-12-21 23:00:00+00:00,2020-12-22 03:00:00+00:00,26.7625,25.8828125,-1.0287463361283278,-0.005143731680641639,1,SL,False
EURGBP,D,long,BULL_STRONG,2020-12-22 14:00:00+00:00,2020-12-23 14:00:00+00:00,0.91163,0.9021241249999998,-1.0372357384819306,-0.0051861786924096535,6,SL,False
RTY,D,long,BULL_STRONG,2020-12-23 11:00:00+00:00,2020-12-29 15:00:00+00:00,1999.2499999999998,1952.2078750000003,-1.0066096386120242,-0.005033048193060121,18,SL,False
CADCHF,D,short,BEAR_STRONG,2020-12-23 14:00:00+00:00,2020-12-24 14:00:00+00:00,0.69161,0.6949379166666666,-1.0686608998548635,-0.005343304499274317,6,SL,False
NG,D,short,BEAR_STRONG,2020-12-24 03:00:00+00:00,2020-12-28 03:00:00+00:00,2.5785,2.3889983035714284,1.695524602640551,0.008477623013202755,5,TP2,True
EURAUD,D,short,BEAR_STRONG,2020-12-24 10:00:00+00:00,2020-12-28 10:00:00+00:00,1.60359,1.609524175,-1.0597661590774063,-0.0052988307953870314,6,SL,False
GBPUSD,D,long,BULL_STRONG,2020-12-24 10:00:00+00:00,2020-12-28 10:00:00+00:00,1.35911,1.3508551374999997,-1.0380013013079084,-0.005190006506539542,6,SL,False
AUDJPY,D,long,BULL_STRONG,2020-12-24 10:00:00+00:00,2020-12-31 10:00:00+00:00,78.813,79.62702991071434,1.5825437650749161,0.00791271882537458,24,TP2,True
NZDUSD,D,long,BULL_STRONG,2020-12-28 02:00:00+00:00,2020-12-28 14:00:00+00:00,0.7130500000000001,0.7087994947916666,-1.0456259493726419,-0.005228129746863209,3,SL,False
NQ,D,long,BULL_STRONG,2020-12-28 03:00:00+00:00,2021-01-04 15:00:00+00:00,12775.875,12775.5,0.7336900746821731,0.0036684503734108653,27,BE_STOP,True
EURJPY,D,long,BULL_STRONG,2020-12-28 10:00:00+00:00,2020-12-29 10:00:00+00:00,126.557,127.07240401785717,1.6719527101157952,0.008359763550578976,6,TP2,True
HG,D,long,BULL_STRONG,2020-12-28 11:00:00+00:00,2020-12-29 19:00:00+00:00,3.5907500000000003,3.544778260869565,-1.034373886836481,-0.005171869434182404,8,SL,False
CHFJPY,D,long,BULL_STRONG,2020-12-29 02:00:00+00:00,2020-12-30 10:00:00+00:00,116.937,116.54793229166668,-1.103129562551612,-0.00551564781275806,8,SL,False
NZDUSD,D,long,BULL_STRONG,2020-12-29 02:00:00+00:00,2020-12-30 10:00:00+00:00,0.71231,0.7191329006696429,1.6721523554873599,0.0083607617774368,8,TP2,True
USDCAD,D,short,BEAR_STRONG,2020-12-29 06:00:00+00:00,2020-12-30 22:00:00+00:00,1.28151,1.2740646037946428,1.8213305185924422,0.009106652592962212,10,TP2,True
USDCHF,D,short,BEAR_STRONG,2020-12-29 10:00:00+00:00,2020-12-31 18:00:00+00:00,0.88549,0.88558,0.6521838218231811,0.0032609191091159057,14,BE_STOP,True
YM,D,long,BULL_STRONG,2020-12-29 23:00:00+00:00,2021-01-04 15:00:00+00:00,30294.5,30293.0,0.7257465154236057,0.0036287325771180287,16,BE_STOP,True
CL,D,long,BULL_STRONG,2020-12-30 07:00:00+00:00,2021-01-04 11:00:00+00:00,48.375,48.36,0.7061024053980338,0.003530512026990169,13,BE_STOP,True
EURJPY,D,long,BULL_STRONG,2020-12-30 14:00:00+00:00,2020-12-31 14:00:00+00:00,126.89699999999999,126.31196875,-1.0700059723826756,-0.005350029861913378,6,SL,False
USDJPY,D,short,BEAR_STRONG,2020-12-30 14:00:00+00:00,2021-01-06 14:00:00+00:00,103.231,103.24,0.6880097746828402,0.003440048873414201,24,BE_STOP,True
CHFJPY,D,long,BULL_STRONG,2020-12-30 18:00:00+00:00,2020-12-31 18:00:00+00:00,117.107,116.54793229166668,-1.0708305981148516,-0.005354152990574258,6,SL,False
DAX,D,long,BULL_STRONG,2021-01-04 08:00:00+00:00,2021-01-04 12:00:00+00:00,13870.75,13756.444444444445,-1.0163766536203525,-0.005081883268101763,1,SL,False
EURNZD,D,short,BEAR_STRONG,2021-01-05 18:00:00+00:00,2021-01-07 14:00:00+00:00,1.69611,1.69628,0.6552426251021362,0.003276213125510681,11,BE_STOP,True
USDCHF,D,short,BEAR_STRONG,2021-01-05 18:00:00+00:00,2021-01-07 06:00:00+00:00,0.87823,0.882613390625,-1.0426125214264739,-0.00521306260713237,9,SL,False
EURUSD,D,long,BULL_STRONG,2021-01-05 22:00:00+00:00,2021-01-08 06:00:00+00:00,1.22903,1.222914921875,-1.0534539458772822,-0.005267269729386411,14,SL,False
NZDCHF,D,long,BULL_STRONG,2021-01-06 02:00:00+00:00,2021-01-11 02:00:00+00:00,0.63851,0.63834,0.5712773202614391,0.0028563866013071953,18,BE_STOP,True
PL,D,long,BULL_STRONG,2021-01-06 11:00:00+00:00,2021-01-08 15:00:00+00:00,1106.45,1070.57625,-1.0095025369311206,-0.005047512684655603,13,SL,False
DAX,D,long,BULL_STRONG,2021-01-06 16:00:00+00:00,2021-01-11 12:00:00+00:00,13860.75,13860.0,0.72299652360515,0.00361498261802575,17,BE_STOP,True
USDCAD,D,short,BEAR_STRONG,2021-01-06 18:00:00+00:00,2021-01-11 02:00:00+00:00,1.2677899999999998,1.276193072916667,-1.0249595549179102,-0.005124797774589552,14,SL,False
SI,D,long,BULL_STRONG,2021-01-06 23:00:00+00:00,2021-01-08 07:00:00+00:00,27.1475,26.353671875,-1.0319861278233577,-0.005159930639116789,8,SL,False
ES,D,long,BULL_STRONG,2021-01-07 03:00:00+00:00,2021-01-21 07:00:00+00:00,3769.125,3851.625,1.6393583958199904,0.008196791979099952,60,TIME,True
CHFJPY,D,long,BULL_STRONG,2021-01-07 06:00:00+00:00,2021-01-11 06:00:00+00:00,117.28699999999999,116.98518229166669,-1.1524490181951172,-0.0057622450909755865,12,SL,False
EURJPY,D,long,BULL_STRONG,2021-01-07 06:00:00+00:00,2021-01-08 06:00:00+00:00,127.08699999999999,127.07,0.49219898988935923,0.002460994949446796,6,BE_STOP,True
CL,D,long,BULL_STRONG,2021-01-11 07:00:00+00:00,2021-01-13 03:00:00+00:00,51.825,53.75905,1.7079922266543928,0.008539961133271963,11,TP2,True
NG,D,long,BULL_STRONG,2021-01-13 11:00:00+00:00,2021-01-14 15:00:00+00:00,2.7685,2.67614875,-1.0189483358787035,-0.005094741679393518,7,SL,False
EURNZD,D,short,BEAR_STRONG,2021-01-14 18:00:00+00:00,2021-01-15 10:00:00+00:00,1.6826,1.6912679375000002,-1.04772499209367,-0.00523862496046835,4,SL,False
AUDNZD,D,long,BULL_STRONG,2021-01-18 06:00:00+00:00,2021-01-19 14:00:00+00:00,1.07921,1.083415527678571,1.5665243915407963,0.007832621957703982,8,TP2,True
NQ,D,long,BULL_STRONG,2021-01-19 23:00:00+00:00,2021-01-20 19:00:00+00:00,13046.875,13314.376941964285,1.748620118169002,0.00874310059084501,5,TP2,True
YM,D,long,BULL_STRONG,2021-01-20 19:00:00+00:00,2021-01-22 07:00:00+00:00,31064.5,30926.972916666666,-1.0292968128283275,-0.005146484064141638,9,SL,False
EURGBP,D,short,BEAR_STRONG,2021-01-20 22:00:00+00:00,2021-01-22 06:00:00+00:00,0.88653,0.8897170208333334,-1.0809123348778127,-0.005404561674389063,8,SL,False
EURNZD,D,short,BEAR_STRONG,2021-01-21 10:00:00+00:00,2021-01-22 06:00:00+00:00,1.6869,1.6941760625000002,-1.0571576734654382,-0.005285788367327191,5,SL,False
NQ,D,long,BULL_STRONG,2021-01-25 03:00:00+00:00,2021-01-25 15:00:00+00:00,13459.625,13350.428987068966,-1.0133408976896776,-0.0050667044884483885,3,SL,False
NKD,D,long,BULL_STRONG,2021-01-25 07:00:00+00:00,2021-01-25 15:00:00+00:00,28792.5,28560.92025862069,-1.0437496042241732,-0.005218748021120866,2,SL,False
AUDCAD,D,long,BULL_STRONG,2021-01-25 22:00:00+00:00,2021-01-26 06:00:00+00:00,0.98307,0.9804754874999999,-1.126883156923296,-0.00563441578461648,2,SL,False
NQ,D,long,BULL_STRONG,2021-01-26 11:00:00+00:00,2021-01-27 11:00:00+00:00,13478.375,13350.428987068966,-1.0113918512255262,-0.005056959256127631,6,SL,False
AUDCAD,D,long,BULL_STRONG,2021-01-26 14:00:00+00:00,2021-01-27 14:00:00+00:00,0.98359,0.9804754874999999,-1.1214810940690512,-0.005607405470345256,6,SL,False
NZDCHF,D,long,BULL_STRONG,2021-01-27 10:00:00+00:00,2021-01-27 22:00:00+00:00,0.63861,0.6348825666666666,-1.0729192582667284,-0.005364596291333642,3,SL,False
EURCHF,D,short,BEAR_STRONG,2021-01-27 14:00:00+00:00,2021-01-28 10:00:00+00:00,1.07595,1.0776509375,-1.2094357215758196,-0.006047178607879098,5,SL,False
GBPNZD,D,long,BULL_STRONG,2021-01-28 10:00:00+00:00,2021-01-29 10:00:00+00:00,1.91541,1.90436525,-1.044889068714223,-0.005224445343571115,6,SL,False
AUDCAD,D,long,BULL_STRONG,2021-01-28 18:00:00+00:00,2021-01-29 10:00:00+00:00,0.98563,0.9804754874999999,-1.0617890315251486,-0.005308945157625743,4,SL,False
AUDUSD,D,short,BEAR_STRONG,2021-02-01 14:00:00+00:00,2021-02-01 18:00:00+00:00,0.76257,0.7640793166666666,-1.1386299510328033,-0.005693149755164016,1,SL,False
PA,D,short,BEAR_STRONG,2021-02-02 07:00:00+00:00,2021-02-05 11:00:00+00:00,2265.375,2333.0933333333337,-1.0045304763783411,-0.005022652381891706,19,SL,False
AUDUSD,D,short,BEAR_STRONG,2021-02-02 10:00:00+00:00,2021-02-03 22:00:00+00:00,0.7601899999999999,0.7640793166666666,-1.0438043507823866,-0.005219021753911934,9,SL,False
HG,D,short,BEAR_STRONG,2021-02-02 11:00:00+00:00,2021-02-02 23:00:00+00:00,3.5127499999999996,3.5402970833333334,-1.058220144819616,-0.00529110072409808,3,SL,False
HG,D,short,BEAR_STRONG,2021-02-02 23:00:00+00:00,2021-02-03 07:00:00+00:00,3.51525,3.5402970833333334,-1.0643448601894576,-0.005321724300947288,2,SL,False
AUDUSD,D,short,BEAR_STRONG,2021-02-04 14:00:00+00:00,2021-02-05 14:00:00+00:00,0.75933,0.7640793166666666,-1.035693259741243,-0.005178466298706215,6,SL,False
ES,D,long,BULL_STRONG,2021-02-04 19:00:00+00:00,2021-02-10 11:00:00+00:00,3866.875,3925.7869642857145,1.7569941554425141,0.008784970777212572,22,TP2,True
CADJPY,D,long,BULL_STRONG,2021-02-09 22:00:00+00:00,2021-02-15 06:00:00+00:00,82.405,82.98979955357147,1.4929173917074807,0.007464586958537404,20,TP2,True
GBPCAD,D,long,BULL_STRONG,2021-02-10 10:00:00+00:00,2021-02-11 10:00:00+00:00,1.75815,1.7524802875,-1.0847573395882057,-0.005423786697941029,6,SL,False
CADCHF,D,long,BULL_STRONG,2021-02-15 02:00:00+00:00,2021-02-17 10:00:00+00:00,0.70345,0.7060719026785715,1.3298199447684387,0.006649099723842193,14,TP2,True
NG,D,long,BULL_STRONG,2021-02-15 15:00:00+00:00,2021-02-18 23:00:00+00:00,3.0105,3.009,0.7252148744751941,0.0036260743723759703,19,BE_STOP,True
DAX,D,long,BULL_STRONG,2021-02-15 16:00:00+00:00,2021-02-17 00:00:00+00:00,14113.75,14014.105,-1.0190009606147932,-0.005095004803073966,8,SL,False
AUDCHF,D,long,BULL_STRONG,2021-02-16 02:00:00+00:00,2021-02-17 22:00:00+00:00,0.69213,0.6969103758928572,1.4737869928423075,0.007368934964211538,11,TP2,True
EURAUD,D,short,BEAR_STRONG,2021-02-16 14:00:00+00:00,2021-02-17 22:00:00+00:00,1.56103,1.551415971428571,1.6271880626596449,0.008135940313298225,8,TP2,True
GBPAUD,D,long,BULL_STRONG,2021-02-17 06:00:00+00:00,2021-02-19 06:00:00+00:00,1.79046,1.79029,0.6561522906793129,0.0032807614533965647,12,BE_STOP,True
NQ,D,long,BULL_STRONG,2021-02-17 07:00:00+00:00,2021-02-17 11:00:00+00:00,13740.375,13647.003125,-1.0158524681608923,-0.005079262340804461,1,SL,False
NZDJPY,D,long,BULL_STRONG,2021-02-17 22:00:00+00:00,2021-02-19 14:00:00+00:00,76.054,76.91199357142858,1.6106475639189262,0.008053237819594631,10,TP2,True
EURJPY,D,long,BULL_STRONG,2021-02-17 22:00:00+00:00,2021-02-24 06:00:00+00:00,127.407,128.28092946428578,1.6473779655075458,0.008236889827537728,26,TP2,True
ES,D,long,BULL_STRONG,2021-02-17 23:00:00+00:00,2021-02-18 11:00:00+00:00,3933.125,3902.710625,-1.0229582006949214,-0.005114791003474607,3,SL,False
YM,D,long,BULL_STRONG,2021-02-18 19:00:00+00:00,2021-02-22 07:00:00+00:00,31446.5,31253.160000000003,-1.0209326522101756,-0.005104663261050878,9,SL,False
EURCAD,D,short,BEAR_STRONG,2021-02-18 22:00:00+00:00,2021-02-22 14:00:00+00:00,1.53485,1.53502,0.6187319539948779,0.0030936597699743897,10,BE_STOP,True
CHFJPY,D,long,BULL_STRONG,2021-02-18 22:00:00+00:00,2021-02-19 18:00:00+00:00,117.92699999999999,117.60987500000002,-1.1116527446897064,-0.005558263723448532,5,SL,False
CL,D,long,BULL_STRONG,2021-02-22 15:00:00+00:00,2021-02-26 19:00:00+00:00,61.435,61.42,0.7250546208929481,0.0036252731044647407,25,BE_STOP,True
AUDNZD,D,long,BULL_STRONG,2021-02-23 06:00:00+00:00,2021-02-23 22:00:00+00:00,1.07961,1.07583805,-1.0891587612265599,-0.005445793806132799,4,SL,False
EURCAD,D,short,BEAR_STRONG,2021-02-23 22:00:00+00:00,2021-02-25 14:00:00+00:00,1.52813,1.5283,0.6334586444186495,0.0031672932220932477,10,BE_STOP,True
SI,D,long,BULL_STRONG,2021-02-23 23:00:00+00:00,2021-02-25 23:00:00+00:00,27.8825,27.17602801724138,-1.0361573289892028,-0.005180786644946014,12,SL,False
RTY,D,long,BULL_STRONG,2021-02-24 19:00:00+00:00,2021-02-25 15:00:00+00:00,2294.15,2251.3855603448274,-1.0078267367281835,-0.005039133683640918,5,SL,False
GBPNZD,D,long,BULL_STRONG,2021-03-08 02:00:00+00:00,2021-03-17 17:00:00+00:00,1.93133,1.9206509083333334,-1.0752097540938768,-0.005376048770469384,46,SL,False
NZDJPY,D,long,BULL_STRONG,2021-03-09 10:00:00+00:00,2021-03-18 05:00:00+00:00,77.973,79.07310446428573,1.6260509164956178,0.00813025458247809,41,TP2,True
EURAUD,D,short,BEAR_STRONG,2021-03-10 14:00:00+00:00,2021-03-22 21:00:00+00:00,1.54219,1.54236,0.715711770949583,0.003578558854747915,50,BE_STOP,True
AUDCHF,D,long,BULL_STRONG,2021-03-10 18:00:00+00:00,2021-03-16 05:00:00+00:00,0.71939,0.7160427083333333,-1.1324129617729985,-0.005662064808864993,21,SL,False
NZDCHF,D,long,BULL_STRONG,2021-03-10 22:00:00+00:00,2021-03-16 09:00:00+00:00,0.67014,0.6653839625000001,-1.090234674269457,-0.0054511733713472855,21,SL,False
EURNZD,D,short,BEAR_STRONG,2021-03-11 06:00:00+00:00,2021-03-11 14:00:00+00:00,1.65433,1.6595078125,-1.080195933853356,-0.00540097966926678,2,SL,False
SI,D,short,BEAR_STRONG,2021-03-22 06:00:00+00:00,2021-03-30 06:00:00+00:00,25.5675,24.46475089285714,1.6349721747915118,0.00817486087395756,36,TP2,True
PL,D,short,BEAR_STRONG,2021-03-22 10:00:00+00:00,2021-04-01 18:00:00+00:00,1185.45,1217.6745416666668,-1.0107847050192276,-0.005053923525096138,50,SL,False
GBPCAD,D,short,BEAR_STRONG,2021-03-24 01:00:00+00:00,2021-03-25 17:00:00+00:00,1.72703,1.7336524999999998,-1.0560688415342918,-0.005280344207671459,10,SL,False
GBPAUD,D,long,BULL_STRONG,2021-03-25 05:00:00+00:00,2021-03-30 01:00:00+00:00,1.80023,1.80006,0.6810912067405677,0.0034054560337028385,17,BE_STOP,True
EURCAD,D,short,BEAR_STRONG,2021-03-25 17:00:00+00:00,2021-03-31 13:00:00+00:00,1.48377,1.4737569044642858,1.7531946629782662,0.008765973314891332,23,TP2,True
CADCHF,D,long,BULL_STRONG,2021-03-25 21:00:00+00:00,2021-03-31 17:00:00+00:00,0.7458400000000001,0.7514835937500002,1.5467109443896152,0.007733554721948076,23,TP2,True
YM,D,long,BULL_STRONG,2021-03-29 06:00:00+00:00,2021-04-05 14:00:00+00:00,32818.5,33430.908214285715,1.8175332179658934,0.009087666089829468,26,TP2,True
ES,D,long,BULL_STRONG,2021-03-29 06:00:00+00:00,2021-04-02 10:00:00+00:00,3948.875,4023.0056250000007,1.8232826078875999,0.009116413039438,25,TP2,True
GBPJPY,D,long,BULL_STRONG,2021-03-29 21:00:00+00:00,2021-03-31 13:00:00+00:00,151.267,152.71925625,1.705830894753448,0.00852915447376724,10,TP2,True
EURUSD,D,short,BEAR_STRONG,2021-03-31 13:00:00+00:00,2021-04-01 21:00:00+00:00,1.17491,1.1781996875,-1.0701591639809032,-0.005350795819904516,8,SL,False
AUDUSD,D,short,BEAR_STRONG,2021-04-01 05:00:00+00:00,2021-04-01 13:00:00+00:00,0.75572,0.760818575,-1.0390931153072545,-0.0051954655765362725,2,SL,False
PA,D,long,BULL_STRONG,2021-04-01 18:00:00+00:00,2021-04-05 10:00:00+00:00,2669.125,2623.3599999999997,-1.0074173970201576,-0.005037086985100788,4,SL,False
GBPCHF,D,long,BULL_STRONG,2021-04-05 09:00:00+00:00,2021-04-05 13:00:00+00:00,1.3052,1.3019173874999999,-1.1133221690782251,-0.005566610845391126,1,SL,False
EURGBP,D,short,BEAR_STRONG,2021-04-05 09:00:00+00:00,2021-04-06 05:00:00+00:00,0.84863,0.8512247291666667,-1.1191094675522182,-0.005595547337761091,5,SL,False
PA,D,long,BULL_STRONG,2021-04-05 10:00:00+00:00,2021-04-07 10:00:00+00:00,2661.625,2618.7260416666663,-1.007900367727638,-0.005039501838638189,12,SL,False
CHFJPY,D,long,BULL_STRONG,2021-04-06 21:00:00+00:00,2021-04-15 01:00:00+00:00,117.907,117.89,0.6007808334272443,0.0030039041671362215,37,BE_STOP,True
NKD,D,long,BULL_STRONG,2021-04-06 22:00:00+00:00,2021-04-12 02:00:00+00:00,29622.5,29615.0,0.674966316229196,0.0033748315811459803,19,BE_STOP,True
EURNZD,D,long,BULL_STRONG,2021-04-07 01:00:00+00:00,2021-04-07 09:00:00+00:00,1.68231,1.6906658625000002,1.823955891560632,0.00911977945780316,2,TP2,True
EURCHF,D,short,BEAR_STRONG,2021-04-12 21:00:00+00:00,2021-04-13 09:00:00+00:00,1.09903,1.1013598833333333,-1.149945228523143,-0.005749726142615715,3,SL,False
NZDUSD,D,short,BEAR_STRONG,2021-04-13 01:00:00+00:00,2021-04-13 09:00:00+00:00,0.7005399999999999,0.7041153875,-1.0539611736141339,-0.00526980586807067,2,SL,False
AUDUSD,D,short,BEAR_STRONG,2021-04-13 01:00:00+00:00,2021-04-13 13:00:00+00:00,0.75979,0.7626185416666668,-1.0717062670216915,-0.005358531335108457,3,SL,False
EURAUD,D,long,BULL_STRONG,2021-04-13 05:00:00+00:00,2021-04-14 05:00:00+00:00,1.5626,1.5561129375,-1.0694569667468075,-0.005347284833734037,6,SL,False
YM,D,long,BULL_STRONG,2021-04-13 10:00:00+00:00,2021-04-15 10:00:00+00:00,33480.5,33837.304285714294,1.7531218292602209,0.008765609146301104,12,TP2,True
EURNZD,D,long,BULL_STRONG,2021-04-13 13:00:00+00:00,2021-04-14 01:00:00+00:00,1.69577,1.6875860249999999,-1.050837168820716,-0.00525418584410358,3,SL,False
DAX,D,long,BULL_STRONG,2021-04-14 00:00:00+00:00,2021-04-14 12:00:00+00:00,15266.75,15206.203125000002,-1.0329672746276468,-0.005164836373138234,3,SL,False
CADCHF,D,short,BEAR_STRONG,2021-04-22 05:00:00+00:00,2021-04-22 13:00:00+00:00,0.73237,0.7354495999999999,-1.0936664146274429,-0.005468332073137214,2,SL,False
EURUSD,D,long,BULL_STRONG,2021-04-22 13:00:00+00:00,2021-04-23 17:00:00+00:00,1.20097,1.2096812749999994,1.7070518303903908,0.008535259151951954,7,TP2,True
USDCAD,D,short,BEAR_STRONG,2021-04-22 13:00:00+00:00,2021-04-28 13:00:00+00:00,1.2481099999999998,1.2342225044642858,1.77923043881882,0.008896152194094101,24,TP2,True
USDCHF,D,short,BEAR_STRONG,2021-04-26 01:00:00+00:00,2021-04-26 09:00:00+00:00,0.9124899999999999,0.916011625,-1.0634534950643006,-0.005317267475321503,2,SL,False
ES,D,long,BULL_STRONG,2021-04-26 02:00:00+00:00,2021-04-26 10:00:00+00:00,4172.875,4164.5271875,-1.0889058911143321,-0.00544452945557166,2,SL,False
EURJPY,D,long,BULL_STRONG,2021-04-26 05:00:00+00:00,2021-04-27 17:00:00+00:00,130.347,131.23966071428578,1.7368244461037716,0.008684122230518858,9,TP2,True
PA,D,long,BULL_STRONG,2021-04-26 10:00:00+00:00,2021-05-07 10:00:00+00:00,2911.625,2839.520833333333,-1.0049726888567294,-0.005024863444283647,54,SL,False
ES,D,long,BULL_STRONG,2021-04-26 14:00:00+00:00,2021-04-29 14:00:00+00:00,4181.375,4181.0,0.6784724451273885,0.0033923622256369426,18,BE_STOP,True
NQ,D,long,BULL_STRONG,2021-04-26 18:00:00+00:00,2021-04-28 10:00:00+00:00,14022.125,13894.370625,-1.0117504894336309,-0.005058752447168155,10,SL,False
CHFJPY,D,long,BULL_STRONG,2021-04-26 21:00:00+00:00,2021-04-27 13:00:00+00:00,118.247,118.85273660714289,1.7290173091206789,0.008645086545603394,4,TP2,True
USDCHF,D,short,BEAR_STRONG,2021-04-27 13:00:00+00:00,2021-04-28 05:00:00+00:00,0.91384,0.916011625,-1.1046958986369,-0.0055234794931845,4,SL,False
NQ,D,long,BULL_STRONG,2021-04-29 10:00:00+00:00,2021-04-29 14:00:00+00:00,13966.375,13894.370625,-1.0208337710611044,-0.005104168855305522,1,SL,False
HG,D,long,BULL_STRONG,2021-05-03 18:00:00+00:00,2021-05-06 22:00:00+00:00,4.52775,4.643642857142859,1.7348303746031928,0.008674151873015965,19,TP2,True
CHFJPY,D,long,BULL_STRONG,2021-05-06 13:00:00+00:00,2021-05-10 01:00:00+00:00,120.027,120.80396339285717,1.6467109123486363,0.008233554561743182,9,TP2,True
NZDJPY,D,long,BULL_STRONG,2021-05-10 05:00:00+00:00,2021-05-11 13:00:00+00:00,79.333,78.7383275,-1.0573103618399622,-0.005286551809199811,8,SL,False
EURCAD,D,short,BEAR_STRONG,2021-05-10 17:00:00+00:00,2021-05-11 13:00:00+00:00,1.46763,1.4745049375,-1.055998762106285,-0.005279993810531425,5,SL,False
EURCHF,D,short,BEAR_STRONG,2021-05-10 17:00:00+00:00,2021-05-11 05:00:00+00:00,1.09285,1.0960905125000002,-1.1051938397905858,-0.005525969198952929,3,SL,False
EURJPY,D,long,BULL_STRONG,2021-05-11 09:00:00+00:00,2021-05-18 21:00:00+00:00,132.127,133.23025892857152,1.598844693265377,0.007994223466326885,33,TP2,True
CADCHF,D,long,BULL_STRONG,2021-05-11 09:00:00+00:00,2021-05-12 13:00:00+00:00,0.74531,0.7516478544642857,1.5975756425889196,0.007987878212944598,7,TP2,True
EURCAD,D,short,BEAR_STRONG,2021-05-11 17:00:00+00:00,2021-05-12 13:00:00+00:00,1.46987,1.460434022321429,1.6939565591423376,0.008469782795711688,5,TP2,True
CL,D,long,BULL_STRONG,2021-05-12 14:00:00+00:00,2021-05-13 06:00:00+00:00,66.375,64.94608749999999,-1.0143643966652818,-0.005071821983326409,4,SL,False
NG,D,long,BULL_STRONG,2021-05-12 18:00:00+00:00,2021-05-13 10:00:00+00:00,2.9825,2.940525,-1.042954910438544,-0.0052147745521927205,4,SL,False
NG,D,long,BULL_STRONG,2021-05-13 22:00:00+00:00,2021-05-17 10:00:00+00:00,2.9775,3.0481053571428567,1.6644320950367384,0.008322160475183691,9,TP2,True
SI,D,long,BULL_STRONG,2021-05-17 02:00:00+00:00,2021-05-17 22:00:00+00:00,27.7325,28.437791964285708,1.6520259749674973,0.008260129874837487,5,TP2,True
CL,D,long,BULL_STRONG,2021-05-17 14:00:00+00:00,2021-05-18 14:00:00+00:00,66.285,65.16562499999999,-1.0183839728353143,-0.005091919864176572,6,SL,False
USDCAD,D,short,BEAR_STRONG,2021-05-17 17:00:00+00:00,2021-05-19 13:00:00+00:00,1.2067499999999998,1.2110263125000005,-1.054688941640194,-0.0052734447082009705,11,SL,False
NZDCAD,D,short,BEAR_STRONG,2021-05-17 21:00:00+00:00,2021-05-18 17:00:00+00:00,0.87077,0.8748444916666667,-1.0747620496906358,-0.00537381024845318,5,SL,False
USDCHF,D,short,BEAR_STRONG,2021-05-18 17:00:00+00:00,2021-05-19 09:00:00+00:00,0.89786,0.9015882625,-1.059286651251809,-0.005296433256259046,4,SL,False
AUDNZD,D,short,BEAR_STRONG,2021-05-18 21:00:00+00:00,2021-05-19 13:00:00+00:00,1.07553,1.0788994124999998,-1.1001978331959499,-0.0055009891659797494,4,SL,False
SI,D,long,BULL_STRONG,2021-05-19 06:00:00+00:00,2021-05-21 14:00:00+00:00,27.802500000000002,27.365162500000004,-1.0595997227830198,-0.005297998613915099,14,SL,False
NZDCAD,D,short,BEAR_STRONG,2021-05-19 17:00:00+00:00,2021-05-26 01:00:00+00:00,0.86999,0.8748444916666667,-1.0195962777889465,-0.005097981388944732,26,SL,False
GBPAUD,D,long,BULL_STRONG,2021-05-20 17:00:00+00:00,2021-05-30 21:00:00+00:00,1.82518,1.842950551785714,1.6297909292678987,0.008148954646339494,37,TP2,True
USDCHF,D,short,BEAR_STRONG,2021-05-20 17:00:00+00:00,2021-05-28 09:00:00+00:00,0.89725,0.9015882625,-1.0154451378651943,-0.005077225689325972,34,SL,False
AUDCHF,D,short,BEAR_STRONG,2021-05-24 09:00:00+00:00,2021-06-07 09:00:00+00:00,0.69419,0.69816,-0.7974864060495772,-0.003987432030247886,60,TIME,False
GBPCAD,D,short,BEAR_STRONG,2021-05-24 09:00:00+00:00,2021-05-26 09:00:00+00:00,1.70517,1.7116149375,-1.0491995019870723,-0.005245997509935362,12,SL,False
EURAUD,D,long,BULL_STRONG,2021-05-24 09:00:00+00:00,2021-05-26 01:00:00+00:00,1.57831,1.5739714583333335,-1.1057836133739847,-0.0055289180668699235,10,SL,False
AUDNZD,D,short,BEAR_STRONG,2021-05-25 01:00:00+00:00,2021-05-26 05:00:00+00:00,1.07333,1.065534307142857,1.58887167840105,0.00794435839200525,7,TP2,True
USDCAD,D,short,BEAR_STRONG,2021-05-25 01:00:00+00:00,2021-05-25 13:00:00+00:00,1.20403,1.2072333375000004,-1.0830504884228322,-0.005415252442114161,3,SL,False
AUDCAD,D,short,BEAR_STRONG,2021-05-25 01:00:00+00:00,2021-05-26 01:00:00+00:00,0.93419,0.9382287375,-1.0648238863453516,-0.005324119431726758,6,SL,False
EURUSD,D,long,BULL_STRONG,2021-05-25 09:00:00+00:00,2021-05-26 09:00:00+00:00,1.2254500000000002,1.2216425958333335,-1.0784318806694604,-0.005392159403347302,6,SL,False
CHFJPY,D,long,BULL_STRONG,2021-05-25 09:00:00+00:00,2021-05-27 17:00:00+00:00,121.61699999999999,122.30448750000001,1.6339057573346865,0.008169528786673432,14,TP2,True
YM,D,long,BULL_STRONG,2021-05-31 06:00:00+00:00,2021-06-14 10:00:00+00:00,34522.5,34345.5,-0.839738635368316,-0.00419869317684158,60,TIME,False
SI,D,long,BULL_STRONG,2021-05-31 14:00:00+00:00,2021-06-01 14:00:00+00:00,28.1625,28.14,0.6077974989915282,0.0030389874949576412,5,BE_STOP,True
EURAUD,D,long,BULL_STRONG,2021-05-31 17:00:00+00:00,2021-06-01 21:00:00+00:00,1.58099,1.5742425875,-1.0670991214250292,-0.005335495607125146,7,SL,False
ES,D,long,BULL_STRONG,2021-06-07 10:00:00+00:00,2021-06-16 18:00:00+00:00,4225.125,4194.8200431034475,-1.0238226203420338,-0.005119113101710169,44,SL,False
NG,D,long,BULL_STRONG,2021-06-08 06:00:00+00:00,2021-06-11 10:00:00+00:00,3.1265,3.2548366379310347,1.7068427039175282,0.00853421351958764,19,TP2,True
AUDCHF,D,short,BEAR_STRONG,2021-06-08 13:00:00+00:00,2021-06-16 17:00:00+00:00,0.69369,0.69386,0.6421987799413615,0.003210993899706808,37,BE_STOP,True
CHFJPY,D,long,BULL_STRONG,2021-06-09 05:00:00+00:00,2021-06-14 05:00:00+00:00,122.17699999999999,121.87225833333333,-1.170655784992314,-0.00585327892496157,18,SL,False
EURNZD,D,long,BULL_STRONG,2021-06-09 09:00:00+00:00,2021-06-16 21:00:00+00:00,1.69443,1.69426,0.6312440189369473,0.0031562200946847366,33,BE_STOP,True
CL,D,long,BULL_STRONG,2021-06-09 14:00:00+00:00,2021-06-15 10:00:00+00:00,69.735,71.89073645320197,1.7243413429507433,0.008621706714753716,23,TP2,True
DAX,D,long,BULL_STRONG,2021-06-14 04:00:00+00:00,2021-06-17 00:00:00+00:00,15755.75,15651.96875,-1.019513108886867,-0.005097565544434335,17,SL,False
NZDCAD,D,short,BEAR_STRONG,2021-06-14 05:00:00+00:00,2021-06-17 01:00:00+00:00,0.86803,0.8714746791666667,-1.0584864013395723,-0.005292432006697862,17,SL,False
USDJPY,D,long,BULL_STRONG,2021-06-14 09:00:00+00:00,2021-06-16 21:00:00+00:00,109.769,110.5000294642857,1.6093126540224403,0.008046563270112201,15,TP2,True
GBPNZD,D,long,BULL_STRONG,2021-06-14 13:00:00+00:00,2021-06-18 05:00:00+00:00,1.97645,1.995835924107143,1.6898599537808883,0.008449299768904442,22,TP2,True
PA,D,short,BEAR_STRONG,2021-06-14 22:00:00+00:00,2021-06-16 10:00:00+00:00,2752.375,2782.105208333334,-1.0116597727032826,-0.005058298863516413,9,SL,False
CADCHF,D,short,BEAR_STRONG,2021-06-15 09:00:00+00:00,2021-06-16 17:00:00+00:00,0.73851,0.7407060666666667,-1.1102586621039114,-0.005551293310519558,8,SL,False
GBPCAD,D,long,BULL_STRONG,2021-06-16 05:00:00+00:00,2021-06-22 05:00:00+00:00,1.71804,1.71787,0.5926207379004286,0.002963103689502143,24,BE_STOP,True
EURNZD,D,long,BULL_STRONG,2021-06-17 13:00:00+00:00,2021-06-24 01:00:00+00:00,1.70097,1.6911598958333334,-1.0630839448916745,-0.005315419724458373,27,SL,False
NG,D,long,BULL_STRONG,2021-06-17 18:00:00+00:00,2021-06-21 10:00:00+00:00,3.2145,3.1433833333333334,-1.0252405075412985,-0.005126202537706493,10,SL,False
NZDCAD,D,short,BEAR_STRONG,2021-06-22 05:00:00+00:00,2021-06-24 09:00:00+00:00,0.86392,0.8690193958333334,-1.038736755264971,-0.005193683776324854,13,SL,False
USDJPY,D,long,BULL_STRONG,2021-06-22 05:00:00+00:00,2021-07-01 05:00:00+00:00,110.489,111.3736392857143,1.63612807496817,0.00818064037484085,42,TP2,True
CL,D,long,BULL_STRONG,2021-06-28 06:00:00+00:00,2021-06-28 10:00:00+00:00,74.175,73.08689583333333,-1.0195078918247302,-0.005097539459123651,1,SL,False
USDCHF,D,long,BULL_STRONG,2021-06-29 01:00:00+00:00,2021-07-01 05:00:00+00:00,0.9204300000000001,0.9266793848214288,1.6335018811406319,0.00816750940570316,13,TP2,True
DAX,D,long,BULL_STRONG,2021-06-29 08:00:00+00:00,2021-06-30 08:00:00+00:00,15676.75,15564.066666666668,-1.0179047647409174,-0.0050895238237045875,6,SL,False
EURUSD,D,short,BEAR_STRONG,2021-06-29 13:00:00+00:00,2021-07-06 05:00:00+00:00,1.1895299999999998,1.18962,0.6881473751876673,0.003440736875938337,28,BE_STOP,True
CL,D,long,BULL_STRONG,2021-06-30 10:00:00+00:00,2021-06-30 14:00:00+00:00,73.645,73.08689583333333,-1.0384670221335697,-0.005192335110667848,1,SL,False
CL,D,long,BULL_STRONG,2021-06-30 14:00:00+00:00,2021-07-01 14:00:00+00:00,73.725,75.37501339285713,2.0224336296289174,0.010112168148144586,6,TP2,True
EURUSD,D,short,BEAR_STRONG,2021-07-06 13:00:00+00:00,2021-07-08 09:00:00+00:00,1.1813799999999999,1.185108229166667,-1.0619513476680273,-0.005309756738340137,11,SL,False
NQ,D,long,BULL_STRONG,2021-07-08 06:00:00+00:00,2021-07-12 10:00:00+00:00,14623.375,14852.159330357144,1.7971929733047698,0.00898596486652385,13,TP2,True
CHFJPY,D,short,BEAR_STRONG,2021-07-08 21:00:00+00:00,2021-07-12 13:00:00+00:00,120.02300000000001,120.65655000000001,-1.0467167626307612,-0.005233583813153806,10,SL,False
ES,D,long,BULL_STRONG,2021-07-12 06:00:00+00:00,2021-07-14 06:00:00+00:00,4350.875,4350.5,0.6520025553556993,0.0032600127767784966,12,BE_STOP,True
NQ,D,long,BULL_STRONG,2021-07-12 10:00:00+00:00,2021-07-16 18:00:00+00:00,14829.125,14673.29698275862,-1.0100437420109747,-0.005050218710054874,26,SL,False
ES,D,long,BULL_STRONG,2021-07-14 06:00:00+00:00,2021-07-15 14:00:00+00:00,4362.625,4338.338254310345,-1.0302784250634298,-0.005151392125317149,8,SL,False
NZDCAD,D,long,BULL_STRONG,2021-07-15 05:00:00+00:00,2021-07-19 09:00:00+00:00,0.87878,0.8889052982142857,1.6528847832831246,0.008264423916415624,13,TP2,True
GBPAUD,D,long,BULL_STRONG,2021-07-19 05:00:00+00:00,2021-07-27 17:00:00+00:00,1.86399,1.8851492964285712,1.6520185869442077,0.008260092934721039,39,TP2,True
GBPCHF,D,short,BEAR_STRONG,2021-07-19 05:00:00+00:00,2021-07-22 09:00:00+00:00,1.26313,1.2633,0.6897762019092876,0.003448881009546438,19,BE_STOP,True
NZDUSD,D,short,BEAR_STRONG,2021-07-19 09:00:00+00:00,2021-07-22 21:00:00+00:00,0.6941299999999999,0.6988535541666666,-1.0209727126315098,-0.005104863563157549,21,SL,False
EURUSD,D,short,BEAR_STRONG,2021-07-19 09:00:00+00:00,2021-07-19 13:00:00+00:00,1.1785999999999999,1.1819038124999999,-1.0793462593104475,-0.005396731296552238,1,SL,False
EURUSD,D,short,BEAR_STRONG,2021-07-20 05:00:00+00:00,2021-07-22 13:00:00+00:00,1.17871,1.1819038124999999,-1.0628322103864707,-0.005314161051932354,14,SL,False
EURJPY,D,short,BEAR_STRONG,2021-07-20 13:00:00+00:00,2021-07-21 13:00:00+00:00,129.433,130.0343125,-1.0515488201946654,-0.005257744100973328,6,SL,False
USDCHF,D,long,BULL_STRONG,2021-07-20 13:00:00+00:00,2021-07-21 13:00:00+00:00,0.9219200000000001,0.9184601541666667,-1.0739110369787048,-0.005369555184893524,6,SL,False
NZDJPY,D,short,BEAR_STRONG,2021-07-21 05:00:00+00:00,2021-07-23 05:00:00+00:00,76.245,77.07013375000001,-1.0218705133896409,-0.005109352566948205,12,SL,False
USDCAD,D,long,BULL_STRONG,2021-07-21 21:00:00+00:00,2021-07-29 01:00:00+00:00,1.2583300000000002,1.249766333333333,-1.049112883049463,-0.005245564415247315,31,SL,False
CHFJPY,D,short,BEAR_STRONG,2021-07-22 13:00:00+00:00,2021-07-26 13:00:00+00:00,119.723,120.37623333333333,-1.0373467071828928,-0.005186733535914464,12,SL,False
GBPCHF,D,short,BEAR_STRONG,2021-07-22 21:00:00+00:00,2021-07-28 05:00:00+00:00,1.26541,1.2709271875,-1.0368712337093091,-0.005184356168546546,20,SL,False
NQ,D,long,BULL_STRONG,2021-07-22 22:00:00+00:00,2021-07-27 14:00:00+00:00,14981.125,14873.809375,-1.0147136787352795,-0.0050735683936763976,16,SL,False
AUDNZD,D,short,BEAR_STRONG,2021-07-26 05:00:00+00:00,2021-07-27 05:00:00+00:00,1.05463,1.0573503375000002,-1.1049461884946523,-0.005524730942473262,6,SL,False
YM,D,long,BULL_STRONG,2021-07-26 06:00:00+00:00,2021-07-27 06:00:00+00:00,34825.5,34824.0,0.6920403344347896,0.003460201672173948,6,BE_STOP,True
EURGBP,D,short,BEAR_STRONG,2021-07-26 21:00:00+00:00,2021-07-27 09:00:00+00:00,0.85399,0.8555899541666667,-1.2024950216935848,-0.0060124751084679245,3,SL,False
PL,D,short,BEAR_STRONG,2021-07-27 02:00:00+00:00,2021-07-29 06:00:00+00:00,1060.45,1076.9437083333332,-1.020613273344295,-0.005103066366721475,13,SL,False
YM,D,long,BULL_STRONG,2021-07-27 10:00:00+00:00,2021-08-02 18:00:00+00:00,34887.5,34717.70125,-1.0254963272157396,-0.005127481636078698,26,SL,False
EURCHF,D,short,BEAR_STRONG,2021-07-27 21:00:00+00:00,2021-07-29 13:00:00+00:00,1.08108,1.077284174107143,1.4120814223841285,0.007060407111920642,10,TP2,True
SI,D,short,BEAR_STRONG,2021-07-28 18:00:00+00:00,2021-07-29 02:00:00+00:00,24.9725,25.31876875,-1.075664498195088,-0.0053783224909754405,2,SL,False
AUDNZD,D,short,BEAR_STRONG,2021-07-29 17:00:00+00:00,2021-08-02 09:00:00+00:00,1.0549,1.05507,0.5174966973091049,0.002587483486545524,10,BE_STOP,True
EURAUD,D,long,BULL_STRONG,2021-08-02 21:00:00+00:00,2021-08-03 01:00:00+00:00,1.61139,1.6060639208333334,-1.0767239189338798,-0.005383619594669399,1,SL,False
AUDCHF,D,short,BEAR_STRONG,2021-08-03 09:00:00+00:00,2021-08-04 05:00:00+00:00,0.66668,0.6708835375,-1.06528641422077,-0.00532643207110385,5,SL,False
PL,D,short,BEAR_STRONG,2021-08-04 06:00:00+00:00,2021-08-04 22:00:00+00:00,1042.45,1016.9436250000006,1.7455001865026334,0.008727500932513167,4,TP2,True
NQ,D,long,BULL_STRONG,2021-08-09 10:00:00+00:00,2021-08-10 14:00:00+00:00,15109.625,15031.683958333335,-1.0204183424340014,-0.005102091712170007,7,SL,False
ES,D,long,BULL_STRONG,2021-08-09 10:00:00+00:00,2021-08-13 10:00:00+00:00,4421.625,4461.489575892858,1.6757725107441785,0.008378862553720893,24,TP2,True
CL,D,short,BEAR_STRONG,2021-08-10 02:00:00+00:00,2021-08-10 14:00:00+00:00,67.315,68.37755416666666,-1.019459805181117,-0.005097299025905585,3,SL,False
GBPAUD,D,long,BULL_STRONG,2021-08-10 09:00:00+00:00,2021-08-11 09:00:00+00:00,1.88755,1.879982170833333,-1.06545933801526,-0.0053272966900762995,6,SL,False
AUDNZD,D,short,BEAR_STRONG,2021-08-11 13:00:00+00:00,2021-08-12 21:00:00+00:00,1.04623,1.0490710833333334,-1.0997618444451351,-0.005498809222225676,8,SL,False
AUDNZD,D,short,BEAR_STRONG,2021-08-16 01:00:00+00:00,2021-08-17 01:00:00+00:00,1.04463,1.047975404166667,-1.083847027346906,-0.0054192351367345305,6,SL,False
AUDNZD,D,short,BEAR_STRONG,2021-08-26 13:00:00+00:00,2021-09-01 09:00:00+00:00,1.04226,1.04243,0.620127168684566,0.00310063584342283,23,BE_STOP,True
YM,D,long,BULL_STRONG,2021-08-31 06:00:00+00:00,2021-08-31 10:00:00+00:00,35421.5,35295.235,-1.034735061916403,-0.005173675309582015,1,SL,False
ES,D,long,BULL_STRONG,2021-09-06 10:00:00+00:00,2021-09-07 10:00:00+00:00,4548.125,4525.873750000001,-1.0337740700531408,-0.005168870350265704,5,SL,False
YM,D,short,BEAR_STRONG,2021-09-13 02:00:00+00:00,2021-09-20 02:00:00+00:00,34705.5,34163.16610221675,1.7898535793852304,0.008949267896926152,30,TP2,True
EURNZD,D,short,BEAR_STRONG,2021-09-13 05:00:00+00:00,2021-09-14 13:00:00+00:00,1.65703,1.664114625,-1.0509043078981144,-0.005254521539490572,8,SL,False
NZDCHF,D,long,BULL_STRONG,2021-09-13 09:00:00+00:00,2021-09-14 17:00:00+00:00,0.65617,0.6524518458333334,-1.0878946588425686,-0.0054394732942128435,8,SL,False
NKD,D,long,BULL_STRONG,2021-09-14 22:00:00+00:00,2021-09-20 02:00:00+00:00,30257.5,29847.991379310344,-1.0246775802543262,-0.005123387901271631,19,SL,False
EURNZD,D,short,BEAR_STRONG,2021-09-16 05:00:00+00:00,2021-09-16 13:00:00+00:00,1.65473,1.664114625,-1.0435896414666905,-0.0052179482073334525,2,SL,False
NZDCHF,D,long,BULL_STRONG,2021-09-16 09:00:00+00:00,2021-09-20 09:00:00+00:00,0.65729,0.6524518458333334,-1.0775511234365485,-0.0053877556171827426,12,SL,False
PL,D,short,BEAR_STRONG,2021-09-21 06:00:00+00:00,2021-09-21 10:00:00+00:00,917.25,934.9822083333333,-1.0184976631003426,-0.005092488315501713,1,SL,False
EURCAD,D,long,BULL_STRONG,2021-09-21 13:00:00+00:00,2021-09-22 17:00:00+00:00,1.50063,1.4908876875,-1.0449304387001577,-0.005224652193500788,7,SL,False
GBPNZD,D,short,BEAR_STRONG,2021-09-22 09:00:00+00:00,2021-09-22 17:00:00+00:00,1.94241,1.9457775541666666,-1.1382110753922603,-0.005691055376961302,2,SL,False
CADJPY,D,short,BEAR_STRONG,2021-09-22 13:00:00+00:00,2021-09-23 05:00:00+00:00,86.063,86.54696833333333,-1.0622072588790736,-0.005311036294395368,4,SL,False
USDCAD,D,long,BULL_STRONG,2021-09-22 13:00:00+00:00,2021-09-23 05:00:00+00:00,1.27333,1.2660101874999998,-1.037105554258861,-0.005185527771294305,4,SL,False
GBPNZD,D,short,BEAR_STRONG,2021-09-23 09:00:00+00:00,2021-09-24 05:00:00+00:00,1.93933,1.9457775541666666,-1.0703309263891931,-0.005351654631945966,5,SL,False
CADCHF,D,long,BULL_STRONG,2021-09-27 01:00:00+00:00,2021-10-01 01:00:00+00:00,0.73301,0.73284,0.5498819266479086,0.002749409633239543,24,BE_STOP,True
AUDUSD,D,short,BEAR_STRONG,2021-09-30 09:00:00+00:00,2021-09-30 13:00:00+00:00,0.7209,0.7247790083333333,-1.050389437869637,-0.0052519471893481854,1,SL,False
CADCHF,D,long,BULL_STRONG,2021-10-04 05:00:00+00:00,2021-10-08 13:00:00+00:00,0.73627,0.744020513392857,1.6098484014582366,0.008049242007291183,26,TP2,True
AUDCAD,D,short,BEAR_STRONG,2021-10-06 09:00:00+00:00,2021-10-07 09:00:00+00:00,0.91575,0.9186930125000001,-1.0895073498586783,-0.0054475367492933914,6,SL,False
NZDCAD,D,short,BEAR_STRONG,2021-10-06 09:00:00+00:00,2021-10-10 21:00:00+00:00,0.87193,0.8618350803571428,1.6865789614313087,0.008432894807156545,15,TP2,True
AUDNZD,D,long,BULL_STRONG,2021-10-06 09:00:00+00:00,2021-10-11 21:00:00+00:00,1.05045,1.0594025937500005,1.6285874778285019,0.00814293738914251,21,TP2,True
CL,D,long,BULL_STRONG,2021-10-07 06:00:00+00:00,2021-10-08 02:00:00+00:00,76.265,79.49484999999999,1.7422714903755672,0.008711357451877837,5,TP2,True
GBPNZD,D,long,BULL_STRONG,2021-10-07 21:00:00+00:00,2021-10-12 21:00:00+00:00,1.96187,1.9519728875,-1.061134463079357,-0.005305672315396786,18,SL,False
AUDCAD,D,short,BEAR_STRONG,2021-10-11 05:00:00+00:00,2021-10-11 13:00:00+00:00,0.91403,0.9171939625,-1.0995216873958873,-0.005497608436979436,2,SL,False
USDCHF,D,long,BULL_STRONG,2021-10-12 13:00:00+00:00,2021-10-13 09:00:00+00:00,0.93133,0.92755625,-1.0598265897523,-0.005299132948761501,5,SL,False
EURUSD,D,short,BEAR_STRONG,2021-10-12 17:00:00+00:00,2021-10-13 05:00:00+00:00,1.1529299999999998,1.155670566666667,-1.0948514908762093,-0.005474257454381046,3,SL,False
CL,D,long,BULL_STRONG,2021-10-13 14:00:00+00:00,2021-10-22 18:00:00+00:00,80.525,84.15387053571428,1.7287445423735415,0.008643722711867708,43,TP2,True
EURCHF,D,short,BEAR_STRONG,2021-10-14 01:00:00+00:00,2021-10-15 05:00:00+00:00,1.07003,1.0725443250000002,-1.1150882236891158,-0.005575441118445579,7,SL,False
EURGBP,D,short,BEAR_STRONG,2021-10-19 01:00:00+00:00,2021-10-27 09:00:00+00:00,0.84557,0.84574,0.6803686337976578,0.003401843168988289,38,BE_STOP,True
GBPAUD,D,short,BEAR_STRONG,2021-10-20 01:00:00+00:00,2021-10-29 13:00:00+00:00,1.84148,1.8230748410714288,1.7133437967086376,0.008566718983543189,45,TP2,True
EURCHF,D,short,BEAR_STRONG,2021-10-21 05:00:00+00:00,2021-10-21 17:00:00+00:00,1.07047,1.0678914589285717,1.5935285281309461,0.007967642640654731,3,TP2,True
EURAUD,D,short,BEAR_STRONG,2021-10-21 13:00:00+00:00,2021-10-27 01:00:00+00:00,1.5565,1.54020275,1.669419502656592,0.008347097513282959,21,TP2,True
AUDNZD,D,long,BULL_STRONG,2021-10-25 09:00:00+00:00,2021-10-27 21:00:00+00:00,1.04708,1.04691,0.564802467905725,0.0028240123395286247,15,BE_STOP,True
CL,D,long,BULL_STRONG,2021-10-25 14:00:00+00:00,2021-10-27 14:00:00+00:00,83.925,82.4817875,-1.0152036199095027,-0.005076018099547513,12,SL,False
YM,D,long,BULL_STRONG,2021-10-25 14:00:00+00:00,2021-10-27 18:00:00+00:00,35637.5,35434.41166666667,-1.021583590320207,-0.005107917951601036,13,SL,False
SI,D,long,BULL_STRONG,2021-10-25 14:00:00+00:00,2021-10-26 06:00:00+00:00,24.622500000000002,24.310583333333337,-1.0845486898934675,-0.005422743449467338,4,SL,False
RTY,D,long,BULL_STRONG,2021-10-25 14:00:00+00:00,2021-10-27 06:00:00+00:00,2311.25,2283.436458333332,-1.0121061866927767,-0.005060530933463884,10,SL,False
EURUSD,D,short,BEAR_STRONG,2021-10-25 21:00:00+00:00,2021-10-28 13:00:00+00:00,1.1603199999999998,1.1641243750000003,-1.0518108160861857,-0.005259054080430928,16,SL,False
EURCHF,D,short,BEAR_STRONG,2021-10-26 05:00:00+00:00,2021-10-27 05:00:00+00:00,1.06945,1.0655975723214286,1.5232999026801655,0.007616499513400828,6,TP2,True
AUDJPY,D,long,BULL_STRONG,2021-10-27 01:00:00+00:00,2021-10-27 05:00:00+00:00,85.815,85.40179166666668,-1.073229403722781,-0.005366147018613905,1,SL,False
GBPNZD,D,short,BEAR_STRONG,2021-10-28 01:00:00+00:00,2021-10-28 17:00:00+00:00,1.91483,1.9251637416666667,-1.0431018629130187,-0.005215509314565094,4,SL,False
AUDNZD,D,long,BULL_STRONG,2021-10-28 09:00:00+00:00,2021-10-29 17:00:00+00:00,1.04715,1.04698,0.5912002250984775,0.0029560011254923875,8,BE_STOP,True
EURAUD,D,short,BEAR_STRONG,2021-10-28 09:00:00+00:00,2021-10-29 17:00:00+00:00,1.5483,1.536497286607143,1.845473407514472,0.00922736703757236,8,TP2,True
CHFJPY,D,long,BULL_STRONG,2021-10-28 17:00:00+00:00,2021-11-02 05:00:00+00:00,124.547,124.53,0.6497610560048914,0.003248805280024457,15,BE_STOP,True
EURNZD,D,short,BEAR_STRONG,2021-11-01 05:00:00+00:00,2021-11-02 09:00:00+00:00,1.61295,1.6217928874999998,-1.0398728797070198,-0.005199364398535099,7,SL,False
GBPAUD,D,short,BEAR_STRONG,2021-11-01 09:00:00+00:00,2021-11-02 05:00:00+00:00,1.82053,1.8290339458333333,-1.0509811568849692,-0.005254905784424846,5,SL,False
ES,D,long,BULL_STRONG,2021-11-01 10:00:00+00:00,2021-11-03 22:00:00+00:00,4598.125,4658.052232142856,1.7288575656603273,0.008644287828301636,15,TP2,True
AUDNZD,D,short,BEAR_STRONG,2021-11-10 18:00:00+00:00,2021-11-12 18:00:00+00:00,1.03758,1.0419218541666666,-1.051598447932325,-0.005257992239661625,12,SL,False
EURCHF,D,short,BEAR_STRONG,2021-11-15 10:00:00+00:00,2021-11-19 10:00:00+00:00,1.05315,1.0481299553571428,1.576073369812492,0.00788036684906246,24,TP2,True
AUDUSD,D,short,BEAR_STRONG,2021-11-17 18:00:00+00:00,2021-11-24 10:00:00+00:00,0.72659,0.7197612678571429,1.739746797306691,0.008698733986533454,28,TP2,True
AUDNZD,D,short,BEAR_STRONG,2021-11-18 14:00:00+00:00,2021-11-22 14:00:00+00:00,1.03445,1.039697125,-1.0423119383509383,-0.005211559691754692,12,SL,False
ES,D,long,BULL_STRONG,2021-11-22 03:00:00+00:00,2021-11-22 15:00:00+00:00,4707.375,4707.0,0.669207861797885,0.0033460393089894255,3,BE_STOP,True
ES,D,long,BULL_STRONG,2021-11-22 15:00:00+00:00,2021-11-22 19:00:00+00:00,4712.375,4691.8953125,-1.0374037149296647,-0.0051870185746483236,1,SL,False
GBPUSD,D,short,BEAR_STRONG,2021-11-22 18:00:00+00:00,2021-11-25 22:00:00+00:00,1.3394499999999998,1.3300988035714285,1.7463170067251803,0.008731585033625902,19,TP2,True
NG,D,short,BEAR_STRONG,2021-11-23 03:00:00+00:00,2021-11-23 07:00:00+00:00,4.7924999999999995,4.908562500000001,-1.016439934533552,-0.00508219967266776,1,SL,False
EURCHF,D,short,BEAR_STRONG,2021-11-23 06:00:00+00:00,2021-11-30 14:00:00+00:00,1.04925,1.0410846017857143,1.6417837414874976,0.008208918707437488,32,TP2,True
ES,D,long,BULL_STRONG,2021-11-25 03:00:00+00:00,2021-11-25 23:00:00+00:00,4716.875,4691.8953125,-1.030577506826697,-0.005152887534133485,4,SL,False
EURCAD,D,short,BEAR_STRONG,2021-11-25 06:00:00+00:00,2021-11-26 06:00:00+00:00,1.42132,1.428787525,-1.04371136789528,-0.005218556839476401,6,SL,False
EURJPY,D,short,BEAR_STRONG,2021-11-29 22:00:00+00:00,2021-12-13 22:00:00+00:00,128.423,128.207,0.231906198062168,0.00115953099031084,60,TIME,False
GBPAUD,D,long,BULL_STRONG,2021-11-30 22:00:00+00:00,2021-12-03 14:00:00+00:00,1.86334,1.8872440687499998,1.6980348640160747,0.008490174320080373,16,TP2,True
NQ,D,short,BEAR_STRONG,2021-12-02 15:00:00+00:00,2021-12-07 15:00:00+00:00,16007.625,16326.4359375,-1.0051991933228326,-0.005025995966614163,18,SL,False
GBPUSD,D,short,BEAR_STRONG,2021-12-06 06:00:00+00:00,2021-12-10 14:00:00+00:00,1.3258699999999999,1.32596,0.691027045427309,0.003455135227136545,26,BE_STOP,True
NZDJPY,D,short,BEAR_STRONG,2021-12-06 06:00:00+00:00,2021-12-07 14:00:00+00:00,76.393,77.0907675,-1.0333374022702255,-0.005166687011351128,8,SL,False
NZDCHF,D,short,BEAR_STRONG,2021-12-06 06:00:00+00:00,2021-12-07 10:00:00+00:00,0.62227,0.6269990625,-1.0454299102063203,-0.005227149551031602,7,SL,False
EURAUD,D,long,BULL_STRONG,2021-12-06 10:00:00+00:00,2021-12-07 06:00:00+00:00,1.60379,1.5905707583333333,-1.0302339867770094,-0.005151169933885047,5,SL,False
EURNZD,D,long,BULL_STRONG,2021-12-06 10:00:00+00:00,2021-12-07 10:00:00+00:00,1.67125,1.66180045,-1.0489220921273137,-0.005244610460636568,6,SL,False
GBPNZD,D,long,BULL_STRONG,2021-12-06 10:00:00+00:00,2021-12-07 14:00:00+00:00,1.96258,1.9503673791666665,-1.0410841798348847,-0.005205420899174424,7,SL,False
AUDCAD,D,short,BEAR_STRONG,2021-12-08 22:00:00+00:00,2021-12-10 10:00:00+00:00,0.90715,0.9115102125000001,-1.0589471297696715,-0.005294735648848358,9,SL,False
EURNZD,D,long,BULL_STRONG,2021-12-08 22:00:00+00:00,2021-12-09 06:00:00+00:00,1.6664,1.66180045,-1.0910467203214782,-0.005455233601607391,2,SL,False
GBPJPY,D,short,BEAR_STRONG,2021-12-09 06:00:00+00:00,2021-12-10 18:00:00+00:00,149.943,150.49419999999998,-1.0617596780232081,-0.005308798390116041,9,SL,False
PL,D,short,BEAR_STRONG,2021-12-13 15:00:00+00:00,2021-12-15 11:00:00+00:00,923.65,897.197517857143,1.853424205450963,0.009267121027254816,11,TP2,True
RTY,D,short,BEAR_STRONG,2021-12-13 15:00:00+00:00,2021-12-16 07:00:00+00:00,2179.35,2217.039166666667,-1.0086402557329037,-0.005043201278664518,16,SL,False
NZDJPY,D,short,BEAR_STRONG,2021-12-13 22:00:00+00:00,2021-12-15 18:00:00+00:00,76.677,77.09674416666667,-1.0564496816630806,-0.005282248408315403,11,SL,False
EURCHF,D,short,BEAR_STRONG,2021-12-13 22:00:00+00:00,2021-12-14 10:00:00+00:00,1.04103,1.0412,0.35502645647702724,0.0017751322823851363,3,BE_STOP,True
HG,D,short,BEAR_STRONG,2021-12-14 03:00:00+00:00,2021-12-15 11:00:00+00:00,4.28575,4.18291799107143,1.7019661708888945,0.008509830854444473,8,TP2,True
EURCHF,D,short,BEAR_STRONG,2021-12-14 14:00:00+00:00,2021-12-15 10:00:00+00:00,1.04007,1.0425374166666665,-1.1373759512496036,-0.005686879756248018,5,SL,False
CL,D,short,BEAR_STRONG,2021-12-14 15:00:00+00:00,2021-12-16 15:00:00+00:00,70.485,71.99042083333335,-1.0138476325198982,-0.005069238162599491,12,SL,False
EURNZD,D,long,BULL_STRONG,2021-12-15 10:00:00+00:00,2021-12-16 06:00:00+00:00,1.66963,1.6618995125,-1.053402402953514,-0.005267012014767571,5,SL,False
SI,D,short,BEAR_STRONG,2021-12-15 19:00:00+00:00,2021-12-16 11:00:00+00:00,22.0525,22.41759375,-1.070824993158809,-0.005354124965794045,4,SL,False
GBPNZD,D,long,BULL_STRONG,2021-12-16 02:00:00+00:00,2021-12-16 10:00:00+00:00,1.95849,1.9485994624999998,-1.045695888730432,-0.00522847944365216,2,SL,False
GBPNZD,D,long,BULL_STRONG,2021-12-16 18:00:00+00:00,2021-12-30 18:00:00+00:00,1.95889,1.97579,1.4963294711372654,0.007481647355686328,60,TIME,True
CADCHF,D,short,BEAR_STRONG,2021-12-20 02:00:00+00:00,2021-12-31 14:00:00+00:00,0.715,0.7194902333333333,-0.9583587306241181,-0.0047917936531205905,57,SL,False
NZDJPY,D,short,BEAR_STRONG,2021-12-20 02:00:00+00:00,2021-12-21 06:00:00+00:00,76.232,76.71705875000002,-1.0484393892860557,-0.005242196946430279,7,SL,False
RTY,D,short,BEAR_STRONG,2021-12-20 03:00:00+00:00,2021-12-21 11:00:00+00:00,2118.45,2168.322083333334,-1.0064252335900397,-0.0050321261679501985,8,SL,False
NQ,D,short,BEAR_STRONG,2021-12-20 03:00:00+00:00,2021-12-21 15:00:00+00:00,15603.625,15897.964062500001,-1.0055220695556961,-0.0050276103477784806,9,SL,False
EURCAD,D,long,BULL_STRONG,2021-12-20 06:00:00+00:00,2021-12-24 14:00:00+00:00,1.45606,1.448071125,-1.0733927067512925,-0.005366963533756462,26,SL,False
NZDCHF,D,short,BEAR_STRONG,2021-12-20 06:00:00+00:00,2021-12-21 10:00:00+00:00,0.61959,0.623186625,-1.0603341772151906,-0.005301670886075954,7,SL,False
GBPCAD,D,long,BULL_STRONG,2021-12-20 14:00:00+00:00,2021-12-30 14:00:00+00:00,1.70941,1.7283647205357144,1.6842081222655976,0.008421040611327988,48,TP2,True
NZDUSD,D,short,BEAR_STRONG,2021-12-20 22:00:00+00:00,2021-12-21 10:00:00+00:00,0.67257,0.6754589000000001,-1.0657972060452432,-0.0053289860302262165,3,SL,False
EURNZD,D,long,BULL_STRONG,2021-12-21 06:00:00+00:00,2021-12-21 18:00:00+00:00,1.67436,1.6669339749999998,-1.0557344275963756,-0.005278672137981878,3,SL,False
GBPCHF,D,short,BEAR_STRONG,2021-12-21 06:00:00+00:00,2021-12-21 14:00:00+00:00,1.21955,1.2247834083333335,-1.0672939999242903,-0.0053364699996214515,2,SL,False
CL,D,short,BEAR_STRONG,2021-12-21 07:00:00+00:00,2021-12-21 23:00:00+00:00,69.595,71.64975416666667,-1.0100833719749727,-0.005050416859874863,4,SL,False
YM,D,short,BEAR_STRONG,2021-12-21 07:00:00+00:00,2021-12-22 15:00:00+00:00,35064.5,35505.61041666666,-1.0097931255420285,-0.005048965627710142,8,SL,False
DAX,D,short,BEAR_STRONG,2021-12-21 08:00:00+00:00,2021-12-22 16:00:00+00:00,15394.25,15540.9375,-1.0135780042826552,-0.005067890021413276,8,SL,False
AUDNZD,D,long,BULL_STRONG,2021-12-23 06:00:00+00:00,2021-12-24 18:00:00+00:00,1.05955,1.0568265708333333,-1.144251896550881,-0.005721259482754405,9,SL,False
AUDNZD,D,long,BULL_STRONG,2021-12-27 06:00:00+00:00,2022-01-07 18:00:00+00:00,1.06151,1.0580491166666668,-1.2335577783067497,-0.006167788891533749,57,SL,False
NZDCAD,D,short,BEAR_STRONG,2021-12-28 02:00:00+00:00,2021-12-29 14:00:00+00:00,0.87127,0.87404255,-1.092977195442933,-0.005464885977214665,9,SL,False
EURCHF,D,short,BEAR_STRONG,2021-12-28 10:00:00+00:00,2021-12-31 14:00:00+00:00,1.03759,1.03776,0.5958890331645325,0.0029794451658226623,19,BE_STOP,True
GBPAUD,D,long,BULL_STRONG,2021-12-29 14:00:00+00:00,2021-12-30 06:00:00+00:00,1.86085,1.854024625,-1.0646874143079865,-0.005323437071539933,4,SL,False
GBPAUD,D,long,BULL_STRONG,2021-12-30 22:00:00+00:00,2022-01-03 18:00:00+00:00,1.86132,1.875420205357143,1.654095276188471,0.008270476380942356,11,TP2,True
NZDCAD,D,short,BEAR_STRONG,2021-12-30 22:00:00+00:00,2022-01-02 22:00:00+00:00,0.8706699999999999,0.8643297464285714,1.6089196064742814,0.008044598032371408,6,TP2,True
USDJPY,D,long,BULL_STRONG,2022-01-03 02:00:00+00:00,2022-01-03 10:00:00+00:00,115.319,115.061625,-1.1012366784096659,-0.005506183392048329,2,SL,False
EURUSD,D,long,BULL_STRONG,2022-01-03 10:00:00+00:00,2022-01-03 14:00:00+00:00,1.1351700000000002,1.1315549833333334,-1.0706163469676668,-0.005353081734838334,1,SL,False
RTY,D,long,BULL_STRONG,2022-01-03 15:00:00+00:00,2022-01-04 15:00:00+00:00,2258.75,2258.6,0.723452868852455,0.0036172643442622747,6,BE_STOP,True
GBPCHF,D,long,BULL_STRONG,2022-01-03 22:00:00+00:00,2022-01-06 18:00:00+00:00,1.23719,1.2458161374999999,1.6093255881586759,0.00804662794079338,17,TP2,True
YM,D,long,BULL_STRONG,2022-01-04 03:00:00+00:00,2022-01-05 19:00:00+00:00,36514.5,36294.96000000001,-1.0202768299394613,-0.005101384149697307,10,SL,False
ES,D,long,BULL_STRONG,2022-01-04 07:00:00+00:00,2022-01-04 15:00:00+00:00,4804.125,4778.50375,-1.0300769421201166,-0.005150384710600583,2,SL,False
NZDJPY,D,long,BULL_STRONG,2022-01-04 22:00:00+00:00,2022-01-06 02:00:00+00:00,78.98299999999999,78.52415625000002,-1.0748174439493547,-0.005374087219746774,7,SL,False
GBPAUD,D,long,BULL_STRONG,2022-01-05 06:00:00+00:00,2022-01-06 02:00:00+00:00,1.86735,1.884031107142857,1.6971881895719667,0.008485940947859833,5,TP2,True
RTY,D,long,BULL_STRONG,2022-01-05 07:00:00+00:00,2022-01-05 19:00:00+00:00,2266.05,2239.0799999999995,-1.012352125279645,-0.005061760626398225,3,SL,False
CL,D,long,BULL_STRONG,2022-01-05 07:00:00+00:00,2022-01-06 11:00:00+00:00,76.985,79.81284821428574,1.7753383854850011,0.008876691927425006,7,TP2,True
PL,D,long,BULL_STRONG,2022-01-05 11:00:00+00:00,2022-01-06 07:00:00+00:00,986.75,962.9973749999999,-1.013995883438552,-0.005069979417192761,5,SL,False
EURCAD,D,short,BEAR_STRONG,2022-01-10 02:00:00+00:00,2022-01-10 14:00:00+00:00,1.43287,1.4372367125000003,-1.0883076455678071,-0.005441538227839036,3,SL,False
GBPUSD,D,long,BULL_STRONG,2022-01-10 06:00:00+00:00,2022-01-10 14:00:00+00:00,1.35833,1.3533467166666666,-1.0572552580578445,-0.005286276290289223,2,SL,False
USDCAD,D,short,BEAR_STRONG,2022-01-10 10:00:00+00:00,2022-01-12 10:00:00+00:00,1.2663099999999998,1.2542600187500001,1.735678267543562,0.008678391337717811,12,TP2,True
GBPUSD,D,long,BULL_STRONG,2022-01-10 18:00:00+00:00,2022-01-12 14:00:00+00:00,1.3580500000000002,1.367497782142857,1.6921194748703536,0.008460597374351769,11,TP2,True
EURCAD,D,short,BEAR_STRONG,2022-01-11 06:00:00+00:00,2022-01-13 06:00:00+00:00,1.43241,1.43258,0.6409021332109354,0.003204510666054677,12,BE_STOP,True
EURCAD,D,short,BEAR_STRONG,2022-01-13 06:00:00+00:00,2022-01-18 14:00:00+00:00,1.43172,1.4215299312499998,1.637852783369225,0.008189263916846126,20,TP2,True
EURNZD,D,long,BULL_STRONG,2022-01-17 02:00:00+00:00,2022-01-18 18:00:00+00:00,1.67981,1.6733073625000003,-1.0718773812649194,-0.005359386906324597,10,SL,False
NZDCAD,D,short,BEAR_STRONG,2022-01-17 02:00:00+00:00,2022-01-20 02:00:00+00:00,0.85247,0.8446746428571431,1.6030586416861619,0.008015293208430809,18,TP2,True
GBPNZD,D,long,BULL_STRONG,2022-01-18 06:00:00+00:00,2022-01-18 10:00:00+00:00,2.0123100000000003,2.0067598249999996,-1.0839607261845923,-0.005419803630922961,1,SL,False
SI,D,long,BULL_STRONG,2022-01-18 15:00:00+00:00,2022-01-20 03:00:00+00:00,23.532500000000002,24.274091517857148,1.5636953948697938,0.007818476974348969,9,TP2,True
EURGBP,D,short,BEAR_STRONG,2022-01-18 22:00:00+00:00,2022-01-21 06:00:00+00:00,0.83228,0.8346346250000001,-1.0853781312582247,-0.005426890656291123,14,SL,False
NKD,D,short,BEAR_STRONG,2022-01-25 03:00:00+00:00,2022-01-31 03:00:00+00:00,27097.5,27105.0,0.7215669352555012,0.003607834676277506,24,BE_STOP,True
RTY,D,short,BEAR_STRONG,2022-01-25 03:00:00+00:00,2022-01-31 19:00:00+00:00,2017.0500000000002,2017.2,0.7420038325299441,0.0037100191626497202,28,BE_STOP,True
AUDNZD,D,long,BULL_STRONG,2022-01-26 10:00:00+00:00,2022-01-26 18:00:00+00:00,1.07231,1.0679281749999998,-1.0760058644411823,-0.005380029322205912,2,SL,False
EURNZD,D,long,BULL_STRONG,2022-01-26 14:00:00+00:00,2022-01-31 18:00:00+00:00,1.68735,1.707967125,1.6813553853909096,0.008406776926954547,19,TP2,True
CL,D,long,BULL_STRONG,2022-01-26 15:00:00+00:00,2022-02-04 07:00:00+00:00,87.265,91.84852053571427,1.7248187233242271,0.008624093616621135,40,TP2,True
GBPAUD,D,long,BULL_STRONG,2022-01-27 02:00:00+00:00,2022-01-27 10:00:00+00:00,1.89917,1.891062033333333,-1.054911266109287,-0.005274556330546435,2,SL,False
GBPAUD,D,long,BULL_STRONG,2022-01-27 18:00:00+00:00,2022-01-31 10:00:00+00:00,1.90213,1.90196,0.6881721177344976,0.003440860588672488,10,BE_STOP,True
GBPJPY,D,long,BULL_STRONG,2022-01-31 02:00:00+00:00,2022-02-03 14:00:00+00:00,154.897,156.14065714285715,1.7240319035927523,0.008620159517963761,21,TP2,True
GBPCHF,D,long,BULL_STRONG,2022-01-31 02:00:00+00:00,2022-01-31 14:00:00+00:00,1.24926,1.24909,0.5763251517016145,0.0028816257585080724,3,BE_STOP,True
AUDNZD,D,long,BULL_STRONG,2022-01-31 10:00:00+00:00,2022-02-04 06:00:00+00:00,1.07269,1.0686329833333337,-1.1209607882652217,-0.005604803941326108,23,SL,False
NZDJPY,D,short,BEAR_STRONG,2022-01-31 18:00:00+00:00,2022-02-01 18:00:00+00:00,75.693,76.11946749999998,-1.0551863578916432,-0.005275931789458216,6,SL,False
CL,D,long,BULL_STRONG,2022-02-08 19:00:00+00:00,2022-02-13 23:00:00+00:00,89.795,94.3309080357143,1.7235924453883604,0.008617962226941802,19,TP2,True
USDCAD,D,long,BULL_STRONG,2022-02-14 02:00:00+00:00,2022-02-16 06:00:00+00:00,1.27323,1.268881,-1.0770725992017245,-0.005385362996008622,13,SL,False
GBPNZD,D,long,BULL_STRONG,2022-02-14 10:00:00+00:00,2022-02-15 14:00:00+00:00,2.04856,2.0385950999999998,-1.0517410489132322,-0.0052587052445661605,7,SL,False
AUDNZD,D,long,BULL_STRONG,2022-02-14 14:00:00+00:00,2022-02-17 02:00:00+00:00,1.07785,1.0727046624999999,-1.0845970750727951,-0.005422985375363976,15,SL,False
PA,D,long,BULL_STRONG,2022-02-14 15:00:00+00:00,2022-02-15 11:00:00+00:00,2359.625,2248.090625,-1.0028163698072985,-0.005014081849036492,5,SL,False
DAX,D,short,BEAR_STRONG,2022-02-15 04:00:00+00:00,2022-02-15 08:00:00+00:00,15047.25,15219.5375,-1.0113898127231655,-0.005056949063615828,1,SL,False
PL,D,long,BULL_STRONG,2022-02-16 15:00:00+00:00,2022-02-24 03:00:00+00:00,1059.15,1110.1733482142856,1.7202361267525088,0.008601180633762544,33,TP2,True
PA,D,long,BULL_STRONG,2022-02-17 07:00:00+00:00,2022-02-23 19:00:00+00:00,2321.125,2481.3729910714287,1.8434061022428756,0.009217030511214377,27,TP2,True
AUDCAD,D,long,BULL_STRONG,2022-02-17 14:00:00+00:00,2022-02-22 22:00:00+00:00,0.91325,0.9220517517857144,1.6229970680011618,0.00811498534000581,20,TP2,True
GBPCAD,D,long,BULL_STRONG,2022-02-17 14:00:00+00:00,2022-02-24 10:00:00+00:00,1.72861,1.7211685749999999,-1.0841658134409684,-0.005420829067204842,29,SL,False
EURCAD,D,long,BULL_STRONG,2022-02-21 02:00:00+00:00,2022-02-21 18:00:00+00:00,1.44591,1.4426447458333334,-1.1203220737123105,-0.005601610368561553,4,SL,False
CADJPY,D,short,BEAR_STRONG,2022-02-21 06:00:00+00:00,2022-02-23 10:00:00+00:00,90.165,90.71330291666666,-1.0369339210917743,-0.005184669605458872,13,SL,False
DAX,D,short,BEAR_STRONG,2022-02-21 12:00:00+00:00,2022-02-23 08:00:00+00:00,14782.25,14783.0,0.7402288773451884,0.003701144386725942,11,BE_STOP,True
SI,D,long,BULL_STRONG,2022-02-22 03:00:00+00:00,2022-02-24 03:00:00+00:00,24.2225,24.925595535714287,1.5577195114580356,0.007788597557290178,12,TP2,True
CADCHF,D,short,BEAR_STRONG,2022-02-22 18:00:00+00:00,2022-02-25 10:00:00+00:00,0.72158,0.7260469833333334,-1.0398002940047089,-0.005199001470023544,16,SL,False
NKD,D,short,BEAR_STRONG,2022-02-22 19:00:00+00:00,2022-02-24 07:00:00+00:00,26682.5,25742.277232142864,1.7301211916380375,0.008650605958190187,9,TP2,True
NQ,D,short,BEAR_STRONG,2022-02-22 19:00:00+00:00,2022-02-24 07:00:00+00:00,13919.875,13034.92953125,1.7517751220564417,0.00875887561028221,9,TP2,True
AUDCAD,D,long,BULL_STRONG,2022-02-24 10:00:00+00:00,2022-02-24 14:00:00+00:00,0.91721,0.9139225708333333,-1.0957229127098589,-0.005478614563549295,1,SL,False
AUDCAD,D,long,BULL_STRONG,2022-02-24 18:00:00+00:00,2022-03-03 14:00:00+00:00,0.91822,0.926643286607143,1.624780004156271,0.008123900020781356,29,TP2,True
EURAUD,D,short,BEAR_STRONG,2022-02-28 06:00:00+00:00,2022-03-01 22:00:00+00:00,1.55228,1.5297792651785715,1.7287659609774293,0.008643829804887147,10,TP2,True
AUDUSD,D,long,BULL_STRONG,2022-03-01 02:00:00+00:00,2022-03-06 22:00:00+00:00,0.72651,0.7385596544642856,1.6698362570064091,0.008349181285032045,23,TP2,True
EURCHF,D,short,BEAR_STRONG,2022-03-01 02:00:00+00:00,2022-03-03 22:00:00+00:00,1.02807,1.0124827633928573,1.6676850677415054,0.008338425338707527,17,TP2,True
GBPCHF,D,short,BEAR_STRONG,2022-03-01 10:00:00+00:00,2022-03-02 14:00:00+00:00,1.23157,1.23174,0.6740724312305779,0.0033703621561528897,7,BE_STOP,True
GBPCHF,D,short,BEAR_STRONG,2022-03-03 02:00:00+00:00,2022-03-04 06:00:00+00:00,1.23386,1.2228786160714287,1.7503805682498812,0.008751902841249406,7,TP2,True
AUDJPY,D,long,BULL_STRONG,2022-03-07 06:00:00+00:00,2022-03-07 14:00:00+00:00,85.21,84.34488458333334,-1.0341102159346387,-0.005170551079673193,2,SL,False
YM,D,short,BEAR_STRONG,2022-03-07 07:00:00+00:00,2022-03-07 11:00:00+00:00,33036.5,33474.59208333334,-1.009489223827352,-0.00504744611913676,1,SL,False
ES,D,short,BEAR_STRONG,2022-03-07 15:00:00+00:00,2022-03-11 11:00:00+00:00,4229.375,4326.013020833334,-1.007410426078723,-0.005037052130393615,23,SL,False
YM,D,short,BEAR_STRONG,2022-03-07 15:00:00+00:00,2022-03-11 11:00:00+00:00,32946.5,33474.59208333334,-1.007853745111056,-0.00503926872555528,23,SL,False
GBPCAD,D,short,BEAR_STRONG,2022-03-08 06:00:00+00:00,2022-03-11 14:00:00+00:00,1.68313,1.6621582901785719,1.7048712355725528,0.008524356177862765,20,TP2,True
NZDUSD,D,long,BULL_STRONG,2022-03-08 10:00:00+00:00,2022-03-14 17:00:00+00:00,0.6833100000000001,0.6759227583333333,-1.0418875259944151,-0.005209437629972076,26,SL,False
EURJPY,D,short,BEAR_STRONG,2022-03-08 14:00:00+00:00,2022-03-09 14:00:00+00:00,126.473,128.03027916666667,-1.0192862570908385,-0.005096431285454193,6,SL,False
RTY,D,short,BEAR_STRONG,2022-03-08 15:00:00+00:00,2022-03-09 15:00:00+00:00,1970.95,2011.3870416666666,-1.0076370958817369,-0.005038185479408684,6,SL,False
NQ,D,short,BEAR_STRONG,2022-03-10 03:00:00+00:00,2022-03-15 06:00:00+00:00,13704.625,12957.56647321429,1.779214878071065,0.008896074390355325,19,TP2,True
PL,D,long,BULL_STRONG,2022-03-10 07:00:00+00:00,2022-03-14 10:00:00+00:00,1106.05,1046.147375,-1.005674251552216,-0.005028371257761079,13,SL,False
DAX,D,short,BEAR_STRONG,2022-03-10 12:00:00+00:00,2022-03-11 08:00:00+00:00,13463.25,14050.083333333332,-1.003117406512157,-0.005015587032560786,5,SL,False
ES,D,short,BEAR_STRONG,2022-03-14 18:00:00+00:00,2022-03-15 18:00:00+00:00,4179.125,4258.1359375,-1.0090204303852803,-0.005045102151926402,6,SL,False
AUDNZD,D,short,BEAR_STRONG,2022-03-14 21:00:00+00:00,2022-03-17 09:00:00+00:00,1.06681,1.0716434041666667,-1.047037184031337,-0.005235185920156685,15,SL,False
GBPUSD,D,short,BEAR_STRONG,2022-03-15 01:00:00+00:00,2022-03-16 13:00:00+00:00,1.3039699999999999,1.3111908625000004,-1.034014931573864,-0.00517007465786932,9,SL,False
GBPNZD,D,short,BEAR_STRONG,2022-03-17 13:00:00+00:00,2022-03-29 09:00:00+00:00,1.90957,1.90974,0.7205561338474895,0.0036027806692374474,47,BE_STOP,True
NZDUSD,D,long,BULL_STRONG,2022-03-17 17:00:00+00:00,2022-03-23 17:00:00+00:00,0.6881700000000001,0.6985774410714285,1.6973736489897875,0.008486868244948938,24,TP2,True
AUDUSD,D,long,BULL_STRONG,2022-03-17 17:00:00+00:00,2022-03-23 17:00:00+00:00,0.73765,0.7504324544642855,1.7061010267815409,0.008530505133907705,24,TP2,True
EURCHF,D,short,BEAR_STRONG,2022-03-21 09:00:00+00:00,2022-03-28 05:00:00+00:00,1.02714,1.02731,0.6832840033736176,0.003416420016868088,29,BE_STOP,True
GBPCAD,D,short,BEAR_STRONG,2022-03-21 09:00:00+00:00,2022-03-22 09:00:00+00:00,1.65727,1.6664152833333332,-1.0392208008289443,-0.005196104004144722,6,SL,False
USDCAD,D,short,BEAR_STRONG,2022-03-22 21:00:00+00:00,2022-03-25 13:00:00+00:00,1.2579399999999998,1.2494164946428572,1.7962311023668163,0.008981155511834081,16,TP2,True
GBPCAD,D,short,BEAR_STRONG,2022-03-24 01:00:00+00:00,2022-03-27 21:00:00+00:00,1.65913,1.6441449321428574,1.735590509898374,0.00867795254949187,11,TP2,True
NZDCHF,D,long,BULL_STRONG,2022-03-24 13:00:00+00:00,2022-03-29 01:00:00+00:00,0.64736,0.6432859999999999,-1.0923745901639323,-0.005461872950819662,15,SL,False
EURUSD,D,short,BEAR_STRONG,2022-03-28 01:00:00+00:00,2022-03-29 05:00:00+00:00,1.09533,1.1005565875000003,-1.041534618070876,-0.00520767309035438,7,SL,False
AUDJPY,D,long,BULL_STRONG,2022-03-28 17:00:00+00:00,2022-03-29 09:00:00+00:00,92.853,91.57013875000003,-1.0236988216520544,-0.005118494108260272,4,SL,False
EURCAD,D,short,BEAR_STRONG,2022-03-28 21:00:00+00:00,2022-03-29 09:00:00+00:00,1.37457,1.3835736166666668,-1.0410296047107925,-0.005205148023553963,3,SL,False
CADCHF,D,long,BULL_STRONG,2022-03-28 21:00:00+00:00,2022-03-30 09:00:00+00:00,0.74659,0.7410394250000001,-1.0603137397025428,-0.005301568698512714,9,SL,False
NZDJPY,D,long,BULL_STRONG,2022-03-28 21:00:00+00:00,2022-03-29 09:00:00+00:00,85.53699999999999,84.3792554166667,-1.025400234569012,-0.00512700117284506,3,SL,False
RTY,D,long,BULL_STRONG,2022-03-29 06:00:00+00:00,2022-03-29 18:00:00+00:00,2086.25,2123.7556250000007,1.8985332602052578,0.00949266630102629,3,TP2,True
GBPUSD,D,short,BEAR_STRONG,2022-03-29 09:00:00+00:00,2022-03-30 09:00:00+00:00,1.3144699999999998,1.31456,0.6763565167274024,0.003381782583637012,6,BE_STOP,True
GBPJPY,D,long,BULL_STRONG,2022-03-29 09:00:00+00:00,2022-03-30 01:00:00+00:00,161.517,159.5551458333333,-1.0203677893586685,-0.0051018389467933425,4,SL,False
GBPNZD,D,short,BEAR_STRONG,2022-03-29 21:00:00+00:00,2022-04-01 01:00:00+00:00,1.88499,1.8978384625,-1.0263358904914537,-0.005131679452457269,13,SL,False
CADJPY,D,long,BULL_STRONG,2022-03-30 09:00:00+00:00,2022-04-13 09:00:00+00:00,97.759,99.388,0.9982796615776965,0.004991398307888483,60,TIME,False
GBPUSD,D,short,BEAR_STRONG,2022-03-30 17:00:00+00:00,2022-04-08 13:00:00+00:00,1.3135599999999998,1.3005163732142857,1.7827682243455776,0.008913841121727889,41,TP2,True
RTY,D,long,BULL_STRONG,2022-03-31 06:00:00+00:00,2022-03-31 18:00:00+00:00,2089.75,2070.1462499999993,-1.0163043115080683,-0.0050815215575403415,3,SL,False
AUDUSD,D,long,BULL_STRONG,2022-04-04 13:00:00+00:00,2022-04-05 05:00:00+00:00,0.7541,0.761926238392857,1.7099687544371331,0.008549843772185666,4,TP2,True
SI,D,short,BEAR_STRONG,2022-04-04 14:00:00+00:00,2022-04-05 10:00:00+00:00,24.557499999999997,25.041712500000003,-1.0529866529496181,-0.005264933264748091,5,SL,False
USDCAD,D,short,BEAR_STRONG,2022-04-05 13:00:00+00:00,2022-04-06 05:00:00+00:00,1.2466899999999999,1.2506606333333337,-1.0681684089367172,-0.005340842044683586,4,SL,False
NZDUSD,D,long,BULL_STRONG,2022-04-05 13:00:00+00:00,2022-04-06 13:00:00+00:00,0.69623,0.6926290666666666,-1.0619414210846203,-0.005309707105423102,6,SL,False
AUDNZD,D,long,BULL_STRONG,2022-04-06 13:00:00+00:00,2022-04-06 21:00:00+00:00,1.08703,1.0828546875,-1.080439216665369,-0.005402196083326844,2,SL,False
SI,D,short,BEAR_STRONG,2022-04-06 18:00:00+00:00,2022-04-11 06:00:00+00:00,24.557499999999997,25.041712500000003,-1.0529866529496181,-0.005264933264748091,15,SL,False
GBPUSD,D,short,BEAR_STRONG,2022-04-11 05:00:00+00:00,2022-04-13 13:00:00+00:00,1.3028,1.3077806750000003,-1.043427952174319,-0.005217139760871596,14,SL,False
CL,D,short,BEAR_STRONG,2022-04-11 18:00:00+00:00,2022-04-12 06:00:00+00:00,95.165,97.51210416666667,-1.009696479395396,-0.00504848239697698,3,SL,False
GBPCHF,D,short,BEAR_STRONG,2022-04-12 01:00:00+00:00,2022-04-12 05:00:00+00:00,1.2127,1.2159457458333334,-1.110470116326795,-0.005552350581633975,1,SL,False
EURCHF,D,short,BEAR_STRONG,2022-04-12 01:00:00+00:00,2022-04-13 17:00:00+00:00,1.01283,1.0170256958333335,-1.065031291691806,-0.0053251564584590304,10,SL,False
GBPCHF,D,short,BEAR_STRONG,2022-04-12 09:00:00+00:00,2022-04-13 09:00:00+00:00,1.21225,1.2159457458333334,-1.082171266363265,-0.005410856331816325,6,SL,False
EURCAD,D,short,BEAR_STRONG,2022-04-18 05:00:00+00:00,2022-04-19 09:00:00+00:00,1.36375,1.36392,0.6552047106278395,0.0032760235531391975,7,BE_STOP,True
EURUSD,D,short,BEAR_STRONG,2022-04-18 05:00:00+00:00,2022-04-20 01:00:00+00:00,1.0791099999999998,1.0818843666666669,-1.0786313593523453,-0.0053931567967617266,11,SL,False
NZDCAD,D,short,BEAR_STRONG,2022-04-18 05:00:00+00:00,2022-04-22 13:00:00+00:00,0.85078,0.8425067410714286,1.7039311836609692,0.008519655918304846,26,TP2,True
YM,D,long,BULL_STRONG,2022-04-19 14:00:00+00:00,2022-04-21 10:00:00+00:00,34730.5,35313.39319196428,1.9209358258992806,0.009604679129496403,11,TP2,True
AUDNZD,D,long,BULL_STRONG,2022-04-19 17:00:00+00:00,2022-04-22 17:00:00+00:00,1.09583,1.0912732833333336,-1.107920396044124,-0.00553960198022062,18,SL,False
GBPCAD,D,short,BEAR_STRONG,2022-04-19 21:00:00+00:00,2022-04-22 01:00:00+00:00,1.64105,1.64122,0.6713958087589416,0.003356979043794708,13,BE_STOP,True
CHFJPY,D,long,BULL_STRONG,2022-04-20 21:00:00+00:00,2022-04-22 05:00:00+00:00,134.957,134.32362500000002,-1.0663459419995902,-0.005331729709997951,8,SL,False
EURCAD,D,short,BEAR_STRONG,2022-04-21 13:00:00+00:00,2022-04-22 09:00:00+00:00,1.36077,1.3699690875,-1.0399273791509949,-0.005199636895754974,5,SL,False
GBPCAD,D,short,BEAR_STRONG,2022-04-25 09:00:00+00:00,2022-04-27 01:00:00+00:00,1.62525,1.6101698169642862,1.7627207629900752,0.008813603814950376,10,TP2,True
USDCAD,D,long,BULL_STRONG,2022-05-02 01:00:00+00:00,2022-05-04 17:00:00+00:00,1.28655,1.2801892124999998,-1.0526436272956372,-0.0052632181364781865,16,SL,False
AUDCAD,D,short,BEAR_STRONG,2022-05-02 05:00:00+00:00,2022-05-03 01:00:00+00:00,0.90875,0.9157509666666668,-1.0435114112692685,-0.005217557056346343,5,SL,False
YM,D,short,BEAR_STRONG,2022-05-02 10:00:00+00:00,2022-05-04 18:00:00+00:00,32870.5,33351.03208333333,-1.0086208004509092,-0.005043104002254546,14,SL,False
NQ,D,short,BEAR_STRONG,2022-05-02 10:00:00+00:00,2022-05-04 18:00:00+00:00,12927.625,13219.976354166667,-1.0048264524845585,-0.005024132262422792,14,SL,False
RTY,D,short,BEAR_STRONG,2022-05-02 10:00:00+00:00,2022-05-04 18:00:00+00:00,1870.3500000000001,1913.6542499999998,-1.0069431863605522,-0.005034715931802761,14,SL,False
ES,D,short,BEAR_STRONG,2022-05-02 18:00:00+00:00,2022-05-04 18:00:00+00:00,4145.875,4229.352708333333,-1.008503573640049,-0.005042517868200245,12,SL,False
NZDCHF,D,short,BEAR_STRONG,2022-05-03 05:00:00+00:00,2022-05-04 09:00:00+00:00,0.62845,0.6343869166666667,-1.0360648526797973,-0.005180324263398987,7,SL,False
AUDUSD,D,short,BEAR_STRONG,2022-05-03 17:00:00+00:00,2022-05-04 17:00:00+00:00,0.70937,0.7155391458333332,-1.0262062803505214,-0.005131031401752607,6,SL,False
EURNZD,D,long,BULL_STRONG,2022-05-05 05:00:00+00:00,2022-05-06 13:00:00+00:00,1.62698,1.6490330383928569,1.7354040907195012,0.008677020453597506,8,TP2,True
NZDJPY,D,short,BEAR_STRONG,2022-05-09 01:00:00+00:00,2022-05-11 17:00:00+00:00,83.09400000000001,81.63952741071432,1.7130128161793663,0.008565064080896832,16,TP2,True
AUDCAD,D,short,BEAR_STRONG,2022-05-09 05:00:00+00:00,2022-05-19 13:00:00+00:00,0.90522,0.90539,0.7202967336409926,0.0036014836682049627,50,BE_STOP,True
NZDCAD,D,short,BEAR_STRONG,2022-05-09 05:00:00+00:00,2022-05-19 13:00:00+00:00,0.82009,0.82026,0.7210271135420863,0.0036051355677104314,50,BE_STOP,True
YM,D,short,BEAR_STRONG,2022-05-09 06:00:00+00:00,2022-05-16 18:00:00+00:00,32404.5,32406.0,0.7405373124861246,0.003702686562430623,33,BE_STOP,True
USDCAD,D,long,BULL_STRONG,2022-05-09 09:00:00+00:00,2022-05-13 13:00:00+00:00,1.29177,1.29168,0.6937252734097631,0.0034686263670488156,25,BE_STOP,True
ES,D,short,BEAR_STRONG,2022-05-09 10:00:00+00:00,2022-05-17 06:00:00+00:00,4056.375,4056.75,0.7387610685271125,0.003693805342635563,35,BE_STOP,True
NQ,D,short,BEAR_STRONG,2022-05-10 14:00:00+00:00,2022-05-12 10:00:00+00:00,12513.375,11698.111651785714,1.7634805904824618,0.008817402952412309,11,TP2,True
HG,D,short,BEAR_STRONG,2022-05-11 06:00:00+00:00,2022-05-12 10:00:00+00:00,4.22625,4.050883928571429,1.775478402981881,0.008877392014909405,7,TP2,True
AUDNZD,D,long,BULL_STRONG,2022-05-16 17:00:00+00:00,2022-05-17 05:00:00+00:00,1.10475,1.10458,0.5038382224055518,0.0025191911120277586,3,BE_STOP,True
GBPNZD,D,long,BULL_STRONG,2022-05-17 13:00:00+00:00,2022-05-18 05:00:00+00:00,1.96418,1.9511599916666669,-1.034629175986268,-0.00517314587993134,4,SL,False
AUDNZD,D,long,BULL_STRONG,2022-05-17 21:00:00+00:00,2022-05-18 05:00:00+00:00,1.1056300000000001,1.1023978374999999,-1.10606497858947,-0.00553032489294735,2,SL,False
AUDNZD,D,long,BULL_STRONG,2022-05-18 21:00:00+00:00,2022-05-19 05:00:00+00:00,1.10607,1.1023978374999999,-1.0927569180470584,-0.005463784590235292,2,SL,False
GBPNZD,D,long,BULL_STRONG,2022-05-18 21:00:00+00:00,2022-05-19 05:00:00+00:00,1.96153,1.9511599916666669,-1.04358959183857,-0.00521794795919285,2,SL,False
NZDCHF,D,short,BEAR_STRONG,2022-05-19 17:00:00+00:00,2022-05-22 21:00:00+00:00,0.62085,0.6268007166666667,-1.0357946967359877,-0.005178973483679939,7,SL,False
AUDCHF,D,short,BEAR_STRONG,2022-05-19 21:00:00+00:00,2022-05-22 21:00:00+00:00,0.68357,0.6905251625,-1.031789923970134,-0.00515894961985067,6,SL,False
EURNZD,D,long,BULL_STRONG,2022-05-24 09:00:00+00:00,2022-05-25 01:00:00+00:00,1.66243,1.6562987999999998,-1.0675602563242281,-0.005337801281621141,4,SL,False
RTY,D,short,BEAR_STRONG,2022-05-24 14:00:00+00:00,2022-05-25 14:00:00+00:00,1753.3500000000001,1781.8280416666666,-1.0102466666568561,-0.005051233333284281,6,SL,False
EURGBP,D,long,BULL_STRONG,2022-05-26 05:00:00+00:00,2022-06-03 17:00:00+00:00,0.85042,0.8578584232142854,1.610041501691913,0.008050207508459565,39,TP2,True
EURAUD,D,long,BULL_STRONG,2022-05-26 05:00:00+00:00,2022-05-27 13:00:00+00:00,1.50837,1.4973950000000003,-1.0399048403516904,-0.0051995242017584525,8,SL,False
GBPCAD,D,short,BEAR_STRONG,2022-05-30 09:00:00+00:00,2022-06-01 13:00:00+00:00,1.60152,1.588034896428572,1.778320196279981,0.008891600981399905,13,TP2,True
EURCHF,D,long,BULL_STRONG,2022-05-30 21:00:00+00:00,2022-05-31 09:00:00+00:00,1.03295,1.0275932458333334,-1.0606570101243489,-0.005303285050621744,3,SL,False
SI,D,short,BEAR_STRONG,2022-05-31 18:00:00+00:00,2022-06-01 10:00:00+00:00,21.5225,21.932279166666667,-1.0625435140456412,-0.005312717570228206,4,SL,False
EURUSD,D,long,BULL_STRONG,2022-06-02 17:00:00+00:00,2022-06-03 09:00:00+00:00,1.0749700000000002,1.0721195916666666,-1.0871232698061462,-0.005435616349030731,4,SL,False
DAX,D,long,BULL_STRONG,2022-06-06 08:00:00+00:00,2022-06-07 08:00:00+00:00,14614.75,14505.321666666667,-1.0176592697103073,-0.0050882963485515366,6,SL,False
NZDJPY,D,long,BULL_STRONG,2022-06-06 09:00:00+00:00,2022-06-07 09:00:00+00:00,85.404,85.387,0.6075814899038974,0.003037907449519487,6,BE_STOP,True
GBPCAD,D,short,BEAR_STRONG,2022-06-07 05:00:00+00:00,2022-06-09 13:00:00+00:00,1.57387,1.5819225750000003,-1.036833369806186,-0.00518416684903093,14,SL,False
AUDUSD,D,long,BULL_STRONG,2022-06-07 17:00:00+00:00,2022-06-09 01:00:00+00:00,0.7232700000000001,0.7163457249999999,-1.0323747288483462,-0.005161873644241731,8,SL,False
DAX,D,long,BULL_STRONG,2022-06-08 00:00:00+00:00,2022-06-08 04:00:00+00:00,14595.75,14505.321666666667,-1.0213837604772613,-0.005106918802386307,1,SL,False
USDJPY,D,long,BULL_STRONG,2022-06-13 01:00:00+00:00,2022-06-13 09:00:00+00:00,135.029,133.91607916666672,-1.0252772292699015,-0.005126386146349507,2,SL,False
GBPCAD,D,short,BEAR_STRONG,2022-06-13 09:00:00+00:00,2022-06-15 05:00:00+00:00,1.56508,1.56525,0.6976381447800529,0.0034881907239002648,11,BE_STOP,True
NZDCAD,D,short,BEAR_STRONG,2022-06-13 17:00:00+00:00,2022-06-15 17:00:00+00:00,0.80729,0.8115598166666667,-1.0446411668814461,-0.005223205834407231,12,SL,False
EURCAD,D,short,BEAR_STRONG,2022-06-13 21:00:00+00:00,2022-06-14 05:00:00+00:00,1.34292,1.3457385,-1.1351741740607877,-0.005675870870303939,2,SL,False
USDJPY,D,long,BULL_STRONG,2022-06-14 13:00:00+00:00,2022-06-15 17:00:00+00:00,134.98899999999998,133.91607916666672,-1.0290420668830977,-0.005145210334415489,7,SL,False
GBPCAD,D,short,BEAR_STRONG,2022-06-15 05:00:00+00:00,2022-06-16 09:00:00+00:00,1.56486,1.5757846000000002,-1.0315288713666706,-0.005157644356833353,7,SL,False
AUDJPY,D,long,BULL_STRONG,2022-06-20 09:00:00+00:00,2022-06-23 13:00:00+00:00,94.211,92.8628875,-1.0339487008047747,-0.005169743504023874,19,SL,False
AUDUSD,D,short,BEAR_STRONG,2022-06-23 01:00:00+00:00,2022-06-24 13:00:00+00:00,0.6892499999999999,0.6933261875,-1.0392593173301643,-0.005196296586650821,9,SL,False
EURGBP,D,long,BULL_STRONG,2022-06-27 13:00:00+00:00,2022-06-30 09:00:00+00:00,0.8624,0.8577740208333334,-1.0876880221799379,-0.00543844011089969,17,SL,False
GBPCHF,D,short,BEAR_STRONG,2022-06-27 17:00:00+00:00,2022-06-29 09:00:00+00:00,1.17285,1.1589882410714285,1.700023566210993,0.008500117831054966,10,TP2,True
CHFJPY,D,long,BULL_STRONG,2022-06-27 17:00:00+00:00,2022-06-29 13:00:00+00:00,141.677,143.47770178571432,1.74933963058774,0.0087466981529387,11,TP2,True
AUDCAD,D,short,BEAR_STRONG,2022-06-27 21:00:00+00:00,2022-07-01 05:00:00+00:00,0.89097,0.8802996205357143,1.6459824091391577,0.008229912045695788,20,TP2,True
AUDJPY,D,long,BULL_STRONG,2022-06-28 09:00:00+00:00,2022-06-28 21:00:00+00:00,94.539,93.82507916666667,-1.0433843537943632,-0.005216921768971816,3,SL,False
GBPUSD,D,short,BEAR_STRONG,2022-06-28 13:00:00+00:00,2022-07-01 13:00:00+00:00,1.21928,1.2035085366071434,1.7359942169181983,0.008679971084590992,18,TP2,True
AUDUSD,D,short,BEAR_STRONG,2022-06-29 21:00:00+00:00,2022-06-30 13:00:00+00:00,0.68709,0.6909856833333333,-1.0489248798945532,-0.005244624399472766,4,SL,False
EURGBP,D,long,BULL_STRONG,2022-06-30 17:00:00+00:00,2022-07-03 21:00:00+00:00,0.86098,0.86081,0.5843080856670253,0.0029215404283351267,7,BE_STOP,True
NZDJPY,D,short,BEAR_STRONG,2022-07-07 01:00:00+00:00,2022-07-14 05:00:00+00:00,83.881,84.95668249999999,-1.0035358476219227,-0.005017679238109613,31,SL,False
EURCAD,D,short,BEAR_STRONG,2022-07-11 09:00:00+00:00,2022-07-13 13:00:00+00:00,1.3125,1.2998097750000004,1.7292764315745828,0.008646382157872914,13,TP2,True
NZDUSD,D,short,BEAR_STRONG,2022-07-11 13:00:00+00:00,2022-07-15 13:00:00+00:00,0.61195,0.6177445625,-1.0097593811970742,-0.005048796905985371,24,SL,False
EURCHF,D,short,BEAR_STRONG,2022-07-11 17:00:00+00:00,2022-07-12 09:00:00+00:00,0.98695,0.98712,0.4600761690428308,0.0023003808452141537,4,BE_STOP,True
GBPUSD,D,short,BEAR_STRONG,2022-07-12 01:00:00+00:00,2022-07-13 09:00:00+00:00,1.1863799999999998,1.1938458250000001,-1.0306532760742206,-0.005153266380371104,8,SL,False
SI,D,short,BEAR_STRONG,2022-07-12 06:00:00+00:00,2022-07-13 14:00:00+00:00,18.8125,19.22863125,-1.060983471205604,-0.005304917356028021,8,SL,False
HG,D,short,BEAR_STRONG,2022-07-12 10:00:00+00:00,2022-07-18 06:00:00+00:00,3.3172499999999996,3.3185,0.7234177124997949,0.0036170885624989746,23,BE_STOP,True
EURCHF,D,short,BEAR_STRONG,2022-07-12 17:00:00+00:00,2022-07-18 05:00:00+00:00,0.98522,0.9889158958333334,-1.0447916806012656,-0.005223958403006328,21,SL,False
EURNZD,D,short,BEAR_STRONG,2022-07-12 17:00:00+00:00,2022-07-13 09:00:00+00:00,1.63748,1.6476197708333333,-1.040045775040801,-0.005200228875204005,4,SL,False
NZDCAD,D,short,BEAR_STRONG,2022-07-12 17:00:00+00:00,2022-07-14 09:00:00+00:00,0.79803,0.7982,0.6448193399928166,0.003224096699964083,10,BE_STOP,True
GBPUSD,D,short,BEAR_STRONG,2022-07-13 09:00:00+00:00,2022-07-13 13:00:00+00:00,1.1854699999999998,1.1938458250000001,-1.0308920113567617,-0.005154460056783808,1,SL,False
GBPUSD,D,short,BEAR_STRONG,2022-07-13 21:00:00+00:00,2022-07-18 05:00:00+00:00,1.18573,1.1938458250000001,-1.0244214395405016,-0.005122107197702508,14,SL,False
EURNZD,D,short,BEAR_STRONG,2022-07-14 17:00:00+00:00,2022-07-18 13:00:00+00:00,1.63597,1.6476197708333333,-1.030404422271786,-0.005152022111358931,11,SL,False
CADJPY,D,long,BULL_STRONG,2022-07-18 01:00:00+00:00,2022-07-22 17:00:00+00:00,106.437,105.49435,-1.0560699832550053,-0.0052803499162750265,28,SL,False
GBPCHF,D,short,BEAR_STRONG,2022-07-21 09:00:00+00:00,2022-07-25 13:00:00+00:00,1.15899,1.1646963124999998,-1.0419518587507495,-0.0052097592937537475,13,SL,False
EURAUD,D,short,BEAR_STRONG,2022-07-25 09:00:00+00:00,2022-07-28 09:00:00+00:00,1.47287,1.4517150312499996,1.7340468399459537,0.008670234199729768,18,TP2,True
EURGBP,D,short,BEAR_STRONG,2022-07-25 13:00:00+00:00,2022-07-27 13:00:00+00:00,0.84798,0.8397493276785711,1.6897326330083187,0.008448663165041594,12,TP2,True
SI,D,short,BEAR_STRONG,2022-07-25 14:00:00+00:00,2022-07-27 10:00:00+00:00,18.3125,18.753389583333334,-1.057279150711809,-0.005286395753559044,11,SL,False
NZDCHF,D,short,BEAR_STRONG,2022-07-26 13:00:00+00:00,2022-07-28 05:00:00+00:00,0.59998,0.6031138375,-1.0688287397672775,-0.005344143698836388,10,SL,False
EURUSD,D,short,BEAR_STRONG,2022-07-26 13:00:00+00:00,2022-07-27 17:00:00+00:00,1.01263,1.019685625,-1.0289662736653424,-0.005144831368326712,7,SL,False
EURNZD,D,short,BEAR_STRONG,2022-07-27 09:00:00+00:00,2022-07-29 13:00:00+00:00,1.63075,1.63092,0.6861554196290306,0.003430777098145153,13,BE_STOP,True
NZDCAD,D,short,BEAR_STRONG,2022-07-27 13:00:00+00:00,2022-07-27 17:00:00+00:00,0.79886,0.8027028208333333,-1.0767367679474351,-0.005383683839737176,1,SL,False
NZDUSD,D,long,BULL_STRONG,2022-08-01 01:00:00+00:00,2022-08-02 05:00:00+00:00,0.6299100000000001,0.62982,0.6684650456672794,0.003342325228336397,7,BE_STOP,True
GBPUSD,D,long,BULL_STRONG,2022-08-01 09:00:00+00:00,2022-08-02 21:00:00+00:00,1.2248700000000001,1.215679895833333,-1.0320306003823367,-0.005160153001911684,9,SL,False
USDCAD,D,short,BEAR_STRONG,2022-08-01 09:00:00+00:00,2022-08-01 13:00:00+00:00,1.27846,1.2818315083333334,-1.0819697446042797,-0.005409848723021399,1,SL,False
HG,D,long,BULL_STRONG,2022-08-01 10:00:00+00:00,2022-08-01 22:00:00+00:00,3.5347500000000003,3.4804800000000005,-1.0289094681252398,-0.005144547340626199,3,SL,False
CADCHF,D,short,BEAR_STRONG,2022-08-02 21:00:00+00:00,2022-08-03 13:00:00+00:00,0.74369,0.74817625,-1.0635080451781065,-0.005317540225890533,4,SL,False
PL,D,long,BULL_STRONG,2022-08-03 02:00:00+00:00,2022-08-04 18:00:00+00:00,892.45,924.0989017857144,1.7761363202932645,0.008880681601466323,10,TP2,True
NZDUSD,D,long,BULL_STRONG,2022-08-04 01:00:00+00:00,2022-08-05 09:00:00+00:00,0.62937,0.6262548124999998,-1.0687930252257176,-0.0053439651261285885,8,SL,False
RTY,D,long,BULL_STRONG,2022-08-08 06:00:00+00:00,2022-08-09 10:00:00+00:00,1926.1499999999999,1926.0,0.7177149729503653,0.0035885748647518268,7,BE_STOP,True
SI,D,long,BULL_STRONG,2022-08-08 14:00:00+00:00,2022-08-15 10:00:00+00:00,20.642500000000002,20.156391666666664,-1.0520944044002676,-0.005260472022001338,29,SL,False
AUDUSD,D,long,BULL_STRONG,2022-08-09 01:00:00+00:00,2022-08-10 13:00:00+00:00,0.69801,0.7090121464285712,1.6782444210828453,0.008391222105414226,9,TP2,True
EURCHF,D,short,BEAR_STRONG,2022-08-10 17:00:00+00:00,2022-08-15 09:00:00+00:00,0.97061,0.9644268035714285,1.615312825077302,0.00807656412538651,16,TP2,True
GBPJPY,D,short,BEAR_STRONG,2022-08-15 01:00:00+00:00,2022-08-16 09:00:00+00:00,161.363,161.38,0.6785538994495521,0.0033927694972477607,8,BE_STOP,True
EURJPY,D,short,BEAR_STRONG,2022-08-16 17:00:00+00:00,2022-08-17 13:00:00+00:00,136.523,137.55063750000002,-1.0357331090524493,-0.005178665545262247,5,SL,False
NQ,D,long,BULL_STRONG,2022-08-17 18:00:00+00:00,2022-08-19 10:00:00+00:00,13511.375,13332.454687500001,-1.0081542885647028,-0.005040771442823514,10,SL,False
EURCHF,D,short,BEAR_STRONG,2022-08-17 21:00:00+00:00,2022-08-22 05:00:00+00:00,0.96793,0.96151811875,1.5695264091854149,0.007847632045927075,14,TP2,True
CL,D,short,BEAR_STRONG,2022-08-17 22:00:00+00:00,2022-08-18 14:00:00+00:00,87.765,90.71321666666667,-1.0075075258675061,-0.005037537629337531,4,SL,False
GBPAUD,D,short,BEAR_STRONG,2022-08-22 09:00:00+00:00,2022-08-26 05:00:00+00:00,1.71147,1.6941626616071428,1.7534793546719165,0.008767396773359583,23,TP2,True
NZDCHF,D,short,BEAR_STRONG,2022-08-22 09:00:00+00:00,2022-08-23 05:00:00+00:00,0.59378,0.5984580958333333,-1.0561499154761396,-0.005280749577380698,5,SL,False
CHFJPY,D,long,BULL_STRONG,2022-08-22 21:00:00+00:00,2022-08-23 13:00:00+00:00,142.377,141.70483750000002,-1.0563719382595869,-0.0052818596912979346,4,SL,False
GBPCHF,D,short,BEAR_STRONG,2022-08-23 05:00:00+00:00,2022-08-30 05:00:00+00:00,1.13808,1.13825,0.6629035919068211,0.0033145179595341057,30,BE_STOP,True
HG,D,long,BULL_STRONG,2022-08-23 14:00:00+00:00,2022-08-26 14:00:00+00:00,3.68425,3.683,0.7010529549213614,0.003505264774606807,18,BE_STOP,True
EURCHF,D,short,BEAR_STRONG,2022-08-25 13:00:00+00:00,2022-08-26 13:00:00+00:00,0.96065,0.9660539,-1.0486235885286312,-0.0052431179426431565,6,SL,False
GBPCAD,D,short,BEAR_STRONG,2022-08-29 01:00:00+00:00,2022-09-01 05:00:00+00:00,1.52318,1.53012415,-1.0344316556320723,-0.0051721582781603615,19,SL,False
GBPNZD,D,short,BEAR_STRONG,2022-08-30 09:00:00+00:00,2022-09-02 01:00:00+00:00,1.89955,1.9069476875,-1.0464791816192949,-0.005232395908096475,16,SL,False
AUDJPY,D,long,BULL_STRONG,2022-08-31 01:00:00+00:00,2022-09-07 05:00:00+00:00,95.33699999999999,96.81481499999998,1.6848902117927247,0.008424451058963623,31,TP2,True
CADJPY,D,long,BULL_STRONG,2022-09-01 01:00:00+00:00,2022-09-01 05:00:00+00:00,105.987,105.5114375,-1.0694304047975924,-0.005347152023987963,1,SL,False
NZDUSD,D,short,BEAR_STRONG,2022-09-05 01:00:00+00:00,2022-09-09 01:00:00+00:00,0.6089899999999999,0.60908,0.7006011824180618,0.003503005912090309,24,BE_STOP,True
GBPAUD,D,short,BEAR_STRONG,2022-09-05 01:00:00+00:00,2022-09-06 01:00:00+00:00,1.68873,1.6992570375,-1.034413527999682,-0.00517206763999841,6,SL,False
GBPNZD,D,short,BEAR_STRONG,2022-09-05 05:00:00+00:00,2022-09-06 05:00:00+00:00,1.88784,1.9010275125,-1.0295215848650041,-0.00514760792432502,6,SL,False
GBPUSD,D,short,BEAR_STRONG,2022-09-05 05:00:00+00:00,2022-09-05 21:00:00+00:00,1.14895,1.1555651750000004,-1.0384438731528474,-0.005192219365764237,4,SL,False
GBPCHF,D,short,BEAR_STRONG,2022-09-05 05:00:00+00:00,2022-09-06 05:00:00+00:00,1.12979,1.1342079124999997,-1.0654840701167985,-0.005327420350583993,6,SL,False
NQ,D,short,BEAR_STRONG,2022-09-05 06:00:00+00:00,2022-09-07 18:00:00+00:00,12113.125,12297.519999999999,-1.0073038256711226,-0.005036519128355613,14,SL,False
YM,D,short,BEAR_STRONG,2022-09-05 06:00:00+00:00,2022-09-07 14:00:00+00:00,31427.5,31429.0,0.7293329979996962,0.003646664989998481,13,BE_STOP,True
GBPCAD,D,short,BEAR_STRONG,2022-09-06 05:00:00+00:00,2022-09-07 13:00:00+00:00,1.51837,1.5056208535714286,1.7529593465013404,0.008764796732506703,8,TP2,True
USDCHF,D,long,BULL_STRONG,2022-09-06 21:00:00+00:00,2022-09-07 13:00:00+00:00,0.98528,0.97978675,-1.0421855734974388,-0.005210927867487194,4,SL,False
GBPUSD,D,short,BEAR_STRONG,2022-09-06 21:00:00+00:00,2022-09-08 09:00:00+00:00,1.14797,1.1555651750000004,-1.0294084814811293,-0.005147042407405647,9,SL,False
ES,D,short,BEAR_STRONG,2022-09-06 22:00:00+00:00,2022-09-07 10:00:00+00:00,3892.125,3927.7577083333335,-1.0194672323428091,-0.005097336161714046,3,SL,False
PA,D,short,BEAR_STRONG,2022-09-07 02:00:00+00:00,2022-09-07 06:00:00+00:00,1973.875,2006.8802500000002,-1.0086042533131592,-0.005043021266565796,1,SL,False
EURGBP,D,long,BULL_STRONG,2022-09-08 01:00:00+00:00,2022-09-14 13:00:00+00:00,0.86847,0.8642019375000002,-1.1199556619744158,-0.005599778309872079,27,SL,False
GBPUSD,D,short,BEAR_STRONG,2022-09-08 09:00:00+00:00,2022-09-09 01:00:00+00:00,1.1502,1.1555651750000004,-1.0475866677409045,-0.005237933338704522,4,SL,False
NZDJPY,D,long,BULL_STRONG,2022-09-12 21:00:00+00:00,2022-09-13 09:00:00+00:00,87.604,87.06626125000001,-1.0561981607859918,-0.005280990803929959,3,SL,False
NZDCAD,D,short,BEAR_STRONG,2022-09-13 13:00:00+00:00,2022-09-16 17:00:00+00:00,0.78933,0.7953769124999999,-1.022206592322075,-0.005111032961610374,19,SL,False
GBPJPY,D,long,BULL_STRONG,2022-09-13 21:00:00+00:00,2022-09-14 05:00:00+00:00,166.137,165.01403749999997,-1.0364019394870936,-0.005182009697435468,2,SL,False
CHFJPY,D,long,BULL_STRONG,2022-09-15 05:00:00+00:00,2022-09-16 13:00:00+00:00,149.327,148.18408750000003,-1.0381075616444413,-0.0051905378082222065,8,SL,False
AUDUSD,D,short,BEAR_STRONG,2022-09-15 21:00:00+00:00,2022-09-19 21:00:00+00:00,0.6699299999999999,0.6740405375,-1.0307894653389085,-0.005153947326694543,12,SL,False
NKD,D,short,BEAR_STRONG,2022-09-15 22:00:00+00:00,2022-09-19 22:00:00+00:00,27317.5,27684.096982758623,-1.0269715438030018,-0.0051348577190150095,12,SL,False
EURNZD,D,long,BULL_STRONG,2022-09-19 01:00:00+00:00,2022-09-20 09:00:00+00:00,1.67271,1.6948142214285713,1.6904212992565233,0.008452106496282617,8,TP2,True
NZDCAD,D,short,BEAR_STRONG,2022-09-20 01:00:00+00:00,2022-09-25 21:00:00+00:00,0.78696,0.7794512116071428,1.658879254911022,0.00829439627455511,23,TP2,True
GBPCHF,D,short,BEAR_STRONG,2022-09-20 17:00:00+00:00,2022-09-22 01:00:00+00:00,1.09723,1.0874721580357138,1.7319853532251017,0.008659926766125509,8,TP2,True
NZDCHF,D,short,BEAR_STRONG,2022-09-22 05:00:00+00:00,2022-09-26 17:00:00+00:00,0.57195,0.5599437321428571,1.662066357891829,0.008310331789459146,15,TP2,True
GBPNZD,D,long,BULL_STRONG,2022-09-22 05:00:00+00:00,2022-09-23 09:00:00+00:00,1.92885,1.9158394125000002,-1.0381632849743063,-0.005190816424871532,7,SL,False
AUDCAD,D,short,BEAR_STRONG,2022-09-26 01:00:00+00:00,2022-10-10 01:00:00+00:00,0.88489,0.871538350892857,1.7105667822546167,0.008552833911273084,60,TP2,True
AUDNZD,D,long,BULL_STRONG,2022-09-27 13:00:00+00:00,2022-09-29 21:00:00+00:00,1.14082,1.1328954124999997,-1.0554142692954318,-0.005277071346477159,14,SL,False
EURAUD,D,long,BULL_STRONG,2022-09-28 21:00:00+00:00,2022-09-30 13:00:00+00:00,1.49335,1.5152776705357143,1.688887650934218,0.00844443825467109,10,TP2,True
CL,D,short,BEAR_STRONG,2022-09-28 22:00:00+00:00,2022-10-03 06:00:00+00:00,82.225,82.24,0.7201748147235123,0.0036008740736175617,14,BE_STOP,True
NZDCAD,D,short,BEAR_STRONG,2022-09-29 13:00:00+00:00,2022-10-06 01:00:00+00:00,0.78095,0.7885832291666667,-1.0106298491213874,-0.005053149245606937,27,SL,False
HG,D,short,BEAR_STRONG,2022-09-29 14:00:00+00:00,2022-10-04 14:00:00+00:00,3.41375,3.5074889583333335,-1.0164679117101838,-0.005082339558550919,18,SL,False
ES,D,short,BEAR_STRONG,2022-10-03 06:00:00+00:00,2022-10-03 14:00:00+00:00,3604.625,3683.9026041666666,-1.008407453809747,-0.005042037269048735,2,SL,False
EURAUD,D,long,BULL_STRONG,2022-10-10 05:00:00+00:00,2022-10-13 13:00:00+00:00,1.53783,1.5604334500000003,1.7014079214472781,0.00850703960723639,20,TP2,True
USDCAD,D,long,BULL_STRONG,2022-10-10 17:00:00+00:00,2022-10-11 09:00:00+00:00,1.37809,1.378,0.6647647512110362,0.0033238237560551808,4,BE_STOP,True
EURNZD,D,long,BULL_STRONG,2022-10-11 01:00:00+00:00,2022-10-11 09:00:00+00:00,1.74569,1.7329028499999999,-1.0328439148302113,-0.005164219574151057,2,SL,False
EURUSD,D,short,BEAR_STRONG,2022-10-12 01:00:00+00:00,2022-10-13 17:00:00+00:00,0.97139,0.9802490625000001,-1.0223506902818895,-0.005111753451409447,10,SL,False
USDCAD,D,long,BULL_STRONG,2022-10-12 01:00:00+00:00,2022-10-13 13:00:00+00:00,1.3804900000000002,1.3962668196428574,1.8165310945220443,0.009082655472610222,9,TP2,True
NZDCAD,D,short,BEAR_STRONG,2022-10-12 01:00:00+00:00,2022-10-18 05:00:00+00:00,0.77185,0.7794899375,-1.0104497527589762,-0.005052248763794881,25,SL,False
GBPCAD,D,long,BULL_STRONG,2022-10-13 13:00:00+00:00,2022-10-20 05:00:00+00:00,1.55911,1.5395839125000002,-1.030392268065538,-0.00515196134032769,28,SL,False
AUDJPY,D,short,BEAR_STRONG,2022-10-13 13:00:00+00:00,2022-10-17 13:00:00+00:00,92.46900000000001,93.79468083333332,-1.0152410423473481,-0.00507620521173674,12,SL,False
EURNZD,D,long,BULL_STRONG,2022-10-17 17:00:00+00:00,2022-10-17 21:00:00+00:00,1.74682,1.73535075,-1.0366887005774723,-0.005183443502887361,1,SL,False
PL,D,long,BULL_STRONG,2022-10-17 22:00:00+00:00,2022-10-19 02:00:00+00:00,915.75,897.950875,-1.0184202916099805,-0.005092101458049903,7,SL,False
EURAUD,D,long,BULL_STRONG,2022-10-18 09:00:00+00:00,2022-10-21 17:00:00+00:00,1.55583,1.544439275,-1.0479306105443278,-0.005239653052721639,20,SL,False
AUDCAD,D,short,BEAR_STRONG,2022-10-19 17:00:00+00:00,2022-10-20 13:00:00+00:00,0.86279,0.8687845,-1.049925418490858,-0.00524962709245429,5,SL,False
EURCAD,D,long,BULL_STRONG,2022-10-20 05:00:00+00:00,2022-10-26 13:00:00+00:00,1.34659,1.3622894035714286,1.6451473492103643,0.008225736746051822,26,TP2,True
USDCHF,D,long,BULL_STRONG,2022-10-20 17:00:00+00:00,2022-10-21 13:00:00+00:00,1.00303,1.00294,0.6852754914982576,0.0034263774574912883,5,BE_STOP,True
GBPCHF,D,long,BULL_STRONG,2022-10-24 05:00:00+00:00,2022-10-28 13:00:00+00:00,1.13413,1.152520086607143,1.682349117093285,0.008411745585466425,26,TP2,True
AUDNZD,D,short,BEAR_STRONG,2022-10-24 05:00:00+00:00,2022-10-24 09:00:00+00:00,1.10427,1.1085949833333333,-1.078122527567302,-0.0053906126378365105,1,SL,False
PL,D,long,BULL_STRONG,2022-10-24 06:00:00+00:00,2022-10-25 10:00:00+00:00,936.75,912.363625,-1.0134626678612675,-0.005067313339306338,7,SL,False
EURJPY,D,long,BULL_STRONG,2022-10-25 17:00:00+00:00,2022-10-27 05:00:00+00:00,147.487,146.3811,-1.0391662962622792,-0.005195831481311396,9,SL,False
GBPJPY,D,long,BULL_STRONG,2022-10-31 09:00:00+00:00,2022-11-01 09:00:00+00:00,171.167,169.7139375,-1.0320065317491371,-0.005160032658745686,6,SL,False
NKD,D,long,BULL_STRONG,2022-11-01 02:00:00+00:00,2022-11-02 18:00:00+00:00,27667.5,27404.743749999998,-1.0380535246443523,-0.005190267623221762,10,SL,False
NZDCAD,D,long,BULL_STRONG,2022-11-01 05:00:00+00:00,2022-11-11 14:00:00+00:00,0.79577,0.8086029892857143,1.5871802567647062,0.007935901283823531,50,TP2,True
CADCHF,D,long,BULL_STRONG,2022-11-01 13:00:00+00:00,2022-11-04 05:00:00+00:00,0.73297,0.7392246357142855,1.564156638613776,0.00782078319306888,16,TP2,True
ES,D,long,BULL_STRONG,2022-11-02 02:00:00+00:00,2022-11-02 14:00:00+00:00,3877.625,3836.7418749999997,-1.0169153719161277,-0.005084576859580639,3,SL,False
EURCHF,D,long,BULL_STRONG,2022-11-07 02:00:00+00:00,2022-11-07 10:00:00+00:00,0.99011,0.9864229333333334,-1.0877479528394896,-0.005438739764197448,2,SL,False
PL,D,long,BULL_STRONG,2022-11-07 11:00:00+00:00,2022-11-09 07:00:00+00:00,976.25,1020.7308125,1.7509644015181645,0.008754822007590823,11,TP2,True
NZDJPY,D,long,BULL_STRONG,2022-11-07 14:00:00+00:00,2022-11-09 06:00:00+00:00,86.883,86.39422041666668,-1.0724143672318671,-0.005362071836159336,10,SL,False
YM,D,long,BULL_STRONG,2022-11-08 15:00:00+00:00,2022-11-09 15:00:00+00:00,33050.5,32677.94625,-1.011168301088454,-0.00505584150544227,6,SL,False
GBPUSD,D,long,BULL_STRONG,2022-11-10 14:00:00+00:00,2022-11-15 14:00:00+00:00,1.1644900000000002,1.1970069419642857,1.7330465368771764,0.008665232684385881,18,TP2,True
GBPCAD,D,long,BULL_STRONG,2022-11-14 10:00:00+00:00,2022-11-17 06:00:00+00:00,1.56211,1.5905963392857145,1.7064392148424332,0.008532196074212166,17,TP2,True
GBPNZD,D,short,BEAR_STRONG,2022-11-14 14:00:00+00:00,2022-11-15 10:00:00+00:00,1.92585,1.9379911791666669,-1.0367231159002366,-0.005183615579501183,5,SL,False
SI,D,long,BULL_STRONG,2022-11-14 15:00:00+00:00,2022-11-15 15:00:00+00:00,22.2025,21.579456249999993,-1.040423699355793,-0.005202118496778965,6,SL,False
NKD,D,long,BULL_STRONG,2022-11-14 15:00:00+00:00,2022-11-15 23:00:00+00:00,28147.5,27858.84375,-1.034684628209403,-0.005173423141047016,8,SL,False
EURNZD,D,short,BEAR_STRONG,2022-11-15 18:00:00+00:00,2022-11-16 14:00:00+00:00,1.68073,1.6925178125000004,-1.034886274847351,-0.0051744313742367555,5,SL,False
GBPNZD,D,short,BEAR_STRONG,2022-11-15 18:00:00+00:00,2022-11-16 18:00:00+00:00,1.92757,1.9379911791666669,-1.0380307273594132,-0.005190153636797066,6,SL,False
DAX,D,long,BULL_STRONG,2022-11-21 16:00:00+00:00,2022-12-05 16:00:00+00:00,14425.75,14434.25,0.05664339277108513,0.00028321696385542563,60,TIME,False
NZDCAD,D,long,BULL_STRONG,2022-11-22 02:00:00+00:00,2022-11-23 14:00:00+00:00,0.82177,0.8317064776785712,1.611189767516476,0.00805594883758238,9,TP2,True
ES,D,long,BULL_STRONG,2022-11-22 23:00:00+00:00,2022-11-28 15:00:00+00:00,4010.125,3974.9276041666662,-1.0199816808507454,-0.005099908404253727,20,SL,False
AUDCAD,D,long,BULL_STRONG,2022-11-23 22:00:00+00:00,2022-11-28 18:00:00+00:00,0.90119,0.8967554166666667,-1.0928969066927217,-0.005464484533463609,17,SL,False
USDJPY,D,short,BEAR_STRONG,2022-11-24 02:00:00+00:00,2022-11-28 18:00:00+00:00,138.92100000000002,138.93,0.7116130542503555,0.0035580652712517776,16,BE_STOP,True
EURCAD,D,long,BULL_STRONG,2022-11-24 14:00:00+00:00,2022-11-28 10:00:00+00:00,1.38843,1.4053518008928576,1.651326433663774,0.00825663216831887,11,TP2,True
EURUSD,D,long,BULL_STRONG,2022-11-24 22:00:00+00:00,2022-11-27 22:00:00+00:00,1.0410400000000002,1.0349319625,-1.0441581827963256,-0.005220790913981628,6,SL,False
EURUSD,D,long,BULL_STRONG,2022-11-28 10:00:00+00:00,2022-11-28 14:00:00+00:00,1.0463900000000002,1.0395266124999998,-1.0349152621196023,-0.005174576310598012,1,SL,False
PL,D,long,BULL_STRONG,2022-11-29 07:00:00+00:00,2022-11-30 15:00:00+00:00,1010.55,1042.3347783251231,1.7850008350495268,0.008925004175247634,8,TP2,True
GBPNZD,D,short,BEAR_STRONG,2022-11-29 10:00:00+00:00,2022-11-29 14:00:00+00:00,1.92875,1.9336693749999998,-1.0926490327674734,-0.005463245163837367,1,SL,False
GBPNZD,D,short,BEAR_STRONG,2022-11-30 02:00:00+00:00,2022-12-01 14:00:00+00:00,1.92513,1.9253,0.6720947561795207,0.0033604737808976036,9,BE_STOP,True
CADCHF,D,short,BEAR_STRONG,2022-11-30 06:00:00+00:00,2022-12-06 10:00:00+00:00,0.70225,0.6912289125000001,1.6670842968440311,0.008335421484220156,25,TP2,True
EURNZD,D,short,BEAR_STRONG,2022-11-30 18:00:00+00:00,2022-12-14 18:00:00+00:00,1.65305,1.65429,-0.07506404877921087,-0.00037532024389605434,60,TIME,False
RTY,D,long,BULL_STRONG,2022-11-30 23:00:00+00:00,2022-12-02 11:00:00+00:00,1891.2499999999998,1871.5272321428572,-1.0153938371005566,-0.005076969185502783,9,SL,False
ES,D,long,BULL_STRONG,2022-11-30 23:00:00+00:00,2022-12-02 11:00:00+00:00,4083.875,4037.35703125,-1.0152073006789362,-0.005076036503394681,9,SL,False
AUDCAD,D,long,BULL_STRONG,2022-12-08 06:00:00+00:00,2022-12-13 10:00:00+00:00,0.91876,0.9286338571428573,1.6406041034858567,0.008203020517429284,19,TP2,True
NZDJPY,D,long,BULL_STRONG,2022-12-12 02:00:00+00:00,2022-12-14 10:00:00+00:00,87.56,86.89358958333334,-1.0604523718629333,-0.005302261859314666,14,SL,False
GBPNZD,D,short,BEAR_STRONG,2022-12-12 06:00:00+00:00,2022-12-12 10:00:00+00:00,1.91204,1.919889175,-1.0569964351639338,-0.005284982175819669,1,SL,False
GBPUSD,D,long,BULL_STRONG,2022-12-12 10:00:00+00:00,2022-12-15 10:00:00+00:00,1.2293900000000002,1.2293,0.7038628751135919,0.0035193143755679595,18,BE_STOP,True
EURGBP,D,short,BEAR_STRONG,2022-12-13 06:00:00+00:00,2022-12-15 06:00:00+00:00,0.8587899999999999,0.8625474999999999,-1.0530259512195137,-0.005265129756097569,12,SL,False
CADJPY,D,short,BEAR_STRONG,2022-12-13 14:00:00+00:00,2022-12-15 06:00:00+00:00,99.882,100.44730625,-1.0473886263379197,-0.0052369431316895984,10,SL,False
EURCAD,D,long,BULL_STRONG,2022-12-13 22:00:00+00:00,2022-12-21 18:00:00+00:00,1.44224,1.44207,0.665216966297806,0.0033260848314890304,35,BE_STOP,True
USDJPY,D,short,BEAR_STRONG,2022-12-14 18:00:00+00:00,2022-12-15 06:00:00+00:00,135.471,136.724775,-1.0224666626498653,-0.005112333313249327,3,SL,False
GBPAUD,D,long,BULL_STRONG,2022-12-15 10:00:00+00:00,2022-12-16 06:00:00+00:00,1.82189,1.8141568583333332,-1.05620212059142,-0.0052810106029571,5,SL,False
EURUSD,D,long,BULL_STRONG,2022-12-15 14:00:00+00:00,2022-12-30 14:00:00+00:00,1.0599900000000002,1.071,0.9902835874365217,0.004951417937182608,60,TIME,False
NZDJPY,D,long,BULL_STRONG,2022-12-15 22:00:00+00:00,2022-12-18 22:00:00+00:00,87.237,86.89358958333334,-1.1048164465747896,-0.005524082232873948,6,SL,False
AUDNZD,D,short,BEAR_STRONG,2022-12-15 22:00:00+00:00,2022-12-19 14:00:00+00:00,1.05594,1.05611,0.6623880434894927,0.0033119402174474634,10,BE_STOP,True
GBPNZD,D,short,BEAR_STRONG,2022-12-19 10:00:00+00:00,2022-12-20 14:00:00+00:00,1.91046,1.9237496499999998,-1.0295331354113877,-0.005147665677056938,7,SL,False
AUDNZD,D,short,BEAR_STRONG,2022-12-19 18:00:00+00:00,2022-12-21 02:00:00+00:00,1.0525,1.0579832375,-1.0503177205987881,-0.005251588602993941,8,SL,False
HG,D,long,BULL_STRONG,2022-12-27 23:00:00+00:00,2022-12-29 07:00:00+00:00,3.85475,3.8076338362068967,-1.0339766806535173,-0.005169883403267587,8,SL,False
NQ,D,short,BEAR_STRONG,2022-12-28 07:00:00+00:00,2023-01-02 23:00:00+00:00,10930.125,11104.637068965516,-1.007174865222105,-0.005035874326110526,16,SL,False
GBPNZD,D,short,BEAR_STRONG,2022-12-28 10:00:00+00:00,2023-01-02 02:00:00+00:00,1.90891,1.9218993750000002,-1.0263076320023403,-0.0051315381600117015,16,SL,False
GBPCHF,D,short,BEAR_STRONG,2022-12-28 22:00:00+00:00,2023-01-03 10:00:00+00:00,1.11615,1.1211959353448273,-1.0361491667823264,-0.005180745833911632,21,SL,False
USDCHF,D,short,BEAR_STRONG,2022-12-29 10:00:00+00:00,2022-12-30 14:00:00+00:00,0.92342,0.9265749137931034,-1.0617566472590347,-0.005308783236295174,7,SL,False
AUDNZD,D,long,BULL_STRONG,2023-01-02 02:00:00+00:00,2023-01-04 06:00:00+00:00,1.07544,1.084029814642857,1.9389822538372201,0.009694911269186101,13,TP2,True
NZDJPY,D,short,BEAR_STRONG,2023-01-02 02:00:00+00:00,2023-01-03 10:00:00+00:00,82.87100000000001,81.1239525,1.6955668679019624,0.008477834339509813,8,TP2,True
GBPUSD,D,short,BEAR_STRONG,2023-01-03 22:00:00+00:00,2023-01-04 06:00:00+00:00,1.1993099999999999,1.2029907900000003,-1.0718235819973112,-0.005359117909986556,2,SL,False
GBPCAD,D,short,BEAR_STRONG,2023-01-04 22:00:00+00:00,2023-01-06 18:00:00+00:00,1.62674,1.62691,0.6848616553278498,0.0034243082766392493,11,BE_STOP,True
NZDJPY,D,short,BEAR_STRONG,2023-01-05 02:00:00+00:00,2023-01-05 10:00:00+00:00,83.239,83.773365,-1.0553834526881332,-0.005276917263440666,2,SL,False
GBPJPY,D,short,BEAR_STRONG,2023-01-05 02:00:00+00:00,2023-01-09 06:00:00+00:00,159.463,160.74498000000003,-1.0231820424038285,-0.005115910212019142,13,SL,False
GBPUSD,D,short,BEAR_STRONG,2023-01-05 14:00:00+00:00,2023-01-06 14:00:00+00:00,1.19064,1.2029907900000003,-1.0184889880668488,-0.005092444940334244,6,SL,False
EURNZD,D,long,BULL_STRONG,2023-01-05 14:00:00+00:00,2023-01-06 14:00:00+00:00,1.69189,1.6821602450000002,-1.047790408854622,-0.00523895204427311,6,SL,False
NZDJPY,D,short,BEAR_STRONG,2023-01-05 14:00:00+00:00,2023-01-06 10:00:00+00:00,82.935,83.773365,-1.0348333566684675,-0.005174166783342338,5,SL,False
NZDCHF,D,short,BEAR_STRONG,2023-01-05 22:00:00+00:00,2023-01-06 14:00:00+00:00,0.58317,0.586809585,-1.0725285012472674,-0.0053626425062363375,4,SL,False
GBPNZD,D,short,BEAR_STRONG,2023-01-09 02:00:00+00:00,2023-01-09 18:00:00+00:00,1.89876,1.91179965,-1.0338646660942605,-0.005169323330471303,4,SL,False
AUDCAD,D,long,BULL_STRONG,2023-01-09 06:00:00+00:00,2023-01-18 10:00:00+00:00,0.92768,0.9423085312499998,1.6128775177170367,0.008064387588585183,43,TP2,True
GBPAUD,D,short,BEAR_STRONG,2023-01-11 10:00:00+00:00,2023-01-17 10:00:00+00:00,1.75489,1.7650687041666668,-1.021549702779539,-0.005107748513897696,24,SL,False
EURGBP,D,long,BULL_STRONG,2023-01-11 14:00:00+00:00,2023-01-12 10:00:00+00:00,0.88679,0.8834352249999999,-1.092361501204952,-0.005461807506024759,5,SL,False
EURNZD,D,long,BULL_STRONG,2023-01-12 22:00:00+00:00,2023-01-17 14:00:00+00:00,1.6994,1.6873990125000002,-1.0429309894884102,-0.005214654947442051,16,SL,False
DAX,D,long,BULL_STRONG,2023-01-16 00:00:00+00:00,2023-01-19 08:00:00+00:00,15239.75,15129.84375,-1.0180400114514743,-0.005090200057257371,20,SL,False
USDCAD,D,short,BEAR_STRONG,2023-01-16 02:00:00+00:00,2023-01-16 06:00:00+00:00,1.3366699999999998,1.3396540583333336,-1.0957595763734709,-0.005478797881867355,1,SL,False
AUDUSD,D,long,BULL_STRONG,2023-01-17 02:00:00+00:00,2023-01-18 22:00:00+00:00,0.69672,0.6899993000000001,-1.032808119806361,-0.005164040599031805,11,SL,False
NZDUSD,D,long,BULL_STRONG,2023-01-18 14:00:00+00:00,2023-01-19 10:00:00+00:00,0.64385,0.6369306041666667,-1.0263770038223297,-0.005131885019111648,5,SL,False
USDCHF,D,short,BEAR_STRONG,2023-01-18 14:00:00+00:00,2023-01-20 10:00:00+00:00,0.9157799999999999,0.9231287083333334,-1.0259287453575923,-0.005129643726787961,11,SL,False
HG,D,long,BULL_STRONG,2023-01-19 15:00:00+00:00,2023-01-31 03:00:00+00:00,4.24575,4.148661875000001,-1.0165869271753778,-0.005082934635876889,45,SL,False
CL,D,long,BULL_STRONG,2023-01-23 07:00:00+00:00,2023-01-24 15:00:00+00:00,82.235,80.6251,-1.0135298764812846,-0.005067649382406423,8,SL,False
AUDCHF,D,long,BULL_STRONG,2023-01-23 18:00:00+00:00,2023-01-31 10:00:00+00:00,0.64804,0.64787,0.617328238424693,0.003086641192123465,34,BE_STOP,True
EURUSD,D,long,BULL_STRONG,2023-01-23 22:00:00+00:00,2023-01-31 06:00:00+00:00,1.0881900000000002,1.0818334666666665,-1.0626098321241084,-0.005313049160620542,32,SL,False
GBPNZD,D,short,BEAR_STRONG,2023-01-24 18:00:00+00:00,2023-01-25 14:00:00+00:00,1.89672,1.9099451250000001,-1.0333616721402514,-0.005166808360701257,5,SL,False
GBPAUD,D,short,BEAR_STRONG,2023-01-25 22:00:00+00:00,2023-01-31 02:00:00+00:00,1.7451,1.7561646875,-1.0242608151908903,-0.005121304075954451,19,SL,False
CHFJPY,D,short,BEAR_STRONG,2023-01-31 06:00:00+00:00,2023-01-31 14:00:00+00:00,140.683,141.07825,-1.0970141969596696,-0.005485070984798348,2,SL,False
CADJPY,D,short,BEAR_STRONG,2023-01-31 06:00:00+00:00,2023-01-31 14:00:00+00:00,96.953,97.50633041666664,-1.0570048221206867,-0.005285024110603434,2,SL,False
USDCAD,D,short,BEAR_STRONG,2023-01-31 18:00:00+00:00,2023-02-03 10:00:00+00:00,1.3307499999999999,1.3383706375,-1.0287233318560542,-0.005143616659280271,16,SL,False
PL,D,short,BEAR_STRONG,2023-02-02 23:00:00+00:00,2023-02-03 15:00:00+00:00,1031.15,994.9425000000003,1.778991982834297,0.008894959914171486,4,TP2,True
NKD,D,long,BULL_STRONG,2023-02-06 11:00:00+00:00,2023-02-07 15:00:00+00:00,27697.5,27400.17083333333,-1.0335225060739799,-0.005167612530369899,7,SL,False
PA,D,short,BEAR_STRONG,2023-02-06 15:00:00+00:00,2023-02-07 11:00:00+00:00,1578.875,1638.3124999999998,-1.0042370495258166,-0.005021185247629083,5,SL,False
EURJPY,D,long,BULL_STRONG,2023-02-06 22:00:00+00:00,2023-02-07 10:00:00+00:00,142.117,141.0809875,-1.036207975858977,-0.005181039879294885,3,SL,False
GBPCHF,D,short,BEAR_STRONG,2023-02-08 06:00:00+00:00,2023-02-09 10:00:00+00:00,1.11117,1.1174819374999998,-1.0448659401044071,-0.005224329700522036,7,SL,False
SI,D,short,BEAR_STRONG,2023-02-13 03:00:00+00:00,2023-02-21 11:00:00+00:00,21.9075,21.93,0.6285916167664607,0.0031429580838323035,38,BE_STOP,True
EURCHF,D,short,BEAR_STRONG,2023-02-13 10:00:00+00:00,2023-02-13 14:00:00+00:00,0.98568,0.9875966041666667,-1.1763394396268916,-0.0058816971981344585,1,SL,False
EURCAD,D,short,BEAR_STRONG,2023-02-14 10:00:00+00:00,2023-02-17 18:00:00+00:00,1.43369,1.4413806291666664,-1.029348156265739,-0.005146740781328695,20,SL,False
NZDCAD,D,short,BEAR_STRONG,2023-02-14 22:00:00+00:00,2023-02-21 22:00:00+00:00,0.84429,0.84446,0.6611241934002142,0.0033056209670010712,30,BE_STOP,True
EURNZD,D,long,BULL_STRONG,2023-02-15 10:00:00+00:00,2023-02-16 02:00:00+00:00,1.70473,1.6969558583333335,-1.0537420550423737,-0.005268710275211869,4,SL,False
NZDUSD,D,short,BEAR_STRONG,2023-02-15 14:00:00+00:00,2023-02-27 02:00:00+00:00,0.62644,0.6147977491071428,1.7223508172663957,0.008611754086331979,45,TP2,True
NZDCHF,D,short,BEAR_STRONG,2023-02-15 22:00:00+00:00,2023-03-01 02:00:00+00:00,0.57961,0.5837815833333333,-0.9503060205335397,-0.0047515301026676985,55,SL,False
EURUSD,D,short,BEAR_STRONG,2023-02-16 10:00:00+00:00,2023-02-24 10:00:00+00:00,1.0678499999999997,1.0553584562499998,1.746621529323114,0.00873310764661557,36,TP2,True
EURNZD,D,long,BULL_STRONG,2023-02-16 14:00:00+00:00,2023-02-22 10:00:00+00:00,1.70347,1.7033,0.6402947259742219,0.0032014736298711095,23,BE_STOP,True
AUDNZD,D,long,BULL_STRONG,2023-02-16 18:00:00+00:00,2023-02-21 22:00:00+00:00,1.09963,1.09946,0.6078397995096333,0.0030391989975481664,19,BE_STOP,True
DAX,D,long,BULL_STRONG,2023-02-20 00:00:00+00:00,2023-02-21 08:00:00+00:00,15568.75,15416.757916666667,-1.01319407902893,-0.00506597039514465,8,SL,False
GBPAUD,D,short,BEAR_STRONG,2023-02-20 14:00:00+00:00,2023-02-21 06:00:00+00:00,1.74087,1.7451905125000002,-1.0996796901587387,-0.005498398450793694,4,SL,False
AUDJPY,D,long,BULL_STRONG,2023-02-20 14:00:00+00:00,2023-02-21 22:00:00+00:00,92.818,92.19113041666667,-1.0573803333636151,-0.005286901666818076,8,SL,False
CHFJPY,D,long,BULL_STRONG,2023-02-20 18:00:00+00:00,2023-02-22 14:00:00+00:00,145.477,144.8096,-1.0651395756457482,-0.005325697878228741,11,SL,False
EURCHF,D,short,BEAR_STRONG,2023-02-21 02:00:00+00:00,2023-02-21 06:00:00+00:00,0.98585,0.9880084625,-1.1549030972422214,-0.005774515486211107,1,SL,False
EURCHF,D,short,BEAR_STRONG,2023-02-21 10:00:00+00:00,2023-02-21 14:00:00+00:00,0.9856,0.9880084625,-1.1375872948508245,-0.005687936474254123,1,SL,False
EURJPY,D,long,BULL_STRONG,2023-02-21 14:00:00+00:00,2023-02-22 10:00:00+00:00,143.767,143.312825,-1.0849256704980756,-0.005424628352490378,5,SL,False
GBPNZD,D,long,BULL_STRONG,2023-02-23 06:00:00+00:00,2023-02-27 22:00:00+00:00,1.93081,1.9576820312499998,1.6828011975191068,0.008414005987595534,16,TP2,True
GBPJPY,D,long,BULL_STRONG,2023-02-23 14:00:00+00:00,2023-02-27 14:00:00+00:00,161.777,163.67410714285717,1.6955223251231488,0.008477611625615744,12,TP2,True
SI,D,short,BEAR_STRONG,2023-02-23 19:00:00+00:00,2023-02-27 03:00:00+00:00,21.2975,20.713199553571428,1.5160504016860945,0.0075802520084304725,8,TP2,True
GBPUSD,D,short,BEAR_STRONG,2023-02-27 06:00:00+00:00,2023-02-27 14:00:00+00:00,1.19729,1.2027931250000001,-1.04759184389796,-0.0052379592194898,2,SL,False
EURNZD,D,long,BULL_STRONG,2023-02-27 10:00:00+00:00,2023-03-01 02:00:00+00:00,1.71803,1.7081886625000002,-1.0476174262349975,-0.005238087131174988,10,SL,False
EURJPY,D,long,BULL_STRONG,2023-02-27 10:00:00+00:00,2023-02-28 14:00:00+00:00,144.017,144.0,0.6699876080132505,0.0033499380400662526,7,BE_STOP,True
EURJPY,D,long,BULL_STRONG,2023-02-28 14:00:00+00:00,2023-03-09 06:00:00+00:00,144.047,144.03,0.6501152392960902,0.003250576196480451,40,BE_STOP,True
AUDCAD,D,short,BEAR_STRONG,2023-02-28 22:00:00+00:00,2023-03-07 14:00:00+00:00,0.91789,0.9081406223214288,1.6668030488455503,0.008334015244227751,28,TP2,True
GBPCHF,D,long,BULL_STRONG,2023-03-02 22:00:00+00:00,2023-03-06 06:00:00+00:00,1.12617,1.1217698000000003,-1.0892780010401484,-0.005446390005200742,8,SL,False
USDCAD,D,long,BULL_STRONG,2023-03-07 10:00:00+00:00,2023-03-07 18:00:00+00:00,1.36501,1.3759443767857138,1.6663611124430824,0.008331805562215413,2,TP2,True
AUDNZD,D,short,BEAR_STRONG,2023-03-07 14:00:00+00:00,2023-03-15 13:00:00+00:00,1.0774,1.0679821473214282,1.6755256888682006,0.008377628444341003,36,TP2,True
AUDCAD,D,short,BEAR_STRONG,2023-03-09 22:00:00+00:00,2023-03-10 14:00:00+00:00,0.91052,0.9146754708333332,-1.0746393117500785,-0.0053731965587503925,4,SL,False
NZDJPY,D,short,BEAR_STRONG,2023-03-13 21:00:00+00:00,2023-03-14 13:00:00+00:00,82.76,83.9060475,-1.025319041050085,-0.005126595205250425,4,SL,False
AUDNZD,D,short,BEAR_STRONG,2023-03-16 21:00:00+00:00,2023-03-21 09:00:00+00:00,1.07445,1.0798805875000002,-1.041900833319471,-0.005209504166597355,15,SL,False
NZDCAD,D,long,BULL_STRONG,2023-03-20 05:00:00+00:00,2023-03-21 01:00:00+00:00,0.85761,0.8523786333333332,-1.0573096989614128,-0.0052865484948070645,5,SL,False
GBPAUD,D,long,BULL_STRONG,2023-03-20 09:00:00+00:00,2023-03-27 05:00:00+00:00,1.82547,1.8441000946428572,1.7914995492843824,0.008957497746421912,29,TP2,True
EURGBP,D,short,BEAR_STRONG,2023-03-20 17:00:00+00:00,2023-03-21 05:00:00+00:00,0.87313,0.8766721375,-1.0866625990191696,-0.005433312995095848,3,SL,False
GBPNZD,D,long,BULL_STRONG,2023-03-20 17:00:00+00:00,2023-03-29 01:00:00+00:00,1.96627,1.9661,0.675652521228688,0.00337826260614344,38,BE_STOP,True
AUDJPY,D,short,BEAR_STRONG,2023-03-21 01:00:00+00:00,2023-03-21 05:00:00+00:00,87.803,88.42872999999999,-1.0481205460548948,-0.005240602730274474,1,SL,False
NZDCAD,D,long,BULL_STRONG,2023-03-23 01:00:00+00:00,2023-03-24 17:00:00+00:00,0.85872,0.8523786333333332,-1.0551289233611127,-0.0052756446168055636,10,SL,False
AUDJPY,D,short,BEAR_STRONG,2023-03-23 17:00:00+00:00,2023-03-27 05:00:00+00:00,87.491,87.508,0.6951535846556631,0.0034757679232783156,9,BE_STOP,True
AUDCAD,D,short,BEAR_STRONG,2023-03-27 05:00:00+00:00,2023-04-02 21:00:00+00:00,0.91227,0.9022654401785712,1.6379487124264074,0.008189743562132036,28,TP2,True
AUDUSD,D,short,BEAR_STRONG,2023-03-27 05:00:00+00:00,2023-03-28 01:00:00+00:00,0.66475,0.6690793500000001,-1.0431823274794558,-0.005215911637397279,5,SL,False
GBPUSD,D,long,BULL_STRONG,2023-03-28 01:00:00+00:00,2023-03-31 01:00:00+00:00,1.23164,1.2419535919642852,1.7316033713867296,0.008658016856933648,18,TP2,True
NG,D,short,BEAR_STRONG,2023-03-30 06:00:00+00:00,2023-03-31 10:00:00+00:00,2.1345,2.2329362500000007,-1.0172356574552868,-0.005086178287276434,7,SL,False
EURAUD,D,long,BULL_STRONG,2023-03-30 13:00:00+00:00,2023-04-02 21:00:00+00:00,1.62625,1.6182006458333331,-1.0568162047968177,-0.0052840810239840885,8,SL,False
GBPUSD,D,long,BULL_STRONG,2023-04-03 13:00:00+00:00,2023-04-07 09:00:00+00:00,1.23974,1.23965,0.6969987186997499,0.0034849935934987497,23,BE_STOP,True
CADCHF,D,long,BULL_STRONG,2023-04-03 17:00:00+00:00,2023-04-04 13:00:00+00:00,0.67937,0.6752939666666667,-1.0678723854549816,-0.005339361927274909,5,SL,False
NZDUSD,D,long,BULL_STRONG,2023-04-04 05:00:00+00:00,2023-04-05 09:00:00+00:00,0.62919,0.6291,0.6908426443905796,0.003454213221952898,7,BE_STOP,True
AUDCAD,D,short,BEAR_STRONG,2023-04-05 09:00:00+00:00,2023-04-18 21:00:00+00:00,0.90226,0.90243,0.7234336431203688,0.003617168215601844,57,BE_STOP,True
USDCAD,D,short,BEAR_STRONG,2023-04-05 13:00:00+00:00,2023-04-10 09:00:00+00:00,1.3474499999999998,1.3533943750000001,-1.0373469413900098,-0.005186734706950049,17,SL,False
NG,D,short,BEAR_STRONG,2023-04-06 18:00:00+00:00,2023-04-10 10:00:00+00:00,2.0335,2.11275,-1.0213849517684894,-0.005106924758842447,4,SL,False
NZDCAD,D,short,BEAR_STRONG,2023-04-11 01:00:00+00:00,2023-04-13 09:00:00+00:00,0.84,0.84017,0.6415553678780398,0.003207776839390199,14,BE_STOP,True
DAX,D,long,BULL_STRONG,2023-04-11 16:00:00+00:00,2023-04-13 00:00:00+00:00,15816.75,15816.0,0.7034263844049521,0.0035171319220247605,8,BE_STOP,True
AUDCHF,D,short,BEAR_STRONG,2023-04-11 17:00:00+00:00,2023-04-14 09:00:00+00:00,0.60083,0.6041576041666668,-1.0488079543430207,-0.005244039771715103,16,SL,False
CL,D,long,BULL_STRONG,2023-04-11 18:00:00+00:00,2023-04-17 14:00:00+00:00,81.475,81.46,0.7171106838243134,0.0035855534191215673,23,BE_STOP,True
GBPAUD,D,long,BULL_STRONG,2023-04-11 21:00:00+00:00,2023-04-12 09:00:00+00:00,1.86731,1.8617675124999997,-1.0803023552870024,-0.005401511776435012,3,SL,False
SI,D,long,BULL_STRONG,2023-04-12 10:00:00+00:00,2023-04-13 10:00:00+00:00,25.3625,25.91461830357142,1.6359438616992983,0.00817971930849649,6,TP2,True
YM,D,long,BULL_STRONG,2023-04-12 18:00:00+00:00,2023-04-13 18:00:00+00:00,33785.5,34205.42075892858,1.7829038102642245,0.008914519051321122,6,TP2,True
DAX,D,long,BULL_STRONG,2023-04-13 00:00:00+00:00,2023-04-17 04:00:00+00:00,15837.75,16017.29877232143,1.7830954022410834,0.008915477011205417,13,TP2,True
NZDCAD,D,short,BEAR_STRONG,2023-04-13 21:00:00+00:00,2023-04-14 17:00:00+00:00,0.84034,0.8322255866071429,1.6512683243915938,0.008256341621957968,5,TP2,True
AUDCHF,D,short,BEAR_STRONG,2023-04-17 01:00:00+00:00,2023-04-18 01:00:00+00:00,0.59965,0.6030220375,-1.0636941322517308,-0.005318470661258654,6,SL,False
EURNZD,D,long,BULL_STRONG,2023-04-17 05:00:00+00:00,2023-04-21 09:00:00+00:00,1.77022,1.7898171758928565,1.6722759945782104,0.008361379972891053,25,TP2,True
ES,D,long,BULL_STRONG,2023-04-17 06:00:00+00:00,2023-04-25 06:00:00+00:00,4165.625,4131.955312499999,-1.0212721624132974,-0.005106360812066487,36,SL,False
GBPJPY,D,long,BULL_STRONG,2023-04-18 05:00:00+00:00,2023-04-21 05:00:00+00:00,166.877,165.99200416666667,-1.0637823107829767,-0.0053189115539148835,18,SL,False
NQ,D,long,BULL_STRONG,2023-04-18 10:00:00+00:00,2023-04-19 06:00:00+00:00,13252.375,13101.9884375,-1.0095671958619856,-0.005047835979309928,5,SL,False
CADJPY,D,long,BULL_STRONG,2023-04-20 17:00:00+00:00,2023-04-21 01:00:00+00:00,99.63499999999999,99.17808500000001,-1.0703519998181399,-0.005351759999090699,2,SL,False
EURJPY,D,long,BULL_STRONG,2023-04-24 05:00:00+00:00,2023-04-25 13:00:00+00:00,147.857,147.00729166666665,-1.051278434826113,-0.005256392174130565,8,SL,False
GBPUSD,D,long,BULL_STRONG,2023-04-24 09:00:00+00:00,2023-04-25 09:00:00+00:00,1.2454500000000002,1.24536,0.6262259833812397,0.0031311299169061984,6,BE_STOP,True
GBPCHF,D,short,BEAR_STRONG,2023-04-24 09:00:00+00:00,2023-04-26 13:00:00+00:00,1.10677,1.1117766999999998,-1.0465085285421902,-0.005232542642710951,13,SL,False
NZDUSD,D,short,BEAR_STRONG,2023-04-24 13:00:00+00:00,2023-05-01 09:00:00+00:00,0.6148899999999999,0.6192449916666668,-1.013149990523631,-0.005065749952618155,29,SL,False
NKD,D,long,BULL_STRONG,2023-04-24 14:00:00+00:00,2023-04-25 06:00:00+00:00,28727.5,28569.9375,-1.065294127446897,-0.0053264706372344855,4,SL,False
PL,D,long,BULL_STRONG,2023-04-26 06:00:00+00:00,2023-04-26 18:00:00+00:00,1119.25,1100.1971666666668,-1.0180579168033188,-0.005090289584016594,3,SL,False
GBPUSD,D,long,BULL_STRONG,2023-04-26 09:00:00+00:00,2023-05-02 05:00:00+00:00,1.24737,1.24728,0.6589319135507576,0.003294659567753788,23,BE_STOP,True
EURJPY,D,long,BULL_STRONG,2023-04-27 01:00:00+00:00,2023-04-28 01:00:00+00:00,147.777,147.00729166666665,-1.0567135743149674,-0.005283567871574837,6,SL,False
CADCHF,D,short,BEAR_STRONG,2023-05-03 13:00:00+00:00,2023-05-03 21:00:00+00:00,0.65189,0.6479099955357144,1.7320656803707708,0.008660328401853854,2,TP2,True
RTY,D,short,BEAR_STRONG,2023-05-04 14:00:00+00:00,2023-05-05 10:00:00+00:00,1726.0500000000002,1751.5727916666667,-1.0113540521588853,-0.005056770260794426,5,SL,False
GBPUSD,D,long,BULL_STRONG,2023-05-08 05:00:00+00:00,2023-05-11 05:00:00+00:00,1.2638500000000001,1.2577124375,-1.0590219613274179,-0.00529510980663709,18,SL,False
AUDJPY,D,long,BULL_STRONG,2023-05-08 05:00:00+00:00,2023-05-10 13:00:00+00:00,91.591,90.95785625,-1.0646322225941534,-0.005323161112970767,14,SL,False
NZDUSD,D,long,BULL_STRONG,2023-05-08 05:00:00+00:00,2023-05-11 13:00:00+00:00,0.63241,0.63232,0.6451682863961673,0.0032258414319808366,20,BE_STOP,True
NQ,D,long,BULL_STRONG,2023-05-11 10:00:00+00:00,2023-05-17 14:00:00+00:00,13386.125,13607.993437500001,1.8471473798555373,0.009235736899277687,25,TP2,True
USDJPY,D,long,BULL_STRONG,2023-05-15 09:00:00+00:00,2023-05-18 05:00:00+00:00,135.89899999999997,137.8824866071429,1.6928939144291824,0.008464469572145913,17,TP2,True
EURCHF,D,short,BEAR_STRONG,2023-05-16 01:00:00+00:00,2023-05-22 09:00:00+00:00,0.97382,0.968395436607143,1.582306880409438,0.00791153440204719,26,TP2,True
GBPAUD,D,long,BULL_STRONG,2023-05-16 05:00:00+00:00,2023-05-18 09:00:00+00:00,1.87223,1.87206,0.6399831200071233,0.0031999156000356165,13,BE_STOP,True
CHFJPY,D,long,BULL_STRONG,2023-05-16 09:00:00+00:00,2023-05-17 17:00:00+00:00,152.127,153.1782357142858,1.8312113219959745,0.009156056609979873,8,TP2,True
CADJPY,D,long,BULL_STRONG,2023-05-16 13:00:00+00:00,2023-05-18 13:00:00+00:00,101.487,102.71785491071432,1.6447636512872883,0.008223818256436442,12,TP2,True
NZDJPY,D,long,BULL_STRONG,2023-05-17 17:00:00+00:00,2023-05-22 21:00:00+00:00,86.051,87.13620830357145,1.6245163336352484,0.008122581668176242,19,TP2,True
GBPAUD,D,long,BULL_STRONG,2023-05-18 13:00:00+00:00,2023-05-19 05:00:00+00:00,1.87581,1.8657463125000002,-1.043726204208493,-0.005218631021042465,4,SL,False
NZDUSD,D,long,BULL_STRONG,2023-05-22 09:00:00+00:00,2023-05-23 09:00:00+00:00,0.6282300000000001,0.6233801874999999,-1.0436891579237688,-0.005218445789618844,6,SL,False
AUDJPY,D,long,BULL_STRONG,2023-05-22 17:00:00+00:00,2023-05-23 09:00:00+00:00,92.20599999999999,91.61749208333335,-1.052333203316659,-0.005261666016583295,4,SL,False
EURJPY,D,long,BULL_STRONG,2023-05-22 21:00:00+00:00,2023-05-24 09:00:00+00:00,149.807,148.8975666666667,-1.0481525940312981,-0.005240762970156491,9,SL,False
EURCHF,D,short,BEAR_STRONG,2023-05-23 05:00:00+00:00,2023-05-24 09:00:00+00:00,0.97141,0.9744915624999999,-1.0879244048513508,-0.005439622024256754,7,SL,False
CHFJPY,D,long,BULL_STRONG,2023-05-23 13:00:00+00:00,2023-05-31 05:00:00+00:00,153.777,153.76,0.6705695757817272,0.003352847878908636,34,BE_STOP,True
GBPAUD,D,long,BULL_STRONG,2023-05-23 17:00:00+00:00,2023-05-24 13:00:00+00:00,1.8787,1.8927463330357142,1.7207933999368306,0.008603966999684153,5,TP2,True
EURGBP,D,short,BEAR_STRONG,2023-05-23 21:00:00+00:00,2023-05-24 05:00:00+00:00,0.86681,0.8688316125,-1.1573511736391957,-0.005786755868195979,2,SL,False
EURGBP,D,short,BEAR_STRONG,2023-05-24 05:00:00+00:00,2023-05-24 09:00:00+00:00,0.86743,0.8688316125,-1.2366330318992553,-0.0061831651594962764,1,SL,False
EURCHF,D,short,BEAR_STRONG,2023-05-25 01:00:00+00:00,2023-05-26 05:00:00+00:00,0.97272,0.9694640848214288,1.5113045318466947,0.007556522659233474,7,TP2,True
NKD,D,long,BULL_STRONG,2023-05-25 18:00:00+00:00,2023-05-28 22:00:00+00:00,31112.5,31677.754464285714,1.7583105296874464,0.008791552648437232,7,TP2,True
NKD,D,long,BULL_STRONG,2023-05-29 06:00:00+00:00,2023-05-30 22:00:00+00:00,31287.5,31045.87291666667,-1.0427246598624331,-0.005213623299312166,9,SL,False
EURCHF,D,short,BEAR_STRONG,2023-05-29 09:00:00+00:00,2023-05-30 13:00:00+00:00,0.9678599999999999,0.9713252083333334,-1.0775369488524995,-0.005387684744262497,7,SL,False
EURUSD,D,short,BEAR_STRONG,2023-05-29 17:00:00+00:00,2023-05-30 09:00:00+00:00,1.0708199999999999,1.07091,0.5842422451297602,0.0029212112256488012,4,BE_STOP,True
EURJPY,D,long,BULL_STRONG,2023-05-29 17:00:00+00:00,2023-05-30 05:00:00+00:00,150.40699999999998,149.767775,-1.0611627305235192,-0.005305813652617596,3,SL,False
EURJPY,D,long,BULL_STRONG,2023-05-30 05:00:00+00:00,2023-05-30 13:00:00+00:00,150.057,150.04,0.5323198457158873,0.002661599228579437,2,BE_STOP,True
GBPCAD,D,long,BULL_STRONG,2023-05-31 05:00:00+00:00,2023-06-01 13:00:00+00:00,1.68545,1.68528,0.6051118962209885,0.0030255594811049425,8,BE_STOP,True
AUDCAD,D,short,BEAR_STRONG,2023-05-31 05:00:00+00:00,2023-06-02 01:00:00+00:00,0.88369,0.88816125,-1.0566618076140661,-0.005283309038070331,11,SL,False
GBPJPY,D,long,BULL_STRONG,2023-05-31 13:00:00+00:00,2023-06-05 13:00:00+00:00,173.087,173.07,0.6712341032341165,0.0033561705161705823,18,BE_STOP,True
EURUSD,D,short,BEAR_STRONG,2023-06-01 01:00:00+00:00,2023-06-01 13:00:00+00:00,1.0680699999999999,1.0730360833333334,-1.0491234016372717,-0.005245617008186359,3,SL,False
PA,D,short,BEAR_STRONG,2023-06-01 06:00:00+00:00,2023-06-02 10:00:00+00:00,1382.375,1416.5737499999998,-1.0069141201071206,-0.0050345706005356025,7,SL,False
GBPAUD,D,long,BULL_STRONG,2023-06-01 13:00:00+00:00,2023-06-02 05:00:00+00:00,1.90533,1.891925,-1.032999335096336,-0.00516499667548168,4,SL,False
GBPJPY,D,long,BULL_STRONG,2023-06-08 09:00:00+00:00,2023-06-12 05:00:00+00:00,174.057,175.6641607142857,1.713926070084381,0.008569630350421905,11,TP2,True
PL,D,short,BEAR_STRONG,2023-06-12 02:00:00+00:00,2023-06-13 14:00:00+00:00,1007.05,988.636169642857,1.8851359952844096,0.009425679976422048,9,TP2,True
ES,D,long,BULL_STRONG,2023-06-12 06:00:00+00:00,2023-06-13 02:00:00+00:00,4315.875,4367.15,1.7266493557978426,0.008633246778989214,5,TP2,True
CADCHF,D,long,BULL_STRONG,2023-06-12 13:00:00+00:00,2023-06-13 05:00:00+00:00,0.68067,0.6766916500000001,-1.0696610868223797,-0.005348305434111899,4,SL,False
NKD,D,long,BULL_STRONG,2023-06-12 14:00:00+00:00,2023-06-13 10:00:00+00:00,32697.5,33485.73616071429,1.709906845790216,0.00854953422895108,5,TP2,True
CADCHF,D,long,BULL_STRONG,2023-06-13 13:00:00+00:00,2023-06-14 09:00:00+00:00,0.68021,0.6766916500000001,-1.0792119700748166,-0.005396059850374084,5,SL,False
USDJPY,D,long,BULL_STRONG,2023-06-14 05:00:00+00:00,2023-06-14 13:00:00+00:00,139.98899999999998,139.36335416666665,-1.04637744788673,-0.00523188723943365,2,SL,False
AUDNZD,D,long,BULL_STRONG,2023-06-15 13:00:00+00:00,2023-06-20 01:00:00+00:00,1.10333,1.1002673708333333,-1.1467406209172466,-0.0057337031045862335,15,SL,False
PL,D,short,BEAR_STRONG,2023-06-20 06:00:00+00:00,2023-06-22 02:00:00+00:00,969.35,942.3929553571428,1.6944380203027891,0.008472190101513946,11,TP2,True
NZDCAD,D,short,BEAR_STRONG,2023-06-20 13:00:00+00:00,2023-06-27 13:00:00+00:00,0.81515,0.81532,0.6548110616795615,0.0032740553083978074,30,BE_STOP,True
GBPUSD,D,long,BULL_STRONG,2023-06-21 05:00:00+00:00,2023-06-23 01:00:00+00:00,1.27211,1.27202,0.6803295737106216,0.003401647868553108,11,BE_STOP,True
GBPNZD,D,long,BULL_STRONG,2023-06-21 21:00:00+00:00,2023-06-23 09:00:00+00:00,2.0568500000000003,2.076324870535715,1.7344120403348005,0.008672060201674003,9,TP2,True
PA,D,short,BEAR_STRONG,2023-06-22 02:00:00+00:00,2023-06-22 18:00:00+00:00,1336.875,1279.5412946428569,1.8217946256225543,0.009108973128112772,4,TP2,True
CADCHF,D,long,BULL_STRONG,2023-06-26 01:00:00+00:00,2023-06-26 09:00:00+00:00,0.68086,0.677509275,-1.0834150704634962,-0.005417075352317481,2,SL,False
GBPJPY,D,long,BULL_STRONG,2023-06-26 01:00:00+00:00,2023-07-10 01:00:00+00:00,182.587,183.153,0.4465799476419954,0.002232899738209977,60,TIME,False
USDCAD,D,short,BEAR_STRONG,2023-06-26 05:00:00+00:00,2023-06-28 05:00:00+00:00,1.31679,1.3220184375000004,-1.0417151322751579,-0.005208575661375789,12,SL,False
CL,D,short,BEAR_STRONG,2023-06-26 06:00:00+00:00,2023-07-03 06:00:00+00:00,69.475,71.33777500000001,-1.011125813478373,-0.0050556290673918645,30,SL,False
NZDCHF,D,short,BEAR_STRONG,2023-06-26 09:00:00+00:00,2023-06-27 05:00:00+00:00,0.55077,0.5544733625,-1.069935592512798,-0.00534967796256399,5,SL,False
CADCHF,D,long,BULL_STRONG,2023-06-26 17:00:00+00:00,2023-06-27 13:00:00+00:00,0.68095,0.677509275,-1.0811236040938939,-0.005405618020469469,5,SL,False
NZDJPY,D,long,BULL_STRONG,2023-06-26 17:00:00+00:00,2023-06-28 05:00:00+00:00,88.469,87.8154,-1.0540145460257553,-0.005270072730128777,9,SL,False
EURCAD,D,short,BEAR_STRONG,2023-06-27 05:00:00+00:00,2023-06-27 09:00:00+00:00,1.43701,1.4428927083333334,-1.0649746807191558,-0.005324873403595779,1,SL,False
NZDCHF,D,short,BEAR_STRONG,2023-06-27 13:00:00+00:00,2023-06-28 05:00:00+00:00,0.55117,0.5450335276785715,1.6096427514257716,0.008048213757128858,4,TP2,True
PA,D,short,BEAR_STRONG,2023-06-29 02:00:00+00:00,2023-07-11 06:00:00+00:00,1249.875,1250.0,0.7361597942822548,0.003680798971411274,49,BE_STOP,True
GBPCAD,D,short,BEAR_STRONG,2023-06-29 13:00:00+00:00,2023-06-30 05:00:00+00:00,1.6723999999999999,1.6772143500000003,-1.0870166977079607,-0.0054350834885398035,4,SL,False
RTY,D,long,BULL_STRONG,2023-06-29 14:00:00+00:00,2023-07-05 06:00:00+00:00,1896.7499999999998,1896.6,0.7055278187004614,0.0035276390935023074,20,BE_STOP,True
CHFJPY,D,long,BULL_STRONG,2023-07-03 01:00:00+00:00,2023-07-03 09:00:00+00:00,161.46699999999998,160.89679583333333,-1.0715927001031802,-0.005357963500515901,2,SL,False
CHFJPY,D,long,BULL_STRONG,2023-07-03 17:00:00+00:00,2023-07-05 05:00:00+00:00,161.447,160.89679583333333,-1.0836500965077385,-0.0054182504825386925,9,SL,False
AUDNZD,D,short,BEAR_STRONG,2023-07-04 13:00:00+00:00,2023-07-11 21:00:00+00:00,1.08082,1.08099,0.6731178727026752,0.003365589363513376,32,BE_STOP,True
CADJPY,D,long,BULL_STRONG,2023-07-04 13:00:00+00:00,2023-07-05 05:00:00+00:00,109.33699999999999,108.86044166666667,-1.0703004986671918,-0.005351502493335959,4,SL,False
USDCHF,D,short,BEAR_STRONG,2023-07-10 09:00:00+00:00,2023-07-11 13:00:00+00:00,0.89143,0.8808156544642858,1.667658538881389,0.008338292694406944,7,TP2,True
CL,D,long,BULL_STRONG,2023-07-10 14:00:00+00:00,2023-07-12 10:00:00+00:00,73.005,75.86586964285713,1.7679587030619184,0.008839793515309592,11,TP2,True
EURAUD,D,long,BULL_STRONG,2023-07-10 21:00:00+00:00,2023-07-12 01:00:00+00:00,1.6463,1.6365151249999998,-1.046852611188392,-0.0052342630559419605,7,SL,False
RTY,D,long,BULL_STRONG,2023-07-11 14:00:00+00:00,2023-07-12 14:00:00+00:00,1919.35,1952.9059375000002,1.9691623527220776,0.009845811763610388,6,TP2,True
ES,D,long,BULL_STRONG,2023-07-13 02:00:00+00:00,2023-07-18 14:00:00+00:00,4517.125,4575.289285714285,1.6991564681724698,0.008495782340862349,21,TP2,True
EURCHF,D,short,BEAR_STRONG,2023-07-19 21:00:00+00:00,2023-07-20 09:00:00+00:00,0.96153,0.964224625,-1.1206572065158231,-0.0056032860325791155,3,SL,False
DAX,D,long,BULL_STRONG,2023-07-24 16:00:00+00:00,2023-07-26 08:00:00+00:00,16274.75,16201.673333333332,-1.028371001935662,-0.00514185500967831,10,SL,False
YM,D,long,BULL_STRONG,2023-07-24 18:00:00+00:00,2023-07-27 18:00:00+00:00,35588.5,35391.3975,-1.0222240513285874,-0.005111120256642937,18,SL,False
ES,D,long,BULL_STRONG,2023-07-25 18:00:00+00:00,2023-07-26 14:00:00+00:00,4604.875,4580.912604166666,-1.0315164083925463,-0.005157582041962732,5,SL,False
PA,D,short,BEAR_STRONG,2023-07-27 06:00:00+00:00,2023-07-31 14:00:00+00:00,1254.875,1283.9116666666669,-1.0077958148383006,-0.0050389790741915035,14,SL,False
YM,D,long,BULL_STRONG,2023-07-31 22:00:00+00:00,2023-08-02 06:00:00+00:00,35713.5,35520.54166666667,-1.0227573275299244,-0.005113786637649622,8,SL,False
USDJPY,D,long,BULL_STRONG,2023-08-01 01:00:00+00:00,2023-08-15 01:00:00+00:00,142.72899999999998,145.51100000000002,1.5673693263978261,0.007836846631989131,60,TIME,True
CHFJPY,D,long,BULL_STRONG,2023-08-01 17:00:00+00:00,2023-08-02 05:00:00+00:00,163.797,162.72538333333333,-1.037863596567469,-0.005189317982837345,3,SL,False
NZDCAD,D,short,BEAR_STRONG,2023-08-03 13:00:00+00:00,2023-08-04 13:00:00+00:00,0.81179,0.8176263375000001,-1.0412348540834357,-0.005206174270417179,6,SL,False
GBPNZD,D,long,BULL_STRONG,2023-08-08 09:00:00+00:00,2023-08-11 13:00:00+00:00,2.1007900000000004,2.1217169017857143,1.665072092323505,0.008325360461617524,19,TP2,True
NZDUSD,D,short,BEAR_STRONG,2023-08-08 13:00:00+00:00,2023-08-10 09:00:00+00:00,0.60481,0.6096412708333333,-1.0305136333876805,-0.005152568166938403,11,SL,False
CHFJPY,D,long,BULL_STRONG,2023-08-08 17:00:00+00:00,2023-08-10 13:00:00+00:00,163.727,165.00955267857148,1.8673296603187632,0.009336648301593817,11,TP2,True
CL,D,long,BULL_STRONG,2023-08-08 18:00:00+00:00,2023-08-10 14:00:00+00:00,82.855,82.84,0.7193216961869024,0.003596608480934512,11,BE_STOP,True
GBPAUD,D,long,BULL_STRONG,2023-08-09 01:00:00+00:00,2023-08-15 13:00:00+00:00,1.94647,1.966624995535714,1.653769369659152,0.00826884684829576,27,TP2,True
PA,D,short,BEAR_STRONG,2023-08-09 10:00:00+00:00,2023-08-10 06:00:00+00:00,1225.375,1241.603125,-1.0138501067339412,-0.005069250533669706,5,SL,False
NZDCHF,D,short,BEAR_STRONG,2023-08-09 13:00:00+00:00,2023-08-11 09:00:00+00:00,0.53059,0.5261777544642856,1.6035357326873578,0.008017678663436788,11,TP2,True
EURAUD,D,long,BULL_STRONG,2023-08-09 21:00:00+00:00,2023-08-10 09:00:00+00:00,1.68,1.6709617291666667,-1.0456909816598041,-0.005228454908299021,3,SL,False
GBPUSD,D,short,BEAR_STRONG,2023-08-14 01:00:00+00:00,2023-08-15 09:00:00+00:00,1.26707,1.2725287,-1.0442173710581977,-0.005221086855290989,8,SL,False
NQ,D,short,BEAR_STRONG,2023-08-14 02:00:00+00:00,2023-08-14 18:00:00+00:00,15073.875,15263.5,-1.0083535535006605,-0.005041767767503302,4,SL,False
EURUSD,D,short,BEAR_STRONG,2023-08-14 05:00:00+00:00,2023-08-15 13:00:00+00:00,1.0945299999999998,1.09462,0.6736790601392743,0.003368395300696371,8,BE_STOP,True
AUDUSD,D,short,BEAR_STRONG,2023-08-14 13:00:00+00:00,2023-08-16 21:00:00+00:00,0.64937,0.6410957053571431,1.8128964627887212,0.009064482313943606,14,TP2,True
AUDCAD,D,short,BEAR_STRONG,2023-08-14 13:00:00+00:00,2023-08-17 01:00:00+00:00,0.87377,0.8663398937500003,1.7500458422609764,0.008750229211304882,15,TP2,True
EURAUD,D,long,BULL_STRONG,2023-08-15 09:00:00+00:00,2023-08-22 09:00:00+00:00,1.68788,1.68771,0.6804371670429084,0.003402185835214542,30,BE_STOP,True
USDCAD,D,long,BULL_STRONG,2023-08-15 09:00:00+00:00,2023-08-23 09:00:00+00:00,1.3467600000000002,1.3580320044642853,1.660386297194162,0.00830193148597081,36,TP2,True
SI,D,short,BEAR_STRONG,2023-08-15 10:00:00+00:00,2023-08-16 06:00:00+00:00,22.5075,22.82573125,-1.0821712280998403,-0.005410856140499202,5,SL,False
NQ,D,short,BEAR_STRONG,2023-08-16 06:00:00+00:00,2023-08-17 18:00:00+00:00,15118.125,14808.00892857143,1.8064988669950712,0.009032494334975357,9,TP2,True
SI,D,short,BEAR_STRONG,2023-08-16 18:00:00+00:00,2023-08-17 10:00:00+00:00,22.4375,22.82573125,-1.0664285592221088,-0.005332142796110544,4,SL,False
EURNZD,D,long,BULL_STRONG,2023-08-21 01:00:00+00:00,2023-08-22 05:00:00+00:00,1.83883,1.8315490333333333,-1.0671408294230982,-0.005335704147115491,7,SL,False
NZDCAD,D,short,BEAR_STRONG,2023-08-21 05:00:00+00:00,2023-08-22 01:00:00+00:00,0.79984,0.8041818249999999,-1.0675909464083488,-0.005337954732041745,5,SL,False
NZDCHF,D,short,BEAR_STRONG,2023-08-21 13:00:00+00:00,2023-08-22 05:00:00+00:00,0.51972,0.5225299541666667,-1.0919564449509056,-0.005459782224754528,4,SL,False
GBPNZD,D,long,BULL_STRONG,2023-08-21 13:00:00+00:00,2023-08-22 05:00:00+00:00,2.1560900000000003,2.1469331666666664,-1.0525048793605694,-0.005262524396802847,4,SL,False
USDJPY,D,long,BULL_STRONG,2023-08-21 13:00:00+00:00,2023-08-23 05:00:00+00:00,146.19899999999998,145.39394583333333,-1.0407859934154222,-0.0052039299670771115,10,SL,False
CHFJPY,D,long,BULL_STRONG,2023-08-21 17:00:00+00:00,2023-08-22 21:00:00+00:00,166.457,165.589325,-1.0532565080671188,-0.005266282540335594,7,SL,False
EURJPY,D,long,BULL_STRONG,2023-08-21 17:00:00+00:00,2023-08-22 09:00:00+00:00,159.337,158.63206250000002,-1.0571377196329568,-0.005285688598164784,4,SL,False
EURUSD,D,short,BEAR_STRONG,2023-08-24 01:00:00+00:00,2023-08-25 05:00:00+00:00,1.0868999999999998,1.0771432526785714,1.6655336893396024,0.008327668446698012,7,TP2,True
USDCAD,D,long,BULL_STRONG,2023-08-24 13:00:00+00:00,2023-08-29 17:00:00+00:00,1.3565800000000001,1.35649,0.6177058464461558,0.003088529232230779,19,BE_STOP,True
USDJPY,D,long,BULL_STRONG,2023-08-28 05:00:00+00:00,2023-08-29 17:00:00+00:00,146.54899999999998,145.82384166666668,-1.0454045683566071,-0.005227022841783036,9,SL,False
USDCHF,D,long,BULL_STRONG,2023-08-28 09:00:00+00:00,2023-08-29 13:00:00+00:00,0.8838900000000001,0.8789880499999999,-1.0506540176020174,-0.005253270088010087,7,SL,False
EURNZD,D,long,BULL_STRONG,2023-08-28 21:00:00+00:00,2023-08-29 05:00:00+00:00,1.8332600000000001,1.8241992666666669,-1.047988887305885,-0.0052399444365294244,2,SL,False
CL,D,long,BULL_STRONG,2023-08-29 18:00:00+00:00,2023-09-01 06:00:00+00:00,81.335,84.19878482142855,1.8020574683370982,0.009010287341685491,15,TP2,True
CADJPY,D,long,BULL_STRONG,2023-08-30 17:00:00+00:00,2023-08-31 13:00:00+00:00,108.097,107.44737500000001,-1.0507940407034126,-0.005253970203517064,5,SL,False
EURNZD,D,long,BULL_STRONG,2023-08-30 21:00:00+00:00,2023-08-31 09:00:00+00:00,1.83589,1.8241992666666669,-1.0370657481294603,-0.005185328740647302,3,SL,False
EURCHF,D,short,BEAR_STRONG,2023-09-04 01:00:00+00:00,2023-09-04 05:00:00+00:00,0.95431,0.9555464583333333,-1.2846837898027086,-0.006423418949013543,1,SL,False
EURUSD,D,short,BEAR_STRONG,2023-09-04 21:00:00+00:00,2023-09-05 09:00:00+00:00,1.07923,1.0740389642857149,1.8685745449460502,0.009342872724730252,3,TP2,True
EURCHF,D,short,BEAR_STRONG,2023-09-05 09:00:00+00:00,2023-09-06 05:00:00+00:00,0.95389,0.9555464583333333,-1.2042065984583146,-0.006021032992291573,5,SL,False
GBPUSD,D,short,BEAR_STRONG,2023-09-05 21:00:00+00:00,2023-09-07 05:00:00+00:00,1.25565,1.2472122428571428,1.714979777337741,0.008574898886688706,8,TP2,True
PA,D,short,BEAR_STRONG,2023-09-06 14:00:00+00:00,2023-09-07 14:00:00+00:00,1212.375,1212.5,0.722543956446631,0.0036127197822331553,6,BE_STOP,True
USDCAD,D,long,BULL_STRONG,2023-09-07 05:00:00+00:00,2023-09-11 05:00:00+00:00,1.3646200000000002,1.3588193624999998,-1.059721318329194,-0.00529860659164597,12,SL,False
EURCAD,D,short,BEAR_STRONG,2023-09-11 13:00:00+00:00,2023-09-12 21:00:00+00:00,1.45905,1.45922,0.6294064310788867,0.0031470321553944336,8,BE_STOP,True
DAX,D,short,BEAR_STRONG,2023-09-14 08:00:00+00:00,2023-09-14 12:00:00+00:00,15619.25,15763.4275,-1.0139411200780883,-0.005069705600390442,1,SL,False
NKD,D,long,BULL_STRONG,2023-09-14 18:00:00+00:00,2023-09-20 02:00:00+00:00,33252.5,32948.54094827586,-1.034271849487849,-0.005171359247439245,20,SL,False
NZDCAD,D,short,BEAR_STRONG,2023-09-18 09:00:00+00:00,2023-09-19 21:00:00+00:00,0.79639,0.7997298500000001,-1.0730301433821794,-0.005365150716910897,9,SL,False
CADCHF,D,long,BULL_STRONG,2023-09-18 13:00:00+00:00,2023-09-21 05:00:00+00:00,0.66551,0.6709785196428574,1.5019081752434789,0.007509540876217394,16,TP2,True
USDJPY,D,long,BULL_STRONG,2023-09-18 13:00:00+00:00,2023-09-20 13:00:00+00:00,147.63899999999998,147.63,0.61399661432471,0.00306998307162355,12,BE_STOP,True
AUDCAD,D,short,BEAR_STRONG,2023-09-19 01:00:00+00:00,2023-09-20 09:00:00+00:00,0.86749,0.8706465958333334,-1.0808440825186978,-0.005404220412593489,8,SL,False
NZDJPY,D,long,BULL_STRONG,2023-09-21 17:00:00+00:00,2023-09-22 09:00:00+00:00,87.527,88.36262991071429,1.715407909808439,0.008577039549042195,4,TP2,True
USDJPY,D,long,BULL_STRONG,2023-09-21 21:00:00+00:00,2023-09-22 05:00:00+00:00,147.629,148.4061794642858,1.8754037963103483,0.009377018981551742,2,TP2,True
EURUSD,D,short,BEAR_STRONG,2023-09-25 09:00:00+00:00,2023-09-27 09:00:00+00:00,1.0621399999999999,1.0538197223214285,1.7087280706431547,0.008543640353215774,12,TP2,True
EURCAD,D,short,BEAR_STRONG,2023-09-25 09:00:00+00:00,2023-09-28 01:00:00+00:00,1.43022,1.4171295044642858,1.6576253931929823,0.008288126965964912,16,TP2,True
CADJPY,D,long,BULL_STRONG,2023-09-25 13:00:00+00:00,2023-10-02 13:00:00+00:00,110.53699999999999,109.88990000000001,-1.091215965719723,-0.005456079828598615,30,SL,False
EURAUD,D,short,BEAR_STRONG,2023-09-25 21:00:00+00:00,2023-09-26 05:00:00+00:00,1.64879,1.6540826416666665,-1.0782468550568824,-0.005391234275284412,2,SL,False
RTY,D,short,BEAR_STRONG,2023-09-26 18:00:00+00:00,2023-09-27 18:00:00+00:00,1782.15,1802.71375,-1.0143321045863627,-0.005071660522931814,6,SL,False
CL,D,long,BULL_STRONG,2023-09-27 06:00:00+00:00,2023-09-27 18:00:00+00:00,91.415,94.01029375,1.7597623940328875,0.008798811970164437,3,TP2,True
EURAUD,D,short,BEAR_STRONG,2023-09-28 05:00:00+00:00,2023-09-29 05:00:00+00:00,1.64887,1.6370524660714292,1.8169854254867601,0.009084927127433801,6,TP2,True
USDJPY,D,long,BULL_STRONG,2023-10-02 01:00:00+00:00,2023-10-03 13:00:00+00:00,149.73899999999998,149.321725,-1.0807383748698447,-0.005403691874349224,9,SL,False
GBPNZD,D,short,BEAR_STRONG,2023-10-02 05:00:00+00:00,2023-10-03 09:00:00+00:00,2.03746,2.047321212500001,-1.041815655161848,-0.005209078275809241,7,SL,False
YM,D,short,BEAR_STRONG,2023-10-02 14:00:00+00:00,2023-10-06 14:00:00+00:00,33541.5,33543.0,0.7322203483303109,0.0036611017416515548,24,BE_STOP,True
USDCHF,D,long,BULL_STRONG,2023-10-02 21:00:00+00:00,2023-10-05 01:00:00+00:00,0.91857,0.9138677374999998,-1.0604041508912443,-0.005302020754456222,13,SL,False
HG,D,short,BEAR_STRONG,2023-10-03 02:00:00+00:00,2023-10-08 22:00:00+00:00,3.60975,3.65600625,-1.0341903624496644,-0.0051709518122483224,23,SL,False
DAX,D,short,BEAR_STRONG,2023-10-03 12:00:00+00:00,2023-10-06 12:00:00+00:00,15203.25,15388.2675,-1.0106706825674632,-0.0050533534128373156,18,SL,False
GBPJPY,D,short,BEAR_STRONG,2023-10-04 05:00:00+00:00,2023-10-06 05:00:00+00:00,180.463,181.70352916666667,-1.0263702908594297,-0.005131851454297148,12,SL,False
CHFJPY,D,short,BEAR_STRONG,2023-10-04 05:00:00+00:00,2023-10-06 09:00:00+00:00,162.173,163.3662125,-1.0252541271241344,-0.005126270635620672,13,SL,False
NQ,D,short,BEAR_STRONG,2023-10-04 06:00:00+00:00,2023-10-04 18:00:00+00:00,14699.125,14915.78125,-1.0071708943794249,-0.005035854471897124,3,SL,False
ES,D,short,BEAR_STRONG,2023-10-04 14:00:00+00:00,2023-10-06 14:00:00+00:00,4270.625,4324.605833333332,-1.0133688808742831,-0.005066844404371416,12,SL,False
GBPNZD,D,short,BEAR_STRONG,2023-10-09 09:00:00+00:00,2023-10-11 13:00:00+00:00,2.0357399999999997,2.0454887125000005,-1.0370617241096027,-0.005185308620548014,13,SL,False
NZDCHF,D,long,BULL_STRONG,2023-10-09 21:00:00+00:00,2023-10-10 05:00:00+00:00,0.54607,0.5437097249999999,-1.1125200260241244,-0.005562600130120622,2,SL,False
NZDCHF,D,long,BULL_STRONG,2023-10-10 17:00:00+00:00,2023-10-11 05:00:00+00:00,0.54715,0.5437097249999999,-1.0754068082959372,-0.005377034041479686,3,SL,False
NKD,D,short,BEAR_STRONG,2023-10-16 02:00:00+00:00,2023-10-16 14:00:00+00:00,31647.5,31934.55625,-1.0358847280287955,-0.005179423640143978,3,SL,False
GBPUSD,D,short,BEAR_STRONG,2023-10-17 09:00:00+00:00,2023-10-17 13:00:00+00:00,1.2140099999999998,1.2199301791666668,-1.044588921295324,-0.005222944606476621,1,SL,False
GBPUSD,D,short,BEAR_STRONG,2023-10-18 17:00:00+00:00,2023-10-23 13:00:00+00:00,1.21399,1.2199301791666668,-1.0341799104443627,-0.005170899552221814,17,SL,False
NKD,D,short,BEAR_STRONG,2023-10-19 06:00:00+00:00,2023-10-23 06:00:00+00:00,31577.5,30880.487053571425,1.7022223482323258,0.008511111741161629,12,TP2,True
ES,D,short,BEAR_STRONG,2023-10-19 14:00:00+00:00,2023-10-20 18:00:00+00:00,4332.125,4253.764821428573,1.8012086263017681,0.00900604313150884,7,TP2,True
HG,D,short,BEAR_STRONG,2023-10-23 06:00:00+00:00,2023-10-23 14:00:00+00:00,3.53775,3.586550625,-1.032239744482858,-0.0051611987224142895,2,SL,False
CL,D,short,BEAR_STRONG,2023-10-24 02:00:00+00:00,2023-10-25 14:00:00+00:00,85.725,82.47917232142856,1.7869397882617124,0.008934698941308562,9,TP2,True
USDCAD,D,long,BULL_STRONG,2023-10-25 05:00:00+00:00,2023-10-27 13:00:00+00:00,1.3761900000000002,1.3869643848214288,1.659520042217003,0.008297600211085016,14,TP2,True
USDJPY,D,long,BULL_STRONG,2023-10-25 13:00:00+00:00,2023-10-26 01:00:00+00:00,149.97899999999998,150.46102678571427,1.6570105436766713,0.008285052718383357,3,TP2,True
GBPUSD,D,short,BEAR_STRONG,2023-10-25 17:00:00+00:00,2023-10-30 17:00:00+00:00,1.2110599999999998,1.2166437041666667,-1.0308623098107261,-0.005154311549053631,18,SL,False
NZDUSD,D,short,BEAR_STRONG,2023-10-25 17:00:00+00:00,2023-10-26 21:00:00+00:00,0.5801499999999999,0.5831672291666667,-1.0482439166732007,-0.005241219583366004,7,SL,False
AUDUSD,D,short,BEAR_STRONG,2023-10-26 01:00:00+00:00,2023-10-26 09:00:00+00:00,0.6276299999999999,0.6322313375,-1.0394269327001207,-0.005197134663500603,2,SL,False
EURGBP,D,long,BULL_STRONG,2023-10-30 13:00:00+00:00,2023-10-31 17:00:00+00:00,0.87324,0.8700988958333332,-1.1151940762763526,-0.005575970381381763,7,SL,False
YM,D,short,BEAR_STRONG,2023-10-31 02:00:00+00:00,2023-10-31 10:00:00+00:00,32950.5,33217.87708333333,-1.0155562109684142,-0.005077781054842071,2,SL,False
CL,D,short,BEAR_STRONG,2023-10-31 02:00:00+00:00,2023-11-01 10:00:00+00:00,82.80499999999999,82.82,0.7109125541544637,0.0035545627707723186,8,BE_STOP,True
EURJPY,D,long,BULL_STRONG,2023-11-01 17:00:00+00:00,2023-11-09 14:00:00+00:00,159.587,161.77198660714285,1.6825174908184026,0.008412587454092013,35,TP2,True
USDCAD,D,long,BULL_STRONG,2023-11-01 17:00:00+00:00,2023-11-02 09:00:00+00:00,1.3857700000000002,1.3805120124999997,-1.0549552025813,-0.005274776012906501,4,SL,False
GBPJPY,D,long,BULL_STRONG,2023-11-01 21:00:00+00:00,2023-11-06 10:00:00+00:00,183.347,185.84256875000008,1.6834129054540852,0.008417064527270425,15,TP2,True
USDJPY,D,long,BULL_STRONG,2023-11-02 05:00:00+00:00,2023-11-03 09:00:00+00:00,150.41899999999998,149.7809875,-1.0525564436318624,-0.005262782218159312,7,SL,False
GBPCAD,D,long,BULL_STRONG,2023-11-06 06:00:00+00:00,2023-11-14 14:00:00+00:00,1.69164,1.7063695446428575,1.6518547147616733,0.008259273573808366,38,TP2,True
EURCHF,D,long,BULL_STRONG,2023-11-06 06:00:00+00:00,2023-11-06 22:00:00+00:00,0.96332,0.96315,0.22806829760402694,0.0011403414880201347,4,BE_STOP,True
EURCHF,D,long,BULL_STRONG,2023-11-06 22:00:00+00:00,2023-11-07 06:00:00+00:00,0.96325,0.96308,0.18842062415198707,0.0009421031207599354,2,BE_STOP,True
EURCAD,D,long,BULL_STRONG,2023-11-08 06:00:00+00:00,2023-11-14 06:00:00+00:00,1.47067,1.4785626303571429,1.5654131644777276,0.007827065822388637,24,TP2,True
EURCHF,D,long,BULL_STRONG,2023-11-09 14:00:00+00:00,2023-11-10 10:00:00+00:00,0.96412,0.96215875,-1.1702592044661548,-0.005851296022330774,5,SL,False
ES,D,long,BULL_STRONG,2023-11-13 07:00:00+00:00,2023-11-14 15:00:00+00:00,4424.875,4491.7555357142855,1.7356402357614962,0.008678201178807481,8,TP2,True
EURCHF,D,long,BULL_STRONG,2023-11-13 10:00:00+00:00,2023-11-15 06:00:00+00:00,0.96509,0.96492,0.4839045684327327,0.002419522842163664,11,BE_STOP,True
NQ,D,long,BULL_STRONG,2023-11-13 11:00:00+00:00,2023-11-14 15:00:00+00:00,15490.875,15784.185892857144,1.8052745634566347,0.009026372817283175,7,TP2,True
YM,D,long,BULL_STRONG,2023-11-13 15:00:00+00:00,2023-11-14 15:00:00+00:00,34388.5,34875.895803571424,1.7373185106749898,0.008686592553374948,6,TP2,True
NKD,D,long,BULL_STRONG,2023-11-13 23:00:00+00:00,2023-11-14 23:00:00+00:00,32757.5,33368.943303571425,1.7349242130013856,0.008674621065006927,6,TP2,True
USDCAD,D,long,BULL_STRONG,2023-11-14 06:00:00+00:00,2023-11-14 10:00:00+00:00,1.3821100000000002,1.3789614625000002,-1.0926898558543616,-0.005463449279271808,1,SL,False
NZDCAD,D,long,BULL_STRONG,2023-11-15 22:00:00+00:00,2023-11-20 22:00:00+00:00,0.82065,0.8295860723214287,1.6600907915515273,0.008300453957757636,18,TP2,True
GBPCAD,D,long,BULL_STRONG,2023-11-16 06:00:00+00:00,2023-11-20 14:00:00+00:00,1.69878,1.7141731696428568,1.6452248153074407,0.008226124076537203,14,TP2,True
EURCHF,D,long,BULL_STRONG,2023-11-16 10:00:00+00:00,2023-11-17 06:00:00+00:00,0.96566,0.9627868833333334,-1.1129038948867722,-0.0055645194744338615,5,SL,False
AUDJPY,D,long,BULL_STRONG,2023-11-16 22:00:00+00:00,2023-11-29 14:00:00+00:00,97.36099999999999,97.344,0.6155499105716743,0.0030777495528583713,52,BE_STOP,True
AUDNZD,D,long,BULL_STRONG,2023-11-20 10:00:00+00:00,2023-11-21 02:00:00+00:00,1.08799,1.0841344375,-1.0874543845071132,-0.005437271922535566,4,SL,False
AUDUSD,D,long,BULL_STRONG,2023-11-20 10:00:00+00:00,2023-11-28 14:00:00+00:00,0.65495,0.664874888392857,1.647449685241899,0.008237248426209496,37,TP2,True
YM,D,long,BULL_STRONG,2023-11-20 19:00:00+00:00,2023-11-30 07:00:00+00:00,35224.5,35657.92214285715,1.713770409327021,0.008568852046635106,43,TP2,True
NZDUSD,D,long,BULL_STRONG,2023-11-27 06:00:00+00:00,2023-11-28 18:00:00+00:00,0.6078800000000001,0.6134625910714286,1.6492840680576306,0.008246420340288153,9,TP2,True
GBPCAD,D,long,BULL_STRONG,2023-11-27 06:00:00+00:00,2023-11-28 06:00:00+00:00,1.72137,1.7159146208333333,-1.0872201947037858,-0.00543610097351893,6,SL,False
USDCHF,D,short,BEAR_STRONG,2023-11-27 06:00:00+00:00,2023-11-28 22:00:00+00:00,0.88137,0.876302604464286,1.6750415474821414,0.008375207737410708,10,TP2,True
AUDCAD,D,long,BULL_STRONG,2023-11-27 10:00:00+00:00,2023-11-28 06:00:00+00:00,0.90073,0.8977481333333335,-1.105304495234488,-0.00552652247617244,5,SL,False
CL,D,short,BEAR_STRONG,2023-11-28 03:00:00+00:00,2023-11-28 15:00:00+00:00,74.975,76.59766379310345,-1.0130611885955743,-0.005065305942977871,3,SL,False
AUDCAD,D,long,BULL_STRONG,2023-11-28 14:00:00+00:00,2023-11-29 10:00:00+00:00,0.90269,0.8977481333333335,-1.0621091536505658,-0.005310545768252829,5,SL,False
GBPCAD,D,long,BULL_STRONG,2023-11-28 22:00:00+00:00,2023-11-30 14:00:00+00:00,1.72305,1.7159146208333333,-1.0662170700207165,-0.005331085350103583,10,SL,False
NG,D,short,BEAR_STRONG,2023-11-29 03:00:00+00:00,2023-12-06 19:00:00+00:00,2.7835,2.570686052955665,1.7768426425307995,0.008884213212653997,34,TP2,True
CADCHF,D,short,BEAR_STRONG,2023-11-29 18:00:00+00:00,2023-11-30 14:00:00+00:00,0.64289,0.6453404375,-1.1140152273412431,-0.005570076136706216,5,SL,False
AUDUSD,D,long,BULL_STRONG,2023-11-30 14:00:00+00:00,2023-12-04 18:00:00+00:00,0.6605800000000001,0.66049,0.6834202153041493,0.003417101076520747,13,BE_STOP,True
CL,D,short,BEAR_STRONG,2023-12-04 15:00:00+00:00,2023-12-12 15:00:00+00:00,73.145,68.69820535714284,1.8115242781883538,0.009057621390941769,36,TP2,True
ES,D,long,BULL_STRONG,2023-12-11 07:00:00+00:00,2023-12-12 03:00:00+00:00,4602.625,4642.261607142857,1.7776879601601279,0.008888439800800639,5,TP2,True
EURCAD,D,short,BEAR_STRONG,2023-12-11 14:00:00+00:00,2023-12-12 10:00:00+00:00,1.45851,1.4653667333333333,-1.0559602695885388,-0.005279801347942694,5,SL,False
CL,D,short,BEAR_STRONG,2023-12-12 15:00:00+00:00,2023-12-13 15:00:00+00:00,68.295,69.71724583333334,-1.014541595729247,-0.005072707978646235,6,SL,False
RTY,D,long,BULL_STRONG,2023-12-12 19:00:00+00:00,2023-12-13 23:00:00+00:00,1884.9499999999998,1928.083607142857,1.7258428256197016,0.008629214128098509,7,TP2,True
GBPCHF,D,short,BEAR_STRONG,2023-12-13 02:00:00+00:00,2023-12-14 06:00:00+00:00,1.09924,1.1024533583333331,-1.0899971577451513,-0.005449985788725757,7,SL,False
GBPUSD,D,long,BULL_STRONG,2023-12-14 02:00:00+00:00,2023-12-14 14:00:00+00:00,1.26367,1.2759443526785712,1.7793719233722887,0.008896859616861444,3,TP2,True
USDCHF,D,short,BEAR_STRONG,2023-12-14 10:00:00+00:00,2023-12-21 10:00:00+00:00,0.8695999999999999,0.8581134642857144,1.7342452838921951,0.008671226419460975,30,TP2,True
NZDUSD,D,long,BULL_STRONG,2023-12-14 14:00:00+00:00,2023-12-29 10:00:00+00:00,0.6223500000000001,0.6305799999999999,1.2264907353022978,0.006132453676511489,60,TIME,True
GBPNZD,D,short,BEAR_STRONG,2023-12-18 02:00:00+00:00,2024-01-02 18:00:00+00:00,2.0349899999999996,2.01887,1.186720963563669,0.0059336048178183455,60,TIME,True
NZDCHF,D,long,BULL_STRONG,2023-12-18 02:00:00+00:00,2023-12-21 10:00:00+00:00,0.54233,0.5375819125,-1.0864828817710461,-0.005432414408855231,20,SL,False
EURNZD,D,short,BEAR_STRONG,2023-12-18 06:00:00+00:00,2024-01-02 22:00:00+00:00,1.74823,1.75085,-0.15124476290779038,-0.0007562238145389519,60,TIME,False
ES,D,long,BULL_STRONG,2023-12-18 19:00:00+00:00,2023-12-20 19:00:00+00:00,4790.625,4790.25,0.6852773427841298,0.0034263867139206487,12,BE_STOP,True
AUDUSD,D,long,BULL_STRONG,2023-12-19 10:00:00+00:00,2023-12-27 14:00:00+00:00,0.67435,0.6845553750000001,1.6667731214572787,0.008333865607286394,31,TP2,True
EURCHF,D,short,BEAR_STRONG,2023-12-21 02:00:00+00:00,2023-12-25 22:00:00+00:00,0.94353,0.9437,0.5557391704298474,0.0027786958521492373,11,BE_STOP,True
PL,D,long,BULL_STRONG,2023-12-25 23:00:00+00:00,2023-12-27 19:00:00+00:00,980.95,1013.4541871921182,1.709216837174388,0.00854608418587194,11,TP2,True
RTY,D,long,BULL_STRONG,2023-12-25 23:00:00+00:00,2024-01-02 11:00:00+00:00,2062.15,2030.0380172413795,-1.0098545826264458,-0.005049272913132229,27,SL,False
NZDCAD,D,long,BULL_STRONG,2023-12-26 02:00:00+00:00,2023-12-26 14:00:00+00:00,0.83827,0.8342472586206896,-1.0745852814162784,-0.005372926407081392,3,SL,False
GBPCAD,D,short,BEAR_STRONG,2023-12-26 06:00:00+00:00,2023-12-27 14:00:00+00:00,1.68184,1.6866384913793102,-1.0767977232471326,-0.005383988616235663,8,SL,False
ES,D,long,BULL_STRONG,2023-12-26 11:00:00+00:00,2024-01-02 11:00:00+00:00,4815.125,4785.900862068966,-1.0263512206783207,-0.005131756103391604,24,SL,False
EURCAD,D,short,BEAR_STRONG,2023-12-26 14:00:00+00:00,2023-12-27 14:00:00+00:00,1.45775,1.462781879310345,-1.0666583802914285,-0.005333291901457142,6,SL,False
DAX,D,long,BULL_STRONG,2023-12-27 04:00:00+00:00,2024-01-02 12:00:00+00:00,16921.75,16921.0,0.7119309654201338,0.003559654827100669,20,BE_STOP,True
NZDCAD,D,long,BULL_STRONG,2023-12-27 18:00:00+00:00,2023-12-29 14:00:00+00:00,0.83777,0.8342472586206896,-1.1006006016692456,-0.005503003008346228,11,SL,False
NG,D,short,BEAR_STRONG,2023-12-27 19:00:00+00:00,2024-01-01 23:00:00+00:00,2.4495,2.5930905172413796,-1.0119357718792663,-0.005059678859396332,13,SL,False
GBPJPY,D,short,BEAR_STRONG,2023-12-28 10:00:00+00:00,2024-01-03 14:00:00+00:00,179.803,180.72975431034484,-1.0298678661821299,-0.00514933933091065,19,SL,False
GBPCAD,D,short,BEAR_STRONG,2023-12-28 14:00:00+00:00,2023-12-29 02:00:00+00:00,1.68327,1.6866384913793102,-1.1268278547267787,-0.005634139273633894,3,SL,False
GBPAUD,D,short,BEAR_STRONG,2023-12-28 18:00:00+00:00,2023-12-29 10:00:00+00:00,1.86399,1.8693017586206895,-1.0838154086553013,-0.005419077043276507,4,SL,False
NZDCHF,D,short,BEAR_STRONG,2024-01-08 14:00:00+00:00,2024-01-09 10:00:00+00:00,0.52871,0.5315724182692307,-1.0906320547548969,-0.005453160273774484,5,SL,False
CADCHF,D,short,BEAR_STRONG,2024-01-08 14:00:00+00:00,2024-01-09 10:00:00+00:00,0.63357,0.637454095,-1.0696535225943324,-0.0053482676129716624,5,SL,False
EURCHF,D,short,BEAR_STRONG,2024-01-08 22:00:00+00:00,2024-01-09 10:00:00+00:00,0.92781,0.9310914350000001,-1.096384272851592,-0.0054819213642579604,3,SL,False
USDCHF,D,short,BEAR_STRONG,2024-01-09 02:00:00+00:00,2024-01-09 10:00:00+00:00,0.84765,0.8510886800000002,-1.0623144044817743,-0.005311572022408871,2,SL,False
NKD,D,long,BULL_STRONG,2024-01-15 03:00:00+00:00,2024-01-17 07:00:00+00:00,36062.5,35481.75625,-1.018116202749703,-0.005090581013748516,12,SL,False
HG,D,short,BEAR_STRONG,2024-01-15 07:00:00+00:00,2024-01-23 03:00:00+00:00,3.75425,3.796064375,-1.0382192502657863,-0.005191096251328932,35,SL,False
AUDCHF,D,short,BEAR_STRONG,2024-01-15 10:00:00+00:00,2024-01-15 14:00:00+00:00,0.56815,0.5702152083333334,-1.131669429482248,-0.0056583471474112405,1,SL,False
AUDCHF,D,short,BEAR_STRONG,2024-01-16 02:00:00+00:00,2024-01-18 06:00:00+00:00,0.56796,0.56813,0.5644001278849027,0.0028220006394245136,13,BE_STOP,True
AUDNZD,D,short,BEAR_STRONG,2024-01-17 06:00:00+00:00,2024-01-18 06:00:00+00:00,1.07088,1.0728454375,-1.1503383994151866,-0.005751691997075933,6,SL,False
SI,D,short,BEAR_STRONG,2024-01-17 07:00:00+00:00,2024-01-18 11:00:00+00:00,22.9575,22.600143750000004,1.477063622540037,0.007385318112700185,7,TP2,True
NKD,D,long,BULL_STRONG,2024-01-18 15:00:00+00:00,2024-01-22 23:00:00+00:00,35937.5,36826.82991071429,1.7063210984138533,0.008531605492069267,14,TP2,True
SI,D,short,BEAR_STRONG,2024-01-18 23:00:00+00:00,2024-01-22 07:00:00+00:00,22.877499999999998,22.393000892857145,1.4971800309265155,0.007485900154632578,8,TP2,True
NZDCHF,D,short,BEAR_STRONG,2024-01-22 22:00:00+00:00,2024-01-23 10:00:00+00:00,0.52811,0.5296591458333333,-1.1768742609405023,-0.005884371304702512,3,SL,False
EURNZD,D,long,BULL_STRONG,2024-01-22 22:00:00+00:00,2024-01-23 18:00:00+00:00,1.78927,1.7793459833333334,-1.0431102195505793,-0.005215551097752897,5,SL,False
NKD,D,long,BULL_STRONG,2024-01-23 03:00:00+00:00,2024-01-24 23:00:00+00:00,36392.5,35970.495689655174,-1.0251177122653774,-0.005125588561326887,11,SL,False
SI,D,short,BEAR_STRONG,2024-01-24 03:00:00+00:00,2024-01-24 07:00:00+00:00,22.572499999999998,22.779962500000003,-1.1314093397310279,-0.00565704669865514,1,SL,False
NZDCHF,D,short,BEAR_STRONG,2024-01-24 22:00:00+00:00,2024-01-25 10:00:00+00:00,0.52783,0.5296591458333333,-1.147001062293608,-0.00573500531146804,3,SL,False
AUDJPY,D,long,BULL_STRONG,2024-01-25 10:00:00+00:00,2024-01-30 22:00:00+00:00,97.357,96.92220708333333,-1.109216739154056,-0.00554608369577028,21,SL,False
YM,D,long,BULL_STRONG,2024-01-29 11:00:00+00:00,2024-01-31 19:00:00+00:00,38296.5,38295.0,0.7188378666150415,0.0035941893330752074,14,BE_STOP,True
NZDJPY,D,long,BULL_STRONG,2024-01-30 18:00:00+00:00,2024-01-31 14:00:00+00:00,90.58399999999999,90.13823000000001,-1.069225365580607,-0.005346126827903035,5,SL,False
ES,D,long,BULL_STRONG,2024-01-30 19:00:00+00:00,2024-01-31 15:00:00+00:00,4933.875,4907.3825,-1.029471044318943,-0.005147355221594715,5,SL,False
AUDCAD,D,short,BEAR_STRONG,2024-01-31 14:00:00+00:00,2024-02-01 06:00:00+00:00,0.88311,0.8780001205357141,1.6514566924797027,0.008257283462398514,4,TP2,True
YM,D,long,BULL_STRONG,2024-01-31 19:00:00+00:00,2024-02-02 15:00:00+00:00,38294.5,38725.32285714285,1.7749382688467834,0.008874691344233918,11,TP2,True
EURCAD,D,short,BEAR_STRONG,2024-02-01 14:00:00+00:00,2024-02-15 14:00:00+00:00,1.45479,1.45181,0.5086102372874867,0.0025430511864374334,60,TIME,False
CADCHF,D,long,BULL_STRONG,2024-02-05 02:00:00+00:00,2024-02-07 18:00:00+00:00,0.64437,0.6493032901785712,1.517084154094777,0.007585420770473885,16,TP2,True
ES,D,long,BULL_STRONG,2024-02-05 07:00:00+00:00,2024-02-05 15:00:00+00:00,4972.375,4950.6759375,-1.0362402801998918,-0.005181201400999459,2,SL,False
AUDCAD,D,short,BEAR_STRONG,2024-02-05 14:00:00+00:00,2024-02-15 10:00:00+00:00,0.87721,0.8818101125,-0.9870904858510936,-0.004935452429255468,47,SL,False
NZDCAD,D,short,BEAR_STRONG,2024-02-06 10:00:00+00:00,2024-02-06 18:00:00+00:00,0.81905,0.8230071499999999,-1.0751665500442302,-0.005375832750221151,2,SL,False
DAX,D,long,BULL_STRONG,2024-02-06 16:00:00+00:00,2024-02-07 16:00:00+00:00,17108.75,17006.28,-1.020828745576091,-0.005104143727880455,6,SL,False
ES,D,long,BULL_STRONG,2024-02-06 19:00:00+00:00,2024-02-09 07:00:00+00:00,4972.625,5022.280736607143,1.8519625211325688,0.009259812605662844,15,TP2,True
YM,D,long,BULL_STRONG,2024-02-08 07:00:00+00:00,2024-02-13 11:00:00+00:00,38744.5,38743.0,0.7101907489720378,0.003550953744860189,19,BE_STOP,True
DAX,D,long,BULL_STRONG,2024-02-12 16:00:00+00:00,2024-02-13 08:00:00+00:00,17073.75,17008.798749999998,-1.032957302233211,-0.005164786511166055,4,SL,False
USDCHF,D,long,BULL_STRONG,2024-02-12 22:00:00+00:00,2024-02-13 10:00:00+00:00,0.87624,0.8821491535714286,1.611279869157427,0.008056399345787136,3,TP2,True
SI,D,short,BEAR_STRONG,2024-02-14 03:00:00+00:00,2024-02-14 15:00:00+00:00,22.0325,22.4676,-1.058804168686381,-0.005294020843431905,3,SL,False
AUDCHF,D,long,BULL_STRONG,2024-02-19 02:00:00+00:00,2024-02-28 02:00:00+00:00,0.57655,0.5738148958333334,-1.2341881502538186,-0.006170940751269093,42,SL,False
AUDNZD,D,short,BEAR_STRONG,2024-02-19 10:00:00+00:00,2024-02-21 22:00:00+00:00,1.06348,1.058581214285714,1.5724084619346537,0.00786204230967327,15,TP2,True
NG,D,short,BEAR_STRONG,2024-02-19 11:00:00+00:00,2024-02-20 19:00:00+00:00,1.5675000000000001,1.6338016666666666,-1.0250826882024613,-0.005125413441012306,8,SL,False
CL,D,long,BULL_STRONG,2024-02-19 15:00:00+00:00,2024-02-20 11:00:00+00:00,78.265,77.48154166666666,-1.027667342623218,-0.00513833671311609,5,SL,False
EURCHF,D,long,BULL_STRONG,2024-02-19 18:00:00+00:00,2024-02-26 14:00:00+00:00,0.95133,0.9549865178571427,1.3844934411043281,0.006922467205521641,29,TP2,True
GBPJPY,D,long,BULL_STRONG,2024-02-20 14:00:00+00:00,2024-02-22 06:00:00+00:00,189.417,190.48352232142852,1.6244993042145492,0.008122496521072746,10,TP2,True
ES,D,long,BULL_STRONG,2024-02-22 11:00:00+00:00,2024-03-01 19:00:00+00:00,5072.875,5145.781919642856,1.7362615643000199,0.0086813078215001,38,TP2,True
YM,D,long,BULL_STRONG,2024-02-22 15:00:00+00:00,2024-02-28 11:00:00+00:00,39089.5,38803.495833333334,-1.0162639445819481,-0.005081319722909741,23,SL,False
EURCHF,D,long,BULL_STRONG,2024-02-26 14:00:00+00:00,2024-02-27 18:00:00+00:00,0.95545,0.9528266208333334,-1.1441941811549057,-0.005720970905774529,7,SL,False
RTY,D,long,BULL_STRONG,2024-02-26 15:00:00+00:00,2024-02-29 11:00:00+00:00,2027.1499999999999,2064.800865147783,1.8770302504990937,0.009385151252495469,17,TP2,True
EURJPY,D,long,BULL_STRONG,2024-02-28 14:00:00+00:00,2024-02-28 22:00:00+00:00,163.357,162.7685,-1.0697637445319246,-0.005348818722659623,2,SL,False
CL,D,long,BULL_STRONG,2024-02-29 15:00:00+00:00,2024-03-01 15:00:00+00:00,78.545,80.28386160714287,2.0126454745066424,0.010063227372533212,6,TP2,True
EURCHF,D,long,BULL_STRONG,2024-02-29 18:00:00+00:00,2024-03-04 06:00:00+00:00,0.95605,0.95588,0.5808932589712787,0.0029044662948563937,9,BE_STOP,True
GBPCHF,D,long,BULL_STRONG,2024-03-04 02:00:00+00:00,2024-03-04 14:00:00+00:00,1.11843,1.1238242633928572,1.624732679275077,0.008123663396375385,3,TP2,True
EURCHF,D,long,BULL_STRONG,2024-03-04 06:00:00+00:00,2024-03-07 10:00:00+00:00,0.95765,0.95748,0.5655974634882392,0.0028279873174411963,19,BE_STOP,True
GBPCAD,D,long,BULL_STRONG,2024-03-04 10:00:00+00:00,2024-03-06 14:00:00+00:00,1.72011,1.71994,0.6197193016277884,0.0030985965081389423,13,BE_STOP,True
EURAUD,D,long,BULL_STRONG,2024-03-04 18:00:00+00:00,2024-03-06 14:00:00+00:00,1.66787,1.6612051749999999,-1.0698250992136042,-0.0053491254960680214,11,SL,False
NG,D,long,BULL_STRONG,2024-03-05 11:00:00+00:00,2024-03-07 11:00:00+00:00,1.9114999999999998,1.91,0.6977035280166072,0.003488517640083036,12,BE_STOP,True
GBPCAD,D,long,BULL_STRONG,2024-03-07 10:00:00+00:00,2024-03-08 14:00:00+00:00,1.71983,1.7298986964285719,1.625196669533468,0.008125983347667341,7,TP2,True
GBPCAD,D,long,BULL_STRONG,2024-03-11 21:00:00+00:00,2024-03-14 13:00:00+00:00,1.72784,1.7217027500000002,-1.0857845071012635,-0.005428922535506317,16,SL,False
EURGBP,D,short,BEAR_STRONG,2024-03-11 21:00:00+00:00,2024-03-12 05:00:00+00:00,0.85253,0.8549980416666667,-1.1259133827715628,-0.005629566913857814,2,SL,False
SI,D,long,BULL_STRONG,2024-03-11 22:00:00+00:00,2024-03-12 10:00:00+00:00,24.7325,24.339770833333333,-1.0661174272691485,-0.005330587136345742,3,SL,False
DAX,D,long,BULL_STRONG,2024-03-12 04:00:00+00:00,2024-03-13 04:00:00+00:00,17810.75,18022.096160714293,1.7381394372933434,0.008690697186466718,6,TP2,True
RTY,D,long,BULL_STRONG,2024-03-13 14:00:00+00:00,2024-03-14 10:00:00+00:00,2102.15,2086.0841250000003,-1.019990858184052,-0.00509995429092026,5,SL,False
EURCHF,D,long,BULL_STRONG,2024-03-13 21:00:00+00:00,2024-03-18 17:00:00+00:00,0.96199,0.9652725044642858,1.3878339424997324,0.006939169712498662,17,TP2,True
GBPCHF,D,long,BULL_STRONG,2024-03-14 09:00:00+00:00,2024-03-19 05:00:00+00:00,1.12573,1.12556,0.5488404690353986,0.002744202345176993,17,BE_STOP,True
EURAUD,D,long,BULL_STRONG,2024-03-18 01:00:00+00:00,2024-03-20 17:00:00+00:00,1.65839,1.65822,0.6313982520917428,0.003156991260458714,16,BE_STOP,True
EURCHF,D,long,BULL_STRONG,2024-03-19 17:00:00+00:00,2024-03-21 09:00:00+00:00,0.96515,0.9711655419642858,1.5220193932418966,0.007610096966209483,10,TP2,True
EURCAD,D,long,BULL_STRONG,2024-03-20 05:00:00+00:00,2024-03-20 09:00:00+00:00,1.47521,1.4740045166666669,-1.3636267121635113,-0.006818133560817556,1,SL,False
HG,D,long,BULL_STRONG,2024-03-21 06:00:00+00:00,2024-03-21 14:00:00+00:00,4.08475,4.046248958333334,-1.0423284807471767,-0.005211642403735883,2,SL,False
GBPNZD,D,long,BULL_STRONG,2024-03-25 13:00:00+00:00,2024-03-26 09:00:00+00:00,2.1057300000000003,2.100057416666666,-1.0844698156926604,-0.005422349078463303,5,SL,False
GBPNZD,D,long,BULL_STRONG,2024-03-27 17:00:00+00:00,2024-03-28 09:00:00+00:00,2.1054700000000004,2.115820303571429,1.6241655962957224,0.008120827981478613,4,TP2,True
NQ,D,long,BULL_STRONG,2024-04-01 06:00:00+00:00,2024-04-01 14:00:00+00:00,18571.375,18469.48385416667,-1.018329202559117,-0.005091646012795586,2,SL,False
GBPCAD,D,short,BEAR_STRONG,2024-04-01 09:00:00+00:00,2024-04-05 09:00:00+00:00,1.70994,1.7156791875000001,-1.0375982313398497,-0.0051879911566992485,24,SL,False
CADCHF,D,long,BULL_STRONG,2024-04-03 13:00:00+00:00,2024-04-04 17:00:00+00:00,0.66823,0.66806,0.555277704492238,0.00277638852246119,7,BE_STOP,True
SI,D,long,BULL_STRONG,2024-04-08 02:00:00+00:00,2024-04-12 10:00:00+00:00,27.7875,29.384310714285714,1.6663980833600007,0.008331990416800003,26,TP2,True
AUDNZD,D,long,BULL_STRONG,2024-04-08 05:00:00+00:00,2024-04-10 01:00:00+00:00,1.09467,1.0920949750000002,-1.1551974719597629,-0.005775987359798815,11,SL,False
GBPJPY,D,long,BULL_STRONG,2024-04-08 05:00:00+00:00,2024-04-10 13:00:00+00:00,191.74699999999999,191.73,0.6609220353392007,0.0033046101766960037,14,BE_STOP,True
AUDCHF,D,long,BULL_STRONG,2024-04-08 09:00:00+00:00,2024-04-10 17:00:00+00:00,0.59671,0.5931969624999999,-1.10575394383102,-0.0055287697191551,14,SL,False
HG,D,long,BULL_STRONG,2024-04-08 10:00:00+00:00,2024-04-18 06:00:00+00:00,4.26875,4.412662946428571,1.7314515430086221,0.008657257715043111,47,TP2,True
CL,D,long,BULL_STRONG,2024-04-08 22:00:00+00:00,2024-04-10 14:00:00+00:00,86.605,84.96117916666667,-1.0134627452886422,-0.0050673137264432115,10,SL,False
NG,D,long,BULL_STRONG,2024-04-10 02:00:00+00:00,2024-04-11 10:00:00+00:00,1.8984999999999999,1.835141666666667,-1.0267042435672884,-0.005133521217836442,8,SL,False
NZDUSD,D,short,BEAR_STRONG,2024-04-15 01:00:00+00:00,2024-04-16 01:00:00+00:00,0.59465,0.5886587812500002,1.7208823265956008,0.008604411632978004,6,TP2,True
USDJPY,D,long,BULL_STRONG,2024-04-15 01:00:00+00:00,2024-04-24 17:00:00+00:00,153.79899999999998,155.26052142857148,1.6551265480089923,0.00827563274004496,46,TP2,True
SI,D,long,BULL_STRONG,2024-04-15 18:00:00+00:00,2024-04-22 02:00:00+00:00,28.9775,27.946354166666666,-1.0246054652483743,-0.005123027326241872,26,SL,False
NZDCAD,D,short,BEAR_STRONG,2024-04-16 21:00:00+00:00,2024-04-25 05:00:00+00:00,0.81526,0.81543,0.6603604256299752,0.003301802128149876,38,BE_STOP,True
GBPNZD,D,long,BULL_STRONG,2024-04-18 05:00:00+00:00,2024-04-22 01:00:00+00:00,2.1036400000000004,2.092962633333333,-1.048966559969056,-0.005244832799845281,11,SL,False
GBPCAD,D,short,BEAR_STRONG,2024-04-18 13:00:00+00:00,2024-04-19 17:00:00+00:00,1.71329,1.7018126919642855,1.6505723087099535,0.008252861543549768,7,TP2,True
CADCHF,D,long,BULL_STRONG,2024-04-22 01:00:00+00:00,2024-05-02 05:00:00+00:00,0.66427,0.6641,0.5341669508948003,0.0026708347544740015,49,BE_STOP,True
EURJPY,D,long,BULL_STRONG,2024-04-22 05:00:00+00:00,2024-04-22 09:00:00+00:00,164.897,164.57643750000003,-1.1320505003088324,-0.005660252501544162,1,SL,False
AUDJPY,D,long,BULL_STRONG,2024-04-22 13:00:00+00:00,2024-04-24 21:00:00+00:00,99.737,100.973034375,1.686319983827401,0.008431599919137006,14,TP2,True
EURJPY,D,long,BULL_STRONG,2024-04-22 17:00:00+00:00,2024-04-23 09:00:00+00:00,164.96699999999998,164.95,0.5857828208131063,0.0029289141040655317,4,BE_STOP,True
NZDJPY,D,long,BULL_STRONG,2024-04-23 01:00:00+00:00,2024-04-25 05:00:00+00:00,91.571,92.76032919642859,1.6344261850718846,0.008172130925359424,13,TP2,True
EURCAD,D,short,BEAR_STRONG,2024-04-23 05:00:00+00:00,2024-04-24 13:00:00+00:00,1.4626,1.4658152875,-1.1066447749186257,-0.005533223874593128,8,SL,False
GBPJPY,D,long,BULL_STRONG,2024-04-24 01:00:00+00:00,2024-04-25 05:00:00+00:00,192.877,194.5035830357143,1.7429004182876633,0.008714502091438316,7,TP2,True
USDCHF,D,long,BULL_STRONG,2024-04-24 17:00:00+00:00,2024-04-25 17:00:00+00:00,0.91525,0.9117027624999999,-1.0717726219271981,-0.0053588631096359906,6,SL,False
CHFJPY,D,long,BULL_STRONG,2024-04-25 09:00:00+00:00,2024-04-26 09:00:00+00:00,170.137,171.58256071428568,1.6456452148863843,0.00822822607443192,6,TP2,True
CHFJPY,D,long,BULL_STRONG,2024-04-29 13:00:00+00:00,2024-05-01 17:00:00+00:00,171.267,169.52095416666668,-1.0294829547124957,-0.005147414773562479,13,SL,False
GBPCHF,D,long,BULL_STRONG,2024-04-29 21:00:00+00:00,2024-05-01 05:00:00+00:00,1.14405,1.150997375,1.6323288232282664,0.008161644116141332,8,TP2,True
USDJPY,D,long,BULL_STRONG,2024-04-30 01:00:00+00:00,2024-05-01 17:00:00+00:00,156.76899999999998,154.35018750000003,-1.0140872619757706,-0.005070436309878853,10,SL,False
CADJPY,D,long,BULL_STRONG,2024-04-30 01:00:00+00:00,2024-05-01 17:00:00+00:00,114.597,112.73677500000002,-1.0206396831640177,-0.005103198415820088,10,SL,False
AUDNZD,D,long,BULL_STRONG,2024-04-30 05:00:00+00:00,2024-05-14 05:00:00+00:00,1.09853,1.09598,-0.9000844094045664,-0.004500422047022832,60,TIME,False
EURCHF,D,long,BULL_STRONG,2024-04-30 17:00:00+00:00,2024-05-02 05:00:00+00:00,0.98084,0.9778587291666666,-1.1271018059744597,-0.0056355090298722986,9,SL,False
EURUSD,D,short,BEAR_STRONG,2024-04-30 21:00:00+00:00,2024-05-01 17:00:00+00:00,1.06608,1.0711457083333333,-1.0480838473584462,-0.005240419236792231,5,SL,False
EURAUD,D,short,BEAR_STRONG,2024-05-06 01:00:00+00:00,2024-05-07 05:00:00+00:00,1.62704,1.6329144458333331,-1.0609674647040683,-0.005304837323520341,7,SL,False
AUDCHF,D,long,BULL_STRONG,2024-05-06 13:00:00+00:00,2024-05-07 05:00:00+00:00,0.60061,0.5975866041666668,-1.0890466709987419,-0.00544523335499371,4,SL,False
AUDCHF,D,long,BULL_STRONG,2024-05-07 09:00:00+00:00,2024-05-08 01:00:00+00:00,0.60026,0.5975866041666668,-1.1014767207876015,-0.0055073836039380075,4,SL,False
EURAUD,D,short,BEAR_STRONG,2024-05-09 17:00:00+00:00,2024-05-12 21:00:00+00:00,1.62855,1.6329144458333331,-1.0829661447132013,-0.005414830723566006,7,SL,False
EURUSD,D,long,BULL_STRONG,2024-05-13 13:00:00+00:00,2024-05-14 09:00:00+00:00,1.0794400000000002,1.0772848124999999,-1.1167553067216052,-0.005583776533608026,5,SL,False
NZDJPY,D,long,BULL_STRONG,2024-05-13 17:00:00+00:00,2024-05-14 21:00:00+00:00,94.003,94.56587116071428,1.5703189289076918,0.007851594644538459,7,TP2,True
NZDUSD,D,long,BULL_STRONG,2024-05-14 17:00:00+00:00,2024-05-15 13:00:00+00:00,0.60423,0.6098093357142857,1.6244438818123446,0.008122219409061724,5,TP2,True
AUDCHF,D,long,BULL_STRONG,2024-05-14 21:00:00+00:00,2024-05-15 17:00:00+00:00,0.60089,0.6038570267857144,1.4081551237791685,0.0070407756188958425,5,TP2,True
EURNZD,D,short,BEAR_STRONG,2024-05-15 05:00:00+00:00,2024-05-17 13:00:00+00:00,1.78593,1.7737341455357143,1.6481403427015815,0.008240701713507907,14,TP2,True
EURAUD,D,short,BEAR_STRONG,2024-05-15 17:00:00+00:00,2024-05-16 13:00:00+00:00,1.62589,1.6311375958333334,-1.0783096199562956,-0.005391548099781478,5,SL,False
EURAUD,D,short,BEAR_STRONG,2024-05-20 01:00:00+00:00,2024-05-20 09:00:00+00:00,1.62225,1.628955333333333,-1.060764306844846,-0.00530382153422423,2,SL,False
AUDCAD,D,long,BULL_STRONG,2024-05-20 01:00:00+00:00,2024-05-20 09:00:00+00:00,0.91244,0.9085246416666666,-1.0794961585785057,-0.005397480792892528,2,SL,False
EURCAD,D,long,BULL_STRONG,2024-05-21 09:00:00+00:00,2024-05-21 21:00:00+00:00,1.48309,1.4795335208333333,-1.1115118627384641,-0.0055575593136923205,3,SL,False
USDJPY,D,long,BULL_STRONG,2024-05-21 13:00:00+00:00,2024-05-23 13:00:00+00:00,156.129,157.13891428571432,1.730052939757732,0.00865026469878866,12,TP2,True
EURCAD,D,long,BULL_STRONG,2024-05-22 17:00:00+00:00,2024-05-23 05:00:00+00:00,1.48217,1.4795335208333333,-1.1530537152317348,-0.005765268576158674,3,SL,False
EURCAD,D,long,BULL_STRONG,2024-05-23 05:00:00+00:00,2024-05-24 13:00:00+00:00,1.48251,1.48234,0.5219379471609555,0.002609689735804778,8,BE_STOP,True
AUDJPY,D,long,BULL_STRONG,2024-05-23 13:00:00+00:00,2024-05-23 17:00:00+00:00,103.987,103.54652500000002,-1.0745219434441164,-0.005372609717220582,1,SL,False
SI,D,long,BULL_STRONG,2024-05-23 22:00:00+00:00,2024-05-28 10:00:00+00:00,30.6075,32.199338392857136,1.6788941173537666,0.008394470586768833,15,TP2,True
GBPUSD,D,long,BULL_STRONG,2024-05-27 01:00:00+00:00,2024-05-29 09:00:00+00:00,1.2743400000000003,1.27425,0.645326500004679,0.0032266325000233948,14,BE_STOP,True
CADJPY,D,long,BULL_STRONG,2024-05-27 05:00:00+00:00,2024-05-30 01:00:00+00:00,114.917,114.47717500000002,-1.1019059421746518,-0.005509529710873259,17,SL,False
EURJPY,D,long,BULL_STRONG,2024-05-27 05:00:00+00:00,2024-05-30 05:00:00+00:00,170.297,169.58409583333335,-1.080243203985219,-0.005401216019926095,18,SL,False
EURNZD,D,short,BEAR_STRONG,2024-05-27 05:00:00+00:00,2024-06-03 13:00:00+00:00,1.76825,1.7578914848214289,1.7229559910628403,0.008614779955314202,32,TP2,True
GBPCHF,D,long,BULL_STRONG,2024-05-27 13:00:00+00:00,2024-05-28 05:00:00+00:00,1.16677,1.1628034958333335,-1.087803880982618,-0.005439019404913091,4,SL,False
DAX,D,long,BULL_STRONG,2024-05-27 16:00:00+00:00,2024-05-28 12:00:00+00:00,18855.75,18748.779166666667,-1.0212619307260817,-0.005106309653630409,5,SL,False
AUDJPY,D,long,BULL_STRONG,2024-05-27 21:00:00+00:00,2024-05-29 21:00:00+00:00,104.42699999999999,104.02812500000002,-1.1089879672667708,-0.005544939836333854,12,SL,False
CHFJPY,D,long,BULL_STRONG,2024-05-28 01:00:00+00:00,2024-05-29 09:00:00+00:00,171.807,172.49562410714285,1.6210281091414862,0.008105140545707431,8,TP2,True
EURUSD,D,long,BULL_STRONG,2024-05-28 01:00:00+00:00,2024-05-28 17:00:00+00:00,1.08769,1.0854486958333331,-1.1126184775514707,-0.0055630923877573535,4,SL,False
AUDNZD,D,short,BEAR_STRONG,2024-05-28 09:00:00+00:00,2024-05-29 01:00:00+00:00,1.08132,1.083626875,-1.1503994384322969,-0.005751997192161485,4,SL,False
CL,D,short,BEAR_STRONG,2024-06-03 06:00:00+00:00,2024-06-03 14:00:00+00:00,76.80499999999999,74.35937053571429,1.773962438271368,0.00886981219135684,2,TP2,True
EURNZD,D,short,BEAR_STRONG,2024-06-03 13:00:00+00:00,2024-06-07 13:00:00+00:00,1.76233,1.7697795708333335,-1.0297718375110252,-0.005148859187555126,24,SL,False
GBPAUD,D,long,BULL_STRONG,2024-06-05 13:00:00+00:00,2024-06-06 01:00:00+00:00,1.92385,1.9173637416666667,-1.0695568447036814,-0.005347784223518407,3,SL,False
GBPAUD,D,long,BULL_STRONG,2024-06-06 09:00:00+00:00,2024-06-06 17:00:00+00:00,1.92501,1.9173637416666667,-1.0587862778952482,-0.005293931389476241,2,SL,False
PA,D,short,BEAR_STRONG,2024-06-10 14:00:00+00:00,2024-06-12 10:00:00+00:00,908.875,935.4218750000001,-1.0074828149024246,-0.0050374140745121235,11,SL,False
CHFJPY,D,long,BULL_STRONG,2024-06-10 21:00:00+00:00,2024-06-14 05:00:00+00:00,175.297,176.69119910714286,1.6207008630916604,0.008103504315458303,20,TP2,True
RTY,D,short,BEAR_STRONG,2024-06-11 02:00:00+00:00,2024-06-12 10:00:00+00:00,2033.65,2033.8,0.702131873915933,0.0035106593695796652,8,BE_STOP,True
GBPAUD,D,long,BULL_STRONG,2024-06-11 09:00:00+00:00,2024-06-12 09:00:00+00:00,1.92995,1.9213221,-1.0579568214332165,-0.005289784107166082,6,SL,False
PA,D,short,BEAR_STRONG,2024-06-12 18:00:00+00:00,2024-06-19 10:00:00+00:00,910.375,910.5,0.7357924012539198,0.003678962006269599,28,BE_STOP,True
AUDCAD,D,long,BULL_STRONG,2024-06-13 01:00:00+00:00,2024-06-14 05:00:00+00:00,0.91368,0.9091899166666667,-1.0805343724079401,-0.0054026718620397,7,SL,False
NZDJPY,D,long,BULL_STRONG,2024-06-13 09:00:00+00:00,2024-06-13 13:00:00+00:00,97.067,96.55090666666666,-1.0612898990168755,-0.0053064494950843775,1,SL,False
NZDCAD,D,long,BULL_STRONG,2024-06-13 09:00:00+00:00,2024-06-13 21:00:00+00:00,0.84891,0.8467040625,-1.141874394474286,-0.00570937197237143,3,SL,False
EURUSD,D,short,BEAR_STRONG,2024-06-17 01:00:00+00:00,2024-06-17 21:00:00+00:00,1.0703299999999998,1.0740081125000003,-1.0668446711189021,-0.00533422335559451,5,SL,False
CADCHF,D,short,BEAR_STRONG,2024-06-17 05:00:00+00:00,2024-06-18 13:00:00+00:00,0.64886,0.6440472910714286,1.5179909625330952,0.007589954812665476,8,TP2,True
USDJPY,D,long,BULL_STRONG,2024-06-17 13:00:00+00:00,2024-06-21 13:00:00+00:00,157.789,159.47597232142857,1.7399960552974945,0.008699980276487473,24,TP2,True
HG,D,short,BEAR_STRONG,2024-06-17 22:00:00+00:00,2024-06-19 02:00:00+00:00,4.45225,4.519821041666666,-1.0242182565236615,-0.005121091282618308,7,SL,False
EURUSD,D,short,BEAR_STRONG,2024-06-18 05:00:00+00:00,2024-06-18 13:00:00+00:00,1.0718499999999997,1.0740081125000003,-1.1160763739884076,-0.005580381869942038,2,SL,False
EURAUD,D,short,BEAR_STRONG,2024-06-18 17:00:00+00:00,2024-06-21 09:00:00+00:00,1.61325,1.6029988178571433,1.6673059600818205,0.008336529800409102,16,TP2,True
GBPJPY,D,long,BULL_STRONG,2024-06-20 09:00:00+00:00,2024-06-24 13:00:00+00:00,201.027,202.54377499999998,1.6294255800721056,0.008147127900360528,13,TP2,True
EURGBP,D,short,BEAR_STRONG,2024-06-25 13:00:00+00:00,2024-06-26 09:00:00+00:00,0.84413,0.8451551125,-1.3370061833969564,-0.006685030916984782,5,SL,False
CHFJPY,D,long,BULL_STRONG,2024-06-26 13:00:00+00:00,2024-06-28 09:00:00+00:00,178.977,178.49093750000003,-1.100320916722181,-0.0055016045836109055,11,SL,False
CL,D,long,BULL_STRONG,2024-06-27 18:00:00+00:00,2024-07-09 06:00:00+00:00,81.825,81.81,0.7202164694143399,0.0036010823470716997,45,BE_STOP,True
CADJPY,D,long,BULL_STRONG,2024-07-01 13:00:00+00:00,2024-07-03 09:00:00+00:00,117.597,118.45721785714287,1.6143014452452684,0.008071507226226342,11,TP2,True
NKD,D,long,BULL_STRONG,2024-07-02 02:00:00+00:00,2024-07-04 22:00:00+00:00,40097.5,41031.71517857142,1.6964839018098514,0.008482419509049257,16,TP2,True
NZDJPY,D,long,BULL_STRONG,2024-07-02 09:00:00+00:00,2024-07-05 13:00:00+00:00,97.95899999999999,98.73770758928572,1.5898331898871243,0.007949165949435621,19,TP2,True
NZDCAD,D,short,BEAR_STRONG,2024-07-02 09:00:00+00:00,2024-07-03 13:00:00+00:00,0.83185,0.83202,0.4698733387408451,0.0023493666937042254,7,BE_STOP,True
NZDCAD,D,short,BEAR_STRONG,2024-07-04 21:00:00+00:00,2024-07-05 09:00:00+00:00,0.83231,0.8336226999999999,-1.250742452087178,-0.00625371226043589,3,SL,False
GBPJPY,D,long,BULL_STRONG,2024-07-08 09:00:00+00:00,2024-07-11 05:00:00+00:00,206.327,208.01914375000007,1.6854349568591913,0.008427174784295957,17,TP2,True
SI,D,long,BULL_STRONG,2024-07-08 22:00:00+00:00,2024-07-12 02:00:00+00:00,31.2025,31.18,0.6478033114095694,0.003239016557047847,19,BE_STOP,True
AUDNZD,D,long,BULL_STRONG,2024-07-09 01:00:00+00:00,2024-07-10 05:00:00+00:00,1.10075,1.1048152392857138,1.3969941652152513,0.006984970826076257,7,TP2,True
GBPNZD,D,long,BULL_STRONG,2024-07-09 01:00:00+00:00,2024-07-10 05:00:00+00:00,2.09107,2.102105485714286,1.6415502407586322,0.00820775120379316,7,TP2,True
AUDJPY,D,long,BULL_STRONG,2024-07-09 17:00:00+00:00,2024-07-11 09:00:00+00:00,108.75699999999999,108.74,0.5905816479996612,0.002952908239998306,10,BE_STOP,True
NZDJPY,D,long,BULL_STRONG,2024-07-09 21:00:00+00:00,2024-07-10 01:00:00+00:00,98.92099999999999,98.51640833333335,-1.0795913396830785,-0.005397956698415393,1,SL,False
GBPUSD,D,long,BULL_STRONG,2024-07-09 21:00:00+00:00,2024-07-10 17:00:00+00:00,1.27869,1.2847449973214284,1.6729243489245973,0.008364621744622987,5,TP2,True
EURJPY,D,long,BULL_STRONG,2024-07-10 01:00:00+00:00,2024-07-11 09:00:00+00:00,174.677,174.03492083333333,-1.0743182343569748,-0.005371591171784874,8,SL,False
AUDCHF,D,long,BULL_STRONG,2024-07-10 21:00:00+00:00,2024-07-11 13:00:00+00:00,0.60712,0.6048674333333331,-1.1224435232165353,-0.005612217616082676,4,SL,False
CADJPY,D,long,BULL_STRONG,2024-07-11 01:00:00+00:00,2024-07-11 09:00:00+00:00,118.72699999999999,118.35147916666666,-1.0937791527688894,-0.0054688957638444466,2,SL,False
EURCHF,D,long,BULL_STRONG,2024-07-11 21:00:00+00:00,2024-07-16 17:00:00+00:00,0.97412,0.97395,0.4847417271047008,0.002423708635523504,17,BE_STOP,True
NZDCAD,D,short,BEAR_STRONG,2024-07-11 21:00:00+00:00,2024-07-12 09:00:00+00:00,0.82883,0.8333116833333334,-1.0663397976814926,-0.005331698988407463,3,SL,False
SI,D,long,BULL_STRONG,2024-07-16 22:00:00+00:00,2024-07-17 02:00:00+00:00,31.552500000000002,31.163839583333335,-1.068342176982996,-0.00534171088491498,1,SL,False
HG,D,short,BEAR_STRONG,2024-07-22 06:00:00+00:00,2024-07-24 14:00:00+00:00,4.225750000000001,4.125034598214287,1.819995462126153,0.009099977310630765,14,TP2,True
GBPCAD,D,long,BULL_STRONG,2024-07-23 21:00:00+00:00,2024-07-31 13:00:00+00:00,1.77772,1.7722069458333336,-1.1251869771736436,-0.005625934885868218,34,SL,False
EURCAD,D,long,BULL_STRONG,2024-07-25 01:00:00+00:00,2024-07-31 13:00:00+00:00,1.49807,1.493650625,-1.1364270745697869,-0.0056821353728489345,27,SL,False
NZDUSD,D,short,BEAR_STRONG,2024-07-29 09:00:00+00:00,2024-07-30 01:00:00+00:00,0.58673,0.589313725,-1.0690301456656346,-0.005345150728328173,4,SL,False
YM,D,long,BULL_STRONG,2024-07-29 10:00:00+00:00,2024-07-31 18:00:00+00:00,40798.5,41339.50437500001,1.9874576691276447,0.009937288345638224,14,TP2,True
GBPNZD,D,long,BULL_STRONG,2024-07-29 13:00:00+00:00,2024-07-30 01:00:00+00:00,2.1883700000000004,2.1811678749999994,-1.0677422258563631,-0.005338711129281816,3,SL,False
USDCAD,D,long,BULL_STRONG,2024-07-30 01:00:00+00:00,2024-07-31 09:00:00+00:00,1.3845100000000001,1.3808424041666665,-1.0877213119145788,-0.005438606559572894,8,SL,False
PA,D,short,BEAR_STRONG,2024-07-30 14:00:00+00:00,2024-07-31 06:00:00+00:00,879.875,897.5685416666668,-1.0111215833224632,-0.005055607916612316,4,SL,False
GBPAUD,D,long,BULL_STRONG,2024-08-05 01:00:00+00:00,2024-08-05 13:00:00+00:00,1.97233,1.97216,0.6803363575064489,0.003401681787532245,3,BE_STOP,True
USDCAD,D,long,BULL_STRONG,2024-08-05 05:00:00+00:00,2024-08-05 09:00:00+00:00,1.3880700000000001,1.3841782374999998,-1.0747889432862077,-0.005373944716431038,1,SL,False
HG,D,short,BEAR_STRONG,2024-08-05 10:00:00+00:00,2024-08-15 06:00:00+00:00,4.00675,4.097528333333332,-1.017542379507416,-0.00508771189753708,47,SL,False
AUDUSD,D,short,BEAR_STRONG,2024-08-06 09:00:00+00:00,2024-08-07 01:00:00+00:00,0.64757,0.6549434875000001,-1.0248040241711174,-0.005124020120855587,4,SL,False
CHFJPY,D,short,BEAR_STRONG,2024-08-06 09:00:00+00:00,2024-08-07 01:00:00+00:00,169.50300000000001,170.766675,-1.0326712415023935,-0.005163356207511968,4,SL,False
AUDCAD,D,short,BEAR_STRONG,2024-08-06 09:00:00+00:00,2024-08-07 01:00:00+00:00,0.89623,0.9028773875,-1.0456159524190891,-0.005228079762095446,4,SL,False
EURAUD,D,long,BULL_STRONG,2024-08-06 21:00:00+00:00,2024-08-18 21:00:00+00:00,1.67147,1.6515653625000002,-1.0407408446190114,-0.005203704223095057,48,SL,False
AUDCAD,D,short,BEAR_STRONG,2024-08-07 17:00:00+00:00,2024-08-08 13:00:00+00:00,0.89666,0.9028773875,-1.0488694332883421,-0.005244347166441711,5,SL,False
NZDCHF,D,short,BEAR_STRONG,2024-08-07 21:00:00+00:00,2024-08-08 21:00:00+00:00,0.51452,0.5215801583333333,-1.027870593201173,-0.0051393529660058645,6,SL,False
CHFJPY,D,short,BEAR_STRONG,2024-08-19 05:00:00+00:00,2024-08-19 17:00:00+00:00,168.943,169.9935625,-1.039331941706473,-0.005196659708532365,3,SL,False
USDJPY,D,short,BEAR_STRONG,2024-08-19 05:00:00+00:00,2024-08-30 13:00:00+00:00,146.07100000000003,146.08,0.732376678150352,0.0036618833907517603,56,BE_STOP,True
USDCHF,D,short,BEAR_STRONG,2024-08-19 17:00:00+00:00,2024-08-20 13:00:00+00:00,0.86281,0.8566176374999999,1.820798989198447,0.009103994945992235,5,TP2,True
CADJPY,D,short,BEAR_STRONG,2024-08-20 17:00:00+00:00,2024-08-21 09:00:00+00:00,106.643,107.47490416666668,-1.0391825460048927,-0.005195912730024463,4,SL,False
CADCHF,D,short,BEAR_STRONG,2024-08-21 05:00:00+00:00,2024-09-02 13:00:00+00:00,0.62813,0.6318098041666668,-0.9595242944466299,-0.0047976214722331495,50,SL,False
CADJPY,D,short,BEAR_STRONG,2024-08-21 17:00:00+00:00,2024-08-22 09:00:00+00:00,106.863,107.47490416666668,-1.0537243169417962,-0.005268621584708981,4,SL,False
EURCAD,D,long,BULL_STRONG,2024-08-22 13:00:00+00:00,2024-08-26 09:00:00+00:00,1.51136,1.5061653125000003,-1.0858939784812538,-0.005429469892406269,11,SL,False
AUDJPY,D,short,BEAR_STRONG,2024-08-26 05:00:00+00:00,2024-08-27 01:00:00+00:00,97.44500000000001,98.26806874999998,-1.0380144993835783,-0.005190072496917892,5,SL,False
ES,D,long,BULL_STRONG,2024-08-26 10:00:00+00:00,2024-08-26 14:00:00+00:00,5660.375,5621.483229166666,-1.0214927155649187,-0.005107463577824593,1,SL,False
EURJPY,D,short,BEAR_STRONG,2024-08-26 13:00:00+00:00,2024-09-02 05:00:00+00:00,161.363,162.47860416666663,-1.0178324646805574,-0.0050891623234027876,28,SL,False
YM,D,long,BULL_STRONG,2024-08-26 14:00:00+00:00,2024-08-28 14:00:00+00:00,41263.5,40974.332083333335,-1.0166896609661313,-0.005083448304830657,12,SL,False
PL,D,short,BEAR_STRONG,2024-08-28 06:00:00+00:00,2024-08-29 06:00:00+00:00,948.55,948.8,0.6691961605400554,0.003345980802700277,6,BE_STOP,True
GBPCHF,D,short,BEAR_STRONG,2024-08-28 17:00:00+00:00,2024-08-29 13:00:00+00:00,1.11079,1.1161422125,-1.0628130552346124,-0.0053140652761730625,5,SL,False
YM,D,long,BULL_STRONG,2024-08-28 22:00:00+00:00,2024-08-30 14:00:00+00:00,41237.5,41236.0,0.7244943893580195,0.003622471946790097,10,BE_STOP,True
PL,D,short,BEAR_STRONG,2024-08-29 10:00:00+00:00,2024-08-30 14:00:00+00:00,949.35,931.6529464285716,1.9238858685355642,0.00961942934267782,7,TP2,True
NZDJPY,D,short,BEAR_STRONG,2024-09-16 01:00:00+00:00,2024-09-16 21:00:00+00:00,86.57300000000001,87.34711125,-1.0384622735430178,-0.005192311367715089,5,SL,False
EURGBP,D,short,BEAR_STRONG,2024-09-16 13:00:00+00:00,2024-09-17 13:00:00+00:00,0.84248,0.8447031625,-1.1158930186967693,-0.005579465093483846,6,SL,False
EURNZD,D,short,BEAR_STRONG,2024-09-18 09:00:00+00:00,2024-09-23 17:00:00+00:00,1.78769,1.7732972526785715,1.6628640780276405,0.008314320390138203,20,TP2,True
EURGBP,D,short,BEAR_STRONG,2024-09-18 13:00:00+00:00,2024-09-23 05:00:00+00:00,0.84193,0.8373395419642856,1.5009553544418142,0.007504776772209071,16,TP2,True
PA,D,long,BULL_STRONG,2024-09-19 10:00:00+00:00,2024-09-23 06:00:00+00:00,1085.625,1050.9685416666669,-1.0061349856109465,-0.005030674928054733,11,SL,False
NZDCAD,D,long,BULL_STRONG,2024-09-23 21:00:00+00:00,2024-09-24 13:00:00+00:00,0.84761,0.8523073410714284,1.6416750923229697,0.00820837546161485,4,TP2,True
EURAUD,D,short,BEAR_STRONG,2024-09-24 05:00:00+00:00,2024-09-30 01:00:00+00:00,1.62949,1.6109424508928571,1.685635389308107,0.008428176946540536,23,TP2,True
AUDCAD,D,long,BULL_STRONG,2024-09-24 13:00:00+00:00,2024-09-25 13:00:00+00:00,0.92615,0.9231461375000001,-1.1233867204213366,-0.005616933602106683,6,SL,False
USDJPY,D,short,BEAR_STRONG,2024-09-30 01:00:00+00:00,2024-09-30 17:00:00+00:00,142.121,143.5449875,-1.0204220461311397,-0.0051021102306556985,4,SL,False
EURAUD,D,short,BEAR_STRONG,2024-09-30 05:00:00+00:00,2024-10-01 09:00:00+00:00,1.61771,1.6054571205357142,1.891248523958036,0.009456242619790181,7,TP2,True
AUDCHF,D,long,BULL_STRONG,2024-09-30 05:00:00+00:00,2024-10-01 13:00:00+00:00,0.58431,0.580408125,-1.0808717869703588,-0.005404358934851794,8,SL,False
CADJPY,D,short,BEAR_STRONG,2024-09-30 05:00:00+00:00,2024-10-01 01:00:00+00:00,105.443,106.64557500000001,-1.0267903928473487,-0.005133951964236744,5,SL,False
EURNZD,D,short,BEAR_STRONG,2024-09-30 05:00:00+00:00,2024-10-01 05:00:00+00:00,1.76223,1.7624,0.6454005708914592,0.0032270028544572962,6,BE_STOP,True
NZDCHF,D,long,BULL_STRONG,2024-09-30 05:00:00+00:00,2024-10-01 05:00:00+00:00,0.53643,0.5342193791666666,-1.144612950715572,-0.00572306475357786,6,SL,False
USDCHF,D,short,BEAR_STRONG,2024-09-30 05:00:00+00:00,2024-09-30 17:00:00+00:00,0.84331,0.8474725916666667,-1.0510886965916553,-0.005255443482958276,3,SL,False
NZDJPY,D,long,BULL_STRONG,2024-09-30 17:00:00+00:00,2024-10-01 13:00:00+00:00,91.203,90.570525,-1.0483665786587526,-0.005241832893293763,5,SL,False
EURGBP,D,short,BEAR_STRONG,2024-10-01 01:00:00+00:00,2024-10-01 05:00:00+00:00,0.83243,0.8337788500000001,-1.243067565848062,-0.0062153378292403106,1,SL,False
EURNZD,D,short,BEAR_STRONG,2024-10-02 01:00:00+00:00,2024-10-02 21:00:00+00:00,1.75627,1.7684154458333332,-1.0347275421548334,-0.005173637710774167,5,SL,False
EURGBP,D,short,BEAR_STRONG,2024-10-02 17:00:00+00:00,2024-10-03 05:00:00+00:00,0.83231,0.8337788500000001,-1.220597759556521,-0.006102988797782605,3,SL,False
EURJPY,D,long,BULL_STRONG,2024-10-03 21:00:00+00:00,2024-10-17 21:00:00+00:00,161.837,162.473,0.9726467048509865,0.004863233524254933,60,TIME,True
CADCHF,D,long,BULL_STRONG,2024-10-07 05:00:00+00:00,2024-10-07 09:00:00+00:00,0.63149,0.6285102499999999,-1.0919685381261672,-0.005459842690630836,1,SL,False
NKD,D,long,BULL_STRONG,2024-10-07 14:00:00+00:00,2024-10-14 22:00:00+00:00,39227.5,40305.28035714285,1.7306764152018241,0.00865338207600912,32,TP2,True
GBPJPY,D,long,BULL_STRONG,2024-10-07 21:00:00+00:00,2024-10-21 21:00:00+00:00,193.667,195.513,1.3542395808102827,0.006771197904051414,60,TIME,True
EURUSD,D,short,BEAR_STRONG,2024-10-14 13:00:00+00:00,2024-10-17 13:00:00+00:00,1.0900699999999999,1.0815076767857148,1.6833965279937702,0.00841698263996885,18,TP2,True
CHFJPY,D,long,BULL_STRONG,2024-10-14 17:00:00+00:00,2024-10-15 01:00:00+00:00,173.637,173.3376,-1.1462789660056536,-0.005731394830028268,2,SL,False
ES,D,long,BULL_STRONG,2024-10-16 10:00:00+00:00,2024-10-17 06:00:00+00:00,5855.625,5906.2574107142855,1.7727344652387929,0.008863672326193964,5,TP2,True
AUDJPY,D,long,BULL_STRONG,2024-10-17 17:00:00+00:00,2024-10-24 13:00:00+00:00,100.607,100.59,0.6449059744168693,0.0032245298720843464,29,BE_STOP,True
USDCAD,D,long,BULL_STRONG,2024-10-21 01:00:00+00:00,2024-10-24 13:00:00+00:00,1.3810900000000002,1.3863657241071423,1.5847887188215972,0.007923943594107986,21,TP2,True
USDJPY,D,long,BULL_STRONG,2024-10-21 09:00:00+00:00,2024-10-22 21:00:00+00:00,149.92899999999997,151.1961017857143,1.778896313503529,0.008894481567517645,9,TP2,True
EURJPY,D,long,BULL_STRONG,2024-10-21 17:00:00+00:00,2024-10-23 05:00:00+00:00,163.127,164.53187767857148,1.6838393053030463,0.008419196526515231,9,TP2,True
GBPJPY,D,long,BULL_STRONG,2024-10-22 05:00:00+00:00,2024-10-23 09:00:00+00:00,196.137,198.32557142857138,1.6800779822340466,0.008400389911170232,7,TP2,True
NZDUSD,D,short,BEAR_STRONG,2024-10-22 17:00:00+00:00,2024-10-25 17:00:00+00:00,0.6043,0.5980376982142858,1.644267682374063,0.008221338411870316,18,TP2,True
EURAUD,D,short,BEAR_STRONG,2024-10-22 21:00:00+00:00,2024-10-23 13:00:00+00:00,1.6181699999999999,1.6255945500000002,-1.0546613918161687,-0.0052733069590808436,4,SL,False
GBPNZD,D,long,BULL_STRONG,2024-10-23 01:00:00+00:00,2024-10-25 13:00:00+00:00,2.1514,2.1647513187499996,1.7812704021284822,0.008906352010642412,15,TP2,True
CL,D,long,BULL_STRONG,2024-10-23 02:00:00+00:00,2024-10-23 10:00:00+00:00,71.635,70.26322916666668,-1.015279514779271,-0.005076397573896356,2,SL,False
EURCAD,D,short,BEAR_STRONG,2024-10-23 09:00:00+00:00,2024-10-24 13:00:00+00:00,1.49155,1.49505565,-1.098576589270454,-0.00549288294635227,7,SL,False
CL,D,long,BULL_STRONG,2024-10-24 02:00:00+00:00,2024-10-24 14:00:00+00:00,71.595,70.26322916666668,-1.0157412356617361,-0.005078706178308681,3,SL,False
AUDJPY,D,long,BULL_STRONG,2024-10-24 21:00:00+00:00,2024-10-25 01:00:00+00:00,100.86699999999999,100.5029325,-1.089669531143067,-0.005448347655715335,1,SL,False
NKD,D,long,BULL_STRONG,2024-10-28 02:00:00+00:00,2024-10-31 06:00:00+00:00,38762.5,38755.0,0.7207612132818166,0.0036038060664090833,19,BE_STOP,True
USDCHF,D,long,BULL_STRONG,2024-10-28 05:00:00+00:00,2024-10-28 09:00:00+00:00,0.86729,0.865272475,-1.1096850105705722,-0.005548425052852861,1,SL,False
NZDUSD,D,short,BEAR_STRONG,2024-10-28 17:00:00+00:00,2024-10-31 17:00:00+00:00,0.59793,0.59802,0.6622089116355436,0.0033110445581777184,18,BE_STOP,True
DAX,D,long,BULL_STRONG,2024-10-29 08:00:00+00:00,2024-10-30 04:00:00+00:00,19667.75,19516.823333333334,-1.015471244978137,-0.005077356224890685,5,SL,False
EURGBP,D,short,BEAR_STRONG,2024-10-29 13:00:00+00:00,2024-10-30 09:00:00+00:00,0.83059,0.833206125,-1.1170351474270561,-0.00558517573713528,5,SL,False
USDCHF,D,long,BULL_STRONG,2024-10-29 13:00:00+00:00,2024-10-31 01:00:00+00:00,0.86928,0.865272475,-1.061696913229663,-0.005308484566148315,9,SL,False
SI,D,long,BULL_STRONG,2024-10-29 22:00:00+00:00,2024-10-30 10:00:00+00:00,34.6375,33.94386041666667,-1.0376538660921892,-0.0051882693304609465,3,SL,False
GBPJPY,D,long,BULL_STRONG,2024-10-31 01:00:00+00:00,2024-10-31 13:00:00+00:00,198.047,196.9598125,-1.0417932184780665,-0.005208966092390333,3,SL,False
EURJPY,D,long,BULL_STRONG,2024-10-31 13:00:00+00:00,2024-11-08 06:00:00+00:00,165.547,164.3095875,-1.0534053690862684,-0.005267026845431342,34,SL,False
GBPNZD,D,long,BULL_STRONG,2024-10-31 13:00:00+00:00,2024-11-07 02:00:00+00:00,2.15938,2.15921,0.6769423629154339,0.0033847118145771695,27,BE_STOP,True
USDJPY,D,long,BULL_STRONG,2024-11-06 06:00:00+00:00,2024-11-07 14:00:00+00:00,154.009,152.9227958333333,-1.0311558950833233,-0.005155779475416617,8,SL,False
USDCAD,D,long,BULL_STRONG,2024-11-06 14:00:00+00:00,2024-11-07 02:00:00+00:00,1.3942100000000002,1.390382625,-1.0763074082745625,-0.005381537041372813,3,SL,False
CADJPY,D,long,BULL_STRONG,2024-11-06 22:00:00+00:00,2024-11-08 02:00:00+00:00,110.937,110.19305000000001,-1.0516282825503769,-0.005258141412751885,7,SL,False
NZDJPY,D,long,BULL_STRONG,2024-11-07 02:00:00+00:00,2024-11-08 06:00:00+00:00,92.20899999999999,91.38758125000003,-1.0433968750728364,-0.0052169843753641825,7,SL,False
PL,D,short,BEAR_STRONG,2024-11-11 11:00:00+00:00,2024-11-12 15:00:00+00:00,981.15,950.8453303571428,1.7670336279218135,0.008835168139609068,7,TP2,True
GBPCHF,D,long,BULL_STRONG,2024-11-11 22:00:00+00:00,2024-11-12 06:00:00+00:00,1.13397,1.1296252249999996,-1.0787481481037853,-0.005393740740518927,2,SL,False
NZDCAD,D,short,BEAR_STRONG,2024-11-13 06:00:00+00:00,2024-11-14 02:00:00+00:00,0.82731,0.8212430232142859,1.5711516792666131,0.007855758396333066,5,TP2,True
YM,D,long,BULL_STRONG,2024-11-13 15:00:00+00:00,2024-11-14 19:00:00+00:00,44180.5,43845.37375,-1.0150900596101176,-0.005075450298050588,7,SL,False
CADCHF,D,long,BULL_STRONG,2024-11-21 18:00:00+00:00,2024-11-22 14:00:00+00:00,0.6347700000000001,0.6391151250000001,1.5015282213106114,0.007507641106553057,5,TP2,True
PL,D,short,BEAR_STRONG,2024-11-25 07:00:00+00:00,2024-11-26 07:00:00+00:00,959.15,934.3733214285716,1.8051479349281796,0.009025739674640898,6,TP2,True
AUDUSD,D,short,BEAR_STRONG,2024-11-26 14:00:00+00:00,2024-11-28 22:00:00+00:00,0.64543,0.6514648375000001,-1.0202461715732403,-0.005101230857866202,14,SL,False
AUDCHF,D,short,BEAR_STRONG,2024-11-27 06:00:00+00:00,2024-12-02 06:00:00+00:00,0.57257,0.5756712750000001,-1.0341693631610815,-0.005170846815805408,18,SL,False
NZDJPY,D,short,BEAR_STRONG,2024-12-02 06:00:00+00:00,2024-12-03 14:00:00+00:00,88.75500000000001,87.6451235714286,1.6494405611844338,0.00824720280592217,8,TP2,True
YM,D,long,BULL_STRONG,2024-12-05 07:00:00+00:00,2024-12-05 19:00:00+00:00,45069.5,44855.48883928571,-1.024024902893755,-0.005120124514468775,3,SL,False
EURGBP,D,short,BEAR_STRONG,2024-12-09 10:00:00+00:00,2024-12-11 06:00:00+00:00,0.82748,0.8239408982142857,1.4465111100497152,0.007232555550248577,11,TP2,True
NZDCAD,D,short,BEAR_STRONG,2024-12-11 22:00:00+00:00,2024-12-18 22:00:00+00:00,0.82124,0.8123427973214287,1.6853159415192844,0.008426579707596422,30,TP2,True
AUDUSD,D,short,BEAR_STRONG,2024-12-17 06:00:00+00:00,2024-12-18 22:00:00+00:00,0.63411,0.6278166258928571,1.6712752956287669,0.008356376478143834,10,TP2,True
GBPCAD,D,long,BULL_STRONG,2024-12-17 10:00:00+00:00,2024-12-19 14:00:00+00:00,1.81335,1.8055944374999997,-1.069061325379625,-0.005345306626898126,13,SL,False
NZDUSD,D,short,BEAR_STRONG,2024-12-17 22:00:00+00:00,2024-12-18 18:00:00+00:00,0.5747899999999999,0.5711036125,1.6955884954665348,0.008477942477332674,5,TP2,True
EURAUD,D,long,BULL_STRONG,2024-12-26 10:00:00+00:00,2025-01-02 06:00:00+00:00,1.67123,1.6645161875,-1.0846558791224552,-0.005423279395612276,23,SL,False
DAX,D,long,BULL_STRONG,2024-12-30 00:00:00+00:00,2024-12-30 04:00:00+00:00,20117.75,20057.534375,-1.0396770403068996,-0.005198385201534498,1,SL,False
USDCHF,D,long,BULL_STRONG,2024-12-30 06:00:00+00:00,2024-12-30 14:00:00+00:00,0.90198,0.9070520022321429,1.582131254326254,0.00791065627163127,2,TP2,True
SI,D,short,BEAR_STRONG,2024-12-30 07:00:00+00:00,2025-01-02 11:00:00+00:00,29.9025,29.925,0.6075108300164285,0.0030375541500821425,13,BE_STOP,True
PA,D,short,BEAR_STRONG,2024-12-30 11:00:00+00:00,2024-12-31 11:00:00+00:00,909.875,910.0,0.7090241791420303,0.0035451208957101516,6,BE_STOP,True
NZDCAD,D,short,BEAR_STRONG,2024-12-30 18:00:00+00:00,2025-01-02 06:00:00+00:00,0.80941,0.80958,0.5569137233585142,0.002784568616792571,9,BE_STOP,True
AUDCAD,D,short,BEAR_STRONG,2024-12-30 18:00:00+00:00,2025-01-02 10:00:00+00:00,0.89294,0.8966572291666668,-1.0690712633687067,-0.005345356316843534,10,SL,False
GBPAUD,D,long,BULL_STRONG,2024-12-30 22:00:00+00:00,2025-01-02 06:00:00+00:00,2.01635,2.0091327031249997,-1.0712739946832754,-0.005356369973416378,8,SL,False
AUDJPY,D,short,BEAR_STRONG,2024-12-30 22:00:00+00:00,2025-01-05 22:00:00+00:00,97.429,98.10100260416667,-1.0238778592642301,-0.005119389296321151,18,SL,False
NZDJPY,D,short,BEAR_STRONG,2024-12-30 22:00:00+00:00,2025-01-05 22:00:00+00:00,88.24600000000001,88.74831145833332,-1.0295777891774753,-0.005147888945887377,18,SL,False
GBPNZD,D,long,BULL_STRONG,2024-12-31 06:00:00+00:00,2025-01-02 06:00:00+00:00,2.2303900000000003,2.2215317708333333,-1.061261574688001,-0.005306307873440005,6,SL,False
PA,D,short,BEAR_STRONG,2024-12-31 11:00:00+00:00,2025-01-02 03:00:00+00:00,911.375,918.6402173913043,-1.0277176434769373,-0.005138588217384686,4,SL,False
EURUSD,D,short,BEAR_STRONG,2025-01-01 22:00:00+00:00,2025-01-02 18:00:00+00:00,1.0356999999999998,1.0268050122767858,1.6829589865601877,0.008414794932800939,5,TP2,True
AUDCAD,D,short,BEAR_STRONG,2025-01-02 18:00:00+00:00,2025-01-03 10:00:00+00:00,0.89323,0.8966572291666668,-1.0905838014160778,-0.005452919007080389,4,SL,False
CADCHF,D,long,BULL_STRONG,2025-01-06 02:00:00+00:00,2025-01-16 22:00:00+00:00,0.6323300000000001,0.63216,0.5278962578879548,0.002639481289439774,53,BE_STOP,True
CADJPY,D,long,BULL_STRONG,2025-01-06 06:00:00+00:00,2025-01-06 10:00:00+00:00,109.75699999999999,109.24213541666667,-1.06500960518882,-0.0053250480259441,1,SL,False
CADJPY,D,long,BULL_STRONG,2025-01-06 18:00:00+00:00,2025-01-10 14:00:00+00:00,110.00699999999999,109.24213541666667,-1.063381768646837,-0.005316908843234185,23,SL,False
USDJPY,D,long,BULL_STRONG,2025-01-07 14:00:00+00:00,2025-01-10 14:00:00+00:00,157.70899999999997,157.7,0.673002348958247,0.003365011744791235,18,BE_STOP,True
CHFJPY,D,long,BULL_STRONG,2025-01-07 22:00:00+00:00,2025-01-09 10:00:00+00:00,173.787,173.0639375,-1.0656176754890618,-0.005328088377445309,9,SL,False
AUDCAD,D,short,BEAR_STRONG,2025-01-09 02:00:00+00:00,2025-01-10 18:00:00+00:00,0.89092,0.8854440457589287,1.6832628132910894,0.008416314066455446,10,TP2,True
AUDCAD,D,short,BEAR_STRONG,2025-01-13 14:00:00+00:00,2025-01-15 10:00:00+00:00,0.88741,0.8923005625,-1.0517390459293792,-0.005258695229646896,11,SL,False
NG,D,long,BULL_STRONG,2025-01-14 03:00:00+00:00,2025-01-16 19:00:00+00:00,3.8155,4.325569196428571,1.7892038468191573,0.008946019234095787,16,TP2,True
ES,D,short,BEAR_STRONG,2025-01-14 11:00:00+00:00,2025-01-15 11:00:00+00:00,5881.875,5948.962611607143,-1.0126745150524052,-0.005063372575262026,6,SL,False
EURCAD,D,short,BEAR_STRONG,2025-01-15 02:00:00+00:00,2025-01-16 22:00:00+00:00,1.47817,1.4838439291666665,-1.0594018909218663,-0.005297009454609332,11,SL,False
GBPNZD,D,short,BEAR_STRONG,2025-01-20 10:00:00+00:00,2025-01-21 22:00:00+00:00,2.1729499999999997,2.1807412666666672,-1.0556617447668617,-0.005278308723834308,9,SL,False
GBPAUD,D,short,BEAR_STRONG,2025-01-20 14:00:00+00:00,2025-01-20 22:00:00+00:00,1.96342,1.9713617291666667,-1.057243219682449,-0.005286216098412245,2,SL,False
EURCHF,D,long,BULL_STRONG,2025-01-20 22:00:00+00:00,2025-01-24 06:00:00+00:00,0.94212,0.9476677803571426,1.5198828695971347,0.007599414347985674,20,TP2,True
GBPAUD,D,short,BEAR_STRONG,2025-01-22 18:00:00+00:00,2025-01-24 14:00:00+00:00,1.96305,1.9713617291666667,-1.048494243902938,-0.0052424712195146906,11,SL,False
GBPNZD,D,short,BEAR_STRONG,2025-01-22 22:00:00+00:00,2025-01-24 14:00:00+00:00,2.1727,2.1807412666666672,-1.0538894205930684,-0.005269447102965342,10,SL,False
EURCHF,D,long,BULL_STRONG,2025-01-30 14:00:00+00:00,2025-01-31 14:00:00+00:00,0.94683,0.9441762541666666,-1.1419453614248658,-0.005709726807124329,6,SL,False
GBPAUD,D,long,BULL_STRONG,2025-02-03 02:00:00+00:00,2025-02-04 14:00:00+00:00,2.00606,1.995198125,-1.04684383234933,-0.005234219161746651,9,SL,False
CADJPY,D,short,BEAR_STRONG,2025-02-03 14:00:00+00:00,2025-02-03 18:00:00+00:00,106.063,107.2247625,-1.027821334119519,-0.005139106670597595,1,SL,False
NZDJPY,D,short,BEAR_STRONG,2025-02-04 02:00:00+00:00,2025-02-18 02:00:00+00:00,86.769,86.792,0.012170183650688022,6.085091825344011e-05,60,TIME,False
AUDJPY,D,short,BEAR_STRONG,2025-02-05 02:00:00+00:00,2025-02-12 14:00:00+00:00,95.917,97.05501791666667,-1.0048423668518496,-0.005024211834259248,33,SL,False
CADJPY,D,short,BEAR_STRONG,2025-02-05 18:00:00+00:00,2025-02-11 14:00:00+00:00,106.563,106.58,0.6830469436420583,0.0034152347182102917,23,BE_STOP,True
PL,D,long,BULL_STRONG,2025-02-10 15:00:00+00:00,2025-02-11 11:00:00+00:00,1036.95,1020.215625,-1.0201982786729857,-0.005100991393364929,5,SL,False
PL,D,long,BULL_STRONG,2025-02-11 19:00:00+00:00,2025-02-14 11:00:00+00:00,1037.55,1037.3,0.7122167038595205,0.003561083519297603,16,BE_STOP,True
CL,D,short,BEAR_STRONG,2025-02-13 07:00:00+00:00,2025-02-13 15:00:00+00:00,70.245,71.18430833333335,-1.0223081403211414,-0.005111540701605707,2,SL,False
AUDCHF,D,long,BULL_STRONG,2025-02-13 14:00:00+00:00,2025-02-19 06:00:00+00:00,0.56889,0.5751464089285716,1.590212620109736,0.00795106310054868,22,TP2,True
NZDCHF,D,long,BULL_STRONG,2025-02-17 06:00:00+00:00,2025-02-18 06:00:00+00:00,0.51649,0.514087,-1.1309039856695022,-0.005654519928347511,6,SL,False
EURGBP,D,short,BEAR_STRONG,2025-02-17 10:00:00+00:00,2025-02-18 18:00:00+00:00,0.83158,0.8283679580357143,1.494207687822804,0.0074710384391140205,8,TP2,True
USDJPY,D,short,BEAR_STRONG,2025-02-17 14:00:00+00:00,2025-02-18 02:00:00+00:00,151.381,152.0990875,-1.0425805559962427,-0.0052129027799812135,3,SL,False
SI,D,long,BULL_STRONG,2025-02-18 11:00:00+00:00,2025-02-24 11:00:00+00:00,33.2075,32.67559999999999,-1.0493847663918339,-0.00524692383195917,24,SL,False
NZDCHF,D,long,BULL_STRONG,2025-02-20 06:00:00+00:00,2025-02-24 14:00:00+00:00,0.51695,0.514087,-1.1271344225770503,-0.005635672112885252,14,SL,False
EURAUD,D,short,BEAR_STRONG,2025-02-20 06:00:00+00:00,2025-02-21 18:00:00+00:00,1.63681,1.6442312625,-1.0481507047910636,-0.005240753523955318,9,SL,False
EURUSD,D,long,BULL_STRONG,2025-02-25 14:00:00+00:00,2025-02-27 02:00:00+00:00,1.0503300000000002,1.046007108333333,-1.0630883615810611,-0.005315441807905306,9,SL,False
AUDCAD,D,long,BULL_STRONG,2025-02-25 22:00:00+00:00,2025-02-27 06:00:00+00:00,0.9067500000000001,0.9020193333333334,-1.076073307995908,-0.0053803665399795395,8,SL,False
HG,D,long,BULL_STRONG,2025-02-25 23:00:00+00:00,2025-02-26 11:00:00+00:00,4.66425,4.568422916666667,-1.0171620856003674,-0.005085810428001837,3,SL,False
EURGBP,D,short,BEAR_STRONG,2025-02-27 06:00:00+00:00,2025-03-02 22:00:00+00:00,0.82675,0.82692,0.4965975034302658,0.002482987517151329,10,BE_STOP,True
PL,D,short,BEAR_STRONG,2025-03-03 07:00:00+00:00,2025-03-03 11:00:00+00:00,959.55,975.0396250000001,-1.021441734950827,-0.005107208674754135,1,SL,False
USDCAD,D,long,BULL_STRONG,2025-03-04 02:00:00+00:00,2025-03-04 06:00:00+00:00,1.4493300000000002,1.4429980875,-1.0469257138737746,-0.005234628569368873,1,SL,False
CL,D,short,BEAR_STRONG,2025-03-04 03:00:00+00:00,2025-03-05 15:00:00+00:00,68.005,65.44482410714284,1.7054946444118118,0.00852747322205906,9,TP2,True
YM,D,short,BEAR_STRONG,2025-03-05 15:00:00+00:00,2025-03-11 14:00:00+00:00,42955.5,41559.84017857142,1.7396721625412264,0.008698360812706132,24,TP2,True
AUDCAD,D,long,BULL_STRONG,2025-03-06 02:00:00+00:00,2025-03-06 22:00:00+00:00,0.90874,0.9033874625,-1.057350979129433,-0.005286754895647165,5,SL,False
USDJPY,D,short,BEAR_STRONG,2025-03-06 06:00:00+00:00,2025-03-17 21:00:00+00:00,147.881,149.3193458333333,-1.0060890372343896,-0.005030445186171948,46,SL,False
CADCHF,D,short,BEAR_STRONG,2025-03-06 14:00:00+00:00,2025-03-11 13:00:00+00:00,0.61831,0.6065122160714289,1.6843292990295642,0.008421646495147822,18,TP2,True
EURAUD,D,long,BULL_STRONG,2025-03-10 09:00:00+00:00,2025-03-11 13:00:00+00:00,1.71451,1.7404767464285713,1.6946236609972216,0.008473118304986108,7,TP2,True
CADJPY,D,short,BEAR_STRONG,2025-03-10 09:00:00+00:00,2025-03-12 09:00:00+00:00,101.953,103.1340375,-1.0182755452466057,-0.005091377726233029,12,SL,False
NKD,D,short,BEAR_STRONG,2025-03-10 10:00:00+00:00,2025-03-12 22:00:00+00:00,36602.5,37136.806249999994,-1.019795133410054,-0.00509897566705027,15,SL,False
ES,D,short,BEAR_STRONG,2025-03-10 10:00:00+00:00,2025-03-13 14:00:00+00:00,5688.875,5530.574977678571,1.823521667064817,0.009117608335324085,19,TP2,True
PA,D,short,BEAR_STRONG,2025-03-10 18:00:00+00:00,2025-03-11 06:00:00+00:00,940.875,955.0366666666667,-1.0142676323913558,-0.005071338161956779,3,SL,False
CL,D,short,BEAR_STRONG,2025-03-10 18:00:00+00:00,2025-03-11 10:00:00+00:00,65.905,66.59547916666665,-1.0300118804552343,-0.005150059402276172,4,SL,False
GBPAUD,D,long,BULL_STRONG,2025-03-10 21:00:00+00:00,2025-03-16 21:00:00+00:00,2.05297,2.0419392833333325,-1.060531530301117,-0.005302657651505584,24,SL,False
PL,D,short,BEAR_STRONG,2025-03-10 22:00:00+00:00,2025-03-11 06:00:00+00:00,958.75,971.9069999999999,-1.0253118462849617,-0.005126559231424809,2,SL,False
AUDCHF,D,short,BEAR_STRONG,2025-03-11 01:00:00+00:00,2025-03-11 17:00:00+00:00,0.55161,0.5552287041666667,-1.0716864619440407,-0.005358432309720203,4,SL,False
GBPNZD,D,long,BULL_STRONG,2025-03-11 09:00:00+00:00,2025-03-12 17:00:00+00:00,2.26866,2.2610963749999997,-1.0727129655615768,-0.005363564827807884,8,SL,False
SI,D,long,BULL_STRONG,2025-03-12 10:00:00+00:00,2025-03-13 18:00:00+00:00,33.5375,34.417607589285716,1.694502857312357,0.008472514286561785,8,TP2,True
NZDCAD,D,long,BULL_STRONG,2025-03-12 17:00:00+00:00,2025-03-13 09:00:00+00:00,0.82347,0.818300075,-1.0570580158702387,-0.005285290079351194,4,SL,False
NKD,D,short,BEAR_STRONG,2025-03-13 14:00:00+00:00,2025-03-14 10:00:00+00:00,36432.5,37136.806249999994,-1.0149461920010048,-0.005074730960005024,5,SL,False
CADJPY,D,short,BEAR_STRONG,2025-03-13 17:00:00+00:00,2025-03-14 05:00:00+00:00,102.343,103.1340375,-1.0404735171099537,-0.005202367585549769,3,SL,False
NZDCAD,D,long,BULL_STRONG,2025-03-13 17:00:00+00:00,2025-03-17 21:00:00+00:00,0.82292,0.8319413160714285,1.6596668451073486,0.008298334225536743,13,TP2,True
GBPNZD,D,long,BULL_STRONG,2025-03-13 21:00:00+00:00,2025-03-14 05:00:00+00:00,2.27069,2.2610963749999997,-1.0517737707092778,-0.005258868853546389,2,SL,False
GBPJPY,D,long,BULL_STRONG,2025-03-17 05:00:00+00:00,2025-03-18 05:00:00+00:00,192.757,194.69299553571432,1.8056939110646835,0.009028469555323418,6,TP2,True
AUDCAD,D,long,BULL_STRONG,2025-03-17 09:00:00+00:00,2025-03-19 05:00:00+00:00,0.91023,0.9071246500000001,-1.118361421976942,-0.00559180710988471,11,SL,False
EURJPY,D,long,BULL_STRONG,2025-03-17 09:00:00+00:00,2025-03-19 05:00:00+00:00,162.257,162.24,0.6798201474382609,0.0033991007371913045,11,BE_STOP,True
SI,D,long,BULL_STRONG,2025-03-17 10:00:00+00:00,2025-03-21 02:00:00+00:00,34.1975,33.54638125,-1.0401448413684782,-0.005200724206842391,22,SL,False
GBPJPY,D,long,BULL_STRONG,2025-03-20 21:00:00+00:00,2025-03-27 13:00:00+00:00,193.167,195.6937098214286,1.6819613416832162,0.008409806708416082,28,TP2,True
NZDCHF,D,short,BEAR_STRONG,2025-03-24 05:00:00+00:00,2025-03-26 01:00:00+00:00,0.50567,0.5078037874999999,-1.0971560313934225,-0.005485780156967113,11,SL,False
CHFJPY,D,long,BULL_STRONG,2025-03-24 21:00:00+00:00,2025-03-25 09:00:00+00:00,170.947,170.22501250000002,-1.0580614266210346,-0.005290307133105173,3,SL,False
EURNZD,D,long,BULL_STRONG,2025-03-25 01:00:00+00:00,2025-03-26 01:00:00+00:00,1.88807,1.8807260625,-1.0675124086319412,-0.005337562043159706,6,SL,False
NZDCHF,D,short,BEAR_STRONG,2025-03-26 21:00:00+00:00,2025-03-27 05:00:00+00:00,0.50567,0.5078037874999999,-1.1226170346842583,-0.0056130851734212915,2,SL,False
EURCAD,D,long,BULL_STRONG,2025-03-31 01:00:00+00:00,2025-04-01 17:00:00+00:00,1.55114,1.544785125,-1.0706820428868822,-0.005353410214434411,10,SL,False
GBPAUD,D,long,BULL_STRONG,2025-03-31 01:00:00+00:00,2025-04-01 05:00:00+00:00,2.06368,2.06351,0.6692391766527228,0.0033461958832636143,7,BE_STOP,True
EURUSD,D,long,BULL_STRONG,2025-03-31 01:00:00+00:00,2025-04-01 09:00:00+00:00,1.08352,1.0778410999999997,-1.048612929198972,-0.0052430646459948604,8,SL,False
CADCHF,D,short,BEAR_STRONG,2025-03-31 01:00:00+00:00,2025-04-01 13:00:00+00:00,0.61395,0.617107275,-1.0689434350704259,-0.005344717175352129,9,SL,False
USDCHF,D,short,BEAR_STRONG,2025-03-31 05:00:00+00:00,2025-03-31 13:00:00+00:00,0.88066,0.8830653708333333,-1.0921201895304942,-0.005460600947652471,2,SL,False
GBPCAD,D,long,BULL_STRONG,2025-03-31 09:00:00+00:00,2025-04-01 13:00:00+00:00,1.85959,1.8512316,-1.0586613502027256,-0.005293306751013628,7,SL,False
EURGBP,D,long,BULL_STRONG,2025-03-31 17:00:00+00:00,2025-04-01 09:00:00+00:00,0.83738,0.8354356666666667,-1.1618823219988759,-0.005809411609994379,4,SL,False
AUDCHF,D,short,BEAR_STRONG,2025-04-01 09:00:00+00:00,2025-04-02 01:00:00+00:00,0.5521199999999999,0.556114875,-1.064654871074218,-0.00532327435537109,4,SL,False
GBPAUD,D,long,BULL_STRONG,2025-04-01 09:00:00+00:00,2025-04-01 21:00:00+00:00,2.0615900000000003,2.055196375,-1.0736905902910636,-0.005368452951455318,3,SL,False
GBPAUD,D,long,BULL_STRONG,2025-04-03 17:00:00+00:00,2025-04-04 09:00:00+00:00,2.0704100000000003,2.1012740089285713,1.7367732720195423,0.008683866360097712,4,TP2,True
CHFJPY,D,long,BULL_STRONG,2025-04-07 01:00:00+00:00,2025-04-10 13:00:00+00:00,171.067,174.31035267857146,1.737362332883624,0.00868681166441812,21,TP2,True
GBPNZD,D,long,BULL_STRONG,2025-04-07 17:00:00+00:00,2025-04-09 17:00:00+00:00,2.29572,2.270937187499999,-1.024028168255871,-0.005120140841279355,12,SL,False
GBPUSD,D,short,BEAR_STRONG,2025-04-08 09:00:00+00:00,2025-04-10 09:00:00+00:00,1.2774999999999999,1.292699775,-1.0138221780271477,-0.0050691108901357385,12,SL,False
NZDUSD,D,short,BEAR_STRONG,2025-04-08 09:00:00+00:00,2025-04-09 17:00:00+00:00,0.56114,0.56123,0.7142855155105797,0.0035714275775528986,8,BE_STOP,True
USDJPY,D,short,BEAR_STRONG,2025-04-14 01:00:00+00:00,2025-04-28 01:00:00+00:00,143.031,143.32899999999998,-0.12296514787656487,-0.0006148257393828243,60,TIME,False
NG,D,short,BEAR_STRONG,2025-04-14 18:00:00+00:00,2025-04-24 10:00:00+00:00,3.3345,2.9514812499999996,1.7348840937275607,0.008674420468637804,40,TP2,True
AUDNZD,D,short,BEAR_STRONG,2025-04-15 01:00:00+00:00,2025-04-28 09:00:00+00:00,1.07522,1.07539,0.7166159819610719,0.0035830799098053594,56,BE_STOP,True
AUDJPY,D,short,BEAR_STRONG,2025-04-21 01:00:00+00:00,2025-04-22 13:00:00+00:00,90.321,90.338,0.6530083785133378,0.003265041892566689,9,BE_STOP,True
EURAUD,D,long,BULL_STRONG,2025-04-21 01:00:00+00:00,2025-04-22 21:00:00+00:00,1.79485,1.7843443541666666,-1.0455974408952833,-0.005227987204476417,11,SL,False
GBPNZD,D,short,BEAR_STRONG,2025-04-21 05:00:00+00:00,2025-04-28 05:00:00+00:00,2.22973,2.2417820416666667,-1.019538914818951,-0.005097694574094756,30,SL,False
CADCHF,D,short,BEAR_STRONG,2025-04-21 05:00:00+00:00,2025-04-22 13:00:00+00:00,0.58361,0.5890267208333333,-1.0384440884901927,-0.005192220442450963,8,SL,False
NQ,D,short,BEAR_STRONG,2025-04-21 06:00:00+00:00,2025-04-22 22:00:00+00:00,18171.375,18578.98893229167,-1.0044905087775111,-0.005022452543887556,10,SL,False
AUDUSD,D,long,BULL_STRONG,2025-04-22 05:00:00+00:00,2025-04-22 17:00:00+00:00,0.64097,0.6371795749999999,-1.0485716640656217,-0.005242858320328109,3,SL,False
USDCAD,D,short,BEAR_STRONG,2025-04-22 05:00:00+00:00,2025-04-23 13:00:00+00:00,1.3817499999999998,1.387459575,-1.0451003857053498,-0.005225501928526749,8,SL,False
GBPJPY,D,short,BEAR_STRONG,2025-04-22 05:00:00+00:00,2025-04-22 21:00:00+00:00,188.103,188.97765833333332,-1.050526437295345,-0.005252632186476725,4,SL,False
GBPAUD,D,long,BULL_STRONG,2025-04-22 09:00:00+00:00,2025-04-22 21:00:00+00:00,2.0925300000000004,2.08158785,-1.0429769544612928,-0.005214884772306464,3,SL,False
AUDUSD,D,long,BULL_STRONG,2025-04-23 01:00:00+00:00,2025-04-23 13:00:00+00:00,0.63961,0.6371795749999999,-1.0767148701624822,-0.005383574350812412,3,SL,False
EURUSD,D,long,BULL_STRONG,2025-04-23 09:00:00+00:00,2025-04-23 13:00:00+00:00,1.14064,1.1363377708333333,-1.0592773066517978,-0.005296386533258989,1,SL,False
NZDUSD,D,long,BULL_STRONG,2025-04-23 13:00:00+00:00,2025-04-30 05:00:00+00:00,0.5960500000000001,0.5920006000000001,-1.0741140071728137,-0.0053705700358640685,28,SL,False
AUDUSD,D,long,BULL_STRONG,2025-04-24 17:00:00+00:00,2025-04-28 05:00:00+00:00,0.64105,0.6371795749999999,-1.05548238623965,-0.0052774119311982505,9,SL,False
GBPAUD,D,long,BULL_STRONG,2025-04-28 17:00:00+00:00,2025-04-29 01:00:00+00:00,2.0901500000000004,2.0841943166666668,-1.0799596129527,-0.0053997980647635,2,SL,False
CL,D,short,BEAR_STRONG,2025-04-28 22:00:00+00:00,2025-04-30 02:00:00+00:00,61.905,59.61274642857144,1.770790489415367,0.008853952447076836,7,TP2,True
GBPAUD,D,long,BULL_STRONG,2025-04-30 09:00:00+00:00,2025-04-30 13:00:00+00:00,2.09545,2.0841943166666668,-1.0417983254678547,-0.005208991627339273,1,SL,False
AUDCAD,D,short,BEAR_STRONG,2025-04-30 13:00:00+00:00,2025-05-02 05:00:00+00:00,0.88297,0.8882363624999999,-1.0478018979222943,-0.005239009489611471,10,SL,False
AUDCHF,D,long,BULL_STRONG,2025-05-06 05:00:00+00:00,2025-05-07 09:00:00+00:00,0.53191,0.53174,0.6130963112758778,0.0030654815563793893,7,BE_STOP,True
AUDCAD,D,long,BULL_STRONG,2025-05-12 01:00:00+00:00,2025-05-12 13:00:00+00:00,0.8956,0.8914403583333333,-1.0740377268635257,-0.0053701886343176285,3,SL,False
NZDJPY,D,long,BULL_STRONG,2025-05-14 21:00:00+00:00,2025-05-15 09:00:00+00:00,86.271,85.64332458333334,-1.0476160317025958,-0.005238080158512979,3,SL,False
GBPCAD,D,long,BULL_STRONG,2025-05-22 13:00:00+00:00,2025-05-30 13:00:00+00:00,1.86051,1.8525892000000002,-1.094244645713992,-0.005471223228569961,36,SL,False
AUDJPY,D,long,BULL_STRONG,2025-05-26 05:00:00+00:00,2025-05-26 17:00:00+00:00,93.075,92.56810875000001,-1.061300339616182,-0.00530650169808091,3,SL,False
EURGBP,D,short,BEAR_STRONG,2025-05-26 09:00:00+00:00,2025-05-29 13:00:00+00:00,0.83899,0.8419896333333333,-1.0485782374630417,-0.005242891187315209,19,SL,False
AUDUSD,D,long,BULL_STRONG,2025-05-27 01:00:00+00:00,2025-05-28 01:00:00+00:00,0.64725,0.6428370291666665,-1.0487199678461927,-0.005243599839230963,6,SL,False
NKD,D,long,BULL_STRONG,2025-05-27 06:00:00+00:00,2025-05-30 14:00:00+00:00,37972.5,37460.12291666667,-1.020872010926752,-0.00510436005463376,20,SL,False
DAX,D,long,BULL_STRONG,2025-05-27 12:00:00+00:00,2025-05-29 12:00:00+00:00,24277.75,24047.90583333333,-1.0117515868656628,-0.005058757934328314,12,SL,False
AUDJPY,D,long,BULL_STRONG,2025-05-27 13:00:00+00:00,2025-05-29 13:00:00+00:00,93.041,93.024,0.6265588503837526,0.003132794251918763,12,BE_STOP,True
CADJPY,D,long,BULL_STRONG,2025-05-28 01:00:00+00:00,2025-05-29 13:00:00+00:00,104.417,104.4,0.6726457891849188,0.003363228945924594,9,BE_STOP,True
GBPJPY,D,long,BULL_STRONG,2025-05-29 21:00:00+00:00,2025-06-02 13:00:00+00:00,194.067,192.99775000000002,-1.0467278498455657,-0.0052336392492278285,10,SL,False
AUDNZD,D,short,BEAR_STRONG,2025-06-03 01:00:00+00:00,2025-06-03 21:00:00+00:00,1.07499,1.0783895833333335,-1.0992383744032967,-0.005496191872016483,5,SL,False
NZDUSD,D,long,BULL_STRONG,2025-06-03 13:00:00+00:00,2025-06-05 13:00:00+00:00,0.6000000000000001,0.60793546875,1.7303522585992215,0.008651761292996107,12,TP2,True
AUDNZD,D,short,BEAR_STRONG,2025-06-04 01:00:00+00:00,2025-06-04 09:00:00+00:00,1.07651,1.0783895833333335,-1.1875962368998267,-0.005937981184499134,2,SL,False
AUDUSD,D,long,BULL_STRONG,2025-06-09 05:00:00+00:00,2025-06-12 01:00:00+00:00,0.6528,0.6488957541666667,-1.0632869538430034,-0.005316434769215017,17,SL,False
NZDCHF,D,long,BULL_STRONG,2025-06-09 09:00:00+00:00,2025-06-11 17:00:00+00:00,0.49675,0.49413095000000007,-1.1386435556644454,-0.005693217778322227,14,SL,False
NZDUSD,D,long,BULL_STRONG,2025-06-09 17:00:00+00:00,2025-06-12 01:00:00+00:00,0.60485,0.6021820875000001,-1.0910345095111063,-0.005455172547555532,14,SL,False
YM,D,long,BULL_STRONG,2025-06-10 14:00:00+00:00,2025-06-12 22:00:00+00:00,42854.5,42538.801666666666,-1.015685506500671,-0.005078427532503355,14,SL,False
EURNZD,D,short,BEAR_STRONG,2025-06-10 17:00:00+00:00,2025-06-11 05:00:00+00:00,1.88803,1.8955624541666667,-1.0589917696148656,-0.005294958848074328,3,SL,False
NZDCAD,D,long,BULL_STRONG,2025-06-10 21:00:00+00:00,2025-06-11 17:00:00+00:00,0.82699,0.8235463541666668,-1.0872967372005005,-0.005436483686002503,5,SL,False
GBPUSD,D,long,BULL_STRONG,2025-06-12 01:00:00+00:00,2025-06-17 13:00:00+00:00,1.3583500000000002,1.3515495791666665,-1.0551633063251948,-0.005275816531625974,21,SL,False
USDCHF,D,short,BEAR_STRONG,2025-06-12 05:00:00+00:00,2025-06-13 09:00:00+00:00,0.81451,0.8146,0.6760076887488385,0.0033800384437441926,7,BE_STOP,True
RTY,D,long,BULL_STRONG,2025-06-12 06:00:00+00:00,2025-06-12 22:00:00+00:00,2132.05,2105.361625,-1.012079262577309,-0.005060396312886545,4,SL,False
AUDUSD,D,long,BULL_STRONG,2025-06-12 17:00:00+00:00,2025-06-12 21:00:00+00:00,0.65335,0.6488957541666667,-1.0415808382318907,-0.005207904191159454,1,SL,False
NZDUSD,D,long,BULL_STRONG,2025-06-12 17:00:00+00:00,2025-06-12 21:00:00+00:00,0.60697,0.6021820875000001,-1.0372454361378678,-0.005186227180689339,1,SL,False
USDCAD,D,short,BEAR_STRONG,2025-06-12 21:00:00+00:00,2025-06-17 17:00:00+00:00,1.3626299999999998,1.36272,0.6737685376964182,0.003368842688482091,17,BE_STOP,True
EURJPY,D,long,BULL_STRONG,2025-06-16 05:00:00+00:00,2025-06-23 05:00:00+00:00,167.057,169.38360267857144,1.6725479319073122,0.008362739659536562,30,TP2,True
NKD,D,long,BULL_STRONG,2025-06-16 14:00:00+00:00,2025-06-22 22:00:00+00:00,38652.5,38180.26666666666,-1.0227919954095537,-0.005113959977047769,25,SL,False
GBPJPY,D,long,BULL_STRONG,2025-06-16 17:00:00+00:00,2025-06-17 17:00:00+00:00,196.587,195.438125,-1.043752340143564,-0.00521876170071782,6,SL,False
AUDNZD,D,short,BEAR_STRONG,2025-06-16 21:00:00+00:00,2025-06-18 05:00:00+00:00,1.07607,1.0783442624999997,-1.1286197895937662,-0.005643098947968831,8,SL,False
AUDUSD,D,long,BULL_STRONG,2025-06-17 05:00:00+00:00,2025-06-17 13:00:00+00:00,0.65349,0.6510636458333332,-1.0776802603772013,-0.005388401301886007,2,SL,False
NZDUSD,D,long,BULL_STRONG,2025-06-17 05:00:00+00:00,2025-06-17 17:00:00+00:00,0.60687,0.6030765833333334,-1.04724334735943,-0.00523621673679715,3,SL,False
NQ,D,long,BULL_STRONG,2025-06-17 06:00:00+00:00,2025-06-19 10:00:00+00:00,22033.375,21761.4459375,-1.0078719868166215,-0.005039359934083108,13,SL,False
NZDJPY,D,long,BULL_STRONG,2025-06-17 09:00:00+00:00,2025-06-17 17:00:00+00:00,87.783,87.38263750000002,-1.0764018911604465,-0.005382009455802233,2,SL,False
GBPNZD,D,short,BEAR_STRONG,2025-06-18 05:00:00+00:00,2025-06-19 05:00:00+00:00,2.2320399999999996,2.2429140625,-1.0404038746971265,-0.005202019373485633,6,SL,False
HG,D,long,BULL_STRONG,2025-06-23 18:00:00+00:00,2025-06-26 10:00:00+00:00,4.88775,5.038046830357142,1.721357215160738,0.00860678607580369,16,TP2,True
NQ,D,long,BULL_STRONG,2025-06-24 02:00:00+00:00,2025-07-03 10:00:00+00:00,22294.875,22948.48786945813,1.7594089191532127,0.008797044595766064,44,TP2,True
AUDCHF,D,short,BEAR_STRONG,2025-06-24 09:00:00+00:00,2025-07-07 01:00:00+00:00,0.5255,0.5173126142857145,1.6974624749479834,0.008487312374739917,52,TP2,True
PA,D,long,BULL_STRONG,2025-06-24 10:00:00+00:00,2025-06-25 10:00:00+00:00,1071.625,1049.9770833333334,-1.0097909592488625,-0.005048954796244313,6,SL,False
NKD,D,long,BULL_STRONG,2025-06-24 18:00:00+00:00,2025-06-26 02:00:00+00:00,38857.5,39556.04479679803,1.7438451604130394,0.008719225802065198,8,TP2,True
GBPCHF,D,short,BEAR_STRONG,2025-06-24 21:00:00+00:00,2025-06-26 01:00:00+00:00,1.09551,1.1012825083333335,-1.0487944655741985,-0.005243972327870993,7,SL,False
AUDJPY,D,long,BULL_STRONG,2025-06-25 09:00:00+00:00,2025-06-26 05:00:00+00:00,94.707,94.11970375000001,-1.0530583534434896,-0.0052652917672174485,5,SL,False
NZDUSD,D,long,BULL_STRONG,2025-06-26 01:00:00+00:00,2025-07-02 09:00:00+00:00,0.6050500000000001,0.60496,0.6405036748729193,0.0032025183743645963,26,BE_STOP,True
AUDNZD,D,short,BEAR_STRONG,2025-06-30 01:00:00+00:00,2025-07-02 05:00:00+00:00,1.07707,1.0802741,-1.0727694538742958,-0.005363847269371479,13,SL,False
USDCAD,D,short,BEAR_STRONG,2025-06-30 05:00:00+00:00,2025-07-03 13:00:00+00:00,1.36747,1.3558461491071432,1.7015822900334812,0.008507911450167407,20,TP2,True
AUDJPY,D,long,BULL_STRONG,2025-06-30 17:00:00+00:00,2025-06-30 21:00:00+00:00,94.801,94.49369375,-1.1042765700014927,-0.005521382850007464,1,SL,False
NZDJPY,D,long,BULL_STRONG,2025-06-30 17:00:00+00:00,2025-06-30 21:00:00+00:00,87.817,87.56459375,-1.1244418106995726,-0.005622209053497863,1,SL,False
EURJPY,D,long,BULL_STRONG,2025-06-30 17:00:00+00:00,2025-07-01 05:00:00+00:00,169.797,169.0834583333333,-1.0585343016091324,-0.0052926715080456625,3,SL,False
EURCHF,D,short,BEAR_STRONG,2025-07-01 01:00:00+00:00,2025-07-15 01:00:00+00:00,0.93385,0.93069,1.29182648479053,0.00645913242395265,60,TIME,True
NZDCHF,D,short,BEAR_STRONG,2025-07-01 13:00:00+00:00,2025-07-07 05:00:00+00:00,0.48258,0.47776126250000006,1.5814421769566505,0.007907210884783253,22,TP2,True
AUDNZD,D,long,BULL_STRONG,2025-07-03 21:00:00+00:00,2025-07-08 05:00:00+00:00,1.08183,1.08658875,1.4785248955224164,0.007392624477612082,14,TP2,True
NQ,D,long,BULL_STRONG,2025-07-07 10:00:00+00:00,2025-07-07 18:00:00+00:00,22945.875,22830.303125,-1.0191903643219484,-0.0050959518216097425,2,SL,False
AUDCHF,D,short,BEAR_STRONG,2025-07-07 17:00:00+00:00,2025-07-08 01:00:00+00:00,0.51801,0.5212289625000002,-1.0795422705264455,-0.005397711352632228,2,SL,False
NZDCAD,D,short,BEAR_STRONG,2025-07-08 09:00:00+00:00,2025-07-10 17:00:00+00:00,0.82075,0.8243543875000001,-1.053839294488463,-0.005269196472442315,14,SL,False
NG,D,short,BEAR_STRONG,2025-07-09 02:00:00+00:00,2025-07-09 14:00:00+00:00,3.3325,3.1525801416256156,1.7560839823001926,0.008780419911500963,3,TP2,True
NQ,D,long,BULL_STRONG,2025-07-09 14:00:00+00:00,2025-07-13 22:00:00+00:00,22983.875,22830.303125,-1.0144500989331535,-0.005072250494665768,14,SL,False
AUDCHF,D,short,BEAR_STRONG,2025-07-09 21:00:00+00:00,2025-07-10 05:00:00+00:00,0.51835,0.5212289625000002,-1.0895431369020379,-0.0054477156845101895,2,SL,False
EURJPY,D,long,BULL_STRONG,2025-07-14 05:00:00+00:00,2025-07-16 01:00:00+00:00,172.127,173.18843125000006,1.8128751353837531,0.009064375676918765,11,TP2,True
NZDCHF,D,short,BEAR_STRONG,2025-07-14 13:00:00+00:00,2025-07-18 01:00:00+00:00,0.47643,0.4787369875,-1.0405712246796037,-0.005202856123398019,21,SL,False
ES,D,long,BULL_STRONG,2025-07-15 06:00:00+00:00,2025-07-15 14:00:00+00:00,6334.875,6294.6790625,-1.0221438784559003,-0.005110719392279501,2,SL,False
EURCHF,D,short,BEAR_STRONG,2025-07-15 13:00:00+00:00,2025-07-16 05:00:00+00:00,0.92971,0.931546125,-1.1801541901117925,-0.005900770950558963,4,SL,False
GBPJPY,D,long,BULL_STRONG,2025-07-16 01:00:00+00:00,2025-07-16 13:00:00+00:00,199.537,198.66333333333333,-1.0524535175097218,-0.005262267587548609,3,SL,False
NQ,D,long,BULL_STRONG,2025-07-16 18:00:00+00:00,2025-07-21 14:00:00+00:00,23063.625,23420.064375000005,1.8307811164957655,0.009153905582478828,17,TP2,True
EURNZD,D,long,BULL_STRONG,2025-07-16 21:00:00+00:00,2025-07-17 21:00:00+00:00,1.95901,1.9527104124999999,-1.0806353445480632,-0.005403176722740316,6,SL,False
CHFJPY,D,long,BULL_STRONG,2025-07-17 01:00:00+00:00,2025-07-22 09:00:00+00:00,185.007,184.16998333333333,-1.070609516066741,-0.005353047580333705,20,SL,False
ES,D,long,BULL_STRONG,2025-07-17 14:00:00+00:00,2025-07-25 02:00:00+00:00,6335.875,6420.204620535714,1.7544279425933558,0.00877213971296678,33,TP2,True
EURJPY,D,long,BULL_STRONG,2025-07-17 17:00:00+00:00,2025-07-22 09:00:00+00:00,172.377,171.66604583333333,-1.0736832235558225,-0.005368416117779113,16,SL,False
GBPJPY,D,long,BULL_STRONG,2025-07-17 21:00:00+00:00,2025-07-20 21:00:00+00:00,199.587,198.66333333333333,-1.0550832867647013,-0.005275416433823506,6,SL,False
AUDCHF,D,short,BEAR_STRONG,2025-07-21 13:00:00+00:00,2025-07-23 09:00:00+00:00,0.52079,0.5229343083333333,-1.0977104724439375,-0.005488552362219687,11,SL,False
NZDCHF,D,short,BEAR_STRONG,2025-07-22 01:00:00+00:00,2025-07-23 01:00:00+00:00,0.47523,0.47741980000000006,-1.0923518170115836,-0.005461759085057918,6,SL,False
NZDJPY,D,long,BULL_STRONG,2025-07-24 09:00:00+00:00,2025-07-30 05:00:00+00:00,88.728,88.18672874999999,-1.0847307953659386,-0.005423653976829693,23,SL,False
DAX,D,long,BULL_STRONG,2025-07-28 04:00:00+00:00,2025-07-28 08:00:00+00:00,24453.75,24300.471250000002,-1.017742884538161,-0.005088714422690805,1,SL,False
CADCHF,D,short,BEAR_STRONG,2025-07-28 05:00:00+00:00,2025-07-28 09:00:00+00:00,0.5819,0.5837982500000001,-1.1455032547374449,-0.005727516273687224,1,SL,False
GBPCHF,D,short,BEAR_STRONG,2025-07-28 05:00:00+00:00,2025-07-28 13:00:00+00:00,1.0723,1.0766859458333333,-1.0759312412102084,-0.005379656206051043,2,SL,False
CHFJPY,D,long,BULL_STRONG,2025-07-28 05:00:00+00:00,2025-07-28 13:00:00+00:00,185.567,184.74506666666665,-1.053394956104018,-0.005266974780520089,2,SL,False
NQ,D,long,BULL_STRONG,2025-07-28 14:00:00+00:00,2025-07-29 14:00:00+00:00,23461.625,23461.25,0.7161067722796931,0.0035805338613984655,6,BE_STOP,True
NG,D,short,BEAR_STRONG,2025-07-28 18:00:00+00:00,2025-07-28 22:00:00+00:00,3.0305,3.103395833333334,-1.0244053457834847,-0.005122026728917424,1,SL,False
EURCHF,D,short,BEAR_STRONG,2025-07-29 13:00:00+00:00,2025-08-04 05:00:00+00:00,0.9306,0.9338047374999999,-1.0495212518380936,-0.005247606259190469,22,SL,False
NQ,D,long,BULL_STRONG,2025-07-30 02:00:00+00:00,2025-07-30 18:00:00+00:00,23503.875,23380.97791666667,-1.0184073755411447,-0.0050920368777057235,4,SL,False
NG,D,short,BEAR_STRONG,2025-07-30 14:00:00+00:00,2025-07-31 14:00:00+00:00,3.0535,3.103395833333334,-1.0360419457597945,-0.005180209728798972,6,SL,False
DAX,D,long,BULL_STRONG,2025-07-31 04:00:00+00:00,2025-07-31 08:00:00+00:00,24470.75,24300.471250000002,-1.0159716862184145,-0.005079858431092072,1,SL,False
CHFJPY,D,long,BULL_STRONG,2025-07-31 17:00:00+00:00,2025-08-01 05:00:00+00:00,185.617,184.74506666666665,-1.0502803883343674,-0.005251401941671837,3,SL,False
EURJPY,D,short,BEAR_STRONG,2025-08-04 13:00:00+00:00,2025-08-05 13:00:00+00:00,170.143,170.81554166666666,-1.0546418661412256,-0.005273209330706128,6,SL,False
CHFJPY,D,short,BEAR_STRONG,2025-08-11 13:00:00+00:00,2025-08-11 21:00:00+00:00,182.09300000000002,182.7176375,-1.0699315299006353,-0.005349657649503177,2,SL,False
ES,D,long,BULL_STRONG,2025-08-11 14:00:00+00:00,2025-08-13 10:00:00+00:00,6409.375,6499.434040178572,1.7458044931406875,0.008729022465703437,11,TP2,True
YM,D,short,BEAR_STRONG,2025-08-11 18:00:00+00:00,2025-08-12 14:00:00+00:00,44066.5,44378.26458333333,-1.0161968857225352,-0.005080984428612676,5,SL,False
GBPNZD,D,long,BULL_STRONG,2025-08-11 21:00:00+00:00,2025-08-12 09:00:00+00:00,2.2604200000000003,2.271179034821429,1.778152272548171,0.008890761362740855,3,TP2,True
USDCHF,D,long,BULL_STRONG,2025-08-12 09:00:00+00:00,2025-08-12 17:00:00+00:00,0.8097300000000001,0.8062445708333333,-1.0598929295879487,-0.005299464647939744,2,SL,False
CL,D,short,BEAR_STRONG,2025-08-12 14:00:00+00:00,2025-08-14 10:00:00+00:00,63.214999999999996,63.23,0.6917473308940755,0.0034587366544703776,11,BE_STOP,True
EURNZD,D,long,BULL_STRONG,2025-08-13 01:00:00+00:00,2025-08-14 01:00:00+00:00,1.96135,1.9560386500000002,-1.0961982747721963,-0.005480991373860981,6,SL,False
CL,D,short,BEAR_STRONG,2025-08-14 10:00:00+00:00,2025-08-14 14:00:00+00:00,63.455,63.896187499999996,-1.0471069658307686,-0.005235534829153843,1,SL,False
PA,D,short,BEAR_STRONG,2025-08-18 06:00:00+00:00,2025-08-19 06:00:00+00:00,1118.875,1139.4125,-1.0105087568891613,-0.0050525437844458065,6,SL,False
CL,D,short,BEAR_STRONG,2025-08-18 06:00:00+00:00,2025-08-21 06:00:00+00:00,62.435,63.34433333333334,-1.022357212076035,-0.005111786060380175,18,SL,False
PL,D,short,BEAR_STRONG,2025-08-19 02:00:00+00:00,2025-08-19 06:00:00+00:00,1332.35,1351.51775,-1.0188493874800122,-0.005094246937400061,1,SL,False
NG,D,short,BEAR_STRONG,2025-08-19 14:00:00+00:00,2025-08-26 22:00:00+00:00,2.7595,2.761,0.71002082850763,0.0035501041425381502,32,BE_STOP,True
PA,D,short,BEAR_STRONG,2025-08-20 14:00:00+00:00,2025-08-22 10:00:00+00:00,1124.375,1124.5,0.7251081307627827,0.0036255406538139136,11,BE_STOP,True
CADJPY,D,short,BEAR_STRONG,2025-08-21 01:00:00+00:00,2025-08-21 13:00:00+00:00,106.183,106.7099,-1.0624938615414705,-0.005312469307707353,3,SL,False
EURCAD,D,long,BULL_STRONG,2025-08-25 05:00:00+00:00,2025-08-25 13:00:00+00:00,1.61848,1.6144916458333336,-1.1038633879125601,-0.005519316939562801,2,SL,False
PA,D,short,BEAR_STRONG,2025-08-25 14:00:00+00:00,2025-08-31 22:00:00+00:00,1096.375,1115.2595833333335,-1.0113387379783665,-0.005056693689891832,21,SL,False
CHFJPY,D,long,BULL_STRONG,2025-09-01 01:00:00+00:00,2025-09-07 21:00:00+00:00,183.90699999999998,185.0014124999999,1.6728429444899626,0.008364214722449814,29,TP2,True
USDCHF,D,short,BEAR_STRONG,2025-09-01 05:00:00+00:00,2025-09-02 05:00:00+00:00,0.79869,0.8024597625,-1.0466923069084049,-0.005233461534542024,6,SL,False
USDJPY,D,long,BULL_STRONG,2025-09-03 21:00:00+00:00,2025-09-05 09:00:00+00:00,148.039,147.22743749999998,-1.0407762136905043,-0.005203881068452522,9,SL,False
NG,D,long,BULL_STRONG,2025-09-04 10:00:00+00:00,2025-09-11 14:00:00+00:00,3.0685000000000002,2.975508333333333,-1.019078021677749,-0.005095390108388746,31,SL,False
SI,D,long,BULL_STRONG,2025-09-08 10:00:00+00:00,2025-09-09 14:00:00+00:00,42.0225,41.401149999999994,-1.0431857727310687,-0.005215928863655343,7,SL,False
EURJPY,D,long,BULL_STRONG,2025-09-08 13:00:00+00:00,2025-09-09 05:00:00+00:00,173.417,172.63961250000003,-1.054285979188239,-0.005271429895941196,4,SL,False
AUDJPY,D,long,BULL_STRONG,2025-09-09 01:00:00+00:00,2025-09-12 01:00:00+00:00,97.219,98.23669107142854,1.590623569088695,0.007953117845443475,18,TP2,True
CHFJPY,D,long,BULL_STRONG,2025-09-09 13:00:00+00:00,2025-09-16 13:00:00+00:00,184.827,186.12005625,1.7370870246165695,0.008685435123082848,30,TP2,True
NZDJPY,D,long,BULL_STRONG,2025-09-15 13:00:00+00:00,2025-09-16 13:00:00+00:00,87.905,87.54907625000001,-1.1012224726062918,-0.005506112363031459,6,SL,False
USDCHF,D,short,BEAR_STRONG,2025-09-15 13:00:00+00:00,2025-09-16 13:00:00+00:00,0.79455,0.789988525,1.7246569082584926,0.008623284541292462,6,TP2,True
EURUSD,D,long,BULL_STRONG,2025-09-15 13:00:00+00:00,2025-09-16 13:00:00+00:00,1.17592,1.1834886687499993,1.7200466362434244,0.008600233181217122,6,TP2,True
AUDCAD,D,long,BULL_STRONG,2025-09-15 13:00:00+00:00,2025-09-16 13:00:00+00:00,0.91999,0.9161572499999999,-1.095228612381407,-0.005476143061907035,6,SL,False
GBPJPY,D,long,BULL_STRONG,2025-09-16 01:00:00+00:00,2025-09-17 09:00:00+00:00,200.197,199.5574625,-1.080360749352443,-0.005401803746762215,8,SL,False
PL,D,long,BULL_STRONG,2025-09-16 06:00:00+00:00,2025-09-17 06:00:00+00:00,1417.95,1391.6014583333335,-1.0139255290445666,-0.005069627645222833,6,SL,False
DAX,D,short,BEAR_STRONG,2025-09-16 08:00:00+00:00,2025-09-17 08:00:00+00:00,23608.25,23328.191964285714,1.8081177987985935,0.009040588993992968,6,TP2,True
EURCHF,D,short,BEAR_STRONG,2025-09-16 17:00:00+00:00,2025-09-18 17:00:00+00:00,0.93243,0.9344974166666667,-1.1056911765997595,-0.005528455882998797,12,SL,False
AUDCAD,D,long,BULL_STRONG,2025-09-16 17:00:00+00:00,2025-09-17 17:00:00+00:00,0.91855,0.9161572499999999,-1.1568314025418944,-0.005784157012709472,6,SL,False
EURCAD,D,long,BULL_STRONG,2025-09-17 17:00:00+00:00,2025-09-19 09:00:00+00:00,1.62719,1.6217355875,-1.0847410379110267,-0.005423705189555134,10,SL,False
CADCHF,D,short,BEAR_STRONG,2025-09-18 09:00:00+00:00,2025-09-19 05:00:00+00:00,0.57369,0.5758229708333332,-1.1275192660784257,-0.0056375963303921285,5,SL,False
DAX,D,short,BEAR_STRONG,2025-09-18 12:00:00+00:00,2025-09-19 00:00:00+00:00,23646.25,23738.3125,-1.0289303216974675,-0.005144651608487337,2,SL,False
USDCHF,D,short,BEAR_STRONG,2025-09-18 21:00:00+00:00,2025-09-19 09:00:00+00:00,0.79235,0.7967043166666667,-1.0471186864640367,-0.005235593432320183,3,SL,False
PL,D,long,BULL_STRONG,2025-09-22 06:00:00+00:00,2025-09-23 14:00:00+00:00,1425.45,1483.1979642857145,1.7654508055449534,0.008827254027724767,8,TP2,True
CHFJPY,D,long,BULL_STRONG,2025-09-23 01:00:00+00:00,2025-09-26 13:00:00+00:00,186.507,187.56118839285716,1.6524022114346222,0.008262011057173111,21,TP2,True
YM,D,long,BULL_STRONG,2025-09-23 02:00:00+00:00,2025-09-24 14:00:00+00:00,46733.5,46473.09124999999,-1.0202336923723119,-0.005101168461861559,9,SL,False
EURCAD,D,long,BULL_STRONG,2025-09-23 09:00:00+00:00,2025-10-06 05:00:00+00:00,1.63015,1.62998,0.6012647640420596,0.003006323820210298,53,BE_STOP,True
GBPAUD,D,short,BEAR_STRONG,2025-09-24 05:00:00+00:00,2025-09-24 17:00:00+00:00,2.03889,2.0447620625,-1.079873659750353,-0.005399368298751765,3,SL,False
AUDJPY,D,long,BULL_STRONG,2025-09-24 09:00:00+00:00,2025-09-25 13:00:00+00:00,98.047,97.73986916666667,-1.1231395491114489,-0.005615697745557245,7,SL,False
GBPAUD,D,short,BEAR_STRONG,2025-09-25 01:00:00+00:00,2025-09-26 05:00:00+00:00,2.0404299999999997,2.0447620625,-1.0974661480937016,-0.005487330740468508,7,SL,False
NZDCAD,D,short,BEAR_STRONG,2025-09-29 01:00:00+00:00,2025-10-01 05:00:00+00:00,0.80602,0.8093854416666666,-1.0572198835320121,-0.005286099417660061,13,SL,False
AUDCAD,D,long,BULL_STRONG,2025-09-29 13:00:00+00:00,2025-10-01 17:00:00+00:00,0.91507,0.9225057901785716,1.5577717543855694,0.007788858771927847,13,TP2,True
GBPAUD,D,short,BEAR_STRONG,2025-09-30 09:00:00+00:00,2025-10-01 09:00:00+00:00,2.03273,2.041650758333333,-1.0462339587712193,-0.005231169793856096,6,SL,False
AUDNZD,D,long,BULL_STRONG,2025-10-01 17:00:00+00:00,2025-10-02 13:00:00+00:00,1.13717,1.132869733333333,-1.079705216773731,-0.005398526083868656,5,SL,False
SI,D,long,BULL_STRONG,2025-10-06 02:00:00+00:00,2025-10-07 14:00:00+00:00,48.3375,47.201699999999995,-1.0236836432228518,-0.005118418216114259,9,SL,False
EURAUD,D,short,BEAR_STRONG,2025-10-07 01:00:00+00:00,2025-10-10 13:00:00+00:00,1.76926,1.76943,0.684153128954292,0.0034207656447714603,21,BE_STOP,True
SI,D,long,BULL_STRONG,2025-10-07 22:00:00+00:00,2025-10-08 14:00:00+00:00,47.6975,48.81655714285714,1.8409312728260485,0.009204656364130244,4,TP2,True
AUDCHF,D,long,BULL_STRONG,2025-10-09 05:00:00+00:00,2025-10-10 13:00:00+00:00,0.52801,0.525436425,-1.1222850961588486,-0.005611425480794244,8,SL,False
SI,D,long,BULL_STRONG,2025-10-09 10:00:00+00:00,2025-10-09 14:00:00+00:00,48.4825,47.201699999999995,-1.0209636811571172,-0.005104818405785586,1,SL,False
GBPAUD,D,short,BEAR_STRONG,2025-10-09 13:00:00+00:00,2025-10-10 13:00:00+00:00,2.0299099999999997,2.0396028083333335,-1.0424441389401284,-0.0052122206947006425,6,SL,False
SI,D,long,BULL_STRONG,2025-10-13 02:00:00+00:00,2025-10-14 02:00:00+00:00,49.4475,52.234892857142846,1.872809558124806,0.00936404779062403,6,TP2,True
NZDCHF,D,short,BEAR_STRONG,2025-10-13 05:00:00+00:00,2025-10-16 17:00:00+00:00,0.46069,0.4547873214285714,1.615129142857136,0.00807564571428568,21,TP2,True
CL,D,short,BEAR_STRONG,2025-10-13 06:00:00+00:00,2025-10-16 22:00:00+00:00,60.075,56.936525,1.7293279852290442,0.00864663992614522,22,TP2,True
NZDUSD,D,short,BEAR_STRONG,2025-10-13 09:00:00+00:00,2025-10-14 13:00:00+00:00,0.57209,0.57218,0.6318150192117911,0.0031590750960589554,7,BE_STOP,True
USDCHF,D,long,BULL_STRONG,2025-10-13 13:00:00+00:00,2025-10-15 01:00:00+00:00,0.80415,0.7999344916666667,-1.0563763253417349,-0.005281881626708674,9,SL,False
PA,D,long,BULL_STRONG,2025-10-13 22:00:00+00:00,2025-10-17 10:00:00+00:00,1555.625,1555.5,0.7454184076792766,0.003727092038396383,21,BE_STOP,True
SI,D,long,BULL_STRONG,2025-10-14 02:00:00+00:00,2025-10-17 14:00:00+00:00,50.2175,50.195,0.7223002365664065,0.0036115011828320325,21,BE_STOP,True
EURCHF,D,short,BEAR_STRONG,2025-10-14 21:00:00+00:00,2025-10-16 01:00:00+00:00,0.92996,0.9268998642857144,1.4749754195647358,0.007374877097823679,7,TP2,True
NZDUSD,D,short,BEAR_STRONG,2025-10-14 21:00:00+00:00,2025-10-16 01:00:00+00:00,0.57107,0.5745711041666667,-1.0410277121899778,-0.005205138560949889,7,SL,False
RTY,D,long,BULL_STRONG,2025-10-15 02:00:00+00:00,2025-10-16 14:00:00+00:00,2523.55,2496.4333749999996,-1.0130488705946734,-0.0050652443529733675,9,SL,False
PL,D,long,BULL_STRONG,2025-10-15 06:00:00+00:00,2025-10-17 06:00:00+00:00,1695.05,1694.8,0.7359883538015719,0.0036799417690078595,12,BE_STOP,True
GBPCHF,D,short,BEAR_STRONG,2025-10-15 17:00:00+00:00,2025-10-16 09:00:00+00:00,1.06769,1.0726118124999997,-1.0672325770429758,-0.005336162885214879,4,SL,False
NZDUSD,D,short,BEAR_STRONG,2025-10-16 17:00:00+00:00,2025-10-20 13:00:00+00:00,0.5723699999999999,0.5745711041666667,-1.066378439402776,-0.0053318921970138804,11,SL,False
CHFJPY,D,long,BULL_STRONG,2025-10-20 01:00:00+00:00,2025-10-21 09:00:00+00:00,189.977,191.14251785714293,1.8245227173033003,0.009122613586516502,8,TP2,True
NQ,D,long,BULL_STRONG,2025-10-20 02:00:00+00:00,2025-10-22 14:00:00+00:00,25113.375,24866.767708333333,-1.0096821988044826,-0.0050484109940224136,15,SL,False
GBPCHF,D,short,BEAR_STRONG,2025-10-20 05:00:00+00:00,2025-10-28 13:00:00+00:00,1.06397,1.0551116964285718,1.7888046186434663,0.008944023093217332,38,TP2,True
HG,D,long,BULL_STRONG,2025-10-20 18:00:00+00:00,2025-10-21 06:00:00+00:00,5.0497499999999995,4.954260625,-1.0175508379591838,-0.005087754189795919,3,SL,False
EURJPY,D,long,BULL_STRONG,2025-10-22 17:00:00+00:00,2025-10-24 13:00:00+00:00,176.447,177.75188839285715,1.6838298405231047,0.008419149202615524,11,TP2,True
NQ,D,long,BULL_STRONG,2025-10-22 22:00:00+00:00,2025-10-26 22:00:00+00:00,25099.375,25581.10736607143,1.7757056903077697,0.008878528451538848,12,TP2,True
NKD,D,long,BULL_STRONG,2025-10-22 22:00:00+00:00,2025-10-27 02:00:00+00:00,48787.5,50400.46919642858,1.7365818099857502,0.008682909049928751,13,TP2,True
AUDJPY,D,long,BULL_STRONG,2025-10-23 01:00:00+00:00,2025-10-27 01:00:00+00:00,98.86099999999999,99.95176794642855,1.7043449955011145,0.008521724977505573,12,TP2,True
AUDNZD,D,long,BULL_STRONG,2025-10-27 01:00:00+00:00,2025-10-28 21:00:00+00:00,1.13483,1.1404616160714283,1.5079881030201319,0.007539940515100659,11,TP2,True
CADJPY,D,long,BULL_STRONG,2025-10-27 05:00:00+00:00,2025-10-27 21:00:00+00:00,109.347,109.03618750000001,-1.10996325888108,-0.0055498162944054,4,SL,False
RTY,D,long,BULL_STRONG,2025-10-28 10:00:00+00:00,2025-10-29 18:00:00+00:00,2515.9500000000003,2495.0465833333333,-1.0169261768142637,-0.0050846308840713185,8,SL,False
GBPUSD,D,short,BEAR_STRONG,2025-10-28 13:00:00+00:00,2025-10-29 17:00:00+00:00,1.32889,1.3184797544642857,1.7778857044691876,0.008889428522345939,7,TP2,True
CADJPY,D,long,BULL_STRONG,2025-10-29 13:00:00+00:00,2025-11-03 14:00:00+00:00,109.497,109.48,0.6180082692578616,0.003090041346289308,18,BE_STOP,True
EURUSD,D,short,BEAR_STRONG,2025-10-30 13:00:00+00:00,2025-11-04 14:00:00+00:00,1.15685,1.1475093339285718,1.8076772305467554,0.009038386152733778,18,TP2,True
EURAUD,D,short,BEAR_STRONG,2025-11-03 06:00:00+00:00,2025-11-03 14:00:00+00:00,1.75859,1.7653233666666668,-1.0634129740326361,-0.005317064870163181,2,SL,False
PL,D,short,BEAR_STRONG,2025-11-05 11:00:00+00:00,2025-11-10 03:00:00+00:00,1553.65,1589.7511250000002,-1.0104401744715124,-0.005052200872357562,16,SL,False
USDJPY,D,long,BULL_STRONG,2025-11-10 10:00:00+00:00,2025-11-18 14:00:00+00:00,154.069,155.63573928571427,1.6793433042065415,0.008396716521032709,37,TP2,True
GBPCHF,D,short,BEAR_STRONG,2025-11-11 10:00:00+00:00,2025-11-13 22:00:00+00:00,1.05277,1.0442095401785716,1.5995780151736139,0.00799789007586807,15,TP2,True
GBPCAD,D,short,BEAR_STRONG,2025-11-12 10:00:00+00:00,2025-11-13 06:00:00+00:00,1.83655,1.8419692083333334,-1.0813678888086273,-0.0054068394440431366,5,SL,False
EURGBP,D,long,BULL_STRONG,2025-11-12 10:00:00+00:00,2025-11-17 10:00:00+00:00,0.88321,0.8800995625,-1.150878704274447,-0.005754393521372235,18,SL,False
GBPAUD,D,short,BEAR_STRONG,2025-11-13 06:00:00+00:00,2025-11-13 10:00:00+00:00,2.0012899999999996,2.00748645,-1.0747007939998188,-0.005373503969999094,1,SL,False
AUDNZD,D,long,BULL_STRONG,2025-11-13 22:00:00+00:00,2025-11-14 06:00:00+00:00,1.15248,1.1486322000000002,-1.0900938604600652,-0.005450469302300326,2,SL,False
GBPJPY,D,long,BULL_STRONG,2025-11-18 10:00:00+00:00,2025-11-20 10:00:00+00:00,204.137,206.42217857142862,1.6786620728934216,0.008393310364467109,12,TP2,True
AUDJPY,D,long,BULL_STRONG,2025-11-18 18:00:00+00:00,2025-11-21 06:00:00+00:00,101.237,101.22,0.6610618652715241,0.003305309326357621,15,BE_STOP,True
GBPCAD,D,short,BEAR_STRONG,2025-11-18 18:00:00+00:00,2025-11-21 14:00:00+00:00,1.83863,1.845707725,-1.0473973992884782,-0.005236986996442391,17,SL,False
EURNZD,D,long,BULL_STRONG,2025-11-19 02:00:00+00:00,2025-11-25 22:00:00+00:00,2.05669,2.0459284250000005,-1.062118863341879,-0.005310594316709395,29,SL,False
NZDUSD,D,short,BEAR_STRONG,2025-11-19 06:00:00+00:00,2025-11-25 22:00:00+00:00,0.5632499999999999,0.56334,0.6892159534004876,0.003446079767002438,28,BE_STOP,True
EURUSD,D,short,BEAR_STRONG,2025-11-20 22:00:00+00:00,2025-11-25 14:00:00+00:00,1.15316,1.1569556,-1.0516629965458082,-0.005258314982729041,16,SL,False
NG,D,long,BULL_STRONG,2025-11-26 23:00:00+00:00,2025-11-28 19:00:00+00:00,4.6225000000000005,4.852727767857144,1.8592067843201203,0.009296033921600602,9,TP2,True
EURUSD,D,long,BULL_STRONG,2025-12-02 02:00:00+00:00,2025-12-04 06:00:00+00:00,1.1610900000000002,1.168107820535714,1.6513107737331432,0.008256553868665716,13,TP2,True
AUDJPY,D,long,BULL_STRONG,2025-12-03 02:00:00+00:00,2025-12-09 02:00:00+00:00,102.517,103.60537321428573,1.5925623815934198,0.0079628119079671,24,TP2,True
EURGBP,D,short,BEAR_STRONG,2025-12-04 14:00:00+00:00,2025-12-11 18:00:00+00:00,0.87341,0.8763854375000001,-1.0150698064027455,-0.0050753490320137274,31,SL,False
NQ,D,long,BULL_STRONG,2025-12-08 03:00:00+00:00,2025-12-08 15:00:00+00:00,25790.875,25606.83625,-1.0132757280628324,-0.005066378640314162,3,SL,False
NZDUSD,D,long,BULL_STRONG,2025-12-08 10:00:00+00:00,2025-12-08 14:00:00+00:00,0.57845,0.5768201875,-1.1110414417339987,-0.005555207208669993,1,SL,False
PA,D,long,BULL_STRONG,2025-12-08 11:00:00+00:00,2025-12-08 15:00:00+00:00,1527.625,1502.2112500000003,-1.0097754930552123,-0.005048877465276062,1,SL,False
NZDUSD,D,long,BULL_STRONG,2025-12-09 06:00:00+00:00,2025-12-09 22:00:00+00:00,0.57941,0.5768201875,-1.0684520939070574,-0.005342260469535287,4,SL,False
PL,D,long,BULL_STRONG,2025-12-09 23:00:00+00:00,2025-12-10 11:00:00+00:00,1689.65,1653.8967499999999,-1.010848922281763,-0.0050542446114088145,3,SL,False
PA,D,long,BULL_STRONG,2025-12-09 23:00:00+00:00,2025-12-10 11:00:00+00:00,1540.625,1502.2112500000003,-1.006483627697431,-0.005032418138487155,3,SL,False
EURCHF,D,long,BULL_STRONG,2025-12-10 18:00:00+00:00,2025-12-11 10:00:00+00:00,0.93583,0.9332665083333334,-1.1257644654427459,-0.0056288223272137295,4,SL,False
GBPUSD,D,long,BULL_STRONG,2025-12-10 22:00:00+00:00,2025-12-17 02:00:00+00:00,1.33831,1.33822,0.6502188394018222,0.0032510941970091112,25,BE_STOP,True
PL,D,long,BULL_STRONG,2025-12-11 07:00:00+00:00,2025-12-12 11:00:00+00:00,1684.35,1751.6013035714286,1.8443657979096397,0.009221828989548198,7,TP2,True
GBPNZD,D,short,BEAR_STRONG,2025-12-11 10:00:00+00:00,2025-12-15 02:00:00+00:00,2.30257,2.312398566666667,-1.0457997356405764,-0.005228998678202882,10,SL,False
PA,D,long,BULL_STRONG,2025-12-11 23:00:00+00:00,2025-12-15 15:00:00+00:00,1542.125,1621.6920535714282,1.741270315999231,0.008706351579996156,10,TP2,True
CL,D,short,BEAR_STRONG,2025-12-15 11:00:00+00:00,2025-12-16 11:00:00+00:00,56.915,55.53601339285714,1.7745673862221194,0.008872836931110597,6,TP2,True
AUDNZD,D,short,BEAR_STRONG,2025-12-17 18:00:00+00:00,2025-12-19 02:00:00+00:00,1.14373,1.1474582708333334,-1.078724249254961,-0.005393621246274805,8,SL,False
CL,D,short,BEAR_STRONG,2025-12-18 11:00:00+00:00,2025-12-22 11:00:00+00:00,56.375,57.572895833333334,-1.0164934218637178,-0.005082467109318589,12,SL,False
GBPUSD,D,long,BULL_STRONG,2025-12-18 14:00:00+00:00,2025-12-23 22:00:00+00:00,1.3382300000000003,1.3527138321428576,1.7398292204297325,0.008699146102148662,20,TP2,True
EURGBP,D,short,BEAR_STRONG,2025-12-22 02:00:00+00:00,2025-12-25 22:00:00+00:00,0.87445,0.8715378919642858,1.5020315855719535,0.007510157927859767,17,TP2,True
USDCHF,D,short,BEAR_STRONG,2025-12-22 10:00:00+00:00,2025-12-23 10:00:00+00:00,0.79289,0.7874132857142858,1.64682372652764,0.0082341186326382,6,TP2,True
EURUSD,D,long,BULL_STRONG,2025-12-22 22:00:00+00:00,2025-12-30 22:00:00+00:00,1.1773900000000002,1.1741066874999997,-1.126775754017217,-0.005633878770086085,30,SL,False
EURNZD,D,short,BEAR_STRONG,2025-12-23 02:00:00+00:00,2025-12-29 06:00:00+00:00,2.02581,2.02598,0.6490783263905824,0.003245391631952912,19,BE_STOP,True
USDJPY,D,long,BULL_STRONG,2025-12-23 10:00:00+00:00,2026-01-08 10:00:00+00:00,156.349,156.95100000000002,0.6628943228547365,0.0033144716142736825,60,TIME,False
EURCAD,D,short,BEAR_STRONG,2025-12-24 06:00:00+00:00,2025-12-26 14:00:00+00:00,1.61331,1.6077152571428572,1.634778336118855,0.008173891680594274,8,TP2,True
PA,D,long,BULL_STRONG,2025-12-25 23:00:00+00:00,2025-12-29 03:00:00+00:00,1908.125,1908.0,0.7464764398968674,0.0037323821994843373,7,BE_STOP,True
CADCHF,D,long,BULL_STRONG,2025-12-29 02:00:00+00:00,2025-12-29 06:00:00+00:00,0.57792,0.5757831770833333,-1.1275706103858256,-0.0056378530519291285,1,SL,False
DAX,D,long,BULL_STRONG,2025-12-29 04:00:00+00:00,2025-12-29 08:00:00+00:00,24552.75,24449.734375,-1.0265408831168832,-0.005132704415584416,1,SL,False
DAX,D,long,BULL_STRONG,2025-12-29 16:00:00+00:00,2025-12-30 16:00:00+00:00,24537.75,24730.88058035714,1.8190322813658946,0.009095161406829474,6,TP2,True
AUDJPY,D,long,BULL_STRONG,2025-12-30 02:00:00+00:00,2025-12-30 10:00:00+00:00,104.78699999999999,104.43161458333333,-1.0935920357087763,-0.005467960178543881,2,SL,False
EURGBP,D,short,BEAR_STRONG,2025-12-30 06:00:00+00:00,2025-12-30 14:00:00+00:00,0.87071,0.8728129375000001,-1.1510133669609002,-0.005755066834804501,2,SL,False
CADCHF,D,long,BULL_STRONG,2025-12-30 18:00:00+00:00,2026-01-02 14:00:00+00:00,0.57845,0.5757831770833333,-1.1205463943761838,-0.005602731971880919,11,SL,False
CADJPY,D,long,BULL_STRONG,2025-12-31 14:00:00+00:00,2026-01-05 06:00:00+00:00,114.33699999999999,113.96248958333332,-1.1063106925788748,-0.0055315534628943746,10,SL,False
EURAUD,D,short,BEAR_STRONG,2026-01-05 02:00:00+00:00,2026-01-06 14:00:00+00:00,1.75035,1.738877041294643,1.7555611305992593,0.008777805652996297,9,TP2,True
EURCHF,D,short,BEAR_STRONG,2026-01-05 02:00:00+00:00,2026-01-05 06:00:00+00:00,0.92783,0.9293138593749999,-1.2282559349245734,-0.0061412796746228675,1,SL,False
EURGBP,D,short,BEAR_STRONG,2026-01-05 02:00:00+00:00,2026-01-05 18:00:00+00:00,0.87006,0.8660027098214286,1.4613155838056646,0.007306577919028323,4,TP2,True
SI,D,long,BULL_STRONG,2026-01-05 15:00:00+00:00,2026-01-07 11:00:00+00:00,76.5175,76.495,0.7344626521693597,0.0036723132608467986,11,BE_STOP,True
AUDJPY,D,long,BULL_STRONG,2026-01-05 22:00:00+00:00,2026-01-08 02:00:00+00:00,105.08699999999999,105.07,0.6142633815069651,0.0030713169075348257,13,BE_STOP,True
EURCHF,D,short,BEAR_STRONG,2026-01-06 02:00:00+00:00,2026-01-06 06:00:00+00:00,0.92805,0.9293138593749999,-1.2741915522733875,-0.006370957761366938,1,SL,False
ES,D,long,BULL_STRONG,2026-01-06 15:00:00+00:00,2026-01-08 03:00:00+00:00,6985.875,6944.427083333334,-1.0227368805478065,-0.0051136844027390325,9,SL,False
GBPUSD,D,long,BULL_STRONG,2026-01-07 02:00:00+00:00,2026-01-08 06:00:00+00:00,1.3509300000000002,1.3446390104166666,-1.049851752828452,-0.00524925876414226,7,SL,False
AUDUSD,D,long,BULL_STRONG,2026-01-07 14:00:00+00:00,2026-01-08 06:00:00+00:00,0.6729900000000001,0.6689171614583332,-1.0462530926304985,-0.005231265463152493,4,SL,False
AUDJPY,D,long,BULL_STRONG,2026-01-08 10:00:00+00:00,2026-01-12 10:00:00+00:00,105.067,105.94994196428571,1.6714317076958727,0.008357158538479363,12,TP2,True
SI,D,long,BULL_STRONG,2026-01-08 19:00:00+00:00,2026-01-12 03:00:00+00:00,76.71249999999999,84.49570814732142,1.7496969948737318,0.00874848497436866,8,TP2,True
GBPAUD,D,short,BEAR_STRONG,2026-01-08 22:00:00+00:00,2026-01-13 14:00:00+00:00,2.0061899999999997,2.012291375,-1.0591543444817109,-0.005295771722408554,16,SL,False
GBPCAD,D,long,BULL_STRONG,2026-01-12 14:00:00+00:00,2026-01-14 18:00:00+00:00,1.86792,1.862471875,-1.1007003055062168,-0.005503501527531084,13,SL,False
YM,D,long,BULL_STRONG,2026-01-12 19:00:00+00:00,2026-01-13 15:00:00+00:00,49763.5,49420.925833333335,-1.0160700531898,-0.005080350265949,5,SL,False
GBPCHF,D,long,BULL_STRONG,2026-01-13 10:00:00+00:00,2026-01-14 14:00:00+00:00,1.0759,1.07573,0.5454079361424652,0.002727039680712326,7,BE_STOP,True
PL,D,long,BULL_STRONG,2026-01-13 11:00:00+00:00,2026-01-14 23:00:00+00:00,2387.15,2275.4604166666663,-1.003957049971023,-0.0050197852498551155,9,SL,False
GBPNZD,D,long,BULL_STRONG,2026-01-14 10:00:00+00:00,2026-01-15 10:00:00+00:00,2.34147,2.3348278499999995,-1.0846404672327103,-0.005423202336163552,6,SL,False
GBPCHF,D,long,BULL_STRONG,2026-01-15 02:00:00+00:00,2026-01-15 10:00:00+00:00,1.07574,1.0731241999999999,-1.131083326518929,-0.005655416632594646,2,SL,False
PL,D,long,BULL_STRONG,2026-01-15 11:00:00+00:00,2026-01-16 15:00:00+00:00,2386.15,2275.4604166666663,-1.0039921555903493,-0.005019960777951747,7,SL,False
ES,D,long,BULL_STRONG,2026-01-15 11:00:00+00:00,2026-01-18 23:00:00+00:00,6999.125,6949.380104166667,-1.0189372487873218,-0.005094686243936609,9,SL,False
DAX,D,long,BULL_STRONG,2026-01-15 16:00:00+00:00,2026-01-19 00:00:00+00:00,25405.75,25267.419583333332,-1.0202242446084562,-0.005101121223042281,8,SL,False
EURAUD,D,short,BEAR_STRONG,2026-01-19 10:00:00+00:00,2026-01-20 06:00:00+00:00,1.73449,1.7387209166666666,-1.101658968623673,-0.0055082948431183654,5,SL,False
SI,D,long,BULL_STRONG,2026-01-19 11:00:00+00:00,2026-01-23 19:00:00+00:00,93.8325,103.492,1.7452904796587279,0.00872645239829364,26,TP2,True
EURAUD,D,short,BEAR_STRONG,2026-01-21 14:00:00+00:00,2026-01-22 06:00:00+00:00,1.73118,1.7164257678571428,1.677598449504725,0.008387992247523625,4,TP2,True
YM,D,long,BULL_STRONG,2026-01-27 07:00:00+00:00,2026-01-27 11:00:00+00:00,49476.5,49101.28879310345,-1.0146051814857961,-0.005073025907428981,1,SL,False
HG,D,long,BULL_STRONG,2026-01-27 07:00:00+00:00,2026-01-29 03:00:00+00:00,5.91025,6.162416964285716,1.7230810063495265,0.008615405031747634,11,TP2,True
AUDNZD,D,long,BULL_STRONG,2026-01-27 22:00:00+00:00,2026-01-28 14:00:00+00:00,1.16218,1.1592465333333333,-1.120394142622792,-0.00560197071311396,4,SL,False
PA,D,long,BULL_STRONG,2026-01-27 23:00:00+00:00,2026-01-29 15:00:00+00:00,1966.625,1966.5,0.7452122700725949,0.003726061350362975,10,BE_STOP,True
AUDNZD,D,long,BULL_STRONG,2026-01-28 18:00:00+00:00,2026-01-29 14:00:00+00:00,1.16188,1.1592465333333333,-1.1350386447282932,-0.005675193223641466,5,SL,False
EURGBP,D,short,BEAR_STRONG,2026-01-28 18:00:00+00:00,2026-01-30 06:00:00+00:00,0.86553,0.8675820833333334,-1.1281421474429907,-0.005640710737214953,9,SL,False
GBPCAD,D,long,BULL_STRONG,2026-01-28 22:00:00+00:00,2026-01-29 22:00:00+00:00,1.87047,1.8609647500000002,-1.051617878471386,-0.0052580893923569304,6,SL,False
GBPAUD,D,short,BEAR_STRONG,2026-01-29 14:00:00+00:00,2026-02-01 22:00:00+00:00,1.9657499999999999,1.9744272708333335,-1.0464549686665072,-0.005232274843332536,8,SL,False
HG,D,long,BULL_STRONG,2026-01-29 23:00:00+00:00,2026-01-30 15:00:00+00:00,6.03025,5.782162499999999,-1.0070184635640846,-0.005035092317820423,4,SL,False
NZDCHF,D,long,BULL_STRONG,2026-02-02 10:00:00+00:00,2026-02-05 10:00:00+00:00,0.46771,0.46449452916666667,-1.1265746484191697,-0.005632873242095849,18,SL,False
GBPNZD,D,short,BEAR_STRONG,2026-02-03 06:00:00+00:00,2026-02-04 06:00:00+00:00,2.2648699999999997,2.2739310625,-1.0491596814216775,-0.005245798407108387,6,SL,False
NZDCAD,D,long,BULL_STRONG,2026-02-04 06:00:00+00:00,2026-02-05 02:00:00+00:00,0.82213,0.8180171083333334,-1.0723068813709078,-0.005361534406854539,5,SL,False
GBPNZD,D,short,BEAR_STRONG,2026-02-05 10:00:00+00:00,2026-02-05 18:00:00+00:00,2.26484,2.2739310625,-1.0545986086298842,-0.005272993043149421,2,SL,False
GBPCHF,D,short,BEAR_STRONG,2026-02-05 14:00:00+00:00,2026-02-11 14:00:00+00:00,1.05261,1.05278,0.6829663216900874,0.0034148316084504373,24,BE_STOP,True
AUDNZD,D,long,BULL_STRONG,2026-02-09 02:00:00+00:00,2026-02-11 10:00:00+00:00,1.16795,1.1752668875000003,1.5319310151866716,0.007659655075933358,14,TP2,True
AUDCAD,D,long,BULL_STRONG,2026-02-09 14:00:00+00:00,2026-02-10 14:00:00+00:00,0.96201,0.9575644833333333,-1.0829563834390386,-0.005414781917195193,6,SL,False
EURCHF,D,short,BEAR_STRONG,2026-02-09 14:00:00+00:00,2026-02-23 14:00:00+00:00,0.91375,0.91323,0.2685223856448772,0.0013426119282243859,60,TIME,False
EURAUD,D,short,BEAR_STRONG,2026-02-09 22:00:00+00:00,2026-02-10 06:00:00+00:00,1.67961,1.6855238083333333,-1.070536023573212,-0.00535268011786606,2,SL,False
CADCHF,D,short,BEAR_STRONG,2026-02-10 14:00:00+00:00,2026-02-11 14:00:00+00:00,0.56669,0.5687686083333332,-1.1044408098396408,-0.005522204049198204,6,SL,False
AUDCAD,D,long,BULL_STRONG,2026-02-11 02:00:00+00:00,2026-02-13 06:00:00+00:00,0.96227,0.9621,0.6304507094009782,0.0031522535470048913,13,BE_STOP,True
CADCHF,D,short,BEAR_STRONG,2026-02-12 10:00:00+00:00,2026-02-19 14:00:00+00:00,0.56655,0.56672,0.597790817343454,0.00298895408671727,31,BE_STOP,True
EURAUD,D,short,BEAR_STRONG,2026-02-12 14:00:00+00:00,2026-02-26 14:00:00+00:00,1.67423,1.66407,1.199316245860063,0.005996581229300316,60,TIME,True
NZDCAD,D,long,BULL_STRONG,2026-02-16 10:00:00+00:00,2026-02-17 22:00:00+00:00,0.82307,0.8207322875,-1.1546467993334062,-0.005773233996667031,9,SL,False
PL,D,short,BEAR_STRONG,2026-02-16 11:00:00+00:00,2026-02-18 11:00:00+00:00,2028.45,2105.528333333333,-1.005366197366423,-0.005026830986832115,12,SL,False
PA,D,short,BEAR_STRONG,2026-02-17 11:00:00+00:00,2026-02-18 03:00:00+00:00,1674.375,1737.3525,-1.004119963406388,-0.00502059981703194,4,SL,False
EURGBP,D,long,BULL_STRONG,2026-02-18 14:00:00+00:00,2026-02-24 14:00:00+00:00,0.87329,0.8710088041666666,-1.233166716335719,-0.006165833581678595,24,SL,False
AUDJPY,D,long,BULL_STRONG,2026-02-19 02:00:00+00:00,2026-02-19 10:00:00+00:00,109.567,108.96583750000002,-1.0553602465067464,-0.005276801232533732,2,SL,False
CL,D,long,BULL_STRONG,2026-02-19 03:00:00+00:00,2026-02-25 15:00:00+00:00,65.245,65.23,0.7086682929416077,0.0035433414647080387,27,BE_STOP,True
AUDCHF,D,long,BULL_STRONG,2026-02-23 10:00:00+00:00,2026-02-24 14:00:00+00:00,0.54801,0.5445279375000001,-1.0895881040892221,-0.005447940520446111,7,SL,False
AUDCAD,D,long,BULL_STRONG,2026-02-24 02:00:00+00:00,2026-02-24 14:00:00+00:00,0.96801,0.9641600375,-1.0830229655872858,-0.005415114827936429,3,SL,False
AUDUSD,D,long,BULL_STRONG,2026-02-25 02:00:00+00:00,2026-02-27 18:00:00+00:00,0.7111500000000001,0.71151,0.04254363110555046,0.00021271815552775233,16,EOS,False
GBPAUD,D,short,BEAR_STRONG,2026-02-25 14:00:00+00:00,2026-02-26 14:00:00+00:00,1.90402,1.9096151208333334,-1.0712542285924513,-0.005356271142962257,6,SL,False
EURGBP,D,long,BULL_STRONG,2026-02-26 18:00:00+00:00,2026-02-27 18:00:00+00:00,0.87515,0.87613,0.7869435034710835,0.003934717517355418,6,EOS,True
YM,D,short,BEAR_STRONG,2026-03-03 15:00:00+00:00,2026-03-06 15:00:00+00:00,48610.5,47100.514107142866,1.7777741668289093,0.008888870834144547,18,TP2,True
NKD,D,short,BEAR_STRONG,2026-03-09 14:00:00+00:00,2026-03-10 10:00:00+00:00,53592.5,54532.5,-0.48271053531206387,-0.0024135526765603193,5,EOS,False
CL,D,long,BULL_STRONG,2026-03-10 02:00:00+00:00,2026-03-10 10:00:00+00:00,89.065,90.365,0.08063144338335591,0.0004031572169167796,2,EOS,False
