instrument,model,side,bias,entry_ts,exit_ts,entry,exit,r,pnl_pct,bars,reason,partial_tp1
EURCHF,C,short,BEAR_STRONG,2013-02-06 14:00:00+00:00,2013-02-11 18:00:00+00:00,1.22947,1.2341086224489797,-1.0429944131986075,-0.0052149720659930374,19,SL,False
EURCAD,C,long,BULL_STRONG,2013-02-06 14:00:00+00:00,2013-02-07 10:00:00+00:00,1.34726,1.3419235357142858,-1.0694123447231836,-0.005347061723615918,5,SL,False
CADCHF,A,short,BEAR_STRONG,2013-02-07 14:00:00+00:00,2013-02-14 06:00:00+00:00,0.91843,0.9186,0.8398770196954914,0.004199385098477457,28,BE_STOP,True
EURCAD,C,long,BULL_STRONG,2013-02-07 14:00:00+00:00,2013-02-14 06:00:00+00:00,1.338655,1.338485,1.4059745132695127,0.007029872566347564,28,BE_STOP,True
EURGBP,C,long,BULL_STRONG,2013-02-11 02:00:00+00:00,2013-02-11 22:00:00+00:00,0.846835,0.8562035637755103,2.5344899970121273,0.012672449985060636,5,TP2,True
EURCAD,C,long,BULL_STRONG,2013-02-14 10:00:00+00:00,2013-02-19 22:00:00+00:00,1.334855,1.3585824642857145,4.086799048047561,0.020433995240237805,21,TP2,True
NZDUSD,A,long,BULL_STRONG,2013-02-19 10:00:00+00:00,2013-02-20 10:00:00+00:00,0.84402,0.8377633999999999,-1.0386214121233797,-0.005193107060616898,6,SL,False
AUDCAD,B,short,NEUTRAL,2013-02-20 10:00:00+00:00,2013-02-22 06:00:00+00:00,1.04663,1.0502080357142856,-1.078205811894161,-0.005391029059470805,11,SL,False
EURCAD,C,long,BULL_STRONG,2013-02-21 06:00:00+00:00,2013-02-25 10:00:00+00:00,1.344925,1.3582038928571432,2.363933756756695,0.011819668783783474,13,TP2,True
EURCHF,C,short,BEAR_STRONG,2013-02-21 14:00:00+00:00,2013-02-25 14:00:00+00:00,1.2296,1.232134030612245,-1.1024284536527438,-0.005512142268263719,12,SL,False
EURCHF,C,short,BEAR_STRONG,2013-02-25 14:00:00+00:00,2013-03-06 02:00:00+00:00,1.22606,1.2293591836734694,-1.0133096693406385,-0.005066548346703193,39,SL,False
EURCAD,C,long,BULL_STRONG,2013-02-25 18:00:00+00:00,2013-03-01 14:00:00+00:00,1.34039,1.3342095714285716,-1.0844622964846842,-0.005422311482423421,23,SL,False
EURUSD,B,long,NEUTRAL,2013-02-27 06:00:00+00:00,2013-03-01 10:00:00+00:00,1.3084950000000002,1.300784821428571,-1.0437246052539246,-0.005218623026269623,13,SL,False
CADCHF,B,short,NEUTRAL,2013-03-04 06:00:00+00:00,2013-03-07 02:00:00+00:00,0.916425,0.9199433928571429,-1.0592222921444203,-0.005296111460722102,17,SL,False
NZDJPY,B,short,NEUTRAL,2013-03-13 09:00:00+00:00,2013-03-14 13:00:00+00:00,79.071,79.088,0.5956981193740437,0.0029784905968702185,7,BE_STOP,True
NZDCAD,B,long,NEUTRAL,2013-03-14 13:00:00+00:00,2013-03-28 13:00:00+00:00,0.84136,0.850015,1.5566235442110072,0.007783117721055036,60,TIME,True
CL,C,short,BEAR_STRONG,2013-03-18 14:00:00+00:00,2013-03-19 18:00:00+00:00,93.915,92.42175649350649,1.8361598667878536,0.009180799333939269,7,TP2,True
AUDCHF,B,long,NEUTRAL,2013-04-08 09:00:00+00:00,2013-04-15 01:00:00+00:00,0.973085,0.972915,0.5590755945912483,0.0027953779729562415,28,BE_STOP,True
CADCHF,B,long,NEUTRAL,2013-04-08 21:00:00+00:00,2013-04-15 01:00:00+00:00,0.91725,0.9129428571428571,-1.1204732389502743,-0.005602366194751371,25,SL,False
GBPCAD,B,short,NEUTRAL,2013-04-10 05:00:00+00:00,2013-04-15 01:00:00+00:00,1.554765,1.5605876785714285,-1.050890404675407,-0.005254452023377035,17,SL,False
EURAUD,B,short,NEUTRAL,2013-04-17 09:00:00+00:00,2013-04-23 01:00:00+00:00,1.27039,1.276562857142857,-1.0329600713945744,-0.005164800356972872,22,SL,False
EURCHF,B,short,NEUTRAL,2013-04-25 13:00:00+00:00,2013-05-07 05:00:00+00:00,1.230025,1.230195,0.6598751627225501,0.0032993758136127503,46,BE_STOP,True
USDJPY,B,long,NEUTRAL,2013-05-01 05:00:00+00:00,2013-05-09 17:00:00+00:00,97.613,99.75710312499999,2.474576015999212,0.012372880079996061,39,TP2,True
USDCHF,B,long,NEUTRAL,2013-05-02 05:00:00+00:00,2013-05-09 17:00:00+00:00,0.9278200000000001,0.9440106562499999,3.9992501631556294,0.019996250815778147,33,TP2,True
EURGBP,B,short,NEUTRAL,2013-05-23 05:00:00+00:00,2013-05-24 05:00:00+00:00,0.85548,0.8575341071428572,-1.1272577310207583,-0.005636288655103792,6,SL,False
NZDJPY,B,long,NEUTRAL,2013-05-27 21:00:00+00:00,2013-05-29 05:00:00+00:00,82.0115,81.9945,0.6560834014350412,0.003280417007175206,8,BE_STOP,True
AUDCHF,A,short,BEAR_STRONG,2013-06-17 21:00:00+00:00,2013-06-19 17:00:00+00:00,0.88257,0.8623676000000001,2.308349605866649,0.011541748029333245,11,TP2,True
GBPUSD,C,long,BULL_STRONG,2013-06-25 13:00:00+00:00,2013-06-26 05:00:00+00:00,1.5427300000000002,1.5373620907142858,-1.0579741301784684,-0.005289870650892342,4,SL,False
NZDCHF,A,short,BEAR_STRONG,2013-06-26 17:00:00+00:00,2013-06-27 09:00:00+00:00,0.73464,0.7415002666666668,-1.0407830679394938,-0.005203915339697469,4,SL,False
EURNZD,A,long,BULL_STRONG,2013-06-26 21:00:00+00:00,2013-06-27 09:00:00+00:00,1.67374,1.6602524892857142,-1.0303602984577502,-0.0051518014922887516,3,SL,False
NZDCHF,A,short,BEAR_STRONG,2013-06-27 13:00:00+00:00,2013-07-04 09:00:00+00:00,0.73537,0.7413609809523811,-1.0125325611948897,-0.0050626628059744485,29,SL,False
EURNZD,A,long,BULL_STRONG,2013-06-27 13:00:00+00:00,2013-07-04 09:00:00+00:00,1.675305,1.660184275,-1.0404356778684647,-0.005202178389342323,29,SL,False
CADJPY,B,short,NEUTRAL,2013-07-02 01:00:00+00:00,2013-07-02 13:00:00+00:00,94.72850000000001,95.23253571428572,-1.0621350531641778,-0.005310675265820889,3,SL,False
EURJPY,B,short,NEUTRAL,2013-07-02 05:00:00+00:00,2013-07-02 13:00:00+00:00,129.903,130.89199999999997,-1.0362000205761284,-0.005181000102880642,2,SL,False
CADJPY,B,short,NEUTRAL,2013-07-04 05:00:00+00:00,2013-07-05 09:00:00+00:00,94.849,95.52355357142856,-1.0384438030578655,-0.005192219015289328,7,SL,False
EURJPY,B,short,NEUTRAL,2013-07-04 05:00:00+00:00,2013-07-09 05:00:00+00:00,129.583,130.56199999999998,-1.0209372349272308,-0.005104686174636154,18,SL,False
AUDCAD,B,long,NEUTRAL,2013-07-04 05:00:00+00:00,2013-07-11 13:00:00+00:00,0.9595,0.9514133928571429,-1.0700211580538206,-0.005350105790269103,32,SL,False
ES,B,short,NEUTRAL,2013-07-10 06:00:00+00:00,2013-07-10 18:00:00+00:00,1643.375,1651.6785714285713,-1.0638790990990998,-0.005319395495495499,3,SL,False
AUDCHF,B,long,NEUTRAL,2013-07-15 01:00:00+00:00,2013-07-29 01:00:00+00:00,0.861925,0.859575,-0.3174094980061515,-0.0015870474900307574,60,TIME,False
GBPUSD,A,short,BEAR_STRONG,2013-07-15 09:00:00+00:00,2013-07-17 05:00:00+00:00,1.5099649999999998,1.519579166666667,-1.0284954169218796,-0.005142477084609398,11,SL,False
USDCHF,A,long,BULL_STRONG,2013-07-15 09:00:00+00:00,2013-07-16 13:00:00+00:00,0.949735,0.9404549999999999,-1.0275258868335184,-0.005137629434167592,7,SL,False
EURGBP,A,long,BULL_STRONG,2013-07-24 05:00:00+00:00,2013-07-25 05:00:00+00:00,0.861605,0.8594584488095237,-1.1723328500882044,-0.005861664250441022,6,SL,False
EURNZD,B,short,NEUTRAL,2013-08-01 09:00:00+00:00,2013-08-01 13:00:00+00:00,1.672365,1.6789798214285714,-1.0627063301100017,-0.005313531650550009,1,SL,False
CHFJPY,B,short,NEUTRAL,2013-08-05 01:00:00+00:00,2013-08-07 05:00:00+00:00,106.21300000000001,104.39354,2.065691260983728,0.01032845630491864,13,TP2,True
CL,B,short,NEUTRAL,2013-08-15 10:00:00+00:00,2013-08-25 22:00:00+00:00,107.155,107.17,0.7460398816178854,0.003730199408089427,39,BE_STOP,True
AUDJPY,A,short,BEAR_STRONG,2013-08-26 05:00:00+00:00,2013-08-27 17:00:00+00:00,88.917,86.95434333333333,2.468378911644709,0.012341894558223545,9,TP2,True
GBPAUD,B,long,NEUTRAL,2013-09-05 05:00:00+00:00,2013-09-06 09:00:00+00:00,1.709295,1.6959324999999998,-1.034815334470343,-0.005174076672351715,7,SL,False
NZDUSD,B,short,NEUTRAL,2013-09-09 01:00:00+00:00,2013-09-10 01:00:00+00:00,0.79799,0.8033603571428571,-1.0325202624281433,-0.005162601312140717,6,SL,False
AUDNZD,A,long,BULL_STRONG,2013-09-09 21:00:00+00:00,2013-09-11 21:00:00+00:00,1.151965,1.1474285404761904,-1.0987699754568514,-0.005493849877284257,12,SL,False
ES,B,short,NEUTRAL,2013-09-12 14:00:00+00:00,2013-09-15 22:00:00+00:00,1685.375,1692.7232142857142,-1.0731126248399494,-0.005365563124199747,8,SL,False
EURJPY,A,long,BULL_STRONG,2013-09-16 01:00:00+00:00,2013-09-19 05:00:00+00:00,132.237,133.70980000000006,1.826961348955025,0.009134806744775124,19,TP2,True
CADJPY,A,long,BULL_STRONG,2013-09-17 05:00:00+00:00,2013-09-18 17:00:00+00:00,96.176,95.73301166666667,-1.0832526086395067,-0.005416263043197533,9,SL,False
CADCHF,B,long,NEUTRAL,2013-09-23 05:00:00+00:00,2013-09-27 05:00:00+00:00,0.88565,0.8799308928571429,-1.0890217087691072,-0.005445108543845536,24,SL,False
EURCAD,B,short,NEUTRAL,2013-09-23 05:00:00+00:00,2013-09-27 09:00:00+00:00,1.391815,1.3985473214285713,-1.025121308334922,-0.00512560654167461,25,SL,False
CADJPY,A,long,BULL_STRONG,2013-09-24 01:00:00+00:00,2013-09-24 13:00:00+00:00,96.0855,95.70876642857142,-1.084651454350131,-0.005423257271750656,3,SL,False
AUDJPY,A,long,BULL_STRONG,2013-09-24 17:00:00+00:00,2013-09-25 05:00:00+00:00,92.75,92.14332,-1.0508496133496061,-0.005254248066748031,3,SL,False
GBPJPY,A,long,BULL_STRONG,2013-09-24 17:00:00+00:00,2013-09-29 21:00:00+00:00,158.047,158.03,0.587046663712638,0.0029352333185631903,19,BE_STOP,True
AUDJPY,A,long,BULL_STRONG,2013-09-26 05:00:00+00:00,2013-09-27 05:00:00+00:00,92.76599999999999,92.13275,-1.0567744259634828,-0.005283872129817414,6,SL,False
AUDUSD,A,long,BULL_STRONG,2013-09-26 17:00:00+00:00,2013-09-27 09:00:00+00:00,0.936605,0.9303044166666666,-1.0356044976988261,-0.005178022488494131,4,SL,False
NQ,B,long,NEUTRAL,2013-10-09 06:00:00+00:00,2013-10-09 10:00:00+00:00,3160.375,3137.2678571428573,-1.0276186017282012,-0.005138093008641006,1,SL,False
NQ,B,long,NEUTRAL,2013-10-10 06:00:00+00:00,2013-10-14 14:00:00+00:00,3157.375,3238.282978723404,1.9672728335004295,0.009836364167502148,14,TP2,True
EURJPY,B,short,NEUTRAL,2013-10-15 05:00:00+00:00,2013-10-17 21:00:00+00:00,133.453,133.99557142857142,-1.048867610763787,-0.005244338053818936,16,SL,False
EURNZD,B,long,NEUTRAL,2013-10-15 17:00:00+00:00,2013-10-16 05:00:00+00:00,1.614425,1.60390125,-1.0382488953277804,-0.005191244476638902,3,SL,False
NZDJPY,B,short,NEUTRAL,2013-10-17 05:00:00+00:00,2013-10-22 13:00:00+00:00,82.912,83.69689285714286,-1.0177208055439229,-0.005088604027719614,20,SL,False
GBPUSD,B,short,NEUTRAL,2013-10-21 01:00:00+00:00,2013-10-22 09:00:00+00:00,1.6164199999999997,1.62007625,-1.0802800701016835,-0.005401400350508417,8,SL,False
USDCHF,B,long,NEUTRAL,2013-10-21 05:00:00+00:00,2013-10-22 09:00:00+00:00,0.9038200000000001,0.9003669642857142,-1.073307220304791,-0.005366536101523956,7,SL,False
AUDNZD,B,short,NEUTRAL,2013-10-23 17:00:00+00:00,2013-10-24 09:00:00+00:00,1.146025,1.151967857142857,-1.0572408933432336,-0.0052862044667161675,4,SL,False
GBPUSD,B,short,NEUTRAL,2013-10-24 09:00:00+00:00,2013-10-25 01:00:00+00:00,1.6146249999999998,1.6245275000000001,-1.032208662420396,-0.00516104331210198,4,SL,False
NZDCAD,B,short,NEUTRAL,2013-11-06 14:00:00+00:00,2013-11-12 18:00:00+00:00,0.87419,0.8592977800000001,2.037727936657557,0.010188639683287785,25,TP2,True
EURNZD,B,long,NEUTRAL,2013-11-06 14:00:00+00:00,2013-11-07 10:00:00+00:00,1.61269,1.6021407142857143,-1.0381313908196275,-0.005190656954098137,5,SL,False
GBPAUD,A,long,BULL_STRONG,2013-11-19 10:00:00+00:00,2013-11-21 06:00:00+00:00,1.710595,1.7317750000000003,1.8992746290762572,0.009496373145381286,11,TP2,True
EURNZD,B,short,NEUTRAL,2013-11-25 10:00:00+00:00,2013-11-26 14:00:00+00:00,1.64681,1.6577144642857142,-1.0326568136675935,-0.005163284068337968,7,SL,False
GBPCHF,A,long,BULL_STRONG,2013-11-26 06:00:00+00:00,2013-11-29 14:00:00+00:00,1.47082,1.4828472,2.416975308983457,0.012084876544917285,20,TP2,True
EURAUD,A,long,BULL_STRONG,2013-12-02 14:00:00+00:00,2013-12-05 06:00:00+00:00,1.48869,1.5099556,2.030489013086015,0.010152445065430076,16,TP2,True
CL,B,short,NEUTRAL,2013-12-03 11:00:00+00:00,2013-12-03 15:00:00+00:00,94.935,95.39642857142856,-1.050612352000003,-0.005253061760000015,1,SL,False
CADJPY,B,short,NEUTRAL,2013-12-09 10:00:00+00:00,2013-12-09 14:00:00+00:00,96.616,97.05314285714286,-1.0726568106086258,-0.005363284053043129,1,SL,False
CADJPY,B,short,NEUTRAL,2013-12-10 10:00:00+00:00,2013-12-12 22:00:00+00:00,96.797,97.44332142857142,-1.0326567300380163,-0.005163283650190082,15,SL,False
GBPAUD,A,long,BULL_STRONG,2013-12-10 22:00:00+00:00,2013-12-12 10:00:00+00:00,1.79962,1.821569666666667,1.9112805873436258,0.009556402936718129,9,TP2,True
NQ,A,long,BULL_STRONG,2013-12-16 07:00:00+00:00,2013-12-18 15:00:00+00:00,3474.125,3449.375,-1.0267868717948718,-0.0051339343589743595,14,SL,False
GBPCHF,A,short,BEAR_STRONG,2013-12-23 10:00:00+00:00,2013-12-26 10:00:00+00:00,1.461355,1.4715675,-1.0273427632561618,-0.005136713816280809,12,SL,False
AUDCHF,B,short,NEUTRAL,2014-01-06 06:00:00+00:00,2014-01-13 06:00:00+00:00,0.809555,0.8154191071428571,-1.0058547721642055,-0.005029273860821027,30,SL,False
AUDCAD,B,short,NEUTRAL,2014-01-08 14:00:00+00:00,2014-01-10 10:00:00+00:00,0.96219,0.9685155357142857,-1.0413784618955069,-0.005206892309477534,11,SL,False
AUDUSD,B,short,NEUTRAL,2014-01-14 02:00:00+00:00,2014-01-15 22:00:00+00:00,0.90386,0.882185,3.122481367037318,0.01561240683518659,11,TP2,True
AUDNZD,A,short,BEAR_STRONG,2014-01-20 06:00:00+00:00,2014-01-30 02:00:00+00:00,1.067145,1.067315,1.225301330711212,0.00612650665355606,47,BE_STOP,True
CL,A,short,BEAR_STRONG,2014-01-20 07:00:00+00:00,2014-01-21 07:00:00+00:00,93.965,94.80709999999999,-1.0272242775964224,-0.005136121387982112,5,SL,False
GBPUSD,B,short,NEUTRAL,2014-01-20 22:00:00+00:00,2014-01-21 10:00:00+00:00,1.641765,1.6456773214285714,-1.0836787554310148,-0.005418393777155074,3,SL,False
GBPUSD,A,long,BULL_STRONG,2014-01-27 02:00:00+00:00,2014-01-31 14:00:00+00:00,1.65125,1.6435024214285712,-1.0576128597160224,-0.005288064298580112,27,SL,False
EURJPY,B,long,NEUTRAL,2014-01-30 02:00:00+00:00,2014-01-31 02:00:00+00:00,139.837,138.73907142857144,-1.038464317716246,-0.00519232158858123,6,SL,False
AUDCHF,B,long,NEUTRAL,2014-01-30 06:00:00+00:00,2014-02-05 22:00:00+00:00,0.7856650000000001,0.8102369166666666,2.0847531929681042,0.010423765964840521,28,TP2,True
AUDUSD,B,short,NEUTRAL,2014-02-05 02:00:00+00:00,2014-02-05 22:00:00+00:00,0.8891549999999999,0.8964741071428571,-1.0296691826198696,-0.005148345913099348,5,SL,False
GBPCHF,B,long,NEUTRAL,2014-02-05 02:00:00+00:00,2014-02-05 06:00:00+00:00,1.4771050000000001,1.4718457142857142,-1.0740368533333313,-0.005370184266666657,1,SL,False
NZDUSD,B,short,NEUTRAL,2014-02-11 14:00:00+00:00,2014-02-12 06:00:00+00:00,0.83339,0.8358619642857144,-1.086766456256103,-0.005433832281280515,4,SL,False
AUDCAD,A,long,BULL_STRONG,2014-02-18 22:00:00+00:00,2014-02-21 06:00:00+00:00,0.986185,1.0023757000000002,2.6809188114923344,0.013404594057461671,14,TP2,True
GBPNZD,B,short,NEUTRAL,2014-02-20 10:00:00+00:00,2014-03-06 06:00:00+00:00,2.0141099999999996,1.975685612244898,2.214288152841043,0.011071440764205217,59,TP2,True
USDJPY,A,short,BEAR_STRONG,2014-02-26 06:00:00+00:00,2014-02-26 14:00:00+00:00,102.321,102.61280000000001,-1.08247857142857,-0.005412392857142851,2,SL,False
GBPAUD,B,short,NEUTRAL,2014-03-04 02:00:00+00:00,2014-03-12 21:00:00+00:00,1.86468,1.8320634090909091,2.7528288100715983,0.013764144050357991,41,TP2,True
AUDUSD,B,short,NEUTRAL,2014-03-10 01:00:00+00:00,2014-03-12 09:00:00+00:00,0.90354,0.8925275,1.698145570264076,0.00849072785132038,14,TP2,True
CADJPY,B,short,NEUTRAL,2014-03-10 05:00:00+00:00,2014-03-13 13:00:00+00:00,92.8835,92.9005,0.5637461301298047,0.0028187306506490236,20,BE_STOP,True
AUDCAD,B,short,NEUTRAL,2014-03-12 09:00:00+00:00,2014-03-12 17:00:00+00:00,0.997275,1.0001382142857143,-1.1149624452990357,-0.005574812226495179,2,SL,False
GBPCAD,A,long,BULL_STRONG,2014-03-12 17:00:00+00:00,2014-03-13 17:00:00+00:00,1.84803,1.8419795095238096,-1.0814088896050955,-0.005407044448025478,6,SL,False
EURCHF,A,short,BEAR_STRONG,2014-03-18 05:00:00+00:00,2014-03-18 13:00:00+00:00,1.2154449999999999,1.2174246666666666,-1.187969589242952,-0.00593984794621476,2,SL,False
USDCAD,B,long,NEUTRAL,2014-03-31 09:00:00+00:00,2014-04-04 09:00:00+00:00,1.1012600000000001,1.0985885714285712,-1.1410755285003242,-0.0057053776425016215,24,SL,False
CADCHF,B,short,NEUTRAL,2014-04-01 05:00:00+00:00,2014-04-02 05:00:00+00:00,0.797885,0.8023080357142857,-1.0544796506696907,-0.0052723982533484535,6,SL,False
EURCAD,B,long,NEUTRAL,2014-04-01 05:00:00+00:00,2014-04-02 09:00:00+00:00,1.526495,1.518909107142857,-1.0584837602639126,-0.005292418801319563,7,SL,False
AUDCAD,B,short,NEUTRAL,2014-04-15 01:00:00+00:00,2014-04-16 13:00:00+00:00,1.030615,1.0348801785714286,-1.0645359159290129,-0.005322679579645064,9,SL,False
AUDCAD,B,short,NEUTRAL,2014-04-17 05:00:00+00:00,2014-05-01 05:00:00+00:00,1.029925,1.020145,1.7151188978036012,0.008575594489018006,60,TIME,True
YM,B,short,NEUTRAL,2014-04-21 10:00:00+00:00,2014-04-22 10:00:00+00:00,16374.5,16409.928571428572,-1.082819873684208,-0.0054140993684210405,6,SL,False
NZDCHF,A,long,BULL_STRONG,2014-04-21 13:00:00+00:00,2014-04-23 05:00:00+00:00,0.757655,0.757485,0.5877885405004831,0.0029389427025024156,10,BE_STOP,True
GBPAUD,A,short,BEAR_STRONG,2014-04-22 01:00:00+00:00,2014-04-23 01:00:00+00:00,1.79585,1.8015806333333333,-1.06679436994587,-0.00533397184972935,6,SL,False
AUDJPY,A,long,BULL_STRONG,2014-04-29 05:00:00+00:00,2014-05-05 01:00:00+00:00,95.035,94.512,-1.089535375494063,-0.005447676877470315,23,SL,False
USDCAD,B,long,NEUTRAL,2014-05-01 05:00:00+00:00,2014-05-02 13:00:00+00:00,1.0966000000000002,1.0943251785714283,-1.125192840212551,-0.005625964201062756,8,SL,False
NZDCAD,B,short,NEUTRAL,2014-05-05 05:00:00+00:00,2014-05-06 01:00:00+00:00,0.95008,0.9536464285714286,-1.0892146540483725,-0.005446073270241863,5,SL,False
AUDUSD,B,short,NEUTRAL,2014-05-07 01:00:00+00:00,2014-05-08 05:00:00+00:00,0.933835,0.9377964285714286,-1.0492678339483477,-0.005246339169741738,7,SL,False
USDCAD,A,short,BEAR_STRONG,2014-05-12 09:00:00+00:00,2014-05-13 05:00:00+00:00,1.0881899999999998,1.0916565666666669,-1.0717730831120735,-0.005358865415560367,5,SL,False
EURJPY,B,long,NEUTRAL,2014-05-12 21:00:00+00:00,2014-05-13 09:00:00+00:00,140.697,140.1462142857143,-1.0687496480663665,-0.005343748240331832,3,SL,False
EURCHF,B,short,NEUTRAL,2014-05-13 05:00:00+00:00,2014-05-15 05:00:00+00:00,1.220865,1.221035,0.34898590001810637,0.0017449295000905318,12,BE_STOP,True
USDCAD,A,short,BEAR_STRONG,2014-05-14 13:00:00+00:00,2014-05-20 13:00:00+00:00,1.0877649999999999,1.0916565666666669,-1.0321675537278856,-0.005160837768639428,24,SL,False
AUDUSD,B,long,NEUTRAL,2014-05-21 21:00:00+00:00,2014-06-03 01:00:00+00:00,0.92323,0.92314,0.5872199427308299,0.0029360997136541494,49,BE_STOP,True
CL,B,short,NEUTRAL,2014-05-26 06:00:00+00:00,2014-05-27 02:00:00+00:00,104.095,104.50178571428572,-1.0595417319963547,-0.005297708659981774,4,SL,False
NZDJPY,A,short,BEAR_STRONG,2014-05-28 01:00:00+00:00,2014-05-28 13:00:00+00:00,87.02250000000001,86.22267,2.0620771275650016,0.010310385637825008,3,TP2,True
GBPUSD,B,long,NEUTRAL,2014-05-29 09:00:00+00:00,2014-06-12 09:00:00+00:00,1.6712350000000002,1.6839449999999998,2.9497569149432334,0.014748784574716168,60,TIME,True
AUDJPY,B,short,NEUTRAL,2014-06-05 01:00:00+00:00,2014-06-05 09:00:00+00:00,95.173,95.47230357142857,-1.107417061167675,-0.005537085305838375,2,SL,False
EURCHF,B,long,NEUTRAL,2014-06-09 05:00:00+00:00,2014-06-10 13:00:00+00:00,1.219415,1.2181448214285715,-1.3551406200292706,-0.006775703100146353,8,SL,False
EURJPY,B,long,NEUTRAL,2014-06-12 01:00:00+00:00,2014-06-12 09:00:00+00:00,138.257,137.82192857142857,-1.0869611686314593,-0.005434805843157297,2,SL,False
GBPAUD,B,short,NEUTRAL,2014-06-18 05:00:00+00:00,2014-07-02 05:00:00+00:00,1.81425,1.81514,-0.07364902893786102,-0.0003682451446893051,60,TIME,False
NZDCAD,B,long,NEUTRAL,2014-06-25 05:00:00+00:00,2014-06-30 01:00:00+00:00,0.933745,0.933575,0.7215497217023201,0.0036077486085116005,17,BE_STOP,True
GBPCHF,B,short,NEUTRAL,2014-07-09 13:00:00+00:00,2014-07-15 05:00:00+00:00,1.527935,1.528105,0.6571812256445719,0.0032859061282228597,22,BE_STOP,True
EURCHF,A,short,BEAR_STRONG,2014-07-15 13:00:00+00:00,2014-07-18 13:00:00+00:00,1.215135,1.215305,0.21088203918199952,0.0010544101959099976,18,BE_STOP,True
GBPNZD,B,short,NEUTRAL,2014-07-17 13:00:00+00:00,2014-07-17 21:00:00+00:00,1.966705,1.9751523214285713,-1.053802272129097,-0.0052690113606454845,2,SL,False
NQ,A,long,BULL_STRONG,2014-07-28 02:00:00+00:00,2014-07-28 14:00:00+00:00,3952.625,3935.7228571428573,-1.0418227158786415,-0.0052091135793932075,3,SL,False
GBPCHF,A,long,BULL_STRONG,2014-07-29 09:00:00+00:00,2014-07-31 05:00:00+00:00,1.534515,1.534345,0.4526254025072017,0.0022631270125360084,11,BE_STOP,True
EURGBP,A,short,BEAR_STRONG,2014-07-30 13:00:00+00:00,2014-07-31 05:00:00+00:00,0.7915449999999999,0.7930141666666667,-1.21615109685695,-0.0060807554842847505,4,SL,False
AUDNZD,A,long,BULL_STRONG,2014-08-04 01:00:00+00:00,2014-08-07 05:00:00+00:00,1.09507,1.0949,0.8297121572344278,0.0041485607861721395,19,BE_STOP,True
CADCHF,B,long,NEUTRAL,2014-08-04 17:00:00+00:00,2014-08-08 09:00:00+00:00,0.831555,0.8277807142857143,-1.1210829924692833,-0.0056054149623464165,22,SL,False
GBPCHF,B,long,NEUTRAL,2014-08-05 01:00:00+00:00,2014-08-06 13:00:00+00:00,1.52969,1.52952,0.6406128377412081,0.0032030641887060406,9,BE_STOP,True
AUDNZD,C,long,BULL_STRONG,2014-08-07 05:00:00+00:00,2014-08-12 21:00:00+00:00,1.0953600000000001,1.1016823414285712,1.5543824568151514,0.0077719122840757575,22,TP2,True
EURGBP,B,short,NEUTRAL,2014-08-07 09:00:00+00:00,2014-08-08 05:00:00+00:00,0.79488,0.7965121428571429,-1.192377371763559,-0.005961886858817795,5,SL,False
NQ,B,long,NEUTRAL,2014-08-07 14:00:00+00:00,2014-08-07 18:00:00+00:00,3874.625,3844.9285714285716,-1.0233607308160781,-0.005116803654080391,1,SL,False
AUDNZD,C,long,BULL_STRONG,2014-08-14 05:00:00+00:00,2014-08-14 09:00:00+00:00,1.095675,1.092803237142857,-1.119697588981587,-0.005598487944907935,1,SL,False
NQ,B,short,NEUTRAL,2014-08-14 06:00:00+00:00,2014-08-14 10:00:00+00:00,3944.375,3954.7946428571427,-1.0687480888888903,-0.005343740444444451,1,SL,False
AUDNZD,C,long,BULL_STRONG,2014-08-14 09:00:00+00:00,2014-08-18 13:00:00+00:00,1.095775,1.1010934128571428,1.4701242739380775,0.007350621369690388,13,TP2,True
AUDUSD,A,short,BEAR_STRONG,2014-08-19 13:00:00+00:00,2014-08-21 13:00:00+00:00,0.930585,0.930675,0.6169924097732431,0.0030849620488662154,12,BE_STOP,True
GBPJPY,A,short,BEAR_STRONG,2014-08-28 09:00:00+00:00,2014-08-29 05:00:00+00:00,171.973,172.45716666666664,-1.0879262647163737,-0.005439631323581868,5,SL,False
AUDUSD,B,long,NEUTRAL,2014-09-03 01:00:00+00:00,2014-09-03 09:00:00+00:00,0.9280050000000001,0.933676414893617,1.72207957038241,0.00861039785191205,2,TP2,True
EURAUD,A,short,BEAR_STRONG,2014-09-09 21:00:00+00:00,2014-09-10 05:00:00+00:00,1.40494,1.4164014666666667,-1.0324751080461947,-0.005162375540230974,2,SL,False
ES,C,long,BULL_STRONG,2014-09-10 02:00:00+00:00,2014-09-12 14:00:00+00:00,1986.875,1986.5,0.5498892067415501,0.0027494460337077506,15,BE_STOP,True
AUDNZD,C,long,BULL_STRONG,2014-09-10 09:00:00+00:00,2014-09-11 01:00:00+00:00,1.11228,1.1183094308510642,1.5243136907503336,0.007621568453751669,4,TP2,True
YM,C,long,BULL_STRONG,2014-09-15 02:00:00+00:00,2014-09-16 02:00:00+00:00,16942.5,16941.0,1.0018453588338687,0.0050092267941693434,6,BE_STOP,True
ES,C,long,BULL_STRONG,2014-09-15 02:00:00+00:00,2014-09-16 10:00:00+00:00,1978.375,1970.6387034161492,-1.0724424011348603,-0.005362212005674302,8,SL,False
NQ,C,long,BULL_STRONG,2014-09-15 14:00:00+00:00,2014-09-17 22:00:00+00:00,4021.375,4069.4282608695653,2.4224719632617333,0.012112359816308666,14,TP2,True
YM,C,long,BULL_STRONG,2014-09-16 02:00:00+00:00,2014-09-16 10:00:00+00:00,16945.5,16893.114285714288,-1.0561186973610353,-0.005280593486805176,2,SL,False
ES,C,long,BULL_STRONG,2014-09-16 10:00:00+00:00,2014-09-17 18:00:00+00:00,1978.875,2002.8638586956522,2.5379455883836344,0.012689727941918172,8,TP2,True
YM,C,long,BULL_STRONG,2014-09-16 10:00:00+00:00,2014-09-17 10:00:00+00:00,16945.5,17077.646739130432,2.107238915496648,0.01053619457748324,6,TP2,True
ES,C,long,BULL_STRONG,2014-09-22 14:00:00+00:00,2014-09-23 06:00:00+00:00,1985.875,1978.2675077639751,-1.0738154957624158,-0.005369077478812079,4,SL,False
ES,C,long,BULL_STRONG,2014-09-23 06:00:00+00:00,2014-09-23 18:00:00+00:00,1980.875,1972.8005046583853,-1.069286359213268,-0.00534643179606634,3,SL,False
NZDJPY,A,long,BULL_STRONG,2014-09-23 17:00:00+00:00,2014-09-25 05:00:00+00:00,87.696,87.1515,-1.0649809289099443,-0.005324904644549722,9,SL,False
ES,C,long,BULL_STRONG,2014-09-23 22:00:00+00:00,2014-09-25 14:00:00+00:00,1975.375,1966.7263586956524,-1.0644250796466006,-0.0053221253982330035,10,SL,False
YM,C,long,BULL_STRONG,2014-09-25 14:00:00+00:00,2014-09-29 10:00:00+00:00,16873.5,16872.0,1.0395254758413202,0.005197627379206601,11,BE_STOP,True
CHFJPY,A,long,BULL_STRONG,2014-09-25 17:00:00+00:00,2014-09-30 09:00:00+00:00,114.907,114.423,-1.0922633404710835,-0.005461316702355418,16,SL,False
NQ,C,long,BULL_STRONG,2014-09-25 22:00:00+00:00,2014-10-01 14:00:00+00:00,4012.375,3990.8353260869567,-1.0328845132629743,-0.005164422566314871,22,SL,False
CL,A,short,BEAR_STRONG,2014-09-25 22:00:00+00:00,2014-09-26 14:00:00+00:00,92.575,93.663,-1.020881640260951,-0.005104408201304755,4,SL,False
YM,C,long,BULL_STRONG,2014-09-29 10:00:00+00:00,2014-10-01 10:00:00+00:00,16899.5,16898.0,0.8699576626380017,0.004349788313190008,12,BE_STOP,True
GBPUSD,B,long,NEUTRAL,2014-10-01 09:00:00+00:00,2014-10-02 09:00:00+00:00,1.6221050000000001,1.6139607142857142,-1.0430944111387193,-0.005215472055693596,6,SL,False
EURCAD,B,long,NEUTRAL,2014-10-06 09:00:00+00:00,2014-10-06 13:00:00+00:00,1.40801,1.4044773214285715,-1.109175287557755,-0.005545876437788775,1,SL,False
NZDCAD,A,short,BEAR_STRONG,2014-10-06 13:00:00+00:00,2014-10-07 13:00:00+00:00,0.87301,0.8786660845238095,-1.0441519628341065,-0.005220759814170532,6,SL,False
NZDCHF,A,short,BEAR_STRONG,2014-10-06 21:00:00+00:00,2014-10-09 01:00:00+00:00,0.75004,0.75510325,-1.0357646962652645,-0.0051788234813263225,13,SL,False
NZDCAD,A,short,BEAR_STRONG,2014-10-07 21:00:00+00:00,2014-10-08 17:00:00+00:00,0.872925,0.8777757273809523,-1.0624282245509773,-0.005312141122754886,5,SL,False
NZDCHF,A,short,BEAR_STRONG,2014-10-09 21:00:00+00:00,2014-10-21 01:00:00+00:00,0.74962,0.75510325,-0.985874333035337,-0.0049293716651766855,43,SL,False
CADCHF,B,long,NEUTRAL,2014-10-14 13:00:00+00:00,2014-10-14 17:00:00+00:00,0.847645,0.8435623214285715,-1.0737781789968528,-0.005368890894984264,1,SL,False
AUDNZD,B,long,NEUTRAL,2014-10-16 21:00:00+00:00,2014-10-29 17:00:00+00:00,1.10509,1.12495925,2.037277778394407,0.010186388891972036,53,TP2,True
GBPUSD,A,short,BEAR_STRONG,2014-10-22 17:00:00+00:00,2014-10-27 09:00:00+00:00,1.60496,1.6117299333333335,-1.0381282847134417,-0.005190641423567208,16,SL,False
NZDUSD,A,short,BEAR_STRONG,2014-10-29 13:00:00+00:00,2014-11-02 22:00:00+00:00,0.795195,0.77551,2.3207910735284454,0.011603955367642227,14,TP2,True
GBPNZD,B,short,NEUTRAL,2014-11-03 06:00:00+00:00,2014-11-03 10:00:00+00:00,2.0581799999999997,2.0650557142857147,-1.0683216105667097,-0.005341608052833549,1,SL,False
EURGBP,B,long,NEUTRAL,2014-11-04 02:00:00+00:00,2014-11-13 14:00:00+00:00,0.78287,0.7927390799999999,2.1888970490276427,0.010944485245138214,45,TP2,True
GBPUSD,B,long,NEUTRAL,2014-11-04 06:00:00+00:00,2014-11-05 06:00:00+00:00,1.59928,1.594625714285714,-1.0753456776213137,-0.0053767283881065685,6,SL,False
EURCAD,B,short,NEUTRAL,2014-11-05 10:00:00+00:00,2014-11-07 14:00:00+00:00,1.427055,1.4064030900000002,2.0208282597402323,0.010104141298701162,13,TP2,True
GBPUSD,B,long,NEUTRAL,2014-11-06 02:00:00+00:00,2014-11-06 10:00:00+00:00,1.5984450000000001,1.5933457142857141,-1.0626401283331233,-0.005313200641665616,2,SL,False
USDCAD,A,long,BULL_STRONG,2014-11-18 22:00:00+00:00,2014-11-20 14:00:00+00:00,1.13267,1.1292445535714286,-1.0835191947962028,-0.005417595973981015,10,SL,False
EURAUD,B,short,NEUTRAL,2014-11-20 18:00:00+00:00,2014-11-21 10:00:00+00:00,1.454275,1.43610488,2.0108743653982746,0.010054371826991372,4,TP2,True
GBPAUD,A,short,BEAR_STRONG,2014-11-24 10:00:00+00:00,2014-11-24 22:00:00+00:00,1.81656,1.8274325999999999,-1.0396462915553237,-0.005198231457776619,3,SL,False
EURCAD,B,short,NEUTRAL,2014-12-01 06:00:00+00:00,2014-12-03 06:00:00+00:00,1.42236,1.4044127222222222,2.6138717578712187,0.013069358789356094,12,TP2,True
CADCHF,B,long,NEUTRAL,2014-12-01 06:00:00+00:00,2014-12-03 06:00:00+00:00,0.845715,0.8563595333333334,2.4052783284252306,0.012026391642126153,12,TP2,True
USDCAD,B,short,NEUTRAL,2014-12-03 10:00:00+00:00,2014-12-03 14:00:00+00:00,1.1387099999999999,1.1418807142857146,-1.0809615488059758,-0.0054048077440298796,1,SL,False
NZDUSD,B,long,NEUTRAL,2014-12-04 10:00:00+00:00,2014-12-05 10:00:00+00:00,0.7763300000000001,0.7712432142857142,-1.0457666614252075,-0.005228833307126038,6,SL,False
ES,C,long,BULL_STRONG,2014-12-08 23:00:00+00:00,2014-12-09 11:00:00+00:00,2056.125,2048.5476190476193,-1.0749043966942171,-0.005374521983471086,3,SL,False
EURUSD,A,short,BEAR_STRONG,2014-12-09 22:00:00+00:00,2014-12-10 14:00:00+00:00,1.2363799999999998,1.2420074,-1.0475120453642754,-0.005237560226821377,4,SL,False
NZDCHF,B,short,NEUTRAL,2014-12-22 06:00:00+00:00,2014-12-23 10:00:00+00:00,0.762075,0.762245,0.4722111613456221,0.0023610558067281105,7,BE_STOP,True
GBPCHF,B,short,NEUTRAL,2014-12-22 06:00:00+00:00,2014-12-31 06:00:00+00:00,1.53239,1.541008392857143,-1.0100059977595064,-0.005050029988797532,36,SL,False
EURAUD,A,long,BULL_STRONG,2014-12-23 06:00:00+00:00,2014-12-26 10:00:00+00:00,1.50596,1.4982737357142857,-1.0639725243448261,-0.005319862621724131,13,SL,False
NZDJPY,B,long,NEUTRAL,2015-01-06 02:00:00+00:00,2015-01-08 06:00:00+00:00,92.06349999999999,93.50708571428572,1.8405958305898575,0.009202979152949289,13,TP2,True
YM,B,long,NEUTRAL,2015-01-07 11:00:00+00:00,2015-01-13 15:00:00+00:00,17474.5,17473.0,0.6430095638307884,0.003215047819153942,25,BE_STOP,True
ES,B,long,NEUTRAL,2015-01-07 15:00:00+00:00,2015-01-14 11:00:00+00:00,2018.875,1990.017857142857,-1.0188367147335424,-0.005094183573667712,29,SL,False
NZDCAD,A,long,BULL_STRONG,2015-01-20 06:00:00+00:00,2015-01-23 10:00:00+00:00,0.92611,0.92594,0.5666705250193765,0.0028333526250968826,19,BE_STOP,True
USDCAD,A,long,BULL_STRONG,2015-02-04 10:00:00+00:00,2015-02-12 14:00:00+00:00,1.2473250000000002,1.247235,0.7476635909914768,0.003738317954957384,37,BE_STOP,True
USDJPY,B,short,NEUTRAL,2015-02-09 10:00:00+00:00,2015-02-10 10:00:00+00:00,118.601,119.20257142857143,-1.038145848601736,-0.005190729243008681,6,SL,False
NZDCAD,B,short,NEUTRAL,2015-02-11 14:00:00+00:00,2015-02-12 14:00:00+00:00,0.93261,0.93278,0.5803940122118492,0.002901970061059246,6,BE_STOP,True
GBPUSD,B,short,NEUTRAL,2015-02-12 02:00:00+00:00,2015-02-12 06:00:00+00:00,1.52246,1.5266976785714288,-1.0730877272140507,-0.005365438636070253,1,SL,False
USDCHF,C,long,BULL_STRONG,2015-02-24 02:00:00+00:00,2015-02-26 10:00:00+00:00,0.95023,0.945004065349544,-1.0551082167634092,-0.005275541083817046,14,SL,False
GBPUSD,B,long,NEUTRAL,2015-03-05 10:00:00+00:00,2015-03-06 06:00:00+00:00,1.5229750000000002,1.5201396428571428,-1.110447014440011,-0.005552235072200055,5,SL,False
GBPCAD,B,long,NEUTRAL,2015-03-05 14:00:00+00:00,2015-03-12 17:00:00+00:00,1.903155,1.887781964285714,-1.0451516205645017,-0.005225758102822509,31,SL,False
NZDUSD,B,long,NEUTRAL,2015-03-09 05:00:00+00:00,2015-03-10 01:00:00+00:00,0.73877,0.7301930357142857,-1.022791164601178,-0.00511395582300589,5,SL,False
ES,B,long,NEUTRAL,2015-03-11 10:00:00+00:00,2015-03-11 14:00:00+00:00,2047.625,2039.3392857142858,-1.0681114221218968,-0.005340557110609484,1,SL,False
ES,B,long,NEUTRAL,2015-03-12 06:00:00+00:00,2015-03-26 06:00:00+00:00,2044.875,2044.5,2.0787290630323616,0.010393645315161808,60,BE_STOP,True
NZDUSD,A,short,BEAR_STRONG,2015-03-16 17:00:00+00:00,2015-03-18 17:00:00+00:00,0.7366499999999999,0.7415194702380953,-1.0278547607512853,-0.005139273803756427,12,SL,False
NZDCAD,B,short,NEUTRAL,2015-03-19 05:00:00+00:00,2015-03-20 09:00:00+00:00,0.93774,0.9456246428571429,-1.032572292023518,-0.00516286146011759,7,SL,False
YM,B,short,NEUTRAL,2015-03-23 10:00:00+00:00,2015-03-26 06:00:00+00:00,18088.5,17503.26818181818,5.655359858403503,0.028276799292017513,17,TP2,True
CADJPY,B,short,NEUTRAL,2015-03-24 05:00:00+00:00,2015-03-24 09:00:00+00:00,95.608,95.99475,-1.0821774712643577,-0.0054108873563217886,1,SL,False
CADJPY,B,short,NEUTRAL,2015-03-25 05:00:00+00:00,2015-03-31 05:00:00+00:00,95.7595,94.332375,4.135239052224426,0.02067619526112213,24,TP2,True
AUDCAD,B,long,NEUTRAL,2015-03-31 09:00:00+00:00,2015-03-31 13:00:00+00:00,0.969015,0.9659626785714285,-1.1060471941019758,-0.00553023597050988,1,SL,False
GBPCHF,C,short,BEAR_STRONG,2015-04-01 01:00:00+00:00,2015-04-02 09:00:00+00:00,1.4406349999999999,1.424964862244898,1.5650227772133585,0.007825113886066793,8,TP2,True
GBPCHF,A,short,BEAR_STRONG,2015-04-07 13:00:00+00:00,2015-04-08 09:00:00+00:00,1.430835,1.4373597392857143,-1.0582741294882856,-0.005291370647441428,5,SL,False
AUDCHF,A,short,BEAR_STRONG,2015-04-07 17:00:00+00:00,2015-04-08 13:00:00+00:00,0.737275,0.74363,-1.0441743734842366,-0.005220871867421183,5,SL,False
EURCAD,B,long,NEUTRAL,2015-04-08 13:00:00+00:00,2015-04-09 13:00:00+00:00,1.35344,1.3436480357142857,-1.0425569652766182,-0.005212784826383091,6,SL,False
GBPCHF,C,short,BEAR_STRONG,2015-04-08 21:00:00+00:00,2015-04-13 09:00:00+00:00,1.438,1.43817,0.6057391265707726,0.0030286956328538627,15,BE_STOP,True
GBPCHF,C,short,BEAR_STRONG,2015-04-13 09:00:00+00:00,2015-04-14 17:00:00+00:00,1.437975,1.438145,0.5732517468112202,0.0028662587340561006,8,BE_STOP,True
GBPCHF,C,short,BEAR_STRONG,2015-04-15 09:00:00+00:00,2015-04-16 05:00:00+00:00,1.439435,1.439605,0.7029960869157689,0.0035149804345788443,5,BE_STOP,True
GBPCHF,C,short,BEAR_STRONG,2015-04-16 05:00:00+00:00,2015-04-17 13:00:00+00:00,1.4386349999999999,1.4255630765306122,1.819766878947661,0.009098834394738306,8,TP2,True
YM,B,short,NEUTRAL,2015-04-16 06:00:00+00:00,2015-04-16 14:00:00+00:00,17989.5,18084.535714285714,-1.031422863688431,-0.005157114318442155,2,SL,False
AUDCHF,A,short,BEAR_STRONG,2015-04-16 09:00:00+00:00,2015-04-28 05:00:00+00:00,0.74762,0.7554917571428572,-0.9902186996288423,-0.004951093498144212,47,SL,False
AUDUSD,B,short,NEUTRAL,2015-04-20 09:00:00+00:00,2015-04-27 13:00:00+00:00,0.77727,0.7845682142857143,-1.006772523410796,-0.00503386261705398,31,SL,False
NZDUSD,B,short,NEUTRAL,2015-04-20 17:00:00+00:00,2015-04-22 05:00:00+00:00,0.76622,0.7723980357142858,-1.0274753315930012,-0.005137376657965006,9,SL,False
CHFJPY,B,short,NEUTRAL,2015-04-21 05:00:00+00:00,2015-04-21 13:00:00+00:00,124.543,125.15092857142857,-1.0582744204037169,-0.0052913721020185845,2,SL,False
EURAUD,B,long,NEUTRAL,2015-04-22 21:00:00+00:00,2015-04-27 13:00:00+00:00,1.38453,1.38436,0.6148120582715197,0.0030740602913575986,16,BE_STOP,True
NQ,A,long,BULL_STRONG,2015-05-04 14:00:00+00:00,2015-05-05 10:00:00+00:00,4485.125,4447.45,-1.0196731903485254,-0.005098365951742627,5,SL,False
CADCHF,B,long,NEUTRAL,2015-05-05 05:00:00+00:00,2015-05-05 09:00:00+00:00,0.773985,0.7696146428571429,-1.0662700552674098,-0.005331350276337049,1,SL,False
NZDUSD,B,long,NEUTRAL,2015-05-05 05:00:00+00:00,2015-05-05 21:00:00+00:00,0.75107,0.7488546428571429,-1.0918197681062183,-0.005459098840531092,4,SL,False
GBPCAD,B,long,NEUTRAL,2015-05-05 05:00:00+00:00,2015-05-05 13:00:00+00:00,1.832605,1.8249596428571428,-1.0570627853423153,-0.005285313926711577,2,SL,False
CL,B,short,NEUTRAL,2015-05-05 06:00:00+00:00,2015-05-05 10:00:00+00:00,59.335,59.7375,-1.0509594838709697,-0.005254797419354849,1,SL,False
EURAUD,B,short,NEUTRAL,2015-05-06 01:00:00+00:00,2015-05-06 13:00:00+00:00,1.40963,1.41514375,-1.0687435228070186,-0.005343717614035093,3,SL,False
GBPCAD,B,long,NEUTRAL,2015-05-06 01:00:00+00:00,2015-05-06 05:00:00+00:00,1.83099,1.8268116071428573,-1.106361480821498,-0.00553180740410749,1,SL,False
AUDCHF,B,long,NEUTRAL,2015-05-06 09:00:00+00:00,2015-05-06 13:00:00+00:00,0.73735,0.7330480357142857,-1.0661256925536984,-0.005330628462768492,1,SL,False
AUDCAD,B,short,NEUTRAL,2015-05-06 21:00:00+00:00,2015-05-13 09:00:00+00:00,0.95936,0.96507,-1.0188285920577624,-0.005094142960288812,27,SL,False
CADCHF,A,short,BEAR_STRONG,2015-05-11 01:00:00+00:00,2015-05-13 09:00:00+00:00,0.76991,0.7751482023809524,-1.0350789859276681,-0.005175394929638341,14,SL,False
CHFJPY,A,long,BULL_STRONG,2015-05-11 05:00:00+00:00,2015-05-19 05:00:00+00:00,128.877,128.86,0.6951174025099944,0.0034755870125499724,36,BE_STOP,True
AUDJPY,A,long,BULL_STRONG,2015-05-18 01:00:00+00:00,2015-05-19 13:00:00+00:00,95.976,95.41297011904763,-1.0648987193488166,-0.005324493596744083,9,SL,False
AUDUSD,A,long,BULL_STRONG,2015-05-20 09:00:00+00:00,2015-05-22 09:00:00+00:00,0.79078,0.7858124178571428,-1.053450499112931,-0.005267252495564655,12,SL,False
AUDCAD,B,long,NEUTRAL,2015-06-01 13:00:00+00:00,2015-06-03 01:00:00+00:00,0.954485,0.9658501489361703,2.212065245399987,0.011060326226999935,9,TP2,True
NZDCAD,B,long,NEUTRAL,2015-06-02 13:00:00+00:00,2015-06-05 09:00:00+00:00,0.89038,0.8856542857142857,-1.0866281718407045,-0.005433140859203523,17,SL,False
EURGBP,B,short,NEUTRAL,2015-06-03 05:00:00+00:00,2015-06-03 13:00:00+00:00,0.728685,0.7315351785714286,-1.1014917076420836,-0.005507458538210418,2,SL,False
GBPCHF,B,long,NEUTRAL,2015-06-03 09:00:00+00:00,2015-06-08 17:00:00+00:00,1.4356,1.4224119642857143,-1.0400201698193443,-0.005200100849096722,20,SL,False
EURCAD,A,long,BULL_STRONG,2015-06-08 09:00:00+00:00,2015-06-12 05:00:00+00:00,1.387685,1.374611817857143,-1.0398565171216074,-0.005199282585608037,23,SL,False
NQ,B,long,NEUTRAL,2015-06-10 06:00:00+00:00,2015-06-12 14:00:00+00:00,4448.125,4447.75,0.6676772124180401,0.0033383860620902006,14,BE_STOP,True
CHFJPY,A,long,BULL_STRONG,2015-06-16 21:00:00+00:00,2015-06-22 13:00:00+00:00,132.477,134.46033333333335,1.8430696236786126,0.009215348118393063,22,TP2,True
EURJPY,A,long,BULL_STRONG,2015-06-17 01:00:00+00:00,2015-06-19 13:00:00+00:00,139.037,139.02,0.627441353017017,0.003137206765085085,15,BE_STOP,True
NQ,B,short,NEUTRAL,2015-06-23 10:00:00+00:00,2015-06-28 22:00:00+00:00,4534.875,4430.311170212766,3.4871000667843437,0.01743550033392172,21,TP2,True
AUDCAD,B,long,NEUTRAL,2015-07-07 21:00:00+00:00,2015-07-08 01:00:00+00:00,0.94639,0.9423791071428571,-1.0787563233995083,-0.005393781616997542,1,SL,False
CADJPY,A,short,BEAR_STRONG,2015-07-13 13:00:00+00:00,2015-07-27 13:00:00+00:00,96.7955,94.5465,2.6512795345747433,0.013256397672873716,60,TIME,True
NQ,B,short,NEUTRAL,2015-07-15 18:00:00+00:00,2015-07-16 02:00:00+00:00,4535.625,4546.625,-1.069444705882353,-0.005347223529411765,2,SL,False
EURCHF,B,long,NEUTRAL,2015-07-16 05:00:00+00:00,2015-07-16 09:00:00+00:00,1.04166,1.0397691071428572,-1.1835282183252096,-0.005917641091626048,1,SL,False
CHFJPY,A,short,BEAR_STRONG,2015-07-16 09:00:00+00:00,2015-07-30 09:00:00+00:00,129.523,128.24699999999999,1.8195034646289951,0.009097517323144975,60,TIME,True
EURAUD,A,long,BULL_STRONG,2015-07-20 01:00:00+00:00,2015-07-24 01:00:00+00:00,1.47189,1.4985793,2.5295052585733235,0.012647526292866617,24,TP2,True
NZDJPY,A,short,BEAR_STRONG,2015-07-23 09:00:00+00:00,2015-07-28 21:00:00+00:00,82.4535,83.08522321428572,-1.022031850571534,-0.00511015925285767,21,SL,False
EURGBP,B,long,NEUTRAL,2015-08-05 21:00:00+00:00,2015-08-12 05:00:00+00:00,0.699,0.71369446,2.34165195369038,0.011708259768451901,26,TP2,True
YM,B,long,NEUTRAL,2015-08-06 10:00:00+00:00,2015-08-06 14:00:00+00:00,17394.5,17345.0,-1.0602408333333333,-0.005301204166666667,1,SL,False
AUDCAD,A,long,BULL_STRONG,2015-08-10 09:00:00+00:00,2015-08-10 17:00:00+00:00,0.96749,0.9629314404761905,-1.0696011067738376,-0.005348005533869188,2,SL,False
EURGBP,B,short,NEUTRAL,2015-08-13 01:00:00+00:00,2015-08-20 05:00:00+00:00,0.713025,0.713195,0.6103857746605548,0.003051928873302774,31,BE_STOP,True
CHFJPY,A,short,BEAR_STRONG,2015-08-19 01:00:00+00:00,2015-08-19 09:00:00+00:00,127.27300000000001,127.70372380952381,-1.0841581248129564,-0.005420790624064782,2,SL,False
GBPCHF,B,long,NEUTRAL,2015-08-27 01:00:00+00:00,2015-09-08 09:00:00+00:00,1.47612,1.5074563,1.8502702298864584,0.009251351149432293,50,TP2,True
NZDJPY,A,short,BEAR_STRONG,2015-08-31 01:00:00+00:00,2015-09-01 17:00:00+00:00,77.77250000000001,75.57848333333334,1.9508090589320324,0.009754045294660162,10,TP2,True
CL,B,short,NEUTRAL,2015-09-02 14:00:00+00:00,2015-09-03 10:00:00+00:00,45.315,47.224642857142854,-1.0098304542884076,-0.005049152271442038,5,SL,False
AUDNZD,B,short,NEUTRAL,2015-09-15 17:00:00+00:00,2015-09-16 09:00:00+00:00,1.12324,1.129522142857143,-1.0535415496085079,-0.005267707748042539,4,SL,False
GBPJPY,A,short,BEAR_STRONG,2015-09-21 13:00:00+00:00,2015-09-22 13:00:00+00:00,186.50300000000001,184.1785053191489,1.7120849912305451,0.008560424956152725,6,TP2,True
ES,B,short,NEUTRAL,2015-10-06 22:00:00+00:00,2015-10-07 10:00:00+00:00,1966.125,1988.125,-1.0246145664739883,-0.005123072832369941,3,SL,False
CHFJPY,B,short,NEUTRAL,2015-10-07 05:00:00+00:00,2015-10-08 17:00:00+00:00,124.07300000000001,124.09,0.762728595693079,0.0038136429784653954,9,BE_STOP,True
AUDUSD,A,long,BULL_STRONG,2015-10-20 09:00:00+00:00,2015-10-21 05:00:00+00:00,0.7287250000000001,0.7243778416666665,-1.0451055575021742,-0.0052255277875108705,5,SL,False
USDCHF,B,short,NEUTRAL,2015-10-26 05:00:00+00:00,2015-10-26 09:00:00+00:00,0.9768399999999999,0.9811632142857143,-1.053566293765299,-0.005267831468826495,1,SL,False
GBPCHF,B,short,NEUTRAL,2015-10-28 05:00:00+00:00,2015-10-28 17:00:00+00:00,1.50712,1.5139073214285714,-1.0575756828669354,-0.005287878414334677,3,SL,False
CL,B,short,NEUTRAL,2015-10-29 10:00:00+00:00,2015-10-30 18:00:00+00:00,46.315,46.88,-1.0340094545454552,-0.005170047272727276,8,SL,False
AUDCAD,B,long,NEUTRAL,2015-11-02 10:00:00+00:00,2015-11-06 14:00:00+00:00,0.935215,0.935045,0.5067054485487983,0.0025335272427439914,25,BE_STOP,True
NZDCAD,B,long,NEUTRAL,2015-11-05 02:00:00+00:00,2015-11-10 18:00:00+00:00,0.868855,0.8634982142857143,-1.0851470880672036,-0.005425735440336018,22,SL,False
NZDCHF,C,long,BULL_STRONG,2015-11-09 02:00:00+00:00,2015-11-09 06:00:00+00:00,0.659135,0.6558111361607143,-1.0831611361064348,-0.005415805680532174,1,SL,False
NZDCHF,C,long,BULL_STRONG,2015-11-09 10:00:00+00:00,2015-11-12 14:00:00+00:00,0.65689,0.6532301183035715,-1.1180454341537143,-0.005590227170768572,19,SL,False
GBPUSD,B,long,NEUTRAL,2015-11-10 22:00:00+00:00,2015-11-22 22:00:00+00:00,1.5167400000000002,1.51665,0.8705916009414187,0.004352958004707094,48,BE_STOP,True
YM,C,long,BULL_STRONG,2015-11-12 19:00:00+00:00,2015-11-13 11:00:00+00:00,17401.5,17317.284672619047,-1.0349647410168623,-0.0051748237050843115,4,SL,False
ES,C,long,BULL_STRONG,2015-11-12 19:00:00+00:00,2015-11-13 15:00:00+00:00,2040.875,2030.2205729166665,-1.0523638132394284,-0.005261819066197142,5,SL,False
NQ,C,long,BULL_STRONG,2015-11-16 03:00:00+00:00,2015-11-18 19:00:00+00:00,4481.125,4633.749851190477,5.553890226016452,0.027769451130082258,16,TP2,True
GBPCHF,B,long,NEUTRAL,2015-12-03 10:00:00+00:00,2015-12-03 14:00:00+00:00,1.515035,1.5073898214285715,-1.0511164912448356,-0.005255582456224178,1,SL,False
USDCHF,B,long,NEUTRAL,2015-12-10 06:00:00+00:00,2015-12-11 14:00:00+00:00,0.98836,0.9814139285714285,-1.0376849049330672,-0.005188424524665336,8,SL,False
NQ,B,long,NEUTRAL,2015-12-10 11:00:00+00:00,2015-12-11 07:00:00+00:00,4628.375,4628.0,0.8379202199345313,0.004189601099672657,5,BE_STOP,True
GBPCAD,A,long,BULL_STRONG,2015-12-28 02:00:00+00:00,2015-12-29 10:00:00+00:00,2.06599,2.0580757276785713,-1.0657568043663885,-0.005328784021831943,8,SL,False
YM,A,short,BEAR_STRONG,2015-12-28 03:00:00+00:00,2015-12-29 07:00:00+00:00,17437.5,17523.626086956523,-1.0342093094944507,-0.005171046547472254,7,SL,False
ES,A,short,BEAR_STRONG,2015-12-28 03:00:00+00:00,2015-12-29 07:00:00+00:00,2048.875,2058.211956521739,-1.0601330745906619,-0.005300665372953309,7,SL,False
AUDUSD,B,long,NEUTRAL,2016-01-05 02:00:00+00:00,2016-01-05 14:00:00+00:00,0.720035,0.7156164285714286,-1.0440803399340022,-0.005220401699670011,3,SL,False
EURNZD,B,short,NEUTRAL,2016-01-07 06:00:00+00:00,2016-01-07 10:00:00+00:00,1.63396,1.643535,-1.0423981286549715,-0.0052119906432748575,1,SL,False
NZDUSD,B,long,NEUTRAL,2016-01-07 22:00:00+00:00,2016-01-08 10:00:00+00:00,0.66503,0.6590805357142857,-1.031249307286752,-0.00515624653643376,3,SL,False
EURGBP,A,long,BULL_STRONG,2016-01-27 18:00:00+00:00,2016-01-28 10:00:00+00:00,0.765465,0.7606106357142857,-1.0591681353316742,-0.005295840676658371,4,SL,False
YM,A,short,BEAR_STRONG,2016-01-28 07:00:00+00:00,2016-01-29 03:00:00+00:00,15912.5,16109.1,-1.0142132239876986,-0.005071066119938493,5,SL,False
CHFJPY,B,short,NEUTRAL,2016-02-02 14:00:00+00:00,2016-02-05 06:00:00+00:00,117.983,118.0,0.7159025435654803,0.0035795127178274017,16,BE_STOP,True
GBPJPY,B,short,NEUTRAL,2016-02-03 02:00:00+00:00,2016-02-08 10:00:00+00:00,172.333,167.0994,2.5530569261699623,0.012765284630849812,20,TP2,True
GBPUSD,B,short,NEUTRAL,2016-02-03 06:00:00+00:00,2016-02-03 10:00:00+00:00,1.4451349999999998,1.4490767857142859,-1.0758917867408777,-0.005379458933704388,1,SL,False
CADCHF,B,long,NEUTRAL,2016-02-10 06:00:00+00:00,2016-02-11 06:00:00+00:00,0.7026,0.6956457142857142,-1.0469266793009053,-0.005234633396504527,6,SL,False
NZDJPY,B,long,NEUTRAL,2016-02-11 22:00:00+00:00,2016-02-23 22:00:00+00:00,75.231,74.11676785714286,-1.0615479052811425,-0.005307739526405713,48,SL,False
EURCAD,B,short,NEUTRAL,2016-02-11 22:00:00+00:00,2016-02-18 10:00:00+00:00,1.574005,1.5197193777777778,2.045349880799035,0.010226749403995174,27,TP2,True
AUDNZD,B,short,NEUTRAL,2016-02-17 02:00:00+00:00,2016-02-23 22:00:00+00:00,1.07819,1.085767142857143,-1.0163283741562201,-0.0050816418707811005,29,SL,False
AUDCHF,B,short,NEUTRAL,2016-02-18 06:00:00+00:00,2016-02-22 10:00:00+00:00,0.71095,0.7155478571428571,-1.0382878206162296,-0.005191439103081148,13,SL,False
YM,B,short,NEUTRAL,2016-02-18 07:00:00+00:00,2016-02-22 07:00:00+00:00,16460.5,16529.714285714286,-1.0415989029535861,-0.005207994514767931,12,SL,False
GBPNZD,A,short,BEAR_STRONG,2016-03-01 18:00:00+00:00,2016-03-02 10:00:00+00:00,2.1042249999999996,2.12166005,-1.0269093631353643,-0.0051345468156768215,4,SL,False
EURGBP,B,long,NEUTRAL,2016-03-03 06:00:00+00:00,2016-03-09 06:00:00+00:00,0.77189,0.77172,0.9652623006753296,0.004826311503376648,24,BE_STOP,True
NZDCHF,B,short,NEUTRAL,2016-03-03 14:00:00+00:00,2016-03-04 06:00:00+00:00,0.66886,0.6717246428571428,-1.0978387170311488,-0.005489193585155744,4,SL,False
GBPNZD,A,short,BEAR_STRONG,2016-03-03 22:00:00+00:00,2016-03-09 18:00:00+00:00,2.1032699999999998,2.1202307642857146,-1.0187280218249364,-0.005093640109124682,23,SL,False
GBPCAD,A,short,BEAR_STRONG,2016-03-07 06:00:00+00:00,2016-03-08 06:00:00+00:00,1.89001,1.9019939238095238,-1.0325549246974115,-0.005162774623487057,6,SL,False
AUDCAD,B,short,NEUTRAL,2016-03-08 06:00:00+00:00,2016-03-08 10:00:00+00:00,0.99172,0.9948785714285714,-1.1033406118546887,-0.005516703059273443,1,SL,False
NZDJPY,B,short,NEUTRAL,2016-03-08 10:00:00+00:00,2016-03-11 14:00:00+00:00,76.4475,76.4645,0.90501532631521,0.00452507663157605,19,BE_STOP,True
CADJPY,A,long,BULL_STRONG,2016-03-16 05:00:00+00:00,2016-03-17 09:00:00+00:00,85.119,85.102,0.6498988421762577,0.0032494942108812885,7,BE_STOP,True
CADCHF,A,long,BULL_STRONG,2016-03-17 21:00:00+00:00,2016-03-23 13:00:00+00:00,0.74401,0.7391040238095239,-1.0895615566761048,-0.005447807783380524,22,SL,False
USDJPY,B,long,NEUTRAL,2016-03-21 09:00:00+00:00,2016-04-01 17:00:00+00:00,111.649,111.64,0.7733225956650203,0.0038666129783251012,56,BE_STOP,True
CADCHF,A,long,BULL_STRONG,2016-03-28 09:00:00+00:00,2016-03-31 17:00:00+00:00,0.73834,0.73817,0.6414888471178,0.003207444235589,20,BE_STOP,True
GBPAUD,A,short,BEAR_STRONG,2016-03-30 05:00:00+00:00,2016-04-04 13:00:00+00:00,1.87784,1.87801,0.7759215264710108,0.003879607632355054,20,BE_STOP,True
NZDCHF,B,short,NEUTRAL,2016-03-30 05:00:00+00:00,2016-04-05 05:00:00+00:00,0.66712,0.65068175,2.1379554044593014,0.010689777022296508,24,TP2,True
EURNZD,B,short,NEUTRAL,2016-04-06 05:00:00+00:00,2016-04-07 13:00:00+00:00,1.67089,1.6791682142857145,-1.043650129057833,-0.005218250645289166,8,SL,False
GBPUSD,B,long,NEUTRAL,2016-04-07 05:00:00+00:00,2016-04-19 09:00:00+00:00,1.40843,1.43780856,3.2029631877393685,0.016014815938696844,49,TP2,True
EURNZD,B,long,NEUTRAL,2016-04-13 21:00:00+00:00,2016-04-18 21:00:00+00:00,1.63515,1.624900892857143,-1.0544612724341371,-0.005272306362170686,18,SL,False
USDCHF,A,short,BEAR_STRONG,2016-04-18 05:00:00+00:00,2016-04-20 17:00:00+00:00,0.965175,0.9692948238095237,-1.0409756127823249,-0.005204878063911625,15,SL,False
USDJPY,A,short,BEAR_STRONG,2016-04-19 13:00:00+00:00,2016-04-20 17:00:00+00:00,109.121,109.7544857142857,-1.0340711396806523,-0.005170355698403262,7,SL,False
PA,B,short,NEUTRAL,2016-04-20 06:00:00+00:00,2016-04-20 10:00:00+00:00,584.275,591.6571428571428,-1.0236652362204726,-0.005118326181102363,1,SL,False
NZDJPY,B,short,NEUTRAL,2016-04-21 01:00:00+00:00,2016-04-22 05:00:00+00:00,76.4865,76.5035,0.7590153305172134,0.003795076652586067,7,BE_STOP,True
EURCHF,B,short,NEUTRAL,2016-04-21 05:00:00+00:00,2016-04-21 09:00:00+00:00,1.09662,1.0992960714285716,-1.1290971982328544,-0.005645485991164272,1,SL,False
USDCHF,A,short,BEAR_STRONG,2016-04-21 09:00:00+00:00,2016-04-21 13:00:00+00:00,0.9655849999999999,0.9697512523809523,-1.0552423841694085,-0.005276211920847043,1,SL,False
NZDCAD,B,long,NEUTRAL,2016-04-21 13:00:00+00:00,2016-04-22 05:00:00+00:00,0.88021,0.8773728571428572,-1.1099413926084636,-0.005549706963042318,4,SL,False
GBPAUD,B,short,NEUTRAL,2016-04-27 01:00:00+00:00,2016-04-27 05:00:00+00:00,1.909935,1.9164958928571427,-1.068439717231553,-0.005342198586157765,1,SL,False
NZDUSD,A,long,BULL_STRONG,2016-04-28 01:00:00+00:00,2016-05-03 13:00:00+00:00,0.6933250000000001,0.693235,0.6814369651113312,0.003407184825556656,21,BE_STOP,True
EURGBP,C,short,BEAR_STRONG,2016-05-02 01:00:00+00:00,2016-05-03 05:00:00+00:00,0.784785,0.7878327119565217,-1.079879398450234,-0.00539939699225117,7,SL,False
GBPCHF,C,long,BULL_STRONG,2016-05-02 01:00:00+00:00,2016-05-03 05:00:00+00:00,1.40104,1.3957558618012422,-1.0813715984642496,-0.005406857992321248,7,SL,False
CADJPY,B,long,NEUTRAL,2016-05-05 05:00:00+00:00,2016-05-06 05:00:00+00:00,83.714,82.85739285714286,-1.0401615925815593,-0.005200807962907796,6,SL,False
YM,B,long,NEUTRAL,2016-05-05 06:00:00+00:00,2016-05-05 18:00:00+00:00,17640.5,17536.39285714286,-1.0283726836059872,-0.005141863418029936,3,SL,False
GBPNZD,A,long,BULL_STRONG,2016-05-05 13:00:00+00:00,2016-05-09 21:00:00+00:00,2.1016250000000003,2.132243166666666,1.911176481444833,0.009555882407224166,14,TP2,True
GBPCHF,C,long,BULL_STRONG,2016-05-09 01:00:00+00:00,2016-05-09 05:00:00+00:00,1.40195,1.3975333338509315,-1.086249539554773,-0.005431247697773866,1,SL,False
GBPCHF,C,long,BULL_STRONG,2016-05-09 05:00:00+00:00,2016-05-17 01:00:00+00:00,1.39878,1.4149715310559006,2.2398138368270195,0.011199069184135099,35,TP2,True
CHFJPY,A,short,BEAR_STRONG,2016-05-09 17:00:00+00:00,2016-05-10 05:00:00+00:00,111.52300000000001,112.09715714285713,-1.0585350478192814,-0.005292675239096407,3,SL,False
AUDJPY,A,short,BEAR_STRONG,2016-05-11 05:00:00+00:00,2016-05-17 01:00:00+00:00,79.80850000000001,79.8255,0.6626833597002707,0.0033134167985013536,23,BE_STOP,True
GBPCAD,A,long,BULL_STRONG,2016-05-16 09:00:00+00:00,2016-05-18 09:00:00+00:00,1.85801,1.8772271999999999,1.8628545458737693,0.009314272729368847,12,TP2,True
AUDUSD,A,short,BEAR_STRONG,2016-05-17 01:00:00+00:00,2016-05-18 05:00:00+00:00,0.735575,0.7265099666666667,1.9252506748426768,0.009626253374213384,7,TP2,True
EURGBP,C,short,BEAR_STRONG,2016-05-17 13:00:00+00:00,2016-05-18 13:00:00+00:00,0.782835,0.7762243035714286,1.9755723471402757,0.009877861735701378,6,TP2,True
EURJPY,B,long,NEUTRAL,2016-05-24 01:00:00+00:00,2016-05-25 21:00:00+00:00,122.547,122.29050000000001,-1.1634930271398627,-0.005817465135699314,11,SL,False
PA,B,long,NEUTRAL,2016-05-25 06:00:00+00:00,2016-05-25 10:00:00+00:00,533.375,528.625,-1.036252972972973,-0.005181264864864865,1,SL,False
NZDCAD,C,short,BEAR_STRONG,2016-05-26 13:00:00+00:00,2016-05-31 09:00:00+00:00,0.87548,0.8798755978260869,-1.0455715872464677,-0.005227857936232339,17,SL,False
GBPAUD,A,long,BULL_STRONG,2016-05-30 09:00:00+00:00,2016-05-31 01:00:00+00:00,2.03499,2.024975,-1.046206053834457,-0.005231030269172285,4,SL,False
GBPUSD,A,long,BULL_STRONG,2016-05-30 13:00:00+00:00,2016-05-31 05:00:00+00:00,1.4635550000000002,1.4570044999999998,-1.0456462657689245,-0.005228231328844622,4,SL,False
EURCHF,B,long,NEUTRAL,2016-06-01 09:00:00+00:00,2016-06-01 13:00:00+00:00,1.103995,1.1028133928571429,-1.3208353186231112,-0.0066041765931155565,1,SL,False
AUDJPY,A,short,BEAR_STRONG,2016-06-21 09:00:00+00:00,2016-06-22 21:00:00+00:00,78.143,78.80770892857142,-1.0354171742708445,-0.005177085871354222,9,SL,False
EURGBP,B,long,NEUTRAL,2016-06-22 05:00:00+00:00,2016-06-23 09:00:00+00:00,0.769295,0.76354625,-1.058740990365226,-0.005293704951826131,7,SL,False
EURCAD,A,short,BEAR_STRONG,2016-06-23 01:00:00+00:00,2016-06-24 05:00:00+00:00,1.452235,1.4317456666666666,2.3260827448005488,0.011630413724002744,7,TP2,True
SI,B,short,NEUTRAL,2016-06-27 02:00:00+00:00,2016-06-29 02:00:00+00:00,17.7825,18.07857142857143,-1.0874455352480445,-0.005437227676240223,12,SL,False
EURCHF,A,short,BEAR_STRONG,2016-06-30 09:00:00+00:00,2016-07-12 05:00:00+00:00,1.084975,1.0907804666666667,-0.9950131015473437,-0.004975065507736719,47,SL,False
EURJPY,A,short,BEAR_STRONG,2016-07-04 21:00:00+00:00,2016-07-06 01:00:00+00:00,113.983,111.28619999999998,3.312570258620796,0.01656285129310398,7,TP2,True
CADJPY,A,short,BEAR_STRONG,2016-07-05 01:00:00+00:00,2016-07-06 01:00:00+00:00,79.15650000000001,77.34040666666665,2.7640388797369937,0.013820194398684968,6,TP2,True
GBPNZD,A,short,BEAR_STRONG,2016-07-12 13:00:00+00:00,2016-07-13 01:00:00+00:00,1.81411,1.8312529499999999,-1.0249794761664888,-0.005124897380832444,3,SL,False
NKD,B,short,NEUTRAL,2016-07-12 22:00:00+00:00,2016-07-17 22:00:00+00:00,16372.5,16731.964285714286,-1.0250303805175036,-0.005125151902587518,18,SL,False
GBPNZD,A,short,BEAR_STRONG,2016-07-13 09:00:00+00:00,2016-07-14 01:00:00+00:00,1.813205,1.8312529499999999,-1.023707902751714,-0.00511853951375857,4,SL,False
NZDUSD,B,long,NEUTRAL,2016-07-21 21:00:00+00:00,2016-07-29 09:00:00+00:00,0.699535,0.716300125,2.490404893517934,0.012452024467589671,33,TP2,True
EURCAD,B,short,NEUTRAL,2016-07-26 13:00:00+00:00,2016-07-27 21:00:00+00:00,1.451215,1.4594689285714286,-1.0399768623812677,-0.0051998843119063385,8,SL,False
NZDUSD,B,short,NEUTRAL,2016-08-01 13:00:00+00:00,2016-08-02 13:00:00+00:00,0.71917,0.7246635714285714,-1.029736592200932,-0.00514868296100466,6,SL,False
GBPUSD,B,short,NEUTRAL,2016-08-03 13:00:00+00:00,2016-08-05 09:00:00+00:00,1.3326399999999998,1.3068295425531915,3.2408803292694532,0.016204401646347268,11,TP2,True
CADJPY,A,short,BEAR_STRONG,2016-08-08 01:00:00+00:00,2016-08-08 09:00:00+00:00,77.4655,77.88149357142856,-1.0697885178959117,-0.005348942589479559,2,SL,False
EURAUD,B,long,NEUTRAL,2016-08-08 01:00:00+00:00,2016-08-08 05:00:00+00:00,1.45871,1.4514558928571428,-1.0528252032971195,-0.005264126016485598,1,SL,False
EURCAD,A,long,BULL_STRONG,2016-08-08 17:00:00+00:00,2016-08-11 09:00:00+00:00,1.459045,1.452658132142857,-1.0762870163719338,-0.005381435081859669,16,SL,False
AUDCHF,B,short,NEUTRAL,2016-08-09 01:00:00+00:00,2016-08-09 13:00:00+00:00,0.750295,0.7547789285714285,-1.0637565725639568,-0.005318782862819785,3,SL,False
EURCHF,B,short,NEUTRAL,2016-08-10 21:00:00+00:00,2016-08-22 13:00:00+00:00,1.089405,1.089575,0.8075329135222845,0.004037664567611423,46,BE_STOP,True
AUDCHF,B,short,NEUTRAL,2016-08-10 21:00:00+00:00,2016-08-17 09:00:00+00:00,0.75024,0.7342780212765958,1.8795645055086958,0.00939782252754348,27,TP2,True
PA,A,long,BULL_STRONG,2016-08-15 22:00:00+00:00,2016-08-24 14:00:00+00:00,698.625,681.675,-1.0107512630014859,-0.005053756315007429,40,SL,False
USDCAD,B,long,NEUTRAL,2016-08-17 05:00:00+00:00,2016-08-18 01:00:00+00:00,1.2906750000000002,1.2828173214285714,-1.034848828708724,-0.00517424414354362,5,SL,False
EURCHF,B,short,NEUTRAL,2016-08-23 05:00:00+00:00,2016-08-25 13:00:00+00:00,1.088655,1.0914576785714287,-1.0844811449501401,-0.005422405724750701,14,SL,False
USDCHF,A,short,BEAR_STRONG,2016-08-23 05:00:00+00:00,2016-08-24 05:00:00+00:00,0.96077,0.9645854,-1.0522112524829643,-0.005261056262414822,6,SL,False
PA,A,long,BULL_STRONG,2016-08-29 06:00:00+00:00,2016-08-30 10:00:00+00:00,687.125,687.0,0.6408492839462662,0.003204246419731331,7,BE_STOP,True
PA,A,long,BULL_STRONG,2016-08-31 06:00:00+00:00,2016-08-31 14:00:00+00:00,687.525,679.2765595238095,-1.0221583454113536,-0.005110791727056768,2,SL,False
NKD,B,short,NEUTRAL,2016-08-31 14:00:00+00:00,2016-09-01 06:00:00+00:00,16872.5,16966.25,-1.1026063768115941,-0.005513031884057971,4,SL,False
EURGBP,B,long,NEUTRAL,2016-09-06 17:00:00+00:00,2016-09-20 09:00:00+00:00,0.837615,0.86201065,3.631202268896352,0.01815601134448176,58,TP2,True
ES,B,short,NEUTRAL,2016-09-07 10:00:00+00:00,2016-09-08 06:00:00+00:00,2183.625,2188.4196428571427,-1.1243743030303084,-0.005621871515151542,5,SL,False
EURJPY,A,long,BULL_STRONG,2016-09-07 13:00:00+00:00,2016-09-12 09:00:00+00:00,114.39699999999999,114.38,0.9016869082748379,0.00450843454137419,17,BE_STOP,True
AUDJPY,B,long,NEUTRAL,2016-09-12 21:00:00+00:00,2016-09-13 13:00:00+00:00,76.6725,76.28898214285715,-1.0756693008526086,-0.005378346504263043,4,SL,False
NZDCAD,A,long,BULL_STRONG,2016-09-13 13:00:00+00:00,2016-09-20 05:00:00+00:00,0.955945,0.9683646666666665,1.8608001866832047,0.009304000933416023,28,TP2,True
AUDCHF,B,long,NEUTRAL,2016-09-15 21:00:00+00:00,2016-09-27 05:00:00+00:00,0.72909,0.7453491999999999,2.4240176173285,0.0121200880866425,44,TP2,True
EURCHF,A,long,BULL_STRONG,2016-09-20 13:00:00+00:00,2016-09-21 01:00:00+00:00,1.093095,1.0907843035714286,-1.1509010318738178,-0.005754505159369089,3,SL,False
NQ,B,short,NEUTRAL,2016-09-21 02:00:00+00:00,2016-09-21 06:00:00+00:00,4816.125,4829.107142857143,-1.0603062889518402,-0.005301531444759201,1,SL,False
GBPUSD,B,long,NEUTRAL,2016-09-21 09:00:00+00:00,2016-09-23 09:00:00+00:00,1.29889,1.2988,0.5904284733900936,0.0029521423669504683,12,BE_STOP,True
AUDCAD,A,long,BULL_STRONG,2016-10-03 05:00:00+00:00,2016-10-06 05:00:00+00:00,1.005115,1.0006567333333334,-1.1074364389652411,-0.005537182194826205,18,SL,False
DAX,B,short,NEUTRAL,2016-10-06 10:00:00+00:00,2016-10-11 10:00:00+00:00,10582.25,10683.392857142857,-1.0159033226609746,-0.005079516613304873,12,SL,False
CADJPY,B,short,NEUTRAL,2016-10-06 21:00:00+00:00,2016-10-14 05:00:00+00:00,78.343,79.03821428571429,-1.0043762274881456,-0.005021881137440728,32,SL,False
USDJPY,A,long,BULL_STRONG,2016-10-10 05:00:00+00:00,2016-10-24 05:00:00+00:00,103.119,103.891,1.517329002247824,0.00758664501123912,60,TIME,True
AUDUSD,B,short,NEUTRAL,2016-10-19 05:00:00+00:00,2016-10-19 13:00:00+00:00,0.7682049999999999,0.7702776785714286,-1.0996372800144243,-0.005498186400072122,2,SL,False
GBPCHF,B,long,NEUTRAL,2016-11-03 05:00:00+00:00,2016-11-09 02:00:00+00:00,1.19991,1.19974,0.933569985121191,0.0046678499256059556,23,BE_STOP,True
EURUSD,B,short,NEUTRAL,2016-11-03 13:00:00+00:00,2016-11-04 17:00:00+00:00,1.109505,1.1142439285714287,-1.0463183498502269,-0.005231591749251134,7,SL,False
NZDUSD,B,long,NEUTRAL,2016-11-16 02:00:00+00:00,2016-11-16 10:00:00+00:00,0.709565,0.70648125,-1.0632447933194267,-0.005316223966597133,2,SL,False
AUDNZD,A,short,BEAR_STRONG,2016-11-29 02:00:00+00:00,2016-12-07 22:00:00+00:00,1.055525,1.0390430000000002,2.33586852718493,0.01167934263592465,41,TP2,True
EURCHF,B,short,NEUTRAL,2016-12-01 06:00:00+00:00,2016-12-05 06:00:00+00:00,1.077225,1.077395,0.6033836989796157,0.0030169184948980786,12,BE_STOP,True
HG,B,short,NEUTRAL,2016-12-01 11:00:00+00:00,2016-12-05 11:00:00+00:00,2.6312499999999996,2.685589285714286,-1.027510258997649,-0.005137551294988245,12,SL,False
USDCHF,B,short,NEUTRAL,2016-12-12 02:00:00+00:00,2016-12-14 18:00:00+00:00,1.0180649999999998,1.018155,0.9904933193182782,0.004952466596591391,16,BE_STOP,True
GBPAUD,A,long,BULL_STRONG,2016-12-12 02:00:00+00:00,2016-12-27 02:00:00+00:00,1.68941,1.70937,2.0746367125010954,0.010373183562505477,60,TIME,True
GBPCAD,B,long,NEUTRAL,2016-12-15 14:00:00+00:00,2016-12-15 22:00:00+00:00,1.66201,1.6544851785714285,-1.0547506698715616,-0.005273753349357808,2,SL,False
AUDCHF,B,long,NEUTRAL,2016-12-20 02:00:00+00:00,2016-12-22 06:00:00+00:00,0.745565,0.7406024999999999,-1.0781177047469999,-0.005390588523735,13,SL,False
SI,B,long,NEUTRAL,2016-12-21 03:00:00+00:00,2016-12-22 03:00:00+00:00,16.2075,15.896249999999998,-1.0824124675324704,-0.0054120623376623525,6,SL,False
EURJPY,A,long,BULL_STRONG,2016-12-21 18:00:00+00:00,2016-12-28 14:00:00+00:00,122.577,122.03638095238095,-1.0938865387413523,-0.005469432693706762,23,SL,False
CADCHF,B,short,NEUTRAL,2017-01-04 22:00:00+00:00,2017-01-11 14:00:00+00:00,0.76672,0.7724201785714285,-1.01398522651684,-0.0050699261325842,28,SL,False
AUDCAD,B,short,NEUTRAL,2017-01-17 06:00:00+00:00,2017-01-18 10:00:00+00:00,0.98324,0.9895033928571428,-1.0422840945989518,-0.005211420472994759,7,SL,False
GBPJPY,A,short,BEAR_STRONG,2017-01-23 02:00:00+00:00,2017-01-24 14:00:00+00:00,140.84300000000002,142.21712142857143,-1.0233715416559181,-0.005116857708279591,9,SL,False
AUDCAD,A,long,BULL_STRONG,2017-01-26 14:00:00+00:00,2017-02-09 14:00:00+00:00,0.9873,1.00057,2.0526014430014525,0.010263007215007263,60,TIME,True
DAX,A,long,BULL_STRONG,2017-01-31 19:00:00+00:00,2017-02-06 15:00:00+00:00,11593.25,11505.75,-1.0193367146974062,-0.005096683573487031,15,SL,False
AUDCHF,B,long,NEUTRAL,2017-02-01 10:00:00+00:00,2017-02-03 10:00:00+00:00,0.75053,0.7623208510638297,2.2020884187559724,0.011010442093779863,12,TP2,True
AUDCHF,B,short,NEUTRAL,2017-02-06 02:00:00+00:00,2017-02-09 10:00:00+00:00,0.760505,0.7643208928571428,-1.0346885399422068,-0.005173442699711034,20,SL,False
NZDCHF,B,short,NEUTRAL,2017-02-08 02:00:00+00:00,2017-02-22 02:00:00+00:00,0.727635,0.72291,1.3964519679744545,0.006982259839872273,60,TIME,True
NZDCAD,B,short,NEUTRAL,2017-02-08 10:00:00+00:00,2017-02-22 10:00:00+00:00,0.961225,0.94466,2.6528235039731682,0.013264117519865842,60,TIME,True
AUDCAD,C,long,BULL_STRONG,2017-02-13 14:00:00+00:00,2017-02-15 14:00:00+00:00,0.999645,1.0073481094224923,1.7172858886998101,0.008586429443499051,12,TP2,True
NKD,B,short,NEUTRAL,2017-02-13 23:00:00+00:00,2017-02-21 11:00:00+00:00,19452.5,19460.0,0.9442179764705915,0.0047210898823529576,32,BE_STOP,True
USDCAD,B,long,NEUTRAL,2017-02-16 22:00:00+00:00,2017-02-24 10:00:00+00:00,1.30651,1.30642,0.6710679758339293,0.0033553398791696465,33,BE_STOP,True
EURUSD,B,long,NEUTRAL,2017-02-21 22:00:00+00:00,2017-02-22 06:00:00+00:00,1.0550050000000002,1.0513917857142856,-1.0674670005068805,-0.005337335002534403,2,SL,False
PL,A,long,BULL_STRONG,2017-02-22 23:00:00+00:00,2017-02-24 11:00:00+00:00,1002.75,1026.8,2.2245660057919334,0.011122830028959666,9,TP2,True
EURAUD,B,short,NEUTRAL,2017-03-06 22:00:00+00:00,2017-03-08 10:00:00+00:00,1.39344,1.3990292857142856,-1.0581407987346794,-0.005290703993673397,9,SL,False
AUDCAD,A,long,BULL_STRONG,2017-03-09 14:00:00+00:00,2017-03-17 13:00:00+00:00,1.01483,1.0277395999999999,2.098191747902991,0.010490958739514956,36,TP2,True
USDCHF,B,long,NEUTRAL,2017-03-20 09:00:00+00:00,2017-03-21 13:00:00+00:00,0.99749,0.9944992857142857,-1.0895119527210175,-0.005447559763605087,7,SL,False
PA,B,short,NEUTRAL,2017-03-22 02:00:00+00:00,2017-03-22 10:00:00+00:00,783.275,790.5214285714286,-1.0263517352056166,-0.0051317586760280835,2,SL,False
CHFJPY,B,long,NEUTRAL,2017-03-22 13:00:00+00:00,2017-03-23 09:00:00+00:00,112.167,111.64800000000001,-1.0651461752987972,-0.005325730876493986,5,SL,False
AUDCAD,A,long,BULL_STRONG,2017-03-27 13:00:00+00:00,2017-03-31 09:00:00+00:00,1.0193,1.0154062357142857,-1.1242565222979017,-0.005621282611489509,23,SL,False
AUDNZD,B,long,NEUTRAL,2017-04-04 21:00:00+00:00,2017-04-05 21:00:00+00:00,1.084615,1.084445,0.5500136192689012,0.002750068096344506,6,BE_STOP,True
AUDUSD,B,long,NEUTRAL,2017-04-04 21:00:00+00:00,2017-04-06 01:00:00+00:00,0.7572150000000001,0.7534935714285714,-1.0622372423288835,-0.005311186211644418,7,SL,False
USDCAD,B,short,NEUTRAL,2017-04-05 01:00:00+00:00,2017-04-05 21:00:00+00:00,1.3403399999999999,1.3441232142857142,-1.0751777661735247,-0.0053758888308676235,5,SL,False
AUDCAD,B,long,NEUTRAL,2017-04-05 05:00:00+00:00,2017-04-06 13:00:00+00:00,1.014415,1.0117003571428573,-1.1422667621052716,-0.005711333810526358,8,SL,False
USDCAD,B,short,NEUTRAL,2017-04-06 13:00:00+00:00,2017-04-12 13:00:00+00:00,1.3413249999999999,1.32860576,1.9047974572737263,0.009523987286368631,24,TP2,True
CADCHF,B,short,NEUTRAL,2017-04-11 09:00:00+00:00,2017-04-12 13:00:00+00:00,0.756305,0.7588933928571429,-1.093401987742747,-0.005467009938713735,7,SL,False
CADCHF,B,short,NEUTRAL,2017-04-13 13:00:00+00:00,2017-04-19 05:00:00+00:00,0.75636,0.7435058299999999,1.9847226789029702,0.009923613394514851,22,TP2,True
GBPAUD,A,long,BULL_STRONG,2017-04-17 13:00:00+00:00,2017-04-18 09:00:00+00:00,1.656385,1.6726866666666667,1.849087480592043,0.009245437402960214,5,TP2,True
AUDCAD,B,short,NEUTRAL,2017-04-25 09:00:00+00:00,2017-04-26 13:00:00+00:00,1.02311,1.0143850300000001,1.7391093164651212,0.008695546582325606,7,TP2,True
EURJPY,B,short,NEUTRAL,2017-04-26 09:00:00+00:00,2017-05-02 05:00:00+00:00,121.32300000000001,122.29342857142858,-1.019912577165114,-0.00509956288582557,23,SL,False
EURGBP,B,long,NEUTRAL,2017-05-01 05:00:00+00:00,2017-05-08 09:00:00+00:00,0.84354,0.84337,0.6539015954848143,0.0032695079774240714,31,BE_STOP,True
EURNZD,A,long,BULL_STRONG,2017-05-09 21:00:00+00:00,2017-05-10 05:00:00+00:00,1.579535,1.5709720642857143,-1.0466028709518476,-0.005233014354759238,2,SL,False
AUDCAD,B,long,NEUTRAL,2017-05-10 05:00:00+00:00,2017-05-10 21:00:00+00:00,1.00944,1.0046367857142857,-1.0671934386803386,-0.005335967193401693,4,SL,False
CL,A,short,BEAR_STRONG,2017-05-10 18:00:00+00:00,2017-05-15 02:00:00+00:00,47.325,48.25139999999999,-1.0206122448979602,-0.005103061224489801,14,SL,False
USDCHF,B,short,NEUTRAL,2017-05-11 05:00:00+00:00,2017-05-15 09:00:00+00:00,1.00765,0.9962643444444444,2.614677693955339,0.013073388469776695,13,TP2,True
EURUSD,C,long,BULL_STRONG,2017-05-11 09:00:00+00:00,2017-05-15 05:00:00+00:00,1.08529,1.0937277277777777,2.1228217669122915,0.010614108834561457,11,TP2,True
GBPJPY,A,long,BULL_STRONG,2017-05-15 01:00:00+00:00,2017-05-16 21:00:00+00:00,146.337,145.6475857142857,-1.0631860162739737,-0.005315930081369868,11,SL,False
EURGBP,B,short,NEUTRAL,2017-05-17 05:00:00+00:00,2017-05-22 09:00:00+00:00,0.85655,0.8629021428571428,-1.0226324436741776,-0.005113162218370888,19,SL,False
GBPJPY,A,long,BULL_STRONG,2017-05-25 21:00:00+00:00,2017-05-26 05:00:00+00:00,144.327,143.5446,-1.0486095897569845,-0.005243047948784923,2,SL,False
PA,B,short,NEUTRAL,2017-06-01 10:00:00+00:00,2017-06-02 06:00:00+00:00,820.875,827.7107142857143,-1.0284127727514636,-0.005142063863757318,5,SL,False
EURNZD,B,long,NEUTRAL,2017-06-06 01:00:00+00:00,2017-06-06 05:00:00+00:00,1.57425,1.5704271428571428,-1.1068738756355119,-0.0055343693781775595,1,SL,False
CL,B,long,NEUTRAL,2017-06-06 06:00:00+00:00,2017-06-07 14:00:00+00:00,47.295,46.61642857142857,-1.0283068245425195,-0.005141534122712598,8,SL,False
USDJPY,A,short,BEAR_STRONG,2017-06-12 01:00:00+00:00,2017-06-15 09:00:00+00:00,110.271,110.28,0.6542433710895185,0.0032712168554475925,20,BE_STOP,True
NQ,C,long,BULL_STRONG,2017-06-14 02:00:00+00:00,2017-06-14 18:00:00+00:00,5749.875,5715.887357142857,-1.0248415455919007,-0.005124207727959503,4,SL,False
NQ,C,long,BULL_STRONG,2017-06-20 10:00:00+00:00,2017-06-20 18:00:00+00:00,5761.125,5736.197785714286,-1.0340454017822074,-0.005170227008911037,2,SL,False
NQ,C,long,BULL_STRONG,2017-06-21 10:00:00+00:00,2017-06-26 02:00:00+00:00,5743.625,5819.877928571429,2.360953330250041,0.011804766651250204,16,TP2,True
AUDUSD,A,long,BULL_STRONG,2017-06-22 13:00:00+00:00,2017-06-29 01:00:00+00:00,0.7544500000000001,0.7662474666666665,2.9518795679888092,0.014759397839944047,27,TP2,True
USDCHF,B,long,NEUTRAL,2017-06-27 05:00:00+00:00,2017-06-27 09:00:00+00:00,0.96718,0.9657139285714286,-1.163803415520398,-0.00581901707760199,1,SL,False
NQ,C,long,BULL_STRONG,2017-06-27 06:00:00+00:00,2017-06-27 14:00:00+00:00,5754.125,5727.783642857144,-1.0321697031048427,-0.005160848515524214,2,SL,False
GBPCAD,A,short,BEAR_STRONG,2017-06-27 09:00:00+00:00,2017-06-27 17:00:00+00:00,1.68615,1.692185880952381,-1.0692242142819446,-0.005346121071409723,2,SL,False
GBPCAD,A,short,BEAR_STRONG,2017-06-28 01:00:00+00:00,2017-06-28 13:00:00+00:00,1.68558,1.68575,0.6150803177223809,0.0030754015886119046,3,BE_STOP,True
NG,B,long,NEUTRAL,2017-07-03 14:00:00+00:00,2017-07-05 10:00:00+00:00,2.9595000000000002,2.928,-1.0578920000000014,-0.005289460000000007,10,SL,False
NQ,B,short,NEUTRAL,2017-07-13 14:00:00+00:00,2017-07-14 10:00:00+00:00,5790.625,5823.294642857143,-1.025956317390102,-0.005129781586950511,5,SL,False
EURAUD,B,long,NEUTRAL,2017-07-17 01:00:00+00:00,2017-07-18 01:00:00+00:00,1.4676,1.4617914285714286,-1.075455991892578,-0.00537727995946289,6,SL,False
NG,B,long,NEUTRAL,2017-07-26 02:00:00+00:00,2017-07-26 10:00:00+00:00,2.9625,2.921607142857143,-1.0440942883046254,-0.005220471441523127,2,SL,False
GBPNZD,B,long,NEUTRAL,2017-07-27 13:00:00+00:00,2017-08-01 21:00:00+00:00,1.74496,1.7790935729166666,3.6647340381034836,0.018323670190517418,20,TP2,True
NZDCAD,B,short,NEUTRAL,2017-08-01 13:00:00+00:00,2017-08-03 17:00:00+00:00,0.936895,0.937065,0.5251879661445267,0.0026259398307226334,13,BE_STOP,True
AUDNZD,B,short,NEUTRAL,2017-08-01 21:00:00+00:00,2017-08-02 21:00:00+00:00,1.071405,1.0745514285714286,-1.0907116342692569,-0.005453558171346284,6,SL,False
NZDUSD,A,long,BULL_STRONG,2017-08-01 21:00:00+00:00,2017-08-02 21:00:00+00:00,0.7434850000000001,0.739956188095238,-1.0651643376276905,-0.005325821688138452,6,SL,False
AUDNZD,B,short,NEUTRAL,2017-08-03 09:00:00+00:00,2017-08-07 05:00:00+00:00,1.070495,1.074447142857143,-1.0713535448536344,-0.0053567677242681725,11,SL,False
USDCHF,B,short,NEUTRAL,2017-08-03 13:00:00+00:00,2017-08-04 09:00:00+00:00,0.97003,0.9731735714285714,-1.0739475742690172,-0.005369737871345086,5,SL,False
AUDJPY,B,long,NEUTRAL,2017-08-09 21:00:00+00:00,2017-08-10 13:00:00+00:00,86.9585,86.27521428571428,-1.043786305746134,-0.005218931528730671,4,SL,False
CADJPY,A,short,BEAR_STRONG,2017-08-14 01:00:00+00:00,2017-08-16 05:00:00+00:00,86.35900000000001,87.01156666666667,-1.0300365972622794,-0.005150182986311397,13,SL,False
AUDJPY,A,short,BEAR_STRONG,2017-08-14 01:00:00+00:00,2017-08-16 05:00:00+00:00,86.423,86.97205666666666,-1.035896965862025,-0.005179484829310125,13,SL,False
USDJPY,A,short,BEAR_STRONG,2017-08-17 13:00:00+00:00,2017-08-22 21:00:00+00:00,109.771,109.78,0.9419152226037395,0.004709576113018698,20,BE_STOP,True
USDCHF,B,long,NEUTRAL,2017-08-30 05:00:00+00:00,2017-09-01 09:00:00+00:00,0.955855,0.955765,0.9818988224453069,0.004909494112226535,13,BE_STOP,True
EURUSD,A,long,BULL_STRONG,2017-09-05 01:00:00+00:00,2017-09-07 13:00:00+00:00,1.19066,1.2045506666666668,2.0703370062030926,0.010351685031015464,15,TP2,True
CADCHF,B,short,NEUTRAL,2017-09-06 05:00:00+00:00,2017-09-06 13:00:00+00:00,0.77017,0.7735025,-1.0878494229249036,-0.0054392471146245186,2,SL,False
NKD,B,short,NEUTRAL,2017-09-13 06:00:00+00:00,2017-09-15 06:00:00+00:00,19712.5,19852.5,-1.0685056603773584,-0.005342528301886792,12,SL,False
PA,A,long,BULL_STRONG,2017-09-13 22:00:00+00:00,2017-09-14 10:00:00+00:00,935.675,927.875,-1.0260396091205213,-0.005130198045602607,3,SL,False
USDJPY,B,short,NEUTRAL,2017-09-14 05:00:00+00:00,2017-09-14 09:00:00+00:00,110.381,110.904,-1.04757459143969,-0.005237872957198449,1,SL,False
NQ,B,short,NEUTRAL,2017-10-03 14:00:00+00:00,2017-10-04 14:00:00+00:00,5995.125,6014.741071428572,-1.04441592575406,-0.0052220796287703,6,SL,False
EURCHF,A,long,BULL_STRONG,2017-10-30 21:00:00+00:00,2017-11-07 10:00:00+00:00,1.15989,1.155498030952381,-1.1379414660390352,-0.005689707330195176,33,SL,False
AUDCAD,B,long,NEUTRAL,2017-11-06 10:00:00+00:00,2017-11-09 10:00:00+00:00,0.97797,0.9745307142857143,-1.1397601310902332,-0.005698800655451166,18,SL,False
EURJPY,B,long,NEUTRAL,2017-11-08 06:00:00+00:00,2017-11-08 10:00:00+00:00,131.837,131.62692857142858,-1.1836479911209687,-0.005918239955604844,1,SL,False
EURJPY,B,long,NEUTRAL,2017-11-09 02:00:00+00:00,2017-11-14 06:00:00+00:00,131.827,133.25263265306126,2.762095322916298,0.01381047661458149,19,TP2,True
USDCAD,A,long,BULL_STRONG,2017-11-13 18:00:00+00:00,2017-11-16 14:00:00+00:00,1.2734100000000002,1.27332,0.5518031705320363,0.0027590158526601817,17,BE_STOP,True
EURNZD,B,short,NEUTRAL,2017-11-16 14:00:00+00:00,2017-11-17 02:00:00+00:00,1.717645,1.7240560714285715,-1.065769204005723,-0.005328846020028615,3,SL,False
EURGBP,B,long,NEUTRAL,2017-11-22 06:00:00+00:00,2017-11-28 14:00:00+00:00,0.88746,0.8975018367346939,2.2082491891440004,0.011041245945720002,26,TP2,True
EURJPY,B,long,NEUTRAL,2017-11-23 22:00:00+00:00,2017-11-28 18:00:00+00:00,131.917,131.9,0.5420508597183983,0.0027102542985919915,17,BE_STOP,True
AUDUSD,A,short,BEAR_STRONG,2017-11-27 14:00:00+00:00,2017-12-01 14:00:00+00:00,0.76071,0.7608,0.6448296152457688,0.003224148076228844,24,BE_STOP,True
USDCAD,B,long,NEUTRAL,2017-12-04 06:00:00+00:00,2017-12-04 10:00:00+00:00,1.2696250000000002,1.2666067857142855,-1.0914371264788802,-0.005457185632394401,1,SL,False
EURCAD,B,short,NEUTRAL,2017-12-12 02:00:00+00:00,2017-12-13 22:00:00+00:00,1.51206,1.5178644642857144,-1.0588677792919838,-0.005294338896459919,11,SL,False
AUDCAD,B,short,NEUTRAL,2017-12-13 10:00:00+00:00,2017-12-13 14:00:00+00:00,0.97594,0.9774771428571428,-1.2242864367816229,-0.006121432183908114,1,SL,False
EURNZD,B,long,NEUTRAL,2017-12-14 02:00:00+00:00,2017-12-15 02:00:00+00:00,1.689965,1.6784591071428572,-1.040278706384588,-0.00520139353192294,6,SL,False
EURCHF,B,short,NEUTRAL,2017-12-20 06:00:00+00:00,2017-12-20 10:00:00+00:00,1.16821,1.1700869642857143,-1.195405025630288,-0.0059770251281514395,1,SL,False
AUDNZD,A,short,BEAR_STRONG,2017-12-26 06:00:00+00:00,2017-12-28 22:00:00+00:00,1.09829,1.1012553386699506,-1.08004776036814,-0.0054002388018407,16,SL,False
NZDCHF,B,short,NEUTRAL,2017-12-27 22:00:00+00:00,2018-01-04 18:00:00+00:00,0.6974049999999999,0.697575,1.0190321015663772,0.005095160507831886,29,BE_STOP,True
AUDNZD,A,short,BEAR_STRONG,2017-12-28 22:00:00+00:00,2017-12-29 14:00:00+00:00,1.09793,1.1009449815270935,-1.1137828829175982,-0.005568914414587991,4,SL,False
USDJPY,B,long,NEUTRAL,2018-01-03 02:00:00+00:00,2018-01-08 06:00:00+00:00,112.289,113.31197727272726,3.18313560361117,0.01591567801805585,19,TP2,True
AUDNZD,B,long,NEUTRAL,2018-01-08 22:00:00+00:00,2018-01-09 10:00:00+00:00,1.09365,1.0900369642857144,-1.0938448005808865,-0.005469224002904433,3,SL,False
AUDNZD,B,long,NEUTRAL,2018-01-09 22:00:00+00:00,2018-01-10 06:00:00+00:00,1.09214,1.0876044642857143,-1.073965630138667,-0.0053698281506933355,2,SL,False
AUDJPY,A,long,BULL_STRONG,2018-01-11 02:00:00+00:00,2018-01-12 02:00:00+00:00,88.05449999999999,87.60848885714286,-1.08001570721772,-0.0054000785360886,6,SL,False
CADJPY,A,long,BULL_STRONG,2018-01-16 02:00:00+00:00,2018-01-17 14:00:00+00:00,89.213,88.48700000000001,-1.0486457263751712,-0.005243228631875856,9,SL,False
GBPCHF,B,short,NEUTRAL,2018-01-16 06:00:00+00:00,2018-01-17 06:00:00+00:00,1.328185,1.328355,0.6284475218149252,0.0031422376090746262,6,BE_STOP,True
NZDCAD,B,short,NEUTRAL,2018-01-17 02:00:00+00:00,2018-01-17 14:00:00+00:00,0.901405,0.9066764285714286,-1.0580615205824704,-0.005290307602912352,3,SL,False
AUDJPY,A,long,BULL_STRONG,2018-01-23 14:00:00+00:00,2018-01-25 18:00:00+00:00,88.1745,87.7376,-1.093699523696109,-0.005468497618480545,13,SL,False
GBPCAD,A,long,BULL_STRONG,2018-01-30 14:00:00+00:00,2018-02-09 10:00:00+00:00,1.7439500000000001,1.74378,0.6129920473360101,0.0030649602366800504,47,BE_STOP,True
RTY,B,long,NEUTRAL,2018-02-01 23:00:00+00:00,2018-02-02 07:00:00+00:00,1575.1499999999999,1563.7357142857145,-1.0245032847178068,-0.005122516423589034,2,SL,False
AUDCAD,B,long,NEUTRAL,2018-02-05 06:00:00+00:00,2018-02-08 02:00:00+00:00,0.98602,0.980515,-1.0764841237113412,-0.005382420618556706,17,SL,False
NG,B,long,NEUTRAL,2018-02-05 07:00:00+00:00,2018-02-05 11:00:00+00:00,2.8705000000000003,2.8015000000000003,-1.0256242962962971,-0.005128121481481486,1,SL,False
EURUSD,C,long,BULL_STRONG,2018-02-06 10:00:00+00:00,2018-02-07 14:00:00+00:00,1.23445,1.2290291785714285,-1.0549301836356233,-0.0052746509181781165,7,SL,False
AUDUSD,B,long,NEUTRAL,2018-02-08 06:00:00+00:00,2018-02-08 14:00:00+00:00,0.7813450000000001,0.7785666071428571,-1.0741663553636767,-0.0053708317768183834,2,SL,False
AUDCAD,B,long,NEUTRAL,2018-02-08 06:00:00+00:00,2018-02-08 22:00:00+00:00,0.983895,0.9791025,-1.0665755110870754,-0.005332877555435377,4,SL,False
ES,A,short,BEAR_STRONG,2018-02-14 11:00:00+00:00,2018-02-14 15:00:00+00:00,2651.625,2691.95,-1.01469662077597,-0.00507348310387985,1,SL,False
HG,A,short,BEAR_STRONG,2018-02-14 11:00:00+00:00,2018-02-14 19:00:00+00:00,3.17225,3.238001666666667,-1.0233138161804636,-0.005116569080902318,2,SL,False
AUDUSD,B,long,NEUTRAL,2018-02-21 18:00:00+00:00,2018-02-23 14:00:00+00:00,0.780445,0.780355,1.3740938720966105,0.006870469360483053,11,BE_STOP,True
GBPNZD,B,short,NEUTRAL,2018-02-28 06:00:00+00:00,2018-03-14 05:00:00+00:00,1.92367,1.904655,2.7430616191175683,0.013715308095587842,60,TIME,True
CADCHF,B,long,NEUTRAL,2018-03-01 10:00:00+00:00,2018-03-01 18:00:00+00:00,0.736825,0.7343039285714286,-1.1161834118183236,-0.005580917059091618,2,SL,False
NZDCAD,B,short,NEUTRAL,2018-03-05 02:00:00+00:00,2018-03-05 10:00:00+00:00,0.93114,0.9351971428571428,-1.0772700183755979,-0.005386350091877989,2,SL,False
USDJPY,B,long,NEUTRAL,2018-03-07 14:00:00+00:00,2018-03-14 21:00:00+00:00,105.929,105.92,0.6607569725740664,0.003303784862870332,32,BE_STOP,True
NKD,B,long,NEUTRAL,2018-03-07 15:00:00+00:00,2018-03-18 22:00:00+00:00,21232.5,21225.0,1.303299592600599,0.0065164979630029955,44,BE_STOP,True
GBPJPY,B,long,NEUTRAL,2018-03-07 22:00:00+00:00,2018-03-08 18:00:00+00:00,147.597,146.46835714285714,-1.0338810075178269,-0.005169405037589134,5,SL,False
ES,B,short,NEUTRAL,2018-03-15 18:00:00+00:00,2018-03-22 22:00:00+00:00,2758.125,2625.8,4.686378635878578,0.023431893179392888,31,TP2,True
CADJPY,A,short,BEAR_STRONG,2018-03-21 17:00:00+00:00,2018-03-28 17:00:00+00:00,82.1645,82.7553,-1.00610496688741,-0.0050305248344370505,30,SL,False
USDCAD,A,long,BULL_STRONG,2018-03-28 05:00:00+00:00,2018-04-03 13:00:00+00:00,1.2907950000000001,1.2823799999999999,-1.046932288288305,-0.005234661441441525,26,SL,False
PA,A,short,BEAR_STRONG,2018-04-09 10:00:00+00:00,2018-04-10 10:00:00+00:00,921.025,936.1209404761905,-1.0132711769388156,-0.005066355884694078,6,SL,False
NZDJPY,A,long,BULL_STRONG,2018-04-18 01:00:00+00:00,2018-04-18 09:00:00+00:00,78.774,78.36143333333332,-1.0708562231397862,-0.005354281115698931,2,SL,False
CHFJPY,B,long,NEUTRAL,2018-04-18 13:00:00+00:00,2018-04-19 13:00:00+00:00,110.86699999999999,110.52621428571429,-1.1158833708360814,-0.005579416854180407,6,SL,False
AUDNZD,A,short,BEAR_STRONG,2018-04-23 05:00:00+00:00,2018-04-24 01:00:00+00:00,1.06338,1.0672864976190475,-1.085340131992722,-0.00542670065996361,5,SL,False
EURAUD,B,short,NEUTRAL,2018-04-24 05:00:00+00:00,2018-04-24 17:00:00+00:00,1.60252,1.6104135714285717,-1.0510583482844709,-0.0052552917414223545,3,SL,False
GBPCHF,B,long,NEUTRAL,2018-05-02 05:00:00+00:00,2018-05-10 13:00:00+00:00,1.35801,1.3511096428571427,-1.0980811843990446,-0.005490405921995223,38,SL,False
EURAUD,B,long,NEUTRAL,2018-05-09 05:00:00+00:00,2018-05-09 13:00:00+00:00,1.59341,1.5894525,-1.1037828118811874,-0.005518914059405937,2,SL,False
EURNZD,B,long,NEUTRAL,2018-05-29 05:00:00+00:00,2018-05-30 13:00:00+00:00,1.67081,1.6634007142857141,-1.0627014070054266,-0.005313507035027133,8,SL,False
EURNZD,B,long,NEUTRAL,2018-05-31 01:00:00+00:00,2018-05-31 13:00:00+00:00,1.67065,1.6630739285714284,-1.0545351207985723,-0.005272675603992861,3,SL,False
USDJPY,B,short,NEUTRAL,2018-06-07 05:00:00+00:00,2018-06-11 05:00:00+00:00,109.931,109.94,0.6055313366336831,0.0030276566831684156,12,BE_STOP,True
AUDJPY,A,long,BULL_STRONG,2018-06-13 05:00:00+00:00,2018-06-13 21:00:00+00:00,83.833,83.35455333333333,-1.0622750624846398,-0.0053113753124231985,4,SL,False
PA,B,long,NEUTRAL,2018-06-20 06:00:00+00:00,2018-06-20 14:00:00+00:00,960.225,955.8464285714285,-1.0474467170444999,-0.0052372335852225,2,SL,False
AUDCAD,A,long,BULL_STRONG,2018-06-20 09:00:00+00:00,2018-06-26 21:00:00+00:00,0.98207,0.9819,0.5205156455226718,0.002602578227613359,27,BE_STOP,True
YM,B,long,NEUTRAL,2018-06-26 14:00:00+00:00,2018-06-27 06:00:00+00:00,24353.5,24152.39285714286,-1.0172753336911793,-0.005086376668455897,4,SL,False
YM,B,long,NEUTRAL,2018-06-27 14:00:00+00:00,2018-06-28 10:00:00+00:00,24252.5,23999.535714285714,-1.013680670359324,-0.00506840335179662,5,SL,False
PL,A,short,BEAR_STRONG,2018-07-10 22:00:00+00:00,2018-07-18 06:00:00+00:00,841.95,812.3272413793104,2.368938846530883,0.011844694232654416,32,TP2,True
NKD,B,short,NEUTRAL,2018-07-16 14:00:00+00:00,2018-07-16 22:00:00+00:00,22607.5,22775.178571428572,-1.0581138907469338,-0.005290569453734669,2,SL,False
NKD,B,short,NEUTRAL,2018-07-16 22:00:00+00:00,2018-07-17 02:00:00+00:00,22707.5,22842.5,-1.0730713725490195,-0.0053653568627450975,1,SL,False
SI,A,short,BEAR_STRONG,2018-07-23 02:00:00+00:00,2018-07-25 22:00:00+00:00,15.472499999999998,15.701954761904762,-1.1147004291253013,-0.005573502145626507,17,SL,False
NZDCAD,A,short,BEAR_STRONG,2018-07-25 05:00:00+00:00,2018-07-26 13:00:00+00:00,0.89423,0.8882868,1.657528161753995,0.008287640808769975,8,TP2,True
SI,A,short,BEAR_STRONG,2018-07-26 10:00:00+00:00,2018-08-09 10:00:00+00:00,15.5125,15.502500000000001,0.06217200993728639,0.00031086004968643193,60,TIME,False
PA,A,short,BEAR_STRONG,2018-07-30 10:00:00+00:00,2018-08-08 10:00:00+00:00,924.775,890.1249999999999,2.4784403492553,0.012392201746276501,42,TP2,True
NG,A,short,BEAR_STRONG,2018-07-30 10:00:00+00:00,2018-07-30 14:00:00+00:00,2.7735,2.8005761904761908,-1.0673235524110978,-0.005336617762055489,1,SL,False
AUDCHF,B,short,NEUTRAL,2018-08-07 21:00:00+00:00,2018-08-09 21:00:00+00:00,0.73899,0.7324308979591837,3.3295786096414393,0.016647893048207196,12,TP2,True
EURGBP,A,long,BULL_STRONG,2018-08-13 09:00:00+00:00,2018-08-14 05:00:00+00:00,0.89405,0.8907323214285714,-1.0937729165484766,-0.005468864582742383,5,SL,False
EURGBP,A,long,BULL_STRONG,2018-08-16 01:00:00+00:00,2018-08-21 13:00:00+00:00,0.89516,0.89499,0.5152023519450162,0.002576011759725081,21,BE_STOP,True
USDCAD,B,long,NEUTRAL,2018-08-20 09:00:00+00:00,2018-08-20 17:00:00+00:00,1.30875,1.3039421428571427,-1.0579129447388642,-0.0052895647236943216,2,SL,False
NZDUSD,A,short,BEAR_STRONG,2018-08-27 09:00:00+00:00,2018-08-27 21:00:00+00:00,0.66811,0.6709913976190476,-1.0657503605891365,-0.005328751802945683,3,SL,False
AUDUSD,A,short,BEAR_STRONG,2018-08-28 17:00:00+00:00,2018-08-30 17:00:00+00:00,0.73375,0.725202,2.0534014717907167,0.010267007358953584,12,TP2,True
NZDJPY,A,short,BEAR_STRONG,2018-08-30 13:00:00+00:00,2018-09-06 21:00:00+00:00,73.879,72.62749333333333,2.7080042267463127,0.013540021133731563,32,TP2,True
NKD,B,short,NEUTRAL,2018-08-30 14:00:00+00:00,2018-09-13 10:00:00+00:00,22807.5,22815.0,0.6379269033463552,0.0031896345167317756,58,BE_STOP,True
EURCHF,B,long,NEUTRAL,2018-09-03 05:00:00+00:00,2018-09-06 17:00:00+00:00,1.12716,1.1226232142857142,-1.1094174139200135,-0.005547087069600067,21,SL,False
NZDUSD,B,long,NEUTRAL,2018-09-05 13:00:00+00:00,2018-09-07 17:00:00+00:00,0.65871,0.6530810714285714,-1.0437303707524725,-0.005218651853762363,13,SL,False
NZDJPY,B,long,NEUTRAL,2018-09-10 13:00:00+00:00,2018-09-19 21:00:00+00:00,72.588,74.54498000000001,2.8284887967644337,0.014142443983822169,44,TP2,True
EURGBP,B,long,NEUTRAL,2018-09-11 05:00:00+00:00,2018-09-17 21:00:00+00:00,0.89077,0.8874025000000001,-1.1547170602032921,-0.00577358530101646,28,SL,False
EURAUD,A,long,BULL_STRONG,2018-09-17 01:00:00+00:00,2018-09-18 01:00:00+00:00,1.62613,1.62596,0.5413423858017714,0.002706711929008857,6,BE_STOP,True
PL,B,short,NEUTRAL,2018-09-20 06:00:00+00:00,2018-09-20 10:00:00+00:00,822.55,829.8392857142857,-1.044863074581431,-0.005224315372907155,1,SL,False
EURNZD,A,long,BULL_STRONG,2018-09-24 01:00:00+00:00,2018-09-26 01:00:00+00:00,1.76106,1.76089,0.781624044751213,0.003908120223756065,12,BE_STOP,True
CADCHF,A,short,BEAR_STRONG,2018-09-24 01:00:00+00:00,2018-09-24 17:00:00+00:00,0.74175,0.7452235333333334,-1.0828945775230574,-0.005414472887615287,4,SL,False
CADCHF,A,short,BEAR_STRONG,2018-09-26 17:00:00+00:00,2018-09-27 09:00:00+00:00,0.74173,0.7452235333333334,-1.082394901008967,-0.005411974505044836,4,SL,False
EURCHF,A,long,BULL_STRONG,2018-10-09 09:00:00+00:00,2018-10-11 13:00:00+00:00,1.13915,1.1470774666666663,1.797055605241713,0.008985278026208566,13,TP2,True
AUDCHF,A,long,BULL_STRONG,2018-10-09 13:00:00+00:00,2018-10-10 17:00:00+00:00,0.70339,0.6994540499999999,-1.0845668689175378,-0.00542283434458769,7,SL,False
AUDUSD,A,short,BEAR_STRONG,2018-10-17 17:00:00+00:00,2018-10-18 01:00:00+00:00,0.7108,0.7135608571428572,-1.070955498502365,-0.005354777492511825,2,SL,False
EURCHF,A,long,BULL_STRONG,2018-10-18 13:00:00+00:00,2018-10-22 05:00:00+00:00,1.14105,1.1488323999999999,1.7550731537390094,0.008775365768695047,10,TP2,True
USDCAD,B,short,NEUTRAL,2018-10-22 09:00:00+00:00,2018-10-26 01:00:00+00:00,1.30991,1.31,0.8636106885244663,0.004318053442622332,22,BE_STOP,True
NZDUSD,B,long,NEUTRAL,2018-10-25 13:00:00+00:00,2018-10-26 01:00:00+00:00,0.6518900000000001,0.6498839285714285,-1.0946022143522964,-0.005473011071761482,3,SL,False
EURCHF,A,long,BULL_STRONG,2018-10-29 01:00:00+00:00,2018-11-06 06:00:00+00:00,1.13741,1.1464752000000002,2.0300718741481063,0.010150359370740531,37,TP2,True
USDCAD,C,long,BULL_STRONG,2018-10-30 21:00:00+00:00,2018-11-01 05:00:00+00:00,1.3115500000000002,1.31146,0.7115932017566069,0.0035579660087830347,8,BE_STOP,True
CADCHF,B,short,NEUTRAL,2018-11-01 13:00:00+00:00,2018-11-08 06:00:00+00:00,0.76583,0.766,0.6608496515218325,0.0033042482576091624,28,BE_STOP,True
GBPCAD,B,short,NEUTRAL,2018-11-07 14:00:00+00:00,2018-11-13 14:00:00+00:00,1.72291,1.72308,1.3542389990039698,0.006771194995019849,24,BE_STOP,True
GBPJPY,B,short,NEUTRAL,2018-11-08 14:00:00+00:00,2018-11-15 06:00:00+00:00,149.173,145.93724,3.819334555654666,0.01909667277827333,28,TP2,True
ES,B,short,NEUTRAL,2018-11-08 19:00:00+00:00,2018-11-20 11:00:00+00:00,2805.125,2649.538,5.323444588910087,0.026617222944550437,46,TP2,True
CADJPY,B,long,NEUTRAL,2018-11-21 06:00:00+00:00,2018-12-04 18:00:00+00:00,85.05499999999999,85.038,0.6609395773230701,0.0033046978866153503,57,BE_STOP,True
YM,B,long,NEUTRAL,2018-11-21 07:00:00+00:00,2018-11-22 15:00:00+00:00,24519.5,24292.5,-1.015350598669623,-0.005076752993348115,8,SL,False
NZDUSD,A,long,BULL_STRONG,2018-12-10 22:00:00+00:00,2018-12-12 10:00:00+00:00,0.6884100000000001,0.6850541666666666,-1.0662548813472916,-0.005331274406736458,9,SL,False
EURCHF,A,short,BEAR_STRONG,2018-12-17 02:00:00+00:00,2018-12-18 06:00:00+00:00,1.12821,1.12838,0.5224374579342136,0.002612187289671068,7,BE_STOP,True
USDCHF,A,short,BEAR_STRONG,2018-12-18 02:00:00+00:00,2018-12-19 18:00:00+00:00,0.99259,0.9956792,-1.0663385569485315,-0.005331692784742658,10,SL,False
GBPCHF,A,short,BEAR_STRONG,2018-12-19 10:00:00+00:00,2018-12-24 02:00:00+00:00,1.25311,1.2594572666666668,-1.0397320389816418,-0.005198660194908209,16,SL,False
NKD,A,short,BEAR_STRONG,2018-12-31 15:00:00+00:00,2019-01-02 15:00:00+00:00,19857.5,19865.0,0.6400273932654907,0.003200136966327454,6,BE_STOP,True
GBPAUD,C,long,BULL_STRONG,2019-01-07 14:00:00+00:00,2019-01-08 14:00:00+00:00,1.78757,1.7804707049689439,-1.067865460756449,-0.0053393273037822455,6,SL,False
NZDUSD,C,short,BEAR_STRONG,2019-01-08 22:00:00+00:00,2019-01-09 10:00:00+00:00,0.67497,0.677193,-1.0864959212377077,-0.005432479606188538,3,SL,False
GBPAUD,C,long,BULL_STRONG,2019-01-15 06:00:00+00:00,2019-01-15 14:00:00+00:00,1.78729,1.7798717763975154,-1.0579756672870788,-0.005289878336435394,2,SL,False
GBPAUD,C,long,BULL_STRONG,2019-01-15 18:00:00+00:00,2019-01-17 14:00:00+00:00,1.78593,1.805617170807453,1.704731140108509,0.008523655700542546,11,TP2,True
NZDCAD,A,short,BEAR_STRONG,2019-01-16 22:00:00+00:00,2019-01-22 10:00:00+00:00,0.89677,0.89694,0.6192969173247604,0.003096484586623802,21,BE_STOP,True
CADCHF,B,short,NEUTRAL,2019-01-17 06:00:00+00:00,2019-01-17 14:00:00+00:00,0.74687,0.7485675,-1.1797458592471364,-0.005898729296235682,2,SL,False
CL,B,short,NEUTRAL,2019-01-21 23:00:00+00:00,2019-01-24 23:00:00+00:00,53.665,53.68,0.6811578838627215,0.0034057894193136075,18,BE_STOP,True
GBPJPY,B,short,NEUTRAL,2019-01-24 06:00:00+00:00,2019-01-24 22:00:00+00:00,143.163,143.8312857142857,-1.0568764509760857,-0.005284382254880429,4,SL,False
GBPCHF,C,long,BULL_STRONG,2019-02-05 14:00:00+00:00,2019-02-07 10:00:00+00:00,1.2951,1.2907588265306122,-1.0962112947220382,-0.005481056473610191,11,SL,False
PA,B,short,NEUTRAL,2019-02-06 07:00:00+00:00,2019-02-06 11:00:00+00:00,1335.075,1354.35,-1.0121047519582247,-0.005060523759791123,1,SL,False
GBPCHF,C,long,BULL_STRONG,2019-02-07 14:00:00+00:00,2019-02-08 06:00:00+00:00,1.29841,1.294347857142857,-1.0903814204441156,-0.005451907102220578,4,SL,False
GBPCHF,C,long,BULL_STRONG,2019-02-12 06:00:00+00:00,2019-02-14 10:00:00+00:00,1.29444,1.2900411632653064,-1.1067011162427132,-0.005533505581213566,13,SL,False
NZDUSD,B,short,NEUTRAL,2019-02-14 22:00:00+00:00,2019-02-15 14:00:00+00:00,0.6817099999999999,0.6864242857142857,-1.0401011986407238,-0.005200505993203619,4,SL,False
GBPCHF,C,long,BULL_STRONG,2019-02-18 02:00:00+00:00,2019-02-25 22:00:00+00:00,1.29609,1.3120959540816328,3.314920572005784,0.01657460286002892,35,TP2,True
EURNZD,B,short,NEUTRAL,2019-03-04 06:00:00+00:00,2019-03-11 13:00:00+00:00,1.66705,1.6461222272727272,2.7206528058269033,0.013603264029134516,32,TP2,True
NZDCHF,B,long,NEUTRAL,2019-03-04 18:00:00+00:00,2019-03-05 02:00:00+00:00,0.68185,0.6787110714285713,-1.0894123902321664,-0.005447061951160832,2,SL,False
PA,C,long,BULL_STRONG,2019-03-04 19:00:00+00:00,2019-03-05 07:00:00+00:00,1490.525,1471.5178409090909,-1.012935067373603,-0.0050646753368680155,3,SL,False
NZDUSD,B,long,NEUTRAL,2019-03-04 22:00:00+00:00,2019-03-05 14:00:00+00:00,0.6804100000000001,0.6786217857142857,-1.1090895310199937,-0.005545447655099968,4,SL,False
HG,C,long,BULL_STRONG,2019-03-06 23:00:00+00:00,2019-03-07 03:00:00+00:00,2.92525,2.9098883116883116,-1.1051624700902036,-0.005525812350451019,1,SL,False
NZDCHF,B,long,NEUTRAL,2019-03-07 02:00:00+00:00,2019-03-11 17:00:00+00:00,0.68149,0.6906005454545454,2.4002102465667874,0.012001051232833937,16,TP2,True
PA,C,long,BULL_STRONG,2019-03-07 03:00:00+00:00,2019-03-07 15:00:00+00:00,1489.925,1476.709366883117,-1.018654101586963,-0.005093270507934815,3,SL,False
NKD,B,long,NEUTRAL,2019-03-11 06:00:00+00:00,2019-03-22 14:00:00+00:00,20967.5,20960.0,0.9059665240641653,0.004529832620320827,56,BE_STOP,True
AUDJPY,B,long,NEUTRAL,2019-03-11 13:00:00+00:00,2019-03-22 05:00:00+00:00,78.51899999999999,78.502,0.6263405917340326,0.003131702958670163,52,BE_STOP,True
CADJPY,B,long,NEUTRAL,2019-03-12 01:00:00+00:00,2019-03-21 01:00:00+00:00,83.097,83.08,0.677456871008953,0.0033872843550447652,42,BE_STOP,True
PA,C,long,BULL_STRONG,2019-03-12 02:00:00+00:00,2019-03-18 10:00:00+00:00,1494.125,1532.8688798701298,2.3512560842022845,0.011756280421011423,26,TP2,True
NZDJPY,B,short,NEUTRAL,2019-03-14 13:00:00+00:00,2019-03-14 21:00:00+00:00,76.153,76.52303571428571,-1.078353035912989,-0.005391765179564945,2,SL,False
HG,C,long,BULL_STRONG,2019-03-19 18:00:00+00:00,2019-03-21 06:00:00+00:00,2.9202500000000002,2.961694318181818,1.6597729551451204,0.008298864775725601,9,TP2,True
HG,C,long,BULL_STRONG,2019-03-21 14:00:00+00:00,2019-03-22 06:00:00+00:00,2.9072500000000003,2.8813974025974027,-1.0602611169763592,-0.005301305584881796,4,SL,False
USDJPY,B,long,NEUTRAL,2019-03-25 09:00:00+00:00,2019-04-01 13:00:00+00:00,110.079,111.2494090909091,1.711210117770919,0.008556050588854594,31,TP2,True
EURJPY,B,long,NEUTRAL,2019-03-26 09:00:00+00:00,2019-03-27 13:00:00+00:00,124.72699999999999,124.16407142857143,-1.0722837786209543,-0.005361418893104771,7,SL,False
EURUSD,B,long,NEUTRAL,2019-03-27 09:00:00+00:00,2019-03-28 05:00:00+00:00,1.1272300000000002,1.1235825,-1.0696590864371436,-0.005348295432185718,5,SL,False
CHFJPY,B,short,NEUTRAL,2019-04-04 01:00:00+00:00,2019-04-12 05:00:00+00:00,111.613,111.63,0.6436155431453772,0.003218077715726886,37,BE_STOP,True
AUDJPY,B,short,NEUTRAL,2019-04-04 01:00:00+00:00,2019-04-04 21:00:00+00:00,79.2,79.61571428571428,-1.0704464349695362,-0.005352232174847681,5,SL,False
EURGBP,B,short,NEUTRAL,2019-04-10 05:00:00+00:00,2019-04-11 05:00:00+00:00,0.86241,0.86258,0.6250093328576969,0.0031250466642884847,6,BE_STOP,True
CADJPY,B,short,NEUTRAL,2019-04-15 05:00:00+00:00,2019-04-15 09:00:00+00:00,83.937,84.1940357142857,-1.119778759113212,-0.00559889379556606,1,SL,False
USDJPY,B,short,NEUTRAL,2019-04-18 01:00:00+00:00,2019-04-24 17:00:00+00:00,111.881,112.19257142857143,-1.0418523984891421,-0.0052092619924457104,28,SL,False
EURUSD,B,long,NEUTRAL,2019-04-22 05:00:00+00:00,2019-04-23 09:00:00+00:00,1.1246800000000001,1.1227839285714285,-1.153623602926713,-0.005768118014633565,7,SL,False
NZDUSD,A,short,BEAR_STRONG,2019-04-29 05:00:00+00:00,2019-05-08 01:00:00+00:00,0.66659,0.6570494,2.755275310286172,0.013776376551430861,41,TP2,True
ES,B,long,NEUTRAL,2019-05-08 06:00:00+00:00,2019-05-09 02:00:00+00:00,2878.375,2868.089285714286,-1.0610722882882888,-0.005305361441441444,5,SL,False
GBPCAD,A,short,BEAR_STRONG,2019-05-28 17:00:00+00:00,2019-05-29 13:00:00+00:00,1.70711,1.7120873714285716,-1.085076721463463,-0.005425383607317314,5,SL,False
GBPCAD,A,short,BEAR_STRONG,2019-05-29 17:00:00+00:00,2019-05-30 21:00:00+00:00,1.70694,1.70711,0.6415542847937618,0.0032077714239688087,7,BE_STOP,True
EURCAD,B,short,NEUTRAL,2019-06-03 05:00:00+00:00,2019-06-03 13:00:00+00:00,1.51074,1.5130332142857144,-1.179682099243055,-0.005898410496215275,2,SL,False
NZDUSD,B,short,NEUTRAL,2019-06-04 09:00:00+00:00,2019-06-04 17:00:00+00:00,0.65898,0.6616342857142857,-1.0710752311977858,-0.0053553761559889295,2,SL,False
EURGBP,B,short,NEUTRAL,2019-06-05 09:00:00+00:00,2019-06-06 13:00:00+00:00,0.88671,0.8889075000000001,-1.1204140073982713,-0.005602070036991357,7,SL,False
YM,B,short,NEUTRAL,2019-06-11 14:00:00+00:00,2019-06-18 10:00:00+00:00,26079.5,26318.85714285714,-1.0150777897897898,-0.005075388948948949,29,SL,False
ES,B,short,NEUTRAL,2019-06-11 14:00:00+00:00,2019-06-18 10:00:00+00:00,2888.375,2918.2410714285716,-1.0205509657886769,-0.0051027548289433846,29,SL,False
GBPJPY,A,short,BEAR_STRONG,2019-06-13 13:00:00+00:00,2019-06-17 13:00:00+00:00,137.483,136.453555,1.7564125343879504,0.008782062671939752,12,TP2,True
NZDUSD,B,long,NEUTRAL,2019-06-18 05:00:00+00:00,2019-06-21 01:00:00+00:00,0.6508900000000001,0.65980296,2.4565350898202536,0.012282675449101268,17,TP2,True
AUDCAD,A,short,BEAR_STRONG,2019-06-24 13:00:00+00:00,2019-07-02 09:00:00+00:00,0.91833,0.9185,0.7996006637626543,0.003998003318813272,35,BE_STOP,True
GBPUSD,A,short,BEAR_STRONG,2019-06-26 13:00:00+00:00,2019-07-10 13:00:00+00:00,1.26971,1.2514500000000002,3.023875796136837,0.015119378980684186,60,TIME,True
RTY,B,long,NEUTRAL,2019-06-27 06:00:00+00:00,2019-07-11 14:00:00+00:00,1524.85,1557.95,3.153909995845499,0.015769549979227495,60,TIME,True
NZDCAD,B,long,NEUTRAL,2019-07-08 05:00:00+00:00,2019-07-10 01:00:00+00:00,0.86888,0.8648053571428571,-1.087496657824934,-0.00543748328912467,11,SL,False
NG,B,short,NEUTRAL,2019-07-09 10:00:00+00:00,2019-07-09 14:00:00+00:00,2.3905,2.4266785714285715,-1.04876902162719,-0.00524384510813595,1,SL,False
USDJPY,B,long,NEUTRAL,2019-07-18 13:00:00+00:00,2019-07-18 17:00:00+00:00,107.839,107.50850000000001,-1.0749532192846079,-0.005374766096423039,1,SL,False
NG,B,long,NEUTRAL,2019-07-18 14:00:00+00:00,2019-07-19 10:00:00+00:00,2.2875,2.2497857142857143,-1.0464733727810667,-0.005232366863905333,5,SL,False
GBPCAD,A,short,BEAR_STRONG,2019-07-23 05:00:00+00:00,2019-07-23 09:00:00+00:00,1.63182,1.6385899,-1.060372854134155,-0.005301864270670776,1,SL,False
AUDJPY,B,long,NEUTRAL,2019-07-31 01:00:00+00:00,2019-07-31 17:00:00+00:00,74.878,74.39875,-1.0594546673877685,-0.005297273336938842,4,SL,False
USDJPY,B,short,NEUTRAL,2019-07-31 13:00:00+00:00,2019-07-31 17:00:00+00:00,108.581,108.74721428571428,-1.1539385552021935,-0.005769692776010967,1,SL,False
EURAUD,B,short,NEUTRAL,2019-08-01 09:00:00+00:00,2019-08-01 17:00:00+00:00,1.61355,1.6179857142857144,-1.0928090756865374,-0.005464045378432687,2,SL,False
AUDNZD,B,short,NEUTRAL,2019-08-07 01:00:00+00:00,2019-08-08 09:00:00+00:00,1.04689,1.0505839285714287,-1.0756441552650255,-0.005378220776325128,8,SL,False
EURCAD,A,long,BULL_STRONG,2019-08-14 05:00:00+00:00,2019-08-16 05:00:00+00:00,1.48024,1.4740909785714285,-1.0798180113085862,-0.005399090056542931,12,SL,False
AUDJPY,A,short,BEAR_STRONG,2019-08-20 09:00:00+00:00,2019-08-21 09:00:00+00:00,72.001,72.41806666666668,-1.055191151474743,-0.005275955757373715,6,SL,False
AUDJPY,A,short,BEAR_STRONG,2019-08-22 01:00:00+00:00,2019-08-25 21:00:00+00:00,71.947,70.68148666666667,2.0604076200263837,0.010302038100131918,11,TP2,True
CADCHF,A,short,BEAR_STRONG,2019-08-29 09:00:00+00:00,2019-08-29 13:00:00+00:00,0.73853,0.7413324142857143,-1.1038568288751796,-0.005519284144375898,1,SL,False
GBPNZD,C,long,BULL_STRONG,2019-09-02 17:00:00+00:00,2019-09-03 05:00:00+00:00,1.91297,1.9055277023809525,-1.0602032291491037,-0.0053010161457455185,3,SL,False
GBPNZD,C,long,BULL_STRONG,2019-09-03 05:00:00+00:00,2019-09-05 09:00:00+00:00,1.90641,1.9305577976190476,2.6508494211843048,0.013254247105921524,13,TP2,True
GBPJPY,B,long,NEUTRAL,2019-09-04 01:00:00+00:00,2019-09-04 17:00:00+00:00,128.347,130.13825,1.931242425949044,0.00965621212974522,4,TP2,True
USDCAD,B,long,NEUTRAL,2019-09-04 13:00:00+00:00,2019-09-05 05:00:00+00:00,1.3234500000000002,1.321575,-1.1542201680672957,-0.005771100840336479,4,SL,False
GBPNZD,C,long,BULL_STRONG,2019-09-09 01:00:00+00:00,2019-09-13 05:00:00+00:00,1.91059,1.930598511904762,2.040606178607802,0.01020303089303901,25,TP2,True
NQ,A,long,BULL_STRONG,2019-09-16 06:00:00+00:00,2019-09-20 14:00:00+00:00,7832.125,7831.75,0.7183205819864524,0.003591602909932262,26,BE_STOP,True
EURNZD,B,short,NEUTRAL,2019-09-18 21:00:00+00:00,2019-09-19 05:00:00+00:00,1.74883,1.7527292857142855,-1.1112374411032462,-0.005556187205516231,2,SL,False
NZDCHF,B,long,NEUTRAL,2019-09-23 01:00:00+00:00,2019-10-04 01:00:00+00:00,0.62227,0.6316853124999999,2.2599034578193207,0.011299517289096603,54,TP2,True
EURAUD,A,short,BEAR_STRONG,2019-09-23 09:00:00+00:00,2019-10-01 05:00:00+00:00,1.62327,1.62344,0.7876213316209443,0.003938106658104721,35,BE_STOP,True
GBPNZD,A,long,BULL_STRONG,2019-09-26 21:00:00+00:00,2019-10-04 09:00:00+00:00,1.95944,1.9478053333333332,-1.0605618654416458,-0.005302809327208229,33,SL,False
GBPJPY,B,long,NEUTRAL,2019-10-03 05:00:00+00:00,2019-10-08 09:00:00+00:00,131.927,131.21014285714287,-1.0721144029393712,-0.005360572014696856,19,SL,False
EURJPY,B,short,NEUTRAL,2019-10-14 05:00:00+00:00,2019-10-15 13:00:00+00:00,119.393,119.94271428571429,-1.0539032287476453,-0.005269516143738226,8,SL,False
USDJPY,B,short,NEUTRAL,2019-10-14 09:00:00+00:00,2019-10-15 13:00:00+00:00,108.271,108.50292857142857,-1.0949090547901343,-0.005474545273950672,7,SL,False
NQ,B,short,NEUTRAL,2019-10-16 10:00:00+00:00,2019-10-17 06:00:00+00:00,7920.375,7976.669642857143,-1.0180371323646813,-0.0050901856618234065,5,SL,False
HG,B,short,NEUTRAL,2019-10-21 06:00:00+00:00,2019-10-21 10:00:00+00:00,2.6417499999999996,2.6564107142857143,-1.1089680958721833,-0.005544840479360916,1,SL,False
HG,B,short,NEUTRAL,2019-10-22 06:00:00+00:00,2019-10-23 14:00:00+00:00,2.63575,2.658839285714286,-1.066891381847923,-0.0053344569092396155,8,SL,False
YM,B,long,NEUTRAL,2019-10-22 18:00:00+00:00,2019-10-22 22:00:00+00:00,26733.5,26663.964285714286,-1.0534819107611553,-0.005267409553805776,1,SL,False
YM,B,long,NEUTRAL,2019-10-24 10:00:00+00:00,2019-10-30 18:00:00+00:00,26726.5,27183.117021276597,3.9234109439973595,0.019617054719986798,26,TP2,True
NZDUSD,B,short,NEUTRAL,2019-10-24 21:00:00+00:00,2019-10-30 21:00:00+00:00,0.63777,0.6407607142857144,-1.0204390347205237,-0.005102195173602619,24,SL,False
GBPJPY,A,long,BULL_STRONG,2019-10-28 09:00:00+00:00,2019-10-31 13:00:00+00:00,139.727,139.71,0.5616450017305424,0.0028082250086527124,19,BE_STOP,True
PL,B,long,NEUTRAL,2019-11-13 03:00:00+00:00,2019-11-19 11:00:00+00:00,877.35,908.9784000000001,2.135852177924231,0.010679260889621156,26,TP2,True
GBPAUD,B,short,NEUTRAL,2019-11-19 06:00:00+00:00,2019-11-27 22:00:00+00:00,1.90135,1.9106125,-1.0149781688204569,-0.005074890844102285,40,SL,False
USDCHF,B,short,NEUTRAL,2019-11-28 18:00:00+00:00,2019-11-29 06:00:00+00:00,0.99856,0.9998471428571428,-1.1919557040573197,-0.005959778520286598,3,SL,False
EURUSD,B,short,NEUTRAL,2019-12-03 10:00:00+00:00,2019-12-04 10:00:00+00:00,1.1071499999999999,1.109754642857143,-1.0854996165317963,-0.0054274980826589814,6,SL,False
AUDCAD,B,long,NEUTRAL,2019-12-11 02:00:00+00:00,2019-12-12 14:00:00+00:00,0.90223,0.9089624347826086,2.228895826087005,0.011144479130435026,9,TP2,True
USDCAD,A,short,BEAR_STRONG,2019-12-23 02:00:00+00:00,2019-12-27 06:00:00+00:00,1.31581,1.3103584000000001,1.7616744648949845,0.008808372324474923,19,TP2,True
NKD,A,long,BULL_STRONG,2019-12-23 19:00:00+00:00,2019-12-25 23:00:00+00:00,23842.5,23738.666666666668,-1.0976546712802782,-0.005488273356401391,6,SL,False
NKD,A,long,BULL_STRONG,2019-12-26 03:00:00+00:00,2019-12-29 23:00:00+00:00,23857.5,23738.666666666668,-1.084508383233534,-0.005422541916167671,11,SL,False
NQ,A,long,BULL_STRONG,2019-12-30 19:00:00+00:00,2020-01-02 19:00:00+00:00,8732.875,8867.072826086958,2.0495188510653537,0.010247594255326769,12,TP2,True
NZDCHF,A,long,BULL_STRONG,2019-12-31 02:00:00+00:00,2020-01-02 10:00:00+00:00,0.6516,0.6490220535714285,-1.1292487226074386,-0.005646243613037193,8,SL,False
USDCAD,A,short,BEAR_STRONG,2020-01-13 02:00:00+00:00,2020-01-14 10:00:00+00:00,1.3045399999999998,1.3079793809523814,-1.0724419238807779,-0.005362209619403889,8,SL,False
GBPNZD,C,short,BEAR_STRONG,2020-01-14 10:00:00+00:00,2020-01-14 22:00:00+00:00,1.96405,1.970626507440476,-1.069455472288805,-0.005347277361444025,3,SL,False
EURGBP,B,short,NEUTRAL,2020-01-15 06:00:00+00:00,2020-01-23 14:00:00+00:00,0.85638,0.8419075,5.314578630413038,0.02657289315206519,38,TP2,True
USDCAD,A,short,BEAR_STRONG,2020-01-15 14:00:00+00:00,2020-01-21 06:00:00+00:00,1.30371,1.3076500952380956,-1.0474064636620337,-0.005237032318310169,22,SL,False
PA,A,long,BULL_STRONG,2020-01-27 03:00:00+00:00,2020-01-27 15:00:00+00:00,2285.525,2217.806354679803,-1.0045543038630587,-0.0050227715193152936,3,SL,False
USDJPY,B,long,NEUTRAL,2020-01-28 06:00:00+00:00,2020-01-30 14:00:00+00:00,108.839,108.63528571428571,-1.1552914306676483,-0.005776457153338242,14,SL,False
EURAUD,B,short,NEUTRAL,2020-01-28 22:00:00+00:00,2020-01-29 22:00:00+00:00,1.62867,1.6339501785714285,-1.068102081979245,-0.005340510409896225,6,SL,False
CADJPY,B,long,NEUTRAL,2020-01-30 18:00:00+00:00,2020-01-31 14:00:00+00:00,82.511,81.99492857142857,-1.0572093258909323,-0.005286046629454662,5,SL,False
AUDUSD,A,short,BEAR_STRONG,2020-02-05 18:00:00+00:00,2020-02-07 14:00:00+00:00,0.67457,0.6670667333333334,1.8244005398658638,0.009122002699329319,11,TP2,True
HG,A,short,BEAR_STRONG,2020-02-06 07:00:00+00:00,2020-02-13 11:00:00+00:00,2.58025,2.6184553571428575,-1.0394102536844698,-0.005197051268422349,31,SL,False
CADJPY,A,short,BEAR_STRONG,2020-02-11 10:00:00+00:00,2020-02-12 06:00:00+00:00,82.527,82.88707309523811,-1.0832294353486915,-0.005416147176743458,5,SL,False
NZDJPY,A,short,BEAR_STRONG,2020-02-12 22:00:00+00:00,2020-02-19 14:00:00+00:00,70.917,70.934,0.7572741001387752,0.003786370500693876,28,BE_STOP,True
AUDJPY,A,short,BEAR_STRONG,2020-02-12 22:00:00+00:00,2020-02-19 10:00:00+00:00,73.943,73.96,0.9042683870967994,0.004521341935483997,27,BE_STOP,True
EURNZD,A,long,BULL_STRONG,2020-02-18 02:00:00+00:00,2020-02-25 14:00:00+00:00,1.68785,1.7198234999999995,2.530584698275768,0.01265292349137884,33,TP2,True
USDCAD,A,long,BULL_STRONG,2020-02-18 14:00:00+00:00,2020-02-19 06:00:00+00:00,1.32563,1.3231244999999996,-1.1140915752432645,-0.005570457876216323,4,SL,False
EURGBP,A,short,BEAR_STRONG,2020-02-24 02:00:00+00:00,2020-02-24 06:00:00+00:00,0.83583,0.8387593333333334,-1.1040165015704244,-0.005520082507852122,1,SL,False
CHFJPY,B,short,NEUTRAL,2020-02-25 10:00:00+00:00,2020-02-27 14:00:00+00:00,113.13300000000001,113.5612857142857,-1.055529815908294,-0.00527764907954147,13,SL,False
EURGBP,A,short,BEAR_STRONG,2020-02-25 10:00:00+00:00,2020-02-26 06:00:00+00:00,0.83569,0.8390486619047619,-1.0900053403502612,-0.005450026701751306,5,SL,False
PA,B,long,NEUTRAL,2020-03-04 07:00:00+00:00,2020-03-09 06:00:00+00:00,2360.225,2292.385714285714,-1.0046344430379748,-0.005023172215189874,18,SL,False
CHFJPY,B,short,NEUTRAL,2020-03-24 05:00:00+00:00,2020-03-24 09:00:00+00:00,113.313,113.76271428571428,-1.0759480818751972,-0.005379740409375986,1,SL,False
CADCHF,A,short,BEAR_STRONG,2020-03-24 13:00:00+00:00,2020-03-25 05:00:00+00:00,0.6761,0.6832874452380951,-1.0377137250125295,-0.005188568625062648,4,SL,False
EURNZD,A,long,BULL_STRONG,2020-03-24 21:00:00+00:00,2020-03-30 21:00:00+00:00,1.85585,1.829816945238095,-1.0243520730941535,-0.005121760365470768,24,SL,False
EURGBP,A,long,BULL_STRONG,2020-03-25 09:00:00+00:00,2020-03-26 17:00:00+00:00,0.9143,0.90495905,-1.0379461233569045,-0.005189730616784523,8,SL,False
NZDCHF,A,short,BEAR_STRONG,2020-03-25 13:00:00+00:00,2020-03-27 17:00:00+00:00,0.56989,0.5783272666666668,-1.0181177898378344,-0.005090588949189172,13,SL,False
GBPCHF,A,short,BEAR_STRONG,2020-03-25 21:00:00+00:00,2020-03-26 13:00:00+00:00,1.1567,1.1706509452380953,-1.0240867367415707,-0.005120433683707854,4,SL,False
AUDCAD,A,short,BEAR_STRONG,2020-03-26 17:00:00+00:00,2020-03-27 13:00:00+00:00,0.84993,0.8601209928571429,-1.0288384797913523,-0.005144192398956761,5,SL,False
PL,A,short,BEAR_STRONG,2020-03-30 06:00:00+00:00,2020-04-06 22:00:00+00:00,724.75,749.3902142857145,-1.0126271953330228,-0.005063135976665114,34,SL,False
PA,A,short,BEAR_STRONG,2020-03-30 06:00:00+00:00,2020-03-31 14:00:00+00:00,2116.375,2302.657666666667,-1.001580971685292,-0.00500790485842646,8,SL,False
USDCHF,C,long,BULL_STRONG,2020-04-07 13:00:00+00:00,2020-04-09 13:00:00+00:00,0.97077,0.9674764744897959,-1.0892478611733671,-0.005446239305866836,12,SL,False
SI,B,short,NEUTRAL,2020-04-07 22:00:00+00:00,2020-04-09 10:00:00+00:00,15.2425,15.799642857142858,-1.0443649432197744,-0.005221824716098872,9,SL,False
DAX,B,short,NEUTRAL,2020-04-08 00:00:00+00:00,2020-04-09 04:00:00+00:00,10233.75,10487.375,-1.0062034602076124,-0.005031017301038062,7,SL,False
CADJPY,B,short,NEUTRAL,2020-04-08 05:00:00+00:00,2020-04-22 05:00:00+00:00,77.557,76.053,2.8245782198782807,0.014122891099391403,60,TIME,True
NG,B,short,NEUTRAL,2020-04-09 06:00:00+00:00,2020-04-15 14:00:00+00:00,1.7705000000000002,1.5993775510204078,1.7590584068947648,0.008795292034473825,20,TP2,True
SI,C,long,BULL_STRONG,2020-04-13 02:00:00+00:00,2020-04-17 02:00:00+00:00,15.602500000000001,15.282953124999999,-1.0799476513597417,-0.0053997382567987084,24,SL,False
AUDUSD,C,long,BULL_STRONG,2020-04-13 05:00:00+00:00,2020-04-15 09:00:00+00:00,0.63453,0.6305273061224488,-1.0610408602038426,-0.005305204301019213,13,SL,False
RTY,B,short,NEUTRAL,2020-04-13 10:00:00+00:00,2020-04-27 10:00:00+00:00,1213.0500000000002,1255.235714285714,-1.0058770025488497,-0.005029385012744248,60,SL,False
CL,B,long,NEUTRAL,2020-04-15 18:00:00+00:00,2020-04-17 06:00:00+00:00,20.165,18.869285714285713,-1.0129718237590635,-0.005064859118795318,9,SL,False
AUDUSD,C,long,BULL_STRONG,2020-04-20 01:00:00+00:00,2020-04-21 01:00:00+00:00,0.63587,0.63115443877551,-1.0451884192762102,-0.0052259420963810515,6,SL,False
SI,C,long,BULL_STRONG,2020-04-20 02:00:00+00:00,2020-04-21 06:00:00+00:00,15.4175,15.107939732142857,-1.0826774118799747,-0.0054133870593998734,7,SL,False
USDCHF,C,long,BULL_STRONG,2020-04-23 13:00:00+00:00,2020-04-30 13:00:00+00:00,0.97312,0.9694158724489796,-1.1041016938911905,-0.005520508469455953,30,SL,False
SI,C,long,BULL_STRONG,2020-04-23 14:00:00+00:00,2020-04-28 06:00:00+00:00,15.3275,14.950192708333333,-1.0668706662947927,-0.005334353331473964,16,SL,False
AUDUSD,C,long,BULL_STRONG,2020-04-27 01:00:00+00:00,2020-05-03 21:00:00+00:00,0.6450600000000001,0.6407664999999999,-1.0714424646128287,-0.005357212323064143,29,SL,False
CL,A,short,BEAR_STRONG,2020-04-27 10:00:00+00:00,2020-04-30 14:00:00+00:00,12.655,18.6212,-1.0026906170184167,-0.005013453085092084,19,SL,False
SI,C,long,BULL_STRONG,2020-04-29 14:00:00+00:00,2020-04-30 10:00:00+00:00,15.412500000000001,15.123475446428571,-1.0890462048692275,-0.005445231024346138,5,SL,False
SI,C,long,BULL_STRONG,2020-04-30 10:00:00+00:00,2020-04-30 14:00:00+00:00,15.322500000000002,14.965906994047618,-1.0710155542836548,-0.0053550777714182745,1,SL,False
NZDJPY,B,short,NEUTRAL,2020-04-30 13:00:00+00:00,2020-05-10 21:00:00+00:00,65.678,65.695,0.8554534041580045,0.004277267020790023,38,BE_STOP,True
EURGBP,B,short,NEUTRAL,2020-05-04 05:00:00+00:00,2020-05-11 09:00:00+00:00,0.88014,0.88031,2.4805186056971023,0.01240259302848551,31,BE_STOP,True
EURCAD,B,short,NEUTRAL,2020-05-05 01:00:00+00:00,2020-05-06 09:00:00+00:00,1.53397,1.51700575,2.070133585699919,0.010350667928499596,8,TP2,True
SI,B,short,NEUTRAL,2020-05-11 10:00:00+00:00,2020-05-14 14:00:00+00:00,15.747499999999999,16.036250000000003,-1.0892386854460117,-0.005446193427230058,19,SL,False
NG,B,long,NEUTRAL,2020-05-13 10:00:00+00:00,2020-05-13 14:00:00+00:00,1.6914999999999998,1.6387857142857143,-1.0319309344490903,-0.005159654672245452,1,SL,False
CADCHF,B,short,NEUTRAL,2020-05-21 05:00:00+00:00,2020-05-21 09:00:00+00:00,0.69437,0.69589,-1.1979346666666748,-0.005989673333333374,1,SL,False
CADJPY,B,short,NEUTRAL,2020-05-21 13:00:00+00:00,2020-05-26 09:00:00+00:00,77.093,77.69157142857142,-1.0305947285679127,-0.005152973642839564,17,SL,False
NG,B,short,NEUTRAL,2020-05-27 10:00:00+00:00,2020-06-09 22:00:00+00:00,1.9205,1.690173913043478,2.1727058500802316,0.010863529250401158,57,TP2,True
EURCAD,B,long,NEUTRAL,2020-05-28 09:00:00+00:00,2020-05-29 13:00:00+00:00,1.51705,1.5367308125,2.5378373859558248,0.012689186929779123,7,TP2,True
GBPJPY,A,long,BULL_STRONG,2020-06-09 13:00:00+00:00,2020-06-11 01:00:00+00:00,137.287,135.69292857142858,-1.026137167444175,-0.005130685837220875,9,SL,False
AUDJPY,A,long,BULL_STRONG,2020-06-10 09:00:00+00:00,2020-06-11 01:00:00+00:00,75.277,74.40240000000001,-1.032111450559697,-0.005160557252798486,4,SL,False
NZDJPY,A,long,BULL_STRONG,2020-06-10 21:00:00+00:00,2020-06-11 13:00:00+00:00,69.83999999999999,68.72262666666667,-1.0243350135711482,-0.005121675067855741,4,SL,False
RTY,A,long,BULL_STRONG,2020-06-11 10:00:00+00:00,2020-06-11 14:00:00+00:00,1411.1499999999999,1376.8411666666668,-1.0076961644864881,-0.00503848082243244,1,SL,False
EURCHF,A,long,BULL_STRONG,2020-06-16 17:00:00+00:00,2020-06-17 09:00:00+00:00,1.07165,1.0669717857142857,-1.0709884179672042,-0.005354942089836021,4,SL,False
EURCHF,A,long,BULL_STRONG,2020-06-22 13:00:00+00:00,2020-06-25 09:00:00+00:00,1.0673300000000001,1.0642880214285717,-1.1460408528714747,-0.005730204264357374,17,SL,False
NZDUSD,A,long,BULL_STRONG,2020-06-29 09:00:00+00:00,2020-06-30 05:00:00+00:00,0.64285,0.6396563571428571,-1.0579960415180416,-0.005289980207590208,5,SL,False
YM,A,long,BULL_STRONG,2020-06-29 14:00:00+00:00,2020-07-10 02:00:00+00:00,25366.5,25365.0,0.8409717449811358,0.0042048587249056794,50,BE_STOP,True
USDCAD,A,short,BEAR_STRONG,2020-06-30 13:00:00+00:00,2020-07-08 05:00:00+00:00,1.3615099999999998,1.3616,0.6305754661593346,0.003152877330796673,34,BE_STOP,True
EURUSD,A,long,BULL_STRONG,2020-06-30 17:00:00+00:00,2020-07-01 09:00:00+00:00,1.1234000000000002,1.1193658333333332,-1.0626941052187113,-0.0053134705260935566,4,SL,False
EURCHF,B,short,NEUTRAL,2020-07-16 17:00:00+00:00,2020-07-27 09:00:00+00:00,1.07631,1.0810957142857143,-1.0044810832559588,-0.005022405416279794,40,SL,False
HG,A,long,BULL_STRONG,2020-07-20 02:00:00+00:00,2020-07-22 06:00:00+00:00,2.90375,2.9025,0.5720086936852756,0.002860043468426378,13,BE_STOP,True
AUDNZD,B,short,NEUTRAL,2020-07-22 05:00:00+00:00,2020-07-28 01:00:00+00:00,1.07223,1.0724,0.6273846527850081,0.0031369232639250405,23,BE_STOP,True
CHFJPY,A,long,BULL_STRONG,2020-07-27 09:00:00+00:00,2020-07-31 13:00:00+00:00,114.357,116.03666666666666,2.3793676113697644,0.011896838056848822,25,TP2,True
AUDJPY,A,long,BULL_STRONG,2020-07-27 17:00:00+00:00,2020-07-30 13:00:00+00:00,75.357,74.836,-1.0745039285714197,-0.005372519642857099,17,SL,False
EURAUD,B,short,NEUTRAL,2020-07-28 01:00:00+00:00,2020-07-30 13:00:00+00:00,1.64275,1.6502842857142856,-1.0407351115421926,-0.005203675557710963,15,SL,False
AUDJPY,A,long,BULL_STRONG,2020-07-30 17:00:00+00:00,2020-08-13 17:00:00+00:00,75.36699999999999,76.424,1.771469429312627,0.008857347146563135,60,TIME,True
EURCAD,A,long,BULL_STRONG,2020-08-05 05:00:00+00:00,2020-08-10 13:00:00+00:00,1.57183,1.57166,0.6303706693765775,0.0031518533468828875,20,BE_STOP,True
USDCAD,A,short,BEAR_STRONG,2020-08-10 09:00:00+00:00,2020-08-13 13:00:00+00:00,1.3371,1.3200074666666666,2.1386127712205005,0.010693063856102502,19,TP2,True
EURUSD,A,long,BULL_STRONG,2020-08-12 17:00:00+00:00,2020-08-18 13:00:00+00:00,1.17856,1.1947591333333336,2.1136959662692605,0.010568479831346303,23,TP2,True
CHFJPY,A,long,BULL_STRONG,2020-08-24 01:00:00+00:00,2020-08-28 01:00:00+00:00,116.03699999999999,117.4158,2.405930575044713,0.012029652875223564,24,TP2,True
GBPCAD,A,long,BULL_STRONG,2020-08-26 05:00:00+00:00,2020-08-28 17:00:00+00:00,1.73392,1.7486701333333334,1.8282513769279616,0.009141256884639808,15,TP2,True
SI,B,short,NEUTRAL,2020-09-01 18:00:00+00:00,2020-09-08 10:00:00+00:00,28.342499999999998,26.08258510638298,1.6798964765847202,0.0083994823829236,27,TP2,True
AUDNZD,B,long,NEUTRAL,2020-09-03 13:00:00+00:00,2020-09-17 13:00:00+00:00,1.08533,1.08189,-0.9472880826788252,-0.004736440413394126,60,TIME,False
GBPNZD,B,long,NEUTRAL,2020-09-03 17:00:00+00:00,2020-09-07 09:00:00+00:00,1.97897,1.9651003571428571,-1.0362823910946588,-0.005181411955473294,10,SL,False
NZDCHF,A,long,BULL_STRONG,2020-09-08 09:00:00+00:00,2020-09-08 13:00:00+00:00,0.6101,0.6075070666666668,-1.105415199207579,-0.005527075996037895,1,SL,False
NZDCHF,A,long,BULL_STRONG,2020-09-09 09:00:00+00:00,2020-09-10 05:00:00+00:00,0.61041,0.6074906380952382,-1.092915159534857,-0.005464575797674285,5,SL,False
USDJPY,B,long,NEUTRAL,2020-09-15 09:00:00+00:00,2020-09-15 13:00:00+00:00,105.419,105.29778571428571,-1.2117258052196047,-0.006058629026098023,1,SL,False
PL,B,short,NEUTRAL,2020-09-15 14:00:00+00:00,2020-09-21 06:00:00+00:00,980.95,920.8359574468085,5.827020457207564,0.02913510228603782,22,TP2,True
NKD,B,short,NEUTRAL,2020-09-16 14:00:00+00:00,2020-09-21 10:00:00+00:00,23362.5,22641.09574468085,4.87750626096234,0.0243875313048117,17,TP2,True
CL,A,short,BEAR_STRONG,2020-09-21 06:00:00+00:00,2020-10-05 06:00:00+00:00,40.355,38.635,1.3586119172704776,0.006793059586352388,60,TIME,True
USDCAD,B,short,NEUTRAL,2020-09-22 09:00:00+00:00,2020-09-23 13:00:00+00:00,1.33113,1.3364575,-1.0470373651551592,-0.005235186825775796,7,SL,False
USDCHF,B,short,NEUTRAL,2020-09-22 09:00:00+00:00,2020-09-22 13:00:00+00:00,0.9154,0.9187232142857144,-1.067473412128586,-0.00533736706064293,1,SL,False
ES,B,long,NEUTRAL,2020-09-22 10:00:00+00:00,2020-09-23 18:00:00+00:00,3275.375,3239.125,-1.0177569337979093,-0.005088784668989547,8,SL,False
GBPCHF,A,short,BEAR_STRONG,2020-09-23 13:00:00+00:00,2020-09-24 09:00:00+00:00,1.17698,1.1832879142857144,-1.0545425016408534,-0.0052727125082042674,5,SL,False
EURCAD,B,short,NEUTRAL,2020-09-30 05:00:00+00:00,2020-10-08 13:00:00+00:00,1.56935,1.5538691914893616,2.0914632605105323,0.010457316302552661,38,TP2,True
GBPCAD,B,short,NEUTRAL,2020-10-01 09:00:00+00:00,2020-10-14 05:00:00+00:00,1.72217,1.6920741666666668,3.854597315297765,0.019272986576488824,53,TP2,True
EURGBP,B,long,NEUTRAL,2020-10-01 09:00:00+00:00,2020-10-02 05:00:00+00:00,0.90785,0.90768,0.5053499273229038,0.0025267496366145194,5,BE_STOP,True
PA,B,short,NEUTRAL,2020-10-06 06:00:00+00:00,2020-10-06 10:00:00+00:00,2364.075,2392.160714285714,-1.0112345484736238,-0.0050561727423681195,1,SL,False
PA,B,short,NEUTRAL,2020-10-08 06:00:00+00:00,2020-10-08 10:00:00+00:00,2378.575,2394.875,-1.0194921792890261,-0.005097460896445131,1,SL,False
NQ,B,short,NEUTRAL,2020-10-08 14:00:00+00:00,2020-10-09 10:00:00+00:00,11506.125,11627.125,-1.0107398134715024,-0.005053699067357512,5,SL,False
YM,B,short,NEUTRAL,2020-10-08 14:00:00+00:00,2020-10-09 14:00:00+00:00,28257.5,28557.321428571428,-1.0126058661558721,-0.005063029330779361,6,SL,False
EURCHF,A,short,BEAR_STRONG,2020-10-21 01:00:00+00:00,2020-10-22 05:00:00+00:00,1.07309,1.0749531928571427,-1.1595994212118492,-0.0057979971060592465,7,SL,False
ES,B,long,NEUTRAL,2020-10-29 18:00:00+00:00,2020-10-30 06:00:00+00:00,3275.875,3234.1875,-1.0154207564296522,-0.005077103782148261,3,SL,False
DAX,B,short,NEUTRAL,2020-11-10 04:00:00+00:00,2020-11-10 12:00:00+00:00,13052.25,13211.44642857143,-1.011323574890116,-0.00505661787445058,2,SL,False
DAX,B,short,NEUTRAL,2020-11-12 00:00:00+00:00,2020-11-23 08:00:00+00:00,13106.25,13291.232142857143,-1.0097621401570223,-0.005048810700785111,44,SL,False
CADJPY,B,short,NEUTRAL,2020-11-12 02:00:00+00:00,2020-11-18 14:00:00+00:00,80.443,79.26175833333333,1.7612379740964321,0.008806189870482161,27,TP2,True
NZDJPY,A,long,BULL_STRONG,2020-11-16 02:00:00+00:00,2020-11-24 02:00:00+00:00,71.88499999999999,73.03276000000002,1.92706660483555,0.009635333024177751,36,TP2,True
GBPCHF,A,long,BULL_STRONG,2020-11-16 10:00:00+00:00,2020-11-27 14:00:00+00:00,1.2051,1.20493,0.6640626773305456,0.003320313386652728,55,BE_STOP,True
EURJPY,B,long,NEUTRAL,2020-11-19 22:00:00+00:00,2020-11-30 06:00:00+00:00,123.387,124.76483333333334,1.8594617200474672,0.009297308600237336,38,TP2,True
CADJPY,B,short,NEUTRAL,2020-11-25 06:00:00+00:00,2020-11-30 14:00:00+00:00,80.221,80.606,-1.035953641304337,-0.0051797682065216856,20,SL,False
CL,C,long,BULL_STRONG,2020-12-01 23:00:00+00:00,2020-12-03 15:00:00+00:00,44.035000000000004,45.773130699088156,1.8613857362000494,0.009306928681000247,10,TP2,True
GBPCHF,B,long,NEUTRAL,2020-12-03 06:00:00+00:00,2020-12-07 06:00:00+00:00,1.19838,1.192850357142857,-1.0816795468781226,-0.005408397734390613,12,SL,False
SI,B,short,NEUTRAL,2020-12-08 11:00:00+00:00,2020-12-15 23:00:00+00:00,24.8275,24.85,0.7053184272340352,0.0035265921361701757,33,BE_STOP,True
EURCHF,B,long,NEUTRAL,2021-01-05 10:00:00+00:00,2021-01-07 18:00:00+00:00,1.07981,1.0865372083333333,3.01947676299389,0.01509738381496945,14,TP2,True
CADCHF,B,short,NEUTRAL,2021-01-13 06:00:00+00:00,2021-01-13 14:00:00+00:00,0.69681,0.6989110714285715,-1.1385517884224186,-0.005692758942112093,2,SL,False
NKD,A,long,BULL_STRONG,2021-01-18 03:00:00+00:00,2021-01-27 19:00:00+00:00,28222.5,28215.0,0.6643379082146433,0.0033216895410732167,45,BE_STOP,True
GBPCHF,A,long,BULL_STRONG,2021-01-18 22:00:00+00:00,2021-01-19 10:00:00+00:00,1.21151,1.2075899404761907,-1.0905616025142506,-0.005452808012571253,3,SL,False
USDCHF,B,short,NEUTRAL,2021-01-19 02:00:00+00:00,2021-01-20 10:00:00+00:00,0.89079,0.89088,0.6533429485861515,0.0032667147429307577,8,BE_STOP,True
GBPCHF,A,long,BULL_STRONG,2021-01-19 14:00:00+00:00,2021-01-22 06:00:00+00:00,1.21142,1.21125,0.5503731856981553,0.0027518659284907765,16,BE_STOP,True
EURJPY,B,short,NEUTRAL,2021-02-01 06:00:00+00:00,2021-02-05 10:00:00+00:00,126.813,126.83,0.6297838704327191,0.0031489193521635956,25,BE_STOP,True
EURAUD,B,long,NEUTRAL,2021-02-08 10:00:00+00:00,2021-02-08 14:00:00+00:00,1.56915,1.5655764285714286,-1.1144917943336852,-0.005572458971668426,1,SL,False
SI,A,long,BULL_STRONG,2021-02-10 23:00:00+00:00,2021-02-25 03:00:00+00:00,26.907500000000002,28.0325,1.1545988688945934,0.005772994344472967,60,TIME,False
NZDJPY,A,long,BULL_STRONG,2021-03-04 22:00:00+00:00,2021-03-18 21:00:00+00:00,77.33999999999999,78.057,1.523733194883188,0.0076186659744159405,60,TIME,True
NZDUSD,B,long,NEUTRAL,2021-03-09 22:00:00+00:00,2021-03-12 14:00:00+00:00,0.71555,0.71546,1.1740075444981066,0.005870037722490533,16,BE_STOP,True
EURAUD,C,short,BEAR_STRONG,2021-03-10 02:00:00+00:00,2021-03-17 17:00:00+00:00,1.54651,1.54668,1.024512950499557,0.005122564752497785,34,BE_STOP,True
AUDCAD,B,long,NEUTRAL,2021-03-10 10:00:00+00:00,2021-03-12 10:00:00+00:00,0.97605,0.9707310714285714,-1.0789770132482495,-0.005394885066241247,12,SL,False
NKD,B,long,NEUTRAL,2021-03-11 15:00:00+00:00,2021-03-19 10:00:00+00:00,29167.5,29160.0,0.7725726616989631,0.0038628633084948154,35,BE_STOP,True
RTY,B,short,NEUTRAL,2021-03-17 10:00:00+00:00,2021-03-17 18:00:00+00:00,2296.95,2318.0142857142855,-1.015958278688529,-0.005079791393442646,2,SL,False
EURAUD,C,short,BEAR_STRONG,2021-03-22 21:00:00+00:00,2021-03-23 01:00:00+00:00,1.54379,1.5479097581168832,-1.09776056876736,-0.0054888028438368,1,SL,False
EURAUD,C,short,BEAR_STRONG,2021-03-29 01:00:00+00:00,2021-04-01 01:00:00+00:00,1.54345,1.5480179724025975,-1.053679963944423,-0.005268399819722115,18,SL,False
EURJPY,B,short,NEUTRAL,2021-04-05 05:00:00+00:00,2021-04-06 05:00:00+00:00,129.913,130.39914285714286,-1.0643467539585785,-0.005321733769792892,6,SL,False
USDCAD,B,long,NEUTRAL,2021-04-06 01:00:00+00:00,2021-04-09 13:00:00+00:00,1.2541200000000001,1.25403,0.5918832769333225,0.0029594163846666127,21,BE_STOP,True
EURGBP,B,short,NEUTRAL,2021-04-08 01:00:00+00:00,2021-04-08 13:00:00+00:00,0.86273,0.8663742857142858,-1.0836955345394734,-0.005418477672697367,3,SL,False
EURUSD,B,short,NEUTRAL,2021-04-15 13:00:00+00:00,2021-04-19 05:00:00+00:00,1.19701,1.2005760714285716,-1.065470864070727,-0.005327354320353635,10,SL,False
USDJPY,B,long,NEUTRAL,2021-04-20 01:00:00+00:00,2021-04-22 05:00:00+00:00,108.169,107.85028571428572,-1.0973273154981584,-0.005486636577490793,13,SL,False
GBPCAD,B,short,NEUTRAL,2021-04-20 05:00:00+00:00,2021-04-20 13:00:00+00:00,1.74725,1.7558082142857143,-1.0494282794737515,-0.005247141397368758,2,SL,False
PL,B,short,NEUTRAL,2021-04-20 10:00:00+00:00,2021-04-21 18:00:00+00:00,1205.95,1221.9535714285714,-1.021993489004761,-0.005109967445023805,8,SL,False
CADJPY,B,long,NEUTRAL,2021-04-21 05:00:00+00:00,2021-04-28 05:00:00+00:00,85.911,87.78629000000001,2.9162962151192224,0.014581481075596113,30,TP2,True
AUDJPY,B,long,NEUTRAL,2021-04-21 05:00:00+00:00,2021-04-28 17:00:00+00:00,83.48299999999999,84.65685599999999,2.1335611065608764,0.010667805532804383,33,TP2,True
USDJPY,B,long,NEUTRAL,2021-04-22 09:00:00+00:00,2021-04-23 09:00:00+00:00,108.139,107.67742857142858,-1.0599672411616183,-0.0052998362058080915,6,SL,False
AUDUSD,B,short,NEUTRAL,2021-04-27 01:00:00+00:00,2021-04-28 17:00:00+00:00,0.77896,0.77905,0.9671268033964446,0.004835634016982223,10,BE_STOP,True
DAX,B,long,NEUTRAL,2021-05-06 00:00:00+00:00,2021-05-06 08:00:00+00:00,15163.75,15163.0,0.6480840466926064,0.0032404202334630323,2,BE_STOP,True
EURGBP,B,long,NEUTRAL,2021-05-06 01:00:00+00:00,2021-05-10 05:00:00+00:00,0.8637900000000001,0.86362,1.0367668139708743,0.005183834069854371,13,BE_STOP,True
EURUSD,B,short,NEUTRAL,2021-05-10 17:00:00+00:00,2021-05-18 05:00:00+00:00,1.2127899999999998,1.2194310714285717,-1.0167591822493809,-0.005083795911246905,33,SL,False
GBPCHF,B,short,NEUTRAL,2021-05-12 17:00:00+00:00,2021-05-17 21:00:00+00:00,1.27753,1.2777,0.630704365435992,0.00315352182717996,19,BE_STOP,True
GBPNZD,B,short,NEUTRAL,2021-05-13 13:00:00+00:00,2021-05-19 05:00:00+00:00,1.95373,1.969347857142857,-1.019000835992047,-0.005095004179960235,22,SL,False
AUDJPY,A,long,BULL_STRONG,2021-05-17 13:00:00+00:00,2021-05-19 09:00:00+00:00,84.79599999999999,84.3892380952381,-1.0869029004276025,-0.005434514502138012,11,SL,False
EURCAD,A,short,BEAR_STRONG,2021-05-25 13:00:00+00:00,2021-05-25 21:00:00+00:00,1.47491,1.4793017047619046,-1.0891789978771869,-0.005445894989385934,2,SL,False
USDJPY,B,short,NEUTRAL,2021-05-31 01:00:00+00:00,2021-06-03 13:00:00+00:00,109.661,110.06507142857143,-1.03886016271922,-0.0051943008135961,21,SL,False
GBPCAD,B,short,NEUTRAL,2021-06-07 09:00:00+00:00,2021-06-08 13:00:00+00:00,1.71342,1.71359,0.9633320879751011,0.004816660439875505,7,BE_STOP,True
GBPCAD,B,short,NEUTRAL,2021-06-08 13:00:00+00:00,2021-06-09 05:00:00+00:00,1.7132,1.7165589285714287,-1.1285221637361404,-0.005642610818680702,4,SL,False
NZDUSD,B,long,NEUTRAL,2021-06-09 13:00:00+00:00,2021-06-11 09:00:00+00:00,0.71735,0.71726,0.5456684867363504,0.002728342433681752,11,BE_STOP,True
NZDJPY,B,long,NEUTRAL,2021-06-14 05:00:00+00:00,2021-06-15 13:00:00+00:00,78.285,78.268,0.729020478927414,0.00364510239463707,8,BE_STOP,True
AUDUSD,B,long,NEUTRAL,2021-06-14 13:00:00+00:00,2021-06-15 05:00:00+00:00,0.77098,0.769040357142857,-1.1070137401042803,-0.005535068700521402,4,SL,False
EURCAD,B,short,NEUTRAL,2021-06-16 05:00:00+00:00,2021-06-18 13:00:00+00:00,1.47715,1.47732,0.660983295967618,0.00330491647983809,14,BE_STOP,True
YM,B,long,NEUTRAL,2021-06-17 10:00:00+00:00,2021-06-17 14:00:00+00:00,33797.5,33669.92857142857,-1.0333445892351276,-0.005166722946175638,1,SL,False
EURJPY,B,long,NEUTRAL,2021-06-22 09:00:00+00:00,2021-06-29 01:00:00+00:00,131.667,131.65,0.7257838910887052,0.003628919455443526,28,BE_STOP,True
CHFJPY,B,long,NEUTRAL,2021-06-22 09:00:00+00:00,2021-06-30 05:00:00+00:00,120.277,119.67764285714286,-1.101035559916587,-0.0055051777995829354,35,SL,False
AUDCAD,B,long,NEUTRAL,2021-06-23 09:00:00+00:00,2021-06-29 09:00:00+00:00,0.9303,0.93013,0.7910382256684861,0.003955191128342431,24,BE_STOP,True
AUDJPY,A,short,BEAR_STRONG,2021-06-28 09:00:00+00:00,2021-07-06 01:00:00+00:00,83.84,83.857,1.0463982147285418,0.005231991073642709,34,BE_STOP,True
AUDCHF,A,short,BEAR_STRONG,2021-06-28 13:00:00+00:00,2021-07-05 21:00:00+00:00,0.69537,0.69554,0.8265443992460201,0.004132721996230101,32,BE_STOP,True
HG,A,short,BEAR_STRONG,2021-06-30 18:00:00+00:00,2021-07-05 06:00:00+00:00,4.29025,4.350783571428572,-1.0268745617311426,-0.005134372808655713,15,SL,False
EURCHF,B,short,NEUTRAL,2021-07-01 05:00:00+00:00,2021-07-01 09:00:00+00:00,1.09737,1.0986782142857143,-1.2843329275180246,-0.006421664637590124,1,SL,False
USDCAD,A,long,BULL_STRONG,2021-07-12 05:00:00+00:00,2021-07-19 05:00:00+00:00,1.24869,1.2674938666666666,2.1623307769569773,0.010811653884784887,30,TP2,True
GBPJPY,A,short,BEAR_STRONG,2021-07-12 05:00:00+00:00,2021-07-12 13:00:00+00:00,152.573,153.3105333333333,-1.0532386472982949,-0.005266193236491475,2,SL,False
EURUSD,A,short,BEAR_STRONG,2021-07-12 17:00:00+00:00,2021-07-13 13:00:00+00:00,1.1859499999999998,1.1807616354166668,1.6621496861067797,0.008310748430533898,5,TP2,True
GBPNZD,B,short,NEUTRAL,2021-07-12 21:00:00+00:00,2021-07-13 09:00:00+00:00,1.9862,1.9937364285714285,-1.0608256763308452,-0.005304128381654226,3,SL,False
GBPJPY,A,short,BEAR_STRONG,2021-07-13 09:00:00+00:00,2021-07-14 09:00:00+00:00,152.56300000000002,153.3105333333333,-1.0456636521262979,-0.0052283182606314895,6,SL,False
YM,B,short,NEUTRAL,2021-07-14 06:00:00+00:00,2021-07-14 10:00:00+00:00,34743.5,34862.67857142857,-1.0363658391502273,-0.005181829195751136,1,SL,False
GBPJPY,A,short,BEAR_STRONG,2021-07-14 17:00:00+00:00,2021-07-19 09:00:00+00:00,152.393,150.03259999999997,1.9438092019544941,0.009719046009772471,16,TP2,True
YM,B,short,NEUTRAL,2021-07-15 06:00:00+00:00,2021-07-15 18:00:00+00:00,34737.5,34864.96428571428,-1.0339699461298562,-0.0051698497306492805,3,SL,False
YM,B,long,NEUTRAL,2021-07-20 02:00:00+00:00,2021-07-22 06:00:00+00:00,33940.5,34764.291666666664,1.7803977512260227,0.008901988756130115,13,TP2,True
PA,B,long,NEUTRAL,2021-07-20 14:00:00+00:00,2021-08-03 14:00:00+00:00,2638.125,2652.375,0.15262690739662232,0.0007631345369831117,60,TIME,False
USDCAD,A,long,BULL_STRONG,2021-07-26 01:00:00+00:00,2021-07-28 17:00:00+00:00,1.2575800000000001,1.2524899999999999,-1.0652122400000277,-0.005326061200000139,16,SL,False
CADCHF,A,short,BEAR_STRONG,2021-07-26 01:00:00+00:00,2021-08-09 01:00:00+00:00,0.73044,0.72854,1.766620714469963,0.008833103572349815,60,TIME,True
EURCAD,A,long,BULL_STRONG,2021-07-26 01:00:00+00:00,2021-08-06 09:00:00+00:00,1.48133,1.4758946214285713,-1.1571370773774197,-0.005785685386887098,56,SL,False
NZDJPY,A,short,BEAR_STRONG,2021-07-26 05:00:00+00:00,2021-07-26 13:00:00+00:00,76.747,77.25416999999999,-1.056601954423968,-0.00528300977211984,2,SL,False
CADJPY,A,short,BEAR_STRONG,2021-07-27 05:00:00+00:00,2021-07-29 05:00:00+00:00,87.43,88.06774999999999,-1.0309950865887978,-0.005154975432943989,12,SL,False
EURJPY,A,short,BEAR_STRONG,2021-07-27 05:00:00+00:00,2021-07-27 09:00:00+00:00,129.623,129.9892380952381,-1.1006397082083255,-0.005503198541041627,1,SL,False
NZDCAD,A,long,BULL_STRONG,2021-07-27 17:00:00+00:00,2021-07-28 05:00:00+00:00,0.87709,0.87319,-1.0784966756032177,-0.005392483378016089,3,SL,False
EURNZD,B,short,NEUTRAL,2021-07-28 05:00:00+00:00,2021-07-28 13:00:00+00:00,1.70163,1.70452,-1.1500838970588216,-0.005750419485294108,2,SL,False
HG,B,short,NEUTRAL,2021-07-28 10:00:00+00:00,2021-08-11 10:00:00+00:00,4.478750000000001,4.35875,1.1998668590921058,0.005999334295460529,60,TIME,True
NZDJPY,A,short,BEAR_STRONG,2021-07-29 09:00:00+00:00,2021-08-04 05:00:00+00:00,76.71900000000001,77.25416999999999,-1.0245877993708559,-0.005122938996854279,23,SL,False
AUDCAD,A,short,BEAR_STRONG,2021-08-03 05:00:00+00:00,2021-08-04 05:00:00+00:00,0.92467,0.9284245857142857,-1.0695906918910754,-0.005347953459455377,6,SL,False
EURJPY,B,long,NEUTRAL,2021-08-03 09:00:00+00:00,2021-08-03 13:00:00+00:00,129.617,129.3955,-1.171864938875289,-0.005859324694376445,1,SL,False
CADJPY,B,long,NEUTRAL,2021-08-04 01:00:00+00:00,2021-08-04 09:00:00+00:00,87.095,86.68621428571429,-1.0745134366453855,-0.0053725671832269275,2,SL,False
EURCAD,B,long,NEUTRAL,2021-08-12 05:00:00+00:00,2021-08-12 13:00:00+00:00,1.46968,1.4665003571428572,-1.1248504283849527,-0.005624252141924764,2,SL,False
EURCAD,B,long,NEUTRAL,2021-08-12 13:00:00+00:00,2021-08-19 05:00:00+00:00,1.46991,1.4894288333333334,2.8772429911923973,0.014386214955961986,28,TP2,True
GBPCHF,B,short,NEUTRAL,2021-08-12 17:00:00+00:00,2021-08-16 13:00:00+00:00,1.27502,1.2616433125,2.5774515526984576,0.012887257763492288,11,TP2,True
PL,A,short,BEAR_STRONG,2021-08-16 02:00:00+00:00,2021-08-16 22:00:00+00:00,1006.85,1028.1870000000001,-1.0156754398444539,-0.005078377199222269,5,SL,False
PL,A,short,BEAR_STRONG,2021-08-17 10:00:00+00:00,2021-08-23 02:00:00+00:00,1011.95,1012.2,1.0490425971101454,0.005245212985550727,22,BE_STOP,True
NKD,B,long,NEUTRAL,2021-08-17 18:00:00+00:00,2021-08-19 06:00:00+00:00,27442.5,27176.785714285714,-1.0375478838174272,-0.005187739419087136,9,SL,False
USDJPY,B,long,NEUTRAL,2021-08-18 01:00:00+00:00,2021-08-19 05:00:00+00:00,109.629,109.62,0.9869588108937217,0.004934794054468609,7,BE_STOP,True
GBPUSD,B,long,NEUTRAL,2021-08-18 05:00:00+00:00,2021-08-19 01:00:00+00:00,1.3758500000000002,1.3712924999999998,-1.063261108002267,-0.005316305540011335,5,SL,False
CADJPY,B,long,NEUTRAL,2021-08-18 13:00:00+00:00,2021-08-19 05:00:00+00:00,87.012,86.64114285714285,-1.0824674041178708,-0.005412337020589354,4,SL,False
NZDCAD,B,long,NEUTRAL,2021-08-18 21:00:00+00:00,2021-08-20 01:00:00+00:00,0.86833,0.8787100833333332,2.426761637348982,0.01213380818674491,7,TP2,True
USDCAD,A,long,BULL_STRONG,2021-08-24 05:00:00+00:00,2021-09-03 09:00:00+00:00,1.2634900000000002,1.25263,-1.0470648653667722,-0.005235324326833862,49,SL,False
CL,A,short,BEAR_STRONG,2021-08-24 06:00:00+00:00,2021-08-25 10:00:00+00:00,66.225,67.88199999999999,-1.0123617539585876,-0.005061808769792938,7,SL,False
CADJPY,A,short,BEAR_STRONG,2021-08-24 09:00:00+00:00,2021-08-25 17:00:00+00:00,86.70700000000001,87.38203999999999,-1.0366831499604834,-0.0051834157498024174,8,SL,False
AUDUSD,A,short,BEAR_STRONG,2021-08-25 01:00:00+00:00,2021-08-25 17:00:00+00:00,0.7241099999999999,0.7272857333333332,-1.0620194227196251,-0.005310097113598125,4,SL,False
AUDCHF,A,short,BEAR_STRONG,2021-08-25 09:00:00+00:00,2021-08-26 05:00:00+00:00,0.66289,0.6658324166666667,-1.0947926057290565,-0.005473963028645282,5,SL,False
EURNZD,B,long,NEUTRAL,2021-08-26 09:00:00+00:00,2021-08-27 13:00:00+00:00,1.68801,1.684402142857143,-1.1327342530646214,-0.005663671265323107,7,SL,False
AUDUSD,A,short,BEAR_STRONG,2021-08-26 17:00:00+00:00,2021-08-27 13:00:00+00:00,0.7236,0.7272857333333332,-1.053203055473165,-0.005266015277365825,5,SL,False
USDCHF,B,short,NEUTRAL,2021-09-08 05:00:00+00:00,2021-09-08 09:00:00+00:00,0.9198,0.9214532142857143,-1.139950102810168,-0.00569975051405084,1,SL,False
CHFJPY,B,long,NEUTRAL,2021-09-09 05:00:00+00:00,2021-09-09 13:00:00+00:00,119.577,119.56,0.403778188736679,0.002018890943683395,2,BE_STOP,True
USDJPY,B,long,NEUTRAL,2021-09-15 21:00:00+00:00,2021-09-20 17:00:00+00:00,109.389,109.38,0.5611842594484319,0.0028059212972421596,17,BE_STOP,True
CL,A,long,BULL_STRONG,2021-09-20 10:00:00+00:00,2021-09-20 18:00:00+00:00,70.895,69.88428571428571,-1.0207605738880923,-0.005103802869440462,2,SL,False
EURUSD,B,long,NEUTRAL,2021-09-22 17:00:00+00:00,2021-09-27 05:00:00+00:00,1.1688900000000002,1.1688,1.6283212587746396,0.008141606293873197,15,BE_STOP,True
CADJPY,B,short,NEUTRAL,2021-09-29 05:00:00+00:00,2021-09-30 13:00:00+00:00,87.726,88.26160714285713,-1.0468208745954062,-0.005234104372977031,8,SL,False
EURJPY,B,short,NEUTRAL,2021-09-30 05:00:00+00:00,2021-10-01 01:00:00+00:00,129.893,128.702306122449,3.1719515473871063,0.015859757736935532,5,TP2,True
AUDCAD,B,long,NEUTRAL,2021-09-30 13:00:00+00:00,2021-10-08 13:00:00+00:00,0.91531,0.9131446428571429,-1.2997675890460176,-0.006498837945230088,36,SL,False
NZDCAD,B,long,NEUTRAL,2021-09-30 13:00:00+00:00,2021-10-06 05:00:00+00:00,0.87399,0.8720417857142857,-1.2487656316529365,-0.0062438281582646825,22,SL,False
USDCAD,B,long,NEUTRAL,2021-10-05 05:00:00+00:00,2021-10-05 13:00:00+00:00,1.2594200000000002,1.256665357142857,-1.0999454014207675,-0.005499727007103838,2,SL,False
NZDUSD,A,short,BEAR_STRONG,2021-10-06 01:00:00+00:00,2021-10-13 21:00:00+00:00,0.69243,0.6973216452380954,-1.007693238081597,-0.0050384661904079855,35,SL,False
PA,B,short,NEUTRAL,2021-10-11 22:00:00+00:00,2021-10-14 06:00:00+00:00,2101.875,2157.875,-1.0052465324384787,-0.005026232662192394,14,SL,False
RTY,B,short,NEUTRAL,2021-10-19 14:00:00+00:00,2021-10-20 14:00:00+00:00,2277.5499999999997,2292.910714285714,-1.0218401314862702,-0.005109200657431351,6,SL,False
RTY,B,short,NEUTRAL,2021-10-21 06:00:00+00:00,2021-10-21 10:00:00+00:00,2279.5499999999997,2295.0750000000003,-1.0216171707317125,-0.005108085853658563,1,SL,False
NZDUSD,A,long,BULL_STRONG,2021-10-26 17:00:00+00:00,2021-10-29 09:00:00+00:00,0.71624,0.71615,0.5696986171422957,0.002848493085711479,16,BE_STOP,True
CHFJPY,B,short,NEUTRAL,2021-11-02 01:00:00+00:00,2021-11-16 02:00:00+00:00,124.973,123.447,1.8849261645818087,0.009424630822909045,60,TIME,True
NG,B,long,NEUTRAL,2021-11-02 06:00:00+00:00,2021-11-09 11:00:00+00:00,5.3115,5.31,0.9374215240416194,0.004687107620208097,31,BE_STOP,True
AUDCHF,B,long,NEUTRAL,2021-11-03 05:00:00+00:00,2021-11-03 13:00:00+00:00,0.67917,0.6773685714285714,-1.1624856917688242,-0.005812428458844121,2,SL,False
GBPUSD,B,long,NEUTRAL,2021-11-03 05:00:00+00:00,2021-11-04 09:00:00+00:00,1.3621500000000002,1.3592217857142856,-1.1094705926765285,-0.005547352963382642,7,SL,False
AUDCHF,C,short,BEAR_STRONG,2021-11-08 14:00:00+00:00,2021-11-09 06:00:00+00:00,0.67785,0.67802,0.5107534610907555,0.0025537673054537775,4,BE_STOP,True
RTY,A,long,BULL_STRONG,2021-11-15 07:00:00+00:00,2021-11-15 15:00:00+00:00,2419.75,2402.604,-1.020215344787014,-0.005101076723935069,2,SL,False
NZDJPY,C,short,BEAR_STRONG,2021-11-29 22:00:00+00:00,2021-11-30 06:00:00+00:00,77.667,76.75243404255318,1.5619034589049283,0.007809517294524642,2,TP2,True
AUDNZD,B,long,NEUTRAL,2021-11-30 14:00:00+00:00,2021-12-02 14:00:00+00:00,1.04276,1.0405310714285716,-1.202040228967937,-0.006010201144839685,12,SL,False
AUDUSD,A,short,BEAR_STRONG,2021-12-08 02:00:00+00:00,2021-12-08 14:00:00+00:00,0.7127899999999999,0.7164694500000002,-1.052874562955334,-0.00526437281477667,3,SL,False
EURCAD,B,long,NEUTRAL,2021-12-08 02:00:00+00:00,2021-12-13 14:00:00+00:00,1.4284000000000001,1.4424949999999999,1.667773642291773,0.008338868211458865,21,TP2,True
SI,A,short,BEAR_STRONG,2021-12-27 03:00:00+00:00,2021-12-27 11:00:00+00:00,22.7675,23.01118154761905,-1.109961252472519,-0.005549806262362595,2,SL,False
USDCAD,A,long,BULL_STRONG,2021-12-27 06:00:00+00:00,2021-12-27 14:00:00+00:00,1.2832000000000001,1.2784499999999999,-1.0578643776824332,-0.005289321888412166,2,SL,False
NZDUSD,A,short,BEAR_STRONG,2021-12-27 10:00:00+00:00,2021-12-29 14:00:00+00:00,0.6807,0.6838293333333335,-1.041225488045633,-0.005206127440228165,13,SL,False
EURGBP,C,short,BEAR_STRONG,2021-12-28 02:00:00+00:00,2021-12-31 06:00:00+00:00,0.84287,0.8372293854166666,2.4913064731882404,0.012456532365941202,19,TP2,True
AUDCHF,A,short,BEAR_STRONG,2021-12-28 14:00:00+00:00,2022-01-10 06:00:00+00:00,0.6625,0.66267,0.6439193601044567,0.003219596800522284,52,BE_STOP,True
EURNZD,A,long,BULL_STRONG,2021-12-28 18:00:00+00:00,2021-12-30 06:00:00+00:00,1.66222,1.6558640285714288,-1.0731834611956113,-0.005365917305978057,9,SL,False
USDCAD,A,long,BULL_STRONG,2021-12-28 22:00:00+00:00,2021-12-29 22:00:00+00:00,1.2830100000000002,1.2784499999999999,-1.0670293959731838,-0.005335146979865919,6,SL,False
SI,A,short,BEAR_STRONG,2021-12-29 23:00:00+00:00,2021-12-30 11:00:00+00:00,22.7475,23.025467261904762,-1.095197325162812,-0.00547598662581406,3,SL,False
EURCHF,A,short,BEAR_STRONG,2022-01-03 14:00:00+00:00,2022-01-05 14:00:00+00:00,1.03705,1.03722,0.5145399021910085,0.002572699510955043,12,BE_STOP,True
NZDJPY,A,long,BULL_STRONG,2022-01-10 06:00:00+00:00,2022-01-10 10:00:00+00:00,78.332,77.94449904761906,-1.0754828828921381,-0.005377414414460691,1,SL,False
AUDJPY,A,long,BULL_STRONG,2022-01-11 14:00:00+00:00,2022-01-13 14:00:00+00:00,83.11699999999999,83.1,0.5908461118620764,0.002954230559310382,12,BE_STOP,True
USDCHF,B,short,NEUTRAL,2022-01-12 02:00:00+00:00,2022-01-12 14:00:00+00:00,0.9232899999999999,0.9178757200000001,1.7029427204528433,0.008514713602264216,3,TP2,True
NQ,A,short,BEAR_STRONG,2022-01-17 03:00:00+00:00,2022-01-20 19:00:00+00:00,15552.625,14906.0,2.1047371021274346,0.010523685510637173,21,TP2,True
DAX,B,long,NEUTRAL,2022-01-24 08:00:00+00:00,2022-01-24 12:00:00+00:00,15307.75,15207.142857142857,-1.0197744492131615,-0.0050988722460658074,1,SL,False
EURCHF,A,short,BEAR_STRONG,2022-01-25 14:00:00+00:00,2022-01-31 06:00:00+00:00,1.03755,1.0407959476190476,-1.0537255572808393,-0.005268627786404197,22,SL,False
NZDCAD,B,long,NEUTRAL,2022-02-01 06:00:00+00:00,2022-02-15 06:00:00+00:00,0.83595,0.84204,2.657919120953643,0.013289595604768214,60,TIME,True
EURGBP,B,short,NEUTRAL,2022-02-03 10:00:00+00:00,2022-02-03 14:00:00+00:00,0.83657,0.8379675000000001,-1.2339061507128246,-0.006169530753564123,1,SL,False
AUDCHF,B,short,NEUTRAL,2022-02-10 02:00:00+00:00,2022-02-10 10:00:00+00:00,0.66293,0.6650289285714286,-1.1362467246806167,-0.0056812336234030834,2,SL,False
NG,B,short,NEUTRAL,2022-02-15 19:00:00+00:00,2022-02-16 03:00:00+00:00,4.3905,4.457285714285714,-1.0283559737417955,-0.005141779868708978,2,SL,False
NZDCAD,B,short,NEUTRAL,2022-02-21 18:00:00+00:00,2022-02-22 10:00:00+00:00,0.85443,0.8586853571428572,-1.070892259812921,-0.005354461299064604,4,SL,False
NZDCAD,B,short,NEUTRAL,2022-02-24 10:00:00+00:00,2022-03-04 02:00:00+00:00,0.85645,0.8633564285714286,-1.0059234651680633,-0.005029617325840317,34,SL,False
AUDJPY,B,short,NEUTRAL,2022-03-01 18:00:00+00:00,2022-03-02 10:00:00+00:00,83.34700000000001,83.80049999999999,-1.0656783046964424,-0.0053283915234822125,4,SL,False
RTY,B,short,NEUTRAL,2022-03-03 07:00:00+00:00,2022-03-06 23:00:00+00:00,2050.65,1979.2854545454543,2.1684203701262867,0.010842101850631433,10,TP2,True
USDJPY,B,short,NEUTRAL,2022-03-03 14:00:00+00:00,2022-03-04 18:00:00+00:00,115.551,114.80581818181818,1.6820084933695123,0.008410042466847562,7,TP2,True
AUDUSD,A,long,BULL_STRONG,2022-03-08 22:00:00+00:00,2022-03-13 21:00:00+00:00,0.72777,0.72768,0.6339837994695677,0.0031699189973478387,18,BE_STOP,True
EURCHF,A,short,BEAR_STRONG,2022-03-14 01:00:00+00:00,2022-03-14 13:00:00+00:00,1.02107,1.0283692999999998,-1.0438962871530175,-0.005219481435765088,3,SL,False
AUDCHF,A,long,BULL_STRONG,2022-03-14 09:00:00+00:00,2022-03-14 17:00:00+00:00,0.67777,0.6740725523809523,-1.0750933333693322,-0.005375466666846661,2,SL,False
AUDCHF,A,long,BULL_STRONG,2022-03-16 01:00:00+00:00,2022-03-16 21:00:00+00:00,0.67767,0.686974,2.0697028287936265,0.010348514143968132,5,TP2,True
GBPAUD,A,short,BEAR_STRONG,2022-03-16 21:00:00+00:00,2022-03-23 09:00:00+00:00,1.79805,1.7716977333333332,2.230943876718263,0.011154719383591317,27,TP2,True
HG,A,long,BULL_STRONG,2022-03-17 06:00:00+00:00,2022-03-27 22:00:00+00:00,4.65025,4.649,0.9008780759846717,0.004504390379923359,40,BE_STOP,True
EURCAD,A,short,BEAR_STRONG,2022-03-17 21:00:00+00:00,2022-03-28 01:00:00+00:00,1.40165,1.3692557333333335,2.127535027705842,0.01063767513852921,37,TP2,True
EURJPY,B,short,NEUTRAL,2022-03-21 09:00:00+00:00,2022-03-22 01:00:00+00:00,131.53300000000002,132.20235714285712,-1.0542871652250043,-0.005271435826125021,4,SL,False
NG,B,short,NEUTRAL,2022-03-21 14:00:00+00:00,2022-03-22 10:00:00+00:00,4.8925,5.007535714285714,-1.0166590751808748,-0.005083295375904374,5,SL,False
DAX,A,short,BEAR_STRONG,2022-03-23 12:00:00+00:00,2022-03-28 04:00:00+00:00,14297.25,14532.133333333333,-1.0080884681093394,-0.005040442340546697,16,SL,False
EURGBP,B,long,NEUTRAL,2022-03-24 09:00:00+00:00,2022-03-28 01:00:00+00:00,0.83234,0.83217,0.6038663367098289,0.0030193316835491445,10,BE_STOP,True
RTY,B,short,NEUTRAL,2022-03-24 10:00:00+00:00,2022-03-24 18:00:00+00:00,2047.95,2071.6035714285717,-1.0133526941194384,-0.0050667634705971925,2,SL,False
ES,B,short,NEUTRAL,2022-03-28 14:00:00+00:00,2022-03-28 18:00:00+00:00,4533.125,4562.0625,-1.025825820568928,-0.0051291291028446396,1,SL,False
PA,B,long,NEUTRAL,2022-03-30 22:00:00+00:00,2022-04-06 14:00:00+00:00,2249.625,2187.6785714285716,-1.0049330791450028,-0.005024665395725015,28,SL,False
YM,A,long,BULL_STRONG,2022-04-04 02:00:00+00:00,2022-04-04 10:00:00+00:00,34774.5,34534.76,-1.0179733042310277,-0.005089866521155138,2,SL,False
YM,A,long,BULL_STRONG,2022-04-04 14:00:00+00:00,2022-04-05 18:00:00+00:00,34767.5,34512.974285714285,-1.0169208098555764,-0.0050846040492778825,7,SL,False
AUDUSD,C,long,BULL_STRONG,2022-04-11 01:00:00+00:00,2022-04-11 13:00:00+00:00,0.7447900000000001,0.7420272428571428,-1.0726854665861478,-0.005363427332930739,3,SL,False
GBPAUD,A,short,BEAR_STRONG,2022-04-12 09:00:00+00:00,2022-04-13 05:00:00+00:00,1.74459,1.7520193214285713,-1.0570635429324877,-0.005285317714662439,5,SL,False
EURAUD,A,short,BEAR_STRONG,2022-04-12 17:00:00+00:00,2022-04-13 09:00:00+00:00,1.45235,1.4615099999999999,-1.0415271412680769,-0.005207635706340384,4,SL,False
GBPNZD,B,short,NEUTRAL,2022-04-14 05:00:00+00:00,2022-04-18 01:00:00+00:00,1.92692,1.9357392857142857,-1.045063698075812,-0.00522531849037906,11,SL,False
AUDCHF,A,long,BULL_STRONG,2022-04-14 13:00:00+00:00,2022-04-18 01:00:00+00:00,0.69918,0.6945858333333332,-1.071851994725936,-0.00535925997362968,9,SL,False
SI,B,short,NEUTRAL,2022-04-14 14:00:00+00:00,2022-04-17 22:00:00+00:00,25.717499999999998,26.182499999999997,-1.0554969491525446,-0.005277484745762723,2,SL,False
CADCHF,B,short,NEUTRAL,2022-04-18 01:00:00+00:00,2022-04-18 21:00:00+00:00,0.74696,0.7500353571428571,-1.0945062470805185,-0.0054725312354025925,5,SL,False
NQ,B,long,NEUTRAL,2022-04-25 10:00:00+00:00,2022-04-26 14:00:00+00:00,13250.125,13249.75,0.9959154184397154,0.0049795770921985776,7,BE_STOP,True
AUDUSD,B,long,NEUTRAL,2022-04-25 21:00:00+00:00,2022-04-27 13:00:00+00:00,0.7189,0.7116564285714285,-1.0308441737393956,-0.005154220868696978,10,SL,False
GBPCHF,B,long,NEUTRAL,2022-04-28 05:00:00+00:00,2022-04-28 09:00:00+00:00,1.21797,1.2112392857142857,-1.0519022449646172,-0.005259511224823086,1,SL,False
EURCAD,B,short,NEUTRAL,2022-05-10 13:00:00+00:00,2022-05-12 09:00:00+00:00,1.37408,1.3564597826086957,2.847356481604265,0.014236782408021325,11,TP2,True
AUDNZD,A,long,BULL_STRONG,2022-05-11 05:00:00+00:00,2022-05-11 17:00:00+00:00,1.10497,1.1012307142857145,-1.0909694056433925,-0.005454847028216962,3,SL,False
EURJPY,B,long,NEUTRAL,2022-05-16 21:00:00+00:00,2022-05-18 13:00:00+00:00,134.99699999999999,134.98,0.6628374107229021,0.003314187053614511,10,BE_STOP,True
SI,A,short,BEAR_STRONG,2022-05-17 18:00:00+00:00,2022-05-23 06:00:00+00:00,21.6175,22.111750000000004,-1.0513606783253857,-0.005256803391626929,21,SL,False
NZDJPY,A,short,BEAR_STRONG,2022-05-18 01:00:00+00:00,2022-05-25 05:00:00+00:00,81.924,82.80456666666666,-1.0040174779017206,-0.005020087389508603,31,SL,False
EURCHF,A,long,BULL_STRONG,2022-05-23 05:00:00+00:00,2022-06-02 05:00:00+00:00,1.03175,1.02278,-1.0811869318181828,-0.005405934659090914,48,SL,False
DAX,B,short,NEUTRAL,2022-05-31 08:00:00+00:00,2022-06-03 00:00:00+00:00,14451.25,14615.392857142857,-1.0116657486338796,-0.005058328743169398,16,SL,False
NQ,B,short,NEUTRAL,2022-06-01 06:00:00+00:00,2022-06-01 10:00:00+00:00,12628.125,12787.42857142857,-1.0087161797752808,-0.0050435808988764045,1,SL,False
RTY,B,short,NEUTRAL,2022-06-01 10:00:00+00:00,2022-06-02 14:00:00+00:00,1861.15,1887.0464285714284,-1.0116090664447166,-0.0050580453322235834,7,SL,False
YM,B,short,NEUTRAL,2022-06-01 10:00:00+00:00,2022-06-10 10:00:00+00:00,33055.5,31641.15306122449,3.3858353499186546,0.016929176749593274,42,TP2,True
ES,B,short,NEUTRAL,2022-06-01 14:00:00+00:00,2022-06-02 22:00:00+00:00,4100.125,4183.383928571428,-1.0084818614671982,-0.005042409307335991,8,SL,False
EURNZD,B,short,NEUTRAL,2022-06-09 09:00:00+00:00,2022-06-14 05:00:00+00:00,1.66781,1.66798,0.6215860712071981,0.0031079303560359907,17,BE_STOP,True
CADCHF,A,long,BULL_STRONG,2022-06-13 09:00:00+00:00,2022-06-14 05:00:00+00:00,0.77288,0.769317319047619,-1.0820009909286519,-0.00541000495464326,5,SL,False
AUDUSD,B,long,NEUTRAL,2022-06-15 05:00:00+00:00,2022-06-29 05:00:00+00:00,0.6933900000000001,0.68775,-0.7209062128966274,-0.003604531064483137,60,TIME,False
USDCAD,B,short,NEUTRAL,2022-06-15 09:00:00+00:00,2022-06-15 17:00:00+00:00,1.2954299999999999,1.2993392857142858,-1.0710499869085832,-0.0053552499345429164,2,SL,False
USDCAD,B,short,NEUTRAL,2022-06-16 17:00:00+00:00,2022-06-17 09:00:00+00:00,1.2946199999999999,1.2997235714285718,-1.0541025103291324,-0.005270512551645662,4,SL,False
EURCAD,B,short,NEUTRAL,2022-06-20 17:00:00+00:00,2022-06-30 09:00:00+00:00,1.36425,1.3450184897959183,1.9470979501312127,0.009735489750656063,46,TP2,True
EURJPY,A,long,BULL_STRONG,2022-06-30 05:00:00+00:00,2022-06-30 09:00:00+00:00,142.267,141.48913571428574,-1.048520321814474,-0.00524260160907237,1,SL,False
EURJPY,A,long,BULL_STRONG,2022-06-30 17:00:00+00:00,2022-07-01 01:00:00+00:00,142.337,141.48199285714287,-1.044065471654687,-0.0052203273582734355,2,SL,False
USDCAD,B,short,NEUTRAL,2022-07-06 05:00:00+00:00,2022-07-14 09:00:00+00:00,1.3034299999999999,1.3087010714285716,-1.017849628455256,-0.00508924814227628,37,SL,False
CL,A,short,BEAR_STRONG,2022-07-12 02:00:00+00:00,2022-07-14 10:00:00+00:00,102.075,93.21359999999997,2.0705714821060655,0.010352857410530327,14,TP2,True
AUDCHF,C,short,BEAR_STRONG,2022-07-19 05:00:00+00:00,2022-07-20 09:00:00+00:00,0.66849,0.6713490714285715,-1.0794283847318518,-0.005397141923659259,7,SL,False
HG,A,short,BEAR_STRONG,2022-07-19 10:00:00+00:00,2022-07-20 02:00:00+00:00,3.2632499999999998,3.3374300000000003,-1.020719319895793,-0.005103596599478965,4,SL,False
AUDCHF,C,short,BEAR_STRONG,2022-07-20 09:00:00+00:00,2022-07-25 09:00:00+00:00,0.66945,0.66962,0.6967739599383428,0.003483869799691714,18,BE_STOP,True
HG,A,short,BEAR_STRONG,2022-07-21 06:00:00+00:00,2022-07-21 22:00:00+00:00,3.26125,3.3374300000000003,-1.020164153209665,-0.005100820766048325,4,SL,False
GBPCHF,A,short,BEAR_STRONG,2022-07-26 01:00:00+00:00,2022-07-27 17:00:00+00:00,1.16315,1.16332,0.6821187413474045,0.0034105937067370226,10,BE_STOP,True
AUDCHF,C,short,BEAR_STRONG,2022-07-26 21:00:00+00:00,2022-07-27 17:00:00+00:00,0.66855,0.6713872857142857,-1.0988259332654915,-0.005494129666327458,5,SL,False
CADJPY,A,long,BULL_STRONG,2022-07-26 21:00:00+00:00,2022-07-28 01:00:00+00:00,106.547,105.95750476190476,-1.0644836455283395,-0.005322418227641698,7,SL,False
GBPAUD,A,short,BEAR_STRONG,2022-07-27 09:00:00+00:00,2022-07-29 05:00:00+00:00,1.73607,1.7440116,-1.0467149364352255,-0.005233574682176128,11,SL,False
AUDCHF,C,short,BEAR_STRONG,2022-07-28 09:00:00+00:00,2022-08-01 05:00:00+00:00,0.66859,0.66876,0.5430427644179324,0.002715213822089662,11,BE_STOP,True
AUDJPY,B,long,NEUTRAL,2022-08-03 01:00:00+00:00,2022-08-08 13:00:00+00:00,91.985,94.39715319148937,3.0613665162314567,0.015306832581157283,21,TP2,True
CADJPY,B,long,NEUTRAL,2022-08-04 05:00:00+00:00,2022-08-04 13:00:00+00:00,104.53699999999999,103.57192857142859,-1.03336792887817,-0.005166839644390851,2,SL,False
AUDJPY,B,short,NEUTRAL,2022-08-09 01:00:00+00:00,2022-08-11 21:00:00+00:00,94.141,94.64253571428571,-1.0416475801577272,-0.005208237900788636,17,SL,False
NZDJPY,B,short,NEUTRAL,2022-08-10 09:00:00+00:00,2022-08-11 13:00:00+00:00,84.953,85.54985714285714,-1.041205700911548,-0.005206028504557741,7,SL,False
NZDUSD,A,long,BULL_STRONG,2022-08-18 09:00:00+00:00,2022-08-18 21:00:00+00:00,0.62998,0.6231899999999999,-1.0265965970149304,-0.005132982985074652,3,SL,False
NZDCAD,B,long,NEUTRAL,2022-08-30 01:00:00+00:00,2022-09-01 13:00:00+00:00,0.7992900000000001,0.79912,0.5380280599368662,0.002690140299684331,15,BE_STOP,True
PL,B,long,NEUTRAL,2022-08-31 02:00:00+00:00,2022-08-31 06:00:00+00:00,840.05,826.1214285714285,-1.0231898485639686,-0.005115949242819843,1,SL,False
EURGBP,B,short,NEUTRAL,2022-08-31 05:00:00+00:00,2022-08-31 13:00:00+00:00,0.85711,0.8616378571428572,-1.0665454122275038,-0.005332727061137519,2,SL,False
AUDCAD,B,long,NEUTRAL,2022-09-06 01:00:00+00:00,2022-09-06 05:00:00+00:00,0.89267,0.889535,-1.0994852613828006,-0.005497426306914003,1,SL,False
NZDJPY,B,long,NEUTRAL,2022-09-21 17:00:00+00:00,2022-09-21 21:00:00+00:00,84.317,84.05828571428573,-1.119167056737581,-0.005595835283687906,1,SL,False
AUDJPY,B,long,NEUTRAL,2022-09-26 13:00:00+00:00,2022-09-28 01:00:00+00:00,93.304,92.83660714285715,-1.0778488367298296,-0.005389244183649148,9,SL,False
SI,B,long,NEUTRAL,2022-10-13 10:00:00+00:00,2022-10-14 14:00:00+00:00,18.6875,18.240357142857142,-1.056506307821701,-0.005282531539108505,7,SL,False
CHFJPY,B,short,NEUTRAL,2022-10-18 09:00:00+00:00,2022-10-21 13:00:00+00:00,149.943,150.40807142857142,-1.0513132918858532,-0.005256566459429266,19,SL,False
CL,B,long,NEUTRAL,2022-10-19 10:00:00+00:00,2022-10-24 06:00:00+00:00,82.955,82.94,0.6916925073746307,0.003458462536873154,17,BE_STOP,True
GBPNZD,A,long,BULL_STRONG,2022-10-20 09:00:00+00:00,2022-10-21 13:00:00+00:00,1.98013,1.9659822714285715,-1.0355721745102675,-0.005177860872551338,7,SL,False
USDCHF,B,short,NEUTRAL,2022-11-02 17:00:00+00:00,2022-11-03 05:00:00+00:00,1.0031499999999998,1.0062864285714288,-1.0756430011723725,-0.005378215005861863,3,SL,False
CL,B,short,NEUTRAL,2022-11-03 06:00:00+00:00,2022-11-04 02:00:00+00:00,88.495,90.26107142857143,-1.0126091943707938,-0.005063045971853969,5,SL,False
GBPAUD,B,long,NEUTRAL,2022-11-07 02:00:00+00:00,2022-11-14 14:00:00+00:00,1.7636,1.7463607142857143,-1.0390704105117798,-0.005195352052558899,33,SL,False
USDCHF,B,long,NEUTRAL,2022-11-08 10:00:00+00:00,2022-11-08 14:00:00+00:00,0.99051,0.9861982142857143,-1.0541646155147708,-0.0052708230775738545,1,SL,False
EURCAD,B,short,NEUTRAL,2022-11-10 10:00:00+00:00,2022-11-11 06:00:00+00:00,1.35637,1.3615082142857144,-1.07243886420818,-0.005362194321040899,5,SL,False
EURGBP,B,long,NEUTRAL,2022-11-22 06:00:00+00:00,2022-11-22 10:00:00+00:00,0.86599,0.864067857142857,-1.1662185242560033,-0.0058310926212800165,1,SL,False
PA,B,long,NEUTRAL,2022-11-22 07:00:00+00:00,2022-11-22 11:00:00+00:00,1885.625,1851.7857142857142,-1.0081819915254238,-0.005040909957627119,1,SL,False
PA,B,long,NEUTRAL,2022-11-23 03:00:00+00:00,2022-11-25 11:00:00+00:00,1893.125,1841.0,-1.0053163461538464,-0.005026581730769232,14,SL,False
EURGBP,B,long,NEUTRAL,2022-11-23 06:00:00+00:00,2022-11-23 10:00:00+00:00,0.8664000000000001,0.8637860714285714,-1.1191916995469817,-0.005595958497734909,1,SL,False
SI,A,long,BULL_STRONG,2022-11-23 19:00:00+00:00,2022-11-27 23:00:00+00:00,21.6175,21.1501,-1.054460328163634,-0.00527230164081817,12,SL,False
NQ,A,long,BULL_STRONG,2022-11-28 23:00:00+00:00,2022-11-29 15:00:00+00:00,11635.875,11526.125,-1.0119393828571428,-0.005059696914285714,4,SL,False
NQ,B,short,NEUTRAL,2022-12-01 15:00:00+00:00,2022-12-13 11:00:00+00:00,12051.625,12052.0,0.9788951683010334,0.004894475841505167,47,BE_STOP,True
NKD,B,long,NEUTRAL,2022-12-08 11:00:00+00:00,2022-12-13 11:00:00+00:00,27642.5,28216.458333333332,1.875593996586208,0.00937796998293104,18,TP2,True
PA,B,short,NEUTRAL,2022-12-12 07:00:00+00:00,2022-12-13 11:00:00+00:00,1934.375,1972.875,-1.0072899022801303,-0.005036449511400651,7,SL,False
NG,B,short,NEUTRAL,2022-12-12 11:00:00+00:00,2022-12-20 07:00:00+00:00,6.8235,5.72965625,2.4909084139784996,0.012454542069892499,35,TP2,True
PA,B,short,NEUTRAL,2022-12-14 07:00:00+00:00,2022-12-15 15:00:00+00:00,1935.375,1801.603125,3.887647598039217,0.019438237990196085,8,TP2,True
YM,B,long,NEUTRAL,2022-12-20 11:00:00+00:00,2022-12-22 15:00:00+00:00,33001.5,33000.0,0.7270406162419094,0.003635203081209547,13,BE_STOP,True
ES,B,long,NEUTRAL,2022-12-20 15:00:00+00:00,2022-12-22 15:00:00+00:00,3857.125,3797.3125,-1.0115006519453207,-0.005057503259726604,12,SL,False
NQ,B,long,NEUTRAL,2022-12-20 15:00:00+00:00,2022-12-22 15:00:00+00:00,11189.375,11010.5,-1.0071156862745099,-0.005035578431372549,12,SL,False
EURCHF,B,short,NEUTRAL,2022-12-27 22:00:00+00:00,2022-12-30 18:00:00+00:00,0.98895,0.98912,0.5185873106060311,0.0025929365530301556,17,BE_STOP,True
CADCHF,B,long,NEUTRAL,2023-01-02 22:00:00+00:00,2023-01-03 10:00:00+00:00,0.67943,0.6890486739130435,3.5792546918937767,0.017896273459468884,3,TP2,True
EURCAD,B,short,NEUTRAL,2023-01-02 22:00:00+00:00,2023-01-04 14:00:00+00:00,1.45071,1.4315927826086956,4.793897057712825,0.023969485288564126,10,TP2,True
USDCHF,B,long,NEUTRAL,2023-01-02 22:00:00+00:00,2023-01-03 10:00:00+00:00,0.92459,0.9373831304347826,3.0619723358687674,0.015309861679343837,3,TP2,True
HG,B,long,NEUTRAL,2023-01-04 07:00:00+00:00,2023-01-04 11:00:00+00:00,3.7782500000000003,3.7461964285714284,-1.050392208695658,-0.005251961043478291,1,SL,False
AUDCHF,B,short,NEUTRAL,2023-01-05 02:00:00+00:00,2023-01-06 14:00:00+00:00,0.63441,0.6387632142857143,-1.0499179305045692,-0.005249589652522846,9,SL,False
ES,B,short,NEUTRAL,2023-01-12 11:00:00+00:00,2023-01-17 15:00:00+00:00,3969.875,4033.026785714286,-1.0110325814251173,-0.005055162907125587,18,SL,False
NZDJPY,A,short,BEAR_STRONG,2023-01-18 06:00:00+00:00,2023-01-20 14:00:00+00:00,83.923,83.94,0.8070512339838526,0.004035256169919263,14,BE_STOP,True
EURCHF,A,long,BULL_STRONG,2023-01-18 10:00:00+00:00,2023-02-01 10:00:00+00:00,0.9907,0.99783,1.7992541044776003,0.008996270522388002,60,TIME,True
CL,B,short,NEUTRAL,2023-01-18 15:00:00+00:00,2023-02-01 15:00:00+00:00,80.135,76.435,1.2144257585721017,0.006072128792860509,60,TIME,False
GBPCAD,B,long,NEUTRAL,2023-01-24 22:00:00+00:00,2023-01-31 18:00:00+00:00,1.64745,1.6401882142857145,-1.0846955934934803,-0.005423477967467402,29,SL,False
EURGBP,A,long,BULL_STRONG,2023-01-30 18:00:00+00:00,2023-02-01 14:00:00+00:00,0.87875,0.8854877282608695,1.9729898128907084,0.009864949064453543,11,TP2,True
CADCHF,B,long,NEUTRAL,2023-02-02 10:00:00+00:00,2023-02-08 14:00:00+00:00,0.6849500000000001,0.68478,0.5366816191903838,0.002683408095951919,25,BE_STOP,True
CHFJPY,B,short,NEUTRAL,2023-02-07 06:00:00+00:00,2023-02-13 06:00:00+00:00,142.303,143.30521428571427,-1.0171763851228843,-0.0050858819256144215,24,SL,False
EURCAD,B,long,NEUTRAL,2023-02-08 14:00:00+00:00,2023-02-10 10:00:00+00:00,1.44108,1.4341996428571429,-1.0628507829048925,-0.005314253914524463,11,SL,False
CADJPY,B,short,NEUTRAL,2023-02-08 22:00:00+00:00,2023-02-10 10:00:00+00:00,97.77900000000001,97.796,0.6416107857791256,0.0032080539288956277,9,BE_STOP,True
EURGBP,B,short,NEUTRAL,2023-02-09 14:00:00+00:00,2023-02-15 10:00:00+00:00,0.88505,0.8891353571428572,-1.036754501505063,-0.005183772507525315,23,SL,False
GBPAUD,A,short,BEAR_STRONG,2023-02-09 22:00:00+00:00,2023-02-14 10:00:00+00:00,1.74538,1.7529915595238095,-1.0422429195109195,-0.005211214597554597,15,SL,False
NQ,A,long,BULL_STRONG,2023-02-14 07:00:00+00:00,2023-02-14 11:00:00+00:00,12583.625,12458.8575,-1.0111075024619651,-0.005055537512309825,1,SL,False
YM,B,short,NEUTRAL,2023-02-15 07:00:00+00:00,2023-02-15 19:00:00+00:00,34049.5,34186.96428571428,-1.0310666876805892,-0.005155333438402946,3,SL,False
USDCAD,B,short,NEUTRAL,2023-02-20 06:00:00+00:00,2023-02-21 14:00:00+00:00,1.34645,1.351319285714286,-1.051995845165176,-0.00525997922582588,8,SL,False
GBPAUD,B,short,NEUTRAL,2023-02-22 14:00:00+00:00,2023-02-24 14:00:00+00:00,1.76951,1.7781132142857143,-1.0376761919281752,-0.005188380959640876,12,SL,False
YM,B,long,NEUTRAL,2023-02-22 15:00:00+00:00,2023-02-22 19:00:00+00:00,33230.5,33024.42857142857,-1.0203275698324024,-0.0051016378491620116,1,SL,False
YM,B,long,NEUTRAL,2023-02-23 11:00:00+00:00,2023-02-23 15:00:00+00:00,33274.5,33033.03571428572,-1.0173440809644296,-0.005086720404822148,1,SL,False
AUDNZD,A,long,BULL_STRONG,2023-02-27 22:00:00+00:00,2023-02-28 14:00:00+00:00,1.09453,1.09024,-1.078454902912624,-0.00539227451456312,4,SL,False
NZDCHF,B,short,NEUTRAL,2023-03-02 10:00:00+00:00,2023-03-06 14:00:00+00:00,0.58463,0.5768853636363636,1.808325269626118,0.00904162634813059,13,TP2,True
SI,B,long,NEUTRAL,2023-03-02 19:00:00+00:00,2023-03-07 11:00:00+00:00,21.0075,20.645535714285714,-1.0712316465018437,-0.005356158232509218,16,SL,False
EURGBP,B,short,NEUTRAL,2023-03-08 10:00:00+00:00,2023-03-13 17:00:00+00:00,0.89139,0.8806746818181818,3.6525289590426393,0.018262644795213195,20,TP2,True
USDCHF,B,long,NEUTRAL,2023-03-14 01:00:00+00:00,2023-03-15 17:00:00+00:00,0.9143100000000001,0.9297975909090909,1.811447698024475,0.009057238490122375,10,TP2,True
GBPUSD,B,short,NEUTRAL,2023-03-14 13:00:00+00:00,2023-03-17 05:00:00+00:00,1.2153999999999998,1.21549,0.6526618584248522,0.0032633092921242612,16,BE_STOP,True
AUDCHF,A,short,BEAR_STRONG,2023-03-16 13:00:00+00:00,2023-03-20 17:00:00+00:00,0.61805,0.6245126000000001,-1.0248747735435273,-0.005124373867717636,13,SL,False
CADCHF,A,short,BEAR_STRONG,2023-03-20 01:00:00+00:00,2023-03-20 17:00:00+00:00,0.67467,0.67949885,-1.0567637507110132,-0.0052838187535550665,4,SL,False
EURCAD,A,long,BULL_STRONG,2023-03-28 05:00:00+00:00,2023-03-29 13:00:00+00:00,1.47943,1.471322,-1.0538070294784585,-0.005269035147392293,8,SL,False
AUDCHF,A,short,BEAR_STRONG,2023-03-28 21:00:00+00:00,2023-04-03 09:00:00+00:00,0.61593,0.6161,0.8617963719292823,0.004308981859646411,21,BE_STOP,True
PA,B,short,NEUTRAL,2023-04-03 02:00:00+00:00,2023-04-03 10:00:00+00:00,1457.375,1484.857142857143,-1.008830966057441,-0.005044154830287206,2,SL,False
CADJPY,B,short,NEUTRAL,2023-04-03 13:00:00+00:00,2023-04-11 17:00:00+00:00,98.653,99.31910714285715,-1.0012500555708328,-0.0050062502778541644,37,SL,False
GBPCHF,B,long,NEUTRAL,2023-04-13 05:00:00+00:00,2023-04-13 09:00:00+00:00,1.11647,1.1130964285714284,-1.101856882943138,-0.00550928441471569,1,SL,False
HG,B,short,NEUTRAL,2023-04-17 02:00:00+00:00,2023-04-21 14:00:00+00:00,4.116750000000001,3.9747740000000005,4.234979735408638,0.02117489867704319,27,TP2,True
AUDUSD,B,short,NEUTRAL,2023-04-19 01:00:00+00:00,2023-04-20 09:00:00+00:00,0.67299,0.675215,-1.0722335362997821,-0.005361167681498911,8,SL,False
HG,B,long,NEUTRAL,2023-04-24 06:00:00+00:00,2023-04-24 14:00:00+00:00,3.99325,3.9494821428571427,-1.0369129609407857,-0.0051845648047039285,2,SL,False
GBPCAD,B,short,NEUTRAL,2023-04-24 09:00:00+00:00,2023-04-24 17:00:00+00:00,1.68545,1.688832142857143,-1.1263838559039316,-0.005631919279519658,2,SL,False
GBPCHF,B,short,NEUTRAL,2023-05-01 05:00:00+00:00,2023-05-05 05:00:00+00:00,1.11949,1.11966,0.7109738186361056,0.0035548690931805284,24,BE_STOP,True
PA,B,long,NEUTRAL,2023-05-03 10:00:00+00:00,2023-05-08 10:00:00+00:00,1430.625,1541.5901162790697,2.6621609381382156,0.013310804690691078,18,TP2,True
USDJPY,B,short,NEUTRAL,2023-05-04 05:00:00+00:00,2023-05-05 09:00:00+00:00,134.591,134.6,0.6044392040475117,0.0030221960202375586,7,BE_STOP,True
DAX,B,short,NEUTRAL,2023-05-09 04:00:00+00:00,2023-05-11 04:00:00+00:00,16015.25,16016.0,0.6154875998377017,0.0030774379991885085,12,BE_STOP,True
NZDCHF,B,short,NEUTRAL,2023-05-09 05:00:00+00:00,2023-05-10 13:00:00+00:00,0.56465,0.5666075,-1.1113572027972014,-0.005556786013986007,8,SL,False
AUDUSD,B,short,NEUTRAL,2023-05-09 05:00:00+00:00,2023-05-10 09:00:00+00:00,0.67564,0.6799435714285714,-1.0366884963553231,-0.005183442481776616,7,SL,False
USDCAD,B,long,NEUTRAL,2023-05-09 09:00:00+00:00,2023-05-10 09:00:00+00:00,1.33979,1.3348974999999998,-1.0640438521603628,-0.005320219260801814,6,SL,False
EURAUD,B,long,NEUTRAL,2023-05-10 17:00:00+00:00,2023-05-19 13:00:00+00:00,1.62039,1.62022,0.7313410508429653,0.0036567052542148264,41,BE_STOP,True
EURNZD,B,long,NEUTRAL,2023-05-11 13:00:00+00:00,2023-05-19 09:00:00+00:00,1.73387,1.7177332142857142,-1.041507527680229,-0.005207537638401145,35,SL,False
PA,B,long,NEUTRAL,2023-05-25 14:00:00+00:00,2023-05-30 10:00:00+00:00,1419.125,1374.732142857143,-1.0053883340056473,-0.005026941670028237,16,SL,False
NZDJPY,A,long,BULL_STRONG,2023-05-29 01:00:00+00:00,2023-05-30 13:00:00+00:00,85.104,84.429,-1.051541884498474,-0.00525770942249237,9,SL,False
DAX,B,short,NEUTRAL,2023-05-30 04:00:00+00:00,2023-05-30 08:00:00+00:00,16015.25,16069.07142857143,-1.0382733243606992,-0.005191366621803496,1,SL,False
NZDJPY,B,long,NEUTRAL,2023-06-01 05:00:00+00:00,2023-06-13 05:00:00+00:00,83.985,85.832474,2.1895007652034257,0.010947503826017129,48,TP2,True
AUDCHF,B,short,NEUTRAL,2023-06-05 09:00:00+00:00,2023-06-06 01:00:00+00:00,0.60151,0.6034378571428572,-1.1446143681430239,-0.00572307184071512,4,SL,False
NZDUSD,A,short,BEAR_STRONG,2023-06-07 21:00:00+00:00,2023-06-08 09:00:00+00:00,0.60505,0.6082572714285716,-1.0560448469128312,-0.005280224234564156,3,SL,False
GBPNZD,A,long,BULL_STRONG,2023-06-07 21:00:00+00:00,2023-06-12 05:00:00+00:00,2.05743,2.0483032190476185,-1.0623036560754404,-0.005311518280377202,14,SL,False
GBPCAD,B,short,NEUTRAL,2023-06-19 05:00:00+00:00,2023-06-22 13:00:00+00:00,1.69117,1.67572644,2.2738718138733676,0.011369359069366838,20,TP2,True
EURCAD,A,short,BEAR_STRONG,2023-06-21 01:00:00+00:00,2023-06-21 05:00:00+00:00,1.4421599999999999,1.4457399428571427,-1.1090641150249718,-0.0055453205751248595,1,SL,False
GBPAUD,B,short,NEUTRAL,2023-06-21 09:00:00+00:00,2023-06-23 01:00:00+00:00,1.88419,1.8929017857142858,-1.0449304879374506,-0.005224652439687253,10,SL,False
EURCAD,A,short,BEAR_STRONG,2023-06-22 13:00:00+00:00,2023-06-27 09:00:00+00:00,1.44103,1.4412,0.5777343023791143,0.0028886715118955713,17,BE_STOP,True
EURGBP,A,short,BEAR_STRONG,2023-06-27 13:00:00+00:00,2023-06-28 05:00:00+00:00,0.85937,0.8623727095238095,-1.1024855522812593,-0.005512427761406297,4,SL,False
AUDUSD,B,long,NEUTRAL,2023-06-29 01:00:00+00:00,2023-07-06 13:00:00+00:00,0.66107,0.66098,0.6722979408167896,0.0033614897040839483,33,BE_STOP,True
EURAUD,B,short,NEUTRAL,2023-06-29 09:00:00+00:00,2023-07-13 09:00:00+00:00,1.64581,1.62852,1.8535339847696657,0.009267669923848329,60,TIME,False
YM,B,short,NEUTRAL,2023-07-03 06:00:00+00:00,2023-07-12 10:00:00+00:00,34583.5,34585.0,1.4764093807125758,0.007382046903562879,41,BE_STOP,True
RTY,B,short,NEUTRAL,2023-07-04 14:00:00+00:00,2023-07-06 14:00:00+00:00,1907.45,1836.6539583333333,4.73178125915585,0.023658906295779252,11,TP2,True
NZDCHF,B,short,NEUTRAL,2023-07-05 09:00:00+00:00,2023-07-11 05:00:00+00:00,0.55551,0.5488568749999999,1.9361871589713848,0.009680935794856925,23,TP2,True
CADJPY,C,long,BULL_STRONG,2023-07-06 01:00:00+00:00,2023-07-06 13:00:00+00:00,108.307,107.97195833333335,-1.1011281959910808,-0.005505640979955404,3,SL,False
CL,B,short,NEUTRAL,2023-07-06 06:00:00+00:00,2023-07-07 10:00:00+00:00,72.115,72.6582142857143,-1.0393196484110887,-0.005196598242055444,7,SL,False
EURUSD,B,short,NEUTRAL,2023-07-10 05:00:00+00:00,2023-07-10 13:00:00+00:00,1.0963899999999998,1.0985946428571431,-1.11514691437262,-0.0055757345718631,2,SL,False
AUDJPY,B,long,NEUTRAL,2023-07-13 01:00:00+00:00,2023-07-27 01:00:00+00:00,94.363,95.34700000000001,1.2991079834727337,0.006495539917363668,60,TIME,False
NZDCAD,A,long,BULL_STRONG,2023-07-19 05:00:00+00:00,2023-07-21 05:00:00+00:00,0.82277,0.81719,-1.0711992236598895,-0.0053559961182994475,12,SL,False
DAX,B,short,NEUTRAL,2023-07-19 12:00:00+00:00,2023-07-27 08:00:00+00:00,16219.25,16372.67857142857,-1.0134107883040935,-0.005067053941520468,35,SL,False
NZDCHF,A,short,BEAR_STRONG,2023-07-24 21:00:00+00:00,2023-07-27 01:00:00+00:00,0.5384,0.53857,0.6621926118133868,0.003310963059066934,13,BE_STOP,True
GBPUSD,A,long,BULL_STRONG,2023-07-25 13:00:00+00:00,2023-07-27 17:00:00+00:00,1.28791,1.28151,-1.052346656101449,-0.005261733280507245,13,SL,False
NZDCHF,A,short,BEAR_STRONG,2023-07-27 13:00:00+00:00,2023-07-31 01:00:00+00:00,0.53832,0.53849,0.5647314463421095,0.0028236572317105473,9,BE_STOP,True
PA,A,short,BEAR_STRONG,2023-07-31 22:00:00+00:00,2023-08-08 06:00:00+00:00,1275.875,1206.8049999999998,2.350498333685578,0.01175249166842789,32,TP2,True
NZDJPY,B,long,NEUTRAL,2023-08-03 05:00:00+00:00,2023-08-03 13:00:00+00:00,86.699,86.40103571428573,-1.1037066327697869,-0.005518533163848934,2,SL,False
AUDCAD,A,short,BEAR_STRONG,2023-08-08 09:00:00+00:00,2023-08-10 09:00:00+00:00,0.87749,0.8812257142857142,-1.054084142628208,-0.00527042071314104,12,SL,False
GBPCAD,B,short,NEUTRAL,2023-08-09 09:00:00+00:00,2023-08-15 09:00:00+00:00,1.71127,1.7151839285714285,-1.0559780444529263,-0.005279890222264632,24,SL,False
SI,B,long,NEUTRAL,2023-08-10 06:00:00+00:00,2023-08-13 22:00:00+00:00,22.8875,22.576071428571428,-1.0842111248454915,-0.005421055624227458,10,SL,False
GBPNZD,A,long,BULL_STRONG,2023-08-28 05:00:00+00:00,2023-08-29 13:00:00+00:00,2.13097,2.1236364666666665,-1.0723575609801812,-0.005361787804900906,8,SL,False
EURGBP,B,short,NEUTRAL,2023-08-30 05:00:00+00:00,2023-09-07 05:00:00+00:00,0.85971,0.85988,0.6942930599771324,0.0034714652998856623,36,BE_STOP,True
NG,B,short,NEUTRAL,2023-08-30 10:00:00+00:00,2023-08-30 18:00:00+00:00,2.7335,2.7760714285714285,-1.0418461217391317,-0.005209230608695659,2,SL,False
GBPAUD,A,long,BULL_STRONG,2023-08-30 17:00:00+00:00,2023-08-31 09:00:00+00:00,1.96479,1.9560729642857144,-1.05207309468195,-0.005260365473409751,4,SL,False
DAX,B,long,NEUTRAL,2023-09-06 12:00:00+00:00,2023-09-08 08:00:00+00:00,15756.75,15658.142857142857,-1.0205456642335766,-0.005102728321167883,11,SL,False
NZDUSD,B,long,NEUTRAL,2023-09-07 21:00:00+00:00,2023-09-12 13:00:00+00:00,0.5891700000000001,0.58908,0.5508359130629366,0.002754179565314683,16,BE_STOP,True
GBPJPY,B,long,NEUTRAL,2023-09-12 05:00:00+00:00,2023-09-14 13:00:00+00:00,183.027,183.01,1.460207836443036,0.00730103918221518,14,BE_STOP,True
NZDJPY,B,short,NEUTRAL,2023-09-13 05:00:00+00:00,2023-09-13 13:00:00+00:00,86.98100000000001,87.27328571428572,-1.1059892994291491,-0.005529946497145746,2,SL,False
PL,B,short,NEUTRAL,2023-09-18 14:00:00+00:00,2023-09-19 06:00:00+00:00,937.55,945.0964285714286,-1.0445428879099357,-0.005222714439549679,4,SL,False
PL,B,short,NEUTRAL,2023-09-19 22:00:00+00:00,2023-09-22 10:00:00+00:00,941.05,941.3,0.8385541960784221,0.0041927709803921106,15,BE_STOP,True
AUDJPY,A,long,BULL_STRONG,2023-09-28 01:00:00+00:00,2023-09-29 01:00:00+00:00,95.21499999999999,96.19338,1.7588615261726492,0.008794307630863247,6,TP2,True
NZDCHF,A,long,BULL_STRONG,2023-10-05 21:00:00+00:00,2023-10-08 21:00:00+00:00,0.54495,0.5422704047619048,-1.1180640588977557,-0.005590320294488779,6,SL,False
RTY,A,short,BEAR_STRONG,2023-10-17 14:00:00+00:00,2023-10-19 18:00:00+00:00,1778.8500000000001,1716.4646666666665,1.9487772030223909,0.009743886015111955,13,TP2,True
EURUSD,A,short,BEAR_STRONG,2023-10-19 13:00:00+00:00,2023-10-23 13:00:00+00:00,1.05957,1.0635220857142857,-1.046177069385196,-0.0052308853469259795,12,SL,False
NZDCHF,B,long,NEUTRAL,2023-10-24 05:00:00+00:00,2023-10-25 21:00:00+00:00,0.52245,0.519452857142857,-1.1036887822132382,-0.005518443911066191,10,SL,False
EURCHF,A,short,BEAR_STRONG,2023-10-24 05:00:00+00:00,2023-10-27 13:00:00+00:00,0.9494,0.9525893333333333,-1.0506456171340275,-0.005253228085670137,20,SL,False
USDCHF,B,short,NEUTRAL,2023-11-01 09:00:00+00:00,2023-11-14 14:00:00+00:00,0.90804,0.8906364489795919,2.9971050436447935,0.014985525218223968,55,TP2,True
EURCHF,B,short,NEUTRAL,2023-11-01 13:00:00+00:00,2023-11-02 09:00:00+00:00,0.95885,0.9629921428571429,-1.076593166696638,-0.0053829658334831896,5,SL,False
NZDUSD,B,short,NEUTRAL,2023-11-06 22:00:00+00:00,2023-11-14 18:00:00+00:00,0.59502,0.599475,-1.0053385567010389,-0.005026692783505195,35,SL,False
NQ,B,short,NEUTRAL,2023-11-07 11:00:00+00:00,2023-11-07 15:00:00+00:00,15297.375,15340.848214285714,-1.0370964325668122,-0.005185482162834061,1,SL,False
ES,B,short,NEUTRAL,2023-11-08 15:00:00+00:00,2023-11-10 15:00:00+00:00,4391.625,4415.107142857143,-1.0314331375579593,-0.0051571656877897965,12,SL,False
EURAUD,B,short,NEUTRAL,2023-11-09 06:00:00+00:00,2023-11-09 18:00:00+00:00,1.66973,1.6756032142857142,-1.0707955513808007,-0.005353977756904004,3,SL,False
NQ,B,short,NEUTRAL,2023-11-09 19:00:00+00:00,2023-11-10 15:00:00+00:00,15255.125,15486.705357142857,-1.0069004023942847,-0.005034502011971424,5,SL,False
PA,A,short,BEAR_STRONG,2023-11-15 15:00:00+00:00,2023-11-20 11:00:00+00:00,1040.875,1080.5516666666667,-1.0052657705111459,-0.005026328852555729,17,SL,False
NZDJPY,A,long,BULL_STRONG,2023-11-20 10:00:00+00:00,2023-12-04 10:00:00+00:00,89.423,90.72800000000001,2.3836346629802168,0.011918173314901083,60,TIME,True
CL,A,short,BEAR_STRONG,2023-11-20 19:00:00+00:00,2023-11-29 11:00:00+00:00,77.575,77.59,0.7273976868515133,0.0036369884342575664,39,BE_STOP,True
CADJPY,B,long,NEUTRAL,2023-11-22 02:00:00+00:00,2023-11-24 14:00:00+00:00,108.517,109.79806122448979,1.56096558449868,0.0078048279224934005,15,TP2,True
PL,B,long,NEUTRAL,2023-12-06 07:00:00+00:00,2023-12-06 15:00:00+00:00,908.35,897.5964285714285,-1.0307198367902073,-0.005153599183951037,2,SL,False
EURJPY,A,short,BEAR_STRONG,2023-12-19 02:00:00+00:00,2023-12-19 06:00:00+00:00,156.803,157.6439428571429,-1.0472756328455437,-0.005236378164227719,1,SL,False
EURJPY,A,short,BEAR_STRONG,2023-12-20 22:00:00+00:00,2023-12-27 06:00:00+00:00,156.613,157.7782285714286,-1.020837157858063,-0.005104185789290315,20,SL,False
AUDCHF,B,short,NEUTRAL,2023-12-21 10:00:00+00:00,2023-12-25 22:00:00+00:00,0.58143,0.5832896428571429,-1.119196905516803,-0.005595984527584015,9,SL,False
AUDNZD,A,short,BEAR_STRONG,2023-12-21 10:00:00+00:00,2023-12-21 18:00:00+00:00,1.07859,1.0815604928571432,-1.1146236096197213,-0.005573118048098607,2,SL,False
AUDCHF,B,long,NEUTRAL,2024-01-02 10:00:00+00:00,2024-01-03 14:00:00+00:00,0.57607,0.5721453571428572,-1.080074140587846,-0.00540037070293923,7,SL,False
DAX,B,long,NEUTRAL,2024-01-04 16:00:00+00:00,2024-01-05 08:00:00+00:00,16727.75,16602.535714285714,-1.0167776642754662,-0.005083888321377331,4,SL,False
NZDJPY,B,short,NEUTRAL,2024-01-09 14:00:00+00:00,2024-01-09 22:00:00+00:00,90.022,90.27149999999999,-1.1273250752688064,-0.0056366253763440325,2,SL,False
EURCAD,B,short,NEUTRAL,2024-01-18 06:00:00+00:00,2024-01-23 06:00:00+00:00,1.46851,1.46868,0.5276861477776429,0.0026384307388882147,18,BE_STOP,True
AUDUSD,B,long,NEUTRAL,2024-01-18 10:00:00+00:00,2024-02-01 02:00:00+00:00,0.65456,0.65447,0.5061622293606914,0.0025308111468034574,58,BE_STOP,True
EURAUD,A,long,BULL_STRONG,2024-01-22 10:00:00+00:00,2024-01-25 10:00:00+00:00,1.6528,1.6465009000000002,-1.089962963567247,-0.005449814817836235,18,SL,False
PL,B,long,NEUTRAL,2024-01-22 15:00:00+00:00,2024-01-25 11:00:00+00:00,902.85,902.6,1.0537073562605552,0.005268536781302776,17,BE_STOP,True
YM,B,short,NEUTRAL,2024-01-23 15:00:00+00:00,2024-01-26 11:00:00+00:00,38070.5,38276.96428571428,-1.0221777173723647,-0.005110888586861824,17,SL,False
DAX,B,short,NEUTRAL,2024-01-25 12:00:00+00:00,2024-01-26 08:00:00+00:00,16991.25,17055.464285714286,-1.0332360157568934,-0.005166180078784467,5,SL,False
EURJPY,B,long,NEUTRAL,2024-02-01 10:00:00+00:00,2024-02-13 14:00:00+00:00,158.617,161.49989795918367,2.4569452910700678,0.012284726455350338,49,TP2,True
NZDUSD,B,long,NEUTRAL,2024-02-05 06:00:00+00:00,2024-02-13 10:00:00+00:00,0.60643,0.60634,0.6408074081508782,0.003204037040754391,37,BE_STOP,True
EURJPY,B,short,NEUTRAL,2024-02-14 06:00:00+00:00,2024-02-16 02:00:00+00:00,161.173,161.7127142857143,-1.0661244984968474,-0.0053306224924842376,11,SL,False
GBPJPY,B,short,NEUTRAL,2024-02-14 22:00:00+00:00,2024-02-16 18:00:00+00:00,188.673,189.53164285714286,-1.0456419485699686,-0.005228209742849843,11,SL,False
USDCHF,A,long,BULL_STRONG,2024-02-20 14:00:00+00:00,2024-02-22 02:00:00+00:00,0.88132,0.8775827999999999,-1.0667319587628947,-0.0053336597938144735,9,SL,False
USDCHF,A,long,BULL_STRONG,2024-02-22 14:00:00+00:00,2024-03-04 06:00:00+00:00,0.88165,0.88156,0.5483679472995652,0.002741839736497826,40,BE_STOP,True
CADJPY,A,long,BULL_STRONG,2024-02-26 02:00:00+00:00,2024-02-28 06:00:00+00:00,111.36699999999999,111.03871428571429,-1.1368240752638747,-0.005684120376319374,13,SL,False
AUDJPY,A,long,BULL_STRONG,2024-02-27 18:00:00+00:00,2024-02-28 02:00:00+00:00,98.517,98.218825,-1.1095132213034422,-0.005547566106517211,2,SL,False
EURNZD,B,short,NEUTRAL,2024-02-29 02:00:00+00:00,2024-02-29 06:00:00+00:00,1.77531,1.7822385714285713,-1.0619277911646594,-0.0053096389558232975,1,SL,False
GBPJPY,A,long,BULL_STRONG,2024-02-29 18:00:00+00:00,2024-03-06 22:00:00+00:00,189.367,189.35,0.803155367393065,0.004015776836965326,25,BE_STOP,True
EURNZD,B,short,NEUTRAL,2024-02-29 22:00:00+00:00,2024-03-04 18:00:00+00:00,1.77531,1.7821057142857142,-1.0556231953428212,-0.005278115976714106,11,SL,False
NG,C,long,BULL_STRONG,2024-03-04 15:00:00+00:00,2024-03-07 15:00:00+00:00,1.9304999999999999,1.8749074534161494,-1.030585359804335,-0.005152926799021676,18,SL,False
USDCHF,B,short,NEUTRAL,2024-03-19 09:00:00+00:00,2024-03-20 09:00:00+00:00,0.88699,0.8908578571428571,-1.0487521346190294,-0.005243760673095147,6,SL,False
AUDCAD,A,long,BULL_STRONG,2024-03-27 05:00:00+00:00,2024-03-28 05:00:00+00:00,0.88681,0.8844471761904762,-1.156945304271729,-0.005784726521358645,6,SL,False
GBPCHF,A,long,BULL_STRONG,2024-04-01 01:00:00+00:00,2024-04-01 13:00:00+00:00,1.13921,1.1359715357142859,-1.1073792520688623,-0.0055368962603443116,3,SL,False
EURCAD,B,short,NEUTRAL,2024-04-09 09:00:00+00:00,2024-04-10 13:00:00+00:00,1.47581,1.469452255319149,2.479154209993739,0.012395771049968696,7,TP2,True
RTY,A,short,BEAR_STRONG,2024-04-22 22:00:00+00:00,2024-04-23 10:00:00+00:00,1980.15,2004.6393809523809,-1.0126713165221113,-0.005063356582610557,3,SL,False
RTY,A,short,BEAR_STRONG,2024-04-30 10:00:00+00:00,2024-05-01 18:00:00+00:00,2009.65,2009.8,0.6791808232629639,0.0033959041163148197,8,BE_STOP,True
GBPUSD,A,short,BEAR_STRONG,2024-04-30 17:00:00+00:00,2024-05-01 17:00:00+00:00,1.2490899999999998,1.2544874333333333,-1.0442535186499708,-0.0052212675932498545,6,SL,False
EURCAD,B,short,NEUTRAL,2024-05-01 05:00:00+00:00,2024-05-01 13:00:00+00:00,1.46923,1.47137,-1.1907067005076133,-0.005953533502538066,2,SL,False
GBPAUD,B,short,NEUTRAL,2024-05-01 05:00:00+00:00,2024-05-02 13:00:00+00:00,1.92853,1.9108020625,2.6026710237883672,0.013013355118941836,8,TP2,True
AUDCAD,B,short,NEUTRAL,2024-05-02 13:00:00+00:00,2024-05-02 21:00:00+00:00,0.89746,0.8988375000000001,-1.2448400828157322,-0.006224200414078661,2,SL,False
CADCHF,B,long,NEUTRAL,2024-05-06 13:00:00+00:00,2024-05-08 05:00:00+00:00,0.66332,0.6602139285714286,-1.1065589879576703,-0.005532794939788351,10,SL,False
GBPCHF,B,long,NEUTRAL,2024-05-09 09:00:00+00:00,2024-05-15 21:00:00+00:00,1.13451,1.14580875,2.599714166666782,0.01299857083333391,27,TP2,True
USDCAD,B,long,NEUTRAL,2024-05-16 13:00:00+00:00,2024-05-28 01:00:00+00:00,1.3617500000000002,1.36166,0.8378050775362285,0.004189025387681142,45,BE_STOP,True
USDCHF,B,short,NEUTRAL,2024-05-23 13:00:00+00:00,2024-05-30 09:00:00+00:00,0.91475,0.9059243750000001,3.6868181219999627,0.018434090609999815,29,TP2,True
HG,A,long,BULL_STRONG,2024-05-27 10:00:00+00:00,2024-05-29 22:00:00+00:00,4.8302499999999995,4.739112500000001,-1.018205200945624,-0.00509102600472812,15,SL,False
CADJPY,B,long,NEUTRAL,2024-06-04 21:00:00+00:00,2024-06-18 13:00:00+00:00,113.527,115.148,1.7020919539785435,0.008510459769892717,58,TP2,True
PA,B,long,NEUTRAL,2024-06-05 22:00:00+00:00,2024-06-07 06:00:00+00:00,945.625,922.4107142857143,-1.0086901778808972,-0.005043450889404486,8,SL,False
AUDCHF,A,short,BEAR_STRONG,2024-06-12 05:00:00+00:00,2024-06-12 09:00:00+00:00,0.59274,0.5954609333333333,-1.0991729563035806,-0.005495864781517903,1,SL,False
EURCAD,B,long,NEUTRAL,2024-06-18 05:00:00+00:00,2024-06-20 05:00:00+00:00,1.47427,1.471159642857143,-1.1620203862504639,-0.00581010193125232,12,SL,False
CADJPY,B,short,NEUTRAL,2024-06-19 05:00:00+00:00,2024-06-19 13:00:00+00:00,115.033,115.26164285714285,-1.1564173742828086,-0.005782086871414043,2,SL,False
AUDUSD,B,short,NEUTRAL,2024-06-20 01:00:00+00:00,2024-06-26 05:00:00+00:00,0.66703,0.6685082142857143,-1.045658801132005,-0.005228294005660025,25,SL,False
NQ,B,short,NEUTRAL,2024-07-04 14:00:00+00:00,2024-07-05 06:00:00+00:00,20380.875,20446.14285714286,-1.030904325811777,-0.005154521629058884,3,SL,False
HG,B,short,NEUTRAL,2024-07-10 06:00:00+00:00,2024-07-10 10:00:00+00:00,4.56475,4.6080178571428565,-1.0384403229919197,-0.0051922016149595985,1,SL,False
EURAUD,B,long,NEUTRAL,2024-07-11 09:00:00+00:00,2024-07-22 01:00:00+00:00,1.60353,1.6306708666666667,7.236104874428619,0.0361805243721431,40,TP2,True
GBPAUD,B,short,NEUTRAL,2024-07-17 05:00:00+00:00,2024-07-17 13:00:00+00:00,1.92925,1.9346375,-1.0843497843794911,-0.005421748921897456,2,SL,False
GBPAUD,B,short,NEUTRAL,2024-07-18 13:00:00+00:00,2024-07-18 21:00:00+00:00,1.9285,1.933532857142857,-1.0904797297297362,-0.005452398648648681,2,SL,False
YM,A,long,BULL_STRONG,2024-07-22 06:00:00+00:00,2024-07-24 06:00:00+00:00,40618.5,40372.97261904762,-1.0194628978988503,-0.005097314489494251,12,SL,False
GBPCHF,A,long,BULL_STRONG,2024-07-22 13:00:00+00:00,2024-07-24 05:00:00+00:00,1.14938,1.1458534642857143,-1.1134840300905486,-0.005567420150452743,10,SL,False
EURCHF,A,long,BULL_STRONG,2024-07-22 13:00:00+00:00,2024-07-24 05:00:00+00:00,0.96866,0.96409,-1.0808210000000014,-0.005404105000000007,10,SL,False
PL,B,long,NEUTRAL,2024-07-24 06:00:00+00:00,2024-07-25 02:00:00+00:00,967.75,947.1750000000001,-1.016109225092251,-0.005080546125461255,5,SL,False
NQ,B,long,NEUTRAL,2024-07-25 14:00:00+00:00,2024-07-30 18:00:00+00:00,19289.875,18795.95535714286,-1.0038865582430305,-0.005019432791215152,19,SL,False
CADJPY,B,long,NEUTRAL,2024-08-01 13:00:00+00:00,2024-08-01 21:00:00+00:00,108.207,107.53478571428573,-1.049066359969471,-0.005245331799847355,2,SL,False
RTY,C,short,BEAR_STRONG,2024-08-12 02:00:00+00:00,2024-08-14 06:00:00+00:00,2089.65,2110.265785714286,-1.0154976703278338,-0.005077488351639169,13,SL,False
NZDCHF,C,short,BEAR_STRONG,2024-08-13 09:00:00+00:00,2024-08-16 05:00:00+00:00,0.52439,0.52456,0.5934836351212462,0.0029674181756062313,17,BE_STOP,True
CADCHF,A,short,BEAR_STRONG,2024-08-14 05:00:00+00:00,2024-08-15 05:00:00+00:00,0.62898,0.6320060357142856,-1.0728482486963737,-0.005364241243481869,6,SL,False
RTY,C,short,BEAR_STRONG,2024-08-14 10:00:00+00:00,2024-08-15 10:00:00+00:00,2091.45,2109.1157857142857,-1.0181160014843804,-0.0050905800074219024,6,SL,False
RTY,C,short,BEAR_STRONG,2024-08-15 10:00:00+00:00,2024-08-15 14:00:00+00:00,2128.0499999999997,2149.5064142857145,-1.0150304033191921,-0.005075152016595961,1,SL,False
RTY,C,short,BEAR_STRONG,2024-08-15 14:00:00+00:00,2024-08-19 18:00:00+00:00,2153.0499999999997,2177.137014285714,-1.0134621634993304,-0.005067310817496652,13,SL,False
NZDCHF,C,short,BEAR_STRONG,2024-08-19 01:00:00+00:00,2024-08-19 17:00:00+00:00,0.52512,0.5276064014285714,-1.1051272016138374,-0.005525636008069187,4,SL,False
YM,B,short,NEUTRAL,2024-08-19 06:00:00+00:00,2024-08-19 10:00:00+00:00,40807.5,40936.32142857143,-1.0374218232819077,-0.005187109116409539,1,SL,False
HG,C,short,BEAR_STRONG,2024-08-19 14:00:00+00:00,2024-08-23 14:00:00+00:00,4.187250000000001,4.1885,0.6030679213353582,0.0030153396066767914,24,BE_STOP,True
ES,B,short,NEUTRAL,2024-08-20 14:00:00+00:00,2024-08-21 14:00:00+00:00,5617.375,5654.330357142857,-1.022536412008787,-0.005112682060043935,6,SL,False
NZDUSD,B,short,NEUTRAL,2024-08-21 05:00:00+00:00,2024-08-21 17:00:00+00:00,0.61375,0.6173985714285715,-1.0494369731031814,-0.005247184865515907,3,SL,False
NZDCHF,C,short,BEAR_STRONG,2024-08-21 13:00:00+00:00,2024-08-23 13:00:00+00:00,0.52391,0.5256543357142857,-1.0910526253703425,-0.005455263126851712,12,SL,False
ES,B,short,NEUTRAL,2024-08-21 14:00:00+00:00,2024-08-22 10:00:00+00:00,5637.125,5664.964285714285,-1.0300743302990902,-0.005150371651495451,5,SL,False
NZDUSD,B,short,NEUTRAL,2024-08-22 13:00:00+00:00,2024-08-23 13:00:00+00:00,0.61373,0.6180085714285715,-1.034838178717607,-0.0051741908935880356,6,SL,False
YM,B,short,NEUTRAL,2024-08-22 14:00:00+00:00,2024-08-23 14:00:00+00:00,40697.5,41222.607142857145,-1.0090827637951028,-0.005045413818975514,6,SL,False
HG,B,short,NEUTRAL,2024-09-16 02:00:00+00:00,2024-09-16 10:00:00+00:00,4.225750000000001,4.2469464285714285,-1.0796162578334718,-0.005398081289167359,2,SL,False
EURCAD,B,short,NEUTRAL,2024-09-17 05:00:00+00:00,2024-09-17 09:00:00+00:00,1.51367,1.5151878571428572,-1.283348871224172,-0.0064167443561208605,1,SL,False
CL,A,short,BEAR_STRONG,2024-09-23 18:00:00+00:00,2024-09-24 06:00:00+00:00,70.715,71.70005714285715,-1.0212948279924605,-0.005106474139962303,3,SL,False
EURCAD,B,long,NEUTRAL,2024-09-26 09:00:00+00:00,2024-09-30 09:00:00+00:00,1.50143,1.5139913749999998,2.8301604860018887,0.014150802430009444,12,TP2,True
EURUSD,B,long,NEUTRAL,2024-10-02 05:00:00+00:00,2024-10-02 13:00:00+00:00,1.1073300000000001,1.1037560714285712,-1.0703304315735898,-0.005351652157867949,2,SL,False
NZDCAD,A,long,BULL_STRONG,2024-10-02 05:00:00+00:00,2024-10-02 21:00:00+00:00,0.84789,0.8436733428571428,-1.0713439735089978,-0.005356719867544989,4,SL,False
AUDUSD,A,long,BULL_STRONG,2024-10-03 17:00:00+00:00,2024-10-04 09:00:00+00:00,0.6841700000000001,0.6808655952380952,-1.057797263805054,-0.00528898631902527,4,SL,False
NZDUSD,B,long,NEUTRAL,2024-10-08 21:00:00+00:00,2024-10-09 01:00:00+00:00,0.61361,0.6097589285714285,-1.0467700237394455,-0.005233850118697227,1,SL,False
NQ,B,short,NEUTRAL,2024-10-10 10:00:00+00:00,2024-10-14 10:00:00+00:00,20357.125,20524.133928571428,-1.012023781814285,-0.005060118909071425,12,SL,False
ES,B,short,NEUTRAL,2024-10-10 10:00:00+00:00,2024-10-11 14:00:00+00:00,5820.875,5853.348214285715,-1.0261905535465923,-0.005130952767732962,7,SL,False
YM,B,short,NEUTRAL,2024-10-10 18:00:00+00:00,2024-10-11 10:00:00+00:00,42748.5,42925.0,-1.0281136000000002,-0.005140568000000001,4,SL,False
AUDCAD,B,short,NEUTRAL,2024-10-14 13:00:00+00:00,2024-10-21 01:00:00+00:00,0.92743,0.9276,0.6886330112747903,0.0034431650563739513,27,BE_STOP,True
CL,B,long,NEUTRAL,2024-10-29 10:00:00+00:00,2024-11-01 06:00:00+00:00,67.625,71.11670212765956,2.978571837495098,0.01489285918747549,17,TP2,True
DAX,B,long,NEUTRAL,2024-11-05 12:00:00+00:00,2024-11-06 12:00:00+00:00,19329.75,19329.0,0.6713524046692664,0.003356762023346332,6,BE_STOP,True
SI,B,long,NEUTRAL,2024-11-12 19:00:00+00:00,2024-11-13 23:00:00+00:00,30.8475,30.17,-1.0381187786259556,-0.005190593893129778,7,SL,False
GBPJPY,A,long,BULL_STRONG,2024-11-13 14:00:00+00:00,2024-11-15 06:00:00+00:00,197.547,196.77305952380954,-1.0656016973090248,-0.005328008486545124,10,SL,False
SI,B,long,NEUTRAL,2024-11-14 19:00:00+00:00,2024-11-28 19:00:00+00:00,30.5575,30.6575,0.10934952762209521,0.000546747638110476,60,TIME,False
EURCAD,A,short,BEAR_STRONG,2024-11-26 10:00:00+00:00,2024-12-06 10:00:00+00:00,1.4826,1.4901415714285715,-0.996956415573342,-0.004984782077866711,48,SL,False
GBPJPY,B,long,NEUTRAL,2024-11-27 22:00:00+00:00,2024-11-28 22:00:00+00:00,191.917,190.46085714285712,-1.0339565872543144,-0.005169782936271572,6,SL,False
GBPCHF,A,short,BEAR_STRONG,2024-11-28 22:00:00+00:00,2024-11-29 06:00:00+00:00,1.11908,1.122165554761905,-1.112044268304731,-0.005560221341523655,2,SL,False
CHFJPY,A,short,BEAR_STRONG,2024-12-09 02:00:00+00:00,2024-12-09 10:00:00+00:00,170.373,171.18337142857143,-1.0514919223566632,-0.005257459611783317,2,SL,False
GBPJPY,A,short,BEAR_STRONG,2024-12-09 02:00:00+00:00,2024-12-09 06:00:00+00:00,190.743,191.75163571428573,-1.044072656289387,-0.005220363281446935,1,SL,False
USDCHF,B,short,NEUTRAL,2024-12-16 02:00:00+00:00,2024-12-17 02:00:00+00:00,0.89044,0.8951632142857143,-1.0398560456332457,-0.005199280228166229,6,SL,False
AUDCHF,A,short,BEAR_STRONG,2024-12-16 06:00:00+00:00,2024-12-16 14:00:00+00:00,0.56665,0.569543,-1.091564818215204,-0.00545782409107602,2,SL,False
USDCHF,B,short,NEUTRAL,2024-12-17 14:00:00+00:00,2024-12-18 18:00:00+00:00,0.89191,0.8987382142857143,-1.027435666507664,-0.005137178332538321,7,SL,False
NKD,A,long,BULL_STRONG,2024-12-18 07:00:00+00:00,2024-12-18 19:00:00+00:00,39462.5,39182.6,-1.0391226138032303,-0.005195613069016152,3,SL,False
SI,B,long,NEUTRAL,2024-12-23 03:00:00+00:00,2024-12-30 07:00:00+00:00,30.2725,29.837142857142855,-1.060364221453289,-0.005301821107266445,24,SL,False
GBPAUD,A,long,BULL_STRONG,2024-12-23 22:00:00+00:00,2025-01-02 06:00:00+00:00,2.0094900000000004,2.00932,0.5806672638736433,0.0029033363193682166,32,BE_STOP,True
EURUSD,A,short,BEAR_STRONG,2025-01-06 14:00:00+00:00,2025-01-13 06:00:00+00:00,1.03866,1.0206475000000002,2.1636865507074217,0.010818432753537109,28,TP2,True
CHFJPY,C,long,BULL_STRONG,2025-01-07 10:00:00+00:00,2025-01-09 02:00:00+00:00,173.857,173.22914285714285,-1.0758605846585512,-0.005379302923292756,10,SL,False
GBPJPY,B,long,NEUTRAL,2025-01-13 18:00:00+00:00,2025-01-16 22:00:00+00:00,192.197,189.6705,-1.0234738314405243,-0.005117369157202622,19,SL,False
AUDJPY,B,long,NEUTRAL,2025-01-15 22:00:00+00:00,2025-01-16 14:00:00+00:00,96.829,96.49885714285715,-1.0975786587591132,-0.005487893293795566,4,SL,False
HG,A,long,BULL_STRONG,2025-01-20 03:00:00+00:00,2025-01-20 11:00:00+00:00,4.34775,4.302107500000001,-1.0359930168384253,-0.005179965084192126,2,SL,False
EURGBP,C,short,BEAR_STRONG,2025-02-03 02:00:00+00:00,2025-02-06 06:00:00+00:00,0.83391,0.83408,0.7912298369590951,0.003956149184795476,19,BE_STOP,True
HG,B,short,NEUTRAL,2025-02-05 11:00:00+00:00,2025-02-05 15:00:00+00:00,4.38025,4.424803571428571,-1.0369581525773142,-0.005184790762886571,1,SL,False
GBPJPY,B,long,NEUTRAL,2025-02-05 14:00:00+00:00,2025-02-06 06:00:00+00:00,190.517,189.78371428571427,-1.0609706142800086,-0.005304853071400043,4,SL,False
EURGBP,C,short,BEAR_STRONG,2025-02-10 10:00:00+00:00,2025-02-11 06:00:00+00:00,0.83285,0.8350697959183673,-1.1398183094384762,-0.005699091547192381,5,SL,False
EURGBP,C,short,BEAR_STRONG,2025-02-11 06:00:00+00:00,2025-02-18 06:00:00+00:00,0.83425,0.8292292959183672,3.056109675268191,0.015280548376340955,30,TP2,True
HG,A,long,BULL_STRONG,2025-02-19 07:00:00+00:00,2025-02-19 15:00:00+00:00,4.60475,4.556638928571428,-1.034535702037171,-0.005172678510185855,2,SL,False
HG,A,long,BULL_STRONG,2025-02-20 07:00:00+00:00,2025-02-21 07:00:00+00:00,4.61425,4.5553175,-1.0280698652104148,-0.005140349326052074,6,SL,False
NQ,B,long,NEUTRAL,2025-02-26 15:00:00+00:00,2025-02-27 11:00:00+00:00,21102.375,21102.0,0.835566961628018,0.0041778348081400905,5,BE_STOP,True
DAX,B,short,NEUTRAL,2025-03-04 04:00:00+00:00,2025-03-05 08:00:00+00:00,22953.25,22954.0,0.8220008452785472,0.004110004226392737,7,BE_STOP,True
NG,B,short,NEUTRAL,2025-03-06 11:00:00+00:00,2025-03-09 22:00:00+00:00,4.3245,4.538285714285714,-1.0086956393001347,-0.005043478196500674,9,SL,False
PL,B,long,NEUTRAL,2025-03-26 22:00:00+00:00,2025-04-03 02:00:00+00:00,982.05,981.8,0.7843365575955049,0.0039216827879775245,31,BE_STOP,True
DAX,B,long,NEUTRAL,2025-04-01 08:00:00+00:00,2025-04-02 12:00:00+00:00,22626.75,22354.85714285714,-1.0094420337197048,-0.005047210168598524,7,SL,False
RTY,B,long,NEUTRAL,2025-04-01 14:00:00+00:00,2025-04-02 18:00:00+00:00,2021.4499999999998,1987.557142857143,-1.009237984758675,-0.005046189923793375,7,SL,False
GBPAUD,A,long,BULL_STRONG,2025-04-14 09:00:00+00:00,2025-04-28 09:00:00+00:00,2.0881000000000003,2.0861899999999998,-0.12492339696284555,-0.0006246169848142277,60,TIME,False
NQ,A,short,BEAR_STRONG,2025-04-16 02:00:00+00:00,2025-04-23 10:00:00+00:00,18524.125,18928.79601190476,-1.004592996085347,-0.005022964980426735,26,SL,False
EURUSD,A,long,BULL_STRONG,2025-04-28 01:00:00+00:00,2025-05-01 01:00:00+00:00,1.13732,1.1307099999999999,-1.052028343558304,-0.00526014171779152,18,SL,False
YM,A,short,BEAR_STRONG,2025-04-28 02:00:00+00:00,2025-04-28 10:00:00+00:00,40060.5,40497.986666666664,-1.0107912474387597,-0.0050539562371937985,2,SL,False
RTY,A,short,BEAR_STRONG,2025-04-28 02:00:00+00:00,2025-04-28 10:00:00+00:00,1946.65,1980.7649999999999,-1.0090013837774139,-0.005045006918887069,2,SL,False
RTY,A,short,BEAR_STRONG,2025-04-28 14:00:00+00:00,2025-04-29 14:00:00+00:00,1954.65,1980.7649999999999,-1.0117994222992437,-0.0050589971114962185,6,SL,False
CADCHF,A,short,BEAR_STRONG,2025-04-29 09:00:00+00:00,2025-05-01 13:00:00+00:00,0.59467,0.6007728,-1.0258316140776707,-0.005129158070388353,13,SL,False
AUDJPY,A,short,BEAR_STRONG,2025-04-29 17:00:00+00:00,2025-04-30 05:00:00+00:00,90.87,91.45033333333333,-1.0527605917159693,-0.005263802958579846,3,SL,False
YM,A,short,BEAR_STRONG,2025-04-30 10:00:00+00:00,2025-04-30 14:00:00+00:00,39892.5,40497.986666666664,-1.0077673900086095,-0.005038836950043047,1,SL,False
GBPJPY,A,long,BULL_STRONG,2025-05-19 05:00:00+00:00,2025-05-20 05:00:00+00:00,193.697,192.9751619047619,-1.0696863298562251,-0.005348431649281126,6,SL,False
AUDJPY,A,long,BULL_STRONG,2025-05-19 13:00:00+00:00,2025-05-20 05:00:00+00:00,93.61699999999999,92.76961666666666,-1.036256002247953,-0.005181280011239765,4,SL,False
NG,B,long,NEUTRAL,2025-05-20 06:00:00+00:00,2025-06-03 06:00:00+00:00,3.1655,3.7095,3.7683204579616416,0.018841602289808208,60,TIME,True
NZDUSD,B,short,NEUTRAL,2025-05-26 17:00:00+00:00,2025-06-02 01:00:00+00:00,0.59993,0.60002,0.8823131273222116,0.004411565636611058,26,BE_STOP,True
USDCAD,B,long,NEUTRAL,2025-05-27 13:00:00+00:00,2025-05-30 13:00:00+00:00,1.37783,1.37774,0.5921067775304927,0.0029605338876524633,18,BE_STOP,True
USDCAD,B,long,NEUTRAL,2025-06-02 21:00:00+00:00,2025-06-04 13:00:00+00:00,1.3721100000000002,1.3674074999999999,-1.067662959349623,-0.005338314796748115,10,SL,False
CL,B,short,NEUTRAL,2025-06-03 10:00:00+00:00,2025-06-04 14:00:00+00:00,63.075,63.925357142857145,-1.0239969217614373,-0.005119984608807186,7,SL,False
YM,B,short,NEUTRAL,2025-06-04 10:00:00+00:00,2025-06-05 14:00:00+00:00,42639.5,42641.0,1.0606724693042409,0.005303362346521205,7,BE_STOP,True
NQ,B,short,NEUTRAL,2025-06-05 10:00:00+00:00,2025-06-09 22:00:00+00:00,21723.375,21950.35714285714,-1.0093239338061466,-0.005046619669030733,15,SL,False
HG,A,long,BULL_STRONG,2025-06-17 22:00:00+00:00,2025-06-20 06:00:00+00:00,4.817749999999999,4.757765952380952,-1.027844496783317,-0.0051392224839165845,14,SL,False
USDCAD,A,short,BEAR_STRONG,2025-06-18 05:00:00+00:00,2025-06-18 17:00:00+00:00,1.36655,1.3703879833333334,-1.0750582313155455,-0.005375291156577727,3,SL,False
EURNZD,B,short,NEUTRAL,2025-06-18 21:00:00+00:00,2025-06-19 01:00:00+00:00,1.90741,1.9122060714285714,-1.0944726874083257,-0.005472363437041629,1,SL,False
CADCHF,B,long,NEUTRAL,2025-06-19 05:00:00+00:00,2025-06-22 21:00:00+00:00,0.59553,0.5942478571428571,-1.2727834810533014,-0.006363917405266507,10,SL,False
NZDCAD,B,short,NEUTRAL,2025-06-24 21:00:00+00:00,2025-06-25 01:00:00+00:00,0.82585,0.8283625,-1.1219291355389542,-0.005609645677694771,1,SL,False
CL,A,long,BULL_STRONG,2025-06-30 02:00:00+00:00,2025-07-14 06:00:00+00:00,65.455,69.355,2.276744742268045,0.011383723711340226,60,TIME,True
EURGBP,B,short,NEUTRAL,2025-07-01 05:00:00+00:00,2025-07-01 13:00:00+00:00,0.85687,0.8597389285714285,-1.1074358925499577,-0.005537179462749789,2,SL,False
NZDUSD,B,long,NEUTRAL,2025-07-10 09:00:00+00:00,2025-07-10 21:00:00+00:00,0.60085,0.60076,0.6858325878979451,0.0034291629394897255,3,BE_STOP,True
GBPUSD,B,long,NEUTRAL,2025-07-15 05:00:00+00:00,2025-07-15 13:00:00+00:00,1.3447700000000002,1.3405310714285712,-1.0670697977102819,-0.005335348988551409,2,SL,False
GBPCAD,B,long,NEUTRAL,2025-07-16 05:00:00+00:00,2025-07-28 17:00:00+00:00,1.8374,1.8339017857142856,-1.248552505633653,-0.006242762528168265,51,SL,False
GBPUSD,B,long,NEUTRAL,2025-07-17 21:00:00+00:00,2025-07-25 09:00:00+00:00,1.3432700000000002,1.34318,0.885054668249367,0.004425273341246835,33,BE_STOP,True
AUDJPY,A,long,BULL_STRONG,2025-07-30 09:00:00+00:00,2025-07-31 01:00:00+00:00,96.279,95.86665714285716,-1.0770952590879463,-0.005385476295439732,4,SL,False
YM,A,long,BULL_STRONG,2025-07-30 18:00:00+00:00,2025-07-31 14:00:00+00:00,44671.5,44425.32571428572,-1.0207366294549025,-0.005103683147274512,5,SL,False
USDCAD,A,long,BULL_STRONG,2025-08-04 05:00:00+00:00,2025-08-06 13:00:00+00:00,1.3784900000000002,1.3740411285714285,-1.0786874780824958,-0.005393437390412479,14,SL,False
PA,B,long,NEUTRAL,2025-08-04 06:00:00+00:00,2025-08-04 10:00:00+00:00,1210.125,1188.9107142857142,-1.01051766299746,-0.0050525883149872995,1,SL,False
PA,B,long,NEUTRAL,2025-08-04 14:00:00+00:00,2025-08-06 10:00:00+00:00,1205.125,1171.9642857142858,-1.0067021405405405,-0.005033510702702703,11,SL,False
CADJPY,B,long,NEUTRAL,2025-08-05 05:00:00+00:00,2025-08-13 13:00:00+00:00,106.917,106.9,0.6354156497879724,0.003177078248939862,38,BE_STOP,True
AUDJPY,B,long,NEUTRAL,2025-08-06 01:00:00+00:00,2025-08-14 05:00:00+00:00,95.695,95.678,1.086985394281572,0.00543492697140786,37,BE_STOP,True
USDCHF,A,long,BULL_STRONG,2025-08-06 17:00:00+00:00,2025-08-20 17:00:00+00:00,0.8062900000000001,0.80407,-0.640728268276085,-0.003203641341380425,60,TIME,False
DAX,B,long,NEUTRAL,2025-08-07 00:00:00+00:00,2025-08-12 08:00:00+00:00,24028.75,24028.0,1.2540584588292643,0.006270292294146321,20,BE_STOP,True
RTY,B,long,NEUTRAL,2025-08-07 02:00:00+00:00,2025-08-07 14:00:00+00:00,2230.75,2230.6,0.8231514960629658,0.004115757480314829,3,BE_STOP,True
AUDCAD,B,short,NEUTRAL,2025-08-12 01:00:00+00:00,2025-08-12 13:00:00+00:00,0.89721,0.8996457142857143,-1.1304707313997475,-0.005652353656998738,3,SL,False
NKD,A,long,BULL_STRONG,2025-08-20 18:00:00+00:00,2025-08-21 22:00:00+00:00,42872.5,42496.857142857145,-1.0296890182382619,-0.0051484450911913095,7,SL,False
AUDCAD,B,short,NEUTRAL,2025-08-26 01:00:00+00:00,2025-09-01 05:00:00+00:00,0.89753,0.9004557142857144,-1.0347112182477978,-0.005173556091238989,25,SL,False
NKD,A,long,BULL_STRONG,2025-08-27 22:00:00+00:00,2025-08-29 10:00:00+00:00,42717.5,42332.5,-1.0289202649006624,-0.005144601324503312,9,SL,False
USDCAD,B,long,NEUTRAL,2025-09-01 05:00:00+00:00,2025-09-04 13:00:00+00:00,1.3740800000000002,1.383506723404255,3.2513629684319145,0.016256814842159573,20,TP2,True
PA,B,short,NEUTRAL,2025-09-02 02:00:00+00:00,2025-09-02 22:00:00+00:00,1161.875,1162.0,0.7513755530524896,0.003756877765262448,5,BE_STOP,True
RTY,C,long,BULL_STRONG,2025-09-02 06:00:00+00:00,2025-09-02 10:00:00+00:00,2352.85,2340.8873100303954,-1.0286325977292552,-0.005143162988646276,1,SL,False
RTY,C,long,BULL_STRONG,2025-09-02 10:00:00+00:00,2025-09-02 14:00:00+00:00,2355.35,2342.477963525836,-1.026601715903533,-0.005133008579517665,1,SL,False
RTY,C,long,BULL_STRONG,2025-09-02 14:00:00+00:00,2025-09-05 06:00:00+00:00,2349.75,2387.6487841945286,1.9782414491292424,0.009891207245646213,16,TP2,True
NKD,B,short,NEUTRAL,2025-09-08 22:00:00+00:00,2025-09-11 06:00:00+00:00,43752.5,44351.78571428572,-1.0185881472540737,-0.005092940736270368,14,SL,False
EURUSD,B,short,NEUTRAL,2025-09-10 05:00:00+00:00,2025-09-11 13:00:00+00:00,1.1699099999999998,1.1732882142857144,-1.06805742587166,-0.0053402871293583,8,SL,False
CADJPY,B,long,NEUTRAL,2025-09-10 05:00:00+00:00,2025-09-16 13:00:00+00:00,106.517,106.5,0.5531385613540347,0.002765692806770174,26,BE_STOP,True
CL,B,short,NEUTRAL,2025-09-17 10:00:00+00:00,2025-09-22 10:00:00+00:00,64.375,61.780191489361705,3.8034346249352784,0.019017173124676393,18,TP2,True
USDCHF,A,short,BEAR_STRONG,2025-09-22 09:00:00+00:00,2025-09-25 09:00:00+00:00,0.7930499999999999,0.7969591190476192,-1.029071364001928,-0.00514535682000964,18,SL,False
HG,A,long,BULL_STRONG,2025-09-22 10:00:00+00:00,2025-09-24 14:00:00+00:00,4.61675,4.724303333333333,2.317804305663342,0.01158902152831671,13,TP2,True
NZDUSD,B,long,NEUTRAL,2025-09-22 13:00:00+00:00,2025-09-24 09:00:00+00:00,0.58643,0.5833607142857142,-1.0678351186765873,-0.005339175593382936,11,SL,False
NZDCAD,B,long,NEUTRAL,2025-09-22 17:00:00+00:00,2025-09-24 13:00:00+00:00,0.81107,0.8070474999999999,-1.0865800908500973,-0.005432900454250487,11,SL,False
CL,B,short,NEUTRAL,2025-09-25 06:00:00+00:00,2025-09-25 18:00:00+00:00,64.575,65.19857142857144,-1.0331366197183103,-0.0051656830985915515,3,SL,False
NZDJPY,B,long,NEUTRAL,2025-09-30 01:00:00+00:00,2025-09-30 09:00:00+00:00,85.96499999999999,85.69171428571428,-1.1132919175027731,-0.005566459587513866,2,SL,False
USDJPY,A,long,BULL_STRONG,2025-09-30 21:00:00+00:00,2025-10-01 05:00:00+00:00,148.119,147.3652666666667,-1.0399292722227027,-0.005199646361113514,2,SL,False
AUDCAD,B,short,NEUTRAL,2025-10-01 01:00:00+00:00,2025-10-01 17:00:00+00:00,0.91859,0.9227810714285715,-1.0742594617639227,-0.005371297308819614,4,SL,False
CHFJPY,B,long,NEUTRAL,2025-10-02 01:00:00+00:00,2025-10-06 01:00:00+00:00,184.74699999999999,186.83091666666667,2.812346094116917,0.014061730470584587,12,TP2,True
AUDJPY,B,long,NEUTRAL,2025-10-02 05:00:00+00:00,2025-10-02 09:00:00+00:00,97.203,96.97442857142858,-1.1446718028359002,-0.005723359014179501,1,SL,False
AUDCAD,B,short,NEUTRAL,2025-10-02 09:00:00+00:00,2025-10-06 13:00:00+00:00,0.92041,0.9242732142857143,-1.0538439918769946,-0.005269219959384973,13,SL,False
AUDNZD,A,long,BULL_STRONG,2025-10-06 05:00:00+00:00,2025-10-08 05:00:00+00:00,1.13399,1.1428837333333328,2.6398432622642267,0.013199216311321134,12,TP2,True
USDCHF,B,long,NEUTRAL,2025-10-20 05:00:00+00:00,2025-10-28 13:00:00+00:00,0.79259,0.7925,0.9671359282841518,0.004835679641420759,38,BE_STOP,True
AUDNZD,C,long,BULL_STRONG,2025-10-21 17:00:00+00:00,2025-10-27 05:00:00+00:00,1.13016,1.1353599092261903,1.9355295650845104,0.009677647825422553,21,TP2,True
NZDCHF,A,short,BEAR_STRONG,2025-10-22 13:00:00+00:00,2025-10-26 21:00:00+00:00,0.45691,0.4590931857142857,-1.066544978463418,-0.0053327248923170905,14,SL,False
RTY,A,long,BULL_STRONG,2025-10-22 18:00:00+00:00,2025-10-26 22:00:00+00:00,2465.15,2563.002,2.254904694840512,0.01127452347420256,13,TP2,True
CADCHF,A,short,BEAR_STRONG,2025-10-27 21:00:00+00:00,2025-10-29 01:00:00+00:00,0.56777,0.5698794,-1.1028605754357015,-0.005514302877178507,7,SL,False
EURAUD,B,long,NEUTRAL,2025-10-28 01:00:00+00:00,2025-10-28 13:00:00+00:00,1.7776,1.7728407142857143,-1.0912699766536968,-0.0054563498832684845,3,SL,False
AUDCAD,B,short,NEUTRAL,2025-10-29 13:00:00+00:00,2025-11-05 14:00:00+00:00,0.91877,0.91894,0.8505442638740375,0.0042527213193701875,30,BE_STOP,True
NZDUSD,B,long,NEUTRAL,2025-11-03 06:00:00+00:00,2025-11-03 14:00:00+00:00,0.57175,0.5703396428571429,-1.1287871246957342,-0.005643935623478671,2,SL,False
GBPNZD,B,short,NEUTRAL,2025-11-10 02:00:00+00:00,2025-11-19 02:00:00+00:00,2.33383,2.334,0.8818259903381332,0.004409129951690667,42,BE_STOP,True
NZDUSD,A,short,BEAR_STRONG,2025-11-11 18:00:00+00:00,2025-11-13 06:00:00+00:00,0.56535,0.5675884880952382,-1.064766009319968,-0.00532383004659984,9,SL,False
EURCHF,B,long,NEUTRAL,2025-11-13 06:00:00+00:00,2025-11-13 14:00:00+00:00,0.92426,0.9227175000000001,-1.218139453551933,-0.006090697267759665,2,SL,False
AUDUSD,B,short,NEUTRAL,2025-11-13 14:00:00+00:00,2025-11-18 02:00:00+00:00,0.65482,0.6468628,1.6314162188705805,0.008157081094352902,15,TP2,True
NZDUSD,A,short,BEAR_STRONG,2025-11-13 18:00:00+00:00,2025-11-13 22:00:00+00:00,0.56531,0.5677663452380953,-1.0714787501320724,-0.005357393750660362,1,SL,False
NZDCHF,A,short,BEAR_STRONG,2025-11-18 22:00:00+00:00,2025-11-20 10:00:00+00:00,0.45111,0.4536606714285714,-1.07693434625286,-0.0053846717312643,9,SL,False
ES,B,long,NEUTRAL,2025-11-19 15:00:00+00:00,2025-11-20 15:00:00+00:00,6661.125,6660.75,0.8437988534342816,0.0042189942671714085,6,BE_STOP,True
CADCHF,B,short,NEUTRAL,2025-11-20 10:00:00+00:00,2025-11-21 14:00:00+00:00,0.5739,0.57407,0.328000339078761,0.0016400016953938051,7,BE_STOP,True
CADJPY,A,long,BULL_STRONG,2025-11-24 10:00:00+00:00,2025-11-25 06:00:00+00:00,111.297,110.76263333333333,-1.0629758005283074,-0.005314879002641537,5,SL,False
AUDNZD,A,long,BULL_STRONG,2025-11-25 14:00:00+00:00,2025-11-25 22:00:00+00:00,1.15083,1.148152457142857,-1.1320480721024477,-0.0056602403605122385,2,SL,False
AUDJPY,A,long,BULL_STRONG,2025-11-25 18:00:00+00:00,2025-11-27 22:00:00+00:00,100.987,102.27193333333335,1.9892711704120292,0.009946355852060147,13,TP2,True
CADJPY,A,long,BULL_STRONG,2025-11-26 14:00:00+00:00,2025-12-01 10:00:00+00:00,111.377,110.8524,-1.0839101260835229,-0.005419550630417614,17,SL,False
AUDCHF,B,short,NEUTRAL,2025-12-01 10:00:00+00:00,2025-12-02 02:00:00+00:00,0.52513,0.5273242857142857,-1.1202983345095296,-0.005601491672547649,4,SL,False
YM,B,short,NEUTRAL,2025-12-01 15:00:00+00:00,2025-12-03 15:00:00+00:00,47581.5,47796.142857142855,-1.02489654155496,-0.0051244827077748,12,SL,False
GBPAUD,B,long,NEUTRAL,2025-12-02 22:00:00+00:00,2025-12-05 14:00:00+00:00,2.01203,2.007165714285714,-1.1175225015216537,-0.005587612507608268,16,SL,False
DAX,B,short,NEUTRAL,2025-12-10 00:00:00+00:00,2025-12-10 20:00:00+00:00,24137.25,24226.178571428572,-1.0304039854191978,-0.005152019927095989,5,SL,False
RTY,A,long,BULL_STRONG,2025-12-16 11:00:00+00:00,2025-12-16 15:00:00+00:00,2535.55,2512.6068333333337,-1.0154802535847776,-0.0050774012679238876,1,SL,False
NQ,B,short,NEUTRAL,2025-12-22 15:00:00+00:00,2025-12-24 15:00:00+00:00,25689.125,25860.571428571428,-1.0142053528183717,-0.0050710267640918585,12,SL,False
PL,A,long,BULL_STRONG,2025-12-30 15:00:00+00:00,2025-12-30 23:00:00+00:00,2258.25,2109.7981366459626,-1.0029059013851345,-0.005014529506925673,2,SL,False
USDCAD,B,long,NEUTRAL,2026-01-26 10:00:00+00:00,2026-01-27 10:00:00+00:00,1.37043,1.3657260714285713,-1.0675910333617462,-0.005337955166808731,6,SL,False
CADJPY,B,long,NEUTRAL,2026-01-26 22:00:00+00:00,2026-01-27 06:00:00+00:00,112.53699999999999,111.88514285714287,-1.0515945679567902,-0.005257972839783951,2,SL,False
CADJPY,B,long,NEUTRAL,2026-01-28 06:00:00+00:00,2026-02-04 02:00:00+00:00,112.607,114.591,2.1371422331332885,0.010685711165666443,29,TP2,True
NZDJPY,A,long,BULL_STRONG,2026-01-28 14:00:00+00:00,2026-02-02 06:00:00+00:00,92.681,92.664,0.576807033615137,0.002884035168075685,16,BE_STOP,True
RTY,A,long,BULL_STRONG,2026-01-28 15:00:00+00:00,2026-01-29 15:00:00+00:00,2667.25,2636.6027586206897,-1.0119151760475824,-0.005059575880237912,6,SL,False
PL,B,long,NEUTRAL,2026-02-03 15:00:00+00:00,2026-02-04 23:00:00+00:00,2191.05,2118.7464285714286,-1.005902330607187,-0.005029511653035936,8,SL,False
CADJPY,B,short,NEUTRAL,2026-02-04 14:00:00+00:00,2026-02-06 10:00:00+00:00,114.583,114.98271428571428,-1.073270377006335,-0.005366351885031675,11,SL,False
NQ,A,short,BEAR_STRONG,2026-02-09 23:00:00+00:00,2026-02-24 03:00:00+00:00,25305.875,24838.125,1.7743616912241797,0.008871808456120898,60,TIME,True
EURNZD,A,short,BEAR_STRONG,2026-02-10 10:00:00+00:00,2026-02-12 18:00:00+00:00,1.96807,1.96824,0.744355701098042,0.0037217785054902103,14,BE_STOP,True
RTY,B,short,NEUTRAL,2026-02-10 11:00:00+00:00,2026-02-11 11:00:00+00:00,2697.5499999999997,2714.9428571428575,-1.0212148135874115,-0.005106074067937057,6,SL,False
ES,B,short,NEUTRAL,2026-02-10 11:00:00+00:00,2026-02-11 11:00:00+00:00,6997.625,6998.0,0.7997058439716144,0.003998529219858072,6,BE_STOP,True
AUDNZD,A,long,BULL_STRONG,2026-02-17 14:00:00+00:00,2026-02-18 06:00:00+00:00,1.17177,1.1791926666666668,1.7367037229410223,0.008683518614705111,4,TP2,True
EURJPY,B,short,NEUTRAL,2026-02-25 22:00:00+00:00,2026-02-27 18:00:00+00:00,184.293,184.447,-0.2345647733154418,-0.001172823866577209,11,EOS,False
EURNZD,A,short,BEAR_STRONG,2026-02-26 18:00:00+00:00,2026-02-27 18:00:00+00:00,1.97278,1.97069,0.33707491515000154,0.0016853745757500077,6,EOS,False
