instrument,ts,side,fcode,r,bars,reason,klass
EURGBP,2013-02-04 18:00:00+00:00,long,1,-1.1115452436194944,0,SAME_BAR_SL,fx_cross
GBPNZD,2013-02-07 10:00:00+00:00,short,4,-1.0235776157459184,7,SL,fx_cross
NZDUSD,2013-02-07 14:00:00+00:00,long,2,2.469517620137299,18,TP,fx_major
NZDJPY,2013-02-07 14:00:00+00:00,long,2,-1.0171031916976696,4,SL,fx_cross
CADCHF,2013-02-07 14:00:00+00:00,short,3,-1.08906516853932,1,SL,fx_cross
CHFJPY,2013-02-07 14:00:00+00:00,long,2,-1.0145070731707315,4,SL,fx_cross
GBPCAD,2013-02-08 10:00:00+00:00,short,3,2.3988710756972065,1,TP,fx_cross
GBPNZD,2013-02-11 02:00:00+00:00,short,3,2.4694530955120833,3,TP,fx_cross
EURAUD,2013-02-14 10:00:00+00:00,long,2,-1.0284621766561513,33,SL,fx_cross
CL,2013-02-14 11:00:00+00:00,short,3,2.490463608562691,24,TP,commodities
YM,2013-02-27 15:00:00+00:00,short,3,-1.0240017112299464,1,SL,indices
ES,2013-02-28 11:00:00+00:00,short,3,2.4799488659793814,6,TP,indices
NQ,2013-03-01 07:00:00+00:00,short,3,-1.0083116587677725,12,SL,indices
ES,2013-03-01 15:00:00+00:00,short,3,-1.0109595480225988,7,SL,indices
NZDCAD,2013-03-06 14:00:00+00:00,short,3,2.470887462144156,11,TP,fx_cross
CADJPY,2013-03-07 10:00:00+00:00,short,4,-1.031469012875536,1,SL,fx_cross
CHFJPY,2013-03-08 06:00:00+00:00,short,3,-1.0175105562422742,10,SL,fx_cross
EURGBP,2013-03-12 09:00:00+00:00,short,3,-1.0845909766637931,0,SAME_BAR_SL,fx_cross
AUDNZD,2013-03-12 21:00:00+00:00,short,3,-1.048244953560373,5,SL,fx_cross
GBPUSD,2013-03-15 05:00:00+00:00,short,3,-1.1845099455930308,1,SL,fx_major
CADCHF,2013-03-18 09:00:00+00:00,short,4,2.4447998721363877,7,TP,fx_cross
EURCAD,2013-03-18 13:00:00+00:00,long,2,-1.046983324873093,17,SL,fx_cross
GBPCAD,2013-03-20 09:00:00+00:00,short,4,-1.0737761904761864,0,SAME_BAR_SL,fx_cross
ES,2013-03-20 18:00:00+00:00,short,3,-1.06211,0,SAME_BAR_SL,indices
AUDUSD,2013-03-21 09:00:00+00:00,short,3,-1.0543906188925036,11,SL,fx_major
CADCHF,2013-03-21 09:00:00+00:00,short,3,-1.0341873802444668,13,SL,fx_cross
GBPJPY,2013-03-21 17:00:00+00:00,long,2,-1.0559742618384431,3,SL,fx_cross
NZDUSD,2013-03-26 17:00:00+00:00,short,3,-1.0292193154947107,28,SL,fx_major
GBPUSD,2013-04-08 17:00:00+00:00,long,1,2.4600103068634342,16,TP,fx_major
NQ,2013-04-09 14:00:00+00:00,short,3,-1.019578021978022,0,SAME_BAR_SL,indices
NZDCHF,2013-04-10 13:00:00+00:00,short,3,-1.0209204307116104,4,SL,fx_cross
AUDNZD,2013-04-11 01:00:00+00:00,long,1,-1.0832077717061324,1,SL,fx_cross
GBPUSD,2013-04-17 09:00:00+00:00,long,1,2.4600103068634342,35,TP,fx_major
YM,2013-04-23 14:00:00+00:00,long,2,2.479573568281938,1,TP,indices
EURGBP,2013-04-25 05:00:00+00:00,long,2,-1.0710136125654397,0,SAME_BAR_SL,fx_cross
CADCHF,2013-04-25 13:00:00+00:00,short,4,-1.0328416445287791,42,SL,fx_cross
EURNZD,2013-05-03 09:00:00+00:00,long,2,-1.071407793934358,1,SL,fx_cross
CL,2013-05-05 22:00:00+00:00,short,4,-1.0210307482993202,0,SAME_BAR_SL,commodities
NZDCAD,2013-05-08 01:00:00+00:00,long,2,-1.041085317115552,0,SAME_BAR_SL,fx_cross
NZDCHF,2013-05-08 05:00:00+00:00,long,2,2.4133453687315596,1,TP,fx_cross
EURNZD,2013-05-08 09:00:00+00:00,short,3,-1.0167240487990847,25,SL,fx_cross
AUDCHF,2013-05-08 17:00:00+00:00,long,2,2.4499235731076623,2,TP,fx_cross
GBPCHF,2013-05-14 05:00:00+00:00,long,1,2.471790580110497,6,TP,fx_cross
EURAUD,2013-05-16 05:00:00+00:00,short,3,-1.1208019801980251,0,SAME_BAR_SL,fx_cross
AUDNZD,2013-05-16 09:00:00+00:00,long,2,-1.022176442687747,31,SL,fx_cross
GBPUSD,2013-05-21 13:00:00+00:00,long,2,-1.0219639278765074,6,SL,fx_major
GBPCHF,2013-05-23 05:00:00+00:00,long,1,-1.0643854028436046,0,SAME_BAR_SL,fx_cross
AUDJPY,2013-05-23 05:00:00+00:00,long,2,2.473113236381563,1,TP,fx_cross
NZDCHF,2013-05-23 05:00:00+00:00,long,2,2.471025819753907,2,TP,fx_cross
EURCAD,2013-05-24 05:00:00+00:00,short,4,-1.0254051212480921,19,SL,fx_cross
AUDJPY,2013-05-24 17:00:00+00:00,long,2,2.473113236381563,9,TP,fx_cross
YM,2013-05-28 06:00:00+00:00,short,3,2.4928860115606937,39,TP,indices
ES,2013-05-28 10:00:00+00:00,short,3,2.4948271844660193,43,TP,indices
CADCHF,2013-05-31 05:00:00+00:00,long,2,-1.0304988054405682,8,SL,fx_cross
CADJPY,2013-05-31 05:00:00+00:00,long,2,-1.0367590666215774,6,SL,fx_cross
EURGBP,2013-06-03 09:00:00+00:00,short,4,-1.0387351114714236,66,SL,fx_cross
GBPCHF,2013-06-03 13:00:00+00:00,long,1,-1.161880595829156,0,SAME_BAR_SL,fx_cross
CADJPY,2013-06-03 13:00:00+00:00,long,2,-1.02612409464027,0,SAME_BAR_SL,fx_cross
CL,2013-06-06 10:00:00+00:00,short,4,-1.008725763688761,7,SL,commodities
EURCHF,2013-06-06 13:00:00+00:00,long,2,-1.0743971490280828,0,SAME_BAR_SL,fx_cross
USDCHF,2013-06-06 13:00:00+00:00,long,2,2.4540376700755897,1,TP,fx_major
USDCHF,2013-06-11 13:00:00+00:00,long,2,-1.04596232992441,6,SL,fx_major
CL,2013-06-13 18:00:00+00:00,short,4,-1.0196993630573257,3,SL,commodities
EURAUD,2013-06-18 05:00:00+00:00,short,3,-1.0144837674760854,9,SL,fx_cross
YM,2013-06-18 14:00:00+00:00,short,3,2.487277068062827,10,TP,indices
EURGBP,2013-06-24 09:00:00+00:00,long,1,-1.0679497289586244,1,SL,fx_cross
YM,2013-06-24 14:00:00+00:00,long,2,2.479573568281938,1,TP,indices
CHFJPY,2013-06-24 17:00:00+00:00,short,4,-1.0206812976022561,27,SL,fx_cross
GBPNZD,2013-06-27 05:00:00+00:00,long,2,-1.0231471603893358,31,SL,fx_cross
GBPUSD,2013-06-27 13:00:00+00:00,long,1,2.4031034451392848,3,TP,fx_major
EURGBP,2013-06-28 09:00:00+00:00,short,3,2.39798012738853,1,TP,fx_cross
EURUSD,2013-06-28 13:00:00+00:00,long,1,-1.0554616445623357,0,SAME_BAR_SL,fx_major
EURGBP,2013-07-03 05:00:00+00:00,long,1,-1.0872015384615346,1,SL,fx_cross
GBPJPY,2013-07-03 13:00:00+00:00,short,3,-1.0464885403050106,0,SAME_BAR_SL,fx_cross
NQ,2013-07-10 10:00:00+00:00,short,4,-1.0210004395604395,2,SL,indices
NZDCAD,2013-07-10 21:00:00+00:00,short,4,2.4785887012987007,4,TP,fx_cross
YM,2013-07-10 22:00:00+00:00,short,3,-1.0129918302387269,2,SL,indices
EURAUD,2013-07-11 13:00:00+00:00,short,3,-1.0100493653494673,5,SL,fx_cross
EURGBP,2013-07-12 09:00:00+00:00,long,1,2.454732457786117,11,TP,fx_cross
GBPAUD,2013-07-12 09:00:00+00:00,short,4,2.4833057339163025,11,TP,fx_cross
NZDJPY,2013-07-18 09:00:00+00:00,short,4,-1.0140127756653992,5,SL,fx_cross
AUDCHF,2013-07-19 13:00:00+00:00,long,2,-1.0490276176024294,5,SL,fx_cross
EURJPY,2013-07-24 09:00:00+00:00,short,3,2.4876981842279657,59,TP,fx_cross
EURGBP,2013-07-25 05:00:00+00:00,long,2,2.4373044111906306,18,TP,fx_cross
NQ,2013-07-25 10:00:00+00:00,short,3,-1.0542177777777777,0,SAME_BAR_SL,indices
YM,2013-07-25 14:00:00+00:00,short,4,-1.0869052631578948,0,SAME_BAR_SL,indices
GBPAUD,2013-07-26 05:00:00+00:00,long,2,2.4792538037289273,11,TP,fx_cross
NQ,2013-07-26 18:00:00+00:00,short,3,-1.013467397260274,11,SL,indices
GBPNZD,2013-07-30 21:00:00+00:00,long,2,-1.047454676450968,8,SL,fx_cross
GBPCHF,2013-07-31 05:00:00+00:00,long,2,-1.0439981959910902,3,SL,fx_cross
CL,2013-08-01 22:00:00+00:00,short,3,-1.012481155234657,0,SAME_BAR_SL,commodities
AUDNZD,2013-08-04 21:00:00+00:00,short,4,-1.0918335862562603,0,SAME_BAR_SL,fx_cross
GBPCAD,2013-08-07 09:00:00+00:00,short,4,-1.0278822929936304,0,SAME_BAR_SL,fx_cross
NZDCHF,2013-08-08 01:00:00+00:00,long,1,2.472971379650972,9,TP,fx_cross
EURUSD,2013-08-08 13:00:00+00:00,short,3,2.4424040860215057,10,TP,fx_major
EURGBP,2013-08-12 17:00:00+00:00,long,1,-1.0397939884393068,5,SL,fx_cross
AUDCHF,2013-08-15 01:00:00+00:00,short,4,-1.082900328435604,1,SL,fx_cross
EURGBP,2013-08-15 09:00:00+00:00,long,1,2.4526532077342593,36,TP,fx_cross
AUDCHF,2013-08-15 09:00:00+00:00,short,4,2.471704751251105,2,TP,fx_cross
NZDCHF,2013-08-20 01:00:00+00:00,long,1,-1.0660898402555847,0,SAME_BAR_SL,fx_cross
EURNZD,2013-08-20 09:00:00+00:00,short,4,-1.0339569785469624,3,SL,fx_cross
EURUSD,2013-08-28 09:00:00+00:00,long,2,-1.1049441573033771,1,SL,fx_major
NZDJPY,2013-09-02 05:00:00+00:00,short,3,-1.0316957540263547,0,SAME_BAR_SL,fx_cross
GBPUSD,2013-09-02 05:00:00+00:00,short,4,-1.0706178371810409,6,SL,fx_major
EURGBP,2013-09-03 05:00:00+00:00,long,2,-1.069525932452274,7,SL,fx_cross
AUDNZD,2013-09-03 13:00:00+00:00,short,3,-1.0334832972694492,3,SL,fx_cross
EURAUD,2013-09-04 05:00:00+00:00,long,1,-1.1023819911223738,0,SAME_BAR_SL,fx_cross
AUDCHF,2013-09-04 09:00:00+00:00,short,4,-1.0282952487488952,7,SL,fx_cross
EURAUD,2013-09-04 09:00:00+00:00,long,1,2.4369464576802513,5,TP,fx_cross
NZDJPY,2013-09-04 09:00:00+00:00,short,4,-1.0359107993474714,1,SL,fx_cross
EURAUD,2013-09-06 09:00:00+00:00,long,2,2.480737066409546,90,TP,fx_cross
EURUSD,2013-09-09 05:00:00+00:00,short,4,-1.0406412988442477,2,SL,fx_major
AUDJPY,2013-09-10 01:00:00+00:00,short,3,-1.018578052906244,2,SL,fx_cross
EURJPY,2013-09-10 13:00:00+00:00,short,3,-1.019679281563656,40,SL,fx_cross
GBPCAD,2013-09-11 05:00:00+00:00,short,4,2.3679312472963128,1,TP,fx_cross
ES,2013-09-11 14:00:00+00:00,short,4,-1.0121889265536723,14,SL,indices
USDCAD,2013-09-17 13:00:00+00:00,long,2,-1.1196668879668148,0,SAME_BAR_SL,fx_major
NZDJPY,2013-09-19 01:00:00+00:00,short,3,-1.0146518819422405,1,SL,fx_cross
USDCAD,2013-09-19 05:00:00+00:00,long,2,2.45021492589364,4,TP,fx_major
EURGBP,2013-09-19 05:00:00+00:00,short,3,-1.0905899424184196,1,SL,fx_cross
GBPNZD,2013-09-19 09:00:00+00:00,long,2,2.473994927589145,19,TP,fx_cross
CL,2013-09-20 18:00:00+00:00,long,1,-1.0228223129251706,1,SL,commodities
EURGBP,2013-09-27 05:00:00+00:00,long,1,-1.0327360167130921,4,SL,fx_cross
USDCAD,2013-09-30 17:00:00+00:00,short,4,-1.075227275097783,1,SL,fx_major
AUDCHF,2013-10-02 09:00:00+00:00,long,2,2.4496727970165155,11,TP,fx_cross
GBPAUD,2013-10-04 01:00:00+00:00,long,1,-1.0384560256410256,1,SL,fx_cross
NZDCAD,2013-10-07 01:00:00+00:00,long,1,2.4784260536398466,36,TP,fx_cross
NZDCHF,2013-10-07 05:00:00+00:00,long,1,-1.0361605167958652,0,SAME_BAR_SL,fx_cross
EURUSD,2013-10-09 13:00:00+00:00,long,2,2.44078252153485,17,TP,fx_major
EURAUD,2013-10-14 09:00:00+00:00,long,2,-1.095845071770328,2,SL,fx_cross
EURNZD,2013-10-15 09:00:00+00:00,long,2,-1.0515906796116514,0,SAME_BAR_SL,fx_cross
GBPAUD,2013-10-16 21:00:00+00:00,long,1,2.4741710066371687,37,TP,fx_cross
NZDCHF,2013-10-23 01:00:00+00:00,long,2,-1.0366779277318228,2,SL,fx_cross
NZDCAD,2013-10-24 01:00:00+00:00,short,3,2.4691209079445144,9,TP,fx_cross
AUDUSD,2013-10-28 21:00:00+00:00,long,1,-1.0387198263386386,0,SAME_BAR_SL,fx_major
EURUSD,2013-10-31 09:00:00+00:00,long,2,-1.1596741605839234,0,SAME_BAR_SL,fx_major
EURGBP,2013-10-31 13:00:00+00:00,long,1,-1.04189699161888,3,SL,fx_cross
GBPCHF,2013-10-31 13:00:00+00:00,short,4,-1.0512030421118796,16,SL,fx_cross
EURUSD,2013-11-01 01:00:00+00:00,long,1,-1.0504214024592897,2,SL,fx_major
USDCHF,2013-11-01 13:00:00+00:00,short,4,-1.0448375954365956,3,SL,fx_major
USDJPY,2013-11-05 14:00:00+00:00,short,3,-1.042647601390501,11,SL,fx_major
GBPCHF,2013-11-07 10:00:00+00:00,short,4,-1.0412904138449974,0,SAME_BAR_SL,fx_cross
EURCAD,2013-11-07 10:00:00+00:00,long,2,-1.061991800554019,0,SAME_BAR_SL,fx_cross
CL,2013-11-07 11:00:00+00:00,long,2,-1.005727817836812,20,SL,commodities
GBPUSD,2013-11-08 14:00:00+00:00,long,1,-1.071877991161106,10,SL,fx_major
CHFJPY,2013-11-12 06:00:00+00:00,short,3,-1.1033763822525575,1,SL,fx_cross
AUDUSD,2013-11-12 10:00:00+00:00,long,2,-1.0352131174089072,1,SL,fx_major
ES,2013-11-12 19:00:00+00:00,short,4,-1.0221270588235294,5,SL,indices
USDCAD,2013-11-14 10:00:00+00:00,short,3,-1.0793734685598302,0,SAME_BAR_SL,fx_major
GBPCHF,2013-11-15 14:00:00+00:00,short,3,-1.0448711231982608,18,SL,fx_cross
NZDJPY,2013-11-19 06:00:00+00:00,short,3,-1.0125148413017275,55,SL,fx_cross
CL,2013-11-20 19:00:00+00:00,long,1,-1.0060684104627766,28,SL,commodities
AUDUSD,2013-11-21 10:00:00+00:00,long,2,-1.1481612589413626,1,SL,fx_major
USDCHF,2013-11-22 06:00:00+00:00,long,1,-1.0597299473376227,1,SL,fx_major
EURUSD,2013-11-22 06:00:00+00:00,short,4,-1.0575988436667907,2,SL,fx_major
AUDCAD,2013-11-26 10:00:00+00:00,long,1,2.4596894311377233,21,TP,fx_cross
CL,2013-12-03 19:00:00+00:00,short,3,-1.0263685470085453,0,SAME_BAR_SL,commodities
NZDJPY,2013-12-04 18:00:00+00:00,short,4,-1.0252887068965517,10,SL,fx_cross
ES,2013-12-05 11:00:00+00:00,long,2,-1.0107984905660377,31,SL,indices
EURUSD,2013-12-10 02:00:00+00:00,short,4,-1.0420265938864626,3,SL,fx_major
GBPCHF,2013-12-11 10:00:00+00:00,long,1,-1.1912380281689972,0,SAME_BAR_SL,fx_cross
AUDJPY,2013-12-11 22:00:00+00:00,long,1,-1.0273478481012648,4,SL,fx_cross
AUDCAD,2013-12-12 10:00:00+00:00,long,2,-1.0889787134502873,0,SAME_BAR_SL,fx_cross
USDJPY,2013-12-12 18:00:00+00:00,short,3,-1.062682342733187,1,SL,fx_major
ES,2013-12-16 03:00:00+00:00,long,2,2.4879272727272728,16,TP,indices
YM,2013-12-16 03:00:00+00:00,long,2,2.4873507304785893,16,TP,indices
GBPCHF,2013-12-17 10:00:00+00:00,long,2,2.4685570128354715,8,TP,fx_cross
GBPCAD,2013-12-18 10:00:00+00:00,short,3,-1.0824494496189632,0,SAME_BAR_SL,fx_cross
ES,2013-12-20 11:00:00+00:00,short,3,-1.034540895522388,1,SL,indices
EURNZD,2013-12-27 06:00:00+00:00,short,4,-1.0422482202820684,1,SL,fx_cross
USDCAD,2013-12-30 14:00:00+00:00,long,2,-1.0479970048309157,12,SL,fx_major
AUDJPY,2013-12-31 02:00:00+00:00,short,4,-1.063393216656607,3,SL,fx_cross
EURUSD,2014-01-02 02:00:00+00:00,short,4,2.443911385958531,2,TP,fx_major
EURCHF,2014-01-02 06:00:00+00:00,short,4,-1.1070300543900586,0,SAME_BAR_SL,fx_cross
USDCHF,2014-01-02 10:00:00+00:00,short,3,-1.0421752348993292,0,SAME_BAR_SL,fx_major
AUDUSD,2014-01-02 14:00:00+00:00,short,3,-1.0369676627218942,3,SL,fx_major
AUDJPY,2014-01-02 14:00:00+00:00,short,3,-1.035539132791328,5,SL,fx_cross
EURCAD,2014-01-07 10:00:00+00:00,short,4,-1.0213164963503656,3,SL,fx_cross
AUDJPY,2014-01-08 02:00:00+00:00,short,3,2.456274676679181,31,TP,fx_cross
GBPAUD,2014-01-09 10:00:00+00:00,short,3,2.4823611630075444,11,TP,fx_cross
USDJPY,2014-01-10 10:00:00+00:00,short,3,2.4393667489711923,1,TP,fx_major
GBPJPY,2014-01-13 10:00:00+00:00,long,1,2.4677572752043586,7,TP,fx_cross
EURGBP,2014-01-15 10:00:00+00:00,long,2,2.3834539523212084,1,TP,fx_cross
GBPAUD,2014-01-15 22:00:00+00:00,short,3,-1.0176388369924558,8,SL,fx_cross
NZDUSD,2014-01-17 14:00:00+00:00,long,2,-1.0188949080506746,49,SL,fx_major
GBPUSD,2014-01-21 10:00:00+00:00,short,3,-1.0388822259696444,5,SL,fx_major
EURAUD,2014-01-22 22:00:00+00:00,short,4,-1.0368316442163776,2,SL,fx_cross
EURUSD,2014-01-23 10:00:00+00:00,short,4,-1.0344912764997731,6,SL,fx_major
AUDCHF,2014-01-23 10:00:00+00:00,long,2,-1.0478925148088327,0,SAME_BAR_SL,fx_cross
GBPNZD,2014-01-24 06:00:00+00:00,short,3,-1.016644707961995,31,SL,fx_cross
AUDCAD,2014-01-24 06:00:00+00:00,long,2,-1.0331079462102686,0,SAME_BAR_SL,fx_cross
USDJPY,2014-01-24 10:00:00+00:00,long,2,-1.056278356164384,0,SAME_BAR_SL,fx_major
GBPCAD,2014-01-28 10:00:00+00:00,short,4,2.4764505397403784,23,TP,fx_cross
NZDJPY,2014-01-29 18:00:00+00:00,long,1,-1.0349613721103637,3,SL,fx_cross
NQ,2014-01-29 19:00:00+00:00,long,2,2.4945850673194614,49,TP,indices
EURNZD,2014-01-30 06:00:00+00:00,short,3,2.483981901257808,53,TP,fx_cross
YM,2014-01-31 11:00:00+00:00,long,1,-1.0111570469798659,7,SL,indices
CL,2014-02-02 23:00:00+00:00,long,2,2.4890053900709224,21,TP,commodities
GBPUSD,2014-02-03 10:00:00+00:00,long,2,-1.0694631738800273,1,SL,fx_major
EURAUD,2014-02-03 14:00:00+00:00,long,1,2.450075763747453,1,TP,fx_cross
EURCHF,2014-02-03 14:00:00+00:00,long,2,-1.0418884120171679,107,SL,fx_cross
AUDCHF,2014-02-04 02:00:00+00:00,short,4,-1.0949066948257624,1,SL,fx_cross
AUDCHF,2014-02-05 22:00:00+00:00,short,3,-1.0354624325381305,3,SL,fx_cross
GBPUSD,2014-02-07 06:00:00+00:00,long,2,2.440884739397862,2,TP,fx_major
GBPJPY,2014-02-07 10:00:00+00:00,short,4,-1.032528121968121,3,SL,fx_cross
CADJPY,2014-02-07 10:00:00+00:00,short,3,-1.0603759580663954,0,SAME_BAR_SL,fx_cross
CL,2014-02-09 23:00:00+00:00,short,3,-1.145934545454565,0,SAME_BAR_SL,commodities
AUDCAD,2014-02-11 06:00:00+00:00,short,4,2.430772987012982,4,TP,fx_cross
EURNZD,2014-02-12 06:00:00+00:00,long,1,-1.0529918885987832,2,SL,fx_cross
EURGBP,2014-02-12 10:00:00+00:00,long,2,-1.038296119900083,3,SL,fx_cross
USDCAD,2014-02-13 18:00:00+00:00,long,2,-1.0983385108086354,2,SL,fx_major
EURJPY,2014-02-20 06:00:00+00:00,long,1,-1.065983676222595,0,SAME_BAR_SL,fx_cross
AUDCAD,2014-02-21 06:00:00+00:00,short,3,-1.048560865051902,0,SAME_BAR_SL,fx_cross
GBPCAD,2014-02-25 10:00:00+00:00,short,3,-1.0397522640061394,8,SL,fx_cross
AUDCAD,2014-02-26 06:00:00+00:00,short,3,2.424717848016145,2,TP,fx_cross
NZDUSD,2014-02-27 06:00:00+00:00,short,4,-1.028211225105613,2,SL,fx_major
ES,2014-02-27 07:00:00+00:00,long,2,2.4821963636363638,7,TP,indices
AUDUSD,2014-02-27 14:00:00+00:00,short,4,-1.0643324695317529,2,SL,fx_major
EURUSD,2014-02-28 10:00:00+00:00,short,3,-1.0502929061784896,0,SAME_BAR_SL,fx_major
EURAUD,2014-02-28 14:00:00+00:00,short,3,-1.0532110209102092,1,SL,fx_cross
GBPAUD,2014-02-28 14:00:00+00:00,short,4,-1.0433656505576208,2,SL,fx_cross
NZDCHF,2014-03-02 22:00:00+00:00,long,1,2.4533685116015866,8,TP,fx_cross
YM,2014-03-03 15:00:00+00:00,long,2,2.480712509363296,3,TP,indices
EURCHF,2014-03-04 14:00:00+00:00,short,4,-1.2266186046511827,1,SL,fx_cross
AUDCHF,2014-03-04 22:00:00+00:00,short,4,-1.0254020585726467,8,SL,fx_cross
CADJPY,2014-03-06 10:00:00+00:00,short,4,-1.051212850146914,1,SL,fx_cross
AUDJPY,2014-03-06 10:00:00+00:00,short,3,-1.0450991349480967,0,SAME_BAR_SL,fx_cross
GBPNZD,2014-03-06 10:00:00+00:00,long,2,-1.028706697867915,16,SL,fx_cross
NZDCHF,2014-03-11 05:00:00+00:00,short,4,2.457095141242938,7,TP,fx_cross
AUDNZD,2014-03-11 17:00:00+00:00,long,2,-1.0470464393338603,3,SL,fx_cross
GBPNZD,2014-03-12 13:00:00+00:00,long,1,-1.0360158768626162,1,SL,fx_cross
CL,2014-03-12 14:00:00+00:00,long,2,2.4898131596091204,41,TP,commodities
EURNZD,2014-03-12 17:00:00+00:00,long,2,-1.0754546353522825,0,SAME_BAR_SL,fx_cross
GBPAUD,2014-03-16 21:00:00+00:00,short,4,2.406402784810131,1,TP,fx_cross
EURAUD,2014-03-18 13:00:00+00:00,long,2,2.322847318087285,1,TP,fx_cross
EURAUD,2014-03-20 09:00:00+00:00,long,1,-1.0630697935103244,1,SL,fx_cross
EURAUD,2014-03-21 01:00:00+00:00,long,2,-1.1771526819127154,1,SL,fx_cross
AUDCHF,2014-03-21 05:00:00+00:00,short,3,-1.062673854748601,2,SL,fx_cross
YM,2014-03-21 14:00:00+00:00,short,3,2.475862857142857,1,TP,indices
EURAUD,2014-03-24 05:00:00+00:00,long,1,-1.0317278032420345,1,SL,fx_cross
EURAUD,2014-03-25 13:00:00+00:00,long,2,-1.0194000551597335,4,SL,fx_cross
NZDCHF,2014-03-25 13:00:00+00:00,short,3,-1.0277292508995748,4,SL,fx_cross
AUDCHF,2014-03-26 01:00:00+00:00,short,3,-1.0178672113118619,2,SL,fx_cross
EURCHF,2014-03-26 05:00:00+00:00,short,3,2.399848485735169,8,TP,fx_cross
YM,2014-03-26 10:00:00+00:00,short,3,2.475862857142857,1,TP,indices
EURGBP,2014-03-27 09:00:00+00:00,long,2,-1.1131009245742016,0,SAME_BAR_SL,fx_cross
NQ,2014-04-01 10:00:00+00:00,short,3,-1.0072740973312402,3,SL,indices
EURJPY,2014-04-01 17:00:00+00:00,short,4,-1.0403126686807656,3,SL,fx_cross
GBPNZD,2014-04-01 21:00:00+00:00,short,3,-1.102509235880399,0,SAME_BAR_SL,fx_cross
CHFJPY,2014-04-02 05:00:00+00:00,short,3,2.433171440162275,2,TP,fx_cross
NZDCAD,2014-04-02 05:00:00+00:00,long,2,-1.0333911237016065,1,SL,fx_cross
USDCHF,2014-04-02 13:00:00+00:00,short,3,-1.0509726423807075,6,SL,fx_major
USDCAD,2014-04-03 01:00:00+00:00,long,2,-1.081791915175609,8,SL,fx_major
GBPCAD,2014-04-03 09:00:00+00:00,long,2,2.4778728577604845,79,TP,fx_cross
GBPUSD,2014-04-08 09:00:00+00:00,short,3,-1.200635289079193,1,SL,fx_major
EURNZD,2014-04-09 21:00:00+00:00,long,2,-1.1174692592592488,2,SL,fx_cross
USDJPY,2014-04-10 13:00:00+00:00,long,2,-1.0386970652173904,0,SAME_BAR_SL,fx_major
NZDJPY,2014-04-10 21:00:00+00:00,long,2,2.458051409052092,11,TP,fx_cross
EURJPY,2014-04-21 21:00:00+00:00,short,3,-1.0804366734279927,8,SL,fx_cross
AUDUSD,2014-04-23 01:00:00+00:00,long,1,-1.0360829126213595,8,SL,fx_major
NZDUSD,2014-04-23 05:00:00+00:00,long,1,-1.0393553518821614,7,SL,fx_major
AUDJPY,2014-04-24 13:00:00+00:00,long,2,-1.1244507981220526,0,SAME_BAR_SL,fx_cross
AUDUSD,2014-04-28 09:00:00+00:00,long,1,-1.0424694487545936,1,SL,fx_major
AUDUSD,2014-04-30 13:00:00+00:00,short,3,-1.0773516666666711,1,SL,fx_major
GBPNZD,2014-04-30 17:00:00+00:00,long,1,-1.0404751309479905,10,SL,fx_cross
USDCHF,2014-05-02 09:00:00+00:00,short,4,2.446060152671754,2,TP,fx_major
ES,2014-05-02 10:00:00+00:00,short,3,2.485559760479042,19,TP,indices
AUDUSD,2014-05-02 13:00:00+00:00,short,3,-1.1054973983739973,2,SL,fx_major
GBPNZD,2014-05-05 09:00:00+00:00,long,2,-1.0953170441626614,0,SAME_BAR_SL,fx_cross
NZDCAD,2014-05-06 01:00:00+00:00,short,3,-1.1034708527131771,1,SL,fx_cross
EURUSD,2014-05-06 05:00:00+00:00,short,4,-1.0878354002254798,1,SL,fx_major
USDJPY,2014-05-07 13:00:00+00:00,long,1,-1.0415134693877564,36,SL,fx_major
EURGBP,2014-05-08 09:00:00+00:00,short,3,2.4471673497424167,1,TP,fx_cross
NZDCAD,2014-05-08 13:00:00+00:00,long,1,-1.0447188095238105,1,SL,fx_cross
GBPCAD,2014-05-08 13:00:00+00:00,long,2,-1.044759512195123,5,SL,fx_cross
AUDJPY,2014-05-09 01:00:00+00:00,long,1,2.4291025832223734,7,TP,fx_cross
GBPAUD,2014-05-09 09:00:00+00:00,long,2,2.4253738227660424,11,TP,fx_cross
GBPUSD,2014-05-13 05:00:00+00:00,long,2,-1.0716859529233074,1,SL,fx_major
GBPAUD,2014-05-13 09:00:00+00:00,long,2,-1.0746261772339576,4,SL,fx_cross
AUDNZD,2014-05-13 09:00:00+00:00,short,4,-1.0847449720670517,3,SL,fx_cross
EURJPY,2014-05-14 09:00:00+00:00,long,1,-1.1062204347826101,5,SL,fx_cross
EURCAD,2014-05-15 05:00:00+00:00,long,2,-1.0440663141195135,37,SL,fx_cross
CADJPY,2014-05-15 05:00:00+00:00,short,3,2.4182652369852393,2,TP,fx_cross
AUDJPY,2014-05-15 13:00:00+00:00,long,1,-1.0708974167776266,0,SAME_BAR_SL,fx_cross
EURGBP,2014-05-16 09:00:00+00:00,long,1,-1.0459259184700551,11,SL,fx_cross
EURUSD,2014-05-21 09:00:00+00:00,long,2,-1.0653276791808852,2,SL,fx_major
USDJPY,2014-05-22 09:00:00+00:00,long,1,2.44934146167558,42,TP,fx_major
AUDUSD,2014-05-22 17:00:00+00:00,long,2,2.3798138300349225,2,TP,fx_major
AUDUSD,2014-05-23 09:00:00+00:00,long,2,2.3798138300349225,1,TP,fx_major
NQ,2014-05-23 14:00:00+00:00,short,3,-1.029847643312102,1,SL,indices
CADJPY,2014-05-26 21:00:00+00:00,short,3,2.4182652369852393,11,TP,fx_cross
EURNZD,2014-05-28 01:00:00+00:00,short,3,-1.0881302417365564,0,SAME_BAR_SL,fx_cross
EURNZD,2014-05-28 05:00:00+00:00,short,3,-1.1278781169757455,0,SAME_BAR_SL,fx_cross
GBPCHF,2014-05-28 13:00:00+00:00,long,2,-1.0647488948787038,5,SL,fx_cross
EURGBP,2014-05-29 09:00:00+00:00,short,3,2.4051376299376384,11,TP,fx_cross
AUDCHF,2014-06-02 01:00:00+00:00,long,2,2.4676848661800483,20,TP,fx_cross
NZDCAD,2014-06-05 13:00:00+00:00,short,3,-1.082142320441989,4,SL,fx_cross
NZDJPY,2014-06-06 05:00:00+00:00,short,3,-1.0712306122448942,1,SL,fx_cross
NZDCHF,2014-06-10 21:00:00+00:00,short,3,-1.08890043433299,1,SL,fx_cross
AUDUSD,2014-06-11 09:00:00+00:00,short,3,2.4177180922595767,4,TP,fx_major
EURUSD,2014-06-11 13:00:00+00:00,long,2,-1.1153676712328773,5,SL,fx_major
YM,2014-06-15 22:00:00+00:00,long,2,-1.026460198019802,17,SL,indices
EURUSD,2014-06-17 09:00:00+00:00,long,1,2.45272354004363,36,TP,fx_major
ES,2014-06-18 18:00:00+00:00,short,4,-1.0923496296296296,0,SAME_BAR_SL,indices
AUDUSD,2014-06-26 09:00:00+00:00,short,4,-1.0613348225712647,4,SL,fx_major
AUDUSD,2014-06-30 13:00:00+00:00,short,3,-1.1030443750000043,0,SAME_BAR_SL,fx_major
CL,2014-06-30 14:00:00+00:00,long,1,2.4810693785310747,3,TP,commodities
NZDJPY,2014-07-01 01:00:00+00:00,short,3,-1.076206273909716,3,SL,fx_cross
AUDCHF,2014-07-01 13:00:00+00:00,short,4,2.450284575645755,9,TP,fx_cross
CL,2014-07-01 14:00:00+00:00,long,1,-1.0189306214689255,7,SL,commodities
NZDCHF,2014-07-03 09:00:00+00:00,short,3,-1.0887114893616998,13,SL,fx_cross
YM,2014-07-03 10:00:00+00:00,short,4,-1.16928,0,SAME_BAR_SL,indices
AUDJPY,2014-07-08 13:00:00+00:00,long,1,-1.0665615930304881,10,SL,fx_cross
GBPNZD,2014-07-09 09:00:00+00:00,long,2,-1.0636425168276273,18,SL,fx_cross
EURUSD,2014-07-15 13:00:00+00:00,long,2,-1.1711521259842337,0,SAME_BAR_SL,fx_major
GBPJPY,2014-07-17 09:00:00+00:00,long,1,-1.0576720284697496,1,SL,fx_cross
EURCHF,2014-07-17 13:00:00+00:00,long,2,-1.2259916279069967,0,SAME_BAR_SL,fx_cross
ES,2014-07-17 18:00:00+00:00,long,2,-1.017003537414966,1,SL,indices
EURAUD,2014-07-18 01:00:00+00:00,long,2,-1.0380701222953892,2,SL,fx_cross
GBPUSD,2014-07-18 01:00:00+00:00,long,2,-1.075664436536175,2,SL,fx_major
GBPAUD,2014-07-18 05:00:00+00:00,long,2,-1.0638039725171782,1,SL,fx_cross
GBPCAD,2014-07-18 09:00:00+00:00,long,2,-1.0547044776119419,18,SL,fx_cross
EURJPY,2014-07-18 13:00:00+00:00,long,2,-1.0777604868154256,12,SL,fx_cross
EURCAD,2014-07-22 09:00:00+00:00,long,2,-1.1031753689567316,1,SL,fx_cross
GBPUSD,2014-07-23 09:00:00+00:00,long,2,-1.0863520507016735,6,SL,fx_major
NZDCHF,2014-07-23 17:00:00+00:00,short,3,2.4512128745837933,1,TP,fx_cross
AUDCAD,2014-07-25 13:00:00+00:00,short,3,-1.1177951602895355,12,SL,fx_cross
NZDCAD,2014-07-29 05:00:00+00:00,long,2,2.426743482587066,7,TP,fx_cross
YM,2014-07-29 06:00:00+00:00,long,1,-1.012372356979405,8,SL,indices
AUDCAD,2014-07-30 17:00:00+00:00,short,3,2.409325441527448,4,TP,fx_cross
EURCAD,2014-07-31 17:00:00+00:00,short,3,-1.0483313778829115,3,SL,fx_cross
ES,2014-08-01 06:00:00+00:00,long,2,-1.022986168224299,0,SAME_BAR_SL,indices
GBPJPY,2014-08-01 09:00:00+00:00,long,2,-1.0558335483870935,1,SL,fx_cross
AUDCAD,2014-08-04 01:00:00+00:00,short,3,-1.0906745584725523,6,SL,fx_cross
CADCHF,2014-08-05 09:00:00+00:00,long,1,-1.066443081312409,1,SL,fx_cross
GBPNZD,2014-08-05 13:00:00+00:00,short,4,-1.0413960722936462,0,SAME_BAR_SL,fx_cross
NZDUSD,2014-08-05 21:00:00+00:00,long,1,-1.0405244215938332,25,SL,fx_major
CADCHF,2014-08-06 13:00:00+00:00,long,2,-1.0359169135802466,11,SL,fx_cross
GBPJPY,2014-08-08 01:00:00+00:00,long,1,2.4333677994428986,15,TP,fx_cross
EURCAD,2014-08-08 09:00:00+00:00,short,3,-1.0654487435181506,0,SAME_BAR_SL,fx_cross
NZDCAD,2014-08-11 13:00:00+00:00,long,2,-1.056221324647123,3,SL,fx_cross
CADCHF,2014-08-12 17:00:00+00:00,short,3,-1.0649357541899456,3,SL,fx_cross
NZDCAD,2014-08-14 01:00:00+00:00,long,2,-1.0715472563925352,9,SL,fx_cross
EURJPY,2014-08-14 05:00:00+00:00,long,1,2.429435874769798,7,TP,fx_cross
AUDNZD,2014-08-14 09:00:00+00:00,long,2,-1.105133641816619,0,SAME_BAR_SL,fx_cross
CADCHF,2014-08-15 09:00:00+00:00,short,3,-1.0491820295983096,13,SL,fx_cross
EURJPY,2014-08-15 13:00:00+00:00,long,1,2.429435874769798,19,TP,fx_cross
CL,2014-08-17 22:00:00+00:00,long,2,-1.0141124423963133,0,SAME_BAR_SL,commodities
NZDUSD,2014-08-18 21:00:00+00:00,long,2,-1.0638729411764722,6,SL,fx_major
USDCHF,2014-08-19 05:00:00+00:00,short,3,-1.0747630905077323,2,SL,fx_major
YM,2014-08-19 06:00:00+00:00,short,4,-1.0134089552238805,9,SL,indices
ES,2014-08-19 10:00:00+00:00,short,3,-1.022557142857143,7,SL,indices
USDJPY,2014-08-19 17:00:00+00:00,short,3,-1.079820941828257,2,SL,fx_major
AUDJPY,2014-08-20 17:00:00+00:00,short,3,-1.09093796124684,5,SL,fx_cross
GBPCHF,2014-09-01 01:00:00+00:00,short,4,2.475689847730184,31,TP,fx_cross
GBPAUD,2014-09-02 09:00:00+00:00,long,1,-1.1507971558245031,0,SAME_BAR_SL,fx_cross
NZDUSD,2014-09-02 09:00:00+00:00,long,2,-1.0861098154981623,1,SL,fx_major
USDJPY,2014-09-03 09:00:00+00:00,short,3,-1.0502050511945382,7,SL,fx_major
NZDUSD,2014-09-03 09:00:00+00:00,long,1,-1.0313242232683262,9,SL,fx_major
GBPJPY,2014-09-05 09:00:00+00:00,long,1,-1.0668076880222879,3,SL,fx_cross
GBPNZD,2014-09-08 05:00:00+00:00,long,1,-1.0801458702064897,1,SL,fx_cross
NQ,2014-09-11 18:00:00+00:00,short,3,2.474108514851485,7,TP,indices
CADCHF,2014-09-12 13:00:00+00:00,long,2,-1.0589580024968817,1,SL,fx_cross
USDCAD,2014-09-16 13:00:00+00:00,long,1,-1.0677569128996667,4,SL,fx_major
CADCHF,2014-09-18 09:00:00+00:00,short,3,-1.070808934911244,6,SL,fx_cross
NQ,2014-09-18 14:00:00+00:00,short,3,-1.0368608450704226,1,SL,indices
AUDNZD,2014-09-19 13:00:00+00:00,long,1,-1.077823362831851,2,SL,fx_cross
ES,2014-09-23 06:00:00+00:00,long,1,-1.014313220338983,14,SL,indices
CHFJPY,2014-09-24 13:00:00+00:00,long,2,-1.0301980524344565,23,SL,fx_cross
EURNZD,2014-09-25 13:00:00+00:00,short,3,-1.1037028439838823,3,SL,fx_cross
EURUSD,2014-10-02 13:00:00+00:00,short,4,2.430339735164299,5,TP,fx_major
USDJPY,2014-10-03 09:00:00+00:00,short,4,2.46887569979716,12,TP,fx_major
AUDUSD,2014-10-03 09:00:00+00:00,long,1,-1.0364470658237277,0,SAME_BAR_SL,fx_major
NQ,2014-10-06 06:00:00+00:00,short,3,2.491124673539519,14,TP,indices
AUDUSD,2014-10-06 17:00:00+00:00,short,4,-1.0369095495495502,4,SL,fx_major
CADCHF,2014-10-15 05:00:00+00:00,long,2,-1.0569459505129761,0,SAME_BAR_SL,fx_cross
CADCHF,2014-10-15 13:00:00+00:00,long,1,-1.0454879533300918,5,SL,fx_cross
EURCHF,2014-10-15 13:00:00+00:00,long,1,-1.1124300166389545,84,SL,fx_cross
CHFJPY,2014-10-16 05:00:00+00:00,long,1,-1.035222306830907,1,SL,fx_cross
NQ,2014-10-17 10:00:00+00:00,short,4,-1.0189746303501945,1,SL,indices
GBPJPY,2014-10-17 17:00:00+00:00,short,3,-1.0421411023622036,1,SL,fx_cross
USDJPY,2014-10-19 21:00:00+00:00,short,3,-1.034846178861789,20,SL,fx_major
CL,2014-10-20 14:00:00+00:00,long,2,-1.003528249660787,61,SL,commodities
NQ,2014-10-20 18:00:00+00:00,short,3,-1.0063369884169884,4,SL,indices
ES,2014-10-20 18:00:00+00:00,short,3,-1.0106826431718061,4,SL,indices
GBPUSD,2014-10-21 01:00:00+00:00,short,3,2.460637862728064,7,TP,fx_major
YM,2014-10-21 10:00:00+00:00,short,3,-1.0124671090047392,2,SL,indices
GBPCAD,2014-10-22 05:00:00+00:00,long,2,-1.0652381888745148,2,SL,fx_cross
GBPJPY,2014-10-22 13:00:00+00:00,short,3,-1.0696549494949512,5,SL,fx_cross
AUDNZD,2014-10-22 21:00:00+00:00,short,3,-1.051021687141685,0,SAME_BAR_SL,fx_cross
NQ,2014-10-28 14:00:00+00:00,short,3,-1.024060460829493,1,SL,indices
NZDUSD,2014-10-29 13:00:00+00:00,short,3,2.4487946788990818,1,TP,fx_major
USDJPY,2014-10-30 09:00:00+00:00,short,4,2.4255227250608224,1,TP,fx_major
CADJPY,2014-10-30 09:00:00+00:00,short,4,-1.0500450595783655,2,SL,fx_cross
AUDCAD,2014-10-30 13:00:00+00:00,short,4,-1.0328383867141155,5,SL,fx_cross
NQ,2014-10-30 14:00:00+00:00,short,3,-1.0368585915492958,0,SAME_BAR_SL,indices
GBPNZD,2014-10-31 05:00:00+00:00,long,2,2.456960787580462,1,TP,fx_cross
CADCHF,2014-10-31 05:00:00+00:00,short,3,-1.0489766785896761,0,SAME_BAR_SL,fx_cross
EURJPY,2014-10-31 05:00:00+00:00,short,3,-1.042654553376906,1,SL,fx_cross
GBPNZD,2014-11-12 06:00:00+00:00,long,1,-1.02192539160704,1,SL,fx_cross
EURAUD,2014-11-12 06:00:00+00:00,long,1,-1.0488148689823291,2,SL,fx_cross
GBPCHF,2014-11-12 10:00:00+00:00,long,2,-1.0716046920821098,5,SL,fx_cross
NZDCAD,2014-11-13 10:00:00+00:00,short,3,-1.0453151898734174,1,SL,fx_cross
USDCAD,2014-11-13 14:00:00+00:00,short,3,2.4592361587708074,7,TP,fx_major
EURCAD,2014-11-14 10:00:00+00:00,long,1,-1.039881837455831,11,SL,fx_cross
GBPAUD,2014-11-14 14:00:00+00:00,long,1,-1.132131668856773,0,SAME_BAR_SL,fx_cross
NZDUSD,2014-11-17 02:00:00+00:00,short,3,2.4487946788990818,1,TP,fx_major
GBPCHF,2014-11-18 06:00:00+00:00,long,2,-1.0858712334352711,1,SL,fx_cross
NZDUSD,2014-11-18 18:00:00+00:00,short,3,2.476510190274842,9,TP,fx_major
AUDNZD,2014-11-19 18:00:00+00:00,long,2,-1.0609851689860823,23,SL,fx_cross
NZDUSD,2014-11-21 10:00:00+00:00,short,3,2.476510190274842,10,TP,fx_major
AUDCHF,2014-11-21 10:00:00+00:00,short,4,-1.0303199225056507,0,SAME_BAR_SL,fx_cross
USDCAD,2014-11-21 10:00:00+00:00,long,2,2.470351478507324,25,TP,fx_major
EURAUD,2014-11-25 06:00:00+00:00,short,4,-1.0641201103665778,0,SAME_BAR_SL,fx_cross
AUDCHF,2014-11-25 06:00:00+00:00,long,1,-1.0680659030837028,0,SAME_BAR_SL,fx_cross
GBPCAD,2014-11-26 10:00:00+00:00,short,3,-1.0506045167853508,7,SL,fx_cross
USDCAD,2014-11-28 10:00:00+00:00,short,4,-1.046616734693877,3,SL,fx_major
EURJPY,2014-12-01 02:00:00+00:00,short,4,-1.0397358389261764,20,SL,fx_cross
CHFJPY,2014-12-01 10:00:00+00:00,short,4,-1.0447803124999984,18,SL,fx_cross
USDCAD,2014-12-04 10:00:00+00:00,short,4,-1.0291921173235552,6,SL,fx_major
NQ,2014-12-04 15:00:00+00:00,short,3,2.4883968134171908,17,TP,indices
ES,2014-12-09 11:00:00+00:00,long,2,-1.0152111627906977,1,SL,indices
GBPCAD,2014-12-10 14:00:00+00:00,short,3,-1.0665507540335828,6,SL,fx_cross
GBPNZD,2014-12-10 18:00:00+00:00,short,3,2.44862431302001,1,TP,fx_cross
GBPCHF,2014-12-15 14:00:00+00:00,long,2,-1.0494479018118068,0,SAME_BAR_SL,fx_cross
GBPJPY,2014-12-16 18:00:00+00:00,long,2,-1.0107774161073826,75,SL,fx_cross
NQ,2014-12-18 07:00:00+00:00,short,3,-1.0157960233918129,2,SL,indices
EURUSD,2014-12-18 10:00:00+00:00,long,2,-1.0498304603117072,7,SL,fx_major
NZDCAD,2014-12-26 10:00:00+00:00,short,3,-1.0418606398005816,2,SL,fx_cross
EURGBP,2014-12-26 10:00:00+00:00,long,2,-1.0796002903811235,11,SL,fx_cross
EURAUD,2014-12-30 06:00:00+00:00,long,2,-1.0304042135957723,4,SL,fx_cross
AUDCHF,2014-12-30 06:00:00+00:00,short,3,-1.0272443292131443,4,SL,fx_cross
AUDCAD,2014-12-31 14:00:00+00:00,long,2,2.4309636955107345,6,TP,fx_cross
NZDUSD,2015-01-05 02:00:00+00:00,long,2,2.470235434933889,6,TP,fx_major
EURCHF,2015-01-06 18:00:00+00:00,long,1,-1.201723418290809,39,SL,fx_cross
CADCHF,2015-01-06 22:00:00+00:00,short,3,-1.036834096848578,3,SL,fx_cross
EURCAD,2015-01-06 22:00:00+00:00,long,2,-1.035807613843353,3,SL,fx_cross
GBPNZD,2015-01-12 02:00:00+00:00,long,2,2.457518490269314,1,TP,fx_cross
GBPCHF,2015-01-13 14:00:00+00:00,short,3,-1.0339091392801245,8,SL,fx_cross
EURJPY,2015-01-14 06:00:00+00:00,long,1,-1.047173496332516,0,SAME_BAR_SL,fx_cross
CADJPY,2015-01-14 06:00:00+00:00,long,1,-1.0394080808080801,1,SL,fx_cross
CHFJPY,2015-01-14 06:00:00+00:00,long,1,2.455416824512536,3,TP,fx_cross
EURCAD,2015-01-15 06:00:00+00:00,long,2,-1.036445791058604,0,SAME_BAR_SL,fx_cross
USDCHF,2015-01-15 10:00:00+00:00,long,2,-1.0431188613257438,0,SAME_BAR_SL,fx_major
USDJPY,2015-01-20 06:00:00+00:00,short,3,2.4671970722057366,52,TP,fx_major
GBPJPY,2015-01-20 06:00:00+00:00,short,3,-1.0653573958333358,1,SL,fx_cross
GBPCAD,2015-01-20 10:00:00+00:00,short,3,-1.0413130878186971,1,SL,fx_cross
ES,2015-01-20 19:00:00+00:00,short,3,-1.0164565605095541,5,SL,indices
NQ,2015-01-20 19:00:00+00:00,short,3,-1.0173143973941368,0,SAME_BAR_SL,indices
GBPAUD,2015-01-22 18:00:00+00:00,short,4,-1.0482203592814379,0,SAME_BAR_SL,fx_cross
GBPJPY,2015-01-22 22:00:00+00:00,short,4,2.4686523038292534,3,TP,fx_cross
CL,2015-01-25 23:00:00+00:00,long,2,-1.0038162334217506,22,SL,commodities
NZDCAD,2015-01-26 10:00:00+00:00,long,2,-1.0245199810964087,1,SL,fx_cross
GBPJPY,2015-01-26 14:00:00+00:00,short,4,-1.0313476961707466,6,SL,fx_cross
GBPNZD,2015-01-28 18:00:00+00:00,short,3,-1.024958596491228,0,SAME_BAR_SL,fx_cross
GBPJPY,2015-01-29 02:00:00+00:00,short,3,2.4708695692665885,9,TP,fx_cross
EURAUD,2015-01-29 06:00:00+00:00,short,4,-1.0426754852320679,1,SL,fx_cross
GBPUSD,2015-02-05 10:00:00+00:00,short,4,-1.0399130240149204,2,SL,fx_major
EURAUD,2015-02-06 10:00:00+00:00,long,1,-1.0349979535683569,1,SL,fx_cross
NQ,2015-02-10 11:00:00+00:00,short,3,-1.010205112781955,2,SL,indices
GBPUSD,2015-02-12 10:00:00+00:00,short,3,-1.1993684749709406,0,SAME_BAR_SL,fx_major
NQ,2015-02-12 15:00:00+00:00,short,3,-1.0224673684210526,3,SL,indices
NZDCHF,2015-02-24 22:00:00+00:00,short,3,-1.0357656504246766,1,SL,fx_cross
NZDCAD,2015-02-26 10:00:00+00:00,short,3,-1.0338637927726264,23,SL,fx_cross
USDCAD,2015-03-04 06:00:00+00:00,short,4,-1.0617438871749696,2,SL,fx_major
GBPUSD,2015-03-05 06:00:00+00:00,long,2,-1.056444074074069,6,SL,fx_major
USDCAD,2015-03-05 14:00:00+00:00,short,3,-1.0265504194344286,5,SL,fx_major
CADJPY,2015-03-06 18:00:00+00:00,long,2,-1.0252197554092195,17,SL,fx_cross
NZDUSD,2015-03-13 13:00:00+00:00,long,1,2.482174733637747,19,TP,fx_major
GBPAUD,2015-03-13 13:00:00+00:00,long,1,-1.028777968541722,18,SL,fx_cross
AUDUSD,2015-03-17 13:00:00+00:00,long,2,2.4810145154822902,7,TP,fx_major
AUDCHF,2015-03-18 13:00:00+00:00,long,2,-1.025825632949727,1,SL,fx_cross
EURNZD,2015-03-18 17:00:00+00:00,short,4,2.472746107784432,2,TP,fx_cross
GBPUSD,2015-03-18 17:00:00+00:00,short,4,-1.0329498787641755,0,SAME_BAR_SL,fx_major
NQ,2015-03-20 10:00:00+00:00,short,3,-1.01689353115727,1,SL,indices
YM,2015-03-25 18:00:00+00:00,long,2,-1.0178402523659307,3,SL,indices
ES,2015-03-25 18:00:00+00:00,long,2,-1.017935238095238,3,SL,indices
GBPUSD,2015-03-31 13:00:00+00:00,short,3,-1.0218503035878563,18,SL,fx_major
AUDUSD,2015-04-06 17:00:00+00:00,long,1,-1.0695305882352977,0,SAME_BAR_SL,fx_major
USDJPY,2015-04-06 17:00:00+00:00,short,4,-1.036766366630078,4,SL,fx_major
GBPUSD,2015-04-07 09:00:00+00:00,short,4,-1.0411593776241046,6,SL,fx_major
AUDUSD,2015-04-13 01:00:00+00:00,long,2,-1.0567254969980018,1,SL,fx_major
AUDJPY,2015-04-14 05:00:00+00:00,long,2,-1.047456470588234,0,SAME_BAR_SL,fx_cross
AUDCAD,2015-04-15 13:00:00+00:00,long,1,-1.0432806538618702,0,SAME_BAR_SL,fx_cross
NZDCHF,2015-04-16 05:00:00+00:00,short,4,-1.0241814302461907,25,SL,fx_cross
YM,2015-04-16 14:00:00+00:00,short,3,2.4690472727272725,5,TP,indices
YM,2015-04-20 14:00:00+00:00,short,4,-1.0211635294117647,4,SL,indices
AUDCHF,2015-04-22 05:00:00+00:00,short,3,-1.017462662746745,1,SL,fx_cross
YM,2015-04-22 18:00:00+00:00,short,3,-1.0114556175298806,16,SL,indices
AUDCAD,2015-04-22 21:00:00+00:00,long,2,-1.0577988894937427,3,SL,fx_cross
EURCAD,2015-04-23 05:00:00+00:00,long,2,2.465570905678085,8,TP,fx_cross
NZDCAD,2015-04-23 13:00:00+00:00,long,2,-1.0318661970960763,4,SL,fx_cross
CADJPY,2015-04-23 13:00:00+00:00,short,3,-1.021174704528012,23,SL,fx_cross
AUDUSD,2015-04-28 09:00:00+00:00,short,3,-1.0141568248928405,7,SL,fx_major
GBPJPY,2015-04-29 05:00:00+00:00,short,3,-1.0303064855286477,2,SL,fx_cross
NZDCAD,2015-04-29 09:00:00+00:00,long,2,-1.0469085636610778,3,SL,fx_cross
USDCAD,2015-04-29 13:00:00+00:00,long,1,-1.0621114960629876,0,SAME_BAR_SL,fx_major
YM,2015-04-29 14:00:00+00:00,short,4,-1.009784804088586,41,SL,indices
GBPNZD,2015-04-29 21:00:00+00:00,short,3,-1.0254915258824866,0,SAME_BAR_SL,fx_cross
CADCHF,2015-04-30 05:00:00+00:00,long,1,-1.046732254954472,0,SAME_BAR_SL,fx_cross
EURNZD,2015-04-30 05:00:00+00:00,short,4,-1.027526218655967,5,SL,fx_cross
GBPCHF,2015-05-01 05:00:00+00:00,long,1,-1.0247721572268649,1,SL,fx_cross
GBPJPY,2015-05-04 17:00:00+00:00,long,1,2.4738454348944927,19,TP,fx_cross
AUDCAD,2015-05-05 01:00:00+00:00,long,2,2.460722966258807,1,TP,fx_cross
AUDJPY,2015-05-05 13:00:00+00:00,short,4,-1.085228242811497,3,SL,fx_cross
GBPUSD,2015-05-07 21:00:00+00:00,short,3,-1.0243465012686777,1,SL,fx_major
CADJPY,2015-05-08 01:00:00+00:00,short,4,-1.048401884816751,2,SL,fx_cross
USDCHF,2015-05-11 21:00:00+00:00,short,3,2.482133765347885,10,TP,fx_major
EURCAD,2015-05-12 13:00:00+00:00,long,1,-1.0448048090020698,0,SAME_BAR_SL,fx_cross
YM,2015-05-12 14:00:00+00:00,short,4,-1.0356266666666667,2,SL,indices
GBPJPY,2015-05-13 21:00:00+00:00,short,4,-1.0234318680338832,32,SL,fx_cross
NQ,2015-05-14 14:00:00+00:00,short,4,-1.0276390338164252,0,SAME_BAR_SL,indices
GBPAUD,2015-05-15 09:00:00+00:00,short,3,2.4466792343106385,11,TP,fx_cross
AUDCHF,2015-05-19 05:00:00+00:00,short,3,2.4834882189607295,42,TP,fx_cross
EURAUD,2015-05-19 05:00:00+00:00,long,1,2.485238048321895,49,TP,fx_cross
USDCHF,2015-05-19 05:00:00+00:00,short,3,-1.0178662346521148,20,SL,fx_major
EURUSD,2015-05-19 09:00:00+00:00,long,2,-1.019994263715111,19,SL,fx_major
AUDUSD,2015-05-22 09:00:00+00:00,long,2,-1.0140112464137714,12,SL,fx_major
CL,2015-05-26 06:00:00+00:00,long,2,-1.0144048484848482,1,SL,commodities
EURNZD,2015-05-29 01:00:00+00:00,short,4,-1.0301255797610682,1,SL,fx_cross
NZDJPY,2015-05-29 05:00:00+00:00,long,2,-1.0181903696891668,52,SL,fx_cross
AUDCAD,2015-05-29 17:00:00+00:00,long,2,2.463795344418052,9,TP,fx_cross
NQ,2015-06-01 10:00:00+00:00,short,3,-1.0239047933884298,0,SAME_BAR_SL,indices
NQ,2015-06-02 10:00:00+00:00,short,3,-1.019483367003367,6,SL,indices
CL,2015-06-03 10:00:00+00:00,short,4,-1.017374285714286,1,SL,commodities
EURCAD,2015-06-03 13:00:00+00:00,short,4,-1.0585443705640663,0,SAME_BAR_SL,fx_cross
AUDUSD,2015-06-04 13:00:00+00:00,long,1,-1.0410238018103852,5,SL,fx_major
CL,2015-06-05 10:00:00+00:00,long,2,2.494724149855908,12,TP,commodities
GBPUSD,2015-06-09 13:00:00+00:00,short,3,-1.0452146564885467,0,SAME_BAR_SL,fx_major
NQ,2015-06-09 14:00:00+00:00,long,2,2.4871223798627002,6,TP,indices
CL,2015-06-10 18:00:00+00:00,short,3,2.4948858638743454,73,TP,commodities
AUDUSD,2015-06-11 09:00:00+00:00,long,1,-1.014684900323735,69,SL,fx_major
ES,2015-06-12 14:00:00+00:00,long,1,-1.0165392592592593,2,SL,indices
EURNZD,2015-06-15 13:00:00+00:00,short,3,-1.022533973973974,4,SL,fx_cross
EURGBP,2015-06-17 05:00:00+00:00,long,2,-1.0351872392638033,12,SL,fx_cross
CHFJPY,2015-06-19 17:00:00+00:00,short,4,-1.0487615625000017,3,SL,fx_cross
EURAUD,2015-06-22 09:00:00+00:00,short,3,-1.0643091951315309,1,SL,fx_cross
USDCAD,2015-06-22 09:00:00+00:00,long,1,2.4242557435047023,1,TP,fx_major
AUDNZD,2015-06-23 05:00:00+00:00,short,3,2.452853940978706,8,TP,fx_cross
YM,2015-06-25 10:00:00+00:00,long,2,-1.051197142857143,0,SAME_BAR_SL,indices
NZDJPY,2015-06-25 21:00:00+00:00,long,1,-1.0495701977107172,2,SL,fx_cross
USDCHF,2015-06-26 13:00:00+00:00,short,3,-1.0189782621288925,17,SL,fx_major
YM,2015-06-26 14:00:00+00:00,long,2,-1.0363189808917197,2,SL,indices
EURJPY,2015-06-28 21:00:00+00:00,long,1,-1.0440206451612934,0,SAME_BAR_SL,fx_cross
EURCAD,2015-06-28 21:00:00+00:00,long,2,-1.0457639618138435,0,SAME_BAR_SL,fx_cross
AUDUSD,2015-06-29 05:00:00+00:00,long,2,-1.0123859965337956,23,SL,fx_major
EURGBP,2015-06-29 17:00:00+00:00,short,4,2.4500770628500312,2,TP,fx_cross
AUDNZD,2015-06-30 01:00:00+00:00,short,3,-1.055708019408911,1,SL,fx_cross
AUDCHF,2015-07-01 01:00:00+00:00,short,4,-1.0803463753723948,1,SL,fx_cross
EURJPY,2015-07-05 21:00:00+00:00,long,2,-1.0513360969044419,0,SAME_BAR_SL,fx_cross
GBPCHF,2015-07-06 09:00:00+00:00,short,4,2.443118729720399,8,TP,fx_cross
AUDJPY,2015-07-07 09:00:00+00:00,long,1,-1.0599797289334119,1,SL,fx_cross
EURGBP,2015-07-08 05:00:00+00:00,short,4,-1.0499229371499688,1,SL,fx_cross
GBPCAD,2015-07-09 09:00:00+00:00,long,2,2.4656632505501417,6,TP,fx_cross
GBPCHF,2015-07-10 05:00:00+00:00,long,2,-1.0707232319721904,0,SAME_BAR_SL,fx_cross
GBPUSD,2015-07-14 09:00:00+00:00,short,4,-1.0895841970241098,0,SAME_BAR_SL,fx_major
GBPCHF,2015-07-14 09:00:00+00:00,short,3,-1.0338090804597706,2,SL,fx_cross
NQ,2015-07-14 10:00:00+00:00,short,4,-1.017616636085627,1,SL,indices
USDJPY,2015-07-15 09:00:00+00:00,short,3,-1.0713204938271619,6,SL,fx_major
EURCAD,2015-07-15 13:00:00+00:00,short,3,-1.0452090950744564,0,SAME_BAR_SL,fx_cross
YM,2015-07-16 02:00:00+00:00,short,3,2.480220273972603,21,TP,indices
EURNZD,2015-07-21 01:00:00+00:00,long,2,2.4629480209592898,7,TP,fx_cross
NZDCHF,2015-07-23 05:00:00+00:00,short,3,-1.0207779198140616,18,SL,fx_cross
NZDJPY,2015-07-23 05:00:00+00:00,short,4,2.4773986901270777,9,TP,fx_cross
EURJPY,2015-07-29 21:00:00+00:00,long,1,-1.0616199352750815,4,SL,fx_cross
AUDCHF,2015-07-31 05:00:00+00:00,long,1,-1.0240736480686692,1,SL,fx_cross
GBPCHF,2015-07-31 13:00:00+00:00,short,4,-1.0975644803695161,1,SL,fx_cross
EURUSD,2015-08-03 09:00:00+00:00,long,1,-1.0474502476780176,8,SL,fx_major
EURJPY,2015-08-03 13:00:00+00:00,long,2,-1.0438400000000032,7,SL,fx_cross
EURNZD,2015-08-03 21:00:00+00:00,short,3,-1.0146808636256572,32,SL,fx_cross
AUDCHF,2015-08-04 01:00:00+00:00,short,3,-1.0561998866855553,0,SAME_BAR_SL,fx_cross
AUDCHF,2015-08-04 13:00:00+00:00,short,4,-1.0583344138929127,0,SAME_BAR_SL,fx_cross
CADCHF,2015-08-06 05:00:00+00:00,short,3,-1.0265941183959255,7,SL,fx_cross
USDCHF,2015-08-06 05:00:00+00:00,short,3,-1.0291194072505958,7,SL,fx_major
CADCHF,2015-08-10 09:00:00+00:00,short,3,-1.0527560932577174,0,SAME_BAR_SL,fx_cross
AUDCHF,2015-08-10 13:00:00+00:00,short,4,-1.0589158900144682,0,SAME_BAR_SL,fx_cross
NZDCHF,2015-08-10 13:00:00+00:00,short,4,2.462824241185488,4,TP,fx_cross
GBPJPY,2015-08-11 05:00:00+00:00,short,3,2.452280944881886,43,TP,fx_cross
EURAUD,2015-08-11 05:00:00+00:00,short,4,-1.0433009518909193,1,SL,fx_cross
CL,2015-08-11 10:00:00+00:00,long,1,-1.0058221487603305,0,SAME_BAR_SL,commodities
USDJPY,2015-08-12 09:00:00+00:00,long,1,-1.056846873977085,32,SL,fx_major
EURCAD,2015-08-13 13:00:00+00:00,short,3,-1.0542789606928675,5,SL,fx_cross
EURCAD,2015-08-16 21:00:00+00:00,short,4,-1.027503303526236,20,SL,fx_cross
GBPCAD,2015-08-17 05:00:00+00:00,short,3,2.4526656026326648,2,TP,fx_cross
EURAUD,2015-08-18 05:00:00+00:00,short,3,-1.0528146387238015,8,SL,fx_cross
EURGBP,2015-08-18 09:00:00+00:00,long,1,2.473489633859591,12,TP,fx_cross
EURJPY,2015-08-20 09:00:00+00:00,short,4,-1.0380711984282898,8,SL,fx_cross
EURGBP,2015-08-21 01:00:00+00:00,short,4,-1.0325162459546933,2,SL,fx_cross
AUDCHF,2015-08-21 01:00:00+00:00,long,2,-1.0180446874999995,3,SL,fx_cross
GBPCAD,2015-08-21 01:00:00+00:00,short,3,-1.0355134341252714,3,SL,fx_cross
AUDJPY,2015-08-21 13:00:00+00:00,long,2,-1.0276666519823783,1,SL,fx_cross
EURUSD,2015-08-21 13:00:00+00:00,short,4,-1.1054423255814045,0,SAME_BAR_SL,fx_major
NZDCAD,2015-08-24 13:00:00+00:00,long,2,-1.0611240721649502,0,SAME_BAR_SL,fx_cross
EURUSD,2015-08-26 09:00:00+00:00,long,1,-1.0671702159031051,0,SAME_BAR_SL,fx_major
GBPUSD,2015-08-26 13:00:00+00:00,long,2,-1.025027412748774,5,SL,fx_major
EURJPY,2015-08-27 13:00:00+00:00,long,2,2.458709455337691,4,TP,fx_cross
EURJPY,2015-08-28 13:00:00+00:00,long,2,-1.041290544662309,11,SL,fx_cross
GBPUSD,2015-09-01 21:00:00+00:00,long,2,-1.0439414003590664,8,SL,fx_major
CHFJPY,2015-09-02 05:00:00+00:00,long,2,-1.0564231715210335,1,SL,fx_cross
YM,2015-09-09 18:00:00+00:00,long,1,2.4789732793522266,3,TP,indices
GBPAUD,2015-09-09 21:00:00+00:00,short,4,2.479165697851463,15,TP,fx_cross
EURJPY,2015-09-10 01:00:00+00:00,short,4,-1.0373588212180758,5,SL,fx_cross
GBPAUD,2015-09-21 01:00:00+00:00,short,4,-1.061972474437627,1,SL,fx_cross
CHFJPY,2015-09-23 01:00:00+00:00,long,1,2.4419960876897178,3,TP,fx_cross
CADJPY,2015-09-24 09:00:00+00:00,long,1,-1.0214375447570327,0,SAME_BAR_SL,fx_cross
AUDCAD,2015-09-24 09:00:00+00:00,long,2,2.477894128166915,21,TP,fx_cross
GBPUSD,2015-09-25 09:00:00+00:00,long,1,-1.0879738572905908,0,SAME_BAR_SL,fx_major
AUDJPY,2015-09-29 05:00:00+00:00,long,1,2.4789858163726826,6,TP,fx_cross
AUDNZD,2015-09-29 13:00:00+00:00,long,2,-1.031835608493009,17,SL,fx_cross
YM,2015-10-01 02:00:00+00:00,short,4,2.488850706638116,3,TP,indices
USDCHF,2015-10-01 17:00:00+00:00,short,3,-1.0691006060606068,4,SL,fx_major
ES,2015-10-01 22:00:00+00:00,short,3,2.4832642176870747,3,TP,indices
NQ,2015-10-01 22:00:00+00:00,short,3,2.4879638478747204,3,TP,indices
AUDCAD,2015-10-02 13:00:00+00:00,long,2,2.477894128166915,19,TP,fx_cross
ES,2015-10-02 18:00:00+00:00,short,4,-1.018083503649635,2,SL,indices
AUDCHF,2015-10-05 01:00:00+00:00,short,4,-1.0224907930933564,2,SL,fx_cross
GBPUSD,2015-10-05 13:00:00+00:00,long,2,2.4439478639815135,9,TP,fx_major
NZDCAD,2015-10-07 05:00:00+00:00,short,4,-1.0154003577131905,9,SL,fx_cross
USDCHF,2015-10-08 09:00:00+00:00,short,3,2.432749845583693,1,TP,fx_major
EURJPY,2015-10-09 05:00:00+00:00,short,4,2.4852942229078288,73,TP,fx_cross
NZDCAD,2015-10-14 05:00:00+00:00,short,4,-1.0180707652399483,1,SL,fx_cross
EURAUD,2015-10-15 05:00:00+00:00,long,1,-1.018394597336716,32,SL,fx_cross
NZDJPY,2015-10-15 05:00:00+00:00,short,3,-1.0221850862278354,33,SL,fx_cross
EURNZD,2015-10-15 05:00:00+00:00,long,1,-1.0478259017236953,4,SL,fx_cross
NZDCHF,2015-10-15 05:00:00+00:00,short,3,-1.0499806726149623,0,SAME_BAR_SL,fx_cross
GBPJPY,2015-10-15 17:00:00+00:00,short,4,-1.0431584911986573,3,SL,fx_cross
CL,2015-10-20 14:00:00+00:00,long,2,-1.0037567346938776,6,SL,commodities
AUDCHF,2015-10-23 01:00:00+00:00,short,4,-1.0181248529411764,1,SL,fx_cross
USDCHF,2015-10-23 09:00:00+00:00,short,4,-1.071368685415303,0,SAME_BAR_SL,fx_major
USDCHF,2015-10-23 13:00:00+00:00,short,3,-1.0626066552315625,1,SL,fx_major
EURCHF,2015-10-26 13:00:00+00:00,short,4,-1.0273367393748591,24,SL,fx_cross
NZDCAD,2015-10-27 01:00:00+00:00,short,4,-1.0215997051170862,2,SL,fx_cross
GBPUSD,2015-10-27 09:00:00+00:00,long,1,-1.0657252333588374,1,SL,fx_major
GBPUSD,2015-10-28 17:00:00+00:00,long,2,-1.0547079259731937,0,SAME_BAR_SL,fx_major
EURUSD,2015-10-30 13:00:00+00:00,short,3,2.4533765776607757,10,TP,fx_major
GBPJPY,2015-11-02 06:00:00+00:00,short,3,2.4186623950233317,2,TP,fx_cross
GBPAUD,2015-11-05 10:00:00+00:00,long,2,-1.0155713449222319,66,SL,fx_cross
GBPUSD,2015-11-05 10:00:00+00:00,long,2,-1.069965400981996,0,SAME_BAR_SL,fx_major
NZDCAD,2015-11-12 02:00:00+00:00,long,2,-1.024640568239472,17,SL,fx_cross
EURUSD,2015-11-13 14:00:00+00:00,long,2,-1.0619627436823063,2,SL,fx_major
ES,2015-11-13 19:00:00+00:00,long,1,-1.0385146268656715,0,SAME_BAR_SL,indices
YM,2015-11-15 23:00:00+00:00,long,1,-1.0414545454545454,0,SAME_BAR_SL,indices
USDJPY,2015-11-18 14:00:00+00:00,short,3,-1.21478608695652,0,SAME_BAR_SL,fx_major
ES,2015-11-18 19:00:00+00:00,short,3,-1.023677142857143,0,SAME_BAR_SL,indices
YM,2015-11-18 19:00:00+00:00,short,3,-1.0287106598984772,1,SL,indices
NZDCHF,2015-11-18 22:00:00+00:00,short,4,-1.0178283954775078,4,SL,fx_cross
AUDCHF,2015-11-19 06:00:00+00:00,short,3,-1.0392976023110243,2,SL,fx_cross
NZDUSD,2015-11-20 02:00:00+00:00,short,4,2.466444718693286,5,TP,fx_major
EURAUD,2015-11-20 06:00:00+00:00,long,1,-1.0825624254473218,0,SAME_BAR_SL,fx_cross
AUDUSD,2015-11-24 14:00:00+00:00,short,3,-1.0494306772422224,1,SL,fx_major
AUDCHF,2015-11-24 18:00:00+00:00,short,3,-1.0597161794500765,1,SL,fx_cross
NZDCHF,2015-11-25 02:00:00+00:00,short,3,-1.0312775919732449,2,SL,fx_cross
EURUSD,2015-11-29 22:00:00+00:00,long,2,-1.0672139682539679,2,SL,fx_major
AUDUSD,2015-11-30 10:00:00+00:00,short,4,-1.0476105473808153,1,SL,fx_major
NZDUSD,2015-11-30 22:00:00+00:00,short,4,-1.0335552813067144,0,SAME_BAR_SL,fx_major
EURUSD,2015-12-02 10:00:00+00:00,long,1,-1.0992761809045146,1,SL,fx_major
EURCHF,2015-12-02 14:00:00+00:00,long,1,-1.0428692655367247,2,SL,fx_cross
GBPCHF,2015-12-02 14:00:00+00:00,long,1,-1.0237396169215927,0,SAME_BAR_SL,fx_cross
USDJPY,2015-12-03 02:00:00+00:00,short,3,2.4574158323057955,4,TP,fx_major
USDCHF,2015-12-03 18:00:00+00:00,long,1,-1.0336225423728815,0,SAME_BAR_SL,fx_major
GBPCHF,2015-12-03 18:00:00+00:00,long,2,2.4554212052030797,3,TP,fx_cross
GBPNZD,2015-12-07 06:00:00+00:00,short,3,-1.0116176127223424,14,SL,fx_cross
NZDCHF,2015-12-09 02:00:00+00:00,long,2,-1.032856663693132,1,SL,fx_cross
USDJPY,2015-12-09 14:00:00+00:00,long,1,-1.0306432403240327,12,SL,fx_major
AUDCHF,2015-12-09 14:00:00+00:00,long,1,2.4737070102411627,2,TP,fx_cross
AUDNZD,2015-12-09 18:00:00+00:00,long,2,-1.0696394919168672,0,SAME_BAR_SL,fx_cross
AUDJPY,2015-12-13 22:00:00+00:00,long,2,-1.0743707421576054,0,SAME_BAR_SL,fx_cross
ES,2015-12-16 07:00:00+00:00,short,3,-1.0076715789473685,6,SL,indices
GBPCHF,2015-12-16 14:00:00+00:00,long,1,-1.0237145592661603,23,SL,fx_cross
AUDUSD,2015-12-17 14:00:00+00:00,long,2,2.4734418971275884,6,TP,fx_major
AUDCHF,2015-12-20 22:00:00+00:00,long,2,2.474860827281339,33,TP,fx_cross
NQ,2015-12-21 19:00:00+00:00,short,4,-1.0111865134099618,9,SL,indices
ES,2015-12-23 15:00:00+00:00,short,4,-1.0106157085020242,16,SL,indices
NQ,2015-12-28 19:00:00+00:00,short,4,-1.0298834517766497,0,SAME_BAR_SL,indices
GBPAUD,2015-12-29 10:00:00+00:00,long,2,-1.0452568099861266,0,SAME_BAR_SL,fx_cross
YM,2015-12-29 11:00:00+00:00,short,3,2.4936297505668934,18,TP,indices
USDJPY,2016-01-04 02:00:00+00:00,long,2,-1.107820707395496,0,SAME_BAR_SL,fx_major
CHFJPY,2016-01-04 10:00:00+00:00,long,2,-1.113838634812273,0,SAME_BAR_SL,fx_cross
AUDUSD,2016-01-05 14:00:00+00:00,long,2,-1.0241034528472441,4,SL,fx_major
NQ,2016-01-06 07:00:00+00:00,long,2,-1.013085925925926,1,SL,indices
AUDUSD,2016-01-06 22:00:00+00:00,long,2,-1.0398216877210704,3,SL,fx_major
GBPCAD,2016-01-07 06:00:00+00:00,short,4,2.4322506526192558,1,TP,fx_cross
EURUSD,2016-01-07 18:00:00+00:00,short,3,-1.0240023446105433,7,SL,fx_major
EURAUD,2016-01-08 18:00:00+00:00,short,3,-1.0200754439625657,1,SL,fx_cross
YM,2016-01-15 07:00:00+00:00,long,2,-1.0123272901678657,1,SL,indices
NQ,2016-01-15 07:00:00+00:00,long,2,-1.0059164523281596,2,SL,indices
ES,2016-01-15 07:00:00+00:00,long,2,-1.011101198156682,1,SL,indices
EURUSD,2016-01-15 10:00:00+00:00,short,4,2.436128856548862,2,TP,fx_major
AUDJPY,2016-01-19 10:00:00+00:00,short,3,-1.0103933386201427,17,SL,fx_cross
GBPNZD,2016-01-19 18:00:00+00:00,short,4,-1.0195626873466808,1,SL,fx_cross
EURCHF,2016-01-19 22:00:00+00:00,short,3,-1.086551813690896,2,SL,fx_cross
GBPNZD,2016-01-20 06:00:00+00:00,short,3,2.488011551666106,72,TP,fx_cross
YM,2016-01-21 03:00:00+00:00,long,2,2.4964288730385165,132,TP,indices
NZDUSD,2016-01-21 14:00:00+00:00,short,3,-1.0192447439639163,0,SAME_BAR_SL,fx_major
EURUSD,2016-01-21 18:00:00+00:00,short,3,2.4624059432799026,7,TP,fx_major
USDCAD,2016-01-22 14:00:00+00:00,long,2,2.469469889940142,7,TP,fx_major
CL,2016-01-25 19:00:00+00:00,long,1,2.4964188764044946,5,TP,commodities
USDCAD,2016-01-26 14:00:00+00:00,long,2,-1.0305301100598578,0,SAME_BAR_SL,fx_major
NQ,2016-01-27 07:00:00+00:00,long,2,-1.0055634095634096,3,SL,indices
ES,2016-01-27 19:00:00+00:00,long,2,-1.0045607590132828,46,SL,indices
USDJPY,2016-01-29 02:00:00+00:00,short,4,-1.0295804225352114,0,SAME_BAR_SL,fx_major
USDCHF,2016-02-03 10:00:00+00:00,long,1,-1.0557110740559077,1,SL,fx_major
NZDUSD,2016-02-03 14:00:00+00:00,short,4,-1.0140299640763848,1,SL,fx_major
EURUSD,2016-02-03 14:00:00+00:00,short,3,-1.0466234223392243,1,SL,fx_major
GBPJPY,2016-02-08 10:00:00+00:00,long,2,-1.0173144665194995,1,SL,fx_cross
GBPUSD,2016-02-08 10:00:00+00:00,long,2,-1.0190483927307052,37,SL,fx_major
CL,2016-02-09 15:00:00+00:00,long,2,-1.0051037288135594,0,SAME_BAR_SL,commodities
GBPNZD,2016-02-11 10:00:00+00:00,long,2,2.406457443841968,1,TP,fx_cross
AUDUSD,2016-02-17 18:00:00+00:00,short,4,-1.0207329930394438,17,SL,fx_major
AUDNZD,2016-02-18 06:00:00+00:00,long,2,-1.0288031755141072,35,SL,fx_cross
GBPNZD,2016-02-19 10:00:00+00:00,long,2,-1.0238006073752717,5,SL,fx_cross
GBPCAD,2016-02-22 06:00:00+00:00,long,2,-1.0312237880945603,0,SAME_BAR_SL,fx_cross
NQ,2016-02-24 15:00:00+00:00,short,4,-1.0170369230769232,1,SL,indices
AUDCAD,2016-02-25 14:00:00+00:00,long,2,-1.034604186633039,4,SL,fx_cross
NZDJPY,2016-02-29 22:00:00+00:00,long,2,2.48730372995265,13,TP,fx_cross
CADJPY,2016-03-01 14:00:00+00:00,short,3,-1.025726448801742,0,SAME_BAR_SL,fx_cross
NZDCAD,2016-03-01 14:00:00+00:00,long,2,2.4784640762399825,11,TP,fx_cross
AUDUSD,2016-03-02 18:00:00+00:00,short,3,-1.020776014252991,4,SL,fx_major
AUDCAD,2016-03-04 18:00:00+00:00,short,3,-1.0269584843332522,11,SL,fx_cross
EURUSD,2016-03-08 14:00:00+00:00,short,3,2.4343150318471367,2,TP,fx_major
USDCAD,2016-03-09 14:00:00+00:00,long,1,-1.0408539819622824,0,SAME_BAR_SL,fx_major
EURGBP,2016-03-10 10:00:00+00:00,long,2,-1.0439630045988741,0,SAME_BAR_SL,fx_cross
USDCHF,2016-03-10 14:00:00+00:00,long,2,-1.05559939969985,0,SAME_BAR_SL,fx_major
NQ,2016-03-10 15:00:00+00:00,long,1,2.4826061538461537,1,TP,indices
AUDCHF,2016-03-14 01:00:00+00:00,short,4,-1.0077255311660647,166,SL,fx_cross
EURGBP,2016-03-14 09:00:00+00:00,long,2,2.4901384713375796,85,TP,fx_cross
GBPNZD,2016-03-17 05:00:00+00:00,long,2,2.4756253059531206,8,TP,fx_cross
NZDUSD,2016-03-17 09:00:00+00:00,short,4,-1.0269130801687765,4,SL,fx_major
CL,2016-03-18 10:00:00+00:00,short,3,2.4936332075471697,3,TP,commodities
YM,2016-03-18 18:00:00+00:00,short,4,2.445050980392157,1,TP,indices
YM,2016-03-21 06:00:00+00:00,short,4,-1.054949019607843,0,SAME_BAR_SL,indices
YM,2016-03-22 10:00:00+00:00,short,3,2.475330396475771,11,TP,indices
ES,2016-03-30 06:00:00+00:00,short,4,-1.0424154838709678,0,SAME_BAR_SL,indices
ES,2016-03-30 14:00:00+00:00,short,4,2.463311111111111,2,TP,indices
USDCAD,2016-04-01 13:00:00+00:00,long,1,2.4534855686524373,10,TP,fx_major
ES,2016-04-01 18:00:00+00:00,short,4,-1.036688888888889,3,SL,indices
EURGBP,2016-04-05 09:00:00+00:00,short,3,-1.046018079096045,0,SAME_BAR_SL,fx_cross
GBPCAD,2016-04-05 09:00:00+00:00,short,4,2.4612688203802837,5,TP,fx_cross
NQ,2016-04-05 10:00:00+00:00,long,2,2.4859671744471745,8,TP,indices
ES,2016-04-06 02:00:00+00:00,short,4,2.4680273170731706,2,TP,indices
GBPNZD,2016-04-06 09:00:00+00:00,long,1,-1.03129898744431,5,SL,fx_cross
USDCHF,2016-04-06 13:00:00+00:00,long,2,-1.0383136834583793,0,SAME_BAR_SL,fx_major
ES,2016-04-06 14:00:00+00:00,short,4,-1.0319726829268292,0,SAME_BAR_SL,indices
EURNZD,2016-04-07 13:00:00+00:00,short,3,2.454189218407598,11,TP,fx_cross
ES,2016-04-08 06:00:00+00:00,short,4,-1.030127816091954,2,SL,indices
USDCHF,2016-04-11 09:00:00+00:00,long,2,-1.0495984772516231,1,SL,fx_major
GBPNZD,2016-04-11 13:00:00+00:00,long,1,-1.036803356023427,3,SL,fx_cross
EURCAD,2016-04-11 17:00:00+00:00,long,2,-1.0267080622164617,5,SL,fx_cross
GBPCAD,2016-04-11 17:00:00+00:00,long,2,-1.027671776103337,5,SL,fx_cross
CADCHF,2016-04-12 09:00:00+00:00,short,3,-1.0177828497964432,1,SL,fx_cross
GBPCHF,2016-04-12 09:00:00+00:00,short,4,-1.0368353757225433,6,SL,fx_cross
EURGBP,2016-04-12 09:00:00+00:00,long,1,-1.0654896854425777,0,SAME_BAR_SL,fx_cross
HG,2016-04-15 14:00:00+00:00,short,3,-1.0083607272727273,8,SL,metals
NZDUSD,2016-04-18 01:00:00+00:00,short,3,-1.0617839872408272,1,SL,fx_major
NZDJPY,2016-04-18 05:00:00+00:00,short,4,-1.0604755747126413,1,SL,fx_cross
YM,2016-04-18 10:00:00+00:00,short,4,-1.0362659872611466,0,SAME_BAR_SL,indices
EURNZD,2016-04-18 21:00:00+00:00,long,2,-1.021817618819011,2,SL,fx_cross
NZDCHF,2016-04-19 05:00:00+00:00,short,3,2.485981738002594,62,TP,fx_cross
YM,2016-04-20 14:00:00+00:00,short,3,-1.0420204379562044,0,SAME_BAR_SL,indices
CADJPY,2016-04-22 05:00:00+00:00,short,3,-1.0252556793336798,1,SL,fx_cross
GBPNZD,2016-04-25 13:00:00+00:00,short,3,-1.054501384863125,5,SL,fx_cross
AUDCHF,2016-04-27 01:00:00+00:00,long,2,-1.0292003892944042,0,SAME_BAR_SL,fx_cross
GBPAUD,2016-04-27 01:00:00+00:00,short,3,-1.0417072926447581,0,SAME_BAR_SL,fx_cross
NQ,2016-04-27 14:00:00+00:00,long,2,2.4735260377358492,1,TP,indices
CADCHF,2016-04-27 21:00:00+00:00,short,3,2.4495188785046738,10,TP,fx_cross
CHFJPY,2016-04-28 01:00:00+00:00,long,2,-1.0709948532731313,0,SAME_BAR_SL,fx_cross
EURJPY,2016-04-28 01:00:00+00:00,long,2,-1.041104531435349,0,SAME_BAR_SL,fx_cross
NQ,2016-04-28 02:00:00+00:00,long,2,-1.0078696792189679,4,SL,indices
ES,2016-04-28 14:00:00+00:00,short,3,2.4430331914893615,1,TP,indices
GBPCAD,2016-04-29 01:00:00+00:00,short,4,-1.0287275227050434,14,SL,fx_cross
GBPJPY,2016-04-29 01:00:00+00:00,long,2,-1.0421353020134247,1,SL,fx_cross
USDCHF,2016-04-29 05:00:00+00:00,long,1,-1.0491340018231543,2,SL,fx_major
ES,2016-04-29 10:00:00+00:00,long,1,-1.0208125984251968,0,SAME_BAR_SL,indices
EURGBP,2016-05-03 09:00:00+00:00,short,3,-1.0597042375168715,1,SL,fx_cross
GBPCHF,2016-05-05 13:00:00+00:00,short,4,-1.0360624798711746,5,SL,fx_cross
AUDUSD,2016-05-06 01:00:00+00:00,long,2,-1.0401639344262295,0,SAME_BAR_SL,fx_major
EURCHF,2016-05-10 09:00:00+00:00,short,4,-1.1296051828631128,0,SAME_BAR_SL,fx_cross
GBPCAD,2016-05-10 09:00:00+00:00,short,4,2.4612688203802837,6,TP,fx_cross
HG,2016-05-16 14:00:00+00:00,long,1,-1.011617391304348,5,SL,metals
EURCHF,2016-05-17 17:00:00+00:00,short,4,2.323048774928748,5,TP,fx_cross
NZDCAD,2016-05-19 09:00:00+00:00,short,3,-1.0429650390964382,1,SL,fx_cross
PA,2016-05-19 10:00:00+00:00,long,1,-1.0098196756756757,0,SAME_BAR_SL,metals
EURGBP,2016-05-25 09:00:00+00:00,long,2,2.486218479001135,42,TP,fx_cross
PL,2016-05-27 10:00:00+00:00,long,2,-1.004411076923077,5,SL,metals
GBPUSD,2016-05-31 17:00:00+00:00,long,2,-1.0333683552631574,4,SL,fx_major
NZDCAD,2016-05-31 21:00:00+00:00,short,4,-1.0469783656117153,2,SL,fx_cross
GBPNZD,2016-06-01 01:00:00+00:00,long,2,-1.043490475669767,2,SL,fx_cross
ES,2016-06-01 02:00:00+00:00,short,4,2.4651324675324675,2,TP,indices
NQ,2016-06-01 14:00:00+00:00,short,3,2.475558481012658,5,TP,indices
EURAUD,2016-06-02 05:00:00+00:00,short,3,-1.0496947079037806,1,SL,fx_cross
AUDCHF,2016-06-02 05:00:00+00:00,long,2,-1.0895799103139032,0,SAME_BAR_SL,fx_cross
HG,2016-06-03 06:00:00+00:00,short,3,-1.0081415757575758,1,SL,metals
GBPNZD,2016-06-03 09:00:00+00:00,long,2,-1.024422718607542,1,SL,fx_cross
GBPAUD,2016-06-03 13:00:00+00:00,long,1,-1.0415273461754235,1,SL,fx_cross
EURCAD,2016-06-03 17:00:00+00:00,short,3,2.4728720223794634,9,TP,fx_cross
YM,2016-06-03 18:00:00+00:00,short,3,-1.0375115789473683,4,SL,indices
EURGBP,2016-06-05 21:00:00+00:00,short,3,2.452225831533479,7,TP,fx_cross
GBPCAD,2016-06-06 13:00:00+00:00,long,2,2.4675427074235814,3,TP,fx_cross
NQ,2016-06-06 14:00:00+00:00,short,3,-1.0267074654377881,4,SL,indices
GBPCAD,2016-06-07 17:00:00+00:00,long,2,-1.0875214839797607,3,SL,fx_cross
CADJPY,2016-06-08 09:00:00+00:00,short,4,2.4755676859504137,15,TP,fx_cross
USDCHF,2016-06-08 13:00:00+00:00,long,1,2.478823736437167,69,TP,fx_major
GBPAUD,2016-06-08 17:00:00+00:00,long,1,-1.0663320598108004,1,SL,fx_cross
GBPUSD,2016-06-09 05:00:00+00:00,long,1,-1.0560703634475588,6,SL,fx_major
EURGBP,2016-06-10 17:00:00+00:00,short,3,-1.0477741684665214,0,SAME_BAR_SL,fx_cross
EURGBP,2016-06-13 05:00:00+00:00,short,3,2.471800936116382,27,TP,fx_cross
CADJPY,2016-06-16 01:00:00+00:00,long,2,-1.0130408733122667,1,SL,fx_cross
EURNZD,2016-06-16 09:00:00+00:00,long,2,-1.0600494481830396,0,SAME_BAR_SL,fx_cross
GBPCHF,2016-06-19 21:00:00+00:00,short,3,-1.0342433179723518,0,SAME_BAR_SL,fx_cross
EURCHF,2016-06-19 21:00:00+00:00,short,4,-1.11631419293217,0,SAME_BAR_SL,fx_cross
EURAUD,2016-06-22 05:00:00+00:00,long,2,-1.0145282053932974,10,SL,fx_cross
EURJPY,2016-06-23 21:00:00+00:00,long,1,-1.0164786521308224,0,SAME_BAR_SL,fx_cross
EURGBP,2016-06-24 01:00:00+00:00,short,4,-1.038408095238096,0,SAME_BAR_SL,fx_cross
EURUSD,2016-06-24 01:00:00+00:00,long,2,1.5362150809854167,399,EOS,fx_major
NG,2016-06-27 22:00:00+00:00,short,3,-1.0048158241758243,2,SL,commodities
HG,2016-06-28 02:00:00+00:00,short,3,-1.004576,2,SL,metals
EURCHF,2016-06-29 13:00:00+00:00,short,3,0.2920224728239613,399,EOS,fx_cross
CL,2016-06-29 14:00:00+00:00,short,3,2.4976971260997067,41,TP,commodities
NZDUSD,2016-07-04 09:00:00+00:00,short,3,-1.008268248795983,165,SL,fx_major
NQ,2016-07-05 18:00:00+00:00,short,4,-1.0155456353591161,5,SL,indices
YM,2016-07-06 18:00:00+00:00,short,4,-1.04160700729927,3,SL,indices
ES,2016-07-06 18:00:00+00:00,short,4,-1.0431483870967742,0,SAME_BAR_SL,indices
YM,2016-07-07 18:00:00+00:00,short,3,-1.0149260732984293,4,SL,indices
YM,2016-07-08 18:00:00+00:00,short,3,-1.0406738028169014,2,SL,indices
PA,2016-07-12 06:00:00+00:00,short,3,-1.0106461866666665,1,SL,metals
NZDJPY,2016-07-12 09:00:00+00:00,short,3,0.8920363524400826,399,EOS,fx_cross
CADJPY,2016-07-14 05:00:00+00:00,short,3,2.495383876749572,316,TP,fx_cross
USDJPY,2016-07-14 05:00:00+00:00,short,3,-1.0070771833693823,28,SL,fx_major
AUDUSD,2016-07-18 21:00:00+00:00,long,2,-1.0510845949214027,1,SL,fx_major
EURAUD,2016-07-19 05:00:00+00:00,short,3,2.466918310986591,29,TP,fx_cross
USDCAD,2016-07-19 09:00:00+00:00,short,3,-1.0339341263940496,7,SL,fx_major
CL,2016-07-20 10:00:00+00:00,long,2,-1.0129371428571428,0,SAME_BAR_SL,commodities
CADCHF,2016-07-22 13:00:00+00:00,long,2,-1.0479123505976118,0,SAME_BAR_SL,fx_cross
AUDJPY,2016-07-26 21:00:00+00:00,short,4,-1.0399989873417703,1,SL,fx_cross
EURCAD,2016-07-27 17:00:00+00:00,short,3,-1.0948908095515328,0,SAME_BAR_SL,fx_cross
NG,2016-07-27 18:00:00+00:00,long,2,2.4907339130434782,5,TP,commodities
AUDUSD,2016-07-29 13:00:00+00:00,short,4,-1.0353247254575704,3,SL,fx_major
EURAUD,2016-08-03 21:00:00+00:00,long,1,-1.0144354515050167,9,SL,fx_cross
EURAUD,2016-08-08 13:00:00+00:00,long,2,-1.046679838709675,11,SL,fx_cross
USDCAD,2016-08-10 09:00:00+00:00,long,2,-1.0556147865853704,0,SAME_BAR_SL,fx_major
GBPUSD,2016-08-10 13:00:00+00:00,long,2,-1.0268404936452387,4,SL,fx_major
EURNZD,2016-08-10 21:00:00+00:00,long,1,2.465915008969503,4,TP,fx_cross
AUDNZD,2016-08-11 21:00:00+00:00,short,3,2.4416175438596475,4,TP,fx_cross
GBPUSD,2016-08-12 13:00:00+00:00,long,2,-1.0408310649058714,0,SAME_BAR_SL,fx_major
AUDCAD,2016-08-15 09:00:00+00:00,long,2,-1.0162418032786886,12,SL,fx_cross
USDCHF,2016-08-16 09:00:00+00:00,long,2,2.484715481576327,59,TP,fx_major
AUDNZD,2016-08-16 13:00:00+00:00,short,3,2.4581127093596096,2,TP,fx_cross
EURAUD,2016-08-18 09:00:00+00:00,short,4,-1.0634631514219854,2,SL,fx_cross
EURJPY,2016-09-01 09:00:00+00:00,short,3,-1.0099857169287696,322,SL,fx_cross
GBPAUD,2016-09-06 01:00:00+00:00,long,2,-1.0465796711937108,8,SL,fx_cross
AUDCHF,2016-09-06 01:00:00+00:00,short,4,-1.0521457178526865,0,SAME_BAR_SL,fx_cross
AUDNZD,2016-09-06 13:00:00+00:00,long,1,-1.1241460832443897,0,SAME_BAR_SL,fx_cross
AUDJPY,2016-09-07 01:00:00+00:00,long,1,-1.024085883328725,17,SL,fx_cross
PA,2016-09-07 02:00:00+00:00,short,4,2.493784055172414,13,TP,metals
CADCHF,2016-09-09 13:00:00+00:00,long,2,-1.0430693785310732,2,SL,fx_cross
EURCAD,2016-09-11 21:00:00+00:00,short,3,-1.0597542628321823,0,SAME_BAR_SL,fx_cross
AUDCHF,2016-09-13 01:00:00+00:00,long,2,-1.0333584402924445,2,SL,fx_cross
USDCAD,2016-09-13 09:00:00+00:00,short,4,-1.0593040901771311,2,SL,fx_major
USDJPY,2016-09-14 05:00:00+00:00,short,4,2.389145747126447,1,TP,fx_major
CL,2016-09-14 18:00:00+00:00,long,2,2.492346373626374,17,TP,commodities
USDCAD,2016-09-15 13:00:00+00:00,short,3,-1.0326904182341214,6,SL,fx_major
NG,2016-09-15 14:00:00+00:00,short,3,-1.003198904109589,17,SL,commodities
AUDUSD,2016-09-16 13:00:00+00:00,long,2,2.472756746909565,16,TP,fx_major
CADCHF,2016-09-16 17:00:00+00:00,short,3,-1.032688402832416,3,SL,fx_cross
EURNZD,2016-09-19 01:00:00+00:00,long,2,-1.0306196644055694,1,SL,fx_cross
GBPAUD,2016-09-19 01:00:00+00:00,long,2,-1.0490490283400793,3,SL,fx_cross
CHFJPY,2016-09-20 13:00:00+00:00,long,2,-1.065685598194125,2,SL,fx_cross
CADCHF,2016-09-20 17:00:00+00:00,short,4,-1.0671796281325705,2,SL,fx_cross
USDCHF,2016-09-21 01:00:00+00:00,short,3,2.4464430649097135,4,TP,fx_major
NZDUSD,2016-09-21 05:00:00+00:00,short,3,-1.0233741350812202,4,SL,fx_major
PL,2016-09-21 14:00:00+00:00,short,3,-1.0090308266666665,5,SL,metals
USDCAD,2016-09-21 17:00:00+00:00,short,3,2.394472706552717,1,TP,fx_major
GBPUSD,2016-09-23 09:00:00+00:00,long,2,-1.0408209203142527,1,SL,fx_major
EURNZD,2016-09-23 17:00:00+00:00,short,4,2.470396450187011,9,TP,fx_cross
NZDCHF,2016-09-26 05:00:00+00:00,long,1,2.465495915492957,5,TP,fx_cross
GBPJPY,2016-09-26 05:00:00+00:00,long,2,-1.0171891973559959,52,SL,fx_cross
AUDCAD,2016-09-26 09:00:00+00:00,short,4,-1.0181585553047403,5,SL,fx_cross
CL,2016-09-28 18:00:00+00:00,short,3,-1.0042763636363636,5,SL,commodities
PA,2016-09-28 22:00:00+00:00,short,4,-1.009819914893617,9,SL,metals
GBPUSD,2016-09-29 13:00:00+00:00,long,2,-1.0379042879499185,8,SL,fx_major
NZDCHF,2016-09-29 21:00:00+00:00,long,1,2.465495915492957,3,TP,fx_cross
EURCAD,2016-09-30 09:00:00+00:00,long,1,2.4710626622120624,32,TP,fx_cross
AUDCHF,2016-09-30 13:00:00+00:00,short,3,-1.0175285185185183,10,SL,fx_cross
AUDUSD,2016-09-30 13:00:00+00:00,short,4,2.4697264079040226,23,TP,fx_major
GBPAUD,2016-10-03 05:00:00+00:00,long,1,-1.0200424220495903,5,SL,fx_cross
GBPUSD,2016-10-03 05:00:00+00:00,long,2,-1.0375999791883441,0,SAME_BAR_SL,fx_major
NKD,2016-10-03 22:00:00+00:00,short,4,-1.0172129032258064,0,SAME_BAR_SL,indices
NG,2016-10-03 22:00:00+00:00,long,2,2.4927130708661416,5,TP,commodities
AUDNZD,2016-10-05 01:00:00+00:00,short,3,-1.0418872906403907,20,SL,fx_cross
EURAUD,2016-10-05 09:00:00+00:00,long,1,-1.043682672322375,11,SL,fx_cross
USDJPY,2016-10-05 13:00:00+00:00,short,4,-1.110854252873553,0,SAME_BAR_SL,fx_major
PL,2016-10-06 10:00:00+00:00,long,2,-1.0040088774193547,19,SL,metals
NZDUSD,2016-10-06 13:00:00+00:00,long,2,-1.0284645069419724,15,SL,fx_major
SI,2016-10-06 14:00:00+00:00,long,2,2.4962971428571428,107,TP,metals
USDCHF,2016-10-07 09:00:00+00:00,short,3,-1.0219892513475743,17,SL,fx_major
EURAUD,2016-10-09 21:00:00+00:00,long,2,-1.0403183537481608,4,SL,fx_cross
EURCAD,2016-10-10 13:00:00+00:00,long,1,-1.0266027945911138,0,SAME_BAR_SL,fx_cross
USDJPY,2016-10-10 13:00:00+00:00,short,4,-1.0381484362680686,4,SL,fx_major
AUDNZD,2016-10-11 05:00:00+00:00,short,3,-1.0583824561403525,6,SL,fx_cross
CHFJPY,2016-10-11 13:00:00+00:00,long,2,2.450618010118043,6,TP,fx_cross
USDJPY,2016-10-12 13:00:00+00:00,short,3,-1.0092461119898766,124,SL,fx_major
EURUSD,2016-10-13 05:00:00+00:00,long,1,-1.0301725367286978,32,SL,fx_major
NZDJPY,2016-10-14 01:00:00+00:00,short,3,-1.038157784956158,1,SL,fx_cross
EURAUD,2016-10-14 05:00:00+00:00,long,1,-1.0453945505304285,0,SAME_BAR_SL,fx_cross
EURCAD,2016-10-14 13:00:00+00:00,long,1,-1.0439233197721742,1,SL,fx_cross
AUDNZD,2016-10-17 05:00:00+00:00,long,2,-1.0370386633663382,4,SL,fx_cross
AUDCAD,2016-10-19 13:00:00+00:00,short,3,-1.041887048393055,2,SL,fx_cross
EURCHF,2016-10-20 09:00:00+00:00,short,4,2.4213419004524823,7,TP,fx_cross
EURAUD,2016-10-20 13:00:00+00:00,long,1,-1.0639447626645406,0,SAME_BAR_SL,fx_cross
YM,2016-10-20 14:00:00+00:00,short,3,2.4576058394160585,3,TP,indices
USDCHF,2016-10-20 21:00:00+00:00,short,4,-1.0595143071161066,1,SL,fx_major
AUDCAD,2016-10-25 05:00:00+00:00,short,3,-1.081279885877316,1,SL,fx_cross
CHFJPY,2016-10-25 09:00:00+00:00,long,1,2.4618448958333334,12,TP,fx_cross
EURUSD,2016-10-27 13:00:00+00:00,long,2,2.415540831024944,5,TP,fx_major
EURCHF,2016-10-31 17:00:00+00:00,short,3,2.3372386613119067,4,TP,fx_cross
AUDUSD,2016-11-02 01:00:00+00:00,long,1,2.4660756722354806,11,TP,fx_major
GBPAUD,2016-11-02 05:00:00+00:00,short,3,-1.0634493620021095,5,SL,fx_cross
AUDNZD,2016-11-02 09:00:00+00:00,long,2,-1.0589118881118864,1,SL,fx_cross
NZDJPY,2016-11-02 13:00:00+00:00,short,3,-1.0858727494908176,1,SL,fx_cross
EURGBP,2016-11-03 09:00:00+00:00,long,2,-1.0368647158049142,0,SAME_BAR_SL,fx_cross
AUDJPY,2016-11-03 09:00:00+00:00,short,3,-1.037101466275659,3,SL,fx_cross
GBPCHF,2016-11-03 09:00:00+00:00,short,3,-1.0309264062143018,0,SAME_BAR_SL,fx_cross
NZDCHF,2016-11-04 13:00:00+00:00,long,1,2.4775486166007905,13,TP,fx_cross
GBPNZD,2016-11-07 18:00:00+00:00,long,2,-1.0225680934223067,6,SL,fx_cross
SI,2016-11-08 15:00:00+00:00,short,3,-1.0102179310344828,0,SAME_BAR_SL,metals
YM,2016-11-08 15:00:00+00:00,short,4,-1.03836,0,SAME_BAR_SL,indices
AUDUSD,2016-11-09 02:00:00+00:00,long,1,-1.0339243277645194,0,SAME_BAR_SL,fx_major
GBPJPY,2016-11-09 02:00:00+00:00,long,2,2.463277768595042,1,TP,fx_cross
NZDCHF,2016-11-09 02:00:00+00:00,long,2,-1.0261515522984674,0,SAME_BAR_SL,fx_cross
EURCHF,2016-11-09 06:00:00+00:00,short,3,-1.0863542368045627,0,SAME_BAR_SL,fx_cross
EURCHF,2016-11-09 10:00:00+00:00,long,1,-1.0369184107579448,1,SL,fx_cross
NQ,2016-11-09 15:00:00+00:00,short,3,-1.0087562393162393,3,SL,indices
NZDJPY,2016-11-09 18:00:00+00:00,short,3,-1.0160924563359348,46,SL,fx_cross
EURGBP,2016-11-11 10:00:00+00:00,long,2,2.46208245959795,11,TP,fx_cross
GBPAUD,2016-11-11 14:00:00+00:00,short,3,2.478247821436875,10,TP,fx_cross
AUDUSD,2016-11-11 14:00:00+00:00,long,2,-1.026601940768746,17,SL,fx_major
CHFJPY,2016-11-15 06:00:00+00:00,short,3,-1.065061709401711,3,SL,fx_cross
NG,2016-11-15 07:00:00+00:00,short,4,-1.0038744827586206,22,SL,commodities
GBPCHF,2016-11-15 14:00:00+00:00,short,4,-1.0438291218130313,1,SL,fx_cross
PA,2016-11-15 23:00:00+00:00,short,3,-1.0058767792207792,4,SL,metals
ES,2016-11-15 23:00:00+00:00,short,3,-1.0249542857142857,21,SL,indices
PA,2016-11-18 15:00:00+00:00,short,3,-1.0134817391304347,4,SL,metals
USDCAD,2016-11-21 10:00:00+00:00,long,2,-1.0502393319973253,1,SL,fx_major
CL,2016-11-21 15:00:00+00:00,short,3,-1.0122154330708661,2,SL,commodities
PA,2016-11-25 15:00:00+00:00,short,3,-1.0070181925925925,3,SL,metals
EURGBP,2016-11-25 18:00:00+00:00,long,1,2.421500660066003,2,TP,fx_cross
GBPUSD,2016-11-28 10:00:00+00:00,long,2,2.4555726760563386,6,TP,fx_major
EURUSD,2016-11-28 10:00:00+00:00,long,1,-1.0524656183745562,0,SAME_BAR_SL,fx_major
EURJPY,2016-11-29 10:00:00+00:00,short,3,-1.0802461244019126,4,SL,fx_cross
USDJPY,2016-11-29 10:00:00+00:00,short,4,-1.0174512203202652,7,SL,fx_major
EURUSD,2016-11-30 14:00:00+00:00,long,1,-1.0246165748602187,0,SAME_BAR_SL,fx_major
EURNZD,2016-12-01 10:00:00+00:00,short,4,2.477769916743756,9,TP,fx_cross
NQ,2016-12-01 15:00:00+00:00,long,2,-1.0113537430167598,0,SAME_BAR_SL,indices
NQ,2016-12-02 07:00:00+00:00,long,2,2.4921376792698826,21,TP,indices
EURCHF,2016-12-05 06:00:00+00:00,short,3,-1.1241586831275754,0,SAME_BAR_SL,fx_cross
EURCHF,2016-12-05 14:00:00+00:00,short,4,-1.0932808602150472,17,SL,fx_cross
GBPNZD,2016-12-08 06:00:00+00:00,long,2,2.4853462553223276,38,TP,fx_cross
EURCAD,2016-12-08 10:00:00+00:00,short,3,2.4700209221579246,1,TP,fx_cross
CHFJPY,2016-12-08 14:00:00+00:00,long,2,0.778547220447285,399,EOS,fx_cross
EURUSD,2016-12-09 10:00:00+00:00,long,2,-1.039077424892705,3,SL,fx_major
NQ,2016-12-12 19:00:00+00:00,short,4,-1.023791145038168,4,SL,indices
EURUSD,2016-12-13 10:00:00+00:00,long,1,2.4372584160506827,7,TP,fx_major
NG,2016-12-14 15:00:00+00:00,long,2,-1.0041923595505617,6,SL,commodities
CL,2016-12-14 19:00:00+00:00,long,1,-1.0058451063829787,0,SAME_BAR_SL,commodities
SI,2016-12-15 11:00:00+00:00,long,2,-1.017222295081966,0,SAME_BAR_SL,metals
AUDNZD,2016-12-15 18:00:00+00:00,long,1,-1.0445853368861786,34,SL,fx_cross
NG,2016-12-16 11:00:00+00:00,long,1,-1.0057360427807487,12,SL,commodities
EURJPY,2016-12-20 06:00:00+00:00,short,4,-1.0374053159041392,14,SL,fx_cross
NZDCHF,2016-12-21 14:00:00+00:00,long,2,-1.0271751403148524,11,SL,fx_cross
GBPCAD,2016-12-22 14:00:00+00:00,long,1,-1.0659145003543604,0,SAME_BAR_SL,fx_cross
AUDCAD,2016-12-22 14:00:00+00:00,long,2,-1.0370003535010208,5,SL,fx_cross
GBPCHF,2016-12-23 06:00:00+00:00,long,2,-1.0595369666244168,1,SL,fx_cross
AUDNZD,2016-12-28 02:00:00+00:00,long,1,-1.0589586241780493,2,SL,fx_cross
GBPCHF,2016-12-29 06:00:00+00:00,long,2,-1.0241750997935304,4,SL,fx_cross
CADCHF,2016-12-29 22:00:00+00:00,long,1,-1.0423842583249239,0,SAME_BAR_SL,fx_cross
EURJPY,2016-12-29 22:00:00+00:00,short,3,-1.117663071672341,0,SAME_BAR_SL,fx_cross
GBPJPY,2016-12-30 14:00:00+00:00,short,3,-1.0629002799377887,4,SL,fx_cross
NG,2016-12-30 15:00:00+00:00,long,1,-1.0043240433212997,2,SL,commodities
NZDCHF,2017-01-03 02:00:00+00:00,short,4,-1.0484972959805112,2,SL,fx_cross
GBPNZD,2017-01-03 06:00:00+00:00,long,2,-1.0256475930971847,23,SL,fx_cross
GBPAUD,2017-01-03 06:00:00+00:00,long,2,-1.0606301306981176,2,SL,fx_cross
USDCHF,2017-01-03 10:00:00+00:00,short,3,-1.0335011573131723,1,SL,fx_major
AUDNZD,2017-01-03 10:00:00+00:00,short,4,-1.113135193798429,0,SAME_BAR_SL,fx_cross
SI,2017-01-03 15:00:00+00:00,short,4,-1.009778113207547,0,SAME_BAR_SL,metals
EURGBP,2017-01-03 18:00:00+00:00,short,4,-1.0632777704047789,5,SL,fx_cross
AUDNZD,2017-01-04 22:00:00+00:00,long,1,-1.098098657718136,2,SL,fx_cross
EURJPY,2017-01-05 02:00:00+00:00,short,3,-1.0287853143336132,9,SL,fx_cross
NQ,2017-01-06 11:00:00+00:00,short,3,-1.0280119823788547,1,SL,indices
YM,2017-01-06 15:00:00+00:00,short,3,-1.0732027586206896,0,SAME_BAR_SL,indices
NZDUSD,2017-01-09 14:00:00+00:00,short,3,-1.0228634595224233,13,SL,fx_major
CADJPY,2017-01-09 22:00:00+00:00,long,2,-1.0175728842708702,16,SL,fx_cross
NZDCAD,2017-01-10 02:00:00+00:00,short,3,2.426997112824101,2,TP,fx_cross
NZDCHF,2017-01-10 06:00:00+00:00,long,2,-1.045872147806003,1,SL,fx_cross
NZDCHF,2017-01-11 02:00:00+00:00,short,4,-1.0476482296650684,1,SL,fx_cross
NZDCAD,2017-01-11 18:00:00+00:00,short,3,-1.0730028871758992,3,SL,fx_cross
AUDUSD,2017-01-12 06:00:00+00:00,short,3,2.452337777777778,8,TP,fx_major
GBPJPY,2017-01-12 14:00:00+00:00,long,2,2.4686855028157684,6,TP,fx_cross
GBPCHF,2017-01-17 10:00:00+00:00,short,3,-1.0324260604640254,1,SL,fx_cross
AUDNZD,2017-01-17 10:00:00+00:00,long,1,-1.066380857787808,3,SL,fx_cross
EURGBP,2017-01-17 10:00:00+00:00,long,1,-1.0218136736064474,1,SL,fx_cross
DAX,2017-01-18 07:00:00+00:00,short,3,-1.0223643373493976,5,SL,indices
AUDCAD,2017-01-19 10:00:00+00:00,short,3,-1.0580697160557553,2,SL,fx_cross
NZDUSD,2017-01-19 22:00:00+00:00,short,3,2.454410191657271,2,TP,fx_major
AUDNZD,2017-01-19 22:00:00+00:00,long,1,-1.0425160823997073,12,SL,fx_cross
GBPUSD,2017-01-20 14:00:00+00:00,short,3,-1.0556708534621553,1,SL,fx_major
GBPCAD,2017-01-20 18:00:00+00:00,short,4,-1.0368437988826817,3,SL,fx_cross
EURAUD,2017-01-23 14:00:00+00:00,short,3,-1.0563373493975883,8,SL,fx_cross
AUDCHF,2017-01-23 14:00:00+00:00,long,2,-1.0193750798722048,10,SL,fx_cross
SI,2017-01-25 11:00:00+00:00,short,4,-1.0102399999999998,13,SL,metals
EURJPY,2017-01-26 10:00:00+00:00,short,4,-1.0270363406940057,5,SL,fx_cross
USDJPY,2017-01-31 02:00:00+00:00,long,2,-1.0431215217391294,3,SL,fx_major
EURAUD,2017-01-31 10:00:00+00:00,short,3,-1.1163591514264712,0,SAME_BAR_SL,fx_cross
GBPNZD,2017-02-01 06:00:00+00:00,short,3,-1.0822701060670301,1,SL,fx_cross
GBPUSD,2017-02-01 10:00:00+00:00,short,3,-1.0334124515824286,5,SL,fx_major
EURCHF,2017-02-02 06:00:00+00:00,short,3,-1.3402890909089222,0,SAME_BAR_SL,fx_cross
AUDNZD,2017-02-02 14:00:00+00:00,short,4,2.4491165397923846,15,TP,fx_cross
NG,2017-02-03 07:00:00+00:00,long,1,-1.0091932710280374,1,SL,commodities
USDCHF,2017-02-03 10:00:00+00:00,short,3,-1.0188461611054935,31,SL,fx_major
YM,2017-02-03 15:00:00+00:00,short,3,-1.0434568707482994,1,SL,indices
YM,2017-02-06 07:00:00+00:00,short,4,-1.045092957746479,7,SL,indices
EURUSD,2017-02-06 10:00:00+00:00,long,1,-1.041320440771352,5,SL,fx_major
GBPNZD,2017-02-07 02:00:00+00:00,long,2,2.4779131364798883,10,TP,fx_cross
USDJPY,2017-02-07 18:00:00+00:00,long,2,2.4526168835098336,11,TP,fx_major
GBPNZD,2017-02-09 02:00:00+00:00,short,4,-1.0168291217443974,99,SL,fx_cross
YM,2017-02-09 11:00:00+00:00,short,3,-1.0628423529411766,1,SL,indices
NZDCAD,2017-02-09 18:00:00+00:00,long,2,-1.0436705006206044,4,SL,fx_cross
CADJPY,2017-02-09 22:00:00+00:00,short,3,-1.073224447806354,1,SL,fx_cross
HG,2017-02-10 11:00:00+00:00,short,3,-1.0119569655172413,0,SAME_BAR_SL,metals
PL,2017-02-10 15:00:00+00:00,short,4,-1.0123495384615382,0,SAME_BAR_SL,metals
USDCAD,2017-02-14 10:00:00+00:00,long,1,2.427908300395255,1,TP,fx_major
PL,2017-02-14 11:00:00+00:00,short,3,2.4838384,6,TP,metals
AUDCHF,2017-02-14 22:00:00+00:00,short,3,-1.054751097019658,2,SL,fx_cross
GBPCAD,2017-02-15 06:00:00+00:00,long,2,-1.0458954682779447,1,SL,fx_cross
USDCAD,2017-02-16 10:00:00+00:00,long,1,2.427908300395255,5,TP,fx_major
GBPCAD,2017-02-17 06:00:00+00:00,long,2,-1.0718808214849953,1,SL,fx_cross
CADCHF,2017-02-20 06:00:00+00:00,short,4,-1.02908888888889,12,SL,fx_cross
EURAUD,2017-02-21 10:00:00+00:00,long,2,-1.0404996059889664,3,SL,fx_cross
CL,2017-02-21 11:00:00+00:00,short,3,2.4884505263157894,6,TP,commodities
PL,2017-02-21 15:00:00+00:00,short,4,-1.0493883076923076,0,SAME_BAR_SL,metals
GBPCAD,2017-02-21 22:00:00+00:00,short,4,2.4256015533980593,7,TP,fx_cross
AUDUSD,2017-02-22 10:00:00+00:00,long,1,2.41126398348814,2,TP,fx_major
CL,2017-02-23 11:00:00+00:00,short,3,-1.033532307692307,0,SAME_BAR_SL,commodities
PL,2017-02-23 11:00:00+00:00,short,4,-1.0129792,0,SAME_BAR_SL,metals
GBPUSD,2017-02-24 06:00:00+00:00,short,3,2.4100448081841503,2,TP,fx_major
EURCHF,2017-02-24 14:00:00+00:00,long,1,2.4043720288693033,7,TP,fx_cross
NZDUSD,2017-02-28 22:00:00+00:00,long,2,-1.0547943169398908,1,SL,fx_major
NZDUSD,2017-03-01 06:00:00+00:00,long,2,-1.0264974700399463,8,SL,fx_major
GBPCHF,2017-03-01 14:00:00+00:00,long,2,-1.0401121199884644,11,SL,fx_cross
NZDJPY,2017-03-02 10:00:00+00:00,short,3,2.480213699585786,15,TP,fx_cross
EURJPY,2017-03-03 18:00:00+00:00,short,3,-1.1065021383647664,0,SAME_BAR_SL,fx_cross
NG,2017-03-05 23:00:00+00:00,short,3,-1.0038494514767933,0,SAME_BAR_SL,commodities
USDCAD,2017-03-08 06:00:00+00:00,short,3,-1.1132923401053458,1,SL,fx_major
DAX,2017-03-08 11:00:00+00:00,long,1,2.485998391224863,23,TP,indices
SI,2017-03-09 03:00:00+00:00,long,1,-1.0121248351648349,3,SL,metals
NZDJPY,2017-03-09 10:00:00+00:00,long,2,-1.0309386815486563,50,SL,fx_cross
GBPCAD,2017-03-10 14:00:00+00:00,short,4,-1.095133913043476,4,SL,fx_cross
GBPAUD,2017-03-13 01:00:00+00:00,long,1,-1.0464049871200398,8,SL,fx_cross
AUDUSD,2017-03-13 05:00:00+00:00,short,4,-1.0357843302443146,15,SL,fx_major
CADJPY,2017-03-15 13:00:00+00:00,short,3,2.460212955870107,12,TP,fx_cross
EURAUD,2017-03-15 17:00:00+00:00,long,1,-1.0359738990085317,18,SL,fx_cross
AUDCHF,2017-03-15 17:00:00+00:00,short,3,-1.0445884057971004,1,SL,fx_cross
CADCHF,2017-03-16 09:00:00+00:00,long,1,-1.0635206051437194,1,SL,fx_cross
NG,2017-03-16 10:00:00+00:00,long,2,2.4870933333333336,1,TP,commodities
CHFJPY,2017-03-17 13:00:00+00:00,long,2,-1.075575885167463,8,SL,fx_cross
YM,2017-03-19 22:00:00+00:00,long,1,-1.0486820437956204,10,SL,indices
ES,2017-03-19 22:00:00+00:00,long,1,-1.028366355140187,10,SL,indices
GBPAUD,2017-03-20 13:00:00+00:00,long,1,2.4759347586392355,7,TP,fx_cross
EURJPY,2017-03-20 21:00:00+00:00,long,2,2.4347600000000003,2,TP,fx_cross
AUDUSD,2017-03-21 09:00:00+00:00,short,3,2.4677225531914893,11,TP,fx_major
NKD,2017-03-21 14:00:00+00:00,long,2,-1.0104779487179487,2,SL,indices
NQ,2017-03-21 14:00:00+00:00,long,2,-1.0211239143730886,0,SAME_BAR_SL,indices
EURJPY,2017-03-21 17:00:00+00:00,long,2,-1.06524,2,SL,fx_cross
AUDJPY,2017-03-21 21:00:00+00:00,long,1,-1.0423827409372226,2,SL,fx_cross
EURNZD,2017-03-22 01:00:00+00:00,short,3,-1.0253500588928148,21,SL,fx_cross
CADJPY,2017-03-22 05:00:00+00:00,long,1,-1.0288170775409333,2,SL,fx_cross
NKD,2017-03-23 18:00:00+00:00,long,2,2.485201951219512,1,TP,indices
AUDCAD,2017-03-24 05:00:00+00:00,long,1,2.4141495101733255,10,TP,fx_cross
NKD,2017-03-26 22:00:00+00:00,long,2,-1.0147980487804877,0,SAME_BAR_SL,indices
AUDUSD,2017-03-28 21:00:00+00:00,short,4,-1.0599850524842551,5,SL,fx_major
GBPUSD,2017-03-28 21:00:00+00:00,long,2,2.470873417296389,16,TP,fx_major
GBPAUD,2017-03-31 09:00:00+00:00,short,3,-1.0461833712408397,1,SL,fx_cross
AUDNZD,2017-04-03 21:00:00+00:00,long,1,-1.073468474576264,3,SL,fx_cross
USDCAD,2017-04-04 09:00:00+00:00,short,4,2.44935257565568,18,TP,fx_major
ES,2017-04-05 14:00:00+00:00,short,3,2.47288,1,TP,indices
AUDUSD,2017-04-06 01:00:00+00:00,long,2,-1.0671123749007179,6,SL,fx_major
EURCHF,2017-04-06 05:00:00+00:00,long,1,-1.1031624096385486,7,SL,fx_cross
NZDCAD,2017-04-07 09:00:00+00:00,long,2,-1.072968156424578,0,SAME_BAR_SL,fx_cross
GBPCAD,2017-04-11 05:00:00+00:00,long,2,2.4618507502061004,6,TP,fx_cross
NZDCHF,2017-04-11 13:00:00+00:00,short,3,2.4509807740324625,6,TP,fx_cross
CL,2017-04-11 14:00:00+00:00,short,3,2.492800675105485,30,TP,commodities
NZDCAD,2017-04-11 17:00:00+00:00,long,2,-1.029850798391729,4,SL,fx_cross
SI,2017-04-11 22:00:00+00:00,short,3,-1.007061204819277,5,SL,metals
GBPJPY,2017-04-12 17:00:00+00:00,long,2,2.369418703071675,3,TP,fx_cross
NZDCHF,2017-04-13 05:00:00+00:00,short,3,-1.0490192259675375,1,SL,fx_cross
PA,2017-04-17 22:00:00+00:00,long,2,-1.0179337142857143,3,SL,metals
GBPAUD,2017-04-18 05:00:00+00:00,short,4,-1.0773125041459373,0,SAME_BAR_SL,fx_cross
GBPUSD,2017-04-18 09:00:00+00:00,short,3,-1.0196281204050495,0,SAME_BAR_SL,fx_major
PA,2017-04-18 14:00:00+00:00,long,2,-1.0187254339622636,0,SAME_BAR_SL,metals
HG,2017-04-19 02:00:00+00:00,long,2,-1.0041405569620254,3,SL,metals
AUDCHF,2017-04-19 05:00:00+00:00,long,2,-1.0366785340314135,4,SL,fx_cross
NZDCHF,2017-04-20 05:00:00+00:00,long,2,-1.0359472777268561,1,SL,fx_cross
EURCAD,2017-04-20 05:00:00+00:00,short,4,-1.070699755671905,0,SAME_BAR_SL,fx_cross
SI,2017-04-20 14:00:00+00:00,long,1,-1.015153684210526,0,SAME_BAR_SL,metals
NZDCHF,2017-04-23 21:00:00+00:00,long,2,-1.0504814479637992,8,SL,fx_cross
EURNZD,2017-04-23 21:00:00+00:00,short,4,-1.0418809898107706,0,SAME_BAR_SL,fx_cross
CADCHF,2017-04-23 21:00:00+00:00,long,2,2.4381157957957926,2,TP,fx_cross
ES,2017-04-24 06:00:00+00:00,short,3,-1.02712,7,SL,indices
AUDUSD,2017-04-25 05:00:00+00:00,long,1,-1.0288062167689167,5,SL,fx_major
AUDCAD,2017-04-26 05:00:00+00:00,long,2,-1.0447989006674514,1,SL,fx_cross
AUDUSD,2017-04-26 09:00:00+00:00,long,2,-1.0584836820083727,1,SL,fx_major
GBPCAD,2017-04-27 05:00:00+00:00,short,3,-1.044270865145696,2,SL,fx_cross
HG,2017-04-27 18:00:00+00:00,short,4,-1.0118217142857142,2,SL,metals
PL,2017-05-01 14:00:00+00:00,long,2,-1.0113304150943396,0,SAME_BAR_SL,metals
SI,2017-05-01 14:00:00+00:00,long,1,-1.0069702564102563,10,SL,metals
EURCHF,2017-05-02 09:00:00+00:00,short,3,2.427498867024453,5,TP,fx_cross
USDCHF,2017-05-04 21:00:00+00:00,long,1,2.4659944352108334,10,TP,fx_major
EURCHF,2017-05-05 13:00:00+00:00,short,3,-1.072501132975547,2,SL,fx_cross
GBPCAD,2017-05-11 09:00:00+00:00,long,2,-1.122079309494447,0,SAME_BAR_SL,fx_cross
USDCHF,2017-05-11 17:00:00+00:00,short,4,2.453446072607259,5,TP,fx_major
GBPCAD,2017-05-12 05:00:00+00:00,long,2,-1.0517585729275956,7,SL,fx_cross
GBPUSD,2017-05-15 05:00:00+00:00,short,4,-1.0756830929989545,6,SL,fx_major
CHFJPY,2017-05-16 09:00:00+00:00,short,4,2.451886107784434,7,TP,fx_cross
EURUSD,2017-05-17 09:00:00+00:00,short,3,-1.044233620505517,1,SL,fx_major
CADJPY,2017-05-17 13:00:00+00:00,long,1,-1.0325108129215463,1,SL,fx_cross
CHFJPY,2017-05-17 17:00:00+00:00,long,1,-1.071588984198639,1,SL,fx_cross
CHFJPY,2017-05-18 09:00:00+00:00,long,2,-1.0640955780933106,0,SAME_BAR_SL,fx_cross
GBPCAD,2017-05-18 13:00:00+00:00,long,2,-1.0392333201110677,1,SL,fx_cross
YM,2017-05-19 18:00:00+00:00,short,4,-1.0376551412429378,4,SL,indices
SI,2017-05-21 22:00:00+00:00,short,3,-1.0089414876033058,0,SAME_BAR_SL,metals
EURCHF,2017-05-22 09:00:00+00:00,short,4,-1.0653694268880551,1,SL,fx_cross
NQ,2017-05-22 14:00:00+00:00,short,4,-1.029519028340081,4,SL,indices
NZDCAD,2017-05-23 05:00:00+00:00,short,4,-1.0990291044776113,0,SAME_BAR_SL,fx_cross
NG,2017-05-24 10:00:00+00:00,long,1,-1.0125229268292684,0,SAME_BAR_SL,commodities
EURUSD,2017-05-25 01:00:00+00:00,short,3,2.4650461350375106,19,TP,fx_major
HG,2017-05-25 10:00:00+00:00,short,4,-1.0371626666666682,0,SAME_BAR_SL,metals
EURJPY,2017-05-29 21:00:00+00:00,long,1,-1.0332386577181205,1,SL,fx_cross
USDCAD,2017-05-30 13:00:00+00:00,short,4,-1.0494405491990846,16,SL,fx_major
PA,2017-05-31 06:00:00+00:00,short,3,-1.0069669798657719,2,SL,metals
EURAUD,2017-05-31 13:00:00+00:00,short,3,-1.0403083639837598,0,SAME_BAR_SL,fx_cross
AUDNZD,2017-05-31 13:00:00+00:00,long,1,-1.0384212844036707,10,SL,fx_cross
EURNZD,2017-06-05 05:00:00+00:00,long,2,-1.0763671299093702,1,SL,fx_cross
NZDUSD,2017-06-05 05:00:00+00:00,short,3,-1.088430442477879,3,SL,fx_major
NZDCHF,2017-06-05 05:00:00+00:00,short,4,-1.0507178378378366,1,SL,fx_cross
PL,2017-06-05 14:00:00+00:00,short,4,-1.021159724137931,0,SAME_BAR_SL,metals
NZDCHF,2017-06-06 01:00:00+00:00,short,3,-1.018112266229201,8,SL,fx_cross
EURUSD,2017-06-06 01:00:00+00:00,short,4,-1.0911586127167625,4,SL,fx_major
EURJPY,2017-06-06 05:00:00+00:00,long,2,-1.0273097160883276,1,SL,fx_cross
EURNZD,2017-06-06 09:00:00+00:00,long,2,2.40479695982628,3,TP,fx_cross
EURAUD,2017-06-06 09:00:00+00:00,long,1,-1.0809206740491069,1,SL,fx_cross
AUDUSD,2017-06-07 05:00:00+00:00,short,4,-1.0985045867287557,1,SL,fx_major
USDCHF,2017-06-07 13:00:00+00:00,long,1,2.418805056433406,5,TP,fx_major
AUDNZD,2017-06-08 01:00:00+00:00,long,1,-1.0424919550235778,27,SL,fx_cross
EURJPY,2017-06-08 21:00:00+00:00,long,2,-1.039672258064515,24,SL,fx_cross
GBPJPY,2017-06-08 21:00:00+00:00,long,2,-1.0209766167023555,10,SL,fx_cross
USDCAD,2017-06-09 09:00:00+00:00,long,1,-1.032286863500213,8,SL,fx_major
CADJPY,2017-06-12 13:00:00+00:00,long,1,-1.034987695834923,0,SAME_BAR_SL,fx_cross
CADCHF,2017-06-12 17:00:00+00:00,short,3,-1.0375065620673753,1,SL,fx_cross
AUDCAD,2017-06-13 09:00:00+00:00,long,1,-1.0554838671293993,0,SAME_BAR_SL,fx_cross
EURCHF,2017-06-14 09:00:00+00:00,short,4,-1.0742351278928213,1,SL,fx_cross
AUDNZD,2017-06-15 01:00:00+00:00,long,1,-1.0248944805608668,29,SL,fx_cross
ES,2017-06-16 02:00:00+00:00,short,3,-1.0205094736842106,9,SL,indices
EURCHF,2017-06-16 13:00:00+00:00,short,4,-1.1308633476394756,0,SAME_BAR_SL,fx_cross
NZDUSD,2017-06-19 01:00:00+00:00,short,3,2.4721687252897064,17,TP,fx_major
EURCHF,2017-06-20 09:00:00+00:00,short,4,-1.0884104575163451,24,SL,fx_cross
EURUSD,2017-06-21 09:00:00+00:00,short,3,-1.079584601657101,2,SL,fx_major
HG,2017-06-21 22:00:00+00:00,short,4,-1.0128566153846155,8,SL,metals
USDCHF,2017-06-23 05:00:00+00:00,long,1,-1.0205474640423926,14,SL,fx_major
AUDCAD,2017-06-23 09:00:00+00:00,long,2,-1.0258758264081258,18,SL,fx_cross
NZDUSD,2017-06-23 13:00:00+00:00,short,3,-1.0278312747102936,10,SL,fx_major
CHFJPY,2017-06-23 13:00:00+00:00,short,3,-1.072595214446946,4,SL,fx_cross
NKD,2017-06-25 22:00:00+00:00,long,1,2.486800824742268,18,TP,indices
EURUSD,2017-06-26 09:00:00+00:00,short,4,2.3952276897414584,2,TP,fx_major
CADJPY,2017-06-26 17:00:00+00:00,short,3,-1.077062298288503,4,SL,fx_cross
EURJPY,2017-06-26 21:00:00+00:00,short,3,-1.0838231578947355,1,SL,fx_cross
EURUSD,2017-06-27 09:00:00+00:00,short,3,-1.0368897338403016,1,SL,fx_major
EURCHF,2017-06-28 05:00:00+00:00,short,3,-1.1068687915937017,0,SAME_BAR_SL,fx_cross
GBPJPY,2017-06-28 13:00:00+00:00,short,3,-1.0219846337493221,4,SL,fx_cross
EURGBP,2017-06-28 13:00:00+00:00,short,3,-1.0169692889041568,54,SL,fx_cross
USDCHF,2017-06-28 13:00:00+00:00,long,2,-1.0472156910925852,3,SL,fx_major
EURUSD,2017-06-28 13:00:00+00:00,short,3,-1.0248772100313468,3,SL,fx_major
HG,2017-06-28 14:00:00+00:00,short,4,-1.0212480000000004,2,SL,metals
CL,2017-06-29 06:00:00+00:00,short,3,-1.0156834782608692,1,SL,commodities
NZDJPY,2017-06-29 21:00:00+00:00,short,3,-1.020063237095363,5,SL,fx_cross
CL,2017-06-30 14:00:00+00:00,short,4,-1.003996076294278,6,SL,commodities
AUDNZD,2017-07-03 01:00:00+00:00,long,1,2.4521864600326277,6,TP,fx_cross
CHFJPY,2017-07-03 05:00:00+00:00,short,3,2.4296434188034257,11,TP,fx_cross
AUDNZD,2017-07-04 05:00:00+00:00,long,1,-1.047813539967372,2,SL,fx_cross
USDCHF,2017-07-06 17:00:00+00:00,long,1,2.442279742489272,10,TP,fx_major
USDJPY,2017-07-07 01:00:00+00:00,short,3,-1.0880658171745177,0,SAME_BAR_SL,fx_major
GBPAUD,2017-07-12 01:00:00+00:00,long,2,-1.0271657076767386,13,SL,fx_cross
AUDUSD,2017-07-12 01:00:00+00:00,short,3,-1.0361329738837417,5,SL,fx_major
SI,2017-07-12 10:00:00+00:00,short,4,-1.0052032653061225,22,SL,metals
NZDCAD,2017-07-12 13:00:00+00:00,long,1,-1.032603526827738,0,SAME_BAR_SL,fx_cross
GBPCAD,2017-07-12 13:00:00+00:00,long,2,-1.0381492497938996,0,SAME_BAR_SL,fx_cross
CADJPY,2017-07-12 13:00:00+00:00,short,3,-1.0242912533725779,0,SAME_BAR_SL,fx_cross
NZDCAD,2017-07-12 17:00:00+00:00,long,2,2.477968832942181,4,TP,fx_cross
EURNZD,2017-07-13 05:00:00+00:00,long,1,-1.0410933584195692,1,SL,fx_cross
NQ,2017-07-14 10:00:00+00:00,short,3,-1.119850322580645,0,SAME_BAR_SL,indices
AUDCAD,2017-07-18 01:00:00+00:00,short,3,-1.0512347266881006,0,SAME_BAR_SL,fx_cross
EURGBP,2017-07-18 05:00:00+00:00,short,4,-1.0444126164874559,1,SL,fx_cross
GBPNZD,2017-07-18 09:00:00+00:00,long,1,-1.0383610827532859,12,SL,fx_cross
CL,2017-07-18 10:00:00+00:00,short,3,-1.008254945054945,7,SL,commodities
NZDCAD,2017-07-18 17:00:00+00:00,long,1,2.470295054254712,41,TP,fx_cross
NQ,2017-07-18 18:00:00+00:00,short,3,-1.024936688741722,1,SL,indices
NKD,2017-07-19 22:00:00+00:00,short,3,-1.030567619047619,0,SAME_BAR_SL,indices
EURUSD,2017-07-20 09:00:00+00:00,long,1,2.4498227769110783,1,TP,fx_major
USDCHF,2017-07-20 13:00:00+00:00,long,2,-1.0288491976305878,0,SAME_BAR_SL,fx_major
EURNZD,2017-07-21 01:00:00+00:00,long,1,-1.025905019920319,23,SL,fx_cross
PL,2017-07-25 06:00:00+00:00,short,3,-1.0101705762711863,25,SL,metals
EURGBP,2017-07-26 09:00:00+00:00,short,3,-1.0415733111757373,12,SL,fx_cross
AUDJPY,2017-07-26 13:00:00+00:00,short,3,-1.0404196011395994,1,SL,fx_cross
GBPCAD,2017-07-26 17:00:00+00:00,long,2,2.4479978132118463,4,TP,fx_cross
NKD,2017-07-26 22:00:00+00:00,short,3,-1.030567619047619,1,SL,indices
CADCHF,2017-07-27 01:00:00+00:00,short,3,-1.0430002409638537,2,SL,fx_cross
USDCHF,2017-07-27 13:00:00+00:00,short,4,-1.0415906861989215,2,SL,fx_major
EURJPY,2017-07-28 09:00:00+00:00,short,3,-1.0546234730538917,16,SL,fx_cross
NZDCAD,2017-07-28 13:00:00+00:00,long,1,2.4549827190332314,8,TP,fx_cross
NG,2017-07-30 22:00:00+00:00,long,2,-1.0087327102803738,0,SAME_BAR_SL,commodities
CL,2017-07-31 18:00:00+00:00,short,3,-1.0104736842105262,0,SAME_BAR_SL,commodities
ES,2017-08-01 06:00:00+00:00,short,3,-1.0344452173913044,32,SL,indices
SI,2017-08-02 10:00:00+00:00,long,1,-1.0099743396226415,12,SL,metals
NZDCAD,2017-08-02 21:00:00+00:00,long,1,2.4549827190332314,11,TP,fx_cross
AUDUSD,2017-08-03 01:00:00+00:00,long,2,-1.0187511280101393,23,SL,fx_major
GBPUSD,2017-08-03 09:00:00+00:00,long,2,-1.0696680891417703,6,SL,fx_major
EURGBP,2017-08-03 09:00:00+00:00,short,4,-1.0769974193548386,0,SAME_BAR_SL,fx_cross
EURNZD,2017-08-07 05:00:00+00:00,short,4,-1.1205299865047356,0,SAME_BAR_SL,fx_cross
AUDJPY,2017-08-08 21:00:00+00:00,long,2,-1.0233739597315434,0,SAME_BAR_SL,fx_cross
USDJPY,2017-08-09 05:00:00+00:00,long,2,-1.0134400000000001,82,SL,fx_major
SI,2017-08-09 10:00:00+00:00,short,3,-1.0140336842105264,0,SAME_BAR_SL,metals
AUDNZD,2017-08-10 01:00:00+00:00,short,3,-1.0871359192501757,1,SL,fx_cross
CL,2017-08-10 10:00:00+00:00,short,3,2.4868380327868853,1,TP,commodities
CHFJPY,2017-08-10 13:00:00+00:00,long,2,-1.032791239669421,12,SL,fx_cross
NZDCHF,2017-08-11 01:00:00+00:00,long,2,2.470362047781569,6,TP,fx_cross
EURAUD,2017-08-11 01:00:00+00:00,short,3,2.4552238805970137,19,TP,fx_cross
AUDNZD,2017-08-14 21:00:00+00:00,long,2,2.4817622262552934,56,TP,fx_cross
NG,2017-08-15 22:00:00+00:00,long,1,-1.0067947445255474,6,SL,commodities
YM,2017-08-16 06:00:00+00:00,short,4,2.4838579405034324,9,TP,indices
HG,2017-08-16 06:00:00+00:00,short,4,-1.0207786666666667,1,SL,metals
NZDCAD,2017-08-17 17:00:00+00:00,long,1,-1.0272326144134662,6,SL,fx_cross
NG,2017-08-18 10:00:00+00:00,long,2,2.4956241509433963,55,TP,commodities
CL,2017-08-18 14:00:00+00:00,short,3,2.494486241134752,36,TP,commodities
CHFJPY,2017-08-21 05:00:00+00:00,long,2,-1.1300144855967105,0,SAME_BAR_SL,fx_cross
USDCHF,2017-08-21 13:00:00+00:00,long,2,-1.0241388946072947,24,SL,fx_major
NZDCHF,2017-08-23 09:00:00+00:00,long,2,-1.0296379522184311,5,SL,fx_cross
GBPNZD,2017-08-24 05:00:00+00:00,short,3,-1.0558114493972532,10,SL,fx_cross
USDCAD,2017-08-25 13:00:00+00:00,long,2,-1.0454043780448203,10,SL,fx_major
EURCAD,2017-08-29 13:00:00+00:00,short,4,2.4063500998890026,1,TP,fx_cross
YM,2017-09-01 06:00:00+00:00,short,4,-1.0448142675159235,2,SL,indices
DAX,2017-09-01 10:00:00+00:00,short,4,2.479614659685864,3,TP,indices
ES,2017-09-01 10:00:00+00:00,short,4,-1.0108438356164384,41,SL,indices
RTY,2017-09-01 14:00:00+00:00,short,4,-1.0054234615384616,60,SL,indices
USDJPY,2017-09-03 21:00:00+00:00,long,1,-1.022246060606061,2,SL,fx_major
CHFJPY,2017-09-05 13:00:00+00:00,long,1,2.44131138121547,15,TP,fx_cross
YM,2017-09-05 14:00:00+00:00,long,1,2.4793832640949556,20,TP,indices
AUDCAD,2017-09-05 17:00:00+00:00,long,2,-1.0376973237997955,5,SL,fx_cross
USDJPY,2017-09-05 21:00:00+00:00,long,2,-1.0427513924050609,10,SL,fx_major
AUDCHF,2017-09-06 01:00:00+00:00,long,2,2.4706853846153845,26,TP,fx_cross
EURNZD,2017-09-07 05:00:00+00:00,short,3,-1.0957230895983512,0,SAME_BAR_SL,fx_cross
NQ,2017-09-07 14:00:00+00:00,short,3,2.468409917355372,6,TP,indices
AUDNZD,2017-09-11 09:00:00+00:00,long,1,-1.0412493537641567,5,SL,fx_cross
GBPNZD,2017-09-14 09:00:00+00:00,short,3,-1.04865062412013,0,SAME_BAR_SL,fx_cross
AUDUSD,2017-09-14 09:00:00+00:00,long,1,-1.065112430858805,0,SAME_BAR_SL,fx_major
NKD,2017-09-14 10:00:00+00:00,short,3,-1.0203922580645162,4,SL,indices
CL,2017-09-14 14:00:00+00:00,short,3,-1.0131619672131147,0,SAME_BAR_SL,commodities
AUDJPY,2017-09-15 09:00:00+00:00,short,4,-1.0456175948788269,13,SL,fx_cross
EURUSD,2017-09-15 09:00:00+00:00,short,3,-1.0581962500000002,11,SL,fx_major
EURCAD,2017-09-19 05:00:00+00:00,short,3,2.4641834091401345,25,TP,fx_cross
USDJPY,2017-09-20 17:00:00+00:00,short,3,-1.0614860273972608,0,SAME_BAR_SL,fx_major
EURAUD,2017-09-21 09:00:00+00:00,short,3,-1.049817580071176,0,SAME_BAR_SL,fx_cross
AUDUSD,2017-09-28 01:00:00+00:00,long,2,-1.1454294039735196,0,SAME_BAR_SL,fx_major
USDCHF,2017-09-28 05:00:00+00:00,short,3,2.45001128205128,8,TP,fx_major
EURAUD,2017-09-29 05:00:00+00:00,short,3,-1.0378108176100627,1,SL,fx_cross
EURCAD,2017-09-29 13:00:00+00:00,short,3,-1.0358165908598658,48,SL,fx_cross
NQ,2017-10-01 22:00:00+00:00,short,3,-1.0337705726872246,3,SL,indices
NQ,2017-10-02 14:00:00+00:00,short,3,-1.030504126984127,17,SL,indices
NZDUSD,2017-10-04 05:00:00+00:00,long,2,-1.0402582146439316,7,SL,fx_major
AUDCHF,2017-10-06 01:00:00+00:00,long,2,-1.057727173913045,21,SL,fx_cross
GBPAUD,2017-10-06 05:00:00+00:00,long,2,-1.0411346675386957,1,SL,fx_cross
EURJPY,2017-10-13 05:00:00+00:00,long,1,-1.0468069609079476,3,SL,fx_cross
USDCHF,2017-10-13 09:00:00+00:00,short,4,2.372645308498252,1,TP,fx_major
NG,2017-10-16 10:00:00+00:00,long,2,2.493656598639456,6,TP,commodities
CL,2017-10-17 18:00:00+00:00,short,3,-1.0112979591836733,1,SL,commodities
NG,2017-10-18 02:00:00+00:00,long,2,-1.0063434013605441,3,SL,commodities
GBPNZD,2017-10-19 01:00:00+00:00,short,4,-1.0410862809917356,1,SL,fx_cross
NG,2017-10-20 10:00:00+00:00,long,2,2.4979504250559286,68,TP,commodities
GBPCAD,2017-10-20 13:00:00+00:00,short,4,-1.02593577213069,4,SL,fx_cross
CL,2017-10-22 22:00:00+00:00,short,3,-1.008695,22,SL,commodities
CADJPY,2017-10-24 17:00:00+00:00,long,2,-1.0579159930915383,0,SAME_BAR_SL,fx_cross
EURAUD,2017-10-24 21:00:00+00:00,short,4,-1.0772683015440527,1,SL,fx_cross
GBPCHF,2017-10-25 09:00:00+00:00,short,3,-1.0376035991820036,18,SL,fx_cross
CADJPY,2017-10-25 13:00:00+00:00,long,2,-1.0393295357985817,0,SAME_BAR_SL,fx_cross
EURUSD,2017-10-26 17:00:00+00:00,long,1,-1.0639528788621848,3,SL,fx_major
AUDCHF,2017-10-27 01:00:00+00:00,long,1,2.4695109778729485,23,TP,fx_cross
GBPJPY,2017-10-27 05:00:00+00:00,long,2,-1.0528236065573804,0,SAME_BAR_SL,fx_cross
USDCAD,2017-10-27 13:00:00+00:00,short,3,2.4466127131782933,1,TP,fx_major
USDCAD,2017-10-31 09:00:00+00:00,short,3,2.4466127131782933,11,TP,fx_major
GBPJPY,2017-11-02 09:00:00+00:00,long,2,-1.054510312500002,1,SL,fx_cross
ES,2017-11-02 18:00:00+00:00,short,3,-1.0249139393939395,0,SAME_BAR_SL,indices
CL,2017-11-02 22:00:00+00:00,short,3,-1.0202004597701149,4,SL,commodities
GBPCAD,2017-11-03 09:00:00+00:00,long,2,2.4652583172002993,13,TP,fx_cross
NZDCAD,2017-11-06 02:00:00+00:00,long,2,-1.042833431798435,32,SL,fx_cross
AUDCHF,2017-11-06 22:00:00+00:00,short,4,-1.1359843037974757,1,SL,fx_cross
GBPCAD,2017-11-08 14:00:00+00:00,long,2,-1.034741682799701,16,SL,fx_cross
EURCHF,2017-11-09 10:00:00+00:00,long,2,-1.1066940345110985,0,SAME_BAR_SL,fx_cross
AUDCHF,2017-11-13 10:00:00+00:00,long,1,-1.0625020851688673,3,SL,fx_cross
NZDCAD,2017-11-14 06:00:00+00:00,long,2,-1.024567714716223,18,SL,fx_cross
USDCHF,2017-11-14 14:00:00+00:00,long,2,-1.0383740533056425,4,SL,fx_major
CL,2017-11-14 15:00:00+00:00,long,2,-1.0110597530864196,0,SAME_BAR_SL,commodities
EURCAD,2017-11-15 10:00:00+00:00,short,3,2.446125576066198,6,TP,fx_cross
AUDUSD,2017-11-15 14:00:00+00:00,long,2,-1.0550736787564803,2,SL,fx_major
ES,2017-11-15 19:00:00+00:00,long,2,2.4814544632768363,22,TP,indices
EURJPY,2017-11-17 06:00:00+00:00,long,1,-1.0601202588996768,2,SL,fx_cross
YM,2017-11-17 19:00:00+00:00,long,1,-1.0544794160583941,1,SL,indices
HG,2017-11-21 07:00:00+00:00,short,3,-1.0052881066666668,11,SL,metals
CHFJPY,2017-11-27 02:00:00+00:00,long,1,-1.0679861538461555,2,SL,fx_cross
USDJPY,2017-11-28 14:00:00+00:00,long,2,2.456236511954992,5,TP,fx_major
CADCHF,2017-11-30 14:00:00+00:00,long,1,2.4718298057293384,6,TP,fx_cross
EURNZD,2017-11-30 14:00:00+00:00,short,3,-1.0981819576185707,1,SL,fx_cross
CL,2017-12-01 11:00:00+00:00,short,4,-1.0147351181102362,1,SL,commodities
RTY,2017-12-01 15:00:00+00:00,long,1,-1.0300444444444448,0,SAME_BAR_SL,indices
EURJPY,2017-12-03 22:00:00+00:00,short,4,-1.0953182697201085,0,SAME_BAR_SL,fx_cross
NZDCAD,2017-12-05 06:00:00+00:00,long,2,2.463895129533678,8,TP,fx_cross
AUDUSD,2017-12-05 22:00:00+00:00,long,2,-1.0835367222767516,0,SAME_BAR_SL,fx_major
ES,2017-12-06 23:00:00+00:00,short,4,-1.0131274708171207,10,SL,indices
NZDCAD,2017-12-07 06:00:00+00:00,long,1,2.482622165605095,25,TP,fx_cross
EURGBP,2017-12-07 18:00:00+00:00,long,2,-1.04934172118772,2,SL,fx_cross
EURNZD,2017-12-08 06:00:00+00:00,long,2,-1.0635045920052861,1,SL,fx_cross
NZDUSD,2017-12-08 18:00:00+00:00,long,1,2.368844931506851,1,TP,fx_major
EURGBP,2017-12-11 06:00:00+00:00,short,3,-1.0237013743392596,37,SL,fx_cross
ES,2017-12-11 15:00:00+00:00,short,3,-1.0186795604395604,2,SL,indices
NQ,2017-12-11 23:00:00+00:00,short,3,2.437728484848485,3,TP,indices
AUDJPY,2017-12-12 06:00:00+00:00,short,4,-1.0509576195536647,1,SL,fx_cross
GBPCHF,2017-12-13 10:00:00+00:00,long,2,-1.0520827586206853,2,SL,fx_cross
GBPAUD,2017-12-13 10:00:00+00:00,long,2,-1.0778656556082127,0,SAME_BAR_SL,fx_cross
GBPNZD,2017-12-13 10:00:00+00:00,long,2,-1.0429453005791878,0,SAME_BAR_SL,fx_cross
CL,2017-12-13 15:00:00+00:00,long,1,-1.020862528735632,4,SL,commodities
GBPJPY,2017-12-13 18:00:00+00:00,long,1,-1.0282764367046207,10,SL,fx_cross
AUDCAD,2017-12-14 06:00:00+00:00,short,4,-1.104800912547532,0,SAME_BAR_SL,fx_cross
EURUSD,2017-12-15 14:00:00+00:00,long,1,2.4621255533199204,18,TP,fx_major
PL,2017-12-17 23:00:00+00:00,short,4,-1.0100322807017543,3,SL,metals
AUDJPY,2017-12-20 10:00:00+00:00,short,4,-1.0413571428571413,6,SL,fx_cross
NZDJPY,2017-12-20 10:00:00+00:00,short,3,-1.0816896118299364,0,SAME_BAR_SL,fx_cross
CADCHF,2017-12-20 14:00:00+00:00,long,1,-1.124839243085894,0,SAME_BAR_SL,fx_cross
USDJPY,2017-12-21 06:00:00+00:00,short,4,-1.1110816783216888,0,SAME_BAR_SL,fx_major
AUDJPY,2017-12-21 14:00:00+00:00,short,3,-1.0348040398293015,16,SL,fx_cross
AUDCHF,2017-12-21 22:00:00+00:00,short,3,-1.0559094171578254,3,SL,fx_cross
EURNZD,2017-12-26 18:00:00+00:00,long,1,-1.0992059726603516,3,SL,fx_cross
AUDCHF,2017-12-27 06:00:00+00:00,short,3,-1.0329291599539703,48,SL,fx_cross
CHFJPY,2017-12-27 22:00:00+00:00,short,3,-1.054274671163576,4,SL,fx_cross
CADJPY,2017-12-28 22:00:00+00:00,short,3,-1.0416459743483653,22,SL,fx_cross
NG,2018-01-01 23:00:00+00:00,short,3,2.497221818181818,20,TP,commodities
NZDCHF,2018-01-03 14:00:00+00:00,short,3,-1.0705508529945538,4,SL,fx_cross
PL,2018-01-04 11:00:00+00:00,short,3,-1.0246016,0,SAME_BAR_SL,metals
GBPJPY,2018-01-05 02:00:00+00:00,short,3,-1.0431436858006045,1,SL,fx_cross
EURNZD,2018-01-05 06:00:00+00:00,long,2,-1.0510481579659205,1,SL,fx_cross
NZDCHF,2018-01-05 14:00:00+00:00,short,3,-1.0362974283071238,10,SL,fx_cross
EURNZD,2018-01-05 14:00:00+00:00,long,2,-1.0536701313535104,4,SL,fx_cross
CL,2018-01-08 11:00:00+00:00,short,4,-1.0193976470588233,3,SL,commodities
EURAUD,2018-01-09 02:00:00+00:00,long,2,-1.0525353125962427,11,SL,fx_cross
NZDUSD,2018-01-09 10:00:00+00:00,short,3,-1.0322074097834792,5,SL,fx_major
AUDCHF,2018-01-10 06:00:00+00:00,short,4,-1.0450887866108787,6,SL,fx_cross
GBPJPY,2018-01-10 10:00:00+00:00,long,1,-1.0414757563850698,6,SL,fx_cross
CADCHF,2018-01-11 10:00:00+00:00,long,2,-1.0772447204968907,1,SL,fx_cross
CL,2018-01-16 15:00:00+00:00,long,2,-1.0072204255319148,14,SL,commodities
EURJPY,2018-01-17 02:00:00+00:00,short,3,-1.0669761971831073,8,SL,fx_cross
GBPJPY,2018-01-17 14:00:00+00:00,short,3,-1.0619377777777792,1,SL,fx_cross
EURGBP,2018-01-17 18:00:00+00:00,long,1,-1.1188384615384568,0,SAME_BAR_SL,fx_cross
SI,2018-01-19 07:00:00+00:00,short,3,2.485637894736842,13,TP,metals
EURJPY,2018-01-22 14:00:00+00:00,short,3,-1.0812813675213546,1,SL,fx_cross
RTY,2018-01-22 15:00:00+00:00,short,3,-1.018502238267148,1,SL,indices
EURJPY,2018-01-23 06:00:00+00:00,short,3,-1.0910977990430732,0,SAME_BAR_SL,fx_cross
AUDUSD,2018-01-24 02:00:00+00:00,short,3,-1.065337409024748,1,SL,fx_major
EURJPY,2018-01-25 10:00:00+00:00,short,3,2.4596669353128306,7,TP,fx_cross
PA,2018-01-25 11:00:00+00:00,long,1,2.4589910588235293,1,TP,metals
EURUSD,2018-01-26 06:00:00+00:00,short,3,2.470260952380952,8,TP,fx_major
GBPJPY,2018-01-26 06:00:00+00:00,short,3,2.4703413623978205,2,TP,fx_cross
NG,2018-01-28 23:00:00+00:00,long,1,-1.0168361290322583,0,SAME_BAR_SL,commodities
CADCHF,2018-01-31 14:00:00+00:00,long,2,-1.0465039080459764,1,SL,fx_cross
NG,2018-02-01 07:00:00+00:00,long,2,-1.0038011336032389,2,SL,commodities
EURUSD,2018-02-01 14:00:00+00:00,short,3,2.470260952380952,17,TP,fx_major
NQ,2018-02-02 19:00:00+00:00,long,1,-1.0138472727272727,1,SL,indices
YM,2018-02-04 23:00:00+00:00,long,2,-1.044429010989011,0,SAME_BAR_SL,indices
GBPUSD,2018-02-05 18:00:00+00:00,long,2,-1.0372745827372418,4,SL,fx_major
NZDJPY,2018-02-05 18:00:00+00:00,long,1,-1.0332168202080223,0,SAME_BAR_SL,fx_cross
RTY,2018-02-05 19:00:00+00:00,long,2,-1.0157198653198654,0,SAME_BAR_SL,indices
NKD,2018-02-05 19:00:00+00:00,long,2,-1.0171239024390244,0,SAME_BAR_SL,indices
GBPNZD,2018-02-06 10:00:00+00:00,long,1,-1.061425895887256,0,SAME_BAR_SL,fx_cross
AUDCHF,2018-02-07 14:00:00+00:00,short,3,2.4763785876993167,6,TP,fx_cross
CL,2018-02-07 15:00:00+00:00,long,2,-1.0228193103448275,0,SAME_BAR_SL,commodities
GBPCHF,2018-02-08 14:00:00+00:00,long,1,-1.0315115491750597,0,SAME_BAR_SL,fx_cross
NZDCHF,2018-02-08 14:00:00+00:00,long,2,-1.059618867924529,0,SAME_BAR_SL,fx_cross
GBPUSD,2018-02-09 10:00:00+00:00,long,2,2.461019253279516,12,TP,fx_major
GBPCHF,2018-02-09 10:00:00+00:00,long,2,-1.0733283551967736,0,SAME_BAR_SL,fx_cross
GBPJPY,2018-02-14 10:00:00+00:00,long,1,-1.012331805225653,63,SL,fx_cross
SI,2018-02-14 15:00:00+00:00,short,3,-1.0118189010989007,4,SL,metals
YM,2018-02-15 19:00:00+00:00,short,3,-1.0546372789115646,0,SAME_BAR_SL,indices
NKD,2018-02-15 23:00:00+00:00,short,3,-1.0033404316546763,38,SL,indices
GBPCHF,2018-02-16 18:00:00+00:00,long,2,2.4546839352428407,10,TP,fx_cross
AUDNZD,2018-02-20 06:00:00+00:00,long,2,-1.1053084413309882,1,SL,fx_cross
GBPNZD,2018-02-20 10:00:00+00:00,long,1,-1.0364172396100555,6,SL,fx_cross
EURGBP,2018-02-21 14:00:00+00:00,long,2,-1.052379141494434,11,SL,fx_cross
GBPUSD,2018-02-22 06:00:00+00:00,long,2,-1.0213034932821494,26,SL,fx_major
AUDCHF,2018-03-01 18:00:00+00:00,long,2,-1.0472799076212502,2,SL,fx_cross
NZDJPY,2018-03-02 10:00:00+00:00,long,2,-1.0613206012884733,0,SAME_BAR_SL,fx_cross
USDCAD,2018-03-07 14:00:00+00:00,short,3,2.462526257098607,11,TP,fx_major
NQ,2018-03-07 15:00:00+00:00,short,3,-1.011150707070707,5,SL,indices
GBPNZD,2018-03-08 06:00:00+00:00,long,1,-1.0574935344827616,3,SL,fx_cross
CADJPY,2018-03-08 10:00:00+00:00,long,1,-1.0164216595135909,31,SL,fx_cross
NZDUSD,2018-03-08 14:00:00+00:00,long,1,2.452909976798144,8,TP,fx_major
AUDCAD,2018-03-09 14:00:00+00:00,short,4,-1.0467781094527364,7,SL,fx_cross
EURNZD,2018-03-13 01:00:00+00:00,long,1,-1.0420663223508464,1,SL,fx_cross
GBPUSD,2018-03-13 09:00:00+00:00,short,4,-1.0340876788830715,24,SL,fx_major
NZDUSD,2018-03-16 01:00:00+00:00,long,1,-1.0470900232018558,3,SL,fx_major
GBPNZD,2018-03-16 01:00:00+00:00,short,4,-1.0315361594840222,2,SL,fx_cross
HG,2018-03-16 02:00:00+00:00,short,4,2.484546461538461,3,TP,metals
DAX,2018-03-16 07:00:00+00:00,short,4,2.4890949105914717,6,TP,indices
AUDJPY,2018-03-16 17:00:00+00:00,long,2,-1.0242467265996824,2,SL,fx_cross
EURGBP,2018-03-19 09:00:00+00:00,long,2,-1.048150425012214,0,SAME_BAR_SL,fx_cross
EURCAD,2018-03-19 13:00:00+00:00,short,3,-1.0688560336262884,0,SAME_BAR_SL,fx_cross
NZDUSD,2018-03-21 09:00:00+00:00,long,2,2.4676913365539455,2,TP,fx_major
NZDCAD,2018-03-21 09:00:00+00:00,long,2,-1.043457585345545,0,SAME_BAR_SL,fx_cross
EURAUD,2018-03-22 01:00:00+00:00,short,3,-1.061321055879327,5,SL,fx_cross
EURJPY,2018-03-26 13:00:00+00:00,short,3,-1.040967166853302,1,SL,fx_cross
EURCHF,2018-03-26 17:00:00+00:00,short,4,2.324746808510586,6,TP,fx_cross
GBPJPY,2018-03-26 17:00:00+00:00,short,4,-1.0290315176715192,1,SL,fx_cross
EURCHF,2018-03-28 01:00:00+00:00,short,4,-1.0789395080983826,1,SL,fx_cross
AUDUSD,2018-03-28 05:00:00+00:00,long,2,-1.0620515606936451,5,SL,fx_major
AUDJPY,2018-03-28 17:00:00+00:00,short,4,2.4617464163537783,17,TP,fx_cross
NKD,2018-03-29 10:00:00+00:00,short,3,-1.0157094252873564,1,SL,indices
HG,2018-04-01 22:00:00+00:00,short,3,-1.006121,36,SL,metals
EURJPY,2018-04-02 09:00:00+00:00,short,4,2.425492738336705,1,TP,fx_cross
EURNZD,2018-04-04 01:00:00+00:00,long,2,2.413752574302697,1,TP,fx_cross
EURAUD,2018-04-04 05:00:00+00:00,short,4,2.456140805467415,3,TP,fx_cross
GBPJPY,2018-04-04 13:00:00+00:00,short,3,-1.0628097005988018,0,SAME_BAR_SL,fx_cross
SI,2018-04-05 14:00:00+00:00,long,2,2.49406,24,TP,metals
ES,2018-04-06 18:00:00+00:00,long,2,2.4943544804088584,35,TP,indices
EURAUD,2018-04-09 09:00:00+00:00,short,4,2.456140805467415,4,TP,fx_cross
EURNZD,2018-04-09 13:00:00+00:00,long,2,-1.0528794168769253,3,SL,fx_cross
EURCAD,2018-04-09 13:00:00+00:00,long,1,-1.034569804618117,6,SL,fx_cross
AUDCAD,2018-04-11 13:00:00+00:00,long,1,2.4363684100174727,10,TP,fx_cross
EURAUD,2018-04-16 09:00:00+00:00,short,3,2.4177986003683247,16,TP,fx_cross
RTY,2018-04-17 18:00:00+00:00,short,3,-1.061896585365862,2,SL,indices
GBPJPY,2018-04-17 21:00:00+00:00,short,4,2.4505722580645193,2,TP,fx_cross
EURGBP,2018-04-18 05:00:00+00:00,short,4,-1.0832870989761063,6,SL,fx_cross
GBPUSD,2018-04-18 05:00:00+00:00,long,2,-1.0358442940911126,9,SL,fx_major
NZDJPY,2018-04-19 13:00:00+00:00,long,2,-1.0610509497206697,2,SL,fx_cross
EURAUD,2018-04-19 13:00:00+00:00,short,3,-1.0646250543084705,1,SL,fx_cross
NG,2018-04-19 14:00:00+00:00,short,4,2.490497391304348,1,TP,commodities
EURGBP,2018-04-19 17:00:00+00:00,short,3,-1.0360986528497407,0,SAME_BAR_SL,fx_cross
EURCAD,2018-04-20 09:00:00+00:00,long,1,2.4508965765765764,2,TP,fx_cross
NG,2018-04-20 14:00:00+00:00,short,4,-1.0095026086956522,2,SL,commodities
USDCAD,2018-04-23 09:00:00+00:00,short,3,-1.0502802948402954,1,SL,fx_major
CHFJPY,2018-04-26 13:00:00+00:00,long,2,-1.0500846601941751,12,SL,fx_cross
PL,2018-04-26 14:00:00+00:00,long,2,-1.0177241212121213,0,SAME_BAR_SL,metals
EURAUD,2018-04-30 01:00:00+00:00,short,4,2.4464742243436746,20,TP,fx_cross
CL,2018-05-01 14:00:00+00:00,long,1,-1.0261853658536606,0,SAME_BAR_SL,commodities
SI,2018-05-03 06:00:00+00:00,long,1,-1.0129896296296297,20,SL,metals
EURJPY,2018-05-03 13:00:00+00:00,long,2,-1.0334780603842646,5,SL,fx_cross
GBPUSD,2018-05-03 13:00:00+00:00,long,1,-1.0786667910834637,6,SL,fx_major
HG,2018-05-07 14:00:00+00:00,long,1,-1.008065306122449,4,SL,metals
AUDJPY,2018-05-08 05:00:00+00:00,long,2,-1.0223263265804248,3,SL,fx_cross
SI,2018-05-08 18:00:00+00:00,long,1,-1.0049066666666666,28,SL,metals
CADJPY,2018-05-09 13:00:00+00:00,short,3,-1.0953777245508918,0,SAME_BAR_SL,fx_cross
NQ,2018-05-09 14:00:00+00:00,short,3,-1.0330355056179776,2,SL,indices
HG,2018-05-14 02:00:00+00:00,short,4,2.485178074074074,2,TP,metals
EURNZD,2018-05-14 05:00:00+00:00,short,3,-1.0744558024691329,1,SL,fx_cross
CHFJPY,2018-05-14 13:00:00+00:00,short,3,-1.0566786003683235,6,SL,fx_cross
EURCHF,2018-05-16 09:00:00+00:00,long,2,-1.0709034586466153,12,SL,fx_cross
CHFJPY,2018-05-16 13:00:00+00:00,short,3,-1.0625746044624718,0,SAME_BAR_SL,fx_cross
GBPUSD,2018-05-17 05:00:00+00:00,long,1,-1.0769880244399086,1,SL,fx_major
HG,2018-05-17 10:00:00+00:00,long,1,-1.0164346666666666,5,SL,metals
NZDJPY,2018-05-18 05:00:00+00:00,short,3,-1.0268322807017534,4,SL,fx_cross
CHFJPY,2018-05-18 13:00:00+00:00,short,3,-1.0433282451253472,4,SL,fx_cross
USDJPY,2018-05-20 21:00:00+00:00,short,3,-1.0579129850746267,1,SL,fx_major
NZDJPY,2018-05-21 05:00:00+00:00,short,3,-1.02604797092671,4,SL,fx_cross
EURNZD,2018-05-21 13:00:00+00:00,long,2,-1.2431058823529224,0,SAME_BAR_SL,fx_cross
PA,2018-05-22 06:00:00+00:00,short,3,2.490476895522388,6,TP,metals
USDJPY,2018-05-23 05:00:00+00:00,long,2,-1.0450399999999995,0,SAME_BAR_SL,fx_major
GBPJPY,2018-05-23 05:00:00+00:00,long,2,-1.0473335483871002,1,SL,fx_cross
SI,2018-05-23 06:00:00+00:00,long,2,-1.0139368421052628,1,SL,metals
AUDJPY,2018-05-23 09:00:00+00:00,long,1,-1.0277378151260506,22,SL,fx_cross
GBPJPY,2018-05-24 13:00:00+00:00,long,2,-1.019996632403329,15,SL,fx_cross
RTY,2018-05-24 22:00:00+00:00,short,4,2.4849212680115267,13,TP,indices
SI,2018-05-27 22:00:00+00:00,long,1,-1.0116184615384611,7,SL,metals
CADJPY,2018-05-29 01:00:00+00:00,long,2,-1.039664892268695,1,SL,fx_cross
EURCHF,2018-05-29 05:00:00+00:00,long,2,-1.0894524271844694,0,SAME_BAR_SL,fx_cross
GBPAUD,2018-05-29 05:00:00+00:00,long,1,-1.1055947008547005,0,SAME_BAR_SL,fx_cross
CHFJPY,2018-05-29 09:00:00+00:00,long,1,2.4505496440129444,6,TP,fx_cross
DAX,2018-05-29 14:00:00+00:00,long,2,2.4728624915824917,2,TP,indices
AUDCHF,2018-05-29 17:00:00+00:00,long,1,2.4760863686184016,20,TP,fx_cross
EURNZD,2018-05-30 09:00:00+00:00,long,2,-1.0262722602355587,1,SL,fx_cross
RTY,2018-05-30 10:00:00+00:00,short,4,-1.015078731988473,0,SAME_BAR_SL,indices
CL,2018-05-31 10:00:00+00:00,long,1,-1.0080611235955055,2,SL,commodities
NZDCAD,2018-05-31 13:00:00+00:00,short,3,-1.1471149132947969,0,SAME_BAR_SL,fx_cross
NKD,2018-06-01 10:00:00+00:00,short,4,-1.0155547826086957,3,SL,indices
NQ,2018-06-01 14:00:00+00:00,short,3,-1.0204524886877828,0,SAME_BAR_SL,indices
NZDJPY,2018-06-04 09:00:00+00:00,short,3,-1.0190395057369812,11,SL,fx_cross
EURNZD,2018-06-06 01:00:00+00:00,long,1,2.45686522906062,7,TP,fx_cross
AUDNZD,2018-06-06 01:00:00+00:00,short,4,-1.101221164725445,0,SAME_BAR_SL,fx_cross
AUDCAD,2018-06-06 13:00:00+00:00,short,3,-1.0496603584229398,1,SL,fx_cross
NG,2018-06-07 06:00:00+00:00,short,4,-1.0101286956521738,1,SL,commodities
GBPAUD,2018-06-08 01:00:00+00:00,short,4,-1.0707100286532953,1,SL,fx_cross
PL,2018-06-08 06:00:00+00:00,long,2,2.4889476923076925,25,TP,metals
GBPCHF,2018-06-08 13:00:00+00:00,short,4,-1.0580056426332325,4,SL,fx_cross
EURUSD,2018-06-10 21:00:00+00:00,short,4,-1.0515322308892336,21,SL,fx_major
NZDUSD,2018-06-12 01:00:00+00:00,short,4,-1.1202749847094926,0,SAME_BAR_SL,fx_major
NG,2018-06-13 10:00:00+00:00,short,3,-1.0069138686131387,12,SL,commodities
AUDUSD,2018-06-13 17:00:00+00:00,long,2,-1.0234646836847947,5,SL,fx_major
SI,2018-06-13 18:00:00+00:00,short,4,-1.0134479012345678,0,SAME_BAR_SL,metals
DAX,2018-06-14 14:00:00+00:00,short,4,2.4764132212885155,3,TP,indices
USDCAD,2018-06-14 21:00:00+00:00,short,3,-1.1441453189401416,0,SAME_BAR_SL,fx_major
AUDCHF,2018-06-18 09:00:00+00:00,long,1,-1.0239136313815984,3,SL,fx_cross
NQ,2018-06-18 10:00:00+00:00,long,2,2.4647340458015266,1,TP,indices
DAX,2018-06-18 10:00:00+00:00,long,2,-1.0150382449725777,0,SAME_BAR_SL,indices
SI,2018-06-18 14:00:00+00:00,long,2,-1.0099532075471696,5,SL,metals
GBPAUD,2018-06-18 21:00:00+00:00,short,4,-1.107170598290598,2,SL,fx_cross
PL,2018-06-19 02:00:00+00:00,long,2,-1.0131304186046508,2,SL,metals
CADJPY,2018-06-19 05:00:00+00:00,long,2,-1.0289493981914561,15,SL,fx_cross
EURCAD,2018-06-21 09:00:00+00:00,short,3,-1.0457074019088035,0,SAME_BAR_SL,fx_cross
USDJPY,2018-06-25 01:00:00+00:00,long,1,2.4476514675767955,14,TP,fx_major
NZDUSD,2018-06-26 21:00:00+00:00,long,2,-1.051630188679247,1,SL,fx_major
USDCHF,2018-06-27 17:00:00+00:00,short,3,-1.0618831042128631,3,SL,fx_major
NZDCAD,2018-06-28 09:00:00+00:00,long,2,-1.1057564705882332,1,SL,fx_cross
EURAUD,2018-07-05 05:00:00+00:00,short,3,2.457256030828515,17,TP,fx_cross
EURJPY,2018-07-10 13:00:00+00:00,short,4,-1.0509249025069665,6,SL,fx_cross
USDJPY,2018-07-11 05:00:00+00:00,short,3,-1.0580540298507493,2,SL,fx_major
USDCHF,2018-07-12 05:00:00+00:00,short,3,-1.0486731299040992,2,SL,fx_major
EURJPY,2018-07-12 09:00:00+00:00,short,3,-1.0595412297734632,16,SL,fx_cross
AUDJPY,2018-07-15 21:00:00+00:00,short,3,-1.1036956097561057,1,SL,fx_cross
CL,2018-07-16 14:00:00+00:00,long,2,-1.0045603319502074,5,SL,commodities
NG,2018-07-17 14:00:00+00:00,long,2,-1.0086462745098037,5,SL,commodities
PA,2018-07-18 06:00:00+00:00,long,2,-1.0056539607843138,7,SL,metals
NG,2018-07-18 14:00:00+00:00,long,2,-1.010638048780488,5,SL,commodities
CL,2018-07-18 14:00:00+00:00,long,1,2.4876409302325584,1,TP,commodities
AUDJPY,2018-07-19 01:00:00+00:00,short,3,2.4663005607476656,2,TP,fx_cross
AUDUSD,2018-07-19 05:00:00+00:00,long,2,-1.0537410169491521,1,SL,fx_major
EURNZD,2018-07-19 13:00:00+00:00,short,3,-1.025285736718137,86,SL,fx_cross
USDJPY,2018-07-19 17:00:00+00:00,long,1,-1.0587362686567163,0,SAME_BAR_SL,fx_major
NG,2018-07-23 10:00:00+00:00,long,2,2.4922085714285713,18,TP,commodities
RTY,2018-07-24 10:00:00+00:00,short,3,2.475888634361233,1,TP,indices
DAX,2018-07-25 14:00:00+00:00,long,2,2.4918077393075357,7,TP,indices
NZDCHF,2018-07-25 17:00:00+00:00,short,3,2.461718829465187,34,TP,fx_cross
GBPCHF,2018-07-31 09:00:00+00:00,long,2,-1.0497729226557144,12,SL,fx_cross
USDCAD,2018-07-31 17:00:00+00:00,long,2,2.4589638826185096,34,TP,fx_major
NG,2018-08-01 18:00:00+00:00,long,1,2.4762421621621638,4,TP,commodities
NZDCAD,2018-08-02 05:00:00+00:00,long,2,-1.038681253918495,2,SL,fx_cross
EURCAD,2018-08-03 13:00:00+00:00,long,1,-1.0198147368421053,29,SL,fx_cross
USDCHF,2018-08-06 09:00:00+00:00,short,3,-1.0911903267973904,1,SL,fx_major
PL,2018-08-07 06:00:00+00:00,short,3,-1.0095211428571431,13,SL,metals
USDJPY,2018-08-07 09:00:00+00:00,long,2,-1.0395662086513995,17,SL,fx_major
EURGBP,2018-08-07 09:00:00+00:00,short,4,-1.0671279356568362,1,SL,fx_cross
NZDCAD,2018-08-08 17:00:00+00:00,long,1,-1.0532048380129575,1,SL,fx_cross
USDCHF,2018-08-16 17:00:00+00:00,short,3,2.401521975308647,5,TP,fx_major
DAX,2018-08-20 06:00:00+00:00,short,3,-1.0093814726840855,20,SL,indices
GBPJPY,2018-08-21 01:00:00+00:00,short,4,-1.0278807334273612,3,SL,fx_cross
PA,2018-08-21 06:00:00+00:00,short,3,-1.0304993684210542,2,SL,metals
NQ,2018-08-21 14:00:00+00:00,short,3,2.480240995850622,2,TP,indices
EURNZD,2018-08-21 21:00:00+00:00,long,2,-1.0835911418685105,0,SAME_BAR_SL,fx_cross
CL,2018-08-22 14:00:00+00:00,short,3,-1.0076936170212765,11,SL,commodities
EURAUD,2018-08-23 13:00:00+00:00,short,3,-1.051982750582749,22,SL,fx_cross
PA,2018-08-29 10:00:00+00:00,short,3,-1.0082625753424659,1,SL,metals
NZDJPY,2018-08-29 21:00:00+00:00,short,3,2.4675995061728395,3,TP,fx_cross
GBPNZD,2018-08-30 01:00:00+00:00,short,4,-1.0258430856601983,4,SL,fx_cross
AUDJPY,2018-08-30 21:00:00+00:00,long,2,-1.0848194350282385,2,SL,fx_cross
EURJPY,2018-08-31 09:00:00+00:00,long,2,-1.0331091674290953,1,SL,fx_cross
CL,2018-08-31 10:00:00+00:00,short,3,2.4726087804878047,2,TP,commodities
NZDJPY,2018-09-02 21:00:00+00:00,long,1,-1.0245635906642723,9,SL,fx_cross
GBPUSD,2018-09-03 09:00:00+00:00,long,1,-1.0452987939698457,5,SL,fx_major
PA,2018-09-04 10:00:00+00:00,long,1,2.492727518072289,1,TP,metals
AUDUSD,2018-09-05 05:00:00+00:00,long,2,-1.0451164125560548,0,SAME_BAR_SL,fx_major
GBPJPY,2018-09-06 17:00:00+00:00,long,2,2.4575267020148455,4,TP,fx_cross
PL,2018-09-10 10:00:00+00:00,short,4,-1.0082738360655739,0,SAME_BAR_SL,metals
EURJPY,2018-09-11 05:00:00+00:00,short,3,-1.0347425503355703,13,SL,fx_cross
EURUSD,2018-09-11 09:00:00+00:00,long,1,-1.0486064921465932,0,SAME_BAR_SL,fx_major
CL,2018-09-12 14:00:00+00:00,short,3,2.494518834951456,12,TP,commodities
YM,2018-09-14 18:00:00+00:00,short,3,-1.0195979391100702,11,SL,indices
AUDUSD,2018-09-17 13:00:00+00:00,short,4,-1.02977526627219,6,SL,fx_major
EURCAD,2018-09-18 01:00:00+00:00,short,3,2.4632937575236435,10,TP,fx_cross
USDCAD,2018-09-19 13:00:00+00:00,long,1,-1.0462251946394407,5,SL,fx_major
NZDCAD,2018-09-19 13:00:00+00:00,short,3,-1.0385797752808992,6,SL,fx_cross
USDCHF,2018-09-20 09:00:00+00:00,long,2,-1.0917026235093725,1,SL,fx_major
NZDJPY,2018-09-20 13:00:00+00:00,short,3,-1.0324004938271607,3,SL,fx_cross
GBPCHF,2018-09-21 13:00:00+00:00,long,2,-1.0860039215686257,0,SAME_BAR_SL,fx_cross
EURNZD,2018-09-21 13:00:00+00:00,long,2,2.3763610050251494,4,TP,fx_cross
USDJPY,2018-09-27 09:00:00+00:00,short,3,-1.0539463481228684,1,SL,fx_major
EURUSD,2018-09-28 09:00:00+00:00,long,2,-1.054930219966154,7,SL,fx_major
EURCHF,2018-09-28 09:00:00+00:00,long,1,2.362840086767883,1,TP,fx_cross
GBPCHF,2018-10-01 09:00:00+00:00,short,4,2.405255505913268,1,TP,fx_cross
NG,2018-10-01 10:00:00+00:00,short,3,-1.006014814814815,0,SAME_BAR_SL,commodities
RTY,2018-10-01 14:00:00+00:00,long,2,-1.010711479289941,1,SL,indices
PL,2018-10-02 10:00:00+00:00,short,3,-1.014448432432432,7,SL,metals
NZDUSD,2018-10-03 17:00:00+00:00,long,2,-1.031183686006826,1,SL,fx_major
GBPNZD,2018-10-04 05:00:00+00:00,short,4,-1.0345988344699308,1,SL,fx_cross
DAX,2018-10-04 10:00:00+00:00,short,3,2.487546835443038,4,TP,indices
ES,2018-10-04 14:00:00+00:00,long,1,-1.0193683333333334,0,SAME_BAR_SL,indices
SI,2018-10-04 14:00:00+00:00,long,2,-1.0042352941176471,11,SL,metals
AUDNZD,2018-10-05 09:00:00+00:00,short,3,-1.1101397122301981,1,SL,fx_cross
CHFJPY,2018-10-05 13:00:00+00:00,long,2,-1.0815662086513935,4,SL,fx_cross
EURJPY,2018-10-08 17:00:00+00:00,long,2,2.3507311934156,1,TP,fx_cross
EURJPY,2018-10-09 09:00:00+00:00,long,2,-1.1492688065844001,0,SAME_BAR_SL,fx_cross
GBPJPY,2018-10-10 13:00:00+00:00,short,3,2.4418099164345373,1,TP,fx_cross
CADJPY,2018-10-10 17:00:00+00:00,long,2,-1.0339707152875177,0,SAME_BAR_SL,fx_cross
ES,2018-10-10 18:00:00+00:00,long,2,-1.0143022222222222,0,SAME_BAR_SL,indices
EURUSD,2018-10-11 09:00:00+00:00,short,3,-1.0640381027668004,0,SAME_BAR_SL,fx_major
GBPCAD,2018-10-11 17:00:00+00:00,short,3,2.471940349243306,21,TP,fx_cross
YM,2018-10-11 18:00:00+00:00,long,2,-1.016461930184805,0,SAME_BAR_SL,indices
HG,2018-10-11 18:00:00+00:00,long,2,-1.004248674698795,72,SL,metals
PL,2018-10-15 06:00:00+00:00,short,3,-1.0271808,0,SAME_BAR_SL,metals
USDCAD,2018-10-15 13:00:00+00:00,long,1,-1.1167176848874618,5,SL,fx_major
EURNZD,2018-10-19 05:00:00+00:00,long,2,-1.0900011786372,0,SAME_BAR_SL,fx_cross
NQ,2018-10-22 22:00:00+00:00,long,1,-1.0120703830911493,1,SL,indices
EURCHF,2018-10-23 01:00:00+00:00,long,2,-1.0489631240428778,7,SL,fx_cross
CL,2018-10-23 10:00:00+00:00,long,2,-1.0158154744525547,1,SL,commodities
EURUSD,2018-10-24 05:00:00+00:00,long,2,-1.0414933852140036,1,SL,fx_major
EURCAD,2018-10-24 13:00:00+00:00,long,1,-1.0636140350877228,0,SAME_BAR_SL,fx_cross
GBPUSD,2018-10-25 13:00:00+00:00,long,2,-1.0317670026525187,16,SL,fx_major
NZDUSD,2018-10-26 01:00:00+00:00,long,1,2.4644756164383557,7,TP,fx_major
CADCHF,2018-10-26 05:00:00+00:00,long,1,-1.0380839964317568,80,SL,fx_cross
PL,2018-10-29 10:00:00+00:00,short,3,-1.0179669333333339,16,SL,metals
GBPAUD,2018-10-30 13:00:00+00:00,long,1,-1.0227693508851565,70,SL,fx_cross
GBPCAD,2018-10-30 13:00:00+00:00,long,1,2.469037431314135,8,TP,fx_cross
NQ,2018-10-31 10:00:00+00:00,short,3,-1.00923841995842,1,SL,indices
PL,2018-11-01 06:00:00+00:00,short,3,-1.014325894736842,1,SL,metals
GBPCHF,2018-11-01 13:00:00+00:00,short,3,-1.0408998090960138,8,SL,fx_cross
GBPCAD,2018-11-01 17:00:00+00:00,short,3,-1.0228127586206897,13,SL,fx_cross
AUDUSD,2018-11-02 01:00:00+00:00,short,3,-1.072010818505333,0,SAME_BAR_SL,fx_major
GBPUSD,2018-11-05 18:00:00+00:00,short,3,-1.0349293307839385,6,SL,fx_major
YM,2018-11-05 23:00:00+00:00,short,3,-1.0076386129334582,6,SL,indices
ES,2018-11-06 11:00:00+00:00,short,3,-1.0093275331564986,3,SL,indices
NZDUSD,2018-11-06 22:00:00+00:00,short,3,-1.0427974603174601,0,SAME_BAR_SL,fx_major
NKD,2018-11-07 07:00:00+00:00,short,3,-1.0051234657039712,3,SL,indices
GBPJPY,2018-11-08 02:00:00+00:00,short,3,2.4418099164345373,7,TP,fx_cross
USDJPY,2018-11-08 14:00:00+00:00,short,3,-1.10246739549839,0,SAME_BAR_SL,fx_major
SI,2018-11-09 07:00:00+00:00,long,1,-1.0164114285714285,1,SL,metals
ES,2018-11-09 19:00:00+00:00,short,4,2.4839351351351353,5,TP,indices
EURJPY,2018-11-11 22:00:00+00:00,short,4,2.447844040404039,2,TP,fx_cross
GBPNZD,2018-11-11 22:00:00+00:00,long,1,-1.0441427283900049,1,SL,fx_cross
GBPNZD,2018-11-12 06:00:00+00:00,long,2,-1.0274189516747636,13,SL,fx_cross
EURGBP,2018-11-12 14:00:00+00:00,long,1,-1.0424227975673315,5,SL,fx_cross
CL,2018-11-12 19:00:00+00:00,long,2,-1.0102057754010696,0,SAME_BAR_SL,commodities
GBPCAD,2018-11-15 06:00:00+00:00,long,1,-1.0345462906724512,0,SAME_BAR_SL,fx_cross
EURGBP,2018-11-15 06:00:00+00:00,short,3,-1.0715053061224433,0,SAME_BAR_SL,fx_cross
GBPAUD,2018-11-15 14:00:00+00:00,long,2,2.4420769811320757,4,TP,fx_cross
EURNZD,2018-11-16 14:00:00+00:00,long,2,2.4473777576443947,4,TP,fx_cross
CHFJPY,2018-11-19 10:00:00+00:00,short,3,-1.1082118771331035,3,SL,fx_cross
AUDUSD,2018-11-20 18:00:00+00:00,long,1,-1.0342732318104915,1,SL,fx_major
CADJPY,2018-11-22 14:00:00+00:00,short,4,-1.0389143135662047,10,SL,fx_cross
PA,2018-11-23 15:00:00+00:00,long,1,2.4937905840707963,11,TP,metals
NQ,2018-11-28 15:00:00+00:00,short,3,-1.0067531797235023,13,SL,indices
EURNZD,2018-11-29 06:00:00+00:00,long,2,2.400991282051282,2,TP,fx_cross
SI,2018-11-30 11:00:00+00:00,long,2,2.4900342857142856,5,TP,metals
NKD,2018-12-02 23:00:00+00:00,short,4,-1.018643116883117,0,SAME_BAR_SL,indices
GBPCAD,2018-12-03 10:00:00+00:00,long,1,2.418196998254796,1,TP,fx_cross
NQ,2018-12-03 15:00:00+00:00,short,3,2.4898770122630993,6,TP,indices
NG,2018-12-03 15:00:00+00:00,long,1,2.4968776201372997,5,TP,commodities
AUDJPY,2018-12-05 22:00:00+00:00,long,1,-1.041198055805579,1,SL,fx_cross
HG,2018-12-06 07:00:00+00:00,long,1,-1.0097404444444444,0,SAME_BAR_SL,metals
NG,2018-12-07 07:00:00+00:00,long,1,2.4968776201372997,2,TP,commodities
NQ,2018-12-09 23:00:00+00:00,long,1,-1.0283399326599327,0,SAME_BAR_SL,indices
EURCAD,2018-12-10 10:00:00+00:00,short,3,-1.0192995833333334,37,SL,fx_cross
CADJPY,2018-12-10 14:00:00+00:00,long,1,2.447285625000001,11,TP,fx_cross
EURCHF,2018-12-10 14:00:00+00:00,long,2,-1.0835333333333357,0,SAME_BAR_SL,fx_cross
NZDCAD,2018-12-10 14:00:00+00:00,short,3,2.4820256803907887,92,TP,fx_cross
EURGBP,2018-12-10 14:00:00+00:00,short,4,2.395358353909472,1,TP,fx_cross
AUDUSD,2018-12-12 06:00:00+00:00,long,2,2.429451748251745,6,TP,fx_major
PA,2018-12-12 07:00:00+00:00,short,3,-1.013477142857143,0,SAME_BAR_SL,metals
NG,2018-12-12 11:00:00+00:00,long,2,-1.005491570247934,2,SL,commodities
GBPJPY,2018-12-12 14:00:00+00:00,short,3,-1.0522797916666686,4,SL,fx_cross
DAX,2018-12-13 12:00:00+00:00,short,3,2.475134184397163,3,TP,indices
NG,2018-12-13 15:00:00+00:00,long,2,-1.0036446408839779,3,SL,commodities
HG,2018-12-14 07:00:00+00:00,long,1,-1.0076521739130435,7,SL,metals
GBPUSD,2018-12-14 10:00:00+00:00,long,2,2.4762580453161984,37,TP,fx_major
PL,2018-12-14 11:00:00+00:00,long,2,2.4843319999999998,7,TP,metals
AUDNZD,2018-12-18 06:00:00+00:00,long,1,-1.0766578590078284,0,SAME_BAR_SL,fx_cross
CHFJPY,2018-12-18 22:00:00+00:00,long,2,-1.0376136654804275,7,SL,fx_cross
EURUSD,2018-12-19 10:00:00+00:00,short,4,-1.0678253927813133,1,SL,fx_major
EURNZD,2018-12-19 18:00:00+00:00,short,3,-1.0795442857142932,0,SAME_BAR_SL,fx_cross
GBPCAD,2018-12-20 06:00:00+00:00,short,4,-1.0479265731462943,2,SL,fx_cross
EURGBP,2018-12-20 06:00:00+00:00,short,3,2.467367633784655,37,TP,fx_cross
AUDNZD,2018-12-23 22:00:00+00:00,long,2,-1.03882493712773,36,SL,fx_cross
GBPCHF,2018-12-24 02:00:00+00:00,short,4,2.4312826510721286,4,TP,fx_cross
NKD,2018-12-26 15:00:00+00:00,short,4,-1.0073562790697674,1,SL,indices
USDJPY,2018-12-26 18:00:00+00:00,short,4,-1.108712447552447,0,SAME_BAR_SL,fx_major
CADJPY,2018-12-26 18:00:00+00:00,short,4,-1.0502432491767288,0,SAME_BAR_SL,fx_cross
GBPCAD,2018-12-27 14:00:00+00:00,short,4,-1.1078262499999991,0,SAME_BAR_SL,fx_cross
GBPJPY,2018-12-28 02:00:00+00:00,long,2,-1.0479436674816602,1,SL,fx_cross
NQ,2018-12-28 07:00:00+00:00,short,3,2.4921968522072935,12,TP,indices
AUDCHF,2018-12-28 14:00:00+00:00,long,2,-1.0224946891342244,14,SL,fx_cross
NG,2018-12-30 23:00:00+00:00,long,2,-1.0052077157360406,0,SAME_BAR_SL,commodities
GBPUSD,2019-01-02 06:00:00+00:00,long,2,-1.1361465134099733,1,SL,fx_major
GBPNZD,2019-01-02 06:00:00+00:00,long,2,-1.076959302325579,2,SL,fx_cross
GBPCAD,2019-01-02 06:00:00+00:00,long,1,-1.0387826309476225,1,SL,fx_cross
NG,2019-01-02 11:00:00+00:00,long,2,-1.005947515923567,6,SL,commodities
EURCAD,2019-01-02 14:00:00+00:00,long,1,-1.1253905643994135,0,SAME_BAR_SL,fx_cross
EURCHF,2019-01-02 22:00:00+00:00,long,2,2.4405668181818174,4,TP,fx_cross
GBPUSD,2019-01-02 22:00:00+00:00,long,2,-1.0237419546838014,0,SAME_BAR_SL,fx_major
CADCHF,2019-01-03 10:00:00+00:00,short,3,-1.0525721649484552,1,SL,fx_cross
AUDNZD,2019-01-04 06:00:00+00:00,short,3,-1.1098446268656619,1,SL,fx_cross
EURUSD,2019-01-04 14:00:00+00:00,short,4,-1.0417649246889322,3,SL,fx_major
EURUSD,2019-01-08 14:00:00+00:00,short,4,-1.047044111600586,4,SL,fx_major
GBPNZD,2019-01-08 18:00:00+00:00,short,3,2.466643324937028,14,TP,fx_cross
GBPCHF,2019-01-09 06:00:00+00:00,short,4,-1.037150031813363,13,SL,fx_cross
NZDCHF,2019-01-09 22:00:00+00:00,long,2,2.4577768949771692,4,TP,fx_cross
EURGBP,2019-01-11 14:00:00+00:00,long,2,-1.0367992972181546,0,SAME_BAR_SL,fx_cross
YM,2019-01-11 15:00:00+00:00,short,3,2.478251818181818,4,TP,indices
AUDCHF,2019-01-17 18:00:00+00:00,short,3,2.4609812085769986,26,TP,fx_cross
DAX,2019-01-18 12:00:00+00:00,short,4,-1.0823245977011495,0,SAME_BAR_SL,indices
EURAUD,2019-01-18 14:00:00+00:00,long,2,2.36211943837755,1,TP,fx_cross
NQ,2019-01-22 19:00:00+00:00,long,2,-1.0144828620102215,5,SL,indices
EURJPY,2019-01-22 22:00:00+00:00,short,4,-1.1016865306122396,1,SL,fx_cross
AUDJPY,2019-01-23 14:00:00+00:00,long,2,-1.0217072222222225,5,SL,fx_cross
EURUSD,2019-01-24 06:00:00+00:00,long,2,-1.1832991354466815,0,SAME_BAR_SL,fx_major
EURUSD,2019-01-30 18:00:00+00:00,short,3,-1.1683107853403465,0,SAME_BAR_SL,fx_major
CHFJPY,2019-01-31 22:00:00+00:00,long,2,2.4460930985915477,4,TP,fx_cross
EURUSD,2019-02-04 14:00:00+00:00,long,2,-1.0501329365700838,8,SL,fx_major
EURAUD,2019-02-05 02:00:00+00:00,long,2,2.3981666512702065,5,TP,fx_cross
CHFJPY,2019-02-05 10:00:00+00:00,long,1,-1.0623519675456359,5,SL,fx_cross
HG,2019-02-06 07:00:00+00:00,short,3,-1.006969846153846,54,SL,metals
NZDUSD,2019-02-06 18:00:00+00:00,long,2,-1.0541600000000024,0,SAME_BAR_SL,fx_major
PL,2019-02-06 23:00:00+00:00,long,1,-1.0161439999999995,3,SL,metals
USDCHF,2019-02-10 22:00:00+00:00,short,3,2.3644209112710195,1,TP,fx_major
CHFJPY,2019-02-10 22:00:00+00:00,long,2,-1.0539069014084523,0,SAME_BAR_SL,fx_cross
NG,2019-02-11 03:00:00+00:00,short,4,-1.005618947368421,2,SL,commodities
USDCAD,2019-02-11 14:00:00+00:00,short,3,2.3810665390749897,4,TP,fx_major
NZDCHF,2019-02-12 22:00:00+00:00,short,4,-1.0453408037825063,0,SAME_BAR_SL,fx_cross
AUDNZD,2019-02-12 22:00:00+00:00,long,2,-1.0738637185929671,0,SAME_BAR_SL,fx_cross
CADJPY,2019-02-13 02:00:00+00:00,short,3,-1.1280778142076553,0,SAME_BAR_SL,fx_cross
NZDCHF,2019-02-13 02:00:00+00:00,short,4,-1.0430375000000018,14,SL,fx_cross
AUDNZD,2019-02-13 02:00:00+00:00,long,2,-1.040669415041783,8,SL,fx_cross
USDCAD,2019-02-14 14:00:00+00:00,short,3,-1.1189334609250103,0,SAME_BAR_SL,fx_major
NQ,2019-02-14 15:00:00+00:00,short,3,2.474760336134454,3,TP,indices
CL,2019-02-14 15:00:00+00:00,short,3,-1.0104124550898204,2,SL,commodities
RTY,2019-02-14 15:00:00+00:00,short,3,-1.02508994923858,0,SAME_BAR_SL,indices
ES,2019-02-14 19:00:00+00:00,short,3,2.474250510948905,1,TP,indices
NQ,2019-02-15 11:00:00+00:00,short,3,-1.0101229877369007,35,SL,indices
ES,2019-02-15 11:00:00+00:00,short,3,-1.025749489051095,0,SAME_BAR_SL,indices
ES,2019-02-15 19:00:00+00:00,short,3,-1.0153131034482759,17,SL,indices
NZDUSD,2019-02-18 02:00:00+00:00,short,3,2.4570048606466006,6,TP,fx_major
EURAUD,2019-02-19 14:00:00+00:00,long,2,-1.0708460431654638,8,SL,fx_cross
AUDJPY,2019-02-19 22:00:00+00:00,short,4,-1.0573689690721642,6,SL,fx_cross
GBPJPY,2019-02-19 22:00:00+00:00,short,3,-1.0286212129760213,22,SL,fx_cross
ES,2019-02-21 15:00:00+00:00,short,3,-1.010407485380117,8,SL,indices
AUDNZD,2019-02-22 14:00:00+00:00,long,1,-1.063397958740497,2,SL,fx_cross
PL,2019-02-22 15:00:00+00:00,short,3,-1.009826909090909,3,SL,metals
AUDJPY,2019-02-24 22:00:00+00:00,short,4,-1.012972131147541,206,SL,fx_cross
AUDCHF,2019-02-25 06:00:00+00:00,short,4,-1.0151166201433421,218,SL,fx_cross
ES,2019-02-25 11:00:00+00:00,short,3,2.4797152542372882,13,TP,indices
GBPCAD,2019-02-26 06:00:00+00:00,short,3,-1.0660495445275322,0,SAME_BAR_SL,fx_cross
AUDNZD,2019-02-26 22:00:00+00:00,long,2,-1.0439933634992435,24,SL,fx_cross
CL,2019-02-27 15:00:00+00:00,short,4,-1.00928,9,SL,commodities
SI,2019-03-01 15:00:00+00:00,long,1,-1.016183606557377,0,SAME_BAR_SL,metals
NQ,2019-03-01 19:00:00+00:00,short,3,-1.0158236395147313,1,SL,indices
CADJPY,2019-03-04 10:00:00+00:00,long,1,-1.033357108433735,9,SL,fx_cross
EURCHF,2019-03-05 14:00:00+00:00,long,2,-1.1030227272727209,13,SL,fx_cross
EURJPY,2019-03-07 10:00:00+00:00,long,2,-1.0444412610340477,1,SL,fx_cross
CHFJPY,2019-03-07 14:00:00+00:00,long,2,-1.0501209061488654,1,SL,fx_cross
CHFJPY,2019-03-08 02:00:00+00:00,long,2,2.4374776470588264,20,TP,fx_cross
USDJPY,2019-03-08 10:00:00+00:00,long,2,2.4244967396593675,9,TP,fx_major
NQ,2019-03-11 10:00:00+00:00,short,4,-1.0161594306049822,1,SL,indices
USDCHF,2019-03-11 13:00:00+00:00,short,4,-1.2078999999999958,0,SAME_BAR_SL,fx_major
ES,2019-03-11 14:00:00+00:00,short,4,-1.0155897797356828,0,SAME_BAR_SL,indices
ES,2019-03-11 18:00:00+00:00,short,4,-1.0138645914396887,5,SL,indices
CL,2019-03-12 06:00:00+00:00,short,4,-1.0163857142857147,7,SL,commodities
CL,2019-03-13 14:00:00+00:00,short,3,-1.0101608791208792,1,SL,commodities
GBPJPY,2019-03-13 17:00:00+00:00,short,3,-1.0763611049723747,0,SAME_BAR_SL,fx_cross
EURJPY,2019-03-14 01:00:00+00:00,short,4,-1.06507860036832,1,SL,fx_cross
HG,2019-03-15 06:00:00+00:00,long,2,-1.0077506666666667,31,SL,metals
USDJPY,2019-03-18 21:00:00+00:00,long,2,-1.0489859119496858,11,SL,fx_major
USDCAD,2019-03-21 09:00:00+00:00,short,3,-1.0737462450592907,0,SAME_BAR_SL,fx_major
GBPCAD,2019-03-21 13:00:00+00:00,long,2,2.458640406607369,4,TP,fx_cross
NG,2019-03-21 22:00:00+00:00,long,2,-1.009711304347826,0,SAME_BAR_SL,commodities
CL,2019-03-22 10:00:00+00:00,long,2,-1.0054648991354467,1,SL,commodities
YM,2019-03-22 14:00:00+00:00,long,2,-1.0206146095717885,2,SL,indices
GBPNZD,2019-03-26 13:00:00+00:00,long,2,2.4667644085687677,3,TP,fx_cross
NZDUSD,2019-03-27 01:00:00+00:00,long,1,-1.0659414432989698,0,SAME_BAR_SL,fx_major
EURNZD,2019-03-27 05:00:00+00:00,short,4,-1.0339131578947383,42,SL,fx_cross
SI,2019-03-27 06:00:00+00:00,long,2,-1.0084937931034483,4,SL,metals
SI,2019-03-28 10:00:00+00:00,long,1,-1.0136788732394364,0,SAME_BAR_SL,metals
EURAUD,2019-04-02 01:00:00+00:00,long,2,2.455672024169185,1,TP,fx_cross
SI,2019-04-02 10:00:00+00:00,long,1,-1.0048930612244897,84,SL,metals
GBPUSD,2019-04-03 05:00:00+00:00,short,4,2.4566368507638083,8,TP,fx_major
HG,2019-04-03 14:00:00+00:00,short,4,2.4764160000000004,5,TP,metals
HG,2019-04-09 14:00:00+00:00,short,3,-1.0087516279069766,35,SL,metals
EURAUD,2019-04-10 17:00:00+00:00,long,2,2.455672024169185,8,TP,fx_cross
EURNZD,2019-04-10 21:00:00+00:00,short,4,-1.048996474291709,3,SL,fx_cross
NQ,2019-04-12 06:00:00+00:00,short,4,-1.0353039711191336,1,SL,indices
NQ,2019-04-15 18:00:00+00:00,short,3,-1.031356923076923,1,SL,indices
USDCHF,2019-04-16 09:00:00+00:00,short,4,-1.2071958823528692,1,SL,fx_major
EURNZD,2019-04-16 21:00:00+00:00,short,3,-1.0669522617354208,0,SAME_BAR_SL,fx_cross
EURGBP,2019-04-17 05:00:00+00:00,short,4,-1.0864406417112316,0,SAME_BAR_SL,fx_cross
EURAUD,2019-04-17 17:00:00+00:00,long,1,2.4765333049720826,73,TP,fx_cross
NKD,2019-04-22 02:00:00+00:00,short,3,-1.0173346341463414,9,SL,indices
EURCHF,2019-04-22 13:00:00+00:00,short,3,-1.0614461479346766,4,SL,fx_cross
USDCAD,2019-04-23 01:00:00+00:00,short,4,-1.0848139682539677,2,SL,fx_major
ES,2019-04-23 10:00:00+00:00,short,3,-1.0216911627906977,1,SL,indices
EURCAD,2019-04-24 01:00:00+00:00,short,3,-1.1102490861618735,3,SL,fx_cross
AUDCAD,2019-04-24 01:00:00+00:00,long,2,-1.0590392896781387,0,SAME_BAR_SL,fx_cross
CHFJPY,2019-04-24 13:00:00+00:00,long,1,-1.0540794366197173,6,SL,fx_cross
NKD,2019-04-25 02:00:00+00:00,short,3,-1.017408780487805,11,SL,indices
SI,2019-04-25 10:00:00+00:00,long,1,-1.0104545054945056,25,SL,metals
HG,2019-04-29 06:00:00+00:00,short,3,-1.0119824516129032,7,SL,metals
NQ,2019-04-29 06:00:00+00:00,short,4,2.4819570556552963,8,TP,indices
PA,2019-04-29 10:00:00+00:00,long,1,-1.0087496699029124,1,SL,metals
DAX,2019-04-29 12:00:00+00:00,short,3,-1.0152813926499034,11,SL,indices
YM,2019-04-30 10:00:00+00:00,short,3,2.483380625,13,TP,indices
GBPJPY,2019-04-30 13:00:00+00:00,short,3,-1.044304662309368,9,SL,fx_cross
CADCHF,2019-05-01 01:00:00+00:00,short,3,2.447731960784315,3,TP,fx_cross
CHFJPY,2019-05-01 17:00:00+00:00,long,2,-1.0353238709677421,13,SL,fx_cross
NKD,2019-05-02 02:00:00+00:00,short,4,-1.0185475324675324,8,SL,indices
DAX,2019-05-02 16:00:00+00:00,short,3,-1.0073166202414112,5,SL,indices
EURNZD,2019-05-03 17:00:00+00:00,short,4,-1.044207490636705,1,SL,fx_cross
USDCAD,2019-05-07 09:00:00+00:00,short,4,-1.060002418456642,13,SL,fx_major
NQ,2019-05-07 10:00:00+00:00,long,2,-1.012086364749082,1,SL,indices
GBPCHF,2019-05-08 05:00:00+00:00,long,2,-1.0487588990825671,1,SL,fx_cross
GBPUSD,2019-05-08 09:00:00+00:00,long,2,-1.034312440056417,5,SL,fx_major
EURGBP,2019-05-09 13:00:00+00:00,short,3,2.390264126984128,1,TP,fx_cross
GBPCAD,2019-05-10 09:00:00+00:00,long,2,-1.1259992783505264,0,SAME_BAR_SL,fx_cross
DAX,2019-05-15 12:00:00+00:00,short,3,-1.0078401621073962,6,SL,indices
SI,2019-05-16 10:00:00+00:00,long,2,-1.0064745205479453,1,SL,metals
USDCAD,2019-05-16 17:00:00+00:00,short,4,-1.0479555216284988,4,SL,fx_major
EURCAD,2019-05-17 13:00:00+00:00,long,1,-1.0568094751009434,0,SAME_BAR_SL,fx_cross
GBPCAD,2019-05-21 09:00:00+00:00,long,2,2.460025716680637,1,TP,fx_cross
CHFJPY,2019-05-21 09:00:00+00:00,short,4,-1.0778485496183148,1,SL,fx_cross
GBPCAD,2019-05-21 17:00:00+00:00,long,2,-1.039974283319363,3,SL,fx_cross
GBPNZD,2019-05-22 13:00:00+00:00,long,1,2.4101021965317844,1,TP,fx_cross
DAX,2019-05-23 08:00:00+00:00,long,2,-1.0094707311028501,25,SL,indices
AUDJPY,2019-05-23 09:00:00+00:00,long,2,-1.0287929843643768,35,SL,fx_cross
EURCHF,2019-05-23 09:00:00+00:00,long,2,-1.1183529943503088,1,SL,fx_cross
CADCHF,2019-05-23 13:00:00+00:00,long,2,-1.0574701928374617,32,SL,fx_cross
NZDCAD,2019-05-24 09:00:00+00:00,short,3,-1.0499990263691674,14,SL,fx_cross
GBPCAD,2019-05-27 09:00:00+00:00,long,2,-1.0326794258373206,19,SL,fx_cross
NKD,2019-05-28 22:00:00+00:00,long,2,-1.0085462420382165,4,SL,indices
HG,2019-05-29 06:00:00+00:00,long,2,-1.0148396521739127,6,SL,metals
EURNZD,2019-05-30 05:00:00+00:00,long,2,2.379941909547735,2,TP,fx_cross
GBPAUD,2019-05-30 05:00:00+00:00,long,1,-1.078382782475022,8,SL,fx_cross
NZDCHF,2019-05-30 21:00:00+00:00,long,1,-1.0428570093457938,6,SL,fx_cross
GBPCAD,2019-05-31 09:00:00+00:00,long,2,-1.0406527536231869,26,SL,fx_cross
NG,2019-05-31 10:00:00+00:00,long,1,-1.0130529032258067,0,SAME_BAR_SL,commodities
EURNZD,2019-06-03 05:00:00+00:00,long,2,-1.1200580904522652,0,SAME_BAR_SL,fx_cross
CHFJPY,2019-06-03 05:00:00+00:00,short,4,-1.055997937384898,3,SL,fx_cross
NQ,2019-06-03 14:00:00+00:00,long,2,2.491876007259528,7,TP,indices
EURUSD,2019-06-03 17:00:00+00:00,short,3,-1.139189734513265,0,SAME_BAR_SL,fx_major
DAX,2019-06-04 08:00:00+00:00,short,3,-1.0142784962406015,0,SAME_BAR_SL,indices
AUDNZD,2019-06-04 09:00:00+00:00,long,2,-1.0969954828150634,4,SL,fx_cross
PA,2019-06-04 10:00:00+00:00,short,3,-1.007910222222222,1,SL,metals
CHFJPY,2019-06-05 05:00:00+00:00,short,3,-1.1257534156378626,1,SL,fx_cross
GBPAUD,2019-06-06 05:00:00+00:00,long,2,2.436250526315785,7,TP,fx_cross
ES,2019-06-06 18:00:00+00:00,short,4,-1.035689411764706,0,SAME_BAR_SL,indices
NKD,2019-06-07 06:00:00+00:00,short,4,-1.02848,0,SAME_BAR_SL,indices
GBPAUD,2019-06-07 13:00:00+00:00,long,2,2.436250526315785,10,TP,fx_cross
NZDCAD,2019-06-09 21:00:00+00:00,long,1,-1.038741818181819,2,SL,fx_cross
GBPNZD,2019-06-10 05:00:00+00:00,short,3,-1.0402605551387838,6,SL,fx_cross
GBPCAD,2019-06-11 09:00:00+00:00,long,1,2.448921083423619,6,TP,fx_cross
CHFJPY,2019-06-13 01:00:00+00:00,long,2,-1.0561309760589312,9,SL,fx_cross
GBPNZD,2019-06-13 13:00:00+00:00,short,3,-1.0500437303785763,3,SL,fx_cross
PL,2019-06-13 14:00:00+00:00,short,4,-1.0068126315789474,4,SL,metals
EURUSD,2019-06-14 09:00:00+00:00,long,2,-1.0321669494123662,11,SL,fx_major
NQ,2019-06-17 22:00:00+00:00,short,3,-1.0140972343522563,2,SL,indices
ES,2019-06-18 06:00:00+00:00,short,3,-1.0198639572192514,1,SL,indices
YM,2019-06-20 18:00:00+00:00,short,3,-1.034639028340081,0,SAME_BAR_SL,indices
NZDJPY,2019-06-21 09:00:00+00:00,long,2,2.4667054974704885,9,TP,fx_cross
GBPUSD,2019-06-21 17:00:00+00:00,short,3,-1.0737729058945202,3,SL,fx_major
YM,2019-06-23 22:00:00+00:00,short,3,-1.0079722388059702,46,SL,indices
RTY,2019-06-25 10:00:00+00:00,long,1,-1.0179988235294124,3,SL,indices
NQ,2019-06-25 10:00:00+00:00,short,4,2.4821868581687614,1,TP,indices
PL,2019-06-25 10:00:00+00:00,short,3,-1.007689411764706,18,SL,metals
GBPCAD,2019-06-25 17:00:00+00:00,long,2,-1.040876577913574,4,SL,fx_cross
CL,2019-06-25 18:00:00+00:00,short,3,-1.0042093959731544,5,SL,commodities
CADCHF,2019-06-27 13:00:00+00:00,short,3,-1.0420022489959841,9,SL,fx_cross
GBPUSD,2019-06-28 05:00:00+00:00,short,4,2.4662119124643196,30,TP,fx_major
EURCAD,2019-06-28 09:00:00+00:00,long,2,-1.1224788252569793,0,SAME_BAR_SL,fx_cross
ES,2019-06-28 14:00:00+00:00,short,4,-1.0212899435028249,1,SL,indices
RTY,2019-06-28 18:00:00+00:00,short,3,-1.026201666666667,1,SL,indices
NQ,2019-06-30 22:00:00+00:00,short,4,-1.0178131418312388,0,SAME_BAR_SL,indices
AUDJPY,2019-07-02 05:00:00+00:00,long,2,-1.0567266487935627,2,SL,fx_cross
EURNZD,2019-07-02 21:00:00+00:00,long,2,-1.068586415640843,2,SL,fx_cross
AUDJPY,2019-07-02 21:00:00+00:00,long,1,-1.0833735968379399,1,SL,fx_cross
NZDCHF,2019-07-02 21:00:00+00:00,short,3,-1.0411162500000017,4,SL,fx_cross
EURAUD,2019-07-03 05:00:00+00:00,long,2,-1.0446650569025224,2,SL,fx_cross
RTY,2019-07-03 06:00:00+00:00,short,4,-1.0158203154574132,2,SL,indices
GBPUSD,2019-07-05 09:00:00+00:00,long,2,-1.0410213084112143,1,SL,fx_major
PA,2019-07-05 10:00:00+00:00,short,3,2.485647085714286,11,TP,metals
GBPNZD,2019-07-08 05:00:00+00:00,long,1,-1.051574740957967,15,SL,fx_cross
RTY,2019-07-10 10:00:00+00:00,short,3,2.4800266666666664,7,TP,indices
AUDCHF,2019-07-11 01:00:00+00:00,long,2,2.458196395222584,16,TP,fx_cross
USDCHF,2019-07-11 01:00:00+00:00,long,2,2.392202187500005,3,TP,fx_major
EURUSD,2019-07-11 01:00:00+00:00,short,4,-1.2091321854303851,2,SL,fx_major
GBPNZD,2019-07-12 01:00:00+00:00,long,2,-1.0572487145969487,6,SL,fx_cross
CADCHF,2019-07-12 01:00:00+00:00,short,3,2.4667089655172405,32,TP,fx_cross
NZDUSD,2019-07-15 01:00:00+00:00,short,3,-1.0499293617021308,1,SL,fx_major
EURGBP,2019-07-17 17:00:00+00:00,short,3,2.457556607892527,27,TP,fx_cross
EURUSD,2019-07-19 09:00:00+00:00,long,2,-1.1002641148325394,2,SL,fx_major
GBPCHF,2019-07-22 05:00:00+00:00,long,2,-1.123482014388489,0,SAME_BAR_SL,fx_cross
AUDJPY,2019-07-22 13:00:00+00:00,long,1,-1.0567031691078537,2,SL,fx_cross
NKD,2019-07-22 22:00:00+00:00,short,3,-1.0204943283582089,0,SAME_BAR_SL,indices
GBPUSD,2019-07-23 05:00:00+00:00,long,2,-1.030366317626527,23,SL,fx_major
AUDUSD,2019-07-23 13:00:00+00:00,long,2,-1.1589674493927,0,SAME_BAR_SL,fx_major
RTY,2019-07-24 14:00:00+00:00,short,3,-1.0192207633587789,1,SL,indices
NG,2019-07-24 18:00:00+00:00,long,1,2.4849191489361706,4,TP,commodities
EURGBP,2019-07-26 05:00:00+00:00,short,4,-1.0433970934256047,3,SL,fx_cross
NG,2019-07-26 10:00:00+00:00,long,1,-1.0150808510638296,0,SAME_BAR_SL,commodities
GBPCHF,2019-07-28 21:00:00+00:00,long,2,-1.0747980021715566,1,SL,fx_cross
GBPCAD,2019-07-29 05:00:00+00:00,long,2,-1.0326416080402006,1,SL,fx_cross
AUDJPY,2019-07-30 01:00:00+00:00,long,1,-1.0814778294573524,0,SAME_BAR_SL,fx_cross
CHFJPY,2019-07-30 09:00:00+00:00,short,3,2.416550869565223,12,TP,fx_cross
AUDJPY,2019-07-31 13:00:00+00:00,long,2,-1.0337308622078973,1,SL,fx_cross
EURJPY,2019-07-31 17:00:00+00:00,long,2,-1.0357598303287365,4,SL,fx_cross
GBPCHF,2019-08-01 05:00:00+00:00,long,2,-1.0379293879842788,3,SL,fx_cross
AUDJPY,2019-08-01 13:00:00+00:00,long,2,-1.0404662768031185,1,SL,fx_cross
NZDJPY,2019-08-01 17:00:00+00:00,long,2,-1.0332945025295115,1,SL,fx_cross
GBPAUD,2019-08-02 09:00:00+00:00,short,3,-1.0340337813985052,4,SL,fx_cross
SI,2019-08-05 02:00:00+00:00,short,4,-1.0109299999999999,0,SAME_BAR_SL,metals
ES,2019-08-05 02:00:00+00:00,long,2,-1.0170986175115206,2,SL,indices
CHFJPY,2019-08-06 01:00:00+00:00,short,3,-1.1262373662551466,0,SAME_BAR_SL,fx_cross
AUDJPY,2019-08-07 01:00:00+00:00,long,2,-1.0180352201257856,0,SAME_BAR_SL,fx_cross
GBPJPY,2019-08-07 09:00:00+00:00,long,2,-1.022283016069222,12,SL,fx_cross
EURCAD,2019-08-13 09:00:00+00:00,short,4,2.4589661447562783,1,TP,fx_cross
EURJPY,2019-08-14 13:00:00+00:00,long,2,-1.0380787096774182,12,SL,fx_cross
USDJPY,2019-08-15 09:00:00+00:00,long,2,-1.04856602291326,37,SL,fx_major
GBPJPY,2019-08-15 21:00:00+00:00,long,2,2.4799792972671493,27,TP,fx_cross
CHFJPY,2019-08-16 01:00:00+00:00,long,2,-1.0648989743589758,25,SL,fx_cross
EURGBP,2019-08-19 13:00:00+00:00,long,1,-1.0420792105263168,6,SL,fx_cross
AUDJPY,2019-08-20 05:00:00+00:00,long,2,-1.040990182555779,2,SL,fx_cross
RTY,2019-08-21 06:00:00+00:00,short,3,-1.028922634730541,1,SL,indices
CADJPY,2019-08-21 09:00:00+00:00,short,3,2.4570191969407285,13,TP,fx_cross
AUDUSD,2019-08-22 01:00:00+00:00,long,2,-1.0668276543209896,3,SL,fx_major
GBPJPY,2019-08-23 13:00:00+00:00,long,2,-1.0285463091482643,2,SL,fx_cross
PL,2019-08-23 14:00:00+00:00,short,3,-1.0102482962962962,0,SAME_BAR_SL,metals
NZDCAD,2019-08-25 21:00:00+00:00,long,2,-1.0667384528832635,0,SAME_BAR_SL,fx_cross
CADJPY,2019-08-26 09:00:00+00:00,short,4,-1.041026801099906,20,SL,fx_cross
EURCHF,2019-08-28 05:00:00+00:00,short,3,-1.0459875716440397,13,SL,fx_cross
AUDUSD,2019-08-28 17:00:00+00:00,long,2,-1.0508271698113223,8,SL,fx_major
EURAUD,2019-08-29 05:00:00+00:00,short,3,2.4898372104278956,61,TP,fx_cross
AUDJPY,2019-08-29 05:00:00+00:00,long,2,2.4936095753885597,267,TP,fx_cross
EURUSD,2019-08-29 09:00:00+00:00,long,2,-1.0651247058823516,2,SL,fx_major
YM,2019-08-29 10:00:00+00:00,short,3,-1.034068987854251,1,SL,indices
NKD,2019-08-29 10:00:00+00:00,short,3,-1.0231971929824561,4,SL,indices
USDJPY,2019-08-29 13:00:00+00:00,short,3,-1.0488015711947658,29,SL,fx_major
EURCAD,2019-08-29 13:00:00+00:00,short,3,2.4273498591549285,5,TP,fx_cross
ES,2019-08-30 02:00:00+00:00,short,3,-1.032062905982906,1,SL,indices
NQ,2019-08-30 06:00:00+00:00,short,3,-1.0262892307692308,0,SAME_BAR_SL,indices
SI,2019-08-30 06:00:00+00:00,short,3,-1.0048143089430894,12,SL,metals
GBPJPY,2019-09-02 13:00:00+00:00,long,2,-1.0200207027328505,4,SL,fx_cross
GBPCHF,2019-09-03 05:00:00+00:00,long,2,2.4668913260219325,6,TP,fx_cross
CADJPY,2019-09-03 05:00:00+00:00,long,1,2.489544690661021,35,TP,fx_cross
PA,2019-09-03 14:00:00+00:00,short,3,-1.0200130612244898,0,SAME_BAR_SL,metals
GBPUSD,2019-09-04 05:00:00+00:00,short,4,-1.0493991575889612,1,SL,fx_major
EURCHF,2019-09-05 13:00:00+00:00,short,3,-1.0514652276559846,5,SL,fx_cross
ES,2019-09-08 22:00:00+00:00,short,3,-1.0073268965517241,22,SL,indices
NZDCHF,2019-09-09 05:00:00+00:00,short,3,2.4803691629955953,49,TP,fx_cross
CL,2019-09-09 22:00:00+00:00,short,3,2.4928806106870227,10,TP,commodities
HG,2019-09-11 02:00:00+00:00,short,3,2.4718879999999994,1,TP,metals
NG,2019-09-11 14:00:00+00:00,short,4,-1.007709906542056,12,SL,commodities
NZDJPY,2019-09-11 21:00:00+00:00,short,4,-1.03275905564924,1,SL,fx_cross
DAX,2019-09-12 00:00:00+00:00,short,3,-1.0156717948717948,8,SL,indices
HG,2019-09-12 02:00:00+00:00,short,3,-1.0281120000000006,0,SAME_BAR_SL,metals
CADCHF,2019-09-12 09:00:00+00:00,short,3,2.3862701886792417,1,TP,fx_cross
CL,2019-09-12 10:00:00+00:00,long,1,-1.017906804123711,0,SAME_BAR_SL,commodities
GBPJPY,2019-09-13 05:00:00+00:00,short,4,-1.072560000000012,0,SAME_BAR_SL,fx_cross
RTY,2019-09-13 10:00:00+00:00,short,3,2.492754871794872,43,TP,indices
CL,2019-09-15 22:00:00+00:00,short,3,-1.0051064190981431,0,SAME_BAR_SL,commodities
GBPJPY,2019-09-18 13:00:00+00:00,short,3,-1.0423499216125407,1,SL,fx_cross
AUDCAD,2019-09-18 17:00:00+00:00,long,2,-1.0564226415094313,2,SL,fx_cross
EURUSD,2019-09-19 05:00:00+00:00,short,3,-1.0928130734632597,1,SL,fx_major
NZDUSD,2019-09-19 21:00:00+00:00,long,2,-1.0256103413217137,4,SL,fx_major
YM,2019-09-23 06:00:00+00:00,long,2,-1.0161347368421052,9,SL,indices
CL,2019-09-23 18:00:00+00:00,short,4,2.4756259740259745,3,TP,commodities
EURUSD,2019-09-24 13:00:00+00:00,short,3,2.3758850704225387,5,TP,fx_major
ES,2019-09-24 14:00:00+00:00,long,2,-1.0150857142857144,6,SL,indices
AUDCAD,2019-09-26 13:00:00+00:00,long,2,-1.060760677966099,9,SL,fx_cross
AUDUSD,2019-09-26 13:00:00+00:00,long,1,-1.046090316301705,2,SL,fx_major
CL,2019-09-26 18:00:00+00:00,short,3,2.4912780676328503,4,TP,commodities
ES,2019-09-27 14:00:00+00:00,long,2,-1.0178988679245282,1,SL,indices
NZDCHF,2019-09-30 01:00:00+00:00,long,2,-1.028902686567163,10,SL,fx_cross
EURNZD,2019-09-30 01:00:00+00:00,short,3,-1.0448885294117638,1,SL,fx_cross
NZDUSD,2019-09-30 01:00:00+00:00,long,2,-1.1091408695652099,0,SAME_BAR_SL,fx_major
NG,2019-09-30 10:00:00+00:00,long,2,-1.0159931914893614,0,SAME_BAR_SL,commodities
AUDUSD,2019-10-01 01:00:00+00:00,long,1,-1.0708694736842077,1,SL,fx_major
NG,2019-10-01 02:00:00+00:00,long,1,-1.0035895652173914,3,SL,commodities
GBPCAD,2019-10-01 13:00:00+00:00,long,2,2.482083316225819,12,TP,fx_cross
YM,2019-10-01 14:00:00+00:00,long,1,-1.0123223121387284,4,SL,indices
USDCAD,2019-10-02 17:00:00+00:00,short,4,2.438960916530279,40,TP,fx_major
CHFJPY,2019-10-03 05:00:00+00:00,long,2,-1.0378455485498093,6,SL,fx_cross
GBPCHF,2019-10-07 05:00:00+00:00,long,2,-1.0389927107061512,6,SL,fx_cross
EURNZD,2019-10-08 01:00:00+00:00,long,2,-1.0651321925133714,6,SL,fx_cross
GBPCHF,2019-10-08 09:00:00+00:00,long,1,-1.0331765187713313,0,SAME_BAR_SL,fx_cross
AUDUSD,2019-10-08 13:00:00+00:00,long,1,2.4694199999999995,17,TP,fx_major
USDCHF,2019-10-09 05:00:00+00:00,long,2,2.441001443736733,12,TP,fx_major
GBPCAD,2019-10-09 09:00:00+00:00,long,2,2.4627891309669527,7,TP,fx_cross
GBPCHF,2019-10-09 09:00:00+00:00,long,1,2.4498197050147494,7,TP,fx_cross
HG,2019-10-10 06:00:00+00:00,short,3,-1.0276800000000006,1,SL,metals
ES,2019-10-10 14:00:00+00:00,short,3,-1.0308852459016393,1,SL,indices
GBPCHF,2019-10-11 09:00:00+00:00,short,4,-1.0485937482710936,0,SAME_BAR_SL,fx_cross
GBPJPY,2019-10-11 09:00:00+00:00,short,3,-1.0287278300455238,0,SAME_BAR_SL,fx_cross
DAX,2019-10-11 16:00:00+00:00,short,3,2.48446916827853,4,TP,indices
NG,2019-10-11 18:00:00+00:00,long,1,2.49629,11,TP,commodities
DAX,2019-10-15 04:00:00+00:00,short,3,-1.01553083172147,2,SL,indices
NZDUSD,2019-10-15 09:00:00+00:00,long,1,2.4542136114732704,3,TP,fx_major
AUDNZD,2019-10-16 09:00:00+00:00,short,3,-1.0872546454413952,3,SL,fx_cross
AUDCAD,2019-10-17 09:00:00+00:00,short,3,-1.0188702775693925,55,SL,fx_cross
RTY,2019-10-21 02:00:00+00:00,short,3,-1.0324589473684196,1,SL,indices
NG,2019-10-21 10:00:00+00:00,long,1,2.49629,27,TP,commodities
EURNZD,2019-10-21 21:00:00+00:00,long,2,-1.0674580430256775,10,SL,fx_cross
PL,2019-10-24 10:00:00+00:00,short,3,-1.0127455319148937,6,SL,metals
EURCAD,2019-10-25 13:00:00+00:00,long,1,2.460374662756598,18,TP,fx_cross
AUDUSD,2019-10-30 09:00:00+00:00,short,3,-1.0833139393939382,2,SL,fx_major
NZDJPY,2019-10-30 17:00:00+00:00,short,3,-1.0582971771771774,0,SAME_BAR_SL,fx_cross
CL,2019-10-30 22:00:00+00:00,short,4,-1.0068743968871596,10,SL,commodities
EURNZD,2019-10-31 09:00:00+00:00,short,4,2.4687796870009584,51,TP,fx_cross
NZDJPY,2019-11-01 01:00:00+00:00,short,4,-1.030258724727837,5,SL,fx_cross
PL,2019-11-01 14:00:00+00:00,short,4,2.493531914893617,24,TP,metals
NZDCHF,2019-11-04 02:00:00+00:00,short,4,-1.0236977423638778,97,SL,fx_cross
AUDNZD,2019-11-05 02:00:00+00:00,short,4,-1.07722909090909,3,SL,fx_cross
RTY,2019-11-06 15:00:00+00:00,short,4,-1.0174958904109586,4,SL,indices
EURUSD,2019-11-08 10:00:00+00:00,long,2,2.470880527803959,147,TP,fx_major
AUDCHF,2019-11-11 14:00:00+00:00,long,2,-1.0485190839694631,7,SL,fx_cross
GBPJPY,2019-11-13 10:00:00+00:00,long,1,2.4414665868263477,15,TP,fx_cross
DAX,2019-11-13 12:00:00+00:00,short,4,-1.0218765891472867,10,SL,indices
RTY,2019-11-13 15:00:00+00:00,short,4,-1.0621151219512208,1,SL,indices
CL,2019-11-15 15:00:00+00:00,short,3,-1.0053426900584796,0,SAME_BAR_SL,commodities
CL,2019-11-17 23:00:00+00:00,short,4,2.488551111111111,4,TP,commodities
DAX,2019-11-18 00:00:00+00:00,short,3,2.4740760856269115,3,TP,indices
NKD,2019-11-18 07:00:00+00:00,short,3,2.4859558878504675,10,TP,indices
RTY,2019-11-18 15:00:00+00:00,short,4,-1.0122229256594721,6,SL,indices
DAX,2019-11-18 16:00:00+00:00,short,3,-1.0114713704206242,4,SL,indices
GBPNZD,2019-11-19 02:00:00+00:00,short,3,2.434746973004027,2,TP,fx_cross
CHFJPY,2019-11-19 22:00:00+00:00,long,2,-1.0733586602870802,3,SL,fx_cross
RTY,2019-11-20 11:00:00+00:00,short,4,-1.0372134306569347,0,SAME_BAR_SL,indices
CL,2019-11-20 15:00:00+00:00,short,4,-1.0058986319218242,0,SAME_BAR_SL,commodities
NZDJPY,2019-11-21 02:00:00+00:00,short,4,-1.0229010699588474,16,SL,fx_cross
CHFJPY,2019-11-22 06:00:00+00:00,long,2,-1.089211428571424,2,SL,fx_cross
CL,2019-11-22 11:00:00+00:00,short,4,2.4756259740259745,1,TP,commodities
RTY,2019-11-22 19:00:00+00:00,short,3,-1.0144154545454547,1,SL,indices
CADCHF,2019-11-24 22:00:00+00:00,short,3,-1.1180435955056252,10,SL,fx_cross
GBPNZD,2019-11-25 14:00:00+00:00,short,3,2.4035972672929184,1,TP,fx_cross
PA,2019-11-26 07:00:00+00:00,short,3,2.4880889999999996,1,TP,metals
CADJPY,2019-11-27 10:00:00+00:00,short,3,-1.0676662555065983,2,SL,fx_cross
GBPUSD,2019-11-27 22:00:00+00:00,short,3,-1.0528261224489754,20,SL,fx_major
GBPNZD,2019-11-27 22:00:00+00:00,short,3,-1.0964027327070816,0,SAME_BAR_SL,fx_cross
RTY,2019-11-28 03:00:00+00:00,short,3,2.4832810256410256,13,TP,indices
GBPCAD,2019-11-28 14:00:00+00:00,short,3,-1.0349296692111956,14,SL,fx_cross
EURCAD,2019-11-29 10:00:00+00:00,long,2,2.4106995633187736,6,TP,fx_cross
NG,2019-11-29 15:00:00+00:00,long,1,-1.006932336448598,0,SAME_BAR_SL,commodities
NKD,2019-12-01 23:00:00+00:00,short,4,-1.0208177777777778,0,SAME_BAR_SL,indices
NKD,2019-12-02 07:00:00+00:00,short,3,2.4640990476190474,1,TP,indices
EURCAD,2019-12-03 14:00:00+00:00,short,3,2.418695826771653,6,TP,fx_cross
CL,2019-12-04 11:00:00+00:00,short,4,-1.0277158208955217,1,SL,commodities
GBPNZD,2019-12-05 06:00:00+00:00,short,3,2.4236093224932196,6,TP,fx_cross
EURJPY,2019-12-05 06:00:00+00:00,short,3,2.393621132075485,7,TP,fx_cross
EURCAD,2019-12-05 10:00:00+00:00,long,2,2.4106995633187736,6,TP,fx_cross
CADJPY,2019-12-06 14:00:00+00:00,long,1,2.4746009302325587,26,TP,fx_cross
NZDCAD,2019-12-10 10:00:00+00:00,long,1,-1.1151019477434667,3,SL,fx_cross
RTY,2019-12-10 11:00:00+00:00,short,4,-1.0410633070866147,0,SAME_BAR_SL,indices
NKD,2019-12-10 11:00:00+00:00,short,3,-1.0356647619047619,1,SL,indices
NZDUSD,2019-12-11 10:00:00+00:00,short,3,-1.0696780265654722,1,SL,fx_major
EURNZD,2019-12-11 14:00:00+00:00,long,2,-1.0803695238095314,8,SL,fx_cross
PL,2019-12-11 15:00:00+00:00,short,4,-1.0122579591836736,1,SL,metals
AUDJPY,2019-12-11 18:00:00+00:00,short,3,-1.056067560321713,4,SL,fx_cross
CL,2019-12-11 19:00:00+00:00,short,4,-1.0112823952095806,4,SL,commodities
NQ,2019-12-12 11:00:00+00:00,short,3,-1.0325416867469879,0,SAME_BAR_SL,indices
EURGBP,2019-12-12 18:00:00+00:00,long,1,-1.0502494367693946,1,SL,fx_cross
GBPNZD,2019-12-12 22:00:00+00:00,short,3,-1.065253026995973,0,SAME_BAR_SL,fx_cross
PL,2019-12-13 11:00:00+00:00,short,3,2.4924616,31,TP,metals
RTY,2019-12-13 15:00:00+00:00,short,3,2.4701062146892654,1,TP,indices
RTY,2019-12-16 11:00:00+00:00,short,3,-1.0298937853107348,1,SL,indices
USDJPY,2019-12-16 14:00:00+00:00,short,3,2.433479045553143,54,TP,fx_major
GBPCAD,2019-12-17 06:00:00+00:00,long,2,-1.0128597063880438,7,SL,fx_cross
NG,2019-12-17 11:00:00+00:00,long,2,-1.0089951219512192,0,SAME_BAR_SL,commodities
GBPNZD,2019-12-17 14:00:00+00:00,long,2,-1.0183558824495158,7,SL,fx_cross
EURNZD,2019-12-18 14:00:00+00:00,long,2,-1.0353666367713013,1,SL,fx_cross
NZDCAD,2019-12-19 10:00:00+00:00,long,2,2.426339512195121,2,TP,fx_cross
NG,2019-12-19 19:00:00+00:00,long,2,-1.0039894505494507,10,SL,commodities
GBPAUD,2019-12-23 10:00:00+00:00,long,1,2.414724698205543,9,TP,fx_cross
CL,2019-12-23 15:00:00+00:00,short,4,-1.0060173913043478,7,SL,commodities
SI,2019-12-25 23:00:00+00:00,short,4,-1.0103581981981982,3,SL,metals
PL,2019-12-26 11:00:00+00:00,short,3,-1.0204117333333333,0,SAME_BAR_SL,metals
CL,2019-12-27 15:00:00+00:00,short,3,-1.0144093430656933,5,SL,commodities
EURCHF,2019-12-30 14:00:00+00:00,long,2,-1.1135128358208854,0,SAME_BAR_SL,fx_cross
CL,2019-12-30 19:00:00+00:00,short,3,-1.0056027272727273,13,SL,commodities
EURCAD,2019-12-31 10:00:00+00:00,long,1,-1.1014433746898324,1,SL,fx_cross
YM,2020-01-02 07:00:00+00:00,short,3,-1.0453370297029703,0,SAME_BAR_SL,indices
SI,2020-01-02 11:00:00+00:00,short,3,-1.0091758730158729,4,SL,metals
USDCHF,2020-01-02 22:00:00+00:00,long,1,-1.0480096113074204,18,SL,fx_major
EURJPY,2020-01-03 06:00:00+00:00,long,2,-1.0651859459459423,0,SAME_BAR_SL,fx_cross
CL,2020-01-05 23:00:00+00:00,short,3,-1.0095773584905658,0,SAME_BAR_SL,commodities
NZDCAD,2020-01-06 06:00:00+00:00,long,2,-1.0736604878048792,10,SL,fx_cross
EURUSD,2020-01-06 10:00:00+00:00,short,4,2.4344934587251896,7,TP,fx_major
AUDCAD,2020-01-06 14:00:00+00:00,long,2,-1.067540804289544,2,SL,fx_cross
YM,2020-01-08 07:00:00+00:00,short,4,-1.0122906738544475,2,SL,indices
ES,2020-01-08 07:00:00+00:00,short,3,-1.0195154716981132,1,SL,indices
USDCHF,2020-01-09 10:00:00+00:00,long,1,-1.0474340017436805,17,SL,fx_major
EURCAD,2020-01-10 10:00:00+00:00,long,1,-1.120115029585801,0,SAME_BAR_SL,fx_cross
EURJPY,2020-01-12 22:00:00+00:00,short,4,-1.0691855578093272,2,SL,fx_cross
EURAUD,2020-01-15 10:00:00+00:00,short,4,2.416896205316217,5,TP,fx_cross
GBPCHF,2020-01-19 22:00:00+00:00,long,1,2.4647700949525237,15,TP,fx_cross
GBPAUD,2020-01-20 06:00:00+00:00,long,2,2.42717954514128,1,TP,fx_cross
EURCAD,2020-01-21 14:00:00+00:00,long,1,-1.151501940298494,1,SL,fx_cross
EURNZD,2020-01-22 14:00:00+00:00,short,3,-1.0874890706319749,2,SL,fx_cross
EURJPY,2020-01-23 14:00:00+00:00,long,2,-1.0368678867102383,8,SL,fx_cross
GBPJPY,2020-01-24 14:00:00+00:00,long,2,-1.073786961325966,0,SAME_BAR_SL,fx_cross
PA,2020-01-26 23:00:00+00:00,long,1,2.4819028000000007,2,TP,metals
NZDCAD,2020-01-27 14:00:00+00:00,long,1,-1.0344093314367004,6,SL,fx_cross
HG,2020-01-28 07:00:00+00:00,long,1,-1.0138106666666666,7,SL,metals
AUDNZD,2020-01-29 06:00:00+00:00,long,1,2.4393876150627642,25,TP,fx_cross
HG,2020-01-29 23:00:00+00:00,long,2,-1.009590588235294,1,SL,metals
EURUSD,2020-01-31 14:00:00+00:00,short,4,2.4541007100591736,18,TP,fx_major
USDCHF,2020-01-31 14:00:00+00:00,long,1,-1.0921319250425923,0,SAME_BAR_SL,fx_major
EURCAD,2020-01-31 14:00:00+00:00,short,4,-1.0844959835221488,1,SL,fx_cross
ES,2020-01-31 15:00:00+00:00,long,2,-1.0112120430107527,0,SAME_BAR_SL,indices
HG,2020-02-03 11:00:00+00:00,long,2,2.4948810158730157,16,TP,metals
EURCHF,2020-02-05 02:00:00+00:00,long,1,-1.1285764806866863,14,SL,fx_cross
GBPAUD,2020-02-05 14:00:00+00:00,long,1,2.3936792087042447,1,TP,fx_cross
NKD,2020-02-05 23:00:00+00:00,short,3,-1.0135971428571429,1,SL,indices
AUDUSD,2020-02-07 06:00:00+00:00,long,1,-1.029402411902898,1,SL,fx_major
GBPAUD,2020-02-10 02:00:00+00:00,long,1,-1.094148411867368,0,SAME_BAR_SL,fx_cross
AUDNZD,2020-02-10 22:00:00+00:00,short,3,-1.1028556217162773,1,SL,fx_cross
CHFJPY,2020-02-11 10:00:00+00:00,long,1,-1.1443207339449424,0,SAME_BAR_SL,fx_cross
CADCHF,2020-02-12 06:00:00+00:00,short,4,-1.0530210309278367,2,SL,fx_cross
NKD,2020-02-17 03:00:00+00:00,short,4,-1.0109710948905108,15,SL,indices
NZDJPY,2020-02-18 02:00:00+00:00,long,1,2.462341338432124,9,TP,fx_cross
CADCHF,2020-02-18 10:00:00+00:00,short,4,-1.097266478873241,1,SL,fx_cross
USDJPY,2020-02-19 02:00:00+00:00,short,3,-1.130534576271192,1,SL,fx_major
NZDUSD,2020-02-20 06:00:00+00:00,long,2,-1.056161265822784,5,SL,fx_major
AUDCHF,2020-02-21 06:00:00+00:00,long,1,-1.0227192982456144,16,SL,fx_cross
YM,2020-02-24 15:00:00+00:00,long,1,-1.0187518658280923,6,SL,indices
GBPCAD,2020-02-25 06:00:00+00:00,short,4,-1.0848794366197196,0,SAME_BAR_SL,fx_cross
ES,2020-02-25 07:00:00+00:00,long,2,-1.011921152737752,2,SL,indices
NZDUSD,2020-02-25 10:00:00+00:00,long,2,-1.042800386940752,6,SL,fx_major
AUDJPY,2020-02-25 14:00:00+00:00,long,1,-1.028686896551723,4,SL,fx_cross
RTY,2020-02-25 19:00:00+00:00,long,1,2.4815658823529403,1,TP,indices
SI,2020-02-25 19:00:00+00:00,long,2,2.4838738028169014,1,TP,metals
AUDNZD,2020-02-26 06:00:00+00:00,long,2,-1.126597657266799,2,SL,fx_cross
EURAUD,2020-02-26 06:00:00+00:00,short,4,-1.029590249520153,2,SL,fx_cross
RTY,2020-02-26 07:00:00+00:00,long,1,-1.0184341176470595,0,SAME_BAR_SL,indices
CADJPY,2020-02-26 18:00:00+00:00,long,2,-1.1127616545012162,1,SL,fx_cross
GBPAUD,2020-02-27 10:00:00+00:00,long,1,2.4625885226885043,4,TP,fx_cross
EURCAD,2020-02-27 10:00:00+00:00,short,3,-1.0656292246203047,2,SL,fx_cross
EURJPY,2020-02-28 14:00:00+00:00,long,1,-1.124165373134328,0,SAME_BAR_SL,fx_cross
EURGBP,2020-02-28 14:00:00+00:00,short,4,-1.0795708250825118,1,SL,fx_cross
GBPNZD,2020-03-01 22:00:00+00:00,short,3,2.46466753214942,2,TP,fx_cross
AUDCAD,2020-03-04 14:00:00+00:00,short,3,-1.051358840579709,4,SL,fx_cross
AUDCAD,2020-03-08 21:00:00+00:00,short,3,-1.0687987961696355,0,SAME_BAR_SL,fx_cross
GBPJPY,2020-03-08 21:00:00+00:00,long,2,-1.0367420134228185,0,SAME_BAR_SL,fx_cross
CHFJPY,2020-03-12 17:00:00+00:00,long,2,-1.0102590601380217,180,SL,fx_cross
EURJPY,2020-03-12 17:00:00+00:00,long,2,2.479117142857143,4,TP,fx_cross
USDJPY,2020-03-12 21:00:00+00:00,long,2,2.4923636496350365,25,TP,fx_major
AUDCAD,2020-03-13 01:00:00+00:00,long,2,-1.0076944840525328,3,SL,fx_cross
NKD,2020-03-13 06:00:00+00:00,long,2,2.4965476340694006,1,TP,indices
HG,2020-03-15 22:00:00+00:00,short,3,2.4942777142857144,2,TP,metals
EURUSD,2020-03-18 13:00:00+00:00,long,2,-1.1006288372092963,1,SL,fx_major
EURUSD,2020-03-19 09:00:00+00:00,long,2,-1.1136315789473639,0,SAME_BAR_SL,fx_major
EURCHF,2020-03-23 13:00:00+00:00,long,1,2.436849230769231,10,TP,fx_cross
CADJPY,2020-04-01 05:00:00+00:00,long,2,-1.0116510898661568,2,SL,fx_cross
NG,2020-04-07 18:00:00+00:00,short,3,2.4984918891687657,27,TP,commodities
EURGBP,2020-04-08 13:00:00+00:00,long,2,-1.0584830439952435,0,SAME_BAR_SL,fx_cross
CL,2020-04-12 22:00:00+00:00,long,1,2.4974284476534296,1,TP,commodities
NQ,2020-04-13 10:00:00+00:00,short,3,-1.0059007498601007,3,SL,indices
EURJPY,2020-04-14 05:00:00+00:00,long,1,-1.0788045933014343,0,SAME_BAR_SL,fx_cross
EURGBP,2020-04-14 13:00:00+00:00,long,2,2.4675973439575034,29,TP,fx_cross
NG,2020-04-20 18:00:00+00:00,short,3,2.4970490566037737,5,TP,commodities
AUDJPY,2020-04-22 01:00:00+00:00,short,4,-1.033582253521126,0,SAME_BAR_SL,fx_cross
EURGBP,2020-04-23 05:00:00+00:00,long,1,-1.0515058675078857,1,SL,fx_cross
CADJPY,2020-04-24 13:00:00+00:00,long,1,-1.024591612903225,30,SL,fx_cross
NG,2020-04-26 22:00:00+00:00,long,1,-1.002572075471698,2,SL,commodities
GBPCAD,2020-04-27 01:00:00+00:00,short,3,2.4583260699062217,14,TP,fx_cross
GBPAUD,2020-04-27 01:00:00+00:00,long,2,-1.030438371142736,3,SL,fx_cross
EURCHF,2020-04-28 13:00:00+00:00,long,1,-1.0869126578560857,1,SL,fx_cross
EURCHF,2020-04-28 21:00:00+00:00,long,1,2.357978076923098,4,TP,fx_cross
CL,2020-04-30 18:00:00+00:00,short,3,-1.0008290254872563,0,SAME_BAR_SL,commodities
NQ,2020-05-01 06:00:00+00:00,long,2,-1.0069361786600497,4,SL,indices
CADJPY,2020-05-03 21:00:00+00:00,long,2,-1.0296929593267885,15,SL,fx_cross
EURCHF,2020-05-06 05:00:00+00:00,long,2,-1.0765100907911858,21,SL,fx_cross
CL,2020-05-07 10:00:00+00:00,short,3,-1.000904332977588,35,SL,commodities
EURGBP,2020-05-08 05:00:00+00:00,long,2,2.4703308540278615,15,TP,fx_cross
NQ,2020-05-10 22:00:00+00:00,short,4,2.4827316448326053,3,TP,indices
AUDUSD,2020-05-12 05:00:00+00:00,short,4,-1.0271045026178007,1,SL,fx_major
NZDJPY,2020-05-12 05:00:00+00:00,short,3,-1.0702912859884817,1,SL,fx_cross
NZDUSD,2020-05-13 01:00:00+00:00,long,2,-1.0251298956780923,3,SL,fx_major
EURCHF,2020-05-13 13:00:00+00:00,long,2,-1.195797209302285,0,SAME_BAR_SL,fx_cross
NG,2020-05-13 14:00:00+00:00,long,2,2.498247417218543,18,TP,commodities
USDCHF,2020-05-15 13:00:00+00:00,short,4,2.4294298445595808,6,TP,fx_major
NQ,2020-05-18 06:00:00+00:00,short,4,-1.005695291285508,6,SL,indices
NZDJPY,2020-05-19 05:00:00+00:00,short,4,-1.0255601122019626,0,SAME_BAR_SL,fx_cross
YM,2020-05-19 06:00:00+00:00,short,3,-1.027018082191781,0,SAME_BAR_SL,indices
YM,2020-05-20 06:00:00+00:00,short,3,-1.0043336736958934,22,SL,indices
NZDCAD,2020-05-20 17:00:00+00:00,short,3,-1.0382541326938441,21,SL,fx_cross
NG,2020-05-21 06:00:00+00:00,long,2,-1.0043540157480315,2,SL,commodities
GBPAUD,2020-05-21 17:00:00+00:00,long,2,-1.026043429142714,18,SL,fx_cross
RTY,2020-05-22 10:00:00+00:00,short,4,-1.0059065749656122,3,SL,indices
RTY,2020-05-25 06:00:00+00:00,short,4,-1.0150772602739722,3,SL,indices
NZDCAD,2020-05-27 09:00:00+00:00,short,3,-1.0237042652152395,26,SL,fx_cross
GBPCAD,2020-05-29 13:00:00+00:00,short,3,2.4636183396801217,22,TP,fx_cross
ES,2020-05-29 14:00:00+00:00,long,2,2.494528547008547,18,TP,indices
EURGBP,2020-06-01 17:00:00+00:00,long,2,-1.0362583720930232,3,SL,fx_cross
NZDCAD,2020-06-02 21:00:00+00:00,short,4,-1.0155979294726625,4,SL,fx_cross
NQ,2020-06-03 18:00:00+00:00,short,4,2.4816413589364843,6,TP,indices
AUDNZD,2020-06-04 01:00:00+00:00,long,1,-1.0969647665056457,2,SL,fx_cross
AUDNZD,2020-06-09 05:00:00+00:00,long,2,-1.0342622860425028,22,SL,fx_cross
GBPJPY,2020-06-09 05:00:00+00:00,long,2,-1.0192142097340697,11,SL,fx_cross
USDJPY,2020-06-09 13:00:00+00:00,long,1,-1.1156346360153402,0,SAME_BAR_SL,fx_major
NG,2020-06-09 22:00:00+00:00,long,1,-1.0040525547445256,0,SAME_BAR_SL,commodities
USDJPY,2020-06-10 13:00:00+00:00,long,2,-1.073064330900238,1,SL,fx_major
EURCAD,2020-06-10 21:00:00+00:00,short,3,-1.0232333822330888,4,SL,fx_cross
EURGBP,2020-06-11 13:00:00+00:00,short,3,-1.0744899408284037,0,SAME_BAR_SL,fx_cross
AUDCHF,2020-06-12 01:00:00+00:00,long,1,2.4811092549842604,10,TP,fx_cross
AUDJPY,2020-06-15 21:00:00+00:00,short,4,-1.0090014636246234,153,SL,fx_cross
AUDCHF,2020-06-15 21:00:00+00:00,short,3,-1.0098556107992516,158,SL,fx_cross
EURJPY,2020-06-18 13:00:00+00:00,long,2,-1.0321755704697992,8,SL,fx_cross
CL,2020-06-19 06:00:00+00:00,short,3,-1.0093080291970802,0,SAME_BAR_SL,commodities
AUDCAD,2020-06-19 13:00:00+00:00,long,2,-1.0271291796469366,2,SL,fx_cross
SI,2020-06-21 22:00:00+00:00,short,3,-1.0044272796934866,40,SL,metals
NQ,2020-06-22 14:00:00+00:00,short,3,-1.012181797540208,1,SL,indices
GBPJPY,2020-06-23 01:00:00+00:00,long,1,-1.0201885621269666,26,SL,fx_cross
NZDCAD,2020-06-26 05:00:00+00:00,short,3,-1.0303602220851333,23,SL,fx_cross
GBPUSD,2020-06-29 13:00:00+00:00,long,2,2.4690545814581455,11,TP,fx_major
SI,2020-07-01 06:00:00+00:00,short,3,2.491815890410959,2,TP,metals
GBPAUD,2020-07-01 13:00:00+00:00,long,2,2.4317013188307275,1,TP,fx_cross
NZDUSD,2020-07-01 21:00:00+00:00,short,4,-1.029985874587459,3,SL,fx_major
GBPNZD,2020-07-02 09:00:00+00:00,long,2,-1.0492979734066954,1,SL,fx_cross
EURJPY,2020-07-05 21:00:00+00:00,short,3,-1.0572257672849925,1,SL,fx_cross
NZDCAD,2020-07-05 21:00:00+00:00,short,3,-1.0529535042735017,1,SL,fx_cross
AUDUSD,2020-07-06 05:00:00+00:00,short,3,-1.009415337186898,67,SL,fx_major
HG,2020-07-10 06:00:00+00:00,short,3,-1.0091359999999998,1,SL,metals
EURUSD,2020-07-13 01:00:00+00:00,short,4,-1.0614686821705368,3,SL,fx_major
USDCHF,2020-07-13 13:00:00+00:00,long,2,-1.0840044657097259,5,SL,fx_major
USDCHF,2020-07-14 13:00:00+00:00,long,1,2.42819606557377,6,TP,fx_major
GBPUSD,2020-07-15 05:00:00+00:00,short,4,-1.0396035016835008,2,SL,fx_major
GBPCAD,2020-07-16 05:00:00+00:00,long,1,2.4425045184736534,2,TP,fx_cross
EURUSD,2020-07-16 13:00:00+00:00,short,3,2.4297949122807037,1,TP,fx_major
CADCHF,2020-07-17 13:00:00+00:00,long,1,-1.0381439370078742,27,SL,fx_cross
GBPCAD,2020-07-17 13:00:00+00:00,short,3,-1.0609298595146854,4,SL,fx_cross
USDJPY,2020-07-20 13:00:00+00:00,long,2,-1.104812027972017,6,SL,fx_major
EURUSD,2020-07-20 13:00:00+00:00,short,3,-1.047919581151832,6,SL,fx_major
NQ,2020-07-20 18:00:00+00:00,short,3,2.4938064014146772,17,TP,indices
GBPAUD,2020-07-21 09:00:00+00:00,long,1,-1.0713621621621634,1,SL,fx_cross
NZDCAD,2020-07-21 09:00:00+00:00,short,3,-1.0747827027026964,0,SAME_BAR_SL,fx_cross
PL,2020-07-21 10:00:00+00:00,short,4,-1.0047479674796749,3,SL,metals
GBPUSD,2020-07-21 13:00:00+00:00,short,4,-1.0190371603949826,21,SL,fx_major
USDCHF,2020-07-22 09:00:00+00:00,long,2,-1.0521638323353297,0,SAME_BAR_SL,fx_major
USDCAD,2020-07-22 13:00:00+00:00,long,2,-1.0153241452468378,57,SL,fx_major
EURGBP,2020-07-23 05:00:00+00:00,short,3,-1.028858708946772,13,SL,fx_cross
EURJPY,2020-07-23 13:00:00+00:00,short,3,2.4168935885167477,3,TP,fx_cross
EURUSD,2020-07-23 13:00:00+00:00,short,3,-1.0670534850051716,0,SAME_BAR_SL,fx_major
HG,2020-07-23 14:00:00+00:00,short,3,2.494368,38,TP,metals
EURAUD,2020-07-24 01:00:00+00:00,short,3,-1.0513284210526348,1,SL,fx_cross
GBPNZD,2020-07-24 13:00:00+00:00,short,3,-1.0512668566001893,10,SL,fx_cross
NZDCAD,2020-07-27 13:00:00+00:00,short,3,-1.0617201479654725,0,SAME_BAR_SL,fx_cross
CHFJPY,2020-07-29 21:00:00+00:00,short,4,-1.0938987755101992,2,SL,fx_cross
EURJPY,2020-07-30 09:00:00+00:00,short,3,-1.0518025149700594,1,SL,fx_cross
YM,2020-07-30 10:00:00+00:00,long,2,2.491461207778915,19,TP,indices
CL,2020-08-03 14:00:00+00:00,short,3,-1.0068633333333334,6,SL,commodities
GBPUSD,2020-08-04 05:00:00+00:00,short,3,2.436092624237146,1,TP,fx_major
AUDUSD,2020-08-05 01:00:00+00:00,short,4,-1.0534963829787236,1,SL,fx_major
NZDUSD,2020-08-05 09:00:00+00:00,short,4,2.4667373975044558,14,TP,fx_major
GBPUSD,2020-08-05 09:00:00+00:00,short,3,-1.0334570050068268,5,SL,fx_major
YM,2020-08-10 10:00:00+00:00,short,3,-1.022777054263566,2,SL,indices
DAX,2020-08-11 04:00:00+00:00,short,3,-1.031978832684825,0,SAME_BAR_SL,indices
SI,2020-08-11 18:00:00+00:00,long,1,2.495384868035191,1,TP,metals
PL,2020-08-11 18:00:00+00:00,long,1,-1.002991921182266,40,SL,metals
AUDJPY,2020-08-12 13:00:00+00:00,short,3,2.439270934844189,24,TP,fx_cross
ES,2020-08-17 02:00:00+00:00,short,3,-1.0293703401360543,3,SL,indices
EURGBP,2020-08-17 13:00:00+00:00,short,3,2.4295860194174774,6,TP,fx_cross
HG,2020-08-18 10:00:00+00:00,short,3,-1.0056319999999999,3,SL,metals
GBPCHF,2020-08-18 13:00:00+00:00,short,4,-1.0303445874886676,6,SL,fx_cross
NZDUSD,2020-08-19 09:00:00+00:00,short,4,2.433764555160142,1,TP,fx_major
AUDJPY,2020-08-20 17:00:00+00:00,short,4,-1.0445867782426796,16,SL,fx_cross
GBPAUD,2020-08-24 05:00:00+00:00,long,1,-1.0554953612167293,19,SL,fx_cross
GBPNZD,2020-08-24 13:00:00+00:00,long,1,2.4419190446521317,5,TP,fx_cross
NZDJPY,2020-08-25 09:00:00+00:00,short,4,-1.0576153846153857,1,SL,fx_cross
EURNZD,2020-08-26 05:00:00+00:00,long,2,-1.044086159230097,2,SL,fx_cross
GBPNZD,2020-08-26 13:00:00+00:00,long,1,-1.0580809553478683,2,SL,fx_cross
NZDCAD,2020-08-26 13:00:00+00:00,short,4,-1.0521233082706782,0,SAME_BAR_SL,fx_cross
GBPCHF,2020-08-26 13:00:00+00:00,short,3,-1.030213525438991,12,SL,fx_cross
AUDCHF,2020-08-27 05:00:00+00:00,short,3,-1.0396012030075201,4,SL,fx_cross
NZDUSD,2020-08-27 13:00:00+00:00,short,4,-1.066235444839858,0,SAME_BAR_SL,fx_major
AUDCHF,2020-08-28 09:00:00+00:00,short,4,-1.0444148325358869,1,SL,fx_cross
EURUSD,2020-08-31 09:00:00+00:00,short,4,-1.0623167164179101,1,SL,fx_major
PA,2020-08-31 22:00:00+00:00,short,4,-1.00968512,0,SAME_BAR_SL,metals
GBPCAD,2020-09-01 09:00:00+00:00,short,4,2.4653763610719324,12,TP,fx_cross
GBPUSD,2020-09-02 17:00:00+00:00,short,4,2.4497630665770043,4,TP,fx_major
NQ,2020-09-03 14:00:00+00:00,long,1,-1.0081107498689041,0,SAME_BAR_SL,indices
NZDCHF,2020-09-03 17:00:00+00:00,long,2,2.4345079462572023,4,TP,fx_cross
GBPUSD,2020-09-04 09:00:00+00:00,short,4,2.4422957275541806,1,TP,fx_major
CL,2020-09-04 10:00:00+00:00,long,2,-1.0023342504409172,1,SL,commodities
GBPCHF,2020-09-07 09:00:00+00:00,long,2,-1.0716008501594123,6,SL,fx_cross
AUDCHF,2020-09-08 05:00:00+00:00,short,3,2.4599528205128207,1,TP,fx_cross
CADJPY,2020-09-08 17:00:00+00:00,long,2,-1.106594204275522,1,SL,fx_cross
EURGBP,2020-09-08 17:00:00+00:00,short,3,-1.0704139805825228,2,SL,fx_cross
PA,2020-09-09 06:00:00+00:00,short,4,-1.0085798843930636,7,SL,metals
EURCAD,2020-09-10 05:00:00+00:00,short,4,-1.0346403179650243,1,SL,fx_cross
GBPCHF,2020-09-10 09:00:00+00:00,long,2,-1.0382500115874869,0,SAME_BAR_SL,fx_cross
NKD,2020-09-13 22:00:00+00:00,short,4,2.4904611464968154,32,TP,indices
EURAUD,2020-09-15 01:00:00+00:00,long,2,-1.138973902439036,0,SAME_BAR_SL,fx_cross
GBPCAD,2020-09-17 13:00:00+00:00,short,3,2.464873866471021,18,TP,fx_cross
HG,2020-09-17 14:00:00+00:00,short,3,-1.0118923636363635,2,SL,metals
EURCAD,2020-09-18 13:00:00+00:00,short,3,-1.0844518918918888,1,SL,fx_cross
RTY,2020-09-18 14:00:00+00:00,short,3,2.4948700723888315,5,TP,indices
USDCHF,2020-09-22 13:00:00+00:00,short,3,-1.0776293655589089,0,SAME_BAR_SL,fx_major
NZDJPY,2020-09-23 05:00:00+00:00,long,2,-1.0496442509603032,3,SL,fx_cross
EURCAD,2020-09-24 05:00:00+00:00,short,4,2.381881565452108,1,TP,fx_cross
AUDNZD,2020-09-25 05:00:00+00:00,long,2,2.4554582383419694,19,TP,fx_cross
EURCHF,2020-09-30 13:00:00+00:00,long,2,-1.0689950684931533,0,SAME_BAR_SL,fx_cross
GBPUSD,2020-10-01 09:00:00+00:00,short,3,-1.1004571745152447,0,SAME_BAR_SL,fx_major
RTY,2020-10-05 10:00:00+00:00,short,3,-1.0051299276111685,2,SL,indices
RTY,2020-10-06 10:00:00+00:00,short,4,-1.0103089430894308,1,SL,indices
PA,2020-10-06 10:00:00+00:00,short,3,-1.0069144615384615,12,SL,metals
NQ,2020-10-06 18:00:00+00:00,short,3,2.4910725423728812,1,TP,indices
NKD,2020-10-06 22:00:00+00:00,short,4,-1.0146635294117647,2,SL,indices
AUDJPY,2020-10-08 05:00:00+00:00,short,3,-1.0343955987055018,7,SL,fx_cross
SI,2020-10-08 06:00:00+00:00,short,3,-1.003284246284501,7,SL,metals
NQ,2020-10-08 06:00:00+00:00,short,3,-1.0089274576271186,7,SL,indices
USDCAD,2020-10-09 01:00:00+00:00,long,2,-1.117754513556623,1,SL,fx_major
EURCHF,2020-10-09 05:00:00+00:00,long,2,-1.1604965957446909,2,SL,fx_cross
GBPNZD,2020-10-09 05:00:00+00:00,long,2,-1.0278343902439022,15,SL,fx_cross
USDCHF,2020-10-09 13:00:00+00:00,long,2,2.441527522935779,17,TP,fx_major
AUDJPY,2020-10-12 01:00:00+00:00,short,3,2.4618820338983065,5,TP,fx_cross
PA,2020-10-13 10:00:00+00:00,long,1,2.4923766153846154,30,TP,metals
GBPCAD,2020-10-13 13:00:00+00:00,long,2,-1.0728111060259333,0,SAME_BAR_SL,fx_cross
NKD,2020-10-14 02:00:00+00:00,short,3,2.4709107692307692,6,TP,indices
NKD,2020-10-15 18:00:00+00:00,short,4,-1.018349268292683,7,SL,indices
EURAUD,2020-10-19 05:00:00+00:00,short,3,-1.037700130293158,2,SL,fx_cross
NZDCHF,2020-10-20 09:00:00+00:00,long,1,-1.1231235424354247,0,SAME_BAR_SL,fx_cross
AUDJPY,2020-10-20 17:00:00+00:00,long,2,2.4449170370370434,13,TP,fx_cross
USDJPY,2020-10-21 13:00:00+00:00,long,2,-1.0758524352331615,0,SAME_BAR_SL,fx_major
NKD,2020-10-22 14:00:00+00:00,short,4,2.4889938686131385,24,TP,indices
PL,2020-10-23 06:00:00+00:00,short,3,-1.0064712727272727,1,SL,metals
RTY,2020-10-23 06:00:00+00:00,short,3,2.4910009621993128,8,TP,indices
AUDUSD,2020-10-23 17:00:00+00:00,short,3,2.452507078384796,16,TP,fx_major
USDCAD,2020-10-26 05:00:00+00:00,short,3,-1.0669845372050801,2,SL,fx_major
EURAUD,2020-10-26 13:00:00+00:00,short,4,-1.0381866666666657,13,SL,fx_cross
EURJPY,2020-10-27 05:00:00+00:00,long,2,-1.100917551020403,3,SL,fx_cross
CHFJPY,2020-10-27 09:00:00+00:00,long,2,-1.059436316758747,2,SL,fx_cross
EURCHF,2020-10-27 09:00:00+00:00,short,3,2.417772694938425,7,TP,fx_cross
EURJPY,2020-10-27 21:00:00+00:00,long,2,-1.2412190209790197,0,SAME_BAR_SL,fx_cross
USDJPY,2020-10-28 01:00:00+00:00,long,2,2.461621235216821,30,TP,fx_major
EURNZD,2020-10-28 05:00:00+00:00,long,1,2.4480695505023795,1,TP,fx_cross
NKD,2020-10-29 18:00:00+00:00,short,4,2.4776668656716416,1,TP,indices
GBPJPY,2020-10-30 05:00:00+00:00,long,1,2.433645915492956,1,TP,fx_cross
CADCHF,2020-10-30 09:00:00+00:00,short,3,-1.0509881481481467,6,SL,fx_cross
EURNZD,2020-10-30 09:00:00+00:00,long,1,2.4480695505023795,3,TP,fx_cross
NKD,2020-11-02 07:00:00+00:00,short,4,-1.0223331343283582,4,SL,indices
EURCAD,2020-11-02 10:00:00+00:00,long,2,-1.099299380022975,1,SL,fx_cross
AUDCHF,2020-11-02 18:00:00+00:00,short,3,-1.032828354430381,3,SL,fx_cross
NZDJPY,2020-11-03 06:00:00+00:00,short,4,-1.059231225416031,2,SL,fx_cross
USDCAD,2020-11-03 06:00:00+00:00,long,1,-1.0888239423076889,0,SAME_BAR_SL,fx_major
EURUSD,2020-11-03 22:00:00+00:00,short,4,2.4465318181818216,1,TP,fx_major
CL,2020-11-03 23:00:00+00:00,short,4,2.491573333333333,2,TP,commodities
USDJPY,2020-11-04 10:00:00+00:00,long,2,-1.0671409174311959,0,SAME_BAR_SL,fx_major
GBPCAD,2020-11-04 22:00:00+00:00,long,1,2.3887641121495458,1,TP,fx_cross
EURUSD,2020-11-05 06:00:00+00:00,short,4,-1.0534681818181784,0,SAME_BAR_SL,fx_major
PA,2020-11-05 07:00:00+00:00,short,4,-1.021044,1,SL,metals
NZDUSD,2020-11-05 18:00:00+00:00,short,3,-1.078630041493775,1,SL,fx_major
USDCHF,2020-11-06 06:00:00+00:00,long,2,-1.0355533052039394,1,SL,fx_major
DAX,2020-11-09 00:00:00+00:00,short,4,-1.0178598230088496,0,SAME_BAR_SL,indices
AUDCHF,2020-11-09 10:00:00+00:00,short,3,-1.0397468376068393,5,SL,fx_cross
GBPCHF,2020-11-09 10:00:00+00:00,short,3,-1.046986420978028,0,SAME_BAR_SL,fx_cross
NZDCHF,2020-11-09 10:00:00+00:00,short,3,-1.04558664914586,0,SAME_BAR_SL,fx_cross
NZDCAD,2020-11-10 22:00:00+00:00,short,4,-1.068807493112943,0,SAME_BAR_SL,fx_cross
AUDNZD,2020-11-10 22:00:00+00:00,long,2,-1.0538116455696178,1,SL,fx_cross
AUDCHF,2020-11-11 06:00:00+00:00,short,3,2.4599528205128207,8,TP,fx_cross
EURUSD,2020-11-16 14:00:00+00:00,short,3,-1.052139874213837,4,SL,fx_major
USDJPY,2020-11-16 14:00:00+00:00,long,2,-1.0297487221095338,4,SL,fx_major
PL,2020-11-17 11:00:00+00:00,short,4,-1.0045173333333333,7,SL,metals
GBPCHF,2020-11-18 06:00:00+00:00,short,4,-1.0439605451005836,18,SL,fx_cross
CHFJPY,2020-11-18 06:00:00+00:00,long,2,2.4521803592814377,32,TP,fx_cross
EURCAD,2020-11-19 18:00:00+00:00,short,4,-1.0502100982091271,47,SL,fx_cross
GBPUSD,2020-11-22 22:00:00+00:00,short,4,-1.0577042724458192,2,SL,fx_major
NG,2020-11-23 07:00:00+00:00,short,4,-1.003190588235294,9,SL,commodities
CADJPY,2020-11-23 14:00:00+00:00,long,1,2.4146338579654536,1,TP,fx_cross
AUDCAD,2020-11-24 06:00:00+00:00,short,3,-1.0664176674937969,0,SAME_BAR_SL,fx_cross
USDCAD,2020-11-24 14:00:00+00:00,long,2,-1.0394552051835841,1,SL,fx_major
NG,2020-11-24 23:00:00+00:00,short,4,-1.0075068852459017,0,SAME_BAR_SL,commodities
USDJPY,2020-11-25 06:00:00+00:00,long,2,-1.0498782252559715,10,SL,fx_major
EURJPY,2020-11-27 18:00:00+00:00,short,3,-1.0886353180661577,1,SL,fx_cross
GBPUSD,2020-11-30 06:00:00+00:00,short,4,-1.087718873239429,1,SL,fx_major
NZDUSD,2020-11-30 18:00:00+00:00,short,4,-1.0341619444444459,5,SL,fx_major
PL,2020-12-01 07:00:00+00:00,short,4,-1.0077283902439025,2,SL,metals
EURJPY,2020-12-01 14:00:00+00:00,short,3,-1.1312823880597012,0,SAME_BAR_SL,fx_cross
AUDJPY,2020-12-02 06:00:00+00:00,short,3,-1.0372706287683031,6,SL,fx_cross
NZDCAD,2020-12-03 06:00:00+00:00,short,3,-1.0597656074766346,2,SL,fx_cross
NZDJPY,2020-12-03 10:00:00+00:00,short,3,2.4474675826972048,5,TP,fx_cross
USDJPY,2020-12-03 14:00:00+00:00,long,2,-1.2620598198198434,0,SAME_BAR_SL,fx_major
EURJPY,2020-12-04 10:00:00+00:00,short,3,-1.1458258436214022,0,SAME_BAR_SL,fx_cross
EURCAD,2020-12-04 18:00:00+00:00,long,2,-1.0390430188679243,17,SL,fx_cross
GBPCAD,2020-12-07 06:00:00+00:00,long,2,-1.0566682799525493,0,SAME_BAR_SL,fx_cross
GBPJPY,2020-12-07 06:00:00+00:00,long,1,-1.0985300763358847,0,SAME_BAR_SL,fx_cross
USDCAD,2020-12-07 10:00:00+00:00,long,2,-1.059372990886493,18,SL,fx_major
AUDUSD,2020-12-07 10:00:00+00:00,short,3,-1.0432177962577964,1,SL,fx_major
CADCHF,2020-12-07 14:00:00+00:00,long,1,-1.0274542372881357,55,SL,fx_cross
AUDCAD,2020-12-09 06:00:00+00:00,short,4,-1.0757023229461748,1,SL,fx_cross
NZDJPY,2020-12-09 06:00:00+00:00,short,3,2.4474675826972048,3,TP,fx_cross
EURGBP,2020-12-14 10:00:00+00:00,long,2,-1.0211206997084552,12,SL,fx_cross
GBPUSD,2020-12-15 14:00:00+00:00,short,3,-1.0457146326654523,4,SL,fx_major
YM,2020-12-16 07:00:00+00:00,short,3,2.48433659643436,18,TP,indices
SI,2020-12-17 03:00:00+00:00,short,3,-1.0035241201716738,2,SL,metals
EURCHF,2020-12-17 18:00:00+00:00,short,3,2.4298111778290985,8,TP,fx_cross
EURGBP,2020-12-18 10:00:00+00:00,long,1,2.445233693304532,3,TP,fx_cross
CADJPY,2020-12-18 14:00:00+00:00,long,1,-1.0670227218934867,0,SAME_BAR_SL,fx_cross
USDCAD,2020-12-18 14:00:00+00:00,short,4,-1.0826339100345983,2,SL,fx_major
CADJPY,2020-12-20 22:00:00+00:00,long,2,-1.0397619718309852,2,SL,fx_cross
SI,2020-12-21 03:00:00+00:00,short,4,-1.008571542288557,0,SAME_BAR_SL,metals
NZDJPY,2020-12-21 06:00:00+00:00,long,2,-1.0589303448275889,0,SAME_BAR_SL,fx_cross
RTY,2020-12-21 07:00:00+00:00,long,1,-1.0284092165898608,0,SAME_BAR_SL,indices
CADJPY,2020-12-21 10:00:00+00:00,long,1,2.4649412021857926,30,TP,fx_cross
NZDCAD,2020-12-21 14:00:00+00:00,short,4,-1.0544486324786349,1,SL,fx_cross
GBPJPY,2020-12-22 14:00:00+00:00,long,1,2.4694994321766557,6,TP,fx_cross
EURGBP,2020-12-23 10:00:00+00:00,long,1,-1.054766306695468,1,SL,fx_cross
GBPCHF,2020-12-24 06:00:00+00:00,short,4,-1.0457413008130085,0,SAME_BAR_SL,fx_cross
GBPCAD,2020-12-24 18:00:00+00:00,short,3,2.448880293040294,4,TP,fx_cross
AUDUSD,2020-12-27 22:00:00+00:00,short,3,-1.0500030046948365,12,SL,fx_major
USDJPY,2020-12-29 14:00:00+00:00,long,2,-1.1557733333333513,2,SL,fx_major
EURCHF,2020-12-30 06:00:00+00:00,short,4,2.461951929824563,73,TP,fx_cross
EURGBP,2020-12-30 06:00:00+00:00,long,1,-1.0894674204947032,1,SL,fx_cross
USDJPY,2021-01-03 22:00:00+00:00,long,2,-1.1367992417061714,1,SL,fx_major
GBPAUD,2021-01-05 14:00:00+00:00,long,1,-1.056022323462416,3,SL,fx_cross
EURUSD,2021-01-05 14:00:00+00:00,short,3,-1.0767362318840605,2,SL,fx_major
NKD,2021-01-06 15:00:00+00:00,short,3,-1.0163618691588785,2,SL,indices
GBPAUD,2021-01-07 14:00:00+00:00,long,2,2.4566546099290787,17,TP,fx_cross
GBPNZD,2021-01-07 18:00:00+00:00,long,2,2.4590731142410007,12,TP,fx_cross
USDJPY,2021-01-08 18:00:00+00:00,long,1,-1.0370226972010177,14,SL,fx_major
EURAUD,2021-01-11 10:00:00+00:00,long,2,-1.0567205141388183,5,SL,fx_cross
NG,2021-01-12 11:00:00+00:00,short,3,2.4973588472622477,16,TP,commodities
AUDUSD,2021-01-12 18:00:00+00:00,short,3,2.4708424664879347,21,TP,fx_major
EURJPY,2021-01-13 10:00:00+00:00,long,2,-1.0385606971677557,7,SL,fx_cross
USDJPY,2021-01-14 14:00:00+00:00,long,1,-1.0805857063711934,0,SAME_BAR_SL,fx_major
NG,2021-01-17 23:00:00+00:00,long,2,-1.0037967567567567,2,SL,commodities
GBPNZD,2021-01-18 14:00:00+00:00,short,3,-1.043731741618969,6,SL,fx_cross
GBPCHF,2021-01-18 14:00:00+00:00,short,3,-1.054140495603518,9,SL,fx_cross
USDJPY,2021-01-20 06:00:00+00:00,long,2,-1.1230789830508527,2,SL,fx_major
CADJPY,2021-01-20 14:00:00+00:00,short,4,-1.0745036363636313,0,SAME_BAR_SL,fx_cross
EURGBP,2021-01-22 06:00:00+00:00,short,4,-1.0782820125786172,0,SAME_BAR_SL,fx_cross
NZDJPY,2021-01-25 18:00:00+00:00,short,3,-1.0572693844049208,4,SL,fx_cross
GBPCAD,2021-01-26 14:00:00+00:00,short,3,-1.0511197069597058,4,SL,fx_cross
AUDUSD,2021-01-27 10:00:00+00:00,long,2,-1.0309657471264375,1,SL,fx_major
AUDCAD,2021-01-27 10:00:00+00:00,long,2,-1.0722444152431,2,SL,fx_cross
USDCAD,2021-01-27 10:00:00+00:00,short,3,-1.0403976457272217,1,SL,fx_major
EURGBP,2021-01-28 14:00:00+00:00,long,1,-1.0254089595079454,17,SL,fx_cross
ES,2021-01-29 03:00:00+00:00,long,2,-1.0069645414847161,3,SL,indices
YM,2021-01-29 03:00:00+00:00,long,2,-1.0079717491749174,3,SL,indices
SI,2021-01-29 07:00:00+00:00,short,3,-1.005568617363344,1,SL,metals
NZDCHF,2021-01-29 10:00:00+00:00,short,4,-1.0439696078431386,5,SL,fx_cross
GBPNZD,2021-01-29 14:00:00+00:00,long,1,-1.0347975694217564,15,SL,fx_cross
NZDUSD,2021-01-29 14:00:00+00:00,short,3,2.46975664921466,12,TP,fx_major
AUDCHF,2021-02-02 02:00:00+00:00,short,3,-1.0387643188698281,13,SL,fx_cross
NZDUSD,2021-02-03 02:00:00+00:00,short,3,2.46975664921466,12,TP,fx_major
PA,2021-02-04 15:00:00+00:00,long,1,2.496088172043011,40,TP,metals
EURAUD,2021-02-05 14:00:00+00:00,long,2,-1.052177319098457,6,SL,fx_cross
EURGBP,2021-02-09 14:00:00+00:00,long,2,-1.0990500000000074,4,SL,fx_cross
GBPJPY,2021-02-09 18:00:00+00:00,short,4,-1.0479706761565826,3,SL,fx_cross
NZDUSD,2021-02-10 10:00:00+00:00,short,4,-1.049247299270075,6,SL,fx_major
NG,2021-02-10 23:00:00+00:00,short,3,-1.0028382195845698,17,SL,commodities
SI,2021-02-12 03:00:00+00:00,short,3,-1.00677125,3,SL,metals
USDCAD,2021-02-12 14:00:00+00:00,long,1,-1.8187908045977705,0,SAME_BAR_SL,fx_major
GBPUSD,2021-02-16 14:00:00+00:00,short,3,2.4316996147110346,5,TP,fx_major
EURCAD,2021-02-17 06:00:00+00:00,long,2,-1.0922285714285611,1,SL,fx_cross
GBPUSD,2021-02-18 10:00:00+00:00,short,3,-1.0683003852889654,0,SAME_BAR_SL,fx_major
AUDUSD,2021-02-18 10:00:00+00:00,short,3,-1.0376642350907523,5,SL,fx_major
SI,2021-02-19 07:00:00+00:00,short,4,-1.0142809917355375,0,SAME_BAR_SL,metals
SI,2021-02-21 23:00:00+00:00,short,3,-1.005445889570552,4,SL,metals
USDJPY,2021-02-22 14:00:00+00:00,long,2,2.4237848704663203,9,TP,fx_major
NG,2021-02-22 15:00:00+00:00,long,2,-1.0031181144781145,9,SL,commodities
USDJPY,2021-02-24 06:00:00+00:00,short,3,-1.0430906122448993,1,SL,fx_major
GBPCAD,2021-02-24 14:00:00+00:00,short,3,2.483679435695538,71,TP,fx_cross
NG,2021-02-25 11:00:00+00:00,long,2,-1.0058357894736842,4,SL,commodities
GBPNZD,2021-02-26 14:00:00+00:00,short,4,-1.0219818300653594,25,SL,fx_cross
NQ,2021-03-01 15:00:00+00:00,short,4,-1.0119409456598447,1,SL,indices
SI,2021-03-02 11:00:00+00:00,short,4,-1.0082423300970873,1,SL,metals
NQ,2021-03-03 07:00:00+00:00,short,4,2.4928397114976666,2,TP,indices
NG,2021-03-03 19:00:00+00:00,long,1,-1.0083947663551402,4,SL,commodities
PA,2021-03-05 15:00:00+00:00,long,1,-1.0039932095490716,10,SL,metals
EURJPY,2021-03-07 22:00:00+00:00,short,3,-1.0429253618030834,19,SL,fx_cross
ES,2021-03-10 19:00:00+00:00,short,4,-1.020274008097166,3,SL,indices
PA,2021-03-12 11:00:00+00:00,long,1,2.4959539784946236,12,TP,metals
USDCAD,2021-03-12 14:00:00+00:00,long,2,-1.0567863636363601,2,SL,fx_major
HG,2021-03-14 22:00:00+00:00,short,4,2.4897083076923074,8,TP,metals
NQ,2021-03-16 10:00:00+00:00,short,4,2.4928397114976666,14,TP,indices
HG,2021-03-17 18:00:00+00:00,short,3,-1.0151277714285716,0,SAME_BAR_SL,metals
SI,2021-03-17 22:00:00+00:00,short,3,2.49414323024055,12,TP,metals
NKD,2021-03-17 22:00:00+00:00,short,3,-1.0180157009345794,0,SAME_BAR_SL,indices
HG,2021-03-18 10:00:00+00:00,short,3,2.4864221538461537,2,TP,metals
NQ,2021-03-22 10:00:00+00:00,short,4,-1.009136818932306,1,SL,indices
HG,2021-03-22 10:00:00+00:00,short,3,-1.013577846153846,3,SL,metals
ES,2021-03-22 18:00:00+00:00,short,4,2.484327950310559,6,TP,indices
GBPAUD,2021-03-23 05:00:00+00:00,short,3,-1.0601064439140824,3,SL,fx_cross
NZDJPY,2021-03-23 09:00:00+00:00,long,1,-1.0435801019367994,2,SL,fx_cross
ES,2021-03-26 18:00:00+00:00,short,4,-1.015672049689441,0,SAME_BAR_SL,indices
CL,2021-03-29 06:00:00+00:00,short,4,-1.0087553153153155,1,SL,commodities
AUDJPY,2021-04-01 13:00:00+00:00,short,4,-1.0803284641638207,1,SL,fx_cross
NKD,2021-04-02 06:00:00+00:00,short,3,2.4939523028391166,70,TP,indices
HG,2021-04-05 14:00:00+00:00,short,3,2.4931411948051947,26,TP,metals
GBPJPY,2021-04-05 21:00:00+00:00,short,3,-1.3001208391608974,0,SAME_BAR_SL,fx_cross
GBPAUD,2021-04-07 13:00:00+00:00,short,3,2.474269773594505,32,TP,fx_cross
CHFJPY,2021-04-08 13:00:00+00:00,short,4,-1.066993265720078,0,SAME_BAR_SL,fx_cross
AUDCAD,2021-04-09 05:00:00+00:00,long,2,-1.026446834071886,4,SL,fx_cross
CADJPY,2021-04-13 09:00:00+00:00,long,2,-1.03432451977401,25,SL,fx_cross
NQ,2021-04-13 10:00:00+00:00,short,3,-1.0184312681912682,0,SAME_BAR_SL,indices
SI,2021-04-16 10:00:00+00:00,short,3,-1.0166273267326729,0,SAME_BAR_SL,metals
GBPCAD,2021-04-19 13:00:00+00:00,short,4,2.3718565013054906,3,TP,fx_cross
RTY,2021-04-19 14:00:00+00:00,long,1,-1.0189428116710864,0,SAME_BAR_SL,indices
EURUSD,2021-04-20 05:00:00+00:00,short,3,-1.0386054794520543,39,SL,fx_major
GBPCAD,2021-04-20 13:00:00+00:00,short,4,2.449767198364009,6,TP,fx_cross
EURNZD,2021-04-21 05:00:00+00:00,long,2,-1.0617994722955115,2,SL,fx_cross
RTY,2021-04-22 10:00:00+00:00,short,4,-1.0056831695721078,8,SL,indices
YM,2021-04-22 14:00:00+00:00,short,3,2.4259668027210886,1,TP,indices
YM,2021-04-23 18:00:00+00:00,short,3,2.417481212121212,1,TP,indices
EURAUD,2021-04-26 13:00:00+00:00,long,2,2.4634143568114713,36,TP,fx_cross
NG,2021-04-27 06:00:00+00:00,short,4,-1.0065354744525548,1,SL,commodities
GBPCHF,2021-04-27 09:00:00+00:00,long,2,-1.0599209443507567,17,SL,fx_cross
AUDCAD,2021-04-28 13:00:00+00:00,long,1,-1.1001626865671637,4,SL,fx_cross
SI,2021-04-28 18:00:00+00:00,short,3,-1.0061957195571956,2,SL,metals
USDJPY,2021-04-29 05:00:00+00:00,short,4,-1.049873911620293,2,SL,fx_major
EURNZD,2021-04-29 17:00:00+00:00,long,2,-1.0329743611404445,23,SL,fx_cross
EURUSD,2021-04-30 09:00:00+00:00,long,2,-1.0381064715813177,1,SL,fx_major
NZDCAD,2021-04-30 13:00:00+00:00,long,2,-1.0873105300353392,0,SAME_BAR_SL,fx_cross
USDCHF,2021-05-04 05:00:00+00:00,short,3,2.4678161809045216,19,TP,fx_major
CADJPY,2021-05-04 13:00:00+00:00,short,3,-1.064920522193205,3,SL,fx_cross
EURCAD,2021-05-05 05:00:00+00:00,long,2,-1.0917467702552723,0,SAME_BAR_SL,fx_cross
CHFJPY,2021-05-05 09:00:00+00:00,short,4,-1.0385406451612906,5,SL,fx_cross
CADJPY,2021-05-05 09:00:00+00:00,short,3,-1.0930561194029849,4,SL,fx_cross
DAX,2021-05-10 00:00:00+00:00,short,4,2.4734202150537636,4,TP,indices
GBPJPY,2021-05-10 05:00:00+00:00,short,3,-1.0666931259720092,1,SL,fx_cross
CADCHF,2021-05-10 17:00:00+00:00,short,3,-1.0360841522491342,6,SL,fx_cross
NZDCAD,2021-05-10 17:00:00+00:00,long,2,-1.0395730337078655,8,SL,fx_cross
ES,2021-05-11 10:00:00+00:00,long,2,-1.0116054266958425,1,SL,indices
SI,2021-05-11 14:00:00+00:00,short,4,-1.0062303202846974,1,SL,metals
CADCHF,2021-05-12 09:00:00+00:00,short,3,-1.0716952901023866,1,SL,fx_cross
USDJPY,2021-05-12 13:00:00+00:00,short,3,-1.0913016666666633,2,SL,fx_major
NZDCHF,2021-05-12 17:00:00+00:00,long,1,-1.057236226415095,4,SL,fx_cross
SI,2021-05-13 06:00:00+00:00,long,1,2.4920281481481483,7,TP,metals
GBPCAD,2021-05-13 17:00:00+00:00,short,4,-1.0621073069435425,17,SL,fx_cross
EURNZD,2021-05-17 01:00:00+00:00,short,4,-1.0345347028613352,2,SL,fx_cross
USDCAD,2021-05-17 13:00:00+00:00,long,2,-1.0313864812239213,3,SL,fx_major
CADCHF,2021-05-17 17:00:00+00:00,short,4,2.463770034602077,40,TP,fx_cross
EURUSD,2021-05-18 05:00:00+00:00,short,3,-1.0425509396390789,30,SL,fx_major
GBPNZD,2021-05-19 09:00:00+00:00,short,3,-1.0532962626750355,11,SL,fx_cross
SI,2021-05-19 10:00:00+00:00,short,4,-1.0111860869565217,0,SAME_BAR_SL,metals
EURJPY,2021-05-19 17:00:00+00:00,short,3,-1.040586579520697,22,SL,fx_cross
AUDNZD,2021-05-19 21:00:00+00:00,short,3,-1.068096252821668,1,SL,fx_cross
GBPJPY,2021-05-20 09:00:00+00:00,short,4,-1.0622327272727288,2,SL,fx_cross
USDCAD,2021-05-20 13:00:00+00:00,long,1,-1.0314802230483275,5,SL,fx_major
HG,2021-05-20 22:00:00+00:00,long,2,-1.013157818181818,1,SL,metals
USDCHF,2021-05-21 05:00:00+00:00,long,2,2.394819790356388,1,TP,fx_major
CHFJPY,2021-05-21 05:00:00+00:00,short,3,-1.099090612244893,12,SL,fx_cross
GBPJPY,2021-05-21 09:00:00+00:00,short,3,2.4270177403035436,5,TP,fx_cross
PA,2021-05-21 14:00:00+00:00,long,1,-1.0078428193832598,5,SL,metals
SI,2021-05-23 22:00:00+00:00,short,3,-1.004026485260771,12,SL,metals
CL,2021-05-24 22:00:00+00:00,short,3,-1.0054772093023256,18,SL,commodities
USDJPY,2021-05-25 17:00:00+00:00,long,2,2.4373410699588463,10,TP,fx_major
AUDUSD,2021-05-26 13:00:00+00:00,long,1,-1.1233845454545466,0,SAME_BAR_SL,fx_major
USDCHF,2021-05-26 13:00:00+00:00,long,2,2.39912901408451,1,TP,fx_major
NZDUSD,2021-05-28 13:00:00+00:00,short,4,-1.0519682864450146,6,SL,fx_major
SI,2021-05-30 22:00:00+00:00,short,3,-1.0089568159203979,5,SL,metals
SI,2021-06-01 10:00:00+00:00,short,3,2.4928625,12,TP,metals
USDCAD,2021-06-01 13:00:00+00:00,long,2,-1.2091547826086524,0,SAME_BAR_SL,fx_major
GBPAUD,2021-06-01 17:00:00+00:00,long,1,2.43774820231566,9,TP,fx_cross
AUDUSD,2021-06-02 01:00:00+00:00,long,1,-1.0470703687635574,1,SL,fx_major
YM,2021-06-02 14:00:00+00:00,short,3,2.486749247311828,54,TP,indices
GBPCHF,2021-06-07 13:00:00+00:00,long,2,-1.0795149999999993,4,SL,fx_cross
USDCHF,2021-06-07 13:00:00+00:00,long,1,-1.0642854219948872,5,SL,fx_major
EURJPY,2021-06-11 09:00:00+00:00,long,2,-1.1012291304347839,0,SAME_BAR_SL,fx_cross
GBPNZD,2021-06-11 09:00:00+00:00,short,3,-1.0896168318440338,0,SAME_BAR_SL,fx_cross
AUDNZD,2021-06-14 05:00:00+00:00,short,3,2.426317369062112,16,TP,fx_cross
GBPJPY,2021-06-14 09:00:00+00:00,short,3,-1.2581100000000776,1,SL,fx_cross
EURJPY,2021-06-14 13:00:00+00:00,short,3,-1.0892489952153217,3,SL,fx_cross
GBPJPY,2021-06-15 05:00:00+00:00,short,4,2.452605577342048,13,TP,fx_cross
HG,2021-06-15 06:00:00+00:00,long,1,-1.0132601904761909,1,SL,metals
EURJPY,2021-06-15 13:00:00+00:00,short,3,2.4557128351126907,10,TP,fx_cross
EURGBP,2021-06-16 05:00:00+00:00,long,1,-1.0549861187214606,3,SL,fx_cross
PA,2021-06-16 22:00:00+00:00,long,2,-1.0046284237726097,3,SL,metals
CHFJPY,2021-06-17 05:00:00+00:00,long,1,-1.0813098564593289,0,SAME_BAR_SL,fx_cross
AUDUSD,2021-06-17 05:00:00+00:00,long,2,-1.0615983815028898,0,SAME_BAR_SL,fx_major
AUDJPY,2021-06-17 05:00:00+00:00,long,2,-1.0654881553398055,0,SAME_BAR_SL,fx_cross
EURUSD,2021-06-17 05:00:00+00:00,long,2,-1.0661995256917016,0,SAME_BAR_SL,fx_major
PA,2021-06-17 14:00:00+00:00,long,2,-1.0097944186046512,0,SAME_BAR_SL,metals
CL,2021-06-17 14:00:00+00:00,long,1,-1.0105069124423964,0,SAME_BAR_SL,commodities
RTY,2021-06-17 14:00:00+00:00,long,2,-1.0170769086651044,0,SAME_BAR_SL,indices
USDJPY,2021-06-18 05:00:00+00:00,long,2,2.420237720207253,2,TP,fx_major
USDCHF,2021-06-18 09:00:00+00:00,short,3,-1.1037205633802787,0,SAME_BAR_SL,fx_major
USDJPY,2021-06-21 01:00:00+00:00,long,2,-1.079762279792747,0,SAME_BAR_SL,fx_major
NG,2021-06-23 10:00:00+00:00,short,3,-1.00555,0,SAME_BAR_SL,commodities
NZDCAD,2021-06-24 09:00:00+00:00,short,3,-1.0317685695623777,46,SL,fx_cross
NZDUSD,2021-06-25 05:00:00+00:00,short,3,2.469211313131313,12,TP,fx_major
NG,2021-06-30 18:00:00+00:00,short,3,-1.0031664516129033,0,SAME_BAR_SL,commodities
GBPUSD,2021-07-01 09:00:00+00:00,long,2,-1.0285923915461619,71,SL,fx_major
HG,2021-07-05 22:00:00+00:00,short,3,2.4924557837837837,4,TP,metals
CHFJPY,2021-07-06 13:00:00+00:00,long,2,-1.1054525786163387,0,SAME_BAR_SL,fx_cross
CL,2021-07-07 14:00:00+00:00,long,2,-1.0055873381294964,0,SAME_BAR_SL,commodities
NG,2021-07-07 14:00:00+00:00,long,1,2.4951006896551724,6,TP,commodities
NZDUSD,2021-07-08 05:00:00+00:00,long,2,-1.027666855524079,1,SL,fx_major
RTY,2021-07-08 06:00:00+00:00,long,2,-1.0080685714285713,1,SL,indices
NQ,2021-07-08 10:00:00+00:00,long,1,2.470069196141479,1,TP,indices
NQ,2021-07-12 06:00:00+00:00,short,3,-1.0195358024691359,6,SL,indices
YM,2021-07-12 22:00:00+00:00,short,3,2.476081541755889,15,TP,indices
SI,2021-07-12 22:00:00+00:00,short,3,2.4895155279503105,22,TP,metals
GBPCHF,2021-07-14 09:00:00+00:00,short,3,2.455110949088623,3,TP,fx_cross
NG,2021-07-14 10:00:00+00:00,short,3,2.493053023255814,1,TP,commodities
RTY,2021-07-14 14:00:00+00:00,long,2,-1.0057038325281804,4,SL,indices
PL,2021-07-15 06:00:00+00:00,short,4,2.4913901176470588,7,TP,metals
PL,2021-07-19 06:00:00+00:00,long,2,-1.0076975824175824,0,SAME_BAR_SL,metals
GBPCAD,2021-07-19 09:00:00+00:00,short,3,2.4497700613496938,2,TP,fx_cross
NQ,2021-07-19 10:00:00+00:00,long,1,-1.0299308038585209,0,SAME_BAR_SL,indices
EURCHF,2021-07-20 09:00:00+00:00,short,3,2.4381008766564722,38,TP,fx_cross
GBPJPY,2021-07-21 13:00:00+00:00,short,4,-1.0633085029940115,4,SL,fx_cross
CL,2021-07-21 14:00:00+00:00,short,4,-1.0064968299711814,6,SL,commodities
EURNZD,2021-07-22 09:00:00+00:00,long,1,-1.0430210268059976,3,SL,fx_cross
NQ,2021-07-22 10:00:00+00:00,short,3,-1.0167652418645559,2,SL,indices
SI,2021-07-23 10:00:00+00:00,long,2,-1.0094465497076022,13,SL,metals
CADCHF,2021-07-27 09:00:00+00:00,short,4,-1.079927671232874,0,SAME_BAR_SL,fx_cross
GBPJPY,2021-07-27 13:00:00+00:00,short,4,-1.1243640816326466,0,SAME_BAR_SL,fx_cross
GBPCAD,2021-07-27 13:00:00+00:00,short,3,-1.077688407643314,0,SAME_BAR_SL,fx_cross
EURCAD,2021-07-28 09:00:00+00:00,long,1,-1.0484360839160825,5,SL,fx_cross
GBPJPY,2021-07-28 17:00:00+00:00,short,3,-1.0508038908659574,4,SL,fx_cross
AUDNZD,2021-07-29 13:00:00+00:00,long,2,-1.0887457057057162,5,SL,fx_cross
NG,2021-07-29 14:00:00+00:00,short,3,-1.0023197153024912,121,SL,commodities
AUDNZD,2021-08-02 21:00:00+00:00,long,2,-1.0404150581793286,6,SL,fx_cross
GBPJPY,2021-08-03 17:00:00+00:00,short,4,-1.0328455375096688,5,SL,fx_cross
EURNZD,2021-08-03 21:00:00+00:00,long,2,-1.0627735458167291,0,SAME_BAR_SL,fx_cross
NZDUSD,2021-08-04 05:00:00+00:00,short,3,2.4685849762282093,16,TP,fx_major
EURCAD,2021-08-04 13:00:00+00:00,long,2,-1.0618870728083198,0,SAME_BAR_SL,fx_cross
NQ,2021-08-04 14:00:00+00:00,short,4,-1.028757619047619,6,SL,indices
EURCAD,2021-08-05 05:00:00+00:00,long,2,-1.0268559042381102,13,SL,fx_cross
CADJPY,2021-08-05 13:00:00+00:00,short,4,-1.0380869403563113,18,SL,fx_cross
EURNZD,2021-08-06 09:00:00+00:00,long,2,2.442212214682295,10,TP,fx_cross
CADCHF,2021-08-06 13:00:00+00:00,short,3,-1.0508740074906362,4,SL,fx_cross
GBPCHF,2021-08-10 05:00:00+00:00,short,3,-1.0448890509113768,9,SL,fx_cross
CHFJPY,2021-08-15 21:00:00+00:00,long,2,2.4457968932038856,46,TP,fx_cross
EURNZD,2021-08-17 05:00:00+00:00,short,3,2.4501318681318667,4,TP,fx_cross
EURCHF,2021-08-17 05:00:00+00:00,long,2,-1.093770733229332,1,SL,fx_cross
NZDCHF,2021-08-17 05:00:00+00:00,long,2,-1.0793015246636708,0,SAME_BAR_SL,fx_cross
EURUSD,2021-08-17 13:00:00+00:00,long,2,-1.096234604105568,2,SL,fx_major
RTY,2021-08-18 18:00:00+00:00,long,1,-1.0053198761609907,3,SL,indices
GBPCAD,2021-08-19 13:00:00+00:00,short,3,-1.0449436029411774,3,SL,fx_cross
ES,2021-08-23 02:00:00+00:00,short,4,-1.023558347107438,3,SL,indices
CADJPY,2021-08-23 13:00:00+00:00,short,4,-1.049735573770489,4,SL,fx_cross
NKD,2021-08-23 14:00:00+00:00,short,3,-1.037576170212766,2,SL,indices
NZDCHF,2021-08-23 17:00:00+00:00,long,1,2.468791190053286,4,TP,fx_cross
YM,2021-08-24 06:00:00+00:00,short,4,2.470359790575916,16,TP,indices
CADCHF,2021-08-24 13:00:00+00:00,short,4,-1.0722729411764662,2,SL,fx_cross
GBPJPY,2021-08-26 05:00:00+00:00,short,4,-1.023656486335751,66,SL,fx_cross
DAX,2021-08-31 04:00:00+00:00,short,3,2.4804180842911876,2,TP,indices
YM,2021-08-31 14:00:00+00:00,short,3,2.46953376344086,28,TP,indices
NZDJPY,2021-09-03 05:00:00+00:00,short,3,2.4776197042325347,65,TP,fx_cross
GBPUSD,2021-09-03 09:00:00+00:00,short,4,-1.0650877852348997,2,SL,fx_major
NZDCHF,2021-09-03 09:00:00+00:00,short,3,2.4130457007125807,1,TP,fx_cross
GBPAUD,2021-09-03 09:00:00+00:00,long,1,2.457096968194961,17,TP,fx_cross
NZDUSD,2021-09-03 09:00:00+00:00,short,3,-1.044060948180814,0,SAME_BAR_SL,fx_major
NZDCHF,2021-09-08 09:00:00+00:00,short,3,-1.0583759744408932,0,SAME_BAR_SL,fx_cross
GBPCHF,2021-09-08 09:00:00+00:00,short,4,-1.1201725888324856,1,SL,fx_cross
EURCAD,2021-09-08 13:00:00+00:00,short,3,2.4730358029430586,35,TP,fx_cross
USDCHF,2021-09-08 13:00:00+00:00,short,3,2.4339472122762125,5,TP,fx_major
NZDUSD,2021-09-09 05:00:00+00:00,short,4,-1.0407865711361308,6,SL,fx_major
GBPCAD,2021-09-09 09:00:00+00:00,short,3,2.4738325239616605,59,TP,fx_cross
USDJPY,2021-09-09 13:00:00+00:00,long,2,-1.08519290858726,1,SL,fx_major
EURUSD,2021-09-10 05:00:00+00:00,short,3,2.3516463534675753,3,TP,fx_major
NKD,2021-09-12 22:00:00+00:00,short,3,-1.0109233898305086,2,SL,indices
CHFJPY,2021-09-13 09:00:00+00:00,long,2,-1.0186433463469045,17,SL,fx_cross
RTY,2021-09-13 14:00:00+00:00,long,2,-1.0093299737532808,7,SL,indices
GBPCHF,2021-09-14 05:00:00+00:00,short,3,2.393245305514158,2,TP,fx_cross
NZDUSD,2021-09-15 21:00:00+00:00,short,3,2.4751160049937573,13,TP,fx_major
USDCHF,2021-09-16 05:00:00+00:00,short,4,-1.1237667146282906,0,SAME_BAR_SL,fx_major
GBPCHF,2021-09-16 09:00:00+00:00,short,3,-1.1067546944858422,0,SAME_BAR_SL,fx_cross
USDJPY,2021-09-17 09:00:00+00:00,short,3,2.4293693577981617,6,TP,fx_major
EURCAD,2021-09-17 13:00:00+00:00,short,3,-1.0401922147651008,5,SL,fx_cross
GBPUSD,2021-09-17 13:00:00+00:00,long,2,-1.165039314775131,0,SAME_BAR_SL,fx_major
YM,2021-09-20 06:00:00+00:00,long,1,-1.0120044101433296,1,SL,indices
NZDJPY,2021-09-23 09:00:00+00:00,short,3,-1.0653871471471474,1,SL,fx_cross
CADJPY,2021-09-23 09:00:00+00:00,short,3,-1.0674733980582574,1,SL,fx_cross
EURJPY,2021-09-23 17:00:00+00:00,short,3,-1.0867437320574267,3,SL,fx_cross
GBPJPY,2021-09-23 21:00:00+00:00,short,3,-1.0535304918032782,8,SL,fx_cross
PA,2021-09-24 02:00:00+00:00,short,3,-1.0019970093457944,65,SL,metals
CL,2021-09-26 22:00:00+00:00,short,4,-1.0058669287469288,3,SL,commodities
CADCHF,2021-09-27 01:00:00+00:00,short,3,-1.1186228901734097,1,SL,fx_cross
EURJPY,2021-09-28 01:00:00+00:00,short,3,-1.0702627027027143,2,SL,fx_cross
EURUSD,2021-09-28 05:00:00+00:00,long,2,-1.1143085314685282,6,SL,fx_major
EURGBP,2021-09-28 09:00:00+00:00,short,3,-1.0769329073482463,0,SAME_BAR_SL,fx_cross
CADCHF,2021-09-30 13:00:00+00:00,short,3,2.4512336643026,4,TP,fx_cross
NZDJPY,2021-10-01 05:00:00+00:00,long,2,2.463063634797592,6,TP,fx_cross
SI,2021-10-01 14:00:00+00:00,short,4,-1.0095554966887417,2,SL,metals
ES,2021-10-01 14:00:00+00:00,long,2,2.4868592805755396,1,TP,indices
GBPJPY,2021-10-04 09:00:00+00:00,short,3,-1.1076083460559871,0,SAME_BAR_SL,fx_cross
CHFJPY,2021-10-04 09:00:00+00:00,short,4,-1.1737537823834088,0,SAME_BAR_SL,fx_cross
EURGBP,2021-10-04 13:00:00+00:00,long,1,-1.0540014446952577,4,SL,fx_cross
ES,2021-10-04 14:00:00+00:00,long,2,2.4868592805755396,6,TP,indices
GBPJPY,2021-10-06 01:00:00+00:00,short,3,-1.0380995348837212,15,SL,fx_cross
AUDUSD,2021-10-06 05:00:00+00:00,short,4,-1.021786609534012,7,SL,fx_major
RTY,2021-10-06 14:00:00+00:00,long,2,2.4896725553914325,3,TP,indices
GBPCHF,2021-10-07 13:00:00+00:00,short,3,-1.1063260060060185,5,SL,fx_cross
NZDJPY,2021-10-07 13:00:00+00:00,short,3,-1.015980346735522,9,SL,fx_cross
CL,2021-10-07 14:00:00+00:00,short,3,-1.00370670605613,8,SL,commodities
USDJPY,2021-10-08 01:00:00+00:00,short,3,-1.0584353731343281,3,SL,fx_major
GBPJPY,2021-10-11 05:00:00+00:00,short,3,-1.1097671246819416,1,SL,fx_cross
EURGBP,2021-10-12 09:00:00+00:00,long,1,-1.0766956521739097,0,SAME_BAR_SL,fx_cross
GBPJPY,2021-10-13 05:00:00+00:00,short,3,-1.058357577388964,5,SL,fx_cross
GBPCHF,2021-10-15 09:00:00+00:00,short,3,-1.0355824448897792,3,SL,fx_cross
SI,2021-10-19 10:00:00+00:00,short,4,2.474678032786886,1,TP,metals
NQ,2021-10-19 14:00:00+00:00,short,3,-1.1025966666666667,1,SL,indices
YM,2021-10-19 18:00:00+00:00,short,4,-1.0408514079422382,4,SL,indices
SI,2021-10-20 10:00:00+00:00,short,4,-1.0253219672131142,0,SAME_BAR_SL,metals
USDCHF,2021-10-20 13:00:00+00:00,long,2,-1.0642491770573554,5,SL,fx_major
PL,2021-10-20 14:00:00+00:00,short,3,-1.0160761904761906,2,SL,metals
GBPJPY,2021-10-20 21:00:00+00:00,short,3,2.3178087242798315,1,TP,fx_cross
EURJPY,2021-10-21 01:00:00+00:00,short,3,2.398556304347809,1,TP,fx_cross
EURCHF,2021-10-21 09:00:00+00:00,long,2,-1.0912936585365929,2,SL,fx_cross
YM,2021-10-21 18:00:00+00:00,short,4,-1.0381209427609428,0,SAME_BAR_SL,indices
USDCAD,2021-10-22 05:00:00+00:00,long,1,2.4422830409356715,18,TP,fx_major
EURCHF,2021-10-25 09:00:00+00:00,long,1,-1.0970400000000078,1,SL,fx_cross
NG,2021-10-26 22:00:00+00:00,short,3,-1.0028579310344827,3,SL,commodities
AUDNZD,2021-10-27 13:00:00+00:00,long,1,-1.0432843657817108,21,SL,fx_cross
PL,2021-10-27 18:00:00+00:00,long,2,2.4922012530120483,16,TP,metals
AUDCHF,2021-10-28 09:00:00+00:00,short,3,2.4539628061831156,4,TP,fx_cross
EURUSD,2021-10-28 13:00:00+00:00,short,3,-1.0823610101010155,0,SAME_BAR_SL,fx_major
USDCHF,2021-10-28 21:00:00+00:00,long,2,2.417941093247587,4,TP,fx_major
GBPJPY,2021-10-29 09:00:00+00:00,short,4,2.4316303576982925,1,TP,fx_cross
AUDCHF,2021-11-01 17:00:00+00:00,long,1,-1.0758656126482238,0,SAME_BAR_SL,fx_cross
DAX,2021-11-02 12:00:00+00:00,short,3,-1.0253142288557213,3,SL,indices
CL,2021-11-02 18:00:00+00:00,short,3,2.489129068825911,1,TP,commodities
CADJPY,2021-11-03 21:00:00+00:00,short,4,2.4000117829457515,3,TP,fx_cross
AUDCAD,2021-11-05 09:00:00+00:00,long,1,2.4310509383378016,3,TP,fx_cross
USDCHF,2021-11-05 09:00:00+00:00,short,4,-1.0735737159254,0,SAME_BAR_SL,fx_major
SI,2021-11-05 10:00:00+00:00,long,1,2.49342683982684,6,TP,metals
CHFJPY,2021-11-08 14:00:00+00:00,long,2,-1.0610054929577453,5,SL,fx_cross
AUDCAD,2021-11-09 14:00:00+00:00,long,1,-1.0689490616621982,2,SL,fx_cross
CL,2021-11-09 15:00:00+00:00,short,3,-1.0108709311740889,1,SL,commodities
GBPCAD,2021-11-10 10:00:00+00:00,long,2,-1.0549811338398605,1,SL,fx_cross
NZDUSD,2021-11-10 10:00:00+00:00,long,2,-1.049499251870326,2,SL,fx_major
GBPJPY,2021-11-15 14:00:00+00:00,short,3,-1.0307911557788951,4,SL,fx_cross
EURJPY,2021-11-15 14:00:00+00:00,long,1,-1.0419400000000003,9,SL,fx_cross
GBPCAD,2021-11-15 18:00:00+00:00,long,1,2.453594629812437,10,TP,fx_cross
EURGBP,2021-11-16 06:00:00+00:00,long,1,-1.0935532015810305,0,SAME_BAR_SL,fx_cross
GBPCHF,2021-11-16 06:00:00+00:00,short,4,-1.0408711371629524,2,SL,fx_cross
USDCHF,2021-11-16 10:00:00+00:00,short,4,-1.0700664150943462,1,SL,fx_major
EURCHF,2021-11-17 02:00:00+00:00,long,2,-1.0884984984984971,0,SAME_BAR_SL,fx_cross
USDCHF,2021-11-17 02:00:00+00:00,short,4,-1.0437551677852352,27,SL,fx_major
YM,2021-11-17 11:00:00+00:00,long,2,-1.0415907581227437,0,SAME_BAR_SL,indices
GBPJPY,2021-11-18 06:00:00+00:00,short,3,2.4710911721366364,36,TP,fx_cross
NQ,2021-11-18 07:00:00+00:00,short,3,-1.0243604640371229,2,SL,indices
EURUSD,2021-11-19 06:00:00+00:00,long,1,-1.1359420985010462,0,SAME_BAR_SL,fx_major
PL,2021-11-19 11:00:00+00:00,long,1,-1.014183489361702,0,SAME_BAR_SL,metals
NZDCAD,2021-11-22 18:00:00+00:00,long,1,-1.0705384308131178,2,SL,fx_cross
SI,2021-11-23 11:00:00+00:00,long,1,-1.0065731601731602,0,SAME_BAR_SL,metals
PA,2021-11-23 15:00:00+00:00,long,1,-1.0047097276264592,0,SAME_BAR_SL,metals
AUDNZD,2021-11-24 02:00:00+00:00,short,4,-1.1405626923076717,2,SL,fx_cross
CADCHF,2021-11-25 22:00:00+00:00,short,3,2.466746516853932,2,TP,fx_cross
GBPAUD,2021-11-26 02:00:00+00:00,short,3,-1.0319627598896035,1,SL,fx_cross
AUDJPY,2021-11-26 02:00:00+00:00,long,1,-1.0287460836976878,1,SL,fx_cross
SI,2021-11-26 11:00:00+00:00,long,2,-1.0063159322033899,1,SL,metals
AUDUSD,2021-11-26 14:00:00+00:00,long,2,-1.0243712545676003,9,SL,fx_major
PL,2021-11-26 15:00:00+00:00,long,2,2.4922297435897436,1,TP,metals
PL,2021-11-30 03:00:00+00:00,long,2,-1.0077702564102564,0,SAME_BAR_SL,metals
NG,2021-11-30 07:00:00+00:00,long,1,-1.0116560629921258,1,SL,commodities
HG,2021-12-01 15:00:00+00:00,long,2,2.4921317101449274,22,TP,metals
AUDJPY,2021-12-03 14:00:00+00:00,long,2,2.4778194102948525,9,TP,fx_cross
USDCAD,2021-12-03 14:00:00+00:00,short,4,-1.039585695364239,1,SL,fx_major
YM,2021-12-06 15:00:00+00:00,short,3,-1.019646993006993,0,SAME_BAR_SL,indices
ES,2021-12-07 11:00:00+00:00,short,4,-1.0274669124423963,0,SAME_BAR_SL,indices
YM,2021-12-07 15:00:00+00:00,short,4,-1.035012110091743,5,SL,indices
HG,2021-12-09 11:00:00+00:00,long,2,2.4540373333333294,1,TP,metals
HG,2021-12-09 19:00:00+00:00,long,2,-1.0459626666666704,0,SAME_BAR_SL,metals
YM,2021-12-10 11:00:00+00:00,short,3,2.4648469724770643,1,TP,indices
RTY,2021-12-13 15:00:00+00:00,long,2,-1.004344990665837,11,SL,indices
EURCHF,2021-12-14 06:00:00+00:00,long,1,2.296488951048957,1,TP,fx_cross
USDCAD,2021-12-15 14:00:00+00:00,short,3,-1.0300140922309917,18,SL,fx_major
EURUSD,2021-12-15 18:00:00+00:00,long,2,2.4353257613168764,1,TP,fx_major
NQ,2021-12-16 15:00:00+00:00,long,1,-1.0053842302614207,4,SL,indices
RTY,2021-12-16 19:00:00+00:00,long,2,-1.006756814159292,4,SL,indices
ES,2021-12-17 11:00:00+00:00,long,2,-1.0150914285714285,1,SL,indices
NQ,2021-12-17 11:00:00+00:00,long,2,-1.0092758556891768,5,SL,indices
EURCHF,2021-12-17 18:00:00+00:00,long,1,-1.203511048951043,0,SAME_BAR_SL,fx_cross
RTY,2021-12-19 23:00:00+00:00,long,2,-1.005458583929992,2,SL,indices
RTY,2021-12-21 11:00:00+00:00,short,3,-1.0129310986964617,1,SL,indices
PL,2021-12-21 11:00:00+00:00,long,1,2.4892014545454546,6,TP,metals
NG,2021-12-22 11:00:00+00:00,short,3,2.497172389380531,6,TP,commodities
PA,2021-12-23 07:00:00+00:00,short,3,-1.0107557142857142,1,SL,metals
DAX,2021-12-23 12:00:00+00:00,short,3,-1.0278338121546962,6,SL,indices
GBPJPY,2021-12-23 14:00:00+00:00,short,3,2.3745583673469453,3,TP,fx_cross
GBPJPY,2021-12-27 06:00:00+00:00,short,3,-1.1254416326530547,1,SL,fx_cross
PL,2021-12-28 11:00:00+00:00,short,3,2.4914776216216215,3,TP,metals
USDCAD,2021-12-28 14:00:00+00:00,short,3,2.4498713966480437,15,TP,fx_major
EURUSD,2021-12-29 10:00:00+00:00,short,4,-1.0526390682196274,1,SL,fx_major
USDCHF,2021-12-29 14:00:00+00:00,long,1,2.4291770637119092,4,TP,fx_major
GBPJPY,2021-12-30 10:00:00+00:00,short,4,-1.0265047352404144,17,SL,fx_cross
USDCHF,2021-12-31 06:00:00+00:00,long,1,-1.0708229362880908,1,SL,fx_major
DAX,2022-01-03 08:00:00+00:00,short,3,-1.0178646153846154,0,SAME_BAR_SL,indices
HG,2022-01-03 11:00:00+00:00,long,2,-1.0156373333333333,0,SAME_BAR_SL,metals
DAX,2022-01-04 04:00:00+00:00,short,4,-1.050919603960396,1,SL,indices
DAX,2022-01-05 08:00:00+00:00,short,3,2.469570994152047,2,TP,indices
GBPUSD,2022-01-05 14:00:00+00:00,short,3,-1.0479031127914316,22,SL,fx_major
PL,2022-01-05 15:00:00+00:00,short,3,-1.0100926984126983,0,SAME_BAR_SL,metals
HG,2022-01-05 19:00:00+00:00,long,2,-1.0160767999999996,0,SAME_BAR_SL,metals
USDCAD,2022-01-06 02:00:00+00:00,short,3,2.4551842204132757,8,TP,fx_major
CHFJPY,2022-01-06 06:00:00+00:00,long,1,-1.037481993637326,2,SL,fx_cross
USDJPY,2022-01-10 10:00:00+00:00,long,2,-1.0527912274959068,13,SL,fx_major
NQ,2022-01-10 11:00:00+00:00,long,1,-1.0143070442992013,0,SAME_BAR_SL,indices
PL,2022-01-10 15:00:00+00:00,long,2,2.4952428387096774,6,TP,metals
GBPCAD,2022-01-11 10:00:00+00:00,long,2,-1.0621853557567915,2,SL,fx_cross
EURUSD,2022-01-12 18:00:00+00:00,short,3,-1.0652610997963254,3,SL,fx_major
CL,2022-01-14 15:00:00+00:00,short,4,-1.0064978640776698,9,SL,commodities
HG,2022-01-17 07:00:00+00:00,long,1,2.486935069767442,12,TP,metals
NZDCHF,2022-01-18 02:00:00+00:00,long,2,-1.0387618749999996,17,SL,fx_cross
NKD,2022-01-18 03:00:00+00:00,long,1,-1.0123798639455783,0,SAME_BAR_SL,indices
GBPJPY,2022-01-19 06:00:00+00:00,short,3,-1.0678514463452535,1,SL,fx_cross
PL,2022-01-19 15:00:00+00:00,short,4,-1.0051555,4,SL,metals
NG,2022-01-19 19:00:00+00:00,long,2,-1.005256032388664,1,SL,commodities
SI,2022-01-20 11:00:00+00:00,short,4,2.4961794647201945,28,TP,metals
NZDUSD,2022-01-20 22:00:00+00:00,long,1,-1.0302170970328801,9,SL,fx_major
GBPCHF,2022-01-21 06:00:00+00:00,long,2,-1.0487270687237051,1,SL,fx_cross
NQ,2022-01-21 15:00:00+00:00,long,2,-1.0084897810218978,2,SL,indices
NG,2022-01-23 23:00:00+00:00,long,2,2.4929509604519775,4,TP,commodities
CADJPY,2022-01-24 06:00:00+00:00,long,2,-1.0369563103953152,2,SL,fx_cross
PL,2022-01-24 19:00:00+00:00,short,4,-1.0049486917293233,9,SL,metals
AUDUSD,2022-01-26 18:00:00+00:00,long,2,-1.0361459165154272,1,SL,fx_major
EURUSD,2022-01-27 02:00:00+00:00,long,2,-1.0646742386831234,1,SL,fx_major
CADJPY,2022-01-28 14:00:00+00:00,long,2,-1.0558096247240614,1,SL,fx_cross
NKD,2022-01-31 19:00:00+00:00,short,3,-1.0086241584158415,7,SL,indices
EURGBP,2022-02-03 14:00:00+00:00,short,4,-1.0801698293515332,0,SAME_BAR_SL,fx_cross
NG,2022-02-07 15:00:00+00:00,long,1,-1.0018306464924347,16,SL,commodities
GBPJPY,2022-02-07 22:00:00+00:00,short,4,-1.043947311178248,2,SL,fx_cross
HG,2022-02-08 15:00:00+00:00,short,4,-1.0203634285714274,0,SAME_BAR_SL,metals
NKD,2022-02-09 19:00:00+00:00,short,3,2.4840857142857145,4,TP,indices
NZDJPY,2022-02-10 06:00:00+00:00,short,4,-1.0331600612557403,1,SL,fx_cross
GBPJPY,2022-02-10 06:00:00+00:00,short,3,-1.036084137931034,2,SL,fx_cross
NKD,2022-02-10 15:00:00+00:00,short,3,2.471406451612903,1,TP,indices
GBPJPY,2022-02-14 10:00:00+00:00,short,4,-1.0308623977433016,11,SL,fx_cross
NKD,2022-02-15 07:00:00+00:00,short,4,-1.00767577092511,6,SL,indices
GBPJPY,2022-02-16 14:00:00+00:00,short,3,-1.027943928571429,10,SL,fx_cross
NZDJPY,2022-02-17 02:00:00+00:00,short,3,-1.0462741880341864,7,SL,fx_cross
NKD,2022-02-17 07:00:00+00:00,short,4,2.4927854545454546,15,TP,indices
DAX,2022-02-18 12:00:00+00:00,long,2,-1.0048007952286282,6,SL,indices
CL,2022-02-22 07:00:00+00:00,short,3,2.4943007518796994,2,TP,commodities
GBPCAD,2022-02-22 14:00:00+00:00,short,4,2.4590499408284017,11,TP,fx_cross
AUDCAD,2022-02-22 18:00:00+00:00,short,4,-1.130194343434352,0,SAME_BAR_SL,fx_cross
NZDUSD,2022-02-23 06:00:00+00:00,short,3,2.463885323193915,5,TP,fx_major
USDCAD,2022-02-23 18:00:00+00:00,short,4,-1.0878924137931045,2,SL,fx_major
EURCHF,2022-02-24 02:00:00+00:00,long,2,-1.042968558692421,0,SAME_BAR_SL,fx_cross
EURGBP,2022-02-24 10:00:00+00:00,long,1,-1.0209629762438368,25,SL,fx_cross
AUDCAD,2022-02-25 02:00:00+00:00,short,4,-1.0445132179930803,1,SL,fx_cross
EURNZD,2022-02-28 02:00:00+00:00,long,1,-1.025990780338794,2,SL,fx_cross
NZDJPY,2022-02-28 10:00:00+00:00,short,3,-1.0455884518828444,1,SL,fx_cross
GBPJPY,2022-02-28 10:00:00+00:00,short,3,2.4552242975206595,7,TP,fx_cross
HG,2022-03-02 07:00:00+00:00,short,4,-1.0128153043478259,0,SAME_BAR_SL,metals
USDCHF,2022-03-02 10:00:00+00:00,short,3,-1.0529246090534994,1,SL,fx_major
GBPJPY,2022-03-02 10:00:00+00:00,short,4,-1.0874224746450414,1,SL,fx_cross
USDCHF,2022-03-07 10:00:00+00:00,short,4,-1.0345000266311588,6,SL,fx_major
YM,2022-03-08 03:00:00+00:00,long,2,2.4937978771615983,20,TP,indices
EURJPY,2022-03-09 14:00:00+00:00,short,3,-1.021833524041388,11,SL,fx_cross
CHFJPY,2022-03-10 14:00:00+00:00,short,3,-1.0544393157076182,3,SL,fx_cross
USDCHF,2022-03-13 21:00:00+00:00,short,3,2.3680360705289463,3,TP,fx_major
USDCHF,2022-03-14 13:00:00+00:00,short,3,-1.0427973813420632,1,SL,fx_major
CADJPY,2022-03-15 13:00:00+00:00,short,4,-1.0488557575757584,0,SAME_BAR_SL,fx_cross
GBPJPY,2022-03-16 09:00:00+00:00,short,3,-1.033501686001548,1,SL,fx_cross
GBPJPY,2022-03-16 17:00:00+00:00,short,4,-1.0984588713318322,0,SAME_BAR_SL,fx_cross
CADCHF,2022-03-17 17:00:00+00:00,short,3,-1.0633482926829234,3,SL,fx_cross
AUDNZD,2022-03-20 21:00:00+00:00,short,3,-1.0460580704441031,21,SL,fx_cross
USDCAD,2022-03-21 13:00:00+00:00,long,2,-1.0732261122661058,12,SL,fx_major
GBPNZD,2022-03-22 01:00:00+00:00,long,2,-1.0363958038147132,8,SL,fx_cross
EURJPY,2022-03-22 01:00:00+00:00,short,4,-1.0466169987389689,1,SL,fx_cross
NKD,2022-03-22 06:00:00+00:00,short,4,-1.0072145454545454,4,SL,indices
NG,2022-03-22 10:00:00+00:00,short,4,-1.0022175515818432,6,SL,commodities
GBPJPY,2022-03-24 09:00:00+00:00,short,3,-1.0453148841893256,1,SL,fx_cross
NZDCHF,2022-03-25 05:00:00+00:00,long,1,-1.0211926846424393,24,SL,fx_cross
GBPUSD,2022-03-28 05:00:00+00:00,long,2,-1.0757025514403245,1,SL,fx_major
NG,2022-03-29 10:00:00+00:00,short,4,2.491914470046083,2,TP,commodities
NG,2022-03-30 14:00:00+00:00,short,3,-1.0047870967741936,5,SL,commodities
SI,2022-03-31 02:00:00+00:00,long,2,-1.0022758620689656,96,SL,metals
AUDNZD,2022-03-31 13:00:00+00:00,short,4,-1.12078003992015,4,SL,fx_cross
EURCHF,2022-03-31 13:00:00+00:00,long,1,-1.0811674787535404,0,SAME_BAR_SL,fx_cross
EURNZD,2022-04-01 13:00:00+00:00,short,3,2.4524196491228074,5,TP,fx_cross
NZDUSD,2022-04-04 01:00:00+00:00,short,3,-1.0506139243807036,3,SL,fx_major
EURAUD,2022-04-04 13:00:00+00:00,long,1,-1.0585697421203477,0,SAME_BAR_SL,fx_cross
EURUSD,2022-04-04 13:00:00+00:00,long,1,-1.046228588588591,1,SL,fx_major
EURNZD,2022-04-06 05:00:00+00:00,long,2,2.470542795698924,7,TP,fx_cross
HG,2022-04-06 14:00:00+00:00,long,1,-1.0072790361445783,16,SL,metals
NG,2022-04-07 14:00:00+00:00,short,3,-1.003492669039146,0,SAME_BAR_SL,commodities
EURJPY,2022-04-11 01:00:00+00:00,short,3,-1.0169705216228266,2,SL,fx_cross
PA,2022-04-11 06:00:00+00:00,short,4,2.495377521613833,6,TP,metals
NZDCHF,2022-04-13 05:00:00+00:00,long,2,2.453062222222224,7,TP,fx_cross
EURCHF,2022-04-13 17:00:00+00:00,short,3,-1.0346077278250296,4,SL,fx_cross
EURJPY,2022-04-14 21:00:00+00:00,short,4,-1.0428233818589066,6,SL,fx_cross
EURNZD,2022-04-15 17:00:00+00:00,short,4,-1.0458694823167598,2,SL,fx_cross
USDCHF,2022-04-18 13:00:00+00:00,short,3,-1.166802271293381,0,SAME_BAR_SL,fx_major
EURCHF,2022-04-20 09:00:00+00:00,short,4,-1.0352300244498784,5,SL,fx_cross
USDCHF,2022-04-21 09:00:00+00:00,short,4,-1.029956207674944,1,SL,fx_major
EURUSD,2022-04-21 13:00:00+00:00,long,2,-1.0883430567685684,4,SL,fx_major
EURAUD,2022-04-22 01:00:00+00:00,short,4,-1.0482337529137515,3,SL,fx_cross
NZDJPY,2022-04-22 05:00:00+00:00,long,1,-1.043367088607593,2,SL,fx_cross
EURCHF,2022-04-22 09:00:00+00:00,short,3,-1.1391626923076719,1,SL,fx_cross
EURCAD,2022-04-22 09:00:00+00:00,short,3,-1.0465426002430123,0,SAME_BAR_SL,fx_cross
AUDJPY,2022-04-22 13:00:00+00:00,long,2,-1.0342722935779802,1,SL,fx_cross
AUDNZD,2022-04-25 01:00:00+00:00,long,1,2.4770534939759035,37,TP,fx_cross
GBPAUD,2022-04-25 01:00:00+00:00,short,3,-1.0971529044834252,0,SAME_BAR_SL,fx_cross
GBPJPY,2022-04-26 13:00:00+00:00,long,2,-1.086931891891906,0,SAME_BAR_SL,fx_cross
RTY,2022-04-26 14:00:00+00:00,long,2,-1.0076727272727273,2,SL,indices
GBPAUD,2022-04-27 01:00:00+00:00,long,2,-1.0412259513830664,11,SL,fx_cross
PL,2022-04-27 14:00:00+00:00,long,2,2.496887489361702,29,TP,metals
CHFJPY,2022-04-28 05:00:00+00:00,short,3,-1.0474432282471657,0,SAME_BAR_SL,fx_cross
DAX,2022-04-28 08:00:00+00:00,short,4,2.4850413289036544,1,TP,indices
EURCHF,2022-04-28 09:00:00+00:00,short,3,-1.0500178708551462,6,SL,fx_cross
EURCHF,2022-04-29 17:00:00+00:00,short,4,-1.0376499082568817,11,SL,fx_cross
GBPCHF,2022-05-03 05:00:00+00:00,short,4,2.411527216494848,1,TP,fx_cross
CADCHF,2022-05-03 13:00:00+00:00,short,3,-1.0521582352941194,0,SAME_BAR_SL,fx_cross
USDCHF,2022-05-03 13:00:00+00:00,short,3,-1.1434655497382307,0,SAME_BAR_SL,fx_major
USDCAD,2022-05-05 13:00:00+00:00,short,4,-1.0324278481012643,1,SL,fx_major
GBPUSD,2022-05-09 13:00:00+00:00,long,2,-1.0311534177215176,13,SL,fx_major
GBPJPY,2022-05-10 05:00:00+00:00,long,2,-1.0215282943143822,8,SL,fx_cross
HG,2022-05-10 06:00:00+00:00,long,2,-1.0034700387096773,12,SL,metals
AUDJPY,2022-05-11 13:00:00+00:00,short,4,2.46897884057971,1,TP,fx_cross
GBPCAD,2022-05-11 13:00:00+00:00,short,3,2.4107056063618306,1,TP,fx_cross
EURJPY,2022-05-12 05:00:00+00:00,long,2,-1.0149528588281558,0,SAME_BAR_SL,fx_cross
AUDCAD,2022-05-12 05:00:00+00:00,long,2,2.4776752983081036,42,TP,fx_cross
CHFJPY,2022-05-12 13:00:00+00:00,long,1,2.460987886710241,5,TP,fx_cross
HG,2022-05-16 14:00:00+00:00,short,3,-1.014159157894737,2,SL,metals
USDJPY,2022-05-17 13:00:00+00:00,short,4,2.4578139837398343,6,TP,fx_major
AUDJPY,2022-05-18 05:00:00+00:00,short,3,2.4764322077922083,3,TP,fx_cross
CADJPY,2022-05-19 05:00:00+00:00,long,2,-1.019470484151863,20,SL,fx_cross
NZDJPY,2022-05-20 05:00:00+00:00,short,4,-1.0241271330878476,4,SL,fx_cross
GBPCAD,2022-05-20 13:00:00+00:00,short,3,-1.0892943936381694,4,SL,fx_cross
SI,2022-05-23 02:00:00+00:00,short,3,-1.013921584158416,1,SL,metals
NG,2022-05-23 18:00:00+00:00,short,3,-1.0021813416536662,10,SL,commodities
GBPCAD,2022-05-24 13:00:00+00:00,short,3,-1.0420350490425028,7,SL,fx_cross
AUDJPY,2022-05-24 17:00:00+00:00,short,4,-1.0308047921760386,2,SL,fx_cross
GBPJPY,2022-05-25 21:00:00+00:00,short,4,-1.0328111695906435,15,SL,fx_cross
GBPCAD,2022-05-25 21:00:00+00:00,short,3,-1.0940094901144695,3,SL,fx_cross
NG,2022-05-27 14:00:00+00:00,short,4,2.4960382461103254,12,TP,commodities
GBPCHF,2022-05-30 09:00:00+00:00,short,4,2.4589928502415486,13,TP,fx_cross
AUDJPY,2022-05-30 13:00:00+00:00,short,4,-1.0310211594202898,2,SL,fx_cross
PA,2022-05-31 06:00:00+00:00,short,3,2.49138,1,TP,metals
NZDJPY,2022-05-31 13:00:00+00:00,short,3,-1.020705634674922,2,SL,fx_cross
EURJPY,2022-06-01 05:00:00+00:00,short,3,-1.0381812180746572,8,SL,fx_cross
EURCAD,2022-06-01 13:00:00+00:00,long,2,-1.0554642762674544,1,SL,fx_cross
GBPCAD,2022-06-01 13:00:00+00:00,long,2,-1.043247235494881,0,SAME_BAR_SL,fx_cross
USDJPY,2022-06-01 13:00:00+00:00,short,4,-1.042186016260166,1,SL,fx_major
NKD,2022-06-02 14:00:00+00:00,short,3,-1.0158114285714286,2,SL,indices
EURUSD,2022-06-03 13:00:00+00:00,short,4,2.4317815873015944,6,TP,fx_major
NKD,2022-06-06 06:00:00+00:00,short,3,-1.0232644155844155,1,SL,indices
AUDCHF,2022-06-06 17:00:00+00:00,short,3,-1.0390724475524498,2,SL,fx_cross
GBPAUD,2022-06-07 01:00:00+00:00,long,1,-1.0213767339771729,0,SAME_BAR_SL,fx_cross
GBPCHF,2022-06-07 05:00:00+00:00,short,3,-1.0289469609507642,2,SL,fx_cross
EURNZD,2022-06-08 09:00:00+00:00,short,4,-1.0239471332990218,6,SL,fx_cross
NG,2022-06-08 22:00:00+00:00,long,2,2.498035461422088,4,TP,commodities
USDCAD,2022-06-09 13:00:00+00:00,short,3,-1.0513910204081627,0,SAME_BAR_SL,fx_major
EURCAD,2022-06-09 13:00:00+00:00,long,1,-1.0340498194945855,9,SL,fx_cross
GBPAUD,2022-06-10 09:00:00+00:00,long,2,-1.0218181298817224,19,SL,fx_cross
HG,2022-06-10 14:00:00+00:00,long,2,-1.0127553488372092,2,SL,metals
EURUSD,2022-06-13 09:00:00+00:00,long,1,-1.0197550303848741,14,SL,fx_major
GBPJPY,2022-06-13 09:00:00+00:00,long,2,-1.0368108769107,1,SL,fx_cross
USDCHF,2022-06-13 13:00:00+00:00,short,3,-1.1442643927648564,1,SL,fx_major
CL,2022-06-13 14:00:00+00:00,short,3,-1.0064068533772652,5,SL,commodities
GBPCHF,2022-06-14 05:00:00+00:00,long,2,-1.0890800000000025,1,SL,fx_cross
GBPNZD,2022-06-15 21:00:00+00:00,short,3,-1.0351928969539872,3,SL,fx_cross
ES,2022-06-16 02:00:00+00:00,long,1,-1.0036830372057708,1,SL,indices
NZDJPY,2022-06-16 09:00:00+00:00,long,2,-1.0474250709939126,0,SAME_BAR_SL,fx_cross
GBPCAD,2022-06-16 13:00:00+00:00,short,4,-1.0754441821247809,2,SL,fx_cross
EURUSD,2022-06-17 13:00:00+00:00,long,1,-1.0159655740387237,70,SL,fx_major
CADJPY,2022-06-20 21:00:00+00:00,short,3,-1.0380027083333319,2,SL,fx_cross
NZDJPY,2022-06-21 05:00:00+00:00,short,3,-1.0384224460431644,1,SL,fx_cross
AUDJPY,2022-06-21 09:00:00+00:00,short,4,-1.028016879957694,1,SL,fx_cross
EURNZD,2022-06-21 13:00:00+00:00,long,1,2.454700739299612,3,TP,fx_cross
NZDJPY,2022-06-21 13:00:00+00:00,short,3,2.473119067184898,4,TP,fx_cross
EURCHF,2022-06-21 13:00:00+00:00,long,1,-1.0764347453083107,3,SL,fx_cross
CADJPY,2022-06-21 13:00:00+00:00,short,3,-1.0630155555555532,0,SAME_BAR_SL,fx_cross
AUDJPY,2022-06-21 17:00:00+00:00,short,4,2.475412742382272,3,TP,fx_cross
GBPJPY,2022-06-21 17:00:00+00:00,short,4,-1.0790780438448544,0,SAME_BAR_SL,fx_cross
GBPNZD,2022-06-22 05:00:00+00:00,short,4,-1.0950092788879207,0,SAME_BAR_SL,fx_cross
NZDCAD,2022-06-22 05:00:00+00:00,long,1,-1.019597828522189,25,SL,fx_cross
NG,2022-06-23 14:00:00+00:00,long,2,-1.0050372139303483,0,SAME_BAR_SL,commodities
GBPNZD,2022-06-23 21:00:00+00:00,short,3,-1.04893939177102,21,SL,fx_cross
NKD,2022-06-24 02:00:00+00:00,short,3,-1.0165960784313726,2,SL,indices
AUDUSD,2022-06-26 21:00:00+00:00,long,1,-1.0294048899012915,14,SL,fx_major
CADJPY,2022-06-27 13:00:00+00:00,short,3,-1.0263184973166364,4,SL,fx_cross
EURAUD,2022-07-04 05:00:00+00:00,long,1,-1.0425387306346825,4,SL,fx_cross
NKD,2022-07-04 22:00:00+00:00,short,3,2.487662481751825,3,TP,indices
GBPNZD,2022-07-06 09:00:00+00:00,long,1,2.444054662512983,1,TP,fx_cross
ES,2022-07-07 14:00:00+00:00,short,4,-1.0045238475499092,51,SL,indices
DAX,2022-07-08 12:00:00+00:00,long,1,-1.007604584103512,9,SL,indices
EURAUD,2022-07-12 01:00:00+00:00,long,1,-1.0597025787965655,3,SL,fx_cross
DAX,2022-07-13 04:00:00+00:00,long,2,-1.007678493408663,2,SL,indices
EURCAD,2022-07-13 05:00:00+00:00,long,2,-1.0966933333333246,0,SAME_BAR_SL,fx_cross
NKD,2022-07-13 14:00:00+00:00,short,4,-1.0101231137724551,2,SL,indices
EURCAD,2022-07-13 17:00:00+00:00,long,2,-1.0136878190992338,171,SL,fx_cross
AUDCHF,2022-07-14 09:00:00+00:00,long,2,-1.0468509734513283,1,SL,fx_cross
YM,2022-07-14 10:00:00+00:00,long,2,2.4899555925155927,6,TP,indices
GBPCHF,2022-07-15 09:00:00+00:00,long,2,2.4622137062937073,6,TP,fx_cross
GBPNZD,2022-07-18 09:00:00+00:00,short,3,-1.0526161471442415,1,SL,fx_cross
NZDUSD,2022-07-19 05:00:00+00:00,short,3,-1.0529604870624052,1,SL,fx_major
GBPJPY,2022-07-20 13:00:00+00:00,short,3,2.4641119257540605,10,TP,fx_cross
GBPCHF,2022-07-21 09:00:00+00:00,long,2,-1.0377862937062925,6,SL,fx_cross
GBPCAD,2022-07-21 13:00:00+00:00,long,1,-1.039458146964856,0,SAME_BAR_SL,fx_cross
CADJPY,2022-07-21 21:00:00+00:00,long,2,-1.0375948549810856,4,SL,fx_cross
EURCHF,2022-07-22 05:00:00+00:00,long,2,-1.050451329055912,13,SL,fx_cross
AUDJPY,2022-07-22 17:00:00+00:00,long,2,-1.0774181497797375,1,SL,fx_cross
NG,2022-07-26 10:00:00+00:00,short,3,-1.0022147678703022,0,SAME_BAR_SL,commodities
EURAUD,2022-07-27 09:00:00+00:00,long,2,-1.0445166448801735,6,SL,fx_cross
GBPUSD,2022-07-27 17:00:00+00:00,short,4,-1.0512505900151234,0,SAME_BAR_SL,fx_major
HG,2022-07-27 22:00:00+00:00,short,4,-1.00297344,11,SL,metals
GBPCHF,2022-07-28 13:00:00+00:00,long,1,-1.0380800000000003,6,SL,fx_cross
PL,2022-07-28 14:00:00+00:00,short,3,-1.005066954954955,4,SL,metals
USDJPY,2022-07-29 13:00:00+00:00,long,2,-1.0167045796064402,3,SL,fx_major
USDJPY,2022-08-01 21:00:00+00:00,long,1,2.4646356756756758,4,TP,fx_major
PL,2022-08-02 10:00:00+00:00,short,3,2.4853952,1,TP,metals
GBPAUD,2022-08-04 09:00:00+00:00,long,1,2.4547355079217135,6,TP,fx_cross
GBPUSD,2022-08-05 09:00:00+00:00,long,1,-1.0335704970178936,1,SL,fx_major
NQ,2022-08-09 14:00:00+00:00,long,1,2.4945592660550457,8,TP,indices
GBPUSD,2022-08-15 05:00:00+00:00,long,1,-1.0464949897048732,1,SL,fx_major
EURUSD,2022-08-15 09:00:00+00:00,long,1,-1.039476710435383,2,SL,fx_major
CL,2022-08-15 18:00:00+00:00,long,2,-1.0037343196829591,5,SL,commodities
GBPUSD,2022-08-17 09:00:00+00:00,long,2,-1.0277056380796048,5,SL,fx_major
USDJPY,2022-08-17 09:00:00+00:00,short,4,-1.0866664220183528,0,SAME_BAR_SL,fx_major
HG,2022-08-18 10:00:00+00:00,short,4,-1.00935424,9,SL,metals
NQ,2022-08-22 14:00:00+00:00,long,1,-1.005440733944954,24,SL,indices
CADCHF,2022-08-22 21:00:00+00:00,long,2,2.468449916094584,32,TP,fx_cross
AUDCHF,2022-08-23 01:00:00+00:00,short,3,-1.0227484596577014,3,SL,fx_cross
PA,2022-08-25 14:00:00+00:00,short,3,-1.0177766233766234,0,SAME_BAR_SL,metals
DAX,2022-08-26 16:00:00+00:00,long,2,-1.0149165217391305,2,SL,indices
USDJPY,2022-08-28 21:00:00+00:00,short,3,-1.0313486731391588,2,SL,fx_major
EURCHF,2022-08-30 05:00:00+00:00,short,3,-1.0728885790884717,0,SAME_BAR_SL,fx_cross
SI,2022-08-30 10:00:00+00:00,long,2,-1.0069164912280701,1,SL,metals
NQ,2022-08-30 14:00:00+00:00,long,1,-1.0234238095238095,0,SAME_BAR_SL,indices
AUDNZD,2022-08-31 05:00:00+00:00,short,4,-1.0292431686859282,55,SL,fx_cross
EURJPY,2022-08-31 13:00:00+00:00,short,3,-1.0217622308979357,11,SL,fx_cross
NZDCHF,2022-09-01 05:00:00+00:00,long,2,2.455014089068827,7,TP,fx_cross
NZDCAD,2022-09-06 13:00:00+00:00,long,1,-1.0546398039215674,0,SAME_BAR_SL,fx_cross
GBPJPY,2022-09-06 13:00:00+00:00,short,4,-1.0308855190890824,3,SL,fx_cross
EURJPY,2022-09-07 01:00:00+00:00,short,4,-1.0620946811819567,1,SL,fx_cross
USDCHF,2022-09-08 21:00:00+00:00,long,2,-1.0981744927536277,1,SL,fx_major
EURCAD,2022-09-09 01:00:00+00:00,short,3,-1.0345010980760196,7,SL,fx_cross
CADCHF,2022-09-09 05:00:00+00:00,long,2,-1.0315500839054164,1,SL,fx_cross
EURUSD,2022-09-12 05:00:00+00:00,short,4,-1.0502872084805595,0,SAME_BAR_SL,fx_major
HG,2022-09-12 06:00:00+00:00,short,3,-1.00647661971831,4,SL,metals
EURCHF,2022-09-13 13:00:00+00:00,long,2,-1.0614919634703188,0,SAME_BAR_SL,fx_cross
YM,2022-09-13 18:00:00+00:00,long,1,-1.0131927080581242,6,SL,indices
AUDJPY,2022-09-15 21:00:00+00:00,long,1,-1.0226666554196537,24,SL,fx_cross
AUDNZD,2022-09-16 09:00:00+00:00,short,4,-1.0395012947831557,7,SL,fx_cross
YM,2022-09-16 10:00:00+00:00,long,1,-1.0104234394904459,20,SL,indices
ES,2022-09-19 06:00:00+00:00,long,2,-1.0336152380952381,0,SAME_BAR_SL,indices
EURNZD,2022-09-20 05:00:00+00:00,short,3,-1.0328114206514207,26,SL,fx_cross
NZDJPY,2022-09-20 09:00:00+00:00,long,1,-1.0299412862547286,5,SL,fx_cross
GBPAUD,2022-09-21 17:00:00+00:00,long,1,2.4017750724637703,1,TP,fx_cross
CADCHF,2022-09-22 05:00:00+00:00,short,3,-1.047033533487296,1,SL,fx_cross
ES,2022-09-23 10:00:00+00:00,long,2,-1.0079828475711894,1,SL,indices
NZDJPY,2022-09-25 21:00:00+00:00,long,2,-1.1350076246334277,0,SAME_BAR_SL,fx_cross
AUDNZD,2022-09-26 05:00:00+00:00,short,3,-1.0312620825147345,2,SL,fx_cross
SI,2022-09-26 14:00:00+00:00,long,2,-1.007651282051282,0,SAME_BAR_SL,metals
EURCAD,2022-09-29 09:00:00+00:00,short,3,-1.0856124913892014,1,SL,fx_cross
PA,2022-09-29 10:00:00+00:00,short,3,-1.0047676821192053,16,SL,metals
GBPCHF,2022-09-30 05:00:00+00:00,short,4,-1.0229065274151434,4,SL,fx_cross
GBPUSD,2022-10-03 13:00:00+00:00,short,3,-1.0317559539308951,4,SL,fx_major
EURCHF,2022-10-03 13:00:00+00:00,short,3,-1.0355461458333328,5,SL,fx_cross
EURAUD,2022-10-04 01:00:00+00:00,short,4,2.458268064674181,1,TP,fx_cross
EURGBP,2022-10-04 05:00:00+00:00,long,2,2.473576906318083,13,TP,fx_cross
GBPCAD,2022-10-04 09:00:00+00:00,short,4,2.4531383189655194,6,TP,fx_cross
PL,2022-10-13 10:00:00+00:00,long,1,2.4925301621621623,1,TP,metals
EURCHF,2022-10-13 13:00:00+00:00,short,3,-1.0183855967633175,18,SL,fx_cross
SI,2022-10-18 14:00:00+00:00,long,1,-1.0049248132780082,8,SL,metals
USDCHF,2022-10-20 13:00:00+00:00,short,3,-1.0336103827751173,4,SL,fx_major
SI,2022-10-20 18:00:00+00:00,long,1,-1.006963274853801,3,SL,metals
NZDUSD,2022-10-24 09:00:00+00:00,long,2,2.4901847524752476,17,TP,fx_major
EURJPY,2022-10-28 05:00:00+00:00,short,4,-1.0200914733235442,4,SL,fx_cross
USDCHF,2022-10-31 13:00:00+00:00,short,3,2.293582352941181,1,TP,fx_major
ES,2022-11-02 18:00:00+00:00,long,2,-1.0120899502487561,0,SAME_BAR_SL,indices
AUDCAD,2022-11-03 05:00:00+00:00,long,1,-1.049284543610549,1,SL,fx_cross
USDCAD,2022-11-03 09:00:00+00:00,short,3,2.4707460408781237,6,TP,fx_major
YM,2022-11-03 10:00:00+00:00,long,2,-1.0129466666666667,0,SAME_BAR_SL,indices
NKD,2022-11-07 07:00:00+00:00,short,3,-1.0102586046511628,4,SL,indices
CADCHF,2022-11-07 14:00:00+00:00,long,2,-1.030157707567964,12,SL,fx_cross
EURGBP,2022-11-09 06:00:00+00:00,short,3,-1.038017536793183,2,SL,fx_cross
GBPCAD,2022-11-09 14:00:00+00:00,long,1,2.460530294117646,5,TP,fx_cross
AUDCAD,2022-11-09 14:00:00+00:00,long,1,2.471337641509434,6,TP,fx_cross
ES,2022-11-10 11:00:00+00:00,short,3,-1.0090440579710145,1,SL,indices
AUDJPY,2022-11-10 14:00:00+00:00,long,2,-1.0297616400911147,5,SL,fx_cross
NQ,2022-11-10 19:00:00+00:00,short,3,-1.0069116697936211,0,SAME_BAR_SL,indices
CHFJPY,2022-11-14 14:00:00+00:00,short,3,-1.2161599999999546,0,SAME_BAR_SL,fx_cross
NQ,2022-11-15 11:00:00+00:00,short,3,-1.0033648720211827,118,SL,indices
NZDCHF,2022-11-17 22:00:00+00:00,short,4,-1.0401758823529403,2,SL,fx_cross
CL,2022-11-18 11:00:00+00:00,long,2,-1.002873394495413,6,SL,commodities
NG,2022-11-22 15:00:00+00:00,short,3,-1.0015110020449898,4,SL,commodities
NKD,2022-11-22 23:00:00+00:00,short,3,2.487215774647887,22,TP,indices
GBPCHF,2022-11-23 14:00:00+00:00,short,3,-1.0449767796610185,4,SL,fx_cross
GBPUSD,2022-11-24 02:00:00+00:00,short,3,2.470951080617497,16,TP,fx_major
CL,2022-11-25 11:00:00+00:00,long,2,-1.0035692307692308,1,SL,commodities
EURGBP,2022-12-01 06:00:00+00:00,long,2,-1.0333320055325041,1,SL,fx_cross
EURCHF,2022-12-05 10:00:00+00:00,short,3,-1.1255123809523802,0,SAME_BAR_SL,fx_cross
EURGBP,2022-12-05 14:00:00+00:00,short,3,-1.0273499433748587,48,SL,fx_cross
ES,2022-12-06 15:00:00+00:00,long,2,-1.0094587709497207,0,SAME_BAR_SL,indices
CADCHF,2022-12-08 06:00:00+00:00,long,2,-1.0423055104281003,6,SL,fx_cross
NZDUSD,2022-12-08 22:00:00+00:00,short,4,-1.0241623751686906,15,SL,fx_major
EURCAD,2022-12-08 22:00:00+00:00,short,3,-1.031621818181817,2,SL,fx_cross
CADJPY,2022-12-13 10:00:00+00:00,long,2,-1.0281725679758302,6,SL,fx_cross
AUDJPY,2022-12-13 14:00:00+00:00,short,3,2.4697362463683916,16,TP,fx_cross
NZDUSD,2022-12-15 06:00:00+00:00,long,2,-1.0257298275862075,1,SL,fx_major
AUDCAD,2022-12-15 06:00:00+00:00,long,1,-1.035957771587745,1,SL,fx_cross
AUDUSD,2022-12-15 10:00:00+00:00,long,2,-1.0210895937673905,1,SL,fx_major
NQ,2022-12-15 11:00:00+00:00,long,1,-1.0094234622701332,1,SL,indices
EURJPY,2022-12-15 14:00:00+00:00,short,3,2.4710628490832147,6,TP,fx_cross
CADJPY,2022-12-16 14:00:00+00:00,long,2,-1.0571045871559603,0,SAME_BAR_SL,fx_cross
PL,2022-12-19 11:00:00+00:00,long,2,-1.0057984,2,SL,metals
EURJPY,2022-12-20 02:00:00+00:00,long,2,-1.0427345917285267,0,SAME_BAR_SL,fx_cross
NKD,2022-12-20 03:00:00+00:00,long,2,-1.003532746331237,45,SL,indices
PL,2022-12-20 11:00:00+00:00,long,2,-1.0039804,14,SL,metals
PA,2022-12-21 07:00:00+00:00,long,2,2.4970249723756908,19,TP,metals
NG,2022-12-23 11:00:00+00:00,long,2,2.4978733242876525,3,TP,commodities
GBPCAD,2022-12-27 14:00:00+00:00,long,1,2.350117755775571,1,TP,fx_cross
AUDNZD,2022-12-28 02:00:00+00:00,short,3,2.4648828438228447,5,TP,fx_cross
GBPUSD,2022-12-28 14:00:00+00:00,long,1,-1.043142944942381,22,SL,fx_major
USDCAD,2022-12-30 06:00:00+00:00,long,1,-1.0284825845229137,22,SL,fx_major
EURCHF,2022-12-30 14:00:00+00:00,short,4,-1.0561317647058812,41,SL,fx_cross
AUDNZD,2023-01-01 22:00:00+00:00,short,3,-1.035117156177155,1,SL,fx_cross
USDCHF,2023-01-03 06:00:00+00:00,short,3,-1.0374871295633512,1,SL,fx_major
PA,2023-01-03 15:00:00+00:00,long,2,2.497387572815534,10,TP,metals
AUDCAD,2023-01-03 22:00:00+00:00,short,3,-1.023710955882353,1,SL,fx_cross
EURNZD,2023-01-04 14:00:00+00:00,short,4,-1.0424667086897788,3,SL,fx_cross
NG,2023-01-05 03:00:00+00:00,long,2,-1.0020380533751962,2,SL,commodities
SI,2023-01-05 15:00:00+00:00,long,1,2.4943783458646616,8,TP,metals
USDCAD,2023-01-06 10:00:00+00:00,short,4,-1.0856335426008985,0,SAME_BAR_SL,fx_major
AUDUSD,2023-01-06 14:00:00+00:00,short,4,-1.0216156196943975,0,SAME_BAR_SL,fx_major
RTY,2023-01-12 15:00:00+00:00,short,3,-1.006299447983015,0,SAME_BAR_SL,indices
EURAUD,2023-01-12 18:00:00+00:00,long,1,-1.0189366471481243,17,SL,fx_cross
NZDUSD,2023-01-17 22:00:00+00:00,short,4,-1.057054430379746,1,SL,fx_major
CHFJPY,2023-01-18 02:00:00+00:00,short,4,-1.0952576076555138,0,SAME_BAR_SL,fx_cross
CADJPY,2023-01-18 10:00:00+00:00,long,2,-1.1103637860082327,0,SAME_BAR_SL,fx_cross
GBPUSD,2023-01-18 10:00:00+00:00,short,3,2.4748766401158577,69,TP,fx_major
AUDCHF,2023-01-18 14:00:00+00:00,long,1,-1.0294018421052626,2,SL,fx_cross
EURJPY,2023-01-19 02:00:00+00:00,long,2,-1.2305233333334025,0,SAME_BAR_SL,fx_cross
EURNZD,2023-01-19 06:00:00+00:00,short,4,2.4721526374595704,18,TP,fx_cross
PA,2023-01-19 11:00:00+00:00,long,2,-1.002612427184466,36,SL,metals
NZDCHF,2023-01-20 14:00:00+00:00,short,3,-1.0272583783783782,5,SL,fx_cross
AUDUSD,2023-01-23 14:00:00+00:00,short,3,-1.01979502767992,8,SL,fx_major
GBPAUD,2023-01-24 10:00:00+00:00,long,2,-1.045500779220779,1,SL,fx_cross
NQ,2023-01-24 19:00:00+00:00,short,3,2.4873174917491747,1,TP,indices
EURNZD,2023-01-24 22:00:00+00:00,short,3,-1.0261994541910335,30,SL,fx_cross
RTY,2023-01-25 15:00:00+00:00,short,4,-1.0148222113022114,1,SL,indices
DAX,2023-01-25 16:00:00+00:00,short,3,-1.024158407960199,2,SL,indices
EURJPY,2023-01-26 10:00:00+00:00,short,3,2.4720146121297604,34,TP,fx_cross
NQ,2023-01-26 11:00:00+00:00,short,3,-1.012682508250825,2,SL,indices
DAX,2023-01-26 12:00:00+00:00,short,3,-1.0118279318734793,25,SL,indices
CADCHF,2023-01-26 14:00:00+00:00,short,4,-1.0401894693028082,5,SL,fx_cross
ES,2023-01-26 19:00:00+00:00,short,3,-1.015472997032641,5,SL,indices
NZDUSD,2023-01-31 14:00:00+00:00,short,4,2.441307098865474,2,TP,fx_major
GBPNZD,2023-01-31 14:00:00+00:00,long,1,2.4532006326889277,2,TP,fx_cross
NQ,2023-01-31 15:00:00+00:00,short,4,-1.0117829268292684,5,SL,indices
PA,2023-02-01 15:00:00+00:00,long,1,-1.0050821256038647,11,SL,metals
GBPNZD,2023-02-01 18:00:00+00:00,long,1,-1.0467993673110723,2,SL,fx_cross
YM,2023-02-01 19:00:00+00:00,short,4,2.4769687211740044,4,TP,indices
EURNZD,2023-02-03 06:00:00+00:00,short,4,-1.037988093322606,1,SL,fx_cross
PL,2023-02-03 11:00:00+00:00,long,1,-1.0105114838709677,0,SAME_BAR_SL,metals
EURCHF,2023-02-03 14:00:00+00:00,short,3,2.464951905059339,10,TP,fx_cross
USDCHF,2023-02-03 14:00:00+00:00,short,3,2.4678458560794043,41,TP,fx_major
PA,2023-02-03 15:00:00+00:00,long,2,-1.0043362025316456,4,SL,metals
CADJPY,2023-02-05 22:00:00+00:00,short,4,-1.0589830769230784,4,SL,fx_cross
CHFJPY,2023-02-06 10:00:00+00:00,short,4,-1.0196090455212927,31,SL,fx_cross
CL,2023-02-08 15:00:00+00:00,short,3,-1.0041389126853377,10,SL,commodities
ES,2023-02-09 07:00:00+00:00,short,3,2.4839518072289155,3,TP,indices
GBPJPY,2023-02-09 14:00:00+00:00,short,3,-1.028002812303829,11,SL,fx_cross
PA,2023-02-10 07:00:00+00:00,long,2,-1.002150847457627,2,SL,metals
CADJPY,2023-02-10 14:00:00+00:00,short,4,-1.027099466929911,1,SL,fx_cross
GBPCAD,2023-02-14 10:00:00+00:00,short,4,-1.0313249277357188,30,SL,fx_cross
GBPUSD,2023-02-15 10:00:00+00:00,long,2,-1.046353932738501,0,SAME_BAR_SL,fx_major
CADCHF,2023-02-15 18:00:00+00:00,short,3,2.4329030555555553,12,TP,fx_cross
EURCAD,2023-02-22 02:00:00+00:00,short,3,2.4231031018078024,5,TP,fx_cross
AUDNZD,2023-02-22 06:00:00+00:00,long,1,-1.0598135672514637,2,SL,fx_cross
GBPUSD,2023-02-22 18:00:00+00:00,long,1,-1.0241967420165043,10,SL,fx_major
AUDNZD,2023-02-24 06:00:00+00:00,long,2,-1.0298748778103617,16,SL,fx_cross
CADCHF,2023-02-24 14:00:00+00:00,short,3,-1.0445212933025432,0,SAME_BAR_SL,fx_cross
GBPAUD,2023-02-27 02:00:00+00:00,short,4,-1.0679349522510269,1,SL,fx_cross
CADCHF,2023-03-01 14:00:00+00:00,short,3,-1.0707733333333302,1,SL,fx_cross
PL,2023-03-06 11:00:00+00:00,short,3,2.48470556097561,6,TP,metals
ES,2023-03-06 15:00:00+00:00,short,4,-1.0840206451612904,0,SAME_BAR_SL,indices
GBPUSD,2023-03-06 18:00:00+00:00,long,1,-1.025775620940007,4,SL,fx_major
SI,2023-03-07 11:00:00+00:00,long,2,-1.0046545454545455,1,SL,metals
EURCHF,2023-03-08 14:00:00+00:00,long,2,-1.2458201769911341,0,SAME_BAR_SL,fx_cross
ES,2023-03-09 15:00:00+00:00,long,2,-1.0054547639484979,1,SL,indices
NQ,2023-03-09 19:00:00+00:00,long,2,-1.0050023084447344,10,SL,indices
EURJPY,2023-03-10 06:00:00+00:00,long,2,-1.0324655832662915,2,SL,fx_cross
GBPNZD,2023-03-10 14:00:00+00:00,short,3,-1.071352212848799,2,SL,fx_cross
NZDJPY,2023-03-10 14:00:00+00:00,long,2,-1.0471831237322493,0,SAME_BAR_SL,fx_cross
ES,2023-03-13 10:00:00+00:00,long,2,-1.010206141078838,0,SAME_BAR_SL,indices
GBPUSD,2023-03-13 13:00:00+00:00,short,3,-1.0111392958899623,43,SL,fx_major
EURGBP,2023-03-15 09:00:00+00:00,long,2,-1.0560843835616431,0,SAME_BAR_SL,fx_cross
GBPCHF,2023-03-15 09:00:00+00:00,short,3,2.3985436363636428,1,TP,fx_cross
AUDCAD,2023-03-15 13:00:00+00:00,long,2,-1.1847066666666455,1,SL,fx_cross
NZDUSD,2023-03-15 21:00:00+00:00,long,2,2.4562403049555277,6,TP,fx_major
HG,2023-03-21 06:00:00+00:00,short,4,-1.0083860983606558,7,SL,metals
EURCAD,2023-03-21 09:00:00+00:00,short,3,-1.0676338157894751,0,SAME_BAR_SL,fx_cross
USDCAD,2023-03-21 13:00:00+00:00,short,3,-1.048244422110549,16,SL,fx_major
EURGBP,2023-03-21 13:00:00+00:00,short,3,-1.0472316634799228,7,SL,fx_cross
GBPCAD,2023-03-22 05:00:00+00:00,short,3,2.4678998294097574,46,TP,fx_cross
GBPJPY,2023-03-22 17:00:00+00:00,long,1,-1.0435097986577202,0,SAME_BAR_SL,fx_cross
GBPUSD,2023-03-23 13:00:00+00:00,short,3,2.4435463175122756,4,TP,fx_major
ES,2023-03-23 14:00:00+00:00,short,3,-1.0060559624413146,29,SL,indices
AUDCAD,2023-03-27 13:00:00+00:00,long,1,-1.0580916894977193,11,SL,fx_cross
CADJPY,2023-03-30 09:00:00+00:00,short,3,-1.016432421430709,11,SL,fx_cross
GBPCHF,2023-03-31 13:00:00+00:00,long,1,2.457483714670257,10,TP,fx_cross
NG,2023-04-02 22:00:00+00:00,long,2,-1.0031233179723502,0,SAME_BAR_SL,commodities
YM,2023-04-03 10:00:00+00:00,short,4,-1.021940162601626,6,SL,indices
NG,2023-04-03 14:00:00+00:00,long,2,-1.0018457458563537,19,SL,commodities
EURCHF,2023-04-04 13:00:00+00:00,long,2,-1.0536540540540544,5,SL,fx_cross
GBPCHF,2023-04-05 13:00:00+00:00,long,1,2.3753568379446492,1,TP,fx_cross
PL,2023-04-05 14:00:00+00:00,short,3,2.491872,11,TP,metals
ES,2023-04-05 18:00:00+00:00,short,4,-1.0274566666666667,5,SL,indices
YM,2023-04-07 10:00:00+00:00,short,3,-1.0190549559082893,11,SL,indices
CADJPY,2023-04-10 09:00:00+00:00,short,3,-1.0694605309734466,0,SAME_BAR_SL,fx_cross
NZDCAD,2023-04-11 13:00:00+00:00,long,1,-1.030935936675462,1,SL,fx_cross
GBPCHF,2023-04-12 09:00:00+00:00,long,2,-1.0439446844319797,5,SL,fx_cross
PL,2023-04-12 10:00:00+00:00,short,3,-1.008128,6,SL,metals
GBPCHF,2023-04-13 09:00:00+00:00,long,1,-1.023333333333333,11,SL,fx_cross
NZDCAD,2023-04-14 09:00:00+00:00,long,2,-1.0315197846567965,1,SL,fx_cross
YM,2023-04-14 10:00:00+00:00,short,3,2.4927030625832223,81,TP,indices
CADJPY,2023-04-14 13:00:00+00:00,short,3,-1.0669494736842096,1,SL,fx_cross
GBPNZD,2023-04-17 09:00:00+00:00,short,4,-1.044323470031544,15,SL,fx_cross
DAX,2023-04-17 12:00:00+00:00,short,3,-1.008927775831874,55,SL,indices
CADCHF,2023-04-19 13:00:00+00:00,long,1,-1.0511178112175077,4,SL,fx_cross
GBPCHF,2023-04-20 05:00:00+00:00,long,2,-1.1065032081911388,0,SAME_BAR_SL,fx_cross
GBPCHF,2023-04-20 09:00:00+00:00,long,2,-1.136573684210536,2,SL,fx_cross
ES,2023-04-20 14:00:00+00:00,short,4,2.46372462585034,1,TP,indices
CHFJPY,2023-04-20 17:00:00+00:00,short,3,-1.060725656565658,8,SL,fx_cross
EURJPY,2023-04-24 01:00:00+00:00,short,3,-1.0668629126213598,2,SL,fx_cross
GBPCHF,2023-04-24 05:00:00+00:00,long,2,-1.0423392087312437,7,SL,fx_cross
PL,2023-04-24 10:00:00+00:00,long,1,-1.007567659574468,0,SAME_BAR_SL,metals
NZDJPY,2023-04-25 17:00:00+00:00,long,1,2.4723084057971025,14,TP,fx_cross
GBPCHF,2023-04-25 17:00:00+00:00,long,2,2.4760066202629543,18,TP,fx_cross
NKD,2023-04-27 10:00:00+00:00,short,4,-1.022310243902439,1,SL,indices
ES,2023-04-27 10:00:00+00:00,short,4,-1.0259770297029702,1,SL,indices
CADJPY,2023-04-28 01:00:00+00:00,short,3,-1.0250382671480143,1,SL,fx_cross
EURUSD,2023-04-28 05:00:00+00:00,long,2,2.433291973969638,2,TP,fx_major
USDJPY,2023-04-28 09:00:00+00:00,short,3,-1.020500032240731,7,SL,fx_major
AUDJPY,2023-04-30 21:00:00+00:00,short,3,-1.0268413997879113,1,SL,fx_cross
PL,2023-05-01 14:00:00+00:00,long,2,-1.0078036853932584,0,SAME_BAR_SL,metals
EURAUD,2023-05-01 21:00:00+00:00,short,4,2.4500314655172435,1,TP,fx_cross
NG,2023-05-02 10:00:00+00:00,long,2,-1.0025715523465704,6,SL,commodities
GBPUSD,2023-05-03 09:00:00+00:00,long,1,2.3847756177924264,1,TP,fx_major
EURCAD,2023-05-03 13:00:00+00:00,short,3,-1.0813664864864836,2,SL,fx_cross
GBPCHF,2023-05-04 09:00:00+00:00,long,1,2.469671206225679,6,TP,fx_cross
USDJPY,2023-05-04 13:00:00+00:00,long,1,2.4822187399336806,52,TP,fx_major
EURCAD,2023-05-04 17:00:00+00:00,long,1,-1.0457077765607894,4,SL,fx_cross
AUDCHF,2023-05-05 05:00:00+00:00,short,3,-1.0453788933873136,2,SL,fx_cross
GBPUSD,2023-05-05 13:00:00+00:00,short,3,-1.0487826952315158,0,SAME_BAR_SL,fx_major
DAX,2023-05-05 16:00:00+00:00,short,3,-1.0129668686868687,51,SL,indices
NZDJPY,2023-05-07 21:00:00+00:00,short,3,-1.0281728681253681,3,SL,fx_cross
NKD,2023-05-08 22:00:00+00:00,short,3,-1.0226965853658536,0,SAME_BAR_SL,indices
GBPUSD,2023-05-09 13:00:00+00:00,short,4,-1.0431275259621275,5,SL,fx_major
CHFJPY,2023-05-11 09:00:00+00:00,long,1,2.480850196078431,25,TP,fx_cross
NKD,2023-05-11 18:00:00+00:00,short,3,-1.027830447761194,1,SL,indices
GBPUSD,2023-05-12 13:00:00+00:00,long,1,-1.1152243822075736,0,SAME_BAR_SL,fx_major
NZDJPY,2023-05-17 09:00:00+00:00,short,3,-1.031004294954722,1,SL,fx_cross
EURNZD,2023-05-17 09:00:00+00:00,long,1,-1.0550182559456418,0,SAME_BAR_SL,fx_cross
EURNZD,2023-05-19 05:00:00+00:00,long,2,-1.0681483615819234,0,SAME_BAR_SL,fx_cross
AUDJPY,2023-05-19 09:00:00+00:00,short,3,2.4786875496688747,47,TP,fx_cross
NZDCAD,2023-05-23 09:00:00+00:00,long,1,2.4039035437881826,1,TP,fx_cross
NZDCAD,2023-05-24 01:00:00+00:00,long,2,-1.0357571319603363,0,SAME_BAR_SL,fx_cross
NZDCHF,2023-05-24 01:00:00+00:00,long,1,-1.0379376271186445,0,SAME_BAR_SL,fx_cross
NZDUSD,2023-05-24 13:00:00+00:00,long,2,-1.0363310403397046,3,SL,fx_major
EURGBP,2023-05-25 09:00:00+00:00,long,2,-1.0409527150084317,18,SL,fx_cross
GBPUSD,2023-05-30 09:00:00+00:00,short,3,-1.0249884399712434,12,SL,fx_major
DAX,2023-05-31 04:00:00+00:00,long,1,-1.008116805111821,2,SL,indices
GBPCHF,2023-06-01 13:00:00+00:00,short,3,2.470255917795422,12,TP,fx_cross
DAX,2023-06-02 04:00:00+00:00,short,4,-1.0085742281879195,6,SL,indices
RTY,2023-06-02 06:00:00+00:00,short,3,-1.00962,1,SL,indices
GBPAUD,2023-06-02 09:00:00+00:00,long,1,-1.062796393831556,1,SL,fx_cross
NZDCAD,2023-06-02 13:00:00+00:00,long,1,-1.044584405458089,1,SL,fx_cross
AUDJPY,2023-06-02 17:00:00+00:00,short,4,-1.0217167812238053,8,SL,fx_cross
AUDNZD,2023-06-07 09:00:00+00:00,short,4,2.4655392071468447,67,TP,fx_cross
CADCHF,2023-06-07 13:00:00+00:00,short,4,-1.0336079221927499,4,SL,fx_cross
EURCHF,2023-06-08 13:00:00+00:00,long,2,-1.1178380911062906,1,SL,fx_cross
DAX,2023-06-12 00:00:00+00:00,short,3,-1.0840052459016394,1,SL,indices
CL,2023-06-12 06:00:00+00:00,long,1,-1.0051244964871195,2,SL,commodities
AUDCAD,2023-06-12 09:00:00+00:00,short,4,-1.0758371171171108,4,SL,fx_cross
YM,2023-06-12 18:00:00+00:00,short,4,-1.0210964796905222,1,SL,indices
AUDUSD,2023-06-13 05:00:00+00:00,short,3,-1.0352233240482809,2,SL,fx_major
GBPCAD,2023-06-14 09:00:00+00:00,short,4,-1.0274029483459088,12,SL,fx_cross
EURGBP,2023-06-14 09:00:00+00:00,long,2,2.374349816272969,6,TP,fx_cross
GBPCHF,2023-06-14 13:00:00+00:00,short,3,-1.0341882100750275,4,SL,fx_cross
EURUSD,2023-06-15 09:00:00+00:00,short,3,-1.1165379310344727,0,SAME_BAR_SL,fx_major
NG,2023-06-15 14:00:00+00:00,short,4,-1.0039002898550724,4,SL,commodities
GBPAUD,2023-06-20 01:00:00+00:00,short,4,-1.036003062200956,7,SL,fx_cross
YM,2023-06-20 14:00:00+00:00,long,2,-1.01917986013986,10,SL,indices
PL,2023-06-22 10:00:00+00:00,long,2,-1.0166702222222221,1,SL,metals
AUDCAD,2023-06-23 01:00:00+00:00,long,1,-1.0356129512893983,0,SAME_BAR_SL,fx_cross
NZDUSD,2023-06-23 05:00:00+00:00,long,1,-1.0284458657829327,18,SL,fx_major
EURUSD,2023-06-23 05:00:00+00:00,long,2,-1.0355349593495953,0,SAME_BAR_SL,fx_major
NG,2023-06-23 14:00:00+00:00,short,3,-1.0026064353312303,0,SAME_BAR_SL,commodities
PL,2023-06-26 10:00:00+00:00,long,1,-1.0068281379310344,12,SL,metals
GBPNZD,2023-06-26 13:00:00+00:00,short,4,-1.028633538156591,9,SL,fx_cross
EURUSD,2023-06-27 05:00:00+00:00,long,1,-1.0649124416135913,11,SL,fx_major
CADJPY,2023-06-27 13:00:00+00:00,short,3,2.450498899676375,39,TP,fx_cross
AUDUSD,2023-06-28 13:00:00+00:00,long,2,2.4712581196581196,18,TP,fx_major
YM,2023-06-30 06:00:00+00:00,short,4,-1.0170148995363215,1,SL,indices
PL,2023-07-04 10:00:00+00:00,short,3,2.48756,5,TP,metals
DAX,2023-07-05 04:00:00+00:00,long,1,-1.0142807756232688,2,SL,indices
AUDUSD,2023-07-10 09:00:00+00:00,long,1,2.466247549909257,9,TP,fx_major
EURCAD,2023-07-10 13:00:00+00:00,short,3,-1.0691735139712129,4,SL,fx_cross
USDJPY,2023-07-11 09:00:00+00:00,long,2,-1.0324480924855488,3,SL,fx_major
YM,2023-07-11 14:00:00+00:00,short,4,-1.0336176146788991,1,SL,indices
CADCHF,2023-07-12 05:00:00+00:00,long,2,-1.040581659388646,1,SL,fx_cross
ES,2023-07-12 06:00:00+00:00,short,3,-1.0236905785123966,1,SL,indices
NQ,2023-07-12 10:00:00+00:00,short,3,-1.0123435175879396,0,SAME_BAR_SL,indices
EURAUD,2023-07-13 05:00:00+00:00,long,2,-1.0290395422759058,2,SL,fx_cross
EURNZD,2023-07-13 05:00:00+00:00,long,2,2.473112647702407,18,TP,fx_cross
NZDJPY,2023-07-13 13:00:00+00:00,short,4,2.473586916087655,16,TP,fx_cross
AUDCAD,2023-07-13 13:00:00+00:00,short,4,2.4449813680781753,11,TP,fx_cross
GBPCAD,2023-07-18 09:00:00+00:00,short,4,2.437135003244647,1,TP,fx_cross
EURCHF,2023-07-18 09:00:00+00:00,long,1,-1.0475428169014092,5,SL,fx_cross
GBPCHF,2023-07-19 01:00:00+00:00,long,1,-1.0954185365853608,1,SL,fx_cross
GBPAUD,2023-07-19 01:00:00+00:00,short,3,2.474361059413028,7,TP,fx_cross
EURJPY,2023-07-19 05:00:00+00:00,short,3,-1.0314826130653272,12,SL,fx_cross
GBPUSD,2023-07-19 05:00:00+00:00,long,2,-1.0319190140845051,2,SL,fx_major
EURCHF,2023-07-19 09:00:00+00:00,long,2,-1.058264190064796,4,SL,fx_cross
EURUSD,2023-07-19 21:00:00+00:00,short,4,2.448603731587562,4,TP,fx_major
NG,2023-07-20 14:00:00+00:00,short,3,2.491712897196262,6,TP,commodities
CADJPY,2023-07-21 05:00:00+00:00,short,4,-1.050544485666103,0,SAME_BAR_SL,fx_cross
EURAUD,2023-07-21 13:00:00+00:00,short,4,2.4307142514970037,4,TP,fx_cross
EURAUD,2023-07-25 05:00:00+00:00,long,1,-1.0588583033418997,1,SL,fx_cross
AUDCHF,2023-07-26 09:00:00+00:00,long,2,-1.03208094488189,10,SL,fx_cross
CADCHF,2023-07-26 09:00:00+00:00,long,1,-1.0471208247422694,5,SL,fx_cross
GBPNZD,2023-07-26 17:00:00+00:00,short,3,2.4557404552352056,4,TP,fx_cross
AUDJPY,2023-07-27 01:00:00+00:00,short,4,2.479752048558422,4,TP,fx_cross
NQ,2023-07-27 10:00:00+00:00,short,4,2.4837485164394546,2,TP,indices
NG,2023-07-27 14:00:00+00:00,long,1,2.4950888622754492,5,TP,commodities
GBPJPY,2023-07-27 17:00:00+00:00,long,2,-1.0344304632152583,0,SAME_BAR_SL,fx_cross
GBPAUD,2023-07-28 01:00:00+00:00,short,3,-1.0256389405869724,1,SL,fx_cross
CHFJPY,2023-07-31 05:00:00+00:00,short,3,-1.0367820434432826,2,SL,fx_cross
AUDJPY,2023-07-31 13:00:00+00:00,short,4,2.457719557661928,4,TP,fx_cross
AUDNZD,2023-08-01 21:00:00+00:00,long,1,-1.1904886075949737,0,SAME_BAR_SL,fx_cross
DAX,2023-08-02 00:00:00+00:00,long,1,-1.0136823097112861,1,SL,indices
PL,2023-08-02 22:00:00+00:00,long,1,-1.0044226865671642,21,SL,metals
USDCAD,2023-08-03 05:00:00+00:00,short,3,-1.052606132208158,7,SL,fx_major
GBPUSD,2023-08-03 09:00:00+00:00,long,2,2.4584593184488828,4,TP,fx_major
NG,2023-08-09 10:00:00+00:00,short,3,-1.0035187548638131,0,SAME_BAR_SL,commodities
GBPUSD,2023-08-10 13:00:00+00:00,long,2,-1.0610923050557004,1,SL,fx_major
CADCHF,2023-08-14 13:00:00+00:00,long,2,-1.038820318809777,4,SL,fx_cross
GBPUSD,2023-08-14 13:00:00+00:00,long,2,2.4584593184488828,6,TP,fx_major
EURGBP,2023-08-16 05:00:00+00:00,long,2,-1.048679107505072,3,SL,fx_cross
GBPUSD,2023-08-17 09:00:00+00:00,long,2,2.4336097014925375,1,TP,fx_major
AUDCAD,2023-08-17 17:00:00+00:00,long,2,2.479165165165165,52,TP,fx_cross
GBPJPY,2023-08-18 05:00:00+00:00,long,1,2.4386544246737856,7,TP,fx_cross
NG,2023-08-18 06:00:00+00:00,long,2,-1.0090226086956522,0,SAME_BAR_SL,commodities
GBPUSD,2023-08-18 09:00:00+00:00,long,2,2.4336097014925375,10,TP,fx_major
CADCHF,2023-08-21 05:00:00+00:00,long,1,-1.0446380392156853,2,SL,fx_cross
NG,2023-08-22 14:00:00+00:00,long,2,-1.0049609580838323,0,SAME_BAR_SL,commodities
GBPJPY,2023-08-23 09:00:00+00:00,long,1,-1.0471578408051203,0,SAME_BAR_SL,fx_cross
USDJPY,2023-08-24 09:00:00+00:00,short,4,-1.121351666666662,0,SAME_BAR_SL,fx_major
USDCAD,2023-08-25 13:00:00+00:00,short,3,2.3927442696629284,1,TP,fx_major
PL,2023-08-28 14:00:00+00:00,short,4,-1.0084324324324325,5,SL,metals
AUDCHF,2023-08-29 01:00:00+00:00,short,4,-1.0230004040404037,16,SL,fx_cross
GBPAUD,2023-08-29 09:00:00+00:00,long,2,-1.0316052625504908,22,SL,fx_cross
GBPJPY,2023-08-31 13:00:00+00:00,long,1,-1.069571897711979,0,SAME_BAR_SL,fx_cross
USDCHF,2023-09-01 13:00:00+00:00,short,3,-1.074264227886055,0,SAME_BAR_SL,fx_major
EURCHF,2023-09-01 13:00:00+00:00,long,2,-1.0921590361445732,1,SL,fx_cross
USDCAD,2023-09-05 05:00:00+00:00,short,3,-1.1072557303370718,0,SAME_BAR_SL,fx_major
PL,2023-09-05 22:00:00+00:00,long,1,-1.0124213333333334,2,SL,metals
RTY,2023-09-06 06:00:00+00:00,long,1,-1.0084332584269664,7,SL,indices
EURUSD,2023-09-08 17:00:00+00:00,long,1,-1.0559780597014923,22,SL,fx_major
EURJPY,2023-09-12 17:00:00+00:00,short,3,-1.1511101706484608,0,SAME_BAR_SL,fx_cross
CL,2023-09-13 14:00:00+00:00,short,3,-1.009129230769231,5,SL,commodities
AUDCAD,2023-09-14 01:00:00+00:00,long,1,-1.059782745098038,2,SL,fx_cross
EURCAD,2023-09-14 13:00:00+00:00,long,1,-1.1175444897959093,0,SAME_BAR_SL,fx_cross
USDCAD,2023-09-14 13:00:00+00:00,long,2,-1.0659721011333858,12,SL,fx_major
EURCAD,2023-09-14 17:00:00+00:00,long,1,-1.0440547645125944,17,SL,fx_cross
RTY,2023-09-15 14:00:00+00:00,long,1,-1.0201255218855225,0,SAME_BAR_SL,indices
YM,2023-09-18 18:00:00+00:00,long,2,-1.017167607361963,5,SL,indices
USDCHF,2023-09-19 09:00:00+00:00,short,3,-1.0634030303030308,8,SL,fx_major
EURUSD,2023-09-19 13:00:00+00:00,long,1,-1.064952711496746,7,SL,fx_major
EURGBP,2023-09-20 05:00:00+00:00,short,3,-1.0649599999999997,7,SL,fx_cross
AUDCHF,2023-09-25 13:00:00+00:00,short,4,-1.051204617784713,18,SL,fx_cross
NZDUSD,2023-09-26 09:00:00+00:00,short,3,2.4405921708185003,4,TP,fx_major
PA,2023-09-26 18:00:00+00:00,long,2,2.4948410526315787,11,TP,metals
GBPNZD,2023-09-27 05:00:00+00:00,long,2,-1.045074159779616,11,SL,fx_cross
CADCHF,2023-09-27 13:00:00+00:00,short,3,2.4673235677530005,16,TP,fx_cross
YM,2023-09-27 14:00:00+00:00,long,1,-1.0174848622366288,0,SAME_BAR_SL,indices
GBPCHF,2023-09-28 09:00:00+00:00,short,3,2.410469500713269,3,TP,fx_cross
EURAUD,2023-09-29 05:00:00+00:00,long,2,-1.0944323789907389,0,SAME_BAR_SL,fx_cross
GBPCHF,2023-09-29 09:00:00+00:00,short,4,-1.0860934435261544,0,SAME_BAR_SL,fx_cross
EURGBP,2023-09-29 13:00:00+00:00,short,3,-1.0419069896193762,0,SAME_BAR_SL,fx_cross
HG,2023-10-01 22:00:00+00:00,short,3,2.494081975308642,6,TP,metals
AUDUSD,2023-10-02 13:00:00+00:00,long,1,-1.0268682282282278,2,SL,fx_major
EURJPY,2023-10-02 13:00:00+00:00,long,2,-1.0340491260634197,6,SL,fx_cross
CL,2023-10-02 14:00:00+00:00,long,2,-1.005176811594203,2,SL,commodities
GBPAUD,2023-10-04 09:00:00+00:00,short,3,2.4419040086439763,4,TP,fx_cross
NZDUSD,2023-10-05 01:00:00+00:00,short,4,-1.0328507509881433,4,SL,fx_major
EURUSD,2023-10-06 09:00:00+00:00,short,4,-1.0378602304737512,1,SL,fx_major
NZDUSD,2023-10-06 13:00:00+00:00,short,4,-1.0468457303370815,0,SAME_BAR_SL,fx_major
AUDJPY,2023-10-06 17:00:00+00:00,short,4,-1.0839348427673,0,SAME_BAR_SL,fx_cross
ES,2023-10-06 18:00:00+00:00,short,3,2.479865415162455,1,TP,indices
NZDJPY,2023-10-09 13:00:00+00:00,short,3,-1.029481226415093,6,SL,fx_cross
ES,2023-10-09 14:00:00+00:00,short,3,-1.0201345848375452,1,SL,indices
AUDJPY,2023-10-09 17:00:00+00:00,short,3,-1.0311610052600817,6,SL,fx_cross
DAX,2023-10-10 04:00:00+00:00,short,4,-1.0077874213836477,12,SL,indices
EURGBP,2023-10-10 09:00:00+00:00,short,3,-1.0947649315068462,19,SL,fx_cross
NQ,2023-10-10 14:00:00+00:00,short,3,-1.0149956097560975,12,SL,indices
CHFJPY,2023-10-11 09:00:00+00:00,short,4,-1.0812325352112617,0,SAME_BAR_SL,fx_cross
USDCHF,2023-10-11 13:00:00+00:00,long,1,2.4501633201581012,6,TP,fx_major
EURNZD,2023-10-12 01:00:00+00:00,short,3,-1.0278141732283463,3,SL,fx_cross
NG,2023-10-12 14:00:00+00:00,short,3,2.4934467065868264,4,TP,commodities
SI,2023-10-13 06:00:00+00:00,short,3,-1.0091179487179485,1,SL,metals
EURCAD,2023-10-13 13:00:00+00:00,long,2,-1.0918105936073095,0,SAME_BAR_SL,fx_cross
PL,2023-10-16 14:00:00+00:00,short,3,-1.0080712112676056,4,SL,metals
AUDNZD,2023-10-16 21:00:00+00:00,short,4,-1.0582448884578102,0,SAME_BAR_SL,fx_cross
SI,2023-10-18 02:00:00+00:00,short,3,-1.0026506951871659,128,SL,metals
CADCHF,2023-10-19 17:00:00+00:00,long,2,-1.0393741684665216,23,SL,fx_cross
EURCHF,2023-10-23 17:00:00+00:00,short,4,-1.0490221731123384,23,SL,fx_cross
AUDNZD,2023-10-24 09:00:00+00:00,short,3,-1.069515433789957,3,SL,fx_cross
GBPCAD,2023-10-25 09:00:00+00:00,long,1,2.4356011578221897,8,TP,fx_cross
USDJPY,2023-10-25 09:00:00+00:00,short,3,-1.260733913043476,2,SL,fx_major
EURNZD,2023-10-25 21:00:00+00:00,short,4,-1.0883056055363303,0,SAME_BAR_SL,fx_cross
NZDCAD,2023-10-25 21:00:00+00:00,long,2,2.4483390300230967,4,TP,fx_cross
EURUSD,2023-10-26 01:00:00+00:00,long,2,2.4664419523269028,20,TP,fx_major
RTY,2023-10-26 14:00:00+00:00,long,2,-1.014061326259947,6,SL,indices
NG,2023-10-26 22:00:00+00:00,short,3,-1.0065532934131736,0,SAME_BAR_SL,commodities
USDCHF,2023-10-27 09:00:00+00:00,short,3,-1.0949599999999962,1,SL,fx_major
AUDCAD,2023-10-27 09:00:00+00:00,short,3,-1.0641324281984372,1,SL,fx_cross
PL,2023-10-30 10:00:00+00:00,short,3,-1.0058051764705882,0,SAME_BAR_SL,metals
CADCHF,2023-10-30 13:00:00+00:00,long,1,2.416262018348618,6,TP,fx_cross
CHFJPY,2023-10-30 13:00:00+00:00,long,2,2.4661822222222223,5,TP,fx_cross
AUDJPY,2023-10-31 05:00:00+00:00,short,3,-1.0465432493483924,1,SL,fx_cross
GBPNZD,2023-10-31 21:00:00+00:00,short,3,-1.0689109465020685,0,SAME_BAR_SL,fx_cross
RTY,2023-11-01 06:00:00+00:00,long,1,2.486462857142857,6,TP,indices
AUDUSD,2023-11-01 13:00:00+00:00,short,3,-1.0485125644504758,2,SL,fx_major
ES,2023-11-01 18:00:00+00:00,short,3,-1.0072387234042552,4,SL,indices
CADCHF,2023-11-02 17:00:00+00:00,short,4,2.4380730201342327,15,TP,fx_cross
CHFJPY,2023-11-03 13:00:00+00:00,long,2,2.4665780904522605,29,TP,fx_cross
GBPCHF,2023-11-03 17:00:00+00:00,short,3,-1.1141517948718085,4,SL,fx_cross
USDCAD,2023-11-06 06:00:00+00:00,long,2,2.426703416506723,4,TP,fx_major
USDJPY,2023-11-07 02:00:00+00:00,short,3,-1.0613314285714304,2,SL,fx_major
CL,2023-11-07 23:00:00+00:00,long,2,-1.0108405286343611,3,SL,commodities
EURGBP,2023-11-08 10:00:00+00:00,short,3,-1.0676225242718431,6,SL,fx_cross
PL,2023-11-08 15:00:00+00:00,long,2,-1.0091708852459016,4,SL,metals
NG,2023-11-08 19:00:00+00:00,short,4,2.4952664150943398,8,TP,commodities
NG,2023-11-10 11:00:00+00:00,long,2,2.4938670063694266,3,TP,commodities
NZDJPY,2023-11-13 02:00:00+00:00,short,3,-1.0245423223909849,9,SL,fx_cross
EURUSD,2023-11-13 06:00:00+00:00,short,4,-1.0408296114519435,7,SL,fx_major
PL,2023-11-13 11:00:00+00:00,long,2,2.4921150144927537,3,TP,metals
CHFJPY,2023-11-13 14:00:00+00:00,short,3,-1.0829036619718417,5,SL,fx_cross
USDJPY,2023-11-13 22:00:00+00:00,short,3,2.3899208290155345,3,TP,fx_major
GBPCAD,2023-11-14 06:00:00+00:00,short,4,-1.0420468111455121,1,SL,fx_cross
DAX,2023-11-14 08:00:00+00:00,short,4,-1.0128327461139897,1,SL,indices
ES,2023-11-14 11:00:00+00:00,short,3,-1.0285005940594059,1,SL,indices
AUDUSD,2023-11-14 14:00:00+00:00,short,4,-1.024968595041323,1,SL,fx_major
GBPUSD,2023-11-14 14:00:00+00:00,short,3,-1.0746686695278989,0,SAME_BAR_SL,fx_major
NG,2023-11-15 11:00:00+00:00,short,4,-1.004048253968254,1,SL,commodities
CL,2023-11-15 15:00:00+00:00,long,2,-1.0105765517241376,2,SL,commodities
NZDCHF,2023-11-16 22:00:00+00:00,long,2,2.469574098360656,13,TP,fx_cross
AUDUSD,2023-11-17 10:00:00+00:00,short,3,-1.0529416011644854,0,SAME_BAR_SL,fx_major
NG,2023-11-17 15:00:00+00:00,long,2,2.4913330841121497,1,TP,commodities
AUDCAD,2023-11-20 02:00:00+00:00,short,3,-1.072124137931036,0,SAME_BAR_SL,fx_cross
GBPCAD,2023-11-20 06:00:00+00:00,short,3,-1.0475988888888894,5,SL,fx_cross
NG,2023-11-20 07:00:00+00:00,long,2,-1.0086669158878503,0,SAME_BAR_SL,commodities
GBPJPY,2023-11-22 06:00:00+00:00,short,4,2.321358088737205,1,TP,fx_cross
HG,2023-11-22 11:00:00+00:00,long,1,2.4879919999999998,24,TP,metals
EURCAD,2023-11-23 10:00:00+00:00,short,4,2.456989928057553,31,TP,fx_cross
CHFJPY,2023-11-23 14:00:00+00:00,short,4,2.392919909706542,3,TP,fx_cross
NZDJPY,2023-11-24 06:00:00+00:00,short,3,-1.0434850085763274,1,SL,fx_cross
CHFJPY,2023-11-24 10:00:00+00:00,short,4,-1.1070800902934577,1,SL,fx_cross
AUDJPY,2023-11-24 14:00:00+00:00,short,3,2.335828333333312,2,TP,fx_cross
GBPNZD,2023-11-27 06:00:00+00:00,long,2,2.2752468217054287,1,TP,fx_cross
AUDNZD,2023-11-28 22:00:00+00:00,long,2,-1.1831656797582633,0,SAME_BAR_SL,fx_cross
NZDJPY,2023-11-29 02:00:00+00:00,short,3,-1.1614643037974526,0,SAME_BAR_SL,fx_cross
EURGBP,2023-11-29 06:00:00+00:00,long,2,-1.1007196673596584,3,SL,fx_cross
EURUSD,2023-11-30 06:00:00+00:00,long,2,-1.0594489922480614,0,SAME_BAR_SL,fx_major
AUDJPY,2023-11-30 14:00:00+00:00,short,4,-1.1499637158470004,0,SAME_BAR_SL,fx_cross
EURAUD,2023-12-01 06:00:00+00:00,long,1,-1.0430958801498118,2,SL,fx_cross
CADJPY,2023-12-05 06:00:00+00:00,long,2,-1.064821196581198,1,SL,fx_cross
ES,2023-12-06 03:00:00+00:00,short,4,2.4637451851851853,4,TP,indices
YM,2023-12-06 19:00:00+00:00,short,3,-1.0190998352553542,17,SL,indices
ES,2023-12-07 15:00:00+00:00,short,3,-1.0228382879377431,6,SL,indices
EURAUD,2023-12-12 02:00:00+00:00,long,1,-1.1418273684210596,0,SAME_BAR_SL,fx_cross
AUDCAD,2023-12-13 18:00:00+00:00,short,4,-1.0574997260273995,1,SL,fx_cross
GBPAUD,2023-12-13 18:00:00+00:00,long,2,-1.039247597930524,1,SL,fx_cross
CADJPY,2023-12-19 06:00:00+00:00,long,2,2.4683466383881236,1,TP,fx_cross
CL,2023-12-21 15:00:00+00:00,short,3,-1.00723376146789,3,SL,commodities
NKD,2023-12-26 19:00:00+00:00,short,4,-1.014580680272109,1,SL,indices
EURCAD,2023-12-28 06:00:00+00:00,short,4,2.417287550200799,1,TP,fx_cross
NG,2023-12-28 11:00:00+00:00,short,3,-1.00348,9,SL,commodities
AUDCAD,2024-01-02 02:00:00+00:00,short,3,2.421586130030956,5,TP,fx_cross
NZDJPY,2024-01-02 14:00:00+00:00,long,2,2.4647747696669042,9,TP,fx_cross
HG,2024-01-03 07:00:00+00:00,long,2,-1.0126720000000002,1,SL,metals
USDJPY,2024-01-03 10:00:00+00:00,short,4,-1.0352321830985927,1,SL,fx_major
NG,2024-01-03 11:00:00+00:00,short,4,-1.0024067226890756,5,SL,commodities
USDJPY,2024-01-05 06:00:00+00:00,short,4,-1.0571664697609038,1,SL,fx_major
EURAUD,2024-01-08 10:00:00+00:00,short,3,2.436294850798056,2,TP,fx_cross
NG,2024-01-08 11:00:00+00:00,long,2,2.498117966101695,6,TP,commodities
HG,2024-01-09 11:00:00+00:00,long,2,-1.006927542857143,19,SL,metals
NG,2024-01-09 15:00:00+00:00,short,4,2.494074725274725,1,TP,commodities
USDJPY,2024-01-10 10:00:00+00:00,short,3,-1.0202129090004977,6,SL,fx_major
EURGBP,2024-01-10 22:00:00+00:00,long,1,-1.0702873469387746,6,SL,fx_cross
EURCAD,2024-01-11 14:00:00+00:00,short,4,2.417287550200799,4,TP,fx_cross
AUDNZD,2024-01-11 14:00:00+00:00,long,2,-1.0794548148148078,6,SL,fx_cross
GBPCAD,2024-01-11 14:00:00+00:00,short,4,-1.0654789869952077,12,SL,fx_cross
EURCAD,2024-01-12 14:00:00+00:00,short,4,-1.1402962457337624,4,SL,fx_cross
PL,2024-01-12 15:00:00+00:00,long,1,-1.0165048888888892,0,SAME_BAR_SL,metals
AUDUSD,2024-01-16 18:00:00+00:00,long,1,-1.0644000000000031,2,SL,fx_major
NZDUSD,2024-01-17 06:00:00+00:00,long,1,-1.0555752350081036,0,SAME_BAR_SL,fx_major
AUDNZD,2024-01-17 06:00:00+00:00,long,2,2.4138822988505786,8,TP,fx_cross
RTY,2024-01-17 11:00:00+00:00,long,1,2.494904060150376,18,TP,indices
EURGBP,2024-01-18 14:00:00+00:00,long,2,-1.0792002640264002,1,SL,fx_cross
NQ,2024-01-18 15:00:00+00:00,short,3,-1.030733033707865,2,SL,indices
CADCHF,2024-01-19 18:00:00+00:00,short,3,2.4460355290611027,16,TP,fx_cross
SI,2024-01-22 11:00:00+00:00,long,2,2.4950276923076924,18,TP,metals
GBPNZD,2024-01-22 18:00:00+00:00,short,3,2.4563212532637095,9,TP,fx_cross
NZDUSD,2024-01-22 18:00:00+00:00,long,2,-1.0551804213938412,5,SL,fx_major
EURCAD,2024-01-23 02:00:00+00:00,short,3,-1.1691176954732558,1,SL,fx_cross
NZDUSD,2024-01-24 22:00:00+00:00,long,1,2.456281329923272,28,TP,fx_major
USDCAD,2024-01-26 10:00:00+00:00,long,2,-1.1080173314203743,0,SAME_BAR_SL,fx_major
EURCAD,2024-01-30 02:00:00+00:00,long,2,-1.0850467782426738,26,SL,fx_cross
AUDCHF,2024-01-31 14:00:00+00:00,long,2,-1.0542091467576773,1,SL,fx_cross
EURAUD,2024-02-01 06:00:00+00:00,short,3,-1.0636153846153868,1,SL,fx_cross
NG,2024-02-01 15:00:00+00:00,long,2,-1.0044995918367345,5,SL,commodities
GBPJPY,2024-02-02 06:00:00+00:00,short,4,-1.042152276749799,23,SL,fx_cross
NZDUSD,2024-02-02 10:00:00+00:00,long,2,-1.045391276595745,1,SL,fx_major
PL,2024-02-02 15:00:00+00:00,long,1,2.4839964444444442,11,TP,metals
CADCHF,2024-02-05 06:00:00+00:00,short,4,-1.0706816438356201,12,SL,fx_cross
GBPNZD,2024-02-05 10:00:00+00:00,long,2,-1.063969515418496,2,SL,fx_cross
NZDCAD,2024-02-06 18:00:00+00:00,short,3,-1.0446430261881667,5,SL,fx_cross
AUDCAD,2024-02-06 22:00:00+00:00,short,3,-1.0317040616966584,57,SL,fx_cross
GBPCHF,2024-02-07 14:00:00+00:00,short,3,-1.0590601912045832,12,SL,fx_cross
EURJPY,2024-02-09 06:00:00+00:00,short,3,-1.0336033358153398,31,SL,fx_cross
EURUSD,2024-02-09 14:00:00+00:00,long,1,-1.0692293577981629,6,SL,fx_major
EURCHF,2024-02-09 18:00:00+00:00,short,3,-1.0995218079096016,9,SL,fx_cross
NZDUSD,2024-02-13 02:00:00+00:00,long,1,-1.0687177464788835,2,SL,fx_major
GBPCHF,2024-02-13 06:00:00+00:00,short,3,-1.0613784251968508,2,SL,fx_cross
USDJPY,2024-02-13 14:00:00+00:00,short,3,-1.1026067153284669,1,SL,fx_major
HG,2024-02-14 15:00:00+00:00,long,2,2.4784669090909097,5,TP,metals
NZDUSD,2024-02-15 14:00:00+00:00,short,4,2.3951155963302786,1,TP,fx_major
YM,2024-02-15 19:00:00+00:00,short,4,2.469482063882064,15,TP,indices
NQ,2024-02-16 07:00:00+00:00,short,3,2.4886489763779527,9,TP,indices
NZDUSD,2024-02-16 10:00:00+00:00,long,1,2.4201442622950817,1,TP,fx_major
NG,2024-02-16 15:00:00+00:00,long,2,-1.005544347826087,2,SL,commodities
SI,2024-02-16 15:00:00+00:00,short,3,-1.0101698630136986,0,SAME_BAR_SL,metals
EURNZD,2024-02-16 18:00:00+00:00,long,1,-1.190775503876,1,SL,fx_cross
NQ,2024-02-21 19:00:00+00:00,long,2,2.4899005267938237,1,TP,indices
EURJPY,2024-02-22 06:00:00+00:00,short,4,2.4646597989172467,60,TP,fx_cross
GBPCHF,2024-02-23 10:00:00+00:00,short,3,2.4061251651651543,17,TP,fx_cross
NG,2024-02-23 19:00:00+00:00,long,1,2.496644210526316,1,TP,commodities
USDJPY,2024-02-27 14:00:00+00:00,short,4,-1.3796194594594937,0,SAME_BAR_SL,fx_major
NG,2024-02-27 15:00:00+00:00,short,3,-1.0042861313868614,5,SL,commodities
GBPCAD,2024-02-28 10:00:00+00:00,short,4,-1.0462273137914464,19,SL,fx_cross
NZDUSD,2024-02-28 14:00:00+00:00,long,1,-1.079855737704918,5,SL,fx_major
EURCAD,2024-02-28 14:00:00+00:00,short,3,-1.0587864097073525,5,SL,fx_cross
GBPCHF,2024-02-29 10:00:00+00:00,short,4,-1.087132402234639,1,SL,fx_cross
USDJPY,2024-03-01 14:00:00+00:00,short,3,2.397345596107056,1,TP,fx_major
NZDUSD,2024-03-03 22:00:00+00:00,long,1,-1.038709206349208,8,SL,fx_major
GBPCAD,2024-03-05 06:00:00+00:00,short,3,-1.0581246959662853,6,SL,fx_cross
SI,2024-03-05 11:00:00+00:00,short,3,-1.0113835294117646,0,SAME_BAR_SL,metals
USDCAD,2024-03-06 18:00:00+00:00,long,2,-1.0960666836086346,5,SL,fx_major
NZDUSD,2024-03-07 10:00:00+00:00,short,4,-1.0372070765911547,3,SL,fx_major
USDCHF,2024-03-07 10:00:00+00:00,long,2,-1.0418843840271867,2,SL,fx_major
EURCAD,2024-03-07 14:00:00+00:00,short,4,-1.0853373913043458,6,SL,fx_cross
GBPCHF,2024-03-07 14:00:00+00:00,short,4,-1.0742800945626525,0,SAME_BAR_SL,fx_cross
NQ,2024-03-11 06:00:00+00:00,long,2,-1.0253477398015436,1,SL,indices
USDCAD,2024-03-11 13:00:00+00:00,long,1,-1.0819252060737448,12,SL,fx_major
GBPCAD,2024-03-12 05:00:00+00:00,long,1,-1.0561028239395716,43,SL,fx_cross
USDJPY,2024-03-12 21:00:00+00:00,long,1,2.4491104315659666,12,TP,fx_major
EURCAD,2024-03-13 17:00:00+00:00,short,3,-1.054062385321099,22,SL,fx_cross
EURCHF,2024-03-18 13:00:00+00:00,short,4,-1.1077491417165677,1,SL,fx_cross
NQ,2024-03-18 22:00:00+00:00,long,2,2.4931210408042577,15,TP,indices
CADJPY,2024-03-19 01:00:00+00:00,short,4,-1.0841947826086904,1,SL,fx_cross
USDJPY,2024-03-19 05:00:00+00:00,short,3,-1.10909989637305,1,SL,fx_major
EURNZD,2024-03-19 05:00:00+00:00,short,4,-1.0330901712779974,10,SL,fx_cross
NKD,2024-03-19 22:00:00+00:00,short,3,-1.0106247933884298,6,SL,indices
USDCHF,2024-03-21 01:00:00+00:00,long,1,2.452926996197717,1,TP,fx_major
USDJPY,2024-03-21 05:00:00+00:00,short,3,-1.0284940511440122,23,SL,fx_major
EURCAD,2024-03-21 09:00:00+00:00,short,3,-1.0758980478821356,0,SAME_BAR_SL,fx_cross
AUDCAD,2024-03-22 05:00:00+00:00,long,2,-1.0585775886524798,25,SL,fx_cross
CL,2024-03-25 10:00:00+00:00,short,3,-1.0269591752577312,1,SL,commodities
EURAUD,2024-03-28 09:00:00+00:00,short,4,2.4326021144098453,3,TP,fx_cross
AUDCAD,2024-03-29 17:00:00+00:00,long,2,-1.07002538243626,5,SL,fx_cross
USDCAD,2024-04-01 09:00:00+00:00,short,3,-1.0707292537313429,0,SAME_BAR_SL,fx_major
SI,2024-04-02 06:00:00+00:00,short,3,-1.0105887179487176,2,SL,metals
GBPCHF,2024-04-02 09:00:00+00:00,short,3,-1.0651843425076462,11,SL,fx_cross
EURCHF,2024-04-03 09:00:00+00:00,short,3,-1.1229338116591832,1,SL,fx_cross
USDCAD,2024-04-03 13:00:00+00:00,long,2,-1.1622573019271656,0,SAME_BAR_SL,fx_major
AUDCAD,2024-04-03 13:00:00+00:00,short,4,-1.058651725768319,0,SAME_BAR_SL,fx_cross
AUDJPY,2024-04-03 17:00:00+00:00,short,3,-1.0192569613259668,4,SL,fx_cross
NZDJPY,2024-04-04 05:00:00+00:00,short,4,2.4371386274509783,3,TP,fx_cross
AUDCAD,2024-04-04 09:00:00+00:00,short,3,-1.0569678538812808,2,SL,fx_cross
EURCAD,2024-04-04 17:00:00+00:00,short,4,-1.0771055909943739,3,SL,fx_cross
SI,2024-04-05 10:00:00+00:00,short,3,-1.0042530049261083,1,SL,metals
GBPUSD,2024-04-05 13:00:00+00:00,long,1,2.4201244444444447,1,TP,fx_major
GBPCHF,2024-04-05 17:00:00+00:00,short,3,-1.041835596330274,4,SL,fx_cross
EURCHF,2024-04-07 21:00:00+00:00,short,3,-1.0454287230514097,3,SL,fx_cross
GBPAUD,2024-04-08 13:00:00+00:00,long,2,-1.1121968200836871,6,SL,fx_cross
RTY,2024-04-10 10:00:00+00:00,long,2,-1.0118469565217392,0,SAME_BAR_SL,indices
EURCHF,2024-04-10 13:00:00+00:00,short,4,2.432723137254903,5,TP,fx_cross
SI,2024-04-10 14:00:00+00:00,short,3,-1.0067657142857143,0,SAME_BAR_SL,metals
EURJPY,2024-04-15 05:00:00+00:00,short,4,-1.0662771717171733,2,SL,fx_cross
NQ,2024-04-15 14:00:00+00:00,long,1,-1.0221113243761997,0,SAME_BAR_SL,indices
GBPAUD,2024-04-16 09:00:00+00:00,short,3,-1.0580981293425988,1,SL,fx_cross
EURCAD,2024-04-16 09:00:00+00:00,short,4,2.4420256157635443,24,TP,fx_cross
DAX,2024-04-16 12:00:00+00:00,long,2,-1.0161280898876404,15,SL,indices
NZDCAD,2024-04-17 05:00:00+00:00,short,4,2.4582697810218987,11,TP,fx_cross
ES,2024-04-18 22:00:00+00:00,long,1,2.4896479740680713,15,TP,indices
NQ,2024-04-18 22:00:00+00:00,long,2,-1.010099473206176,0,SAME_BAR_SL,indices
CHFJPY,2024-04-19 01:00:00+00:00,short,4,-1.028994570906877,30,SL,fx_cross
AUDCHF,2024-04-19 01:00:00+00:00,long,2,-1.0582702158273334,0,SAME_BAR_SL,fx_cross
EURAUD,2024-04-19 01:00:00+00:00,short,4,-1.067397885590155,0,SAME_BAR_SL,fx_cross
AUDCAD,2024-04-19 01:00:00+00:00,long,1,-1.0967441095890462,0,SAME_BAR_SL,fx_cross
USDCHF,2024-04-19 01:00:00+00:00,long,1,-1.0682279245283042,0,SAME_BAR_SL,fx_major
GBPAUD,2024-04-22 09:00:00+00:00,long,1,-1.071484503664227,0,SAME_BAR_SL,fx_cross
PL,2024-04-23 06:00:00+00:00,long,1,-1.0244853333333332,1,SL,metals
ES,2024-04-23 14:00:00+00:00,short,3,-1.0288084581497798,3,SL,indices
AUDNZD,2024-04-23 17:00:00+00:00,short,3,-1.0866881586402148,2,SL,fx_cross
GBPAUD,2024-04-24 01:00:00+00:00,long,2,-1.1156841468682583,0,SAME_BAR_SL,fx_cross
DAX,2024-04-24 04:00:00+00:00,short,3,2.473308959276018,2,TP,indices
NZDJPY,2024-04-24 21:00:00+00:00,short,3,-1.044448854435831,1,SL,fx_cross
NZDJPY,2024-04-25 05:00:00+00:00,short,3,2.437098305084752,1,TP,fx_cross
GBPCHF,2024-04-25 05:00:00+00:00,short,4,-1.0441950760719263,11,SL,fx_cross
NZDJPY,2024-04-26 01:00:00+00:00,short,3,-1.0717247382920054,1,SL,fx_cross
CHFJPY,2024-04-26 05:00:00+00:00,short,3,-1.1509059119496663,0,SAME_BAR_SL,fx_cross
USDCHF,2024-04-26 09:00:00+00:00,short,4,-1.0732780487804887,1,SL,fx_major
AUDCHF,2024-04-29 01:00:00+00:00,short,3,-1.0768227522935754,0,SAME_BAR_SL,fx_cross
SI,2024-04-29 14:00:00+00:00,short,4,-1.0032453731343283,45,SL,metals
EURCHF,2024-04-30 13:00:00+00:00,short,3,-1.06195900677201,4,SL,fx_cross
EURCAD,2024-04-30 13:00:00+00:00,short,4,2.3970648689138643,11,TP,fx_cross
GBPAUD,2024-05-02 05:00:00+00:00,long,2,-1.0222805736853045,7,SL,fx_cross
YM,2024-05-02 18:00:00+00:00,short,3,-1.0322647120418849,0,SAME_BAR_SL,indices
EURCAD,2024-05-03 05:00:00+00:00,short,4,-1.1180972413793053,1,SL,fx_cross
DAX,2024-05-06 08:00:00+00:00,short,4,-1.025341645021645,1,SL,indices
DAX,2024-05-07 08:00:00+00:00,short,3,-1.026691040723982,1,SL,indices
NQ,2024-05-07 10:00:00+00:00,short,3,-1.009033121611154,32,SL,indices
YM,2024-05-08 18:00:00+00:00,short,3,-1.0185330576070901,5,SL,indices
EURGBP,2024-05-09 09:00:00+00:00,short,3,-1.11589038461538,0,SAME_BAR_SL,fx_cross
USDCAD,2024-05-09 17:00:00+00:00,long,1,-1.146762911877357,4,SL,fx_major
ES,2024-05-10 06:00:00+00:00,short,3,-1.0135468812877264,19,SL,indices
PA,2024-05-13 14:00:00+00:00,long,2,2.4953442424242422,10,TP,metals
NZDJPY,2024-05-13 21:00:00+00:00,short,3,-1.0076075364831671,37,SL,fx_cross
GBPCAD,2024-05-14 09:00:00+00:00,short,4,-1.0901515947467195,1,SL,fx_cross
AUDJPY,2024-05-14 09:00:00+00:00,short,3,-1.0075849345206915,156,SL,fx_cross
RTY,2024-05-14 10:00:00+00:00,short,3,-1.010154441087613,6,SL,indices
EURJPY,2024-05-14 13:00:00+00:00,short,3,-1.0081818194372518,194,SL,fx_cross
SI,2024-05-14 18:00:00+00:00,short,3,-1.004868085106383,3,SL,metals
NZDCHF,2024-05-15 01:00:00+00:00,short,3,-1.0632074074074034,2,SL,fx_cross
NZDUSD,2024-05-15 01:00:00+00:00,short,3,-1.027536363636364,2,SL,fx_major
EURCHF,2024-05-15 13:00:00+00:00,short,3,2.355694908136503,2,TP,fx_cross
EURCHF,2024-05-16 09:00:00+00:00,short,3,-1.0707959793814414,1,SL,fx_cross
GBPCHF,2024-05-16 17:00:00+00:00,short,4,-1.041415087040617,4,SL,fx_cross
GBPJPY,2024-05-17 17:00:00+00:00,short,3,-1.008064309842749,111,SL,fx_cross
NG,2024-05-21 14:00:00+00:00,short,3,-1.0018126624737946,6,SL,commodities
YM,2024-05-22 18:00:00+00:00,long,1,-1.04278734006734,4,SL,indices
RTY,2024-05-23 10:00:00+00:00,short,4,2.480362105263158,1,TP,indices
NQ,2024-05-27 14:00:00+00:00,short,3,2.4843241370394313,14,TP,indices
GBPCAD,2024-05-28 09:00:00+00:00,short,3,2.4327552308752605,18,TP,fx_cross
GBPCHF,2024-05-28 13:00:00+00:00,short,4,2.430344017094017,10,TP,fx_cross
NG,2024-05-28 22:00:00+00:00,short,4,-1.0035173553719008,0,SAME_BAR_SL,commodities
PA,2024-05-29 10:00:00+00:00,long,2,-1.0046557575757575,4,SL,metals
CHFJPY,2024-05-30 09:00:00+00:00,short,3,-1.009957370583402,54,SL,fx_cross
NKD,2024-05-31 18:00:00+00:00,short,3,-1.0054217943107222,37,SL,indices
ES,2024-06-03 14:00:00+00:00,long,2,2.4930808230452675,41,TP,indices
NG,2024-06-03 18:00:00+00:00,short,3,-1.0021362162162162,4,SL,commodities
PL,2024-06-04 06:00:00+00:00,long,1,2.4751926153846147,1,TP,metals
NQ,2024-06-05 10:00:00+00:00,short,4,-1.01652996568291,1,SL,indices
EURUSD,2024-06-05 13:00:00+00:00,long,2,-1.0403493563370945,12,SL,fx_major
SI,2024-06-06 10:00:00+00:00,short,3,-1.0053621857923498,1,SL,metals
SI,2024-06-06 18:00:00+00:00,short,3,2.4966056175972926,4,TP,metals
NZDUSD,2024-06-07 09:00:00+00:00,long,1,-1.0312827586206914,1,SL,fx_major
GBPCHF,2024-06-10 09:00:00+00:00,long,1,2.4343214006179146,13,TP,fx_cross
CL,2024-06-10 14:00:00+00:00,short,4,-1.004849375,10,SL,commodities
NZDJPY,2024-06-12 09:00:00+00:00,short,3,-1.1029857034220512,0,SAME_BAR_SL,fx_cross
AUDCAD,2024-06-12 09:00:00+00:00,short,3,-1.0886472222222157,0,SAME_BAR_SL,fx_cross
USDCHF,2024-06-12 09:00:00+00:00,long,1,-1.0436633274956209,24,SL,fx_major
AUDUSD,2024-06-12 09:00:00+00:00,short,3,-1.0448565384615391,0,SAME_BAR_SL,fx_major
YM,2024-06-12 10:00:00+00:00,short,4,2.4435344144144144,1,TP,indices
USDJPY,2024-06-12 13:00:00+00:00,long,1,2.4737383263094523,9,TP,fx_major
NZDUSD,2024-06-14 05:00:00+00:00,long,1,-1.0634990405904112,1,SL,fx_major
USDJPY,2024-06-14 05:00:00+00:00,short,3,-1.0086658109958913,50,SL,fx_major
GBPCHF,2024-06-14 13:00:00+00:00,long,1,-1.0278584588287099,11,SL,fx_cross
USDCHF,2024-06-18 13:00:00+00:00,long,1,2.452926996197717,10,TP,fx_major
CADJPY,2024-06-20 13:00:00+00:00,short,3,-1.008492844421163,37,SL,fx_cross
NZDUSD,2024-06-20 13:00:00+00:00,long,2,-1.0331984496124027,23,SL,fx_major
EURCAD,2024-06-21 05:00:00+00:00,long,1,-1.057475792426367,13,SL,fx_cross
NZDCHF,2024-06-24 09:00:00+00:00,long,2,-1.0671361403508688,12,SL,fx_cross
PL,2024-06-24 10:00:00+00:00,short,3,2.490355104477612,6,TP,metals
YM,2024-06-24 14:00:00+00:00,short,4,2.4423942342342344,1,TP,indices
AUDCAD,2024-06-25 09:00:00+00:00,long,1,-1.077541219512191,0,SAME_BAR_SL,fx_cross
AUDUSD,2024-06-26 01:00:00+00:00,short,3,-1.0576393199381784,0,SAME_BAR_SL,fx_major
PA,2024-06-27 06:00:00+00:00,long,1,2.4954028346456694,6,TP,metals
NZDCAD,2024-06-28 01:00:00+00:00,long,2,-1.0616444444444426,20,SL,fx_cross
GBPAUD,2024-06-28 13:00:00+00:00,long,2,-1.1240504672897178,0,SAME_BAR_SL,fx_cross
AUDCHF,2024-07-01 05:00:00+00:00,short,3,-1.0388760277136244,11,SL,fx_cross
EURCAD,2024-07-01 09:00:00+00:00,short,3,-1.1662793548387518,1,SL,fx_cross
PA,2024-07-01 10:00:00+00:00,short,3,-1.0056842857142858,6,SL,metals
GBPUSD,2024-07-01 13:00:00+00:00,short,3,-1.1505925423728867,0,SAME_BAR_SL,fx_major
NQ,2024-07-02 06:00:00+00:00,long,2,2.489739284278247,8,TP,indices
PA,2024-07-02 14:00:00+00:00,short,4,-1.0091088888888888,4,SL,metals
CADCHF,2024-07-02 17:00:00+00:00,short,4,-1.0946371355498756,3,SL,fx_cross
AUDCHF,2024-07-04 05:00:00+00:00,short,4,2.4690518248175164,54,TP,fx_cross
GBPAUD,2024-07-08 01:00:00+00:00,long,2,2.432569746192894,21,TP,fx_cross
DAX,2024-07-08 08:00:00+00:00,short,3,2.484659232736573,7,TP,indices
PL,2024-07-09 10:00:00+00:00,long,2,-1.0107808,0,SAME_BAR_SL,metals
AUDNZD,2024-07-10 01:00:00+00:00,short,3,-1.1244170967741804,0,SAME_BAR_SL,fx_cross
GBPCAD,2024-07-10 09:00:00+00:00,short,4,-1.0579822538552777,2,SL,fx_cross
GBPCHF,2024-07-10 09:00:00+00:00,short,3,-1.0798826799007404,1,SL,fx_cross
EURUSD,2024-07-11 09:00:00+00:00,short,3,-1.0827249932157308,7,SL,fx_major
PA,2024-07-11 10:00:00+00:00,short,3,2.4958777070063696,6,TP,metals
GBPAUD,2024-07-11 17:00:00+00:00,short,4,-1.0837441379310337,0,SAME_BAR_SL,fx_cross
DAX,2024-07-12 12:00:00+00:00,short,3,2.483296620498615,10,TP,indices
GBPAUD,2024-07-15 17:00:00+00:00,short,3,-1.0400699738903392,3,SL,fx_cross
NZDJPY,2024-07-17 05:00:00+00:00,long,2,-1.037122655601659,0,SAME_BAR_SL,fx_cross
AUDCHF,2024-07-17 13:00:00+00:00,long,1,-1.089829433962267,1,SL,fx_cross
PA,2024-07-19 10:00:00+00:00,long,1,-1.0045971653543306,6,SL,metals
NKD,2024-07-22 02:00:00+00:00,long,2,2.473878762886598,2,TP,indices
AUDJPY,2024-07-22 05:00:00+00:00,long,1,-1.033665806451613,4,SL,fx_cross
GBPCAD,2024-07-22 09:00:00+00:00,short,4,-1.0975326934378078,12,SL,fx_cross
CADCHF,2024-07-24 05:00:00+00:00,long,2,-1.0800949002217253,1,SL,fx_cross
AUDCAD,2024-07-24 21:00:00+00:00,long,1,-1.083238363338788,0,SAME_BAR_SL,fx_cross
USDCAD,2024-07-25 17:00:00+00:00,short,3,-1.049066582117946,11,SL,fx_major
ES,2024-07-25 18:00:00+00:00,long,2,-1.0053440242976461,33,SL,indices
RTY,2024-07-26 06:00:00+00:00,short,3,-1.006072013311148,21,SL,indices
GBPCAD,2024-07-29 13:00:00+00:00,short,3,-1.1530933333333224,0,SAME_BAR_SL,fx_cross
USDCHF,2024-07-30 21:00:00+00:00,long,1,-1.066547924528304,3,SL,fx_major
GBPNZD,2024-08-01 05:00:00+00:00,long,1,-1.0563649438202258,2,SL,fx_cross
EURGBP,2024-08-01 09:00:00+00:00,long,1,2.334960559440539,1,TP,fx_cross
EURCAD,2024-08-01 13:00:00+00:00,short,3,-1.113714999999996,1,SL,fx_cross
NG,2024-08-01 14:00:00+00:00,long,2,-1.003269702970297,0,SAME_BAR_SL,commodities
EURAUD,2024-08-02 09:00:00+00:00,short,3,-1.0550299056603771,1,SL,fx_cross
EURUSD,2024-08-02 09:00:00+00:00,short,4,-1.0985427552674087,0,SAME_BAR_SL,fx_major
GBPCAD,2024-08-02 13:00:00+00:00,short,3,-1.1007466125760674,0,SAME_BAR_SL,fx_cross
EURUSD,2024-08-05 01:00:00+00:00,short,3,-1.0877898421807757,1,SL,fx_major
ES,2024-08-05 02:00:00+00:00,long,2,-1.0069191769547325,2,SL,indices
RTY,2024-08-05 02:00:00+00:00,long,1,-1.0241682352941177,0,SAME_BAR_SL,indices
AUDNZD,2024-08-05 05:00:00+00:00,long,2,-1.0913674474474582,1,SL,fx_cross
PL,2024-08-05 10:00:00+00:00,long,1,2.494896139130435,30,TP,metals
RTY,2024-08-05 10:00:00+00:00,long,2,2.487944661654135,1,TP,indices
NZDJPY,2024-08-06 05:00:00+00:00,long,1,2.4841986297760212,5,TP,fx_cross
EURAUD,2024-08-07 09:00:00+00:00,long,2,-1.0295164963503651,43,SL,fx_cross
PA,2024-08-07 10:00:00+00:00,short,4,-1.0044107086614174,0,SAME_BAR_SL,metals
EURGBP,2024-08-08 09:00:00+00:00,short,4,2.4578719720767888,11,TP,fx_cross
EURUSD,2024-08-09 05:00:00+00:00,short,3,-1.066005695792881,14,SL,fx_major
GBPUSD,2024-08-14 09:00:00+00:00,short,3,2.371887544483995,2,TP,fx_major
GBPCAD,2024-08-14 09:00:00+00:00,short,3,-1.0626062944162429,9,SL,fx_cross
HG,2024-08-15 06:00:00+00:00,short,3,-1.006112,2,SL,metals
GBPCAD,2024-08-16 09:00:00+00:00,short,3,-1.0311776171015394,19,SL,fx_cross
SI,2024-08-16 18:00:00+00:00,short,3,-1.0039663519313304,5,SL,metals
AUDCAD,2024-08-19 13:00:00+00:00,short,4,-1.070256634746927,6,SL,fx_cross
YM,2024-08-20 06:00:00+00:00,short,3,-1.0072117672886938,26,SL,indices
GBPNZD,2024-08-20 09:00:00+00:00,long,2,2.411929390787509,7,TP,fx_cross
NQ,2024-08-20 18:00:00+00:00,short,3,-1.0172085037237644,5,SL,indices
ES,2024-08-21 14:00:00+00:00,short,3,2.4803099727520435,6,TP,indices
AUDNZD,2024-08-22 13:00:00+00:00,long,2,-1.0558221897810227,8,SL,fx_cross
SI,2024-08-23 06:00:00+00:00,short,4,-1.0070796992481201,2,SL,metals
NKD,2024-08-26 10:00:00+00:00,short,4,-1.0138287005649718,5,SL,indices
NKD,2024-08-29 02:00:00+00:00,short,3,-1.0101447933884298,2,SL,indices
EURNZD,2024-08-29 05:00:00+00:00,long,2,2.4113699641577084,11,TP,fx_cross
GBPCAD,2024-08-29 05:00:00+00:00,short,4,2.428630487106022,9,TP,fx_cross
NKD,2024-08-29 14:00:00+00:00,short,3,-1.010037894736842,7,SL,indices
ES,2024-08-29 14:00:00+00:00,short,3,2.4622716666666666,1,TP,indices
CHFJPY,2024-09-02 05:00:00+00:00,short,4,2.4875790187516054,40,TP,fx_cross
EURGBP,2024-09-02 09:00:00+00:00,long,1,-1.0668335410764866,6,SL,fx_cross
NQ,2024-09-02 10:00:00+00:00,short,3,2.479179585749793,5,TP,indices
GBPCAD,2024-09-03 13:00:00+00:00,short,4,-1.0713695128939784,17,SL,fx_cross
CADCHF,2024-09-05 09:00:00+00:00,long,2,-1.0624205347593545,5,SL,fx_cross
EURCHF,2024-09-06 05:00:00+00:00,long,2,-1.1068014663951176,0,SAME_BAR_SL,fx_cross
CADJPY,2024-09-06 13:00:00+00:00,long,2,-1.0312020360551437,12,SL,fx_cross
NZDUSD,2024-09-06 13:00:00+00:00,long,1,-1.0505937829912035,4,SL,fx_major
PA,2024-09-11 06:00:00+00:00,short,4,-1.0061411764705883,2,SL,metals
SI,2024-09-11 06:00:00+00:00,short,3,-1.0035303422053232,7,SL,metals
GBPAUD,2024-09-11 17:00:00+00:00,long,1,-1.0434037688044333,1,SL,fx_cross
EURAUD,2024-09-11 17:00:00+00:00,long,1,-1.027722014388489,26,SL,fx_cross
SI,2024-09-13 10:00:00+00:00,short,4,-1.009894527363184,3,SL,metals
NZDCAD,2024-09-16 09:00:00+00:00,short,3,-1.0441527954971852,5,SL,fx_cross
CL,2024-09-16 10:00:00+00:00,short,3,-1.0083631460674158,1,SL,commodities
ES,2024-09-16 22:00:00+00:00,short,3,-1.0243706397306398,0,SAME_BAR_SL,indices
ES,2024-09-17 06:00:00+00:00,short,3,-1.0254360975609755,0,SAME_BAR_SL,indices
AUDCHF,2024-09-18 05:00:00+00:00,short,3,-1.0875221857923498,1,SL,fx_cross
GBPCAD,2024-09-18 13:00:00+00:00,short,3,-1.0948194533458941,0,SAME_BAR_SL,fx_cross
RTY,2024-09-18 18:00:00+00:00,short,3,-1.003014527363184,205,SL,indices
SI,2024-09-18 18:00:00+00:00,short,3,-1.0058181818181817,0,SAME_BAR_SL,metals
AUDCHF,2024-09-19 09:00:00+00:00,short,3,-1.0627069767441855,0,SAME_BAR_SL,fx_cross
EURCAD,2024-09-19 13:00:00+00:00,short,3,-1.0772350364963514,4,SL,fx_cross
EURAUD,2024-09-23 05:00:00+00:00,long,2,-1.1176873195876122,0,SAME_BAR_SL,fx_cross
USDCAD,2024-09-23 13:00:00+00:00,long,2,-1.0375929224652096,6,SL,fx_major
CADCHF,2024-09-25 05:00:00+00:00,short,4,-1.0387328210757403,1,SL,fx_cross
EURCHF,2024-09-25 09:00:00+00:00,short,3,-1.1277823076923026,0,SAME_BAR_SL,fx_cross
NKD,2024-09-25 22:00:00+00:00,short,4,-1.0076859627329193,2,SL,indices
NZDJPY,2024-09-26 13:00:00+00:00,short,3,-1.0414137216828463,2,SL,fx_cross
EURUSD,2024-09-26 13:00:00+00:00,short,4,2.459387289234764,17,TP,fx_major
CADCHF,2024-09-27 05:00:00+00:00,long,2,-1.0668124714828864,0,SAME_BAR_SL,fx_cross
GBPAUD,2024-09-27 09:00:00+00:00,long,2,-1.0976264986498614,1,SL,fx_cross
EURCAD,2024-09-30 05:00:00+00:00,short,4,2.408491403887683,2,TP,fx_cross
GBPAUD,2024-09-30 09:00:00+00:00,long,2,-1.0459599320882855,6,SL,fx_cross
SI,2024-09-30 10:00:00+00:00,long,1,2.4937395638629285,12,TP,metals
AUDJPY,2024-10-03 01:00:00+00:00,short,3,2.4796550753768845,18,TP,fx_cross
EURGBP,2024-10-03 05:00:00+00:00,short,4,-1.1247876595744613,0,SAME_BAR_SL,fx_cross
USDCAD,2024-10-03 17:00:00+00:00,short,3,-1.0606374440894553,4,SL,fx_major
USDJPY,2024-10-04 09:00:00+00:00,short,4,-1.0348399325463733,0,SAME_BAR_SL,fx_major
NQ,2024-10-04 10:00:00+00:00,short,4,2.482330197682345,1,TP,indices
NQ,2024-10-06 22:00:00+00:00,short,4,2.482330197682345,5,TP,indices
CL,2024-10-07 06:00:00+00:00,short,4,-1.0048669617706236,2,SL,commodities
AUDCHF,2024-10-08 01:00:00+00:00,long,1,2.4752143827160493,49,TP,fx_cross
SI,2024-10-08 14:00:00+00:00,long,2,2.4968145454545456,47,TP,metals
NQ,2024-10-09 14:00:00+00:00,short,3,-1.011740422092501,17,SL,indices
GBPUSD,2024-10-10 09:00:00+00:00,long,1,-1.0645869964664336,0,SAME_BAR_SL,fx_major
EURNZD,2024-10-11 17:00:00+00:00,long,2,2.4018617825661015,3,TP,fx_cross
GBPNZD,2024-10-13 21:00:00+00:00,short,3,-1.0885279056047197,3,SL,fx_cross
NG,2024-10-14 18:00:00+00:00,long,1,-1.0047789221556886,3,SL,commodities
GBPCAD,2024-10-15 09:00:00+00:00,short,4,2.4555203514938504,5,TP,fx_cross
EURAUD,2024-10-18 01:00:00+00:00,long,1,2.449371108622622,9,TP,fx_cross
CADJPY,2024-10-23 01:00:00+00:00,short,4,-1.010463227998641,97,SL,fx_cross
GBPNZD,2024-10-23 05:00:00+00:00,short,3,-1.0547517673784648,1,SL,fx_cross
EURJPY,2024-10-23 09:00:00+00:00,short,4,2.4892489913813183,149,TP,fx_cross
USDCAD,2024-10-24 13:00:00+00:00,short,3,-1.0194521442885773,77,SL,fx_major
GBPAUD,2024-10-24 13:00:00+00:00,short,3,-1.0630216129032288,3,SL,fx_cross
CL,2024-10-24 14:00:00+00:00,long,2,-1.00706523659306,8,SL,commodities
AUDCHF,2024-10-25 01:00:00+00:00,long,1,-1.0247856172839505,9,SL,fx_cross
GBPJPY,2024-10-27 21:00:00+00:00,short,3,-1.0239831233822267,11,SL,fx_cross
EURAUD,2024-10-28 13:00:00+00:00,short,3,-1.0552154621848713,3,SL,fx_cross
EURCHF,2024-10-28 13:00:00+00:00,long,2,2.412754608985023,11,TP,fx_cross
EURCAD,2024-10-29 13:00:00+00:00,short,4,-1.132188176100612,0,SAME_BAR_SL,fx_cross
EURCAD,2024-10-30 05:00:00+00:00,short,3,-1.04669581395349,2,SL,fx_cross
EURGBP,2024-10-30 13:00:00+00:00,long,1,2.4040579423868373,1,TP,fx_cross
EURUSD,2024-10-31 09:00:00+00:00,short,4,-1.0617390070921968,12,SL,fx_major
GBPUSD,2024-11-01 13:00:00+00:00,short,3,-1.0630797222222224,12,SL,fx_major
CL,2024-11-01 18:00:00+00:00,long,1,2.4959400365630713,23,TP,commodities
AUDJPY,2024-11-05 10:00:00+00:00,short,3,-1.0519552117863713,5,SL,fx_cross
NKD,2024-11-05 15:00:00+00:00,short,4,-1.0205403278688525,2,SL,indices
EURCAD,2024-11-05 18:00:00+00:00,short,4,2.44754297029703,2,TP,fx_cross
DAX,2024-11-06 00:00:00+00:00,short,4,2.4777941637010676,1,TP,indices
CADCHF,2024-11-06 06:00:00+00:00,short,3,-1.0912567875647674,1,SL,fx_cross
NQ,2024-11-06 07:00:00+00:00,short,4,-1.0250817029328287,1,SL,indices
SI,2024-11-08 15:00:00+00:00,long,1,-1.00471661971831,5,SL,metals
CL,2024-11-11 07:00:00+00:00,long,1,-1.0040599634369287,2,SL,commodities
DAX,2024-11-12 04:00:00+00:00,long,2,-1.0160252849740932,2,SL,indices
CL,2024-11-13 11:00:00+00:00,long,1,-1.0097628828828829,0,SAME_BAR_SL,commodities
PL,2024-11-13 11:00:00+00:00,long,2,2.494242438095238,22,TP,metals
GBPJPY,2024-11-13 22:00:00+00:00,short,4,-1.0771388300835696,4,SL,fx_cross
CADCHF,2024-11-14 06:00:00+00:00,short,4,-1.0920387564766845,1,SL,fx_cross
AUDCAD,2024-11-14 18:00:00+00:00,long,2,2.438931022864018,7,TP,fx_cross
GBPUSD,2024-11-14 18:00:00+00:00,long,2,-1.0488229752066083,5,SL,fx_major
EURCHF,2024-11-15 14:00:00+00:00,long,1,-1.0781446199701938,1,SL,fx_cross
CADJPY,2024-11-19 22:00:00+00:00,short,4,-1.0284344739249773,2,SL,fx_cross
NZDJPY,2024-11-19 22:00:00+00:00,short,3,-1.0624430694275253,2,SL,fx_cross
CHFJPY,2024-11-20 06:00:00+00:00,short,3,-1.1435477551020334,0,SAME_BAR_SL,fx_cross
EURCHF,2024-11-20 14:00:00+00:00,long,2,-1.09226346289753,0,SAME_BAR_SL,fx_cross
EURNZD,2024-11-21 18:00:00+00:00,long,1,-1.0506669635627537,3,SL,fx_cross
NG,2024-11-21 19:00:00+00:00,short,3,-1.0034190536277603,1,SL,commodities
EURGBP,2024-11-22 06:00:00+00:00,long,1,-1.0476011475409837,0,SAME_BAR_SL,fx_cross
AUDJPY,2024-11-24 22:00:00+00:00,short,3,2.4323605741626806,1,TP,fx_cross
CL,2024-11-25 15:00:00+00:00,long,2,-1.00814,6,SL,commodities
USDCAD,2024-11-25 22:00:00+00:00,short,3,-1.0742522033898223,0,SAME_BAR_SL,fx_major
USDJPY,2024-11-27 06:00:00+00:00,long,2,-1.0400360414703118,2,SL,fx_major
SI,2024-11-27 15:00:00+00:00,long,1,-1.0086569911504426,2,SL,metals
GBPCHF,2024-11-28 22:00:00+00:00,short,4,-1.0750734928229693,7,SL,fx_cross
SI,2024-12-01 23:00:00+00:00,long,1,-1.0169710344827587,0,SAME_BAR_SL,metals
NKD,2024-12-02 23:00:00+00:00,short,3,-1.025619793814433,0,SAME_BAR_SL,indices
AUDCAD,2024-12-03 06:00:00+00:00,short,3,2.4466488702928872,5,TP,fx_cross
EURCHF,2024-12-03 14:00:00+00:00,short,3,2.4353276426799004,17,TP,fx_cross
NZDCHF,2024-12-04 10:00:00+00:00,long,2,-1.04945965870307,8,SL,fx_cross
CL,2024-12-04 15:00:00+00:00,long,1,-1.0132215568862275,0,SAME_BAR_SL,commodities
GBPNZD,2024-12-06 06:00:00+00:00,short,4,-1.0455977279521684,1,SL,fx_cross
CL,2024-12-06 11:00:00+00:00,long,1,2.4949407025761126,19,TP,commodities
NG,2024-12-08 23:00:00+00:00,short,3,-1.0023051203501094,19,SL,commodities
EURCHF,2024-12-09 06:00:00+00:00,short,4,-1.0805221052631617,18,SL,fx_cross
SI,2024-12-09 11:00:00+00:00,short,4,-1.01385536423841,0,SAME_BAR_SL,metals
NZDJPY,2024-12-09 14:00:00+00:00,short,3,-1.0601613559322058,0,SAME_BAR_SL,fx_cross
USDJPY,2024-12-09 22:00:00+00:00,short,4,2.3636174919614303,1,TP,fx_major
USDJPY,2024-12-11 06:00:00+00:00,short,4,-1.0526241183723812,1,SL,fx_major
ES,2024-12-11 15:00:00+00:00,short,3,-1.0215434254143647,20,SL,indices
USDCAD,2024-12-11 18:00:00+00:00,short,3,-1.0517875718015697,6,SL,fx_major
GBPCHF,2024-12-12 06:00:00+00:00,short,4,-1.0980208049535651,0,SAME_BAR_SL,fx_cross
USDCHF,2024-12-12 06:00:00+00:00,short,3,-1.0846830664395193,0,SAME_BAR_SL,fx_major
AUDUSD,2024-12-12 14:00:00+00:00,long,1,-1.044767678795484,11,SL,fx_major
CL,2024-12-13 07:00:00+00:00,short,4,-1.0095540928270044,2,SL,commodities
NZDJPY,2024-12-13 10:00:00+00:00,short,3,-1.050271643002026,3,SL,fx_cross
CL,2024-12-16 23:00:00+00:00,long,2,-1.004343829787234,4,SL,commodities
GBPNZD,2024-12-17 06:00:00+00:00,short,3,-1.0312090508731953,5,SL,fx_cross
SI,2024-12-17 07:00:00+00:00,long,2,-1.0080039024390244,9,SL,metals
NG,2024-12-17 15:00:00+00:00,short,3,-1.0047646082949309,0,SAME_BAR_SL,commodities
NZDCHF,2024-12-18 02:00:00+00:00,long,1,-1.0657537614678878,3,SL,fx_cross
EURCHF,2024-12-18 18:00:00+00:00,long,1,-1.0810023529411747,0,SAME_BAR_SL,fx_cross
NQ,2024-12-18 19:00:00+00:00,long,2,-1.0135478243709917,0,SAME_BAR_SL,indices
YM,2024-12-18 19:00:00+00:00,long,2,-1.0174827603513175,0,SAME_BAR_SL,indices
AUDJPY,2024-12-18 22:00:00+00:00,long,1,2.463972206572771,1,TP,fx_cross
GBPJPY,2024-12-18 22:00:00+00:00,short,4,-1.0218750421179303,2,SL,fx_cross
NZDUSD,2024-12-23 10:00:00+00:00,long,2,-1.0228578871201166,30,SL,fx_major
CL,2024-12-23 15:00:00+00:00,long,2,2.47947214953271,1,TP,commodities
EURUSD,2024-12-27 14:00:00+00:00,long,2,-1.0881348640483286,5,SL,fx_major
EURCHF,2024-12-27 18:00:00+00:00,short,3,-1.0955709618874752,4,SL,fx_cross
EURJPY,2024-12-30 06:00:00+00:00,short,3,2.374573695652172,1,TP,fx_cross
GBPNZD,2024-12-31 10:00:00+00:00,short,3,2.4630226343768467,6,TP,fx_cross
NZDCHF,2025-01-02 02:00:00+00:00,long,2,2.4559472445820414,11,TP,fx_cross
EURCHF,2025-01-02 10:00:00+00:00,long,2,-1.2174821576763264,1,SL,fx_cross
GBPJPY,2025-01-02 10:00:00+00:00,long,2,-1.0156692585170342,29,SL,fx_cross
NZDCAD,2025-01-02 14:00:00+00:00,long,1,-1.1036976146789064,0,SAME_BAR_SL,fx_cross
NZDCAD,2025-01-03 14:00:00+00:00,short,3,-1.062820194174756,0,SAME_BAR_SL,fx_cross
NZDCAD,2025-01-05 22:00:00+00:00,short,3,2.469895274652548,20,TP,fx_cross
NZDUSD,2025-01-05 22:00:00+00:00,short,4,-1.0755704556354955,2,SL,fx_major
DAX,2025-01-06 08:00:00+00:00,short,3,-1.03689,1,SL,indices
NZDUSD,2025-01-06 10:00:00+00:00,short,3,-1.0517176470588263,0,SAME_BAR_SL,fx_major
EURUSD,2025-01-06 10:00:00+00:00,short,4,2.466200579038797,11,TP,fx_major
USDCHF,2025-01-06 10:00:00+00:00,long,2,-1.080209367088612,0,SAME_BAR_SL,fx_major
NZDJPY,2025-01-06 10:00:00+00:00,short,3,-1.0491818897637786,4,SL,fx_cross
HG,2025-01-06 11:00:00+00:00,short,3,-1.016025212121212,0,SAME_BAR_SL,metals
PL,2025-01-06 11:00:00+00:00,short,4,2.4866365217391304,1,TP,metals
NZDCHF,2025-01-06 14:00:00+00:00,long,2,2.4476738461538443,4,TP,fx_cross
USDJPY,2025-01-06 14:00:00+00:00,short,3,-1.0484396926454445,2,SL,fx_major
EURCHF,2025-01-06 14:00:00+00:00,short,3,-1.0471965591397838,5,SL,fx_cross
PA,2025-01-06 15:00:00+00:00,long,2,2.490526451612903,10,TP,metals
CADJPY,2025-01-06 22:00:00+00:00,short,4,-1.065941196581198,1,SL,fx_cross
GBPCHF,2025-01-07 06:00:00+00:00,short,3,-1.0436115384615374,1,SL,fx_cross
EURUSD,2025-01-08 10:00:00+00:00,long,1,-1.0633328070175423,0,SAME_BAR_SL,fx_major
EURCHF,2025-01-10 06:00:00+00:00,short,4,2.4307998948751615,6,TP,fx_cross
EURJPY,2025-01-10 10:00:00+00:00,short,3,2.455228605108054,1,TP,fx_cross
YM,2025-01-10 15:00:00+00:00,long,2,2.491741568627451,17,TP,indices
GBPJPY,2025-01-13 02:00:00+00:00,long,2,-1.0341507142857147,1,SL,fx_cross
NZDJPY,2025-01-13 22:00:00+00:00,short,3,-1.0682382369146006,2,SL,fx_cross
USDCHF,2025-01-14 10:00:00+00:00,short,4,-1.1042533333333373,0,SAME_BAR_SL,fx_major
EURJPY,2025-01-14 14:00:00+00:00,short,3,2.468987138964577,8,TP,fx_cross
RTY,2025-01-15 11:00:00+00:00,short,3,-1.0266388235294093,0,SAME_BAR_SL,indices
NZDCHF,2025-01-16 18:00:00+00:00,long,2,-1.0576800000000044,2,SL,fx_cross
ES,2025-01-17 11:00:00+00:00,short,3,-1.0213118232044198,1,SL,indices
NZDJPY,2025-01-20 10:00:00+00:00,short,4,-1.0368074251497001,0,SAME_BAR_SL,fx_cross
EURCHF,2025-01-20 10:00:00+00:00,short,3,-1.0702758988015988,0,SAME_BAR_SL,fx_cross
NZDCHF,2025-01-20 22:00:00+00:00,long,1,2.4216367213114753,5,TP,fx_cross
EURCAD,2025-01-20 22:00:00+00:00,short,3,-1.1101213140604516,0,SAME_BAR_SL,fx_cross
NZDJPY,2025-01-21 14:00:00+00:00,short,3,-1.0358546511627897,5,SL,fx_cross
SI,2025-01-24 11:00:00+00:00,short,3,2.491467118644068,3,TP,metals
EURJPY,2025-01-27 02:00:00+00:00,short,3,2.477897059961316,19,TP,fx_cross
GBPJPY,2025-01-27 06:00:00+00:00,long,1,-1.0200828518380989,19,SL,fx_cross
NQ,2025-01-27 07:00:00+00:00,long,2,2.4940165271593946,18,TP,indices
EURGBP,2025-01-27 10:00:00+00:00,long,2,-1.059844478371498,4,SL,fx_cross
GBPAUD,2025-01-30 02:00:00+00:00,short,4,2.436366700738215,9,TP,fx_cross
CADCHF,2025-01-30 10:00:00+00:00,short,4,2.4669116697936215,9,TP,fx_cross
CHFJPY,2025-01-30 10:00:00+00:00,long,2,-1.0407280136986279,3,SL,fx_cross
EURCAD,2025-01-30 18:00:00+00:00,short,4,2.44754297029703,2,TP,fx_cross
AUDUSD,2025-01-30 18:00:00+00:00,long,2,-1.0352357446808518,7,SL,fx_major
CHFJPY,2025-01-31 06:00:00+00:00,long,2,-1.0298497928436918,4,SL,fx_cross
USDCHF,2025-01-31 14:00:00+00:00,long,1,2.4460319320594452,2,TP,fx_major
AUDJPY,2025-01-31 18:00:00+00:00,long,1,-1.0374352810548222,1,SL,fx_cross
GBPNZD,2025-02-02 22:00:00+00:00,short,3,-1.037458681185722,1,SL,fx_cross
NZDCHF,2025-02-03 02:00:00+00:00,long,2,2.4660570334928256,4,TP,fx_cross
SI,2025-02-03 11:00:00+00:00,short,3,-1.0066015189873416,6,SL,metals
USDCHF,2025-02-03 14:00:00+00:00,short,3,2.4793625785656728,53,TP,fx_major
SI,2025-02-04 15:00:00+00:00,short,3,-1.0051885714285713,45,SL,metals
NQ,2025-02-05 19:00:00+00:00,short,3,-1.0064792366767512,35,SL,indices
CADJPY,2025-02-05 22:00:00+00:00,long,2,-1.0099271366521885,80,SL,fx_cross
GBPNZD,2025-02-06 02:00:00+00:00,short,4,2.428123543123538,2,TP,fx_cross
CL,2025-02-06 15:00:00+00:00,long,2,2.4916858823529413,12,TP,commodities
RTY,2025-02-06 19:00:00+00:00,long,1,-1.0129040559440554,5,SL,indices
CADCHF,2025-02-07 02:00:00+00:00,short,3,-1.0230061518494489,3,SL,fx_cross
NZDCHF,2025-02-10 02:00:00+00:00,short,3,-1.0701498783455017,1,SL,fx_cross
GBPCHF,2025-02-11 14:00:00+00:00,short,4,-1.0689602605863164,1,SL,fx_cross
EURUSD,2025-02-11 18:00:00+00:00,short,3,-1.022648743169399,5,SL,fx_major
CADCHF,2025-02-12 10:00:00+00:00,short,3,-1.0673254990583843,2,SL,fx_cross
RTY,2025-02-12 11:00:00+00:00,long,1,-1.012793736654804,0,SAME_BAR_SL,indices
GBPCHF,2025-02-12 14:00:00+00:00,short,3,-1.1114164623467666,0,SAME_BAR_SL,fx_cross
GBPUSD,2025-02-12 14:00:00+00:00,short,3,-1.0641068629254795,0,SAME_BAR_SL,fx_major
HG,2025-02-12 15:00:00+00:00,short,4,-1.011698196078431,0,SAME_BAR_SL,metals
EURGBP,2025-02-13 06:00:00+00:00,long,1,-1.061000522193208,2,SL,fx_cross
NZDJPY,2025-02-13 10:00:00+00:00,long,2,-1.044672633517495,1,SL,fx_cross
NG,2025-02-13 11:00:00+00:00,short,4,-1.0028231279620854,19,SL,commodities
EURUSD,2025-02-14 10:00:00+00:00,short,4,-1.1668386363636378,0,SAME_BAR_SL,fx_major
RTY,2025-02-14 15:00:00+00:00,long,1,-1.0220925301204815,0,SAME_BAR_SL,indices
RTY,2025-02-18 19:00:00+00:00,long,1,-1.0279682442748084,0,SAME_BAR_SL,indices
EURGBP,2025-02-18 22:00:00+00:00,long,1,-1.078450219966152,38,SL,fx_cross
NZDJPY,2025-02-18 22:00:00+00:00,long,1,2.439320201005029,1,TP,fx_cross
GBPNZD,2025-02-19 06:00:00+00:00,short,3,-1.016177810371923,32,SL,fx_cross
NZDJPY,2025-02-21 14:00:00+00:00,long,1,-1.020853955094991,1,SL,fx_cross
GBPJPY,2025-02-21 18:00:00+00:00,long,2,2.4777461486486483,34,TP,fx_cross
PA,2025-02-24 07:00:00+00:00,long,2,-1.0080353246753246,1,SL,metals
GBPCHF,2025-02-24 10:00:00+00:00,short,3,2.4514406102212027,7,TP,fx_cross
AUDUSD,2025-02-24 14:00:00+00:00,long,2,-1.029471681855841,9,SL,fx_major
PA,2025-02-24 15:00:00+00:00,long,2,-1.0069609195402298,3,SL,metals
USDCHF,2025-02-25 14:00:00+00:00,long,2,2.4357506306306256,5,TP,fx_major
CL,2025-02-26 15:00:00+00:00,long,2,-1.0205278504672899,0,SAME_BAR_SL,commodities
GBPCHF,2025-02-27 06:00:00+00:00,short,3,-1.0485593897787975,13,SL,fx_cross
EURCHF,2025-02-27 14:00:00+00:00,long,2,2.4554209523809516,11,TP,fx_cross
NZDCHF,2025-02-27 22:00:00+00:00,long,2,-1.069773793103449,0,SAME_BAR_SL,fx_cross
CL,2025-02-28 07:00:00+00:00,long,1,-1.009818502202643,8,SL,commodities
EURJPY,2025-03-03 10:00:00+00:00,short,3,-1.024596586726158,0,SAME_BAR_SL,fx_cross
DAX,2025-03-03 12:00:00+00:00,short,3,-1.0174187173396674,0,SAME_BAR_SL,indices
USDCHF,2025-03-04 06:00:00+00:00,long,2,-1.0642493693693744,1,SL,fx_major
GBPUSD,2025-03-07 06:00:00+00:00,short,3,-1.0209613653456753,112,SL,fx_major
AUDCHF,2025-03-07 10:00:00+00:00,long,2,-1.0275424511545292,9,SL,fx_cross
AUDJPY,2025-03-07 14:00:00+00:00,long,2,2.4833253058596263,34,TP,fx_cross
NZDCHF,2025-03-07 14:00:00+00:00,long,2,-1.0331578250591011,9,SL,fx_cross
GBPJPY,2025-03-11 21:00:00+00:00,short,3,-1.0250466075594957,3,SL,fx_cross
DAX,2025-03-12 12:00:00+00:00,long,2,2.4950767803547067,23,TP,indices
NZDCAD,2025-03-12 13:00:00+00:00,short,4,-1.0327934566145098,11,SL,fx_cross
NZDCHF,2025-03-13 17:00:00+00:00,long,2,2.4493058992805756,4,TP,fx_cross
GBPJPY,2025-03-16 21:00:00+00:00,short,3,-1.055640165289255,2,SL,fx_cross
AUDJPY,2025-03-17 13:00:00+00:00,short,4,-1.0288051711026607,1,SL,fx_cross
DAX,2025-03-19 08:00:00+00:00,short,4,2.483793492407809,6,TP,indices
USDJPY,2025-03-21 05:00:00+00:00,short,3,-1.0263955611601512,8,SL,fx_major
DAX,2025-03-24 04:00:00+00:00,short,4,-1.0353008530805687,1,SL,indices
GBPNZD,2025-03-25 13:00:00+00:00,short,4,-1.0594153151458092,3,SL,fx_cross
CADCHF,2025-03-25 13:00:00+00:00,long,1,-1.0346648995983936,21,SL,fx_cross
USDJPY,2025-03-26 05:00:00+00:00,short,4,-1.0751368270944694,7,SL,fx_major
AUDJPY,2025-03-26 05:00:00+00:00,short,3,2.468347174301011,16,TP,fx_cross
GBPCAD,2025-03-26 05:00:00+00:00,long,2,2.4616706478034254,8,TP,fx_cross
EURCHF,2025-03-26 17:00:00+00:00,long,2,2.451822784810129,29,TP,fx_cross
YM,2025-03-27 14:00:00+00:00,short,3,2.4560923076923076,1,TP,indices
HG,2025-03-31 06:00:00+00:00,long,2,-1.0150295813953485,1,SL,metals
AUDUSD,2025-03-31 13:00:00+00:00,long,1,2.477011944627555,13,TP,fx_major
AUDCAD,2025-04-01 13:00:00+00:00,long,1,2.4141288737201396,4,TP,fx_cross
AUDCAD,2025-04-02 17:00:00+00:00,long,2,-1.0888955477031768,0,SAME_BAR_SL,fx_cross
GBPCAD,2025-04-02 21:00:00+00:00,long,2,2.4134472240802625,1,TP,fx_cross
USDCHF,2025-04-02 21:00:00+00:00,long,2,-1.0666445590230715,1,SL,fx_major
PL,2025-04-02 22:00:00+00:00,long,2,-1.012249846153846,0,SAME_BAR_SL,metals
CL,2025-04-02 22:00:00+00:00,long,2,-1.006902857142857,2,SL,commodities
EURUSD,2025-04-03 05:00:00+00:00,short,3,-1.0522166552901007,0,SAME_BAR_SL,fx_major
GBPCHF,2025-04-03 09:00:00+00:00,long,2,-1.0357491891891875,1,SL,fx_cross
PL,2025-04-03 10:00:00+00:00,long,2,-1.0227839999999992,0,SAME_BAR_SL,metals
USDCAD,2025-04-03 13:00:00+00:00,long,1,2.400705353535358,1,TP,fx_major
AUDUSD,2025-04-04 05:00:00+00:00,long,1,-1.022988055372445,1,SL,fx_major
EURCHF,2025-04-04 09:00:00+00:00,long,2,-1.0282371198280498,3,SL,fx_cross
NG,2025-04-08 14:00:00+00:00,long,2,-1.0053102304147465,0,SAME_BAR_SL,commodities
CADJPY,2025-04-09 17:00:00+00:00,short,3,2.4840908952794356,8,TP,fx_cross
GBPNZD,2025-04-09 17:00:00+00:00,long,1,2.424171777378806,1,TP,fx_cross
EURCHF,2025-04-10 13:00:00+00:00,long,2,-1.0400996296296294,1,SL,fx_cross
CHFJPY,2025-04-10 17:00:00+00:00,short,3,-1.0533939869281042,0,SAME_BAR_SL,fx_cross
NZDUSD,2025-04-11 01:00:00+00:00,short,4,-1.0717270796460199,1,SL,fx_major
EURAUD,2025-04-11 05:00:00+00:00,short,4,2.48697196794301,12,TP,fx_cross
GBPUSD,2025-04-11 05:00:00+00:00,short,4,-1.0826792333709139,0,SAME_BAR_SL,fx_major
GBPUSD,2025-04-14 05:00:00+00:00,short,3,-1.0288129526789205,6,SL,fx_major
AUDUSD,2025-04-14 05:00:00+00:00,short,4,-1.0801104072398253,0,SAME_BAR_SL,fx_major
NZDJPY,2025-04-15 01:00:00+00:00,short,4,-1.0393991007493766,0,SAME_BAR_SL,fx_cross
EURGBP,2025-04-15 13:00:00+00:00,long,2,-1.0258885791464079,52,SL,fx_cross
USDCAD,2025-04-16 17:00:00+00:00,long,2,2.288544305177141,2,TP,fx_major
RTY,2025-04-16 18:00:00+00:00,short,4,-1.0042859842519685,19,SL,indices
CHFJPY,2025-04-21 05:00:00+00:00,short,4,-1.0427167804024506,1,SL,fx_cross
EURCHF,2025-04-21 09:00:00+00:00,long,2,2.4773263414634146,23,TP,fx_cross
CL,2025-04-21 22:00:00+00:00,short,4,-1.0132378947368421,2,SL,commodities
NZDJPY,2025-04-22 21:00:00+00:00,short,3,-1.0211373820124663,4,SL,fx_cross
USDJPY,2025-04-23 05:00:00+00:00,long,1,2.472386462395544,3,TP,fx_major
NZDJPY,2025-04-25 01:00:00+00:00,short,3,-1.009184064293915,67,SL,fx_cross
EURCHF,2025-04-30 13:00:00+00:00,long,1,-1.0486991821561344,0,SAME_BAR_SL,fx_cross
AUDJPY,2025-05-01 05:00:00+00:00,short,4,-1.0292639637599081,2,SL,fx_cross
DAX,2025-05-05 12:00:00+00:00,short,3,-1.0169596371882086,0,SAME_BAR_SL,indices
GBPUSD,2025-05-05 13:00:00+00:00,long,1,-1.069141541318472,0,SAME_BAR_SL,fx_major
EURCHF,2025-05-05 13:00:00+00:00,long,2,-1.0797052439024348,0,SAME_BAR_SL,fx_cross
GBPJPY,2025-05-05 17:00:00+00:00,long,1,2.479948305847076,27,TP,fx_cross
EURJPY,2025-05-06 09:00:00+00:00,long,2,-1.0734270550161817,0,SAME_BAR_SL,fx_cross
CHFJPY,2025-05-06 09:00:00+00:00,long,2,-1.1233738422391943,0,SAME_BAR_SL,fx_cross
AUDJPY,2025-05-06 21:00:00+00:00,short,4,-1.0478660773480657,0,SAME_BAR_SL,fx_cross
CHFJPY,2025-05-07 13:00:00+00:00,short,3,-1.0447323696248871,4,SL,fx_cross
GBPUSD,2025-05-07 17:00:00+00:00,long,1,-1.0475921378430093,3,SL,fx_major
EURCHF,2025-05-11 21:00:00+00:00,short,4,-1.0404517901234551,2,SL,fx_cross
USDJPY,2025-05-14 05:00:00+00:00,long,2,-1.0119136903376018,24,SL,fx_major
CADCHF,2025-05-14 09:00:00+00:00,long,2,-1.0482195402298862,7,SL,fx_cross
AUDCHF,2025-05-15 09:00:00+00:00,long,1,-1.0153258949515553,19,SL,fx_cross
AUDJPY,2025-05-15 21:00:00+00:00,long,1,-1.0238568729940396,24,SL,fx_cross
EURCAD,2025-05-16 13:00:00+00:00,long,1,2.435098246656762,4,TP,fx_cross
PA,2025-05-20 10:00:00+00:00,short,3,-1.0136476595744681,1,SL,metals
EURCHF,2025-05-20 17:00:00+00:00,long,2,-1.0684048041775496,1,SL,fx_cross
EURUSD,2025-05-21 05:00:00+00:00,short,4,-1.0326980020597334,16,SL,fx_major
NZDCHF,2025-05-22 09:00:00+00:00,long,2,2.478990745580323,27,TP,fx_cross
EURCHF,2025-05-23 09:00:00+00:00,long,1,-1.0824010062893092,0,SAME_BAR_SL,fx_cross
PL,2025-05-25 22:00:00+00:00,short,3,2.4913355061728395,9,TP,metals
RTY,2025-05-27 14:00:00+00:00,short,4,-1.021429743589743,5,SL,indices
ES,2025-05-27 14:00:00+00:00,short,4,-1.0089369539551358,8,SL,indices
YM,2025-05-27 18:00:00+00:00,short,4,-1.0243653859964093,7,SL,indices
CADCHF,2025-05-28 05:00:00+00:00,long,2,-1.0389053658536604,8,SL,fx_cross
NKD,2025-05-28 22:00:00+00:00,short,3,-1.0340711111111112,0,SAME_BAR_SL,indices
USDCHF,2025-05-29 09:00:00+00:00,long,1,-1.0235268154158215,1,SL,fx_major
EURCHF,2025-05-29 09:00:00+00:00,long,2,-1.1605138650306728,0,SAME_BAR_SL,fx_cross
AUDCHF,2025-05-29 13:00:00+00:00,long,2,-1.0253323809523816,2,SL,fx_cross
AUDJPY,2025-05-29 13:00:00+00:00,long,1,-1.0659391150442432,0,SAME_BAR_SL,fx_cross
NZDCHF,2025-06-02 09:00:00+00:00,long,2,-1.0246916845878136,51,SL,fx_cross
EURCHF,2025-06-04 13:00:00+00:00,long,1,2.4440418803418806,30,TP,fx_cross
YM,2025-06-05 14:00:00+00:00,short,4,-1.0100889086859688,5,SL,indices
RTY,2025-06-05 14:00:00+00:00,short,4,-1.0079779572446554,5,SL,indices
CADCHF,2025-06-05 17:00:00+00:00,short,3,-1.0441649408672793,4,SL,fx_cross
EURCAD,2025-06-06 09:00:00+00:00,long,2,-1.0938833082706751,0,SAME_BAR_SL,fx_cross
EURAUD,2025-06-06 09:00:00+00:00,long,2,-1.0828592242833084,5,SL,fx_cross
EURJPY,2025-06-10 09:00:00+00:00,short,3,-1.0477463636363629,1,SL,fx_cross
AUDUSD,2025-06-10 09:00:00+00:00,short,4,-1.043315534441807,6,SL,fx_major
RTY,2025-06-11 10:00:00+00:00,short,3,2.4800590909090903,1,TP,indices
AUDUSD,2025-06-11 21:00:00+00:00,short,4,2.4805310256410253,45,TP,fx_major
AUDCHF,2025-06-11 21:00:00+00:00,long,2,-1.0454308536585342,1,SL,fx_cross
CADCHF,2025-06-12 17:00:00+00:00,long,2,-1.0353332769556032,1,SL,fx_cross
EURNZD,2025-06-12 21:00:00+00:00,short,3,2.462206886858749,14,TP,fx_cross
EURJPY,2025-06-13 05:00:00+00:00,short,4,-1.0182474557609122,6,SL,fx_cross
NKD,2025-06-16 06:00:00+00:00,short,4,-1.030048780487805,1,SL,indices
USDCAD,2025-06-17 17:00:00+00:00,short,3,-1.1467543295019031,0,SAME_BAR_SL,fx_major
CADCHF,2025-06-18 09:00:00+00:00,short,4,2.464754742376446,19,TP,fx_cross
CL,2025-06-23 22:00:00+00:00,long,2,-1.008975172413793,0,SAME_BAR_SL,commodities
GBPJPY,2025-06-26 09:00:00+00:00,short,4,-1.0405357309941539,3,SL,fx_cross
YM,2025-06-27 06:00:00+00:00,short,3,-1.0103786982248522,2,SL,indices
EURCHF,2025-06-27 17:00:00+00:00,long,2,-1.0658372864321555,5,SL,fx_cross
GBPCAD,2025-06-27 17:00:00+00:00,short,3,2.4499187815326047,16,TP,fx_cross
EURCHF,2025-07-01 05:00:00+00:00,long,2,-1.0397225531914904,40,SL,fx_cross
USDCAD,2025-07-02 21:00:00+00:00,long,1,2.445544108804583,14,TP,fx_major
AUDJPY,2025-07-07 09:00:00+00:00,short,4,-1.0439163515754555,1,SL,fx_cross
HG,2025-07-08 14:00:00+00:00,short,4,-1.0060142702702703,0,SAME_BAR_SL,metals
USDJPY,2025-07-10 01:00:00+00:00,short,4,-1.0597110204081652,3,SL,fx_major
YM,2025-07-10 14:00:00+00:00,short,3,2.47157932938856,2,TP,indices
GBPJPY,2025-07-11 01:00:00+00:00,short,3,-1.0623638073908235,0,SAME_BAR_SL,fx_cross
USDJPY,2025-07-11 13:00:00+00:00,short,3,-1.026439820627802,12,SL,fx_major
CL,2025-07-14 18:00:00+00:00,long,2,-1.011444705882353,3,SL,commodities
NZDCHF,2025-07-16 05:00:00+00:00,long,2,-1.0831852959501518,1,SL,fx_cross
EURCHF,2025-07-16 13:00:00+00:00,long,1,-1.0854041243862511,28,SL,fx_cross
GBPJPY,2025-07-17 05:00:00+00:00,short,4,-1.0804549494949514,1,SL,fx_cross
USDCAD,2025-07-17 09:00:00+00:00,short,3,2.446342101600555,13,TP,fx_major
CL,2025-07-17 22:00:00+00:00,long,1,-1.0081612213740458,0,SAME_BAR_SL,commodities
EURJPY,2025-07-18 05:00:00+00:00,short,3,2.4442270967741897,13,TP,fx_cross
RTY,2025-07-21 14:00:00+00:00,short,4,-1.0103462108262107,10,SL,indices
GBPJPY,2025-07-22 13:00:00+00:00,long,1,2.4172306586826355,1,TP,fx_cross
GBPJPY,2025-07-23 01:00:00+00:00,short,3,2.4533397485331068,36,TP,fx_cross
CL,2025-07-24 14:00:00+00:00,long,1,-1.040295384615386,0,SAME_BAR_SL,commodities
EURCHF,2025-07-25 09:00:00+00:00,long,1,-1.0691777777777798,5,SL,fx_cross
USDCAD,2025-07-25 13:00:00+00:00,short,3,-1.106414736842102,4,SL,fx_major
GBPCHF,2025-07-28 09:00:00+00:00,short,3,-1.0690272330654367,0,SAME_BAR_SL,fx_cross
USDCAD,2025-07-29 09:00:00+00:00,short,3,-1.053657898399445,6,SL,fx_major
CADCHF,2025-07-30 09:00:00+00:00,short,3,-1.0885630188679274,1,SL,fx_cross
EURCHF,2025-07-30 17:00:00+00:00,long,2,-1.1821253146853092,0,SAME_BAR_SL,fx_cross
SI,2025-07-30 18:00:00+00:00,long,1,-1.0195517355371895,0,SAME_BAR_SL,metals
HG,2025-07-30 18:00:00+00:00,long,2,-1.0056971327433628,0,SAME_BAR_SL,metals
AUDCAD,2025-08-01 13:00:00+00:00,long,1,-1.0652056396866803,1,SL,fx_cross
NZDCHF,2025-08-04 17:00:00+00:00,long,1,-1.0455855290102374,5,SL,fx_cross
USDCAD,2025-08-06 09:00:00+00:00,long,1,-1.105160655737705,5,SL,fx_major
NG,2025-08-06 10:00:00+00:00,short,3,-1.0095905882352942,1,SL,commodities
NKD,2025-08-06 22:00:00+00:00,short,3,-1.0130265346534653,3,SL,indices
GBPAUD,2025-08-07 05:00:00+00:00,long,2,-1.1265847240617874,0,SAME_BAR_SL,fx_cross
EURCHF,2025-08-08 05:00:00+00:00,short,3,-1.1107152941176448,6,SL,fx_cross
ES,2025-08-08 14:00:00+00:00,short,3,-1.0226598895027625,6,SL,indices
NG,2025-08-08 14:00:00+00:00,long,2,-1.00848,2,SL,commodities
EURNZD,2025-08-11 01:00:00+00:00,short,4,-1.0775418079096024,9,SL,fx_cross
NG,2025-08-12 10:00:00+00:00,long,1,-1.004628910891089,0,SAME_BAR_SL,commodities
EURCHF,2025-08-12 13:00:00+00:00,short,3,-1.0856927272727281,19,SL,fx_cross
ES,2025-08-12 14:00:00+00:00,short,3,-1.021610052356021,2,SL,indices
AUDCAD,2025-08-12 17:00:00+00:00,short,3,-1.0470237908496713,3,SL,fx_cross
SI,2025-08-13 06:00:00+00:00,short,4,-1.0284576744186023,0,SAME_BAR_SL,metals
YM,2025-08-13 14:00:00+00:00,short,3,-1.018518404118404,8,SL,indices
EURNZD,2025-08-14 05:00:00+00:00,short,3,-1.0647447169811317,1,SL,fx_cross
NG,2025-08-17 22:00:00+00:00,long,1,-1.0060357894736842,1,SL,commodities
NG,2025-08-19 10:00:00+00:00,long,2,-1.0049863736263736,0,SAME_BAR_SL,commodities
EURAUD,2025-08-19 13:00:00+00:00,short,3,-1.067485240641714,3,SL,fx_cross
GBPCAD,2025-08-20 05:00:00+00:00,short,3,2.434557301686448,30,TP,fx_cross
NG,2025-08-22 06:00:00+00:00,long,1,-1.0056947770700637,1,SL,commodities
EURCHF,2025-08-24 21:00:00+00:00,short,3,2.4197612195121994,6,TP,fx_cross
GBPJPY,2025-08-25 13:00:00+00:00,short,3,2.437548398656213,22,TP,fx_cross
EURAUD,2025-08-25 13:00:00+00:00,long,2,-1.0757917345399708,1,SL,fx_cross
EURCAD,2025-08-25 17:00:00+00:00,long,2,-1.0503928084868799,9,SL,fx_cross
GBPNZD,2025-08-26 01:00:00+00:00,short,3,2.4488719556611267,19,TP,fx_cross
EURCHF,2025-08-27 05:00:00+00:00,long,2,-1.0491308067542209,2,SL,fx_cross
NG,2025-08-27 10:00:00+00:00,short,4,-1.0069551515151514,0,SAME_BAR_SL,commodities
PA,2025-08-27 14:00:00+00:00,long,2,2.4974226217228463,12,TP,metals
GBPAUD,2025-08-29 05:00:00+00:00,long,2,-1.0595189696032954,12,SL,fx_cross
GBPUSD,2025-08-29 09:00:00+00:00,long,2,-1.0450491866028724,11,SL,fx_major
CADCHF,2025-08-29 09:00:00+00:00,short,3,-1.0804358620689665,0,SAME_BAR_SL,fx_cross
EURNZD,2025-09-01 01:00:00+00:00,short,3,-1.0501902849389404,1,SL,fx_cross
PL,2025-09-03 10:00:00+00:00,short,3,2.4961845950413224,25,TP,metals
NG,2025-09-03 10:00:00+00:00,short,3,-1.0052500534759359,0,SAME_BAR_SL,commodities
RTY,2025-09-03 10:00:00+00:00,short,4,-1.0175207407407405,8,SL,indices
USDCAD,2025-09-04 13:00:00+00:00,short,3,2.4033504239401515,4,TP,fx_major
EURJPY,2025-09-04 13:00:00+00:00,short,3,2.34752679245285,2,TP,fx_cross
EURNZD,2025-09-04 13:00:00+00:00,short,4,2.4490264536741218,10,TP,fx_cross
USDJPY,2025-09-05 09:00:00+00:00,long,1,-1.0601338775510223,1,SL,fx_major
CADJPY,2025-09-05 09:00:00+00:00,long,1,-1.0287876510067113,0,SAME_BAR_SL,fx_cross
NZDUSD,2025-09-05 09:00:00+00:00,short,4,-1.0755923112128187,1,SL,fx_major
EURJPY,2025-09-05 09:00:00+00:00,short,3,2.34752679245285,1,TP,fx_cross
USDCAD,2025-09-05 17:00:00+00:00,short,3,2.4033504239401515,4,TP,fx_major
GBPAUD,2025-09-07 21:00:00+00:00,long,2,-1.0595480165289235,2,SL,fx_cross
USDCHF,2025-09-08 05:00:00+00:00,long,2,-1.074024186046518,2,SL,fx_major
NG,2025-09-08 06:00:00+00:00,short,3,-1.0055367032967033,1,SL,commodities
EURCHF,2025-09-08 09:00:00+00:00,long,2,-1.1043265469061885,1,SL,fx_cross
GBPCAD,2025-09-09 09:00:00+00:00,short,3,-1.1133558531317571,6,SL,fx_cross
EURAUD,2025-09-09 21:00:00+00:00,long,2,-1.085680482342807,1,SL,fx_cross
NZDJPY,2025-09-10 01:00:00+00:00,short,4,-1.065685898123321,1,SL,fx_cross
EURGBP,2025-09-10 05:00:00+00:00,long,2,-1.1360595505618059,1,SL,fx_cross
USDJPY,2025-09-11 09:00:00+00:00,short,3,2.4618050092081036,17,TP,fx_major
USDCAD,2025-09-11 13:00:00+00:00,short,3,-1.0377999999999994,54,SL,fx_major
EURCHF,2025-09-15 13:00:00+00:00,long,1,-1.1148122807017513,5,SL,fx_cross
EURNZD,2025-09-17 13:00:00+00:00,short,4,-1.0534611175337207,1,SL,fx_cross
EURCAD,2025-09-18 13:00:00+00:00,long,1,-1.0508146063651602,6,SL,fx_cross
USDJPY,2025-09-18 13:00:00+00:00,short,3,-1.0381949907918964,23,SL,fx_major
AUDUSD,2025-09-19 05:00:00+00:00,long,2,-1.0781864406779762,6,SL,fx_major
EURCHF,2025-09-19 09:00:00+00:00,long,1,-1.128882758620691,3,SL,fx_cross
PL,2025-09-22 14:00:00+00:00,short,3,-1.0097000851063829,4,SL,metals
GBPCAD,2025-09-22 17:00:00+00:00,short,4,-1.0795055319148879,3,SL,fx_cross
AUDUSD,2025-09-24 05:00:00+00:00,long,1,-1.0355245297504787,2,SL,fx_major
GBPCAD,2025-09-24 13:00:00+00:00,short,3,2.435248613861383,6,TP,fx_cross
NZDUSD,2025-09-24 13:00:00+00:00,long,2,-1.043888301886794,5,SL,fx_major
EURAUD,2025-09-26 09:00:00+00:00,short,3,2.3708536082474114,4,TP,fx_cross
GBPJPY,2025-09-26 13:00:00+00:00,short,3,2.3234714465408715,3,TP,fx_cross
AUDJPY,2025-09-29 05:00:00+00:00,long,1,-1.0253735064935063,13,SL,fx_cross
AUDUSD,2025-09-30 01:00:00+00:00,short,3,-1.0603134640522907,0,SAME_BAR_SL,fx_major
AUDUSD,2025-09-30 05:00:00+00:00,short,3,2.4552325030229745,35,TP,fx_major
AUDJPY,2025-10-01 13:00:00+00:00,long,1,-1.0848823712948492,5,SL,fx_cross
AUDJPY,2025-10-05 21:00:00+00:00,short,3,-1.0747463043478271,0,SAME_BAR_SL,fx_cross
GBPJPY,2025-10-05 21:00:00+00:00,short,3,-1.0687629339853266,0,SAME_BAR_SL,fx_cross
GBPNZD,2025-10-06 09:00:00+00:00,short,3,-1.1013784326018659,3,SL,fx_cross
USDJPY,2025-10-06 21:00:00+00:00,short,3,-1.0519923057953195,3,SL,fx_major
NZDCHF,2025-10-08 01:00:00+00:00,long,2,-1.0465112230215827,0,SAME_BAR_SL,fx_cross
NZDCAD,2025-10-08 01:00:00+00:00,long,2,-1.076911126279861,0,SAME_BAR_SL,fx_cross
GBPAUD,2025-10-10 13:00:00+00:00,short,3,-1.1356338534279045,0,SAME_BAR_SL,fx_cross
EURAUD,2025-10-10 13:00:00+00:00,short,3,-1.1291463917525886,0,SAME_BAR_SL,fx_cross
ES,2025-10-10 14:00:00+00:00,long,2,-1.0128834782608696,0,SAME_BAR_SL,indices
NQ,2025-10-10 14:00:00+00:00,long,2,-1.0165360247167867,0,SAME_BAR_SL,indices
USDCHF,2025-10-13 13:00:00+00:00,short,4,2.4379917469050905,6,TP,fx_major
AUDNZD,2025-10-13 21:00:00+00:00,short,4,2.3842578584392227,1,TP,fx_cross
EURUSD,2025-10-15 05:00:00+00:00,short,3,-1.1039206379585365,4,SL,fx_major
EURCHF,2025-10-15 13:00:00+00:00,long,2,-1.0657288495575197,3,SL,fx_cross
NKD,2025-10-16 06:00:00+00:00,short,3,-1.0065837288135593,11,SL,indices
EURAUD,2025-10-17 05:00:00+00:00,short,3,2.406483093922653,1,TP,fx_cross
RTY,2025-10-21 14:00:00+00:00,short,4,-1.0331530578512387,0,SAME_BAR_SL,indices
GBPCAD,2025-10-22 05:00:00+00:00,long,2,-1.052667633434037,10,SL,fx_cross
GBPAUD,2025-10-23 13:00:00+00:00,long,2,-1.0604545991561185,6,SL,fx_cross
RTY,2025-10-23 14:00:00+00:00,short,3,-1.0108887431693987,5,SL,indices
CL,2025-10-24 10:00:00+00:00,short,3,2.49361641025641,11,TP,commodities
USDJPY,2025-10-24 13:00:00+00:00,short,3,-1.092850672451179,2,SL,fx_major
EURCHF,2025-10-28 13:00:00+00:00,long,2,-1.0855765016501688,0,SAME_BAR_SL,fx_cross
EURGBP,2025-10-30 09:00:00+00:00,short,3,2.3941527896995685,8,TP,fx_cross
USDCAD,2025-10-30 09:00:00+00:00,short,3,-1.2512641025641016,1,SL,fx_major
GBPCHF,2025-11-03 10:00:00+00:00,short,4,-1.1330866367712766,0,SAME_BAR_SL,fx_cross
AUDCAD,2025-11-05 14:00:00+00:00,short,3,2.4337338144329914,6,TP,fx_cross
USDCHF,2025-11-07 10:00:00+00:00,long,1,-1.0696901391035576,1,SL,fx_major
EURGBP,2025-11-07 14:00:00+00:00,long,2,-1.0945464875240014,1,SL,fx_cross
CADJPY,2025-11-10 02:00:00+00:00,short,4,-1.0895232653061178,0,SAME_BAR_SL,fx_cross
AUDUSD,2025-11-10 06:00:00+00:00,short,4,-1.0694134345351058,15,SL,fx_major
AUDJPY,2025-11-10 06:00:00+00:00,short,4,-1.0456454368932022,12,SL,fx_cross
DAX,2025-11-10 08:00:00+00:00,short,3,-1.0141154578754579,8,SL,indices
EURGBP,2025-11-11 06:00:00+00:00,short,3,-1.103599999999998,6,SL,fx_cross
EURCHF,2025-11-12 10:00:00+00:00,long,2,-1.1638354430379605,1,SL,fx_cross
AUDCAD,2025-11-13 14:00:00+00:00,short,3,2.4539234408602164,13,TP,fx_cross
CADCHF,2025-11-13 14:00:00+00:00,long,2,-1.073758886310908,0,SAME_BAR_SL,fx_cross
GBPJPY,2025-11-14 06:00:00+00:00,short,3,-1.050997567084079,7,SL,fx_cross
CADJPY,2025-11-14 14:00:00+00:00,short,4,-1.056735322283609,0,SAME_BAR_SL,fx_cross
HG,2025-11-14 15:00:00+00:00,short,4,2.491374506666667,27,TP,metals
CADJPY,2025-11-17 06:00:00+00:00,short,3,-1.0500130744336573,2,SL,fx_cross
NG,2025-11-17 23:00:00+00:00,long,2,-1.0060926872246696,3,SL,commodities
EURUSD,2025-11-19 14:00:00+00:00,long,1,-1.0773877180406193,0,SAME_BAR_SL,fx_major
ES,2025-11-20 11:00:00+00:00,short,3,2.4884097456492635,1,TP,indices
CADJPY,2025-11-24 06:00:00+00:00,short,4,-1.07449875598086,2,SL,fx_cross
GBPJPY,2025-11-24 10:00:00+00:00,short,3,-1.0213952023765318,14,SL,fx_cross
NKD,2025-11-25 23:00:00+00:00,short,3,-1.0130961983471074,3,SL,indices
SI,2025-11-26 03:00:00+00:00,short,4,-1.005928480565371,3,SL,metals
CADJPY,2025-11-26 06:00:00+00:00,short,4,-1.1159659701492535,0,SAME_BAR_SL,fx_cross
RTY,2025-11-26 15:00:00+00:00,short,3,-1.013802703639514,1,SL,indices
NZDCAD,2025-11-26 22:00:00+00:00,short,3,-1.0571171501272234,1,SL,fx_cross
NZDUSD,2025-11-26 22:00:00+00:00,short,4,-1.097707155963313,0,SAME_BAR_SL,fx_major
PL,2025-11-26 23:00:00+00:00,short,3,-1.0046756977777778,8,SL,metals
CADJPY,2025-11-27 06:00:00+00:00,short,3,-1.0793233587786257,4,SL,fx_cross
EURCAD,2025-11-28 10:00:00+00:00,long,2,-1.0979576673866156,1,SL,fx_cross
PA,2025-11-30 23:00:00+00:00,short,3,-1.003630861423221,0,SAME_BAR_SL,metals
USDJPY,2025-12-01 06:00:00+00:00,long,1,-1.0382727464788724,1,SL,fx_major
RTY,2025-12-01 11:00:00+00:00,short,3,-1.0097594124847,14,SL,indices
AUDJPY,2025-12-02 02:00:00+00:00,short,3,-1.0287461027190334,3,SL,fx_cross
AUDCAD,2025-12-02 10:00:00+00:00,short,3,-1.0460765591397838,8,SL,fx_cross
PA,2025-12-02 19:00:00+00:00,short,4,-1.005634418604651,6,SL,metals
AUDCAD,2025-12-03 22:00:00+00:00,short,3,-1.0386257485029953,8,SL,fx_cross
EURAUD,2025-12-04 02:00:00+00:00,long,2,-1.069479802955668,7,SL,fx_cross
NZDCHF,2025-12-04 14:00:00+00:00,short,3,-1.0367061756373945,5,SL,fx_cross
EURGBP,2025-12-04 14:00:00+00:00,long,2,2.436133681462141,36,TP,fx_cross
CADJPY,2025-12-04 22:00:00+00:00,short,4,-1.0548001408450693,3,SL,fx_cross
NQ,2025-12-05 11:00:00+00:00,short,3,-1.0281460750853242,1,SL,indices
EURCHF,2025-12-08 10:00:00+00:00,short,4,2.423417142857144,17,TP,fx_cross
CADCHF,2025-12-08 10:00:00+00:00,short,3,-1.0785480769230738,1,SL,fx_cross
PA,2025-12-08 19:00:00+00:00,short,3,-1.0036296629213484,5,SL,metals
EURAUD,2025-12-11 02:00:00+00:00,long,1,2.464008260710361,17,TP,fx_cross
USDCHF,2025-12-11 10:00:00+00:00,long,1,-1.0808185507246413,0,SAME_BAR_SL,fx_major
GBPNZD,2025-12-11 10:00:00+00:00,long,2,2.297376855345881,1,TP,fx_cross
PA,2025-12-11 15:00:00+00:00,short,4,-1.0080695081967213,4,SL,metals
PL,2025-12-11 15:00:00+00:00,short,3,-1.017626838709677,0,SAME_BAR_SL,metals
GBPNZD,2025-12-12 06:00:00+00:00,long,2,-1.202623144654119,0,SAME_BAR_SL,fx_cross
PL,2025-12-12 07:00:00+00:00,short,3,-1.003869111111111,1,SL,metals
NZDUSD,2025-12-15 02:00:00+00:00,long,1,-1.0445951031636858,0,SAME_BAR_SL,fx_major
HG,2025-12-15 15:00:00+00:00,long,1,-1.010048,2,SL,metals
RTY,2025-12-15 23:00:00+00:00,long,1,-1.0204074559193952,0,SAME_BAR_SL,indices
AUDUSD,2025-12-16 14:00:00+00:00,long,2,-1.0452114841849143,3,SL,fx_major
GBPUSD,2025-12-17 06:00:00+00:00,long,1,2.3873655589123843,1,TP,fx_major
EURCHF,2025-12-17 10:00:00+00:00,long,2,-1.1243266508313525,0,SAME_BAR_SL,fx_cross
EURCHF,2025-12-23 10:00:00+00:00,long,2,-1.1027788142292432,6,SL,fx_cross
RTY,2025-12-23 15:00:00+00:00,long,1,-1.0102632873274777,17,SL,indices
EURAUD,2025-12-24 14:00:00+00:00,long,1,-1.0359917392896387,33,SL,fx_cross
EURGBP,2025-12-24 14:00:00+00:00,long,1,-1.0613636180904509,30,SL,fx_cross
HG,2025-12-25 23:00:00+00:00,short,3,-1.0248673103448271,0,SAME_BAR_SL,metals
NG,2025-12-28 23:00:00+00:00,long,1,-1.0046197833935018,0,SAME_BAR_SL,commodities
DAX,2025-12-30 12:00:00+00:00,short,4,-1.0219270914127423,5,SL,indices
RTY,2025-12-30 19:00:00+00:00,long,2,-1.013386843853821,3,SL,indices
CL,2025-12-31 11:00:00+00:00,short,3,2.4909627053140095,5,TP,commodities
AUDUSD,2026-01-01 22:00:00+00:00,short,4,-1.0930770149253803,0,SAME_BAR_SL,fx_major
HG,2026-01-04 23:00:00+00:00,short,3,-1.0039262315789474,3,SL,metals
EURCHF,2026-01-05 10:00:00+00:00,long,2,-1.0474824817518236,65,SL,fx_cross
EURJPY,2026-01-05 10:00:00+00:00,long,1,2.449706168958741,28,TP,fx_cross
GBPCAD,2026-01-05 14:00:00+00:00,short,3,-1.0863913764510782,1,SL,fx_cross
EURGBP,2026-01-05 14:00:00+00:00,long,1,-1.1138272300469503,4,SL,fx_cross
GBPUSD,2026-01-05 14:00:00+00:00,short,3,-1.0608957165861488,0,SAME_BAR_SL,fx_major
CL,2026-01-05 15:00:00+00:00,short,3,2.4909627053140095,7,TP,commodities
NKD,2026-01-05 15:00:00+00:00,short,3,2.4907385635359116,15,TP,indices
SI,2026-01-06 03:00:00+00:00,short,3,-1.0011100577008434,23,SL,metals
AUDCHF,2026-01-06 14:00:00+00:00,short,3,-1.090523746223567,1,SL,fx_cross
USDCAD,2026-01-07 14:00:00+00:00,short,4,-1.0359025683820111,4,SL,fx_major
GBPUSD,2026-01-08 02:00:00+00:00,long,1,-1.051536087551297,2,SL,fx_major
EURGBP,2026-01-14 06:00:00+00:00,long,2,2.4041293280632465,24,TP,fx_cross
AUDUSD,2026-01-15 14:00:00+00:00,short,3,-1.0324480553154713,15,SL,fx_major
NZDJPY,2026-01-19 14:00:00+00:00,short,3,-1.0485593181818138,2,SL,fx_cross
NZDCHF,2026-01-19 22:00:00+00:00,short,4,-1.0434902013422822,1,SL,fx_cross
PL,2026-01-20 23:00:00+00:00,short,3,-1.0016661422594142,11,SL,metals
NZDUSD,2026-01-21 10:00:00+00:00,short,3,-1.0398717274939167,6,SL,fx_major
YM,2026-01-21 11:00:00+00:00,long,1,2.492931160673646,73,TP,indices
NZDCHF,2026-01-21 14:00:00+00:00,short,3,-1.0762716715542542,1,SL,fx_cross
NZDCHF,2026-01-21 22:00:00+00:00,short,3,-1.0565186984815618,3,SL,fx_cross
NZDCAD,2026-01-22 10:00:00+00:00,short,4,-1.050773750000002,1,SL,fx_cross
EURGBP,2026-01-23 06:00:00+00:00,long,2,-1.071908639053251,2,SL,fx_cross
EURCAD,2026-01-25 22:00:00+00:00,short,3,-1.0588061379754967,9,SL,fx_cross
GBPCAD,2026-01-25 22:00:00+00:00,short,4,-1.180520481927701,0,SAME_BAR_SL,fx_cross
CADCHF,2026-01-25 22:00:00+00:00,long,2,-1.030796197866148,9,SL,fx_cross
NKD,2026-01-25 23:00:00+00:00,long,2,2.4926596061269146,13,TP,indices
AUDCHF,2026-01-27 10:00:00+00:00,long,1,-1.0371976178660052,2,SL,fx_cross
GBPCAD,2026-01-27 18:00:00+00:00,short,4,2.400251060606051,3,TP,fx_cross
EURGBP,2026-01-27 18:00:00+00:00,short,4,-1.09442945736434,0,SAME_BAR_SL,fx_cross
NKD,2026-01-28 07:00:00+00:00,short,3,2.4906066485013625,8,TP,indices
ES,2026-02-02 15:00:00+00:00,short,3,2.472548501529052,6,TP,indices
DAX,2026-02-05 12:00:00+00:00,long,2,2.4890782122905026,9,TP,indices
USDCHF,2026-02-05 18:00:00+00:00,short,3,2.3762304545454533,5,TP,fx_major
NZDUSD,2026-02-06 14:00:00+00:00,short,4,-1.0560186046511677,5,SL,fx_major
NZDCAD,2026-02-06 14:00:00+00:00,short,4,-1.0547082045184302,2,SL,fx_cross
ES,2026-02-11 19:00:00+00:00,short,4,2.490686227795193,10,TP,indices
CADCHF,2026-02-12 14:00:00+00:00,long,2,-1.0493717316692648,8,SL,fx_cross
AUDNZD,2026-02-13 10:00:00+00:00,long,1,2.3636755093555086,4,TP,fx_cross
RTY,2026-02-17 03:00:00+00:00,long,2,2.4914352749490836,9,TP,indices
GBPNZD,2026-02-17 06:00:00+00:00,long,2,-1.090845252525257,1,SL,fx_cross
DAX,2026-02-17 12:00:00+00:00,long,2,2.478888085106383,1,TP,indices
USDCAD,2026-02-17 14:00:00+00:00,short,4,2.3842661027190304,1,TP,fx_major
CADCHF,2026-02-18 06:00:00+00:00,long,2,-1.051343636363633,43,SL,fx_cross
GBPUSD,2026-02-19 14:00:00+00:00,long,1,0.7037533453888274,37,EOS,fx_major
ES,2026-02-23 11:00:00+00:00,short,3,-1.0828231775700934,0,SAME_BAR_SL,indices
NZDCAD,2026-02-23 18:00:00+00:00,long,2,0.723184937833029,24,EOS,fx_cross
AUDCHF,2026-02-27 02:00:00+00:00,short,3,1.46545381443291,4,EOS,fx_cross
DAX,2026-02-27 08:00:00+00:00,short,3,2.4266810810810813,1,TP,indices
YM,2026-02-27 11:00:00+00:00,long,2,-1.0201517631917632,0,SAME_BAR_SL,indices
YM,2026-03-03 11:00:00+00:00,long,2,-1.025942162162162,0,SAME_BAR_SL,indices
NKD,2026-03-03 23:00:00+00:00,long,2,2.4932979497098646,2,TP,indices
NQ,2026-03-08 22:00:00+00:00,long,2,-1.0113700398984404,0,SAME_BAR_SL,indices
