instrument,model,side,bias,quintile,entry_ts,exit_ts,entry,exit,r,pnl_pct,bars,reason,partial_tp1
HBI,S3,long,RISK_ON,1,2013-08-15 00:00:00+00:00,2013-08-16 00:00:00+00:00,15.162647499999999,14.930246428571428,-1.0,-0.005,1,SL,False
TMO,S3,long,RISK_ON,1,2013-08-15 00:00:00+00:00,2013-08-16 00:00:00+00:00,91.39129999999999,90.52111071428571,-1.0,-0.005,1,SL,False
NOC,S3,long,RISK_ON,1,2013-08-15 00:00:00+00:00,2013-08-28 00:00:00+00:00,93.88378999999999,92.75160357142857,-1.0,-0.005,9,SL,False
RTN,S3,long,RISK_ON,1,2013-08-15 00:00:00+00:00,2013-08-27 00:00:00+00:00,75.67559999999999,75.67559999999999,0.5335137732537201,0.0026675688662686,8,STOP_AFTER_TP1,True
ETFC,S3,long,RISK_ON,1,2013-08-15 00:00:00+00:00,2013-08-27 00:00:00+00:00,14.564549999999999,14.282053571428571,-1.0,-0.005,8,SL,False
AKAM,S3,long,RISK_ON,1,2013-08-15 00:00:00+00:00,2013-10-08 00:00:00+00:00,46.23618999999999,50.0,3.437916915035862,0.01718958457517931,37,EMA_TRAIL,True
PCLN,S3,long,RISK_ON,1,2013-08-15 00:00:00+00:00,2013-10-08 00:00:00+00:00,939.7287899999999,998.13,2.6406659034144595,0.013203329517072298,37,EMA_TRAIL,True
FB,S3,long,RISK_ON,1,2013-08-15 00:00:00+00:00,2013-10-08 00:00:00+00:00,36.59656,47.14,3.762228766719318,0.01881114383359659,37,EMA_TRAIL,True
LB,S3,long,RISK_ON,1,2013-08-15 00:00:00+00:00,2013-08-16 00:00:00+00:00,60.130069999999996,59.096071428571435,-1.0,-0.005,1,SL,False
BWA,S3,long,RISK_ON,1,2013-08-15 00:00:00+00:00,2013-08-27 00:00:00+00:00,48.20815999999999,47.36517857142857,-1.0,-0.005,8,SL,False
BSX,S3,long,RISK_ON,1,2013-08-15 00:00:00+00:00,2013-08-27 00:00:00+00:00,11.011,10.798571428571428,-1.0,-0.005,8,SL,False
NFLX,S3,long,RISK_ON,1,2013-08-15 00:00:00+00:00,2013-10-08 00:00:00+00:00,36.237601399999996,43.1885,6.488680863349023,0.03244340431674512,37,EMA_TRAIL,True
UAA,S3,long,RISK_ON,1,2013-08-15 00:00:00+00:00,2013-08-16 00:00:00+00:00,17.66765,17.409664285714285,-1.0,-0.005,1,SL,False
ALGN,S3,long,RISK_ON,1,2013-08-15 00:00:00+00:00,2013-08-19 00:00:00+00:00,43.20315999999999,42.54768571428571,-1.0,-0.005,2,SL,False
ATVI,S3,long,RISK_ON,1,2013-08-15 00:00:00+00:00,2013-08-19 00:00:00+00:00,17.24723,16.85142857142857,-1.0,-0.005,2,SL,False
LKQ,S3,long,RISK_ON,1,2013-08-15 00:00:00+00:00,2013-09-03 00:00:00+00:00,29.319289999999995,28.685853571428574,-1.0,-0.005,12,SL,False
AIZ,S3,long,RISK_ON,1,2013-08-15 00:00:00+00:00,2013-08-20 00:00:00+00:00,54.78472999999999,54.23875,-1.0,-0.005,3,SL,False
GT,S3,long,RISK_ON,1,2013-08-15 00:00:00+00:00,2013-08-19 00:00:00+00:00,18.853835,18.306642857142858,-1.0,-0.005,2,SL,False
AGN,S3,long,RISK_ON,1,2013-08-15 00:00:00+00:00,2013-08-16 00:00:00+00:00,135.00486999999998,133.10454285714286,-1.0,-0.005,1,SL,False
LMT,S3,long,RISK_ON,1,2013-08-15 00:00:00+00:00,2013-08-29 00:00:00+00:00,122.25212999999998,122.25212999999998,0.803414380277425,0.004017071901387125,10,STOP_AFTER_TP1,True
MGM,S3,long,RISK_ON,1,2013-08-15 00:00:00+00:00,2013-10-23 00:00:00+00:00,17.15714,20.06,5.049128190375739,0.025245640951878694,48,EMA_TRAIL,True
PXD,S3,long,RISK_ON,1,2013-08-15 00:00:00+00:00,2013-10-31 00:00:00+00:00,169.31914999999998,204.78,6.280359023522042,0.03140179511761021,54,EMA_TRAIL,True
FLIR,S3,long,RISK_ON,1,2013-08-15 00:00:00+00:00,2013-08-20 00:00:00+00:00,32.22219,31.77623571428572,-1.0,-0.005,3,SL,False
VIAB,S3,long,RISK_ON,1,2013-08-15 00:00:00+00:00,2013-08-16 00:00:00+00:00,78.24816999999999,77.34803571428571,-1.0,-0.005,1,SL,False
JNPR,S1,long,DEFENSIVE,1,2013-09-04 00:00:00+00:00,2013-09-23 00:00:00+00:00,20.740719999999996,20.51,-0.1693208671529811,-0.0008466043357649056,13,SMA50_BREAK,False
MCO,S1,long,DEFENSIVE,1,2013-09-06 00:00:00+00:00,2013-10-08 00:00:00+00:00,65.84577999999999,69.57,0.8574303726691874,0.004287151863345938,22,EMA_TRAIL,True
ULTA,S1,long,DEFENSIVE,1,2013-09-09 00:00:00+00:00,2013-09-12 00:00:00+00:00,101.45134999999998,100.16,-0.2083340055433102,-0.001041670027716551,3,SMA50_BREAK,False
MU,S2,long,RISK_ON,1,2013-09-10 00:00:00+00:00,2013-12-23 00:00:00+00:00,16.27626,21.49,3.1332429537989848,0.015666214768994925,73,EMA_TRAIL,True
INCY,S3,long,RISK_ON,1,2013-09-11 00:00:00+00:00,2013-09-23 00:00:00+00:00,36.216179999999994,34.713857142857144,-0.43728410417137936,-0.002186420520856897,8,SL,False
LNC,S3,long,RISK_ON,1,2013-09-12 00:00:00+00:00,2013-09-18 00:00:00+00:00,44.324279999999995,43.75948571428571,-1.0,-0.005,4,SL,False
XRX,S3,long,RISK_ON,1,2013-09-12 00:00:00+00:00,2013-09-20 00:00:00+00:00,40.600559999999994,40.600559999999994,0.9217110971708449,0.004608555485854224,6,STOP_AFTER_TP1,True
BWA,S3,long,RISK_ON,1,2013-09-12 00:00:00+00:00,2013-10-08 00:00:00+00:00,49.20415499999999,49.20415499999999,0.36331155947038096,0.0018165577973519049,18,STOP_AFTER_TP1,True
HAL,S3,long,RISK_ON,1,2013-09-12 00:00:00+00:00,2013-09-23 00:00:00+00:00,49.249199999999995,48.462135714285715,-1.0,-0.005,7,SL,False
GRMN,S3,long,RISK_ON,1,2013-09-12 00:00:00+00:00,2013-10-31 00:00:00+00:00,42.44239999999999,46.75,4.066689826980612,0.02033344913490306,35,EMA_TRAIL,True
KORS,S3,long,RISK_ON,1,2013-09-12 00:00:00+00:00,2013-09-23 00:00:00+00:00,73.39331999999999,73.39331999999999,1.1531800272903028,0.005765900136451514,7,STOP_AFTER_TP1,True
HRS,S3,long,RISK_ON,1,2013-09-13 00:00:00+00:00,2013-09-18 00:00:00+00:00,57.98792999999999,57.98792999999999,0.321188209113828,0.00160594104556914,3,STOP_AFTER_TP1,True
AGN,S3,long,RISK_ON,1,2013-09-13 00:00:00+00:00,2013-10-08 00:00:00+00:00,135.72558999999998,139.8,2.1617056039533797,0.0108085280197669,17,EMA_TRAIL,True
COO,S3,long,RISK_ON,1,2013-09-13 00:00:00+00:00,2013-09-23 00:00:00+00:00,132.20207,130.26703571428573,-1.0,-0.005,6,SL,False
LOW,S3,long,RISK_ON,1,2013-09-13 00:00:00+00:00,2013-10-07 00:00:00+00:00,46.906859999999995,47.26,0.6430836773213147,0.0032154183866065734,16,EMA_TRAIL,True
CHK,S3,long,RISK_ON,1,2013-09-16 00:00:00+00:00,2013-09-20 00:00:00+00:00,26.546519999999997,26.546519999999997,0.7944017175230293,0.003972008587615147,4,STOP_AFTER_TP1,True
PKG,S2,long,RISK_ON,1,2013-09-16 00:00:00+00:00,2013-12-05 00:00:00+00:00,60.490429999999996,60.15,-0.04701447035402822,-0.0002350723517701411,57,SMA50_BREAK,False
MS,S2,long,RISK_ON,1,2013-09-16 00:00:00+00:00,2013-09-23 00:00:00+00:00,28.758729999999996,27.626964285714287,-1.0,-0.005,5,SL,False
AYI,S2,long,RISK_ON,1,2013-09-17 00:00:00+00:00,2013-12-11 00:00:00+00:00,93.23313999999999,99.89,1.5779514915068977,0.007889757457534488,60,SMA50_BREAK,False
GILD,S3,long,RISK_ON,1,2013-09-17 00:00:00+00:00,2013-09-23 00:00:00+00:00,62.752689999999994,62.752689999999994,0.4536315040295211,0.002268157520147606,4,STOP_AFTER_TP1,True
AMP,S2,long,RISK_ON,1,2013-09-17 00:00:00+00:00,2013-10-08 00:00:00+00:00,93.42332999999999,89.85,-0.829469014428731,-0.004147345072143655,15,SMA50_BREAK,False
UAA,S3,long,RISK_ON,1,2013-09-18 00:00:00+00:00,2013-10-08 00:00:00+00:00,19.509489999999996,19.509489999999996,0.39278344635689977,0.001963917231784499,14,STOP_AFTER_TP1,True
CNC,S3,long,RISK_ON,1,2013-09-18 00:00:00+00:00,2013-09-19 00:00:00+00:00,30.275244999999998,29.65175357142857,-1.0,-0.005,1,SL,False
BSX,S3,long,RISK_ON,1,2013-09-19 00:00:00+00:00,2013-09-23 00:00:00+00:00,11.751739999999998,11.563246428571428,-1.0,-0.005,2,SL,False
TEL,S3,long,RISK_ON,1,2013-09-23 00:00:00+00:00,2013-09-27 00:00:00+00:00,52.45239999999999,51.731432142857145,-1.0,-0.005,4,SL,False
GILD,S3,long,RISK_ON,1,2013-09-23 00:00:00+00:00,2013-10-03 00:00:00+00:00,62.64257999999999,61.69514642857143,-1.0,-0.005,8,SL,False
DOV,S3,long,RISK_ON,1,2013-09-23 00:00:00+00:00,2013-09-30 00:00:00+00:00,91.00090999999999,89.26378571428572,-1.0,-0.005,5,SL,False
NTAP,S3,long,RISK_ON,1,2013-09-23 00:00:00+00:00,2013-09-24 00:00:00+00:00,43.303259999999995,42.64,-1.0,-0.005,1,SL,False
ETFC,S3,long,RISK_ON,1,2013-09-23 00:00:00+00:00,2013-10-08 00:00:00+00:00,16.486469999999997,16.11045357142857,-1.0,-0.005,11,SL,False
TSS,S3,long,RISK_ON,1,2013-09-23 00:00:00+00:00,2013-09-24 00:00:00+00:00,29.359329999999996,29.14132142857143,-1.0,-0.005,1,SL,False
SBUX,S3,long,RISK_ON,1,2013-09-23 00:00:00+00:00,2013-10-08 00:00:00+00:00,37.717679999999994,37.765,0.8520566281723815,0.004260283140861907,11,EMA_TRAIL,True
EQT,S3,long,RISK_ON,1,2013-09-23 00:00:00+00:00,2013-09-30 00:00:00+00:00,91.39129999999999,89.35957142857143,-1.0,-0.005,5,SL,False
MYL,S3,long,RISK_ON,1,2013-09-23 00:00:00+00:00,2013-10-18 00:00:00+00:00,38.10807,38.10807,0.6164766539360178,0.003082383269680089,19,STOP_AFTER_TP1,True
EOG,S3,long,RISK_ON,1,2013-09-23 00:00:00+00:00,2013-09-30 00:00:00+00:00,84.51443,84.51443,0.5174604924832513,0.002587302462416257,5,STOP_AFTER_TP1,True
RTN,S3,long,RISK_ON,1,2013-09-23 00:00:00+00:00,2013-09-30 00:00:00+00:00,78.76868999999999,77.67450714285714,-1.0,-0.005,5,SL,False
INCY,S3,long,RISK_ON,1,2013-09-23 00:00:00+00:00,2013-10-08 00:00:00+00:00,35.47543999999999,35.47543999999999,0.4360230627441253,0.0021801153137206266,11,STOP_AFTER_TP1,True
KORS,S3,long,RISK_ON,1,2013-09-23 00:00:00+00:00,2013-10-08 00:00:00+00:00,75.08501,72.41518214285715,-1.0,-0.005,11,SL,False
LMT,S3,long,RISK_ON,1,2013-09-23 00:00:00+00:00,2013-10-02 00:00:00+00:00,127.74761999999998,126.14075,-1.0,-0.005,7,SL,False
AMG,S3,long,RISK_ON,1,2013-09-23 00:00:00+00:00,2013-09-30 00:00:00+00:00,184.43425,181.69131785714285,-1.0,-0.005,5,SL,False
CHK,S3,long,RISK_ON,1,2013-09-23 00:00:00+00:00,2013-09-30 00:00:00+00:00,26.406379999999995,26.047410714285714,-1.0,-0.005,5,SL,False
XLNX,S3,long,RISK_ON,1,2013-09-24 00:00:00+00:00,2013-10-08 00:00:00+00:00,46.76671999999999,45.77393214285714,-1.0,-0.005,10,SL,False
APD,S3,long,RISK_ON,1,2013-09-24 00:00:00+00:00,2013-09-27 00:00:00+00:00,107.31720999999999,107.31720999999999,1.1995222817656304,0.005997611408828152,3,STOP_AFTER_TP1,True
VIAB,S3,long,RISK_ON,1,2013-09-24 00:00:00+00:00,2013-10-02 00:00:00+00:00,83.02293999999999,83.02293999999999,0.4604172583798061,0.0023020862918990306,6,STOP_AFTER_TP1,True
ALXN,S3,long,RISK_ON,1,2013-09-24 00:00:00+00:00,2013-10-03 00:00:00+00:00,113.70358999999999,113.70358999999999,0.34099087532997535,0.0017049543766498767,7,STOP_AFTER_TP1,True
LKQ,S3,long,RISK_ON,1,2013-09-24 00:00:00+00:00,2013-09-25 00:00:00+00:00,31.641609999999996,31.225392857142857,-1.0,-0.005,1,SL,False
TSS,S3,long,RISK_ON,1,2013-09-24 00:00:00+00:00,2013-10-07 00:00:00+00:00,29.209179999999996,28.959535714285714,-1.0,-0.005,9,SL,False
F,S3,long,RISK_ON,1,2013-09-24 00:00:00+00:00,2013-09-30 00:00:00+00:00,17.27726,16.813657142857142,-1.0,-0.005,4,SL,False
ALGN,S3,long,RISK_ON,1,2013-09-24 00:00:00+00:00,2013-10-03 00:00:00+00:00,47.52747999999999,47.52747999999999,0.5178869436510156,0.002589434718255078,7,STOP_AFTER_TP1,True
PFG,S3,long,RISK_ON,1,2013-09-25 00:00:00+00:00,2013-09-30 00:00:00+00:00,43.32328,42.54821785714285,-1.0,-0.005,3,SL,False
TRIP,S3,long,RISK_ON,1,2013-09-25 00:00:00+00:00,2013-10-08 00:00:00+00:00,74.85477999999999,74.85477999999999,0.4841350691884261,0.0024206753459421306,9,STOP_AFTER_TP1,True
MA,S3,long,RISK_ON,1,2013-09-26 00:00:00+00:00,2013-10-03 00:00:00+00:00,67.825758,66.6334142857143,-1.0,-0.005,5,SL,False
NOC,S3,long,RISK_ON,1,2013-09-26 00:00:00+00:00,2013-10-02 00:00:00+00:00,96.46637,94.88348214285715,-1.0,-0.005,4,SL,False
HBI,S3,long,RISK_ON,1,2013-09-26 00:00:00+00:00,2013-09-30 00:00:00+00:00,15.808292499999999,15.504375,-1.0,-0.005,2,SL,False
HII,S3,long,RISK_ON,1,2013-09-26 00:00:00+00:00,2013-09-30 00:00:00+00:00,67.47740999999999,66.55154285714286,-1.0,-0.005,2,SL,False
GD,S3,long,RISK_ON,1,2013-09-26 00:00:00+00:00,2013-09-30 00:00:00+00:00,88.33824999999999,86.99506785714286,-1.0,-0.005,2,SL,False
XRX,S3,long,RISK_ON,1,2013-09-26 00:00:00+00:00,2013-10-07 00:00:00+00:00,41.56152,41.56152,0.28073583359568327,0.0014036791679784165,7,STOP_AFTER_TP1,True
GT,S3,long,RISK_ON,1,2013-09-27 00:00:00+00:00,2013-09-30 00:00:00+00:00,22.48246,21.98375357142857,-1.0,-0.005,1,SL,False
BBY,S3,long,RISK_ON,1,2013-09-27 00:00:00+00:00,2013-09-30 00:00:00+00:00,38.017979999999994,37.37553928571429,-1.0,-0.005,1,SL,False
ADS,S3,long,RISK_ON,1,2013-09-27 00:00:00+00:00,2013-09-30 00:00:00+00:00,209.48927999999998,207.0035714285714,-1.0,-0.005,1,SL,False
AMD,S3,long,RISK_ON,1,2013-09-27 00:00:00+00:00,2013-09-30 00:00:00+00:00,3.8638599999999994,3.765775,-1.0,-0.005,1,SL,False
CTSH,S3,long,RISK_ON,1,2013-09-27 00:00:00+00:00,2013-09-30 00:00:00+00:00,41.391349999999996,40.63215714285714,-1.0,-0.005,1,SL,False
LKQ,S3,long,RISK_ON,1,2013-09-27 00:00:00+00:00,2013-10-08 00:00:00+00:00,31.591559999999994,31.591559999999994,0.40158330807565146,0.002007916540378257,7,STOP_AFTER_TP1,True
EOG,S3,long,RISK_ON,1,2013-09-30 00:00:00+00:00,2013-10-31 00:00:00+00:00,84.72464,89.2,1.9267876615308306,0.009633938307654154,23,EMA_TRAIL,True
WU,S3,long,RISK_ON,1,2013-09-30 00:00:00+00:00,2013-10-08 00:00:00+00:00,18.678659999999997,18.287078571428573,-1.0,-0.005,6,SL,False
AMD,S3,long,RISK_ON,1,2013-09-30 00:00:00+00:00,2013-10-08 00:00:00+00:00,3.8138099999999997,3.688275,-1.0,-0.005,6,SL,False
GT,S3,long,RISK_ON,1,2013-09-30 00:00:00+00:00,2013-10-07 00:00:00+00:00,22.473450999999997,22.473450999999997,0.31335730125479266,0.0015667865062739634,5,STOP_AFTER_TP1,True
HII,S3,long,RISK_ON,1,2013-09-30 00:00:00+00:00,2013-12-11 00:00:00+00:00,67.4674,79.52,5.5906337193972675,0.02795316859698634,51,EMA_TRAIL,True
TEL,S3,long,RISK_ON,1,2013-10-01 00:00:00+00:00,2013-10-08 00:00:00+00:00,52.122069999999994,51.008750000000006,-1.0,-0.005,5,SL,False
PKI,S3,long,RISK_ON,1,2013-10-01 00:00:00+00:00,2013-10-02 00:00:00+00:00,37.98795,37.270717857142856,-1.0,-0.005,1,SL,False
CMI,S3,long,RISK_ON,1,2013-10-01 00:00:00+00:00,2013-10-08 00:00:00+00:00,132.86272999999997,130.67161071428572,-1.0,-0.005,5,SL,False
KR,S3,long,RISK_ON,1,2013-10-01 00:00:00+00:00,2013-10-04 00:00:00+00:00,20.345324999999995,19.95915357142857,-1.0,-0.005,3,SL,False
PFG,S3,long,RISK_ON,1,2013-10-01 00:00:00+00:00,2013-10-03 00:00:00+00:00,43.05300999999999,42.096607142857145,-1.0,-0.005,2,SL,False
NTAP,S3,long,RISK_ON,1,2013-10-01 00:00:00+00:00,2013-10-03 00:00:00+00:00,43.09304999999999,42.1,-0.7205263485219118,-0.003602631742609559,2,SMA50_BREAK,False
BBY,S3,long,RISK_ON,1,2013-10-01 00:00:00+00:00,2013-10-08 00:00:00+00:00,37.98795,36.65339642857143,-1.0,-0.005,5,SL,False
BA,S3,long,RISK_ON,1,2013-10-01 00:00:00+00:00,2013-10-03 00:00:00+00:00,117.86774999999999,115.294325,-1.0,-0.005,2,SL,False
IR,S3,long,RISK_ON,1,2013-10-01 00:00:00+00:00,2013-10-08 00:00:00+00:00,65.23517,63.976464285714286,-1.0,-0.005,5,SL,False
FFIV,S1,long,RISK_ON,1,2013-10-01 00:00:00+00:00,2013-10-09 00:00:00+00:00,89.05896999999999,87.9,-0.2137189348075806,-0.0010685946740379032,6,SMA50_BREAK,False
DOV,S3,long,RISK_ON,1,2013-10-02 00:00:00+00:00,2013-10-03 00:00:00+00:00,90.30020999999998,88.31444285714285,-1.0,-0.005,1,SL,False
ADBE,S3,long,RISK_ON,1,2013-10-02 00:00:00+00:00,2013-10-03 00:00:00+00:00,51.57152,50.75060714285714,-1.0,-0.005,1,SL,False
AON,S3,long,RISK_ON,1,2013-10-02 00:00:00+00:00,2013-10-08 00:00:00+00:00,73.70362999999999,71.94982142857144,-1.0,-0.005,4,SL,False
ANSS,S3,long,RISK_ON,1,2013-10-02 00:00:00+00:00,2013-10-03 00:00:00+00:00,87.23715,85.45025,-1.0,-0.005,1,SL,False
EXPD,S3,long,RISK_ON,1,2013-10-02 00:00:00+00:00,2013-10-03 00:00:00+00:00,44.10406,43.34964285714286,-1.0,-0.005,1,SL,False
F,S3,long,RISK_ON,1,2013-10-02 00:00:00+00:00,2013-10-03 00:00:00+00:00,17.22721,16.764728571428574,-1.0,-0.005,1,SL,False
FDX,S3,long,RISK_ON,1,2013-10-02 00:00:00+00:00,2013-10-03 00:00:00+00:00,115.39527999999999,112.68482142857144,-1.0,-0.005,1,SL,False
PKI,S3,long,RISK_ON,1,2013-10-02 00:00:00+00:00,2013-10-08 00:00:00+00:00,37.897859999999994,36.942503571428574,-1.0,-0.005,4,SL,False
HRS,S3,long,RISK_ON,1,2013-10-02 00:00:00+00:00,2013-10-03 00:00:00+00:00,58.988929999999996,58.17285714285714,-1.0,-0.005,1,SL,False
CHTR,S3,long,RISK_ON,1,2013-10-02 00:00:00+00:00,2013-10-03 00:00:00+00:00,133.92378999999997,132.05653571428573,-1.0,-0.005,1,SL,False
BSX,S3,long,RISK_ON,1,2013-10-02 00:00:00+00:00,2013-10-03 00:00:00+00:00,11.76175,11.500782142857142,-1.0,-0.005,1,SL,False
MHK,S3,long,RISK_ON,1,2013-10-04 00:00:00+00:00,2013-10-07 00:00:00+00:00,130.83069999999998,128.32080357142857,-1.0,-0.005,1,SL,False
CHK,S3,long,RISK_ON,1,2013-10-04 00:00:00+00:00,2013-11-06 00:00:00+00:00,26.5265,26.5265,0.3339209974960401,0.0016696049874802006,23,STOP_AFTER_TP1,True
VIAB,S3,long,RISK_ON,1,2013-10-04 00:00:00+00:00,2013-10-08 00:00:00+00:00,83.2832,80.99785714285714,-1.0,-0.005,2,SL,False
AOS,S3,long,RISK_ON,1,2013-10-04 00:00:00+00:00,2013-10-07 00:00:00+00:00,22.487464999999997,21.99107857142857,-1.0,-0.005,1,SL,False
BSX,S3,long,RISK_ON,1,2013-10-04 00:00:00+00:00,2013-10-24 00:00:00+00:00,11.701689999999997,11.701689999999997,0.4857871629064898,0.002428935814532449,14,STOP_AFTER_TP1,True
FDX,S3,long,RISK_ON,1,2013-10-04 00:00:00+00:00,2013-12-11 00:00:00+00:00,114.84473,136.51,3.1730222207405854,0.015865111103702926,47,EMA_TRAIL,True
SNI,S3,long,RISK_ON,1,2013-10-04 00:00:00+00:00,2013-10-08 00:00:00+00:00,77.74767,76.15807500000001,-1.0,-0.005,2,SL,False
MA,S3,long,RISK_ON,1,2013-10-04 00:00:00+00:00,2013-10-08 00:00:00+00:00,67.40033299999999,65.917175,-1.0,-0.005,2,SL,False
BA,S3,long,RISK_ON,1,2013-10-04 00:00:00+00:00,2013-10-09 00:00:00+00:00,117.31719999999999,113.68003928571429,-1.0,-0.005,3,SL,False
IPG,S3,long,RISK_ON,1,2013-10-04 00:00:00+00:00,2013-10-08 00:00:00+00:00,17.00699,16.585910714285713,-1.0,-0.005,2,SL,False
SPGI,S3,long,RISK_ON,1,2013-10-04 00:00:00+00:00,2013-12-11 00:00:00+00:00,66.09603,71.96,3.5080480837473718,0.01754024041873686,47,EMA_TRAIL,True
BWA,S5,long,DEFENSIVE,1,2013-10-09 00:00:00+00:00,2013-10-30 00:00:00+00:00,49.03899,50.395,1.6914955305856822,0.00845747765292841,15,SMA50_BREAK,True
UAA,S3,long,RISK_ON,1,2013-10-10 00:00:00+00:00,2013-10-24 00:00:00+00:00,19.76975,19.76975,0.3089641167703978,0.001544820583851989,10,STOP_AFTER_TP1,True
LKQ,S3,long,RISK_ON,1,2013-10-10 00:00:00+00:00,2013-11-07 00:00:00+00:00,32.10207,30.85,-0.653473171557312,-0.00326736585778656,20,SMA50_BREAK,False
ULTA,S3,long,RISK_ON,1,2013-10-10 00:00:00+00:00,2013-11-19 00:00:00+00:00,119.92980999999999,127.49,1.4594540783056367,0.007297270391528184,28,EMA_TRAIL,True
APD,S1,long,RISK_ON,1,2013-10-10 00:00:00+00:00,2013-12-02 00:00:00+00:00,107.90779999999998,107.69,-0.0274265854027078,-0.000137132927013539,36,SMA50_BREAK,False
CXO,S3,long,RISK_ON,1,2013-10-10 00:00:00+00:00,2013-10-23 00:00:00+00:00,109.76965999999999,109.76965999999999,0.501264875621261,0.002506324378106305,9,STOP_AFTER_TP1,True
IPG,S1,long,RISK_ON,1,2013-10-10 00:00:00+00:00,2013-10-18 00:00:00+00:00,16.696679999999997,16.04,-0.6194743693753164,-0.003097371846876582,6,SMA50_BREAK,False
INCY,S3,long,RISK_ON,1,2013-10-10 00:00:00+00:00,2013-11-07 00:00:00+00:00,37.26722999999999,36.97,-0.05626549636294628,-0.0002813274818147314,20,SMA50_BREAK,False
TSCO,S3,long,RISK_ON,1,2013-10-10 00:00:00+00:00,2013-11-20 00:00:00+00:00,65.89582999999999,71.31,1.9570130613318377,0.009785065306659188,29,EMA_TRAIL,True
CMI,S3,long,RISK_ON,1,2013-10-11 00:00:00+00:00,2013-10-29 00:00:00+00:00,132.44231,132.44231,0.49025723556195333,0.002451286177809767,12,STOP_AFTER_TP1,True
ETFC,S3,long,RISK_ON,1,2013-10-11 00:00:00+00:00,2013-10-24 00:00:00+00:00,17.017,16.275003571428574,-1.0,-0.005,9,SL,False
DAL,S3,long,RISK_ON,1,2013-10-11 00:00:00+00:00,2013-10-14 00:00:00+00:00,24.424399999999995,23.81089642857143,-1.0,-0.005,1,SL,False
CELG,S3,long,RISK_ON,1,2013-10-11 00:00:00+00:00,2013-10-29 00:00:00+00:00,76.66158499999999,77.655,0.4985334263765687,0.0024926671318828437,12,EMA_TRAIL,True
AON,S3,long,RISK_ON,1,2013-10-11 00:00:00+00:00,2014-01-02 00:00:00+00:00,73.17309999999999,82.36,4.033891627200169,0.020169458136000844,56,EMA_TRAIL,True
ILMN,S1,long,RISK_ON,1,2013-10-11 00:00:00+00:00,2013-11-18 00:00:00+00:00,81.08099999999999,92.1,1.6641437483975337,0.008320718741987669,26,EMA_TRAIL,True
AMZN,S3,long,RISK_ON,1,2013-10-11 00:00:00+00:00,2014-01-13 00:00:00+00:00,311.199889,390.98,3.9161716059516385,0.019580858029758192,63,EMA_TRAIL,True
GT,S3,long,RISK_ON,1,2013-10-11 00:00:00+00:00,2013-10-21 00:00:00+00:00,22.66264,21.996964285714284,-1.0,-0.005,6,SL,False
FB,S3,long,RISK_ON,1,2013-10-11 00:00:00+00:00,2013-10-28 00:00:00+00:00,49.15910999999999,50.229,0.6842429061260507,0.0034212145306302534,11,EMA_TRAIL,True
AKAM,S3,long,RISK_ON,1,2013-10-14 00:00:00+00:00,2013-10-23 00:00:00+00:00,51.941889999999994,51.941889999999994,0.2690030556506266,0.001345015278253133,7,STOP_AFTER_TP1,True
CRM,S3,long,RISK_ON,1,2013-10-14 00:00:00+00:00,2013-10-30 00:00:00+00:00,51.221169999999994,52.79,1.0325430206025794,0.005162715103012897,12,EMA_TRAIL,True
REGN,S3,long,RISK_ON,1,2013-10-14 00:00:00+00:00,2013-11-01 00:00:00+00:00,295.92562999999996,285.79,-0.5681593031033761,-0.002840796515516881,14,SMA50_BREAK,False
MHK,S3,long,RISK_ON,1,2013-10-14 00:00:00+00:00,2013-10-15 00:00:00+00:00,129.10897999999997,125.36692857142857,-1.0,-0.005,1,SL,False
PCLN,S3,long,RISK_ON,1,2013-10-14 00:00:00+00:00,2013-11-07 00:00:00+00:00,1018.6476299999999,1022.89,0.5670602956210536,0.002835301478105268,18,EMA_TRAIL,True
DAL,S3,long,RISK_ON,1,2013-10-15 00:00:00+00:00,2013-12-04 00:00:00+00:00,24.044019999999996,27.61,4.593439668982839,0.022967198344914196,35,EMA_TRAIL,True
CNC,S3,long,RISK_ON,1,2013-10-15 00:00:00+00:00,2013-10-17 00:00:00+00:00,32.742709999999995,32.742709999999995,0.3465818885927423,0.0017329094429637116,2,STOP_AFTER_TP1,True
IR,S3,long,RISK_ON,1,2013-10-15 00:00:00+00:00,2013-10-16 00:00:00+00:00,64.68462,63.75610714285715,-1.0,-0.005,1,SL,False
XRX,S3,long,RISK_ON,1,2013-10-15 00:00:00+00:00,2013-10-24 00:00:00+00:00,42.282239999999994,42.282239999999994,0.35227594006220364,0.0017613797003110181,7,STOP_AFTER_TP1,True
NFLX,S3,long,RISK_ON,1,2013-10-16 00:00:00+00:00,2013-10-22 00:00:00+00:00,46.17152539999999,46.17152539999999,0.3298108106489329,0.0016490540532446646,4,STOP_AFTER_TP1,True
ADBE,S3,long,RISK_ON,1,2013-10-16 00:00:00+00:00,2013-11-07 00:00:00+00:00,51.96190999999999,53.168,1.1478506431325681,0.005739253215662841,16,EMA_TRAIL,True
ADS,S2,long,RISK_ON,1,2013-10-17 00:00:00+00:00,2014-01-24 00:00:00+00:00,227.29706999999996,249.72,3.2435895607839567,0.016217947803919785,67,SMA50_BREAK,False
ALGN,S1,long,RISK_ON,1,2013-10-17 00:00:00+00:00,2013-11-14 00:00:00+00:00,45.97593,54.68,2.8093692440460067,0.014046846220230034,20,EMA_TRAIL,True
CTSH,S3,long,RISK_ON,1,2013-10-18 00:00:00+00:00,2014-01-23 00:00:00+00:00,42.927884999999996,49.275,3.0801002617543345,0.015400501308771674,65,EMA_TRAIL,True
CHTR,S3,long,RISK_ON,1,2013-10-18 00:00:00+00:00,2013-10-23 00:00:00+00:00,137.44731,135.50260714285716,-1.0,-0.005,3,SL,False
MHK,S1,long,RISK_ON,1,2013-10-22 00:00:00+00:00,2013-12-02 00:00:00+00:00,127.76763999999999,137.68,1.0860509275359116,0.005430254637679558,28,EMA_TRAIL,True
TRIP,S1,long,RISK_ON,1,2013-10-22 00:00:00+00:00,2013-10-24 00:00:00+00:00,75.57549999999999,70.22339199999999,-1.0,-0.005,2,SL,False
DLTR,S3,long,RISK_ON,1,2013-10-23 00:00:00+00:00,2013-10-30 00:00:00+00:00,59.42936999999999,58.65578571428571,-1.0,-0.005,5,SL,False
CHTR,S3,long,RISK_ON,1,2013-10-23 00:00:00+00:00,2013-10-30 00:00:00+00:00,135.35321799999997,135.35321799999997,0.6797426795604753,0.0033987133978023764,5,STOP_AFTER_TP1,True
XEC,S5,long,RISK_ON,1,2013-10-23 00:00:00+00:00,2013-11-01 00:00:00+00:00,102.59248999999998,102.59248999999998,0.7872475203297857,0.003936237601648929,7,STOP_AFTER_TP1,True
SLB,S3,long,RISK_ON,1,2013-10-24 00:00:00+00:00,2013-11-12 00:00:00+00:00,92.94284999999998,91.39334285714285,-1.0,-0.005,13,SL,False
CME,S3,long,RISK_ON,1,2013-10-24 00:00:00+00:00,2013-10-28 00:00:00+00:00,77.04696999999999,75.83396785714285,-1.0,-0.005,2,SL,False
F,S2,long,RISK_ON,1,2013-10-24 00:00:00+00:00,2013-10-31 00:00:00+00:00,17.77776,17.239285714285714,-1.0,-0.005,5,SL,False
HRS,S3,long,RISK_ON,1,2013-10-24 00:00:00+00:00,2013-10-25 00:00:00+00:00,60.120059999999995,59.364289285714285,-1.0,-0.005,1,SL,False
IDXX,S3,long,RISK_ON,1,2013-10-24 00:00:00+00:00,2013-11-12 00:00:00+00:00,52.02697499999999,53.35,1.0295279089847218,0.005147639544923609,13,EMA_TRAIL,True
NFLX,S3,long,RISK_ON,1,2013-10-24 00:00:00+00:00,2014-01-07 00:00:00+00:00,47.3644171,48.5,0.33493546797501794,0.0016746773398750897,50,SMA50_BREAK,False
CXO,S3,long,RISK_ON,1,2013-10-25 00:00:00+00:00,2013-11-06 00:00:00+00:00,112.65253999999999,106.88,-0.7793165244237822,-0.003896582622118911,8,SMA50_BREAK,False
HRS,S3,long,RISK_ON,1,2013-10-25 00:00:00+00:00,2014-01-08 00:00:00+00:00,59.66960999999999,67.91,6.306009991099969,0.03153004995549984,50,EMA_TRAIL,True
AVGO,S3,long,RISK_ON,1,2013-10-25 00:00:00+00:00,2013-10-30 00:00:00+00:00,45.67563,44.413221428571426,-1.0,-0.005,3,SL,False
TSS,S3,long,RISK_ON,1,2013-10-25 00:00:00+00:00,2013-11-01 00:00:00+00:00,30.070039999999995,29.766785714285714,-1.0,-0.005,5,SL,False
UAA,S3,long,RISK_ON,1,2013-10-28 00:00:00+00:00,2013-11-07 00:00:00+00:00,20.270249999999997,19.315067857142857,-1.0,-0.005,8,SL,False
HES,S3,long,RISK_ON,1,2013-10-28 00:00:00+00:00,2013-10-30 00:00:00+00:00,83.24315999999999,81.65175,-1.0,-0.005,2,SL,False
ROK,S3,long,RISK_ON,1,2013-10-28 00:00:00+00:00,2013-11-01 00:00:00+00:00,109.79968999999998,109.79968999999998,0.5191035688722109,0.0025955178443610545,4,STOP_AFTER_TP1,True
IR,S3,long,RISK_ON,1,2013-10-28 00:00:00+00:00,2013-11-19 00:00:00+00:00,67.37731,67.37731,0.39469541935866004,0.0019734770967933003,16,STOP_AFTER_TP1,True
BSX,S1,long,RISK_ON,1,2013-10-29 00:00:00+00:00,2013-11-07 00:00:00+00:00,11.801789999999999,11.64,-0.21418358971643192,-0.0010709179485821597,7,SMA50_BREAK,False
DISH,S3,long,RISK_ON,1,2013-10-29 00:00:00+00:00,2013-10-31 00:00:00+00:00,48.478429999999996,47.73661071428572,-1.0,-0.005,2,SL,False
KR,S3,long,RISK_ON,1,2013-10-30 00:00:00+00:00,2013-11-05 00:00:00+00:00,21.466444999999997,21.182517857142855,-1.0,-0.005,4,SL,False
BBY,S3,long,RISK_ON,1,2013-10-30 00:00:00+00:00,2013-11-06 00:00:00+00:00,42.772729999999996,42.772729999999996,0.3025604668350245,0.0015128023341751226,5,STOP_AFTER_TP1,True
ETFC,S3,long,RISK_ON,1,2013-10-30 00:00:00+00:00,2013-11-19 00:00:00+00:00,17.06705,17.38,1.34523971927911,0.006726198596395549,14,EMA_TRAIL,True
AVGO,S3,long,RISK_ON,1,2013-10-30 00:00:00+00:00,2013-11-07 00:00:00+00:00,44.89485,43.88357857142857,-1.0,-0.005,6,SL,False
CRM,S3,long,RISK_ON,1,2013-10-31 00:00:00+00:00,2013-11-19 00:00:00+00:00,53.41335999999999,53.41335999999999,0.565826169526117,0.002829130847630585,13,STOP_AFTER_TP1,True
HBI,S2,long,RISK_ON,1,2013-10-31 00:00:00+00:00,2014-01-08 00:00:00+00:00,17.04703,17.0425,-0.003145869223705754,-1.572934611852877e-05,46,SMA50_BREAK,False
PXD,S3,long,RISK_ON,1,2013-11-01 00:00:00+00:00,2013-11-07 00:00:00+00:00,205.49528999999998,195.4085357142857,-1.0,-0.005,4,SL,False
HCA,S3,long,RISK_ON,1,2013-11-01 00:00:00+00:00,2013-11-05 00:00:00+00:00,47.35731,46.09348571428572,-1.0,-0.005,2,SL,False
MTD,S3,long,RISK_ON,1,2013-11-01 00:00:00+00:00,2013-11-07 00:00:00+00:00,247.83758999999998,243.786575,-1.0,-0.005,4,SL,False
TWX,S3,long,RISK_ON,1,2013-11-01 00:00:00+00:00,2013-11-05 00:00:00+00:00,68.87881,67.74607142857143,-1.0,-0.005,2,SL,False
FCX,S3,long,RISK_ON,1,2013-11-01 00:00:00+00:00,2013-11-07 00:00:00+00:00,36.816779999999994,36.011603571428566,-1.0,-0.005,4,SL,False
WYNN,S3,long,RISK_ON,1,2013-11-01 00:00:00+00:00,2013-11-06 00:00:00+00:00,167.86769999999996,163.65642857142856,-1.0,-0.005,3,SL,False
AAPL,S3,long,RISK_ON,1,2013-11-01 00:00:00+00:00,2013-12-19 00:00:00+00:00,74.3641899,77.7799,2.2891244748294985,0.011445622374147493,33,EMA_TRAIL,True
LRCX,S3,long,RISK_ON,1,2013-11-01 00:00:00+00:00,2013-11-07 00:00:00+00:00,53.67361999999999,52.39116071428572,-1.0,-0.005,4,SL,False
OKE,S3,long,RISK_ON,1,2013-11-01 00:00:00+00:00,2013-11-08 00:00:00+00:00,56.456399999999995,56.456399999999995,0.4005065174591744,0.002002532587295872,5,STOP_AFTER_TP1,True
AMG,S3,long,RISK_ON,1,2013-11-01 00:00:00+00:00,2013-11-05 00:00:00+00:00,198.52832999999998,194.67614285714285,-1.0,-0.005,2,SL,False
NBL,S3,long,RISK_ON,1,2013-11-01 00:00:00+00:00,2013-11-07 00:00:00+00:00,75.26518999999999,72.50656785714287,-1.0,-0.005,4,SL,False
URI,S3,long,RISK_ON,1,2013-11-01 00:00:00+00:00,2013-11-07 00:00:00+00:00,64.49443,64.49443,0.309460342424962,0.0015473017121248101,4,STOP_AFTER_TP1,True
ROK,S3,long,RISK_ON,1,2013-11-04 00:00:00+00:00,2013-12-02 00:00:00+00:00,109.87976999999998,111.85,1.0763618620283473,0.0053818093101417365,19,EMA_TRAIL,True
CBS,S3,long,RISK_ON,1,2013-11-04 00:00:00+00:00,2013-11-07 00:00:00+00:00,59.569509999999994,59.569509999999994,0.284271890364046,0.00142135945182023,3,STOP_AFTER_TP1,True
AAP,S3,long,RISK_ON,1,2013-11-04 00:00:00+00:00,2014-01-29 00:00:00+00:00,99.47937999999998,113.9,1.592620766231633,0.007963103831158166,58,EMA_TRAIL,True
LOW,S3,long,RISK_ON,1,2013-11-04 00:00:00+00:00,2013-11-08 00:00:00+00:00,49.81977,48.722142857142856,-1.0,-0.005,4,SL,False
PPG,S3,long,RISK_ON,1,2013-11-04 00:00:00+00:00,2013-11-07 00:00:00+00:00,91.82172999999999,89.96330714285713,-1.0,-0.005,3,SL,False
GILD,S3,long,RISK_ON,1,2013-11-04 00:00:00+00:00,2013-11-06 00:00:00+00:00,69.40934,68.3993607142857,-1.0,-0.005,2,SL,False
HES,S3,long,RISK_ON,1,2013-11-04 00:00:00+00:00,2013-11-07 00:00:00+00:00,81.81173,79.23082142857143,-1.0,-0.005,3,SL,False
FISV,S3,long,RISK_ON,1,2013-11-04 00:00:00+00:00,2013-11-08 00:00:00+00:00,52.602549999999994,51.832025,-1.0,-0.005,4,SL,False
ECL,S3,long,RISK_ON,1,2013-11-05 00:00:00+00:00,2013-12-03 00:00:00+00:00,105.42531999999999,103.94883928571429,-1.0,-0.005,19,SL,False
KR,S3,long,RISK_ON,1,2013-11-05 00:00:00+00:00,2013-11-07 00:00:00+00:00,21.346324999999997,20.957364285714284,-1.0,-0.005,2,SL,False
HAL,S3,long,RISK_ON,1,2013-11-05 00:00:00+00:00,2013-11-19 00:00:00+00:00,53.18313,53.76,0.7762480473341831,0.0038812402366709153,10,EMA_TRAIL,True
GRMN,S3,long,RISK_ON,1,2013-11-06 00:00:00+00:00,2013-11-07 00:00:00+00:00,47.997949999999996,46.88003571428572,-1.0,-0.005,1,SL,False
WBA,S3,long,RISK_ON,1,2013-11-06 00:00:00+00:00,2013-11-19 00:00:00+00:00,59.89984,58.868317857142856,-1.0,-0.005,9,SL,False
TSS,S3,long,RISK_ON,1,2013-11-06 00:00:00+00:00,2013-12-04 00:00:00+00:00,29.94992,30.63,1.0670679513040606,0.005335339756520304,19,EMA_TRAIL,True
MA,S3,long,RISK_ON,1,2013-11-07 00:00:00+00:00,2014-01-13 00:00:00+00:00,72.204132,81.0,6.770797356963013,0.03385398678481506,44,EMA_TRAIL,True
BA,S3,long,RISK_ON,1,2013-11-07 00:00:00+00:00,2013-11-21 00:00:00+00:00,131.64150999999998,131.64150999999998,0.6082483661928284,0.003041241830964142,10,STOP_AFTER_TP1,True
FLS,S3,long,RISK_ON,1,2013-11-07 00:00:00+00:00,2013-12-04 00:00:00+00:00,68.51845,69.43,1.3877495748892694,0.006938747874446347,18,EMA_TRAIL,True
AAL,S3,long,RISK_ON,1,2013-11-07 00:00:00+00:00,2013-12-02 00:00:00+00:00,22.102079999999997,23.04,1.7730893125055198,0.0088654465625276,16,EMA_TRAIL,True
RCL,S3,long,RISK_ON,1,2013-11-07 00:00:00+00:00,2013-12-05 00:00:00+00:00,42.20215999999999,42.75,1.5353146375235807,0.007676573187617904,19,EMA_TRAIL,True
AOS,S3,long,RISK_ON,1,2013-11-07 00:00:00+00:00,2013-12-03 00:00:00+00:00,25.945919999999997,26.615,2.280349259644191,0.011401746298220956,17,EMA_TRAIL,True
NKE,S3,long,RISK_ON,1,2013-11-07 00:00:00+00:00,2013-12-11 00:00:00+00:00,37.88785,38.42,2.1839420938874774,0.010919710469437387,23,EMA_TRAIL,True
KORS,S3,long,RISK_ON,1,2013-11-07 00:00:00+00:00,2013-11-20 00:00:00+00:00,77.98790999999999,79.09,0.9694578317652565,0.004847289158826282,9,EMA_TRAIL,True
STZ,S3,long,RISK_ON,1,2013-11-07 00:00:00+00:00,2013-12-13 00:00:00+00:00,65.71565,69.32,3.969393985517509,0.019846969927587547,25,EMA_TRAIL,True
URI,S3,long,RISK_ON,1,2013-11-08 00:00:00+00:00,2014-01-27 00:00:00+00:00,63.55349,78.23,4.541062453018886,0.022705312265094427,52,EMA_TRAIL,True
TRIP,S3,long,RISK_ON,1,2013-11-08 00:00:00+00:00,2013-12-03 00:00:00+00:00,84.56447999999999,85.92,0.44266358073661893,0.0022133179036830947,16,EMA_TRAIL,True
FCX,S3,long,RISK_ON,1,2013-11-08 00:00:00+00:00,2013-11-13 00:00:00+00:00,36.61657999999999,35.1525,-1.0,-0.005,3,SL,False
BBY,S3,long,RISK_ON,1,2013-11-08 00:00:00+00:00,2013-11-19 00:00:00+00:00,42.45240999999999,42.45240999999999,0.2761122580210156,0.001380561290105078,7,STOP_AFTER_TP1,True
CXO,S1,long,RISK_ON,1,2013-11-08 00:00:00+00:00,2013-11-12 00:00:00+00:00,110.3102,107.23,-0.4179426885809996,-0.002089713442904998,2,SMA50_BREAK,False
FISV,S3,long,RISK_ON,1,2013-11-08 00:00:00+00:00,2013-12-05 00:00:00+00:00,52.862809999999996,54.14,0.9021318681932574,0.0045106593409662875,18,EMA_TRAIL,True
XEC,S3,long,RISK_ON,1,2013-11-11 00:00:00+00:00,2013-11-18 00:00:00+00:00,105.20509999999999,98.18090714285714,-1.0,-0.005,5,SL,False
PPG,S3,long,RISK_ON,1,2013-11-11 00:00:00+00:00,2013-12-11 00:00:00+00:00,91.17107999999999,91.17107999999999,0.3681228470622959,0.0018406142353114797,21,STOP_AFTER_TP1,True
NOC,S3,long,RISK_ON,1,2013-11-12 00:00:00+00:00,2013-11-13 00:00:00+00:00,109.45934999999999,108.22492142857143,-1.0,-0.005,1,SL,False
AVGO,S3,long,RISK_ON,1,2013-11-12 00:00:00+00:00,2013-11-14 00:00:00+00:00,45.175129999999996,43.41878571428572,-1.0,-0.005,2,SL,False
CBS,S3,long,RISK_ON,1,2013-11-12 00:00:00+00:00,2013-11-19 00:00:00+00:00,58.788729999999994,58.788729999999994,0.6346322255715706,0.003173161127857853,5,STOP_AFTER_TP1,True
LB,S3,long,RISK_ON,1,2013-11-12 00:00:00+00:00,2013-11-21 00:00:00+00:00,63.11304999999999,63.11304999999999,0.31609537375959973,0.0015804768687979988,7,STOP_AFTER_TP1,True
CMG,S3,long,RISK_ON,1,2013-11-12 00:00:00+00:00,2013-11-18 00:00:00+00:00,535.9554199999999,535.9554199999999,0.5200229471338478,0.002600114735669239,4,STOP_AFTER_TP1,True
PFG,S3,long,RISK_ON,1,2013-11-12 00:00:00+00:00,2013-12-05 00:00:00+00:00,47.89785,49.17,1.565341454447259,0.007826707272236295,16,EMA_TRAIL,True
OKE,S3,long,RISK_ON,1,2013-11-12 00:00:00+00:00,2013-11-13 00:00:00+00:00,57.09703999999999,56.27928571428571,-1.0,-0.005,1,SL,False
NBL,S3,long,RISK_ON,1,2013-11-12 00:00:00+00:00,2013-11-19 00:00:00+00:00,73.76368999999998,72.53143928571428,-1.0,-0.005,5,SL,False
KR,S3,long,RISK_ON,1,2013-11-13 00:00:00+00:00,2013-12-04 00:00:00+00:00,21.086064999999998,20.76,-0.5084092435411792,-0.0025420462177058963,14,SMA50_BREAK,False
COP,S3,long,RISK_ON,1,2013-11-13 00:00:00+00:00,2013-11-19 00:00:00+00:00,73.41333999999999,72.0486,-1.0,-0.005,4,SL,False
FCX,S3,long,RISK_ON,1,2013-11-13 00:00:00+00:00,2013-11-27 00:00:00+00:00,36.36633,34.62732142857143,-1.0,-0.005,10,SL,False
WYNN,S3,long,RISK_ON,1,2013-11-14 00:00:00+00:00,2013-11-18 00:00:00+00:00,168.67850999999996,163.9085714285714,-1.0,-0.005,2,SL,False
GILD,S3,long,RISK_ON,1,2013-11-14 00:00:00+00:00,2013-12-11 00:00:00+00:00,69.04898,70.61,0.854135980661601,0.004270679903308005,18,EMA_TRAIL,True
SLB,S3,long,RISK_ON,1,2013-11-15 00:00:00+00:00,2013-11-19 00:00:00+00:00,93.07297999999999,91.53151785714286,-1.0,-0.005,2,SL,False
AMG,S3,long,RISK_ON,1,2013-11-18 00:00:00+00:00,2013-12-03 00:00:00+00:00,200.11991999999998,200.11991999999998,0.34580872203433477,0.0017290436101716738,10,STOP_AFTER_TP1,True
CMG,S3,long,RISK_ON,1,2013-11-18 00:00:00+00:00,2013-11-20 00:00:00+00:00,538.04751,530.7353214285715,-0.6615386989863509,-0.0033076934949317544,2,SL,False
MCK,S3,long,RISK_ON,1,2013-11-18 00:00:00+00:00,2013-12-05 00:00:00+00:00,158.93877999999998,159.98,0.7681103877938043,0.0038405519389690212,12,EMA_TRAIL,True
FLR,S3,long,RISK_ON,1,2013-11-18 00:00:00+00:00,2013-11-19 00:00:00+00:00,78.11804,76.96178928571429,-1.0,-0.005,1,SL,False
FLR,S3,long,RISK_ON,1,2013-11-19 00:00:00+00:00,2013-12-02 00:00:00+00:00,77.11704,77.11704,0.6140204291391816,0.0030701021456959084,8,STOP_AFTER_TP1,True
WHR,S3,long,RISK_ON,1,2013-11-19 00:00:00+00:00,2013-11-20 00:00:00+00:00,149.40925999999996,145.7019,-1.0,-0.005,1,SL,False
OKE,S3,long,RISK_ON,1,2013-11-19 00:00:00+00:00,2013-12-02 00:00:00+00:00,57.13707999999999,57.13707999999999,0.3864316668545865,0.0019321583342729327,8,STOP_AFTER_TP1,True
PCLN,S3,long,RISK_ON,1,2013-11-19 00:00:00+00:00,2013-12-17 00:00:00+00:00,1119.5384199999999,1160.9,1.5182778400091057,0.007591389200045528,19,EMA_TRAIL,True
LMT,S3,long,RISK_ON,1,2013-11-20 00:00:00+00:00,2013-12-04 00:00:00+00:00,137.32718999999997,137.32718999999997,0.5539196432979192,0.002769598216489596,9,STOP_AFTER_TP1,True
LUV,S3,long,RISK_ON,1,2013-11-20 00:00:00+00:00,2013-12-04 00:00:00+00:00,18.02801,18.02801,1.3356142289138369,0.006678071144569185,9,STOP_AFTER_TP1,True
ETFC,S3,long,RISK_ON,1,2013-11-20 00:00:00+00:00,2014-01-27 00:00:00+00:00,17.43742,20.07,5.8506367911928585,0.029253183955964292,44,EMA_TRAIL,True
NOC,S3,long,RISK_ON,1,2013-11-20 00:00:00+00:00,2013-12-04 00:00:00+00:00,109.88977999999999,109.88977999999999,0.40661655026781596,0.00203308275133908,9,STOP_AFTER_TP1,True
CMG,S3,long,RISK_ON,1,2013-11-20 00:00:00+00:00,2013-11-27 00:00:00+00:00,532.19166,523.9862928571429,-1.0,-0.005,5,SL,False
TSCO,S3,long,RISK_ON,1,2013-11-21 00:00:00+00:00,2014-01-13 00:00:00+00:00,72.71264,73.4,0.4783724680656172,0.002391862340328086,34,SMA50_BREAK,True
KORS,S3,long,RISK_ON,1,2013-11-21 00:00:00+00:00,2013-12-23 00:00:00+00:00,80.52044,80.52044,0.29220016989050623,0.0014610008494525312,21,STOP_AFTER_TP1,True
NBL,S3,long,RISK_ON,1,2013-11-21 00:00:00+00:00,2013-11-27 00:00:00+00:00,74.05398,71.626475,-1.0,-0.005,4,SL,False
HAL,S3,long,RISK_ON,1,2013-11-21 00:00:00+00:00,2013-11-25 00:00:00+00:00,54.2542,52.63507142857143,-1.0,-0.005,2,SL,False
ALXN,S3,long,RISK_ON,1,2013-11-21 00:00:00+00:00,2013-12-11 00:00:00+00:00,121.42129999999999,121.42129999999999,0.2941274984711662,0.0014706374923558311,13,STOP_AFTER_TP1,True
BA,S3,long,RISK_ON,1,2013-11-22 00:00:00+00:00,2014-01-24 00:00:00+00:00,136.10596999999999,136.65,0.3723165202680387,0.0018615826013401934,41,EMA_TRAIL,True
ULTA,S3,long,RISK_ON,1,2013-11-22 00:00:00+00:00,2013-12-03 00:00:00+00:00,128.128,125.01,-0.8301779142854419,-0.004150889571427209,6,SMA50_BREAK,False
WBA,S3,long,RISK_ON,1,2013-11-25 00:00:00+00:00,2013-11-27 00:00:00+00:00,59.949889999999996,59.324464285714285,-1.0,-0.005,2,SL,False
INCY,S3,long,RISK_ON,1,2013-11-26 00:00:00+00:00,2013-12-02 00:00:00+00:00,47.567519999999995,45.73732857142857,-1.0,-0.005,3,SL,False
ILMN,S3,long,RISK_ON,1,2013-11-29 00:00:00+00:00,2014-03-10 00:00:00+00:00,98.09799999999998,166.55,14.161694641315037,0.07080847320657518,67,EMA_TRAIL,True
GPN,S3,long,RISK_ON,1,2013-11-29 00:00:00+00:00,2013-12-04 00:00:00+00:00,31.556524999999993,31.105517857142857,-1.0,-0.005,3,SL,False
FLR,S3,long,RISK_ON,1,2013-12-02 00:00:00+00:00,2013-12-11 00:00:00+00:00,77.99792,75.83857142857143,-1.0,-0.005,7,SL,False
INCY,S3,long,RISK_ON,1,2013-12-02 00:00:00+00:00,2014-02-19 00:00:00+00:00,47.28724,61.65,4.258174584131116,0.021290872920655582,53,EMA_TRAIL,True
SBUX,S3,long,RISK_ON,1,2013-12-02 00:00:00+00:00,2013-12-03 00:00:00+00:00,40.575534999999995,40.18627142857142,-1.0,-0.005,1,SL,False
ALK,S3,long,RISK_ON,1,2013-12-02 00:00:00+00:00,2013-12-03 00:00:00+00:00,38.508469999999996,38.021767857142855,-1.0,-0.005,1,SL,False
AGN,S3,long,RISK_ON,1,2013-12-02 00:00:00+00:00,2013-12-04 00:00:00+00:00,163.54337999999998,160.75860714285716,-1.0,-0.005,2,SL,False
ADBE,S3,long,RISK_ON,1,2013-12-02 00:00:00+00:00,2013-12-04 00:00:00+00:00,56.816759999999995,56.199017857142856,-1.0,-0.005,2,SL,False
ICE,S3,long,RISK_ON,1,2013-12-03 00:00:00+00:00,2014-01-13 00:00:00+00:00,42.584542,44.102,2.622990871023869,0.013114954355119347,27,EMA_TRAIL,True
SEE,S3,long,RISK_ON,1,2013-12-03 00:00:00+00:00,2013-12-05 00:00:00+00:00,31.941909999999996,31.356382142857143,-1.0,-0.005,2,SL,False
NDAQ,S3,long,RISK_ON,1,2013-12-03 00:00:00+00:00,2013-12-06 00:00:00+00:00,39.06903,38.28328571428572,-1.0,-0.005,3,SL,False
PRGO,S3,long,RISK_ON,1,2013-12-03 00:00:00+00:00,2013-12-04 00:00:00+00:00,155.38522999999998,153.67741785714287,-1.0,-0.005,1,SL,False
VFC,S3,long,RISK_ON,1,2013-12-04 00:00:00+00:00,2014-01-13 00:00:00+00:00,55.6627071,60.23,3.0904892283389884,0.015452446141694942,26,EMA_TRAIL,True
LNC,S3,long,RISK_ON,1,2013-12-04 00:00:00+00:00,2013-12-18 00:00:00+00:00,51.15109999999999,49.941610714285716,-1.0,-0.005,10,SL,False
GPN,S3,long,RISK_ON,1,2013-12-04 00:00:00+00:00,2013-12-18 00:00:00+00:00,31.116084999999998,30.85255357142857,-1.0,-0.005,10,SL,False
PRGO,S3,long,RISK_ON,1,2013-12-04 00:00:00+00:00,2013-12-11 00:00:00+00:00,155.04488999999998,152.11456071428572,-0.6012462600700703,-0.0030062313003503516,5,SL,False
AMP,S3,long,RISK_ON,1,2013-12-04 00:00:00+00:00,2013-12-11 00:00:00+00:00,107.11701,107.11701,0.4008919008064556,0.002004459504032278,5,STOP_AFTER_TP1,True
AGN,S3,long,RISK_ON,1,2013-12-04 00:00:00+00:00,2013-12-10 00:00:00+00:00,161.21105,161.21105,0.5268409709301399,0.0026342048546507,4,STOP_AFTER_TP1,True
CF,S2,long,RISK_ON,1,2013-12-04 00:00:00+00:00,2014-01-29 00:00:00+00:00,47.461414,45.914,-0.28877439229506763,-0.0014438719614753381,37,SMA50_BREAK,False
AAL,S1,long,RISK_ON,1,2013-12-05 00:00:00+00:00,2013-12-27 00:00:00+00:00,22.372349999999997,24.94,1.8973214798875437,0.009486607399437718,15,EMA_TRAIL,True
UHS,S3,long,RISK_ON,1,2013-12-05 00:00:00+00:00,2013-12-09 00:00:00+00:00,82.29220999999998,82.29220999999998,0.47084169706813905,0.002354208485340695,2,STOP_AFTER_TP1,True
XYL,S3,long,RISK_ON,1,2013-12-05 00:00:00+00:00,2013-12-12 00:00:00+00:00,33.813779999999994,32.79492857142857,-1.0,-0.005,5,SL,False
FISV,S3,long,RISK_ON,1,2013-12-06 00:00:00+00:00,2014-01-13 00:00:00+00:00,55.63557999999999,57.39,1.0289506420414418,0.0051447532102072095,24,EMA_TRAIL,True
DAL,S3,long,RISK_ON,1,2013-12-06 00:00:00+00:00,2013-12-17 00:00:00+00:00,28.258229999999998,27.286285714285714,-1.0,-0.005,7,SL,False
TJX,S3,long,RISK_ON,1,2013-12-06 00:00:00+00:00,2013-12-11 00:00:00+00:00,62.402339999999995,61.40468214285714,-1.0,-0.005,3,SL,False
LMT,S3,long,RISK_ON,1,2013-12-06 00:00:00+00:00,2014-01-24 00:00:00+00:00,138.32818999999998,147.76,2.4643310250766683,0.012321655125383342,32,EMA_TRAIL,True
RCL,S3,long,RISK_ON,1,2013-12-06 00:00:00+00:00,2014-01-24 00:00:00+00:00,43.40335999999999,47.13,2.5080751699720576,0.012540375849860287,32,EMA_TRAIL,True
FLS,S3,long,RISK_ON,1,2013-12-06 00:00:00+00:00,2014-01-13 00:00:00+00:00,71.01093999999999,75.4,1.4233420520965994,0.007116710260482997,24,EMA_TRAIL,True
HP,S3,long,RISK_ON,1,2013-12-06 00:00:00+00:00,2013-12-11 00:00:00+00:00,79.90982999999999,78.6675,-1.0,-0.005,3,SL,False
LUV,S3,long,RISK_ON,1,2013-12-06 00:00:00+00:00,2014-02-03 00:00:00+00:00,18.32831,20.43,2.617715703985742,0.013088578519928711,38,EMA_TRAIL,True
NDAQ,S3,long,RISK_ON,1,2013-12-09 00:00:00+00:00,2014-01-13 00:00:00+00:00,38.94890999999999,38.94890999999999,0.4688044341696149,0.0023440221708480747,23,STOP_AFTER_TP1,True
AES,S3,long,RISK_ON,1,2013-12-09 00:00:00+00:00,2013-12-10 00:00:00+00:00,14.72471,14.490596428571429,-1.0,-0.005,1,SL,False
PFG,S3,long,RISK_ON,1,2013-12-09 00:00:00+00:00,2013-12-10 00:00:00+00:00,49.439389999999996,49.00315714285714,-1.0,-0.005,1,SL,False
CAH,S3,long,RISK_ON,1,2013-12-09 00:00:00+00:00,2014-01-23 00:00:00+00:00,64.33426999999999,66.96,1.7784794013946956,0.008892397006973479,30,EMA_TRAIL,True
VRSN,S3,long,RISK_ON,1,2013-12-09 00:00:00+00:00,2013-12-11 00:00:00+00:00,56.826769999999996,56.21178571428572,-1.0,-0.005,2,SL,False
OKE,S3,long,RISK_ON,1,2013-12-09 00:00:00+00:00,2013-12-11 00:00:00+00:00,59.01895999999999,58.196285714285715,-1.0,-0.005,2,SL,False
MCK,S3,long,RISK_ON,1,2013-12-09 00:00:00+00:00,2013-12-10 00:00:00+00:00,163.19303,159.50683571428573,-1.0,-0.005,1,SL,False
MYL,S3,long,RISK_ON,1,2013-12-09 00:00:00+00:00,2013-12-10 00:00:00+00:00,43.903859999999995,43.217499999999994,-1.0,-0.005,1,SL,False
RTN,S3,long,RISK_ON,1,2013-12-09 00:00:00+00:00,2014-01-24 00:00:00+00:00,86.93684999999998,88.13,0.8600842273599323,0.0043004211367996615,31,SMA50_BREAK,True
BIIB,S3,long,RISK_ON,1,2013-12-09 00:00:00+00:00,2013-12-11 00:00:00+00:00,286.46617999999995,277.8232892857143,-1.0,-0.005,2,SL,False
ROK,S3,long,RISK_ON,1,2013-12-10 00:00:00+00:00,2013-12-11 00:00:00+00:00,111.99187999999998,110.22348928571428,-1.0,-0.005,1,SL,False
MHK,S3,long,RISK_ON,1,2013-12-10 00:00:00+00:00,2013-12-11 00:00:00+00:00,141.16102,138.89280357142857,-1.0,-0.005,1,SL,False
QCOM,S3,long,RISK_ON,1,2013-12-11 00:00:00+00:00,2013-12-17 00:00:00+00:00,73.08301,72.46767857142856,-1.0,-0.005,4,SL,False
VLO,S3,long,RISK_ON,1,2013-12-11 00:00:00+00:00,2014-01-24 00:00:00+00:00,46.08604,49.04,1.4934138816834037,0.007467069408417019,29,EMA_TRAIL,True
GRMN,S3,long,RISK_ON,1,2013-12-11 00:00:00+00:00,2013-12-12 00:00:00+00:00,48.2482,47.68706785714286,-1.0,-0.005,1,SL,False
HOG,S3,long,RISK_ON,1,2013-12-11 00:00:00+00:00,2013-12-12 00:00:00+00:00,68.27820999999999,67.6127357142857,-1.0,-0.005,1,SL,False
BIIB,S3,long,RISK_ON,1,2013-12-11 00:00:00+00:00,2013-12-13 00:00:00+00:00,278.31804,271.96283214285717,-1.0,-0.005,2,SL,False
HOG,S3,long,RISK_ON,1,2013-12-12 00:00:00+00:00,2013-12-17 00:00:00+00:00,68.29822999999999,67.0027357142857,-1.0,-0.005,3,SL,False
GT,S3,long,RISK_ON,1,2013-12-12 00:00:00+00:00,2013-12-18 00:00:00+00:00,22.352329999999995,22.352329999999995,0.35392529288243635,0.0017696264644121817,4,STOP_AFTER_TP1,True
AIZ,S3,long,RISK_ON,1,2013-12-12 00:00:00+00:00,2014-01-23 00:00:00+00:00,64.43437,66.08,1.9569799580610818,0.00978489979030541,27,EMA_TRAIL,True
NLSN,S3,long,RISK_ON,1,2013-12-12 00:00:00+00:00,2014-01-09 00:00:00+00:00,43.002959999999995,44.31,2.4026558944101857,0.012013279472050928,18,EMA_TRAIL,True
CELG,S3,long,RISK_ON,1,2013-12-12 00:00:00+00:00,2013-12-17 00:00:00+00:00,82.84276,81.51708214285715,-1.0,-0.005,3,SL,False
OKE,S3,long,RISK_ON,1,2013-12-12 00:00:00+00:00,2014-02-03 00:00:00+00:00,58.69864,58.69864,2.919717016680745,0.014598585083403726,34,STOP_AFTER_TP1,True
MHK,S3,long,RISK_ON,1,2013-12-16 00:00:00+00:00,2014-01-21 00:00:00+00:00,141.00086,146.23,1.5297611465520902,0.007648805732760451,23,EMA_TRAIL,True
LKQ,S3,long,RISK_ON,1,2013-12-18 00:00:00+00:00,2013-12-19 00:00:00+00:00,33.07304,32.51,-0.39778142348399015,-0.0019889071174199508,1,SMA50_BREAK,False
CELG,S3,long,RISK_ON,1,2013-12-19 00:00:00+00:00,2014-01-13 00:00:00+00:00,82.09201,82.45,0.4047939047346276,0.0020239695236731383,15,EMA_TRAIL,True
BIIB,S3,long,RISK_ON,1,2013-12-19 00:00:00+00:00,2014-02-05 00:00:00+00:00,277.48720999999995,299.93,2.054417976072378,0.010272089880361891,31,EMA_TRAIL,True
ALK,S1,long,RISK_ON,1,2013-12-20 00:00:00+00:00,2013-12-27 00:00:00+00:00,36.78675,36.005,-0.3051041276383143,-0.0015255206381915715,4,SMA50_BREAK,False
DAL,S1,long,RISK_ON,1,2013-12-20 00:00:00+00:00,2013-12-27 00:00:00+00:00,27.57755,27.03,-0.3104095330959864,-0.001552047665479932,4,SMA50_BREAK,False
UAA,S3,long,RISK_ON,1,2013-12-23 00:00:00+00:00,2014-01-13 00:00:00+00:00,21.5039825,21.5039825,0.39923672147882283,0.001996183607394114,13,STOP_AFTER_TP1,True
ABC,S3,long,RISK_ON,1,2013-12-23 00:00:00+00:00,2014-01-14 00:00:00+00:00,70.10002999999999,70.10002999999999,0.39465520377856667,0.0019732760188928334,14,STOP_AFTER_TP1,True
QCOM,S3,long,RISK_ON,1,2013-12-23 00:00:00+00:00,2014-01-03 00:00:00+00:00,72.91283999999999,72.91283999999999,0.3745766429458988,0.001872883214729494,7,STOP_AFTER_TP1,True
PCLN,S3,long,RISK_ON,1,2013-12-24 00:00:00+00:00,2013-12-27 00:00:00+00:00,1181.0799,1171.95,-1.0,-0.005,2,SL,False
AGN,S3,long,RISK_ON,1,2013-12-24 00:00:00+00:00,2014-03-10 00:00:00+00:00,165.0649,208.68,9.935780839654022,0.04967890419827011,50,EMA_TRAIL,True
LKQ,S3,long,RISK_ON,1,2013-12-24 00:00:00+00:00,2013-12-27 00:00:00+00:00,33.393359999999994,32.62,-0.6966628896314296,-0.003483314448157148,2,SMA50_BREAK,False
MU,S3,long,RISK_ON,1,2013-12-24 00:00:00+00:00,2014-01-06 00:00:00+00:00,21.84182,20.800767857142855,-1.0,-0.005,7,SL,False
STZ,S3,long,RISK_ON,1,2013-12-26 00:00:00+00:00,2014-01-02 00:00:00+00:00,70.17009999999999,68.99357857142857,-1.0,-0.005,4,SL,False
AAPL,S3,long,RISK_ON,1,2013-12-27 00:00:00+00:00,2013-12-30 00:00:00+00:00,80.09281279999999,79.28933214285715,-1.0,-0.005,1,SL,False
FB,S3,long,RISK_ON,1,2013-12-27 00:00:00+00:00,2013-12-30 00:00:00+00:00,55.495439999999995,54.31892857142857,-1.0,-0.005,1,SL,False
ALGN,S3,long,RISK_ON,1,2013-12-27 00:00:00+00:00,2014-01-14 00:00:00+00:00,57.2572,57.2572,0.3573949231154787,0.0017869746155773935,11,STOP_AFTER_TP1,True
LNC,S3,long,RISK_ON,1,2013-12-27 00:00:00+00:00,2014-01-02 00:00:00+00:00,51.701649999999994,51.150000000000006,-1.0,-0.005,3,SL,False
GILD,S3,long,RISK_ON,1,2013-12-27 00:00:00+00:00,2014-01-06 00:00:00+00:00,74.52445,73.28945714285715,-1.0,-0.005,5,SL,False
FB,S3,long,RISK_ON,1,2013-12-30 00:00:00+00:00,2014-01-24 00:00:00+00:00,53.763709999999996,54.45,1.5959268988753603,0.007979634494376801,17,EMA_TRAIL,True
CHK,S3,long,RISK_ON,1,2013-12-30 00:00:00+00:00,2014-01-02 00:00:00+00:00,27.077049999999996,26.732853571428574,-1.0,-0.005,2,SL,False
VRSN,S3,long,RISK_ON,1,2013-12-30 00:00:00+00:00,2014-01-24 00:00:00+00:00,59.21915999999999,60.37,1.4163904698307621,0.007081952349153811,17,EMA_TRAIL,True
AAPL,S3,long,RISK_ON,1,2013-12-31 00:00:00+00:00,2014-01-03 00:00:00+00:00,80.2257456,78.26980714285715,-1.0,-0.005,2,SL,False
STX,S3,long,RISK_ON,1,2014-01-02 00:00:00+00:00,2014-01-27 00:00:00+00:00,55.46540999999999,58.05,1.9964913477384871,0.009982456738692436,16,EMA_TRAIL,True
AVGO,S3,long,RISK_ON,1,2014-01-02 00:00:00+00:00,2014-01-29 00:00:00+00:00,52.70264999999999,54.07,1.6532050704608356,0.008266025352304179,18,EMA_TRAIL,True
GM,S3,long,RISK_ON,1,2014-01-02 00:00:00+00:00,2014-01-03 00:00:00+00:00,40.99095,39.924682142857144,-1.0,-0.005,1,SL,False
ADM,S3,long,RISK_ON,1,2014-01-02 00:00:00+00:00,2014-01-08 00:00:00+00:00,43.03299,42.37964642857143,-1.0,-0.005,4,SL,False
CVS,S3,long,RISK_ON,1,2014-01-02 00:00:00+00:00,2014-01-06 00:00:00+00:00,70.4704,69.67911071428573,-1.0,-0.005,2,SL,False
BEN,S3,long,RISK_ON,1,2014-01-02 00:00:00+00:00,2014-01-08 00:00:00+00:00,56.77671999999999,56.77671999999999,0.4413256404924569,0.0022066282024622848,4,STOP_AFTER_TP1,True
FL,S3,long,RISK_ON,1,2014-01-02 00:00:00+00:00,2014-01-08 00:00:00+00:00,40.82078,40.82078,0.4711074960828017,0.0023555374804140085,4,STOP_AFTER_TP1,True
PRU,S3,long,RISK_ON,1,2014-01-02 00:00:00+00:00,2014-01-13 00:00:00+00:00,90.85076,89.45509285714286,-1.0,-0.005,7,SL,False
WYNN,S2,long,RISK_ON,1,2014-01-02 00:00:00+00:00,2014-03-13 00:00:00+00:00,198.13794,232.23,2.552146981409159,0.012760734907045795,48,EMA_TRAIL,True
AMG,S3,long,RISK_ON,1,2014-01-02 00:00:00+00:00,2014-01-10 00:00:00+00:00,213.59337999999997,213.59337999999997,0.3744546296684384,0.001872273148342192,6,STOP_AFTER_TP1,True
HP,S3,long,RISK_ON,1,2014-01-02 00:00:00+00:00,2014-02-04 00:00:00+00:00,82.33224999999999,85.04,2.553766585245634,0.012768832926228171,22,EMA_TRAIL,True
WDC,S3,long,RISK_ON,1,2014-01-02 00:00:00+00:00,2014-01-24 00:00:00+00:00,82.76268,85.0,2.117046257730418,0.01058523128865209,15,EMA_TRAIL,True
RJF,S3,long,RISK_ON,1,2014-01-02 00:00:00+00:00,2014-01-24 00:00:00+00:00,51.60154999999999,52.56,1.2792154431339275,0.0063960772156696375,15,EMA_TRAIL,True
NSC,S3,long,RISK_ON,1,2014-01-02 00:00:00+00:00,2014-01-06 00:00:00+00:00,91.40131,90.46634285714285,-1.0,-0.005,2,SL,False
IT,S3,long,RISK_ON,1,2014-01-02 00:00:00+00:00,2014-01-06 00:00:00+00:00,69.86979999999998,69.009475,-1.0,-0.005,2,SL,False
GT,S3,long,RISK_ON,1,2014-01-03 00:00:00+00:00,2014-01-21 00:00:00+00:00,23.393369999999997,24.18,1.5140873789586864,0.007570436894793432,11,EMA_TRAIL,True
ANDV,S3,long,RISK_ON,1,2014-01-03 00:00:00+00:00,2014-01-13 00:00:00+00:00,57.19714,55.64807142857143,-1.0,-0.005,6,SL,False
ADSK,S3,long,RISK_ON,1,2014-01-03 00:00:00+00:00,2014-01-24 00:00:00+00:00,48.948899999999995,50.44,2.2762427372498557,0.011381213686249279,14,EMA_TRAIL,True
CMCSA,S3,long,RISK_ON,1,2014-01-03 00:00:00+00:00,2014-01-24 00:00:00+00:00,25.560534999999998,26.2,1.8894886772409172,0.009447443386204585,14,EMA_TRAIL,True
GPN,S2,long,RISK_ON,1,2014-01-03 00:00:00+00:00,2014-02-03 00:00:00+00:00,33.343309999999995,31.638928571428572,-1.0,-0.005,20,SL,False
TXT,S3,long,RISK_ON,1,2014-01-03 00:00:00+00:00,2014-01-07 00:00:00+00:00,36.346309999999995,35.363392857142856,-1.0,-0.005,2,SL,False
HII,S3,long,RISK_ON,1,2014-01-03 00:00:00+00:00,2014-02-03 00:00:00+00:00,88.50841999999999,89.71,1.3883092990842594,0.006941546495421297,20,EMA_TRAIL,True
XRX,S3,long,RISK_ON,1,2014-01-03 00:00:00+00:00,2014-01-22 00:00:00+00:00,48.00796,48.00796,0.2769008144518249,0.0013845040722591246,12,STOP_AFTER_TP1,True
ABBV,S3,long,RISK_ON,1,2014-01-03 00:00:00+00:00,2014-01-06 00:00:00+00:00,52.35229999999999,50.981160714285714,-1.0,-0.005,1,SL,False
PH,S3,long,RISK_ON,1,2014-01-03 00:00:00+00:00,2014-01-06 00:00:00+00:00,127.37724999999999,126.11822142857143,-1.0,-0.005,1,SL,False
CTAS,S3,long,RISK_ON,1,2014-01-06 00:00:00+00:00,2014-01-10 00:00:00+00:00,59.099039999999995,59.099039999999995,0.3566619709914891,0.0017833098549574456,4,STOP_AFTER_TP1,True
V,S3,long,RISK_ON,1,2014-01-06 00:00:00+00:00,2014-01-10 00:00:00+00:00,55.0124575,55.0124575,0.45781073609271883,0.002289053680463594,4,STOP_AFTER_TP1,True
SPGI,S3,long,RISK_ON,1,2014-01-06 00:00:00+00:00,2014-01-15 00:00:00+00:00,77.45737999999999,76.29392857142857,-1.0,-0.005,7,SL,False
FDX,S3,long,RISK_ON,1,2014-01-07 00:00:00+00:00,2014-01-24 00:00:00+00:00,140.78063999999998,137.10429642857142,-1.0,-0.005,12,SL,False
CVS,S3,long,RISK_ON,1,2014-01-07 00:00:00+00:00,2014-01-13 00:00:00+00:00,69.73966999999999,68.72588571428571,-1.0,-0.005,4,SL,False
ADBE,S3,long,RISK_ON,1,2014-01-08 00:00:00+00:00,2014-01-24 00:00:00+00:00,58.95889999999999,59.09,0.5947427370498879,0.0029737136852494394,11,EMA_TRAIL,True
GM,S3,long,RISK_ON,1,2014-01-08 00:00:00+00:00,2014-01-13 00:00:00+00:00,40.46042,39.63878928571429,-1.0,-0.005,3,SL,False
NWL,S3,long,RISK_ON,1,2014-01-08 00:00:00+00:00,2014-01-13 00:00:00+00:00,32.04201,31.665196428571427,-1.0,-0.005,3,SL,False
BEN,S3,long,RISK_ON,1,2014-01-08 00:00:00+00:00,2014-01-23 00:00:00+00:00,56.806749999999994,56.806749999999994,0.5437153020178931,0.0027185765100894653,10,STOP_AFTER_TP1,True
TXT,S3,long,RISK_ON,1,2014-01-08 00:00:00+00:00,2014-01-13 00:00:00+00:00,35.81578,34.67404285714286,-1.0,-0.005,3,SL,False
PHM,S3,long,RISK_ON,1,2014-01-09 00:00:00+00:00,2014-01-21 00:00:00+00:00,19.809789999999996,19.0875,-1.0,-0.005,7,SL,False
WYN,S3,long,RISK_ON,1,2014-01-09 00:00:00+00:00,2014-01-24 00:00:00+00:00,72.33225999999999,72.33225999999999,0.5116275574099605,0.0025581377870498023,10,STOP_AFTER_TP1,True
PH,S3,long,RISK_ON,1,2014-01-09 00:00:00+00:00,2014-01-13 00:00:00+00:00,127.05693,125.49114999999999,-1.0,-0.005,2,SL,False
AYI,S2,long,RISK_ON,1,2014-01-09 00:00:00+00:00,2014-03-21 00:00:00+00:00,123.62349999999999,139.49,0.7269434841520097,0.0036347174207600487,49,EMA_TRAIL,True
EXPE,S3,long,RISK_ON,1,2014-01-09 00:00:00+00:00,2014-01-13 00:00:00+00:00,69.61954999999999,68.43946428571428,-1.0,-0.005,2,SL,False
AXP,S3,long,RISK_ON,1,2014-01-10 00:00:00+00:00,2014-01-13 00:00:00+00:00,88.63854999999998,87.50124999999998,-1.0,-0.005,1,SL,False
V,S3,long,RISK_ON,1,2014-01-10 00:00:00+00:00,2014-01-13 00:00:00+00:00,55.337782499999996,54.702124999999995,-1.0,-0.005,1,SL,False
PNR,S3,long,RISK_ON,1,2014-01-10 00:00:00+00:00,2014-01-13 00:00:00+00:00,77.09701999999999,76.32925,-1.0,-0.005,1,SL,False
HRS,S3,long,RISK_ON,1,2014-01-10 00:00:00+00:00,2014-01-24 00:00:00+00:00,69.02895999999998,69.02895999999998,0.3195702877742424,0.0015978514388712121,9,STOP_AFTER_TP1,True
IT,S3,long,RISK_ON,1,2014-01-10 00:00:00+00:00,2014-01-24 00:00:00+00:00,69.93987,68.08057142857143,-1.0,-0.005,9,SL,False
CTAS,S3,long,RISK_ON,1,2014-01-10 00:00:00+00:00,2014-01-13 00:00:00+00:00,59.329269999999994,58.38875,-1.0,-0.005,1,SL,False
SCHW,S3,long,RISK_ON,1,2014-01-10 00:00:00+00:00,2014-01-13 00:00:00+00:00,25.68566,25.240714285714287,-1.0,-0.005,1,SL,False
CTAS,S3,long,RISK_ON,1,2014-01-13 00:00:00+00:00,2014-01-24 00:00:00+00:00,58.53847999999999,57.83375,-1.0,-0.005,8,SL,False
FL,S3,long,RISK_ON,1,2014-01-13 00:00:00+00:00,2014-01-16 00:00:00+00:00,40.660619999999994,40.074642857142855,-1.0,-0.005,3,SL,False
NDAQ,S3,long,RISK_ON,1,2014-01-14 00:00:00+00:00,2014-01-23 00:00:00+00:00,39.77974,38.587017857142854,-1.0,-0.005,6,SL,False
ARNC,S3,long,RISK_ON,1,2014-01-14 00:00:00+00:00,2014-02-03 00:00:00+00:00,30.990959999999998,33.69,2.534358449567078,0.01267179224783539,13,EMA_TRAIL,True
TXT,S3,long,RISK_ON,1,2014-01-14 00:00:00+00:00,2014-01-31 00:00:00+00:00,35.2352,35.5,0.9820539360327083,0.004910269680163542,12,EMA_TRAIL,True
ABC,S3,long,RISK_ON,1,2014-01-15 00:00:00+00:00,2014-01-23 00:00:00+00:00,70.62055,69.64,-0.6839501375104583,-0.0034197506875522916,5,SMA50_BREAK,False
MA,S3,long,RISK_ON,1,2014-01-15 00:00:00+00:00,2014-01-24 00:00:00+00:00,82.419337,79.82185,-1.0,-0.005,6,SL,False
TSCO,S3,long,RISK_ON,1,2014-01-15 00:00:00+00:00,2014-01-21 00:00:00+00:00,75.25518,72.91,-0.686682888121738,-0.0034334144406086902,3,SMA50_BREAK,False
MCK,S3,long,RISK_ON,1,2014-01-16 00:00:00+00:00,2014-02-04 00:00:00+00:00,168.72856,169.44,0.6277436456097203,0.0031387182280486017,12,EMA_TRAIL,True
FLS,S3,long,RISK_ON,1,2014-01-16 00:00:00+00:00,2014-01-21 00:00:00+00:00,77.14706999999999,76.28689642857142,-1.0,-0.005,2,SL,False
MU,S3,long,RISK_ON,1,2014-01-16 00:00:00+00:00,2014-01-17 00:00:00+00:00,23.153129999999997,22.49357142857143,-1.0,-0.005,1,SL,False
AMG,S3,long,RISK_ON,1,2014-01-16 00:00:00+00:00,2014-01-23 00:00:00+00:00,213.14292999999998,208.49593214285716,-1.0,-0.005,4,SL,False
AMP,S3,long,RISK_ON,1,2014-01-16 00:00:00+00:00,2014-01-23 00:00:00+00:00,113.77365999999998,112.79444642857142,-1.0,-0.005,4,SL,False
CELG,S3,long,RISK_ON,1,2014-01-16 00:00:00+00:00,2014-01-24 00:00:00+00:00,83.8838,81.35954285714286,-1.0,-0.005,5,SL,False
FLS,S3,long,RISK_ON,1,2014-01-21 00:00:00+00:00,2014-01-24 00:00:00+00:00,76.77669999999999,75.56011071428571,-1.0,-0.005,3,SL,False
GT,S3,long,RISK_ON,1,2014-01-22 00:00:00+00:00,2014-01-24 00:00:00+00:00,24.444419999999997,23.672682142857145,-1.0,-0.005,2,SL,False
BMY,S3,long,RISK_ON,1,2014-01-22 00:00:00+00:00,2014-01-23 00:00:00+00:00,54.86481,53.68394642857143,-1.0,-0.005,1,SL,False
PHM,S3,long,RISK_ON,1,2014-01-22 00:00:00+00:00,2014-01-24 00:00:00+00:00,19.64963,18.761235714285714,-1.0,-0.005,2,SL,False
NWL,S3,long,RISK_ON,1,2014-01-22 00:00:00+00:00,2014-01-24 00:00:00+00:00,31.921889999999998,31.24089642857143,-1.0,-0.005,2,SL,False
PSX,S3,long,RISK_ON,1,2014-01-22 00:00:00+00:00,2014-01-24 00:00:00+00:00,77.17709999999998,75.327325,-1.0,-0.005,2,SL,False
MYL,S3,long,RISK_ON,1,2014-01-23 00:00:00+00:00,2014-01-24 00:00:00+00:00,45.30525999999999,44.38178571428571,-1.0,-0.005,1,SL,False
AOS,S5,long,DEFENSIVE,1,2014-01-28 00:00:00+00:00,2014-01-29 00:00:00+00:00,24.03401,23.89,-0.09806538600349887,-0.0004903269300174944,1,SMA50_BREAK,False
URI,S1,long,DEFENSIVE,1,2014-02-04 00:00:00+00:00,2014-04-04 00:00:00+00:00,76.94686999999999,91.87,2.388630062723502,0.01194315031361751,42,EMA_TRAIL,True
JNPR,S3,long,RISK_ON,1,2014-02-11 00:00:00+00:00,2014-02-24 00:00:00+00:00,27.687659999999997,26.721378571428573,-1.0,-0.005,8,SL,False
DAL,S3,long,RISK_ON,1,2014-02-11 00:00:00+00:00,2014-03-21 00:00:00+00:00,31.441409999999998,32.73,0.9707365751523263,0.004853682875761631,27,EMA_TRAIL,True
BAC,S3,long,RISK_ON,1,2014-02-11 00:00:00+00:00,2014-02-19 00:00:00+00:00,16.896879999999996,16.419464285714287,-1.0,-0.005,5,SL,False
TSN,S3,long,RISK_ON,1,2014-02-11 00:00:00+00:00,2014-04-02 00:00:00+00:00,36.79675999999999,41.44,2.7656133113417773,0.013828066556708887,35,EMA_TRAIL,True
HII,S3,long,RISK_ON,1,2014-02-11 00:00:00+00:00,2014-03-19 00:00:00+00:00,92.90280999999999,101.07,2.4085731893155584,0.012042865946577792,25,EMA_TRAIL,True
LUV,S3,long,RISK_ON,1,2014-02-11 00:00:00+00:00,2014-03-27 00:00:00+00:00,21.34132,23.16,1.9785691253565707,0.009892845626782854,31,EMA_TRAIL,True
ARNC,S3,long,RISK_ON,1,2014-02-12 00:00:00+00:00,2014-03-19 00:00:00+00:00,33.84381,35.52,2.0428083026100037,0.01021404151305002,24,EMA_TRAIL,True
AAL,S3,long,RISK_ON,1,2014-02-12 00:00:00+00:00,2014-03-14 00:00:00+00:00,34.724689999999995,36.34,1.7904360624707527,0.008952180312353763,21,EMA_TRAIL,True
STZ,S3,long,RISK_ON,1,2014-02-13 00:00:00+00:00,2014-03-19 00:00:00+00:00,79.51943999999999,81.68,1.0390554309117104,0.005195277154558552,23,EMA_TRAIL,True
UAL,S3,long,RISK_ON,1,2014-02-13 00:00:00+00:00,2014-03-13 00:00:00+00:00,45.1451,44.93,-0.08254719243879344,-0.0004127359621939672,19,SMA50_BREAK,False
GILD,S3,long,RISK_ON,1,2014-02-14 00:00:00+00:00,2014-03-03 00:00:00+00:00,81.29120999999998,81.29120999999998,0.5308125898625664,0.002654062949312832,10,STOP_AFTER_TP1,True
HRS,S2,long,RISK_ON,1,2014-02-18 00:00:00+00:00,2014-03-27 00:00:00+00:00,74.03395999999998,71.96,-0.5335882609788678,-0.002667941304894339,27,SMA50_BREAK,False
MYL,S2,long,RISK_ON,1,2014-02-18 00:00:00+00:00,2014-03-13 00:00:00+00:00,48.348299999999995,52.02,1.068354004037618,0.00534177002018809,17,EMA_TRAIL,True
RCL,S3,long,RISK_ON,1,2014-02-18 00:00:00+00:00,2014-03-03 00:00:00+00:00,51.67161999999999,51.67161999999999,0.35043188844006046,0.0017521594422003023,9,STOP_AFTER_TP1,True
AVGO,S3,long,RISK_ON,1,2014-02-19 00:00:00+00:00,2014-04-04 00:00:00+00:00,57.7577,61.8,3.247407142726266,0.016237035713631328,32,EMA_TRAIL,True
SWKS,S3,long,RISK_ON,1,2014-02-19 00:00:00+00:00,2014-04-04 00:00:00+00:00,31.351319999999998,35.9,8.333046356615688,0.04166523178307844,32,EMA_TRAIL,True
NFLX,S3,long,RISK_ON,1,2014-02-19 00:00:00+00:00,2014-03-12 00:00:00+00:00,61.23687569999999,62.3685,1.522632072773325,0.007613160363866625,15,EMA_TRAIL,True
VMC,S3,long,RISK_ON,1,2014-02-19 00:00:00+00:00,2014-03-13 00:00:00+00:00,64.98491999999999,65.79,0.9061754898339147,0.004530877449169574,16,EMA_TRAIL,True
FFIV,S3,long,RISK_ON,1,2014-02-19 00:00:00+00:00,2014-03-03 00:00:00+00:00,109.75965,109.75965,0.8427478193957701,0.0042137390969788505,8,STOP_AFTER_TP1,True
INCY,S3,long,RISK_ON,1,2014-02-21 00:00:00+00:00,2014-02-28 00:00:00+00:00,65.04498,65.04498,0.296647017799308,0.0014832350889965402,5,STOP_AFTER_TP1,True
AZO,S3,long,RISK_ON,1,2014-02-21 00:00:00+00:00,2014-03-04 00:00:00+00:00,539.49896,527.2671464285713,-1.0,-0.005,7,SL,False
CMG,S3,long,RISK_ON,1,2014-02-24 00:00:00+00:00,2014-03-03 00:00:00+00:00,554.9343799999999,554.9343799999999,0.4005055433377243,0.0020025277166886217,5,STOP_AFTER_TP1,True
AAP,S3,long,RISK_ON,1,2014-02-24 00:00:00+00:00,2014-02-26 00:00:00+00:00,126.6265,124.64153571428571,-1.0,-0.005,2,SL,False
MCK,S3,long,RISK_ON,1,2014-02-25 00:00:00+00:00,2014-02-26 00:00:00+00:00,176.90672999999998,174.9378964285714,-1.0,-0.005,1,SL,False
ADSK,S3,long,RISK_ON,1,2014-02-25 00:00:00+00:00,2014-02-28 00:00:00+00:00,54.71465999999999,54.71465999999999,0.348031195333908,0.00174015597666954,3,STOP_AFTER_TP1,True
DISH,S3,long,RISK_ON,1,2014-02-25 00:00:00+00:00,2014-03-24 00:00:00+00:00,57.487429999999996,59.14,1.8187677292145212,0.009093838646072607,19,EMA_TRAIL,True
JNPR,S3,long,RISK_ON,1,2014-02-25 00:00:00+00:00,2014-03-04 00:00:00+00:00,27.117089999999997,26.253307142857143,-1.0,-0.005,5,SL,False
TDG,S3,long,RISK_ON,1,2014-02-25 00:00:00+00:00,2014-04-04 00:00:00+00:00,176.54637,180.69,2.0610178772854924,0.010305089386427461,28,EMA_TRAIL,True
MCK,S3,long,RISK_ON,1,2014-02-26 00:00:00+00:00,2014-03-24 00:00:00+00:00,174.95477999999997,177.54,1.5813537813328955,0.007906768906664478,18,EMA_TRAIL,True
BIIB,S3,long,RISK_ON,1,2014-02-26 00:00:00+00:00,2014-03-03 00:00:00+00:00,343.5532099999999,332.37071785714284,-1.0,-0.005,3,SL,False
AAP,S3,long,RISK_ON,1,2014-02-26 00:00:00+00:00,2014-03-05 00:00:00+00:00,125.91578999999999,125.91578999999999,0.34117315538641085,0.0017058657769320543,5,STOP_AFTER_TP1,True
LMT,S3,long,RISK_ON,1,2014-02-28 00:00:00+00:00,2014-03-21 00:00:00+00:00,162.4623,157.97514642857143,-1.0,-0.005,15,SL,False
SBAC,S3,long,RISK_ON,1,2014-02-28 00:00:00+00:00,2014-03-21 00:00:00+00:00,95.26517,92.23214642857144,-1.0,-0.005,15,SL,False
GOOGL,S3,long,RISK_ON,1,2014-03-03 00:00:00+00:00,2014-03-12 00:00:00+00:00,602.5482462999998,593.1893357142858,-1.0,-0.005,7,SL,False
RHT,S3,long,RISK_ON,1,2014-03-03 00:00:00+00:00,2014-03-11 00:00:00+00:00,58.33828,58.67,0.6078536381691677,0.0030392681908458386,6,EMA_TRAIL,True
FB,S3,long,RISK_ON,1,2014-03-03 00:00:00+00:00,2014-03-14 00:00:00+00:00,67.47740999999999,67.47740999999999,0.6635101166399829,0.003317550583199915,9,STOP_AFTER_TP1,True
ETFC,S3,long,RISK_ON,1,2014-03-03 00:00:00+00:00,2014-03-26 00:00:00+00:00,21.991969999999995,23.53,3.280786460238743,0.016403932301193715,17,EMA_TRAIL,True
DHI,S3,long,RISK_ON,1,2014-03-03 00:00:00+00:00,2014-03-07 00:00:00+00:00,24.314289999999996,23.473860714285713,-1.0,-0.005,4,SL,False
CAT,S3,long,RISK_ON,1,2014-03-03 00:00:00+00:00,2014-05-20 00:00:00+00:00,96.40630999999999,101.56,2.750953062318096,0.01375476531159048,55,SMA50_BREAK,True
BIIB,S3,long,RISK_ON,1,2014-03-03 00:00:00+00:00,2014-03-07 00:00:00+00:00,338.71837999999997,326.1128607142857,-1.0,-0.005,4,SL,False
DIS,S3,long,RISK_ON,1,2014-03-03 00:00:00+00:00,2014-03-13 00:00:00+00:00,79.53945999999999,79.93,0.7366861436734617,0.003683430718367309,8,EMA_TRAIL,True
TMO,S3,long,RISK_ON,1,2014-03-03 00:00:00+00:00,2014-03-13 00:00:00+00:00,123.47334999999998,123.47334999999998,0.33505382792198957,0.0016752691396099478,8,STOP_AFTER_TP1,True
IQV,S3,long,RISK_ON,1,2014-03-03 00:00:00+00:00,2014-03-13 00:00:00+00:00,52.92286999999999,51.4083,-1.0,-0.005,8,SL,False
UAA,S3,long,RISK_ON,1,2014-03-03 00:00:00+00:00,2014-03-25 00:00:00+00:00,28.435907499999995,28.635,0.6463061151040143,0.0032315305755200715,16,EMA_TRAIL,True
ADBE,S3,long,RISK_ON,1,2014-03-03 00:00:00+00:00,2014-03-19 00:00:00+00:00,67.92786,66.36678571428571,-1.0,-0.005,12,SL,False
ADS,S3,long,RISK_ON,1,2014-03-03 00:00:00+00:00,2014-03-24 00:00:00+00:00,278.47819999999996,280.65,0.6954269457637763,0.0034771347288188813,15,EMA_TRAIL,True
FFIV,S3,long,RISK_ON,1,2014-03-03 00:00:00+00:00,2014-03-12 00:00:00+00:00,111.29118,111.29118,0.2786827923297964,0.001393413961648982,7,STOP_AFTER_TP1,True
KORS,S3,long,RISK_ON,1,2014-03-03 00:00:00+00:00,2014-03-24 00:00:00+00:00,98.07798,95.16796428571429,-1.0,-0.005,15,SL,False
MRK,S3,long,RISK_ON,1,2014-03-03 00:00:00+00:00,2014-03-12 00:00:00+00:00,56.47642,56.47642,0.3505481680948205,0.0017527408404741025,7,STOP_AFTER_TP1,True
IDXX,S3,long,RISK_ON,1,2014-03-03 00:00:00+00:00,2014-03-17 00:00:00+00:00,62.35228999999999,62.35228999999999,0.43085966494193567,0.0021542983247096782,10,STOP_AFTER_TP1,True
NVDA,S3,long,RISK_ON,1,2014-03-03 00:00:00+00:00,2014-04-04 00:00:00+00:00,18.308289999999996,18.308289999999996,0.3285113011830807,0.0016425565059154034,24,STOP_AFTER_TP1,True
ORCL,S3,long,RISK_ON,1,2014-03-03 00:00:00+00:00,2014-03-12 00:00:00+00:00,38.54850999999999,38.54850999999999,0.5997865962413584,0.002998932981206792,7,STOP_AFTER_TP1,True
PHM,S3,long,RISK_ON,1,2014-03-03 00:00:00+00:00,2014-03-07 00:00:00+00:00,20.830809999999996,20.232628571428574,-1.0,-0.005,4,SL,False
CAH,S3,long,RISK_ON,1,2014-03-03 00:00:00+00:00,2014-03-20 00:00:00+00:00,71.55148,71.55148,0.2761255881036108,0.0013806279405180542,13,STOP_AFTER_TP1,True
PCLN,S3,long,RISK_ON,1,2014-03-03 00:00:00+00:00,2014-03-10 00:00:00+00:00,1339.5782399999998,1339.5782399999998,0.35102601736215433,0.0017551300868107716,5,STOP_AFTER_TP1,True
AKAM,S3,long,RISK_ON,1,2014-03-03 00:00:00+00:00,2014-03-10 00:00:00+00:00,61.32125999999999,59.29714285714285,-0.44949544139878705,-0.0022474772069939353,5,SL,False
EXPE,S3,long,RISK_ON,1,2014-03-03 00:00:00+00:00,2014-03-06 00:00:00+00:00,76.77669999999999,74.98378928571428,-1.0,-0.005,3,SL,False
INCY,S3,long,RISK_ON,1,2014-03-05 00:00:00+00:00,2014-03-07 00:00:00+00:00,66.60654,62.83478928571429,-1.0,-0.005,2,SL,False
AAP,S3,long,RISK_ON,1,2014-03-05 00:00:00+00:00,2014-03-13 00:00:00+00:00,125.71558999999999,123.90971428571429,-1.0,-0.005,6,SL,False
CBG,S3,long,RISK_ON,1,2014-03-05 00:00:00+00:00,2014-03-12 00:00:00+00:00,27.66764,27.66764,0.41761433182953966,0.002088071659147698,5,STOP_AFTER_TP1,True
ISRG,S3,long,RISK_ON,1,2014-03-05 00:00:00+00:00,2014-03-10 00:00:00+00:00,149.12217319999996,146.10221785714285,-1.0,-0.005,3,SL,False
CRM,S3,long,RISK_ON,1,2014-03-05 00:00:00+00:00,2014-03-07 00:00:00+00:00,63.74367999999999,60.99760357142857,-1.0,-0.005,2,SL,False
FLS,S3,long,RISK_ON,1,2014-03-05 00:00:00+00:00,2014-03-11 00:00:00+00:00,80.81072999999999,79.04468928571428,-1.0,-0.005,4,SL,False
WDC,S3,long,RISK_ON,1,2014-03-05 00:00:00+00:00,2014-03-06 00:00:00+00:00,88.41832999999998,87.16914285714286,-1.0,-0.005,1,SL,False
MNST,S3,long,RISK_ON,1,2014-03-05 00:00:00+00:00,2014-03-13 00:00:00+00:00,24.504479999999997,23.976017857142857,-1.0,-0.005,6,SL,False
MU,S3,long,RISK_ON,1,2014-03-05 00:00:00+00:00,2014-03-06 00:00:00+00:00,24.854829999999996,24.37275,-1.0,-0.005,1,SL,False
XYL,S3,long,RISK_ON,1,2014-03-05 00:00:00+00:00,2014-03-10 00:00:00+00:00,38.5385,38.098035714285714,-1.0,-0.005,3,SL,False
GILD,S3,long,RISK_ON,1,2014-03-05 00:00:00+00:00,2014-03-06 00:00:00+00:00,82.95286999999999,81.72178571428572,-1.0,-0.005,1,SL,False
MLM,S3,long,RISK_ON,1,2014-03-05 00:00:00+00:00,2014-04-03 00:00:00+00:00,121.16104,124.7,1.7251135417427046,0.008625567708713523,21,EMA_TRAIL,True
ADSK,S3,long,RISK_ON,1,2014-03-05 00:00:00+00:00,2014-03-13 00:00:00+00:00,53.49343999999999,51.281346428571425,-1.0,-0.005,6,SL,False
HBI,S3,long,RISK_ON,1,2014-03-06 00:00:00+00:00,2014-03-11 00:00:00+00:00,18.731212499999998,18.473582142857143,-1.0,-0.005,3,SL,False
MU,S3,long,RISK_ON,1,2014-03-06 00:00:00+00:00,2014-03-13 00:00:00+00:00,24.794769999999996,23.984178571428572,-1.0,-0.005,5,SL,False
AZO,S3,long,RISK_ON,1,2014-03-06 00:00:00+00:00,2014-03-13 00:00:00+00:00,542.0414999999999,534.6996428571429,-1.0,-0.005,5,SL,False
DVA,S3,long,RISK_ON,1,2014-03-07 00:00:00+00:00,2014-03-14 00:00:00+00:00,68.84877999999999,67.78928928571428,-1.0,-0.005,5,SL,False
PCLN,S3,long,RISK_ON,1,2014-03-10 00:00:00+00:00,2014-03-12 00:00:00+00:00,1344.78344,1318.7124999999999,-1.0,-0.005,2,SL,False
BLL,S3,long,RISK_ON,1,2014-03-10 00:00:00+00:00,2014-03-11 00:00:00+00:00,27.792765,27.578232142857143,-1.0,-0.005,1,SL,False
SEE,S3,long,RISK_ON,1,2014-03-10 00:00:00+00:00,2014-03-12 00:00:00+00:00,33.30327,32.77,-0.6769668524919495,-0.0033848342624597477,2,SMA50_BREAK,False
PKG,S3,long,RISK_ON,1,2014-03-10 00:00:00+00:00,2014-03-11 00:00:00+00:00,73.92384999999999,72.72964285714285,-1.0,-0.005,1,SL,False
NLSN,S3,long,RISK_ON,1,2014-03-10 00:00:00+00:00,2014-03-12 00:00:00+00:00,46.29624999999999,45.402678571428574,-1.0,-0.005,2,SL,False
ISRG,S3,long,RISK_ON,1,2014-03-10 00:00:00+00:00,2014-03-12 00:00:00+00:00,146.34269649999996,143.7005142857143,-1.0,-0.005,2,SL,False
MAR,S3,long,RISK_ON,1,2014-03-10 00:00:00+00:00,2014-03-12 00:00:00+00:00,54.24418999999999,53.401250000000005,-1.0,-0.005,2,SL,False
MGM,S3,long,RISK_ON,1,2014-03-10 00:00:00+00:00,2014-03-11 00:00:00+00:00,27.737709999999996,27.063053571428572,-1.0,-0.005,1,SL,False
GD,S3,long,RISK_ON,1,2014-03-10 00:00:00+00:00,2014-03-11 00:00:00+00:00,110.52040999999998,109.06982500000001,-1.0,-0.005,1,SL,False
PKG,S3,long,RISK_ON,1,2014-03-11 00:00:00+00:00,2014-03-12 00:00:00+00:00,72.85278,71.97267857142857,-1.0,-0.005,1,SL,False
RJF,S3,long,RISK_ON,1,2014-03-11 00:00:00+00:00,2014-03-12 00:00:00+00:00,53.03297999999999,52.452553571428574,-1.0,-0.005,1,SL,False
CRM,S1,long,RISK_ON,1,2014-03-11 00:00:00+00:00,2014-03-13 00:00:00+00:00,61.081019999999995,59.06,-0.5029514822114693,-0.002514757411057347,2,SMA50_BREAK,False
GT,S3,long,RISK_ON,1,2014-03-11 00:00:00+00:00,2014-03-13 00:00:00+00:00,27.21719,26.731435714285713,-1.0,-0.005,2,SL,False
SIG,S3,long,RISK_ON,1,2014-03-11 00:00:00+00:00,2014-03-26 00:00:00+00:00,97.58748999999999,97.58748999999999,1.0354789514408616,0.005177394757204308,11,STOP_AFTER_TP1,True
INCY,S3,long,RISK_ON,1,2014-03-11 00:00:00+00:00,2014-03-13 00:00:00+00:00,65.55548999999999,62.43,-0.5143520515197681,-0.002571760257598841,2,SMA50_BREAK,False
JCI,S3,long,RISK_ON,1,2014-03-11 00:00:00+00:00,2014-03-12 00:00:00+00:00,44.97683189999999,44.558707142857145,-1.0,-0.005,1,SL,False
PWR,S3,long,RISK_ON,1,2014-03-11 00:00:00+00:00,2014-03-13 00:00:00+00:00,35.975939999999994,35.26116071428571,-1.0,-0.005,2,SL,False
ALK,S3,long,RISK_ON,1,2014-03-11 00:00:00+00:00,2014-03-13 00:00:00+00:00,44.449405,43.538135714285715,-1.0,-0.005,2,SL,False
TRIP,S3,long,RISK_ON,1,2014-03-11 00:00:00+00:00,2014-03-13 00:00:00+00:00,104.83473,102.45355357142857,-1.0,-0.005,2,SL,False
AKAM,S3,long,RISK_ON,1,2014-03-11 00:00:00+00:00,2014-03-25 00:00:00+00:00,60.29022999999999,58.15286428571429,-1.0,-0.005,10,SL,False
RTN,S3,long,RISK_ON,1,2014-03-11 00:00:00+00:00,2014-03-12 00:00:00+00:00,99.24915,98.15929285714286,-1.0,-0.005,1,SL,False
PRGO,S3,long,RISK_ON,1,2014-03-11 00:00:00+00:00,2014-03-14 00:00:00+00:00,164.07390999999998,161.6777607142857,-1.0,-0.005,3,SL,False
LLL,S3,long,RISK_ON,1,2014-03-11 00:00:00+00:00,2014-03-14 00:00:00+00:00,115.18506999999998,113.91017857142857,-1.0,-0.005,3,SL,False
BIIB,S3,long,RISK_ON,1,2014-03-11 00:00:00+00:00,2014-03-21 00:00:00+00:00,336.32599,336.32599,0.376473654074847,0.001882368270374235,8,STOP_AFTER_TP1,True
TXT,S3,long,RISK_ON,1,2014-03-11 00:00:00+00:00,2014-03-13 00:00:00+00:00,39.25921999999999,38.53910714285714,-1.0,-0.005,2,SL,False
ALXN,S3,long,RISK_ON,1,2014-03-11 00:00:00+00:00,2014-03-21 00:00:00+00:00,176.12594999999996,167.74906428571427,-1.0,-0.005,8,SL,False
HP,S3,long,RISK_ON,1,2014-03-11 00:00:00+00:00,2014-03-13 00:00:00+00:00,98.54844999999999,96.96785714285714,-1.0,-0.005,2,SL,False
GD,S3,long,RISK_ON,1,2014-03-11 00:00:00+00:00,2014-03-13 00:00:00+00:00,109.09898999999999,107.99725357142857,-1.0,-0.005,2,SL,False
CTSH,S3,long,RISK_ON,1,2014-03-11 00:00:00+00:00,2014-03-12 00:00:00+00:00,52.382329999999996,51.45785714285714,-1.0,-0.005,1,SL,False
MCHP,S3,long,RISK_ON,1,2014-03-11 00:00:00+00:00,2014-03-27 00:00:00+00:00,46.246199999999995,46.45,0.648784404639019,0.003243922023195095,12,EMA_TRAIL,True
MAR,S3,long,RISK_ON,1,2014-03-12 00:00:00+00:00,2014-04-10 00:00:00+00:00,54.08403,55.32,1.015524012898339,0.005077620064491695,21,EMA_TRAIL,True
RHT,S3,long,RISK_ON,1,2014-03-12 00:00:00+00:00,2014-03-13 00:00:00+00:00,59.159099999999995,57.30053928571429,-1.0,-0.005,1,SL,False
PCLN,S3,long,RISK_ON,1,2014-03-12 00:00:00+00:00,2014-03-13 00:00:00+00:00,1333.9125799999997,1302.2064285714287,-1.0,-0.005,1,SL,False
AGN,S3,long,RISK_ON,1,2014-03-12 00:00:00+00:00,2014-03-24 00:00:00+00:00,212.59237999999996,203.57647500000002,-1.0,-0.005,8,SL,False
ILMN,S3,long,RISK_ON,1,2014-03-12 00:00:00+00:00,2014-03-13 00:00:00+00:00,168.98881999999998,160.34775357142857,-1.0,-0.005,1,SL,False
FFIV,S3,long,RISK_ON,1,2014-03-12 00:00:00+00:00,2014-03-13 00:00:00+00:00,111.73161999999999,109.21297142857144,-1.0,-0.005,1,SL,False
RTN,S3,long,RISK_ON,1,2014-03-12 00:00:00+00:00,2014-03-24 00:00:00+00:00,99.83973999999998,97.18393571428571,-1.0,-0.005,8,SL,False
TRIP,S3,long,RISK_ON,1,2014-03-13 00:00:00+00:00,2014-03-24 00:00:00+00:00,103.31320999999998,100.36932142857144,-1.0,-0.005,7,SL,False
PWR,S3,long,RISK_ON,1,2014-03-13 00:00:00+00:00,2014-04-07 00:00:00+00:00,35.30527,35.58,1.1087187521814355,0.005543593760907177,17,EMA_TRAIL,True
GT,S3,long,RISK_ON,1,2014-03-13 00:00:00+00:00,2014-03-25 00:00:00+00:00,26.73671,26.136435714285714,-1.0,-0.005,8,SL,False
GPN,S3,long,RISK_ON,1,2014-03-13 00:00:00+00:00,2014-03-25 00:00:00+00:00,35.505469999999995,35.505469999999995,0.9813457754510738,0.004906728877255369,8,STOP_AFTER_TP1,True
M,S3,long,RISK_ON,1,2014-03-13 00:00:00+00:00,2014-04-07 00:00:00+00:00,58.268209999999996,58.268209999999996,0.46277196259625103,0.0023138598129812554,17,STOP_AFTER_TP1,True
AMD,S3,long,RISK_ON,1,2014-03-14 00:00:00+00:00,2014-03-28 00:00:00+00:00,3.8538499999999996,3.88,0.9357591744898822,0.004678795872449411,10,EMA_TRAIL,True
PSX,S3,long,RISK_ON,1,2014-03-14 00:00:00+00:00,2014-03-27 00:00:00+00:00,78.76868999999999,76.77658928571428,-1.0,-0.005,9,SL,False
DVA,S3,long,RISK_ON,1,2014-03-14 00:00:00+00:00,2014-03-24 00:00:00+00:00,68.2682,68.2682,0.4591959166086702,0.002295979583043351,6,STOP_AFTER_TP1,True
HP,S3,long,RISK_ON,1,2014-03-14 00:00:00+00:00,2014-04-24 00:00:00+00:00,98.04794999999999,107.02,2.0231103170466183,0.010115551585233092,28,EMA_TRAIL,True
LLL,S3,long,RISK_ON,1,2014-03-14 00:00:00+00:00,2014-03-24 00:00:00+00:00,115.41529999999999,115.41529999999999,0.402259912513753,0.002011299562568765,6,STOP_AFTER_TP1,True
FB,S3,long,RISK_ON,1,2014-03-17 00:00:00+00:00,2014-03-24 00:00:00+00:00,68.8086399,65.52000000000001,-1.0,-0.005,5,SL,False
MYL,S3,long,RISK_ON,1,2014-03-17 00:00:00+00:00,2014-03-24 00:00:00+00:00,53.573519999999995,50.888214285714284,-1.0,-0.005,5,SL,False
GD,S3,long,RISK_ON,1,2014-03-17 00:00:00+00:00,2014-04-08 00:00:00+00:00,108.51840999999999,106.38,-0.6741422389877291,-0.0033707111949386453,16,SMA50_BREAK,False
AAP,S3,long,RISK_ON,1,2014-03-17 00:00:00+00:00,2014-03-26 00:00:00+00:00,126.42629999999998,122.77146428571429,-1.0,-0.005,7,SL,False
MRK,S3,long,RISK_ON,1,2014-03-17 00:00:00+00:00,2014-03-21 00:00:00+00:00,56.31625999999999,54.87946785714286,-1.0,-0.005,4,SL,False
VMC,S3,long,RISK_ON,1,2014-03-17 00:00:00+00:00,2014-03-24 00:00:00+00:00,66.79673,64.92968571428571,-1.0,-0.005,5,SL,False
FFIV,S3,long,RISK_ON,1,2014-03-18 00:00:00+00:00,2014-03-26 00:00:00+00:00,110.89077999999999,106.36868214285715,-1.0,-0.005,6,SL,False
PKG,S3,long,RISK_ON,1,2014-03-18 00:00:00+00:00,2014-03-26 00:00:00+00:00,71.7717,69.66267857142856,-1.0,-0.005,6,SL,False
AZO,S3,long,RISK_ON,1,2014-03-18 00:00:00+00:00,2014-03-19 00:00:00+00:00,538.88835,530.5635357142856,-1.0,-0.005,1,SL,False
TMO,S3,long,RISK_ON,1,2014-03-18 00:00:00+00:00,2014-03-24 00:00:00+00:00,123.85372999999998,121.65857142857143,-1.0,-0.005,4,SL,False
IQV,S3,long,RISK_ON,1,2014-03-18 00:00:00+00:00,2014-03-21 00:00:00+00:00,53.01295999999999,51.508007142857146,-1.0,-0.005,3,SL,False
RJF,S3,long,RISK_ON,1,2014-03-18 00:00:00+00:00,2014-04-04 00:00:00+00:00,52.71265999999999,53.53,1.069237777638418,0.00534618888819209,13,EMA_TRAIL,True
TXT,S3,long,RISK_ON,1,2014-03-18 00:00:00+00:00,2014-03-24 00:00:00+00:00,38.82879,37.69789285714286,-1.0,-0.005,4,SL,False
AAL,S3,long,RISK_ON,1,2014-03-18 00:00:00+00:00,2014-03-27 00:00:00+00:00,37.38735,35.907025000000004,-1.0,-0.005,7,SL,False
VLO,S3,long,RISK_ON,1,2014-03-19 00:00:00+00:00,2014-03-21 00:00:00+00:00,54.39434,54.39434,0.2971727409536076,0.0014858637047680378,2,STOP_AFTER_TP1,True
DIS,S3,long,RISK_ON,1,2014-03-19 00:00:00+00:00,2014-03-25 00:00:00+00:00,80.60051999999999,79.26958928571429,-1.0,-0.005,4,SL,False
MPC,S3,long,RISK_ON,1,2014-03-19 00:00:00+00:00,2014-03-24 00:00:00+00:00,45.870824999999996,45.050535714285715,-1.0,-0.005,3,SL,False
CBG,S3,long,RISK_ON,1,2014-03-19 00:00:00+00:00,2014-03-26 00:00:00+00:00,27.607579999999995,26.947142857142858,-1.0,-0.005,5,SL,False
GOOGL,S3,long,RISK_ON,1,2014-03-19 00:00:00+00:00,2014-03-21 00:00:00+00:00,600.8248245999999,592.6552321428571,-1.0,-0.005,2,SL,False
ARNC,S3,long,RISK_ON,1,2014-03-20 00:00:00+00:00,2014-05-09 00:00:00+00:00,35.76572999999999,39.75,2.835431628358897,0.014177158141794486,35,EMA_TRAIL,True
PRGO,S3,long,RISK_ON,1,2014-03-20 00:00:00+00:00,2014-03-21 00:00:00+00:00,164.164,161.7931392857143,-1.0,-0.005,1,SL,False
FL,S3,long,RISK_ON,1,2014-03-21 00:00:00+00:00,2014-03-26 00:00:00+00:00,45.88584,45.278035714285714,-1.0,-0.005,3,SL,False
AZO,S3,long,RISK_ON,1,2014-03-21 00:00:00+00:00,2014-03-26 00:00:00+00:00,537.39686,523.706,-1.0,-0.005,3,SL,False
LLL,S3,long,RISK_ON,1,2014-03-24 00:00:00+00:00,2014-04-04 00:00:00+00:00,115.93581999999998,116.34,0.6078517536477095,0.0030392587682385474,9,EMA_TRAIL,True
DVA,S3,long,RISK_ON,1,2014-03-24 00:00:00+00:00,2014-04-07 00:00:00+00:00,68.52845999999998,67.71887857142856,-1.0,-0.005,10,SL,False
VLO,S3,long,RISK_ON,1,2014-03-24 00:00:00+00:00,2014-03-27 00:00:00+00:00,54.184129999999996,52.83588928571429,-1.0,-0.005,3,SL,False
MPC,S3,long,RISK_ON,1,2014-03-25 00:00:00+00:00,2014-03-27 00:00:00+00:00,45.36532,43.931867857142855,-1.0,-0.005,2,SL,False
FL,S3,long,RISK_ON,1,2014-03-26 00:00:00+00:00,2014-04-07 00:00:00+00:00,45.12507999999999,45.12507999999999,1.0102649189625437,0.0050513245948127184,8,STOP_AFTER_TP1,True
STZ,S3,long,RISK_ON,1,2014-03-26 00:00:00+00:00,2014-04-07 00:00:00+00:00,82.36228,82.36228,0.49510610566786306,0.0024755305283393155,8,STOP_AFTER_TP1,True
GPN,S1,long,RISK_ON,1,2014-03-27 00:00:00+00:00,2014-04-04 00:00:00+00:00,34.969935,34.14,-0.3782610479107412,-0.001891305239553706,6,SMA50_BREAK,False
ALK,S3,long,RISK_ON,1,2014-03-27 00:00:00+00:00,2014-04-07 00:00:00+00:00,45.835789999999996,45.835789999999996,0.27101771622066584,0.0013550885811033293,7,STOP_AFTER_TP1,True
ISRG,S1,long,RISK_ON,1,2014-03-28 00:00:00+00:00,2014-04-09 00:00:00+00:00,145.1414965,152.2132,1.6367100421455876,0.008183550210727938,8,EMA_TRAIL,True
DISH,S3,long,RISK_ON,1,2014-03-28 00:00:00+00:00,2014-04-04 00:00:00+00:00,61.86179999999999,61.86179999999999,0.28290599024442625,0.0014145299512221313,5,STOP_AFTER_TP1,True
MCHP,S3,long,RISK_ON,1,2014-03-28 00:00:00+00:00,2014-04-04 00:00:00+00:00,46.966919999999995,47.18,0.5829363725304253,0.0029146818626521265,5,EMA_TRAIL,True
VLO,S3,long,RISK_ON,1,2014-03-31 00:00:00+00:00,2014-04-07 00:00:00+00:00,53.153099999999995,53.153099999999995,0.5892189100156406,0.0029460945500782033,5,STOP_AFTER_TP1,True
GT,S1,long,RISK_ON,1,2014-03-31 00:00:00+00:00,2014-04-04 00:00:00+00:00,26.156129999999997,25.56,-0.332018914267573,-0.001660094571337865,4,SMA50_BREAK,False
MGM,S1,long,RISK_ON,1,2014-04-01 00:00:00+00:00,2014-04-04 00:00:00+00:00,26.55653,25.43,-0.5972579353928855,-0.0029862896769644277,3,SMA50_BREAK,False
CVS,S3,long,RISK_ON,1,2014-04-01 00:00:00+00:00,2014-04-08 00:00:00+00:00,74.36429,73.57268214285713,-1.0,-0.005,5,SL,False
UAA,S3,long,RISK_ON,1,2014-04-01 00:00:00+00:00,2014-04-03 00:00:00+00:00,29.028999999999996,28.141075,-1.0,-0.005,2,SL,False
CDNS,S3,long,RISK_ON,1,2014-04-01 00:00:00+00:00,2014-04-04 00:00:00+00:00,15.505489999999998,15.182142857142857,-1.0,-0.005,3,SL,False
FITB,S3,long,RISK_ON,1,2014-04-01 00:00:00+00:00,2014-04-07 00:00:00+00:00,23.103079999999995,22.618214285714284,-1.0,-0.005,4,SL,False
BF.B,S3,long,RISK_ON,1,2014-04-01 00:00:00+00:00,2014-04-08 00:00:00+00:00,44.88484,44.05132142857143,-1.0,-0.005,5,SL,False
XLNX,S3,long,RISK_ON,1,2014-04-02 00:00:00+00:00,2014-04-04 00:00:00+00:00,54.60454999999999,53.754396428571425,-1.0,-0.005,2,SL,False
CMA,S3,long,RISK_ON,1,2014-04-02 00:00:00+00:00,2014-04-07 00:00:00+00:00,52.09203999999999,50.86910714285714,-1.0,-0.005,3,SL,False
XEC,S3,long,RISK_ON,1,2014-04-02 00:00:00+00:00,2014-04-04 00:00:00+00:00,118.44832999999998,115.74089642857143,-1.0,-0.005,2,SL,False
ATVI,S3,long,RISK_ON,1,2014-04-02 00:00:00+00:00,2014-04-04 00:00:00+00:00,20.795774999999995,20.08967857142857,-1.0,-0.005,2,SL,False
EA,S3,long,RISK_ON,1,2014-04-02 00:00:00+00:00,2014-04-07 00:00:00+00:00,29.159129999999998,28.394839285714284,-1.0,-0.005,3,SL,False
CF,S3,long,RISK_ON,1,2014-04-03 00:00:00+00:00,2014-04-04 00:00:00+00:00,52.01596399999999,51.237003571428566,-1.0,-0.005,1,SL,False
LUV,S3,long,RISK_ON,1,2014-04-03 00:00:00+00:00,2014-04-07 00:00:00+00:00,24.03401,23.56292857142857,-1.0,-0.005,2,SL,False
DAL,S3,long,RISK_ON,1,2014-04-03 00:00:00+00:00,2014-04-07 00:00:00+00:00,35.40536999999999,34.46125,-1.0,-0.005,2,SL,False
HRL,S3,long,RISK_ON,1,2014-04-03 00:00:00+00:00,2014-04-04 00:00:00+00:00,24.19417,23.898750000000003,-1.0,-0.005,1,SL,False
AMD,S3,long,RISK_ON,1,2014-04-03 00:00:00+00:00,2014-04-07 00:00:00+00:00,4.004,3.9096428571428574,-1.0,-0.005,2,SL,False
HRL,S3,long,RISK_ON,1,2014-04-04 00:00:00+00:00,2014-04-10 00:00:00+00:00,23.938914999999998,23.72232142857143,-1.0,-0.005,4,SL,False
EW,S3,long,RISK_ON,1,2014-04-04 00:00:00+00:00,2014-04-11 00:00:00+00:00,37.162124999999996,36.57053571428572,-1.0,-0.005,5,SL,False
SIG,S3,long,RISK_ON,1,2014-04-04 00:00:00+00:00,2014-04-07 00:00:00+00:00,104.89479,103.11714285714285,-1.0,-0.005,1,SL,False
UNP,S3,long,RISK_ON,1,2014-04-04 00:00:00+00:00,2014-04-07 00:00:00+00:00,94.119025,93.06444642857143,-1.0,-0.005,1,SL,False
BBT,S3,long,RISK_ON,1,2014-04-04 00:00:00+00:00,2014-04-07 00:00:00+00:00,40.08004,39.697857142857146,-1.0,-0.005,1,SL,False
CPB,S3,long,RISK_ON,1,2014-04-04 00:00:00+00:00,2014-04-11 00:00:00+00:00,44.35431,44.35431,0.5318939374923117,0.002659469687461559,5,STOP_AFTER_TP1,True
BWA,S3,long,RISK_ON,1,2014-04-04 00:00:00+00:00,2014-04-07 00:00:00+00:00,62.162099999999995,61.26325357142857,-1.0,-0.005,1,SL,False
SWKS,S3,long,RISK_ON,1,2014-04-09 00:00:00+00:00,2014-04-11 00:00:00+00:00,36.92688999999999,34.91201785714286,-1.0,-0.005,2,SL,False
AMAT,S3,long,RISK_ON,1,2014-04-09 00:00:00+00:00,2014-04-10 00:00:00+00:00,20.009989999999995,19.51910714285714,-1.0,-0.005,1,SL,False
XLNX,S3,long,RISK_ON,1,2014-04-09 00:00:00+00:00,2014-04-10 00:00:00+00:00,53.563509999999994,52.34175,-1.0,-0.005,1,SL,False
TSN,S3,long,RISK_ON,1,2014-04-09 00:00:00+00:00,2014-05-05 00:00:00+00:00,42.33228999999999,40.356249999999996,-1.0,-0.005,17,SL,False
CVS,S3,long,RISK_ON,1,2014-04-09 00:00:00+00:00,2014-04-11 00:00:00+00:00,74.52445,72.538575,-1.0,-0.005,2,SL,False
STX,S3,long,RISK_ON,1,2014-04-09 00:00:00+00:00,2014-04-10 00:00:00+00:00,55.74568999999999,53.94246428571429,-1.0,-0.005,1,SL,False
WDC,S3,long,RISK_ON,1,2014-04-09 00:00:00+00:00,2014-04-11 00:00:00+00:00,91.34124999999999,87.90161785714285,-1.0,-0.005,2,SL,False
BBT,S3,long,RISK_ON,1,2014-04-09 00:00:00+00:00,2014-04-10 00:00:00+00:00,39.87984,38.846964285714286,-1.0,-0.005,1,SL,False
GLW,S3,long,RISK_ON,1,2014-04-09 00:00:00+00:00,2014-04-11 00:00:00+00:00,21.18116,20.666121428571426,-1.0,-0.005,2,SL,False
FLIR,S3,long,RISK_ON,1,2014-04-09 00:00:00+00:00,2014-04-10 00:00:00+00:00,35.54550999999999,34.32017857142857,-1.0,-0.005,1,SL,False
UNP,S3,long,RISK_ON,1,2014-04-09 00:00:00+00:00,2014-04-11 00:00:00+00:00,93.37828499999999,91.65114285714286,-1.0,-0.005,2,SL,False
FL,S3,long,RISK_ON,1,2014-04-09 00:00:00+00:00,2014-04-11 00:00:00+00:00,46.17613,44.43161071428572,-1.0,-0.005,2,SL,False
GRMN,S3,long,RISK_ON,1,2014-04-17 00:00:00+00:00,2014-04-25 00:00:00+00:00,56.226169999999996,54.120535714285715,-1.0,-0.005,5,SL,False
NRG,S3,long,RISK_ON,1,2014-04-17 00:00:00+00:00,2014-04-21 00:00:00+00:00,32.24221,31.817857142857143,-1.0,-0.005,1,SL,False
ORCL,S3,long,RISK_ON,1,2014-04-17 00:00:00+00:00,2014-06-20 00:00:00+00:00,40.120079999999994,40.120079999999994,0.5140631152612961,0.0025703155763064805,44,STOP_AFTER_TP1,True
GLW,S3,long,RISK_ON,1,2014-04-17 00:00:00+00:00,2014-04-28 00:00:00+00:00,21.06104,20.439678571428573,-1.0,-0.005,6,SL,False
MAR,S3,long,RISK_ON,1,2014-04-17 00:00:00+00:00,2014-04-28 00:00:00+00:00,56.30624999999999,56.30624999999999,0.32527080256032165,0.0016263540128016083,6,STOP_AFTER_TP1,True
STX,S3,long,RISK_ON,1,2014-04-17 00:00:00+00:00,2014-04-24 00:00:00+00:00,55.625569999999996,53.91739285714286,-1.0,-0.005,4,SL,False
WDC,S3,long,RISK_ON,1,2014-04-17 00:00:00+00:00,2014-04-25 00:00:00+00:00,91.14104999999999,87.70360714285714,-1.0,-0.005,5,SL,False
CPB,S3,long,RISK_ON,1,2014-04-17 00:00:00+00:00,2014-05-15 00:00:00+00:00,44.58454,45.03,1.02905545694022,0.0051452772847011,19,EMA_TRAIL,True
MLM,S3,long,RISK_ON,1,2014-04-17 00:00:00+00:00,2014-04-25 00:00:00+00:00,125.67554999999999,123.27000357142857,-1.0,-0.005,5,SL,False
FLIR,S3,long,RISK_ON,1,2014-04-17 00:00:00+00:00,2014-04-25 00:00:00+00:00,35.7357,35.7357,0.47590740103161333,0.002379537005158067,5,STOP_AFTER_TP1,True
EIX,S3,long,RISK_ON,1,2014-04-21 00:00:00+00:00,2014-05-01 00:00:00+00:00,56.406349999999996,56.406349999999996,0.5123711993052238,0.002561855996526119,8,STOP_AFTER_TP1,True
HRL,S3,long,RISK_ON,1,2014-04-21 00:00:00+00:00,2014-04-29 00:00:00+00:00,23.903879999999997,23.69,-0.6989020427979199,-0.0034945102139895996,6,SMA50_BREAK,False
ALK,S3,long,RISK_ON,1,2014-04-21 00:00:00+00:00,2014-04-28 00:00:00+00:00,46.35631,46.35631,0.3280171732565087,0.0016400858662825434,5,STOP_AFTER_TP1,True
BF.B,S3,long,RISK_ON,1,2014-04-21 00:00:00+00:00,2014-06-26 00:00:00+00:00,44.54449999999999,47.005,1.9307044831801385,0.009653522415900694,47,EMA_TRAIL,True
EXC,S3,long,RISK_ON,1,2014-04-22 00:00:00+00:00,2014-04-24 00:00:00+00:00,35.925889999999995,35.925889999999995,0.2693804146847345,0.0013469020734236726,2,STOP_AFTER_TP1,True
EW,S3,long,RISK_ON,1,2014-04-22 00:00:00+00:00,2014-05-22 00:00:00+00:00,39.90986999999999,40.7,0.6491271449405965,0.0032456357247029827,22,EMA_TRAIL,True
MRK,S3,long,RISK_ON,1,2014-04-25 00:00:00+00:00,2014-05-06 00:00:00+00:00,57.297239999999995,57.297239999999995,0.3225396190382267,0.0016126980951911335,7,STOP_AFTER_TP1,True
ALK,S3,long,RISK_ON,1,2014-04-28 00:00:00+00:00,2014-06-11 00:00:00+00:00,46.731685,48.42,1.0308506132984154,0.005154253066492078,31,EMA_TRAIL,True
XEC,S3,long,RISK_ON,1,2014-04-28 00:00:00+00:00,2014-07-11 00:00:00+00:00,118.69857999999998,139.58,4.9051662145706025,0.024525831072853013,52,EMA_TRAIL,True
NVDA,S3,long,RISK_ON,1,2014-04-29 00:00:00+00:00,2014-05-02 00:00:00+00:00,18.70869,18.43,-0.5571682760551011,-0.002785841380275506,3,SMA50_BREAK,False
UNP,S3,long,RISK_ON,1,2014-04-29 00:00:00+00:00,2014-06-17 00:00:00+00:00,95.03994499999999,99.37,1.4429980482515716,0.007214990241257858,34,EMA_TRAIL,True
NRG,S3,long,RISK_ON,1,2014-04-29 00:00:00+00:00,2014-05-19 00:00:00+00:00,32.84281,33.42,1.0621913496499857,0.0053109567482499285,14,EMA_TRAIL,True
GLW,S3,long,RISK_ON,1,2014-04-29 00:00:00+00:00,2014-06-12 00:00:00+00:00,20.88086,21.0,0.16229649205428978,0.000811482460271449,31,SMA50_BREAK,False
EXR,S2,long,RISK_ON,1,2014-04-29 00:00:00+00:00,2014-07-29 00:00:00+00:00,51.51145999999999,52.94,0.9470188138896706,0.004735094069448353,63,SMA50_BREAK,False
HAL,S3,long,RISK_ON,1,2014-05-01 00:00:00+00:00,2014-05-15 00:00:00+00:00,62.97290999999999,61.344835714285715,-1.0,-0.005,10,SL,False
APC,S3,long,RISK_ON,1,2014-05-01 00:00:00+00:00,2014-05-09 00:00:00+00:00,99.64954999999999,99.64954999999999,0.5296427736282497,0.002648213868141249,6,STOP_AFTER_TP1,True
SLB,S3,long,RISK_ON,1,2014-05-01 00:00:00+00:00,2014-05-09 00:00:00+00:00,100.90079999999999,99.75885714285714,-1.0,-0.005,6,SL,False
DVN,S3,long,RISK_ON,1,2014-05-01 00:00:00+00:00,2014-07-11 00:00:00+00:00,69.95988999999999,77.13,5.134771897495391,0.025673859487476955,49,EMA_TRAIL,True
LLY,S3,long,RISK_ON,1,2014-05-01 00:00:00+00:00,2014-05-05 00:00:00+00:00,59.579519999999995,58.11823928571428,-1.0,-0.005,2,SL,False
LUV,S3,long,RISK_ON,1,2014-05-02 00:00:00+00:00,2014-05-09 00:00:00+00:00,24.204179999999997,24.204179999999997,0.2756682370306267,0.0013783411851531337,5,STOP_AFTER_TP1,True
ETR,S3,long,RISK_ON,1,2014-05-02 00:00:00+00:00,2014-07-02 00:00:00+00:00,72.31223999999999,78.66,2.9684245316828797,0.014842122658414399,42,EMA_TRAIL,True
PEG,S3,long,RISK_ON,1,2014-05-05 00:00:00+00:00,2014-05-12 00:00:00+00:00,39.65961999999999,38.18946428571429,-1.0,-0.005,5,SL,False
DRE,S3,long,RISK_ON,1,2014-05-05 00:00:00+00:00,2014-06-12 00:00:00+00:00,17.40739,17.62,0.8430167539917676,0.004215083769958838,27,EMA_TRAIL,True
CXO,S3,long,RISK_ON,1,2014-05-05 00:00:00+00:00,2014-05-12 00:00:00+00:00,131.75162,131.75162,0.309441962290658,0.00154720981145329,5,STOP_AFTER_TP1,True
NEE,S3,long,RISK_ON,1,2014-05-05 00:00:00+00:00,2014-05-12 00:00:00+00:00,98.04794999999999,96.69928571428572,-1.0,-0.005,5,SL,False
RRC,S3,long,RISK_ON,1,2014-05-05 00:00:00+00:00,2014-05-09 00:00:00+00:00,90.70060999999998,87.5017857142857,-1.0,-0.005,4,SL,False
WEC,S3,long,RISK_ON,1,2014-05-05 00:00:00+00:00,2014-05-09 00:00:00+00:00,48.06802,47.056314285714286,-1.0,-0.005,4,SL,False
AEP,S3,long,RISK_ON,1,2014-05-05 00:00:00+00:00,2014-05-12 00:00:00+00:00,53.41335999999999,51.96935357142858,-1.0,-0.005,5,SL,False
GGP,S3,long,RISK_ON,1,2014-05-06 00:00:00+00:00,2014-06-10 00:00:00+00:00,23.04302,23.63,1.8380435551287806,0.009190217775643904,24,EMA_TRAIL,True
EQT,S3,long,RISK_ON,1,2014-05-06 00:00:00+00:00,2014-05-08 00:00:00+00:00,108.34823999999999,106.85846428571429,-1.0,-0.005,2,SL,False
LNT,S3,long,RISK_ON,1,2014-05-07 00:00:00+00:00,2014-05-12 00:00:00+00:00,29.439409999999995,28.6931,-1.0,-0.005,3,SL,False
NFX,S3,long,RISK_ON,1,2014-05-08 00:00:00+00:00,2014-05-16 00:00:00+00:00,33.72368999999999,32.97599642857143,-1.0,-0.005,6,SL,False
MAR,S3,long,RISK_ON,1,2014-05-08 00:00:00+00:00,2014-05-15 00:00:00+00:00,57.947889999999994,57.947889999999994,0.37939344526804697,0.0018969672263402348,5,STOP_AFTER_TP1,True
DTE,S3,long,RISK_ON,1,2014-05-08 00:00:00+00:00,2014-05-09 00:00:00+00:00,78.04796999999999,77.06767857142857,-1.0,-0.005,1,SL,False
VLO,S3,long,RISK_ON,1,2014-05-08 00:00:00+00:00,2014-05-09 00:00:00+00:00,56.866809999999994,55.82625,-1.0,-0.005,1,SL,False
EXC,S3,long,RISK_ON,1,2014-05-09 00:00:00+00:00,2014-05-12 00:00:00+00:00,36.2362,35.78178571428571,-1.0,-0.005,1,SL,False
APC,S3,long,RISK_ON,1,2014-05-09 00:00:00+00:00,2014-05-15 00:00:00+00:00,100.68057999999999,98.213575,-1.0,-0.005,4,SL,False
DAL,S3,long,RISK_ON,1,2014-05-09 00:00:00+00:00,2014-05-15 00:00:00+00:00,37.70767,37.70767,0.2780338937175102,0.001390169468587551,4,STOP_AFTER_TP1,True
URI,S3,long,RISK_ON,1,2014-05-09 00:00:00+00:00,2014-05-15 00:00:00+00:00,93.56347,93.56347,0.2669235182899874,0.001334617591449937,4,STOP_AFTER_TP1,True
O,S3,long,RISK_ON,1,2014-05-09 00:00:00+00:00,2014-05-13 00:00:00+00:00,43.82378,43.82378,0.2857557457936839,0.0014287787289684196,2,STOP_AFTER_TP1,True
WBA,S3,long,RISK_ON,1,2014-05-09 00:00:00+00:00,2014-06-24 00:00:00+00:00,68.72865999999999,72.48,2.2206946434491632,0.011103473217245816,31,EMA_TRAIL,True
HCP,S3,long,RISK_ON,1,2014-05-12 00:00:00+00:00,2014-05-28 00:00:00+00:00,41.96192,41.51325,-1.0,-0.005,11,SL,False
BXP,S3,long,RISK_ON,1,2014-05-13 00:00:00+00:00,2014-05-19 00:00:00+00:00,118.87875999999999,118.87875999999999,0.32271439512640904,0.0016135719756320453,4,STOP_AFTER_TP1,True
FRT,S3,long,RISK_ON,1,2014-05-13 00:00:00+00:00,2014-06-10 00:00:00+00:00,118.09797999999999,119.39,1.3408049842046985,0.006704024921023493,19,EMA_TRAIL,True
HCN,S3,long,RISK_ON,1,2014-05-13 00:00:00+00:00,2014-05-21 00:00:00+00:00,64.064,64.064,0.4562211401753953,0.0022811057008769765,6,STOP_AFTER_TP1,True
O,S3,long,RISK_ON,1,2014-05-13 00:00:00+00:00,2014-05-15 00:00:00+00:00,43.723679999999995,43.16768214285714,-1.0,-0.005,2,SL,False
VTR,S3,long,RISK_ON,1,2014-05-13 00:00:00+00:00,2014-06-02 00:00:00+00:00,66.68661999999999,65.72285714285714,-1.0,-0.005,13,SL,False
AVB,S3,long,RISK_ON,1,2014-05-13 00:00:00+00:00,2014-05-22 00:00:00+00:00,139.27913999999998,139.27913999999998,0.33788372298417535,0.0016894186149208768,7,STOP_AFTER_TP1,True
ESS,S3,long,RISK_ON,1,2014-05-14 00:00:00+00:00,2014-06-10 00:00:00+00:00,179.64946999999998,179.64946999999998,0.2882926467937772,0.001441463233968886,18,STOP_AFTER_TP1,True
MU,S3,long,RISK_ON,1,2014-05-14 00:00:00+00:00,2014-05-15 00:00:00+00:00,26.886859999999995,26.33882857142857,-1.0,-0.005,1,SL,False
SLB,S3,long,RISK_ON,1,2014-05-14 00:00:00+00:00,2014-05-15 00:00:00+00:00,100.84073999999998,99.13464285714286,-1.0,-0.005,1,SL,False
KIM,S3,long,RISK_ON,1,2014-05-14 00:00:00+00:00,2014-06-10 00:00:00+00:00,22.80278,22.80278,0.4500865053190024,0.002250432526595012,18,STOP_AFTER_TP1,True
REG,S3,long,RISK_ON,1,2014-05-14 00:00:00+00:00,2014-05-15 00:00:00+00:00,53.693639999999995,52.86875,-1.0,-0.005,1,SL,False
ORLY,S3,long,RISK_ON,1,2014-05-14 00:00:00+00:00,2014-05-15 00:00:00+00:00,147.91777,146.024075,-1.0,-0.005,1,SL,False
VLO,S3,long,RISK_ON,1,2014-05-14 00:00:00+00:00,2014-05-19 00:00:00+00:00,56.576519999999995,54.87410714285714,-1.0,-0.005,3,SL,False
SWKS,S3,long,RISK_ON,1,2014-05-14 00:00:00+00:00,2014-05-15 00:00:00+00:00,41.96192,41.245335714285716,-1.0,-0.005,1,SL,False
MAA,S3,long,RISK_ON,1,2014-05-14 00:00:00+00:00,2014-06-09 00:00:00+00:00,71.39131999999998,71.86,0.7805418845483791,0.0039027094227418956,17,EMA_TRAIL,True
ARNC,S3,long,RISK_ON,1,2014-05-14 00:00:00+00:00,2014-05-15 00:00:00+00:00,40.720679999999994,40.1775,-1.0,-0.005,1,SL,False
AVGO,S3,long,RISK_ON,1,2014-05-15 00:00:00+00:00,2014-06-24 00:00:00+00:00,67.99793,70.67,1.1896514560201688,0.005948257280100844,27,EMA_TRAIL,True
EQR,S3,long,RISK_ON,1,2014-05-15 00:00:00+00:00,2014-05-22 00:00:00+00:00,61.53146999999999,60.619285714285716,-1.0,-0.005,5,SL,False
FL,S3,long,RISK_ON,1,2014-05-15 00:00:00+00:00,2014-05-21 00:00:00+00:00,48.408359999999995,47.20789285714286,-1.0,-0.005,4,SL,False
REG,S3,long,RISK_ON,1,2014-05-15 00:00:00+00:00,2014-06-11 00:00:00+00:00,53.2532,53.66,0.8001131701796598,0.004000565850898299,18,EMA_TRAIL,True
MAR,S3,long,RISK_ON,1,2014-05-15 00:00:00+00:00,2014-07-17 00:00:00+00:00,57.98792999999999,63.38,3.5213142068614847,0.017606571034307423,43,EMA_TRAIL,True
LUV,S3,long,RISK_ON,1,2014-05-16 00:00:00+00:00,2014-06-12 00:00:00+00:00,24.634609999999995,25.72,1.9491432793385735,0.009745716396692868,18,EMA_TRAIL,True
MU,S3,long,RISK_ON,1,2014-05-16 00:00:00+00:00,2014-07-28 00:00:00+00:00,26.05603,31.98,3.648190580859666,0.018240952904298332,49,EMA_TRAIL,True
ALXN,S3,long,RISK_ON,1,2014-05-16 00:00:00+00:00,2014-05-20 00:00:00+00:00,158.08793,155.85,-0.31360649541687097,-0.001568032477084355,2,SMA50_BREAK,False
IDXX,S3,long,RISK_ON,1,2014-05-16 00:00:00+00:00,2014-07-15 00:00:00+00:00,63.60854499999999,66.405,2.4741584265001118,0.01237079213250056,40,EMA_TRAIL,True
DAL,S3,long,RISK_ON,1,2014-05-16 00:00:00+00:00,2014-06-12 00:00:00+00:00,37.897859999999994,38.5,0.7790367221666205,0.0038951836108331024,18,EMA_TRAIL,True
AEP,S3,long,RISK_ON,1,2014-05-16 00:00:00+00:00,2014-05-19 00:00:00+00:00,52.7527,51.449357142857146,-1.0,-0.005,1,SL,False
SWKS,S3,long,RISK_ON,1,2014-05-16 00:00:00+00:00,2014-06-27 00:00:00+00:00,40.790749999999996,46.06,3.6002450070120977,0.01800122503506049,29,EMA_TRAIL,True
HAL,S3,long,RISK_ON,1,2014-05-16 00:00:00+00:00,2014-07-11 00:00:00+00:00,62.91284999999999,68.99,2.0287663943406375,0.010143831971703187,38,EMA_TRAIL,True
ARNC,S3,long,RISK_ON,1,2014-05-19 00:00:00+00:00,2014-05-20 00:00:00+00:00,40.57053,39.135,-1.0,-0.005,1,SL,False
APC,S3,long,RISK_ON,1,2014-05-19 00:00:00+00:00,2014-07-03 00:00:00+00:00,100.14004,107.58,2.5038431560820453,0.012519215780410226,32,EMA_TRAIL,True
AAL,S3,long,RISK_ON,1,2014-05-19 00:00:00+00:00,2014-06-12 00:00:00+00:00,38.60856999999999,40.2,1.0531356997129602,0.005265678498564801,17,EMA_TRAIL,True
AIV,S3,long,RISK_ON,1,2014-05-20 00:00:00+00:00,2014-08-06 00:00:00+00:00,31.24121,33.38,3.3292204257693863,0.016646102128846933,54,EMA_TRAIL,True
GD,S3,long,RISK_ON,1,2014-05-20 00:00:00+00:00,2014-06-24 00:00:00+00:00,113.19307999999998,116.69,2.3950954843766934,0.011975477421883467,24,EMA_TRAIL,True
CXO,S3,long,RISK_ON,1,2014-05-20 00:00:00+00:00,2014-06-24 00:00:00+00:00,131.14100999999997,136.39,1.4906345566164607,0.007453172783082304,24,EMA_TRAIL,True
KR,S3,long,RISK_ON,1,2014-05-20 00:00:00+00:00,2014-05-23 00:00:00+00:00,23.293269999999996,23.293269999999996,0.40094313793070735,0.0020047156896535368,3,STOP_AFTER_TP1,True
VNO,S3,long,RISK_ON,1,2014-05-20 00:00:00+00:00,2014-06-10 00:00:00+00:00,105.24513999999999,105.61,0.5427372458898972,0.002713686229449486,14,EMA_TRAIL,True
ARE,S3,long,RISK_ON,1,2014-05-20 00:00:00+00:00,2014-05-22 00:00:00+00:00,75.24516999999999,74.53160714285714,-1.0,-0.005,2,SL,False
O,S3,long,RISK_ON,1,2014-05-20 00:00:00+00:00,2014-05-21 00:00:00+00:00,43.723679999999995,43.12589285714285,-1.0,-0.005,1,SL,False
URI,S3,long,RISK_ON,1,2014-05-20 00:00:00+00:00,2014-07-31 00:00:00+00:00,96.47637999999999,105.9,2.7389148098430325,0.013694574049215162,50,SMA50_BREAK,True
NRG,S3,long,RISK_ON,1,2014-05-20 00:00:00+00:00,2014-07-01 00:00:00+00:00,33.59356,36.34,3.6746828651291614,0.018373414325645807,29,EMA_TRAIL,True
EA,S3,long,RISK_ON,1,2014-05-20 00:00:00+00:00,2014-07-08 00:00:00+00:00,34.41438,35.29,0.7548163359023301,0.003774081679511651,33,EMA_TRAIL,True
HCN,S3,long,RISK_ON,1,2014-05-21 00:00:00+00:00,2014-05-28 00:00:00+00:00,64.03397,63.33277142857143,-1.0,-0.005,4,SL,False
BXP,S3,long,RISK_ON,1,2014-05-21 00:00:00+00:00,2014-05-22 00:00:00+00:00,119.26915,118.36446428571429,-1.0,-0.005,1,SL,False
ALXN,S3,long,RISK_ON,1,2014-05-21 00:00:00+00:00,2014-06-13 00:00:00+00:00,156.75659999999996,163.73,1.429185795719671,0.007145928978598355,16,EMA_TRAIL,True
AVB,S3,long,RISK_ON,1,2014-05-22 00:00:00+00:00,2014-06-09 00:00:00+00:00,139.49936,139.49936,0.4891445215687096,0.002445722607843548,11,STOP_AFTER_TP1,True
EQR,S3,long,RISK_ON,1,2014-05-23 00:00:00+00:00,2014-06-10 00:00:00+00:00,61.04097999999999,61.04097999999999,0.5924603583167667,0.0029623017915838337,11,STOP_AFTER_TP1,True
KR,S3,long,RISK_ON,1,2014-05-23 00:00:00+00:00,2014-06-12 00:00:00+00:00,23.448424999999997,23.62,0.5822434254739474,0.002911217127369737,13,EMA_TRAIL,True
BXP,S3,long,RISK_ON,1,2014-05-23 00:00:00+00:00,2014-06-09 00:00:00+00:00,119.02890999999998,119.74,0.6823981635781419,0.0034119908178907093,10,EMA_TRAIL,True
ARNC,S3,long,RISK_ON,1,2014-05-27 00:00:00+00:00,2014-08-07 00:00:00+00:00,40.480439999999994,48.0,4.356815079836318,0.02178407539918159,51,EMA_TRAIL,True
AGN,S3,long,RISK_ON,1,2014-05-28 00:00:00+00:00,2014-06-04 00:00:00+00:00,210.54032999999998,210.54032999999998,0.5289191425129594,0.0026445957125647967,5,STOP_AFTER_TP1,True
SIG,S2,long,RISK_ON,1,2014-05-29 00:00:00+00:00,2014-07-23 00:00:00+00:00,108.47837,107.26,-0.18675980360919786,-0.0009337990180459893,38,SMA50_BREAK,False
CTL,S3,long,RISK_ON,1,2014-06-02 00:00:00+00:00,2014-06-05 00:00:00+00:00,37.657619999999994,37.141214285714284,-1.0,-0.005,3,SL,False
EOG,S3,long,RISK_ON,1,2014-06-02 00:00:00+00:00,2014-07-11 00:00:00+00:00,105.48537999999998,113.65,4.337173279004507,0.021685866395022537,28,EMA_TRAIL,True
ANTM,S3,long,RISK_ON,1,2014-06-02 00:00:00+00:00,2014-06-06 00:00:00+00:00,108.45834999999998,107.00815357142858,-1.0,-0.005,4,SL,False
KORS,S3,long,RISK_ON,1,2014-06-02 00:00:00+00:00,2014-06-16 00:00:00+00:00,94.54445,91.53535714285714,-1.0,-0.005,10,SL,False
ATVI,S3,long,RISK_ON,1,2014-06-02 00:00:00+00:00,2014-07-31 00:00:00+00:00,20.64062,22.38,4.3159888046113775,0.021579944023056886,42,EMA_TRAIL,True
COP,S3,long,RISK_ON,1,2014-06-02 00:00:00+00:00,2014-07-11 00:00:00+00:00,79.55948,84.73,3.7508531427130136,0.018754265713565067,28,EMA_TRAIL,True
HUM,S3,long,RISK_ON,1,2014-06-03 00:00:00+00:00,2014-06-10 00:00:00+00:00,124.52439999999999,124.52439999999999,0.3689557873246112,0.001844778936623056,5,STOP_AFTER_TP1,True
HCN,S3,long,RISK_ON,1,2014-06-03 00:00:00+00:00,2014-06-10 00:00:00+00:00,63.76369999999999,62.75391428571429,-1.0,-0.005,5,SL,False
AWK,S3,long,RISK_ON,1,2014-06-03 00:00:00+00:00,2014-06-04 00:00:00+00:00,48.09804999999999,47.59125,-1.0,-0.005,1,SL,False
LEG,S3,long,RISK_ON,1,2014-06-04 00:00:00+00:00,2014-06-11 00:00:00+00:00,33.89386,33.89386,0.29108859160996947,0.0014554429580498473,5,STOP_AFTER_TP1,True
CDNS,S3,long,RISK_ON,1,2014-06-04 00:00:00+00:00,2014-07-09 00:00:00+00:00,16.516499999999997,17.11,1.8087817205433714,0.009043908602716857,24,EMA_TRAIL,True
CNC,S3,long,RISK_ON,1,2014-06-04 00:00:00+00:00,2014-06-24 00:00:00+00:00,36.601564999999994,36.83,0.4932755476785397,0.0024663777383926986,14,EMA_TRAIL,True
JWN,S3,long,RISK_ON,1,2014-06-04 00:00:00+00:00,2014-06-26 00:00:00+00:00,68.35829,66.8280357142857,-1.0,-0.005,16,SL,False
AWK,S3,long,RISK_ON,1,2014-06-04 00:00:00+00:00,2014-07-03 00:00:00+00:00,47.987939999999995,48.06,0.3972135076518799,0.0019860675382593995,21,EMA_TRAIL,True
K,S3,long,RISK_ON,1,2014-06-05 00:00:00+00:00,2014-06-06 00:00:00+00:00,68.90884,68.45464285714286,-1.0,-0.005,1,SL,False
CTL,S3,long,RISK_ON,1,2014-06-05 00:00:00+00:00,2014-06-11 00:00:00+00:00,37.21718,36.59675,-1.0,-0.005,4,SL,False
MAC,S3,long,RISK_ON,1,2014-06-09 00:00:00+00:00,2014-06-10 00:00:00+00:00,66.53647,65.85815714285714,-1.0,-0.005,1,SL,False
K,S3,long,RISK_ON,1,2014-06-09 00:00:00+00:00,2014-06-11 00:00:00+00:00,68.18812,67.69714285714285,-1.0,-0.005,2,SL,False
LYB,S3,long,RISK_ON,1,2014-06-09 00:00:00+00:00,2014-06-13 00:00:00+00:00,99.01892,99.01892,0.5759313445462426,0.002879656722731213,4,STOP_AFTER_TP1,True
CVS,S3,long,RISK_ON,1,2014-06-10 00:00:00+00:00,2014-06-11 00:00:00+00:00,78.09801999999999,77.43714285714286,-1.0,-0.005,1,SL,False
MSFT,S3,long,RISK_ON,1,2014-06-10 00:00:00+00:00,2014-06-12 00:00:00+00:00,41.151109999999996,40.60178571428571,-1.0,-0.005,2,SL,False
DIS,S3,long,RISK_ON,1,2014-06-11 00:00:00+00:00,2014-06-12 00:00:00+00:00,84.39430999999999,83.76884285714286,-1.0,-0.005,1,SL,False
BLL,S3,long,RISK_ON,1,2014-06-11 00:00:00+00:00,2014-06-13 00:00:00+00:00,30.49046,30.097717857142857,-1.0,-0.005,2,SL,False
COTY,S3,long,RISK_ON,1,2014-06-11 00:00:00+00:00,2014-07-28 00:00:00+00:00,17.237219999999997,17.0,-0.2609152002815679,-0.0013045760014078396,32,SMA50_BREAK,False
HST,S3,long,RISK_ON,1,2014-06-11 00:00:00+00:00,2014-06-13 00:00:00+00:00,22.39237,21.982142857142858,-1.0,-0.005,2,SL,False
WMB,S3,long,RISK_ON,1,2014-06-11 00:00:00+00:00,2014-07-30 00:00:00+00:00,46.82678,56.69,13.881601963612628,0.06940800981806314,34,EMA_TRAIL,True
HBI,S3,long,RISK_ON,1,2014-06-11 00:00:00+00:00,2014-06-12 00:00:00+00:00,21.4739525,21.259589285714288,-1.0,-0.005,1,SL,False
ALL,S3,long,RISK_ON,1,2014-06-11 00:00:00+00:00,2014-06-12 00:00:00+00:00,59.13907999999999,58.595378571428576,-1.0,-0.005,1,SL,False
TIF,S3,long,RISK_ON,1,2014-06-11 00:00:00+00:00,2014-06-12 00:00:00+00:00,99.97987999999998,98.8811857142857,-1.0,-0.005,1,SL,False
TIF,S3,long,RISK_ON,1,2014-06-12 00:00:00+00:00,2014-07-16 00:00:00+00:00,99.04894999999999,100.14,1.2460404650737138,0.0062302023253685695,23,EMA_TRAIL,True
HUM,S3,long,RISK_ON,1,2014-06-12 00:00:00+00:00,2014-06-16 00:00:00+00:00,125.36523999999999,123.9880392857143,-1.0,-0.005,2,SL,False
HBI,S3,long,RISK_ON,1,2014-06-12 00:00:00+00:00,2014-07-31 00:00:00+00:00,21.3288075,24.4275,6.942622480780719,0.034713112403903595,34,EMA_TRAIL,True
UDR,S3,long,RISK_ON,1,2014-06-12 00:00:00+00:00,2014-09-10 00:00:00+00:00,27.477449999999997,29.31,2.637936872201964,0.01318968436100982,62,EMA_TRAIL,True
NFLX,S3,long,RISK_ON,1,2014-06-12 00:00:00+00:00,2014-07-10 00:00:00+00:00,60.41024989999999,62.6499,1.9320512988916394,0.009660256494458197,19,EMA_TRAIL,True
AAPL,S3,long,RISK_ON,1,2014-06-12 00:00:00+00:00,2014-06-13 00:00:00+00:00,92.38229,91.12368571428571,-1.0,-0.005,1,SL,False
TRIP,S3,long,RISK_ON,1,2014-06-12 00:00:00+00:00,2014-06-19 00:00:00+00:00,101.82171999999998,101.82171999999998,0.43623408668532476,0.0021811704334266237,5,STOP_AFTER_TP1,True
LYB,S3,long,RISK_ON,1,2014-06-13 00:00:00+00:00,2014-06-18 00:00:00+00:00,99.05895999999998,98.05768214285715,-1.0,-0.005,3,SL,False
ALL,S3,long,RISK_ON,1,2014-06-13 00:00:00+00:00,2014-07-09 00:00:00+00:00,59.06900999999999,58.35252142857143,-1.0,-0.005,17,SL,False
ANTM,S3,long,RISK_ON,1,2014-06-13 00:00:00+00:00,2014-06-17 00:00:00+00:00,106.98687999999999,105.51857142857143,-1.0,-0.005,2,SL,False
IFF,S3,long,RISK_ON,1,2014-06-13 00:00:00+00:00,2014-06-16 00:00:00+00:00,100.89079,100.16196785714286,-1.0,-0.005,1,SL,False
GRMN,S3,long,RISK_ON,1,2014-06-13 00:00:00+00:00,2014-06-25 00:00:00+00:00,59.329269999999994,59.329269999999994,0.4793502091786031,0.0023967510458930154,8,STOP_AFTER_TP1,True
FL,S3,long,RISK_ON,1,2014-06-13 00:00:00+00:00,2014-06-24 00:00:00+00:00,49.489439999999995,49.489439999999995,0.30123899613143407,0.0015061949806571705,7,STOP_AFTER_TP1,True
DPS,S3,long,RISK_ON,1,2014-06-13 00:00:00+00:00,2014-06-27 00:00:00+00:00,57.837779999999995,58.25,0.7818657912528084,0.003909328956264042,10,EMA_TRAIL,True
AAPL,S3,long,RISK_ON,1,2014-06-13 00:00:00+00:00,2014-06-25 00:00:00+00:00,91.37127999999998,90.09011071428571,-1.0,-0.005,8,SL,False
BLL,S3,long,RISK_ON,1,2014-06-16 00:00:00+00:00,2014-07-23 00:00:00+00:00,30.295264999999997,31.48,1.711815643293522,0.00855907821646761,26,EMA_TRAIL,True
CMI,S3,long,RISK_ON,1,2014-06-16 00:00:00+00:00,2014-07-01 00:00:00+00:00,156.82666999999998,153.57165,-1.0,-0.005,11,SL,False
SLG,S3,long,RISK_ON,1,2014-06-16 00:00:00+00:00,2014-06-26 00:00:00+00:00,110.3102,108.621875,-1.0,-0.005,8,SL,False
MRK,S3,long,RISK_ON,1,2014-06-16 00:00:00+00:00,2014-06-24 00:00:00+00:00,58.128069999999994,58.128069999999994,0.40539511433363873,0.0020269755716681936,6,STOP_AFTER_TP1,True
SLB,S3,long,RISK_ON,1,2014-06-17 00:00:00+00:00,2014-07-18 00:00:00+00:00,106.20609999999998,112.36,6.576630563619675,0.03288315281809838,22,EMA_TRAIL,True
GLW,S3,long,RISK_ON,1,2014-06-17 00:00:00+00:00,2014-07-10 00:00:00+00:00,21.30128,21.63,0.6830808319025987,0.0034154041595129934,16,EMA_TRAIL,True
GGP,S3,long,RISK_ON,1,2014-06-17 00:00:00+00:00,2014-06-26 00:00:00+00:00,23.64362,23.42,-0.3983975933358574,-0.001991987966679287,7,SMA50_BREAK,False
EW,S1,long,RISK_ON,1,2014-06-17 00:00:00+00:00,2014-07-17 00:00:00+00:00,41.07102999999999,42.665,0.7466415837751387,0.0037332079188756935,21,EMA_TRAIL,True
LUV,S3,long,RISK_ON,1,2014-06-18 00:00:00+00:00,2014-07-08 00:00:00+00:00,26.696669999999997,26.696669999999997,0.42554373642779814,0.002127718682138991,13,STOP_AFTER_TP1,True
DIS,S3,long,RISK_ON,1,2014-06-18 00:00:00+00:00,2014-07-16 00:00:00+00:00,83.66358,85.35,1.2277173468900988,0.006138586734450494,19,EMA_TRAIL,True
KR,S2,long,RISK_ON,1,2014-06-19 00:00:00+00:00,2014-08-05 00:00:00+00:00,24.854829999999996,24.355,-0.30118185218390076,-0.0015059092609195038,32,SMA50_BREAK,False
TRIP,S3,long,RISK_ON,1,2014-06-19 00:00:00+00:00,2014-07-08 00:00:00+00:00,103.08297999999999,103.08297999999999,0.4122917696571334,0.002061458848285667,12,STOP_AFTER_TP1,True
UNP,S3,long,RISK_ON,1,2014-06-19 00:00:00+00:00,2014-07-24 00:00:00+00:00,101.13103,101.13103,0.2715501530265255,0.0013577507651326276,24,STOP_AFTER_TP1,True
LYB,S3,long,RISK_ON,1,2014-06-19 00:00:00+00:00,2014-06-25 00:00:00+00:00,98.89879999999998,98.89879999999998,0.4525459039241149,0.0022627295196205746,4,STOP_AFTER_TP1,True
EXC,S3,long,RISK_ON,1,2014-06-20 00:00:00+00:00,2014-06-23 00:00:00+00:00,36.79675999999999,36.31991785714286,-1.0,-0.005,1,SL,False
UAA,S3,long,RISK_ON,1,2014-06-23 00:00:00+00:00,2014-07-08 00:00:00+00:00,29.254224999999998,29.254224999999998,0.40306555450210363,0.002015327772510518,10,STOP_AFTER_TP1,True
HES,S3,long,RISK_ON,1,2014-06-24 00:00:00+00:00,2014-06-25 00:00:00+00:00,96.58648999999998,95.73368928571428,-1.0,-0.005,1,SL,False
FL,S3,long,RISK_ON,1,2014-06-24 00:00:00+00:00,2014-06-26 00:00:00+00:00,49.51946999999999,49.51946999999999,0.5249516737879676,0.002624758368939838,2,STOP_AFTER_TP1,True
AAL,S3,long,RISK_ON,1,2014-06-24 00:00:00+00:00,2014-07-02 00:00:00+00:00,43.222179,42.00857142857143,-1.0,-0.005,6,SL,False
PPL,S3,long,RISK_ON,1,2014-06-24 00:00:00+00:00,2014-07-02 00:00:00+00:00,34.544509999999995,34.544509999999995,0.39511675651630085,0.0019755837825815043,6,STOP_AFTER_TP1,True
CAT,S3,long,RISK_ON,1,2014-06-24 00:00:00+00:00,2014-07-10 00:00:00+00:00,107.91780999999999,107.91780999999999,0.3777704375440725,0.0018888521877203626,11,STOP_AFTER_TP1,True
AMAT,S3,long,RISK_ON,1,2014-06-25 00:00:00+00:00,2014-06-26 00:00:00+00:00,22.607584999999997,22.193214285714284,-1.0,-0.005,1,SL,False
LEG,S3,long,RISK_ON,1,2014-06-25 00:00:00+00:00,2014-07-10 00:00:00+00:00,34.1341,33.52184285714286,-1.0,-0.005,10,SL,False
EQT,S3,long,RISK_ON,1,2014-06-25 00:00:00+00:00,2014-07-01 00:00:00+00:00,106.99689,105.89114285714287,-1.0,-0.005,4,SL,False
MLM,S3,long,RISK_ON,1,2014-06-25 00:00:00+00:00,2014-07-02 00:00:00+00:00,131.06092999999998,129.2899642857143,-1.0,-0.005,5,SL,False
CXO,S3,long,RISK_ON,1,2014-06-26 00:00:00+00:00,2014-07-15 00:00:00+00:00,139.31918,141.86,0.775930205638306,0.00387965102819153,12,EMA_TRAIL,True
DRE,S3,long,RISK_ON,1,2014-06-26 00:00:00+00:00,2014-07-03 00:00:00+00:00,17.96795,17.96795,0.29880593736271077,0.001494029686813554,5,STOP_AFTER_TP1,True
AVGO,S3,long,RISK_ON,1,2014-06-26 00:00:00+00:00,2014-07-17 00:00:00+00:00,71.03095999999998,71.9,0.6785742946668955,0.0033928714733344775,14,EMA_TRAIL,True
AAPL,S3,long,RISK_ON,1,2014-06-26 00:00:00+00:00,2014-07-17 00:00:00+00:00,90.9909,93.0899,1.351653240681474,0.0067582662034073706,14,EMA_TRAIL,True
IFF,S3,long,RISK_ON,1,2014-06-26 00:00:00+00:00,2014-07-10 00:00:00+00:00,103.61350999999999,103.61350999999999,0.4612560928899949,0.0023062804644499745,9,STOP_AFTER_TP1,True
WBA,S3,long,RISK_ON,1,2014-06-26 00:00:00+00:00,2014-07-08 00:00:00+00:00,74.30422999999999,72.17553928571428,-1.0,-0.005,7,SL,False
CNC,S3,long,RISK_ON,1,2014-06-26 00:00:00+00:00,2014-07-16 00:00:00+00:00,37.452414999999995,38.2,0.7100983932838847,0.0035504919664194235,13,EMA_TRAIL,True
AMAT,S3,long,RISK_ON,1,2014-06-26 00:00:00+00:00,2014-07-22 00:00:00+00:00,22.44242,22.44242,0.5433106548802625,0.002716553274401313,17,STOP_AFTER_TP1,True
JWN,S3,long,RISK_ON,1,2014-06-27 00:00:00+00:00,2014-07-15 00:00:00+00:00,68.05798999999999,68.05798999999999,0.28880566828106546,0.0014440283414053274,11,STOP_AFTER_TP1,True
BF.B,S3,long,RISK_ON,1,2014-06-27 00:00:00+00:00,2014-07-16 00:00:00+00:00,47.16711999999999,46.486178571428574,-1.0,-0.005,12,SL,False
HST,S3,long,RISK_ON,1,2014-06-27 00:00:00+00:00,2014-07-30 00:00:00+00:00,22.23221,22.59,0.6901364044797067,0.0034506820223985336,22,EMA_TRAIL,True
SWKS,S3,long,RISK_ON,1,2014-06-30 00:00:00+00:00,2014-09-12 00:00:00+00:00,47.00695999999999,55.02,3.2746389563608256,0.01637319478180413,52,EMA_TRAIL,True
DPS,S3,long,RISK_ON,1,2014-06-30 00:00:00+00:00,2014-07-31 00:00:00+00:00,58.63857999999999,58.76,0.5996829336212611,0.0029984146681063055,22,EMA_TRAIL,True
ANDV,S3,long,RISK_ON,1,2014-07-01 00:00:00+00:00,2014-07-21 00:00:00+00:00,59.71965999999999,57.56217857142857,-1.0,-0.005,13,SL,False
TAP,S3,long,RISK_ON,1,2014-07-01 00:00:00+00:00,2014-07-08 00:00:00+00:00,74.2742,73.13339285714285,-0.8695055088398136,-0.004347527544199068,4,SL,False
CVX,S3,long,RISK_ON,1,2014-07-01 00:00:00+00:00,2014-07-11 00:00:00+00:00,130.67054,128.61303928571428,-1.0,-0.005,7,SL,False
SRE,S3,long,RISK_ON,1,2014-07-01 00:00:00+00:00,2014-07-02 00:00:00+00:00,103.60349999999998,102.74149285714286,-1.0,-0.005,1,SL,False
MO,S3,long,RISK_ON,1,2014-07-02 00:00:00+00:00,2014-07-15 00:00:00+00:00,41.91186999999999,41.91186999999999,0.723839729760394,0.00361919864880197,8,STOP_AFTER_TP1,True
KMI,S3,long,RISK_ON,1,2014-07-02 00:00:00+00:00,2014-07-08 00:00:00+00:00,35.78574999999999,35.48714285714286,-1.0,-0.005,3,SL,False
TRV,S3,long,RISK_ON,1,2014-07-02 00:00:00+00:00,2014-07-08 00:00:00+00:00,94.71462,93.95121428571429,-1.0,-0.005,3,SL,False
MRO,S3,long,RISK_ON,1,2014-07-02 00:00:00+00:00,2014-07-07 00:00:00+00:00,39.65961999999999,39.65961999999999,0.46920629654678825,0.002346031482733941,2,STOP_AFTER_TP1,True
MON,S2,long,RISK_ON,1,2014-07-02 00:00:00+00:00,2014-07-10 00:00:00+00:00,126.65652999999999,122.92821428571429,-1.0,-0.005,5,SL,False
PXD,S3,long,RISK_ON,1,2014-07-02 00:00:00+00:00,2014-07-11 00:00:00+00:00,224.77454999999998,220.7711642857143,-1.0,-0.005,6,SL,False
APA,S3,long,RISK_ON,1,2014-07-02 00:00:00+00:00,2014-07-08 00:00:00+00:00,99.94984999999998,98.67584642857143,-1.0,-0.005,3,SL,False
UHS,S3,long,RISK_ON,1,2014-07-02 00:00:00+00:00,2014-07-08 00:00:00+00:00,96.57647999999999,93.88324285714286,-1.0,-0.005,3,SL,False
LYB,S3,long,RISK_ON,1,2014-07-02 00:00:00+00:00,2014-09-12 00:00:00+00:00,98.84875,111.68,4.816593491018843,0.024082967455094213,50,EMA_TRAIL,True
IPG,S3,long,RISK_ON,1,2014-07-02 00:00:00+00:00,2014-07-08 00:00:00+00:00,19.399379999999997,19.24275,-1.0,-0.005,3,SL,False
FDX,S3,long,RISK_ON,1,2014-07-07 00:00:00+00:00,2014-07-08 00:00:00+00:00,151.83167999999998,150.21428571428572,-1.0,-0.005,1,SL,False
COF,S3,long,RISK_ON,1,2014-07-07 00:00:00+00:00,2014-07-17 00:00:00+00:00,83.65356999999999,83.65356999999999,0.4694741036138766,0.002347370518069383,8,STOP_AFTER_TP1,True
CI,S3,long,RISK_ON,1,2014-07-07 00:00:00+00:00,2014-07-30 00:00:00+00:00,92.52243,92.52243,0.4932366058745797,0.0024661830293728985,17,STOP_AFTER_TP1,True
AET,S3,long,RISK_ON,1,2014-07-07 00:00:00+00:00,2014-07-08 00:00:00+00:00,82.53245,81.26303571428572,-1.0,-0.005,1,SL,False
WFC,S3,long,RISK_ON,1,2014-07-07 00:00:00+00:00,2014-07-08 00:00:00+00:00,52.552499999999995,52.16914285714286,-1.0,-0.005,1,SL,False
HOLX,S3,long,RISK_ON,1,2014-07-07 00:00:00+00:00,2014-08-06 00:00:00+00:00,25.490464999999997,25.490464999999997,0.40647078068492754,0.002032353903424638,22,STOP_AFTER_TP1,True
NSC,S3,long,RISK_ON,1,2014-07-07 00:00:00+00:00,2014-07-08 00:00:00+00:00,103.33322999999999,102.35543214285715,-1.0,-0.005,1,SL,False
NFX,S3,long,RISK_ON,1,2014-07-07 00:00:00+00:00,2014-07-11 00:00:00+00:00,43.133089999999996,42.55267857142857,-1.0,-0.005,4,SL,False
HP,S3,long,RISK_ON,1,2014-07-07 00:00:00+00:00,2014-07-08 00:00:00+00:00,115.56544999999998,114.23732142857143,-1.0,-0.005,1,SL,False
FL,S3,long,RISK_ON,1,2014-07-07 00:00:00+00:00,2014-07-08 00:00:00+00:00,51.101049999999994,50.60071428571428,-1.0,-0.005,1,SL,False
BBY,S3,long,RISK_ON,1,2014-07-08 00:00:00+00:00,2014-07-10 00:00:00+00:00,31.181149999999995,30.660182142857142,-1.0,-0.005,2,SL,False
MRO,S3,long,RISK_ON,1,2014-07-08 00:00:00+00:00,2014-07-30 00:00:00+00:00,39.47944,39.66,0.738214196969166,0.00369107098484583,16,EMA_TRAIL,True
F,S3,long,RISK_ON,1,2014-07-08 00:00:00+00:00,2014-07-30 00:00:00+00:00,17.12711,17.46,1.6690391459074991,0.008345195729537496,16,EMA_TRAIL,True
HUM,S3,long,RISK_ON,1,2014-07-08 00:00:00+00:00,2014-07-10 00:00:00+00:00,127.53740999999998,125.91196428571429,-1.0,-0.005,2,SL,False
APA,S3,long,RISK_ON,1,2014-07-08 00:00:00+00:00,2014-07-11 00:00:00+00:00,98.55845999999998,97.54905714285715,-1.0,-0.005,3,SL,False
TAP,S3,long,RISK_ON,1,2014-07-08 00:00:00+00:00,2014-07-15 00:00:00+00:00,73.24316999999999,72.59803571428571,-1.0,-0.005,5,SL,False
FL,S3,long,RISK_ON,1,2014-07-08 00:00:00+00:00,2014-07-10 00:00:00+00:00,50.760709999999996,50.21339285714286,-1.0,-0.005,2,SL,False
KO,S3,long,RISK_ON,1,2014-07-08 00:00:00+00:00,2014-07-10 00:00:00+00:00,41.981939999999994,41.706960714285714,-1.0,-0.005,2,SL,False
FDX,S3,long,RISK_ON,1,2014-07-08 00:00:00+00:00,2014-07-17 00:00:00+00:00,151.32116999999997,151.32116999999997,0.306058865837821,0.001530294329189105,7,STOP_AFTER_TP1,True
KMI,S3,long,RISK_ON,1,2014-07-08 00:00:00+00:00,2014-07-31 00:00:00+00:00,35.565529999999995,35.98,0.9861384730670633,0.004930692365335316,17,EMA_TRAIL,True
RHI,S3,long,RISK_ON,1,2014-07-09 00:00:00+00:00,2014-07-10 00:00:00+00:00,48.38834,47.781875,-1.0,-0.005,1,SL,False
INTC,S3,long,RISK_ON,1,2014-07-09 00:00:00+00:00,2014-07-10 00:00:00+00:00,30.920889999999996,30.516610714285715,-1.0,-0.005,1,SL,False
TRV,S3,long,RISK_ON,1,2014-07-09 00:00:00+00:00,2014-07-22 00:00:00+00:00,94.79469999999999,93.389,-1.0,-0.005,9,SL,False
FTI,S3,long,RISK_ON,1,2014-07-09 00:00:00+00:00,2014-07-31 00:00:00+00:00,60.550489999999996,60.8,0.34620295040748766,0.0017310147520374383,16,EMA_TRAIL,True
NSC,S3,long,RISK_ON,1,2014-07-10 00:00:00+00:00,2014-07-29 00:00:00+00:00,102.51240999999999,103.46,0.9862594797716115,0.004931297398858058,13,EMA_TRAIL,True
MLM,S3,long,RISK_ON,1,2014-07-10 00:00:00+00:00,2014-07-31 00:00:00+00:00,129.42929999999998,124.32993928571429,-1.0,-0.005,15,SL,False
HCA,S3,long,RISK_ON,1,2014-07-10 00:00:00+00:00,2014-09-30 00:00:00+00:00,55.7557,70.52,4.752406682472294,0.023762033412361473,57,EMA_TRAIL,True
HUM,S3,long,RISK_ON,1,2014-07-10 00:00:00+00:00,2014-07-25 00:00:00+00:00,127.20707999999999,127.20707999999999,0.4716219766928116,0.002358109883464058,11,STOP_AFTER_TP1,True
IFF,S3,long,RISK_ON,1,2014-07-10 00:00:00+00:00,2014-07-31 00:00:00+00:00,104.03393,102.59839642857143,-1.0,-0.005,15,SL,False
HES,S3,long,RISK_ON,1,2014-07-11 00:00:00+00:00,2014-07-31 00:00:00+00:00,97.93784,98.98,1.142108095270343,0.005710540476351715,14,EMA_TRAIL,True
AET,S3,long,RISK_ON,1,2014-07-11 00:00:00+00:00,2014-07-28 00:00:00+00:00,81.69161,81.69161,0.3113250993333127,0.0015566254966665636,11,STOP_AFTER_TP1,True
CHRW,S3,long,RISK_ON,1,2014-07-11 00:00:00+00:00,2014-07-29 00:00:00+00:00,63.50343999999999,64.41,1.124800383786933,0.0056240019189346645,12,EMA_TRAIL,True
YUM,S3,long,RISK_ON,1,2014-07-11 00:00:00+00:00,2014-07-17 00:00:00+00:00,82.43234999999999,82.43234999999999,0.3261915938597058,0.0016309579692985292,4,STOP_AFTER_TP1,True
EA,S3,long,RISK_ON,1,2014-07-11 00:00:00+00:00,2014-07-23 00:00:00+00:00,36.00597,36.00597,0.2983916199442395,0.0014919580997211977,8,STOP_AFTER_TP1,True
JNJ,S3,long,RISK_ON,1,2014-07-11 00:00:00+00:00,2014-07-15 00:00:00+00:00,105.20509999999999,103.96485714285714,-1.0,-0.005,2,SL,False
HAL,S3,long,RISK_ON,1,2014-07-14 00:00:00+00:00,2014-07-29 00:00:00+00:00,69.86979999999998,71.22,0.7876898383730836,0.003938449191865418,11,EMA_TRAIL,True
APA,S3,long,RISK_ON,1,2014-07-14 00:00:00+00:00,2014-08-05 00:00:00+00:00,98.64854999999999,98.64854999999999,0.6048533110494037,0.0030242665552470183,16,STOP_AFTER_TP1,True
PXD,S3,long,RISK_ON,1,2014-07-14 00:00:00+00:00,2014-07-15 00:00:00+00:00,224.88465999999997,217.78757142857143,-1.0,-0.005,1,SL,False
GLW,S3,long,RISK_ON,1,2014-07-14 00:00:00+00:00,2014-07-29 00:00:00+00:00,21.93191,21.401071428571427,-1.0,-0.005,11,SL,False
NFX,S3,long,RISK_ON,1,2014-07-14 00:00:00+00:00,2014-07-15 00:00:00+00:00,42.37232999999999,41.065178571428575,-1.0,-0.005,1,SL,False
EOG,S3,long,RISK_ON,1,2014-07-14 00:00:00+00:00,2014-07-31 00:00:00+00:00,115.80568999999998,112.29785714285714,-1.0,-0.005,13,SL,False
BK,S3,long,RISK_ON,1,2014-07-14 00:00:00+00:00,2014-08-07 00:00:00+00:00,37.67764,38.42,1.1466085453500319,0.00573304272675016,18,EMA_TRAIL,True
KO,S3,long,RISK_ON,1,2014-07-15 00:00:00+00:00,2014-07-22 00:00:00+00:00,42.1421,42.1421,0.29205755283522467,0.0014602877641761234,5,STOP_AFTER_TP1,True
RHI,S3,long,RISK_ON,1,2014-07-16 00:00:00+00:00,2014-07-17 00:00:00+00:00,47.82778,47.036160714285714,-1.0,-0.005,1,SL,False
DVN,S3,long,RISK_ON,1,2014-07-16 00:00:00+00:00,2014-07-31 00:00:00+00:00,77.96789,75.5,-0.9292189339755026,-0.004646094669877513,11,SMA50_BREAK,False
CVX,S3,long,RISK_ON,1,2014-07-16 00:00:00+00:00,2014-07-31 00:00:00+00:00,131.02088999999998,131.02088999999998,0.2745089170780597,0.0013725445853902984,11,STOP_AFTER_TP1,True
VNO,S3,long,RISK_ON,1,2014-07-16 00:00:00+00:00,2014-07-17 00:00:00+00:00,107.62751999999999,105.97,-0.8918579977808545,-0.004459289988904273,1,SMA50_BREAK,False
CNC,S3,long,RISK_ON,1,2014-07-17 00:00:00+00:00,2014-07-25 00:00:00+00:00,39.02899,39.02899,0.2708396666982109,0.0013541983334910547,6,STOP_AFTER_TP1,True
LRCX,S3,long,RISK_ON,1,2014-07-17 00:00:00+00:00,2014-07-23 00:00:00+00:00,70.79072,70.79072,0.46953093147671954,0.002347654657383598,4,STOP_AFTER_TP1,True
PEP,S3,long,RISK_ON,1,2014-07-17 00:00:00+00:00,2014-07-21 00:00:00+00:00,90.07998999999998,89.57973214285714,-1.0,-0.005,2,SL,False
TAP,S3,long,RISK_ON,1,2014-07-18 00:00:00+00:00,2014-07-28 00:00:00+00:00,72.57249999999999,70.79142857142858,-1.0,-0.005,6,SL,False
KSU,S2,long,RISK_ON,1,2014-07-18 00:00:00+00:00,2014-07-28 00:00:00+00:00,116.48637,111.34653571428572,-1.0,-0.005,6,SL,False
BBY,S3,long,RISK_ON,1,2014-07-18 00:00:00+00:00,2014-08-01 00:00:00+00:00,30.120089999999998,29.096075,-1.0,-0.005,10,SL,False
PEP,S3,long,RISK_ON,1,2014-07-21 00:00:00+00:00,2014-07-29 00:00:00+00:00,89.99990999999999,90.14,0.5582523843049202,0.002791261921524601,6,EMA_TRAIL,True
RHI,S3,long,RISK_ON,1,2014-07-21 00:00:00+00:00,2014-07-31 00:00:00+00:00,47.89785,48.65,0.7548547615715899,0.0037742738078579497,8,EMA_TRAIL,True
AAPL,S3,long,RISK_ON,1,2014-07-21 00:00:00+00:00,2014-07-31 00:00:00+00:00,94.03293899999998,95.6,1.112630758515126,0.0055631537925756305,8,EMA_TRAIL,True
CHTR,S3,long,RISK_ON,1,2014-07-21 00:00:00+00:00,2014-07-30 00:00:00+00:00,163.16299999999998,163.16299999999998,0.29926194974056863,0.0014963097487028431,7,STOP_AFTER_TP1,True
VNO,S3,long,RISK_ON,1,2014-07-21 00:00:00+00:00,2014-07-31 00:00:00+00:00,107.06695999999998,106.02,-0.5628992299683648,-0.0028144961498418244,8,SMA50_BREAK,False
FDX,S3,long,RISK_ON,1,2014-07-21 00:00:00+00:00,2014-07-28 00:00:00+00:00,152.50234999999998,150.28821428571428,-1.0,-0.005,5,SL,False
LUV,S3,long,RISK_ON,1,2014-07-21 00:00:00+00:00,2014-08-05 00:00:00+00:00,27.687659999999997,28.13,1.0594789568429694,0.005297394784214847,11,EMA_TRAIL,True
XRX,S2,long,RISK_ON,1,2014-07-22 00:00:00+00:00,2014-07-25 00:00:00+00:00,52.29224,50.74408571428572,-1.0,-0.005,3,SL,False
BRK.B,S3,long,RISK_ON,1,2014-07-23 00:00:00+00:00,2014-07-25 00:00:00+00:00,128.25813,127.51214285714286,-1.0,-0.005,2,SL,False
BLL,S3,long,RISK_ON,1,2014-07-25 00:00:00+00:00,2014-07-29 00:00:00+00:00,31.711679999999998,31.306428571428572,-1.0,-0.005,2,SL,False
COP,S3,long,RISK_ON,1,2014-07-25 00:00:00+00:00,2014-07-28 00:00:00+00:00,86.00591999999999,85.11107142857142,-1.0,-0.005,1,SL,False
NFX,S3,long,RISK_ON,1,2014-07-28 00:00:00+00:00,2014-07-30 00:00:00+00:00,44.044,43.15696428571428,-1.0,-0.005,2,SL,False
CXO,S3,long,RISK_ON,1,2014-07-28 00:00:00+00:00,2014-07-31 00:00:00+00:00,145.18504,141.9914357142857,-1.0,-0.005,3,SL,False
XEC,S3,long,RISK_ON,1,2014-07-29 00:00:00+00:00,2014-07-30 00:00:00+00:00,145.69555,143.67107142857145,-1.0,-0.005,1,SL,False
CHTR,S3,long,RISK_ON,1,2014-07-30 00:00:00+00:00,2014-07-31 00:00:00+00:00,161.93177,159.35671428571428,-1.0,-0.005,1,SL,False
MCO,S1,long,DEFENSIVE,1,2014-08-11 00:00:00+00:00,2014-09-22 00:00:00+00:00,89.39930999999999,94.03,0.8847670993444384,0.004423835496722192,29,EMA_TRAIL,True
KMI,S1,long,DEFENSIVE,1,2014-08-12 00:00:00+00:00,2014-09-12 00:00:00+00:00,38.76872999999999,37.76,-0.22567979345554642,-0.0011283989672777322,22,SMA50_BREAK,False
ABC,S3,long,RISK_ON,1,2014-08-18 00:00:00+00:00,2014-10-01 00:00:00+00:00,76.67659999999998,76.69,0.012346816548436964,6.173408274218482e-05,31,SMA50_BREAK,False
SBAC,S3,long,RISK_ON,1,2014-08-18 00:00:00+00:00,2014-09-22 00:00:00+00:00,109.39929,109.39929,0.30453950425021736,0.001522697521251087,24,STOP_AFTER_TP1,True
SYMC,S3,long,RISK_ON,1,2014-08-18 00:00:00+00:00,2014-09-25 00:00:00+00:00,24.404379999999996,23.739267857142856,-1.0,-0.005,27,SL,False
RHI,S3,long,RISK_ON,1,2014-08-18 00:00:00+00:00,2014-09-25 00:00:00+00:00,49.73968999999999,49.02,-0.4864634420719075,-0.0024323172103595378,27,SMA50_BREAK,False
FB,S3,long,RISK_ON,1,2014-08-18 00:00:00+00:00,2014-09-15 00:00:00+00:00,74.66458999999999,74.66458999999999,0.29271388170933016,0.0014635694085466508,19,STOP_AFTER_TP1,True
CTL,S3,long,RISK_ON,1,2014-08-19 00:00:00+00:00,2014-09-09 00:00:00+00:00,40.70065999999999,39.90625,-1.0,-0.005,14,SL,False
CMG,S3,long,RISK_ON,1,2014-08-19 00:00:00+00:00,2014-08-20 00:00:00+00:00,681.76108,675.1882357142857,-1.0,-0.005,1,SL,False
CTXS,S3,long,RISK_ON,1,2014-08-20 00:00:00+00:00,2014-08-27 00:00:00+00:00,69.55948999999998,69.55948999999998,0.26975997374714455,0.0013487998687357228,5,STOP_AFTER_TP1,True
CMG,S3,long,RISK_ON,1,2014-08-20 00:00:00+00:00,2014-08-22 00:00:00+00:00,679.0884099999998,679.0884099999998,0.3772433484915,0.0018862167424575,2,STOP_AFTER_TP1,True
APD,S3,long,RISK_ON,1,2014-08-20 00:00:00+00:00,2014-08-27 00:00:00+00:00,133.94380999999998,132.4252285714286,-1.0,-0.005,5,SL,False
UAA,S3,long,RISK_ON,1,2014-08-21 00:00:00+00:00,2014-08-29 00:00:00+00:00,34.75471999999999,34.15385357142857,-1.0,-0.005,6,SL,False
AMT,S3,long,RISK_ON,1,2014-08-22 00:00:00+00:00,2014-09-09 00:00:00+00:00,98.22812999999998,98.22812999999998,0.5128271532067694,0.002564135766033847,11,STOP_AFTER_TP1,True
CHRW,S3,long,RISK_ON,1,2014-08-22 00:00:00+00:00,2014-08-28 00:00:00+00:00,68.51845,67.79357142857143,-1.0,-0.005,4,SL,False
COO,S3,long,RISK_ON,1,2014-08-22 00:00:00+00:00,2014-08-25 00:00:00+00:00,162.24208,160.6939642857143,-1.0,-0.005,1,SL,False
DLR,S3,long,RISK_ON,1,2014-08-22 00:00:00+00:00,2014-08-29 00:00:00+00:00,65.95589,65.30942142857143,-1.0,-0.005,5,SL,False
EQR,S3,long,RISK_ON,1,2014-08-22 00:00:00+00:00,2014-09-03 00:00:00+00:00,66.49643,65.80982142857142,-1.0,-0.005,7,SL,False
RMD,S3,long,RISK_ON,1,2014-08-25 00:00:00+00:00,2014-09-16 00:00:00+00:00,51.50145,52.1,0.9727679419274571,0.004863839709637286,15,EMA_TRAIL,True
DPS,S3,long,RISK_ON,1,2014-08-25 00:00:00+00:00,2014-09-12 00:00:00+00:00,61.020959999999995,61.88,0.9409852746332237,0.0047049263731661186,13,EMA_TRAIL,True
CMG,S3,long,RISK_ON,1,2014-08-25 00:00:00+00:00,2014-09-10 00:00:00+00:00,676.9162399999999,668.78325,-1.0,-0.005,11,SL,False
AVB,S3,long,RISK_ON,1,2014-08-26 00:00:00+00:00,2014-09-10 00:00:00+00:00,153.30315,153.30315,0.6362462079815783,0.0031812310399078913,10,STOP_AFTER_TP1,True
INTC,S3,long,RISK_ON,1,2014-08-27 00:00:00+00:00,2014-09-10 00:00:00+00:00,34.82478999999999,34.82478999999999,0.2846145468790519,0.0014230727343952595,9,STOP_AFTER_TP1,True
EW,S3,long,RISK_ON,1,2014-08-27 00:00:00+00:00,2014-08-28 00:00:00+00:00,48.80875999999999,48.41973214285714,-1.0,-0.005,1,SL,False
MTD,S3,long,RISK_ON,1,2014-08-27 00:00:00+00:00,2014-09-04 00:00:00+00:00,270.82054999999997,270.82054999999997,0.29786169111160443,0.0014893084555580222,5,STOP_AFTER_TP1,True
SWK,S3,long,RISK_ON,1,2014-08-27 00:00:00+00:00,2014-08-28 00:00:00+00:00,90.81071999999999,90.03814642857144,-1.0,-0.005,1,SL,False
TAP,S3,long,RISK_ON,1,2014-08-28 00:00:00+00:00,2014-09-03 00:00:00+00:00,73.69362,72.89686785714285,-1.0,-0.005,3,SL,False
NFLX,S3,long,RISK_ON,1,2014-08-28 00:00:00+00:00,2014-09-04 00:00:00+00:00,67.9549871,67.9549871,0.3452620102874114,0.0017263100514370569,4,STOP_AFTER_TP1,True
CHRW,S3,long,RISK_ON,1,2014-08-28 00:00:00+00:00,2014-09-03 00:00:00+00:00,68.12805999999999,67.38553571428572,-1.0,-0.005,3,SL,False
APD,S3,long,RISK_ON,1,2014-08-29 00:00:00+00:00,2014-09-08 00:00:00+00:00,133.34321,131.99,-0.6498611258326487,-0.0032493056291632433,5,SMA50_BREAK,False
RHT,S3,long,RISK_ON,1,2014-09-02 00:00:00+00:00,2014-09-15 00:00:00+00:00,61.36129999999999,59.90457142857142,-1.0,-0.005,9,SL,False
WY,S3,long,RISK_ON,1,2014-09-02 00:00:00+00:00,2014-09-10 00:00:00+00:00,34.02399,33.691964285714285,-1.0,-0.005,6,SL,False
RSG,S3,long,RISK_ON,1,2014-09-02 00:00:00+00:00,2014-09-26 00:00:00+00:00,39.20917,38.85618928571429,-1.0,-0.005,18,SL,False
ANDV,S3,long,RISK_ON,1,2014-09-02 00:00:00+00:00,2014-09-10 00:00:00+00:00,63.843779999999995,63.843779999999995,0.4700223664470336,0.002350111832235168,6,STOP_AFTER_TP1,True
LB,S3,long,RISK_ON,1,2014-09-02 00:00:00+00:00,2014-09-09 00:00:00+00:00,63.67360999999999,63.67360999999999,0.43728311275941395,0.00218641556379707,5,STOP_AFTER_TP1,True
ROP,S3,long,RISK_ON,1,2014-09-03 00:00:00+00:00,2014-09-04 00:00:00+00:00,149.75961,148.54364999999999,-1.0,-0.005,1,SL,False
DLR,S3,long,RISK_ON,1,2014-09-03 00:00:00+00:00,2014-09-11 00:00:00+00:00,65.87581,65.87581,0.5050250052112207,0.002525125026056104,6,STOP_AFTER_TP1,True
RCL,S2,long,RISK_ON,1,2014-09-03 00:00:00+00:00,2014-10-01 00:00:00+00:00,65.065,63.99,-0.3820330249146444,-0.001910165124573222,20,SMA50_BREAK,False
CELG,S3,long,RISK_ON,1,2014-09-04 00:00:00+00:00,2014-09-05 00:00:00+00:00,94.02393,92.86705357142857,-1.0,-0.005,1,SL,False
AMP,S3,long,RISK_ON,1,2014-09-04 00:00:00+00:00,2014-09-05 00:00:00+00:00,125.73560999999998,124.43917857142857,-1.0,-0.005,1,SL,False
EQIX,S3,long,RISK_ON,1,2014-09-04 00:00:00+00:00,2014-09-11 00:00:00+00:00,218.87865999999997,215.73681785714285,-1.0,-0.005,5,SL,False
NDAQ,S3,long,RISK_ON,1,2014-09-04 00:00:00+00:00,2014-09-22 00:00:00+00:00,43.16311999999999,43.16311999999999,0.541900634805148,0.0027095031740257403,12,STOP_AFTER_TP1,True
WMB,S3,long,RISK_ON,1,2014-09-04 00:00:00+00:00,2014-09-08 00:00:00+00:00,58.70864999999999,58.10481785714286,-1.0,-0.005,2,SL,False
NFLX,S3,long,RISK_ON,1,2014-09-04 00:00:00+00:00,2014-09-15 00:00:00+00:00,67.59172419999999,67.59172419999999,0.9182037509473966,0.004591018754736983,7,STOP_AFTER_TP1,True
EA,S3,long,RISK_ON,1,2014-09-04 00:00:00+00:00,2014-09-12 00:00:00+00:00,37.39735999999999,36.95276428571429,-1.0,-0.005,6,SL,False
CHRW,S3,long,RISK_ON,1,2014-09-05 00:00:00+00:00,2014-09-10 00:00:00+00:00,67.82776,66.57303571428572,-1.0,-0.005,3,SL,False
MNST,S3,long,RISK_ON,1,2014-09-05 00:00:00+00:00,2014-10-15 00:00:00+00:00,29.769739999999995,30.4733,1.3412213040056034,0.006706106520028017,28,EMA_TRAIL,True
EXPE,S3,long,RISK_ON,1,2014-09-05 00:00:00+00:00,2014-09-09 00:00:00+00:00,87.94785999999999,86.55982142857142,-1.0,-0.005,2,SL,False
PFG,S3,long,RISK_ON,1,2014-09-08 00:00:00+00:00,2014-09-23 00:00:00+00:00,54.26420999999999,53.34535714285714,-1.0,-0.005,11,SL,False
HD,S3,long,RISK_ON,1,2014-09-08 00:00:00+00:00,2014-09-10 00:00:00+00:00,90.91081999999999,88.33711071428571,-1.0,-0.005,2,SL,False
AMAT,S3,long,RISK_ON,1,2014-09-08 00:00:00+00:00,2014-09-12 00:00:00+00:00,22.687664999999996,22.256928571428574,-1.0,-0.005,4,SL,False
CTAS,S3,long,RISK_ON,1,2014-09-08 00:00:00+00:00,2014-09-16 00:00:00+00:00,66.38631999999998,66.38631999999998,0.39362758298042677,0.001968137914902134,6,STOP_AFTER_TP1,True
DG,S3,long,RISK_ON,1,2014-09-08 00:00:00+00:00,2014-09-23 00:00:00+00:00,63.45338999999999,61.769646428571434,-1.0,-0.005,11,SL,False
LOW,S3,long,RISK_ON,1,2014-09-09 00:00:00+00:00,2014-09-23 00:00:00+00:00,53.083029999999994,53.083029999999994,0.5901972937421771,0.0029509864687108857,10,STOP_AFTER_TP1,True
ESS,S3,long,RISK_ON,1,2014-09-09 00:00:00+00:00,2014-09-10 00:00:00+00:00,194.60440999999997,192.8132857142857,-1.0,-0.005,1,SL,False
GILD,S3,long,RISK_ON,1,2014-09-09 00:00:00+00:00,2014-09-15 00:00:00+00:00,105.99588999999999,102.8275357142857,-1.0,-0.005,4,SL,False
AMT,S3,long,RISK_ON,1,2014-09-09 00:00:00+00:00,2014-09-10 00:00:00+00:00,98.65856,97.63428571428571,-1.0,-0.005,1,SL,False
IRM,S3,long,RISK_ON,1,2014-09-09 00:00:00+00:00,2014-09-12 00:00:00+00:00,35.65561999999999,35.28321428571429,-1.0,-0.005,3,SL,False
BLL,S3,long,RISK_ON,1,2014-09-09 00:00:00+00:00,2014-09-17 00:00:00+00:00,32.867835,32.48000357142857,-1.0,-0.005,6,SL,False
FISV,S3,long,RISK_ON,1,2014-09-09 00:00:00+00:00,2014-09-12 00:00:00+00:00,65.05498999999999,64.68071428571429,-1.0,-0.005,3,SL,False
NTAP,S3,long,RISK_ON,1,2014-09-09 00:00:00+00:00,2014-09-11 00:00:00+00:00,42.08203999999999,42.08203999999999,0.31126845411706283,0.0015563422705853142,2,STOP_AFTER_TP1,True
CELG,S3,long,RISK_ON,1,2014-09-09 00:00:00+00:00,2014-09-11 00:00:00+00:00,93.02293,91.69794642857143,-1.0,-0.005,2,SL,False
COO,S3,long,RISK_ON,1,2014-09-09 00:00:00+00:00,2014-09-11 00:00:00+00:00,162.71255,160.4252142857143,-1.0,-0.005,2,SL,False
FL,S3,long,RISK_ON,1,2014-09-09 00:00:00+00:00,2014-09-22 00:00:00+00:00,56.54649,56.54649,0.6010229154221279,0.00300511457711064,9,STOP_AFTER_TP1,True
LB,S3,long,RISK_ON,1,2014-09-09 00:00:00+00:00,2014-10-07 00:00:00+00:00,63.73367,65.94,3.1159512766327255,0.015579756383163628,20,EMA_TRAIL,True
AIV,S3,long,RISK_ON,1,2014-09-09 00:00:00+00:00,2014-09-10 00:00:00+00:00,34.56453,34.20328571428571,-1.0,-0.005,1,SL,False
TIF,S3,long,RISK_ON,1,2014-09-09 00:00:00+00:00,2014-09-10 00:00:00+00:00,101.70159999999998,100.66,-1.0,-0.005,1,SL,False
VRTX,S3,long,RISK_ON,1,2014-09-09 00:00:00+00:00,2014-09-15 00:00:00+00:00,93.21311999999999,92.13,-0.5521367714318893,-0.0027606838571594466,4,SMA50_BREAK,False
INTC,S3,long,RISK_ON,1,2014-09-10 00:00:00+00:00,2014-09-15 00:00:00+00:00,35.05502,34.452714285714286,-1.0,-0.005,3,SL,False
HUM,S3,long,RISK_ON,1,2014-09-10 00:00:00+00:00,2014-09-30 00:00:00+00:00,129.08896,130.29,0.7139346278692225,0.0035696731393461125,14,EMA_TRAIL,True
XRX,S3,long,RISK_ON,1,2014-09-10 00:00:00+00:00,2014-09-25 00:00:00+00:00,54.57452,53.04,-0.9149732875405449,-0.004574866437702724,11,SMA50_BREAK,False
CDNS,S3,long,RISK_ON,1,2014-09-10 00:00:00+00:00,2014-09-15 00:00:00+00:00,18.038019999999996,17.688182142857144,-1.0,-0.005,3,SL,False
KMX,S3,long,RISK_ON,1,2014-09-10 00:00:00+00:00,2014-09-23 00:00:00+00:00,52.1521,51.312075,-1.0,-0.005,9,SL,False
WY,S3,long,RISK_ON,1,2014-09-10 00:00:00+00:00,2014-09-12 00:00:00+00:00,33.763729999999995,33.413464285714284,-1.0,-0.005,2,SL,False
HD,S3,long,RISK_ON,1,2014-09-10 00:00:00+00:00,2014-10-01 00:00:00+00:00,89.33924999999999,91.02,1.4246952208826453,0.0071234761044132264,15,EMA_TRAIL,True
TIF,S3,long,RISK_ON,1,2014-09-10 00:00:00+00:00,2014-09-19 00:00:00+00:00,101.19108999999999,99.3757142857143,-1.0,-0.005,7,SL,False
AMP,S3,long,RISK_ON,1,2014-09-10 00:00:00+00:00,2014-09-15 00:00:00+00:00,125.72559999999999,123.70060714285715,-1.0,-0.005,3,SL,False
MCK,S3,long,RISK_ON,1,2014-09-10 00:00:00+00:00,2014-09-11 00:00:00+00:00,195.72553,194.014,-1.0,-0.005,1,SL,False
UHS,S3,long,RISK_ON,1,2014-09-10 00:00:00+00:00,2014-09-26 00:00:00+00:00,111.27115999999998,108.96875,-1.0,-0.005,12,SL,False
ISRG,S3,long,RISK_ON,1,2014-09-11 00:00:00+00:00,2014-09-15 00:00:00+00:00,156.82316649999999,156.82316649999999,0.2668157925633229,0.0013340789628166145,2,STOP_AFTER_TP1,True
EXPE,S3,long,RISK_ON,1,2014-09-11 00:00:00+00:00,2014-09-15 00:00:00+00:00,87.25716999999999,84.89303571428572,-1.0,-0.005,2,SL,False
HBI,S3,long,RISK_ON,1,2014-09-11 00:00:00+00:00,2014-09-15 00:00:00+00:00,26.789262499999996,26.249260714285715,-1.0,-0.005,2,SL,False
MAR,S3,long,RISK_ON,1,2014-09-12 00:00:00+00:00,2014-09-25 00:00:00+00:00,70.69062,70.69062,0.3325590530234889,0.0016627952651174446,9,STOP_AFTER_TP1,True
FISV,S3,long,RISK_ON,1,2014-09-12 00:00:00+00:00,2014-09-22 00:00:00+00:00,65.00493999999999,65.00493999999999,0.439148602687646,0.00219574301343823,6,STOP_AFTER_TP1,True
ANTM,S3,long,RISK_ON,1,2014-09-12 00:00:00+00:00,2014-09-30 00:00:00+00:00,118.73862,119.62,0.9908779609077791,0.004954389804538896,12,EMA_TRAIL,True
CNC,S3,long,RISK_ON,1,2014-09-12 00:00:00+00:00,2014-10-06 00:00:00+00:00,38.868829999999996,40.32,1.8220662088275514,0.009110331044137757,16,EMA_TRAIL,True
MTD,S3,long,RISK_ON,1,2014-09-12 00:00:00+00:00,2014-09-19 00:00:00+00:00,269.38912,265.0689464285714,-1.0,-0.005,5,SL,False
LRCX,S3,long,RISK_ON,1,2014-09-12 00:00:00+00:00,2014-10-01 00:00:00+00:00,71.72165,72.66,1.5072417776094553,0.007536208888047277,13,EMA_TRAIL,True
AMGN,S3,long,RISK_ON,1,2014-09-12 00:00:00+00:00,2014-10-01 00:00:00+00:00,138.02788999999999,138.82,0.5067538461586426,0.002533769230793213,13,EMA_TRAIL,True
CTXS,S3,long,RISK_ON,1,2014-09-15 00:00:00+00:00,2014-09-19 00:00:00+00:00,71.72165,71.72165,0.2939337370426012,0.0014696686852130058,4,STOP_AFTER_TP1,True
AET,S3,long,RISK_ON,1,2014-09-15 00:00:00+00:00,2014-09-26 00:00:00+00:00,82.20212,81.32643928571429,-1.0,-0.005,9,SL,False
AVGO,S3,long,RISK_ON,1,2014-09-15 00:00:00+00:00,2014-09-22 00:00:00+00:00,86.79670999999999,86.79670999999999,1.1663035370565735,0.005831517685282867,5,STOP_AFTER_TP1,True
AAPL,S3,long,RISK_ON,1,2014-09-16 00:00:00+00:00,2014-09-25 00:00:00+00:00,100.96085999999998,97.74178571428571,-1.0,-0.005,7,SL,False
AMAT,S3,long,RISK_ON,1,2014-09-16 00:00:00+00:00,2014-09-22 00:00:00+00:00,22.39237,21.94,-0.6013456542545904,-0.003006728271272952,4,SMA50_BREAK,False
RHT,S3,long,RISK_ON,1,2014-09-16 00:00:00+00:00,2014-09-19 00:00:00+00:00,60.79072999999999,58.64942857142857,-1.0,-0.005,3,SL,False
AMP,S3,long,RISK_ON,1,2014-09-16 00:00:00+00:00,2014-09-29 00:00:00+00:00,124.88475999999999,122.70267857142856,-1.0,-0.005,9,SL,False
MCK,S3,long,RISK_ON,1,2014-09-18 00:00:00+00:00,2014-10-01 00:00:00+00:00,196.19599999999997,192.6370714285714,-1.0,-0.005,9,SL,False
CELG,S3,long,RISK_ON,1,2014-09-18 00:00:00+00:00,2014-09-26 00:00:00+00:00,93.36326999999999,93.36326999999999,0.3390942214070721,0.0016954711070353607,6,STOP_AFTER_TP1,True
CDNS,S3,long,RISK_ON,1,2014-09-18 00:00:00+00:00,2014-09-19 00:00:00+00:00,17.837819999999997,17.528575,-1.0,-0.005,1,SL,False
IRM,S3,long,RISK_ON,1,2014-09-18 00:00:00+00:00,2014-09-22 00:00:00+00:00,35.77574,35.31357142857143,-1.0,-0.005,2,SL,False
BBY,S3,long,RISK_ON,1,2014-09-22 00:00:00+00:00,2014-09-25 00:00:00+00:00,33.703669999999995,33.03875000000001,-1.0,-0.005,3,SL,False
FL,S3,long,RISK_ON,1,2014-09-22 00:00:00+00:00,2014-09-23 00:00:00+00:00,56.67661999999999,56.11702142857143,-1.0,-0.005,1,SL,False
CI,S3,long,RISK_ON,1,2014-09-22 00:00:00+00:00,2014-09-23 00:00:00+00:00,94.79469999999999,93.78642857142857,-1.0,-0.005,1,SL,False
AVGO,S3,long,RISK_ON,1,2014-09-22 00:00:00+00:00,2014-10-01 00:00:00+00:00,87.26718,85.51622142857143,-1.0,-0.005,7,SL,False
FB,S3,long,RISK_ON,1,2014-09-22 00:00:00+00:00,2014-10-01 00:00:00+00:00,76.87679999999999,76.87679999999999,0.267747725444083,0.001338738627220415,7,STOP_AFTER_TP1,True
GILD,S3,long,RISK_ON,1,2014-09-22 00:00:00+00:00,2014-10-07 00:00:00+00:00,105.57546999999998,102.79017857142858,-1.0,-0.005,11,SL,False
HBI,S3,long,RISK_ON,1,2014-09-22 00:00:00+00:00,2014-10-10 00:00:00+00:00,26.571545,26.7925,0.8180214677198454,0.004090107338599227,14,EMA_TRAIL,True
FISV,S3,long,RISK_ON,1,2014-09-22 00:00:00+00:00,2014-09-25 00:00:00+00:00,64.99493,64.41367857142858,-1.0,-0.005,3,SL,False
MSFT,S3,long,RISK_ON,1,2014-09-23 00:00:00+00:00,2014-09-25 00:00:00+00:00,46.606559999999995,46.16142857142857,-1.0,-0.005,2,SL,False
EW,S3,long,RISK_ON,1,2014-09-23 00:00:00+00:00,2014-10-01 00:00:00+00:00,51.64659499999999,50.939375,-1.0,-0.005,6,SL,False
SWKS,S3,long,RISK_ON,1,2014-09-23 00:00:00+00:00,2014-10-01 00:00:00+00:00,56.95689999999999,56.95689999999999,0.3164112395343037,0.0015820561976715186,6,STOP_AFTER_TP1,True
LOW,S3,long,RISK_ON,1,2014-09-23 00:00:00+00:00,2014-09-30 00:00:00+00:00,53.17311999999999,52.70339285714286,-1.0,-0.005,5,SL,False
FL,S3,long,RISK_ON,1,2014-09-24 00:00:00+00:00,2014-09-30 00:00:00+00:00,57.01696,55.51332857142857,-1.0,-0.005,4,SL,False
INTC,S3,long,RISK_ON,1,2014-09-24 00:00:00+00:00,2014-09-25 00:00:00+00:00,34.784749999999995,34.13678571428571,-1.0,-0.005,1,SL,False
MCO,S3,long,RISK_ON,1,2014-09-24 00:00:00+00:00,2014-09-25 00:00:00+00:00,94.50441,92.52303571428571,-1.0,-0.005,1,SL,False
ZTS,S3,long,RISK_ON,1,2014-09-26 00:00:00+00:00,2014-10-07 00:00:00+00:00,36.66663,36.66663,0.276328109373065,0.0013816405468653251,7,STOP_AFTER_TP1,True
LUV,S3,long,RISK_ON,1,2014-09-26 00:00:00+00:00,2014-10-01 00:00:00+00:00,33.943909999999995,33.09946428571429,-1.0,-0.005,3,SL,False
MSFT,S3,long,RISK_ON,1,2014-09-26 00:00:00+00:00,2014-10-07 00:00:00+00:00,46.45640999999999,45.436071428571424,-1.0,-0.005,7,SL,False
SWKS,S5,long,DEFENSIVE,1,2014-10-02 00:00:00+00:00,2014-10-06 00:00:00+00:00,53.67361999999999,54.095,0.20619293214981668,0.0010309646607490834,2,SMA50_BREAK,False
ETFC,S1,long,DEFENSIVE,1,2014-10-03 00:00:00+00:00,2014-10-07 00:00:00+00:00,22.78276,21.51,-0.7181119066560588,-0.003590559533280294,2,SMA50_BREAK,False
RCL,S5,long,DEFENSIVE,1,2014-10-08 00:00:00+00:00,2014-10-09 00:00:00+00:00,62.102039999999995,59.83,-1.0,-0.005,1,SL,False
AVGO,S5,long,DEFENSIVE,1,2014-10-14 00:00:00+00:00,2014-10-15 00:00:00+00:00,72.09201999999999,72.55,0.15104781630728292,0.0007552390815364147,1,SMA50_BREAK,False
MAS,S5,long,DEFENSIVE,1,2014-10-14 00:00:00+00:00,2014-10-15 00:00:00+00:00,20.97095,20.3,-1.0,-0.005,1,SL,False
LOW,S5,long,DEFENSIVE,1,2014-10-15 00:00:00+00:00,2014-10-16 00:00:00+00:00,51.26121,51.41,0.10543434357749627,0.0005271717178874813,1,SMA50_BREAK,False
FDX,S1,long,DEFENSIVE,1,2014-10-17 00:00:00+00:00,2014-12-12 00:00:00+00:00,156.27612,175.79,1.5716970401812005,0.007858485200906002,39,EMA_TRAIL,True
LUV,S1,long,DEFENSIVE,1,2014-10-20 00:00:00+00:00,2014-10-23 00:00:00+00:00,32.87284,32.87284,0.28750086745187803,0.0014375043372593902,3,STOP_AFTER_TP1,True
VRTX,S3,long,RISK_ON,1,2014-10-24 00:00:00+00:00,2014-11-14 00:00:00+00:00,110.01990999999998,111.34,0.5237991831485493,0.0026189959157427467,15,EMA_TRAIL,True
ULTA,S3,long,RISK_ON,1,2014-10-24 00:00:00+00:00,2014-11-04 00:00:00+00:00,117.46734999999998,117.46734999999998,0.41874257080789185,0.002093712854039459,7,STOP_AFTER_TP1,True
CHRW,S2,long,RISK_ON,1,2014-10-27 00:00:00+00:00,2014-10-30 00:00:00+00:00,71.7717,68.68779285714287,-1.0,-0.005,3,SL,False
AMGN,S2,long,RISK_ON,1,2014-10-28 00:00:00+00:00,2014-12-23 00:00:00+00:00,157.34718999999998,157.52,0.10557623112770896,0.0005278811556385448,39,SMA50_BREAK,False
CNC,S2,long,RISK_ON,1,2014-10-28 00:00:00+00:00,2014-12-10 00:00:00+00:00,44.369324999999996,48.55,1.113444904415053,0.005567224522075265,30,EMA_TRAIL,True
ISRG,S3,long,RISK_ON,1,2014-10-30 00:00:00+00:00,2014-12-05 00:00:00+00:00,163.4965332,169.6215,1.011371815201303,0.005056859076006515,25,EMA_TRAIL,True
LB,S3,long,RISK_ON,1,2014-10-30 00:00:00+00:00,2015-01-06 00:00:00+00:00,72.20212999999998,83.89,4.0000290957807625,0.020000145478903813,45,EMA_TRAIL,True
HAS,S3,long,RISK_ON,1,2014-11-04 00:00:00+00:00,2014-11-10 00:00:00+00:00,57.417359999999995,57.417359999999995,0.26735393902330296,0.0013367696951165147,4,STOP_AFTER_TP1,True
DLR,S3,long,RISK_ON,1,2014-11-04 00:00:00+00:00,2014-12-04 00:00:00+00:00,67.81774999999999,68.53,0.7053203821401635,0.0035266019107008176,21,EMA_TRAIL,True
HD,S3,long,RISK_ON,1,2014-11-04 00:00:00+00:00,2014-11-18 00:00:00+00:00,96.05595999999998,96.05595999999998,0.6041614005088207,0.0030208070025441037,10,STOP_AFTER_TP1,True
MNST,S3,long,RISK_ON,1,2014-11-05 00:00:00+00:00,2014-12-03 00:00:00+00:00,33.0896566,35.6533,4.103960312180193,0.020519801560900965,19,EMA_TRAIL,True
ULTA,S3,long,RISK_ON,1,2014-11-05 00:00:00+00:00,2014-12-02 00:00:00+00:00,118.77865999999999,122.0,1.1305054743273528,0.005652527371636764,18,EMA_TRAIL,True
AAP,S2,long,RISK_ON,1,2014-11-05 00:00:00+00:00,2014-11-06 00:00:00+00:00,149.51936999999998,144.3492857142857,-1.0,-0.005,1,SL,False
ROST,S3,long,RISK_ON,1,2014-11-05 00:00:00+00:00,2014-11-18 00:00:00+00:00,40.42538499999999,40.42538499999999,0.2676093492503,0.0013380467462515001,9,STOP_AFTER_TP1,True
CTAS,S3,long,RISK_ON,1,2014-11-06 00:00:00+00:00,2014-12-12 00:00:00+00:00,71.16109,71.03,-0.0756022295996619,-0.0003780111479983095,25,SMA50_BREAK,False
CHRW,S3,long,RISK_ON,1,2014-11-06 00:00:00+00:00,2014-12-10 00:00:00+00:00,71.66659499999999,71.81,0.46050465986436717,0.002302523299321836,23,EMA_TRAIL,True
IRM,S2,long,RISK_ON,1,2014-11-07 00:00:00+00:00,2015-02-17 00:00:00+00:00,38.088049999999996,39.08,0.38542964749505393,0.0019271482374752698,67,SMA50_BREAK,False
ARNC,S3,long,RISK_ON,1,2014-11-07 00:00:00+00:00,2014-12-05 00:00:00+00:00,49.03899,50.85,1.5355151987592617,0.007677575993796309,19,EMA_TRAIL,True
ILMN,S3,long,RISK_ON,1,2014-11-07 00:00:00+00:00,2014-11-14 00:00:00+00:00,186.53634999999997,181.96602142857142,-1.0,-0.005,5,SL,False
TWX,S3,long,RISK_ON,1,2014-11-07 00:00:00+00:00,2014-12-12 00:00:00+00:00,77.077,82.12,3.2586888951681345,0.016293444475840673,24,EMA_TRAIL,True
DUK,S3,long,RISK_ON,1,2014-11-07 00:00:00+00:00,2014-11-12 00:00:00+00:00,82.16207999999999,80.34923571428571,-1.0,-0.005,3,SL,False
ED,S3,long,RISK_ON,1,2014-11-10 00:00:00+00:00,2014-11-12 00:00:00+00:00,63.533469999999994,62.133585714285715,-1.0,-0.005,2,SL,False
IQV,S3,long,RISK_ON,1,2014-11-10 00:00:00+00:00,2014-11-12 00:00:00+00:00,57.27721999999999,56.315535714285716,-1.0,-0.005,2,SL,False
UAL,S3,long,RISK_ON,1,2014-11-11 00:00:00+00:00,2014-11-21 00:00:00+00:00,54.71465999999999,54.71465999999999,0.29663124321800616,0.0014831562160900309,8,STOP_AFTER_TP1,True
HCN,S3,long,RISK_ON,1,2014-11-11 00:00:00+00:00,2015-02-04 00:00:00+00:00,70.91084,80.72,6.251711595115052,0.03125855797557526,57,EMA_TRAIL,True
TSCO,S3,long,RISK_ON,1,2014-11-11 00:00:00+00:00,2014-12-16 00:00:00+00:00,73.42334999999999,76.32,1.6085053187874985,0.008042526593937492,24,EMA_TRAIL,True
LMT,S3,long,RISK_ON,1,2014-11-11 00:00:00+00:00,2014-12-15 00:00:00+00:00,187.30712,184.04514285714285,-1.0,-0.005,23,SL,False
AAP,S3,long,RISK_ON,1,2014-11-11 00:00:00+00:00,2015-01-05 00:00:00+00:00,145.12497999999997,156.47,1.8418734904569254,0.009209367452284628,36,EMA_TRAIL,True
CAG,S3,long,RISK_ON,1,2014-11-11 00:00:00+00:00,2014-12-31 00:00:00+00:00,34.2342,36.28,4.313289996388597,0.021566449981942983,34,EMA_TRAIL,True
PAYX,S3,long,RISK_ON,1,2014-11-11 00:00:00+00:00,2014-12-09 00:00:00+00:00,47.327279999999995,46.72028928571429,-1.0,-0.005,19,SL,False
DRI,S2,long,RISK_ON,1,2014-11-11 00:00:00+00:00,2015-02-02 00:00:00+00:00,55.77571999999999,60.02,1.028598272724396,0.00514299136362198,55,EMA_TRAIL,True
DPS,S3,long,RISK_ON,1,2014-11-11 00:00:00+00:00,2014-12-09 00:00:00+00:00,69.80973999999999,71.25,1.5231883929832155,0.007615941964916078,19,EMA_TRAIL,True
KMI,S3,long,RISK_ON,1,2014-11-11 00:00:00+00:00,2014-12-08 00:00:00+00:00,38.57854,39.84,1.5539842971147269,0.007769921485573634,18,EMA_TRAIL,True
MO,S3,long,RISK_ON,1,2014-11-11 00:00:00+00:00,2014-11-12 00:00:00+00:00,49.32928,48.85362857142857,-1.0,-0.005,1,SL,False
ZTS,S2,long,RISK_ON,1,2014-11-11 00:00:00+00:00,2015-01-13 00:00:00+00:00,43.76371999999999,42.81,-0.20351625137807522,-0.0010175812568903762,42,SMA50_BREAK,False
LRCX,S3,long,RISK_ON,1,2014-11-12 00:00:00+00:00,2014-11-17 00:00:00+00:00,79.04897,77.84163928571428,-1.0,-0.005,3,SL,False
NOC,S3,long,RISK_ON,1,2014-11-12 00:00:00+00:00,2015-01-02 00:00:00+00:00,136.15601999999998,146.46,3.899014312068661,0.019495071560343306,34,EMA_TRAIL,True
RCL,S3,long,RISK_ON,1,2014-11-12 00:00:00+00:00,2015-01-15 00:00:00+00:00,67.62755999999999,81.5,5.920890796566652,0.02960445398283326,43,EMA_TRAIL,True
KSU,S3,long,RISK_ON,1,2014-11-12 00:00:00+00:00,2014-11-19 00:00:00+00:00,123.67354999999998,122.18289285714286,-1.0,-0.005,5,SL,False
ALXN,S3,long,RISK_ON,1,2014-11-12 00:00:00+00:00,2014-11-14 00:00:00+00:00,193.88368999999997,190.29496785714284,-1.0,-0.005,2,SL,False
CBOE,S3,long,RISK_ON,1,2014-11-12 00:00:00+00:00,2014-11-17 00:00:00+00:00,61.11104999999999,59.89657857142857,-1.0,-0.005,3,SL,False
CME,S3,long,RISK_ON,1,2014-11-13 00:00:00+00:00,2014-11-17 00:00:00+00:00,85.22514,84.26589285714286,-1.0,-0.005,2,SL,False
TJX,S3,long,RISK_ON,1,2014-11-13 00:00:00+00:00,2014-11-14 00:00:00+00:00,63.56349999999999,62.735035714285715,-1.0,-0.005,1,SL,False
SBAC,S3,long,RISK_ON,1,2014-11-13 00:00:00+00:00,2014-12-04 00:00:00+00:00,112.63251999999999,115.65,1.3594598656567793,0.006797299328283897,14,EMA_TRAIL,True
COO,S3,long,RISK_ON,1,2014-11-13 00:00:00+00:00,2014-12-05 00:00:00+00:00,161.89172999999997,161.89172999999997,0.41121533962808143,0.002056076698140407,15,STOP_AFTER_TP1,True
SWKS,S3,long,RISK_ON,1,2014-11-13 00:00:00+00:00,2015-01-06 00:00:00+00:00,60.770709999999994,69.83,4.915520917405329,0.02457760458702665,35,EMA_TRAIL,True
DGX,S3,long,RISK_ON,1,2014-11-14 00:00:00+00:00,2014-12-12 00:00:00+00:00,62.47240999999999,63.42,1.4794559574804604,0.007397279787402303,19,EMA_TRAIL,True
ALXN,S3,long,RISK_ON,1,2014-11-14 00:00:00+00:00,2014-12-10 00:00:00+00:00,188.94875999999996,191.44,1.0373514537041504,0.005186757268520752,17,EMA_TRAIL,True
REGN,S3,long,RISK_ON,1,2014-11-14 00:00:00+00:00,2014-12-15 00:00:00+00:00,395.5951999999999,401.01,0.9519345381397335,0.004759672690698668,20,EMA_TRAIL,True
WHR,S3,long,RISK_ON,1,2014-11-14 00:00:00+00:00,2014-12-12 00:00:00+00:00,173.44326999999998,180.64,2.2195845719530904,0.011097922859765453,19,EMA_TRAIL,True
LEG,S3,long,RISK_ON,1,2014-11-14 00:00:00+00:00,2014-12-16 00:00:00+00:00,40.82078,41.31,0.7886614421339331,0.003943307210669666,21,EMA_TRAIL,True
NWL,S3,long,RISK_ON,1,2014-11-14 00:00:00+00:00,2014-12-11 00:00:00+00:00,34.86483,35.36,1.002655682968191,0.005013278414840955,18,EMA_TRAIL,True
ANDV,S3,long,RISK_ON,1,2014-11-14 00:00:00+00:00,2014-12-08 00:00:00+00:00,72.15207999999998,73.43,0.5519219710973773,0.0027596098554868863,15,EMA_TRAIL,True
GS,S3,long,RISK_ON,1,2014-11-14 00:00:00+00:00,2014-11-20 00:00:00+00:00,190.16997999999998,188.06946428571428,-1.0,-0.005,4,SL,False
ANTM,S3,long,RISK_ON,1,2014-11-14 00:00:00+00:00,2014-11-20 00:00:00+00:00,125.48535999999999,125.48535999999999,0.5141125992429709,0.0025705629962148547,4,STOP_AFTER_TP1,True
KR,S3,long,RISK_ON,1,2014-11-14 00:00:00+00:00,2015-02-27 00:00:00+00:00,28.883854999999997,35.575,12.926351638153577,0.06463175819076789,70,EMA_TRAIL,True
UNH,S3,long,RISK_ON,1,2014-11-14 00:00:00+00:00,2014-12-15 00:00:00+00:00,95.20510999999999,98.27,2.0778655097815673,0.010389327548907836,20,EMA_TRAIL,True
NDAQ,S3,long,RISK_ON,1,2014-11-17 00:00:00+00:00,2015-01-12 00:00:00+00:00,43.77372999999999,47.35,4.627079987898368,0.02313539993949184,37,EMA_TRAIL,True
CBOE,S3,long,RISK_ON,1,2014-11-17 00:00:00+00:00,2014-11-19 00:00:00+00:00,60.20013999999999,59.01854642857143,-1.0,-0.005,2,SL,False
MO,S3,long,RISK_ON,1,2014-11-17 00:00:00+00:00,2014-12-12 00:00:00+00:00,49.09904999999999,49.65,0.8186341894097091,0.004093170947048546,18,EMA_TRAIL,True
ED,S3,long,RISK_ON,1,2014-11-17 00:00:00+00:00,2015-02-04 00:00:00+00:00,62.60253999999999,68.23,2.9124701257524648,0.014562350628762323,53,EMA_TRAIL,True
NTAP,S3,long,RISK_ON,1,2014-11-17 00:00:00+00:00,2014-12-12 00:00:00+00:00,42.27222999999999,40.666071428571435,-1.0,-0.005,18,SL,False
MAR,S3,long,RISK_ON,1,2014-11-17 00:00:00+00:00,2014-11-20 00:00:00+00:00,77.24717,76.04403214285715,-1.0,-0.005,3,SL,False
CTL,S3,long,RISK_ON,1,2014-11-17 00:00:00+00:00,2014-11-24 00:00:00+00:00,40.99095,39.97205,-1.0,-0.005,5,SL,False
KLAC,S3,long,RISK_ON,1,2014-11-17 00:00:00+00:00,2014-11-26 00:00:00+00:00,79.09901999999998,79.09901999999998,0.7851263894884318,0.003925631947442159,7,STOP_AFTER_TP1,True
CELG,S3,long,RISK_ON,1,2014-11-17 00:00:00+00:00,2014-12-15 00:00:00+00:00,104.46435999999999,111.88,1.8183517232991369,0.009091758616495684,19,EMA_TRAIL,True
ORLY,S3,long,RISK_ON,1,2014-11-17 00:00:00+00:00,2015-01-05 00:00:00+00:00,177.47729999999999,188.72,4.663395551456901,0.023316977757284505,32,EMA_TRAIL,True
SNA,S3,long,RISK_ON,1,2014-11-17 00:00:00+00:00,2014-11-25 00:00:00+00:00,135.02488999999997,135.02488999999997,0.4022601518555312,0.002011300759277656,6,STOP_AFTER_TP1,True
CME,S3,long,RISK_ON,1,2014-11-17 00:00:00+00:00,2014-11-19 00:00:00+00:00,84.17408999999999,83.27946428571428,-1.0,-0.005,2,SL,False
IQV,S3,long,RISK_ON,1,2014-11-18 00:00:00+00:00,2015-01-05 00:00:00+00:00,57.38732999999999,58.41,0.6590971319260058,0.0032954856596300293,31,EMA_TRAIL,True
ICE,S3,long,RISK_ON,1,2014-11-18 00:00:00+00:00,2014-12-12 00:00:00+00:00,44.033989999999996,44.033989999999996,0.6265030170290744,0.0031325150851453723,17,STOP_AFTER_TP1,True
MSFT,S3,long,RISK_ON,1,2014-11-18 00:00:00+00:00,2014-11-19 00:00:00+00:00,48.78874,48.359825,-1.0,-0.005,1,SL,False
IT,S3,long,RISK_ON,1,2014-11-19 00:00:00+00:00,2014-12-03 00:00:00+00:00,85.15506999999998,83.427725,-1.0,-0.005,9,SL,False
KSU,S3,long,RISK_ON,1,2014-11-19 00:00:00+00:00,2014-11-28 00:00:00+00:00,123.04292,121.08678571428572,-1.0,-0.005,6,SL,False
CERN,S3,long,RISK_ON,1,2014-11-19 00:00:00+00:00,2014-11-25 00:00:00+00:00,63.63356999999999,62.99972857142857,-1.0,-0.005,4,SL,False
MCO,S3,long,RISK_ON,1,2014-11-19 00:00:00+00:00,2014-12-01 00:00:00+00:00,100.70059999999998,99.65535714285714,-1.0,-0.005,7,SL,False
LRCX,S3,long,RISK_ON,1,2014-11-19 00:00:00+00:00,2014-12-10 00:00:00+00:00,78.58851,79.7,1.111524901666861,0.005557624508334305,14,EMA_TRAIL,True
MSFT,S3,long,RISK_ON,1,2014-11-19 00:00:00+00:00,2014-11-21 00:00:00+00:00,48.26821999999999,47.59072142857143,-1.0,-0.005,2,SL,False
CLX,S3,long,RISK_ON,1,2014-11-19 00:00:00+00:00,2014-11-24 00:00:00+00:00,100.90079999999999,99.47464285714285,-1.0,-0.005,3,SL,False
DUK,S3,long,RISK_ON,1,2014-11-19 00:00:00+00:00,2014-11-25 00:00:00+00:00,80.46037999999999,78.94786071428571,-1.0,-0.005,4,SL,False
LOW,S2,long,RISK_ON,1,2014-11-19 00:00:00+00:00,2015-03-10 00:00:00+00:00,62.32225999999999,73.06,1.3692730848384405,0.006846365424192202,74,EMA_TRAIL,True
CAH,S3,long,RISK_ON,1,2014-11-19 00:00:00+00:00,2014-11-20 00:00:00+00:00,79.80973,79.05000357142858,-1.0,-0.005,1,SL,False
LUV,S3,long,RISK_ON,1,2014-11-20 00:00:00+00:00,2014-11-21 00:00:00+00:00,38.90886999999999,38.07976071428571,-1.0,-0.005,1,SL,False
CVS,S3,long,RISK_ON,1,2014-11-20 00:00:00+00:00,2014-12-03 00:00:00+00:00,89.33924999999999,89.33924999999999,0.3765846925060895,0.0018829234625304476,8,STOP_AFTER_TP1,True
ILMN,S3,long,RISK_ON,1,2014-11-20 00:00:00+00:00,2014-12-15 00:00:00+00:00,186.44625999999997,182.48804285714286,-1.0,-0.005,16,SL,False
VRSN,S3,long,RISK_ON,1,2014-11-20 00:00:00+00:00,2014-12-02 00:00:00+00:00,59.78972999999999,58.59214285714286,-1.0,-0.005,7,SL,False
MAR,S3,long,RISK_ON,1,2014-11-20 00:00:00+00:00,2014-12-12 00:00:00+00:00,75.96588999999999,76.76,1.178741753441925,0.005893708767209626,15,EMA_TRAIL,True
ANTM,S3,long,RISK_ON,1,2014-11-20 00:00:00+00:00,2014-12-08 00:00:00+00:00,126.37624999999998,126.37624999999998,0.5112618224042214,0.002556309112021107,11,STOP_AFTER_TP1,True
UAL,S3,long,RISK_ON,1,2014-11-21 00:00:00+00:00,2015-01-14 00:00:00+00:00,55.38532999999999,64.05,4.080268573376283,0.020401342866881413,35,EMA_TRAIL,True
HBI,S3,long,RISK_ON,1,2014-11-21 00:00:00+00:00,2014-12-04 00:00:00+00:00,27.715187499999995,27.715187499999995,0.5936995791445381,0.0029684978957226905,8,STOP_AFTER_TP1,True
CAH,S3,long,RISK_ON,1,2014-11-21 00:00:00+00:00,2014-12-10 00:00:00+00:00,79.62955,80.48,0.6839847597229349,0.003419923798614675,12,EMA_TRAIL,True
VRTX,S3,long,RISK_ON,1,2014-11-24 00:00:00+00:00,2014-12-15 00:00:00+00:00,113.91379999999998,113.91379999999998,0.27315150981729913,0.0013657575490864957,14,STOP_AFTER_TP1,True
SHW,S3,long,RISK_ON,1,2014-11-24 00:00:00+00:00,2014-11-26 00:00:00+00:00,242.27202999999997,239.07825357142858,-1.0,-0.005,2,SL,False
GS,S3,long,RISK_ON,1,2014-11-24 00:00:00+00:00,2014-11-25 00:00:00+00:00,190.26006999999998,188.4378035714286,-1.0,-0.005,1,SL,False
LUV,S3,long,RISK_ON,1,2014-11-24 00:00:00+00:00,2014-12-16 00:00:00+00:00,38.54850999999999,39.58,0.9819496582485259,0.004909748291242629,15,EMA_TRAIL,True
TJX,S3,long,RISK_ON,1,2014-11-24 00:00:00+00:00,2014-12-10 00:00:00+00:00,63.57350999999999,64.29,1.0770990214032765,0.005385495107016382,11,EMA_TRAIL,True
SHW,S3,long,RISK_ON,1,2014-11-26 00:00:00+00:00,2015-03-10 00:00:00+00:00,240.84059999999997,281.46,8.686138191281216,0.04343069095640608,69,EMA_TRAIL,True
CBOE,S3,long,RISK_ON,1,2014-11-26 00:00:00+00:00,2015-01-21 00:00:00+00:00,59.83978,63.91,2.3935248782804424,0.011967624391402212,36,EMA_TRAIL,True
SNA,S3,long,RISK_ON,1,2014-11-28 00:00:00+00:00,2014-12-01 00:00:00+00:00,135.46533,133.77682499999997,-1.0,-0.005,1,SL,False
AGN,S3,long,RISK_ON,1,2014-12-01 00:00:00+00:00,2014-12-12 00:00:00+00:00,263.33306999999996,258.62814285714285,-1.0,-0.005,9,SL,False
INCY,S3,long,RISK_ON,1,2014-12-01 00:00:00+00:00,2014-12-15 00:00:00+00:00,74.2742,74.2742,0.35119646088880196,0.0017559823044440098,10,STOP_AFTER_TP1,True
TXT,S3,long,RISK_ON,1,2014-12-01 00:00:00+00:00,2014-12-02 00:00:00+00:00,42.57252999999999,41.98282142857143,-1.0,-0.005,1,SL,False
DG,S3,long,RISK_ON,1,2014-12-01 00:00:00+00:00,2014-12-04 00:00:00+00:00,66.38631999999998,65.62344285714286,-1.0,-0.005,3,SL,False
NVDA,S3,long,RISK_ON,1,2014-12-01 00:00:00+00:00,2014-12-09 00:00:00+00:00,20.600579999999997,20.600579999999997,0.6715119868753066,0.0033575599343765327,6,STOP_AFTER_TP1,True
VFC,S3,long,RISK_ON,1,2014-12-01 00:00:00+00:00,2014-12-08 00:00:00+00:00,73.77369999999999,73.05075357142857,-1.0,-0.005,5,SL,False
NCLH,S3,long,RISK_ON,1,2014-12-01 00:00:00+00:00,2015-01-06 00:00:00+00:00,42.702659999999995,45.61,2.9128438399376737,0.014564219199688368,24,EMA_TRAIL,True
FBHS,S3,long,RISK_ON,1,2014-12-01 00:00:00+00:00,2014-12-10 00:00:00+00:00,44.444399999999995,44.444399999999995,0.7421263285695258,0.0037106316428476287,7,STOP_AFTER_TP1,True
NKE,S3,long,RISK_ON,1,2014-12-01 00:00:00+00:00,2014-12-09 00:00:00+00:00,48.89384499999999,48.50910714285714,-1.0,-0.005,6,SL,False
FFIV,S3,long,RISK_ON,1,2014-12-01 00:00:00+00:00,2014-12-16 00:00:00+00:00,128.19806999999997,128.19806999999997,0.3604818054821307,0.0018024090274106537,11,STOP_AFTER_TP1,True
EA,S3,long,RISK_ON,1,2014-12-02 00:00:00+00:00,2015-01-06 00:00:00+00:00,43.673629999999996,45.96,1.7564551411194884,0.008782275705597442,23,EMA_TRAIL,True
RL,S3,long,RISK_ON,1,2014-12-02 00:00:00+00:00,2014-12-16 00:00:00+00:00,180.76058,178.72543214285713,-1.0,-0.005,10,SL,False
GD,S3,long,RISK_ON,1,2014-12-02 00:00:00+00:00,2014-12-10 00:00:00+00:00,144.36422,142.9204107142857,-1.0,-0.005,6,SL,False
BMY,S3,long,RISK_ON,1,2014-12-02 00:00:00+00:00,2014-12-09 00:00:00+00:00,59.29924,59.29924,0.4353372888850776,0.002176686444425388,5,STOP_AFTER_TP1,True
HII,S3,long,RISK_ON,1,2014-12-02 00:00:00+00:00,2014-12-09 00:00:00+00:00,107.8077,105.86489642857143,-1.0,-0.005,5,SL,False
HD,S3,long,RISK_ON,1,2014-12-02 00:00:00+00:00,2014-12-16 00:00:00+00:00,98.25815999999999,98.25815999999999,0.39914334668017404,0.0019957167334008702,10,STOP_AFTER_TP1,True
UAA,S3,long,RISK_ON,1,2014-12-02 00:00:00+00:00,2014-12-08 00:00:00+00:00,34.769735,34.197496428571434,-1.0,-0.005,4,SL,False
LEN,S3,long,RISK_ON,1,2014-12-02 00:00:00+00:00,2014-12-04 00:00:00+00:00,45.7908451,44.81646071428571,-1.0,-0.005,2,SL,False
NAVI,S3,long,RISK_ON,1,2014-12-02 00:00:00+00:00,2014-12-12 00:00:00+00:00,20.990969999999997,20.990969999999997,0.3498766040472303,0.0017493830202361515,8,STOP_AFTER_TP1,True
SIG,S3,long,RISK_ON,1,2014-12-03 00:00:00+00:00,2014-12-17 00:00:00+00:00,128.45833,123.99196428571427,-1.0,-0.005,10,SL,False
FE,S3,long,RISK_ON,1,2014-12-03 00:00:00+00:00,2014-12-16 00:00:00+00:00,36.98695,36.98695,0.4494531121694852,0.002247265560847426,9,STOP_AFTER_TP1,True
AAPL,S3,long,RISK_ON,1,2014-12-03 00:00:00+00:00,2014-12-09 00:00:00+00:00,116.04593,111.49392857142857,-1.0,-0.005,4,SL,False
COTY,S3,long,RISK_ON,1,2014-12-04 00:00:00+00:00,2014-12-15 00:00:00+00:00,20.009989999999995,19.633764285714285,-1.0,-0.005,7,SL,False
GPN,S3,long,RISK_ON,1,2014-12-04 00:00:00+00:00,2014-12-08 00:00:00+00:00,42.46742499999999,41.879110714285716,-1.0,-0.005,2,SL,False
UNP,S3,long,RISK_ON,1,2014-12-04 00:00:00+00:00,2014-12-08 00:00:00+00:00,119.87975999999999,117.86255357142856,-1.0,-0.005,2,SL,False
IT,S3,long,RISK_ON,1,2014-12-04 00:00:00+00:00,2014-12-09 00:00:00+00:00,84.22413999999999,82.69409642857143,-1.0,-0.005,3,SL,False
TGT,S3,long,RISK_ON,1,2014-12-04 00:00:00+00:00,2015-01-06 00:00:00+00:00,73.35328,73.35328,0.2860991310431559,0.0014304956552157794,21,STOP_AFTER_TP1,True
TXT,S3,long,RISK_ON,1,2014-12-04 00:00:00+00:00,2014-12-08 00:00:00+00:00,42.51246999999999,41.676607142857144,-1.0,-0.005,2,SL,False
CERN,S3,long,RISK_ON,1,2014-12-04 00:00:00+00:00,2014-12-09 00:00:00+00:00,63.94387999999999,63.94387999999999,0.3350451222328954,0.0016752256111644771,3,STOP_AFTER_TP1,True
DG,S2,long,RISK_ON,1,2014-12-04 00:00:00+00:00,2015-01-12 00:00:00+00:00,67.85779,65.53625,-1.0,-0.005,25,SL,False
DISH,S3,long,RISK_ON,1,2014-12-05 00:00:00+00:00,2014-12-09 00:00:00+00:00,73.27319999999999,70.81436071428571,-1.0,-0.005,2,SL,False
CSX,S3,long,RISK_ON,1,2014-12-05 00:00:00+00:00,2014-12-08 00:00:00+00:00,36.98695,35.95447142857142,-1.0,-0.005,1,SL,False
AYI,S3,long,RISK_ON,1,2014-12-05 00:00:00+00:00,2014-12-08 00:00:00+00:00,140.37022999999996,137.78218214285715,-1.0,-0.005,1,SL,False
VFC,S3,long,RISK_ON,1,2014-12-08 00:00:00+00:00,2014-12-09 00:00:00+00:00,73.37329999999999,72.49557499999999,-1.0,-0.005,1,SL,False
GPC,S3,long,RISK_ON,1,2014-12-08 00:00:00+00:00,2014-12-12 00:00:00+00:00,102.88278,102.88278,0.3553736828532237,0.0017768684142661184,4,STOP_AFTER_TP1,True
BBY,S3,long,RISK_ON,1,2014-12-08 00:00:00+00:00,2015-01-05 00:00:00+00:00,36.62659,37.79,0.8838735821644859,0.004419367910822429,18,EMA_TRAIL,True
ROST,S3,long,RISK_ON,1,2014-12-08 00:00:00+00:00,2014-12-09 00:00:00+00:00,45.15010499999999,44.52401785714286,-1.0,-0.005,1,SL,False
MTD,S3,long,RISK_ON,1,2014-12-08 00:00:00+00:00,2014-12-09 00:00:00+00:00,292.292,289.4044642857143,-1.0,-0.005,1,SL,False
DLTR,S3,long,RISK_ON,1,2014-12-08 00:00:00+00:00,2015-01-06 00:00:00+00:00,68.05798999999999,68.05798999999999,0.4277290585260525,0.0021386452926302623,19,STOP_AFTER_TP1,True
FL,S3,long,RISK_ON,1,2014-12-09 00:00:00+00:00,2014-12-19 00:00:00+00:00,56.54649,54.956025,-1.0,-0.005,8,SL,False
LEN,S3,long,RISK_ON,1,2014-12-09 00:00:00+00:00,2014-12-10 00:00:00+00:00,44.96652159999999,43.42879285714286,-1.0,-0.005,1,SL,False
BMY,S3,long,RISK_ON,1,2014-12-09 00:00:00+00:00,2014-12-15 00:00:00+00:00,60.02996999999999,58.63510714285714,-1.0,-0.005,4,SL,False
ROST,S3,long,RISK_ON,1,2014-12-09 00:00:00+00:00,2014-12-17 00:00:00+00:00,44.97492999999999,44.97492999999999,0.3556391964201483,0.0017781959821007414,6,STOP_AFTER_TP1,True
PDCO,S3,long,RISK_ON,1,2014-12-09 00:00:00+00:00,2014-12-12 00:00:00+00:00,48.38834,47.68670714285714,-1.0,-0.005,3,SL,False
ULTA,S3,long,RISK_ON,1,2014-12-09 00:00:00+00:00,2015-02-02 00:00:00+00:00,127.65753,130.96,0.7899423944295467,0.003949711972147734,36,EMA_TRAIL,True
MDT,S3,long,RISK_ON,1,2014-12-10 00:00:00+00:00,2014-12-12 00:00:00+00:00,73.30323,72.68607142857144,-1.0,-0.005,2,SL,False
ESRX,S3,long,RISK_ON,1,2014-12-10 00:00:00+00:00,2014-12-12 00:00:00+00:00,83.7837,82.92481785714286,-1.0,-0.005,2,SL,False
CCL,S3,long,RISK_ON,1,2014-12-10 00:00:00+00:00,2015-01-15 00:00:00+00:00,43.34329999999999,45.17,2.0207188959077427,0.010103594479538713,24,EMA_TRAIL,True
V,S3,long,RISK_ON,1,2014-12-10 00:00:00+00:00,2014-12-12 00:00:00+00:00,65.49543,64.46046785714286,-1.0,-0.005,2,SL,False
ABC,S3,long,RISK_ON,1,2014-12-10 00:00:00+00:00,2014-12-12 00:00:00+00:00,91.01092,91.01092,0.7417303407042578,0.0037086517035212893,2,STOP_AFTER_TP1,True
XRAY,S3,long,RISK_ON,1,2014-12-11 00:00:00+00:00,2014-12-15 00:00:00+00:00,54.50445,53.535000000000004,-1.0,-0.005,2,SL,False
MTD,S3,long,RISK_ON,1,2014-12-11 00:00:00+00:00,2014-12-15 00:00:00+00:00,290.63033999999993,283.14,-1.0,-0.005,2,SL,False
FBHS,S3,long,RISK_ON,1,2014-12-11 00:00:00+00:00,2014-12-15 00:00:00+00:00,44.634589999999996,43.831964285714285,-1.0,-0.005,2,SL,False
CNC,S3,long,RISK_ON,1,2014-12-11 00:00:00+00:00,2015-04-15 00:00:00+00:00,49.499449999999996,67.79,8.13629635819364,0.0406814817909682,84,EMA_TRAIL,True
HIG,S3,long,RISK_ON,1,2014-12-11 00:00:00+00:00,2014-12-12 00:00:00+00:00,41.211169999999996,40.74,-1.0,-0.005,1,SL,False
VFC,S3,long,RISK_ON,1,2014-12-11 00:00:00+00:00,2014-12-15 00:00:00+00:00,73.40333,72.04424642857144,-1.0,-0.005,2,SL,False
LUV,S3,long,RISK_ON,1,2014-12-18 00:00:00+00:00,2015-01-06 00:00:00+00:00,40.660619999999994,40.660619999999994,0.28318435488462645,0.0014159217744231323,11,STOP_AFTER_TP1,True
XRAY,S3,long,RISK_ON,1,2014-12-18 00:00:00+00:00,2015-01-02 00:00:00+00:00,54.15409999999999,51.89410714285714,-1.0,-0.005,9,SL,False
AAPL,S1,long,RISK_ON,1,2014-12-19 00:00:00+00:00,2014-12-31 00:00:00+00:00,111.89177999999998,110.38,-0.19327665020209275,-0.0009663832510104637,7,SMA50_BREAK,False
AVGO,S3,long,RISK_ON,1,2014-12-22 00:00:00+00:00,2015-01-06 00:00:00+00:00,101.51140999999998,97.48948928571428,-1.0,-0.005,9,SL,False
FDX,S3,long,RISK_ON,1,2014-12-22 00:00:00+00:00,2015-01-02 00:00:00+00:00,177.04686999999998,170.5039285714286,-1.0,-0.005,7,SL,False
TSCO,S3,long,RISK_ON,1,2014-12-22 00:00:00+00:00,2015-01-02 00:00:00+00:00,77.33726,77.33726,0.3236734138491217,0.0016183670692456085,7,STOP_AFTER_TP1,True
SIG,S3,long,RISK_ON,1,2014-12-22 00:00:00+00:00,2015-01-08 00:00:00+00:00,129.43930999999998,124.48891785714285,-1.0,-0.005,11,SL,False
IT,S3,long,RISK_ON,1,2014-12-22 00:00:00+00:00,2014-12-31 00:00:00+00:00,85.77568999999998,84.54214285714285,-1.0,-0.005,6,SL,False
VRTX,S1,long,RISK_ON,1,2014-12-22 00:00:00+00:00,2015-01-12 00:00:00+00:00,116.79668,118.31,0.37854879657344076,0.0018927439828672038,13,EMA_TRAIL,True
FBHS,S3,long,RISK_ON,1,2014-12-22 00:00:00+00:00,2015-01-05 00:00:00+00:00,45.12507999999999,44.167857142857144,-1.0,-0.005,8,SL,False
ESRX,S3,long,RISK_ON,1,2014-12-22 00:00:00+00:00,2015-01-06 00:00:00+00:00,82.41733499999998,83.28,0.6045447222004746,0.003022723611002373,9,EMA_TRAIL,True
AGN,S3,long,RISK_ON,1,2014-12-22 00:00:00+00:00,2014-12-23 00:00:00+00:00,261.92166,256.2941071428571,-1.0,-0.005,1,SL,False
FFIV,S3,long,RISK_ON,1,2014-12-22 00:00:00+00:00,2014-12-29 00:00:00+00:00,133.10296999999997,133.10296999999997,0.27600607914613323,0.001380030395730666,4,STOP_AFTER_TP1,True
RL,S3,long,RISK_ON,1,2014-12-22 00:00:00+00:00,2015-01-05 00:00:00+00:00,180.41022999999996,180.41022999999996,0.3104932891362998,0.001552466445681499,8,STOP_AFTER_TP1,True
INCY,S3,long,RISK_ON,1,2014-12-22 00:00:00+00:00,2014-12-23 00:00:00+00:00,75.89581999999999,73.00536071428571,-1.0,-0.005,1,SL,False
MHK,S3,long,RISK_ON,1,2014-12-22 00:00:00+00:00,2015-01-02 00:00:00+00:00,154.69453999999996,151.83393214285712,-1.0,-0.005,7,SL,False
ABC,S3,long,RISK_ON,1,2014-12-23 00:00:00+00:00,2015-01-02 00:00:00+00:00,91.51141999999999,89.97535714285713,-1.0,-0.005,6,SL,False
EW,S3,long,RISK_ON,1,2014-12-23 00:00:00+00:00,2015-01-02 00:00:00+00:00,64.85479,63.44546785714285,-1.0,-0.005,6,SL,False
MO,S3,long,RISK_ON,1,2014-12-23 00:00:00+00:00,2014-12-31 00:00:00+00:00,50.580529999999996,49.35510357142857,-1.0,-0.005,5,SL,False
PDCO,S3,long,RISK_ON,1,2014-12-23 00:00:00+00:00,2014-12-31 00:00:00+00:00,48.85881,48.07553571428572,-1.0,-0.005,5,SL,False
MDT,S3,long,RISK_ON,1,2014-12-24 00:00:00+00:00,2014-12-30 00:00:00+00:00,74.15408,72.72598214285715,-1.0,-0.005,3,SL,False
INCY,S3,long,RISK_ON,1,2014-12-26 00:00:00+00:00,2015-01-09 00:00:00+00:00,73.96388999999999,72.03,-0.3136543681195209,-0.0015682718405976045,9,SMA50_BREAK,False
NAVI,S3,long,RISK_ON,1,2014-12-26 00:00:00+00:00,2014-12-31 00:00:00+00:00,21.981959999999997,21.678960714285715,-1.0,-0.005,3,SL,False
BMY,S3,long,RISK_ON,1,2014-12-26 00:00:00+00:00,2015-01-05 00:00:00+00:00,59.639579999999995,58.47450357142857,-1.0,-0.005,5,SL,False
BRK.B,S3,long,RISK_ON,1,2014-12-26 00:00:00+00:00,2015-01-02 00:00:00+00:00,151.50134999999997,150.00214285714287,-1.0,-0.005,4,SL,False
COST,S3,long,RISK_ON,1,2014-12-29 00:00:00+00:00,2015-01-02 00:00:00+00:00,143.48334,141.54089285714286,-1.0,-0.005,3,SL,False
V,S3,long,RISK_ON,1,2014-12-29 00:00:00+00:00,2014-12-31 00:00:00+00:00,66.4238575,65.71678571428572,-1.0,-0.005,2,SL,False
CELG,S3,long,RISK_ON,1,2014-12-29 00:00:00+00:00,2015-01-28 00:00:00+00:00,114.58446999999998,118.97,0.7421700861012518,0.003710850430506259,20,EMA_TRAIL,True
UNH,S3,long,RISK_ON,1,2014-12-29 00:00:00+00:00,2015-01-02 00:00:00+00:00,102.43233,100.86203928571429,-1.0,-0.005,3,SL,False
FFIV,S3,long,RISK_ON,1,2014-12-29 00:00:00+00:00,2014-12-31 00:00:00+00:00,133.95381999999998,131.52676428571428,-1.0,-0.005,2,SL,False
SEE,S3,long,RISK_ON,1,2014-12-30 00:00:00+00:00,2015-01-02 00:00:00+00:00,42.95290999999999,42.35643214285714,-1.0,-0.005,2,SL,False
MAR,S3,long,RISK_ON,1,2014-12-30 00:00:00+00:00,2015-01-02 00:00:00+00:00,78.373295,77.45215714285713,-1.0,-0.005,2,SL,False
ALL,S3,long,RISK_ON,1,2014-12-31 00:00:00+00:00,2015-01-02 00:00:00+00:00,70.32024999999999,69.73771428571428,-1.0,-0.005,1,SL,False
V,S3,long,RISK_ON,1,2014-12-31 00:00:00+00:00,2015-01-05 00:00:00+00:00,65.61554999999998,65.01403571428571,-1.0,-0.005,2,SL,False
LEG,S3,long,RISK_ON,1,2014-12-31 00:00:00+00:00,2015-01-02 00:00:00+00:00,42.652609999999996,42.18415,-1.0,-0.005,1,SL,False
MTD,S3,long,RISK_ON,1,2014-12-31 00:00:00+00:00,2015-01-02 00:00:00+00:00,302.7624599999999,299.4094321428571,-1.0,-0.005,1,SL,False
HIG,S3,long,RISK_ON,1,2014-12-31 00:00:00+00:00,2015-01-05 00:00:00+00:00,41.73168999999999,41.34089285714286,-1.0,-0.005,2,SL,False
NAVI,S3,long,RISK_ON,1,2014-12-31 00:00:00+00:00,2015-01-05 00:00:00+00:00,21.63161,21.365532142857145,-1.0,-0.005,2,SL,False
MAS,S3,long,RISK_ON,1,2014-12-31 00:00:00+00:00,2015-01-02 00:00:00+00:00,25.225199999999997,24.964446428571428,-1.0,-0.005,1,SL,False
CVS,S3,long,RISK_ON,1,2014-12-31 00:00:00+00:00,2015-01-02 00:00:00+00:00,96.40630999999999,95.35275,-1.0,-0.005,1,SL,False
TRV,S3,long,RISK_ON,1,2014-12-31 00:00:00+00:00,2015-01-02 00:00:00+00:00,105.95584999999998,105.1435,-1.0,-0.005,1,SL,False
PEG,S1,long,DEFENSIVE,1,2015-01-07 00:00:00+00:00,2015-01-30 00:00:00+00:00,41.60156,42.68,0.5741920752753276,0.002870960376376638,16,EMA_TRAIL,True
GPC,S1,long,DEFENSIVE,1,2015-01-07 00:00:00+00:00,2015-01-09 00:00:00+00:00,103.15304999999998,101.37,-0.2788616881684919,-0.0013943084408424595,2,SMA50_BREAK,False
DTE,S3,long,RISK_ON,1,2015-01-08 00:00:00+00:00,2015-02-04 00:00:00+00:00,87.53744999999999,88.62,0.6885212443424009,0.0034426062217120046,18,EMA_TRAIL,True
AEE,S3,long,RISK_ON,1,2015-01-08 00:00:00+00:00,2015-02-04 00:00:00+00:00,45.55550999999999,44.58,-0.8251604596489982,-0.004125802298244991,18,SMA50_BREAK,False
ETR,S3,long,RISK_ON,1,2015-01-08 00:00:00+00:00,2015-01-13 00:00:00+00:00,88.37828999999999,85.78265,-1.0,-0.005,3,SL,False
COTY,S3,long,RISK_ON,1,2015-01-08 00:00:00+00:00,2015-01-09 00:00:00+00:00,20.480459999999997,19.952499999999997,-1.0,-0.005,1,SL,False
FE,S3,long,RISK_ON,1,2015-01-08 00:00:00+00:00,2015-02-04 00:00:00+00:00,39.05902,40.16,1.028245174576762,0.0051412258728838105,18,EMA_TRAIL,True
DAL,S3,long,RISK_ON,1,2015-01-08 00:00:00+00:00,2015-01-12 00:00:00+00:00,48.238189999999996,45.85592857142857,-1.0,-0.005,2,SL,False
DUK,S3,long,RISK_ON,1,2015-01-08 00:00:00+00:00,2015-02-03 00:00:00+00:00,84.89480999999999,86.78,1.1001944759054127,0.005500972379527064,17,EMA_TRAIL,True
REGN,S1,long,DEFENSIVE,1,2015-01-09 00:00:00+00:00,2015-01-13 00:00:00+00:00,411.45104,406.49,-0.1968396402716122,-0.000984198201358061,2,SMA50_BREAK,False
KMX,S3,long,RISK_ON,1,2015-01-22 00:00:00+00:00,2015-02-02 00:00:00+00:00,64.30424,61.36796428571429,-1.0,-0.005,7,SL,False
CCL,S3,long,RISK_ON,1,2015-01-22 00:00:00+00:00,2015-01-29 00:00:00+00:00,46.29624999999999,44.984742857142855,-1.0,-0.005,5,SL,False
CME,S1,long,RISK_ON,1,2015-01-22 00:00:00+00:00,2015-01-28 00:00:00+00:00,88.65856999999998,85.17,-0.6012267295369863,-0.0030061336476849315,4,SMA50_BREAK,False
WBA,S3,long,RISK_ON,1,2015-01-22 00:00:00+00:00,2015-01-28 00:00:00+00:00,76.09601999999998,74.24857142857144,-1.0,-0.005,4,SL,False
BDX,S3,long,RISK_ON,1,2015-01-26 00:00:00+00:00,2015-01-29 00:00:00+00:00,143.63349,140.34374999999997,-1.0,-0.005,3,SL,False
ROST,S3,long,RISK_ON,1,2015-01-26 00:00:00+00:00,2015-01-27 00:00:00+00:00,47.662614999999995,46.447321428571435,-1.0,-0.005,1,SL,False
VRTX,S3,long,RISK_ON,1,2015-01-26 00:00:00+00:00,2015-01-28 00:00:00+00:00,125.24511999999999,122.38465,-1.0,-0.005,2,SL,False
HSY,S3,long,RISK_ON,1,2015-01-26 00:00:00+00:00,2015-01-27 00:00:00+00:00,109.43932999999998,107.26785714285715,-1.0,-0.005,1,SL,False
BMY,S3,long,RISK_ON,1,2015-01-26 00:00:00+00:00,2015-01-29 00:00:00+00:00,62.522459999999995,60.968714285714285,-1.0,-0.005,3,SL,False
TGT,S3,long,RISK_ON,1,2015-01-26 00:00:00+00:00,2015-01-30 00:00:00+00:00,75.32525,73.73392857142858,-1.0,-0.005,4,SL,False
ETR,S3,long,RISK_ON,1,2015-01-26 00:00:00+00:00,2015-01-30 00:00:00+00:00,88.91882999999999,87.58449285714286,-1.0,-0.005,4,SL,False
O,S3,long,RISK_ON,1,2015-02-03 00:00:00+00:00,2015-02-06 00:00:00+00:00,53.35329999999999,51.926896428571425,-1.0,-0.005,3,SL,False
AIV,S3,long,RISK_ON,1,2015-02-03 00:00:00+00:00,2015-02-09 00:00:00+00:00,40.10006,38.394525,-1.0,-0.005,4,SL,False
UNH,S3,long,RISK_ON,1,2015-02-03 00:00:00+00:00,2015-04-15 00:00:00+00:00,107.91780999999999,117.32,2.0658036340237746,0.010329018170118873,49,EMA_TRAIL,True
ARE,S3,long,RISK_ON,1,2015-02-03 00:00:00+00:00,2015-02-06 00:00:00+00:00,97.11701999999998,94.41546428571428,-1.0,-0.005,3,SL,False
RMD,S3,long,RISK_ON,1,2015-02-03 00:00:00+00:00,2015-04-17 00:00:00+00:00,63.593529999999994,71.88,2.159329877492613,0.010796649387463065,51,EMA_TRAIL,True
VTR,S3,long,RISK_ON,1,2015-02-03 00:00:00+00:00,2015-02-06 00:00:00+00:00,79.80973,77.43946428571428,-1.0,-0.005,3,SL,False
DLR,S3,long,RISK_ON,1,2015-02-03 00:00:00+00:00,2015-02-06 00:00:00+00:00,73.43336,71.54661428571427,-1.0,-0.005,3,SL,False
PCG,S3,long,RISK_ON,1,2015-02-03 00:00:00+00:00,2015-02-06 00:00:00+00:00,58.908849999999994,57.51446071428571,-1.0,-0.005,3,SL,False
DPS,S3,long,RISK_ON,1,2015-02-03 00:00:00+00:00,2015-02-13 00:00:00+00:00,77.89781999999998,77.89781999999998,0.3733022448531565,0.0018665112242657825,8,STOP_AFTER_TP1,True
ABC,S3,long,RISK_ON,1,2015-02-03 00:00:00+00:00,2015-04-29 00:00:00+00:00,95.73563999999999,112.44,3.785244163368439,0.018926220816842195,59,EMA_TRAIL,True
PLD,S3,long,RISK_ON,1,2015-02-03 00:00:00+00:00,2015-02-13 00:00:00+00:00,45.26521999999999,43.74325,-1.0,-0.005,8,SL,False
LNT,S3,long,RISK_ON,1,2015-02-05 00:00:00+00:00,2015-02-06 00:00:00+00:00,34.439405,33.56395357142857,-1.0,-0.005,1,SL,False
AVB,S3,long,RISK_ON,1,2015-02-05 00:00:00+00:00,2015-02-06 00:00:00+00:00,175.17499999999998,170.39696785714287,-1.0,-0.005,1,SL,False
SCG,S3,long,RISK_ON,1,2015-02-05 00:00:00+00:00,2015-02-06 00:00:00+00:00,63.92385999999999,62.55696428571429,-1.0,-0.005,1,SL,False
UAL,S3,long,RISK_ON,1,2015-02-05 00:00:00+00:00,2015-02-09 00:00:00+00:00,69.66959999999999,67.04932142857142,-1.0,-0.005,2,SL,False
UDR,S3,long,RISK_ON,1,2015-02-05 00:00:00+00:00,2015-02-06 00:00:00+00:00,33.513479999999994,32.50018214285714,-1.0,-0.005,1,SL,False
WEC,S3,long,RISK_ON,1,2015-02-05 00:00:00+00:00,2015-02-06 00:00:00+00:00,56.07602,54.60482142857143,-1.0,-0.005,1,SL,False
MHK,S3,long,RISK_ON,1,2015-02-05 00:00:00+00:00,2015-02-09 00:00:00+00:00,166.64647999999997,163.7917857142857,-1.0,-0.005,2,SL,False
TSCO,S3,long,RISK_ON,1,2015-02-05 00:00:00+00:00,2015-03-04 00:00:00+00:00,83.58349999999999,85.13,0.7016153611703821,0.003508076805851911,18,EMA_TRAIL,True
HCN,S3,long,RISK_ON,1,2015-02-05 00:00:00+00:00,2015-02-06 00:00:00+00:00,81.71162999999999,79.65410714285714,-1.0,-0.005,1,SL,False
MNST,S3,long,RISK_ON,1,2015-02-05 00:00:00+00:00,2015-04-02 00:00:00+00:00,39.496056599999996,45.22,3.877152062383228,0.01938576031191614,39,EMA_TRAIL,True
CMS,S3,long,RISK_ON,1,2015-02-05 00:00:00+00:00,2015-02-06 00:00:00+00:00,37.357319999999994,36.433571428571426,-1.0,-0.005,1,SL,False
HOLX,S3,long,RISK_ON,1,2015-02-05 00:00:00+00:00,2015-03-25 00:00:00+00:00,30.300269999999998,32.03,2.256114340891855,0.011280571704459275,33,EMA_TRAIL,True
EIX,S3,long,RISK_ON,1,2015-02-05 00:00:00+00:00,2015-02-06 00:00:00+00:00,67.79773,66.79146428571428,-1.0,-0.005,1,SL,False
XEL,S3,long,RISK_ON,1,2015-02-05 00:00:00+00:00,2015-02-06 00:00:00+00:00,37.59756,36.79095,-1.0,-0.005,1,SL,False
ALK,S3,long,RISK_ON,1,2015-02-05 00:00:00+00:00,2015-02-09 00:00:00+00:00,66.88681999999999,63.81443571428571,-1.0,-0.005,2,SL,False
SWKS,S3,long,RISK_ON,1,2015-02-05 00:00:00+00:00,2015-02-09 00:00:00+00:00,81.4814,79.2042857142857,-1.0,-0.005,2,SL,False
PDCO,S3,long,RISK_ON,1,2015-02-06 00:00:00+00:00,2015-02-09 00:00:00+00:00,50.625575,49.93756428571428,-1.0,-0.005,1,SL,False
MAC,S3,long,RISK_ON,1,2015-02-06 00:00:00+00:00,2015-02-13 00:00:00+00:00,87.64756,86.02714285714285,-1.0,-0.005,5,SL,False
AVGO,S3,long,RISK_ON,1,2015-02-06 00:00:00+00:00,2015-02-09 00:00:00+00:00,104.84473999999999,102.07751428571429,-1.0,-0.005,1,SL,False
HSIC,S3,long,RISK_ON,1,2015-02-06 00:00:00+00:00,2015-02-11 00:00:00+00:00,69.984915,68.80843571428572,-1.0,-0.005,3,SL,False
CTAS,S3,long,RISK_ON,1,2015-02-06 00:00:00+00:00,2015-03-06 00:00:00+00:00,80.12004,82.28,1.8837157196199479,0.00941857859809974,19,EMA_TRAIL,True
AYI,S2,long,RISK_ON,1,2015-02-09 00:00:00+00:00,2015-06-24 00:00:00+00:00,157.82766999999998,181.03,3.6130172719265587,0.018065086359632793,94,EMA_TRAIL,True
STZ,S3,long,RISK_ON,1,2015-02-09 00:00:00+00:00,2015-03-06 00:00:00+00:00,111.97185999999999,111.97185999999999,0.401602503098043,0.002008012515490215,18,STOP_AFTER_TP1,True
MO,S3,long,RISK_ON,1,2015-02-09 00:00:00+00:00,2015-03-06 00:00:00+00:00,53.21315999999999,53.21315999999999,0.9239437602718357,0.004619718801359179,18,STOP_AFTER_TP1,True
EA,S3,long,RISK_ON,1,2015-02-09 00:00:00+00:00,2015-03-10 00:00:00+00:00,54.329274999999996,55.05,1.1769083997111127,0.005884541998555564,20,EMA_TRAIL,True
WHR,S3,long,RISK_ON,1,2015-02-10 00:00:00+00:00,2015-03-06 00:00:00+00:00,208.28807999999998,202.72714642857144,-1.0,-0.005,17,SL,False
BSX,S3,long,RISK_ON,1,2015-02-10 00:00:00+00:00,2015-04-27 00:00:00+00:00,14.73472,17.98,3.545998496847538,0.01772999248423769,52,EMA_TRAIL,True
HCP,S5,long,RISK_ON,1,2015-02-10 00:00:00+00:00,2015-02-11 00:00:00+00:00,42.72268,42.59,-0.1131425452808895,-0.0005657127264044476,1,SMA50_BREAK,False
SLG,S3,long,RISK_ON,1,2015-02-10 00:00:00+00:00,2015-02-26 00:00:00+00:00,127.53740999999998,125.76,-0.6657529100908426,-0.003328764550454213,11,SMA50_BREAK,False
BXP,S3,long,RISK_ON,1,2015-02-11 00:00:00+00:00,2015-02-19 00:00:00+00:00,141.06091999999998,138.41410714285712,-1.0,-0.005,5,SL,False
EQR,S3,long,RISK_ON,1,2015-02-11 00:00:00+00:00,2015-03-04 00:00:00+00:00,78.04796999999999,76.84,-0.7634307929548783,-0.0038171539647743912,14,SMA50_BREAK,False
DRE,S3,long,RISK_ON,1,2015-02-12 00:00:00+00:00,2015-02-26 00:00:00+00:00,21.611589999999996,21.19,-0.47124735324269373,-0.002356236766213469,9,SMA50_BREAK,False
SWKS,S3,long,RISK_ON,1,2015-02-12 00:00:00+00:00,2015-03-26 00:00:00+00:00,82.50241999999999,93.04,4.312577287882328,0.02156288643941164,29,EMA_TRAIL,True
DLR,S1,long,RISK_ON,1,2015-02-12 00:00:00+00:00,2015-02-13 00:00:00+00:00,70.79072,68.65,-0.4444425989901655,-0.0022222129949508278,1,SMA50_BREAK,False
ARE,S3,long,RISK_ON,1,2015-02-12 00:00:00+00:00,2015-03-06 00:00:00+00:00,96.28618999999999,94.74,-0.5274153319050716,-0.0026370766595253583,15,SMA50_BREAK,False
ESS,S3,long,RISK_ON,1,2015-02-13 00:00:00+00:00,2015-02-26 00:00:00+00:00,226.91668999999996,221.11410714285714,-1.0,-0.005,8,SL,False
PSA,S3,long,RISK_ON,1,2015-02-13 00:00:00+00:00,2015-02-19 00:00:00+00:00,202.81260999999998,199.50267857142856,-1.0,-0.005,3,SL,False
SYF,S3,long,RISK_ON,1,2015-02-13 00:00:00+00:00,2015-02-17 00:00:00+00:00,32.83279999999999,32.31286071428571,-1.0,-0.005,1,SL,False
ANDV,S3,long,RISK_ON,1,2015-02-17 00:00:00+00:00,2015-03-06 00:00:00+00:00,83.34326,86.88,0.8807737968364224,0.0044038689841821126,13,EMA_TRAIL,True
ORLY,S3,long,RISK_ON,1,2015-02-17 00:00:00+00:00,2015-03-25 00:00:00+00:00,205.90569999999997,208.98,1.1044611602179315,0.005522305801089657,26,EMA_TRAIL,True
SYF,S3,long,RISK_ON,1,2015-02-18 00:00:00+00:00,2015-03-02 00:00:00+00:00,31.941909999999996,31.437857142857144,-1.0,-0.005,8,SL,False
DPS,S3,long,RISK_ON,1,2015-02-18 00:00:00+00:00,2015-03-11 00:00:00+00:00,78.09801999999999,76.87,-0.4585613166406046,-0.0022928065832030233,15,SMA50_BREAK,False
EXR,S3,long,RISK_ON,1,2015-02-18 00:00:00+00:00,2015-02-20 00:00:00+00:00,65.51545,63.51325357142858,-1.0,-0.005,2,SL,False
HSIC,S3,long,RISK_ON,1,2015-02-18 00:00:00+00:00,2015-02-26 00:00:00+00:00,71.1135425,70.09958928571427,-1.0,-0.005,6,SL,False
LB,S3,long,RISK_ON,1,2015-02-18 00:00:00+00:00,2015-04-15 00:00:00+00:00,90.64054999999999,93.33,1.6211312880735982,0.008105656440367991,39,EMA_TRAIL,True
CVS,S3,long,RISK_ON,1,2015-02-19 00:00:00+00:00,2015-03-05 00:00:00+00:00,102.72261999999999,102.72261999999999,0.43342062354860156,0.0021671031177430077,10,STOP_AFTER_TP1,True
KIM,S1,long,RISK_ON,1,2015-02-20 00:00:00+00:00,2015-02-24 00:00:00+00:00,26.926899999999996,26.45,-0.2908955606250971,-0.0014544778031254854,2,SMA50_BREAK,False
FRT,S3,long,RISK_ON,1,2015-02-20 00:00:00+00:00,2015-02-26 00:00:00+00:00,144.38424,140.57,-0.8169491753610065,-0.004084745876805033,4,SMA50_BREAK,False
BXP,S3,long,RISK_ON,1,2015-02-23 00:00:00+00:00,2015-02-25 00:00:00+00:00,141.07093,137.66,-0.7579481110588022,-0.003789740555294011,2,SMA50_BREAK,False
NOC,S3,long,RISK_ON,1,2015-02-25 00:00:00+00:00,2015-02-26 00:00:00+00:00,168.81865,166.20819285714288,-1.0,-0.005,1,SL,False
DLTR,S2,long,RISK_ON,1,2015-02-25 00:00:00+00:00,2015-04-17 00:00:00+00:00,79.23915999999998,79.14,-0.026290313050614387,-0.00013145156525307193,36,SMA50_BREAK,False
AVGO,S2,long,RISK_ON,1,2015-02-26 00:00:00+00:00,2015-04-17 00:00:00+00:00,129.37924999999998,121.85,-0.24984243670122291,-0.0012492121835061146,35,SMA50_BREAK,False
NOC,S3,long,RISK_ON,1,2015-02-26 00:00:00+00:00,2015-03-03 00:00:00+00:00,166.47630999999998,164.6028357142857,-1.0,-0.005,3,SL,False
GPN,S3,long,RISK_ON,1,2015-02-27 00:00:00+00:00,2015-03-03 00:00:00+00:00,45.97593,45.97593,0.4213519787712306,0.002106759893856153,2,STOP_AFTER_TP1,True
V,S3,long,RISK_ON,1,2015-02-27 00:00:00+00:00,2015-03-06 00:00:00+00:00,67.8953275,67.8953275,0.5130163508216453,0.0025650817541082267,5,STOP_AFTER_TP1,True
KMX,S3,long,RISK_ON,1,2015-02-27 00:00:00+00:00,2015-03-04 00:00:00+00:00,67.17711,66.42485714285714,-1.0,-0.005,3,SL,False
BDX,S3,long,RISK_ON,1,2015-02-27 00:00:00+00:00,2015-03-06 00:00:00+00:00,146.86672,146.86672,0.5660347358317159,0.0028301736791585797,5,STOP_AFTER_TP1,True
ATVI,S3,long,RISK_ON,1,2015-03-02 00:00:00+00:00,2015-03-04 00:00:00+00:00,23.268244999999997,22.88893214285714,-1.0,-0.005,2,SL,False
BA,S3,long,RISK_ON,1,2015-03-02 00:00:00+00:00,2015-03-25 00:00:00+00:00,153.9538,149.24438928571428,-1.0,-0.005,17,SL,False
AON,S3,long,RISK_ON,1,2015-03-02 00:00:00+00:00,2015-03-06 00:00:00+00:00,100.34023999999998,98.85410714285715,-1.0,-0.005,4,SL,False
SEE,S3,long,RISK_ON,1,2015-03-02 00:00:00+00:00,2015-03-04 00:00:00+00:00,47.55750999999999,46.476325,-1.0,-0.005,2,SL,False
SPGI,S3,long,RISK_ON,1,2015-03-02 00:00:00+00:00,2015-03-04 00:00:00+00:00,103.59348999999999,102.31953571428572,-1.0,-0.005,2,SL,False
MTD,S3,long,RISK_ON,1,2015-03-02 00:00:00+00:00,2015-03-09 00:00:00+00:00,317.8375199999999,309.3044642857143,-1.0,-0.005,5,SL,False
AAPL,S3,long,RISK_ON,1,2015-03-02 00:00:00+00:00,2015-03-05 00:00:00+00:00,129.21909,127.04267857142858,-1.0,-0.005,3,SL,False
ZTS,S3,long,RISK_ON,1,2015-03-03 00:00:00+00:00,2015-03-06 00:00:00+00:00,46.58653999999999,45.818242857142856,-1.0,-0.005,3,SL,False
MDT,S3,long,RISK_ON,1,2015-03-03 00:00:00+00:00,2015-03-06 00:00:00+00:00,78.10803,76.78948214285715,-1.0,-0.005,3,SL,False
FIS,S3,long,RISK_ON,1,2015-03-03 00:00:00+00:00,2015-03-04 00:00:00+00:00,67.67760999999999,66.88729285714285,-1.0,-0.005,1,SL,False
MA,S3,long,RISK_ON,1,2015-03-03 00:00:00+00:00,2015-03-11 00:00:00+00:00,91.06096999999998,88.65996071428572,-1.0,-0.005,6,SL,False
MCHP,S3,long,RISK_ON,1,2015-03-03 00:00:00+00:00,2015-03-05 00:00:00+00:00,51.481429999999996,50.7575,-1.0,-0.005,2,SL,False
DRI,S3,long,RISK_ON,1,2015-03-03 00:00:00+00:00,2015-03-04 00:00:00+00:00,63.953889999999994,63.10561071428572,-1.0,-0.005,1,SL,False
JNPR,S3,long,RISK_ON,1,2015-03-03 00:00:00+00:00,2015-03-04 00:00:00+00:00,23.903879999999997,23.43817857142857,-1.0,-0.005,1,SL,False
AKAM,S3,long,RISK_ON,1,2015-03-03 00:00:00+00:00,2015-03-10 00:00:00+00:00,69.92985999999999,68.68692857142858,-1.0,-0.005,5,SL,False
VLO,S3,long,RISK_ON,1,2015-03-03 00:00:00+00:00,2015-03-10 00:00:00+00:00,60.14007999999999,57.37434642857143,-1.0,-0.005,5,SL,False
MOS,S3,long,RISK_ON,1,2015-03-03 00:00:00+00:00,2015-03-04 00:00:00+00:00,52.662609999999994,51.83625000000001,-1.0,-0.005,1,SL,False
NVDA,S3,long,RISK_ON,1,2015-03-03 00:00:00+00:00,2015-03-24 00:00:00+00:00,22.20218,22.4,0.6567753174373328,0.0032838765871866637,15,EMA_TRAIL,True
NFLX,S3,long,RISK_ON,1,2015-03-03 00:00:00+00:00,2015-03-04 00:00:00+00:00,67.88341559999999,66.62748928571429,-1.0,-0.005,1,SL,False
PPG,S3,long,RISK_ON,1,2015-03-03 00:00:00+00:00,2015-03-04 00:00:00+00:00,117.38726999999999,116.13335357142857,-1.0,-0.005,1,SL,False
EW,S3,long,RISK_ON,1,2015-03-03 00:00:00+00:00,2015-04-01 00:00:00+00:00,67.35728999999999,70.35,1.5552501576907454,0.007776250788453727,21,EMA_TRAIL,True
SYF,S3,long,RISK_ON,1,2015-03-03 00:00:00+00:00,2015-03-25 00:00:00+00:00,32.17214,30.895678571428572,-1.0,-0.005,16,SL,False
GT,S3,long,RISK_ON,1,2015-03-03 00:00:00+00:00,2015-03-04 00:00:00+00:00,27.09707,26.426410714285716,-1.0,-0.005,1,SL,False
AOS,S3,long,RISK_ON,1,2015-03-03 00:00:00+00:00,2015-03-13 00:00:00+00:00,31.6316,31.14709285714286,-1.0,-0.005,8,SL,False
ADI,S3,long,RISK_ON,1,2015-03-03 00:00:00+00:00,2015-03-06 00:00:00+00:00,58.798739999999995,57.89196785714285,-1.0,-0.005,3,SL,False
CERN,S3,long,RISK_ON,1,2015-03-03 00:00:00+00:00,2015-03-06 00:00:00+00:00,71.99192,70.6847,-1.0,-0.005,3,SL,False
MPC,S3,long,RISK_ON,1,2015-03-04 00:00:00+00:00,2015-03-06 00:00:00+00:00,51.056005,49.787664285714285,-1.0,-0.005,2,SL,False
AET,S2,long,RISK_ON,1,2015-03-04 00:00:00+00:00,2015-07-06 00:00:00+00:00,101.85175,117.43,5.799838287796756,0.028999191438983777,85,EMA_TRAIL,True
FIS,S3,long,RISK_ON,1,2015-03-04 00:00:00+00:00,2015-03-06 00:00:00+00:00,67.07701,66.29907857142858,-1.0,-0.005,2,SL,False
AMZN,S3,long,RISK_ON,1,2015-03-04 00:00:00+00:00,2015-03-09 00:00:00+00:00,383.10272,378.3203571428571,-1.0,-0.005,3,SL,False
ATVI,S3,long,RISK_ON,1,2015-03-04 00:00:00+00:00,2015-03-11 00:00:00+00:00,22.95293,22.53214642857143,-1.0,-0.005,5,SL,False
MOS,S3,long,RISK_ON,1,2015-03-04 00:00:00+00:00,2015-03-05 00:00:00+00:00,51.951899999999995,51.35946428571428,-1.0,-0.005,1,SL,False
SEE,S3,long,RISK_ON,1,2015-03-04 00:00:00+00:00,2015-03-06 00:00:00+00:00,46.62657999999999,45.22846785714286,-1.0,-0.005,2,SL,False
FISV,S3,long,RISK_ON,1,2015-03-04 00:00:00+00:00,2015-03-06 00:00:00+00:00,78.05798,77.3047,-1.0,-0.005,2,SL,False
TXN,S3,long,RISK_ON,1,2015-03-04 00:00:00+00:00,2015-03-10 00:00:00+00:00,58.378319999999995,57.426789285714285,-1.0,-0.005,4,SL,False
CTSH,S3,long,RISK_ON,1,2015-03-04 00:00:00+00:00,2015-03-10 00:00:00+00:00,62.12206,60.968242857142855,-1.0,-0.005,4,SL,False
CSCO,S3,long,RISK_ON,1,2015-03-05 00:00:00+00:00,2015-03-06 00:00:00+00:00,29.329299999999996,28.880535714285713,-1.0,-0.005,1,SL,False
HII,S3,long,RISK_ON,1,2015-03-05 00:00:00+00:00,2015-03-06 00:00:00+00:00,141.02087999999998,138.51482142857142,-1.0,-0.005,1,SL,False
IFF,S3,long,RISK_ON,1,2015-03-05 00:00:00+00:00,2015-03-06 00:00:00+00:00,121.00087999999998,119.135,-1.0,-0.005,1,SL,False
ALLE,S3,long,RISK_ON,1,2015-03-05 00:00:00+00:00,2015-03-10 00:00:00+00:00,58.16810999999999,57.16650357142857,-1.0,-0.005,3,SL,False
MCHP,S3,long,RISK_ON,1,2015-03-05 00:00:00+00:00,2015-03-10 00:00:00+00:00,50.930879999999995,50.14267857142857,-1.0,-0.005,3,SL,False
CVS,S3,long,RISK_ON,1,2015-03-05 00:00:00+00:00,2015-03-06 00:00:00+00:00,103.46336,102.12965357142858,-1.0,-0.005,1,SL,False
PFE,S3,long,RISK_ON,1,2015-03-05 00:00:00+00:00,2015-03-06 00:00:00+00:00,34.50447,34.02705714285714,-1.0,-0.005,1,SL,False
SPGI,S3,long,RISK_ON,1,2015-03-05 00:00:00+00:00,2015-03-06 00:00:00+00:00,102.90279999999998,101.68117857142857,-1.0,-0.005,1,SL,False
WBA,S3,long,RISK_ON,1,2015-03-06 00:00:00+00:00,2015-03-11 00:00:00+00:00,82.43234999999999,81.36006071428572,-1.0,-0.005,3,SL,False
SBUX,S3,long,RISK_ON,1,2015-03-06 00:00:00+00:00,2015-03-11 00:00:00+00:00,46.1536075,45.64606071428571,-1.0,-0.005,3,SL,False
EFX,S3,long,RISK_ON,1,2015-03-06 00:00:00+00:00,2015-03-09 00:00:00+00:00,93.47337999999999,92.76642142857142,-1.0,-0.005,1,SL,False
NDAQ,S3,long,RISK_ON,1,2015-03-06 00:00:00+00:00,2015-03-10 00:00:00+00:00,50.24018999999999,49.75028571428571,-1.0,-0.005,2,SL,False
MHK,S3,long,RISK_ON,1,2015-03-06 00:00:00+00:00,2015-03-13 00:00:00+00:00,180.43024999999997,177.83464642857143,-1.0,-0.005,5,SL,False
AGN,S3,long,RISK_ON,1,2015-03-06 00:00:00+00:00,2015-03-25 00:00:00+00:00,290.20992,300.63,2.378521570757773,0.011892607853788865,13,EMA_TRAIL,True
TGT,S3,long,RISK_ON,1,2015-03-06 00:00:00+00:00,2015-04-17 00:00:00+00:00,77.28720999999999,80.02,2.1730144253286126,0.010865072126643062,29,EMA_TRAIL,True
DISH,S3,long,RISK_ON,1,2015-03-06 00:00:00+00:00,2015-03-10 00:00:00+00:00,76.13606,74.36692857142857,-1.0,-0.005,2,SL,False
COTY,S3,long,RISK_ON,1,2015-03-06 00:00:00+00:00,2015-03-10 00:00:00+00:00,22.57255,22.57255,0.553487926277379,0.002767439631386895,2,STOP_AFTER_TP1,True
ZTS,S3,long,RISK_ON,1,2015-03-06 00:00:00+00:00,2015-03-25 00:00:00+00:00,45.825779999999995,46.27,1.6017133004234827,0.008008566502117414,13,EMA_TRAIL,True
ADI,S3,long,RISK_ON,1,2015-03-06 00:00:00+00:00,2015-03-12 00:00:00+00:00,57.98792999999999,56.902146428571434,-1.0,-0.005,4,SL,False
LEG,S3,long,RISK_ON,1,2015-03-06 00:00:00+00:00,2015-03-10 00:00:00+00:00,44.97492999999999,44.56707142857143,-1.0,-0.005,2,SL,False
IFF,S3,long,RISK_ON,1,2015-03-06 00:00:00+00:00,2015-03-11 00:00:00+00:00,119.12901,117.47678571428571,-1.0,-0.005,3,SL,False
TXT,S3,long,RISK_ON,1,2015-03-09 00:00:00+00:00,2015-03-10 00:00:00+00:00,44.334289999999996,43.74864285714286,-1.0,-0.005,1,SL,False
HII,S3,long,RISK_ON,1,2015-03-09 00:00:00+00:00,2015-03-25 00:00:00+00:00,139.42928999999998,139.42928999999998,0.27855191304681703,0.0013927595652340852,12,STOP_AFTER_TP1,True
TSS,S3,long,RISK_ON,1,2015-03-09 00:00:00+00:00,2015-03-25 00:00:00+00:00,37.86782999999999,38.06,0.5160214371705787,0.0025801071858528933,12,EMA_TRAIL,True
AMZN,S3,long,RISK_ON,1,2015-03-09 00:00:00+00:00,2015-03-10 00:00:00+00:00,378.93855999999994,372.0369214285714,-1.0,-0.005,1,SL,False
DRI,S3,long,RISK_ON,1,2015-03-09 00:00:00+00:00,2015-03-11 00:00:00+00:00,63.423359999999995,62.084178571428566,-1.0,-0.005,2,SL,False
SEE,S3,long,RISK_ON,1,2015-03-09 00:00:00+00:00,2015-04-14 00:00:00+00:00,46.136089999999996,45.22,-0.5665052656314729,-0.0028325263281573643,25,SMA50_BREAK,False
TEL,S3,long,RISK_ON,1,2015-03-09 00:00:00+00:00,2015-03-10 00:00:00+00:00,72.20212999999998,71.29433214285714,-1.0,-0.005,1,SL,False
EFX,S3,long,RISK_ON,1,2015-03-09 00:00:00+00:00,2015-03-10 00:00:00+00:00,93.06296999999999,92.10534999999999,-1.0,-0.005,1,SL,False
CSCO,S3,long,RISK_ON,1,2015-03-09 00:00:00+00:00,2015-03-11 00:00:00+00:00,29.389359999999996,28.516250000000003,-1.0,-0.005,2,SL,False
IFF,S3,long,RISK_ON,1,2015-03-12 00:00:00+00:00,2015-03-18 00:00:00+00:00,119.61949999999999,115.59160714285713,-1.0,-0.005,4,SL,False
CVS,S3,long,RISK_ON,1,2015-03-12 00:00:00+00:00,2015-03-25 00:00:00+00:00,103.06295999999998,103.06295999999998,0.2837711166788903,0.0014188555833944516,9,STOP_AFTER_TP1,True
EFX,S3,long,RISK_ON,1,2015-03-12 00:00:00+00:00,2015-03-26 00:00:00+00:00,92.09199999999998,90.98188214285715,-1.0,-0.005,10,SL,False
SHW,S3,long,RISK_ON,1,2015-03-12 00:00:00+00:00,2015-03-18 00:00:00+00:00,285.51523,278.87660714285715,-1.0,-0.005,4,SL,False
INCY,S3,long,RISK_ON,1,2015-03-12 00:00:00+00:00,2015-03-25 00:00:00+00:00,90.04995999999998,90.04995999999998,0.42164407624531713,0.0021082203812265855,9,STOP_AFTER_TP1,True
NDAQ,S3,long,RISK_ON,1,2015-03-12 00:00:00+00:00,2015-04-14 00:00:00+00:00,50.03498499999999,49.705,-0.28342635089163365,-0.0014171317544581683,22,SMA50_BREAK,False
ALLE,S3,long,RISK_ON,1,2015-03-12 00:00:00+00:00,2015-04-13 00:00:00+00:00,58.45839999999999,60.28,1.2134620668219067,0.006067310334109534,21,EMA_TRAIL,True
CERN,S3,long,RISK_ON,1,2015-03-12 00:00:00+00:00,2015-04-07 00:00:00+00:00,70.98091,72.45,0.829917875954958,0.00414958937977479,17,EMA_TRAIL,True
MCHP,S3,long,RISK_ON,1,2015-03-16 00:00:00+00:00,2015-03-25 00:00:00+00:00,50.48042999999999,48.29669642857143,-1.0,-0.005,7,SL,False
AMZN,S3,long,RISK_ON,1,2015-03-16 00:00:00+00:00,2015-04-17 00:00:00+00:00,373.72335,375.56,0.17298910118407132,0.0008649455059203566,23,SMA50_BREAK,False
MHK,S3,long,RISK_ON,1,2015-03-16 00:00:00+00:00,2015-04-07 00:00:00+00:00,180.33014999999997,181.1,0.5947507988782784,0.002973753994391392,15,EMA_TRAIL,True
VLO,S3,long,RISK_ON,1,2015-03-16 00:00:00+00:00,2015-04-02 00:00:00+00:00,59.71965999999999,59.71965999999999,0.3885761732144713,0.0019428808660723565,13,STOP_AFTER_TP1,True
STZ,S3,long,RISK_ON,1,2015-03-17 00:00:00+00:00,2015-04-15 00:00:00+00:00,115.60548999999999,117.52,1.1658109737263087,0.005829054868631544,20,EMA_TRAIL,True
ATVI,S3,long,RISK_ON,1,2015-03-17 00:00:00+00:00,2015-03-19 00:00:00+00:00,23.128104999999998,23.128104999999998,0.47122455968594257,0.002356122798429713,2,STOP_AFTER_TP1,True
TEL,S3,long,RISK_ON,1,2015-03-17 00:00:00+00:00,2015-03-25 00:00:00+00:00,72.12204999999999,72.12204999999999,0.2917420171540872,0.001458710085770436,6,STOP_AFTER_TP1,True
LOW,S3,long,RISK_ON,1,2015-03-17 00:00:00+00:00,2015-03-18 00:00:00+00:00,74.64456999999999,73.95750357142857,-1.0,-0.005,1,SL,False
TXN,S3,long,RISK_ON,1,2015-03-17 00:00:00+00:00,2015-03-25 00:00:00+00:00,58.02796999999999,56.89142857142857,-1.0,-0.005,6,SL,False
AAPL,S3,long,RISK_ON,1,2015-03-17 00:00:00+00:00,2015-04-17 00:00:00+00:00,127.16703999999999,124.75,-0.42622605981954337,-0.002131130299097717,22,SMA50_BREAK,False
KR,S3,long,RISK_ON,1,2015-03-18 00:00:00+00:00,2015-03-25 00:00:00+00:00,37.93789999999999,37.93789999999999,0.32852495540075377,0.001642624777003769,5,STOP_AFTER_TP1,True
ATVI,S3,long,RISK_ON,1,2015-03-19 00:00:00+00:00,2015-03-25 00:00:00+00:00,23.173149999999996,22.736428571428572,-1.0,-0.005,4,SL,False
VMC,S3,long,RISK_ON,1,2015-03-19 00:00:00+00:00,2015-03-26 00:00:00+00:00,84.2842,83.25143214285714,-1.0,-0.005,5,SL,False
AOS,S3,long,RISK_ON,1,2015-03-23 00:00:00+00:00,2015-03-26 00:00:00+00:00,32.021989999999995,31.705178571428572,-1.0,-0.005,3,SL,False
LUV,S3,long,RISK_ON,1,2015-03-23 00:00:00+00:00,2015-03-24 00:00:00+00:00,45.48543999999999,44.90678928571428,-1.0,-0.005,1,SL,False
NCLH,S3,long,RISK_ON,1,2015-03-23 00:00:00+00:00,2015-03-25 00:00:00+00:00,52.682629999999996,51.792142857142856,-1.0,-0.005,2,SL,False
SPGI,S3,long,RISK_ON,1,2015-03-23 00:00:00+00:00,2015-03-24 00:00:00+00:00,106.60649999999998,105.46467857142856,-1.0,-0.005,1,SL,False
SPGI,S3,long,RISK_ON,1,2015-03-24 00:00:00+00:00,2015-03-25 00:00:00+00:00,105.42531999999999,104.28753571428572,-1.0,-0.005,1,SL,False
FISV,S3,long,RISK_ON,1,2015-03-24 00:00:00+00:00,2015-03-25 00:00:00+00:00,79.67959999999998,79.06019642857143,-1.0,-0.005,1,SL,False
CTSH,S3,long,RISK_ON,1,2015-03-24 00:00:00+00:00,2015-03-25 00:00:00+00:00,63.03296999999999,62.426607142857144,-1.0,-0.005,1,SL,False
IFF,S3,long,RISK_ON,1,2015-03-24 00:00:00+00:00,2015-03-25 00:00:00+00:00,119.62951,117.95839642857142,-1.0,-0.005,1,SL,False
ETFC,S3,long,RISK_ON,1,2015-03-24 00:00:00+00:00,2015-03-25 00:00:00+00:00,27.617589999999996,27.23892857142857,-1.0,-0.005,1,SL,False
LEG,S3,long,RISK_ON,1,2015-03-24 00:00:00+00:00,2015-03-25 00:00:00+00:00,46.32628,45.67531785714286,-1.0,-0.005,1,SL,False
LUV,S3,long,RISK_ON,1,2015-03-24 00:00:00+00:00,2015-03-25 00:00:00+00:00,44.96492,44.28750357142857,-1.0,-0.005,1,SL,False
MTD,S3,long,RISK_ON,1,2015-03-24 00:00:00+00:00,2015-03-25 00:00:00+00:00,325.49517,322.11775,-1.0,-0.005,1,SL,False
ANTM,S3,long,RISK_ON,1,2015-04-09 00:00:00+00:00,2015-04-15 00:00:00+00:00,153.64348999999999,151.44500000000002,-1.0,-0.005,4,SL,False
IQV,S3,long,RISK_ON,1,2015-04-09 00:00:00+00:00,2015-04-29 00:00:00+00:00,67.47740999999999,67.47740999999999,0.3895705802276569,0.0019478529011382846,14,STOP_AFTER_TP1,True
ULTA,S3,long,RISK_ON,1,2015-04-09 00:00:00+00:00,2015-04-17 00:00:00+00:00,151.9518,151.9518,0.49155336180753806,0.0024577668090376903,6,STOP_AFTER_TP1,True
FIS,S3,long,RISK_ON,1,2015-04-09 00:00:00+00:00,2015-04-10 00:00:00+00:00,68.14808,67.31446428571428,-1.0,-0.005,1,SL,False
MNST,S3,long,RISK_ON,1,2015-04-09 00:00:00+00:00,2015-04-29 00:00:00+00:00,45.912466599999995,45.912466599999995,0.38135777039647534,0.0019067888519823768,14,STOP_AFTER_TP1,True
HII,S3,long,RISK_ON,1,2015-04-09 00:00:00+00:00,2015-04-17 00:00:00+00:00,140.48033999999998,138.08339285714285,-1.0,-0.005,6,SL,False
INCY,S3,long,RISK_ON,1,2015-04-09 00:00:00+00:00,2015-04-28 00:00:00+00:00,92.37227999999999,99.6,1.4800125214601576,0.0074000626073007884,13,EMA_TRAIL,True
BIIB,S3,long,RISK_ON,1,2015-04-09 00:00:00+00:00,2015-04-24 00:00:00+00:00,427.0566299999999,410.7158928571429,-1.0,-0.005,11,SL,False
CRM,S3,long,RISK_ON,1,2015-04-09 00:00:00+00:00,2015-04-17 00:00:00+00:00,67.80773999999998,66.08668928571429,-1.0,-0.005,6,SL,False
DGX,S3,long,RISK_ON,1,2015-04-09 00:00:00+00:00,2015-04-14 00:00:00+00:00,76.25618,74.70914285714287,-1.0,-0.005,3,SL,False
UHS,S3,long,RISK_ON,1,2015-04-09 00:00:00+00:00,2015-04-17 00:00:00+00:00,118.81869999999999,118.81869999999999,0.34703562881812555,0.0017351781440906279,6,STOP_AFTER_TP1,True
LH,S3,long,RISK_ON,1,2015-04-09 00:00:00+00:00,2015-04-28 00:00:00+00:00,126.19606999999998,122.92152142857142,-1.0,-0.005,13,SL,False
KSS,S3,long,RISK_ON,1,2015-04-09 00:00:00+00:00,2015-04-14 00:00:00+00:00,77.74767,76.58339285714285,-1.0,-0.005,3,SL,False
AOS,S3,long,RISK_ON,1,2015-04-09 00:00:00+00:00,2015-04-17 00:00:00+00:00,32.40236999999999,32.40236999999999,0.41097533109873263,0.002054876655493663,6,STOP_AFTER_TP1,True
SPGI,S3,long,RISK_ON,1,2015-04-09 00:00:00+00:00,2015-04-16 00:00:00+00:00,105.35524999999998,102.57071428571429,-1.0,-0.005,5,SL,False
RHT,S3,long,RISK_ON,1,2015-04-09 00:00:00+00:00,2015-04-17 00:00:00+00:00,75.55547999999999,73.47813928571429,-1.0,-0.005,6,SL,False
TSS,S3,long,RISK_ON,1,2015-04-10 00:00:00+00:00,2015-04-14 00:00:00+00:00,38.29825999999999,37.746375,-1.0,-0.005,2,SL,False
CTSH,S3,long,RISK_ON,1,2015-04-10 00:00:00+00:00,2015-04-14 00:00:00+00:00,62.86279999999999,61.65992857142857,-1.0,-0.005,2,SL,False
EL,S3,long,RISK_ON,1,2015-04-10 00:00:00+00:00,2015-04-17 00:00:00+00:00,83.52344,82.60167857142858,-1.0,-0.005,5,SL,False
MHK,S3,long,RISK_ON,1,2015-04-10 00:00:00+00:00,2015-04-14 00:00:00+00:00,184.04386,180.1092964285714,-1.0,-0.005,2,SL,False
HUM,S3,long,RISK_ON,1,2015-04-10 00:00:00+00:00,2015-04-29 00:00:00+00:00,178.65847999999997,174.82375357142857,-1.0,-0.005,13,SL,False
ORLY,S3,long,RISK_ON,1,2015-04-13 00:00:00+00:00,2015-04-15 00:00:00+00:00,218.43821999999997,215.9085714285714,-1.0,-0.005,2,SL,False
HBI,S3,long,RISK_ON,1,2015-04-13 00:00:00+00:00,2015-04-14 00:00:00+00:00,34.184149999999995,33.85523214285714,-1.0,-0.005,1,SL,False
HOLX,S3,long,RISK_ON,1,2015-04-13 00:00:00+00:00,2015-04-15 00:00:00+00:00,33.20817499999999,32.773739285714285,-1.0,-0.005,2,SL,False
NCLH,S3,long,RISK_ON,1,2015-04-13 00:00:00+00:00,2015-04-15 00:00:00+00:00,53.83378,53.02482857142857,-1.0,-0.005,2,SL,False
KR,S3,long,RISK_ON,1,2015-04-13 00:00:00+00:00,2015-04-14 00:00:00+00:00,38.203165,37.888214285714284,-1.0,-0.005,1,SL,False
DG,S3,long,RISK_ON,1,2015-04-13 00:00:00+00:00,2015-04-15 00:00:00+00:00,75.23516,74.42732142857143,-1.0,-0.005,2,SL,False
SWKS,S3,long,RISK_ON,1,2015-04-13 00:00:00+00:00,2015-04-14 00:00:00+00:00,98.67857999999998,96.6971,-1.0,-0.005,1,SL,False
ETFC,S3,long,RISK_ON,1,2015-04-13 00:00:00+00:00,2015-04-14 00:00:00+00:00,28.178149999999995,27.696439285714288,-1.0,-0.005,1,SL,False
CHD,S3,long,RISK_ON,1,2015-04-13 00:00:00+00:00,2015-04-15 00:00:00+00:00,42.85281,42.85281,0.5392839210785982,0.002696419605392991,2,STOP_AFTER_TP1,True
MHK,S3,long,RISK_ON,1,2015-04-14 00:00:00+00:00,2015-04-16 00:00:00+00:00,183.54336,178.48036785714285,-1.0,-0.005,2,SL,False
HBI,S3,long,RISK_ON,1,2015-04-14 00:00:00+00:00,2015-04-17 00:00:00+00:00,33.92389,33.572375,-1.0,-0.005,3,SL,False
SBUX,S3,long,RISK_ON,1,2015-04-14 00:00:00+00:00,2015-04-17 00:00:00+00:00,48.348299999999995,47.57098214285714,-1.0,-0.005,3,SL,False
KSS,S3,long,RISK_ON,1,2015-04-14 00:00:00+00:00,2015-04-16 00:00:00+00:00,76.65657999999999,75.73089285714286,-1.0,-0.005,2,SL,False
PFE,S3,long,RISK_ON,1,2015-04-14 00:00:00+00:00,2015-04-27 00:00:00+00:00,35.06503,34.645714285714284,-1.0,-0.005,9,SL,False
CERN,S3,long,RISK_ON,1,2015-04-14 00:00:00+00:00,2015-04-16 00:00:00+00:00,73.75368,72.76589285714286,-1.0,-0.005,2,SL,False
KMX,S3,long,RISK_ON,1,2015-04-14 00:00:00+00:00,2015-04-17 00:00:00+00:00,72.53245999999999,71.04307857142857,-1.0,-0.005,3,SL,False
DRI,S3,long,RISK_ON,1,2015-04-14 00:00:00+00:00,2015-04-15 00:00:00+00:00,67.9679,67.1805,-1.0,-0.005,1,SL,False
AZO,S3,long,RISK_ON,1,2015-04-15 00:00:00+00:00,2015-04-17 00:00:00+00:00,694.8641699999998,683.6557178571428,-1.0,-0.005,2,SL,False
CHD,S3,long,RISK_ON,1,2015-04-15 00:00:00+00:00,2015-04-17 00:00:00+00:00,42.907864999999994,42.53928571428572,-1.0,-0.005,2,SL,False
ETFC,S3,long,RISK_ON,1,2015-04-15 00:00:00+00:00,2015-04-24 00:00:00+00:00,27.962934999999995,27.962934999999995,0.30931680978512444,0.0015465840489256222,7,STOP_AFTER_TP1,True
ORLY,S3,long,RISK_ON,1,2015-04-15 00:00:00+00:00,2015-04-17 00:00:00+00:00,216.12590999999998,213.62232142857144,-1.0,-0.005,2,SL,False
COL,S3,long,RISK_ON,1,2015-04-15 00:00:00+00:00,2015-04-17 00:00:00+00:00,97.38729,96.352125,-1.0,-0.005,2,SL,False
EFX,S3,long,RISK_ON,1,2015-04-16 00:00:00+00:00,2015-04-17 00:00:00+00:00,93.42332999999999,92.23910714285715,-1.0,-0.005,1,SL,False
DGX,S3,long,RISK_ON,1,2015-04-16 00:00:00+00:00,2015-04-27 00:00:00+00:00,76.22615,74.35875,-1.0,-0.005,7,SL,False
NCLH,S3,long,RISK_ON,1,2015-04-16 00:00:00+00:00,2015-04-20 00:00:00+00:00,53.188134999999996,52.06518571428571,-1.0,-0.005,2,SL,False
KMX,S3,long,RISK_ON,1,2015-04-20 00:00:00+00:00,2015-04-27 00:00:00+00:00,71.04096999999999,69.40218571428571,-1.0,-0.005,5,SL,False
AZO,S3,long,RISK_ON,1,2015-04-20 00:00:00+00:00,2015-04-28 00:00:00+00:00,690.04936,690.04936,0.34980122114129575,0.0017490061057064787,6,STOP_AFTER_TP1,True
HBI,S3,long,RISK_ON,1,2015-04-20 00:00:00+00:00,2015-04-24 00:00:00+00:00,33.813779999999994,33.13719642857143,-1.0,-0.005,4,SL,False
COL,S3,long,RISK_ON,1,2015-04-20 00:00:00+00:00,2015-05-05 00:00:00+00:00,96.25615999999998,96.25615999999998,0.3834313069151367,0.0019171565345756836,11,STOP_AFTER_TP1,True
CI,S3,long,RISK_ON,1,2015-04-20 00:00:00+00:00,2015-04-28 00:00:00+00:00,130.40027,128.8417892857143,-1.0,-0.005,6,SL,False
RMD,S3,long,RISK_ON,1,2015-04-20 00:00:00+00:00,2015-04-24 00:00:00+00:00,72.99292,70.6092892857143,-1.0,-0.005,4,SL,False
RHT,S3,long,RISK_ON,1,2015-04-20 00:00:00+00:00,2015-06-01 00:00:00+00:00,74.53445999999998,76.74,1.4663586233419383,0.007331793116709692,29,EMA_TRAIL,True
UNH,S3,long,RISK_ON,1,2015-04-21 00:00:00+00:00,2015-04-27 00:00:00+00:00,119.39927999999999,116.86571785714285,-1.0,-0.005,4,SL,False
ULTA,S3,long,RISK_ON,1,2015-04-21 00:00:00+00:00,2015-04-29 00:00:00+00:00,153.12296999999998,153.12296999999998,0.294234654783613,0.001471173273918065,6,STOP_AFTER_TP1,True
ORLY,S3,long,RISK_ON,1,2015-04-21 00:00:00+00:00,2015-04-30 00:00:00+00:00,217.28706999999997,217.28706999999997,0.405842496237401,0.002029212481187005,7,STOP_AFTER_TP1,True
CRM,S3,long,RISK_ON,1,2015-04-21 00:00:00+00:00,2015-05-20 00:00:00+00:00,67.44737999999998,70.16,1.3198742563739416,0.006599371281869708,21,EMA_TRAIL,True
VRSK,S3,long,RISK_ON,1,2015-04-22 00:00:00+00:00,2015-04-28 00:00:00+00:00,72.36229,72.36229,0.3491943309969304,0.0017459716549846523,4,STOP_AFTER_TP1,True
TDG,S3,long,RISK_ON,1,2015-04-22 00:00:00+00:00,2015-04-27 00:00:00+00:00,222.03180999999998,219.59000357142855,-1.0,-0.005,3,SL,False
ANTM,S3,long,RISK_ON,1,2015-04-23 00:00:00+00:00,2015-04-27 00:00:00+00:00,154.35419999999996,150.83642857142857,-1.0,-0.005,2,SL,False
COTY,S3,long,RISK_ON,1,2015-04-23 00:00:00+00:00,2015-04-27 00:00:00+00:00,25.025,24.56197857142857,-1.0,-0.005,2,SL,False
SBUX,S2,long,RISK_ON,1,2015-04-23 00:00:00+00:00,2015-08-10 00:00:00+00:00,49.479429999999994,56.27,3.5548794567093402,0.0177743972835467,75,EMA_TRAIL,True
SJM,S3,long,RISK_ON,1,2015-04-23 00:00:00+00:00,2015-04-24 00:00:00+00:00,117.08696999999998,116.04939285714286,-1.0,-0.005,1,SL,False
AOS,S2,long,RISK_ON,1,2015-04-24 00:00:00+00:00,2015-04-29 00:00:00+00:00,33.328295,32.135,-0.7649403977512604,-0.0038247019887563023,3,SMA50_BREAK,False
UHS,S3,long,RISK_ON,1,2015-04-27 00:00:00+00:00,2015-04-28 00:00:00+00:00,120.37024999999998,119.00432500000001,-1.0,-0.005,1,SL,False
COTY,S3,long,RISK_ON,1,2015-04-27 00:00:00+00:00,2015-04-29 00:00:00+00:00,24.774749999999997,24.301264285714286,-1.0,-0.005,2,SL,False
VRSK,S3,long,RISK_ON,1,2015-04-28 00:00:00+00:00,2015-05-06 00:00:00+00:00,72.71264,72.71264,0.2849727618016683,0.0014248638090083416,6,STOP_AFTER_TP1,True
AZO,S3,long,RISK_ON,1,2015-04-28 00:00:00+00:00,2015-04-29 00:00:00+00:00,693.7430499999999,684.1548464285714,-1.0,-0.005,1,SL,False
EA,S3,long,RISK_ON,1,2015-04-29 00:00:00+00:00,2015-04-30 00:00:00+00:00,58.673615,57.64036071428572,-1.0,-0.005,1,SL,False
NFLX,S3,long,RISK_ON,1,2015-04-30 00:00:00+00:00,2015-05-06 00:00:00+00:00,79.57939989999998,79.57939989999998,0.5101946577809786,0.0025509732889048933,4,STOP_AFTER_TP1,True
APC,S3,long,RISK_ON,1,2015-05-01 00:00:00+00:00,2015-05-05 00:00:00+00:00,94.01391999999998,91.76178928571429,-1.0,-0.005,2,SL,False
COTY,S3,long,RISK_ON,1,2015-05-01 00:00:00+00:00,2015-05-11 00:00:00+00:00,24.55453,23.52037142857143,-1.0,-0.005,6,SL,False
NFX,S3,long,RISK_ON,1,2015-05-01 00:00:00+00:00,2015-05-05 00:00:00+00:00,39.02899,37.86161785714286,-1.0,-0.005,2,SL,False
CXO,S3,long,RISK_ON,1,2015-05-01 00:00:00+00:00,2015-05-05 00:00:00+00:00,124.72459999999998,122.40385714285715,-1.0,-0.005,2,SL,False
YUM,S2,long,RISK_ON,1,2015-05-01 00:00:00+00:00,2015-06-29 00:00:00+00:00,91.9919,89.61,-0.12724088881173393,-0.0006362044440586696,40,SMA50_BREAK,False
AMZN,S3,long,RISK_ON,1,2015-05-01 00:00:00+00:00,2015-07-08 00:00:00+00:00,423.29286999999994,429.7,0.4716943637353555,0.0023584718186767774,46,SMA50_BREAK,False
AKAM,S3,long,RISK_ON,1,2015-05-01 00:00:00+00:00,2015-05-29 00:00:00+00:00,74.73465999999999,76.27,0.8485796722066212,0.004242898361033106,19,EMA_TRAIL,True
GPN,S3,long,RISK_ON,1,2015-05-04 00:00:00+00:00,2015-05-12 00:00:00+00:00,50.510459999999995,50.510459999999995,0.29943498766168863,0.0014971749383084433,6,STOP_AFTER_TP1,True
ULTA,S3,long,RISK_ON,1,2015-05-04 00:00:00+00:00,2015-05-14 00:00:00+00:00,154.00384999999997,149.83,-0.7645124023816926,-0.003822562011908463,8,SMA50_BREAK,False
MYL,S3,long,RISK_ON,1,2015-05-04 00:00:00+00:00,2015-05-06 00:00:00+00:00,73.12304999999999,70.57733214285714,-1.0,-0.005,2,SL,False
ORLY,S3,long,RISK_ON,1,2015-05-04 00:00:00+00:00,2015-06-29 00:00:00+00:00,223.01278999999997,226.43,0.6866836836017272,0.0034334184180086357,39,EMA_TRAIL,True
PRGO,S3,long,RISK_ON,1,2015-05-04 00:00:00+00:00,2015-06-08 00:00:00+00:00,188.12793999999997,188.93,0.09385494995167687,0.00046927474975838433,24,SMA50_BREAK,False
HAS,S3,long,RISK_ON,1,2015-05-04 00:00:00+00:00,2015-06-30 00:00:00+00:00,71.26619499999998,74.79,2.197996278726719,0.010989981393633594,40,EMA_TRAIL,True
EQT,S3,long,RISK_ON,1,2015-05-05 00:00:00+00:00,2015-05-07 00:00:00+00:00,89.19910999999999,87.9890357142857,-1.0,-0.005,2,SL,False
EXPE,S3,long,RISK_ON,1,2015-05-05 00:00:00+00:00,2015-06-08 00:00:00+00:00,98.86876999999998,104.79,4.032787644966621,0.020163938224833106,23,EMA_TRAIL,True
PSX,S3,long,RISK_ON,1,2015-05-05 00:00:00+00:00,2015-05-06 00:00:00+00:00,80.52044,79.66560714285714,-1.0,-0.005,1,SL,False
AOS,S3,long,RISK_ON,1,2015-05-05 00:00:00+00:00,2015-06-29 00:00:00+00:00,32.89286,35.79,4.216757917653855,0.02108378958826928,38,EMA_TRAIL,True
ABC,S3,long,RISK_ON,1,2015-05-05 00:00:00+00:00,2015-05-18 00:00:00+00:00,114.81469999999999,113.33710714285715,-1.0,-0.005,9,SL,False
REGN,S3,long,RISK_ON,1,2015-05-05 00:00:00+00:00,2015-05-12 00:00:00+00:00,465.96549999999996,465.96549999999996,0.650867156111308,0.00325433578055654,5,STOP_AFTER_TP1,True
WU,S3,long,RISK_ON,1,2015-05-05 00:00:00+00:00,2015-06-04 00:00:00+00:00,20.97095,21.89,3.0614917412383384,0.015307458706191693,21,EMA_TRAIL,True
SNA,S3,long,RISK_ON,1,2015-05-05 00:00:00+00:00,2015-06-01 00:00:00+00:00,151.52137,155.08,2.527293340977068,0.012636466704885342,18,EMA_TRAIL,True
EQT,S3,long,RISK_ON,1,2015-05-07 00:00:00+00:00,2015-05-19 00:00:00+00:00,88.16807999999999,88.16807999999999,0.6278531546997423,0.0031392657734987117,8,STOP_AFTER_TP1,True
INCY,S3,long,RISK_ON,1,2015-05-07 00:00:00+00:00,2015-06-09 00:00:00+00:00,102.18207999999998,106.25,0.9822161012697047,0.004911080506348524,22,EMA_TRAIL,True
HOLX,S3,long,RISK_ON,1,2015-05-07 00:00:00+00:00,2015-07-17 00:00:00+00:00,33.67364,38.01,2.880704386952696,0.01440352193476348,49,EMA_TRAIL,True
DIS,S3,long,RISK_ON,1,2015-05-08 00:00:00+00:00,2015-05-12 00:00:00+00:00,110.22010999999999,107.80625357142857,-1.0,-0.005,2,SL,False
VRTX,S1,long,RISK_ON,1,2015-05-08 00:00:00+00:00,2015-05-11 00:00:00+00:00,127.53740999999998,124.08,-0.3976331156788827,-0.0019881655783944136,1,SMA50_BREAK,False
NFX,S1,long,RISK_ON,1,2015-05-08 00:00:00+00:00,2015-05-13 00:00:00+00:00,36.47644,35.34,-0.3977627507805153,-0.0019888137539025765,3,SMA50_BREAK,False
MYL,S3,long,RISK_ON,1,2015-05-08 00:00:00+00:00,2015-06-17 00:00:00+00:00,71.38131,71.23,-0.04556717401306729,-0.00022783587006533647,27,SMA50_BREAK,False
GILD,S3,long,RISK_ON,1,2015-05-11 00:00:00+00:00,2015-06-29 00:00:00+00:00,104.83473,115.455,2.4645680366216864,0.012322840183108433,34,EMA_TRAIL,True
LYB,S3,long,RISK_ON,1,2015-05-11 00:00:00+00:00,2015-05-19 00:00:00+00:00,103.52341999999999,101.29493571428571,-1.0,-0.005,6,SL,False
PSX,S3,long,RISK_ON,1,2015-05-11 00:00:00+00:00,2015-05-26 00:00:00+00:00,80.62053999999999,79.36,-0.6634206563246441,-0.0033171032816232205,10,SMA50_BREAK,False
VRSK,S3,long,RISK_ON,1,2015-05-12 00:00:00+00:00,2015-05-26 00:00:00+00:00,73.82374999999999,72.45,-0.787813620071681,-0.003939068100358405,9,SMA50_BREAK,False
DIS,S3,long,RISK_ON,1,2015-05-12 00:00:00+00:00,2015-06-09 00:00:00+00:00,109.34923999999998,108.52,-0.3162726480454145,-0.0015813632402270725,19,SMA50_BREAK,False
DVN,S3,long,RISK_ON,1,2015-05-12 00:00:00+00:00,2015-05-15 00:00:00+00:00,67.63756999999998,65.40021428571428,-1.0,-0.005,3,SL,False
HAL,S3,long,RISK_ON,1,2015-05-12 00:00:00+00:00,2015-05-15 00:00:00+00:00,47.53749,46.03374642857143,-1.0,-0.005,3,SL,False
HP,S3,long,RISK_ON,1,2015-05-12 00:00:00+00:00,2015-05-15 00:00:00+00:00,76.14606999999998,73.14978928571429,-1.0,-0.005,3,SL,False
MPC,S3,long,RISK_ON,1,2015-05-13 00:00:00+00:00,2015-05-26 00:00:00+00:00,51.19114,50.22,-0.608469820998537,-0.003042349104992685,8,SMA50_BREAK,False
ETFC,S3,long,RISK_ON,1,2015-05-13 00:00:00+00:00,2015-05-15 00:00:00+00:00,29.489459999999998,28.960692857142856,-1.0,-0.005,2,SL,False
NEM,S2,long,RISK_ON,1,2015-05-13 00:00:00+00:00,2015-06-09 00:00:00+00:00,27.337309999999995,25.329821428571428,-1.0,-0.005,18,SL,False
EA,S3,long,RISK_ON,1,2015-05-13 00:00:00+00:00,2015-05-21 00:00:00+00:00,61.79172999999999,61.79172999999999,0.32457963442339294,0.0016228981721169648,6,STOP_AFTER_TP1,True
ETFC,S3,long,RISK_ON,1,2015-05-15 00:00:00+00:00,2015-06-02 00:00:00+00:00,29.039009999999998,29.039009999999998,0.607818914259836,0.0030390945712991803,11,STOP_AFTER_TP1,True
EFX,S3,long,RISK_ON,1,2015-05-15 00:00:00+00:00,2015-05-26 00:00:00+00:00,98.99889999999999,98.99889999999999,0.44069990487032884,0.0022034995243516444,6,STOP_AFTER_TP1,True
ABC,S3,long,RISK_ON,1,2015-05-19 00:00:00+00:00,2015-05-26 00:00:00+00:00,115.22510999999999,113.0,-0.609137708961546,-0.0030456885448077297,4,SMA50_BREAK,False
ANDV,S3,long,RISK_ON,1,2015-05-19 00:00:00+00:00,2015-05-26 00:00:00+00:00,91.30120999999998,89.10964642857144,-1.0,-0.005,4,SL,False
LYB,S3,long,RISK_ON,1,2015-05-20 00:00:00+00:00,2015-06-05 00:00:00+00:00,101.91180999999999,98.96136071428572,-1.0,-0.005,11,SL,False
NFX,S1,long,RISK_ON,1,2015-05-20 00:00:00+00:00,2015-06-03 00:00:00+00:00,37.4374,36.26,-0.3612487535475947,-0.0018062437677379736,9,SMA50_BREAK,False
SPGI,S3,long,RISK_ON,1,2015-05-20 00:00:00+00:00,2015-05-21 00:00:00+00:00,106.80669999999999,105.81750357142857,-1.0,-0.005,1,SL,False
HAL,S1,long,RISK_ON,1,2015-05-21 00:00:00+00:00,2015-05-26 00:00:00+00:00,46.20615999999999,45.45,-0.2613929017114811,-0.0013069645085574055,2,SMA50_BREAK,False
COL,S3,long,RISK_ON,1,2015-05-21 00:00:00+00:00,2015-05-26 00:00:00+00:00,98.46837,97.57732142857144,-1.0,-0.005,2,SL,False
TSS,S3,long,RISK_ON,1,2015-05-22 00:00:00+00:00,2015-05-26 00:00:00+00:00,41.54149999999999,41.17181785714286,-1.0,-0.005,1,SL,False
CI,S2,long,RISK_ON,1,2015-05-22 00:00:00+00:00,2015-07-07 00:00:00+00:00,135.99586,154.43,4.487875881407467,0.022439379407037333,30,EMA_TRAIL,True
VMC,S3,long,RISK_ON,1,2015-05-22 00:00:00+00:00,2015-05-26 00:00:00+00:00,91.67157999999999,90.49428571428572,-1.0,-0.005,1,SL,False
CRM,S3,long,RISK_ON,1,2015-05-26 00:00:00+00:00,2015-06-08 00:00:00+00:00,73.64356999999998,71.43714285714286,-1.0,-0.005,9,SL,False
DGX,S1,long,RISK_ON,1,2015-05-26 00:00:00+00:00,2015-06-03 00:00:00+00:00,77.45737999999999,74.36,-0.4645579891321452,-0.002322789945660726,6,SMA50_BREAK,False
EA,S3,long,RISK_ON,1,2015-05-26 00:00:00+00:00,2015-06-01 00:00:00+00:00,62.58752499999999,62.58752499999999,0.2973230879157895,0.0014866154395789474,4,STOP_AFTER_TP1,True
ANTM,S3,long,RISK_ON,1,2015-05-26 00:00:00+00:00,2015-06-03 00:00:00+00:00,162.50233999999998,162.50233999999998,0.616410242258662,0.0030820512112933103,6,STOP_AFTER_TP1,True
GPN,S3,long,RISK_ON,1,2015-05-26 00:00:00+00:00,2015-06-05 00:00:00+00:00,52.22717499999999,52.22717499999999,0.3380585219573994,0.0016902926097869969,8,STOP_AFTER_TP1,True
EFX,S3,long,RISK_ON,1,2015-05-26 00:00:00+00:00,2015-06-02 00:00:00+00:00,99.11901999999999,99.11901999999999,0.5634691937064515,0.0028173459685322576,5,STOP_AFTER_TP1,True
REGN,S3,long,RISK_ON,1,2015-05-26 00:00:00+00:00,2015-06-10 00:00:00+00:00,507.1366299999999,507.1366299999999,0.39655576717122676,0.001982778835856134,10,STOP_AFTER_TP1,True
VMC,S3,long,RISK_ON,1,2015-05-27 00:00:00+00:00,2015-06-01 00:00:00+00:00,91.06096999999998,89.19821428571429,-1.0,-0.005,3,SL,False
TSS,S3,long,RISK_ON,1,2015-05-28 00:00:00+00:00,2015-06-29 00:00:00+00:00,41.271229999999996,41.75,0.7885325062514803,0.003942662531257401,22,EMA_TRAIL,True
TDG,S3,long,RISK_ON,1,2015-05-28 00:00:00+00:00,2015-05-29 00:00:00+00:00,227.71749,225.11747142857143,-1.0,-0.005,1,SL,False
MLM,S3,long,RISK_ON,1,2015-05-28 00:00:00+00:00,2015-06-01 00:00:00+00:00,151.22106999999997,147.8669642857143,-1.0,-0.005,2,SL,False
MPC,S3,long,RISK_ON,1,2015-05-28 00:00:00+00:00,2015-06-04 00:00:00+00:00,51.436384999999994,50.165,-0.677925051674515,-0.003389625258372575,5,SMA50_BREAK,False
BSX,S2,long,RISK_ON,1,2015-05-28 00:00:00+00:00,2015-06-05 00:00:00+00:00,18.288269999999997,17.85,-0.6028307336799512,-0.003014153668399756,6,SMA50_BREAK,False
EXR,S3,long,RISK_ON,1,2015-05-28 00:00:00+00:00,2015-06-02 00:00:00+00:00,70.71064,69.47482142857143,-1.0,-0.005,3,SL,False
MHK,S3,long,RISK_ON,1,2015-05-29 00:00:00+00:00,2015-06-29 00:00:00+00:00,186.82663999999997,188.74,1.3869955126547833,0.006934977563273916,21,EMA_TRAIL,True
WAT,S3,long,RISK_ON,1,2015-06-01 00:00:00+00:00,2015-06-15 00:00:00+00:00,133.95381999999998,132.28855714285714,-1.0,-0.005,10,SL,False
ATVI,S3,long,RISK_ON,1,2015-06-01 00:00:00+00:00,2015-06-08 00:00:00+00:00,25.420394999999996,25.420394999999996,0.36557636753332046,0.0018278818376666023,5,STOP_AFTER_TP1,True
JPM,S3,long,RISK_ON,1,2015-06-01 00:00:00+00:00,2015-06-29 00:00:00+00:00,66.14608,67.2,0.9018968900128391,0.004509484450064195,20,EMA_TRAIL,True
ALLE,S3,long,RISK_ON,1,2015-06-01 00:00:00+00:00,2015-06-05 00:00:00+00:00,62.102039999999995,61.47107142857143,-1.0,-0.005,4,SL,False
EA,S3,long,RISK_ON,1,2015-06-01 00:00:00+00:00,2015-06-08 00:00:00+00:00,62.95289,61.64160714285715,-1.0,-0.005,5,SL,False
MCO,S3,long,RISK_ON,1,2015-06-01 00:00:00+00:00,2015-06-08 00:00:00+00:00,108.60849999999999,106.92446428571428,-1.0,-0.005,5,SL,False
NCLH,S3,long,RISK_ON,1,2015-06-01 00:00:00+00:00,2015-08-11 00:00:00+00:00,54.81475999999999,59.38,3.099520070931471,0.015497600354657356,50,EMA_TRAIL,True
FL,S3,long,RISK_ON,1,2015-06-01 00:00:00+00:00,2015-06-09 00:00:00+00:00,63.28321999999999,62.002142857142864,-1.0,-0.005,6,SL,False
ROP,S3,long,RISK_ON,1,2015-06-01 00:00:00+00:00,2015-06-15 00:00:00+00:00,175.08490999999998,175.08490999999998,0.3649203696088457,0.0018246018480442287,10,STOP_AFTER_TP1,True
SEE,S3,long,RISK_ON,1,2015-06-01 00:00:00+00:00,2015-06-05 00:00:00+00:00,49.22917999999999,48.143214285714286,-1.0,-0.005,4,SL,False
SCHW,S3,long,RISK_ON,1,2015-06-01 00:00:00+00:00,2015-06-29 00:00:00+00:00,31.471439999999998,32.26,1.4950011539038277,0.007475005769519138,20,EMA_TRAIL,True
EL,S3,long,RISK_ON,1,2015-06-01 00:00:00+00:00,2015-06-29 00:00:00+00:00,87.81773,85.99746785714285,-1.0,-0.005,20,SL,False
INTU,S3,long,RISK_ON,1,2015-06-02 00:00:00+00:00,2015-06-15 00:00:00+00:00,106.321215,103.16375000000001,-1.0,-0.005,9,SL,False
JNPR,S3,long,RISK_ON,1,2015-06-02 00:00:00+00:00,2015-06-26 00:00:00+00:00,27.27725,26.397510714285712,-1.0,-0.005,18,SL,False
HBAN,S3,long,RISK_ON,1,2015-06-02 00:00:00+00:00,2015-06-29 00:00:00+00:00,11.181169999999998,11.181169999999998,0.31152266843625054,0.0015576133421812527,19,STOP_AFTER_TP1,True
AVY,S3,long,RISK_ON,1,2015-06-02 00:00:00+00:00,2015-06-04 00:00:00+00:00,60.830769999999994,60.14160714285714,-1.0,-0.005,2,SL,False
VMC,S3,long,RISK_ON,1,2015-06-02 00:00:00+00:00,2015-06-04 00:00:00+00:00,90.2902,88.50917857142858,-1.0,-0.005,2,SL,False
HCA,S3,long,RISK_ON,1,2015-06-02 00:00:00+00:00,2015-06-04 00:00:00+00:00,81.63154999999999,80.42142857142858,-1.0,-0.005,2,SL,False
GS,S3,long,RISK_ON,1,2015-06-02 00:00:00+00:00,2015-06-29 00:00:00+00:00,206.63643,207.65,0.805641332578884,0.00402820666289442,19,EMA_TRAIL,True
NDAQ,S3,long,RISK_ON,1,2015-06-02 00:00:00+00:00,2015-06-05 00:00:00+00:00,51.651599999999995,50.85348928571428,-1.0,-0.005,3,SL,False
NFLX,S3,long,RISK_ON,1,2015-06-03 00:00:00+00:00,2015-06-29 00:00:00+00:00,88.89730849999998,92.2313,2.9941741799563584,0.014970870899781791,18,EMA_TRAIL,True
CNC,S3,long,RISK_ON,1,2015-06-03 00:00:00+00:00,2015-06-05 00:00:00+00:00,73.63355999999999,72.342525,-1.0,-0.005,2,SL,False
UHS,S3,long,RISK_ON,1,2015-06-03 00:00:00+00:00,2015-06-04 00:00:00+00:00,129.23911,127.20060714285714,-1.0,-0.005,1,SL,False
ADI,S3,long,RISK_ON,1,2015-06-03 00:00:00+00:00,2015-06-05 00:00:00+00:00,67.35728999999999,66.50178571428572,-1.0,-0.005,2,SL,False
UHS,S2,long,RISK_ON,1,2015-06-10 00:00:00+00:00,2015-08-24 00:00:00+00:00,131.47134,132.85,0.2110183649620059,0.0010550918248100295,52,SMA50_BREAK,False
AVGO,S3,long,RISK_ON,1,2015-06-10 00:00:00+00:00,2015-06-29 00:00:00+00:00,143.00286,133.84687857142856,-1.0,-0.005,13,SL,False
EXPE,S3,long,RISK_ON,1,2015-06-10 00:00:00+00:00,2015-07-08 00:00:00+00:00,108.27816999999999,104.865,-0.5576412606438682,-0.0027882063032193412,19,SMA50_BREAK,False
ANTM,S3,long,RISK_ON,1,2015-06-10 00:00:00+00:00,2015-06-23 00:00:00+00:00,164.53437,164.53437,0.49193588569842306,0.0024596794284921153,9,STOP_AFTER_TP1,True
GT,S3,long,RISK_ON,1,2015-06-10 00:00:00+00:00,2015-06-29 00:00:00+00:00,31.42139,30.579467857142856,-1.0,-0.005,13,SL,False
EA,S3,long,RISK_ON,1,2015-06-10 00:00:00+00:00,2015-08-03 00:00:00+00:00,62.59253,70.97,3.6600859825374057,0.01830042991268703,37,EMA_TRAIL,True
CRM,S3,long,RISK_ON,1,2015-06-10 00:00:00+00:00,2015-06-24 00:00:00+00:00,73.10302999999999,73.10302999999999,0.30748589393868697,0.0015374294696934348,10,STOP_AFTER_TP1,True
PKI,S3,long,RISK_ON,1,2015-06-10 00:00:00+00:00,2015-06-29 00:00:00+00:00,52.65259999999999,52.83,0.36285439869446734,0.0018142719934723366,13,EMA_TRAIL,True
FL,S3,long,RISK_ON,1,2015-06-11 00:00:00+00:00,2015-08-20 00:00:00+00:00,63.22315999999999,71.72,3.6942900478621667,0.018471450239310835,49,EMA_TRAIL,True
WU,S3,long,RISK_ON,1,2015-06-11 00:00:00+00:00,2015-06-15 00:00:00+00:00,21.881859999999996,21.361975,-1.0,-0.005,2,SL,False
GPN,S3,long,RISK_ON,1,2015-06-11 00:00:00+00:00,2015-06-15 00:00:00+00:00,52.972919999999995,52.275414285714284,-1.0,-0.005,2,SL,False
SWKS,S3,long,RISK_ON,1,2015-06-11 00:00:00+00:00,2015-06-26 00:00:00+00:00,105.73562999999999,106.9,0.6805229197436147,0.0034026145987180734,11,EMA_TRAIL,True
NDAQ,S3,long,RISK_ON,1,2015-06-11 00:00:00+00:00,2015-06-15 00:00:00+00:00,51.14109,50.34,-0.5926283289325344,-0.002963141644662672,2,SMA50_BREAK,False
ETFC,S3,long,RISK_ON,1,2015-06-18 00:00:00+00:00,2015-06-26 00:00:00+00:00,30.435405,30.435405,0.3951212223093881,0.0019756061115469405,6,STOP_AFTER_TP1,True
MCO,S2,long,RISK_ON,1,2015-06-18 00:00:00+00:00,2015-06-29 00:00:00+00:00,110.10999999999999,107.17,-0.7826344891579621,-0.003913172445789811,7,SMA50_BREAK,False
ATVI,S3,long,RISK_ON,1,2015-06-22 00:00:00+00:00,2015-06-29 00:00:00+00:00,25.255229999999997,24.649285714285714,-1.0,-0.005,5,SL,False
INTU,S3,long,RISK_ON,1,2015-06-22 00:00:00+00:00,2015-06-26 00:00:00+00:00,105.60549999999999,102.75260357142858,-1.0,-0.005,4,SL,False
REGN,S3,long,RISK_ON,1,2015-06-22 00:00:00+00:00,2015-06-29 00:00:00+00:00,521.2307099999999,510.68716785714287,-1.0,-0.005,5,SL,False
ULTA,S3,long,RISK_ON,1,2015-06-22 00:00:00+00:00,2015-06-29 00:00:00+00:00,155.84569,153.538725,-1.0,-0.005,5,SL,False
HCA,S3,long,RISK_ON,1,2015-06-23 00:00:00+00:00,2015-06-24 00:00:00+00:00,84.04395999999998,83.18085714285715,-1.0,-0.005,1,SL,False
ADI,S3,long,RISK_ON,1,2015-06-23 00:00:00+00:00,2015-06-24 00:00:00+00:00,67.59752999999999,66.79385714285715,-1.0,-0.005,1,SL,False
CFG,S3,long,RISK_ON,1,2015-06-23 00:00:00+00:00,2015-06-25 00:00:00+00:00,28.21819,27.776071428571427,-1.0,-0.005,2,SL,False
WAT,S3,long,RISK_ON,1,2015-06-23 00:00:00+00:00,2015-06-24 00:00:00+00:00,135.36522999999997,134.00500357142855,-1.0,-0.005,1,SL,False
RHT,S3,long,RISK_ON,1,2015-06-23 00:00:00+00:00,2015-06-26 00:00:00+00:00,79.69962,78.10857142857142,-1.0,-0.005,3,SL,False
HUM,S1,long,DEFENSIVE,1,2015-06-25 00:00:00+00:00,2015-07-02 00:00:00+00:00,197.56736999999998,187.5,-0.5094858971672874,-0.002547429485836437,5,SMA50_BREAK,False
SWKS,S1,long,DEFENSIVE,1,2015-06-30 00:00:00+00:00,2015-07-06 00:00:00+00:00,104.20409999999998,101.94,-0.32680898973714856,-0.0016340449486857429,3,SMA50_BREAK,False
AVGO,S1,long,DEFENSIVE,1,2015-07-01 00:00:00+00:00,2015-07-07 00:00:00+00:00,135.63549999999998,132.84,-0.2942187153835167,-0.0014710935769175835,3,SMA50_BREAK,False
CI,S3,long,RISK_ON,1,2015-07-14 00:00:00+00:00,2015-07-21 00:00:00+00:00,156.10594999999998,150.952225,-1.0,-0.005,5,SL,False
TGT,S3,long,RISK_ON,1,2015-07-14 00:00:00+00:00,2015-07-21 00:00:00+00:00,84.18409999999999,82.69696428571427,-1.0,-0.005,5,SL,False
CAG,S3,long,RISK_ON,1,2015-07-14 00:00:00+00:00,2015-07-21 00:00:00+00:00,44.76472,43.96196785714286,-1.0,-0.005,5,SL,False
MET,S3,long,RISK_ON,1,2015-07-14 00:00:00+00:00,2015-07-27 00:00:00+00:00,56.73667999999999,55.55125,-1.0,-0.005,9,SL,False
DRI,S3,long,RISK_ON,1,2015-07-15 00:00:00+00:00,2015-08-06 00:00:00+00:00,71.46139,71.46139,0.8523134164777799,0.0042615670823888995,16,STOP_AFTER_TP1,True
BF.B,S3,long,RISK_ON,1,2015-07-15 00:00:00+00:00,2015-07-27 00:00:00+00:00,50.580529999999996,50.580529999999996,0.6047205112946283,0.0030236025564731417,8,STOP_AFTER_TP1,True
WMB,S3,long,RISK_ON,1,2015-07-15 00:00:00+00:00,2015-07-20 00:00:00+00:00,57.547489999999996,56.49393214285715,-1.0,-0.005,3,SL,False
MTD,S3,long,RISK_ON,1,2015-07-15 00:00:00+00:00,2015-07-21 00:00:00+00:00,341.21086999999994,341.21086999999994,0.5343555813760544,0.002671777906880272,4,STOP_AFTER_TP1,True
HBI,S3,long,RISK_ON,1,2015-07-16 00:00:00+00:00,2015-07-27 00:00:00+00:00,34.034,33.51914285714285,-1.0,-0.005,7,SL,False
LLY,S3,long,RISK_ON,1,2015-07-16 00:00:00+00:00,2015-07-22 00:00:00+00:00,87.25716999999999,85.29946785714286,-1.0,-0.005,4,SL,False
BMY,S3,long,RISK_ON,1,2015-07-17 00:00:00+00:00,2015-07-21 00:00:00+00:00,69.35929,69.35929,0.36177690918485694,0.0018088845459242847,2,STOP_AFTER_TP1,True
ACN,S3,long,RISK_ON,1,2015-07-17 00:00:00+00:00,2015-07-27 00:00:00+00:00,100.58048,100.58048,0.27056912310370573,0.0013528456155185286,6,STOP_AFTER_TP1,True
HCA,S3,long,RISK_ON,1,2015-07-17 00:00:00+00:00,2015-07-28 00:00:00+00:00,93.33323999999999,91.01471428571429,-1.0,-0.005,7,SL,False
FB,S2,long,RISK_ON,1,2015-07-17 00:00:00+00:00,2015-08-21 00:00:00+00:00,95.06496999999999,88.4270142857143,-0.5237998904855024,-0.002618999452427512,25,SL,False
LEG,S3,long,RISK_ON,1,2015-07-17 00:00:00+00:00,2015-07-24 00:00:00+00:00,50.690639999999995,49.975199999999994,-1.0,-0.005,5,SL,False
HAS,S2,long,RISK_ON,1,2015-07-20 00:00:00+00:00,2015-08-21 00:00:00+00:00,83.23315,76.41339642857143,-1.0,-0.005,24,SL,False
PBCT,S3,long,RISK_ON,1,2015-07-20 00:00:00+00:00,2015-07-29 00:00:00+00:00,16.34633,15.808753571428573,-1.0,-0.005,7,SL,False
IQV,S3,long,RISK_ON,1,2015-07-21 00:00:00+00:00,2015-08-03 00:00:00+00:00,75.36529,75.36529,0.39901471287127055,0.001995073564356353,9,STOP_AFTER_TP1,True
AYI,S3,long,RISK_ON,1,2015-07-21 00:00:00+00:00,2015-07-27 00:00:00+00:00,192.46227,189.50464642857145,-1.0,-0.005,4,SL,False
CAG,S3,long,RISK_ON,1,2015-07-21 00:00:00+00:00,2015-07-24 00:00:00+00:00,44.06402,43.61892857142857,-1.0,-0.005,3,SL,False
DG,S3,long,RISK_ON,1,2015-07-21 00:00:00+00:00,2015-07-24 00:00:00+00:00,80.25017,79.37042857142858,-1.0,-0.005,3,SL,False
ALGN,S3,long,RISK_ON,1,2015-07-22 00:00:00+00:00,2015-07-24 00:00:00+00:00,65.29523,65.29523,0.32023842771195543,0.0016011921385597771,2,STOP_AFTER_TP1,True
ABBV,S3,long,RISK_ON,1,2015-07-22 00:00:00+00:00,2015-07-24 00:00:00+00:00,70.63055999999999,69.51335714285715,-1.0,-0.005,2,SL,False
CCL,S3,long,RISK_ON,1,2015-07-23 00:00:00+00:00,2015-07-24 00:00:00+00:00,51.86181,51.254064285714286,-1.0,-0.005,1,SL,False
MDLZ,S3,long,RISK_ON,1,2015-07-23 00:00:00+00:00,2015-07-27 00:00:00+00:00,42.162119999999994,41.72035714285715,-1.0,-0.005,2,SL,False
DIS,S3,long,RISK_ON,1,2015-07-23 00:00:00+00:00,2015-07-27 00:00:00+00:00,118.91879999999999,117.89536785714284,-1.0,-0.005,2,SL,False
TMK,S3,long,RISK_ON,1,2015-07-23 00:00:00+00:00,2015-07-28 00:00:00+00:00,60.10003999999999,60.10003999999999,0.528460990895478,0.00264230495447739,3,STOP_AFTER_TP1,True
AIZ,S2,long,RISK_ON,1,2015-07-29 00:00:00+00:00,2015-08-24 00:00:00+00:00,74.17409999999998,71.31910714285713,-0.08804291896318284,-0.0004402145948159142,18,SL,False
ULTA,S3,long,RISK_ON,1,2015-07-29 00:00:00+00:00,2015-08-21 00:00:00+00:00,166.65649,166.65649,0.43417081416060427,0.0021708540708030213,17,STOP_AFTER_TP1,True
NFLX,S3,long,RISK_ON,1,2015-07-29 00:00:00+00:00,2015-08-20 00:00:00+00:00,107.18707999999998,112.49,1.796828097001725,0.008984140485008625,16,EMA_TRAIL,True
CAG,S3,long,RISK_ON,1,2015-07-29 00:00:00+00:00,2015-08-21 00:00:00+00:00,44.17413,43.049464285714286,-1.0,-0.005,17,SL,False
HOLX,S2,long,RISK_ON,1,2015-07-30 00:00:00+00:00,2015-08-24 00:00:00+00:00,40.790749999999996,36.79750714285714,-1.0,-0.005,17,SL,False
REGN,S3,long,RISK_ON,1,2015-07-30 00:00:00+00:00,2015-08-20 00:00:00+00:00,547.6470999999999,547.6470999999999,0.40771326947896125,0.0020385663473948064,15,STOP_AFTER_TP1,True
ABBV,S3,long,RISK_ON,1,2015-07-30 00:00:00+00:00,2015-08-07 00:00:00+00:00,70.23015999999998,68.62035714285715,-1.0,-0.005,6,SL,False
HCA,S3,long,RISK_ON,1,2015-07-30 00:00:00+00:00,2015-08-05 00:00:00+00:00,93.05295999999998,91.26075,-1.0,-0.005,4,SL,False
C,S3,long,RISK_ON,1,2015-08-03 00:00:00+00:00,2015-08-07 00:00:00+00:00,58.49843999999999,57.456607142857145,-1.0,-0.005,4,SL,False
GOOGL,S3,long,RISK_ON,1,2015-08-03 00:00:00+00:00,2015-08-21 00:00:00+00:00,665.3847199999999,646.1153607142858,-0.23566669359072956,-0.0011783334679536478,14,SL,False
GOOG,S3,long,RISK_ON,1,2015-08-03 00:00:00+00:00,2015-08-21 00:00:00+00:00,631.8412099999999,614.8522678571429,-1.0,-0.005,14,SL,False
ISRG,S3,long,RISK_ON,1,2015-08-03 00:00:00+00:00,2015-08-20 00:00:00+00:00,175.67529979999998,171.35395,-1.0,-0.005,13,SL,False
SYF,S3,long,RISK_ON,1,2015-08-03 00:00:00+00:00,2015-08-07 00:00:00+00:00,34.39436,33.780249999999995,-1.0,-0.005,4,SL,False
BK,S3,long,RISK_ON,1,2015-08-03 00:00:00+00:00,2015-08-12 00:00:00+00:00,43.4434,43.4434,0.7792473269201043,0.003896236634600522,7,STOP_AFTER_TP1,True
ABT,S3,long,RISK_ON,1,2015-08-03 00:00:00+00:00,2015-08-07 00:00:00+00:00,50.55049999999999,49.78375,-1.0,-0.005,4,SL,False
CELG,S3,long,RISK_ON,1,2015-08-03 00:00:00+00:00,2015-08-07 00:00:00+00:00,131.60146999999998,127.75535714285714,-1.0,-0.005,4,SL,False
BAC,S3,long,RISK_ON,1,2015-08-03 00:00:00+00:00,2015-08-12 00:00:00+00:00,17.78777,17.470892857142857,-1.0,-0.005,7,SL,False
PGR,S3,long,RISK_ON,1,2015-08-03 00:00:00+00:00,2015-08-21 00:00:00+00:00,30.650619999999996,30.650619999999996,0.5578613068824574,0.002789306534412287,14,STOP_AFTER_TP1,True
INCY,S1,long,DEFENSIVE,1,2015-08-04 00:00:00+00:00,2015-08-06 00:00:00+00:00,109.84973999999998,104.35,-0.769277250836803,-0.003846386254184015,2,SMA50_BREAK,False
V,S3,long,RISK_ON,1,2015-08-05 00:00:00+00:00,2015-08-06 00:00:00+00:00,75.05498,74.16935714285714,-1.0,-0.005,1,SL,False
HIG,S3,long,RISK_ON,1,2015-08-05 00:00:00+00:00,2015-08-12 00:00:00+00:00,47.517469999999996,47.517469999999996,0.48094279242027127,0.002404713962101356,5,STOP_AFTER_TP1,True
ALXN,S3,long,RISK_ON,1,2015-08-05 00:00:00+00:00,2015-08-06 00:00:00+00:00,198.13794,192.8619214285714,-1.0,-0.005,1,SL,False
PRGO,S3,long,RISK_ON,1,2015-08-05 00:00:00+00:00,2015-08-06 00:00:00+00:00,189.83964999999998,185.55830357142855,-1.0,-0.005,1,SL,False
IQV,S3,long,RISK_ON,1,2015-08-10 00:00:00+00:00,2015-08-12 00:00:00+00:00,76.21614,73.8373392857143,-1.0,-0.005,2,SL,False
AMZN,S3,long,RISK_ON,1,2015-08-10 00:00:00+00:00,2015-08-21 00:00:00+00:00,524.5239999999999,509.3893285714286,-1.0,-0.005,9,SL,False
CMG,S3,long,RISK_ON,1,2015-08-10 00:00:00+00:00,2015-08-12 00:00:00+00:00,744.9842399999999,735.4048214285714,-0.6431523654954872,-0.0032157618274774357,2,SL,False
C,S3,long,RISK_ON,1,2015-08-10 00:00:00+00:00,2015-08-12 00:00:00+00:00,58.798739999999995,56.95660714285714,-1.0,-0.005,2,SL,False
SYF,S3,long,RISK_ON,1,2015-08-10 00:00:00+00:00,2015-08-21 00:00:00+00:00,34.654619999999994,33.72,-0.6036989634671304,-0.003018494817335652,9,SMA50_BREAK,False
CELG,S3,long,RISK_ON,1,2015-08-10 00:00:00+00:00,2015-08-20 00:00:00+00:00,131.36122999999998,124.96,-0.7830088621144328,-0.003915044310572164,8,SMA50_BREAK,False
V,S3,long,RISK_ON,1,2015-08-10 00:00:00+00:00,2015-08-12 00:00:00+00:00,74.45437999999999,72.55971428571428,-1.0,-0.005,2,SL,False
ALXN,S1,long,DEFENSIVE,1,2015-08-12 00:00:00+00:00,2015-08-14 00:00:00+00:00,191.20100999999997,186.58,-0.3572477218839053,-0.0017862386094195264,2,SMA50_BREAK,False
MDLZ,S3,long,RISK_ON,1,2015-08-14 00:00:00+00:00,2015-08-19 00:00:00+00:00,46.531484999999996,45.44796428571429,-1.0,-0.005,3,SL,False
MSFT,S3,long,RISK_ON,1,2015-08-14 00:00:00+00:00,2015-08-20 00:00:00+00:00,47.047,46.001285714285714,-1.0,-0.005,4,SL,False
CCL,S3,long,RISK_ON,1,2015-08-14 00:00:00+00:00,2015-08-20 00:00:00+00:00,52.492439999999995,50.77357142857143,-1.0,-0.005,4,SL,False
V,S3,long,RISK_ON,1,2015-08-14 00:00:00+00:00,2015-08-21 00:00:00+00:00,74.29422,72.74,-1.0,-0.005,5,SL,False
SBUX,S3,long,RISK_ON,1,2015-08-14 00:00:00+00:00,2015-08-20 00:00:00+00:00,57.15709999999999,55.99211428571429,-1.0,-0.005,4,SL,False
PRU,S3,long,RISK_ON,1,2015-08-14 00:00:00+00:00,2015-08-19 00:00:00+00:00,90.19009999999999,87.50584642857143,-1.0,-0.005,3,SL,False
JNPR,S3,long,RISK_ON,1,2015-08-14 00:00:00+00:00,2015-08-20 00:00:00+00:00,28.21819,27.706699999999998,-1.0,-0.005,4,SL,False
EXPE,S3,long,RISK_ON,1,2015-08-14 00:00:00+00:00,2015-08-21 00:00:00+00:00,121.77165,117.6237,-1.0,-0.005,5,SL,False
BK,S3,long,RISK_ON,1,2015-08-14 00:00:00+00:00,2015-08-18 00:00:00+00:00,44.11407,43.37464285714286,-1.0,-0.005,2,SL,False
RCL,S3,long,RISK_ON,1,2015-08-14 00:00:00+00:00,2015-08-20 00:00:00+00:00,89.97989,87.82214285714286,-1.0,-0.005,4,SL,False
EA,S3,long,RISK_ON,1,2015-08-14 00:00:00+00:00,2015-08-19 00:00:00+00:00,72.89281999999999,71.85356428571428,-1.0,-0.005,3,SL,False
HRS,S3,long,RISK_ON,1,2015-08-14 00:00:00+00:00,2015-08-20 00:00:00+00:00,82.95286999999999,81.12439285714285,-1.0,-0.005,4,SL,False
NKE,S3,long,RISK_ON,1,2015-08-14 00:00:00+00:00,2015-08-21 00:00:00+00:00,57.237179999999995,55.97573928571428,-1.0,-0.005,5,SL,False
MNST,S3,long,RISK_ON,1,2015-08-17 00:00:00+00:00,2015-08-20 00:00:00+00:00,50.286836599999994,48.600296428571426,-1.0,-0.005,3,SL,False
LKQ,S3,long,RISK_ON,1,2015-08-17 00:00:00+00:00,2015-08-19 00:00:00+00:00,31.471439999999998,30.85177857142857,-1.0,-0.005,2,SL,False
BAC,S3,long,RISK_ON,1,2015-08-17 00:00:00+00:00,2015-08-19 00:00:00+00:00,17.78777,17.46,-0.8134288672074378,-0.004067144336037189,2,SMA50_BREAK,False
ABT,S3,long,RISK_ON,1,2015-08-17 00:00:00+00:00,2015-08-19 00:00:00+00:00,50.43038,49.84,-0.550791102652421,-0.0027539555132621053,2,SMA50_BREAK,False
NCLH,S3,long,RISK_ON,1,2015-08-17 00:00:00+00:00,2015-08-20 00:00:00+00:00,60.18011999999999,57.82035714285714,-1.0,-0.005,3,SL,False
ACN,S3,long,RISK_ON,1,2015-08-17 00:00:00+00:00,2015-08-20 00:00:00+00:00,103.58348,101.69410714285715,-1.0,-0.005,3,SL,False
MA,S3,long,RISK_ON,1,2015-08-18 00:00:00+00:00,2015-08-20 00:00:00+00:00,97.69759999999998,96.06942857142857,-1.0,-0.005,2,SL,False
RF,S3,long,RISK_ON,1,2015-08-18 00:00:00+00:00,2015-08-19 00:00:00+00:00,10.510499999999999,10.274107142857144,-1.0,-0.005,1,SL,False
CMG,S3,long,RISK_ON,1,2015-08-18 00:00:00+00:00,2015-08-20 00:00:00+00:00,746.6659199999999,738.9875357142857,-1.0,-0.005,2,SL,False
NFLX,S1,long,DEFENSIVE,1,2015-08-26 00:00:00+00:00,2015-09-01 00:00:00+00:00,110.24012999999998,105.79,-0.5275133814381423,-0.0026375669071907115,4,SMA50_BREAK,False
FL,S1,long,DEFENSIVE,1,2015-08-26 00:00:00+00:00,2015-09-29 00:00:00+00:00,70.75068,71.91,0.4525135553565335,0.0022625677767826673,23,EMA_TRAIL,True
AMZN,S1,long,DEFENSIVE,1,2015-08-26 00:00:00+00:00,2015-09-25 00:00:00+00:00,501.2707699999999,524.25,0.7158209770604977,0.003579104885302489,21,EMA_TRAIL,True
CDNS,S1,long,DEFENSIVE,1,2015-09-03 00:00:00+00:00,2015-09-28 00:00:00+00:00,20.540519999999997,20.48,-0.04366364849752672,-0.0002183182424876336,16,SMA50_BREAK,False
NKE,S3,long,RISK_ON,1,2015-10-07 00:00:00+00:00,2015-11-11 00:00:00+00:00,61.11104999999999,63.71,1.7076101901736718,0.00853805095086836,25,EMA_TRAIL,True
AWK,S3,long,RISK_ON,1,2015-10-07 00:00:00+00:00,2015-10-29 00:00:00+00:00,55.40535,57.08,2.2113340957930188,0.011056670478965094,16,EMA_TRAIL,True
TAP,S3,long,RISK_ON,1,2015-10-07 00:00:00+00:00,2015-10-12 00:00:00+00:00,82.29220999999998,78.36649999999999,-1.0,-0.005,3,SL,False
FB,S3,long,RISK_ON,1,2015-10-07 00:00:00+00:00,2015-11-30 00:00:00+00:00,92.49239999999999,104.24,3.556856689519708,0.01778428344759854,37,EMA_TRAIL,True
AZO,S3,long,RISK_ON,1,2015-10-07 00:00:00+00:00,2015-11-13 00:00:00+00:00,736.7359999999999,755.25,1.6943084732615588,0.008471542366307793,27,EMA_TRAIL,True
ORLY,S3,long,RISK_ON,1,2015-10-07 00:00:00+00:00,2015-10-13 00:00:00+00:00,252.03177999999997,252.03177999999997,0.3014575644103759,0.0015072878220518796,4,STOP_AFTER_TP1,True
INFO,S3,long,RISK_ON,1,2015-10-07 00:00:00+00:00,2015-11-05 00:00:00+00:00,29.55953,29.9,0.8617475160889521,0.004308737580444761,21,EMA_TRAIL,True
CPB,S3,long,RISK_ON,1,2015-10-07 00:00:00+00:00,2015-10-14 00:00:00+00:00,50.89084,49.9975,-1.0,-0.005,5,SL,False
EXPE,S3,long,RISK_ON,1,2015-10-07 00:00:00+00:00,2015-11-09 00:00:00+00:00,123.05292999999999,129.48,1.537928717723403,0.007689643588617015,23,EMA_TRAIL,True
BBY,S3,long,RISK_ON,1,2015-10-07 00:00:00+00:00,2015-10-14 00:00:00+00:00,37.32729,36.552825,-1.0,-0.005,5,SL,False
MSI,S3,long,RISK_ON,1,2015-10-09 00:00:00+00:00,2015-11-04 00:00:00+00:00,68.84877999999999,68.84877999999999,0.41609757081210985,0.0020804878540605495,18,STOP_AFTER_TP1,True
ED,S3,long,RISK_ON,1,2015-10-09 00:00:00+00:00,2015-10-28 00:00:00+00:00,65.49543,65.49543,0.5535209052662902,0.002767604526331451,13,STOP_AFTER_TP1,True
NDAQ,S3,long,RISK_ON,1,2015-10-09 00:00:00+00:00,2015-11-13 00:00:00+00:00,53.14309,56.59,2.575135515874008,0.01287567757937004,25,EMA_TRAIL,True
EW,S3,long,RISK_ON,1,2015-10-12 00:00:00+00:00,2015-10-14 00:00:00+00:00,74.83976499999999,71.97375000000001,-1.0,-0.005,2,SL,False
CBOE,S3,long,RISK_ON,1,2015-10-12 00:00:00+00:00,2015-12-02 00:00:00+00:00,65.99593,69.85,2.0884400417655287,0.010442200208827643,36,EMA_TRAIL,True
UAA,S3,long,RISK_ON,1,2015-10-13 00:00:00+00:00,2015-10-14 00:00:00+00:00,50.700649999999996,49.32496785714286,-1.0,-0.005,1,SL,False
PSA,S3,long,RISK_ON,1,2015-10-13 00:00:00+00:00,2015-11-09 00:00:00+00:00,217.27705999999998,227.11,2.544686554027956,0.01272343277013978,19,EMA_TRAIL,True
NLSN,S3,long,RISK_ON,1,2015-10-13 00:00:00+00:00,2015-10-21 00:00:00+00:00,46.98693999999999,46.98693999999999,0.28553547537969554,0.0014276773768984777,6,STOP_AFTER_TP1,True
ADBE,S3,long,RISK_ON,1,2015-10-13 00:00:00+00:00,2015-12-03 00:00:00+00:00,83.73365,89.91,2.9538556119690935,0.014769278059845467,36,EMA_TRAIL,True
AIZ,S3,long,RISK_ON,1,2015-10-13 00:00:00+00:00,2015-10-21 00:00:00+00:00,80.56048,80.56048,0.37437059522949234,0.0018718529761474617,6,STOP_AFTER_TP1,True
MAA,S3,long,RISK_ON,1,2015-10-13 00:00:00+00:00,2015-11-06 00:00:00+00:00,82.88279999999999,82.88279999999999,0.42462612484224904,0.002123130624211245,18,STOP_AFTER_TP1,True
ORLY,S3,long,RISK_ON,1,2015-10-13 00:00:00+00:00,2015-10-14 00:00:00+00:00,251.71146,248.37768214285714,-1.0,-0.005,1,SL,False
MKC,S3,long,RISK_ON,1,2015-10-13 00:00:00+00:00,2015-10-15 00:00:00+00:00,82.64255999999999,81.53928571428571,-1.0,-0.005,2,SL,False
EXR,S3,long,RISK_ON,1,2015-10-13 00:00:00+00:00,2015-10-14 00:00:00+00:00,77.10703,75.94571428571429,-1.0,-0.005,1,SL,False
WEC,S3,long,RISK_ON,1,2015-10-14 00:00:00+00:00,2015-10-26 00:00:00+00:00,52.302249999999994,52.302249999999994,0.3719578294857768,0.0018597891474288841,8,STOP_AFTER_TP1,True
UDR,S3,long,RISK_ON,1,2015-10-14 00:00:00+00:00,2015-10-28 00:00:00+00:00,34.98495,34.98495,0.7009044686456535,0.0035045223432282674,10,STOP_AFTER_TP1,True
SBUX,S3,long,RISK_ON,1,2015-10-14 00:00:00+00:00,2015-11-09 00:00:00+00:00,58.87881999999999,61.34,2.0912168494201056,0.010456084247100528,18,EMA_TRAIL,True
SCG,S3,long,RISK_ON,1,2015-10-14 00:00:00+00:00,2015-10-28 00:00:00+00:00,56.146089999999994,56.146089999999994,0.37367576443273987,0.0018683788221636993,10,STOP_AFTER_TP1,True
PGR,S3,long,RISK_ON,1,2015-10-14 00:00:00+00:00,2015-11-05 00:00:00+00:00,31.591559999999994,32.38,2.2907418154180723,0.011453709077090361,16,EMA_TRAIL,True
FISV,S3,long,RISK_ON,1,2015-10-14 00:00:00+00:00,2015-11-13 00:00:00+00:00,91.02092999999999,94.38,2.501084420850107,0.012505422104250534,22,EMA_TRAIL,True
RSG,S3,long,RISK_ON,1,2015-10-14 00:00:00+00:00,2015-11-12 00:00:00+00:00,42.81277,43.33,1.4290317759147435,0.007145158879573718,21,EMA_TRAIL,True
HRL,S3,long,RISK_ON,1,2015-10-14 00:00:00+00:00,2015-11-09 00:00:00+00:00,32.382349999999995,33.295,1.8155453739355547,0.009077726869677774,18,EMA_TRAIL,True
HD,S3,long,RISK_ON,1,2015-10-14 00:00:00+00:00,2015-11-12 00:00:00+00:00,120.39026999999999,123.81,1.584415310253215,0.007922076551266075,21,EMA_TRAIL,True
SIG,S3,long,RISK_ON,1,2015-10-14 00:00:00+00:00,2015-11-11 00:00:00+00:00,141.06091999999998,145.06,1.7363609004093394,0.008681804502046697,20,EMA_TRAIL,True
AVB,S3,long,RISK_ON,1,2015-10-14 00:00:00+00:00,2015-10-27 00:00:00+00:00,177.90772999999996,177.90772999999996,0.47215516927424944,0.0023607758463712472,9,STOP_AFTER_TP1,True
LB,S3,long,RISK_ON,1,2015-10-14 00:00:00+00:00,2015-10-23 00:00:00+00:00,95.50540999999998,95.50540999999998,0.45058659715269817,0.002252932985763491,7,STOP_AFTER_TP1,True
CTXS,S3,long,RISK_ON,1,2015-10-14 00:00:00+00:00,2015-10-21 00:00:00+00:00,73.63355999999999,72.23642857142858,-1.0,-0.005,5,SL,False
CINF,S3,long,RISK_ON,1,2015-10-14 00:00:00+00:00,2015-12-03 00:00:00+00:00,55.77571999999999,60.04,5.589338622822453,0.027946693114112266,35,EMA_TRAIL,True
CDNS,S3,long,RISK_ON,1,2015-10-15 00:00:00+00:00,2015-10-21 00:00:00+00:00,21.411389999999997,21.001728571428572,-1.0,-0.005,4,SL,False
ORLY,S3,long,RISK_ON,1,2015-10-15 00:00:00+00:00,2015-11-13 00:00:00+00:00,251.70144999999997,259.83,0.9847890795116828,0.004923945397558414,21,EMA_TRAIL,True
EW,S3,long,RISK_ON,1,2015-10-15 00:00:00+00:00,2015-11-12 00:00:00+00:00,73.648575,76.475,1.0668046100903563,0.005334023050451782,20,EMA_TRAIL,True
ANDV,S3,long,RISK_ON,1,2015-10-19 00:00:00+00:00,2015-10-20 00:00:00+00:00,102.64254,100.41464642857143,-1.0,-0.005,1,SL,False
STZ,S3,long,RISK_ON,1,2015-10-19 00:00:00+00:00,2015-10-26 00:00:00+00:00,135.31518,135.31518,0.5316520897075342,0.002658260448537671,5,STOP_AFTER_TP1,True
AMZN,S3,long,RISK_ON,1,2015-10-21 00:00:00+00:00,2015-12-11 00:00:00+00:00,556.3257699999999,640.15,6.120180406052986,0.030600902030264932,36,EMA_TRAIL,True
CTAS,S3,long,RISK_ON,1,2015-10-21 00:00:00+00:00,2015-11-04 00:00:00+00:00,91.43133999999999,91.43133999999999,0.557415580946139,0.002787077904730695,10,STOP_AFTER_TP1,True
VRSN,S3,long,RISK_ON,1,2015-10-21 00:00:00+00:00,2015-12-17 00:00:00+00:00,74.53445999999998,87.85,11.441880166373974,0.05720940083186987,40,EMA_TRAIL,True
ANDV,S3,long,RISK_ON,1,2015-10-22 00:00:00+00:00,2015-12-02 00:00:00+00:00,101.63152999999998,112.75,2.421339098490385,0.012106695492451925,28,EMA_TRAIL,True
AAP,S3,long,RISK_ON,1,2015-10-22 00:00:00+00:00,2015-10-23 00:00:00+00:00,192.06186999999997,189.50853928571428,-1.0,-0.005,1,SL,False
GOOG,S2,long,RISK_ON,1,2015-10-23 00:00:00+00:00,2016-01-07 00:00:00+00:00,702.7019999999999,726.39,0.33855977948777033,0.0016927988974388517,51,SMA50_BREAK,False
AAP,S3,long,RISK_ON,1,2015-10-23 00:00:00+00:00,2015-11-10 00:00:00+00:00,192.13194,194.11,0.5392373330006295,0.0026961866650031473,12,EMA_TRAIL,True
AEE,S3,long,RISK_ON,1,2015-10-23 00:00:00+00:00,2015-10-28 00:00:00+00:00,44.033989999999996,44.033989999999996,0.30930318967323256,0.0015465159483661628,3,STOP_AFTER_TP1,True
PNW,S3,long,RISK_ON,1,2015-10-23 00:00:00+00:00,2015-10-26 00:00:00+00:00,65.77570999999999,64.89046071428572,-1.0,-0.005,1,SL,False
CLX,S3,long,RISK_ON,1,2015-10-26 00:00:00+00:00,2015-11-06 00:00:00+00:00,122.16203999999999,122.16203999999999,0.795194599864778,0.0039759729993238905,9,STOP_AFTER_TP1,True
STZ,S3,long,RISK_ON,1,2015-10-26 00:00:00+00:00,2015-11-03 00:00:00+00:00,136.136,133.93661785714286,-1.0,-0.005,6,SL,False
TJX,S3,long,RISK_ON,1,2015-10-26 00:00:00+00:00,2015-11-06 00:00:00+00:00,72.51243999999998,72.51243999999998,0.32552419091567353,0.0016276209545783677,9,STOP_AFTER_TP1,True
WEC,S3,long,RISK_ON,1,2015-10-26 00:00:00+00:00,2015-10-28 00:00:00+00:00,52.902849999999994,51.892025,-1.0,-0.005,2,SL,False
GPN,S3,long,RISK_ON,1,2015-10-27 00:00:00+00:00,2015-12-03 00:00:00+00:00,65.55548999999999,69.34,1.9047289016442353,0.009523644508221176,26,EMA_TRAIL,True
BF.B,S3,long,RISK_ON,1,2015-10-27 00:00:00+00:00,2015-11-03 00:00:00+00:00,53.81876499999999,53.03250357142857,-1.0,-0.005,5,SL,False
TAP,S3,long,RISK_ON,1,2015-10-27 00:00:00+00:00,2015-12-14 00:00:00+00:00,86.79670999999999,91.91,2.5154471347280456,0.012577235673640228,33,EMA_TRAIL,True
CDNS,S2,long,RISK_ON,1,2015-10-27 00:00:00+00:00,2015-11-20 00:00:00+00:00,21.771749999999997,21.47,-0.3016358093007636,-0.001508179046503818,18,SMA50_BREAK,False
NLSN,S3,long,RISK_ON,1,2015-10-27 00:00:00+00:00,2015-11-02 00:00:00+00:00,47.817769999999996,46.90971428571428,-1.0,-0.005,4,SL,False
AIZ,S3,long,RISK_ON,1,2015-10-27 00:00:00+00:00,2015-10-28 00:00:00+00:00,81.16107999999998,80.16696428571429,-1.0,-0.005,1,SL,False
PNW,S3,long,RISK_ON,1,2015-10-27 00:00:00+00:00,2015-10-28 00:00:00+00:00,65.57551,64.35332142857142,-1.0,-0.005,1,SL,False
NOC,S2,long,RISK_ON,1,2015-10-28 00:00:00+00:00,2016-01-08 00:00:00+00:00,190.6905,186.07,-0.33515746758629844,-0.0016757873379314922,49,SMA50_BREAK,False
MKC,S3,long,RISK_ON,1,2015-10-28 00:00:00+00:00,2015-11-06 00:00:00+00:00,84.38429999999998,84.38429999999998,0.3424491424985051,0.0017122457124925255,7,STOP_AFTER_TP1,True
DAL,S3,long,RISK_ON,1,2015-10-28 00:00:00+00:00,2015-11-10 00:00:00+00:00,50.19013999999999,50.19013999999999,0.37676897339717697,0.001883844866985885,9,STOP_AFTER_TP1,True
K,S3,long,RISK_ON,1,2015-10-28 00:00:00+00:00,2015-11-03 00:00:00+00:00,70.99091999999999,69.80407142857143,-1.0,-0.005,4,SL,False
LB,S3,long,RISK_ON,1,2015-10-28 00:00:00+00:00,2015-11-09 00:00:00+00:00,95.74565,95.74565,0.27061067013547896,0.0013530533506773948,8,STOP_AFTER_TP1,True
NVDA,S3,long,RISK_ON,1,2015-10-29 00:00:00+00:00,2015-12-18 00:00:00+00:00,27.707679999999996,32.14,7.323231933184159,0.03661615966592079,35,EMA_TRAIL,True
MDLZ,S3,long,RISK_ON,1,2015-10-29 00:00:00+00:00,2015-11-06 00:00:00+00:00,46.32628,44.973014285714285,-1.0,-0.005,6,SL,False
AWK,S3,long,RISK_ON,1,2015-10-30 00:00:00+00:00,2015-11-06 00:00:00+00:00,57.417359999999995,55.845178571428576,-1.0,-0.005,5,SL,False
RCL,S3,long,RISK_ON,1,2015-11-02 00:00:00+00:00,2015-11-03 00:00:00+00:00,98.46837,96.21789285714286,-1.0,-0.005,1,SL,False
DTE,S3,long,RISK_ON,1,2015-11-02 00:00:00+00:00,2015-11-06 00:00:00+00:00,82.24215999999998,80.2775,-1.0,-0.005,4,SL,False
ACN,S3,long,RISK_ON,1,2015-11-02 00:00:00+00:00,2015-11-05 00:00:00+00:00,107.70759999999999,106.28275,-1.0,-0.005,3,SL,False
MO,S3,long,RISK_ON,1,2015-11-02 00:00:00+00:00,2015-11-03 00:00:00+00:00,60.56049999999999,59.49225357142858,-1.0,-0.005,1,SL,False
PM,S3,long,RISK_ON,1,2015-11-02 00:00:00+00:00,2015-11-06 00:00:00+00:00,88.89881,87.55929642857143,-1.0,-0.005,4,SL,False
LMT,S3,long,RISK_ON,1,2015-11-02 00:00:00+00:00,2015-11-06 00:00:00+00:00,220.81059,216.36390357142858,-1.0,-0.005,4,SL,False
INTC,S3,long,RISK_ON,1,2015-11-02 00:00:00+00:00,2015-11-09 00:00:00+00:00,34.14411,33.27160714285714,-1.0,-0.005,5,SL,False
MCD,S3,long,RISK_ON,1,2015-11-03 00:00:00+00:00,2015-11-12 00:00:00+00:00,112.19207999999999,112.19207999999999,0.2891308278635296,0.0014456541393176481,7,STOP_AFTER_TP1,True
CTXS,S3,long,RISK_ON,1,2015-11-03 00:00:00+00:00,2015-11-04 00:00:00+00:00,81.83174999999999,80.07361428571429,-1.0,-0.005,1,SL,False
RCL,S3,long,RISK_ON,1,2015-11-03 00:00:00+00:00,2015-11-16 00:00:00+00:00,96.75665999999998,94.20350714285715,-1.0,-0.005,9,SL,False
SPG,S3,long,RISK_ON,1,2015-11-03 00:00:00+00:00,2015-11-06 00:00:00+00:00,204.10389999999998,199.51771785714286,-1.0,-0.005,3,SL,False
WM,S3,long,RISK_ON,1,2015-11-03 00:00:00+00:00,2015-11-06 00:00:00+00:00,54.104049999999994,54.104049999999994,0.39178011777529664,0.001958900588876483,3,STOP_AFTER_TP1,True
AEE,S3,long,RISK_ON,1,2015-11-03 00:00:00+00:00,2015-11-06 00:00:00+00:00,43.913869999999996,43.06139642857143,-1.0,-0.005,3,SL,False
DPS,S3,long,RISK_ON,1,2015-11-04 00:00:00+00:00,2015-11-06 00:00:00+00:00,88.26818,87.15317857142858,-1.0,-0.005,2,SL,False
XEL,S3,long,RISK_ON,1,2015-11-04 00:00:00+00:00,2015-11-06 00:00:00+00:00,36.06603,35.17857142857143,-1.0,-0.005,2,SL,False
O,S3,long,RISK_ON,1,2015-11-04 00:00:00+00:00,2015-11-06 00:00:00+00:00,49.499449999999996,48.817146428571434,-1.0,-0.005,2,SL,False
KIM,S3,long,RISK_ON,1,2015-11-04 00:00:00+00:00,2015-11-05 00:00:00+00:00,26.926899999999996,26.555,-1.0,-0.005,1,SL,False
COST,S3,long,RISK_ON,1,2015-11-04 00:00:00+00:00,2015-11-05 00:00:00+00:00,157.30714999999998,155.66639285714285,-1.0,-0.005,1,SL,False
DLR,S3,long,RISK_ON,1,2015-11-04 00:00:00+00:00,2015-11-06 00:00:00+00:00,73.72364999999999,72.68464285714286,-1.0,-0.005,2,SL,False
EQR,S3,long,RISK_ON,1,2015-11-04 00:00:00+00:00,2015-11-06 00:00:00+00:00,79.21914,77.79625,-1.0,-0.005,2,SL,False
DRE,S3,long,RISK_ON,1,2015-11-04 00:00:00+00:00,2015-11-06 00:00:00+00:00,20.89087,20.63175,-1.0,-0.005,2,SL,False
UAL,S3,long,RISK_ON,1,2015-11-04 00:00:00+00:00,2015-11-13 00:00:00+00:00,60.350289999999994,58.73873928571428,-1.0,-0.005,7,SL,False
KMB,S3,long,RISK_ON,1,2015-11-04 00:00:00+00:00,2015-11-06 00:00:00+00:00,119.97985999999999,118.66199285714285,-1.0,-0.005,2,SL,False
ALGN,S3,long,RISK_ON,1,2015-11-04 00:00:00+00:00,2015-11-12 00:00:00+00:00,66.59652999999999,64.59375,-1.0,-0.005,6,SL,False
PPL,S3,long,RISK_ON,1,2015-11-05 00:00:00+00:00,2015-11-06 00:00:00+00:00,34.25422,33.928425,-1.0,-0.005,1,SL,False
IPG,S3,long,RISK_ON,1,2015-11-05 00:00:00+00:00,2015-11-06 00:00:00+00:00,22.78276,22.542428571428573,-1.0,-0.005,1,SL,False
EQIX,S3,long,RISK_ON,1,2015-11-05 00:00:00+00:00,2015-11-06 00:00:00+00:00,296.0958,287.69893214285713,-1.0,-0.005,1,SL,False
PNW,S3,long,RISK_ON,1,2015-11-05 00:00:00+00:00,2015-11-06 00:00:00+00:00,64.77470999999998,63.56329285714286,-1.0,-0.005,1,SL,False
ACN,S3,long,RISK_ON,1,2015-11-05 00:00:00+00:00,2015-11-06 00:00:00+00:00,106.19609,105.15864285714285,-1.0,-0.005,1,SL,False
ES,S3,long,RISK_ON,1,2015-11-05 00:00:00+00:00,2015-11-06 00:00:00+00:00,51.5515,50.77155714285714,-1.0,-0.005,1,SL,False
JNPR,S3,long,RISK_ON,1,2015-11-05 00:00:00+00:00,2015-11-09 00:00:00+00:00,31.431399999999996,30.88892142857143,-1.0,-0.005,2,SL,False
RTN,S3,long,RISK_ON,1,2015-11-06 00:00:00+00:00,2015-12-30 00:00:00+00:00,117.68756999999998,125.74,3.516373044099747,0.017581865220498736,36,EMA_TRAIL,True
WM,S3,long,RISK_ON,1,2015-11-06 00:00:00+00:00,2015-11-09 00:00:00+00:00,54.484429999999996,53.57018214285714,-1.0,-0.005,1,SL,False
CLX,S3,long,RISK_ON,1,2015-11-06 00:00:00+00:00,2015-11-13 00:00:00+00:00,122.40227999999999,120.50451785714286,-1.0,-0.005,5,SL,False
IPG,S3,long,RISK_ON,1,2015-11-06 00:00:00+00:00,2015-12-11 00:00:00+00:00,22.842819999999996,22.842819999999996,0.4697290532891457,0.0023486452664457287,24,STOP_AFTER_TP1,True
ACN,S3,long,RISK_ON,1,2015-11-06 00:00:00+00:00,2015-11-12 00:00:00+00:00,106.106,104.32328571428572,-1.0,-0.005,4,SL,False
KMB,S3,long,RISK_ON,1,2015-11-06 00:00:00+00:00,2015-11-30 00:00:00+00:00,118.69857999999998,119.15,0.6605099702816953,0.003302549851408477,15,EMA_TRAIL,True
V,S3,long,RISK_ON,1,2015-11-09 00:00:00+00:00,2015-11-13 00:00:00+00:00,78.11804,78.11804,0.318095807361092,0.00159047903680546,4,STOP_AFTER_TP1,True
HRB,S3,long,RISK_ON,1,2015-11-09 00:00:00+00:00,2015-11-13 00:00:00+00:00,36.77674,36.15175,-1.0,-0.005,4,SL,False
LUV,S3,long,RISK_ON,1,2015-11-09 00:00:00+00:00,2015-11-16 00:00:00+00:00,46.41636999999999,45.39924642857142,-1.0,-0.005,5,SL,False
XRAY,S3,long,RISK_ON,1,2015-11-09 00:00:00+00:00,2015-11-13 00:00:00+00:00,60.550489999999996,59.574375,-1.0,-0.005,4,SL,False
MGM,S3,long,RISK_ON,1,2015-11-09 00:00:00+00:00,2015-11-13 00:00:00+00:00,23.34332,22.461082142857144,-1.0,-0.005,4,SL,False
TRV,S3,long,RISK_ON,1,2015-11-09 00:00:00+00:00,2015-11-12 00:00:00+00:00,112.94282999999999,112.94282999999999,0.4948700321564672,0.002474350160782336,3,STOP_AFTER_TP1,True
SCG,S3,long,RISK_ON,1,2015-11-09 00:00:00+00:00,2015-12-02 00:00:00+00:00,57.67761999999999,58.46,0.7173868752843884,0.003586934376421942,16,EMA_TRAIL,True
WM,S3,long,RISK_ON,1,2015-11-09 00:00:00+00:00,2015-11-12 00:00:00+00:00,53.743689999999994,53.084467857142855,-1.0,-0.005,3,SL,False
DLR,S3,long,RISK_ON,1,2015-11-10 00:00:00+00:00,2015-12-10 00:00:00+00:00,72.65257999999999,70.38,-0.960019456192186,-0.00480009728096093,21,SMA50_BREAK,False
AYI,S3,long,RISK_ON,1,2015-11-10 00:00:00+00:00,2016-01-04 00:00:00+00:00,212.42220999999998,233.21,2.4428517854184695,0.012214258927092348,36,EMA_TRAIL,True
CTXS,S3,long,RISK_ON,1,2015-11-10 00:00:00+00:00,2015-11-13 00:00:00+00:00,81.17108999999999,78.48129285714286,-1.0,-0.005,3,SL,False
HRL,S3,long,RISK_ON,1,2015-11-10 00:00:00+00:00,2016-01-08 00:00:00+00:00,33.56353,39.085,3.6859994710150015,0.018429997355075008,40,EMA_TRAIL,True
STZ,S2,long,RISK_ON,1,2015-11-10 00:00:00+00:00,2016-02-05 00:00:00+00:00,134.91477999999998,137.95,0.6941111170279052,0.003470555585139526,59,SMA50_BREAK,False
DAL,S3,long,RISK_ON,1,2015-11-10 00:00:00+00:00,2015-11-13 00:00:00+00:00,50.35029999999999,48.987325,-1.0,-0.005,3,SL,False
SBUX,S3,long,RISK_ON,1,2015-11-10 00:00:00+00:00,2015-11-13 00:00:00+00:00,62.24217999999999,60.24045,-1.0,-0.005,3,SL,False
MSFT,S3,long,RISK_ON,1,2015-11-11 00:00:00+00:00,2015-11-13 00:00:00+00:00,53.703649999999996,52.568000000000005,-1.0,-0.005,2,SL,False
EQR,S3,long,RISK_ON,1,2015-11-11 00:00:00+00:00,2015-12-03 00:00:00+00:00,78.46838999999999,77.63,-0.27800769826368443,-0.0013900384913184223,15,SMA50_BREAK,False
ATVI,S3,long,RISK_ON,1,2015-11-11 00:00:00+00:00,2015-12-11 00:00:00+00:00,34.604569999999995,37.22,1.4074984963415265,0.007037492481707632,21,EMA_TRAIL,True
PSA,S3,long,RISK_ON,1,2015-11-11 00:00:00+00:00,2016-01-04 00:00:00+00:00,229.06883999999997,244.37,2.7948879456139206,0.013974439728069603,35,EMA_TRAIL,True
ES,S1,long,RISK_ON,1,2015-11-12 00:00:00+00:00,2015-11-17 00:00:00+00:00,50.28022999999999,49.65,-0.20397509175529072,-0.0010198754587764536,3,SMA50_BREAK,False
TSS,S3,long,RISK_ON,1,2015-11-12 00:00:00+00:00,2015-11-16 00:00:00+00:00,53.12306999999999,52.451435714285715,-1.0,-0.005,2,SL,False
AIZ,S3,long,RISK_ON,1,2015-11-12 00:00:00+00:00,2015-11-16 00:00:00+00:00,82.84276,81.9025357142857,-1.0,-0.005,2,SL,False
COST,S3,long,RISK_ON,1,2015-11-12 00:00:00+00:00,2015-11-13 00:00:00+00:00,156.15599999999998,153.90647857142858,-1.0,-0.005,1,SL,False
MCD,S3,long,RISK_ON,1,2015-11-12 00:00:00+00:00,2015-11-13 00:00:00+00:00,112.22210999999999,111.26286428571429,-1.0,-0.005,1,SL,False
FBHS,S3,long,RISK_ON,1,2015-11-12 00:00:00+00:00,2015-11-16 00:00:00+00:00,52.262209999999996,51.41182142857143,-1.0,-0.005,2,SL,False
EQIX,S3,long,RISK_ON,1,2015-11-12 00:00:00+00:00,2015-11-13 00:00:00+00:00,295.03474,290.78089642857145,-1.0,-0.005,1,SL,False
TRV,S3,long,RISK_ON,1,2015-11-12 00:00:00+00:00,2015-12-03 00:00:00+00:00,112.42231,112.42231,0.9683308998664396,0.004841654499332198,14,STOP_AFTER_TP1,True
KLAC,S3,long,RISK_ON,1,2015-11-12 00:00:00+00:00,2015-11-16 00:00:00+00:00,65.92585999999999,65.30982142857144,-1.0,-0.005,2,SL,False
MSI,S3,long,RISK_ON,1,2015-11-12 00:00:00+00:00,2015-12-07 00:00:00+00:00,69.50943999999998,70.38,0.6474134126623934,0.003237067063311967,16,EMA_TRAIL,True
V,S3,long,RISK_ON,1,2015-11-13 00:00:00+00:00,2015-12-03 00:00:00+00:00,78.18811,78.18811,0.5739073349063576,0.002869536674531788,13,STOP_AFTER_TP1,True
MSFT,S3,long,RISK_ON,1,2015-11-13 00:00:00+00:00,2015-12-11 00:00:00+00:00,52.89284,54.06,1.7534656037219576,0.008767328018609789,19,EMA_TRAIL,True
DPS,S3,long,RISK_ON,1,2015-11-16 00:00:00+00:00,2016-01-04 00:00:00+00:00,88.10801999999998,92.23,1.739451595253119,0.008697257976265596,32,EMA_TRAIL,True
TSS,S3,long,RISK_ON,1,2015-11-16 00:00:00+00:00,2015-12-11 00:00:00+00:00,52.92286999999999,53.74,1.2145710773399738,0.0060728553866998694,18,EMA_TRAIL,True
ACN,S2,long,RISK_ON,1,2015-11-16 00:00:00+00:00,2015-12-11 00:00:00+00:00,106.43632999999998,105.3,-0.27706860716274656,-0.0013853430358137329,18,SMA50_BREAK,False
LUV,S3,long,RISK_ON,1,2015-11-16 00:00:00+00:00,2015-11-24 00:00:00+00:00,45.78574,45.78574,0.3331672735902445,0.0016658363679512226,6,STOP_AFTER_TP1,True
XRAY,S3,long,RISK_ON,1,2015-11-16 00:00:00+00:00,2015-12-09 00:00:00+00:00,60.110049999999994,60.89,0.8920131618306947,0.004460065809153473,16,EMA_TRAIL,True
FISV,S3,long,RISK_ON,1,2015-11-16 00:00:00+00:00,2015-11-24 00:00:00+00:00,95.65556,95.65556,0.2904137057639857,0.0014520685288199283,6,STOP_AFTER_TP1,True
ALGN,S3,long,RISK_ON,1,2015-11-16 00:00:00+00:00,2015-12-18 00:00:00+00:00,65.21515,64.16,-0.36436490014688416,-0.0018218245007344208,23,SMA50_BREAK,False
MGM,S3,long,RISK_ON,1,2015-11-16 00:00:00+00:00,2015-12-08 00:00:00+00:00,22.652629999999995,21.7231,-1.0,-0.005,15,SL,False
MCD,S3,long,RISK_ON,1,2015-11-16 00:00:00+00:00,2016-01-07 00:00:00+00:00,111.17106,115.66,1.8009065475199588,0.009004532737599795,35,EMA_TRAIL,True
EQIX,S3,long,RISK_ON,1,2015-11-16 00:00:00+00:00,2015-11-19 00:00:00+00:00,295.6853899999999,286.2262535714286,-1.0,-0.005,3,SL,False
GOOGL,S3,long,RISK_ON,1,2015-11-17 00:00:00+00:00,2015-12-09 00:00:00+00:00,746.7259799999999,762.55,0.9723410143542738,0.004861705071771369,15,EMA_TRAIL,True
ORLY,S3,long,RISK_ON,1,2015-11-17 00:00:00+00:00,2015-12-03 00:00:00+00:00,266.96669999999995,255.70480357142856,-1.0,-0.005,11,SL,False
SBUX,S3,long,RISK_ON,1,2015-11-18 00:00:00+00:00,2015-12-03 00:00:00+00:00,61.86179999999999,59.73730357142857,-1.0,-0.005,10,SL,False
CLX,S3,long,RISK_ON,1,2015-11-18 00:00:00+00:00,2015-12-18 00:00:00+00:00,123.71359,127.05,1.0196296725910126,0.005098148362955063,21,EMA_TRAIL,True
WM,S3,long,RISK_ON,1,2015-11-18 00:00:00+00:00,2015-12-03 00:00:00+00:00,53.633579999999995,52.07130357142857,-1.0,-0.005,10,SL,False
AZO,S3,long,RISK_ON,1,2015-11-19 00:00:00+00:00,2015-12-03 00:00:00+00:00,779.8390599999999,762.8965357142857,-1.0,-0.005,9,SL,False
EXPE,S1,long,RISK_ON,1,2015-11-19 00:00:00+00:00,2015-11-23 00:00:00+00:00,128.21809,124.92,-0.3730010269123402,-0.001865005134561701,2,SMA50_BREAK,False
UAL,S3,long,RISK_ON,1,2015-11-20 00:00:00+00:00,2015-11-24 00:00:00+00:00,58.868809999999996,57.08160714285714,-1.0,-0.005,2,SL,False
KLAC,S3,long,RISK_ON,1,2015-11-23 00:00:00+00:00,2015-12-03 00:00:00+00:00,66.72666,66.72666,0.3509353341070046,0.001754676670535023,7,STOP_AFTER_TP1,True
NDAQ,S3,long,RISK_ON,1,2015-11-24 00:00:00+00:00,2015-12-03 00:00:00+00:00,58.548489999999994,57.45966785714286,-1.0,-0.005,6,SL,False
FISV,S3,long,RISK_ON,1,2015-11-25 00:00:00+00:00,2015-12-03 00:00:00+00:00,95.51541999999999,95.51541999999999,0.4476829428008712,0.002238414714004356,5,STOP_AFTER_TP1,True
EQIX,S3,long,RISK_ON,1,2015-11-25 00:00:00+00:00,2015-12-11 00:00:00+00:00,295.42512999999997,288.3594642857143,-1.0,-0.005,11,SL,False
AIZ,S3,long,RISK_ON,1,2015-11-25 00:00:00+00:00,2015-12-03 00:00:00+00:00,84.89480999999999,83.91574642857142,-1.0,-0.005,5,SL,False
ALK,S3,long,RISK_ON,1,2015-11-27 00:00:00+00:00,2015-12-17 00:00:00+00:00,79.83976,81.13,0.9501029951033604,0.004750514975516802,14,EMA_TRAIL,True
AEE,S2,long,RISK_ON,1,2015-11-30 00:00:00+00:00,2015-12-02 00:00:00+00:00,43.80375999999999,42.83,-0.6689999430748589,-0.0033449997153742945,2,SMA50_BREAK,False
COST,S3,long,RISK_ON,1,2015-12-01 00:00:00+00:00,2015-12-09 00:00:00+00:00,161.45128999999997,161.45128999999997,0.5181033628832525,0.002590516814416263,6,STOP_AFTER_TP1,True
NSC,S3,long,RISK_ON,1,2015-12-01 00:00:00+00:00,2015-12-02 00:00:00+00:00,94.90481,92.53214285714286,-1.0,-0.005,1,SL,False
GE,S3,long,RISK_ON,1,2015-12-01 00:00:00+00:00,2015-12-18 00:00:00+00:00,30.20017,30.28,0.5182474295935541,0.0025912371479677706,13,EMA_TRAIL,True
AOS,S3,long,RISK_ON,1,2015-12-02 00:00:00+00:00,2015-12-03 00:00:00+00:00,39.784744999999994,39.18567142857143,-1.0,-0.005,1,SL,False
URI,S3,long,RISK_ON,1,2015-12-02 00:00:00+00:00,2015-12-04 00:00:00+00:00,76.28620999999998,74.52454642857143,-1.0,-0.005,2,SL,False
GM,S3,long,RISK_ON,1,2015-12-02 00:00:00+00:00,2015-12-03 00:00:00+00:00,35.76572999999999,35.294821428571424,-1.0,-0.005,1,SL,False
CRM,S3,long,RISK_ON,1,2015-12-02 00:00:00+00:00,2015-12-11 00:00:00+00:00,80.96087999999999,78.63143571428571,-1.0,-0.005,7,SL,False
FB,S3,long,RISK_ON,1,2015-12-02 00:00:00+00:00,2015-12-03 00:00:00+00:00,106.17606999999998,103.36471785714286,-1.0,-0.005,1,SL,False
DHI,S3,long,RISK_ON,1,2015-12-02 00:00:00+00:00,2015-12-03 00:00:00+00:00,32.34231,31.752310714285716,-1.0,-0.005,1,SL,False
VLO,S3,long,RISK_ON,1,2015-12-02 00:00:00+00:00,2015-12-03 00:00:00+00:00,71.76168999999999,70.46680357142857,-1.0,-0.005,1,SL,False
DHR,S3,long,RISK_ON,1,2015-12-02 00:00:00+00:00,2015-12-03 00:00:00+00:00,96.07597999999999,95.27132142857143,-1.0,-0.005,1,SL,False
HII,S3,long,RISK_ON,1,2015-12-02 00:00:00+00:00,2015-12-03 00:00:00+00:00,131.34121,128.98268928571426,-1.0,-0.005,1,SL,False
NSC,S3,long,RISK_ON,1,2015-12-02 00:00:00+00:00,2015-12-04 00:00:00+00:00,92.24215,90.2925,-1.0,-0.005,2,SL,False
AVY,S3,long,RISK_ON,1,2015-12-02 00:00:00+00:00,2015-12-03 00:00:00+00:00,65.37531,64.64789285714285,-1.0,-0.005,1,SL,False
GPN,S3,long,RISK_ON,1,2015-12-04 00:00:00+00:00,2015-12-11 00:00:00+00:00,70.46038999999999,70.46038999999999,0.3735309313962115,0.0018676546569810577,5,STOP_AFTER_TP1,True
FB,S3,long,RISK_ON,1,2015-12-04 00:00:00+00:00,2015-12-11 00:00:00+00:00,106.28618,102.16793214285714,-1.0,-0.005,5,SL,False
COL,S3,long,RISK_ON,1,2015-12-04 00:00:00+00:00,2015-12-14 00:00:00+00:00,91.90181,88.85031785714285,-1.0,-0.005,6,SL,False
GT,S3,long,RISK_ON,1,2015-12-07 00:00:00+00:00,2015-12-08 00:00:00+00:00,34.37434,33.833035714285714,-1.0,-0.005,1,SL,False
ADSK,S3,long,RISK_ON,1,2015-12-07 00:00:00+00:00,2015-12-11 00:00:00+00:00,63.81374999999999,62.59446428571428,-1.0,-0.005,4,SL,False
NSC,S3,long,RISK_ON,1,2015-12-07 00:00:00+00:00,2015-12-17 00:00:00+00:00,91.61151999999998,85.06,-0.9730020108993381,-0.0048650100544966905,8,SMA50_BREAK,False
MAS,S3,long,RISK_ON,1,2015-12-07 00:00:00+00:00,2015-12-09 00:00:00+00:00,29.969939999999998,29.22125,-1.0,-0.005,2,SL,False
PAYX,S3,long,RISK_ON,1,2015-12-07 00:00:00+00:00,2015-12-11 00:00:00+00:00,53.563509999999994,52.38230357142857,-1.0,-0.005,4,SL,False
NDAQ,S3,long,RISK_ON,1,2015-12-07 00:00:00+00:00,2015-12-09 00:00:00+00:00,58.33828,56.39214642857143,-1.0,-0.005,2,SL,False
CLX,S3,long,RISK_ON,1,2015-12-29 00:00:00+00:00,2016-01-04 00:00:00+00:00,129.13900999999998,126.46017857142857,-1.0,-0.005,3,SL,False
STZ,S5,long,DEFENSIVE,1,2016-02-08 00:00:00+00:00,2016-02-09 00:00:00+00:00,135.08494999999996,136.09,0.2070155202422363,0.0010350776012111814,1,SMA50_BREAK,False
CMS,S3,long,RISK_ON,1,2016-02-22 00:00:00+00:00,2016-02-26 00:00:00+00:00,39.71968,39.71968,0.32207454375482947,0.0016103727187741473,4,STOP_AFTER_TP1,True
O,S3,long,RISK_ON,1,2016-02-22 00:00:00+00:00,2016-02-26 00:00:00+00:00,59.77971999999999,58.73200357142857,-1.0,-0.005,4,SL,False
KIM,S3,long,RISK_ON,1,2016-02-22 00:00:00+00:00,2016-04-07 00:00:00+00:00,27.09707,28.09,1.1616902970505123,0.005808451485252561,32,EMA_TRAIL,True
HRL,S3,long,RISK_ON,1,2016-02-22 00:00:00+00:00,2016-04-05 00:00:00+00:00,43.073029999999996,42.24,-0.6360769504311948,-0.0031803847521559743,30,SMA50_BREAK,False
REG,S3,long,RISK_ON,1,2016-02-22 00:00:00+00:00,2016-03-23 00:00:00+00:00,70.56048999999999,73.19,1.906792101573137,0.009533960507865686,22,EMA_TRAIL,True
SNI,S1,long,DEFENSIVE,1,2016-02-23 00:00:00+00:00,2016-04-11 00:00:00+00:00,58.09803999999999,64.82,1.3297141682089268,0.0066485708410446345,33,EMA_TRAIL,True
K,S3,long,RISK_ON,1,2016-02-24 00:00:00+00:00,2016-03-22 00:00:00+00:00,73.98391,74.43,0.896300616448706,0.00448150308224353,19,EMA_TRAIL,True
RMD,S3,long,RISK_ON,1,2016-02-24 00:00:00+00:00,2016-03-16 00:00:00+00:00,57.847789999999996,57.847789999999996,0.4138752214217416,0.002069376107108708,15,STOP_AFTER_TP1,True
MAT,S3,long,RISK_ON,1,2016-02-24 00:00:00+00:00,2016-04-06 00:00:00+00:00,32.35232,32.35232,0.4400763805776902,0.002200381902888451,29,STOP_AFTER_TP1,True
PG,S3,long,RISK_ON,1,2016-02-24 00:00:00+00:00,2016-03-11 00:00:00+00:00,81.64156,81.64156,0.2779355138913979,0.0013896775694569896,12,STOP_AFTER_TP1,True
NI,S3,long,RISK_ON,1,2016-02-24 00:00:00+00:00,2016-03-02 00:00:00+00:00,21.771749999999997,21.358214285714286,-1.0,-0.005,5,SL,False
CPB,S3,long,RISK_ON,1,2016-02-24 00:00:00+00:00,2016-03-02 00:00:00+00:00,60.590529999999994,60.590529999999994,0.27137015897549555,0.0013568507948774778,5,STOP_AFTER_TP1,True
SO,S3,long,RISK_ON,1,2016-02-24 00:00:00+00:00,2016-02-26 00:00:00+00:00,49.02897999999999,48.14571428571429,-1.0,-0.005,2,SL,False
MO,S3,long,RISK_ON,1,2016-02-26 00:00:00+00:00,2016-03-07 00:00:00+00:00,61.60153999999999,61.60153999999999,0.34118893904827363,0.0017059446952413682,6,STOP_AFTER_TP1,True
RTN,S3,long,RISK_ON,1,2016-02-26 00:00:00+00:00,2016-03-07 00:00:00+00:00,124.60448,122.5,-0.8979259703090094,-0.004489629851545047,6,SMA50_BREAK,False
SCG,S3,long,RISK_ON,1,2016-02-26 00:00:00+00:00,2016-03-01 00:00:00+00:00,64.88481999999999,64.18771785714286,-1.0,-0.005,2,SL,False
ES,S3,long,RISK_ON,1,2016-02-26 00:00:00+00:00,2016-02-29 00:00:00+00:00,54.824769999999994,54.20250357142857,-1.0,-0.005,1,SL,False
WEC,S3,long,RISK_ON,1,2016-02-26 00:00:00+00:00,2016-03-02 00:00:00+00:00,56.49643999999999,55.55517857142857,-1.0,-0.005,3,SL,False
LNT,S3,long,RISK_ON,1,2016-02-26 00:00:00+00:00,2016-03-02 00:00:00+00:00,34.089054999999995,33.647828571428576,-1.0,-0.005,3,SL,False
PM,S3,long,RISK_ON,1,2016-02-26 00:00:00+00:00,2016-04-19 00:00:00+00:00,91.54145,99.28,4.873260524468555,0.024366302622342774,36,EMA_TRAIL,True
KMB,S3,long,RISK_ON,1,2016-02-26 00:00:00+00:00,2016-03-02 00:00:00+00:00,131.4313,129.36,-1.0,-0.005,3,SL,False
NEM,S3,long,RISK_ON,1,2016-02-26 00:00:00+00:00,2016-03-02 00:00:00+00:00,25.375349999999997,25.375349999999997,0.3296042019934673,0.0016480210099673366,3,STOP_AFTER_TP1,True
XLNX,S3,long,RISK_ON,1,2016-02-26 00:00:00+00:00,2016-03-07 00:00:00+00:00,48.43839,46.67053571428571,-1.0,-0.005,6,SL,False
CMS,S3,long,RISK_ON,1,2016-02-26 00:00:00+00:00,2016-03-02 00:00:00+00:00,39.5395,39.01607142857143,-1.0,-0.005,3,SL,False
O,S3,long,RISK_ON,1,2016-02-26 00:00:00+00:00,2016-03-07 00:00:00+00:00,58.688629999999996,57.78914642857143,-1.0,-0.005,6,SL,False
SJM,S3,long,RISK_ON,1,2016-02-26 00:00:00+00:00,2016-03-22 00:00:00+00:00,127.79766999999998,127.79766999999998,0.3124596031056482,0.001562298015528241,17,STOP_AFTER_TP1,True
CB,S3,long,RISK_ON,1,2016-02-29 00:00:00+00:00,2016-03-15 00:00:00+00:00,115.64553,115.64553,1.089015159904745,0.005445075799523726,11,STOP_AFTER_TP1,True
EL,S3,long,RISK_ON,1,2016-02-29 00:00:00+00:00,2016-04-21 00:00:00+00:00,91.42132999999998,93.89,2.0754232683544904,0.010377116341772453,37,EMA_TRAIL,True
NDAQ,S3,long,RISK_ON,1,2016-02-29 00:00:00+00:00,2016-03-10 00:00:00+00:00,63.353289999999994,63.353289999999994,0.4354087500031181,0.0021770437500155905,8,STOP_AFTER_TP1,True
XYL,S3,long,RISK_ON,1,2016-02-29 00:00:00+00:00,2016-05-04 00:00:00+00:00,37.44740999999999,41.25,6.690275764331482,0.03345137882165741,46,EMA_TRAIL,True
AEP,S3,long,RISK_ON,1,2016-02-29 00:00:00+00:00,2016-03-02 00:00:00+00:00,61.811749999999996,60.78489642857143,-1.0,-0.005,2,SL,False
VZ,S3,long,RISK_ON,1,2016-02-29 00:00:00+00:00,2016-04-07 00:00:00+00:00,50.78072999999999,52.0,2.1499518981039585,0.010749759490519793,27,EMA_TRAIL,True
HII,S3,long,RISK_ON,1,2016-02-29 00:00:00+00:00,2016-06-27 00:00:00+00:00,131.19106,159.1,9.08861897348384,0.0454430948674192,83,EMA_TRAIL,True
HSIC,S3,long,RISK_ON,1,2016-02-29 00:00:00+00:00,2016-03-08 00:00:00+00:00,82.80772499999999,82.80772499999999,0.6835663482941873,0.0034178317414709364,6,STOP_AFTER_TP1,True
EW,S3,long,RISK_ON,1,2016-02-29 00:00:00+00:00,2016-03-08 00:00:00+00:00,87.08699999999999,85.55464285714285,-1.0,-0.005,6,SL,False
ETR,S3,long,RISK_ON,1,2016-02-29 00:00:00+00:00,2016-03-02 00:00:00+00:00,72.28220999999999,70.67754285714285,-1.0,-0.005,2,SL,False
AEE,S3,long,RISK_ON,1,2016-03-01 00:00:00+00:00,2016-03-02 00:00:00+00:00,46.976929999999996,45.78264285714286,-1.0,-0.005,1,SL,False
AWK,S3,long,RISK_ON,1,2016-03-01 00:00:00+00:00,2016-03-21 00:00:00+00:00,65.36529999999999,67.55,1.768733837060732,0.00884366918530366,14,EMA_TRAIL,True
WMT,S3,long,RISK_ON,1,2016-03-01 00:00:00+00:00,2016-03-03 00:00:00+00:00,66.52645999999999,65.30517857142857,-1.0,-0.005,2,SL,False
CHD,S3,long,RISK_ON,1,2016-03-01 00:00:00+00:00,2016-03-10 00:00:00+00:00,45.535489999999996,44.86589285714285,-1.0,-0.005,7,SL,False
PCG,S3,long,RISK_ON,1,2016-03-01 00:00:00+00:00,2016-03-02 00:00:00+00:00,56.266209999999994,55.331517857142856,-1.0,-0.005,1,SL,False
PEG,S3,long,RISK_ON,1,2016-03-01 00:00:00+00:00,2016-03-02 00:00:00+00:00,42.66261999999999,41.946875,-1.0,-0.005,1,SL,False
CMS,S3,long,RISK_ON,1,2016-03-02 00:00:00+00:00,2016-04-07 00:00:00+00:00,39.48945,41.57,1.1867273819334885,0.005933636909667443,25,EMA_TRAIL,True
PCG,S3,long,RISK_ON,1,2016-03-02 00:00:00+00:00,2016-04-05 00:00:00+00:00,56.28622999999999,58.23,0.9292501157478983,0.004646250578739491,23,EMA_TRAIL,True
PNW,S3,long,RISK_ON,1,2016-03-02 00:00:00+00:00,2016-04-20 00:00:00+00:00,68.55848999999999,72.91,1.289505533227656,0.00644752766613828,34,EMA_TRAIL,True
EIX,S3,long,RISK_ON,1,2016-03-02 00:00:00+00:00,2016-04-05 00:00:00+00:00,67.03697,70.44,1.3463306299332358,0.006731653149666179,23,EMA_TRAIL,True
CA,S3,long,RISK_ON,1,2016-03-02 00:00:00+00:00,2016-03-10 00:00:00+00:00,29.639609999999998,29.639609999999998,0.3807073513773139,0.0019035367568865694,6,STOP_AFTER_TP1,True
GRMN,S3,long,RISK_ON,1,2016-03-03 00:00:00+00:00,2016-03-08 00:00:00+00:00,40.98093999999999,39.627539285714285,-1.0,-0.005,3,SL,False
WMT,S3,long,RISK_ON,1,2016-03-03 00:00:00+00:00,2016-03-18 00:00:00+00:00,66.20613999999999,66.95,0.573788539513884,0.00286894269756942,11,EMA_TRAIL,True
ES,S3,long,RISK_ON,1,2016-03-03 00:00:00+00:00,2016-04-05 00:00:00+00:00,54.68463,57.08,0.9017551975201109,0.004508775987600555,22,EMA_TRAIL,True
BAX,S3,long,RISK_ON,1,2016-03-03 00:00:00+00:00,2016-03-17 00:00:00+00:00,39.36932999999999,39.36932999999999,0.5022507213155192,0.002511253606577596,10,STOP_AFTER_TP1,True
NEM,S3,long,RISK_ON,1,2016-03-04 00:00:00+00:00,2016-03-08 00:00:00+00:00,26.136109999999995,25.452282142857143,-1.0,-0.005,2,SL,False
CPB,S3,long,RISK_ON,1,2016-03-04 00:00:00+00:00,2016-04-13 00:00:00+00:00,62.01195,62.81,0.6820330454556465,0.0034101652272782324,27,EMA_TRAIL,True
TSN,S3,long,RISK_ON,1,2016-03-04 00:00:00+00:00,2016-04-13 00:00:00+00:00,65.02496,65.63,0.7339617191793619,0.00366980859589681,27,EMA_TRAIL,True
PPL,S3,long,RISK_ON,1,2016-03-04 00:00:00+00:00,2016-04-11 00:00:00+00:00,35.70567,37.19,0.9819694508814387,0.004909847254407193,25,EMA_TRAIL,True
AEE,S3,long,RISK_ON,1,2016-03-07 00:00:00+00:00,2016-04-08 00:00:00+00:00,47.17713,48.78,1.1883556587532338,0.005941778293766169,23,EMA_TRAIL,True
MKC,S3,long,RISK_ON,1,2016-03-07 00:00:00+00:00,2016-03-10 00:00:00+00:00,93.37328,93.37328,0.2916951331105741,0.0014584756655528705,3,STOP_AFTER_TP1,True
ETN,S3,long,RISK_ON,1,2016-03-08 00:00:00+00:00,2016-04-05 00:00:00+00:00,57.92786999999999,60.39,2.336652882814884,0.01168326441407442,19,EMA_TRAIL,True
CI,S3,long,RISK_ON,1,2016-03-08 00:00:00+00:00,2016-03-16 00:00:00+00:00,140.05991999999998,140.05991999999998,0.2978795778029373,0.0014893978890146865,6,STOP_AFTER_TP1,True
ROST,S3,long,RISK_ON,1,2016-03-08 00:00:00+00:00,2016-03-09 00:00:00+00:00,57.43738,56.51222142857143,-1.0,-0.005,1,SL,False
DG,S3,long,RISK_ON,1,2016-03-08 00:00:00+00:00,2016-04-08 00:00:00+00:00,74.31423999999998,82.31,4.056217322359177,0.020281086611795885,22,EMA_TRAIL,True
TPR,S3,long,RISK_ON,1,2016-03-08 00:00:00+00:00,2016-03-15 00:00:00+00:00,38.498459999999994,38.498459999999994,0.5753156795810866,0.0028765783979054333,5,STOP_AFTER_TP1,True
SHW,S3,long,RISK_ON,1,2016-03-08 00:00:00+00:00,2016-03-21 00:00:00+00:00,276.46619,276.46619,0.31892139810453124,0.0015946069905226562,9,STOP_AFTER_TP1,True
O,S3,long,RISK_ON,1,2016-03-08 00:00:00+00:00,2016-04-20 00:00:00+00:00,58.69864,61.56,1.5594385776504986,0.007797192888252494,30,EMA_TRAIL,True
ALL,S3,long,RISK_ON,1,2016-03-08 00:00:00+00:00,2016-03-10 00:00:00+00:00,64.64457999999999,64.13607142857143,-1.0,-0.005,2,SL,False
OMC,S3,long,RISK_ON,1,2016-03-08 00:00:00+00:00,2016-03-14 00:00:00+00:00,77.93785999999999,77.93785999999999,0.37936278654642386,0.0018968139327321194,4,STOP_AFTER_TP1,True
VRSN,S3,long,RISK_ON,1,2016-03-08 00:00:00+00:00,2016-04-12 00:00:00+00:00,87.19711,88.61,1.0001336041555366,0.005000668020777683,24,EMA_TRAIL,True
GRMN,S3,long,RISK_ON,1,2016-03-08 00:00:00+00:00,2016-03-15 00:00:00+00:00,39.409369999999996,38.809182142857146,-1.0,-0.005,5,SL,False
BDX,S3,long,RISK_ON,1,2016-03-08 00:00:00+00:00,2016-03-17 00:00:00+00:00,147.33719,147.33719,0.6920398935570465,0.0034601994677852326,7,STOP_AFTER_TP1,True
WYNN,S3,long,RISK_ON,1,2016-03-08 00:00:00+00:00,2016-04-06 00:00:00+00:00,80.35026999999998,89.55,4.420036946559615,0.022100184732798078,20,EMA_TRAIL,True
FLIR,S3,long,RISK_ON,1,2016-03-08 00:00:00+00:00,2016-03-10 00:00:00+00:00,31.601569999999995,31.034467857142857,-1.0,-0.005,2,SL,False
ISRG,S3,long,RISK_ON,1,2016-03-08 00:00:00+00:00,2016-03-17 00:00:00+00:00,189.1420531,189.1420531,0.402514198731649,0.002012570993658245,7,STOP_AFTER_TP1,True
NEM,S3,long,RISK_ON,1,2016-03-08 00:00:00+00:00,2016-03-23 00:00:00+00:00,25.915889999999997,25.915889999999997,0.5883507227150013,0.002941753613575007,11,STOP_AFTER_TP1,True
KORS,S3,long,RISK_ON,1,2016-03-08 00:00:00+00:00,2016-03-10 00:00:00+00:00,56.806749999999994,56.806749999999994,0.3002077282994549,0.0015010386414972747,2,STOP_AFTER_TP1,True
MSI,S3,long,RISK_ON,1,2016-03-08 00:00:00+00:00,2016-05-03 00:00:00+00:00,71.17109999999998,74.96,2.507213043140491,0.012536065215702455,39,EMA_TRAIL,True
NVDA,S3,long,RISK_ON,1,2016-03-09 00:00:00+00:00,2016-04-29 00:00:00+00:00,31.761729999999996,35.53,3.3522956631706737,0.016761478315853368,36,EMA_TRAIL,True
ITW,S3,long,RISK_ON,1,2016-03-09 00:00:00+00:00,2016-03-15 00:00:00+00:00,96.97687999999998,96.97687999999998,0.29604863029025535,0.0014802431514512769,4,STOP_AFTER_TP1,True
EW,S3,long,RISK_ON,1,2016-03-09 00:00:00+00:00,2016-05-04 00:00:00+00:00,85.83574999999999,103.8,6.722042518563783,0.03361021259281892,39,EMA_TRAIL,True
T,S3,long,RISK_ON,1,2016-03-09 00:00:00+00:00,2016-04-06 00:00:00+00:00,38.017979999999994,38.64,1.2944604907356798,0.0064723024536784,19,EMA_TRAIL,True
ROST,S3,long,RISK_ON,1,2016-03-09 00:00:00+00:00,2016-03-24 00:00:00+00:00,56.636579999999995,57.41,1.302109376636902,0.006510546883184511,11,EMA_TRAIL,True
UNH,S3,long,RISK_ON,1,2016-03-09 00:00:00+00:00,2016-04-08 00:00:00+00:00,121.22109999999998,125.68,1.8743063412532095,0.009371531706266048,21,EMA_TRAIL,True
CHD,S3,long,RISK_ON,1,2016-03-10 00:00:00+00:00,2016-04-21 00:00:00+00:00,45.19514999999999,45.65,0.8031152699661157,0.0040155763498305784,29,SMA50_BREAK,True
GLW,S3,long,RISK_ON,1,2016-03-10 00:00:00+00:00,2016-04-26 00:00:00+00:00,19.019,19.22,0.7569670195326657,0.0037848350976633282,32,SMA50_BREAK,True
PSA,S3,long,RISK_ON,1,2016-03-10 00:00:00+00:00,2016-04-14 00:00:00+00:00,250.24999999999997,267.15,2.9373542062020617,0.014686771031010308,24,EMA_TRAIL,True
MTD,S3,long,RISK_ON,1,2016-03-10 00:00:00+00:00,2016-03-15 00:00:00+00:00,329.61929,329.61929,0.34908038445660317,0.001745401922283016,3,STOP_AFTER_TP1,True
CBS,S3,long,RISK_ON,1,2016-03-10 00:00:00+00:00,2016-03-15 00:00:00+00:00,51.831779999999995,51.831779999999995,0.2799348403550893,0.0013996742017754467,3,STOP_AFTER_TP1,True
FLIR,S3,long,RISK_ON,1,2016-03-10 00:00:00+00:00,2016-04-05 00:00:00+00:00,31.411379999999994,32.4,1.2953135747353892,0.006476567873676946,17,EMA_TRAIL,True
XEL,S3,long,RISK_ON,1,2016-03-11 00:00:00+00:00,2016-04-05 00:00:00+00:00,40.42038,40.95,1.0712716141645584,0.005356358070822792,16,EMA_TRAIL,True
AGN,S3,long,RISK_ON,1,2016-03-14 00:00:00+00:00,2016-03-15 00:00:00+00:00,293.31301999999994,286.89971785714283,-1.0,-0.005,1,SL,False
RSG,S3,long,RISK_ON,1,2016-03-14 00:00:00+00:00,2016-04-04 00:00:00+00:00,47.05700999999999,47.05700999999999,0.28506495462099823,0.0014253247731049912,14,STOP_AFTER_TP1,True
PEG,S3,long,RISK_ON,1,2016-03-14 00:00:00+00:00,2016-04-11 00:00:00+00:00,44.65460999999999,45.63,1.0630260874931532,0.005315130437465766,19,EMA_TRAIL,True
GWW,S3,long,RISK_ON,1,2016-03-14 00:00:00+00:00,2016-04-19 00:00:00+00:00,217.64742999999999,230.26,2.014511914682975,0.010072559573414875,25,EMA_TRAIL,True
KORS,S3,long,RISK_ON,1,2016-03-15 00:00:00+00:00,2016-03-16 00:00:00+00:00,57.347289999999994,55.98653571428571,-1.0,-0.005,1,SL,False
TPR,S3,long,RISK_ON,1,2016-03-15 00:00:00+00:00,2016-04-08 00:00:00+00:00,38.89885999999999,38.89885999999999,0.41591515714717975,0.002079575785735899,17,STOP_AFTER_TP1,True
CTL,S3,long,RISK_ON,1,2016-03-15 00:00:00+00:00,2016-03-17 00:00:00+00:00,31.351319999999998,31.351319999999998,0.35599550624529713,0.0017799775312264856,2,STOP_AFTER_TP1,True
FE,S3,long,RISK_ON,1,2016-03-15 00:00:00+00:00,2016-03-31 00:00:00+00:00,35.62559,35.62559,0.33631366049329814,0.0016815683024664907,11,STOP_AFTER_TP1,True
HSIC,S3,long,RISK_ON,1,2016-03-15 00:00:00+00:00,2016-03-17 00:00:00+00:00,83.87379,82.46446428571429,-1.0,-0.005,2,SL,False
MDT,S3,long,RISK_ON,1,2016-03-15 00:00:00+00:00,2016-03-17 00:00:00+00:00,76.92684999999999,75.69338928571429,-1.0,-0.005,2,SL,False
NEE,S3,long,RISK_ON,1,2016-03-15 00:00:00+00:00,2016-04-05 00:00:00+00:00,115.71559999999998,116.35,0.5696511479423025,0.0028482557397115126,14,EMA_TRAIL,True
GRMN,S3,long,RISK_ON,1,2016-03-16 00:00:00+00:00,2016-05-04 00:00:00+00:00,39.38935,41.28,1.8688665065250667,0.009344332532625333,34,EMA_TRAIL,True
CI,S3,long,RISK_ON,1,2016-03-16 00:00:00+00:00,2016-03-17 00:00:00+00:00,142.09194999999997,138.47285714285715,-1.0,-0.005,1,SL,False
KORS,S3,long,RISK_ON,1,2016-03-17 00:00:00+00:00,2016-04-07 00:00:00+00:00,56.84678999999999,54.538250000000005,-1.0,-0.005,14,SL,False
BAX,S3,long,RISK_ON,1,2016-03-17 00:00:00+00:00,2016-05-19 00:00:00+00:00,39.759719999999994,43.16,3.149968748851093,0.015749843744255466,44,EMA_TRAIL,True
SYY,S2,long,RISK_ON,1,2016-03-18 00:00:00+00:00,2016-08-26 00:00:00+00:00,46.676629999999996,52.12,4.061918412108982,0.02030959206054491,112,EMA_TRAIL,True
MCD,S2,long,RISK_ON,1,2016-03-18 00:00:00+00:00,2016-05-18 00:00:00+00:00,124.20407999999999,126.21,0.6921505411061502,0.0034607527055307507,42,SMA50_BREAK,False
DLR,S3,long,RISK_ON,1,2016-03-21 00:00:00+00:00,2016-04-14 00:00:00+00:00,86.55646999999999,87.63,1.0228368821073848,0.005114184410536924,17,EMA_TRAIL,True
NI,S3,long,RISK_ON,1,2016-03-21 00:00:00+00:00,2016-04-20 00:00:00+00:00,22.912889999999997,23.07,0.5063769314543267,0.0025318846572716337,21,EMA_TRAIL,True
HSIC,S3,long,RISK_ON,1,2016-03-21 00:00:00+00:00,2016-04-07 00:00:00+00:00,83.66358,84.3,0.6212913225223411,0.0031064566126117053,12,EMA_TRAIL,True
ED,S3,long,RISK_ON,1,2016-03-21 00:00:00+00:00,2016-04-13 00:00:00+00:00,74.82475,74.82475,0.32587024752122523,0.0016293512376061262,16,STOP_AFTER_TP1,True
ABBV,S3,long,RISK_ON,1,2016-03-21 00:00:00+00:00,2016-05-17 00:00:00+00:00,56.06600999999999,60.25,1.6938649550025722,0.008469324775012861,40,EMA_TRAIL,True
WEC,S3,long,RISK_ON,1,2016-03-22 00:00:00+00:00,2016-04-11 00:00:00+00:00,58.29823999999999,58.73,0.7594544940380868,0.0037972724701904343,13,EMA_TRAIL,True
SO,S3,long,RISK_ON,1,2016-03-22 00:00:00+00:00,2016-04-06 00:00:00+00:00,50.32027,50.32027,0.41754207539973553,0.002087710376998678,10,STOP_AFTER_TP1,True
CBS,S3,long,RISK_ON,1,2016-03-22 00:00:00+00:00,2016-04-05 00:00:00+00:00,53.91385999999999,53.91385999999999,0.2838329994112653,0.0014191649970563265,9,STOP_AFTER_TP1,True
MAA,S3,long,RISK_ON,1,2016-03-22 00:00:00+00:00,2016-04-13 00:00:00+00:00,99.52942999999999,99.52942999999999,0.45957624756063975,0.002297881237803199,15,STOP_AFTER_TP1,True
TGT,S3,long,RISK_ON,1,2016-03-22 00:00:00+00:00,2016-03-31 00:00:00+00:00,81.7817,81.03089285714286,-1.0,-0.005,6,SL,False
CTL,S3,long,RISK_ON,1,2016-03-22 00:00:00+00:00,2016-03-23 00:00:00+00:00,31.651619999999998,31.16391785714286,-1.0,-0.005,1,SL,False
AWK,S3,long,RISK_ON,1,2016-03-22 00:00:00+00:00,2016-04-21 00:00:00+00:00,67.67760999999999,68.26,1.3157539249622807,0.006578769624811404,21,EMA_TRAIL,True
CTL,S3,long,RISK_ON,1,2016-03-23 00:00:00+00:00,2016-04-21 00:00:00+00:00,31.051019999999998,31.39,1.1398890022368116,0.005699445011184058,20,EMA_TRAIL,True
CINF,S3,long,RISK_ON,1,2016-03-23 00:00:00+00:00,2016-04-04 00:00:00+00:00,65.15509,65.15509,0.39610851398710234,0.0019805425699355116,7,STOP_AFTER_TP1,True
KO,S3,long,RISK_ON,1,2016-03-23 00:00:00+00:00,2016-04-13 00:00:00+00:00,45.50546,46.04,1.206696917906385,0.0060334845895319246,14,EMA_TRAIL,True
RE,S3,long,RISK_ON,1,2016-03-23 00:00:00+00:00,2016-03-24 00:00:00+00:00,193.52333,190.869325,-1.0,-0.005,1,SL,False
WMT,S3,long,RISK_ON,1,2016-03-23 00:00:00+00:00,2016-04-08 00:00:00+00:00,67.52745999999999,68.06,1.170421834742704,0.0058521091737135204,11,EMA_TRAIL,True
BDX,S3,long,RISK_ON,1,2016-03-23 00:00:00+00:00,2016-06-15 00:00:00+00:00,149.38924,166.76,5.8839002777135505,0.02941950138856775,58,EMA_TRAIL,True
CA,S3,long,RISK_ON,1,2016-03-23 00:00:00+00:00,2016-04-06 00:00:00+00:00,30.630599999999998,30.18303571428571,-1.0,-0.005,9,SL,False
K,S3,long,RISK_ON,1,2016-03-23 00:00:00+00:00,2016-04-14 00:00:00+00:00,75.11504,76.46,0.9836448347298442,0.004918224173649221,15,EMA_TRAIL,True
ALL,S3,long,RISK_ON,1,2016-03-23 00:00:00+00:00,2016-03-24 00:00:00+00:00,66.72666,66.05178571428571,-1.0,-0.005,1,SL,False
BSX,S3,long,RISK_ON,1,2016-03-24 00:00:00+00:00,2016-06-17 00:00:00+00:00,17.94793,22.49,8.726820831092592,0.04363410415546296,59,EMA_TRAIL,True
FAST,S3,long,RISK_ON,1,2016-03-24 00:00:00+00:00,2016-04-01 00:00:00+00:00,48.948899999999995,47.92536428571429,-1.0,-0.005,5,SL,False
ISRG,S3,long,RISK_ON,1,2016-03-24 00:00:00+00:00,2016-05-03 00:00:00+00:00,194.63093649999996,206.2098,1.8460435965567035,0.009230217982783518,27,EMA_TRAIL,True
KMB,S3,long,RISK_ON,1,2016-03-24 00:00:00+00:00,2016-04-20 00:00:00+00:00,133.68355,135.65,1.2430122474972984,0.006215061237486492,18,EMA_TRAIL,True
SHW,S3,long,RISK_ON,1,2016-03-24 00:00:00+00:00,2016-04-28 00:00:00+00:00,281.63135,289.61,1.5661458852821915,0.007830729426410957,24,EMA_TRAIL,True
ALL,S3,long,RISK_ON,1,2016-03-24 00:00:00+00:00,2016-04-07 00:00:00+00:00,66.25618999999999,66.25618999999999,0.6396279140986993,0.0031981395704934966,9,STOP_AFTER_TP1,True
ROST,S3,long,RISK_ON,1,2016-03-28 00:00:00+00:00,2016-04-08 00:00:00+00:00,57.647589999999994,56.394828571428576,-1.0,-0.005,9,SL,False
DUK,S3,long,RISK_ON,1,2016-03-28 00:00:00+00:00,2016-04-06 00:00:00+00:00,79.55948,79.55948,0.33553061162807685,0.0016776530581403843,7,STOP_AFTER_TP1,True
AMAT,S3,long,RISK_ON,1,2016-03-28 00:00:00+00:00,2016-04-28 00:00:00+00:00,20.2202,20.81,0.8494317347508196,0.004247158673754098,23,EMA_TRAIL,True
REG,S3,long,RISK_ON,1,2016-03-28 00:00:00+00:00,2016-04-21 00:00:00+00:00,74.46439,72.5,-0.7925159344880569,-0.003962579672440285,18,SMA50_BREAK,False
NDAQ,S3,long,RISK_ON,1,2016-03-29 00:00:00+00:00,2016-04-08 00:00:00+00:00,65.63556999999999,63.65,-0.8582423339959941,-0.0042912116699799704,8,SMA50_BREAK,False
NEM,S3,long,RISK_ON,1,2016-03-30 00:00:00+00:00,2016-05-24 00:00:00+00:00,26.776749999999996,31.74,2.0763374961455505,0.010381687480727753,39,EMA_TRAIL,True
PG,S3,long,RISK_ON,1,2016-03-30 00:00:00+00:00,2016-04-14 00:00:00+00:00,82.76268,81.62421428571429,-1.0,-0.005,11,SL,False
WM,S3,long,RISK_ON,1,2016-03-31 00:00:00+00:00,2016-04-04 00:00:00+00:00,59.05899999999999,58.620532142857144,-1.0,-0.005,2,SL,False
AMD,S3,long,RISK_ON,1,2016-04-01 00:00:00+00:00,2016-04-07 00:00:00+00:00,2.83283,2.678392857142857,-1.0,-0.005,4,SL,False
PYPL,S3,long,RISK_ON,1,2016-04-01 00:00:00+00:00,2016-04-05 00:00:00+00:00,39.43939999999999,37.77750357142857,-1.0,-0.005,2,SL,False
COG,S3,long,RISK_ON,1,2016-04-01 00:00:00+00:00,2016-04-05 00:00:00+00:00,22.53251,22.53251,0.35535240736805124,0.0017767620368402562,2,STOP_AFTER_TP1,True
CNC,S3,long,RISK_ON,1,2016-04-01 00:00:00+00:00,2016-04-11 00:00:00+00:00,61.851789999999994,59.37685714285714,-1.0,-0.005,6,SL,False
FCX,S3,long,RISK_ON,1,2016-04-01 00:00:00+00:00,2016-04-06 00:00:00+00:00,9.89989,9.164935714285715,-1.0,-0.005,3,SL,False
JBHT,S3,long,RISK_ON,1,2016-04-01 00:00:00+00:00,2016-04-05 00:00:00+00:00,84.57448999999998,82.05357142857143,-1.0,-0.005,2,SL,False
FLR,S3,long,RISK_ON,1,2016-04-01 00:00:00+00:00,2016-04-06 00:00:00+00:00,53.563509999999994,51.566425,-1.0,-0.005,3,SL,False
TGT,S3,long,RISK_ON,1,2016-04-04 00:00:00+00:00,2016-04-07 00:00:00+00:00,82.38229999999999,81.15625,-1.0,-0.005,3,SL,False
NUE,S3,long,RISK_ON,1,2016-04-04 00:00:00+00:00,2016-05-03 00:00:00+00:00,46.726679999999995,48.73,2.917583053012157,0.014587915265060786,21,EMA_TRAIL,True
AES,S3,long,RISK_ON,1,2016-04-04 00:00:00+00:00,2016-04-05 00:00:00+00:00,11.371359999999997,11.171071428571429,-1.0,-0.005,1,SL,False
D,S3,long,RISK_ON,1,2016-04-04 00:00:00+00:00,2016-04-05 00:00:00+00:00,74.65458,73.72167857142858,-1.0,-0.005,1,SL,False
EMR,S3,long,RISK_ON,1,2016-04-04 00:00:00+00:00,2016-04-29 00:00:00+00:00,54.164109999999994,54.63,0.45359180194444504,0.002267959009722225,19,EMA_TRAIL,True
CNP,S3,long,RISK_ON,1,2016-04-04 00:00:00+00:00,2016-04-05 00:00:00+00:00,20.98096,20.526035714285715,-1.0,-0.005,1,SL,False
EXC,S3,long,RISK_ON,1,2016-04-04 00:00:00+00:00,2016-04-05 00:00:00+00:00,35.54550999999999,35.04732142857143,-1.0,-0.005,1,SL,False
IRM,S3,long,RISK_ON,1,2016-04-04 00:00:00+00:00,2016-05-18 00:00:00+00:00,32.75272,36.6,3.5393935753793317,0.01769696787689666,32,EMA_TRAIL,True
AEP,S3,long,RISK_ON,1,2016-04-05 00:00:00+00:00,2016-04-20 00:00:00+00:00,65.4654,64.88193928571428,-1.0,-0.005,11,SL,False
SCG,S3,long,RISK_ON,1,2016-04-05 00:00:00+00:00,2016-04-13 00:00:00+00:00,69.82976,69.02232142857143,-1.0,-0.005,6,SL,False
YUM,S3,long,RISK_ON,1,2016-04-05 00:00:00+00:00,2016-04-19 00:00:00+00:00,81.65156999999998,80.3100857142857,-1.0,-0.005,10,SL,False
INFO,S3,long,RISK_ON,1,2016-04-05 00:00:00+00:00,2016-05-03 00:00:00+00:00,34.354319999999994,34.64,0.4473970863483857,0.0022369854317419286,20,EMA_TRAIL,True
GGP,S3,long,RISK_ON,1,2016-04-05 00:00:00+00:00,2016-04-13 00:00:00+00:00,29.039009999999998,28.678392857142857,-1.0,-0.005,6,SL,False
CMI,S3,long,RISK_ON,1,2016-04-05 00:00:00+00:00,2016-04-06 00:00:00+00:00,108.12801999999998,105.33686071428572,-1.0,-0.005,1,SL,False
TJX,S3,long,RISK_ON,1,2016-04-05 00:00:00+00:00,2016-04-06 00:00:00+00:00,77.78770999999999,77.09932142857143,-1.0,-0.005,1,SL,False
CNP,S3,long,RISK_ON,1,2016-04-06 00:00:00+00:00,2016-05-18 00:00:00+00:00,20.740719999999996,21.53,1.5429483650013918,0.007714741825006959,30,EMA_TRAIL,True
LNT,S3,long,RISK_ON,1,2016-04-06 00:00:00+00:00,2016-04-13 00:00:00+00:00,36.77173499999999,36.244953571428574,-1.0,-0.005,5,SL,False
FLIR,S3,long,RISK_ON,1,2016-04-06 00:00:00+00:00,2016-04-26 00:00:00+00:00,32.72268999999999,32.72268999999999,0.30215845050051077,0.001510792252502554,14,STOP_AFTER_TP1,True
CA,S3,long,RISK_ON,1,2016-04-06 00:00:00+00:00,2016-04-12 00:00:00+00:00,30.520489999999995,29.896389285714285,-1.0,-0.005,4,SL,False
JBHT,S3,long,RISK_ON,1,2016-04-06 00:00:00+00:00,2016-04-25 00:00:00+00:00,83.27318999999999,84.96,0.728343773816968,0.00364171886908484,13,EMA_TRAIL,True
COG,S3,long,RISK_ON,1,2016-04-06 00:00:00+00:00,2016-04-15 00:00:00+00:00,22.372349999999997,22.372349999999997,0.40882157229316773,0.0020441078614658386,7,STOP_AFTER_TP1,True
CVS,S3,long,RISK_ON,1,2016-04-06 00:00:00+00:00,2016-04-07 00:00:00+00:00,103.49338999999999,101.99642499999999,-1.0,-0.005,1,SL,False
VTR,S3,long,RISK_ON,1,2016-04-07 00:00:00+00:00,2016-04-20 00:00:00+00:00,62.44237999999999,62.44237999999999,0.3579565827621939,0.0017897829138109696,9,STOP_AFTER_TP1,True
SO,S3,long,RISK_ON,1,2016-04-07 00:00:00+00:00,2016-04-20 00:00:00+00:00,50.72067,49.77,-0.9278463063583061,-0.004639231531791531,9,SMA50_BREAK,False
EXR,S3,long,RISK_ON,1,2016-04-07 00:00:00+00:00,2016-04-11 00:00:00+00:00,92.7927,92.7927,0.28972395670607787,0.0014486197835303894,2,STOP_AFTER_TP1,True
PCG,S3,long,RISK_ON,1,2016-04-07 00:00:00+00:00,2016-04-21 00:00:00+00:00,58.808749999999996,57.33338214285714,-1.0,-0.005,10,SL,False
EQIX,S3,long,RISK_ON,1,2016-04-07 00:00:00+00:00,2016-04-13 00:00:00+00:00,326.13581,320.7838607142857,-1.0,-0.005,4,SL,False
NLSN,S3,long,RISK_ON,1,2016-04-07 00:00:00+00:00,2016-04-20 00:00:00+00:00,52.34228999999999,52.34228999999999,0.6983249045196622,0.003491624522598311,9,STOP_AFTER_TP1,True
OMC,S3,long,RISK_ON,1,2016-04-07 00:00:00+00:00,2016-04-20 00:00:00+00:00,82.99290999999998,82.99290999999998,0.541409367479314,0.00270704683739657,9,STOP_AFTER_TP1,True
SYK,S3,long,RISK_ON,1,2016-04-07 00:00:00+00:00,2016-04-29 00:00:00+00:00,108.05794999999999,108.05794999999999,0.3168894813188588,0.001584447406594294,16,STOP_AFTER_TP1,True
AVGO,S3,long,RISK_ON,1,2016-04-07 00:00:00+00:00,2016-04-15 00:00:00+00:00,155.12497,155.12497,0.3613679795930006,0.001806839897965003,6,STOP_AFTER_TP1,True
DUK,S3,long,RISK_ON,1,2016-04-07 00:00:00+00:00,2016-04-21 00:00:00+00:00,79.36928999999999,78.11527857142858,-1.0,-0.005,10,SL,False
CMS,S3,long,RISK_ON,1,2016-04-08 00:00:00+00:00,2016-04-13 00:00:00+00:00,41.751709999999996,41.13032142857143,-1.0,-0.005,3,SL,False
GPC,S3,long,RISK_ON,1,2016-04-08 00:00:00+00:00,2016-04-19 00:00:00+00:00,97.28718999999998,97.28718999999998,0.5440044042830144,0.0027200220214150723,7,STOP_AFTER_TP1,True
EXC,S3,long,RISK_ON,1,2016-04-08 00:00:00+00:00,2016-04-18 00:00:00+00:00,34.7347,33.91464285714285,-1.0,-0.005,6,SL,False
DTE,S3,long,RISK_ON,1,2016-04-08 00:00:00+00:00,2016-04-20 00:00:00+00:00,89.08899999999998,87.92678571428573,-1.0,-0.005,8,SL,False
XEL,S3,long,RISK_ON,1,2016-04-08 00:00:00+00:00,2016-04-20 00:00:00+00:00,41.05100999999999,40.349549999999994,-1.0,-0.005,8,SL,False
EIX,S3,long,RISK_ON,1,2016-04-08 00:00:00+00:00,2016-04-20 00:00:00+00:00,70.76069,69.48168928571428,-1.0,-0.005,8,SL,False
AMD,S3,long,RISK_ON,1,2016-04-08 00:00:00+00:00,2016-09-07 00:00:00+00:00,2.74274,6.84,9.300110204246781,0.046500551021233905,105,EMA_TRAIL,True
FE,S3,long,RISK_ON,1,2016-04-11 00:00:00+00:00,2016-04-20 00:00:00+00:00,35.39536,34.76,-0.7434191611561709,-0.0037170958057808545,7,SMA50_BREAK,False
FCX,S3,long,RISK_ON,1,2016-04-11 00:00:00+00:00,2016-05-05 00:00:00+00:00,9.769759999999998,11.29,1.4141583165667342,0.007070791582833671,18,EMA_TRAIL,True
EXR,S3,long,RISK_ON,1,2016-04-11 00:00:00+00:00,2016-04-13 00:00:00+00:00,92.04194999999999,91.20843571428571,-1.0,-0.005,2,SL,False
MKC,S3,long,RISK_ON,1,2016-04-11 00:00:00+00:00,2016-04-13 00:00:00+00:00,98.62852999999998,97.63500357142857,-1.0,-0.005,2,SL,False
WYNN,S3,long,RISK_ON,1,2016-04-12 00:00:00+00:00,2016-04-25 00:00:00+00:00,97.28718999999998,93.32785714285714,-1.0,-0.005,9,SL,False
PEG,S3,long,RISK_ON,1,2016-04-12 00:00:00+00:00,2016-04-21 00:00:00+00:00,46.306259999999995,45.15696785714286,-1.0,-0.005,7,SL,False
PPL,S3,long,RISK_ON,1,2016-04-12 00:00:00+00:00,2016-04-21 00:00:00+00:00,37.49746,36.838035714285716,-1.0,-0.005,7,SL,False
UNH,S3,long,RISK_ON,1,2016-04-12 00:00:00+00:00,2016-05-11 00:00:00+00:00,126.92679999999999,130.69,1.5381909047729208,0.007690954523864604,21,EMA_TRAIL,True
CMI,S3,long,RISK_ON,1,2016-04-12 00:00:00+00:00,2016-05-05 00:00:00+00:00,107.90779999999998,113.89,1.6931380557594946,0.008465690278797473,17,EMA_TRAIL,True
WEC,S3,long,RISK_ON,1,2016-04-12 00:00:00+00:00,2016-04-14 00:00:00+00:00,59.18913,58.21177857142857,-1.0,-0.005,2,SL,False
T,S3,long,RISK_ON,1,2016-04-12 00:00:00+00:00,2016-04-21 00:00:00+00:00,38.70867,38.08814642857143,-1.0,-0.005,7,SL,False
AES,S3,long,RISK_ON,1,2016-04-12 00:00:00+00:00,2016-05-05 00:00:00+00:00,11.171159999999999,11.07,-0.28822037796057304,-0.0014411018898028653,17,SMA50_BREAK,False
D,S3,long,RISK_ON,1,2016-04-12 00:00:00+00:00,2016-04-18 00:00:00+00:00,73.29321999999999,72.27167857142857,-1.0,-0.005,4,SL,False
NEE,S3,long,RISK_ON,1,2016-04-12 00:00:00+00:00,2016-04-14 00:00:00+00:00,117.16704999999999,115.28139285714286,-1.0,-0.005,2,SL,False
TGT,S3,long,RISK_ON,1,2016-04-13 00:00:00+00:00,2016-04-25 00:00:00+00:00,81.64156,81.64156,0.26833011351760233,0.0013416505675880118,8,STOP_AFTER_TP1,True
LNT,S3,long,RISK_ON,1,2016-04-13 00:00:00+00:00,2016-04-20 00:00:00+00:00,36.49646,35.94301428571429,-1.0,-0.005,5,SL,False
TPR,S3,long,RISK_ON,1,2016-04-13 00:00:00+00:00,2016-05-05 00:00:00+00:00,39.48945,39.48945,0.41507616416314824,0.0020753808208157413,16,STOP_AFTER_TP1,True
SCG,S3,long,RISK_ON,1,2016-04-13 00:00:00+00:00,2016-04-20 00:00:00+00:00,69.72966,68.46875,-1.0,-0.005,5,SL,False
SNI,S3,long,RISK_ON,1,2016-04-13 00:00:00+00:00,2016-04-29 00:00:00+00:00,65.08501999999999,62.8475,-1.0,-0.005,12,SL,False
EXR,S3,long,RISK_ON,1,2016-04-13 00:00:00+00:00,2016-04-14 00:00:00+00:00,91.58148999999999,89.94450714285715,-1.0,-0.005,1,SL,False
FLR,S3,long,RISK_ON,1,2016-04-14 00:00:00+00:00,2016-04-18 00:00:00+00:00,52.93288,52.00053214285714,-1.0,-0.005,2,SL,False
HSIC,S3,long,RISK_ON,1,2016-04-14 00:00:00+00:00,2016-04-28 00:00:00+00:00,84.88479999999998,85.265,0.6273451717189247,0.0031367258585946233,10,EMA_TRAIL,True
MAT,S3,long,RISK_ON,1,2016-04-15 00:00:00+00:00,2016-04-19 00:00:00+00:00,33.78375,33.78375,0.30298448961308194,0.0015149224480654098,2,STOP_AFTER_TP1,True
ED,S3,long,RISK_ON,1,2016-04-15 00:00:00+00:00,2016-04-20 00:00:00+00:00,75.92584999999998,74.36655714285715,-1.0,-0.005,3,SL,False
WEC,S3,long,RISK_ON,1,2016-04-15 00:00:00+00:00,2016-04-20 00:00:00+00:00,58.848789999999994,57.77017142857142,-1.0,-0.005,3,SL,False
EQIX,S3,long,RISK_ON,1,2016-04-15 00:00:00+00:00,2016-07-15 00:00:00+00:00,324.4241,379.97,4.91354177149057,0.02456770885745285,63,EMA_TRAIL,True
AVGO,S3,long,RISK_ON,1,2016-04-15 00:00:00+00:00,2016-04-19 00:00:00+00:00,155.64549,152.80578571428572,-1.0,-0.005,2,SL,False
ALB,S3,long,RISK_ON,1,2016-04-18 00:00:00+00:00,2016-06-24 00:00:00+00:00,65.55548999999999,78.98,6.085395542479137,0.03042697771239569,48,EMA_TRAIL,True
DLR,S3,long,RISK_ON,1,2016-04-18 00:00:00+00:00,2016-04-21 00:00:00+00:00,88.43834999999999,85.86040000000001,-1.0,-0.005,3,SL,False
ULTA,S3,long,RISK_ON,1,2016-04-19 00:00:00+00:00,2016-05-06 00:00:00+00:00,204.24403999999996,204.24403999999996,0.37727520474086107,0.0018863760237043054,13,STOP_AFTER_TP1,True
FLR,S3,long,RISK_ON,1,2016-04-20 00:00:00+00:00,2016-05-06 00:00:00+00:00,53.19313999999999,53.19313999999999,0.8478858676344581,0.004239429338172291,12,STOP_AFTER_TP1,True
WMT,S3,long,RISK_ON,1,2016-04-20 00:00:00+00:00,2016-04-21 00:00:00+00:00,69.27920999999999,68.70085714285715,-1.0,-0.005,1,SL,False
WMT,S3,long,RISK_ON,1,2016-04-22 00:00:00+00:00,2016-04-29 00:00:00+00:00,68.78872,67.79307142857142,-1.0,-0.005,5,SL,False
HCA,S3,long,RISK_ON,1,2016-04-25 00:00:00+00:00,2016-04-29 00:00:00+00:00,80.20012,80.20012,0.27846012362588723,0.0013923006181294363,4,STOP_AFTER_TP1,True
YUM,S3,long,RISK_ON,1,2016-04-25 00:00:00+00:00,2016-04-29 00:00:00+00:00,81.44135999999999,79.78598214285714,-1.0,-0.005,4,SL,False
TGT,S3,long,RISK_ON,1,2016-04-25 00:00:00+00:00,2016-04-29 00:00:00+00:00,82.68259999999998,81.0225,-1.0,-0.005,4,SL,False
JBHT,S3,long,RISK_ON,1,2016-04-26 00:00:00+00:00,2016-04-29 00:00:00+00:00,85.62554,83.36529285714286,-1.0,-0.005,3,SL,False
OMC,S3,long,RISK_ON,1,2016-04-26 00:00:00+00:00,2016-05-19 00:00:00+00:00,83.97389,82.03232142857144,-1.0,-0.005,17,SL,False
VTR,S3,long,RISK_ON,1,2016-04-26 00:00:00+00:00,2016-05-19 00:00:00+00:00,62.25218999999999,64.91,0.9941033711201259,0.00497051685560063,17,EMA_TRAIL,True
HPE,S3,long,RISK_ON,1,2016-04-26 00:00:00+00:00,2016-04-29 00:00:00+00:00,17.377359999999996,16.59857142857143,-1.0,-0.005,3,SL,False
SYK,S3,long,RISK_ON,1,2016-04-29 00:00:00+00:00,2016-07-22 00:00:00+00:00,109.11900999999999,117.03,2.081030879207216,0.01040515439603608,58,EMA_TRAIL,True
CHK,S3,long,RISK_ON,1,2016-05-02 00:00:00+00:00,2016-05-03 00:00:00+00:00,6.596589999999999,6.148107142857143,-1.0,-0.005,1,SL,False
CAT,S3,long,RISK_ON,1,2016-05-02 00:00:00+00:00,2016-05-03 00:00:00+00:00,77.91784,75.77732142857144,-1.0,-0.005,1,SL,False
CXO,S3,long,RISK_ON,1,2016-05-02 00:00:00+00:00,2016-05-03 00:00:00+00:00,117.17705999999998,112.66526785714287,-1.0,-0.005,1,SL,False
SEE,S1,long,RISK_ON,1,2016-05-02 00:00:00+00:00,2016-05-03 00:00:00+00:00,48.698649999999994,47.08,-0.5340968709476228,-0.002670484354738114,1,SMA50_BREAK,False
SLB,S3,long,RISK_ON,1,2016-05-02 00:00:00+00:00,2016-05-03 00:00:00+00:00,79.4794,77.2657142857143,-1.0,-0.005,1,SL,False
FOXA,S3,long,RISK_ON,1,2016-05-02 00:00:00+00:00,2016-05-05 00:00:00+00:00,30.390359999999998,29.490717857142858,-1.0,-0.005,3,SL,False
HAS,S3,long,RISK_ON,1,2016-05-02 00:00:00+00:00,2016-05-05 00:00:00+00:00,85.67559,83.40535714285714,-1.0,-0.005,3,SL,False
HES,S3,long,RISK_ON,1,2016-05-02 00:00:00+00:00,2016-05-03 00:00:00+00:00,59.03897999999999,56.887507142857146,-1.0,-0.005,1,SL,False
JCI,S3,long,RISK_ON,1,2016-05-02 00:00:00+00:00,2016-05-03 00:00:00+00:00,40.165725599999995,39.557882142857146,-1.0,-0.005,1,SL,False
OKE,S3,long,RISK_ON,1,2016-05-02 00:00:00+00:00,2016-06-27 00:00:00+00:00,36.01597999999999,44.62,3.589808010745585,0.017949040053727924,39,EMA_TRAIL,True
GPN,S3,long,RISK_ON,1,2016-05-02 00:00:00+00:00,2016-06-10 00:00:00+00:00,73.33326,74.74,0.9203752244715748,0.004601876122357874,28,EMA_TRAIL,True
IR,S3,long,RISK_ON,1,2016-05-03 00:00:00+00:00,2016-05-04 00:00:00+00:00,66.06599999999999,64.60076071428573,-1.0,-0.005,1,SL,False
ZBH,S3,long,RISK_ON,1,2016-05-03 00:00:00+00:00,2016-06-07 00:00:00+00:00,115.0149,119.43,2.7390358654278257,0.013695179327139128,24,EMA_TRAIL,True
RRC,S3,long,RISK_ON,1,2016-05-03 00:00:00+00:00,2016-05-16 00:00:00+00:00,42.21217,40.21053571428571,-1.0,-0.005,9,SL,False
PXD,S3,long,RISK_ON,1,2016-05-03 00:00:00+00:00,2016-06-16 00:00:00+00:00,159.36920999999998,154.4360392857143,-1.0,-0.005,31,SL,False
PCAR,S3,long,RISK_ON,1,2016-05-03 00:00:00+00:00,2016-05-04 00:00:00+00:00,57.91785999999999,56.853928571428575,-1.0,-0.005,1,SL,False
PWR,S3,long,RISK_ON,1,2016-05-03 00:00:00+00:00,2016-05-05 00:00:00+00:00,23.34332,22.927500000000002,-1.0,-0.005,2,SL,False
UNP,S3,long,RISK_ON,1,2016-05-03 00:00:00+00:00,2016-05-06 00:00:00+00:00,86.85676999999998,84.52357142857143,-1.0,-0.005,3,SL,False
PH,S3,long,RISK_ON,1,2016-05-03 00:00:00+00:00,2016-05-04 00:00:00+00:00,113.79368,112.14607142857143,-1.0,-0.005,1,SL,False
PNR,S3,long,RISK_ON,1,2016-05-03 00:00:00+00:00,2016-05-04 00:00:00+00:00,58.04799,56.722160714285714,-1.0,-0.005,1,SL,False
PVH,S3,long,RISK_ON,1,2016-05-04 00:00:00+00:00,2016-05-05 00:00:00+00:00,95.63553999999999,93.93464285714286,-1.0,-0.005,1,SL,False
PNR,S3,long,RISK_ON,1,2016-05-04 00:00:00+00:00,2016-06-10 00:00:00+00:00,56.936879999999995,59.38,2.787414977127751,0.013937074885638756,26,EMA_TRAIL,True
IR,S3,long,RISK_ON,1,2016-05-04 00:00:00+00:00,2016-05-19 00:00:00+00:00,64.91484999999999,63.95518571428572,-1.0,-0.005,11,SL,False
COG,S3,long,RISK_ON,1,2016-05-04 00:00:00+00:00,2016-05-06 00:00:00+00:00,23.863839999999996,23.863839999999996,0.31566530336698356,0.0015783265168349179,2,STOP_AFTER_TP1,True
AFL,S3,long,RISK_ON,1,2016-05-04 00:00:00+00:00,2016-05-16 00:00:00+00:00,68.49843,68.49843,0.40708361247448166,0.0020354180623724082,8,STOP_AFTER_TP1,True
COG,S3,long,RISK_ON,1,2016-05-06 00:00:00+00:00,2016-05-13 00:00:00+00:00,23.833809999999996,23.833809999999996,0.5480785846604798,0.002740392923302399,5,STOP_AFTER_TP1,True
TWX,S3,long,RISK_ON,1,2016-05-06 00:00:00+00:00,2016-05-12 00:00:00+00:00,74.96489,73.25,-1.0,-0.005,4,SL,False
XYL,S3,long,RISK_ON,1,2016-05-06 00:00:00+00:00,2016-06-24 00:00:00+00:00,41.931889999999996,44.14,1.809116997048938,0.00904558498524469,34,EMA_TRAIL,True
UNP,S3,long,RISK_ON,1,2016-05-06 00:00:00+00:00,2016-05-13 00:00:00+00:00,85.81572999999999,83.40178571428571,-1.0,-0.005,5,SL,False
EQT,S3,long,RISK_ON,1,2016-05-06 00:00:00+00:00,2016-07-13 00:00:00+00:00,69.59952999999999,76.13,2.8266271190633447,0.014133135595316725,46,EMA_TRAIL,True
FCX,S3,long,RISK_ON,1,2016-05-06 00:00:00+00:00,2016-05-09 00:00:00+00:00,11.801789999999999,10.57857142857143,-1.0,-0.005,1,SL,False
HAS,S3,long,RISK_ON,1,2016-05-06 00:00:00+00:00,2016-06-24 00:00:00+00:00,85.17509,82.68229285714285,-1.0,-0.005,34,SL,False
CXO,S3,long,RISK_ON,1,2016-05-06 00:00:00+00:00,2016-06-10 00:00:00+00:00,114.77465999999998,119.78,2.0111003194483286,0.010055501597241643,24,EMA_TRAIL,True
EW,S3,long,RISK_ON,1,2016-05-06 00:00:00+00:00,2016-05-17 00:00:00+00:00,105.84573999999998,101.76345,-1.0,-0.005,7,SL,False
CMI,S3,long,RISK_ON,1,2016-05-06 00:00:00+00:00,2016-05-18 00:00:00+00:00,115.10498999999999,111.56678571428571,-1.0,-0.005,8,SL,False
KSU,S3,long,RISK_ON,1,2016-05-06 00:00:00+00:00,2016-05-12 00:00:00+00:00,93.26316999999999,90.04035714285715,-1.0,-0.005,4,SL,False
NAVI,S3,long,RISK_ON,1,2016-05-09 00:00:00+00:00,2016-05-12 00:00:00+00:00,13.183169999999999,12.744882142857143,-1.0,-0.005,3,SL,False
XEC,S3,long,RISK_ON,1,2016-05-09 00:00:00+00:00,2016-06-10 00:00:00+00:00,110.57045999999998,114.67,0.7311844603908999,0.0036559223019544994,23,EMA_TRAIL,True
PWR,S3,long,RISK_ON,1,2016-05-09 00:00:00+00:00,2016-05-17 00:00:00+00:00,23.23321,22.699285714285715,-1.0,-0.005,6,SL,False
AON,S3,long,RISK_ON,1,2016-05-09 00:00:00+00:00,2016-06-14 00:00:00+00:00,104.81470999999998,107.48,1.9630771028491436,0.009815385514245718,25,EMA_TRAIL,True
IP,S3,long,RISK_ON,1,2016-05-09 00:00:00+00:00,2016-05-17 00:00:00+00:00,42.56252,40.81482142857143,-1.0,-0.005,6,SL,False
HCA,S3,long,RISK_ON,1,2016-05-09 00:00:00+00:00,2016-05-12 00:00:00+00:00,81.06098,79.1743,-1.0,-0.005,3,SL,False
PCAR,S3,long,RISK_ON,1,2016-05-10 00:00:00+00:00,2016-05-18 00:00:00+00:00,57.667609999999996,54.976350000000004,-1.0,-0.005,6,SL,False
TPR,S3,long,RISK_ON,1,2016-05-10 00:00:00+00:00,2016-05-11 00:00:00+00:00,40.65060999999999,39.14732142857142,-1.0,-0.005,1,SL,False
HES,S3,long,RISK_ON,1,2016-05-10 00:00:00+00:00,2016-06-10 00:00:00+00:00,57.767709999999994,57.7,-0.013380867592449953,-6.690433796224976e-05,22,SMA50_BREAK,False
PH,S3,long,RISK_ON,1,2016-05-10 00:00:00+00:00,2016-05-13 00:00:00+00:00,113.43331999999998,109.77,-0.876445062997639,-0.004382225314988195,3,SMA50_BREAK,False
JCI,S3,long,RISK_ON,1,2016-05-10 00:00:00+00:00,2016-06-24 00:00:00+00:00,40.123883799999994,43.5602,2.0930442759648717,0.01046522137982436,32,EMA_TRAIL,True
ISRG,S3,long,RISK_ON,1,2016-05-10 00:00:00+00:00,2016-06-27 00:00:00+00:00,209.06195309999998,209.06195309999998,0.5967060969842282,0.002983530484921141,33,STOP_AFTER_TP1,True
FCX,S3,long,RISK_ON,1,2016-05-11 00:00:00+00:00,2016-05-13 00:00:00+00:00,11.621609999999999,10.41,-0.753303424796847,-0.003766517123984235,2,SMA50_BREAK,False
HAL,S3,long,RISK_ON,1,2016-05-11 00:00:00+00:00,2016-06-16 00:00:00+00:00,39.579539999999994,43.19,2.1033250670522436,0.010516625335261218,25,EMA_TRAIL,True
COG,S3,long,RISK_ON,1,2016-05-16 00:00:00+00:00,2016-05-19 00:00:00+00:00,23.79377,23.069103571428574,-1.0,-0.005,3,SL,False
EIX,S3,long,RISK_ON,1,2016-05-16 00:00:00+00:00,2016-05-17 00:00:00+00:00,71.48140999999998,70.22021785714286,-1.0,-0.005,1,SL,False
APA,S3,long,RISK_ON,1,2016-05-16 00:00:00+00:00,2016-05-19 00:00:00+00:00,54.85479999999999,54.85479999999999,0.29734000997918886,0.0014867000498959442,3,STOP_AFTER_TP1,True
KSU,S1,long,DEFENSIVE,1,2016-05-18 00:00:00+00:00,2016-06-09 00:00:00+00:00,91.58148999999999,90.18,-0.2196634258961725,-0.0010983171294808626,15,SMA50_BREAK,False
AVY,S3,long,RISK_ON,1,2016-05-24 00:00:00+00:00,2016-06-17 00:00:00+00:00,74.57449999999999,74.57449999999999,0.4321306342151432,0.002160653171075716,17,STOP_AFTER_TP1,True
IRM,S3,long,RISK_ON,1,2016-05-24 00:00:00+00:00,2016-08-03 00:00:00+00:00,36.65662,40.24,2.3413423929652044,0.011706711964826023,49,EMA_TRAIL,True
DLR,S3,long,RISK_ON,1,2016-05-24 00:00:00+00:00,2016-07-15 00:00:00+00:00,94.26417,106.56,5.23345050026237,0.026167252501311848,36,EMA_TRAIL,True
RRC,S3,long,RISK_ON,1,2016-05-24 00:00:00+00:00,2016-06-16 00:00:00+00:00,41.36132,41.36132,0.4639534168462114,0.002319767084231057,16,STOP_AFTER_TP1,True
AWK,S3,long,RISK_ON,1,2016-05-25 00:00:00+00:00,2016-07-21 00:00:00+00:00,73.35328,81.15,7.626394699866135,0.038131973499330674,39,EMA_TRAIL,True
IP,S1,long,RISK_ON,1,2016-05-25 00:00:00+00:00,2016-06-13 00:00:00+00:00,42.172129999999996,41.98,-0.07284025037058899,-0.00036420125185294494,12,SMA50_BREAK,False
COG,S3,long,RISK_ON,1,2016-05-26 00:00:00+00:00,2016-06-16 00:00:00+00:00,23.71369,24.4,1.6216760701082142,0.008108380350541072,14,EMA_TRAIL,True
VMC,S3,long,RISK_ON,1,2016-05-27 00:00:00+00:00,2016-05-31 00:00:00+00:00,118.23812,116.75718214285715,-1.0,-0.005,1,SL,False
VMC,S3,long,RISK_ON,1,2016-05-31 00:00:00+00:00,2016-06-02 00:00:00+00:00,116.86674999999998,114.89039642857144,-1.0,-0.005,2,SL,False
APA,S3,long,RISK_ON,1,2016-05-31 00:00:00+00:00,2016-06-01 00:00:00+00:00,57.19714,55.98425,-1.0,-0.005,1,SL,False
FB,S3,long,RISK_ON,1,2016-06-01 00:00:00+00:00,2016-06-10 00:00:00+00:00,118.89877999999999,117.02306785714285,-1.0,-0.005,7,SL,False
NWL,S3,long,RISK_ON,1,2016-06-01 00:00:00+00:00,2016-06-10 00:00:00+00:00,47.97792999999999,47.97792999999999,0.33494566804215997,0.0016747283402108,7,STOP_AFTER_TP1,True
ITW,S2,long,RISK_ON,1,2016-06-01 00:00:00+00:00,2016-06-16 00:00:00+00:00,106.80669999999999,104.10789285714284,-1.0,-0.005,11,SL,False
APA,S3,long,RISK_ON,1,2016-06-01 00:00:00+00:00,2016-06-03 00:00:00+00:00,56.226169999999996,54.202464285714285,-1.0,-0.005,2,SL,False
MLM,S3,long,RISK_ON,1,2016-06-01 00:00:00+00:00,2016-06-03 00:00:00+00:00,188.91872999999998,184.77391785714286,-1.0,-0.005,2,SL,False
NFX,S3,long,RISK_ON,1,2016-06-01 00:00:00+00:00,2016-06-10 00:00:00+00:00,40.01997999999999,40.01997999999999,0.4739558898990063,0.0023697794494950313,7,STOP_AFTER_TP1,True
CDNS,S3,long,RISK_ON,1,2016-06-02 00:00:00+00:00,2016-06-17 00:00:00+00:00,24.75473,24.168464285714286,-1.0,-0.005,11,SL,False
SPGI,S3,long,RISK_ON,1,2016-06-02 00:00:00+00:00,2016-06-03 00:00:00+00:00,110.56044999999999,108.82178928571429,-1.0,-0.005,1,SL,False
IDXX,S3,long,RISK_ON,1,2016-06-02 00:00:00+00:00,2016-06-27 00:00:00+00:00,88.97888999999999,86.30965,-1.0,-0.005,17,SL,False
AVGO,S2,long,RISK_ON,1,2016-06-03 00:00:00+00:00,2016-06-24 00:00:00+00:00,162.72256,151.4672142857143,-1.0,-0.005,15,SL,False
DVN,S3,long,RISK_ON,1,2016-06-03 00:00:00+00:00,2016-06-10 00:00:00+00:00,35.95592,35.95592,0.31895229542980336,0.0015947614771490168,5,STOP_AFTER_TP1,True
AYI,S3,long,RISK_ON,1,2016-06-03 00:00:00+00:00,2016-06-14 00:00:00+00:00,254.94468999999998,248.62114285714287,-1.0,-0.005,7,SL,False
AJG,S3,long,RISK_ON,1,2016-06-03 00:00:00+00:00,2016-06-14 00:00:00+00:00,47.90785999999999,47.102535714285715,-1.0,-0.005,7,SL,False
MLM,S3,long,RISK_ON,1,2016-06-03 00:00:00+00:00,2016-06-13 00:00:00+00:00,186.91672999999997,182.90338214285714,-1.0,-0.005,6,SL,False
CHTR,S3,long,RISK_ON,1,2016-06-03 00:00:00+00:00,2016-06-08 00:00:00+00:00,225.17494999999997,220.22268214285714,-1.0,-0.005,3,SL,False
VMC,S3,long,RISK_ON,1,2016-06-06 00:00:00+00:00,2016-06-14 00:00:00+00:00,116.50638999999998,113.27504285714286,-1.0,-0.005,6,SL,False
MON,S3,long,RISK_ON,1,2016-06-06 00:00:00+00:00,2016-06-08 00:00:00+00:00,108.86876,106.97321428571428,-1.0,-0.005,2,SL,False
ARE,S3,long,RISK_ON,1,2016-06-06 00:00:00+00:00,2016-08-17 00:00:00+00:00,96.60651,109.54,6.244486181135468,0.031222430905677338,51,EMA_TRAIL,True
SPGI,S3,long,RISK_ON,1,2016-06-06 00:00:00+00:00,2016-06-10 00:00:00+00:00,110.37025999999999,107.63805714285715,-1.0,-0.005,4,SL,False
CMA,S3,long,RISK_ON,1,2016-06-07 00:00:00+00:00,2016-06-09 00:00:00+00:00,46.1461,45.345,-1.0,-0.005,2,SL,False
STI,S3,long,RISK_ON,1,2016-06-07 00:00:00+00:00,2016-06-09 00:00:00+00:00,43.4434,42.83642857142857,-1.0,-0.005,2,SL,False
HBAN,S3,long,RISK_ON,1,2016-06-07 00:00:00+00:00,2016-06-09 00:00:00+00:00,10.420409999999999,10.223035714285714,-1.0,-0.005,2,SL,False
RJF,S3,long,RISK_ON,1,2016-06-08 00:00:00+00:00,2016-06-09 00:00:00+00:00,55.23517999999999,54.50029642857143,-1.0,-0.005,1,SL,False
IR,S3,long,RISK_ON,1,2016-06-08 00:00:00+00:00,2016-06-10 00:00:00+00:00,65.90584,65.03232142857144,-1.0,-0.005,2,SL,False
APA,S3,long,RISK_ON,1,2016-06-08 00:00:00+00:00,2016-06-10 00:00:00+00:00,57.056999999999995,55.19104642857143,-1.0,-0.005,2,SL,False
NVDA,S3,long,RISK_ON,1,2016-06-08 00:00:00+00:00,2016-06-14 00:00:00+00:00,46.22617999999999,46.22617999999999,0.9601722736768015,0.004800861368384007,4,STOP_AFTER_TP1,True
RF,S3,long,RISK_ON,1,2016-06-08 00:00:00+00:00,2016-06-09 00:00:00+00:00,9.82982,9.630714285714285,-1.0,-0.005,1,SL,False
CHTR,S3,long,RISK_ON,1,2016-06-08 00:00:00+00:00,2016-06-24 00:00:00+00:00,223.30308,215.242325,-1.0,-0.005,12,SL,False
COO,S3,long,RISK_ON,1,2016-06-08 00:00:00+00:00,2016-06-17 00:00:00+00:00,165.08491999999998,160.518075,-1.0,-0.005,7,SL,False
NTRS,S3,long,RISK_ON,1,2016-06-08 00:00:00+00:00,2016-06-09 00:00:00+00:00,72.75268,71.63732142857143,-1.0,-0.005,1,SL,False
MON,S3,long,RISK_ON,1,2016-06-08 00:00:00+00:00,2016-06-13 00:00:00+00:00,108.36825999999999,108.36825999999999,0.4728234463052688,0.002364117231526344,3,STOP_AFTER_TP1,True
FIS,S3,long,RISK_ON,1,2016-06-09 00:00:00+00:00,2016-06-10 00:00:00+00:00,75.21513999999999,74.49614642857144,-1.0,-0.005,1,SL,False
RF,S3,long,RISK_ON,1,2016-06-09 00:00:00+00:00,2016-06-13 00:00:00+00:00,9.709699999999998,9.423571428571428,-1.0,-0.005,2,SL,False
STI,S3,long,RISK_ON,1,2016-06-09 00:00:00+00:00,2016-06-13 00:00:00+00:00,43.012969999999996,41.98321428571428,-1.0,-0.005,2,SL,False
ADM,S3,long,RISK_ON,1,2016-06-10 00:00:00+00:00,2016-06-13 00:00:00+00:00,43.073029999999996,42.32571428571429,-1.0,-0.005,1,SL,False
FIS,S3,long,RISK_ON,1,2016-06-10 00:00:00+00:00,2016-06-13 00:00:00+00:00,74.41434,73.612075,-1.0,-0.005,1,SL,False
CTXS,S3,long,RISK_ON,1,2016-06-10 00:00:00+00:00,2016-06-14 00:00:00+00:00,86.10601999999999,85.02259285714287,-1.0,-0.005,2,SL,False
ALGN,S3,long,RISK_ON,1,2016-06-10 00:00:00+00:00,2016-06-14 00:00:00+00:00,78.90883,78.01308571428571,-1.0,-0.005,2,SL,False
JEC,S3,long,RISK_ON,1,2016-06-10 00:00:00+00:00,2016-06-13 00:00:00+00:00,51.61156,51.011250000000004,-1.0,-0.005,1,SL,False
ZION,S3,long,RISK_ON,1,2016-06-10 00:00:00+00:00,2016-06-13 00:00:00+00:00,28.017989999999994,27.525142857142857,-1.0,-0.005,1,SL,False
SNPS,S3,long,RISK_ON,1,2016-06-10 00:00:00+00:00,2016-06-14 00:00:00+00:00,52.552499999999995,51.99471428571429,-1.0,-0.005,2,SL,False
LEG,S3,long,RISK_ON,1,2016-06-10 00:00:00+00:00,2016-06-13 00:00:00+00:00,50.220169999999996,49.50575714285714,-1.0,-0.005,1,SL,False
XEC,S1,long,DEFENSIVE,1,2016-06-17 00:00:00+00:00,2016-06-24 00:00:00+00:00,115.13501999999998,113.9,-0.15282574558575598,-0.00076412872792878,5,SMA50_BREAK,False
ADM,S3,long,RISK_ON,1,2016-06-20 00:00:00+00:00,2016-06-24 00:00:00+00:00,42.49245,41.50214285714286,-1.0,-0.005,4,SL,False
NBL,S3,long,RISK_ON,1,2016-06-20 00:00:00+00:00,2016-06-24 00:00:00+00:00,36.78675,35.65031785714286,-1.0,-0.005,4,SL,False
CTXS,S3,long,RISK_ON,1,2016-06-20 00:00:00+00:00,2016-06-24 00:00:00+00:00,85.22514,82.67076785714286,-1.0,-0.005,4,SL,False
AMAT,S3,long,RISK_ON,1,2016-06-20 00:00:00+00:00,2016-06-24 00:00:00+00:00,23.653629999999996,23.16857142857143,-1.0,-0.005,4,SL,False
CXO,S3,long,RISK_ON,1,2016-06-20 00:00:00+00:00,2016-06-24 00:00:00+00:00,122.57244999999999,122.57244999999999,0.4171545431845539,0.0020857727159227695,4,STOP_AFTER_TP1,True
HPQ,S3,long,RISK_ON,1,2016-06-20 00:00:00+00:00,2016-06-22 00:00:00+00:00,13.08307,12.814639285714287,-1.0,-0.005,2,SL,False
HAL,S3,long,RISK_ON,1,2016-06-20 00:00:00+00:00,2016-06-27 00:00:00+00:00,43.83378999999999,42.77285714285714,-1.0,-0.005,5,SL,False
COO,S3,long,RISK_ON,1,2016-06-20 00:00:00+00:00,2016-08-17 00:00:00+00:00,164.44428,179.82,2.1120076812924617,0.010560038406462309,41,EMA_TRAIL,True
CDNS,S3,long,RISK_ON,1,2016-06-20 00:00:00+00:00,2016-06-24 00:00:00+00:00,24.504479999999997,23.938610714285716,-1.0,-0.005,4,SL,False
GRMN,S3,long,RISK_ON,1,2016-06-20 00:00:00+00:00,2016-06-24 00:00:00+00:00,42.56252,41.39857142857143,-1.0,-0.005,4,SL,False
NWL,S3,long,RISK_ON,1,2016-06-20 00:00:00+00:00,2016-06-24 00:00:00+00:00,48.658609999999996,48.658609999999996,0.34615014383508963,0.0017307507191754482,4,STOP_AFTER_TP1,True
MON,S3,long,RISK_ON,1,2016-06-20 00:00:00+00:00,2016-06-21 00:00:00+00:00,108.81870999999998,107.04321428571428,-1.0,-0.005,1,SL,False
AON,S3,long,RISK_ON,1,2016-06-21 00:00:00+00:00,2016-06-24 00:00:00+00:00,107.90779999999998,106.69089285714286,-1.0,-0.005,3,SL,False
NFX,S3,long,RISK_ON,1,2016-06-21 00:00:00+00:00,2016-06-27 00:00:00+00:00,40.910869999999996,40.910869999999996,0.27713341424402393,0.0013856670712201198,4,STOP_AFTER_TP1,True
ALGN,S3,long,RISK_ON,1,2016-06-21 00:00:00+00:00,2016-06-24 00:00:00+00:00,79.41933999999999,79.41933999999999,0.5047131748575395,0.0025235658742876975,3,STOP_AFTER_TP1,True
MON,S3,long,RISK_ON,1,2016-06-21 00:00:00+00:00,2016-06-24 00:00:00+00:00,107.78768,105.87571428571428,-1.0,-0.005,3,SL,False
BSX,S3,long,RISK_ON,1,2016-06-21 00:00:00+00:00,2016-06-24 00:00:00+00:00,22.78276,22.494464285714287,-1.0,-0.005,3,SL,False
WHR,S3,long,RISK_ON,1,2016-06-21 00:00:00+00:00,2016-06-24 00:00:00+00:00,177.35718,174.6528607142857,-1.0,-0.005,3,SL,False
WYNN,S3,long,RISK_ON,1,2016-06-21 00:00:00+00:00,2016-06-24 00:00:00+00:00,101.91180999999999,97.92973214285715,-1.0,-0.005,3,SL,False
NVDA,S3,long,RISK_ON,1,2016-06-21 00:00:00+00:00,2016-06-24 00:00:00+00:00,47.31727,47.31727,0.43122801998538157,0.002156140099926908,3,STOP_AFTER_TP1,True
LEG,S3,long,RISK_ON,1,2016-06-21 00:00:00+00:00,2016-06-24 00:00:00+00:00,50.46040999999999,50.46040999999999,0.30332242170185636,0.001516612108509282,3,STOP_AFTER_TP1,True
FLS,S3,long,RISK_ON,1,2016-06-21 00:00:00+00:00,2016-06-24 00:00:00+00:00,49.82977999999999,49.02928571428571,-1.0,-0.005,3,SL,False
ROK,S3,long,RISK_ON,1,2016-06-21 00:00:00+00:00,2016-06-24 00:00:00+00:00,117.33721999999999,117.33721999999999,0.49702483089600713,0.0024851241544800355,3,STOP_AFTER_TP1,True
LLL,S3,long,RISK_ON,1,2016-06-22 00:00:00+00:00,2016-06-24 00:00:00+00:00,144.00386,142.05062857142858,-1.0,-0.005,2,SL,False
RRC,S3,long,RISK_ON,1,2016-06-22 00:00:00+00:00,2016-06-24 00:00:00+00:00,45.49545,43.72857142857143,-1.0,-0.005,2,SL,False
APC,S3,long,RISK_ON,1,2016-06-22 00:00:00+00:00,2016-06-24 00:00:00+00:00,54.44438999999999,53.39085,-1.0,-0.005,2,SL,False
IBM,S3,long,RISK_ON,1,2016-06-22 00:00:00+00:00,2016-06-24 00:00:00+00:00,153.07291999999998,153.07291999999998,0.3217109943160303,0.0016085549715801515,2,STOP_AFTER_TP1,True
PNR,S3,long,RISK_ON,1,2016-06-22 00:00:00+00:00,2016-06-24 00:00:00+00:00,60.68061999999999,59.99946785714286,-1.0,-0.005,2,SL,False
CXO,S1,long,DEFENSIVE,1,2016-06-29 00:00:00+00:00,2016-07-01 00:00:00+00:00,120.62049999999999,119.03,-0.21118363748380017,-0.001055918187419001,2,SMA50_BREAK,False
AVGO,S1,long,DEFENSIVE,1,2016-06-29 00:00:00+00:00,2016-07-05 00:00:00+00:00,155.15499999999997,150.76,-0.3835620742199141,-0.0019178103710995706,3,SMA50_BREAK,False
APC,S1,long,DEFENSIVE,1,2016-06-29 00:00:00+00:00,2016-07-19 00:00:00+00:00,53.24318999999999,53.85,0.37632962714790646,0.0018816481357395323,13,EMA_TRAIL,True
MON,S1,long,DEFENSIVE,1,2016-06-29 00:00:00+00:00,2016-07-01 00:00:00+00:00,103.62351999999998,101.32,-0.3343576136639078,-0.001671788068319539,2,SMA50_BREAK,False
JEC,S1,long,RISK_ON,1,2016-06-30 00:00:00+00:00,2016-07-05 00:00:00+00:00,49.859809999999996,48.65,-0.37701469653341324,-0.0018850734826670662,2,SMA50_BREAK,False
QRVO,S3,long,RISK_ON,1,2016-06-30 00:00:00+00:00,2016-07-05 00:00:00+00:00,55.315259999999995,51.84375,-1.0,-0.005,2,SL,False
NUE,S3,long,RISK_ON,1,2016-06-30 00:00:00+00:00,2016-07-21 00:00:00+00:00,49.45940999999999,52.32,1.2012531530030923,0.006006265765015462,14,EMA_TRAIL,True
NOV,S3,long,RISK_ON,1,2016-07-01 00:00:00+00:00,2016-07-05 00:00:00+00:00,34.474439999999994,32.14,-0.8877593733506708,-0.004438796866753354,1,SMA50_BREAK,False
LRCX,S3,long,RISK_ON,1,2016-07-01 00:00:00+00:00,2016-07-05 00:00:00+00:00,83.06298,81.2467,-1.0,-0.005,1,SL,False
HPE,S3,long,RISK_ON,1,2016-07-01 00:00:00+00:00,2016-08-31 00:00:00+00:00,18.508489999999995,21.48,2.538063958659684,0.012690319793298419,42,EMA_TRAIL,True
PVH,S3,long,RISK_ON,1,2016-07-01 00:00:00+00:00,2016-07-05 00:00:00+00:00,95.12503,92.45,-0.5372669729269253,-0.0026863348646346263,1,SMA50_BREAK,False
XYL,S3,long,RISK_ON,1,2016-07-01 00:00:00+00:00,2016-08-02 00:00:00+00:00,44.91486999999999,46.41,1.0637902051454098,0.005318951025727049,21,EMA_TRAIL,True
AMAT,S3,long,RISK_ON,1,2016-07-01 00:00:00+00:00,2016-09-09 00:00:00+00:00,23.91389,28.86,5.069195159847935,0.025345975799239674,48,EMA_TRAIL,True
TDG,S3,long,RISK_ON,1,2016-07-01 00:00:00+00:00,2016-07-05 00:00:00+00:00,262.98272,257.6798214285714,-1.0,-0.005,1,SL,False
NVDA,S3,long,RISK_ON,1,2016-07-01 00:00:00+00:00,2016-09-09 00:00:00+00:00,46.70665999999999,59.52,8.725908326541305,0.04362954163270653,48,EMA_TRAIL,True
RRC,S3,long,RISK_ON,1,2016-07-01 00:00:00+00:00,2016-07-05 00:00:00+00:00,44.52447999999999,41.85176428571428,-1.0,-0.005,1,SL,False
ALB,S3,long,RISK_ON,1,2016-07-06 00:00:00+00:00,2016-07-29 00:00:00+00:00,80.94085999999999,84.17,1.0254645193406569,0.005127322596703284,17,EMA_TRAIL,True
CNC,S3,long,RISK_ON,1,2016-07-06 00:00:00+00:00,2016-07-26 00:00:00+00:00,69.49943,69.49943,0.41575925843051,0.00207879629215255,14,STOP_AFTER_TP1,True
PLD,S3,long,RISK_ON,1,2016-07-06 00:00:00+00:00,2016-08-19 00:00:00+00:00,49.419369999999994,53.32,2.184172341464824,0.010920861707324122,32,EMA_TRAIL,True
NFX,S3,long,RISK_ON,1,2016-07-07 00:00:00+00:00,2016-07-25 00:00:00+00:00,42.81277,42.81277,0.47332330301496184,0.0023666165150748094,12,STOP_AFTER_TP1,True
AMT,S3,long,RISK_ON,1,2016-07-07 00:00:00+00:00,2016-08-03 00:00:00+00:00,112.31219999999999,115.73,1.8345637328047397,0.009172818664023698,19,EMA_TRAIL,True
DRE,S3,long,RISK_ON,1,2016-07-07 00:00:00+00:00,2016-08-18 00:00:00+00:00,26.416389999999996,27.84,2.9949212386802744,0.014974606193401373,30,EMA_TRAIL,True
VTR,S3,long,RISK_ON,1,2016-07-07 00:00:00+00:00,2016-07-14 00:00:00+00:00,72.22215,71.40708928571429,-1.0,-0.005,5,SL,False
HCN,S3,long,RISK_ON,1,2016-07-07 00:00:00+00:00,2016-08-05 00:00:00+00:00,74.91484,76.38,1.2782517984903556,0.006391258992451778,21,EMA_TRAIL,True
AES,S3,long,RISK_ON,1,2016-07-07 00:00:00+00:00,2016-07-28 00:00:00+00:00,12.112099999999998,12.112099999999998,0.5036803636457619,0.0025184018182288093,15,STOP_AFTER_TP1,True
COG,S3,long,RISK_ON,1,2016-07-08 00:00:00+00:00,2016-07-13 00:00:00+00:00,25.465439999999997,25.465439999999997,0.33493339303485775,0.0016746669651742888,3,STOP_AFTER_TP1,True
OKE,S3,long,RISK_ON,1,2016-07-08 00:00:00+00:00,2016-07-13 00:00:00+00:00,47.40736,47.40736,0.2738273150190561,0.0013691365750952806,3,STOP_AFTER_TP1,True
HP,S3,long,RISK_ON,1,2016-07-08 00:00:00+00:00,2016-07-19 00:00:00+00:00,66.51644999999999,66.51644999999999,0.2856397770060829,0.0014281988850304145,7,STOP_AFTER_TP1,True
TMK,S2,long,RISK_ON,1,2016-07-12 00:00:00+00:00,2016-08-02 00:00:00+00:00,62.12206,60.95,-0.42552566897312005,-0.0021276283448656004,15,SMA50_BREAK,False
OKE,S3,long,RISK_ON,1,2016-07-13 00:00:00+00:00,2016-07-20 00:00:00+00:00,47.387339999999995,46.363749999999996,-1.0,-0.005,5,SL,False
BSX,S3,long,RISK_ON,1,2016-07-13 00:00:00+00:00,2016-07-25 00:00:00+00:00,23.653629999999996,23.653629999999996,0.378172666284421,0.0018908633314221048,8,STOP_AFTER_TP1,True
IDXX,S3,long,RISK_ON,1,2016-07-13 00:00:00+00:00,2016-07-22 00:00:00+00:00,93.74365,93.74365,0.49822351764780615,0.002491117588239031,7,STOP_AFTER_TP1,True
LLL,S3,long,RISK_ON,1,2016-07-14 00:00:00+00:00,2016-07-20 00:00:00+00:00,148.93878999999998,148.93878999999998,0.40857028801898015,0.0020428514400949007,4,STOP_AFTER_TP1,True
CNP,S3,long,RISK_ON,1,2016-07-14 00:00:00+00:00,2016-07-27 00:00:00+00:00,23.683659999999996,23.9,0.9860884744525156,0.004930442372262578,9,EMA_TRAIL,True
DG,S3,long,RISK_ON,1,2016-07-14 00:00:00+00:00,2016-08-02 00:00:00+00:00,92.72262999999998,93.16,0.8209806910182181,0.004104903455091091,13,EMA_TRAIL,True
NWL,S3,long,RISK_ON,1,2016-07-14 00:00:00+00:00,2016-07-19 00:00:00+00:00,48.768719999999995,47.98311428571429,-1.0,-0.005,3,SL,False
AMZN,S3,long,RISK_ON,1,2016-07-14 00:00:00+00:00,2016-07-18 00:00:00+00:00,741.9412,732.3055357142857,-1.0,-0.005,2,SL,False
MRO,S3,long,RISK_ON,1,2016-07-14 00:00:00+00:00,2016-07-19 00:00:00+00:00,15.285269999999997,14.719921428571428,-1.0,-0.005,3,SL,False
ALGN,S3,long,RISK_ON,1,2016-07-15 00:00:00+00:00,2016-09-09 00:00:00+00:00,82.50241999999999,91.79,5.668091298024041,0.02834045649012021,39,EMA_TRAIL,True
HII,S3,long,RISK_ON,1,2016-07-15 00:00:00+00:00,2016-07-19 00:00:00+00:00,171.78161,170.01714642857144,-1.0,-0.005,2,SL,False
VTR,S3,long,RISK_ON,1,2016-07-15 00:00:00+00:00,2016-08-05 00:00:00+00:00,72.07199999999999,72.73,0.5427670576365353,0.0027138352881826765,15,EMA_TRAIL,True
DVN,S3,long,RISK_ON,1,2016-07-15 00:00:00+00:00,2016-07-20 00:00:00+00:00,38.328289999999996,37.055,-1.0,-0.005,3,SL,False
SNPS,S3,long,RISK_ON,1,2016-07-15 00:00:00+00:00,2016-07-26 00:00:00+00:00,54.474419999999995,54.023700000000005,-1.0,-0.005,7,SL,False
CHTR,S3,long,RISK_ON,1,2016-07-15 00:00:00+00:00,2016-07-19 00:00:00+00:00,235.21497999999997,231.970575,-1.0,-0.005,2,SL,False
COG,S3,long,RISK_ON,1,2016-07-18 00:00:00+00:00,2016-07-20 00:00:00+00:00,25.375349999999997,24.454732142857143,-1.0,-0.005,2,SL,False
CVX,S3,long,RISK_ON,1,2016-07-18 00:00:00+00:00,2016-07-20 00:00:00+00:00,106.19609,105.17785357142857,-1.0,-0.005,2,SL,False
VMC,S3,long,RISK_ON,1,2016-07-18 00:00:00+00:00,2016-07-29 00:00:00+00:00,125.11498999999998,125.11498999999998,0.2966546448395142,0.0014832732241975711,9,STOP_AFTER_TP1,True
MU,S3,long,RISK_ON,1,2016-07-18 00:00:00+00:00,2016-08-02 00:00:00+00:00,13.353339999999998,13.353339999999998,0.44103485753272037,0.002205174287663602,11,STOP_AFTER_TP1,True
EOG,S3,long,RISK_ON,1,2016-07-18 00:00:00+00:00,2016-07-19 00:00:00+00:00,83.33324999999999,82.04,-0.8015361799145494,-0.0040076808995727475,1,SMA50_BREAK,False
AMZN,S3,long,RISK_ON,1,2016-07-18 00:00:00+00:00,2016-08-19 00:00:00+00:00,736.80607,757.31,1.4613092336602846,0.007306546168301424,24,EMA_TRAIL,True
XEC,S3,long,RISK_ON,1,2016-07-19 00:00:00+00:00,2016-07-25 00:00:00+00:00,118.72860999999999,114.783575,-1.0,-0.005,4,SL,False
ZBH,S3,long,RISK_ON,1,2016-07-19 00:00:00+00:00,2016-07-22 00:00:00+00:00,124.64451999999999,124.64451999999999,0.4412081728197337,0.0022060408640986683,3,STOP_AFTER_TP1,True
DVA,S3,long,RISK_ON,1,2016-07-19 00:00:00+00:00,2016-07-27 00:00:00+00:00,77.42734999999999,76.57910357142856,-1.0,-0.005,6,SL,False
AIZ,S3,long,RISK_ON,1,2016-07-19 00:00:00+00:00,2016-07-26 00:00:00+00:00,87.67759,86.179475,-1.0,-0.005,5,SL,False
CHTR,S3,long,RISK_ON,1,2016-07-19 00:00:00+00:00,2016-07-20 00:00:00+00:00,232.24200999999996,229.73236071428573,-1.0,-0.005,1,SL,False
OKE,S3,long,RISK_ON,1,2016-07-20 00:00:00+00:00,2016-07-25 00:00:00+00:00,47.28724,45.432678571428575,-1.0,-0.005,3,SL,False
LLL,S3,long,RISK_ON,1,2016-07-20 00:00:00+00:00,2016-07-22 00:00:00+00:00,149.39925,147.03260714285713,-1.0,-0.005,2,SL,False
DVN,S3,long,RISK_ON,1,2016-07-20 00:00:00+00:00,2016-07-25 00:00:00+00:00,37.99796,36.02910714285714,-1.0,-0.005,3,SL,False
ATVI,S3,long,RISK_ON,1,2016-07-20 00:00:00+00:00,2016-07-28 00:00:00+00:00,41.42138,40.76758928571429,-1.0,-0.005,6,SL,False
HII,S3,long,RISK_ON,1,2016-07-20 00:00:00+00:00,2016-08-05 00:00:00+00:00,169.83966999999996,169.83966999999996,0.7483868421572106,0.0037419342107860533,12,STOP_AFTER_TP1,True
MRO,S3,long,RISK_ON,1,2016-07-20 00:00:00+00:00,2016-07-25 00:00:00+00:00,14.854839999999998,13.803928571428571,-1.0,-0.005,3,SL,False
CVX,S3,long,RISK_ON,1,2016-07-20 00:00:00+00:00,2016-07-25 00:00:00+00:00,105.69559,104.26303214285714,-1.0,-0.005,3,SL,False
ADM,S3,long,RISK_ON,1,2016-07-21 00:00:00+00:00,2016-08-02 00:00:00+00:00,43.433389999999996,43.433389999999996,0.3586115284793212,0.001793057642396606,8,STOP_AFTER_TP1,True
MLM,S3,long,RISK_ON,1,2016-07-21 00:00:00+00:00,2016-08-01 00:00:00+00:00,196.27607999999998,196.27607999999998,0.45358284106185986,0.0022679142053092993,7,STOP_AFTER_TP1,True
TDG,S3,long,RISK_ON,1,2016-07-21 00:00:00+00:00,2016-09-09 00:00:00+00:00,271.18091,283.41,3.068563439577734,0.01534281719788867,35,EMA_TRAIL,True
NWL,S3,long,RISK_ON,1,2016-07-21 00:00:00+00:00,2016-08-31 00:00:00+00:00,48.66861999999999,53.08,3.1391136538408633,0.015695568269204315,29,EMA_TRAIL,True
JCI,S2,long,RISK_ON,1,2016-07-21 00:00:00+00:00,2016-08-26 00:00:00+00:00,46.74830159999999,45.7591,-0.42597248806840216,-0.002129862440342011,26,SMA50_BREAK,False
AOS,S3,long,RISK_ON,1,2016-07-21 00:00:00+00:00,2016-07-22 00:00:00+00:00,44.869825,44.322857142857146,-1.0,-0.005,1,SL,False
LLL,S3,long,RISK_ON,1,2016-07-22 00:00:00+00:00,2016-08-11 00:00:00+00:00,148.19805,149.04,0.5672130916442474,0.002836065458221237,14,EMA_TRAIL,True
BSX,S3,long,RISK_ON,1,2016-07-25 00:00:00+00:00,2016-08-08 00:00:00+00:00,23.723699999999997,23.88,1.2198877789799742,0.006099438894899872,10,EMA_TRAIL,True
NEM,S3,long,RISK_ON,1,2016-07-25 00:00:00+00:00,2016-08-22 00:00:00+00:00,40.17013,43.32,2.3211622270682892,0.011605811135341447,20,EMA_TRAIL,True
IDXX,S3,long,RISK_ON,1,2016-07-25 00:00:00+00:00,2016-09-09 00:00:00+00:00,93.16306999999998,109.97,12.806948501999528,0.06403474250999765,33,EMA_TRAIL,True
AWK,S3,long,RISK_ON,1,2016-07-25 00:00:00+00:00,2016-07-27 00:00:00+00:00,82.91282999999999,80.79873571428571,-1.0,-0.005,2,SL,False
ZBH,S3,long,RISK_ON,1,2016-07-25 00:00:00+00:00,2016-07-27 00:00:00+00:00,123.47334999999998,121.8264642857143,-1.0,-0.005,2,SL,False
CHTR,S3,long,RISK_ON,1,2016-07-26 00:00:00+00:00,2016-10-03 00:00:00+00:00,238.21797999999995,268.16,4.109582072688431,0.020547910363442154,48,EMA_TRAIL,True
DVN,S1,long,RISK_ON,1,2016-07-26 00:00:00+00:00,2016-07-27 00:00:00+00:00,37.49746,36.13,-0.49502248028902,-0.0024751124014451,1,SMA50_BREAK,False
AYI,S3,long,RISK_ON,1,2016-07-26 00:00:00+00:00,2016-08-02 00:00:00+00:00,263.08281999999997,258.6713357142857,-1.0,-0.005,5,SL,False
AOS,S2,long,RISK_ON,1,2016-07-26 00:00:00+00:00,2016-09-09 00:00:00+00:00,46.911865,45.54,-0.44267877438193903,-0.002213393871909695,32,SMA50_BREAK,False
FIS,S2,long,RISK_ON,1,2016-07-26 00:00:00+00:00,2016-09-09 00:00:00+00:00,80.92084,77.4,-0.8746379316341081,-0.00437318965817054,32,SMA50_BREAK,False
ULTA,S3,long,RISK_ON,1,2016-07-27 00:00:00+00:00,2016-08-02 00:00:00+00:00,257.98773,257.98773,0.42823268722945096,0.0021411634361472548,4,STOP_AFTER_TP1,True
PVH,S3,long,RISK_ON,1,2016-07-27 00:00:00+00:00,2016-08-02 00:00:00+00:00,100.57046999999999,98.24517857142857,-1.0,-0.005,4,SL,False
AWK,S3,long,RISK_ON,1,2016-07-28 00:00:00+00:00,2016-08-04 00:00:00+00:00,82.14205999999999,80.10966428571427,-1.0,-0.005,5,SL,False
NUE,S3,long,RISK_ON,1,2016-07-28 00:00:00+00:00,2016-08-10 00:00:00+00:00,53.863809999999994,52.3255,-1.0,-0.005,9,SL,False
PWR,S3,long,RISK_ON,1,2016-07-28 00:00:00+00:00,2016-07-29 00:00:00+00:00,25.59557,25.288217857142858,-1.0,-0.005,1,SL,False
FCX,S3,long,RISK_ON,1,2016-07-28 00:00:00+00:00,2016-08-02 00:00:00+00:00,12.952939999999998,12.364942857142857,-1.0,-0.005,3,SL,False
SNPS,S3,long,RISK_ON,1,2016-07-28 00:00:00+00:00,2016-09-09 00:00:00+00:00,54.364309999999996,58.32,3.443451096970197,0.017217255484850983,30,EMA_TRAIL,True
SPGI,S2,long,RISK_ON,1,2016-07-28 00:00:00+00:00,2016-10-11 00:00:00+00:00,121.52139999999999,122.75,0.19445455634868358,0.000972272781743418,52,SMA50_BREAK,False
WRK,S3,long,RISK_ON,1,2016-07-28 00:00:00+00:00,2016-08-01 00:00:00+00:00,42.81277,42.01428571428571,-1.0,-0.005,2,SL,False
APC,S1,long,RISK_ON,1,2016-07-29 00:00:00+00:00,2016-08-01 00:00:00+00:00,54.584529999999994,51.85,-0.7393918909784091,-0.0036969594548920456,1,SMA50_BREAK,False
PKG,S3,long,RISK_ON,1,2016-07-29 00:00:00+00:00,2016-08-03 00:00:00+00:00,74.76468999999999,73.38767857142857,-1.0,-0.005,3,SL,False
NFX,S3,long,RISK_ON,1,2016-07-29 00:00:00+00:00,2016-08-01 00:00:00+00:00,43.34329999999999,41.29,-0.7842753156613885,-0.003921376578306943,1,SMA50_BREAK,False
CMA,S3,long,RISK_ON,1,2016-07-29 00:00:00+00:00,2016-08-01 00:00:00+00:00,45.285239999999995,44.64568571428572,-1.0,-0.005,1,SL,False
JEC,S3,long,RISK_ON,1,2016-07-29 00:00:00+00:00,2016-08-01 00:00:00+00:00,53.573519999999995,52.87145357142857,-1.0,-0.005,1,SL,False
PHM,S3,long,RISK_ON,1,2016-08-01 00:00:00+00:00,2016-08-04 00:00:00+00:00,21.46144,20.748571428571427,-1.0,-0.005,3,SL,False
HSY,S3,long,RISK_ON,1,2016-08-01 00:00:00+00:00,2016-08-30 00:00:00+00:00,111.00088999999998,107.79440714285714,-1.0,-0.005,21,SL,False
IFF,S3,long,RISK_ON,1,2016-08-01 00:00:00+00:00,2016-08-05 00:00:00+00:00,133.52338999999998,133.52338999999998,0.36415023773532706,0.0018207511886766353,4,STOP_AFTER_TP1,True
JEC,S3,long,RISK_ON,1,2016-08-01 00:00:00+00:00,2016-08-11 00:00:00+00:00,53.54349,53.54349,0.3069859675968136,0.0015349298379840682,8,STOP_AFTER_TP1,True
NAVI,S3,long,RISK_ON,1,2016-08-01 00:00:00+00:00,2016-08-02 00:00:00+00:00,14.003989999999998,13.735892857142856,-1.0,-0.005,1,SL,False
SWK,S3,long,RISK_ON,1,2016-08-02 00:00:00+00:00,2016-08-17 00:00:00+00:00,121.77165,121.77165,0.30059340677866386,0.0015029670338933194,11,STOP_AFTER_TP1,True
URI,S3,long,RISK_ON,1,2016-08-02 00:00:00+00:00,2016-09-09 00:00:00+00:00,75.39531999999998,77.9,1.5127987940899374,0.007563993970449687,27,EMA_TRAIL,True
SBAC,S3,long,RISK_ON,1,2016-08-02 00:00:00+00:00,2016-08-03 00:00:00+00:00,113.39327999999999,111.49661071428571,-1.0,-0.005,1,SL,False
MU,S3,long,RISK_ON,1,2016-08-02 00:00:00+00:00,2016-10-11 00:00:00+00:00,13.4134,16.86,4.343467591871839,0.021717337959359196,49,EMA_TRAIL,True
A,S3,long,RISK_ON,1,2016-08-02 00:00:00+00:00,2016-08-18 00:00:00+00:00,47.22718,47.22718,0.5489480634239808,0.0027447403171199044,12,STOP_AFTER_TP1,True
FCX,S3,long,RISK_ON,1,2016-08-02 00:00:00+00:00,2016-08-05 00:00:00+00:00,12.4124,11.893335714285715,-1.0,-0.005,3,SL,False
DGX,S3,long,RISK_ON,1,2016-08-02 00:00:00+00:00,2016-08-17 00:00:00+00:00,85.32523999999998,84.29916428571428,-1.0,-0.005,11,SL,False
HCP,S3,long,RISK_ON,1,2016-08-02 00:00:00+00:00,2016-08-03 00:00:00+00:00,38.99896,38.51717857142857,-1.0,-0.005,1,SL,False
CTAS,S3,long,RISK_ON,1,2016-08-02 00:00:00+00:00,2016-09-09 00:00:00+00:00,106.45634999999999,113.81,5.202117478973494,0.02601058739486747,27,EMA_TRAIL,True
MDT,S3,long,RISK_ON,1,2016-08-02 00:00:00+00:00,2016-08-03 00:00:00+00:00,87.72764,86.549825,-1.0,-0.005,1,SL,False
FFIV,S3,long,RISK_ON,1,2016-08-02 00:00:00+00:00,2016-08-17 00:00:00+00:00,123.03290999999999,123.03290999999999,0.40288957952131016,0.0020144478976065507,11,STOP_AFTER_TP1,True
ISRG,S3,long,RISK_ON,1,2016-08-02 00:00:00+00:00,2016-08-17 00:00:00+00:00,230.39326309999996,226.50443214285713,-1.0,-0.005,11,SL,False
CERN,S2,long,RISK_ON,1,2016-08-03 00:00:00+00:00,2016-09-09 00:00:00+00:00,66.3663,62.22,-0.4689355152708309,-0.0023446775763541544,26,SMA50_BREAK,False
KMX,S3,long,RISK_ON,1,2016-08-03 00:00:00+00:00,2016-08-24 00:00:00+00:00,56.2562,58.22,1.078279606078028,0.0053913980303901396,15,EMA_TRAIL,True
PKG,S3,long,RISK_ON,1,2016-08-03 00:00:00+00:00,2016-09-14 00:00:00+00:00,74.11404,78.63,2.47161920876656,0.012358096043832801,29,EMA_TRAIL,True
SBAC,S3,long,RISK_ON,1,2016-08-03 00:00:00+00:00,2016-08-17 00:00:00+00:00,113.32320999999997,113.32320999999997,0.28367795914448524,0.0014183897957224263,10,STOP_AFTER_TP1,True
KMI,S3,long,RISK_ON,1,2016-08-03 00:00:00+00:00,2016-09-13 00:00:00+00:00,20.150129999999997,21.86,1.8451457370186004,0.009225728685093002,28,EMA_TRAIL,True
PNR,S3,long,RISK_ON,1,2016-08-03 00:00:00+00:00,2016-08-24 00:00:00+00:00,62.402339999999995,64.51,0.9286782482610982,0.004643391241305491,15,EMA_TRAIL,True
MCK,S3,long,RISK_ON,1,2016-08-03 00:00:00+00:00,2016-08-24 00:00:00+00:00,195.33513999999997,190.44710357142858,-1.0,-0.005,15,SL,False
QCOM,S3,long,RISK_ON,1,2016-08-03 00:00:00+00:00,2016-09-09 00:00:00+00:00,61.071009999999994,61.071009999999994,0.3494265097021175,0.0017471325485105876,26,STOP_AFTER_TP1,True
SLG,S3,long,RISK_ON,1,2016-08-03 00:00:00+00:00,2016-08-19 00:00:00+00:00,116.39627999999999,116.39627999999999,0.35654089360987085,0.0017827044680493542,12,STOP_AFTER_TP1,True
XYL,S3,long,RISK_ON,1,2016-08-04 00:00:00+00:00,2016-09-09 00:00:00+00:00,46.966919999999995,48.65,1.1227133213211211,0.0056135666066056055,25,EMA_TRAIL,True
ADM,S3,long,RISK_ON,1,2016-08-04 00:00:00+00:00,2016-08-25 00:00:00+00:00,43.783739999999995,42.56,-0.9512766895467214,-0.0047563834477336074,15,SMA50_BREAK,False
AYI,S3,long,RISK_ON,1,2016-08-04 00:00:00+00:00,2016-09-06 00:00:00+00:00,264.01374999999996,272.1,1.1929590278706077,0.005964795139353039,22,EMA_TRAIL,True
PHM,S3,long,RISK_ON,1,2016-08-04 00:00:00+00:00,2016-09-06 00:00:00+00:00,21.06104,20.84,-0.3799542271160109,-0.0018997711355800545,22,SMA50_BREAK,False
HCP,S3,long,RISK_ON,1,2016-08-04 00:00:00+00:00,2016-08-11 00:00:00+00:00,38.5385,38.5385,0.5307405224906725,0.0026537026124533627,5,STOP_AFTER_TP1,True
BMY,S3,long,RISK_ON,1,2016-08-04 00:00:00+00:00,2016-08-05 00:00:00+00:00,75.39531999999998,73.71193928571428,-1.0,-0.005,1,SL,False
AMT,S3,long,RISK_ON,1,2016-08-04 00:00:00+00:00,2016-08-16 00:00:00+00:00,116.53641999999999,114.633,-1.0,-0.005,8,SL,False
MLM,S3,long,RISK_ON,1,2016-08-04 00:00:00+00:00,2016-08-17 00:00:00+00:00,198.66846999999999,195.1667892857143,-1.0,-0.005,9,SL,False
EFX,S3,long,RISK_ON,1,2016-08-05 00:00:00+00:00,2016-08-25 00:00:00+00:00,132.97284,130.49,-0.6972554504048567,-0.0034862772520242837,14,SMA50_BREAK,False
EW,S3,long,RISK_ON,1,2016-08-05 00:00:00+00:00,2016-09-09 00:00:00+00:00,113.34322999999999,114.6,1.2191165666281394,0.0060955828331406975,24,EMA_TRAIL,True
MON,S3,long,RISK_ON,1,2016-08-08 00:00:00+00:00,2016-08-09 00:00:00+00:00,106.85674999999999,105.67605,-1.0,-0.005,1,SL,False
CHK,S3,long,RISK_ON,1,2016-08-08 00:00:00+00:00,2016-09-19 00:00:00+00:00,5.015009999999999,6.81,5.122988906549045,0.025614944532745227,29,EMA_TRAIL,True
DLTR,S3,long,RISK_ON,1,2016-08-08 00:00:00+00:00,2016-08-15 00:00:00+00:00,95.99589999999999,95.99589999999999,0.569577274622589,0.002847886373112945,5,STOP_AFTER_TP1,True
LH,S3,long,RISK_ON,1,2016-08-08 00:00:00+00:00,2016-08-16 00:00:00+00:00,139.48934999999997,138.21875,-1.0,-0.005,6,SL,False
GIS,S3,long,RISK_ON,1,2016-08-09 00:00:00+00:00,2016-08-30 00:00:00+00:00,71.00093,70.51,-0.3792006850199319,-0.0018960034250996597,15,SMA50_BREAK,False
NAVI,S3,long,RISK_ON,1,2016-08-09 00:00:00+00:00,2016-08-10 00:00:00+00:00,14.22421,14.015892857142857,-1.0,-0.005,1,SL,False
MON,S3,long,RISK_ON,1,2016-08-09 00:00:00+00:00,2016-08-12 00:00:00+00:00,106.60649999999998,104.90676428571429,-1.0,-0.005,3,SL,False
BSX,S3,long,RISK_ON,1,2016-08-09 00:00:00+00:00,2016-08-24 00:00:00+00:00,24.174149999999997,23.58625,-1.0,-0.005,11,SL,False
EBAY,S3,long,RISK_ON,1,2016-08-09 00:00:00+00:00,2016-08-16 00:00:00+00:00,31.141109999999998,30.592142857142857,-0.6794846772857408,-0.0033974233864287042,5,SL,False
HPQ,S3,long,RISK_ON,1,2016-08-10 00:00:00+00:00,2016-08-25 00:00:00+00:00,14.204189999999999,14.204189999999999,0.33268184816341245,0.0016634092408170623,11,STOP_AFTER_TP1,True
WMB,S3,long,RISK_ON,1,2016-08-10 00:00:00+00:00,2016-10-12 00:00:00+00:00,25.41539,29.89,3.4795478565799365,0.01739773928289968,44,EMA_TRAIL,True
SJM,S3,long,RISK_ON,1,2016-08-10 00:00:00+00:00,2016-08-15 00:00:00+00:00,154.14399,151.8778,-1.0,-0.005,3,SL,False
CMA,S3,long,RISK_ON,1,2016-08-10 00:00:00+00:00,2016-08-12 00:00:00+00:00,45.37532999999999,44.868785714285714,-1.0,-0.005,2,SL,False
EA,S3,long,RISK_ON,1,2016-08-10 00:00:00+00:00,2016-08-12 00:00:00+00:00,78.64856999999998,77.6525,-1.0,-0.005,2,SL,False
VRTX,S3,long,RISK_ON,1,2016-08-10 00:00:00+00:00,2016-08-19 00:00:00+00:00,99.79969999999999,98.25549642857142,-1.0,-0.005,7,SL,False
VTR,S3,long,RISK_ON,1,2016-08-11 00:00:00+00:00,2016-08-17 00:00:00+00:00,74.02395,72.68275714285714,-1.0,-0.005,4,SL,False
IFF,S3,long,RISK_ON,1,2016-08-12 00:00:00+00:00,2016-08-16 00:00:00+00:00,135.72558999999998,134.11560714285713,-1.0,-0.005,2,SL,False
JEC,S3,long,RISK_ON,1,2016-08-12 00:00:00+00:00,2016-08-31 00:00:00+00:00,53.563509999999994,52.86405357142857,-1.0,-0.005,13,SL,False
CMA,S3,long,RISK_ON,1,2016-08-12 00:00:00+00:00,2016-09-09 00:00:00+00:00,45.235189999999996,46.2,1.013007801089524,0.00506503900544762,19,EMA_TRAIL,True
ZBH,S3,long,RISK_ON,1,2016-08-12 00:00:00+00:00,2016-08-17 00:00:00+00:00,129.46934,127.66464285714284,-1.0,-0.005,3,SL,False
HCN,S3,long,RISK_ON,1,2016-08-15 00:00:00+00:00,2016-08-16 00:00:00+00:00,77.82775,76.9087142857143,-1.0,-0.005,1,SL,False
NAVI,S3,long,RISK_ON,1,2016-08-15 00:00:00+00:00,2016-09-09 00:00:00+00:00,13.83382,14.23,0.7626655070673269,0.003813327535336635,18,EMA_TRAIL,True
IFF,S3,long,RISK_ON,1,2016-08-16 00:00:00+00:00,2016-09-14 00:00:00+00:00,134.17404,134.58,0.28838150482595903,0.0014419075241297952,20,SMA50_BREAK,False
LH,S3,long,RISK_ON,1,2016-08-16 00:00:00+00:00,2016-08-22 00:00:00+00:00,139.02888999999996,137.438875,-1.0,-0.005,4,SL,False
EBAY,S3,long,RISK_ON,1,2016-08-16 00:00:00+00:00,2016-08-19 00:00:00+00:00,30.860829999999996,30.373214285714283,-1.0,-0.005,3,SL,False
FFIV,S3,long,RISK_ON,1,2016-08-17 00:00:00+00:00,2016-08-31 00:00:00+00:00,123.44331999999999,121.73125357142857,-1.0,-0.005,10,SL,False
CXO,S3,long,RISK_ON,1,2016-08-17 00:00:00+00:00,2016-09-13 00:00:00+00:00,132.92278999999996,128.03444642857144,-1.0,-0.005,18,SL,False
SBAC,S3,long,RISK_ON,1,2016-08-17 00:00:00+00:00,2016-09-09 00:00:00+00:00,114.57445999999999,114.57445999999999,0.4016910279124522,0.002008455139562261,16,STOP_AFTER_TP1,True
GRMN,S3,long,RISK_ON,1,2016-08-17 00:00:00+00:00,2016-08-22 00:00:00+00:00,54.80474999999999,53.76196785714286,-0.6617918868594402,-0.0033089594342972013,3,SL,False
VTR,S3,long,RISK_ON,1,2016-08-17 00:00:00+00:00,2016-08-26 00:00:00+00:00,74.20412999999999,71.9624,-1.0,-0.005,7,SL,False
SWK,S3,long,RISK_ON,1,2016-08-17 00:00:00+00:00,2016-09-07 00:00:00+00:00,122.46233999999998,122.46233999999998,0.2761207765773425,0.0013806038828867125,14,STOP_AFTER_TP1,True
ARE,S3,long,RISK_ON,1,2016-08-18 00:00:00+00:00,2016-08-26 00:00:00+00:00,110.3102,108.1128142857143,-1.0,-0.005,6,SL,False
LLL,S3,long,RISK_ON,1,2016-08-18 00:00:00+00:00,2016-08-23 00:00:00+00:00,150.73058,147.08,-0.9258999186931759,-0.004629499593465879,3,SMA50_BREAK,False
DGX,S3,long,RISK_ON,1,2016-08-18 00:00:00+00:00,2016-08-24 00:00:00+00:00,85.26518,83.84051071428571,-1.0,-0.005,4,SL,False
EBAY,S3,long,RISK_ON,1,2016-08-19 00:00:00+00:00,2016-09-19 00:00:00+00:00,30.660629999999994,31.57,1.946285798896684,0.00973142899448342,20,EMA_TRAIL,True
ISRG,S3,long,RISK_ON,1,2016-08-19 00:00:00+00:00,2016-09-09 00:00:00+00:00,229.45232309999997,225.5639607142857,-1.0,-0.005,14,SL,False
RMD,S3,long,RISK_ON,1,2016-08-22 00:00:00+00:00,2016-08-23 00:00:00+00:00,69.84978,68.8767857142857,-1.0,-0.005,1,SL,False
DRE,S3,long,RISK_ON,1,2016-08-22 00:00:00+00:00,2016-08-26 00:00:00+00:00,28.028,27.483749999999997,-1.0,-0.005,4,SL,False
AMZN,S3,long,RISK_ON,1,2016-08-22 00:00:00+00:00,2016-09-09 00:00:00+00:00,760.23948,760.23948,0.39147476366092154,0.0019573738183046078,13,STOP_AFTER_TP1,True
PLD,S3,long,RISK_ON,1,2016-08-22 00:00:00+00:00,2016-08-26 00:00:00+00:00,53.6536,52.639717857142855,-1.0,-0.005,4,SL,False
A,S3,long,RISK_ON,1,2016-08-23 00:00:00+00:00,2016-08-24 00:00:00+00:00,47.867819999999995,47.02514285714286,-1.0,-0.005,1,SL,False
GRMN,S3,long,RISK_ON,1,2016-08-23 00:00:00+00:00,2016-08-24 00:00:00+00:00,53.72367,52.20339642857143,-1.0,-0.005,1,SL,False
HCP,S3,long,RISK_ON,1,2016-08-24 00:00:00+00:00,2016-08-26 00:00:00+00:00,39.49946,38.88964285714285,-1.0,-0.005,2,SL,False
KMX,S3,long,RISK_ON,1,2016-08-25 00:00:00+00:00,2016-09-09 00:00:00+00:00,58.438379999999995,58.438379999999995,0.6414352464885882,0.003207176232442941,10,STOP_AFTER_TP1,True
A,S3,long,RISK_ON,1,2016-08-29 00:00:00+00:00,2016-09-09 00:00:00+00:00,47.66761999999999,46.68103571428571,-1.0,-0.005,8,SL,False
PNR,S3,long,RISK_ON,1,2016-08-29 00:00:00+00:00,2016-09-01 00:00:00+00:00,64.84478,62.86743928571428,-1.0,-0.005,3,SL,False
HPQ,S3,long,RISK_ON,1,2016-08-29 00:00:00+00:00,2016-08-31 00:00:00+00:00,14.444429999999999,14.242142857142856,-1.0,-0.005,2,SL,False
MRO,S3,long,RISK_ON,1,2016-08-29 00:00:00+00:00,2016-08-31 00:00:00+00:00,16.005989999999997,15.405178571428571,-1.0,-0.005,2,SL,False
HAL,S3,long,RISK_ON,1,2016-08-29 00:00:00+00:00,2016-08-30 00:00:00+00:00,44.78474,43.90446785714286,-1.0,-0.005,1,SL,False
DVN,S3,long,RISK_ON,1,2016-08-30 00:00:00+00:00,2016-08-31 00:00:00+00:00,44.48443999999999,43.40372142857143,-1.0,-0.005,1,SL,False
EA,S3,long,RISK_ON,1,2016-08-31 00:00:00+00:00,2016-09-09 00:00:00+00:00,81.31123,81.31123,0.4549879826126383,0.0022749399130631916,6,STOP_AFTER_TP1,True
HPQ,S3,long,RISK_ON,1,2016-08-31 00:00:00+00:00,2016-09-09 00:00:00+00:00,14.384369999999997,14.384369999999997,0.37896423553516034,0.0018948211776758017,6,STOP_AFTER_TP1,True
XEC,S3,long,RISK_ON,1,2016-08-31 00:00:00+00:00,2016-09-09 00:00:00+00:00,132.31217999999998,132.31217999999998,0.3951757742866726,0.001975878871433363,6,STOP_AFTER_TP1,True
MRK,S3,long,RISK_ON,1,2016-09-01 00:00:00+00:00,2016-09-12 00:00:00+00:00,62.96289999999999,62.04667857142857,-1.0,-0.005,6,SL,False
GLW,S3,long,RISK_ON,1,2016-09-01 00:00:00+00:00,2016-09-09 00:00:00+00:00,22.732709999999997,22.419285714285714,-1.0,-0.005,5,SL,False
DRE,S3,long,RISK_ON,1,2016-09-01 00:00:00+00:00,2016-09-07 00:00:00+00:00,28.03801,28.03801,0.4628504717770574,0.002314252358885287,3,STOP_AFTER_TP1,True
BBY,S3,long,RISK_ON,1,2016-09-01 00:00:00+00:00,2016-09-09 00:00:00+00:00,38.57854,37.33467857142857,-1.0,-0.005,5,SL,False
ILMN,S3,long,RISK_ON,1,2016-09-01 00:00:00+00:00,2016-10-11 00:00:00+00:00,168.72856,168.72856,0.894523247181805,0.004472616235909025,27,STOP_AFTER_TP1,True
IP,S3,long,RISK_ON,1,2016-09-01 00:00:00+00:00,2016-09-09 00:00:00+00:00,48.758709999999994,47.718875,-1.0,-0.005,5,SL,False
NWL,S3,long,RISK_ON,1,2016-09-02 00:00:00+00:00,2016-09-09 00:00:00+00:00,53.623569999999994,52.10196785714286,-1.0,-0.005,4,SL,False
FFIV,S3,long,RISK_ON,1,2016-09-02 00:00:00+00:00,2016-09-07 00:00:00+00:00,124.01388999999999,121.50556428571429,-1.0,-0.005,2,SL,False
TXN,S3,long,RISK_ON,1,2016-09-06 00:00:00+00:00,2016-09-08 00:00:00+00:00,69.85979,68.90751428571429,-1.0,-0.005,2,SL,False
MSFT,S3,long,RISK_ON,1,2016-09-06 00:00:00+00:00,2016-09-09 00:00:00+00:00,57.667609999999996,56.918392857142855,-1.0,-0.005,3,SL,False
DVN,S3,long,RISK_ON,1,2016-09-06 00:00:00+00:00,2016-09-12 00:00:00+00:00,44.25420999999999,42.95928571428572,-1.0,-0.005,4,SL,False
MTD,S3,long,RISK_ON,1,2016-09-06 00:00:00+00:00,2016-09-09 00:00:00+00:00,405.21480999999994,396.13589642857147,-1.0,-0.005,3,SL,False
LRCX,S3,long,RISK_ON,1,2016-09-06 00:00:00+00:00,2016-09-09 00:00:00+00:00,93.79369999999999,92.262475,-1.0,-0.005,3,SL,False
ITW,S3,long,RISK_ON,1,2016-09-07 00:00:00+00:00,2016-09-09 00:00:00+00:00,119.77965999999998,118.37278928571429,-1.0,-0.005,2,SL,False
NWSA,S3,long,RISK_ON,1,2016-09-07 00:00:00+00:00,2016-09-09 00:00:00+00:00,13.793779999999998,13.548392857142858,-1.0,-0.005,2,SL,False
CME,S3,long,RISK_ON,1,2016-09-07 00:00:00+00:00,2016-09-23 00:00:00+00:00,106.91680999999998,106.91680999999998,0.4413976412672509,0.0022069882063362545,12,STOP_AFTER_TP1,True
XLNX,S3,long,RISK_ON,1,2016-09-07 00:00:00+00:00,2016-09-08 00:00:00+00:00,53.823769999999996,53.347321428571426,-1.0,-0.005,1,SL,False
MS,S3,long,RISK_ON,1,2016-09-07 00:00:00+00:00,2016-09-12 00:00:00+00:00,31.72169,31.286428571428573,-1.0,-0.005,3,SL,False
HRS,S3,long,RISK_ON,1,2016-09-08 00:00:00+00:00,2016-09-09 00:00:00+00:00,92.89279999999998,92.01803571428572,-1.0,-0.005,1,SL,False
AVGO,S1,long,DEFENSIVE,1,2016-09-14 00:00:00+00:00,2016-09-20 00:00:00+00:00,169.77961,168.23,-0.14102183749467637,-0.0007051091874733819,4,SMA50_BREAK,False
KMI,S3,long,RISK_ON,1,2016-09-22 00:00:00+00:00,2016-09-27 00:00:00+00:00,22.132109999999997,21.692589285714284,-1.0,-0.005,3,SL,False
XLNX,S3,long,RISK_ON,1,2016-09-22 00:00:00+00:00,2016-09-27 00:00:00+00:00,53.49343999999999,52.37035714285714,-1.0,-0.005,3,SL,False
NTAP,S3,long,RISK_ON,1,2016-09-28 00:00:00+00:00,2016-10-11 00:00:00+00:00,35.18514999999999,34.440064285714286,-1.0,-0.005,9,SL,False
BBY,S3,long,RISK_ON,1,2016-09-28 00:00:00+00:00,2016-10-27 00:00:00+00:00,37.717679999999994,38.48,1.6334397152767277,0.00816719857638364,21,EMA_TRAIL,True
EBAY,S3,long,RISK_ON,1,2016-09-28 00:00:00+00:00,2016-10-03 00:00:00+00:00,31.881849999999996,31.881849999999996,0.6338523526599835,0.0031692617632999177,3,STOP_AFTER_TP1,True
DVN,S1,long,RISK_ON,1,2016-09-28 00:00:00+00:00,2016-10-17 00:00:00+00:00,41.621579999999994,41.77,0.05816104205527268,0.0002908052102763634,13,SMA50_BREAK,False
ATVI,S3,long,RISK_ON,1,2016-09-28 00:00:00+00:00,2016-10-11 00:00:00+00:00,44.204159999999995,43.237742857142855,-1.0,-0.005,9,SL,False
WRK,S3,long,RISK_ON,1,2016-09-28 00:00:00+00:00,2016-10-05 00:00:00+00:00,47.78774,46.281103571428574,-1.0,-0.005,5,SL,False
XEC,S1,long,RISK_ON,1,2016-09-28 00:00:00+00:00,2016-10-24 00:00:00+00:00,129.20908,135.72,0.8062788188886458,0.004031394094443229,18,EMA_TRAIL,True
FB,S3,long,RISK_ON,1,2016-09-28 00:00:00+00:00,2016-10-27 00:00:00+00:00,129.35922999999997,129.35922999999997,0.3093811319972031,0.0015469056599860154,21,STOP_AFTER_TP1,True
BK,S2,long,RISK_ON,1,2016-11-09 00:00:00+00:00,2017-01-17 00:00:00+00:00,45.585539999999995,46.43,0.378719616051741,0.0018935980802587049,45,SMA50_BREAK,False
MS,S2,long,RISK_ON,1,2016-11-09 00:00:00+00:00,2016-12-29 00:00:00+00:00,36.55652,42.15,0.958287607561668,0.00479143803780834,34,EMA_TRAIL,True
AKAM,S3,long,RISK_ON,1,2016-11-09 00:00:00+00:00,2016-12-01 00:00:00+00:00,66.59652999999999,63.70439285714286,-1.0,-0.005,15,SL,False
APC,S1,long,RISK_ON,1,2016-11-09 00:00:00+00:00,2016-11-14 00:00:00+00:00,61.251189999999994,60.5,-0.19755628667082062,-0.0009877814333541031,3,SMA50_BREAK,False
NFLX,S3,long,RISK_ON,1,2016-11-09 00:00:00+00:00,2016-11-10 00:00:00+00:00,122.31218999999999,119.38334642857143,-1.0,-0.005,1,SL,False
EXPE,S3,long,RISK_ON,1,2016-11-09 00:00:00+00:00,2016-11-10 00:00:00+00:00,124.87474999999999,122.00776071428572,-1.0,-0.005,1,SL,False
PNC,S2,long,RISK_ON,1,2016-11-09 00:00:00+00:00,2017-01-17 00:00:00+00:00,101.35125,113.93,1.2276755189672648,0.006138377594836324,45,EMA_TRAIL,True
GS,S2,long,RISK_ON,1,2016-11-09 00:00:00+00:00,2017-01-17 00:00:00+00:00,192.82262999999998,235.74,1.213236527162194,0.0060661826358109705,45,EMA_TRAIL,True
FITB,S2,long,RISK_ON,1,2016-11-09 00:00:00+00:00,2016-12-29 00:00:00+00:00,22.972949999999997,26.73,1.3674229502231436,0.006837114751115718,34,EMA_TRAIL,True
TWX,S3,long,RISK_ON,1,2016-11-10 00:00:00+00:00,2017-01-05 00:00:00+00:00,86.41632999999999,95.09,4.2244401691897515,0.02112220084594876,37,EMA_TRAIL,True
HOG,S3,long,RISK_ON,1,2016-11-15 00:00:00+00:00,2016-12-15 00:00:00+00:00,58.34828999999999,59.83,1.198665206080963,0.005993326030404815,21,EMA_TRAIL,True
PCLN,S3,long,RISK_ON,1,2016-11-16 00:00:00+00:00,2016-12-01 00:00:00+00:00,1504.7332299999998,1479.66,-0.6498117847099733,-0.0032490589235498663,10,SMA50_BREAK,False
MGM,S3,long,RISK_ON,1,2016-11-16 00:00:00+00:00,2016-12-19 00:00:00+00:00,27.737709999999996,28.59,1.0437956992556467,0.005218978496278234,22,EMA_TRAIL,True
EXPE,S3,long,RISK_ON,1,2016-11-16 00:00:00+00:00,2016-12-01 00:00:00+00:00,125.3252,122.01,-0.5521130044448286,-0.002760565022224143,10,SMA50_BREAK,False
MPC,S3,long,RISK_ON,1,2016-11-16 00:00:00+00:00,2017-01-09 00:00:00+00:00,43.53349,49.46,3.0033506337794478,0.015016753168897239,35,EMA_TRAIL,True
CMI,S3,long,RISK_ON,1,2016-11-17 00:00:00+00:00,2016-12-14 00:00:00+00:00,135.56543,138.86,1.7303164153673674,0.008651582076836837,18,EMA_TRAIL,True
JNPR,S3,long,RISK_ON,1,2016-11-17 00:00:00+00:00,2017-01-11 00:00:00+00:00,26.266239999999996,27.85,1.7707458997051506,0.008853729498525753,36,EMA_TRAIL,True
TIF,S3,long,RISK_ON,1,2016-11-17 00:00:00+00:00,2016-12-15 00:00:00+00:00,77.18710999999999,81.03,1.3632823906488305,0.0068164119532441525,19,EMA_TRAIL,True
FTI,S3,long,RISK_ON,1,2016-11-18 00:00:00+00:00,2016-11-25 00:00:00+00:00,34.294259999999994,33.68044642857143,-1.0,-0.005,4,SL,False
PFG,S3,long,RISK_ON,1,2016-11-18 00:00:00+00:00,2016-12-16 00:00:00+00:00,57.71765999999999,57.8,0.34499099157638047,0.0017249549578819024,19,EMA_TRAIL,True
RE,S3,long,RISK_ON,1,2016-11-21 00:00:00+00:00,2016-11-22 00:00:00+00:00,211.09087999999997,208.6381964285714,-1.0,-0.005,1,SL,False
ADI,S2,long,RISK_ON,1,2016-11-22 00:00:00+00:00,2017-03-21 00:00:00+00:00,72.96288999999999,81.8,1.0087509811971713,0.005043754905985857,80,EMA_TRAIL,True
GPS,S1,long,RISK_ON,1,2016-11-22 00:00:00+00:00,2016-11-25 00:00:00+00:00,25.89587,25.57,-0.1976371123766535,-0.0009881855618832675,2,SMA50_BREAK,False
STT,S3,long,RISK_ON,1,2016-11-22 00:00:00+00:00,2016-11-29 00:00:00+00:00,78.08801,76.68027142857143,-1.0,-0.005,4,SL,False
PWR,S3,long,RISK_ON,1,2016-11-22 00:00:00+00:00,2016-12-28 00:00:00+00:00,32.252219999999994,34.42,2.394016324870417,0.011970081624352084,24,EMA_TRAIL,True
MSFT,S3,long,RISK_ON,1,2016-11-23 00:00:00+00:00,2016-11-30 00:00:00+00:00,60.46039999999999,60.46039999999999,0.33092113042450555,0.0016546056521225278,4,STOP_AFTER_TP1,True
RE,S3,long,RISK_ON,1,2016-11-23 00:00:00+00:00,2016-11-28 00:00:00+00:00,209.87966999999998,206.76269642857142,-1.0,-0.005,2,SL,False
ADSK,S3,long,RISK_ON,1,2016-11-25 00:00:00+00:00,2016-11-30 00:00:00+00:00,75.90583,72.92178214285714,-1.0,-0.005,3,SL,False
FTI,S3,long,RISK_ON,1,2016-11-25 00:00:00+00:00,2016-11-28 00:00:00+00:00,34.01398,33.20276785714286,-1.0,-0.005,1,SL,False
AIG,S3,long,RISK_ON,1,2016-11-28 00:00:00+00:00,2016-12-29 00:00:00+00:00,63.37331,65.5,3.037329227358331,0.015186646136791656,22,EMA_TRAIL,True
PRU,S3,long,RISK_ON,1,2016-11-28 00:00:00+00:00,2016-12-29 00:00:00+00:00,99.4994,103.92,1.4451171371096896,0.007225585685548448,22,EMA_TRAIL,True
JPM,S3,long,RISK_ON,1,2016-11-28 00:00:00+00:00,2017-01-17 00:00:00+00:00,78.39831999999998,83.55,2.3429507569988077,0.011714753784994038,33,EMA_TRAIL,True
KEY,S3,long,RISK_ON,1,2016-11-28 00:00:00+00:00,2017-01-17 00:00:00+00:00,17.017,17.71,1.258187357197274,0.00629093678598637,33,EMA_TRAIL,True
CSX,S3,long,RISK_ON,1,2016-11-28 00:00:00+00:00,2016-12-30 00:00:00+00:00,34.70467,35.93,2.004944793942167,0.010024723969710837,23,EMA_TRAIL,True
MET,S3,long,RISK_ON,1,2016-11-28 00:00:00+00:00,2016-12-16 00:00:00+00:00,54.43438,54.43438,0.34695339085597887,0.0017347669542798945,14,STOP_AFTER_TP1,True
C,S3,long,RISK_ON,1,2016-11-28 00:00:00+00:00,2017-01-12 00:00:00+00:00,55.52546999999999,59.23,3.9361410715844283,0.019680705357922143,31,EMA_TRAIL,True
RF,S3,long,RISK_ON,1,2016-11-28 00:00:00+00:00,2017-01-17 00:00:00+00:00,13.093079999999999,13.78,1.772214908276717,0.008861074541383586,33,EMA_TRAIL,True
KSS,S3,long,RISK_ON,1,2016-11-28 00:00:00+00:00,2016-12-16 00:00:00+00:00,54.104049999999994,54.104049999999994,0.5690430017864748,0.0028452150089323743,14,STOP_AFTER_TP1,True
HBAN,S3,long,RISK_ON,1,2016-11-28 00:00:00+00:00,2017-01-17 00:00:00+00:00,12.27226,12.95,2.576788251444101,0.012883941257220506,33,EMA_TRAIL,True
RE,S3,long,RISK_ON,1,2016-11-28 00:00:00+00:00,2017-03-07 00:00:00+00:00,208.86865999999998,231.43,4.5513907566080185,0.022756953783040094,67,EMA_TRAIL,True
INCY,S3,long,RISK_ON,1,2016-11-28 00:00:00+00:00,2016-11-30 00:00:00+00:00,105.27516999999999,102.21560714285714,-1.0,-0.005,2,SL,False
ZION,S3,long,RISK_ON,1,2016-11-28 00:00:00+00:00,2017-01-17 00:00:00+00:00,38.448409999999996,41.77,2.325708786870301,0.011628543934351506,33,EMA_TRAIL,True
DAL,S3,long,RISK_ON,1,2016-11-29 00:00:00+00:00,2016-11-30 00:00:00+00:00,48.63859,47.69607142857143,-1.0,-0.005,1,SL,False
STT,S3,long,RISK_ON,1,2016-11-29 00:00:00+00:00,2016-12-16 00:00:00+00:00,77.08700999999999,78.62,1.3006430862476366,0.006503215431238183,13,EMA_TRAIL,True
RJF,S3,long,RISK_ON,1,2016-11-29 00:00:00+00:00,2016-12-13 00:00:00+00:00,71.17109999999998,71.17109999999998,0.6792147874543282,0.003396073937271641,10,STOP_AFTER_TP1,True
SYF,S3,long,RISK_ON,1,2016-11-29 00:00:00+00:00,2017-01-11 00:00:00+00:00,33.8338,36.36,2.8936697307516974,0.014468348653758487,29,EMA_TRAIL,True
COF,S3,long,RISK_ON,1,2016-11-29 00:00:00+00:00,2016-12-29 00:00:00+00:00,82.68259999999998,87.11,3.3272081706558705,0.01663604085327935,21,EMA_TRAIL,True
FL,S3,long,RISK_ON,1,2016-11-29 00:00:00+00:00,2016-11-30 00:00:00+00:00,72.51243999999998,71.20021428571428,-1.0,-0.005,1,SL,False
INCY,S3,long,RISK_ON,1,2016-11-30 00:00:00+00:00,2016-12-01 00:00:00+00:00,102.39228999999999,99.80739285714286,-1.0,-0.005,1,SL,False
FL,S3,long,RISK_ON,1,2016-11-30 00:00:00+00:00,2016-12-21 00:00:00+00:00,71.74167,75.08,1.8428266554777315,0.009214133277388658,15,EMA_TRAIL,True
NVDA,S3,long,RISK_ON,1,2016-11-30 00:00:00+00:00,2016-12-01 00:00:00+00:00,92.2922,89.96618571428571,-1.0,-0.005,1,SL,False
GLW,S3,long,RISK_ON,1,2016-11-30 00:00:00+00:00,2016-12-01 00:00:00+00:00,24.054029999999997,23.834225,-1.0,-0.005,1,SL,False
NAVI,S3,long,RISK_ON,1,2016-12-01 00:00:00+00:00,2016-12-02 00:00:00+00:00,16.94693,16.61422857142857,-1.0,-0.005,1,SL,False
UAL,S3,long,RISK_ON,1,2016-12-01 00:00:00+00:00,2017-01-05 00:00:00+00:00,68.53846999999999,70.93,1.4080875493744698,0.007040437746872349,23,EMA_TRAIL,True
CSRA,S3,long,RISK_ON,1,2016-12-01 00:00:00+00:00,2016-12-12 00:00:00+00:00,31.881849999999996,31.881849999999996,0.5825458171197693,0.0029127290855988463,7,STOP_AFTER_TP1,True
TXT,S2,long,RISK_ON,1,2016-12-01 00:00:00+00:00,2017-01-25 00:00:00+00:00,47.927879999999995,44.851724999999995,-0.7141155110844537,-0.0035705775554222686,36,SL,False
M,S3,long,RISK_ON,1,2016-12-01 00:00:00+00:00,2016-12-12 00:00:00+00:00,42.462419999999995,40.91723928571428,-1.0,-0.005,7,SL,False
MSI,S3,long,RISK_ON,1,2016-12-01 00:00:00+00:00,2017-01-05 00:00:00+00:00,79.26919,82.64,3.0975508549636577,0.015487754274818289,23,EMA_TRAIL,True
FCX,S3,long,RISK_ON,1,2016-12-01 00:00:00+00:00,2016-12-13 00:00:00+00:00,15.045029999999997,14.625178571428572,-1.0,-0.005,8,SL,False
PH,S2,long,RISK_ON,1,2016-12-01 00:00:00+00:00,2017-04-12 00:00:00+00:00,143.61346999999998,155.42,1.095772650309131,0.005478863251545655,90,SMA50_BREAK,False
CHTR,S3,long,RISK_ON,1,2016-12-01 00:00:00+00:00,2016-12-02 00:00:00+00:00,272.82255,266.5280714285714,-1.0,-0.005,1,SL,False
HRS,S3,long,RISK_ON,1,2016-12-01 00:00:00+00:00,2016-12-12 00:00:00+00:00,104.44434,104.44434,0.3023900005277528,0.001511950002638764,7,STOP_AFTER_TP1,True
AAL,S3,long,RISK_ON,1,2016-12-02 00:00:00+00:00,2016-12-29 00:00:00+00:00,46.1461,47.25,1.0318269292745144,0.005159134646372572,18,EMA_TRAIL,True
NAVI,S3,long,RISK_ON,1,2016-12-02 00:00:00+00:00,2016-12-13 00:00:00+00:00,16.67666,16.364285714285714,-1.0,-0.005,7,SL,False
NVDA,S3,long,RISK_ON,1,2016-12-02 00:00:00+00:00,2016-12-12 00:00:00+00:00,88.53845,88.53845,0.41584535700581654,0.0020792267850290825,6,STOP_AFTER_TP1,True
STI,S3,long,RISK_ON,1,2016-12-02 00:00:00+00:00,2017-01-17 00:00:00+00:00,52.09203999999999,53.88,1.8886497299174059,0.00944324864958703,29,EMA_TRAIL,True
MU,S3,long,RISK_ON,1,2016-12-02 00:00:00+00:00,2017-01-17 00:00:00+00:00,18.80879,21.74,2.6332918174566524,0.013166459087283262,29,EMA_TRAIL,True
AMP,S3,long,RISK_ON,1,2016-12-02 00:00:00+00:00,2016-12-14 00:00:00+00:00,113.58346999999999,113.58346999999999,0.6022007662280445,0.0030110038311402226,8,STOP_AFTER_TP1,True
DFS,S3,long,RISK_ON,1,2016-12-02 00:00:00+00:00,2017-01-09 00:00:00+00:00,67.32726,71.62,2.1709123315698147,0.010854561657849074,24,EMA_TRAIL,True
SCHW,S3,long,RISK_ON,1,2016-12-02 00:00:00+00:00,2016-12-12 00:00:00+00:00,38.798759999999994,38.798759999999994,0.37536709824966585,0.0018768354912483292,6,STOP_AFTER_TP1,True
IR,S3,long,RISK_ON,1,2016-12-02 00:00:00+00:00,2016-12-28 00:00:00+00:00,74.57449999999999,75.91,1.4115964206114546,0.007057982103057274,17,EMA_TRAIL,True
LRCX,S1,long,RISK_ON,1,2016-12-02 00:00:00+00:00,2016-12-30 00:00:00+00:00,100.59048999999999,105.73,0.8934403051885258,0.004467201525942629,19,EMA_TRAIL,True
UNM,S3,long,RISK_ON,1,2016-12-02 00:00:00+00:00,2017-01-17 00:00:00+00:00,42.762719999999995,43.91,1.3824608773114195,0.006912304386557098,29,EMA_TRAIL,True
DAL,S3,long,RISK_ON,1,2016-12-02 00:00:00+00:00,2016-12-28 00:00:00+00:00,48.358309999999996,49.51,0.8740165890358181,0.004370082945179091,17,EMA_TRAIL,True
INCY,S3,long,RISK_ON,1,2016-12-02 00:00:00+00:00,2017-03-23 00:00:00+00:00,102.12201999999998,138.97,4.755605967120389,0.023778029835601948,75,EMA_TRAIL,True
AMD,S3,long,RISK_ON,1,2016-12-02 00:00:00+00:00,2017-01-12 00:00:00+00:00,8.538529999999998,10.76,3.8544302553751937,0.019272151276875968,27,EMA_TRAIL,True
FFIV,S3,long,RISK_ON,1,2016-12-05 00:00:00+00:00,2016-12-12 00:00:00+00:00,140.47033,140.47033,0.2735580470877129,0.0013677902354385647,5,STOP_AFTER_TP1,True
CHTR,S3,long,RISK_ON,1,2016-12-05 00:00:00+00:00,2017-03-03 00:00:00+00:00,271.20092999999997,322.32,4.305199687441609,0.02152599843720805,60,EMA_TRAIL,True
LUV,S3,long,RISK_ON,1,2016-12-05 00:00:00+00:00,2017-01-17 00:00:00+00:00,47.11707,50.24,3.718319352204117,0.018591596761020585,28,EMA_TRAIL,True
NTAP,S3,long,RISK_ON,1,2016-12-06 00:00:00+00:00,2016-12-07 00:00:00+00:00,36.00597,34.75250357142857,-1.0,-0.005,1,SL,False
AMAT,S3,long,RISK_ON,1,2016-12-06 00:00:00+00:00,2016-12-30 00:00:00+00:00,31.641609999999996,32.27,0.8599691837806253,0.004299845918903126,17,EMA_TRAIL,True
DVN,S3,long,RISK_ON,1,2016-12-06 00:00:00+00:00,2016-12-14 00:00:00+00:00,47.35731,47.35731,0.285537172076979,0.001427685860384895,6,STOP_AFTER_TP1,True
APH,S3,long,RISK_ON,1,2016-12-06 00:00:00+00:00,2016-12-30 00:00:00+00:00,67.6676,67.0062142857143,-1.0,-0.005,17,SL,False
JWN,S3,long,RISK_ON,1,2016-12-06 00:00:00+00:00,2016-12-15 00:00:00+00:00,57.31725999999999,55.847142857142856,-1.0,-0.005,7,SL,False
NTAP,S3,long,RISK_ON,1,2016-12-07 00:00:00+00:00,2017-01-06 00:00:00+00:00,36.516479999999994,35.23,-0.5519567940223106,-0.0027597839701115527,20,SMA50_BREAK,False
HUM,S3,long,RISK_ON,1,2016-12-08 00:00:00+00:00,2016-12-22 00:00:00+00:00,206.90669999999997,198.09321428571428,-1.0,-0.005,10,SL,False
STX,S3,long,RISK_ON,1,2016-12-08 00:00:00+00:00,2016-12-09 00:00:00+00:00,39.26922999999999,38.310717857142855,-1.0,-0.005,1,SL,False
PXD,S3,long,RISK_ON,1,2016-12-09 00:00:00+00:00,2016-12-13 00:00:00+00:00,187.24705999999998,187.24705999999998,0.4256416701598307,0.0021282083507991535,2,STOP_AFTER_TP1,True
NUE,S3,long,RISK_ON,1,2016-12-09 00:00:00+00:00,2016-12-12 00:00:00+00:00,65.43536999999999,63.89463571428572,-1.0,-0.005,1,SL,False
GD,S3,long,RISK_ON,1,2016-12-09 00:00:00+00:00,2016-12-12 00:00:00+00:00,175.56538999999998,172.16053571428571,-1.0,-0.005,1,SL,False
FTI,S3,long,RISK_ON,1,2016-12-09 00:00:00+00:00,2016-12-15 00:00:00+00:00,35.39536,34.714464285714286,-1.0,-0.005,4,SL,False
ADSK,S3,long,RISK_ON,1,2016-12-12 00:00:00+00:00,2016-12-15 00:00:00+00:00,78.44837,76.07892857142856,-1.0,-0.005,3,SL,False
DE,S3,long,RISK_ON,1,2016-12-12 00:00:00+00:00,2016-12-14 00:00:00+00:00,102.52242,101.03396428571429,-1.0,-0.005,2,SL,False
SCHW,S3,long,RISK_ON,1,2016-12-12 00:00:00+00:00,2016-12-16 00:00:00+00:00,39.06903,39.06903,0.4017033347068791,0.0020085166735343955,4,STOP_AFTER_TP1,True
ETFC,S3,long,RISK_ON,1,2016-12-12 00:00:00+00:00,2016-12-13 00:00:00+00:00,34.964929999999995,34.42767857142857,-1.0,-0.005,1,SL,False
PBCT,S3,long,RISK_ON,1,2016-12-13 00:00:00+00:00,2016-12-16 00:00:00+00:00,19.46945,19.069107142857142,-1.0,-0.005,3,SL,False
LNC,S3,long,RISK_ON,1,2016-12-13 00:00:00+00:00,2016-12-14 00:00:00+00:00,67.10704,65.26071428571429,-1.0,-0.005,1,SL,False
URI,S3,long,RISK_ON,1,2016-12-13 00:00:00+00:00,2017-01-09 00:00:00+00:00,106.40629999999999,106.40629999999999,0.27192619624221037,0.001359630981211052,17,STOP_AFTER_TP1,True
CFG,S3,long,RISK_ON,1,2016-12-13 00:00:00+00:00,2016-12-15 00:00:00+00:00,34.834799999999994,34.834799999999994,0.26731425614834836,0.0013365712807417419,2,STOP_AFTER_TP1,True
ALK,S3,long,RISK_ON,1,2016-12-13 00:00:00+00:00,2017-01-04 00:00:00+00:00,86.95687,86.95687,0.5834293057134123,0.002917146528567062,14,STOP_AFTER_TP1,True
HRS,S3,long,RISK_ON,1,2016-12-13 00:00:00+00:00,2016-12-22 00:00:00+00:00,105.55545,103.41551071428572,-1.0,-0.005,7,SL,False
CSRA,S3,long,RISK_ON,1,2016-12-13 00:00:00+00:00,2017-01-23 00:00:00+00:00,31.691659999999995,32.08,1.2445453000546984,0.006222726500273492,26,EMA_TRAIL,True
ETFC,S3,long,RISK_ON,1,2016-12-13 00:00:00+00:00,2017-01-17 00:00:00+00:00,34.95492,35.765,0.9494654434765942,0.004747327217382971,22,EMA_TRAIL,True
NVDA,S3,long,RISK_ON,1,2016-12-13 00:00:00+00:00,2017-01-05 00:00:00+00:00,91.26116999999999,101.74,1.873252350703068,0.009366261753515341,15,EMA_TRAIL,True
BAC,S3,long,RISK_ON,1,2016-12-13 00:00:00+00:00,2016-12-19 00:00:00+00:00,22.632609999999996,22.632609999999996,0.3473881428461048,0.001736940714230524,4,STOP_AFTER_TP1,True
WRK,S3,long,RISK_ON,1,2016-12-13 00:00:00+00:00,2017-02-09 00:00:00+00:00,51.171119999999995,52.31,1.4979628353297096,0.007489814176648548,39,SMA50_BREAK,True
VLO,S3,long,RISK_ON,1,2016-12-13 00:00:00+00:00,2017-01-05 00:00:00+00:00,67.2672,67.2672,0.3572758024353262,0.001786379012176631,15,STOP_AFTER_TP1,True
DVN,S3,long,RISK_ON,1,2016-12-14 00:00:00+00:00,2016-12-29 00:00:00+00:00,47.06702,45.77124642857143,-1.0,-0.005,10,SL,False
DE,S3,long,RISK_ON,1,2016-12-14 00:00:00+00:00,2017-02-23 00:00:00+00:00,100.65054999999998,107.73,4.852873406787043,0.024264367033935214,47,EMA_TRAIL,True
PXD,S3,long,RISK_ON,1,2016-12-14 00:00:00+00:00,2016-12-28 00:00:00+00:00,187.77758999999998,183.74341785714284,-1.0,-0.005,9,SL,False
EOG,S3,long,RISK_ON,1,2016-12-14 00:00:00+00:00,2016-12-22 00:00:00+00:00,104.31420999999999,102.25921785714286,-1.0,-0.005,6,SL,False
RJF,S3,long,RISK_ON,1,2016-12-14 00:00:00+00:00,2016-12-28 00:00:00+00:00,71.94187,70.20320714285714,-1.0,-0.005,9,SL,False
GD,S3,long,RISK_ON,1,2016-12-14 00:00:00+00:00,2016-12-30 00:00:00+00:00,173.91374,172.14857142857142,-1.0,-0.005,11,SL,False
DRI,S3,long,RISK_ON,1,2016-12-14 00:00:00+00:00,2016-12-16 00:00:00+00:00,76.4764,75.38878571428572,-1.0,-0.005,2,SL,False
NUE,S3,long,RISK_ON,1,2016-12-14 00:00:00+00:00,2016-12-15 00:00:00+00:00,63.10303999999999,62.098817857142855,-1.0,-0.005,1,SL,False
MRO,S3,long,RISK_ON,1,2016-12-15 00:00:00+00:00,2017-01-27 00:00:00+00:00,18.258239999999997,17.41,-0.7148508700750505,-0.003574254350375253,28,SMA50_BREAK,False
APC,S3,long,RISK_ON,1,2016-12-15 00:00:00+00:00,2017-01-30 00:00:00+00:00,70.40033,68.22928571428571,-1.0,-0.005,29,SL,False
FTI,S3,long,RISK_ON,1,2016-12-15 00:00:00+00:00,2017-01-13 00:00:00+00:00,35.18514999999999,35.18514999999999,0.36552051679220354,0.0018276025839610178,19,STOP_AFTER_TP1,True
CHK,S3,long,RISK_ON,1,2016-12-15 00:00:00+00:00,2017-01-19 00:00:00+00:00,7.03703,6.6310714285714285,-1.0,-0.005,22,SL,False
IDXX,S3,long,RISK_ON,1,2016-12-15 00:00:00+00:00,2016-12-28 00:00:00+00:00,120.02990999999999,117.93120357142857,-1.0,-0.005,8,SL,False
BBY,S3,long,RISK_ON,1,2016-12-15 00:00:00+00:00,2016-12-16 00:00:00+00:00,48.20815999999999,47.61361071428571,-1.0,-0.005,1,SL,False
BBT,S3,long,RISK_ON,1,2016-12-16 00:00:00+00:00,2016-12-29 00:00:00+00:00,46.63659,46.63659,0.6600754248551235,0.0033003771242756177,8,STOP_AFTER_TP1,True
NTRS,S3,long,RISK_ON,1,2016-12-19 00:00:00+00:00,2017-01-17 00:00:00+00:00,88.75867,88.75867,0.3118413233349417,0.0015592066166747085,18,STOP_AFTER_TP1,True
FDX,S3,long,RISK_ON,1,2016-12-19 00:00:00+00:00,2016-12-21 00:00:00+00:00,197.81761999999998,194.02759285714285,-1.0,-0.005,2,SL,False
CMA,S3,long,RISK_ON,1,2016-12-19 00:00:00+00:00,2017-01-17 00:00:00+00:00,67.95788999999999,67.95788999999999,0.6849622554324585,0.0034248112771622925,18,STOP_AFTER_TP1,True
APA,S3,long,RISK_ON,1,2016-12-19 00:00:00+00:00,2016-12-28 00:00:00+00:00,66.7667,64.8144642857143,-1.0,-0.005,6,SL,False
LUK,S3,long,RISK_ON,1,2016-12-19 00:00:00+00:00,2017-01-17 00:00:00+00:00,23.403379999999995,22.903982142857142,-0.3418621759251911,-0.0017093108796259555,18,SL,False
BAC,S3,long,RISK_ON,1,2016-12-19 00:00:00+00:00,2016-12-29 00:00:00+00:00,22.50248,22.003785714285712,-0.5279577716283844,-0.0026397888581419222,7,SL,False
NAVI,S3,long,RISK_ON,1,2016-12-19 00:00:00+00:00,2017-01-17 00:00:00+00:00,16.70669,15.968992857142858,-1.0,-0.005,18,SL,False
SCHW,S3,long,RISK_ON,1,2016-12-19 00:00:00+00:00,2017-01-17 00:00:00+00:00,38.78874999999999,40.33,1.9934458386263965,0.009967229193131982,18,EMA_TRAIL,True
LNC,S3,long,RISK_ON,1,2016-12-19 00:00:00+00:00,2017-01-31 00:00:00+00:00,66.73666999999999,67.51,0.7125075186288138,0.003562537593144069,28,EMA_TRAIL,True
PBCT,S3,long,RISK_ON,1,2016-12-19 00:00:00+00:00,2017-01-20 00:00:00+00:00,19.28927,18.765714285714285,-1.0,-0.005,21,SL,False
NUE,S3,long,RISK_ON,1,2016-12-20 00:00:00+00:00,2017-01-13 00:00:00+00:00,62.18211999999999,60.37,-0.5305951461957608,-0.0026529757309788037,16,SMA50_BREAK,False
BBY,S3,long,RISK_ON,1,2016-12-20 00:00:00+00:00,2016-12-22 00:00:00+00:00,47.30725999999999,45.91018571428572,-1.0,-0.005,2,SL,False
AMP,S3,long,RISK_ON,1,2016-12-20 00:00:00+00:00,2017-01-23 00:00:00+00:00,113.59347999999999,112.86,-0.15266357555008603,-0.0007633178777504302,21,SMA50_BREAK,False
PFG,S3,long,RISK_ON,1,2016-12-20 00:00:00+00:00,2017-01-20 00:00:00+00:00,58.808749999999996,58.24,-0.2893203107400038,-0.001446601553700019,20,SMA50_BREAK,False
DRI,S3,long,RISK_ON,1,2016-12-21 00:00:00+00:00,2016-12-22 00:00:00+00:00,75.81573999999999,74.28453571428571,-1.0,-0.005,1,SL,False
MGM,S3,long,RISK_ON,1,2016-12-21 00:00:00+00:00,2017-01-13 00:00:00+00:00,29.309279999999998,28.62,-0.5014268700519384,-0.002507134350259692,15,SMA50_BREAK,False
STT,S3,long,RISK_ON,1,2016-12-21 00:00:00+00:00,2016-12-29 00:00:00+00:00,78.93885999999999,77.40839285714286,-1.0,-0.005,5,SL,False
EOG,S3,long,RISK_ON,1,2016-12-22 00:00:00+00:00,2016-12-29 00:00:00+00:00,103.23312999999999,100.63171785714286,-1.0,-0.005,4,SL,False
USB,S3,long,RISK_ON,1,2016-12-22 00:00:00+00:00,2016-12-29 00:00:00+00:00,52.202149999999996,51.62498214285715,-1.0,-0.005,4,SL,False
FFIV,S3,long,RISK_ON,1,2016-12-22 00:00:00+00:00,2017-01-09 00:00:00+00:00,144.38424,142.59514642857144,-1.0,-0.005,10,SL,False
NFLX,S3,long,RISK_ON,1,2016-12-22 00:00:00+00:00,2016-12-29 00:00:00+00:00,125.70557999999998,125.70557999999998,0.31376782552358334,0.0015688391276179167,4,STOP_AFTER_TP1,True
TMK,S3,long,RISK_ON,1,2016-12-23 00:00:00+00:00,2016-12-29 00:00:00+00:00,74.34427,73.74501071428571,-1.0,-0.005,3,SL,False
STX,S3,long,RISK_ON,1,2016-12-23 00:00:00+00:00,2016-12-29 00:00:00+00:00,39.14910999999999,37.92538214285714,-1.0,-0.005,3,SL,False
HUM,S3,long,RISK_ON,1,2016-12-27 00:00:00+00:00,2017-01-03 00:00:00+00:00,206.26605999999998,200.3895892857143,-1.0,-0.005,4,SL,False
OKE,S3,long,RISK_ON,1,2016-12-28 00:00:00+00:00,2017-01-10 00:00:00+00:00,57.727669999999996,56.99950714285714,-1.0,-0.005,8,SL,False
RHI,S3,long,RISK_ON,1,2016-12-28 00:00:00+00:00,2017-01-05 00:00:00+00:00,48.878829999999994,48.878829999999994,0.5156627640310423,0.0025783138201552116,5,STOP_AFTER_TP1,True
CFG,S3,long,RISK_ON,1,2016-12-28 00:00:00+00:00,2016-12-29 00:00:00+00:00,36.035999999999994,35.4874,-1.0,-0.005,1,SL,False
TMK,S3,long,RISK_ON,1,2016-12-29 00:00:00+00:00,2017-01-12 00:00:00+00:00,73.70362999999999,73.01018928571429,-1.0,-0.005,9,SL,False
USB,S3,long,RISK_ON,1,2016-12-29 00:00:00+00:00,2017-01-17 00:00:00+00:00,51.351299999999995,50.73766071428571,-1.0,-0.005,11,SL,False
MTB,S3,long,RISK_ON,1,2016-12-29 00:00:00+00:00,2017-01-05 00:00:00+00:00,155.78562999999997,155.78562999999997,0.4101992988907599,0.0020509964944537993,4,STOP_AFTER_TP1,True
NFLX,S3,long,RISK_ON,1,2016-12-29 00:00:00+00:00,2017-03-02 00:00:00+00:00,125.45532999999999,139.53,4.175224825180335,0.020876124125901674,42,EMA_TRAIL,True
CFG,S3,long,RISK_ON,1,2016-12-29 00:00:00+00:00,2017-01-05 00:00:00+00:00,35.315279999999994,35.315279999999994,0.8912018640179437,0.004456009320089718,4,STOP_AFTER_TP1,True
PWR,S3,long,RISK_ON,1,2016-12-29 00:00:00+00:00,2017-01-18 00:00:00+00:00,34.62459,33.98393214285714,-1.0,-0.005,12,SL,False
BBT,S3,long,RISK_ON,1,2016-12-29 00:00:00+00:00,2017-01-12 00:00:00+00:00,46.76671999999999,46.20795357142857,-1.0,-0.005,9,SL,False
FITB,S3,long,RISK_ON,1,2016-12-30 00:00:00+00:00,2017-01-17 00:00:00+00:00,26.996969999999997,26.34357142857143,-1.0,-0.005,10,SL,False
BAC,S3,long,RISK_ON,1,2016-12-30 00:00:00+00:00,2017-01-17 00:00:00+00:00,22.1221,22.1221,0.7107859625518562,0.0035539298127592813,10,STOP_AFTER_TP1,True
BWA,S3,long,RISK_ON,1,2017-01-03 00:00:00+00:00,2017-03-06 00:00:00+00:00,40.11006999999999,41.9,1.256323188173846,0.00628161594086923,42,EMA_TRAIL,True
PRU,S3,long,RISK_ON,1,2017-01-03 00:00:00+00:00,2017-02-02 00:00:00+00:00,104.96485999999999,104.43,-0.22661474246920812,-0.0011330737123460407,21,SMA50_BREAK,False
WFC,S3,long,RISK_ON,1,2017-01-03 00:00:00+00:00,2017-01-09 00:00:00+00:00,56.056,54.35388571428572,-1.0,-0.005,4,SL,False
HP,S3,long,RISK_ON,1,2017-01-03 00:00:00+00:00,2017-01-23 00:00:00+00:00,78.83876,76.16646071428572,-1.0,-0.005,13,SL,False
IP,S3,long,RISK_ON,1,2017-01-03 00:00:00+00:00,2017-02-02 00:00:00+00:00,53.443389999999994,53.443389999999994,0.36271911850606353,0.0018135955925303177,21,STOP_AFTER_TP1,True
GD,S3,long,RISK_ON,1,2017-01-03 00:00:00+00:00,2017-03-21 00:00:00+00:00,175.62544999999997,188.69,1.9951615209789535,0.009975807604894768,53,EMA_TRAIL,True
ADS,S3,long,RISK_ON,1,2017-01-03 00:00:00+00:00,2017-01-23 00:00:00+00:00,233.24300999999997,228.55,-0.5807583095233098,-0.0029037915476165486,13,SMA50_BREAK,False
COP,S3,long,RISK_ON,1,2017-01-04 00:00:00+00:00,2017-01-10 00:00:00+00:00,51.13107999999999,49.47931428571429,-1.0,-0.005,4,SL,False
LRCX,S3,long,RISK_ON,1,2017-01-04 00:00:00+00:00,2017-02-16 00:00:00+00:00,107.42731999999998,114.57,2.0906488995941452,0.010453244497970726,30,EMA_TRAIL,True
COF,S3,long,RISK_ON,1,2017-01-05 00:00:00+00:00,2017-01-12 00:00:00+00:00,88.46837999999998,86.79714285714286,-1.0,-0.005,5,SL,False
CFG,S3,long,RISK_ON,1,2017-01-05 00:00:00+00:00,2017-01-17 00:00:00+00:00,35.75572,34.87115,-1.0,-0.005,7,SL,False
MTB,S3,long,RISK_ON,1,2017-01-05 00:00:00+00:00,2017-01-17 00:00:00+00:00,155.53537999999998,153.20374999999999,-1.0,-0.005,7,SL,False
CVX,S3,long,RISK_ON,1,2017-01-05 00:00:00+00:00,2017-01-09 00:00:00+00:00,117.42730999999999,116.08996785714285,-1.0,-0.005,2,SL,False
DAL,S3,long,RISK_ON,1,2017-01-05 00:00:00+00:00,2017-01-23 00:00:00+00:00,49.779729999999994,49.01282857142857,-1.0,-0.005,11,SL,False
FCX,S1,long,RISK_ON,1,2017-01-05 00:00:00+00:00,2017-02-03 00:00:00+00:00,14.634619999999998,15.83,0.8176177840297555,0.004088088920148778,20,EMA_TRAIL,True
WDC,S3,long,RISK_ON,1,2017-01-06 00:00:00+00:00,2017-01-12 00:00:00+00:00,70.45037999999998,70.45037999999998,0.38946994100813037,0.0019473497050406519,4,STOP_AFTER_TP1,True
NVDA,S3,long,RISK_ON,1,2017-01-06 00:00:00+00:00,2017-02-13 00:00:00+00:00,103.20309999999998,108.38,1.9099396459156623,0.009549698229578312,25,EMA_TRAIL,True
RCL,S3,long,RISK_ON,1,2017-01-06 00:00:00+00:00,2017-03-06 00:00:00+00:00,84.41432999999999,94.81,7.549610216065513,0.03774805108032757,39,EMA_TRAIL,True
JBHT,S3,long,RISK_ON,1,2017-01-06 00:00:00+00:00,2017-01-19 00:00:00+00:00,97.78768999999998,95.82310000000001,-1.0,-0.005,8,SL,False
NCLH,S3,long,RISK_ON,1,2017-01-06 00:00:00+00:00,2017-01-17 00:00:00+00:00,44.29425,44.29425,0.4576532901684711,0.002288266450842356,6,STOP_AFTER_TP1,True
BA,S3,long,RISK_ON,1,2017-01-09 00:00:00+00:00,2017-01-12 00:00:00+00:00,158.47831999999997,156.92789642857142,-1.0,-0.005,3,SL,False
FMC,S3,long,RISK_ON,1,2017-01-09 00:00:00+00:00,2017-02-07 00:00:00+00:00,58.007949999999994,58.007949999999994,1.0503387679317462,0.005251693839658731,20,STOP_AFTER_TP1,True
FFIV,S3,long,RISK_ON,1,2017-01-10 00:00:00+00:00,2017-01-17 00:00:00+00:00,144.38424,141.000825,-1.0,-0.005,4,SL,False
RHI,S3,long,RISK_ON,1,2017-01-10 00:00:00+00:00,2017-01-27 00:00:00+00:00,49.069019999999995,47.38201071428571,-1.0,-0.005,12,SL,False
MS,S3,long,RISK_ON,1,2017-01-10 00:00:00+00:00,2017-01-17 00:00:00+00:00,43.10306,43.10306,0.4131139891132467,0.0020655699455662336,4,STOP_AFTER_TP1,True
DRI,S1,long,RISK_ON,1,2017-01-12 00:00:00+00:00,2017-01-17 00:00:00+00:00,73.88381,72.88,-0.2193645528071529,-0.0010968227640357645,2,SMA50_BREAK,False
AKAM,S3,long,RISK_ON,1,2017-01-12 00:00:00+00:00,2017-01-23 00:00:00+00:00,69.99993,68.55443214285715,-1.0,-0.005,6,SL,False
HAL,S3,long,RISK_ON,1,2017-01-12 00:00:00+00:00,2017-01-17 00:00:00+00:00,55.23517999999999,54.201460714285716,-1.0,-0.005,2,SL,False
KLAC,S3,long,RISK_ON,1,2017-01-12 00:00:00+00:00,2017-04-18 00:00:00+00:00,80.18009999999998,94.6,5.678018807537543,0.02839009403768772,65,EMA_TRAIL,True
COF,S3,long,RISK_ON,1,2017-01-13 00:00:00+00:00,2017-01-18 00:00:00+00:00,88.93884999999999,85.94607500000001,-1.0,-0.005,2,SL,False
COP,S3,long,RISK_ON,1,2017-01-13 00:00:00+00:00,2017-01-27 00:00:00+00:00,50.640589999999996,49.335928571428575,-1.0,-0.005,9,SL,False
DFS,S3,long,RISK_ON,1,2017-01-13 00:00:00+00:00,2017-01-17 00:00:00+00:00,71.73165999999999,69.57946428571428,-1.0,-0.005,1,SL,False
CVX,S3,long,RISK_ON,1,2017-01-13 00:00:00+00:00,2017-01-27 00:00:00+00:00,116.49637999999999,114.74636071428571,-1.0,-0.005,9,SL,False
UNH,S3,long,RISK_ON,1,2017-01-13 00:00:00+00:00,2017-01-17 00:00:00+00:00,161.96179999999998,159.88004285714285,-1.0,-0.005,1,SL,False
URI,S3,long,RISK_ON,1,2017-01-13 00:00:00+00:00,2017-02-23 00:00:00+00:00,107.15704999999998,120.9,4.018823613202068,0.02009411806601034,27,EMA_TRAIL,True
BA,S3,long,RISK_ON,1,2017-01-17 00:00:00+00:00,2017-01-23 00:00:00+00:00,157.82766999999998,157.82766999999998,0.47628259979910603,0.0023814129989955302,4,STOP_AFTER_TP1,True
NCLH,S3,long,RISK_ON,1,2017-01-17 00:00:00+00:00,2017-03-21 00:00:00+00:00,44.78474,50.0,3.421420019600774,0.01710710009800387,44,EMA_TRAIL,True
CF,S3,long,RISK_ON,1,2017-01-17 00:00:00+00:00,2017-01-18 00:00:00+00:00,32.922889999999995,32.29072857142857,-1.0,-0.005,1,SL,False
HAL,S3,long,RISK_ON,1,2017-01-18 00:00:00+00:00,2017-02-07 00:00:00+00:00,55.185129999999994,55.185129999999994,0.4015105431714243,0.0020075527158571215,14,STOP_AFTER_TP1,True
DISH,S3,long,RISK_ON,1,2017-01-18 00:00:00+00:00,2017-01-20 00:00:00+00:00,61.41134999999999,60.48466071428571,-1.0,-0.005,2,SL,False
MU,S3,long,RISK_ON,1,2017-01-18 00:00:00+00:00,2017-02-14 00:00:00+00:00,22.342319999999997,23.12,0.8523217771541263,0.004261608885770631,19,EMA_TRAIL,True
UAL,S3,long,RISK_ON,1,2017-01-19 00:00:00+00:00,2017-01-30 00:00:00+00:00,74.09401999999999,71.44946428571428,-1.0,-0.005,7,SL,False
BAC,S3,long,RISK_ON,1,2017-01-19 00:00:00+00:00,2017-01-31 00:00:00+00:00,22.552529999999997,22.552529999999997,0.40200072014660637,0.0020100036007330317,8,STOP_AFTER_TP1,True
UNM,S3,long,RISK_ON,1,2017-01-19 00:00:00+00:00,2017-03-15 00:00:00+00:00,44.47443,48.17,2.4616599010505085,0.012308299505252543,38,EMA_TRAIL,True
ETFC,S3,long,RISK_ON,1,2017-01-23 00:00:00+00:00,2017-02-02 00:00:00+00:00,36.26622999999999,36.26622999999999,0.4483779594342428,0.002241889797171214,8,STOP_AFTER_TP1,True
ALK,S3,long,RISK_ON,1,2017-01-23 00:00:00+00:00,2017-01-30 00:00:00+00:00,93.16306999999998,93.16306999999998,0.3395796251810098,0.0016978981259050492,5,STOP_AFTER_TP1,True
PNC,S3,long,RISK_ON,1,2017-01-23 00:00:00+00:00,2017-03-13 00:00:00+00:00,117.04692999999999,126.4,3.17388645624181,0.015869432281209052,34,EMA_TRAIL,True
ROK,S2,long,RISK_ON,1,2017-01-24 00:00:00+00:00,2017-04-12 00:00:00+00:00,142.17202999999998,150.23,2.317914344328127,0.011589571721640634,55,SMA50_BREAK,False
AMD,S1,long,RISK_ON,1,2017-01-25 00:00:00+00:00,2017-03-03 00:00:00+00:00,10.360349999999999,13.03,2.879680387955779,0.014398401939778895,26,EMA_TRAIL,True
ADSK,S3,long,RISK_ON,1,2017-01-26 00:00:00+00:00,2017-01-30 00:00:00+00:00,81.72164,80.63375,-1.0,-0.005,2,SL,False
RF,S3,long,RISK_ON,1,2017-01-27 00:00:00+00:00,2017-01-30 00:00:00+00:00,14.554539999999998,14.25875,-1.0,-0.005,1,SL,False
TMK,S3,long,RISK_ON,1,2017-01-30 00:00:00+00:00,2017-01-31 00:00:00+00:00,74.12404999999998,73.11121428571428,-1.0,-0.005,1,SL,False
SCHW,S3,long,RISK_ON,1,2017-01-30 00:00:00+00:00,2017-02-02 00:00:00+00:00,41.871829999999996,41.004985714285716,-1.0,-0.005,3,SL,False
CFG,S3,long,RISK_ON,1,2017-01-30 00:00:00+00:00,2017-02-08 00:00:00+00:00,36.56653,35.39017857142857,-1.0,-0.005,7,SL,False
HBAN,S3,long,RISK_ON,1,2017-01-30 00:00:00+00:00,2017-02-02 00:00:00+00:00,13.633619999999997,13.216607142857143,-1.0,-0.005,3,SL,False
STI,S3,long,RISK_ON,1,2017-01-30 00:00:00+00:00,2017-03-10 00:00:00+00:00,57.32727,58.94,1.1278439811401113,0.005639219905700556,28,EMA_TRAIL,True
CF,S3,long,RISK_ON,1,2017-01-30 00:00:00+00:00,2017-02-07 00:00:00+00:00,35.42539,34.43786071428571,-1.0,-0.005,6,SL,False
HIG,S3,long,RISK_ON,1,2017-01-31 00:00:00+00:00,2017-02-02 00:00:00+00:00,48.758709999999994,48.00036071428571,-1.0,-0.005,2,SL,False
RJF,S3,long,RISK_ON,1,2017-01-31 00:00:00+00:00,2017-03-14 00:00:00+00:00,75.00493,78.23,1.6047398137829216,0.008023699068914609,29,EMA_TRAIL,True
RF,S3,long,RISK_ON,1,2017-01-31 00:00:00+00:00,2017-03-10 00:00:00+00:00,14.424409999999998,15.13,1.5659775958618574,0.007829887979309287,27,EMA_TRAIL,True
CSX,S3,long,RISK_ON,1,2017-01-31 00:00:00+00:00,2017-03-08 00:00:00+00:00,46.436389999999996,47.65,1.1581824922801975,0.005790912461400988,25,EMA_TRAIL,True
ALK,S3,long,RISK_ON,1,2017-01-31 00:00:00+00:00,2017-03-02 00:00:00+00:00,93.91381999999999,96.36,0.9208158456507147,0.004604079228253574,21,EMA_TRAIL,True
ADSK,S3,long,RISK_ON,1,2017-01-31 00:00:00+00:00,2017-03-03 00:00:00+00:00,81.42134,85.32,1.1174137702301143,0.005587068851150572,22,EMA_TRAIL,True
JBHT,S3,long,RISK_ON,1,2017-02-01 00:00:00+00:00,2017-02-02 00:00:00+00:00,98.41831999999998,96.774225,-1.0,-0.005,1,SL,False
AXP,S3,long,RISK_ON,1,2017-02-01 00:00:00+00:00,2017-03-08 00:00:00+00:00,76.83676,79.04,1.290907750238901,0.006454538751194505,24,EMA_TRAIL,True
EMN,S3,long,RISK_ON,1,2017-02-01 00:00:00+00:00,2017-03-02 00:00:00+00:00,78.37829999999998,79.71,0.6574734665598456,0.003287367332799228,20,EMA_TRAIL,True
BA,S3,long,RISK_ON,1,2017-02-01 00:00:00+00:00,2017-02-02 00:00:00+00:00,164.13396999999998,161.68964285714287,-1.0,-0.005,1,SL,False
MOS,S3,long,RISK_ON,1,2017-02-01 00:00:00+00:00,2017-02-23 00:00:00+00:00,31.711679999999998,31.711679999999998,0.5003717906000059,0.0025018589530000296,15,STOP_AFTER_TP1,True
HII,S3,long,RISK_ON,1,2017-02-01 00:00:00+00:00,2017-03-10 00:00:00+00:00,192.98278999999997,211.7,2.7485795302851703,0.013742897651425851,26,EMA_TRAIL,True
SNI,S3,long,RISK_ON,1,2017-02-02 00:00:00+00:00,2017-02-08 00:00:00+00:00,75.79571999999999,74.59125,-1.0,-0.005,4,SL,False
MTB,S3,long,RISK_ON,1,2017-02-02 00:00:00+00:00,2017-03-08 00:00:00+00:00,162.27211,166.66,1.3384412701524844,0.006692206350762422,23,EMA_TRAIL,True
WYN,S3,long,RISK_ON,1,2017-02-02 00:00:00+00:00,2017-03-03 00:00:00+00:00,79.24916999999999,82.4,2.170787902036082,0.01085393951018041,20,EMA_TRAIL,True
SWKS,S3,long,RISK_ON,1,2017-02-02 00:00:00+00:00,2017-03-21 00:00:00+00:00,91.20110999999999,95.52,1.5519649568071499,0.00775982478403575,32,EMA_TRAIL,True
AKAM,S3,long,RISK_ON,1,2017-02-02 00:00:00+00:00,2017-02-08 00:00:00+00:00,69.4694,67.2507642857143,-1.0,-0.005,4,SL,False
LUV,S3,long,RISK_ON,1,2017-02-02 00:00:00+00:00,2017-03-09 00:00:00+00:00,52.912859999999995,56.36,1.9397916954214924,0.009698958477107462,24,EMA_TRAIL,True
CMI,S3,long,RISK_ON,1,2017-02-02 00:00:00+00:00,2017-02-23 00:00:00+00:00,146.47633,149.11,1.6880991737063566,0.008440495868531784,14,EMA_TRAIL,True
BA,S3,long,RISK_ON,1,2017-02-03 00:00:00+00:00,2017-03-21 00:00:00+00:00,162.5624,175.96,3.9420167765987735,0.01971008388299387,31,EMA_TRAIL,True
IR,S3,long,RISK_ON,1,2017-02-03 00:00:00+00:00,2017-02-28 00:00:00+00:00,79.09901999999998,79.36,0.3543605023082955,0.0017718025115414776,16,EMA_TRAIL,True
LYB,S3,long,RISK_ON,1,2017-02-06 00:00:00+00:00,2017-02-07 00:00:00+00:00,95.03493999999999,91.99035714285715,-1.0,-0.005,1,SL,False
WDC,S3,long,RISK_ON,1,2017-02-06 00:00:00+00:00,2017-02-08 00:00:00+00:00,79.01893999999999,77.46920714285714,-1.0,-0.005,2,SL,False
ANTM,S3,long,RISK_ON,1,2017-02-06 00:00:00+00:00,2017-03-23 00:00:00+00:00,156.96680999999998,165.38,2.7353240869533746,0.013676620434766874,32,EMA_TRAIL,True
FCX,S3,long,RISK_ON,1,2017-02-06 00:00:00+00:00,2017-02-08 00:00:00+00:00,16.016,15.406607142857144,-1.0,-0.005,2,SL,False
BAC,S3,long,RISK_ON,1,2017-02-06 00:00:00+00:00,2017-02-08 00:00:00+00:00,23.14312,22.723035714285714,-1.0,-0.005,2,SL,False
NRG,S3,long,RISK_ON,1,2017-02-06 00:00:00+00:00,2017-02-08 00:00:00+00:00,16.716699999999996,16.1258,-1.0,-0.005,2,SL,False
PGR,S3,long,RISK_ON,1,2017-02-06 00:00:00+00:00,2017-03-27 00:00:00+00:00,37.04700999999999,39.48,5.676971742966304,0.02838485871483152,34,EMA_TRAIL,True
CF,S3,long,RISK_ON,1,2017-02-07 00:00:00+00:00,2017-02-16 00:00:00+00:00,34.92489,33.70225,-1.0,-0.005,7,SL,False
FAST,S3,long,RISK_ON,1,2017-02-07 00:00:00+00:00,2017-03-09 00:00:00+00:00,49.859809999999996,50.18,0.8885745106302132,0.004442872553151066,21,EMA_TRAIL,True
JBHT,S3,long,RISK_ON,1,2017-02-08 00:00:00+00:00,2017-02-22 00:00:00+00:00,98.28818999999999,98.28818999999999,0.27426297230129726,0.0013713148615064864,9,STOP_AFTER_TP1,True
USB,S3,long,RISK_ON,1,2017-02-08 00:00:00+00:00,2017-03-17 00:00:00+00:00,52.94288999999999,54.69,2.004030980752378,0.010020154903761892,26,EMA_TRAIL,True
NRG,S3,long,RISK_ON,1,2017-02-08 00:00:00+00:00,2017-02-28 00:00:00+00:00,16.37636,16.37636,0.6335162280862741,0.0031675811404313706,13,STOP_AFTER_TP1,True
WDC,S3,long,RISK_ON,1,2017-02-08 00:00:00+00:00,2017-02-17 00:00:00+00:00,77.15708,75.04670714285714,-1.0,-0.005,7,SL,False
TWX,S3,long,RISK_ON,1,2017-02-09 00:00:00+00:00,2017-03-21 00:00:00+00:00,96.46637,97.47,1.3127605413421417,0.006563802706710709,27,EMA_TRAIL,True
AVGO,S3,long,RISK_ON,1,2017-02-09 00:00:00+00:00,2017-02-24 00:00:00+00:00,205.54533999999998,205.54533999999998,0.269146847750268,0.00134573423875134,10,STOP_AFTER_TP1,True
HAL,S3,long,RISK_ON,1,2017-02-10 00:00:00+00:00,2017-02-16 00:00:00+00:00,56.18613,54.95285714285714,-1.0,-0.005,4,SL,False
CFG,S3,long,RISK_ON,1,2017-02-10 00:00:00+00:00,2017-02-24 00:00:00+00:00,36.456419999999994,36.65,0.37411899236768453,0.0018705949618384227,9,EMA_TRAIL,True
PWR,S3,long,RISK_ON,1,2017-02-10 00:00:00+00:00,2017-02-23 00:00:00+00:00,36.996959999999994,36.996959999999994,0.2670839236459202,0.001335419618229601,8,STOP_AFTER_TP1,True
FCX,S3,long,RISK_ON,1,2017-02-13 00:00:00+00:00,2017-02-15 00:00:00+00:00,15.975959999999999,15.414821428571429,-1.0,-0.005,2,SL,False
KMX,S3,long,RISK_ON,1,2017-02-13 00:00:00+00:00,2017-02-17 00:00:00+00:00,67.5675,67.5675,0.3081704772853083,0.0015408523864265415,4,STOP_AFTER_TP1,True
LYB,S3,long,RISK_ON,1,2017-02-14 00:00:00+00:00,2017-02-27 00:00:00+00:00,93.24315,90.87714285714286,-1.0,-0.005,8,SL,False
MAR,S2,long,RISK_ON,1,2017-02-15 00:00:00+00:00,2017-03-07 00:00:00+00:00,89.54945999999998,85.94590714285714,-1.0,-0.005,13,SL,False
FOX,S3,long,RISK_ON,1,2017-02-16 00:00:00+00:00,2017-02-28 00:00:00+00:00,30.110079999999996,29.507342857142856,-1.0,-0.005,7,SL,False
NVDA,S3,long,RISK_ON,1,2017-02-21 00:00:00+00:00,2017-02-23 00:00:00+00:00,111.18106999999998,102.856925,-1.0,-0.005,2,SL,False
MU,S3,long,RISK_ON,1,2017-02-21 00:00:00+00:00,2017-02-24 00:00:00+00:00,23.79377,22.683260714285716,-1.0,-0.005,3,SL,False
KMX,S3,long,RISK_ON,1,2017-02-22 00:00:00+00:00,2017-02-23 00:00:00+00:00,67.61755,66.59857142857143,-1.0,-0.005,1,SL,False
NSC,S3,long,RISK_ON,1,2017-02-22 00:00:00+00:00,2017-02-23 00:00:00+00:00,122.44231999999998,120.92125,-1.0,-0.005,1,SL,False
CMA,S3,long,RISK_ON,1,2017-02-23 00:00:00+00:00,2017-02-24 00:00:00+00:00,72.02194999999999,70.81320714285715,-1.0,-0.005,1,SL,False
LNC,S3,long,RISK_ON,1,2017-02-23 00:00:00+00:00,2017-02-24 00:00:00+00:00,71.76168999999999,70.37142857142857,-1.0,-0.005,1,SL,False
DE,S3,long,RISK_ON,1,2017-02-24 00:00:00+00:00,2017-03-27 00:00:00+00:00,108.72861999999999,107.16,-0.5450736645736406,-0.002725368322868203,21,SMA50_BREAK,False
BAC,S3,long,RISK_ON,1,2017-02-24 00:00:00+00:00,2017-03-17 00:00:00+00:00,24.254229999999996,24.86,1.3822761141877598,0.006911380570938799,15,EMA_TRAIL,True
PRU,S3,long,RISK_ON,1,2017-02-24 00:00:00+00:00,2017-03-17 00:00:00+00:00,110.06995999999998,110.06995999999998,0.38305564636460354,0.0019152782318230177,15,STOP_AFTER_TP1,True
WFC,S3,long,RISK_ON,1,2017-02-24 00:00:00+00:00,2017-03-20 00:00:00+00:00,57.86781,57.86781,0.38764722740240765,0.0019382361370120383,16,STOP_AFTER_TP1,True
GS,S3,long,RISK_ON,1,2017-02-24 00:00:00+00:00,2017-03-10 00:00:00+00:00,247.59734999999998,247.59734999999998,0.5173427356953384,0.002586713678476692,10,STOP_AFTER_TP1,True
CMI,S3,long,RISK_ON,1,2017-02-24 00:00:00+00:00,2017-03-21 00:00:00+00:00,150.08993999999998,150.71,0.5601425143269239,0.0028007125716346193,17,EMA_TRAIL,True
NSC,S3,long,RISK_ON,1,2017-02-27 00:00:00+00:00,2017-03-15 00:00:00+00:00,121.24112,117.6419642857143,-1.0,-0.005,12,SL,False
MS,S3,long,RISK_ON,1,2017-02-27 00:00:00+00:00,2017-03-14 00:00:00+00:00,45.88584,45.88584,0.2955181844968541,0.0014775909224842704,11,STOP_AFTER_TP1,True
CFG,S3,long,RISK_ON,1,2017-02-27 00:00:00+00:00,2017-03-10 00:00:00+00:00,37.22718999999999,37.22718999999999,0.34615386196635833,0.0017307693098317918,9,STOP_AFTER_TP1,True
CBS,S3,long,RISK_ON,1,2017-02-27 00:00:00+00:00,2017-03-17 00:00:00+00:00,66.29623,66.95,1.007045934618077,0.005035229673090384,14,EMA_TRAIL,True
SNI,S3,long,RISK_ON,1,2017-03-01 00:00:00+00:00,2017-03-02 00:00:00+00:00,80.06998999999999,78.78535714285715,-1.0,-0.005,1,SL,False
LNC,S2,long,RISK_ON,1,2017-03-01 00:00:00+00:00,2017-03-07 00:00:00+00:00,72.40232999999999,69.20285714285714,-1.0,-0.005,4,SL,False
JPM,S2,long,RISK_ON,1,2017-03-01 00:00:00+00:00,2017-03-21 00:00:00+00:00,93.69359999999999,88.93343928571429,-1.0,-0.005,14,SL,False
BEN,S3,long,RISK_ON,1,2017-03-02 00:00:00+00:00,2017-03-03 00:00:00+00:00,42.93288999999999,42.55414285714286,-1.0,-0.005,1,SL,False
CMA,S3,long,RISK_ON,1,2017-03-02 00:00:00+00:00,2017-03-10 00:00:00+00:00,72.70262999999998,71.58302857142857,-1.0,-0.005,6,SL,False
XL,S3,long,RISK_ON,1,2017-03-02 00:00:00+00:00,2017-03-03 00:00:00+00:00,40.65060999999999,40.29910714285714,-1.0,-0.005,1,SL,False
AME,S3,long,RISK_ON,1,2017-03-02 00:00:00+00:00,2017-03-06 00:00:00+00:00,54.7547,54.30410714285714,-1.0,-0.005,2,SL,False
HRS,S3,long,RISK_ON,1,2017-03-02 00:00:00+00:00,2017-03-06 00:00:00+00:00,110.41029999999998,109.32589285714285,-1.0,-0.005,2,SL,False
BBT,S3,long,RISK_ON,1,2017-03-02 00:00:00+00:00,2017-03-06 00:00:00+00:00,48.60856,48.151785714285715,-1.0,-0.005,2,SL,False
FLIR,S3,long,RISK_ON,1,2017-03-02 00:00:00+00:00,2017-03-13 00:00:00+00:00,36.636599999999994,36.05517857142857,-1.0,-0.005,7,SL,False
HBAN,S3,long,RISK_ON,1,2017-03-02 00:00:00+00:00,2017-03-08 00:00:00+00:00,14.304289999999998,14.143678571428572,-1.0,-0.005,4,SL,False
SHW,S3,long,RISK_ON,1,2017-03-03 00:00:00+00:00,2017-03-14 00:00:00+00:00,312.24192999999997,308.79821428571427,-1.0,-0.005,7,SL,False
FITB,S3,long,RISK_ON,1,2017-03-03 00:00:00+00:00,2017-03-06 00:00:00+00:00,27.867839999999998,27.243392857142858,-1.0,-0.005,1,SL,False
KEY,S3,long,RISK_ON,1,2017-03-03 00:00:00+00:00,2017-03-10 00:00:00+00:00,19.08907,18.666964285714286,-1.0,-0.005,5,SL,False
NTRS,S3,long,RISK_ON,1,2017-03-03 00:00:00+00:00,2017-03-17 00:00:00+00:00,88.79870999999999,88.79870999999999,0.28477295085885934,0.0014238647542942967,10,STOP_AFTER_TP1,True
XL,S3,long,RISK_ON,1,2017-03-03 00:00:00+00:00,2017-03-06 00:00:00+00:00,40.40035999999999,39.92946428571429,-1.0,-0.005,1,SL,False
CDNS,S3,long,RISK_ON,1,2017-03-03 00:00:00+00:00,2017-03-22 00:00:00+00:00,31.131099999999996,31.131099999999996,0.2880693226249642,0.001440346613124821,13,STOP_AFTER_TP1,True
URI,S3,long,RISK_ON,1,2017-03-03 00:00:00+00:00,2017-03-08 00:00:00+00:00,128.84872,124.93522142857142,-1.0,-0.005,3,SL,False
SNPS,S3,long,RISK_ON,1,2017-03-03 00:00:00+00:00,2017-03-15 00:00:00+00:00,71.10103,69.73469642857143,-1.0,-0.005,8,SL,False
BBT,S3,long,RISK_ON,1,2017-03-06 00:00:00+00:00,2017-03-10 00:00:00+00:00,48.27822999999999,47.54571428571429,-1.0,-0.005,4,SL,False
HRS,S3,long,RISK_ON,1,2017-03-06 00:00:00+00:00,2017-03-27 00:00:00+00:00,110.00989999999999,110.00989999999999,0.40473814636219513,0.002023690731810976,15,STOP_AFTER_TP1,True
ZION,S3,long,RISK_ON,1,2017-03-06 00:00:00+00:00,2017-03-14 00:00:00+00:00,45.37532999999999,44.18248928571428,-1.0,-0.005,6,SL,False
TMK,S3,long,RISK_ON,1,2017-03-06 00:00:00+00:00,2017-03-09 00:00:00+00:00,77.99792,77.99792,0.46739836492824566,0.002336991824641228,3,STOP_AFTER_TP1,True
STX,S3,long,RISK_ON,1,2017-03-06 00:00:00+00:00,2017-03-09 00:00:00+00:00,48.55850999999999,47.52874642857143,-1.0,-0.005,3,SL,False
C,S3,long,RISK_ON,1,2017-03-06 00:00:00+00:00,2017-03-17 00:00:00+00:00,60.34027999999999,60.34027999999999,0.9006921663467559,0.004503460831733779,9,STOP_AFTER_TP1,True
HPQ,S3,long,RISK_ON,1,2017-03-06 00:00:00+00:00,2017-04-07 00:00:00+00:00,17.3173,17.3173,0.41979253200417577,0.002098962660020879,24,STOP_AFTER_TP1,True
AME,S3,long,RISK_ON,1,2017-03-06 00:00:00+00:00,2017-03-09 00:00:00+00:00,54.664609999999996,53.921464285714286,-1.0,-0.005,3,SL,False
MHK,S3,long,RISK_ON,1,2017-03-06 00:00:00+00:00,2017-03-22 00:00:00+00:00,228.26803999999996,225.06535714285715,-1.0,-0.005,12,SL,False
CBG,S3,long,RISK_ON,1,2017-03-06 00:00:00+00:00,2017-03-10 00:00:00+00:00,35.95592,35.95592,0.30632536870601335,0.0015316268435300667,4,STOP_AFTER_TP1,True
BEN,S3,long,RISK_ON,1,2017-03-06 00:00:00+00:00,2017-03-17 00:00:00+00:00,42.42238,42.42238,1.2849375713271396,0.006424687856635698,9,STOP_AFTER_TP1,True
AMP,S3,long,RISK_ON,1,2017-03-06 00:00:00+00:00,2017-03-20 00:00:00+00:00,132.56243,130.0439392857143,-1.0,-0.005,10,SL,False
AVGO,S3,long,RISK_ON,1,2017-03-06 00:00:00+00:00,2017-03-21 00:00:00+00:00,218.15793999999997,218.15793999999997,0.4432101912388698,0.002216050956194349,11,STOP_AFTER_TP1,True
COF,S3,long,RISK_ON,1,2017-03-06 00:00:00+00:00,2017-03-09 00:00:00+00:00,93.09299999999999,92.04878214285714,-1.0,-0.005,3,SL,False
FITB,S3,long,RISK_ON,1,2017-03-06 00:00:00+00:00,2017-03-10 00:00:00+00:00,27.567539999999997,26.854107142857142,-1.0,-0.005,4,SL,False
PWR,S3,long,RISK_ON,1,2017-03-06 00:00:00+00:00,2017-03-09 00:00:00+00:00,37.70767,36.7725,-1.0,-0.005,3,SL,False
XL,S3,long,RISK_ON,1,2017-03-07 00:00:00+00:00,2017-03-27 00:00:00+00:00,40.17013,39.52964285714286,-1.0,-0.005,14,SL,False
NRG,S3,long,RISK_ON,1,2017-03-07 00:00:00+00:00,2017-03-08 00:00:00+00:00,17.1171,16.628392857142856,-1.0,-0.005,1,SL,False
CELG,S3,long,RISK_ON,1,2017-03-07 00:00:00+00:00,2017-03-22 00:00:00+00:00,122.20207999999998,122.20207999999998,0.3806270076195056,0.001903135038097528,11,STOP_AFTER_TP1,True
TIF,S3,long,RISK_ON,1,2017-03-07 00:00:00+00:00,2017-04-05 00:00:00+00:00,88.84876,92.77,3.524741972071041,0.017623709860355205,21,EMA_TRAIL,True
BWA,S3,long,RISK_ON,1,2017-03-08 00:00:00+00:00,2017-03-21 00:00:00+00:00,41.981939999999994,41.981939999999994,0.47100867933217105,0.0023550433966608554,9,STOP_AFTER_TP1,True
DFS,S3,long,RISK_ON,1,2017-03-08 00:00:00+00:00,2017-03-15 00:00:00+00:00,71.43136,70.63,-0.5671469460921671,-0.0028357347304608354,5,SMA50_BREAK,False
SNI,S3,long,RISK_ON,1,2017-03-08 00:00:00+00:00,2017-04-03 00:00:00+00:00,78.61854,77.39,-0.5420246904865296,-0.002710123452432648,18,SMA50_BREAK,False
SCHW,S3,long,RISK_ON,1,2017-03-08 00:00:00+00:00,2017-03-21 00:00:00+00:00,41.90185999999999,41.90185999999999,0.6126763691455985,0.003063381845727993,9,STOP_AFTER_TP1,True
FFIV,S3,long,RISK_ON,1,2017-03-08 00:00:00+00:00,2017-03-29 00:00:00+00:00,143.02288,143.02288,0.27543359119031413,0.0013771679559515706,15,STOP_AFTER_TP1,True
CHTR,S3,long,RISK_ON,1,2017-03-09 00:00:00+00:00,2017-03-22 00:00:00+00:00,323.46313999999995,319.02267857142857,-1.0,-0.005,9,SL,False
RCL,S3,long,RISK_ON,1,2017-03-09 00:00:00+00:00,2017-03-14 00:00:00+00:00,95.59549999999999,95.59549999999999,0.4746402569068289,0.002373201284534144,3,STOP_AFTER_TP1,True
ROP,S3,long,RISK_ON,1,2017-03-09 00:00:00+00:00,2017-03-16 00:00:00+00:00,210.83061999999998,210.83061999999998,0.45389977127233594,0.00226949885636168,5,STOP_AFTER_TP1,True
DRI,S3,long,RISK_ON,1,2017-03-09 00:00:00+00:00,2017-03-10 00:00:00+00:00,75.29521999999999,74.02589642857143,-1.0,-0.005,1,SL,False
TMK,S3,long,RISK_ON,1,2017-03-10 00:00:00+00:00,2017-03-21 00:00:00+00:00,78.41834,77.339825,-1.0,-0.005,7,SL,False
COF,S3,long,RISK_ON,1,2017-03-10 00:00:00+00:00,2017-03-14 00:00:00+00:00,92.28218999999999,90.80503214285713,-1.0,-0.005,2,SL,False
WYN,S3,long,RISK_ON,1,2017-03-10 00:00:00+00:00,2017-03-15 00:00:00+00:00,82.73264999999999,81.49642857142857,-1.0,-0.005,3,SL,False
CMA,S3,long,RISK_ON,1,2017-03-10 00:00:00+00:00,2017-03-21 00:00:00+00:00,72.23216,70.02369642857143,-1.0,-0.005,7,SL,False
FAST,S3,long,RISK_ON,1,2017-03-10 00:00:00+00:00,2017-03-27 00:00:00+00:00,50.85079999999999,50.04,-0.5910790347944711,-0.0029553951739723556,11,SMA50_BREAK,False
STX,S3,long,RISK_ON,1,2017-03-10 00:00:00+00:00,2017-03-21 00:00:00+00:00,47.327279999999995,45.063925,-1.0,-0.005,7,SL,False
AMD,S3,long,RISK_ON,1,2017-03-10 00:00:00+00:00,2017-04-06 00:00:00+00:00,13.92391,13.27,-0.5450956668575991,-0.0027254783342879957,19,SMA50_BREAK,False
CFG,S3,long,RISK_ON,1,2017-03-10 00:00:00+00:00,2017-03-15 00:00:00+00:00,37.67764,36.78,-0.7682943529849022,-0.0038414717649245113,3,SMA50_BREAK,False
LUK,S3,long,RISK_ON,1,2017-03-10 00:00:00+00:00,2017-03-20 00:00:00+00:00,26.776749999999996,26.22900357142857,-1.0,-0.005,6,SL,False
HBAN,S3,long,RISK_ON,1,2017-03-13 00:00:00+00:00,2017-03-15 00:00:00+00:00,14.22421,13.863764285714286,-1.0,-0.005,2,SL,False
CBG,S3,long,RISK_ON,1,2017-03-13 00:00:00+00:00,2017-03-14 00:00:00+00:00,35.985949999999995,35.590089285714285,-1.0,-0.005,1,SL,False
FLIR,S3,long,RISK_ON,1,2017-03-13 00:00:00+00:00,2017-03-21 00:00:00+00:00,36.44640999999999,35.95,-0.7499255441749579,-0.0037496277208747897,6,SMA50_BREAK,False
HII,S3,long,RISK_ON,1,2017-03-13 00:00:00+00:00,2017-03-14 00:00:00+00:00,213.46325,208.28862142857142,-1.0,-0.005,1,SL,False
PWR,S3,long,RISK_ON,1,2017-03-13 00:00:00+00:00,2017-03-21 00:00:00+00:00,37.70767,36.49625,-1.0,-0.005,6,SL,False
CBG,S3,long,RISK_ON,1,2017-03-14 00:00:00+00:00,2017-03-21 00:00:00+00:00,35.505469999999995,35.06205357142857,-1.0,-0.005,5,SL,False
MS,S3,long,RISK_ON,1,2017-03-14 00:00:00+00:00,2017-03-17 00:00:00+00:00,46.23618999999999,45.31982142857142,-1.0,-0.005,3,SL,False
SHW,S3,long,RISK_ON,1,2017-03-14 00:00:00+00:00,2017-03-22 00:00:00+00:00,310.45014,306.5423214285714,-1.0,-0.005,6,SL,False
RCL,S3,long,RISK_ON,1,2017-03-14 00:00:00+00:00,2017-03-22 00:00:00+00:00,96.03593999999998,96.03593999999998,0.4138975875208859,0.0020694879376044295,6,STOP_AFTER_TP1,True
ADSK,S3,long,RISK_ON,1,2017-03-14 00:00:00+00:00,2017-03-21 00:00:00+00:00,85.99590999999998,84.30281428571429,-1.0,-0.005,5,SL,False
AME,S3,long,RISK_ON,1,2017-03-15 00:00:00+00:00,2017-03-27 00:00:00+00:00,54.15409999999999,52.81657142857143,-1.0,-0.005,8,SL,False
CSX,S3,long,RISK_ON,1,2017-03-15 00:00:00+00:00,2017-03-17 00:00:00+00:00,47.997949999999996,46.910525,-1.0,-0.005,2,SL,False
GS,S3,long,RISK_ON,1,2017-03-16 00:00:00+00:00,2017-03-20 00:00:00+00:00,248.46821999999997,243.688325,-1.0,-0.005,2,SL,False
SNPS,S3,long,RISK_ON,1,2017-03-16 00:00:00+00:00,2017-05-17 00:00:00+00:00,70.83076,73.395,1.3063696855889502,0.006531848427944751,43,EMA_TRAIL,True
ROP,S3,long,RISK_ON,1,2017-03-20 00:00:00+00:00,2017-03-21 00:00:00+00:00,210.44022999999996,208.88964285714286,-1.0,-0.005,1,SL,False
IDXX,S3,long,RISK_ON,1,2017-03-20 00:00:00+00:00,2017-03-21 00:00:00+00:00,151.69153999999997,149.4178535714286,-1.0,-0.005,1,SL,False
LUK,S3,long,RISK_ON,1,2017-03-20 00:00:00+00:00,2017-03-21 00:00:00+00:00,26.306279999999997,25.911128571428574,-1.0,-0.005,1,SL,False
SWKS,S3,long,RISK_ON,1,2017-03-22 00:00:00+00:00,2017-04-12 00:00:00+00:00,96.83673999999998,97.59,0.4356272389536858,0.002178136194768429,15,EMA_TRAIL,True
NRG,S3,long,RISK_ON,1,2017-03-22 00:00:00+00:00,2017-04-19 00:00:00+00:00,18.02801,18.02801,0.4053495389116766,0.0020267476945583828,19,STOP_AFTER_TP1,True
AMAT,S3,long,RISK_ON,1,2017-03-23 00:00:00+00:00,2017-04-06 00:00:00+00:00,38.88885,38.05003214285715,-1.0,-0.005,10,SL,False
AVGO,S3,long,RISK_ON,1,2017-03-24 00:00:00+00:00,2017-04-11 00:00:00+00:00,219.18896999999998,214.60553571428574,-1.0,-0.005,12,SL,False
CDNS,S3,long,RISK_ON,1,2017-03-24 00:00:00+00:00,2017-03-27 00:00:00+00:00,31.641609999999996,31.301785714285714,-1.0,-0.005,1,SL,False
RCL,S3,long,RISK_ON,1,2017-03-24 00:00:00+00:00,2017-03-27 00:00:00+00:00,98.66856999999999,97.38607142857144,-1.0,-0.005,1,SL,False
RSG,S3,long,RISK_ON,1,2017-03-28 00:00:00+00:00,2017-04-28 00:00:00+00:00,62.48242,62.99,0.9172075752605713,0.004586037876302857,22,EMA_TRAIL,True
LUK,S3,long,RISK_ON,1,2017-03-28 00:00:00+00:00,2017-04-13 00:00:00+00:00,26.126099999999997,25.52,-0.4830966831012372,-0.0024154834155061863,12,SMA50_BREAK,False
CELG,S3,long,RISK_ON,1,2017-03-28 00:00:00+00:00,2017-04-21 00:00:00+00:00,124.55443,122.26,-0.64165924403631,-0.0032082962201815503,17,SMA50_BREAK,False
BA,S3,long,RISK_ON,1,2017-03-28 00:00:00+00:00,2017-05-15 00:00:00+00:00,177.53736,182.39,1.193533302986057,0.005967666514930286,33,EMA_TRAIL,True
RCL,S3,long,RISK_ON,1,2017-03-29 00:00:00+00:00,2017-04-03 00:00:00+00:00,99.01892,97.75330357142857,-1.0,-0.005,3,SL,False
HRS,S3,long,RISK_ON,1,2017-03-29 00:00:00+00:00,2017-04-04 00:00:00+00:00,111.24112999999998,109.74328571428572,-1.0,-0.005,4,SL,False
MHK,S3,long,RISK_ON,1,2017-03-30 00:00:00+00:00,2017-04-13 00:00:00+00:00,229.13890999999998,229.13890999999998,0.3374735757420888,0.001687367878710444,10,STOP_AFTER_TP1,True
ANTM,S3,long,RISK_ON,1,2017-03-31 00:00:00+00:00,2017-05-17 00:00:00+00:00,165.54537999999997,176.12,3.635918200754359,0.018179591003771797,32,EMA_TRAIL,True
CMS,S3,long,RISK_ON,1,2017-04-03 00:00:00+00:00,2017-04-20 00:00:00+00:00,44.874829999999996,44.874829999999996,0.2809052440570833,0.0014045262202854163,12,STOP_AFTER_TP1,True
ATVI,S3,long,RISK_ON,1,2017-04-03 00:00:00+00:00,2017-04-05 00:00:00+00:00,49.57953,48.87732857142857,-1.0,-0.005,2,SL,False
ZBH,S3,long,RISK_ON,1,2017-04-03 00:00:00+00:00,2017-04-11 00:00:00+00:00,121.47134999999999,119.44185357142857,-1.0,-0.005,6,SL,False
ILMN,S3,long,RISK_ON,1,2017-04-03 00:00:00+00:00,2017-04-05 00:00:00+00:00,170.92074999999997,167.42546428571427,-1.0,-0.005,2,SL,False
XEL,S3,long,RISK_ON,1,2017-04-03 00:00:00+00:00,2017-04-20 00:00:00+00:00,44.444399999999995,44.444399999999995,0.2824334421330029,0.0014121672106650147,12,STOP_AFTER_TP1,True
A,S3,long,RISK_ON,1,2017-04-03 00:00:00+00:00,2017-04-06 00:00:00+00:00,53.2532,52.26308928571428,-1.0,-0.005,3,SL,False
PHM,S3,long,RISK_ON,1,2017-04-03 00:00:00+00:00,2017-04-20 00:00:00+00:00,23.503479999999996,23.503479999999996,0.4772397825398207,0.0023861989126991033,12,STOP_AFTER_TP1,True
PCG,S3,long,RISK_ON,1,2017-04-03 00:00:00+00:00,2017-05-01 00:00:00+00:00,66.60654,66.46,-0.11566842724857808,-0.0005783421362428904,19,SMA50_BREAK,False
AEP,S3,long,RISK_ON,1,2017-04-03 00:00:00+00:00,2017-05-01 00:00:00+00:00,67.21715,67.47,0.4641146469641379,0.0023205732348206896,19,EMA_TRAIL,True
PM,S3,long,RISK_ON,1,2017-04-03 00:00:00+00:00,2017-04-20 00:00:00+00:00,113.02290999999998,113.02290999999998,0.4619160364288918,0.002309580182144459,12,STOP_AFTER_TP1,True
SYMC,S3,long,RISK_ON,1,2017-04-03 00:00:00+00:00,2017-05-11 00:00:00+00:00,30.270239999999994,31.46,2.049261730824268,0.010246308654121341,27,EMA_TRAIL,True
ALB,S3,long,RISK_ON,1,2017-04-03 00:00:00+00:00,2017-06-12 00:00:00+00:00,105.13502999999999,111.19,2.1293816937966055,0.010646908468983028,48,EMA_TRAIL,True
AVB,S3,long,RISK_ON,1,2017-04-03 00:00:00+00:00,2017-04-24 00:00:00+00:00,183.71353,183.71353,0.4726237634601168,0.002363118817300584,14,STOP_AFTER_TP1,True
ES,S3,long,RISK_ON,1,2017-04-03 00:00:00+00:00,2017-04-28 00:00:00+00:00,58.94888999999999,59.4,0.713426416670426,0.0035671320833521297,18,EMA_TRAIL,True
LLY,S3,long,RISK_ON,1,2017-04-03 00:00:00+00:00,2017-04-17 00:00:00+00:00,84.53444999999999,84.53444999999999,0.5326967808598194,0.0026634839042990973,9,STOP_AFTER_TP1,True
MU,S3,long,RISK_ON,1,2017-04-04 00:00:00+00:00,2017-04-10 00:00:00+00:00,28.618589999999998,27.745,-1.0,-0.005,4,SL,False
RCL,S3,long,RISK_ON,1,2017-04-04 00:00:00+00:00,2017-04-11 00:00:00+00:00,98.20810999999999,95.92705357142857,-1.0,-0.005,5,SL,False
SYK,S3,long,RISK_ON,1,2017-04-04 00:00:00+00:00,2017-04-12 00:00:00+00:00,131.54140999999998,129.8403607142857,-1.0,-0.005,6,SL,False
SRE,S3,long,RISK_ON,1,2017-04-04 00:00:00+00:00,2017-04-05 00:00:00+00:00,110.49037999999999,108.43286428571429,-1.0,-0.005,1,SL,False
PCLN,S3,long,RISK_ON,1,2017-04-04 00:00:00+00:00,2017-04-12 00:00:00+00:00,1769.1473799999999,1752.8003571428571,-1.0,-0.005,6,SL,False
ISRG,S3,long,RISK_ON,1,2017-04-04 00:00:00+00:00,2017-04-06 00:00:00+00:00,254.3672131,254.3672131,0.33309379129662886,0.0016654689564831442,2,STOP_AFTER_TP1,True
PDCO,S3,long,RISK_ON,1,2017-04-04 00:00:00+00:00,2017-04-05 00:00:00+00:00,45.00496,44.49161071428571,-1.0,-0.005,1,SL,False
DHI,S3,long,RISK_ON,1,2017-04-04 00:00:00+00:00,2017-04-20 00:00:00+00:00,33.32328999999999,33.32328999999999,0.5589982936373687,0.0027949914681868436,11,STOP_AFTER_TP1,True
EFX,S3,long,RISK_ON,1,2017-04-04 00:00:00+00:00,2017-04-06 00:00:00+00:00,135.94581,135.94581,0.3416258528284859,0.0017081292641424296,2,STOP_AFTER_TP1,True
AMD,S5,long,DEFENSIVE,1,2017-04-06 00:00:00+00:00,2017-04-10 00:00:00+00:00,13.283269999999998,13.1,-0.4043285458997932,-0.002021642729498966,2,SMA50_BREAK,False
PCLN,S2,long,RISK_ON,1,2017-04-24 00:00:00+00:00,2017-06-12 00:00:00+00:00,1800.4186199999997,1812.99,0.19354713981970306,0.0009677356990985154,34,SMA50_BREAK,False
LEN,S3,long,RISK_ON,1,2017-04-24 00:00:00+00:00,2017-04-25 00:00:00+00:00,50.609358799999995,49.920471428571425,-1.0,-0.005,1,SL,False
SBAC,S3,long,RISK_ON,1,2017-04-24 00:00:00+00:00,2017-06-08 00:00:00+00:00,123.58345999999997,134.27,5.5675904449267986,0.027837952224633995,32,EMA_TRAIL,True
XEL,S3,long,RISK_ON,1,2017-04-26 00:00:00+00:00,2017-05-01 00:00:00+00:00,44.88484,44.88484,0.36949496743406895,0.0018474748371703448,3,STOP_AFTER_TP1,True
CMS,S3,long,RISK_ON,1,2017-04-26 00:00:00+00:00,2017-04-28 00:00:00+00:00,45.405359999999995,45.405359999999995,0.27534665363547917,0.0013767332681773959,2,STOP_AFTER_TP1,True
DLR,S3,long,RISK_ON,1,2017-04-26 00:00:00+00:00,2017-05-04 00:00:00+00:00,111.33121999999999,111.33121999999999,0.8980318489522661,0.004490159244761331,6,STOP_AFTER_TP1,True
QRVO,S3,long,RISK_ON,1,2017-04-26 00:00:00+00:00,2017-04-28 00:00:00+00:00,71.04096999999999,69.53158571428573,-1.0,-0.005,2,SL,False
PPL,S3,long,RISK_ON,1,2017-04-26 00:00:00+00:00,2017-05-01 00:00:00+00:00,37.97794,37.97794,0.3431054021642609,0.0017155270108213045,3,STOP_AFTER_TP1,True
INFO,S3,long,RISK_ON,1,2017-04-28 00:00:00+00:00,2017-05-10 00:00:00+00:00,43.4434,43.4434,0.5336127260650229,0.002668063630325114,8,STOP_AFTER_TP1,True
LOW,S3,long,RISK_ON,1,2017-05-01 00:00:00+00:00,2017-05-11 00:00:00+00:00,84.4844,84.4844,0.4525450336588436,0.002262725168294218,8,STOP_AFTER_TP1,True
FBHS,S3,long,RISK_ON,1,2017-05-01 00:00:00+00:00,2017-05-04 00:00:00+00:00,63.38331999999999,62.83678571428571,-1.0,-0.005,3,SL,False
FMC,S3,long,RISK_ON,1,2017-05-01 00:00:00+00:00,2017-05-03 00:00:00+00:00,73.58351,72.22375000000001,-1.0,-0.005,2,SL,False
CNP,S3,long,RISK_ON,1,2017-05-01 00:00:00+00:00,2017-05-03 00:00:00+00:00,28.338309999999996,28.08669642857143,-1.0,-0.005,2,SL,False
ALLE,S3,long,RISK_ON,1,2017-05-01 00:00:00+00:00,2017-05-03 00:00:00+00:00,77.7777,77.0,-1.0,-0.005,2,SL,False
STZ,S3,long,RISK_ON,1,2017-05-01 00:00:00+00:00,2017-06-09 00:00:00+00:00,172.24206999999998,181.0,2.4237416640598384,0.012118708320299192,28,EMA_TRAIL,True
CMG,S3,long,RISK_ON,1,2017-05-01 00:00:00+00:00,2017-05-18 00:00:00+00:00,478.0575799999999,478.0575799999999,0.3636439062878543,0.0018182195314392715,13,STOP_AFTER_TP1,True
SWK,S3,long,RISK_ON,1,2017-05-01 00:00:00+00:00,2017-05-18 00:00:00+00:00,136.24611,134.30599642857143,-1.0,-0.005,13,SL,False
AAPL,S2,long,RISK_ON,1,2017-05-01 00:00:00+00:00,2017-06-12 00:00:00+00:00,146.72657999999998,145.42,0.35805253629465783,0.0017902626814732892,29,SMA50_BREAK,False
WDC,S3,long,RISK_ON,1,2017-05-02 00:00:00+00:00,2017-05-18 00:00:00+00:00,87.37729,84.92238571428571,-1.0,-0.005,12,SL,False
SWKS,S3,long,RISK_ON,1,2017-05-02 00:00:00+00:00,2017-05-17 00:00:00+00:00,100.77067,100.77067,0.4474811121711041,0.0022374055608555205,11,STOP_AFTER_TP1,True
HPQ,S3,long,RISK_ON,1,2017-05-03 00:00:00+00:00,2017-05-18 00:00:00+00:00,18.828809999999997,18.828809999999997,0.29868602580866144,0.0014934301290433073,11,STOP_AFTER_TP1,True
MTD,S3,long,RISK_ON,1,2017-05-03 00:00:00+00:00,2017-06-29 00:00:00+00:00,513.9434299999999,583.87,3.778831652044498,0.01889415826022249,40,EMA_TRAIL,True
CI,S3,long,RISK_ON,1,2017-05-03 00:00:00+00:00,2017-05-17 00:00:00+00:00,157.18703,158.41,0.6388982955900001,0.0031944914779500006,10,EMA_TRAIL,True
KLAC,S3,long,RISK_ON,1,2017-05-03 00:00:00+00:00,2017-06-09 00:00:00+00:00,99.54945,101.98,1.4951708358823748,0.007475854179411874,26,EMA_TRAIL,True
VRTX,S3,long,RISK_ON,1,2017-05-04 00:00:00+00:00,2017-05-05 00:00:00+00:00,116.50638999999998,114.56125,-1.0,-0.005,1,SL,False
ANSS,S2,long,RISK_ON,1,2017-05-04 00:00:00+00:00,2017-06-29 00:00:00+00:00,119.60948999999998,120.43,0.09661683410496487,0.00048308417052482435,39,SMA50_BREAK,False
MCHP,S3,long,RISK_ON,1,2017-05-04 00:00:00+00:00,2017-06-14 00:00:00+00:00,75.08501,82.3,6.448530649439597,0.03224265324719799,28,EMA_TRAIL,True
FBHS,S3,long,RISK_ON,1,2017-05-04 00:00:00+00:00,2017-05-17 00:00:00+00:00,63.40333999999999,62.40428571428571,-1.0,-0.005,9,SL,False
EFX,S3,long,RISK_ON,1,2017-05-04 00:00:00+00:00,2017-05-11 00:00:00+00:00,136.99686,134.94,-1.0,-0.005,5,SL,False
FB,S3,long,RISK_ON,1,2017-05-05 00:00:00+00:00,2017-05-17 00:00:00+00:00,150.39024,147.67897142857143,-1.0,-0.005,8,SL,False
AMZN,S3,long,RISK_ON,1,2017-05-05 00:00:00+00:00,2017-06-09 00:00:00+00:00,935.0841499999999,935.0841499999999,0.5775502362873388,0.0028877511814366943,24,STOP_AFTER_TP1,True
VRTX,S3,long,RISK_ON,1,2017-05-08 00:00:00+00:00,2017-06-29 00:00:00+00:00,115.17505999999999,127.24,3.5191170616335796,0.017595585308167898,37,EMA_TRAIL,True
VRSN,S3,long,RISK_ON,1,2017-05-08 00:00:00+00:00,2017-05-17 00:00:00+00:00,89.30921999999998,88.35277857142856,-1.0,-0.005,7,SL,False
CDNS,S3,long,RISK_ON,1,2017-05-08 00:00:00+00:00,2017-05-17 00:00:00+00:00,32.862829999999995,32.503682142857144,-1.0,-0.005,7,SL,False
V,S3,long,RISK_ON,1,2017-05-08 00:00:00+00:00,2017-05-17 00:00:00+00:00,92.01191999999999,92.01191999999999,0.326143936178104,0.00163071968089052,7,STOP_AFTER_TP1,True
WYN,S3,long,RISK_ON,1,2017-05-08 00:00:00+00:00,2017-05-17 00:00:00+00:00,96.06597,94.13732142857143,-1.0,-0.005,7,SL,False
MHK,S3,long,RISK_ON,1,2017-05-08 00:00:00+00:00,2017-05-12 00:00:00+00:00,234.32408999999998,230.15571428571428,-1.0,-0.005,4,SL,False
ILMN,S3,long,RISK_ON,1,2017-05-08 00:00:00+00:00,2017-05-10 00:00:00+00:00,184.83464999999998,181.27700357142857,-1.0,-0.005,2,SL,False
IDXX,S3,long,RISK_ON,1,2017-05-08 00:00:00+00:00,2017-06-09 00:00:00+00:00,161.82165999999998,164.56,1.5743043856212862,0.007871521928106431,23,EMA_TRAIL,True
FMC,S3,long,RISK_ON,1,2017-05-08 00:00:00+00:00,2017-05-18 00:00:00+00:00,72.92284999999998,72.92284999999998,0.3167098662411822,0.001583549331205911,8,STOP_AFTER_TP1,True
CSX,S3,long,RISK_ON,1,2017-05-09 00:00:00+00:00,2017-05-16 00:00:00+00:00,51.86181,51.106071428571425,-1.0,-0.005,5,SL,False
NEE,S3,long,RISK_ON,1,2017-05-09 00:00:00+00:00,2017-06-12 00:00:00+00:00,133.90377,139.42,3.5547764508715676,0.017773882254357838,23,EMA_TRAIL,True
CNC,S3,long,RISK_ON,1,2017-05-09 00:00:00+00:00,2017-05-22 00:00:00+00:00,75.80573,74.25360714285713,-1.0,-0.005,9,SL,False
MCO,S3,long,RISK_ON,1,2017-05-09 00:00:00+00:00,2017-05-11 00:00:00+00:00,116.82670999999998,115.47876785714286,-1.0,-0.005,2,SL,False
AMT,S3,long,RISK_ON,1,2017-05-10 00:00:00+00:00,2017-05-11 00:00:00+00:00,127.22709999999998,126.14896428571429,-1.0,-0.005,1,SL,False
AMAT,S2,long,RISK_ON,1,2017-05-10 00:00:00+00:00,2017-06-26 00:00:00+00:00,42.91286999999999,43.25,0.35294657714206346,0.0017647328857103173,32,SMA50_BREAK,False
ILMN,S3,long,RISK_ON,1,2017-05-10 00:00:00+00:00,2017-05-16 00:00:00+00:00,182.29210999999998,178.4612892857143,-1.0,-0.005,4,SL,False
INFO,S3,long,RISK_ON,1,2017-05-10 00:00:00+00:00,2017-06-26 00:00:00+00:00,43.483439999999995,46.4,3.2958470234666226,0.016479235117333114,32,EMA_TRAIL,True
CERN,S3,long,RISK_ON,1,2017-05-10 00:00:00+00:00,2017-05-18 00:00:00+00:00,64.79473,63.51684285714286,-1.0,-0.005,6,SL,False
WYNN,S3,long,RISK_ON,1,2017-05-10 00:00:00+00:00,2017-05-17 00:00:00+00:00,123.39326999999999,123.39326999999999,0.27136995178053,0.0013568497589026502,5,STOP_AFTER_TP1,True
A,S3,long,RISK_ON,1,2017-05-10 00:00:00+00:00,2017-05-17 00:00:00+00:00,56.326269999999994,56.326269999999994,0.3562462406754774,0.001781231203377387,5,STOP_AFTER_TP1,True
EA,S2,long,RISK_ON,1,2017-05-10 00:00:00+00:00,2017-06-30 00:00:00+00:00,108.26815999999998,105.72,-0.10823037403951763,-0.0005411518701975882,36,SMA50_BREAK,False
DLR,S3,long,RISK_ON,1,2017-05-11 00:00:00+00:00,2017-05-17 00:00:00+00:00,113.78366999999999,113.78366999999999,0.44044913886321524,0.0022022456943160762,4,STOP_AFTER_TP1,True
ORCL,S3,long,RISK_ON,1,2017-05-11 00:00:00+00:00,2017-05-17 00:00:00+00:00,45.20515999999999,44.76035714285714,-1.0,-0.005,4,SL,False
ALGN,S3,long,RISK_ON,1,2017-05-11 00:00:00+00:00,2017-08-18 00:00:00+00:00,137.59745999999998,168.61,3.177024660573759,0.015885123302868797,69,EMA_TRAIL,True
AMT,S3,long,RISK_ON,1,2017-05-11 00:00:00+00:00,2017-05-18 00:00:00+00:00,126.40627999999998,126.40627999999998,0.7327584863300061,0.0036637924316500303,5,STOP_AFTER_TP1,True
SHW,S3,long,RISK_ON,1,2017-05-11 00:00:00+00:00,2017-05-17 00:00:00+00:00,334.97463999999997,330.1638214285714,-1.0,-0.005,4,SL,False
RCL,S3,long,RISK_ON,1,2017-05-12 00:00:00+00:00,2017-05-17 00:00:00+00:00,107.67756999999997,105.48736428571429,-1.0,-0.005,3,SL,False
SPGI,S3,long,RISK_ON,1,2017-05-12 00:00:00+00:00,2017-05-17 00:00:00+00:00,136.83669999999998,136.83669999999998,0.32501573780154636,0.0016250786890077318,3,STOP_AFTER_TP1,True
ROP,S3,long,RISK_ON,1,2017-05-12 00:00:00+00:00,2017-05-18 00:00:00+00:00,221.70147999999998,219.13143214285714,-1.0,-0.005,4,SL,False
AVY,S3,long,RISK_ON,1,2017-05-12 00:00:00+00:00,2017-05-17 00:00:00+00:00,83.43334999999999,83.43334999999999,0.3291645974459653,0.0016458229872298267,3,STOP_AFTER_TP1,True
LOW,S3,long,RISK_ON,1,2017-05-12 00:00:00+00:00,2017-05-17 00:00:00+00:00,84.90481999999999,83.67750357142857,-1.0,-0.005,3,SL,False
DGX,S3,long,RISK_ON,1,2017-05-12 00:00:00+00:00,2017-05-17 00:00:00+00:00,106.57646999999999,105.53925357142857,-1.0,-0.005,3,SL,False
BSX,S3,long,RISK_ON,1,2017-05-12 00:00:00+00:00,2017-05-17 00:00:00+00:00,26.25623,26.25623,0.5134887638026835,0.0025674438190134174,3,STOP_AFTER_TP1,True
ALLE,S3,long,RISK_ON,1,2017-05-15 00:00:00+00:00,2017-06-09 00:00:00+00:00,77.31723999999998,77.23,-0.06823674803868675,-0.00034118374019343373,18,SMA50_BREAK,False
COO,S2,long,RISK_ON,1,2017-05-15 00:00:00+00:00,2017-06-29 00:00:00+00:00,210.07986999999997,237.12,4.3607874091919285,0.021803937045959645,32,EMA_TRAIL,True
HAS,S3,long,RISK_ON,1,2017-05-15 00:00:00+00:00,2017-05-17 00:00:00+00:00,101.39129,100.23107142857143,-1.0,-0.005,2,SL,False
ROK,S3,long,RISK_ON,1,2017-05-16 00:00:00+00:00,2017-05-17 00:00:00+00:00,157.65749999999997,155.36906071428572,-1.0,-0.005,1,SL,False
BA,S3,long,RISK_ON,1,2017-05-16 00:00:00+00:00,2017-05-17 00:00:00+00:00,182.88269999999997,180.9030357142857,-1.0,-0.005,1,SL,False
EQIX,S3,long,RISK_ON,1,2017-05-16 00:00:00+00:00,2017-05-18 00:00:00+00:00,428.0676399999999,421.7291071428571,-1.0,-0.005,2,SL,False
VRSN,S3,long,RISK_ON,1,2017-05-19 00:00:00+00:00,2017-08-08 00:00:00+00:00,89.27918999999999,98.73,3.066153122806146,0.01533076561403073,55,EMA_TRAIL,True
RCL,S3,long,RISK_ON,1,2017-05-19 00:00:00+00:00,2017-06-27 00:00:00+00:00,106.25614999999999,108.89,0.9556894801266932,0.004778447400633466,26,EMA_TRAIL,True
HAS,S3,long,RISK_ON,1,2017-05-19 00:00:00+00:00,2017-07-24 00:00:00+00:00,101.15104999999998,105.0,1.006560787186832,0.005032803935934161,44,SMA50_BREAK,True
CMG,S3,long,RISK_ON,1,2017-05-19 00:00:00+00:00,2017-06-06 00:00:00+00:00,485.47498999999993,470.961875,-1.0,-0.005,11,SL,False
EXPE,S3,long,RISK_ON,1,2017-05-19 00:00:00+00:00,2017-06-09 00:00:00+00:00,141.73158999999998,143.59,0.5786668278379514,0.0028933341391897574,14,EMA_TRAIL,True
A,S3,long,RISK_ON,1,2017-05-19 00:00:00+00:00,2017-06-26 00:00:00+00:00,56.18613,59.24,2.887967833979529,0.014439839169897646,25,EMA_TRAIL,True
HPQ,S3,long,RISK_ON,1,2017-05-19 00:00:00+00:00,2017-05-25 00:00:00+00:00,19.019,18.51928571428571,-1.0,-0.005,4,SL,False
ROK,S3,long,RISK_ON,1,2017-05-19 00:00:00+00:00,2017-06-21 00:00:00+00:00,157.51736,160.12,0.6022503090149579,0.0030112515450747895,22,EMA_TRAIL,True
LOW,S3,long,RISK_ON,1,2017-05-19 00:00:00+00:00,2017-05-23 00:00:00+00:00,84.67459,83.11167142857143,-1.0,-0.005,2,SL,False
WYN,S3,long,RISK_ON,1,2017-05-19 00:00:00+00:00,2017-06-29 00:00:00+00:00,95.69559999999998,100.7,2.5284195895909676,0.012642097947954838,28,EMA_TRAIL,True
NFLX,S3,long,RISK_ON,1,2017-05-19 00:00:00+00:00,2017-06-09 00:00:00+00:00,157.17702,157.17702,0.2860137843957461,0.0014300689219787306,14,STOP_AFTER_TP1,True
DGX,S3,long,RISK_ON,1,2017-05-19 00:00:00+00:00,2017-06-12 00:00:00+00:00,105.99588999999999,107.44,0.887789311697082,0.00443894655848541,15,EMA_TRAIL,True
AVY,S3,long,RISK_ON,1,2017-05-22 00:00:00+00:00,2017-06-06 00:00:00+00:00,83.27318999999999,83.27318999999999,0.3176275311593218,0.001588137655796609,10,STOP_AFTER_TP1,True
SWK,S3,long,RISK_ON,1,2017-05-22 00:00:00+00:00,2017-06-27 00:00:00+00:00,136.46633,140.49,1.646923589112859,0.008234617945564295,25,EMA_TRAIL,True
WDC,S3,long,RISK_ON,1,2017-05-22 00:00:00+00:00,2017-06-09 00:00:00+00:00,88.06797999999999,88.06797999999999,0.38189309875834654,0.0019094654937917327,13,STOP_AFTER_TP1,True
FBHS,S3,long,RISK_ON,1,2017-05-22 00:00:00+00:00,2017-05-24 00:00:00+00:00,63.13307,62.465357142857144,-1.0,-0.005,2,SL,False
FB,S3,long,RISK_ON,1,2017-05-22 00:00:00+00:00,2017-06-09 00:00:00+00:00,148.38824,148.38824,0.9988495343105468,0.004994247671552734,13,STOP_AFTER_TP1,True
SHW,S3,long,RISK_ON,1,2017-05-22 00:00:00+00:00,2017-06-30 00:00:00+00:00,331.78144999999995,350.96,3.69701672731769,0.01848508363658845,28,EMA_TRAIL,True
AMT,S3,long,RISK_ON,1,2017-05-22 00:00:00+00:00,2017-06-12 00:00:00+00:00,128.85872999999998,128.85872999999998,0.40511421643488643,0.002025571082174432,14,STOP_AFTER_TP1,True
CERN,S3,long,RISK_ON,1,2017-05-22 00:00:00+00:00,2017-06-12 00:00:00+00:00,64.64457999999999,65.79,0.8553892639335625,0.004276946319667812,14,EMA_TRAIL,True
CI,S3,long,RISK_ON,1,2017-05-23 00:00:00+00:00,2017-06-29 00:00:00+00:00,160.68052,166.7,1.7683904685051255,0.008841952342525628,26,EMA_TRAIL,True
AVGO,S3,long,RISK_ON,1,2017-05-23 00:00:00+00:00,2017-06-01 00:00:00+00:00,236.77653999999995,236.77653999999995,0.2966726721008136,0.0014833633605040681,6,STOP_AFTER_TP1,True
CRM,S3,long,RISK_ON,1,2017-05-23 00:00:00+00:00,2017-06-09 00:00:00+00:00,88.57848999999999,88.57848999999999,0.33447019778363646,0.0016723509889181823,12,STOP_AFTER_TP1,True
ARNC,S3,long,RISK_ON,1,2017-05-23 00:00:00+00:00,2017-05-25 00:00:00+00:00,27.897869999999998,27.11375,-1.0,-0.005,2,SL,False
MU,S3,long,RISK_ON,1,2017-05-23 00:00:00+00:00,2017-06-16 00:00:00+00:00,28.318289999999998,29.86,1.2316317476673009,0.006158158738336504,17,EMA_TRAIL,True
WYNN,S3,long,RISK_ON,1,2017-05-23 00:00:00+00:00,2017-06-29 00:00:00+00:00,124.27414999999999,132.76,2.4059661590725363,0.012029830795362682,26,EMA_TRAIL,True
BA,S3,long,RISK_ON,1,2017-05-23 00:00:00+00:00,2017-08-09 00:00:00+00:00,183.67349,234.31,10.673086847826763,0.05336543423913381,54,EMA_TRAIL,True
ORCL,S3,long,RISK_ON,1,2017-05-24 00:00:00+00:00,2017-06-09 00:00:00+00:00,44.874829999999996,44.874829999999996,0.515286957271342,0.00257643478635671,11,STOP_AFTER_TP1,True
ARNC,S3,long,RISK_ON,1,2017-05-26 00:00:00+00:00,2017-05-31 00:00:00+00:00,27.447419999999997,26.765460714285712,-1.0,-0.005,2,SL,False
FMC,S3,long,RISK_ON,1,2017-05-30 00:00:00+00:00,2017-06-15 00:00:00+00:00,75.07499999999999,75.07499999999999,0.28738253808959446,0.0014369126904479723,12,STOP_AFTER_TP1,True
MDT,S3,long,RISK_ON,1,2017-05-30 00:00:00+00:00,2017-05-31 00:00:00+00:00,84.94485999999999,83.92571428571429,-1.0,-0.005,1,SL,False
ATVI,S3,long,RISK_ON,1,2017-05-30 00:00:00+00:00,2017-06-09 00:00:00+00:00,58.63857999999999,58.63857999999999,0.5200978123403651,0.0026004890617018256,8,STOP_AFTER_TP1,True
HPQ,S3,long,RISK_ON,1,2017-06-01 00:00:00+00:00,2017-06-06 00:00:00+00:00,18.968949999999996,18.390535714285715,-1.0,-0.005,3,SL,False
GOOG,S3,long,RISK_ON,1,2017-06-01 00:00:00+00:00,2017-06-09 00:00:00+00:00,967.9169499999999,967.9169499999999,0.47080186621018816,0.002354009331050941,6,STOP_AFTER_TP1,True
TPR,S3,long,RISK_ON,1,2017-06-02 00:00:00+00:00,2017-06-07 00:00:00+00:00,46.04599999999999,46.04599999999999,0.47292694793912515,0.002364634739695626,3,STOP_AFTER_TP1,True
ARNC,S3,long,RISK_ON,1,2017-06-05 00:00:00+00:00,2017-06-06 00:00:00+00:00,27.497469999999996,27.112014285714288,-1.0,-0.005,1,SL,False
GD,S3,long,RISK_ON,1,2017-06-05 00:00:00+00:00,2017-06-06 00:00:00+00:00,201.67146999999997,200.17360714285715,-1.0,-0.005,1,SL,False
TSS,S3,long,RISK_ON,1,2017-06-05 00:00:00+00:00,2017-06-12 00:00:00+00:00,59.36931,59.36931,0.2767522168967119,0.0013837610844835595,5,STOP_AFTER_TP1,True
ALL,S3,long,RISK_ON,1,2017-06-06 00:00:00+00:00,2017-07-11 00:00:00+00:00,85.90581999999998,87.94,3.210364765764737,0.016051823828823687,24,EMA_TRAIL,True
HUM,S3,long,RISK_ON,1,2017-06-06 00:00:00+00:00,2017-06-08 00:00:00+00:00,233.73349999999996,230.61874999999998,-1.0,-0.005,2,SL,False
ARNC,S3,long,RISK_ON,1,2017-06-06 00:00:00+00:00,2017-06-07 00:00:00+00:00,27.497469999999996,26.9,-0.7485833032035418,-0.0037429165160177092,1,SMA50_BREAK,False
AON,S3,long,RISK_ON,1,2017-06-06 00:00:00+00:00,2017-06-23 00:00:00+00:00,130.59046,132.4,1.4152213763767332,0.007076106881883666,13,EMA_TRAIL,True
ADSK,S3,long,RISK_ON,1,2017-06-06 00:00:00+00:00,2017-06-09 00:00:00+00:00,111.56145,108.44571428571429,-0.7085454860848421,-0.003542727430424211,3,SL,False
ROP,S3,long,RISK_ON,1,2017-06-06 00:00:00+00:00,2017-06-08 00:00:00+00:00,228.58836,226.94381071428572,-1.0,-0.005,2,SL,False
GD,S3,long,RISK_ON,1,2017-06-07 00:00:00+00:00,2017-06-26 00:00:00+00:00,199.06886999999998,200.2,1.1089561607131362,0.005544780803565681,13,EMA_TRAIL,True
MCD,S3,long,RISK_ON,1,2017-06-07 00:00:00+00:00,2017-06-12 00:00:00+00:00,152.09194,150.01490714285714,-0.7728983355147858,-0.003864491677573929,3,SL,False
EQIX,S3,long,RISK_ON,1,2017-06-07 00:00:00+00:00,2017-06-12 00:00:00+00:00,441.13068999999996,433.9505285714286,-1.0,-0.005,3,SL,False
AME,S3,long,RISK_ON,1,2017-06-07 00:00:00+00:00,2017-06-14 00:00:00+00:00,61.59152999999999,61.59152999999999,0.2817109680126568,0.0014085548400632841,5,STOP_AFTER_TP1,True
IT,S3,long,RISK_ON,1,2017-06-07 00:00:00+00:00,2017-06-09 00:00:00+00:00,119.82970999999998,118.45241071428572,-1.0,-0.005,2,SL,False
BAX,S3,long,RISK_ON,1,2017-06-07 00:00:00+00:00,2017-06-09 00:00:00+00:00,59.6596,58.940535714285716,-1.0,-0.005,2,SL,False
CCI,S3,long,RISK_ON,1,2017-06-07 00:00:00+00:00,2017-06-08 00:00:00+00:00,103.31320999999998,101.83157857142857,-1.0,-0.005,1,SL,False
XEL,S3,long,RISK_ON,1,2017-06-07 00:00:00+00:00,2017-06-08 00:00:00+00:00,47.94789999999999,47.29226785714285,-1.0,-0.005,1,SL,False
WMT,S3,long,RISK_ON,1,2017-06-07 00:00:00+00:00,2017-06-16 00:00:00+00:00,79.22914999999999,77.74170714285715,-1.0,-0.005,7,SL,False
PKI,S3,long,RISK_ON,1,2017-06-08 00:00:00+00:00,2017-06-12 00:00:00+00:00,64.28421999999999,63.55239642857143,-1.0,-0.005,2,SL,False
CTSH,S3,long,RISK_ON,1,2017-06-08 00:00:00+00:00,2017-06-09 00:00:00+00:00,66.93687,65.96821428571428,-1.0,-0.005,1,SL,False
COL,S3,long,RISK_ON,1,2017-06-08 00:00:00+00:00,2017-06-12 00:00:00+00:00,105.60549999999999,103.62982142857143,-1.0,-0.005,2,SL,False
GPN,S3,long,RISK_ON,1,2017-06-08 00:00:00+00:00,2017-06-09 00:00:00+00:00,91.17107999999999,89.715,-1.0,-0.005,1,SL,False
ARNC,S3,long,RISK_ON,1,2017-06-08 00:00:00+00:00,2017-06-12 00:00:00+00:00,27.477449999999997,26.82,-0.6000743222979918,-0.0030003716114899593,2,SMA50_BREAK,False
IT,S3,long,RISK_ON,1,2017-06-09 00:00:00+00:00,2017-06-12 00:00:00+00:00,118.82870999999999,117.27526785714285,-1.0,-0.005,1,SL,False
BBY,S3,long,RISK_ON,1,2017-06-09 00:00:00+00:00,2017-06-12 00:00:00+00:00,58.188129999999994,56.861607142857146,-1.0,-0.005,1,SL,False
CDNS,S3,long,RISK_ON,1,2017-06-09 00:00:00+00:00,2017-06-12 00:00:00+00:00,34.75471999999999,33.88535714285714,-1.0,-0.005,1,SL,False
TMO,S3,long,RISK_ON,1,2017-06-09 00:00:00+00:00,2017-06-12 00:00:00+00:00,175.10493,173.07607142857142,-1.0,-0.005,1,SL,False
EW,S3,long,RISK_ON,1,2017-06-09 00:00:00+00:00,2017-06-12 00:00:00+00:00,116.23611999999999,114.31851428571429,-1.0,-0.005,1,SL,False
NI,S3,long,RISK_ON,1,2017-06-09 00:00:00+00:00,2017-06-29 00:00:00+00:00,25.795769999999997,25.29642857142857,-1.0,-0.005,14,SL,False
INTU,S3,long,RISK_ON,1,2017-06-09 00:00:00+00:00,2017-06-26 00:00:00+00:00,140.35021,137.68643214285714,-1.0,-0.005,11,SL,False
CCI,S3,long,RISK_ON,1,2017-06-09 00:00:00+00:00,2017-06-21 00:00:00+00:00,102.16206,99.53407857142857,-1.0,-0.005,8,SL,False
ZTS,S3,long,RISK_ON,1,2017-06-09 00:00:00+00:00,2017-06-12 00:00:00+00:00,62.65259,61.99193571428571,-1.0,-0.005,1,SL,False
MDT,S2,long,RISK_ON,1,2017-06-12 00:00:00+00:00,2017-07-17 00:00:00+00:00,87.71762999999999,86.06,-0.6225953954357853,-0.0031129769771789267,24,SMA50_BREAK,False
ATVI,S5,long,RISK_ON,1,2017-06-12 00:00:00+00:00,2017-06-27 00:00:00+00:00,56.816759999999995,58.29,1.60646213047476,0.0080323106523738,11,EMA_TRAIL,True
ISRG,S5,long,RISK_ON,1,2017-06-12 00:00:00+00:00,2017-07-03 00:00:00+00:00,301.39749639999997,307.2197,0.7912859552992426,0.003956429776496213,15,EMA_TRAIL,True
TSS,S3,long,RISK_ON,1,2017-06-12 00:00:00+00:00,2017-06-29 00:00:00+00:00,59.36931,58.13449285714286,-1.0,-0.005,13,SL,False
AAPL,S5,long,RISK_ON,1,2017-06-12 00:00:00+00:00,2017-06-13 00:00:00+00:00,145.56541999999996,146.59,0.33533196745457355,0.0016766598372728678,1,SMA50_BREAK,False
CERN,S3,long,RISK_ON,1,2017-06-13 00:00:00+00:00,2017-07-06 00:00:00+00:00,66.53647,65.03,-0.6343350177287085,-0.0031716750886435427,16,SMA50_BREAK,False
NEE,S3,long,RISK_ON,1,2017-06-13 00:00:00+00:00,2017-06-28 00:00:00+00:00,140.08994999999996,141.02,0.6015273790335247,0.003007636895167624,11,EMA_TRAIL,True
AMT,S3,long,RISK_ON,1,2017-06-13 00:00:00+00:00,2017-09-13 00:00:00+00:00,130.32019,143.7,1.7977316988328884,0.008988658494164442,64,EMA_TRAIL,True
SYK,S3,long,RISK_ON,1,2017-06-13 00:00:00+00:00,2017-06-30 00:00:00+00:00,141.32118,138.78,-0.6429150356538291,-0.003214575178269146,13,SMA50_BREAK,False
ROP,S3,long,RISK_ON,1,2017-06-13 00:00:00+00:00,2017-06-29 00:00:00+00:00,228.65842999999998,228.65842999999998,0.33576068310654633,0.0016788034155327317,12,STOP_AFTER_TP1,True
BBY,S3,long,RISK_ON,1,2017-06-13 00:00:00+00:00,2017-06-16 00:00:00+00:00,57.907849999999996,55.706425,-1.0,-0.005,3,SL,False
REGN,S3,long,RISK_ON,1,2017-06-13 00:00:00+00:00,2017-06-15 00:00:00+00:00,474.14367,461.923575,-1.0,-0.005,2,SL,False
XEL,S3,long,RISK_ON,1,2017-06-13 00:00:00+00:00,2017-06-29 00:00:00+00:00,47.11707,46.41833928571429,-1.0,-0.005,12,SL,False
AVGO,S3,long,RISK_ON,1,2017-06-13 00:00:00+00:00,2017-06-29 00:00:00+00:00,243.18293999999997,232.43205357142858,-1.0,-0.005,12,SL,False
ZTS,S3,long,RISK_ON,1,2017-06-13 00:00:00+00:00,2017-06-30 00:00:00+00:00,62.02195999999999,62.38,0.47941660387369944,0.002397083019368497,13,EMA_TRAIL,True
ADSK,S3,long,RISK_ON,1,2017-06-13 00:00:00+00:00,2017-06-29 00:00:00+00:00,107.65754999999999,101.39,-0.7430368111277225,-0.0037151840556386125,12,SMA50_BREAK,False
PKI,S3,long,RISK_ON,1,2017-06-13 00:00:00+00:00,2017-07-25 00:00:00+00:00,64.19412999999999,68.23,2.0136110049536944,0.010068055024768471,29,EMA_TRAIL,True
GPN,S3,long,RISK_ON,1,2017-06-14 00:00:00+00:00,2017-06-15 00:00:00+00:00,90.4904,89.06003571428572,-1.0,-0.005,1,SL,False
EW,S3,long,RISK_ON,1,2017-06-14 00:00:00+00:00,2017-07-06 00:00:00+00:00,115.12500999999999,117.08,1.1755898482110752,0.005877949241055376,15,EMA_TRAIL,True
BSX,S3,long,RISK_ON,1,2017-06-14 00:00:00+00:00,2017-06-21 00:00:00+00:00,27.84782,27.84782,0.3419000425769757,0.0017095002128848786,5,STOP_AFTER_TP1,True
MCD,S3,long,RISK_ON,1,2017-06-14 00:00:00+00:00,2017-07-18 00:00:00+00:00,150.83068,153.96,1.0581916329153598,0.005290958164576799,23,EMA_TRAIL,True
WAT,S3,long,RISK_ON,1,2017-06-14 00:00:00+00:00,2017-06-29 00:00:00+00:00,185.15497,182.13646428571428,-1.0,-0.005,11,SL,False
PYPL,S3,long,RISK_ON,1,2017-06-14 00:00:00+00:00,2017-06-15 00:00:00+00:00,51.951899999999995,51.05732142857143,-1.0,-0.005,1,SL,False
EXPE,S3,long,RISK_ON,1,2017-06-14 00:00:00+00:00,2017-06-27 00:00:00+00:00,147.33719,147.33719,0.27727150065943573,0.0013863575032971786,9,STOP_AFTER_TP1,True
AME,S3,long,RISK_ON,1,2017-06-14 00:00:00+00:00,2017-06-21 00:00:00+00:00,61.60153999999999,61.60153999999999,0.8160584130936765,0.004080292065468383,5,STOP_AFTER_TP1,True
LUV,S3,long,RISK_ON,1,2017-06-14 00:00:00+00:00,2017-07-18 00:00:00+00:00,59.589529999999996,61.57,1.241163082354037,0.006205815411770185,23,EMA_TRAIL,True
TPR,S3,long,RISK_ON,1,2017-06-14 00:00:00+00:00,2017-07-06 00:00:00+00:00,46.33628999999999,46.33628999999999,0.35783671730827243,0.001789183586541362,15,STOP_AFTER_TP1,True
CTSH,S3,long,RISK_ON,1,2017-06-14 00:00:00+00:00,2017-06-27 00:00:00+00:00,66.53647,66.53647,0.403577250843979,0.002017886254219895,9,STOP_AFTER_TP1,True
TMO,S3,long,RISK_ON,1,2017-06-15 00:00:00+00:00,2017-06-22 00:00:00+00:00,174.30413,174.30413,0.326952102978848,0.0016347605148942402,5,STOP_AFTER_TP1,True
NVDA,S3,long,RISK_ON,1,2017-06-15 00:00:00+00:00,2017-07-03 00:00:00+00:00,152.52237,142.87746071428572,-1.0,-0.005,12,SL,False
HUM,S3,long,RISK_ON,1,2017-06-15 00:00:00+00:00,2017-07-18 00:00:00+00:00,232.64240999999998,232.64240999999998,0.2668068287320105,0.0013340341436600526,22,STOP_AFTER_TP1,True
REGN,S3,long,RISK_ON,1,2017-06-15 00:00:00+00:00,2017-06-16 00:00:00+00:00,469.9694999999999,456.1291107142857,-1.0,-0.005,1,SL,False
PPL,S3,long,RISK_ON,1,2017-06-15 00:00:00+00:00,2017-06-21 00:00:00+00:00,39.47944,38.93528571428571,-1.0,-0.005,4,SL,False
MAR,S3,long,RISK_ON,1,2017-06-15 00:00:00+00:00,2017-06-27 00:00:00+00:00,104.84473999999999,101.51113571428573,-1.0,-0.005,8,SL,False
GPN,S3,long,RISK_ON,1,2017-06-15 00:00:00+00:00,2017-07-06 00:00:00+00:00,90.43033999999999,88.41,-0.7716636483726554,-0.003858318241863277,14,SMA50_BREAK,False
PYPL,S3,long,RISK_ON,1,2017-06-19 00:00:00+00:00,2017-08-10 00:00:00+00:00,52.982929999999996,58.02,2.0882411046949,0.0104412055234745,37,EMA_TRAIL,True
COL,S3,long,RISK_ON,1,2017-06-19 00:00:00+00:00,2017-06-21 00:00:00+00:00,106.63653,105.28411785714286,-1.0,-0.005,2,SL,False
DRI,S3,long,RISK_ON,1,2017-06-19 00:00:00+00:00,2017-06-30 00:00:00+00:00,90.66056999999998,90.66056999999998,0.2805554437252803,0.0014027772186264015,9,STOP_AFTER_TP1,True
MCHP,S3,long,RISK_ON,1,2017-06-19 00:00:00+00:00,2017-06-27 00:00:00+00:00,82.69260999999999,79.74217857142857,-1.0,-0.005,6,SL,False
EBAY,S3,long,RISK_ON,1,2017-06-19 00:00:00+00:00,2017-07-06 00:00:00+00:00,34.93489999999999,34.03,-0.64880339647958,-0.0032440169823978997,12,SMA50_BREAK,False
MU,S3,long,RISK_ON,1,2017-06-19 00:00:00+00:00,2017-06-29 00:00:00+00:00,31.231199999999994,31.231199999999994,0.27790475389224795,0.0013895237694612397,8,STOP_AFTER_TP1,True
AMZN,S3,long,RISK_ON,1,2017-06-20 00:00:00+00:00,2017-06-27 00:00:00+00:00,993.5825899999999,978.2217857142857,-1.0,-0.005,5,SL,False
FMC,S3,long,RISK_ON,1,2017-06-20 00:00:00+00:00,2017-06-22 00:00:00+00:00,75.90583,74.64946428571429,-1.0,-0.005,2,SL,False
PM,S3,long,RISK_ON,1,2017-06-21 00:00:00+00:00,2017-06-27 00:00:00+00:00,120.31018999999999,119.34884285714286,-1.0,-0.005,4,SL,False
EFX,S3,long,RISK_ON,1,2017-06-21 00:00:00+00:00,2017-06-29 00:00:00+00:00,139.16903,136.7028607142857,-1.0,-0.005,6,SL,False
TDG,S3,long,RISK_ON,1,2017-06-21 00:00:00+00:00,2017-06-27 00:00:00+00:00,268.21795,262.76286428571433,-1.0,-0.005,4,SL,False
XL,S3,long,RISK_ON,1,2017-06-22 00:00:00+00:00,2017-07-27 00:00:00+00:00,43.313269999999996,43.313269999999996,0.9537760053795326,0.0047688800268976626,24,STOP_AFTER_TP1,True
MNST,S3,long,RISK_ON,1,2017-06-22 00:00:00+00:00,2017-06-27 00:00:00+00:00,50.90085,50.90085,0.4945026875749631,0.0024725134378748154,3,STOP_AFTER_TP1,True
FTV,S3,long,RISK_ON,1,2017-06-22 00:00:00+00:00,2017-06-27 00:00:00+00:00,64.16409999999999,63.51080357142857,-1.0,-0.005,3,SL,False
SNPS,S3,long,RISK_ON,1,2017-06-22 00:00:00+00:00,2017-06-27 00:00:00+00:00,74.66458999999999,73.65,-0.8706652952692895,-0.004353326476346448,3,SMA50_BREAK,False
ALLE,S3,long,RISK_ON,1,2017-06-23 00:00:00+00:00,2017-06-29 00:00:00+00:00,81.53144999999999,80.36357142857142,-1.0,-0.005,4,SL,False
SPGI,S3,long,RISK_ON,1,2017-06-26 00:00:00+00:00,2017-08-01 00:00:00+00:00,146.41627,151.03,1.9164340503097888,0.009582170251548944,25,EMA_TRAIL,True
AET,S3,long,RISK_ON,1,2017-06-26 00:00:00+00:00,2017-07-27 00:00:00+00:00,151.34118999999998,153.9,1.530245829906308,0.00765122914953154,22,EMA_TRAIL,True
FISV,S3,long,RISK_ON,1,2017-06-26 00:00:00+00:00,2017-06-27 00:00:00+00:00,124.45432999999998,123.20392142857143,-1.0,-0.005,1,SL,False
AON,S3,long,RISK_ON,1,2017-06-26 00:00:00+00:00,2017-07-27 00:00:00+00:00,133.16303,135.91,2.356955866339761,0.011784779331698804,22,EMA_TRAIL,True
CNC,S3,long,RISK_ON,1,2017-06-27 00:00:00+00:00,2017-06-29 00:00:00+00:00,81.09101,79.82839285714286,-1.0,-0.005,2,SL,False
CTSH,S3,long,RISK_ON,1,2017-06-28 00:00:00+00:00,2017-06-29 00:00:00+00:00,67.09702999999999,66.06196428571428,-1.0,-0.005,1,SL,False
REGN,S3,long,RISK_ON,1,2017-06-28 00:00:00+00:00,2017-06-30 00:00:00+00:00,513.70319,491.2654,-1.0,-0.005,2,SL,False
EL,S3,long,RISK_ON,1,2017-06-28 00:00:00+00:00,2017-06-29 00:00:00+00:00,96.90681,95.45892857142857,-1.0,-0.005,1,SL,False
GD,S3,long,RISK_ON,1,2017-06-28 00:00:00+00:00,2017-06-29 00:00:00+00:00,201.03082999999998,197.74158214285717,-1.0,-0.005,1,SL,False
BAX,S3,long,RISK_ON,1,2017-06-29 00:00:00+00:00,2017-07-26 00:00:00+00:00,60.22015999999999,60.22015999999999,0.4471169934708011,0.0022355849673540056,18,STOP_AFTER_TP1,True
CNC,S3,long,RISK_ON,1,2017-06-29 00:00:00+00:00,2017-07-27 00:00:00+00:00,80.02995,81.17,1.0824176008987472,0.005412088004493736,19,EMA_TRAIL,True
DRI,S3,long,RISK_ON,1,2017-06-30 00:00:00+00:00,2017-07-05 00:00:00+00:00,90.53043999999998,89.44803571428571,-1.0,-0.005,2,SL,False
WYNN,S3,long,RISK_ON,1,2017-06-30 00:00:00+00:00,2017-07-03 00:00:00+00:00,134.25412,129.52518214285715,-1.0,-0.005,1,SL,False
WAT,S3,long,RISK_ON,1,2017-06-30 00:00:00+00:00,2017-07-10 00:00:00+00:00,184.02383999999998,181.03428571428572,-1.0,-0.005,5,SL,False
VRTX,S3,long,RISK_ON,1,2017-06-30 00:00:00+00:00,2017-08-10 00:00:00+00:00,128.99886999999998,148.54,4.110289161152291,0.020551445805761456,28,EMA_TRAIL,True
TMO,S3,long,RISK_ON,1,2017-06-30 00:00:00+00:00,2017-07-26 00:00:00+00:00,174.64446999999998,174.64446999999998,0.3122350785414225,0.0015611753927071126,17,STOP_AFTER_TP1,True
MTD,S3,long,RISK_ON,1,2017-06-30 00:00:00+00:00,2017-07-26 00:00:00+00:00,589.1285399999999,597.85,0.9467647655624807,0.0047338238278124035,17,EMA_TRAIL,True
EXPE,S3,long,RISK_ON,1,2017-06-30 00:00:00+00:00,2017-08-01 00:00:00+00:00,149.09894999999997,152.69,0.9996396076385532,0.004998198038192766,21,EMA_TRAIL,True
CTSH,S3,long,RISK_ON,1,2017-07-03 00:00:00+00:00,2017-08-02 00:00:00+00:00,66.7667,68.52,1.5538080123801947,0.0077690400619009736,21,EMA_TRAIL,True
MMM,S3,long,RISK_ON,1,2017-07-03 00:00:00+00:00,2017-07-25 00:00:00+00:00,210.03983,206.88821428571427,-1.0,-0.005,15,SL,False
ANTM,S3,long,RISK_ON,1,2017-07-03 00:00:00+00:00,2017-07-26 00:00:00+00:00,189.78959999999998,185.6995,-1.0,-0.005,16,SL,False
CCL,S3,long,RISK_ON,1,2017-07-03 00:00:00+00:00,2017-07-27 00:00:00+00:00,65.31524999999999,66.34,2.240303205193076,0.011201516025965379,17,EMA_TRAIL,True
NWL,S3,long,RISK_ON,1,2017-07-03 00:00:00+00:00,2017-07-20 00:00:00+00:00,53.503449999999994,53.1,-0.5749608094627262,-0.002874804047313631,12,SMA50_BREAK,False
VTR,S3,long,RISK_ON,1,2017-07-03 00:00:00+00:00,2017-07-06 00:00:00+00:00,70.04997999999999,68.56646428571429,-1.0,-0.005,2,SL,False
WLTW,S3,long,RISK_ON,1,2017-07-03 00:00:00+00:00,2017-07-11 00:00:00+00:00,146.53638999999998,144.12964642857142,-1.0,-0.005,5,SL,False
JNJ,S3,long,RISK_ON,1,2017-07-03 00:00:00+00:00,2017-07-10 00:00:00+00:00,133.03289999999998,131.58021428571428,-1.0,-0.005,4,SL,False
CI,S3,long,RISK_ON,1,2017-07-03 00:00:00+00:00,2017-08-04 00:00:00+00:00,167.6675,172.55,2.395817088160802,0.01197908544080401,23,EMA_TRAIL,True
PGR,S3,long,RISK_ON,1,2017-07-03 00:00:00+00:00,2017-08-28 00:00:00+00:00,44.35431,47.31,4.031251065526261,0.020156255327631305,39,EMA_TRAIL,True
ABBV,S3,long,RISK_ON,1,2017-07-03 00:00:00+00:00,2017-07-06 00:00:00+00:00,72.49242,71.73446428571428,-1.0,-0.005,2,SL,False
VAR,S3,long,RISK_ON,1,2017-07-03 00:00:00+00:00,2017-07-21 00:00:00+00:00,103.0029,103.88,1.1878990463205248,0.005939495231602624,13,EMA_TRAIL,True
SHW,S3,long,RISK_ON,1,2017-07-03 00:00:00+00:00,2017-07-06 00:00:00+00:00,353.58322999999996,348.246075,-1.0,-0.005,2,SL,False
FBHS,S3,long,RISK_ON,1,2017-07-03 00:00:00+00:00,2017-07-20 00:00:00+00:00,65.47540999999998,65.63,0.5038893611742814,0.002519446805871407,12,EMA_TRAIL,True
HCN,S3,long,RISK_ON,1,2017-07-03 00:00:00+00:00,2017-07-06 00:00:00+00:00,75.83576,73.85535714285714,-1.0,-0.005,2,SL,False
CELG,S3,long,RISK_ON,1,2017-07-03 00:00:00+00:00,2017-08-10 00:00:00+00:00,130.31018,130.31018,0.5276134761084313,0.002638067380542157,27,STOP_AFTER_TP1,True
ZTS,S3,long,RISK_ON,1,2017-07-03 00:00:00+00:00,2017-07-06 00:00:00+00:00,62.73266999999999,61.86464285714286,-1.0,-0.005,2,SL,False
IQV,S3,long,RISK_ON,1,2017-07-05 00:00:00+00:00,2017-08-09 00:00:00+00:00,89.24915999999999,90.1,0.7835029131598077,0.003917514565799038,25,EMA_TRAIL,True
REGN,S3,long,RISK_ON,1,2017-07-05 00:00:00+00:00,2017-08-01 00:00:00+00:00,497.49699999999996,474.2076821428571,-1.0,-0.005,19,SL,False
RCL,S3,long,RISK_ON,1,2017-07-05 00:00:00+00:00,2017-07-06 00:00:00+00:00,110.75063999999999,108.57,-0.718532026484681,-0.003592660132423405,1,SMA50_BREAK,False
DGX,S3,long,RISK_ON,1,2017-07-05 00:00:00+00:00,2017-07-06 00:00:00+00:00,110.90079,109.75538928571429,-1.0,-0.005,1,SL,False
PLD,S3,long,RISK_ON,1,2017-07-05 00:00:00+00:00,2017-07-06 00:00:00+00:00,58.58852999999999,57.82660714285714,-1.0,-0.005,1,SL,False
HOLX,S3,long,RISK_ON,1,2017-07-05 00:00:00+00:00,2017-07-11 00:00:00+00:00,45.20515999999999,44.30339285714285,-1.0,-0.005,4,SL,False
ABBV,S3,long,RISK_ON,1,2017-07-07 00:00:00+00:00,2017-07-26 00:00:00+00:00,72.10203,72.10203,0.4548818677037612,0.002274409338518806,13,STOP_AFTER_TP1,True
SHW,S3,long,RISK_ON,1,2017-07-07 00:00:00+00:00,2017-07-20 00:00:00+00:00,352.38202999999993,344.5830392857143,-1.0,-0.005,9,SL,False
EW,S3,long,RISK_ON,1,2017-07-07 00:00:00+00:00,2017-07-18 00:00:00+00:00,118.28817,115.71147142857143,-1.0,-0.005,7,SL,False
BLL,S3,long,RISK_ON,1,2017-07-07 00:00:00+00:00,2017-07-11 00:00:00+00:00,42.342299999999994,41.69875,-1.0,-0.005,2,SL,False
PKG,S3,long,RISK_ON,1,2017-07-07 00:00:00+00:00,2017-07-20 00:00:00+00:00,111.03092,111.03092,0.6989884790759581,0.0034949423953797906,9,STOP_AFTER_TP1,True
ZTS,S3,long,RISK_ON,1,2017-07-07 00:00:00+00:00,2017-07-25 00:00:00+00:00,62.65259,61.25392857142857,-1.0,-0.005,12,SL,False
PVH,S3,long,RISK_ON,1,2017-07-07 00:00:00+00:00,2017-08-21 00:00:00+00:00,112.28217,120.06,2.3407746112040515,0.011703873056020258,31,EMA_TRAIL,True
MNST,S3,long,RISK_ON,1,2017-07-10 00:00:00+00:00,2017-08-09 00:00:00+00:00,50.560509999999994,52.03,1.62021218848805,0.008101060942440251,22,EMA_TRAIL,True
ISRG,S3,long,RISK_ON,1,2017-07-10 00:00:00+00:00,2017-07-21 00:00:00+00:00,316.0654497,316.0654497,0.2807113798155517,0.0014035568990777587,9,STOP_AFTER_TP1,True
RHT,S3,long,RISK_ON,1,2017-07-11 00:00:00+00:00,2017-08-02 00:00:00+00:00,97.50740999999998,97.50740999999998,0.4666972828724865,0.0023334864143624325,16,STOP_AFTER_TP1,True
WYNN,S3,long,RISK_ON,1,2017-07-11 00:00:00+00:00,2017-07-14 00:00:00+00:00,134.42428999999998,130.88040357142856,-1.0,-0.005,3,SL,False
ORCL,S3,long,RISK_ON,1,2017-07-11 00:00:00+00:00,2017-08-10 00:00:00+00:00,49.92988,48.669642857142854,-1.0,-0.005,22,SL,False
TPR,S3,long,RISK_ON,1,2017-07-11 00:00:00+00:00,2017-07-31 00:00:00+00:00,47.05700999999999,47.05700999999999,0.6153381211574834,0.003076690605787417,14,STOP_AFTER_TP1,True
UNH,S3,long,RISK_ON,1,2017-07-11 00:00:00+00:00,2017-07-18 00:00:00+00:00,186.13594999999998,183.9751892857143,-1.0,-0.005,5,SL,False
XYL,S3,long,RISK_ON,1,2017-07-11 00:00:00+00:00,2017-09-28 00:00:00+00:00,54.39434,62.45,8.606118659059579,0.043030593295297896,56,EMA_TRAIL,True
YUM,S3,long,RISK_ON,1,2017-07-12 00:00:00+00:00,2017-07-13 00:00:00+00:00,74.17409999999998,73.08461071428572,-1.0,-0.005,1,SL,False
MAS,S3,long,RISK_ON,1,2017-07-12 00:00:00+00:00,2017-07-20 00:00:00+00:00,38.69865999999999,38.229107142857146,-1.0,-0.005,6,SL,False
BLL,S3,long,RISK_ON,1,2017-07-12 00:00:00+00:00,2017-07-28 00:00:00+00:00,42.00196,42.00196,0.42584797731532,0.0021292398865766,12,STOP_AFTER_TP1,True
HRB,S3,long,RISK_ON,1,2017-07-13 00:00:00+00:00,2017-07-14 00:00:00+00:00,31.281249999999996,30.90671785714286,-1.0,-0.005,1,SL,False
YUM,S3,long,RISK_ON,1,2017-07-14 00:00:00+00:00,2017-08-08 00:00:00+00:00,73.67359999999998,74.2,0.8205462864269882,0.004102731432134942,17,EMA_TRAIL,True
HRB,S3,long,RISK_ON,1,2017-07-14 00:00:00+00:00,2017-07-18 00:00:00+00:00,30.560529999999996,30.175646428571426,-1.0,-0.005,2,SL,False
IT,S3,long,RISK_ON,1,2017-07-17 00:00:00+00:00,2017-07-27 00:00:00+00:00,126.97684999999998,126.97684999999998,0.2731966614432116,0.001365983307216058,8,STOP_AFTER_TP1,True
KSU,S3,long,RISK_ON,1,2017-07-18 00:00:00+00:00,2017-07-20 00:00:00+00:00,104.29418999999999,102.59610357142857,-1.0,-0.005,2,SL,False
HRB,S3,long,RISK_ON,1,2017-07-20 00:00:00+00:00,2017-07-21 00:00:00+00:00,30.620589999999996,29.85875,-1.0,-0.005,1,SL,False
MCD,S3,long,RISK_ON,1,2017-07-20 00:00:00+00:00,2017-07-24 00:00:00+00:00,154.36420999999999,152.69410714285712,-1.0,-0.005,2,SL,False
SBAC,S3,long,RISK_ON,1,2017-07-21 00:00:00+00:00,2017-09-19 00:00:00+00:00,136.73659999999998,145.42,2.6358027179159773,0.013179013589579886,41,EMA_TRAIL,True
COO,S3,long,RISK_ON,1,2017-07-21 00:00:00+00:00,2017-07-27 00:00:00+00:00,248.65840999999998,244.02517857142857,-1.0,-0.005,4,SL,False
EW,S3,long,RISK_ON,1,2017-07-21 00:00:00+00:00,2017-07-24 00:00:00+00:00,118.12800999999999,116.73785714285715,-1.0,-0.005,1,SL,False
STZ,S3,long,RISK_ON,1,2017-07-24 00:00:00+00:00,2017-07-25 00:00:00+00:00,196.19599999999997,194.29325,-1.0,-0.005,1,SL,False
VAR,S3,long,RISK_ON,1,2017-07-24 00:00:00+00:00,2017-07-26 00:00:00+00:00,104.56445999999998,102.96589285714285,-1.0,-0.005,2,SL,False
ADBE,S3,long,RISK_ON,1,2017-07-25 00:00:00+00:00,2017-07-27 00:00:00+00:00,148.35820999999999,147.17521428571428,-1.0,-0.005,2,SL,False
KSU,S3,long,RISK_ON,1,2017-07-25 00:00:00+00:00,2017-07-26 00:00:00+00:00,104.45434999999998,103.29964285714287,-1.0,-0.005,1,SL,False
ISRG,S3,long,RISK_ON,1,2017-07-25 00:00:00+00:00,2017-08-04 00:00:00+00:00,315.28797299999997,310.3564,-0.5393435116180657,-0.0026967175580903287,8,SMA50_BREAK,False
ALB,S3,long,RISK_ON,1,2017-07-26 00:00:00+00:00,2017-07-27 00:00:00+00:00,117.31719999999999,115.95883928571429,-1.0,-0.005,1,SL,False
KSU,S3,long,RISK_ON,1,2017-07-26 00:00:00+00:00,2017-07-27 00:00:00+00:00,104.3042,102.34107142857144,-1.0,-0.005,1,SL,False
WDC,S3,long,RISK_ON,1,2017-07-26 00:00:00+00:00,2017-07-28 00:00:00+00:00,93.05295999999998,89.65961071428572,-1.0,-0.005,2,SL,False
FB,S2,long,RISK_ON,1,2017-07-27 00:00:00+00:00,2017-09-25 00:00:00+00:00,170.61043999999998,162.44197499999999,-1.0,-0.005,41,SL,False
UNH,S3,long,RISK_ON,1,2017-07-27 00:00:00+00:00,2017-08-18 00:00:00+00:00,189.11892999999998,190.82,1.373960770173099,0.006869803850865495,16,EMA_TRAIL,True
ALB,S3,long,RISK_ON,1,2017-07-27 00:00:00+00:00,2017-08-08 00:00:00+00:00,116.48637,116.48637,0.4396908803760842,0.002198454401880421,8,STOP_AFTER_TP1,True
ADBE,S3,long,RISK_ON,1,2017-07-28 00:00:00+00:00,2017-09-20 00:00:00+00:00,146.87672999999998,149.96,0.8787027072683826,0.0043935135363419135,37,SMA50_BREAK,True
CCL,S3,long,RISK_ON,1,2017-07-28 00:00:00+00:00,2017-08-17 00:00:00+00:00,66.4664,67.51,1.205301280018534,0.006026506400092671,14,EMA_TRAIL,True
STZ,S3,long,RISK_ON,1,2017-07-28 00:00:00+00:00,2017-08-02 00:00:00+00:00,194.78458999999998,191.8126785714286,-1.0,-0.005,3,SL,False
CNC,S3,long,RISK_ON,1,2017-07-28 00:00:00+00:00,2017-07-31 00:00:00+00:00,82.77268999999998,79.75808928571429,-1.0,-0.005,1,SL,False
IT,S3,long,RISK_ON,1,2017-07-28 00:00:00+00:00,2017-08-07 00:00:00+00:00,128.15803,125.88321428571429,-1.0,-0.005,6,SL,False
DRI,S5,long,RISK_ON,1,2017-07-28 00:00:00+00:00,2017-07-31 00:00:00+00:00,83.93384999999998,83.88,-0.04098641397418574,-0.00020493206987092869,1,SMA50_BREAK,False
AET,S3,long,RISK_ON,1,2017-07-31 00:00:00+00:00,2017-08-02 00:00:00+00:00,154.46430999999998,154.46430999999998,0.5455521328520131,0.0027277606642600654,2,STOP_AFTER_TP1,True
AON,S3,long,RISK_ON,1,2017-07-31 00:00:00+00:00,2017-08-09 00:00:00+00:00,138.30816999999996,138.30816999999996,0.30642849807922634,0.0015321424903961317,7,STOP_AFTER_TP1,True
FMC,S3,long,RISK_ON,1,2017-07-31 00:00:00+00:00,2017-09-25 00:00:00+00:00,76.45637999999998,86.01,6.892360227473913,0.03446180113736957,39,EMA_TRAIL,True
NVDA,S3,long,RISK_ON,1,2017-07-31 00:00:00+00:00,2017-08-10 00:00:00+00:00,162.67250999999996,164.74,0.6331094318199928,0.003165547159099964,8,EMA_TRAIL,True
TROW,S3,long,RISK_ON,1,2017-08-01 00:00:00+00:00,2017-10-30 00:00:00+00:00,83.23315,92.42,3.975980085398554,0.01987990042699277,63,EMA_TRAIL,True
AMG,S3,long,RISK_ON,1,2017-08-01 00:00:00+00:00,2017-08-10 00:00:00+00:00,180.82063999999997,175.2630357142857,-1.0,-0.005,7,SL,False
ADSK,S3,long,RISK_ON,1,2017-08-01 00:00:00+00:00,2017-08-02 00:00:00+00:00,111.49137999999998,108.64561428571429,-1.0,-0.005,1,SL,False
NRG,S3,long,RISK_ON,1,2017-08-01 00:00:00+00:00,2017-08-11 00:00:00+00:00,24.474449999999997,24.474449999999997,0.34790901596832374,0.0017395450798416187,8,STOP_AFTER_TP1,True
XL,S1,long,RISK_ON,1,2017-08-01 00:00:00+00:00,2017-08-17 00:00:00+00:00,44.54449999999999,43.96,-0.21462064103458206,-0.0010731032051729103,12,SMA50_BREAK,False
FCX,S3,long,RISK_ON,1,2017-08-01 00:00:00+00:00,2017-08-11 00:00:00+00:00,14.504489999999999,13.953535714285715,-1.0,-0.005,8,SL,False
CSRA,S3,long,RISK_ON,1,2017-08-01 00:00:00+00:00,2017-08-07 00:00:00+00:00,32.96292999999999,32.211782142857146,-1.0,-0.005,4,SL,False
TDG,S3,long,RISK_ON,1,2017-08-01 00:00:00+00:00,2017-08-03 00:00:00+00:00,283.36307999999997,278.49892857142856,-1.0,-0.005,2,SL,False
STT,S3,long,RISK_ON,1,2017-08-01 00:00:00+00:00,2017-08-10 00:00:00+00:00,93.69359999999999,92.31322142857142,-1.0,-0.005,7,SL,False
AVY,S3,long,RISK_ON,1,2017-08-01 00:00:00+00:00,2017-09-07 00:00:00+00:00,94.17407999999999,92.67,-0.5590815789285001,-0.0027954078946425005,26,SMA50_BREAK,False
NFLX,S3,long,RISK_ON,1,2017-08-01 00:00:00+00:00,2017-08-08 00:00:00+00:00,182.21202999999997,177.73578571428573,-1.0,-0.005,5,SL,False
AVGO,S3,long,RISK_ON,1,2017-08-01 00:00:00+00:00,2017-08-10 00:00:00+00:00,248.63838999999996,243.38125,-1.0,-0.005,7,SL,False
RJF,S3,long,RISK_ON,1,2017-08-02 00:00:00+00:00,2017-08-09 00:00:00+00:00,82.88279999999999,81.65744642857142,-1.0,-0.005,5,SL,False
CAT,S3,long,RISK_ON,1,2017-08-02 00:00:00+00:00,2017-08-10 00:00:00+00:00,113.20308999999999,113.20308999999999,0.27598513843785755,0.0013799256921892878,6,STOP_AFTER_TP1,True
ETFC,S3,long,RISK_ON,1,2017-08-02 00:00:00+00:00,2017-08-10 00:00:00+00:00,41.13109,40.24095,-1.0,-0.005,6,SL,False
ATVI,S3,long,RISK_ON,1,2017-08-02 00:00:00+00:00,2017-08-04 00:00:00+00:00,61.511449999999996,61.511449999999996,0.32079487158485676,0.0016039743579242837,2,STOP_AFTER_TP1,True
TSS,S3,long,RISK_ON,1,2017-08-03 00:00:00+00:00,2017-08-11 00:00:00+00:00,63.783719999999995,62.85628571428571,-1.0,-0.005,6,SL,False
EXPE,S3,long,RISK_ON,1,2017-08-03 00:00:00+00:00,2017-08-07 00:00:00+00:00,153.83368,149.12,-0.9103971331497225,-0.004551985665748612,2,SMA50_BREAK,False
CNC,S3,long,RISK_ON,1,2017-08-03 00:00:00+00:00,2017-09-19 00:00:00+00:00,83.27318999999999,89.78,1.9167730530658567,0.009583865265329283,32,EMA_TRAIL,True
MA,S3,long,RISK_ON,1,2017-08-03 00:00:00+00:00,2017-08-10 00:00:00+00:00,130.01988999999998,128.33218214285714,-1.0,-0.005,5,SL,False
RHT,S3,long,RISK_ON,1,2017-08-04 00:00:00+00:00,2017-08-09 00:00:00+00:00,98.45835999999998,97.03625,-1.0,-0.005,3,SL,False
EA,S3,long,RISK_ON,1,2017-08-04 00:00:00+00:00,2017-08-09 00:00:00+00:00,117.33721999999999,115.61964285714286,-1.0,-0.005,3,SL,False
ANDV,S3,long,RISK_ON,1,2017-08-04 00:00:00+00:00,2017-08-08 00:00:00+00:00,98.02793,96.35535714285714,-1.0,-0.005,2,SL,False
MCO,S3,long,RISK_ON,1,2017-08-04 00:00:00+00:00,2017-08-09 00:00:00+00:00,129.41929,126.99968214285714,-1.0,-0.005,3,SL,False
ADSK,S3,long,RISK_ON,1,2017-08-07 00:00:00+00:00,2017-08-09 00:00:00+00:00,109.92981999999998,107.45,-0.68235542920756,-0.0034117771460378,2,SMA50_BREAK,False
AET,S3,long,RISK_ON,1,2017-08-07 00:00:00+00:00,2017-08-10 00:00:00+00:00,157.14699,154.73735357142857,-1.0,-0.005,3,SL,False
BK,S3,long,RISK_ON,1,2017-08-07 00:00:00+00:00,2017-08-10 00:00:00+00:00,53.763709999999996,53.224110714285715,-1.0,-0.005,3,SL,False
PLD,S3,long,RISK_ON,1,2017-08-07 00:00:00+00:00,2017-08-10 00:00:00+00:00,60.710649999999994,59.991621428571435,-1.0,-0.005,3,SL,False
DE,S2,long,RISK_ON,1,2017-08-08 00:00:00+00:00,2017-08-10 00:00:00+00:00,132.15202,128.1669642857143,-1.0,-0.005,2,SL,False
CTSH,S3,long,RISK_ON,1,2017-08-08 00:00:00+00:00,2017-08-18 00:00:00+00:00,70.35028,70.35028,0.30290561685421535,0.0015145280842710769,8,STOP_AFTER_TP1,True
NFLX,S3,long,RISK_ON,1,2017-08-08 00:00:00+00:00,2017-08-09 00:00:00+00:00,178.53835999999998,175.27471428571428,-1.0,-0.005,1,SL,False
EQIX,S3,long,RISK_ON,1,2017-08-09 00:00:00+00:00,2017-09-13 00:00:00+00:00,448.25780999999995,458.87,0.8126317788008491,0.0040631588940042455,24,EMA_TRAIL,True
ATVI,S3,long,RISK_ON,1,2017-08-09 00:00:00+00:00,2017-09-18 00:00:00+00:00,61.441379999999995,64.2,1.433578308473348,0.00716789154236674,27,EMA_TRAIL,True
AME,S3,long,RISK_ON,1,2017-08-09 00:00:00+00:00,2017-08-10 00:00:00+00:00,63.62356,62.78097857142857,-1.0,-0.005,1,SL,False
TPR,S3,long,RISK_ON,1,2017-08-09 00:00:00+00:00,2017-08-10 00:00:00+00:00,47.807759999999995,47.09,-0.7616564366026544,-0.0038082821830132717,1,SMA50_BREAK,False
EA,S3,long,RISK_ON,1,2017-08-09 00:00:00+00:00,2017-08-24 00:00:00+00:00,116.22610999999999,116.22610999999999,0.4895174398831033,0.0024475871994155164,11,STOP_AFTER_TP1,True
CDNS,S3,long,RISK_ON,1,2017-08-09 00:00:00+00:00,2017-08-10 00:00:00+00:00,36.59656,36.081471428571426,-1.0,-0.005,1,SL,False
AMG,S3,long,RISK_ON,1,2017-08-14 00:00:00+00:00,2017-08-18 00:00:00+00:00,178.56838999999997,171.95254285714284,-1.0,-0.005,4,SL,False
VRSN,S3,long,RISK_ON,1,2017-08-14 00:00:00+00:00,2017-09-25 00:00:00+00:00,98.94884999999998,103.35,1.7743422678267438,0.008871711339133719,29,EMA_TRAIL,True
BA,S3,long,RISK_ON,1,2017-08-14 00:00:00+00:00,2017-10-25 00:00:00+00:00,237.38715,258.4,1.1545066973997615,0.005772533486998807,51,EMA_TRAIL,True
FCX,S3,long,RISK_ON,1,2017-08-14 00:00:00+00:00,2017-08-30 00:00:00+00:00,14.16415,14.56,1.113431659772081,0.005567158298860405,12,EMA_TRAIL,True
INFO,S3,long,RISK_ON,1,2017-08-14 00:00:00+00:00,2017-08-18 00:00:00+00:00,46.02597999999999,45.75,-0.22838234590019288,-0.0011419117295009644,4,SMA50_BREAK,False
AME,S3,long,RISK_ON,1,2017-08-14 00:00:00+00:00,2017-08-29 00:00:00+00:00,63.18311999999999,61.940625,-1.0,-0.005,11,SL,False
BBY,S3,long,RISK_ON,1,2017-08-14 00:00:00+00:00,2017-08-15 00:00:00+00:00,60.770709999999994,59.15144285714286,-1.0,-0.005,1,SL,False
VRTX,S3,long,RISK_ON,1,2017-08-14 00:00:00+00:00,2017-09-20 00:00:00+00:00,154.64449,152.72,-0.24872139938293314,-0.0012436069969146658,26,SMA50_BREAK,False
AMP,S3,long,RISK_ON,1,2017-08-14 00:00:00+00:00,2017-08-17 00:00:00+00:00,145.28513999999998,141.48982142857142,-1.0,-0.005,3,SL,False
C,S3,long,RISK_ON,1,2017-08-14 00:00:00+00:00,2017-08-18 00:00:00+00:00,67.95788999999999,66.58,-0.7219305211772467,-0.003609652605886233,4,SMA50_BREAK,False
CAT,S3,long,RISK_ON,1,2017-08-14 00:00:00+00:00,2017-11-15 00:00:00+00:00,113.82370999999998,134.1,7.47698827983221,0.03738494139916105,66,EMA_TRAIL,True
GPN,S3,long,RISK_ON,1,2017-08-14 00:00:00+00:00,2017-09-20 00:00:00+00:00,94.57448,95.62,0.8475434469711514,0.004237717234855757,26,EMA_TRAIL,True
PYPL,S3,long,RISK_ON,1,2017-08-14 00:00:00+00:00,2017-11-29 00:00:00+00:00,59.11906,73.25,4.925633708094446,0.02462816854047223,75,EMA_TRAIL,True
STT,S3,long,RISK_ON,1,2017-08-14 00:00:00+00:00,2017-09-05 00:00:00+00:00,93.61351999999998,91.79,-0.6649249118943097,-0.0033246245594715485,15,SMA50_BREAK,False
AET,S3,long,RISK_ON,1,2017-08-15 00:00:00+00:00,2017-09-19 00:00:00+00:00,155.91575999999998,155.91575999999998,0.4297841726312777,0.0021489208631563887,24,STOP_AFTER_TP1,True
RHT,S3,long,RISK_ON,1,2017-08-15 00:00:00+00:00,2017-09-25 00:00:00+00:00,100.08998999999999,105.76,2.22264664294872,0.011113233214743602,28,EMA_TRAIL,True
BK,S3,long,RISK_ON,1,2017-08-15 00:00:00+00:00,2017-08-17 00:00:00+00:00,53.203149999999994,52.27571428571428,-1.0,-0.005,2,SL,False
HBI,S3,long,RISK_ON,1,2017-08-15 00:00:00+00:00,2017-08-18 00:00:00+00:00,24.07405,23.400907142857143,-1.0,-0.005,3,SL,False
EL,S3,long,RISK_ON,1,2017-08-15 00:00:00+00:00,2017-08-17 00:00:00+00:00,101.14103999999999,99.11006071428572,-1.0,-0.005,2,SL,False
AON,S3,long,RISK_ON,1,2017-08-15 00:00:00+00:00,2017-08-17 00:00:00+00:00,139.41928,138.1082142857143,-1.0,-0.005,2,SL,False
TDG,S3,long,RISK_ON,1,2017-08-16 00:00:00+00:00,2017-08-17 00:00:00+00:00,280.64036,274.69,-0.7611972606962969,-0.0038059863034814847,1,SMA50_BREAK,False
ESS,S3,long,RISK_ON,1,2017-08-16 00:00:00+00:00,2017-08-18 00:00:00+00:00,262.9627,260.76,-0.6420990056541647,-0.0032104950282708235,2,SMA50_BREAK,False
NVDA,S3,long,RISK_ON,1,2017-08-16 00:00:00+00:00,2017-08-18 00:00:00+00:00,165.31515,160.8507142857143,-1.0,-0.005,2,SL,False
PLD,S3,long,RISK_ON,1,2017-08-22 00:00:00+00:00,2017-09-22 00:00:00+00:00,61.7617,63.68,1.4952940376023414,0.007476470188011707,22,EMA_TRAIL,True
CTSH,S3,long,RISK_ON,1,2017-08-22 00:00:00+00:00,2017-11-01 00:00:00+00:00,70.22015,73.54,1.9120977238942787,0.009560488619471393,50,EMA_TRAIL,True
EL,S3,long,RISK_ON,1,2017-08-30 00:00:00+00:00,2017-09-22 00:00:00+00:00,105.76565999999998,107.58,1.0411730992267316,0.005205865496133658,16,EMA_TRAIL,True
HBI,S3,long,RISK_ON,1,2017-08-30 00:00:00+00:00,2017-09-18 00:00:00+00:00,24.154129999999995,24.73,1.6580738849733214,0.008290369424866608,12,EMA_TRAIL,True
ALGN,S3,long,RISK_ON,1,2017-08-30 00:00:00+00:00,2017-09-07 00:00:00+00:00,175.05487999999997,175.05487999999997,0.32505006222232613,0.0016252503111116308,5,STOP_AFTER_TP1,True
CI,S3,long,RISK_ON,1,2017-08-30 00:00:00+00:00,2017-09-19 00:00:00+00:00,179.84966999999997,181.51,1.1837565833712973,0.005918782916856487,13,EMA_TRAIL,True
YUM,S3,long,RISK_ON,1,2017-08-30 00:00:00+00:00,2017-09-06 00:00:00+00:00,76.09601999999998,76.09601999999998,0.43457034137031814,0.0021728517068515907,4,STOP_AFTER_TP1,True
NRG,S3,long,RISK_ON,1,2017-08-30 00:00:00+00:00,2017-09-06 00:00:00+00:00,24.87485,24.000357142857144,-1.0,-0.005,4,SL,False
BAX,S2,long,RISK_ON,1,2017-08-31 00:00:00+00:00,2017-10-09 00:00:00+00:00,62.102039999999995,61.45,-0.5356802921883953,-0.0026784014609419764,26,SMA50_BREAK,False
IQV,S3,long,RISK_ON,1,2017-08-31 00:00:00+00:00,2017-11-09 00:00:00+00:00,96.12602999999999,103.51,2.6240365524835347,0.013120182762417673,49,EMA_TRAIL,True
PVH,S3,long,RISK_ON,1,2017-08-31 00:00:00+00:00,2017-09-14 00:00:00+00:00,126.01588999999998,126.01588999999998,0.6508934839103102,0.003254467419551551,9,STOP_AFTER_TP1,True
CHTR,S3,long,RISK_ON,1,2017-09-01 00:00:00+00:00,2017-09-05 00:00:00+00:00,392.87248,388.7663928571429,-1.0,-0.005,1,SL,False
ESS,S3,long,RISK_ON,1,2017-09-01 00:00:00+00:00,2017-09-06 00:00:00+00:00,266.03576999999996,263.60249999999996,-1.0,-0.005,2,SL,False
FCX,S3,long,RISK_ON,1,2017-09-01 00:00:00+00:00,2017-09-08 00:00:00+00:00,15.085069999999998,14.302857142857142,-1.0,-0.005,4,SL,False
SNI,S3,long,RISK_ON,1,2017-09-01 00:00:00+00:00,2017-09-05 00:00:00+00:00,85.73564999999999,85.00600714285714,-1.0,-0.005,1,SL,False
KORS,S3,long,RISK_ON,1,2017-09-01 00:00:00+00:00,2017-11-02 00:00:00+00:00,42.85281,47.93,3.7077696355854584,0.01853884817792729,43,EMA_TRAIL,True
NI,S3,long,RISK_ON,1,2017-09-01 00:00:00+00:00,2017-09-12 00:00:00+00:00,26.886859999999995,26.886859999999995,0.4742225729482267,0.0023711128647411336,6,STOP_AFTER_TP1,True
XRX,S3,long,RISK_ON,1,2017-09-05 00:00:00+00:00,2017-09-08 00:00:00+00:00,32.15212,31.781964285714285,-1.0,-0.005,3,SL,False
CHTR,S3,long,RISK_ON,1,2017-09-05 00:00:00+00:00,2017-09-11 00:00:00+00:00,393.71331999999995,384.89817857142856,-1.0,-0.005,4,SL,False
CBOE,S2,long,RISK_ON,1,2017-09-05 00:00:00+00:00,2018-01-02 00:00:00+00:00,102.30219999999998,122.75,5.6354172256507,0.028177086128253502,82,EMA_TRAIL,True
SNI,S3,long,RISK_ON,1,2017-09-05 00:00:00+00:00,2017-10-05 00:00:00+00:00,85.29520999999998,86.07,1.3165761199392665,0.006582880599696333,22,SMA50_BREAK,False
AAPL,S3,long,RISK_ON,1,2017-09-06 00:00:00+00:00,2017-09-08 00:00:00+00:00,162.07190999999997,159.3875035714286,-1.0,-0.005,2,SL,False
YUM,S3,long,RISK_ON,1,2017-09-06 00:00:00+00:00,2017-09-15 00:00:00+00:00,76.28620999999998,76.28620999999998,0.46444750869952034,0.002322237543497602,7,STOP_AFTER_TP1,True
EA,S3,long,RISK_ON,1,2017-09-07 00:00:00+00:00,2017-09-25 00:00:00+00:00,119.04893,115.19732499999999,-1.0,-0.005,12,SL,False
ADSK,S3,long,RISK_ON,1,2017-09-07 00:00:00+00:00,2017-09-25 00:00:00+00:00,114.16404999999999,111.20964285714287,-1.0,-0.005,12,SL,False
CCI,S3,long,RISK_ON,1,2017-09-07 00:00:00+00:00,2017-09-13 00:00:00+00:00,107.09698999999998,104.89625,-1.0,-0.005,4,SL,False
VFC,S3,long,RISK_ON,1,2017-09-07 00:00:00+00:00,2017-09-08 00:00:00+00:00,62.95289,62.23896428571429,-1.0,-0.005,1,SL,False
LMT,S3,long,RISK_ON,1,2017-09-07 00:00:00+00:00,2017-09-14 00:00:00+00:00,302.65235,298.80503571428574,-1.0,-0.005,5,SL,False
MA,S2,long,RISK_ON,1,2017-09-07 00:00:00+00:00,2017-11-29 00:00:00+00:00,136.66653,148.35,1.813441694033353,0.009067208470166765,58,EMA_TRAIL,True
RTN,S3,long,RISK_ON,1,2017-09-07 00:00:00+00:00,2017-10-26 00:00:00+00:00,181.4813,181.4813,0.3208059651374562,0.001604029825687281,35,STOP_AFTER_TP1,True
ALXN,S3,long,RISK_ON,1,2017-09-08 00:00:00+00:00,2017-09-27 00:00:00+00:00,141.33119,138.87920714285713,-1.0,-0.005,13,SL,False
CDNS,S3,long,RISK_ON,1,2017-09-08 00:00:00+00:00,2017-09-11 00:00:00+00:00,38.27824,37.95437142857143,-1.0,-0.005,1,SL,False
HUM,S3,long,RISK_ON,1,2017-09-08 00:00:00+00:00,2017-09-12 00:00:00+00:00,256.81656,256.81656,0.32946487819129944,0.0016473243909564971,2,STOP_AFTER_TP1,True
COL,S3,long,RISK_ON,1,2017-09-11 00:00:00+00:00,2017-11-08 00:00:00+00:00,130.94081,134.55,2.8089123493048564,0.014044561746524282,42,EMA_TRAIL,True
CRM,S3,long,RISK_ON,1,2017-09-12 00:00:00+00:00,2017-09-13 00:00:00+00:00,96.94684999999998,95.39785714285715,-1.0,-0.005,1,SL,False
RCL,S3,long,RISK_ON,1,2017-09-12 00:00:00+00:00,2017-09-18 00:00:00+00:00,121.78165999999999,118.75982142857143,-1.0,-0.005,4,SL,False
NEM,S3,long,RISK_ON,1,2017-09-12 00:00:00+00:00,2017-09-14 00:00:00+00:00,38.388349999999996,37.56571785714286,-1.0,-0.005,2,SL,False
HUM,S3,long,RISK_ON,1,2017-09-12 00:00:00+00:00,2017-09-13 00:00:00+00:00,255.35509999999996,252.50160714285715,-1.0,-0.005,1,SL,False
COO,S3,long,RISK_ON,1,2017-09-13 00:00:00+00:00,2017-09-15 00:00:00+00:00,246.84659999999997,245.21,-0.5440126883425778,-0.002720063441712889,2,SMA50_BREAK,False
MNST,S3,long,RISK_ON,1,2017-09-13 00:00:00+00:00,2017-09-20 00:00:00+00:00,56.43638,55.423114285714284,-1.0,-0.005,5,SL,False
MCO,S3,long,RISK_ON,1,2017-09-14 00:00:00+00:00,2017-10-30 00:00:00+00:00,135.09496,142.98,4.259561256533156,0.021297806282665782,32,EMA_TRAIL,True
PVH,S3,long,RISK_ON,1,2017-09-14 00:00:00+00:00,2017-10-09 00:00:00+00:00,126.55642999999999,125.03,-0.3829754747179952,-0.001914877373589976,17,SMA50_BREAK,False
CRM,S3,long,RISK_ON,1,2017-09-14 00:00:00+00:00,2017-09-25 00:00:00+00:00,95.39529999999999,93.82214285714286,-1.0,-0.005,7,SL,False
NEM,S3,long,RISK_ON,1,2017-09-15 00:00:00+00:00,2017-09-27 00:00:00+00:00,37.88785,36.99571785714286,-1.0,-0.005,8,SL,False
AMT,S3,long,RISK_ON,1,2017-09-18 00:00:00+00:00,2017-09-19 00:00:00+00:00,144.91477,141.842425,-1.0,-0.005,1,SL,False
LMT,S3,long,RISK_ON,1,2017-09-18 00:00:00+00:00,2017-10-24 00:00:00+00:00,304.1038,313.15,1.6628527081195177,0.008314263540597588,26,EMA_TRAIL,True
UNH,S3,long,RISK_ON,1,2017-09-18 00:00:00+00:00,2017-09-19 00:00:00+00:00,198.38818999999998,196.06678571428571,-1.0,-0.005,1,SL,False
ZTS,S3,long,RISK_ON,1,2017-09-19 00:00:00+00:00,2017-09-20 00:00:00+00:00,64.84478,64.15857142857143,-1.0,-0.005,1,SL,False
NRG,S1,long,RISK_ON,1,2017-09-19 00:00:00+00:00,2017-09-20 00:00:00+00:00,24.64462,24.14,-0.3111941587113634,-0.001555970793556817,1,SMA50_BREAK,False
ABT,S3,long,RISK_ON,1,2017-09-19 00:00:00+00:00,2017-10-30 00:00:00+00:00,51.461409999999994,54.29,5.9363849870716985,0.029681924935358494,29,EMA_TRAIL,True
MNST,S3,long,RISK_ON,1,2017-09-20 00:00:00+00:00,2017-09-27 00:00:00+00:00,56.00595,54.82524285714286,-1.0,-0.005,5,SL,False
YUM,S3,long,RISK_ON,1,2017-09-20 00:00:00+00:00,2017-09-25 00:00:00+00:00,76.44637,74.56732142857143,-1.0,-0.005,3,SL,False
CDNS,S3,long,RISK_ON,1,2017-09-20 00:00:00+00:00,2017-11-29 00:00:00+00:00,38.39836,43.16,5.454313494912354,0.02727156747456177,49,EMA_TRAIL,True
STZ,S3,long,RISK_ON,1,2017-09-20 00:00:00+00:00,2017-09-26 00:00:00+00:00,201.97177,199.2482,-1.0,-0.005,4,SL,False
V,S3,long,RISK_ON,1,2017-09-21 00:00:00+00:00,2017-09-25 00:00:00+00:00,105.41530999999999,103.87535,-1.0,-0.005,2,SL,False
ALGN,S3,long,RISK_ON,1,2017-09-21 00:00:00+00:00,2017-09-28 00:00:00+00:00,186.50631999999996,182.86285714285714,-1.0,-0.005,5,SL,False
GPN,S3,long,RISK_ON,1,2017-09-21 00:00:00+00:00,2017-09-25 00:00:00+00:00,96.43633999999999,94.48013928571429,-1.0,-0.005,2,SL,False
ZTS,S3,long,RISK_ON,1,2017-09-21 00:00:00+00:00,2017-09-25 00:00:00+00:00,64.30424,63.634642857142865,-1.0,-0.005,2,SL,False
ISRG,S3,long,RISK_ON,1,2017-09-21 00:00:00+00:00,2017-09-22 00:00:00+00:00,343.746403,340.9013178571429,-1.0,-0.005,1,SL,False
ISRG,S3,long,RISK_ON,1,2017-09-22 00:00:00+00:00,2017-09-25 00:00:00+00:00,344.1835397,338.39158214285715,-1.0,-0.005,1,SL,False
A,S3,long,RISK_ON,1,2017-09-22 00:00:00+00:00,2017-09-25 00:00:00+00:00,65.84577999999999,65.28875,-1.0,-0.005,1,SL,False
NVDA,S3,long,RISK_ON,1,2017-09-22 00:00:00+00:00,2017-09-25 00:00:00+00:00,179.17899999999997,174.78089285714287,-1.0,-0.005,1,SL,False
PLD,S3,long,RISK_ON,1,2017-09-25 00:00:00+00:00,2017-09-27 00:00:00+00:00,64.08402,62.753721428571424,-1.0,-0.005,2,SL,False
MTD,S3,long,RISK_ON,1,2017-09-25 00:00:00+00:00,2017-11-03 00:00:00+00:00,626.23561,646.0,2.222681351321637,0.011113406756608183,29,EMA_TRAIL,True
ETFC,S3,long,RISK_ON,1,2017-09-25 00:00:00+00:00,2017-10-20 00:00:00+00:00,41.70165999999999,43.2,2.032778415925222,0.010163892079626109,19,EMA_TRAIL,True
INTU,S3,long,RISK_ON,1,2017-09-25 00:00:00+00:00,2017-09-28 00:00:00+00:00,144.88474,142.81589285714284,-1.0,-0.005,3,SL,False
C,S3,long,RISK_ON,1,2017-09-25 00:00:00+00:00,2017-10-12 00:00:00+00:00,70.91084,72.37,1.193937230688922,0.00596968615344461,13,EMA_TRAIL,True
ABBV,S3,long,RISK_ON,1,2017-09-25 00:00:00+00:00,2017-09-26 00:00:00+00:00,86.65656999999999,85.28289285714287,-1.0,-0.005,1,SL,False
VRSN,S3,long,RISK_ON,1,2017-09-26 00:00:00+00:00,2017-10-30 00:00:00+00:00,104.32421999999998,107.58,1.307110011994724,0.006535550059973621,24,EMA_TRAIL,True
APH,S3,long,RISK_ON,1,2017-09-26 00:00:00+00:00,2017-10-26 00:00:00+00:00,81.70161999999999,85.5,6.444649887490153,0.032223249437450766,22,EMA_TRAIL,True
SPGI,S3,long,RISK_ON,1,2017-09-26 00:00:00+00:00,2017-10-30 00:00:00+00:00,155.22507,156.25,1.0277060046227962,0.005138530023113981,24,SMA50_BREAK,True
ABBV,S3,long,RISK_ON,1,2017-09-26 00:00:00+00:00,2017-09-27 00:00:00+00:00,85.43534999999999,84.06017857142858,-1.0,-0.005,1,SL,False
ANDV,S3,long,RISK_ON,1,2017-09-26 00:00:00+00:00,2017-09-27 00:00:00+00:00,103.86376,102.87727857142856,-1.0,-0.005,1,SL,False
CI,S3,long,RISK_ON,1,2017-09-26 00:00:00+00:00,2017-10-13 00:00:00+00:00,183.82363999999995,183.82363999999995,0.3992237178303809,0.0019961185891519046,13,STOP_AFTER_TP1,True
NFLX,S3,long,RISK_ON,1,2017-09-27 00:00:00+00:00,2017-10-02 00:00:00+00:00,182.15196999999998,177.01,-0.6652585395813491,-0.003326292697906745,3,SMA50_BREAK,False
CNC,S3,long,RISK_ON,1,2017-09-27 00:00:00+00:00,2017-10-13 00:00:00+00:00,93.81371999999999,89.49875,-1.0,-0.005,12,SL,False
NVDA,S3,long,RISK_ON,1,2017-09-27 00:00:00+00:00,2017-11-29 00:00:00+00:00,175.90572999999998,196.42,2.163130672575043,0.010815653362875216,44,SMA50_BREAK,True
ISRG,S3,long,RISK_ON,1,2017-09-27 00:00:00+00:00,2017-12-04 00:00:00+00:00,341.7010596999999,369.95,3.605236132590372,0.01802618066295186,47,SMA50_BREAK,True
PKG,S3,long,RISK_ON,1,2017-09-27 00:00:00+00:00,2017-10-27 00:00:00+00:00,115.40529,115.40529,0.5140605930889457,0.0025703029654447285,22,STOP_AFTER_TP1,True
ABBV,S3,long,RISK_ON,1,2017-09-27 00:00:00+00:00,2017-10-26 00:00:00+00:00,84.83474999999999,89.56,1.7373894044694236,0.008686947022347118,21,EMA_TRAIL,True
EL,S3,long,RISK_ON,1,2017-09-27 00:00:00+00:00,2017-09-28 00:00:00+00:00,108.62851999999998,106.59776785714286,-1.0,-0.005,1,SL,False
V,S3,long,RISK_ON,1,2017-09-28 00:00:00+00:00,2017-11-15 00:00:00+00:00,104.68457999999998,110.25,1.8363139494771408,0.009181569747385704,34,EMA_TRAIL,True
FMC,S3,long,RISK_ON,1,2017-09-28 00:00:00+00:00,2017-10-30 00:00:00+00:00,88.04795999999999,92.35,1.4728951623554214,0.007364475811777107,22,EMA_TRAIL,True
ZTS,S3,long,RISK_ON,1,2017-09-29 00:00:00+00:00,2017-10-25 00:00:00+00:00,63.82375999999999,64.38,0.7414575961140439,0.0037072879805702197,18,EMA_TRAIL,True
WLTW,S3,long,RISK_ON,1,2017-09-29 00:00:00+00:00,2017-11-02 00:00:00+00:00,154.38422999999997,157.48,1.847516200712534,0.009237581003562671,24,EMA_TRAIL,True
KSU,S3,long,RISK_ON,1,2017-09-29 00:00:00+00:00,2017-10-02 00:00:00+00:00,108.78868,106.74906071428572,-1.0,-0.005,1,SL,False
XRX,S3,long,RISK_ON,1,2017-09-29 00:00:00+00:00,2017-10-04 00:00:00+00:00,33.32328999999999,33.02771428571429,-1.0,-0.005,3,SL,False
IRM,S3,long,RISK_ON,1,2017-10-02 00:00:00+00:00,2017-10-06 00:00:00+00:00,39.289249999999996,38.23973214285714,-1.0,-0.005,4,SL,False
PRGO,S3,long,RISK_ON,1,2017-10-02 00:00:00+00:00,2017-10-26 00:00:00+00:00,86.32623999999998,83.54,-0.6610312242733641,-0.0033051561213668207,18,SMA50_BREAK,False
RL,S3,long,RISK_ON,1,2017-10-02 00:00:00+00:00,2017-10-09 00:00:00+00:00,89.06898,87.04607142857142,-1.0,-0.005,5,SL,False
EL,S3,long,RISK_ON,1,2017-10-02 00:00:00+00:00,2017-10-20 00:00:00+00:00,108.30819999999999,108.30819999999999,0.3330153539261614,0.001665076769630807,14,STOP_AFTER_TP1,True
SIG,S3,long,RISK_ON,1,2017-10-02 00:00:00+00:00,2017-10-12 00:00:00+00:00,66.19612999999998,63.90414285714285,-1.0,-0.005,8,SL,False
GM,S2,long,RISK_ON,1,2017-10-02 00:00:00+00:00,2017-11-30 00:00:00+00:00,42.19214999999999,43.09,0.43441373549658346,0.0021720686774829175,42,SMA50_BREAK,False
ALGN,S3,long,RISK_ON,1,2017-10-03 00:00:00+00:00,2017-10-09 00:00:00+00:00,186.63644999999997,186.63644999999997,0.33694678328705896,0.0016847339164352947,4,STOP_AFTER_TP1,True
AMGN,S3,long,RISK_ON,1,2017-10-03 00:00:00+00:00,2017-10-11 00:00:00+00:00,187.41722999999996,184.1819392857143,-1.0,-0.005,6,SL,False
BIIB,S3,long,RISK_ON,1,2017-10-03 00:00:00+00:00,2017-10-04 00:00:00+00:00,317.70739,310.2857535714286,-1.0,-0.005,1,SL,False
CF,S3,long,RISK_ON,1,2017-10-03 00:00:00+00:00,2017-10-06 00:00:00+00:00,35.42539,34.10610714285714,-1.0,-0.005,3,SL,False
KSS,S3,long,RISK_ON,1,2017-10-03 00:00:00+00:00,2017-10-09 00:00:00+00:00,44.504459999999995,43.102196428571425,-1.0,-0.005,4,SL,False
ALXN,S3,long,RISK_ON,1,2017-10-03 00:00:00+00:00,2017-10-18 00:00:00+00:00,141.62147999999996,140.24,-0.34558154527449364,-0.0017279077263724681,11,SMA50_BREAK,False
GPS,S3,long,RISK_ON,1,2017-10-03 00:00:00+00:00,2017-10-11 00:00:00+00:00,28.98896,28.33,-1.0,-0.005,6,SL,False
COG,S3,long,RISK_ON,1,2017-10-03 00:00:00+00:00,2017-10-06 00:00:00+00:00,26.606579999999994,26.060142857142857,-1.0,-0.005,3,SL,False
EQT,S3,long,RISK_ON,1,2017-10-03 00:00:00+00:00,2017-10-09 00:00:00+00:00,64.27420999999998,62.99393214285715,-1.0,-0.005,4,SL,False
FDX,S3,long,RISK_ON,1,2017-10-03 00:00:00+00:00,2017-10-05 00:00:00+00:00,223.22299999999998,220.94288571428572,-1.0,-0.005,2,SL,False
GILD,S3,long,RISK_ON,1,2017-10-03 00:00:00+00:00,2017-10-16 00:00:00+00:00,83.27318999999999,80.25703571428572,-1.0,-0.005,9,SL,False
LYB,S3,long,RISK_ON,1,2017-10-04 00:00:00+00:00,2017-10-10 00:00:00+00:00,98.97887999999999,98.08266071428572,-1.0,-0.005,4,SL,False
WYNN,S3,long,RISK_ON,1,2017-10-04 00:00:00+00:00,2017-10-06 00:00:00+00:00,147.11696999999998,147.11696999999998,0.3797874778164374,0.001898937389082187,2,STOP_AFTER_TP1,True
ACN,S3,long,RISK_ON,1,2017-10-04 00:00:00+00:00,2018-02-02 00:00:00+00:00,135.29515999999998,156.9,5.948075006252488,0.02974037503126244,83,EMA_TRAIL,True
BIIB,S3,long,RISK_ON,1,2017-10-04 00:00:00+00:00,2017-10-23 00:00:00+00:00,315.23492,328.55,1.1273323372529807,0.005636661686264904,13,EMA_TRAIL,True
KSU,S3,long,RISK_ON,1,2017-10-04 00:00:00+00:00,2017-10-06 00:00:00+00:00,107.12701999999999,105.37702142857142,-1.0,-0.005,2,SL,False
TSCO,S3,long,RISK_ON,1,2017-10-04 00:00:00+00:00,2017-10-05 00:00:00+00:00,62.25218999999999,61.48857142857143,-1.0,-0.005,1,SL,False
PWR,S3,long,RISK_ON,1,2017-10-04 00:00:00+00:00,2017-10-19 00:00:00+00:00,37.177139999999994,37.177139999999994,0.5198676612813397,0.0025993383064066983,11,STOP_AFTER_TP1,True
LRCX,S3,long,RISK_ON,1,2017-10-05 00:00:00+00:00,2017-11-29 00:00:00+00:00,183.00281999999999,194.64,2.7139692054563618,0.013569846027281809,38,SMA50_BREAK,True
JBHT,S3,long,RISK_ON,1,2017-10-06 00:00:00+00:00,2017-10-09 00:00:00+00:00,106.83672999999999,105.34878571428571,-1.0,-0.005,1,SL,False
LLL,S3,long,RISK_ON,1,2017-10-06 00:00:00+00:00,2017-10-09 00:00:00+00:00,189.56937999999997,187.47414285714285,-1.0,-0.005,1,SL,False
CF,S3,long,RISK_ON,1,2017-10-06 00:00:00+00:00,2017-11-07 00:00:00+00:00,34.2342,36.89,3.3773886059125933,0.016886943029562968,22,EMA_TRAIL,True
NSC,S3,long,RISK_ON,1,2017-10-06 00:00:00+00:00,2017-10-17 00:00:00+00:00,130.59046,128.97357142857143,-1.0,-0.005,7,SL,False
FDX,S3,long,RISK_ON,1,2017-10-06 00:00:00+00:00,2017-11-03 00:00:00+00:00,221.02079999999998,224.24,0.8560808854379167,0.004280404427189584,20,EMA_TRAIL,True
JBHT,S3,long,RISK_ON,1,2017-10-09 00:00:00+00:00,2017-10-13 00:00:00+00:00,106.01590999999999,104.07842857142857,-1.0,-0.005,4,SL,False
LLL,S3,long,RISK_ON,1,2017-10-09 00:00:00+00:00,2017-10-17 00:00:00+00:00,187.87768999999997,185.82138928571428,-1.0,-0.005,6,SL,False
VLO,S3,long,RISK_ON,1,2017-10-09 00:00:00+00:00,2018-01-30 00:00:00+00:00,77.20712999999999,94.34,8.484733316094175,0.04242366658047088,77,EMA_TRAIL,True
BMY,S3,long,RISK_ON,1,2017-10-09 00:00:00+00:00,2017-10-16 00:00:00+00:00,64.21415,64.21415,0.34833167125643594,0.0017416583562821796,5,STOP_AFTER_TP1,True
ALB,S3,long,RISK_ON,1,2017-10-09 00:00:00+00:00,2017-11-02 00:00:00+00:00,136.68654999999998,136.68654999999998,0.31025060241120395,0.0015512530120560199,18,STOP_AFTER_TP1,True
KMX,S3,long,RISK_ON,1,2017-10-10 00:00:00+00:00,2017-10-16 00:00:00+00:00,76.30623,75.06928571428571,-1.0,-0.005,4,SL,False
LYB,S3,long,RISK_ON,1,2017-10-10 00:00:00+00:00,2017-10-11 00:00:00+00:00,98.15805999999999,97.02321428571429,-1.0,-0.005,1,SL,False
PCAR,S3,long,RISK_ON,1,2017-10-10 00:00:00+00:00,2017-10-12 00:00:00+00:00,73.49342,72.35285714285715,-1.0,-0.005,2,SL,False
BWA,S3,long,RISK_ON,1,2017-10-10 00:00:00+00:00,2017-10-12 00:00:00+00:00,52.04199,51.30059642857143,-1.0,-0.005,2,SL,False
UPS,S3,long,RISK_ON,1,2017-10-10 00:00:00+00:00,2017-10-30 00:00:00+00:00,118.23812,118.23812,0.4324070169245592,0.002162035084622796,14,STOP_AFTER_TP1,True
GPS,S3,long,RISK_ON,1,2017-10-11 00:00:00+00:00,2017-10-12 00:00:00+00:00,28.44842,27.882142857142856,-1.0,-0.005,1,SL,False
XYL,S3,long,RISK_ON,1,2017-10-11 00:00:00+00:00,2017-10-17 00:00:00+00:00,64.37431,64.37431,0.3415911554760068,0.0017079557773800342,4,STOP_AFTER_TP1,True
MS,S3,long,RISK_ON,1,2017-10-11 00:00:00+00:00,2017-10-12 00:00:00+00:00,49.22917999999999,48.80303928571429,-1.0,-0.005,1,SL,False
PGR,S3,long,RISK_ON,1,2017-10-12 00:00:00+00:00,2017-10-17 00:00:00+00:00,48.79874999999999,48.44500357142857,-1.0,-0.005,3,SL,False
LNC,S3,long,RISK_ON,1,2017-10-12 00:00:00+00:00,2017-10-19 00:00:00+00:00,74.92484999999999,73.84242142857143,-1.0,-0.005,5,SL,False
MS,S3,long,RISK_ON,1,2017-10-12 00:00:00+00:00,2017-10-13 00:00:00+00:00,48.63859,48.035539285714286,-1.0,-0.005,1,SL,False
ANDV,S3,long,RISK_ON,1,2017-10-12 00:00:00+00:00,2017-10-16 00:00:00+00:00,105.78568,104.08176785714285,-1.0,-0.005,2,SL,False
LYB,S3,long,RISK_ON,1,2017-10-12 00:00:00+00:00,2017-11-15 00:00:00+00:00,97.62753,102.5,2.0434359616368925,0.010217179808184462,24,EMA_TRAIL,True
BWA,S3,long,RISK_ON,1,2017-10-13 00:00:00+00:00,2017-11-08 00:00:00+00:00,51.181129999999996,52.19,0.8737427941903428,0.004368713970951715,18,EMA_TRAIL,True
MU,S3,long,RISK_ON,1,2017-10-13 00:00:00+00:00,2017-10-25 00:00:00+00:00,40.4404,40.4404,1.0935733382314017,0.005467866691157008,8,STOP_AFTER_TP1,True
KMX,S3,long,RISK_ON,1,2017-10-16 00:00:00+00:00,2017-10-19 00:00:00+00:00,75.53545999999999,74.36928571428571,-1.0,-0.005,3,SL,False
NFLX,S2,long,RISK_ON,1,2017-10-16 00:00:00+00:00,2017-10-19 00:00:00+00:00,202.88268,191.40143571428572,-1.0,-0.005,3,SL,False
PFE,S3,long,RISK_ON,1,2017-10-16 00:00:00+00:00,2017-10-24 00:00:00+00:00,36.01597999999999,36.01597999999999,0.6033950138962366,0.0030169750694811833,6,STOP_AFTER_TP1,True
STT,S3,long,RISK_ON,1,2017-10-16 00:00:00+00:00,2017-10-17 00:00:00+00:00,98.63853999999999,97.37071785714286,-1.0,-0.005,1,SL,False
BMY,S3,long,RISK_ON,1,2017-10-17 00:00:00+00:00,2017-10-26 00:00:00+00:00,64.24418,62.83521428571429,-1.0,-0.005,7,SL,False
AMG,S3,long,RISK_ON,1,2017-10-17 00:00:00+00:00,2017-10-25 00:00:00+00:00,193.98378999999997,193.98378999999997,0.46378098783945565,0.002318904939197278,6,STOP_AFTER_TP1,True
AXP,S3,long,RISK_ON,1,2017-10-17 00:00:00+00:00,2017-10-19 00:00:00+00:00,91.78168999999998,90.32375,-1.0,-0.005,2,SL,False
ANDV,S3,long,RISK_ON,1,2017-10-17 00:00:00+00:00,2017-11-09 00:00:00+00:00,104.55444999999999,104.55444999999999,0.5177519161802985,0.0025887595809014926,17,STOP_AFTER_TP1,True
NSC,S3,long,RISK_ON,1,2017-10-18 00:00:00+00:00,2017-10-25 00:00:00+00:00,130.65052,127.74164285714284,-1.0,-0.005,5,SL,False
IRM,S2,long,RISK_ON,1,2017-10-18 00:00:00+00:00,2017-10-25 00:00:00+00:00,40.83078999999999,39.13839285714286,-1.0,-0.005,5,SL,False
NRG,S3,long,RISK_ON,1,2017-10-18 00:00:00+00:00,2017-10-19 00:00:00+00:00,25.975949999999997,25.561253571428573,-1.0,-0.005,1,SL,False
CME,S3,long,RISK_ON,1,2017-10-18 00:00:00+00:00,2017-10-19 00:00:00+00:00,136.50636999999998,134.705,-1.0,-0.005,1,SL,False
C,S3,long,RISK_ON,1,2017-10-18 00:00:00+00:00,2017-11-13 00:00:00+00:00,73.19312,71.99,-0.6673425797932111,-0.0033367128989660556,18,SMA50_BREAK,False
NFLX,S3,long,RISK_ON,1,2017-10-19 00:00:00+00:00,2017-11-29 00:00:00+00:00,195.32512999999997,188.46822142857144,-1.0,-0.005,28,SL,False
KMX,S3,long,RISK_ON,1,2017-10-19 00:00:00+00:00,2017-10-25 00:00:00+00:00,74.91484,73.88482142857143,-1.0,-0.005,4,SL,False
NRG,S3,long,RISK_ON,1,2017-10-19 00:00:00+00:00,2017-10-23 00:00:00+00:00,25.565539999999995,25.01768214285714,-1.0,-0.005,2,SL,False
PGR,S3,long,RISK_ON,1,2017-10-19 00:00:00+00:00,2018-01-24 00:00:00+00:00,48.73868999999999,55.33,3.9892163341583387,0.019946081670791694,65,EMA_TRAIL,True
XYL,S3,long,RISK_ON,1,2017-10-20 00:00:00+00:00,2017-12-11 00:00:00+00:00,64.29423,67.28,1.6174296011856668,0.008087148005928335,35,EMA_TRAIL,True
PWR,S3,long,RISK_ON,1,2017-10-23 00:00:00+00:00,2017-11-02 00:00:00+00:00,37.51747999999999,36.692321428571425,-1.0,-0.005,8,SL,False
VFC,S2,long,RISK_ON,1,2017-10-23 00:00:00+00:00,2018-02-05 00:00:00+00:00,70.01995,78.63,0.852582981608106,0.00426291490804053,71,EMA_TRAIL,True
JBHT,S3,long,RISK_ON,1,2017-10-24 00:00:00+00:00,2017-10-31 00:00:00+00:00,106.41631,104.96142857142857,-1.0,-0.005,5,SL,False
BIIB,S5,long,RISK_ON,1,2017-10-24 00:00:00+00:00,2017-10-25 00:00:00+00:00,316.04573,314.64,-0.09874660449446614,-0.0004937330224723307,1,SMA50_BREAK,False
ETFC,S3,long,RISK_ON,1,2017-10-25 00:00:00+00:00,2018-01-29 00:00:00+00:00,43.46342,52.62,6.252157626806394,0.03126078813403197,64,EMA_TRAIL,True
RHT,S3,long,RISK_ON,1,2017-10-25 00:00:00+00:00,2017-11-29 00:00:00+00:00,120.37024999999998,124.49,1.7664804182600584,0.008832402091300292,24,EMA_TRAIL,True
PFE,S3,long,RISK_ON,1,2017-10-25 00:00:00+00:00,2017-10-26 00:00:00+00:00,36.19615999999999,35.71265714285715,-1.0,-0.005,1,SL,False
HII,S3,long,RISK_ON,1,2017-10-25 00:00:00+00:00,2017-10-26 00:00:00+00:00,234.23399999999998,231.10295,-1.0,-0.005,1,SL,False
HRS,S3,long,RISK_ON,1,2017-10-26 00:00:00+00:00,2017-11-02 00:00:00+00:00,135.99586,135.99586,0.5035527460276628,0.0025177637301383136,5,STOP_AFTER_TP1,True
MU,S3,long,RISK_ON,1,2017-10-26 00:00:00+00:00,2017-11-29 00:00:00+00:00,40.6406,43.74,2.784640039447748,0.013923200197238741,23,EMA_TRAIL,True
KMX,S3,long,RISK_ON,1,2017-10-26 00:00:00+00:00,2017-11-07 00:00:00+00:00,74.93485999999999,73.08218214285715,-1.0,-0.005,8,SL,False
STZ,S3,long,RISK_ON,1,2017-10-26 00:00:00+00:00,2017-11-29 00:00:00+00:00,211.95173999999997,214.36,1.3504354445782263,0.006752177222891132,23,EMA_TRAIL,True
FCX,S3,long,RISK_ON,1,2017-10-26 00:00:00+00:00,2017-10-27 00:00:00+00:00,14.704689999999998,14.224871428571428,-1.0,-0.005,1,SL,False
NRG,S3,long,RISK_ON,1,2017-10-27 00:00:00+00:00,2017-11-01 00:00:00+00:00,25.365339999999996,24.84,-0.49353485154215143,-0.0024676742577107572,3,SMA50_BREAK,False
XRX,S5,long,RISK_ON,1,2017-10-27 00:00:00+00:00,2017-10-30 00:00:00+00:00,30.510479999999998,30.23,-0.248106998796969,-0.0012405349939848451,1,SMA50_BREAK,False
BA,S3,long,RISK_ON,1,2017-10-30 00:00:00+00:00,2017-11-10 00:00:00+00:00,259.50924999999995,260.85,0.5429065426006483,0.0027145327130032415,9,EMA_TRAIL,True
HII,S3,long,RISK_ON,1,2017-10-30 00:00:00+00:00,2017-11-15 00:00:00+00:00,232.38214999999997,235.56,3.1731899716529943,0.01586594985826497,12,EMA_TRAIL,True
AFL,S3,long,RISK_ON,1,2017-10-30 00:00:00+00:00,2017-12-20 00:00:00+00:00,83.91382999999999,87.36,2.7368147665604923,0.013684073832802462,36,EMA_TRAIL,True
NSC,S3,long,RISK_ON,1,2017-10-30 00:00:00+00:00,2017-11-01 00:00:00+00:00,132.9328,131.1439642857143,-1.0,-0.005,2,SL,False
URI,S3,long,RISK_ON,1,2017-10-30 00:00:00+00:00,2017-11-09 00:00:00+00:00,143.73359,143.73359,0.3087494997697917,0.0015437474988489585,8,STOP_AFTER_TP1,True
ROK,S2,long,RISK_ON,1,2017-10-31 00:00:00+00:00,2017-12-05 00:00:00+00:00,201.02081999999996,187.68,-0.5667453264888587,-0.0028337266324442935,24,SMA50_BREAK,False
AMP,S3,long,RISK_ON,1,2017-10-31 00:00:00+00:00,2017-11-14 00:00:00+00:00,156.69653999999997,155.36767857142857,-1.0,-0.005,10,SL,False
SPGI,S5,long,RISK_ON,1,2017-10-31 00:00:00+00:00,2017-11-01 00:00:00+00:00,156.62646999999998,156.56,-0.019686240363451023,-9.843120181725512e-05,1,SMA50_BREAK,False
TMO,S3,long,RISK_ON,1,2017-11-01 00:00:00+00:00,2017-11-10 00:00:00+00:00,194.38419,190.04709642857145,-1.0,-0.005,7,SL,False
TXN,S3,long,RISK_ON,1,2017-11-01 00:00:00+00:00,2017-11-09 00:00:00+00:00,96.44634999999998,96.44634999999998,0.649913022740364,0.00324956511370182,6,STOP_AFTER_TP1,True
JPM,S3,long,RISK_ON,1,2017-11-01 00:00:00+00:00,2017-11-07 00:00:00+00:00,101.02091999999999,99.91945,-1.0,-0.005,4,SL,False
NOC,S3,long,RISK_ON,1,2017-11-01 00:00:00+00:00,2017-12-01 00:00:00+00:00,294.46416999999997,299.63,2.9431202260261298,0.01471560113013065,21,EMA_TRAIL,True
ILMN,S3,long,RISK_ON,1,2017-11-01 00:00:00+00:00,2017-11-14 00:00:00+00:00,207.94773999999998,206.05,-0.2642887894846116,-0.001321443947423058,9,SMA50_BREAK,False
GWW,S3,long,RISK_ON,1,2017-11-01 00:00:00+00:00,2017-11-13 00:00:00+00:00,195.77558,195.77558,1.1397115397331712,0.005698557698665856,8,STOP_AFTER_TP1,True
BAC,S3,long,RISK_ON,1,2017-11-01 00:00:00+00:00,2017-11-07 00:00:00+00:00,27.55753,27.109035714285714,-1.0,-0.005,4,SL,False
DLTR,S3,long,RISK_ON,1,2017-11-01 00:00:00+00:00,2018-02-02 00:00:00+00:00,91.21112,108.83,7.644522471991895,0.038222612359959475,63,EMA_TRAIL,True
DOV,S3,long,RISK_ON,1,2017-11-01 00:00:00+00:00,2017-11-09 00:00:00+00:00,94.63454,93.51178571428572,-1.0,-0.005,6,SL,False
HPQ,S3,long,RISK_ON,1,2017-11-01 00:00:00+00:00,2017-11-02 00:00:00+00:00,21.491469999999996,21.181039285714284,-1.0,-0.005,1,SL,False
SNPS,S3,long,RISK_ON,1,2017-11-01 00:00:00+00:00,2017-11-06 00:00:00+00:00,86.20612,86.20612,0.4071680906016585,0.0020358404530082925,3,STOP_AFTER_TP1,True
BF.B,S3,long,RISK_ON,1,2017-11-02 00:00:00+00:00,2018-01-11 00:00:00+00:00,55.985929999999996,66.61,4.411036226095268,0.02205518113047634,47,EMA_TRAIL,True
DG,S3,long,RISK_ON,1,2017-11-02 00:00:00+00:00,2017-11-15 00:00:00+00:00,82.59250999999999,82.59250999999999,0.2790482024428271,0.0013952410122141355,9,STOP_AFTER_TP1,True
MCHP,S3,long,RISK_ON,1,2017-11-02 00:00:00+00:00,2017-11-07 00:00:00+00:00,93.55345999999999,91.33642857142857,-1.0,-0.005,3,SL,False
ADI,S3,long,RISK_ON,1,2017-11-02 00:00:00+00:00,2017-11-09 00:00:00+00:00,90.88078999999999,90.88078999999999,0.32504102537087703,0.0016252051268543853,5,STOP_AFTER_TP1,True
SWK,S3,long,RISK_ON,1,2017-11-02 00:00:00+00:00,2017-11-09 00:00:00+00:00,161.97180999999998,161.97180999999998,0.555946177045181,0.002779730885225905,5,STOP_AFTER_TP1,True
TROW,S3,long,RISK_ON,1,2017-11-03 00:00:00+00:00,2017-11-09 00:00:00+00:00,94.66456999999998,91.57146428571428,-1.0,-0.005,4,SL,False
KLAC,S3,long,RISK_ON,1,2017-11-03 00:00:00+00:00,2017-11-09 00:00:00+00:00,106.40629999999999,103.20607142857143,-1.0,-0.005,4,SL,False
ABBV,S3,long,RISK_ON,1,2017-11-03 00:00:00+00:00,2017-12-06 00:00:00+00:00,92.40230999999999,94.4,0.8824715219720457,0.004412357609860229,22,EMA_TRAIL,True
MS,S3,long,RISK_ON,1,2017-11-03 00:00:00+00:00,2017-11-08 00:00:00+00:00,50.07002,49.005892857142854,-1.0,-0.005,3,SL,False
HPQ,S3,long,RISK_ON,1,2017-11-03 00:00:00+00:00,2017-11-22 00:00:00+00:00,21.491469999999996,21.491469999999996,0.4586844765627667,0.0022934223828138334,13,STOP_AFTER_TP1,True
FTV,S3,long,RISK_ON,1,2017-11-06 00:00:00+00:00,2017-11-09 00:00:00+00:00,72.93285999999999,72.16119285714286,-1.0,-0.005,3,SL,False
ADSK,S3,long,RISK_ON,1,2017-11-06 00:00:00+00:00,2017-11-09 00:00:00+00:00,123.94381999999997,122.12333928571428,-1.0,-0.005,3,SL,False
TSN,S3,long,RISK_ON,1,2017-11-06 00:00:00+00:00,2017-12-14 00:00:00+00:00,72.25218,80.71,4.586533926505096,0.02293266963252548,27,EMA_TRAIL,True
APH,S3,long,RISK_ON,1,2017-11-07 00:00:00+00:00,2017-11-09 00:00:00+00:00,87.45737,86.57892857142858,-1.0,-0.005,2,SL,False
AXP,S3,long,RISK_ON,1,2017-11-07 00:00:00+00:00,2017-11-08 00:00:00+00:00,95.46537,94.51785714285715,-1.0,-0.005,1,SL,False
PH,S3,long,RISK_ON,1,2017-11-07 00:00:00+00:00,2017-11-09 00:00:00+00:00,185.65546999999998,182.6898214285714,-1.0,-0.005,2,SL,False
HRS,S3,long,RISK_ON,1,2017-11-07 00:00:00+00:00,2017-11-09 00:00:00+00:00,139.50937,137.34464285714287,-1.0,-0.005,2,SL,False
AXP,S3,long,RISK_ON,1,2017-11-08 00:00:00+00:00,2017-11-09 00:00:00+00:00,95.22512999999998,93.85910714285714,-1.0,-0.005,1,SL,False
MCO,S3,long,RISK_ON,1,2017-11-08 00:00:00+00:00,2017-11-10 00:00:00+00:00,145.07493,141.8488357142857,-1.0,-0.005,2,SL,False
TSS,S3,long,RISK_ON,1,2017-11-08 00:00:00+00:00,2017-11-29 00:00:00+00:00,72.06198999999998,72.06198999999998,0.34213234724122155,0.0017106617362061078,14,STOP_AFTER_TP1,True
FLIR,S3,long,RISK_ON,1,2017-11-08 00:00:00+00:00,2017-11-09 00:00:00+00:00,47.036989999999996,46.16107142857143,-1.0,-0.005,1,SL,False
CTAS,S3,long,RISK_ON,1,2017-11-08 00:00:00+00:00,2017-11-09 00:00:00+00:00,149.75961,146.44116428571428,-1.0,-0.005,1,SL,False
AET,S3,long,RISK_ON,1,2017-11-09 00:00:00+00:00,2017-12-18 00:00:00+00:00,172.70253,177.34,1.6981503543148788,0.008490751771574394,26,EMA_TRAIL,True
IRM,S3,long,RISK_ON,1,2017-11-09 00:00:00+00:00,2017-11-15 00:00:00+00:00,40.670629999999996,40.670629999999996,0.3771400026756867,0.0018857000133784335,4,STOP_AFTER_TP1,True
FTV,S3,long,RISK_ON,1,2017-11-09 00:00:00+00:00,2017-12-05 00:00:00+00:00,72.70262999999998,72.95,0.5998888186608091,0.0029994440933040455,17,EMA_TRAIL,True
TXN,S3,long,RISK_ON,1,2017-11-09 00:00:00+00:00,2017-11-29 00:00:00+00:00,97.14705,97.14705,0.28130589678773793,0.0014065294839386896,13,STOP_AFTER_TP1,True
URI,S3,long,RISK_ON,1,2017-11-09 00:00:00+00:00,2018-02-02 00:00:00+00:00,145.23508999999999,173.3,4.982901710536776,0.02491450855268388,57,EMA_TRAIL,True
APH,S3,long,RISK_ON,1,2017-11-09 00:00:00+00:00,2017-12-04 00:00:00+00:00,86.80671999999998,88.46,1.303712669874649,0.006518563349373245,16,EMA_TRAIL,True
TGT,S1,long,RISK_ON,1,2017-11-09 00:00:00+00:00,2017-11-15 00:00:00+00:00,59.95989999999999,56.14082,-1.0,-0.005,4,SL,False
FLIR,S3,long,RISK_ON,1,2017-11-09 00:00:00+00:00,2017-12-01 00:00:00+00:00,46.38634,45.68857142857143,-1.0,-0.005,15,SL,False
SWK,S3,long,RISK_ON,1,2017-11-09 00:00:00+00:00,2017-12-12 00:00:00+00:00,163.01285,165.95,1.3974802104121897,0.006987401052060949,22,EMA_TRAIL,True
AME,S3,long,RISK_ON,1,2017-11-10 00:00:00+00:00,2017-12-14 00:00:00+00:00,68.29822999999999,70.96,1.9522069392941153,0.009761034696470576,23,EMA_TRAIL,True
TROW,S3,long,RISK_ON,1,2017-11-10 00:00:00+00:00,2018-01-30 00:00:00+00:00,93.66356999999998,112.51,3.763972208895752,0.01881986104447876,53,EMA_TRAIL,True
CF,S3,long,RISK_ON,1,2017-11-10 00:00:00+00:00,2017-11-14 00:00:00+00:00,37.31728,36.15839642857143,-1.0,-0.005,2,SL,False
COP,S3,long,RISK_ON,1,2017-11-10 00:00:00+00:00,2017-11-14 00:00:00+00:00,53.042989999999996,51.91232142857143,-1.0,-0.005,2,SL,False
MRO,S3,long,RISK_ON,1,2017-11-10 00:00:00+00:00,2017-11-14 00:00:00+00:00,15.635619999999998,15.177142857142858,-1.0,-0.005,2,SL,False
AVY,S3,long,RISK_ON,1,2017-11-10 00:00:00+00:00,2018-01-29 00:00:00+00:00,105.29518999999999,118.67,7.274781366734883,0.03637390683367442,52,EMA_TRAIL,True
CI,S3,long,RISK_ON,1,2017-11-10 00:00:00+00:00,2017-12-14 00:00:00+00:00,198.17797999999996,203.63,1.6728197733378427,0.008364098866689214,23,EMA_TRAIL,True
INTC,S3,long,RISK_ON,1,2017-11-10 00:00:00+00:00,2017-11-17 00:00:00+00:00,45.62557999999999,44.81189285714286,-0.6156970357742467,-0.0030784851788712335,5,SL,False
BA,S3,long,RISK_ON,1,2017-11-13 00:00:00+00:00,2018-02-05 00:00:00+00:00,262.68242,328.88,7.392615678501631,0.036963078392508154,56,EMA_TRAIL,True
MAR,S3,long,RISK_ON,1,2017-11-13 00:00:00+00:00,2018-02-02 00:00:00+00:00,120.51038999999999,141.17,4.1532565765871166,0.020766282882935583,55,EMA_TRAIL,True
HRS,S3,long,RISK_ON,1,2017-11-13 00:00:00+00:00,2017-12-11 00:00:00+00:00,139.10896999999997,139.10896999999997,0.2846760814756156,0.0014233804073780782,19,STOP_AFTER_TP1,True
AMP,S3,long,RISK_ON,1,2017-11-14 00:00:00+00:00,2018-01-25 00:00:00+00:00,157.26711,173.13,3.5444085242469985,0.017722042621234994,48,EMA_TRAIL,True
ADSK,S3,long,RISK_ON,1,2017-11-14 00:00:00+00:00,2017-11-29 00:00:00+00:00,123.99386999999999,123.99386999999999,0.3407378486758244,0.001703689243379122,10,STOP_AFTER_TP1,True
ADBE,S3,long,RISK_ON,1,2017-11-14 00:00:00+00:00,2017-11-29 00:00:00+00:00,181.50131999999996,181.50131999999996,0.30141314610950226,0.0015070657305475113,10,STOP_AFTER_TP1,True
CHRW,S3,long,RISK_ON,1,2017-11-15 00:00:00+00:00,2017-11-17 00:00:00+00:00,80.02995,78.82767857142856,-1.0,-0.005,2,SL,False
IRM,S3,long,RISK_ON,1,2017-11-15 00:00:00+00:00,2017-11-16 00:00:00+00:00,40.57053,40.252024999999996,-1.0,-0.005,1,SL,False
ILMN,S3,long,RISK_ON,1,2017-11-16 00:00:00+00:00,2017-12-04 00:00:00+00:00,208.71850999999998,213.45,0.7390141790528513,0.0036950708952642563,11,EMA_TRAIL,True
IQV,S3,long,RISK_ON,1,2017-11-16 00:00:00+00:00,2017-12-04 00:00:00+00:00,104.54443999999998,101.27,-0.681907513659819,-0.0034095375682990955,11,SMA50_BREAK,False
GWW,S3,long,RISK_ON,1,2017-11-16 00:00:00+00:00,2018-01-10 00:00:00+00:00,198.69849999999997,231.75,3.291844477075935,0.016459222385379675,36,EMA_TRAIL,True
V,S3,long,RISK_ON,1,2017-11-16 00:00:00+00:00,2017-11-29 00:00:00+00:00,111.13101999999998,111.13101999999998,0.37001227925426733,0.0018500613962713368,8,STOP_AFTER_TP1,True
KLAC,S1,long,RISK_ON,1,2017-11-16 00:00:00+00:00,2017-11-17 00:00:00+00:00,104.87476999999998,101.65,-0.5086532425210785,-0.0025432662126053922,1,SMA50_BREAK,False
CAT,S3,long,RISK_ON,1,2017-11-16 00:00:00+00:00,2018-01-29 00:00:00+00:00,136.49636,162.58,4.391860814289759,0.021959304071448794,48,EMA_TRAIL,True
LYB,S3,long,RISK_ON,1,2017-11-16 00:00:00+00:00,2018-02-02 00:00:00+00:00,103.30319999999999,112.17,2.724984698249499,0.013624923491247496,52,EMA_TRAIL,True
WMT,S2,long,RISK_ON,1,2017-11-16 00:00:00+00:00,2018-02-05 00:00:00+00:00,99.71961999999999,100.09,-0.04574998120104606,-0.0002287499060052303,53,SMA50_BREAK,False
FITB,S3,long,RISK_ON,1,2017-11-16 00:00:00+00:00,2017-12-14 00:00:00+00:00,28.498469999999994,29.67,1.9005447184055027,0.009502723592027513,19,EMA_TRAIL,True
PH,S3,long,RISK_ON,1,2017-11-17 00:00:00+00:00,2018-01-30 00:00:00+00:00,182.52233999999999,204.65,4.566067708727056,0.02283033854363528,48,EMA_TRAIL,True
MRO,S3,long,RISK_ON,1,2017-11-17 00:00:00+00:00,2018-01-30 00:00:00+00:00,15.06505,18.06,3.0666509264846047,0.015333254632423023,48,EMA_TRAIL,True
INTC,S3,long,RISK_ON,1,2017-11-20 00:00:00+00:00,2017-11-29 00:00:00+00:00,44.66461999999999,44.071803571428575,-1.0,-0.005,6,SL,False
HII,S3,long,RISK_ON,1,2017-11-21 00:00:00+00:00,2017-12-04 00:00:00+00:00,236.87663999999995,234.31,-0.37232115084488593,-0.0018616057542244298,8,SMA50_BREAK,False
CHRW,S3,long,RISK_ON,1,2017-11-22 00:00:00+00:00,2018-01-31 00:00:00+00:00,79.31923999999998,91.46,5.660678245203549,0.028303391226017743,46,EMA_TRAIL,True
AMAT,S3,long,RISK_ON,1,2017-11-22 00:00:00+00:00,2017-11-27 00:00:00+00:00,57.73767999999999,56.72913928571428,-1.0,-0.005,2,SL,False
NRG,S3,long,RISK_ON,1,2017-11-24 00:00:00+00:00,2017-11-28 00:00:00+00:00,29.059029999999996,28.5,-1.0,-0.005,2,SL,False
EL,S3,long,RISK_ON,1,2017-11-27 00:00:00+00:00,2017-11-29 00:00:00+00:00,125.27515,123.83447142857143,-1.0,-0.005,2,SL,False
SNPS,S3,long,RISK_ON,1,2017-11-27 00:00:00+00:00,2017-11-29 00:00:00+00:00,89.31922999999999,88.59,-1.0,-0.005,2,SL,False
A,S3,long,RISK_ON,1,2017-11-27 00:00:00+00:00,2017-11-29 00:00:00+00:00,69.37930999999999,69.37930999999999,0.3772098128194055,0.0018860490640970277,2,STOP_AFTER_TP1,True
AMAT,S3,long,RISK_ON,1,2017-11-27 00:00:00+00:00,2017-11-29 00:00:00+00:00,56.99693999999999,55.48306785714286,-1.0,-0.005,2,SL,False
JPM,S2,long,RISK_ON,1,2017-11-28 00:00:00+00:00,2018-02-05 00:00:00+00:00,101.46135999999998,108.8,2.2814974720461607,0.011407487360230804,46,EMA_TRAIL,True
HPQ,S3,long,RISK_ON,1,2017-11-28 00:00:00+00:00,2017-12-04 00:00:00+00:00,21.681659999999997,21.08,-0.6200105405413346,-0.003100052702706673,4,SMA50_BREAK,False
NRG,S3,long,RISK_ON,1,2017-11-28 00:00:00+00:00,2017-11-29 00:00:00+00:00,28.888859999999998,28.084464285714287,-1.0,-0.005,1,SL,False
BAC,S2,long,RISK_ON,1,2017-11-28 00:00:00+00:00,2018-02-07 00:00:00+00:00,27.66764,31.25,2.5729918413142636,0.012864959206571318,48,EOS,False
A,S3,long,RISK_ON,1,2017-11-29 00:00:00+00:00,2017-12-01 00:00:00+00:00,68.75868999999999,67.68321428571429,-1.0,-0.005,2,SL,False
DVN,S1,long,RISK_ON,1,2017-11-30 00:00:00+00:00,2017-12-06 00:00:00+00:00,38.568529999999996,36.88,-0.5050647658901128,-0.002525323829450564,4,SMA50_BREAK,False
NVDA,S1,long,RISK_ON,1,2017-11-30 00:00:00+00:00,2017-12-01 00:00:00+00:00,200.91071,197.68,-0.2478072345344346,-0.001239036172672173,1,SMA50_BREAK,False
EL,S3,long,RISK_ON,1,2017-12-01 00:00:00+00:00,2018-01-12 00:00:00+00:00,124.89476999999998,128.53,1.328396814797708,0.006641984073988541,28,EMA_TRAIL,True
QCOM,S3,long,RISK_ON,1,2017-12-01 00:00:00+00:00,2017-12-04 00:00:00+00:00,65.55548999999999,63.88307857142856,-1.0,-0.005,1,SL,False
RHI,S3,long,RISK_ON,1,2017-12-01 00:00:00+00:00,2017-12-05 00:00:00+00:00,56.13607999999999,56.13607999999999,0.302168098470713,0.001510840492353565,2,STOP_AFTER_TP1,True
SBAC,S3,long,RISK_ON,1,2017-12-01 00:00:00+00:00,2017-12-04 00:00:00+00:00,169.32915999999997,165.95410714285714,-1.0,-0.005,1,SL,False
LRCX,S5,long,RISK_ON,1,2017-12-01 00:00:00+00:00,2017-12-04 00:00:00+00:00,187.99781,180.69,-1.0,-0.005,1,SL,False
VRSN,S3,long,RISK_ON,1,2017-12-01 00:00:00+00:00,2017-12-05 00:00:00+00:00,115.07495999999998,112.05767857142857,-1.0,-0.005,2,SL,False
MMM,S3,long,RISK_ON,1,2017-12-05 00:00:00+00:00,2017-12-12 00:00:00+00:00,238.49825999999996,236.17021785714286,-1.0,-0.005,5,SL,False
DHI,S3,long,RISK_ON,1,2017-12-05 00:00:00+00:00,2018-01-10 00:00:00+00:00,50.29024,50.97,0.567262269976907,0.002836311349884535,24,EMA_TRAIL,True
NTAP,S3,long,RISK_ON,1,2017-12-05 00:00:00+00:00,2017-12-21 00:00:00+00:00,56.19613999999999,56.19613999999999,0.6504972672756497,0.003252486336378249,12,STOP_AFTER_TP1,True
LEN,S3,long,RISK_ON,1,2017-12-05 00:00:00+00:00,2018-01-26 00:00:00+00:00,62.092029999999994,67.82,3.286303831288344,0.01643151915644172,35,EMA_TRAIL,True
CSCO,S3,long,RISK_ON,1,2017-12-05 00:00:00+00:00,2018-02-02 00:00:00+00:00,37.34731,40.93,4.827136917275333,0.024135684586376667,40,EMA_TRAIL,True
ZTS,S3,long,RISK_ON,1,2017-12-05 00:00:00+00:00,2018-01-02 00:00:00+00:00,70.92084999999999,71.77,1.5249841988110455,0.007624920994055228,18,EMA_TRAIL,True
TSCO,S3,long,RISK_ON,1,2017-12-06 00:00:00+00:00,2018-01-25 00:00:00+00:00,67.07701,78.15,9.085613727072797,0.045428068635363986,33,EMA_TRAIL,True
SBAC,S3,long,RISK_ON,1,2017-12-06 00:00:00+00:00,2017-12-19 00:00:00+00:00,166.5664,159.4855357142857,-1.0,-0.005,9,SL,False
STX,S3,long,RISK_ON,1,2017-12-06 00:00:00+00:00,2018-02-05 00:00:00+00:00,39.219179999999994,49.65,5.888151907139571,0.029440759535697858,40,EMA_TRAIL,True
WYNN,S3,long,RISK_ON,1,2017-12-06 00:00:00+00:00,2018-01-02 00:00:00+00:00,158.00785,164.3,1.911902399559395,0.009559511997796975,17,EMA_TRAIL,True
ANTM,S3,long,RISK_ON,1,2017-12-06 00:00:00+00:00,2018-01-30 00:00:00+00:00,222.93271,243.44,8.010709699220488,0.04005354849610244,36,EMA_TRAIL,True
GRMN,S3,long,RISK_ON,1,2017-12-06 00:00:00+00:00,2017-12-14 00:00:00+00:00,61.52146,60.276875000000004,-1.0,-0.005,6,SL,False
PHM,S3,long,RISK_ON,1,2017-12-06 00:00:00+00:00,2018-01-10 00:00:00+00:00,33.1331,33.67,1.424489992070559,0.007122449960352795,23,EMA_TRAIL,True
ADBE,S1,long,RISK_ON,1,2017-12-06 00:00:00+00:00,2017-12-20 00:00:00+00:00,173.69351999999998,174.25,0.044287537922320305,0.00022143768961160152,10,SMA50_BREAK,False
IFF,S3,long,RISK_ON,1,2017-12-06 00:00:00+00:00,2017-12-11 00:00:00+00:00,153.9538,152.25571428571428,-1.0,-0.005,3,SL,False
PVH,S3,long,RISK_ON,1,2017-12-06 00:00:00+00:00,2018-02-05 00:00:00+00:00,133.41328,146.25,3.3008190382655904,0.016504095191327953,40,EMA_TRAIL,True
QCOM,S3,long,RISK_ON,1,2017-12-06 00:00:00+00:00,2018-02-02 00:00:00+00:00,65.04498,66.07,0.7482007036599069,0.0037410035182995345,39,SMA50_BREAK,False
AKAM,S3,long,RISK_ON,1,2017-12-06 00:00:00+00:00,2018-02-02 00:00:00+00:00,55.82577,65.72,9.083601337173594,0.04541800668586797,39,EMA_TRAIL,True
LKQ,S3,long,RISK_ON,1,2017-12-06 00:00:00+00:00,2017-12-14 00:00:00+00:00,39.35932,39.35932,0.2832418578836317,0.0014162092894181586,6,STOP_AFTER_TP1,True
MNST,S3,long,RISK_ON,1,2017-12-07 00:00:00+00:00,2017-12-28 00:00:00+00:00,62.36229999999999,62.92,1.2336026990366948,0.006168013495183474,14,EMA_TRAIL,True
HD,S3,long,RISK_ON,1,2017-12-07 00:00:00+00:00,2018-02-02 00:00:00+00:00,182.182,193.97,1.6029062881269276,0.008014531440634638,38,EMA_TRAIL,True
NOC,S3,long,RISK_ON,1,2017-12-07 00:00:00+00:00,2017-12-21 00:00:00+00:00,302.98267999999996,304.49,0.4487459919317913,0.0022437299596589568,10,EMA_TRAIL,True
MHK,S3,long,RISK_ON,1,2017-12-07 00:00:00+00:00,2017-12-13 00:00:00+00:00,280.60031999999995,274.8598928571428,-1.0,-0.005,4,SL,False
DVN,S1,long,RISK_ON,1,2017-12-08 00:00:00+00:00,2018-01-30 00:00:00+00:00,38.088049999999996,41.52,1.2181944333153834,0.006090972166576917,34,EMA_TRAIL,True
RHT,S3,long,RISK_ON,1,2017-12-08 00:00:00+00:00,2017-12-20 00:00:00+00:00,125.41529,125.41529,0.2829863294612663,0.0014149316473063315,8,STOP_AFTER_TP1,True
MA,S3,long,RISK_ON,1,2017-12-08 00:00:00+00:00,2017-12-21 00:00:00+00:00,150.03988999999996,150.53,0.4425595964112973,0.0022127979820564863,9,EMA_TRAIL,True
RHI,S3,long,RISK_ON,1,2017-12-08 00:00:00+00:00,2018-02-02 00:00:00+00:00,54.73467999999999,56.24,0.9082599357828818,0.004541299678914409,37,EMA_TRAIL,True
DHR,S3,long,RISK_ON,1,2017-12-08 00:00:00+00:00,2017-12-22 00:00:00+00:00,93.27318,93.46,0.3779813170516926,0.001889906585258463,10,EMA_TRAIL,True
DG,S3,long,RISK_ON,1,2017-12-11 00:00:00+00:00,2018-02-02 00:00:00+00:00,93.44334999999998,99.44,1.5456203634879846,0.007728101817439923,36,EMA_TRAIL,True
ROST,S3,long,RISK_ON,1,2017-12-11 00:00:00+00:00,2018-01-31 00:00:00+00:00,76.83676,82.39,2.1716766057601737,0.010858383028800869,34,EMA_TRAIL,True
APH,S3,long,RISK_ON,1,2017-12-11 00:00:00+00:00,2017-12-22 00:00:00+00:00,89.32923999999998,88.05340714285714,-1.0,-0.005,9,SL,False
VRSN,S3,long,RISK_ON,1,2017-12-11 00:00:00+00:00,2018-01-02 00:00:00+00:00,114.43431999999999,111.6110357142857,-1.0,-0.005,14,SL,False
CNC,S3,long,RISK_ON,1,2017-12-11 00:00:00+00:00,2017-12-15 00:00:00+00:00,99.79969999999999,97.5657142857143,-1.0,-0.005,4,SL,False
IFF,S3,long,RISK_ON,1,2017-12-12 00:00:00+00:00,2017-12-13 00:00:00+00:00,152.41225999999997,150.52624999999998,-1.0,-0.005,1,SL,False
ORLY,S3,long,RISK_ON,1,2017-12-12 00:00:00+00:00,2017-12-15 00:00:00+00:00,247.10685999999998,240.44464285714287,-1.0,-0.005,3,SL,False
ABBV,S3,long,RISK_ON,1,2017-12-12 00:00:00+00:00,2017-12-14 00:00:00+00:00,96.39629999999998,96.39629999999998,0.27378709438591203,0.0013689354719295603,2,STOP_AFTER_TP1,True
CME,S3,long,RISK_ON,1,2017-12-13 00:00:00+00:00,2017-12-20 00:00:00+00:00,151.76161,149.9542857142857,-1.0,-0.005,5,SL,False
HRS,S3,long,RISK_ON,1,2017-12-13 00:00:00+00:00,2018-01-22 00:00:00+00:00,142.08193999999997,143.19,0.7222849896616881,0.0036114249483084407,25,EMA_TRAIL,True
STZ,S3,long,RISK_ON,1,2017-12-13 00:00:00+00:00,2018-01-05 00:00:00+00:00,218.79858,218.79858,1.1157305552543881,0.005578652776271941,15,STOP_AFTER_TP1,True
PEG,S3,long,RISK_ON,1,2017-12-13 00:00:00+00:00,2017-12-19 00:00:00+00:00,52.23217999999999,51.54500357142857,-1.0,-0.005,4,SL,False
AZO,S3,long,RISK_ON,1,2017-12-13 00:00:00+00:00,2018-01-31 00:00:00+00:00,708.9182099999999,765.44,3.2970913756271525,0.01648545687813576,32,EMA_TRAIL,True
RL,S3,long,RISK_ON,1,2017-12-14 00:00:00+00:00,2018-02-02 00:00:00+00:00,96.94684999999998,109.8,5.072518364525972,0.02536259182262986,33,EMA_TRAIL,True
TXN,S2,long,RISK_ON,1,2017-12-14 00:00:00+00:00,2018-01-24 00:00:00+00:00,100.35024999999999,109.7,3.711151692735217,0.018555758463676086,26,EMA_TRAIL,True
ABBV,S3,long,RISK_ON,1,2017-12-14 00:00:00+00:00,2017-12-29 00:00:00+00:00,96.39629999999998,96.71,0.5878496396974742,0.002939248198487371,10,EMA_TRAIL,True
ILMN,S1,long,RISK_ON,1,2017-12-15 00:00:00+00:00,2018-01-31 00:00:00+00:00,216.76655,232.64,0.951446020321232,0.00475723010160616,30,EMA_TRAIL,True
ITW,S3,long,RISK_ON,1,2017-12-18 00:00:00+00:00,2018-02-02 00:00:00+00:00,166.22606,170.38,0.9648785918065272,0.0048243929590326366,31,EMA_TRAIL,True
IFF,S3,long,RISK_ON,1,2017-12-19 00:00:00+00:00,2017-12-21 00:00:00+00:00,154.5544,152.40125,-1.0,-0.005,2,SL,False
XYL,S3,long,RISK_ON,1,2017-12-19 00:00:00+00:00,2018-02-06 00:00:00+00:00,67.92786,71.33,3.334407177237556,0.01667203588618778,32,EMA_TRAIL,True
CI,S3,long,RISK_ON,1,2017-12-19 00:00:00+00:00,2017-12-28 00:00:00+00:00,207.46725999999998,202.31383214285714,-1.0,-0.005,6,SL,False
MMM,S3,long,RISK_ON,1,2017-12-19 00:00:00+00:00,2017-12-21 00:00:00+00:00,238.62838999999997,235.07875,-1.0,-0.005,2,SL,False
JEC,S3,long,RISK_ON,1,2017-12-19 00:00:00+00:00,2017-12-26 00:00:00+00:00,66.45639,65.61258571428571,-1.0,-0.005,4,SL,False
ORLY,S3,long,RISK_ON,1,2017-12-19 00:00:00+00:00,2018-02-01 00:00:00+00:00,243.27302999999998,262.38,3.0723448448369854,0.015361724224184928,29,EMA_TRAIL,True
TSN,S3,long,RISK_ON,1,2017-12-20 00:00:00+00:00,2018-01-03 00:00:00+00:00,81.41132999999999,80.18261785714286,-1.0,-0.005,8,SL,False
MU,S1,long,RISK_ON,1,2017-12-20 00:00:00+00:00,2017-12-26 00:00:00+00:00,45.79575,42.25,-0.7955338372518261,-0.003977669186259131,3,SMA50_BREAK,False
CME,S3,long,RISK_ON,1,2017-12-20 00:00:00+00:00,2017-12-27 00:00:00+00:00,149.58943999999997,146.84967857142857,-1.0,-0.005,4,SL,False
TEL,S3,long,RISK_ON,1,2017-12-21 00:00:00+00:00,2017-12-22 00:00:00+00:00,95.63553999999999,94.91275357142858,-1.0,-0.005,1,SL,False
NTAP,S3,long,RISK_ON,1,2017-12-21 00:00:00+00:00,2017-12-28 00:00:00+00:00,56.266209999999994,55.59267857142857,-1.0,-0.005,4,SL,False
SWK,S3,long,RISK_ON,1,2017-12-21 00:00:00+00:00,2017-12-22 00:00:00+00:00,169.22905999999998,167.29822142857142,-1.0,-0.005,1,SL,False
SWK,S3,long,RISK_ON,1,2017-12-22 00:00:00+00:00,2018-01-24 00:00:00+00:00,167.62745999999999,170.59,2.271697591271643,0.011358487956358214,20,EMA_TRAIL,True
TEL,S3,long,RISK_ON,1,2017-12-22 00:00:00+00:00,2018-02-05 00:00:00+00:00,95.04494999999999,98.72,2.3475235478633785,0.011737617739316893,28,EMA_TRAIL,True
CNC,S3,long,RISK_ON,1,2017-12-22 00:00:00+00:00,2018-01-02 00:00:00+00:00,102.26215999999998,99.83286071428572,-1.0,-0.005,5,SL,False
MHK,S3,long,RISK_ON,1,2017-12-22 00:00:00+00:00,2017-12-28 00:00:00+00:00,276.73645999999997,273.3861035714285,-1.0,-0.005,3,SL,False
TSS,S3,long,RISK_ON,1,2017-12-22 00:00:00+00:00,2018-02-05 00:00:00+00:00,78.87879999999998,84.24,4.328756722556243,0.021643783612781214,28,EMA_TRAIL,True
JEC,S3,long,RISK_ON,1,2017-12-26 00:00:00+00:00,2018-02-02 00:00:00+00:00,66.11604999999999,67.12,1.1421458881462656,0.0057107294407313285,26,SMA50_BREAK,True
GPS,S3,long,RISK_ON,1,2017-12-27 00:00:00+00:00,2018-01-02 00:00:00+00:00,34.52449,33.964642857142856,-1.0,-0.005,3,SL,False
IFF,S3,long,RISK_ON,1,2017-12-27 00:00:00+00:00,2018-01-10 00:00:00+00:00,153.07291999999998,153.07291999999998,0.5642670094361077,0.002821335047180539,9,STOP_AFTER_TP1,True
MNST,S3,long,RISK_ON,1,2017-12-29 00:00:00+00:00,2018-01-10 00:00:00+00:00,63.353289999999994,63.353289999999994,0.4139677592369222,0.002069838796184611,7,STOP_AFTER_TP1,True
MA,S3,long,RISK_ON,1,2017-12-29 00:00:00+00:00,2018-02-05 00:00:00+00:00,151.51136,164.59,8.359920441282558,0.04179960220641279,24,EMA_TRAIL,True
KORS,S3,long,RISK_ON,1,2017-12-29 00:00:00+00:00,2018-01-04 00:00:00+00:00,63.01295,63.01295,0.8304160675441548,0.004152080337720774,3,STOP_AFTER_TP1,True
LKQ,S3,long,RISK_ON,1,2017-12-29 00:00:00+00:00,2018-01-30 00:00:00+00:00,40.71067,40.71067,0.391653296860185,0.001958266484300925,20,STOP_AFTER_TP1,True
COP,S3,long,RISK_ON,1,2018-01-02 00:00:00+00:00,2018-01-30 00:00:00+00:00,55.375319999999995,58.46,2.3102119939817443,0.011551059969908722,19,EMA_TRAIL,True
NWSA,S3,long,RISK_ON,1,2018-01-02 00:00:00+00:00,2018-02-01 00:00:00+00:00,16.44643,16.82,1.0893901386900495,0.005446950693450248,21,EMA_TRAIL,True
CMA,S3,long,RISK_ON,1,2018-01-02 00:00:00+00:00,2018-02-05 00:00:00+00:00,86.65656999999999,90.72,2.5789959744077913,0.012894979872038956,23,EMA_TRAIL,True
FAST,S3,long,RISK_ON,1,2018-01-02 00:00:00+00:00,2018-01-10 00:00:00+00:00,54.594539999999995,54.594539999999995,0.3089774836029478,0.0015448874180147391,6,STOP_AFTER_TP1,True
LB,S3,long,RISK_ON,1,2018-01-02 00:00:00+00:00,2018-01-03 00:00:00+00:00,59.949889999999996,59.106928571428575,-1.0,-0.005,1,SL,False
COF,S3,long,RISK_ON,1,2018-01-02 00:00:00+00:00,2018-02-02 00:00:00+00:00,99.70960999999998,101.57,1.048096832348983,0.005240484161744915,22,EMA_TRAIL,True
LOW,S3,long,RISK_ON,1,2018-01-03 00:00:00+00:00,2018-02-02 00:00:00+00:00,92.11201999999999,101.5,4.215222569036217,0.021076112845181086,21,EMA_TRAIL,True
NFX,S2,long,RISK_ON,1,2018-01-03 00:00:00+00:00,2018-01-30 00:00:00+00:00,33.1331,31.67,-0.6935085776969707,-0.0034675428884848535,18,SMA50_BREAK,False
CFG,S2,long,RISK_ON,1,2018-01-03 00:00:00+00:00,2018-02-06 00:00:00+00:00,43.21317,41.542678571428574,-1.0,-0.005,23,SL,False
SCHW,S3,long,RISK_ON,1,2018-01-03 00:00:00+00:00,2018-01-30 00:00:00+00:00,51.57152,53.2,2.336140149369184,0.01168070074684592,18,EMA_TRAIL,True
PXD,S2,long,RISK_ON,1,2018-01-03 00:00:00+00:00,2018-02-06 00:00:00+00:00,176.51633999999999,169.32089285714284,-1.0,-0.005,23,SL,False
FL,S3,long,RISK_ON,1,2018-01-03 00:00:00+00:00,2018-01-04 00:00:00+00:00,47.91786999999999,46.432607142857144,-1.0,-0.005,1,SL,False
CBOE,S3,long,RISK_ON,1,2018-01-04 00:00:00+00:00,2018-02-05 00:00:00+00:00,124.16403999999999,130.53,1.1790099511337153,0.005895049755668577,21,EMA_TRAIL,True
PAYX,S3,long,RISK_ON,1,2018-01-05 00:00:00+00:00,2018-01-09 00:00:00+00:00,68.77870999999999,67.7917357142857,-1.0,-0.005,2,SL,False
LUV,S3,long,RISK_ON,1,2018-01-05 00:00:00+00:00,2018-01-09 00:00:00+00:00,64.38431999999999,63.43249285714286,-1.0,-0.005,2,SL,False
DFS,S3,long,RISK_ON,1,2018-01-08 00:00:00+00:00,2018-01-19 00:00:00+00:00,77.64756999999999,77.64756999999999,1.6153254362321023,0.008076627181160511,8,STOP_AFTER_TP1,True
FOXA,S3,long,RISK_ON,1,2018-01-08 00:00:00+00:00,2018-01-10 00:00:00+00:00,36.27624,35.53607142857143,-1.0,-0.005,2,SL,False
MOS,S3,long,RISK_ON,1,2018-01-08 00:00:00+00:00,2018-01-10 00:00:00+00:00,26.316289999999995,25.601071428571426,-1.0,-0.005,2,SL,False
RF,S3,long,RISK_ON,1,2018-01-08 00:00:00+00:00,2018-02-05 00:00:00+00:00,17.48747,18.46,2.5270880314608624,0.012635440157304311,19,EMA_TRAIL,True
FL,S3,long,RISK_ON,1,2018-01-09 00:00:00+00:00,2018-02-02 00:00:00+00:00,46.04599999999999,48.38,2.5025855300250353,0.012512927650125176,17,EMA_TRAIL,True
KR,S3,long,RISK_ON,1,2018-01-09 00:00:00+00:00,2018-01-10 00:00:00+00:00,27.797769999999996,27.000392857142856,-1.0,-0.005,1,SL,False
PSX,S3,long,RISK_ON,1,2018-01-09 00:00:00+00:00,2018-01-30 00:00:00+00:00,101.82171999999998,102.28,0.6464337505413095,0.0032321687527065474,14,EMA_TRAIL,True
KORS,S3,long,RISK_ON,1,2018-01-09 00:00:00+00:00,2018-01-16 00:00:00+00:00,63.88381999999999,63.88381999999999,0.6304018877556301,0.0031520094387781504,4,STOP_AFTER_TP1,True
SHW,S3,long,RISK_ON,1,2018-01-10 00:00:00+00:00,2018-01-25 00:00:00+00:00,419.9495299999999,419.9495299999999,0.7033257661879582,0.003516628830939791,10,STOP_AFTER_TP1,True
CF,S3,long,RISK_ON,1,2018-01-10 00:00:00+00:00,2018-01-16 00:00:00+00:00,42.462419999999995,41.27251428571429,-1.0,-0.005,3,SL,False
FOXA,S3,long,RISK_ON,1,2018-01-16 00:00:00+00:00,2018-01-18 00:00:00+00:00,36.32628999999999,36.32628999999999,0.37479131181226394,0.0018739565590613198,2,STOP_AFTER_TP1,True
CBG,S3,long,RISK_ON,1,2018-01-16 00:00:00+00:00,2018-01-24 00:00:00+00:00,44.694649999999996,44.694649999999996,0.6072989634082406,0.003036494817041203,6,STOP_AFTER_TP1,True
M,S3,long,RISK_ON,1,2018-01-16 00:00:00+00:00,2018-01-30 00:00:00+00:00,25.945919999999997,26.25,0.9971054986674752,0.004985527493337376,10,EMA_TRAIL,True
FOX,S3,long,RISK_ON,1,2018-01-16 00:00:00+00:00,2018-01-18 00:00:00+00:00,35.82579,35.82579,0.4872248270843259,0.0024361241354216297,2,STOP_AFTER_TP1,True
NBL,S3,long,RISK_ON,1,2018-01-18 00:00:00+00:00,2018-01-30 00:00:00+00:00,31.661629999999995,31.661629999999995,0.3828579222264419,0.0019142896111322095,8,STOP_AFTER_TP1,True
BF.B,S3,long,RISK_ON,1,2018-01-18 00:00:00+00:00,2018-02-02 00:00:00+00:00,67.71764999999999,67.71764999999999,0.3866987165580549,0.0019334935827902745,11,STOP_AFTER_TP1,True
UNP,S3,long,RISK_ON,1,2018-01-18 00:00:00+00:00,2018-01-24 00:00:00+00:00,140.57043,140.57043,0.27592960515283604,0.0013796480257641803,4,STOP_AFTER_TP1,True
CXO,S3,long,RISK_ON,1,2018-01-18 00:00:00+00:00,2018-01-30 00:00:00+00:00,156.62646999999998,156.62646999999998,0.3847336921137706,0.0019236684605688531,8,STOP_AFTER_TP1,True
NWS,S3,long,RISK_ON,1,2018-01-18 00:00:00+00:00,2018-01-25 00:00:00+00:00,17.417399999999997,17.212500000000002,-1.0,-0.005,5,SL,False
PHM,S3,long,RISK_ON,1,2018-01-18 00:00:00+00:00,2018-01-25 00:00:00+00:00,34.184149999999995,34.184149999999995,0.39945136286922256,0.001997256814346113,5,STOP_AFTER_TP1,True
OXY,S3,long,RISK_ON,1,2018-01-18 00:00:00+00:00,2018-01-30 00:00:00+00:00,75.46539,75.46539,1.1982672998346815,0.005991336499173407,8,STOP_AFTER_TP1,True
HAL,S3,long,RISK_ON,1,2018-01-29 00:00:00+00:00,2018-01-30 00:00:00+00:00,54.85479999999999,53.93931071428571,-1.0,-0.005,1,SL,False
AMP,S3,long,RISK_ON,1,2018-01-29 00:00:00+00:00,2018-01-31 00:00:00+00:00,177.62744999999998,170.59226071428571,-1.0,-0.005,2,SL,False
NWS,S3,long,RISK_ON,1,2018-01-29 00:00:00+00:00,2018-01-31 00:00:00+00:00,17.36735,17.08125,-1.0,-0.005,2,SL,False
BLK,S3,long,RISK_ON,1,2018-01-29 00:00:00+00:00,2018-01-30 00:00:00+00:00,574.9944199999999,568.4005357142858,-1.0,-0.005,1,SL,False
MYL,S3,long,RISK_ON,1,2018-01-29 00:00:00+00:00,2018-01-30 00:00:00+00:00,46.02597999999999,45.14108571428571,-1.0,-0.005,1,SL,False
NSC,S3,long,RISK_ON,1,2018-01-29 00:00:00+00:00,2018-02-02 00:00:00+00:00,151.54138999999998,147.01765357142858,-1.0,-0.005,4,SL,False
NTAP,S3,long,RISK_ON,1,2018-01-29 00:00:00+00:00,2018-01-30 00:00:00+00:00,62.86279999999999,62.063610714285716,-1.0,-0.005,1,SL,False
DE,S3,long,RISK_ON,1,2018-01-29 00:00:00+00:00,2018-01-30 00:00:00+00:00,169.34918,167.19277857142856,-1.0,-0.005,1,SL,False
TXN,S3,long,RISK_ON,1,2018-01-29 00:00:00+00:00,2018-02-02 00:00:00+00:00,112.76265,107.849075,-1.0,-0.005,4,SL,False
EOG,S3,long,RISK_ON,1,2018-01-29 00:00:00+00:00,2018-01-30 00:00:00+00:00,116.69657999999998,115.38071428571429,-1.0,-0.005,1,SL,False
DVA,S3,long,RISK_ON,1,2018-01-29 00:00:00+00:00,2018-01-30 00:00:00+00:00,79.16909,77.81162857142857,-1.0,-0.005,1,SL,False
FAST,S3,long,RISK_ON,1,2018-01-30 00:00:00+00:00,2018-02-01 00:00:00+00:00,55.88582999999999,54.30214285714286,-1.0,-0.005,2,SL,False
DE,S3,long,RISK_ON,1,2018-01-30 00:00:00+00:00,2018-02-01 00:00:00+00:00,168.67850999999996,165.3345642857143,-1.0,-0.005,2,SL,False
MOS,S3,long,RISK_ON,1,2018-01-30 00:00:00+00:00,2018-02-02 00:00:00+00:00,27.21719,26.624642857142856,-1.0,-0.005,3,SL,False
SYF,S3,long,RISK_ON,1,2018-01-30 00:00:00+00:00,2018-02-01 00:00:00+00:00,39.66963,39.06072857142857,-1.0,-0.005,2,SL,False
DFS,S3,long,RISK_ON,1,2018-01-30 00:00:00+00:00,2018-02-02 00:00:00+00:00,79.79972,78.98571428571428,-1.0,-0.005,3,SL,False
WYNN,S1,long,RISK_ON,1,2018-01-30 00:00:00+00:00,2018-01-31 00:00:00+00:00,171.56138999999996,165.59,-0.4501297685122695,-0.0022506488425613476,1,SMA50_BREAK,False
KSS,S3,long,RISK_ON,1,2018-01-30 00:00:00+00:00,2018-01-31 00:00:00+00:00,65.94587999999999,64.40643214285716,-1.0,-0.005,1,SL,False
NTAP,S3,long,RISK_ON,1,2018-01-30 00:00:00+00:00,2018-02-02 00:00:00+00:00,62.37231,60.74950357142857,-1.0,-0.005,3,SL,False
FLR,S3,long,RISK_ON,1,2018-01-30 00:00:00+00:00,2018-02-02 00:00:00+00:00,60.43036999999999,59.44967857142857,-0.5750204423312555,-0.0028751022116562776,3,SL,False
APC,S3,long,RISK_ON,1,2018-01-30 00:00:00+00:00,2018-02-05 00:00:00+00:00,59.809749999999994,58.22531071428571,-1.0,-0.005,4,SL,False
FLIR,S3,long,RISK_ON,1,2018-01-31 00:00:00+00:00,2018-02-02 00:00:00+00:00,51.26121,50.626107142857144,-1.0,-0.005,2,SL,False
HAL,S3,long,RISK_ON,1,2018-01-31 00:00:00+00:00,2018-02-02 00:00:00+00:00,53.753699999999995,52.091275,-1.0,-0.005,2,SL,False
HP,S3,long,RISK_ON,1,2018-01-31 00:00:00+00:00,2018-02-02 00:00:00+00:00,72.10203,70.53428571428572,-1.0,-0.005,2,SL,False
EOG,S3,long,RISK_ON,1,2018-01-31 00:00:00+00:00,2018-02-02 00:00:00+00:00,115.11499999999998,112.84714285714287,-1.0,-0.005,2,SL,False
KSS,S3,long,RISK_ON,1,2018-01-31 00:00:00+00:00,2018-02-02 00:00:00+00:00,64.83476999999999,63.355003571428576,-1.0,-0.005,2,SL,False
BLK,S3,long,RISK_ON,1,2018-01-31 00:00:00+00:00,2018-02-02 00:00:00+00:00,562.3617999999999,553.7780357142857,-1.0,-0.005,2,SL,False
CXO,S3,long,RISK_ON,1,2018-01-31 00:00:00+00:00,2018-02-02 00:00:00+00:00,157.59743999999998,154.49864642857142,-1.0,-0.005,2,SL,False
ISRG,S3,long,RISK_ON,1,2018-02-01 00:00:00+00:00,2018-02-02 00:00:00+00:00,426.34592,417.52145,-1.0,-0.005,1,SL,False
NVDA,S3,long,RISK_ON,1,2018-02-01 00:00:00+00:00,2018-02-02 00:00:00+00:00,240.74049999999997,234.68987142857142,-1.0,-0.005,1,SL,False
ADBE,S3,long,RISK_ON,1,2018-02-01 00:00:00+00:00,2018-02-05 00:00:00+00:00,199.57938,194.6045892857143,-1.0,-0.005,2,SL,False
FOX,S3,long,RISK_ON,1,2018-02-01 00:00:00+00:00,2018-02-05 00:00:00+00:00,36.74671,35.83928928571429,-1.0,-0.005,2,SL,False
AET,S3,long,RISK_ON,1,2018-02-01 00:00:00+00:00,2018-02-02 00:00:00+00:00,187.57738999999998,184.93267857142857,-1.0,-0.005,1,SL,False
FCX,S3,long,RISK_ON,1,2018-02-01 00:00:00+00:00,2018-02-02 00:00:00+00:00,19.46945,18.989607142857142,-1.0,-0.005,1,SL,False
MNST,S3,long,RISK_ON,1,2018-02-01 00:00:00+00:00,2018-02-05 00:00:00+00:00,67.99793,66.40235714285714,-1.0,-0.005,2,SL,False
TGT,S3,long,RISK_ON,1,2018-02-01 00:00:00+00:00,2018-02-02 00:00:00+00:00,75.04496999999999,73.30932142857144,-1.0,-0.005,1,SL,False
TSCO,S5,long,RISK_ON,1,2018-02-01 00:00:00+00:00,2018-02-02 00:00:00+00:00,71.51144,69.3,-1.0,-0.005,1,SL,False
BDX,S3,long,RISK_ON,1,2018-02-01 00:00:00+00:00,2018-02-02 00:00:00+00:00,241.76152,238.24986428571427,-1.0,-0.005,1,SL,False
MRO,S3,long,RISK_ON,1,2018-02-01 00:00:00+00:00,2018-02-02 00:00:00+00:00,18.44843,17.675596428571428,-1.0,-0.005,1,SL,False
AAP,S3,long,RISK_ON,1,2018-02-01 00:00:00+00:00,2018-02-02 00:00:00+00:00,117.40728999999999,114.35285714285715,-1.0,-0.005,1,SL,False
KR,S3,long,RISK_ON,1,2018-02-01 00:00:00+00:00,2018-02-02 00:00:00+00:00,30.240209999999998,29.7078,-1.0,-0.005,1,SL,False
ZTS,S3,long,RISK_ON,1,2018-02-02 00:00:00+00:00,2018-02-05 00:00:00+00:00,76.85677999999999,76.08107142857142,-1.0,-0.005,1,SL,False
RMD,S3,long,RISK_ON,1,2018-02-02 00:00:00+00:00,2018-02-05 00:00:00+00:00,97.06696999999998,95.37785714285714,-1.0,-0.005,1,SL,False
BDX,S3,long,RISK_ON,1,2018-02-02 00:00:00+00:00,2018-02-05 00:00:00+00:00,237.34711,234.70450714285715,-1.0,-0.005,1,SL,False
ANSS,S3,long,RISK_ON,1,2018-02-02 00:00:00+00:00,2018-02-05 00:00:00+00:00,160.45028999999997,158.69600714285713,-1.0,-0.005,1,SL,False
NFLX,S3,long,RISK_ON,1,2018-02-02 00:00:00+00:00,2018-02-05 00:00:00+00:00,267.69743,257.53739285714283,-1.0,-0.005,1,SL,False
ORLY,S1,long,DEFENSIVE,1,2018-02-06 00:00:00+00:00,2018-02-07 00:00:00+00:00,255.15489999999997,252.08,-0.19269610991868644,-0.0009634805495934322,1,SMA50_BREAK,False
ABC,S5,long,DEFENSIVE,1,2018-02-06 00:00:00+00:00,2018-02-07 00:00:00+00:00,91.63154,94.22,0.5517645654453819,0.0027588228272269096,1,EOS,False
ETFC,S1,long,DEFENSIVE,1,2018-02-06 00:00:00+00:00,2018-02-07 00:00:00+00:00,52.33228,51.55,-0.19851748840915534,-0.0009925874420457768,1,EOS,False
DE,S1,long,DEFENSIVE,1,2018-02-06 00:00:00+00:00,2018-02-07 00:00:00+00:00,162.04187999999996,161.44,-0.05490198224724923,-0.00027450991123624617,1,EOS,False
CSCO,S1,long,DEFENSIVE,1,2018-02-06 00:00:00+00:00,2018-02-07 00:00:00+00:00,40.21017,40.34,0.04593264532837278,0.0002296632266418639,1,EOS,False
AZO,S1,long,DEFENSIVE,1,2018-02-06 00:00:00+00:00,2018-02-07 00:00:00+00:00,745.81507,728.33,-0.3666234170885018,-0.0018331170854425092,1,SMA50_BREAK,False
MRO,S1,long,DEFENSIVE,1,2018-02-06 00:00:00+00:00,2018-02-07 00:00:00+00:00,17.24723,16.33,-0.7753947857843307,-0.0038769739289216537,1,SMA50_BREAK,False
WYNN,S1,long,DEFENSIVE,1,2018-02-07 00:00:00+00:00,2018-02-07 00:00:00+00:00,177.49731999999997,177.32,-0.009916893169131953,-4.958446584565977e-05,0,EOS,False
URI,S1,long,DEFENSIVE,1,2018-02-07 00:00:00+00:00,2018-02-07 00:00:00+00:00,173.75358,173.58,-0.015739549358148346,-7.869774679074174e-05,0,EOS,False
ANTM,S1,long,DEFENSIVE,1,2018-02-07 00:00:00+00:00,2018-02-07 00:00:00+00:00,238.67843999999997,238.44,-0.014854908586613693,-7.427454293306847e-05,0,EOS,False
WMT,S1,long,DEFENSIVE,1,2018-02-07 00:00:00+00:00,2018-02-07 00:00:00+00:00,102.95284999999998,102.85,-0.01383480290281867,-6.917401451409335e-05,0,EOS,False
