instrument,model,side,bias,quintile,entry_ts,exit_ts,entry,exit,r,pnl_pct,bars,reason,partial_tp1
TSS,S3,long,RISK_ON,3,2013-08-15 00:00:00+00:00,2013-08-27 00:00:00+00:00,28.138109999999998,27.82,-1.0,-0.005,8,SL,False
STZ,S3,long,RISK_ON,3,2013-08-15 00:00:00+00:00,2013-09-27 00:00:00+00:00,53.66360999999999,56.98,3.7218654706825296,0.018609327353412648,30,EMA_TRAIL,True
SLB,S3,long,RISK_ON,3,2013-08-15 00:00:00+00:00,2013-08-19 00:00:00+00:00,82.07198999999999,80.87214642857143,-1.0,-0.005,2,SL,False
CHK,S3,long,RISK_ON,3,2013-08-15 00:00:00+00:00,2013-09-27 00:00:00+00:00,25.014989999999997,26.21,1.2877302584312664,0.006438651292156332,30,EMA_TRAIL,True
AOS,S3,long,RISK_ON,3,2013-08-15 00:00:00+00:00,2013-08-28 00:00:00+00:00,21.046024999999997,21.046024999999997,0.5125927386930917,0.002562963693465459,9,STOP_AFTER_TP1,True
JEC,S3,long,RISK_ON,3,2013-08-15 00:00:00+00:00,2013-08-20 00:00:00+00:00,61.14107999999999,59.74932142857143,-1.0,-0.005,3,SL,False
MHK,S1,long,DEFENSIVE,3,2013-09-06 00:00:00+00:00,2013-10-07 00:00:00+00:00,121.50137999999998,127.41,0.8390423771098112,0.004195211885549056,21,EMA_TRAIL,True
FCX,S2,long,RISK_ON,3,2013-09-11 00:00:00+00:00,2013-11-27 00:00:00+00:00,32.862829999999995,34.68,0.8435245536913301,0.004217622768456651,55,SMA50_BREAK,False
ADSK,S3,long,RISK_ON,3,2013-09-12 00:00:00+00:00,2013-10-08 00:00:00+00:00,37.91788,40.39,4.460330070655587,0.022301650353277937,18,EMA_TRAIL,True
RE,S3,long,RISK_ON,3,2013-09-12 00:00:00+00:00,2013-10-24 00:00:00+00:00,138.24811,147.87,4.27252667955372,0.0213626333977686,30,EMA_TRAIL,True
DVN,S3,long,RISK_ON,3,2013-09-13 00:00:00+00:00,2013-09-27 00:00:00+00:00,58.448389999999996,58.448389999999996,0.6166437352532305,0.0030832186762661524,10,STOP_AFTER_TP1,True
NUE,S2,long,RISK_ON,3,2013-09-17 00:00:00+00:00,2013-10-09 00:00:00+00:00,49.51946999999999,47.64313214285714,-1.0,-0.005,16,SL,False
APC,S3,long,RISK_ON,3,2013-09-17 00:00:00+00:00,2013-10-08 00:00:00+00:00,93.76366999999999,91.89750000000001,-1.0,-0.005,15,SL,False
SNPS,S2,long,RISK_ON,3,2013-09-18 00:00:00+00:00,2013-10-07 00:00:00+00:00,37.99796,37.0,-0.8505173498005444,-0.004252586749002722,13,SMA50_BREAK,False
MMM,S2,long,RISK_ON,3,2013-09-18 00:00:00+00:00,2013-10-08 00:00:00+00:00,121.41129,117.30316785714285,-1.0,-0.005,14,SL,False
FLS,S3,long,RISK_ON,3,2013-09-23 00:00:00+00:00,2013-09-30 00:00:00+00:00,62.60253999999999,61.293571428571425,-1.0,-0.005,5,SL,False
HES,S3,long,RISK_ON,3,2013-09-23 00:00:00+00:00,2013-09-30 00:00:00+00:00,78.60852999999999,76.85053571428573,-1.0,-0.005,5,SL,False
NOV,S3,long,RISK_ON,3,2013-09-23 00:00:00+00:00,2013-09-30 00:00:00+00:00,78.57849999999999,77.73286071428572,-1.0,-0.005,5,SL,False
MSFT,S3,long,RISK_ON,3,2013-09-23 00:00:00+00:00,2013-09-24 00:00:00+00:00,32.77274,32.21460714285714,-1.0,-0.005,1,SL,False
TSCO,S3,long,RISK_ON,3,2013-09-23 00:00:00+00:00,2013-10-08 00:00:00+00:00,64.98992499999999,65.49,0.7787572542476326,0.003893786271238163,11,EMA_TRAIL,True
ROST,S3,long,RISK_ON,3,2013-09-23 00:00:00+00:00,2013-10-08 00:00:00+00:00,35.870835,35.870835,0.41237957773561856,0.002061897888678093,11,STOP_AFTER_TP1,True
RMD,S3,long,RISK_ON,3,2013-09-23 00:00:00+00:00,2013-10-08 00:00:00+00:00,52.87282,52.87282,0.7069971364654168,0.003534985682327084,11,STOP_AFTER_TP1,True
MRO,S3,long,RISK_ON,3,2013-09-24 00:00:00+00:00,2013-09-25 00:00:00+00:00,35.60556999999999,35.46,-0.2367409809861816,-0.001183704904930908,1,SMA50_BREAK,False
PKI,S3,long,RISK_ON,3,2013-09-24 00:00:00+00:00,2013-10-02 00:00:00+00:00,37.85782,37.32250357142858,-1.0,-0.005,6,SL,False
VRSK,S3,long,RISK_ON,3,2013-09-24 00:00:00+00:00,2013-10-02 00:00:00+00:00,65.58551999999999,64.48332142857143,-1.0,-0.005,6,SL,False
TXN,S3,long,RISK_ON,3,2013-09-24 00:00:00+00:00,2013-09-27 00:00:00+00:00,40.35531499999999,40.012625,-1.0,-0.005,3,SL,False
DG,S3,long,RISK_ON,3,2013-09-25 00:00:00+00:00,2013-09-27 00:00:00+00:00,57.056999999999995,56.57167857142857,-1.0,-0.005,2,SL,False
CSX,S3,long,RISK_ON,3,2013-09-25 00:00:00+00:00,2013-09-30 00:00:00+00:00,25.96594,25.61982142857143,-1.0,-0.005,3,SL,False
UPS,S3,long,RISK_ON,3,2013-09-25 00:00:00+00:00,2013-10-03 00:00:00+00:00,91.091,90.15142857142857,-1.0,-0.005,6,SL,False
NKE,S3,long,RISK_ON,3,2013-09-25 00:00:00+00:00,2013-12-11 00:00:00+00:00,34.49446,38.42,6.842892570495925,0.03421446285247963,54,EMA_TRAIL,True
HON,S3,long,RISK_ON,3,2013-09-26 00:00:00+00:00,2013-09-27 00:00:00+00:00,84.13404999999999,83.16182142857143,-1.0,-0.005,1,SL,False
CTAS,S3,long,RISK_ON,3,2013-09-26 00:00:00+00:00,2013-10-03 00:00:00+00:00,50.930879999999995,50.291964285714286,-1.0,-0.005,5,SL,False
VRSN,S3,long,RISK_ON,3,2013-09-27 00:00:00+00:00,2013-09-30 00:00:00+00:00,51.231179999999995,50.62585714285714,-1.0,-0.005,1,SL,False
MTD,S3,long,RISK_ON,3,2013-09-27 00:00:00+00:00,2013-09-30 00:00:00+00:00,240.43018999999998,237.52267857142857,-1.0,-0.005,1,SL,False
AXP,S3,long,RISK_ON,3,2013-09-27 00:00:00+00:00,2013-09-30 00:00:00+00:00,75.96588999999999,74.93035714285715,-1.0,-0.005,1,SL,False
ECL,S3,long,RISK_ON,3,2013-09-27 00:00:00+00:00,2013-09-30 00:00:00+00:00,98.20810999999999,97.3668607142857,-1.0,-0.005,1,SL,False
HP,S3,long,RISK_ON,3,2013-09-27 00:00:00+00:00,2013-11-07 00:00:00+00:00,69.13906999999999,75.67,4.001277287527575,0.020006386437637875,29,EMA_TRAIL,True
TXN,S3,long,RISK_ON,3,2013-09-27 00:00:00+00:00,2013-09-30 00:00:00+00:00,40.20015999999999,39.79985714285714,-1.0,-0.005,1,SL,False
DGX,S3,long,RISK_ON,3,2013-09-27 00:00:00+00:00,2013-10-10 00:00:00+00:00,61.78171999999999,61.12525357142857,-1.0,-0.005,9,SL,False
VRSN,S3,long,RISK_ON,3,2013-09-30 00:00:00+00:00,2013-10-08 00:00:00+00:00,50.940889999999996,50.22524642857143,-1.0,-0.005,6,SL,False
CRM,S3,long,RISK_ON,3,2013-09-30 00:00:00+00:00,2013-10-08 00:00:00+00:00,51.96190999999999,50.09410714285714,-1.0,-0.005,6,SL,False
KR,S3,long,RISK_ON,3,2013-09-30 00:00:00+00:00,2013-10-04 00:00:00+00:00,20.19017,19.955760714285713,-1.0,-0.005,4,SL,False
V,S3,long,RISK_ON,3,2013-09-30 00:00:00+00:00,2013-10-03 00:00:00+00:00,47.82277499999999,47.122367857142855,-1.0,-0.005,3,SL,False
AMZN,S3,long,RISK_ON,3,2013-09-30 00:00:00+00:00,2013-10-04 00:00:00+00:00,312.95264,312.95264,0.5138406333820796,0.002569203166910398,4,STOP_AFTER_TP1,True
HAS,S3,long,RISK_ON,3,2013-10-01 00:00:00+00:00,2013-10-07 00:00:00+00:00,47.666619,46.63,-0.8410620912021345,-0.004205310456010672,4,SMA50_BREAK,False
PX,S3,long,RISK_ON,3,2013-10-01 00:00:00+00:00,2013-10-08 00:00:00+00:00,120.95082999999998,117.83928571428572,-1.0,-0.005,5,SL,False
AXP,S3,long,RISK_ON,3,2013-10-01 00:00:00+00:00,2013-10-02 00:00:00+00:00,76.00592999999999,74.58,-0.7644853027340367,-0.0038224265136701835,1,SMA50_BREAK,False
EL,S3,long,RISK_ON,3,2013-10-01 00:00:00+00:00,2013-10-03 00:00:00+00:00,70.5705,69.27821428571428,-1.0,-0.005,2,SL,False
ZBH,S3,long,RISK_ON,3,2013-10-01 00:00:00+00:00,2013-10-24 00:00:00+00:00,82.49240999999999,82.49240999999999,0.38851224721597616,0.0019425612360798809,17,STOP_AFTER_TP1,True
AES,S3,long,RISK_ON,3,2013-10-01 00:00:00+00:00,2013-11-05 00:00:00+00:00,13.393379999999999,13.96,1.7912515433393528,0.008956257716696765,25,EMA_TRAIL,True
XRAY,S3,long,RISK_ON,3,2013-10-01 00:00:00+00:00,2013-12-02 00:00:00+00:00,43.663619999999995,47.38,3.244656312003238,0.01622328156001619,43,EMA_TRAIL,True
L,S3,long,RISK_ON,3,2013-10-01 00:00:00+00:00,2013-10-03 00:00:00+00:00,47.207159999999995,46.39267857142857,-1.0,-0.005,2,SL,False
TRV,S3,long,RISK_ON,3,2013-10-01 00:00:00+00:00,2013-10-02 00:00:00+00:00,84.74465999999998,83.84162857142857,-1.0,-0.005,1,SL,False
AME,S3,long,RISK_ON,3,2013-10-01 00:00:00+00:00,2013-10-03 00:00:00+00:00,45.73568999999999,44.730464285714284,-1.0,-0.005,2,SL,False
CB,S3,long,RISK_ON,3,2013-10-01 00:00:00+00:00,2013-10-03 00:00:00+00:00,94.11401999999998,92.36714285714287,-1.0,-0.005,2,SL,False
APA,S3,long,RISK_ON,3,2013-10-01 00:00:00+00:00,2013-10-30 00:00:00+00:00,86.55646999999999,88.93,1.0172985130013665,0.005086492565006833,21,EMA_TRAIL,True
ALL,S3,long,RISK_ON,3,2013-10-02 00:00:00+00:00,2013-11-07 00:00:00+00:00,51.24118999999999,52.94,1.5317120322539324,0.007658560161269662,26,EMA_TRAIL,True
D,S3,long,RISK_ON,3,2013-10-02 00:00:00+00:00,2013-11-26 00:00:00+00:00,62.402339999999995,65.9,1.7909212874178926,0.008954606437089464,39,EMA_TRAIL,True
EXR,S3,long,RISK_ON,3,2013-10-02 00:00:00+00:00,2013-10-03 00:00:00+00:00,46.47642999999999,45.42732142857143,-1.0,-0.005,1,SL,False
NLSN,S3,long,RISK_ON,3,2013-10-02 00:00:00+00:00,2013-10-07 00:00:00+00:00,36.65662,36.14339285714286,-1.0,-0.005,3,SL,False
JCI,S3,long,RISK_ON,3,2013-10-02 00:00:00+00:00,2013-10-08 00:00:00+00:00,36.59155499999999,35.90037142857143,-1.0,-0.005,4,SL,False
ABBV,S3,long,RISK_ON,3,2013-10-02 00:00:00+00:00,2013-10-08 00:00:00+00:00,45.99595,44.52,-0.866961901305479,-0.004334809506527395,4,SMA50_BREAK,False
EXR,S3,long,RISK_ON,3,2013-10-04 00:00:00+00:00,2013-10-29 00:00:00+00:00,46.04599999999999,47.32,1.2064974224297367,0.006032487112148683,17,EMA_TRAIL,True
TRV,S3,long,RISK_ON,3,2013-10-04 00:00:00+00:00,2013-10-08 00:00:00+00:00,84.76468,83.28162857142857,-1.0,-0.005,2,SL,False
NI,S3,long,RISK_ON,3,2013-10-04 00:00:00+00:00,2013-10-09 00:00:00+00:00,30.620589999999996,30.09767857142857,-1.0,-0.005,3,SL,False
GWW,S3,long,RISK_ON,3,2013-10-04 00:00:00+00:00,2013-10-08 00:00:00+00:00,265.14487999999994,259.43321428571426,-1.0,-0.005,2,SL,False
QCOM,S3,long,RISK_ON,3,2013-10-04 00:00:00+00:00,2013-10-07 00:00:00+00:00,68.08801999999999,67.19,-0.47632593122449185,-0.0023816296561224594,1,SMA50_BREAK,False
ETN,S3,long,RISK_ON,3,2013-10-04 00:00:00+00:00,2013-10-08 00:00:00+00:00,69.11904999999999,67.16678571428572,-1.0,-0.005,2,SL,False
AME,S3,long,RISK_ON,3,2013-10-10 00:00:00+00:00,2013-12-11 00:00:00+00:00,45.13509,48.61,1.3900731700338769,0.0069503658501693846,43,EMA_TRAIL,True
AGN,S3,long,RISK_ON,3,2013-10-11 00:00:00+00:00,2013-12-11 00:00:00+00:00,141.85171,160.38,3.028099258234418,0.01514049629117209,42,EMA_TRAIL,True
FIS,S3,long,RISK_ON,3,2013-10-11 00:00:00+00:00,2013-10-15 00:00:00+00:00,46.21617,45.63,-0.4408623870362565,-0.0022043119351812827,2,SMA50_BREAK,False
MSI,S3,long,RISK_ON,3,2013-10-11 00:00:00+00:00,2013-12-11 00:00:00+00:00,60.58052,64.6,2.6443218219977283,0.013221609109988642,42,EMA_TRAIL,True
TRV,S3,long,RISK_ON,3,2013-10-11 00:00:00+00:00,2013-11-12 00:00:00+00:00,84.74465999999998,86.44,0.9332626135327087,0.004666313067663543,22,EMA_TRAIL,True
IT,S3,long,RISK_ON,3,2013-10-11 00:00:00+00:00,2013-10-31 00:00:00+00:00,59.12906999999999,59.12906999999999,0.3700117229236469,0.0018500586146182347,14,STOP_AFTER_TP1,True
PPG,S3,long,RISK_ON,3,2013-10-14 00:00:00+00:00,2013-12-03 00:00:00+00:00,83.14806499999999,90.83,3.8645093081344006,0.019322546540672003,35,EMA_TRAIL,True
ETN,S3,long,RISK_ON,3,2013-10-14 00:00:00+00:00,2013-10-15 00:00:00+00:00,69.01894999999999,67.03214285714286,-1.0,-0.005,1,SL,False
UPS,S3,long,RISK_ON,3,2013-10-14 00:00:00+00:00,2013-12-11 00:00:00+00:00,90.45035999999999,100.87,7.773847247160068,0.038869236235800346,41,EMA_TRAIL,True
GPN,S3,long,RISK_ON,3,2013-10-14 00:00:00+00:00,2013-12-19 00:00:00+00:00,27.772744999999997,30.755,2.1388058266251737,0.010694029133125869,47,EMA_TRAIL,True
JCI,S3,long,RISK_ON,3,2013-10-15 00:00:00+00:00,2013-10-16 00:00:00+00:00,36.7801434,36.32712142857143,-1.0,-0.005,1,SL,False
SNPS,S3,long,RISK_ON,3,2013-10-15 00:00:00+00:00,2013-10-17 00:00:00+00:00,37.44740999999999,37.01378571428572,-1.0,-0.005,2,SL,False
NLSN,S3,long,RISK_ON,3,2013-10-15 00:00:00+00:00,2014-01-09 00:00:00+00:00,36.886849999999995,44.31,18.84315723911481,0.09421578619557405,59,EMA_TRAIL,True
HAS,S1,long,RISK_ON,3,2013-10-18 00:00:00+00:00,2013-12-04 00:00:00+00:00,47.28724,52.07,1.3648508037658493,0.006824254018829246,32,EMA_TRAIL,True
PRGO,S3,long,RISK_ON,3,2013-10-21 00:00:00+00:00,2013-10-23 00:00:00+00:00,131.38125,129.93589285714285,-1.0,-0.005,2,SL,False
PGR,S3,long,RISK_ON,3,2013-10-21 00:00:00+00:00,2013-10-22 00:00:00+00:00,27.18716,26.743392857142858,-1.0,-0.005,1,SL,False
CMCSA,S3,long,RISK_ON,3,2013-10-23 00:00:00+00:00,2013-10-30 00:00:00+00:00,23.503479999999996,23.503479999999996,0.34405914818287126,0.0017202957409143563,5,STOP_AFTER_TP1,True
MCO,S3,long,RISK_ON,3,2013-10-23 00:00:00+00:00,2013-10-25 00:00:00+00:00,72.02194999999999,71.2445,-1.0,-0.005,2,SL,False
L,S3,long,RISK_ON,3,2013-10-23 00:00:00+00:00,2013-11-01 00:00:00+00:00,48.48843999999999,47.99321428571429,-1.0,-0.005,7,SL,False
ABBV,S3,long,RISK_ON,3,2013-10-24 00:00:00+00:00,2013-11-07 00:00:00+00:00,47.97792999999999,47.97792999999999,0.562870658528299,0.002814353292641495,10,STOP_AFTER_TP1,True
ICE,S3,long,RISK_ON,3,2013-10-25 00:00:00+00:00,2013-10-28 00:00:00+00:00,39.2392,38.733689285714284,-1.0,-0.005,1,SL,False
CB,S3,long,RISK_ON,3,2013-10-25 00:00:00+00:00,2013-11-01 00:00:00+00:00,96.23613999999999,95.26439285714287,-1.0,-0.005,5,SL,False
CERN,S3,long,RISK_ON,3,2013-10-28 00:00:00+00:00,2013-12-10 00:00:00+00:00,56.59653999999999,55.855,-0.2589753401721136,-0.001294876700860568,30,SMA50_BREAK,False
BIIB,S2,long,RISK_ON,3,2013-10-28 00:00:00+00:00,2013-11-01 00:00:00+00:00,254.68443,243.9415892857143,-1.0,-0.005,4,SL,False
ICE,S3,long,RISK_ON,3,2013-10-28 00:00:00+00:00,2013-10-30 00:00:00+00:00,38.800762,38.260275,-1.0,-0.005,2,SL,False
PX,S3,long,RISK_ON,3,2013-10-28 00:00:00+00:00,2013-11-01 00:00:00+00:00,124.16403999999999,124.16403999999999,0.41657953503983225,0.002082897675199161,4,STOP_AFTER_TP1,True
PRGO,S3,long,RISK_ON,3,2013-10-29 00:00:00+00:00,2013-10-30 00:00:00+00:00,130.73059999999998,129.24044999999998,-1.0,-0.005,1,SL,False
FIS,S2,long,RISK_ON,3,2013-10-29 00:00:00+00:00,2014-01-24 00:00:00+00:00,49.319269999999996,50.84,0.5492863994584111,0.0027464319972920555,59,SMA50_BREAK,False
LRCX,S3,long,RISK_ON,3,2013-10-30 00:00:00+00:00,2013-11-01 00:00:00+00:00,54.39434,53.28428571428571,-1.0,-0.005,2,SL,False
ZBH,S3,long,RISK_ON,3,2013-10-30 00:00:00+00:00,2013-12-11 00:00:00+00:00,88.30821999999999,90.34,1.1968643697989152,0.005984321848994576,29,EMA_TRAIL,True
AIZ,S3,long,RISK_ON,3,2013-10-30 00:00:00+00:00,2014-01-23 00:00:00+00:00,58.23817999999999,66.08,6.379597143810237,0.03189798571905118,57,EMA_TRAIL,True
DG,S3,long,RISK_ON,3,2013-10-30 00:00:00+00:00,2013-11-01 00:00:00+00:00,58.628569999999996,57.67125,-1.0,-0.005,2,SL,False
AAPL,S3,long,RISK_ON,3,2013-10-31 00:00:00+00:00,2013-12-19 00:00:00+00:00,74.74627159999999,77.7799,1.747923346420523,0.008739616732102615,34,EMA_TRAIL,True
HON,S3,long,RISK_ON,3,2013-10-31 00:00:00+00:00,2013-11-05 00:00:00+00:00,86.81672999999999,85.88982142857142,-1.0,-0.005,3,SL,False
DISCK,S2,long,RISK_ON,3,2013-10-31 00:00:00+00:00,2013-12-05 00:00:00+00:00,82.79270999999999,77.61,-0.8389467820228111,-0.004194733910114056,24,SMA50_BREAK,False
HRL,S3,long,RISK_ON,3,2013-10-31 00:00:00+00:00,2013-11-08 00:00:00+00:00,21.75173,21.427321428571428,-1.0,-0.005,6,SL,False
TAP,S3,long,RISK_ON,3,2013-11-01 00:00:00+00:00,2013-11-07 00:00:00+00:00,54.043989999999994,54.043989999999994,0.4139031174980109,0.0020695155874900545,4,STOP_AFTER_TP1,True
HIG,S3,long,RISK_ON,3,2013-11-01 00:00:00+00:00,2013-11-07 00:00:00+00:00,33.68364999999999,33.22839285714286,-1.0,-0.005,4,SL,False
HSY,S3,long,RISK_ON,3,2013-11-01 00:00:00+00:00,2013-11-07 00:00:00+00:00,99.30920999999998,97.83105357142857,-1.0,-0.005,4,SL,False
WY,S3,long,RISK_ON,3,2013-11-01 00:00:00+00:00,2013-11-05 00:00:00+00:00,30.370339999999995,29.64392857142857,-1.0,-0.005,2,SL,False
BK,S2,long,RISK_ON,3,2013-11-01 00:00:00+00:00,2014-01-10 00:00:00+00:00,32.39236,34.23,2.169867688503282,0.01084933844251641,47,EMA_TRAIL,True
SIG,S3,long,RISK_ON,3,2013-11-01 00:00:00+00:00,2013-11-07 00:00:00+00:00,75.29521999999999,75.29521999999999,0.4515304927103581,0.0022576524635517905,4,STOP_AFTER_TP1,True
SLG,S3,long,RISK_ON,3,2013-11-01 00:00:00+00:00,2013-11-06 00:00:00+00:00,95.76566999999999,93.21926785714285,-1.0,-0.005,3,SL,False
L,S3,long,RISK_ON,3,2013-11-01 00:00:00+00:00,2013-11-07 00:00:00+00:00,48.38834,47.683214285714286,-1.0,-0.005,4,SL,False
DRE,S3,long,RISK_ON,3,2013-11-01 00:00:00+00:00,2013-11-07 00:00:00+00:00,16.54653,16.129017857142856,-1.0,-0.005,4,SL,False
CINF,S3,long,RISK_ON,3,2013-11-01 00:00:00+00:00,2013-12-05 00:00:00+00:00,50.05,51.39,2.169610456304453,0.010848052281522264,23,EMA_TRAIL,True
AXP,S3,long,RISK_ON,3,2013-11-01 00:00:00+00:00,2013-11-07 00:00:00+00:00,82.24215999999998,81.03896428571429,-1.0,-0.005,4,SL,False
SCHW,S3,long,RISK_ON,3,2013-11-01 00:00:00+00:00,2014-01-13 00:00:00+00:00,23.14312,24.83,1.6774227774904182,0.00838711388745209,48,EMA_TRAIL,True
HBAN,S3,long,RISK_ON,3,2013-11-01 00:00:00+00:00,2013-11-05 00:00:00+00:00,8.853845,8.707321428571428,-1.0,-0.005,2,SL,False
SJM,S3,long,RISK_ON,3,2013-11-01 00:00:00+00:00,2013-11-07 00:00:00+00:00,111.12101,109.70803571428571,-1.0,-0.005,4,SL,False
DIS,S3,long,RISK_ON,3,2013-11-04 00:00:00+00:00,2013-11-07 00:00:00+00:00,68.87881,67.93924642857142,-1.0,-0.005,3,SL,False
SHW,S3,long,RISK_ON,3,2013-11-04 00:00:00+00:00,2013-11-07 00:00:00+00:00,186.20602,182.34598214285714,-1.0,-0.005,3,SL,False
AJG,S3,long,RISK_ON,3,2013-11-04 00:00:00+00:00,2013-11-19 00:00:00+00:00,47.327279999999995,47.327279999999995,0.39217572550906377,0.0019608786275453188,11,STOP_AFTER_TP1,True
NDAQ,S3,long,RISK_ON,3,2013-11-04 00:00:00+00:00,2014-01-02 00:00:00+00:00,35.495459999999994,39.2,3.008242282426632,0.01504121141213316,40,EMA_TRAIL,True
AMT,S3,long,RISK_ON,3,2013-11-04 00:00:00+00:00,2013-11-08 00:00:00+00:00,79.079,77.77791428571429,-1.0,-0.005,4,SL,False
CBOE,S3,long,RISK_ON,3,2013-11-04 00:00:00+00:00,2013-12-03 00:00:00+00:00,49.7497,51.27,0.7581883313381816,0.003790941656690908,20,EMA_TRAIL,True
HBAN,S3,long,RISK_ON,3,2013-11-05 00:00:00+00:00,2014-01-24 00:00:00+00:00,8.75875,9.42,3.846446700507638,0.01923223350253819,54,EMA_TRAIL,True
PAYX,S3,long,RISK_ON,3,2013-11-05 00:00:00+00:00,2013-11-13 00:00:00+00:00,41.95190999999999,41.391353571428574,-1.0,-0.005,6,SL,False
PLD,S3,long,RISK_ON,3,2013-11-05 00:00:00+00:00,2013-11-07 00:00:00+00:00,39.949909999999996,39.488392857142856,-1.0,-0.005,2,SL,False
EFX,S3,long,RISK_ON,3,2013-11-05 00:00:00+00:00,2013-11-07 00:00:00+00:00,64.39433,63.81232142857142,-1.0,-0.005,2,SL,False
DFS,S3,long,RISK_ON,3,2013-11-05 00:00:00+00:00,2013-11-12 00:00:00+00:00,51.97192,50.95178571428571,-1.0,-0.005,5,SL,False
MDT,S3,long,RISK_ON,3,2013-11-05 00:00:00+00:00,2013-11-20 00:00:00+00:00,57.15709999999999,57.15709999999999,0.5031543593700416,0.002515771796850208,11,STOP_AFTER_TP1,True
ADP,S3,long,RISK_ON,3,2013-11-05 00:00:00+00:00,2013-12-10 00:00:00+00:00,75.58551,78.51,1.727815437445137,0.008639077187225687,24,EMA_TRAIL,True
WM,S3,long,RISK_ON,3,2013-11-05 00:00:00+00:00,2013-12-03 00:00:00+00:00,43.7437,44.63,1.226642136890163,0.0061332106844508155,19,EMA_TRAIL,True
HON,S3,long,RISK_ON,3,2013-11-05 00:00:00+00:00,2013-12-03 00:00:00+00:00,86.42634,87.07,0.5738975582470551,0.0028694877912352756,19,EMA_TRAIL,True
PFE,S3,long,RISK_ON,3,2013-11-06 00:00:00+00:00,2013-12-03 00:00:00+00:00,31.000969999999995,31.22,0.7831045716045231,0.003915522858022615,18,EMA_TRAIL,True
V,S3,long,RISK_ON,3,2013-11-06 00:00:00+00:00,2013-12-10 00:00:00+00:00,49.804755,49.8575,0.3576949190552423,0.0017884745952762115,23,EMA_TRAIL,True
DISCA,S3,long,RISK_ON,3,2013-11-06 00:00:00+00:00,2013-11-07 00:00:00+00:00,85.73564999999999,84.56900357142857,-1.0,-0.005,1,SL,False
VLO,S3,long,RISK_ON,3,2013-11-06 00:00:00+00:00,2013-11-07 00:00:00+00:00,40.28024,39.61137142857143,-1.0,-0.005,1,SL,False
AVY,S3,long,RISK_ON,3,2013-11-06 00:00:00+00:00,2013-11-07 00:00:00+00:00,47.036989999999996,46.10821428571429,-1.0,-0.005,1,SL,False
EL,S3,long,RISK_ON,3,2013-11-06 00:00:00+00:00,2013-12-04 00:00:00+00:00,71.32124999999999,73.1,0.8500509654205644,0.004250254827102822,19,EMA_TRAIL,True
KMB,S3,long,RISK_ON,3,2013-11-07 00:00:00+00:00,2013-11-08 00:00:00+00:00,107.98787999999999,106.83660714285715,-1.0,-0.005,1,SL,False
VFC,S3,long,RISK_ON,3,2013-11-07 00:00:00+00:00,2014-01-13 00:00:00+00:00,51.7302786,60.23,9.602604454723254,0.04801302227361627,44,EMA_TRAIL,True
AXP,S3,long,RISK_ON,3,2013-11-07 00:00:00+00:00,2013-11-13 00:00:00+00:00,81.00092,80.35944642857143,-1.0,-0.005,4,SL,False
VMC,S3,long,RISK_ON,3,2013-11-07 00:00:00+00:00,2013-12-04 00:00:00+00:00,55.40535,54.299285714285716,-1.0,-0.005,18,SL,False
DHR,S3,long,RISK_ON,3,2013-11-07 00:00:00+00:00,2013-12-03 00:00:00+00:00,71.88180999999999,73.77,3.1864098284805795,0.0159320491424029,17,EMA_TRAIL,True
EFX,S3,long,RISK_ON,3,2013-11-07 00:00:00+00:00,2013-12-11 00:00:00+00:00,63.63356999999999,66.67,4.459046530309644,0.02229523265154822,23,EMA_TRAIL,True
JEC,S3,long,RISK_ON,3,2013-11-07 00:00:00+00:00,2013-11-19 00:00:00+00:00,61.261199999999995,61.261199999999995,0.42209322192158594,0.0021104661096079296,8,STOP_AFTER_TP1,True
HST,S3,long,RISK_ON,3,2013-11-08 00:00:00+00:00,2013-12-02 00:00:00+00:00,18.6186,18.19,-0.603637680576232,-0.00301818840288116,15,SMA50_BREAK,False
CL,S3,long,RISK_ON,3,2013-11-08 00:00:00+00:00,2013-12-03 00:00:00+00:00,64.89482999999998,64.89482999999998,0.30994716916332565,0.0015497358458166283,16,STOP_AFTER_TP1,True
TAP,S3,long,RISK_ON,3,2013-11-08 00:00:00+00:00,2013-12-02 00:00:00+00:00,53.84378999999999,52.55,-0.6933093363536272,-0.0034665466817681363,15,SMA50_BREAK,False
HSY,S3,long,RISK_ON,3,2013-11-08 00:00:00+00:00,2013-11-20 00:00:00+00:00,97.64754999999998,95.39338571428571,-1.0,-0.005,8,SL,False
DISCA,S3,long,RISK_ON,3,2013-11-08 00:00:00+00:00,2013-12-05 00:00:00+00:00,85.44536,83.99,-0.5393219882267909,-0.0026966099411339546,18,SMA50_BREAK,False
SHW,S3,long,RISK_ON,3,2013-11-08 00:00:00+00:00,2013-11-27 00:00:00+00:00,185.69550999999998,183.54,-0.2937136880533142,-0.0014685684402665712,13,SMA50_BREAK,False
AVY,S3,long,RISK_ON,3,2013-11-11 00:00:00+00:00,2014-01-06 00:00:00+00:00,47.34729999999999,49.43,1.2048364153627404,0.006024182076813702,37,EMA_TRAIL,True
CA,S3,long,RISK_ON,3,2013-11-11 00:00:00+00:00,2013-12-11 00:00:00+00:00,32.12209,32.51,0.581546517308168,0.00290773258654084,21,EMA_TRAIL,True
VLO,S3,long,RISK_ON,3,2013-11-11 00:00:00+00:00,2014-01-24 00:00:00+00:00,40.35031,49.04,2.8953147344132892,0.014476573672066447,50,EMA_TRAIL,True
PWR,S3,long,RISK_ON,3,2013-11-11 00:00:00+00:00,2013-11-19 00:00:00+00:00,29.869839999999996,29.332035714285713,-1.0,-0.005,6,SL,False
APA,S3,long,RISK_ON,3,2013-11-11 00:00:00+00:00,2013-11-29 00:00:00+00:00,89.87979,91.49,0.8135138020821493,0.004067569010410747,13,EMA_TRAIL,True
COL,S3,long,RISK_ON,3,2013-11-12 00:00:00+00:00,2013-12-11 00:00:00+00:00,70.42034999999998,71.58,2.0461054615073184,0.010230527307536593,20,EMA_TRAIL,True
ALL,S3,long,RISK_ON,3,2013-11-12 00:00:00+00:00,2013-12-02 00:00:00+00:00,53.43338,53.91,1.255604249599597,0.006278021247997985,13,EMA_TRAIL,True
KMB,S3,long,RISK_ON,3,2013-11-12 00:00:00+00:00,2013-11-15 00:00:00+00:00,108.31820999999998,108.31820999999998,0.6047263931279647,0.003023631965639824,3,STOP_AFTER_TP1,True
QCOM,S3,long,RISK_ON,3,2013-11-12 00:00:00+00:00,2013-12-19 00:00:00+00:00,68.57851,72.43,1.6041607465203183,0.008020803732601592,26,EMA_TRAIL,True
AXP,S3,long,RISK_ON,3,2013-11-13 00:00:00+00:00,2013-12-11 00:00:00+00:00,81.52143999999998,83.9,1.2719703664956568,0.006359851832478284,19,EMA_TRAIL,True
NCLH,S3,long,RISK_ON,3,2013-11-13 00:00:00+00:00,2013-11-20 00:00:00+00:00,32.12209,32.12209,0.43365101716373894,0.0021682550858186946,5,STOP_AFTER_TP1,True
ABBV,S3,long,RISK_ON,3,2013-11-14 00:00:00+00:00,2014-01-02 00:00:00+00:00,48.08803999999999,51.98,2.631224172974953,0.013156120864874766,32,EMA_TRAIL,True
AMT,S3,long,RISK_ON,3,2013-11-14 00:00:00+00:00,2013-11-22 00:00:00+00:00,79.17909999999999,76.66768214285715,-1.0,-0.005,6,SL,False
VNO,S3,long,RISK_ON,3,2013-11-15 00:00:00+00:00,2013-11-20 00:00:00+00:00,90.12002999999999,88.14460714285714,-1.0,-0.005,3,SL,False
XYL,S3,long,RISK_ON,3,2013-11-18 00:00:00+00:00,2013-12-02 00:00:00+00:00,33.97393999999999,33.97393999999999,0.5403887499451745,0.0027019437497258726,9,STOP_AFTER_TP1,True
SRE,S3,long,RISK_ON,3,2013-11-18 00:00:00+00:00,2013-11-22 00:00:00+00:00,91.08098999999999,88.921875,-1.0,-0.005,4,SL,False
TRV,S3,long,RISK_ON,3,2013-11-19 00:00:00+00:00,2013-12-04 00:00:00+00:00,88.17809,88.17809,0.33807133041276116,0.0016903566520638058,10,STOP_AFTER_TP1,True
GM,S3,long,RISK_ON,3,2013-11-19 00:00:00+00:00,2013-11-25 00:00:00+00:00,38.04800999999999,37.47017857142857,-1.0,-0.005,4,SL,False
TXT,S3,long,RISK_ON,3,2013-11-19 00:00:00+00:00,2013-12-11 00:00:00+00:00,30.430399999999995,31.59,4.485676342250129,0.022428381711250646,15,EMA_TRAIL,True
SIG,S3,long,RISK_ON,3,2013-11-19 00:00:00+00:00,2013-12-03 00:00:00+00:00,77.02695,76.06107142857142,-1.0,-0.005,9,SL,False
MAR,S3,long,RISK_ON,3,2013-11-19 00:00:00+00:00,2013-12-04 00:00:00+00:00,46.376329999999996,45.618750000000006,-1.0,-0.005,10,SL,False
FBHS,S3,long,RISK_ON,3,2013-11-19 00:00:00+00:00,2013-12-02 00:00:00+00:00,41.931889999999996,42.42,1.339497564129563,0.0066974878206478156,8,EMA_TRAIL,True
ORCL,S3,long,RISK_ON,3,2013-11-19 00:00:00+00:00,2013-12-10 00:00:00+00:00,34.79476,34.79476,0.2698896832187945,0.0013494484160939725,14,STOP_AFTER_TP1,True
GE,S3,long,RISK_ON,3,2013-11-19 00:00:00+00:00,2013-11-29 00:00:00+00:00,27.057029999999997,26.708928571428572,-1.0,-0.005,7,SL,False
ETN,S3,long,RISK_ON,3,2013-11-19 00:00:00+00:00,2013-12-03 00:00:00+00:00,71.36129,71.36129,0.5380161199370543,0.0026900805996852716,9,STOP_AFTER_TP1,True
IPG,S3,long,RISK_ON,3,2013-11-19 00:00:00+00:00,2013-12-03 00:00:00+00:00,17.04703,17.04703,0.4324150010862524,0.002162075005431262,9,STOP_AFTER_TP1,True
DIS,S3,long,RISK_ON,3,2013-11-19 00:00:00+00:00,2013-12-12 00:00:00+00:00,69.18912,69.18912,0.44912837046929177,0.002245641852346459,16,STOP_AFTER_TP1,True
AJG,S3,long,RISK_ON,3,2013-11-19 00:00:00+00:00,2013-11-26 00:00:00+00:00,47.28724,46.925999999999995,-1.0,-0.005,5,SL,False
HIG,S3,long,RISK_ON,3,2013-11-19 00:00:00+00:00,2013-12-11 00:00:00+00:00,34.76472999999999,35.27,1.3737040427479839,0.006868520213739919,15,EMA_TRAIL,True
JCI,S3,long,RISK_ON,3,2013-11-20 00:00:00+00:00,2013-12-04 00:00:00+00:00,38.9394005,38.9394005,0.579321147494848,0.00289660573747424,9,STOP_AFTER_TP1,True
KMB,S3,long,RISK_ON,3,2013-11-20 00:00:00+00:00,2013-12-03 00:00:00+00:00,107.92781999999998,106.69115714285714,-1.0,-0.005,8,SL,False
MDT,S3,long,RISK_ON,3,2013-11-22 00:00:00+00:00,2013-12-11 00:00:00+00:00,57.657599999999995,56.43696428571428,-1.0,-0.005,12,SL,False
PAYX,S3,long,RISK_ON,3,2013-11-25 00:00:00+00:00,2013-12-02 00:00:00+00:00,43.543499999999995,43.543499999999995,0.2765427611438207,0.0013827138057191035,4,STOP_AFTER_TP1,True
GM,S3,long,RISK_ON,3,2013-11-25 00:00:00+00:00,2014-01-03 00:00:00+00:00,37.58754999999999,39.57,2.88939024254379,0.014446951212718951,26,EMA_TRAIL,True
TIF,S2,long,RISK_ON,3,2013-11-26 00:00:00+00:00,2014-01-10 00:00:00+00:00,88.10801999999998,90.36,0.9810209134345276,0.004905104567172638,30,EMA_TRAIL,True
FITB,S3,long,RISK_ON,3,2013-12-02 00:00:00+00:00,2013-12-03 00:00:00+00:00,20.2202,19.964053571428572,-1.0,-0.005,1,SL,False
AZO,S3,long,RISK_ON,3,2013-12-02 00:00:00+00:00,2013-12-04 00:00:00+00:00,460.07962,455.06687857142856,-1.0,-0.005,2,SL,False
CVS,S3,long,RISK_ON,3,2013-12-02 00:00:00+00:00,2013-12-04 00:00:00+00:00,66.71665,65.85295357142857,-1.0,-0.005,2,SL,False
UTX,S3,long,RISK_ON,3,2013-12-02 00:00:00+00:00,2013-12-03 00:00:00+00:00,110.42030999999999,109.56432142857143,-1.0,-0.005,1,SL,False
BLK,S3,long,RISK_ON,3,2013-12-02 00:00:00+00:00,2013-12-03 00:00:00+00:00,305.30499999999995,299.7950035714286,-1.0,-0.005,1,SL,False
MET,S3,long,RISK_ON,3,2013-12-02 00:00:00+00:00,2013-12-03 00:00:00+00:00,52.262209999999996,51.676071428571426,-1.0,-0.005,1,SL,False
ABT,S3,long,RISK_ON,3,2013-12-02 00:00:00+00:00,2013-12-03 00:00:00+00:00,38.17814,37.76571785714286,-1.0,-0.005,1,SL,False
CLX,S3,long,RISK_ON,3,2013-12-02 00:00:00+00:00,2013-12-17 00:00:00+00:00,92.62253,92.62253,0.5951969991748529,0.0029759849958742647,11,STOP_AFTER_TP1,True
COST,S3,long,RISK_ON,3,2013-12-02 00:00:00+00:00,2013-12-04 00:00:00+00:00,123.81368999999998,122.75070000000001,-1.0,-0.005,2,SL,False
UNM,S3,long,RISK_ON,3,2013-12-02 00:00:00+00:00,2014-01-02 00:00:00+00:00,33.55352,34.33,1.5676079289155966,0.007838039644577983,21,EMA_TRAIL,True
BAC,S3,long,RISK_ON,3,2013-12-03 00:00:00+00:00,2013-12-11 00:00:00+00:00,15.555539999999997,15.25259642857143,-1.0,-0.005,6,SL,False
PG,S3,long,RISK_ON,3,2013-12-03 00:00:00+00:00,2013-12-04 00:00:00+00:00,83.91382999999999,82.67946428571427,-1.0,-0.005,1,SL,False
TROW,S3,long,RISK_ON,3,2013-12-03 00:00:00+00:00,2013-12-04 00:00:00+00:00,79.74967,78.93821428571428,-1.0,-0.005,1,SL,False
M,S3,long,RISK_ON,3,2013-12-03 00:00:00+00:00,2013-12-04 00:00:00+00:00,52.862809999999996,51.65357142857143,-1.0,-0.005,1,SL,False
MET,S3,long,RISK_ON,3,2013-12-03 00:00:00+00:00,2013-12-17 00:00:00+00:00,51.39134,50.60714285714286,-1.0,-0.005,10,SL,False
MAS,S3,long,RISK_ON,3,2013-12-03 00:00:00+00:00,2013-12-04 00:00:00+00:00,21.771749999999997,21.25330357142857,-1.0,-0.005,1,SL,False
CMA,S3,long,RISK_ON,3,2013-12-03 00:00:00+00:00,2013-12-11 00:00:00+00:00,44.994949999999996,44.994949999999996,0.5076817159452879,0.0025384085797264394,6,STOP_AFTER_TP1,True
MAT,S3,long,RISK_ON,3,2013-12-03 00:00:00+00:00,2013-12-04 00:00:00+00:00,45.87582999999999,45.300003571428576,-1.0,-0.005,1,SL,False
ACN,S3,long,RISK_ON,3,2013-12-03 00:00:00+00:00,2013-12-04 00:00:00+00:00,77.16709,75.44703571428572,-1.0,-0.005,1,SL,False
ANDV,S3,long,RISK_ON,3,2013-12-03 00:00:00+00:00,2013-12-04 00:00:00+00:00,57.477419999999995,56.47589285714285,-1.0,-0.005,1,SL,False
FITB,S3,long,RISK_ON,3,2013-12-03 00:00:00+00:00,2014-01-27 00:00:00+00:00,20.009989999999995,21.13,3.0092022876152607,0.015046011438076304,36,EMA_TRAIL,True
YUM,S3,long,RISK_ON,3,2013-12-04 00:00:00+00:00,2013-12-05 00:00:00+00:00,75.73565999999998,74.12027857142857,-1.0,-0.005,1,SL,False
CSX,S3,long,RISK_ON,3,2013-12-04 00:00:00+00:00,2013-12-12 00:00:00+00:00,27.227199999999996,27.28,0.48554299157624975,0.002427714957881249,6,EMA_TRAIL,True
M,S3,long,RISK_ON,3,2013-12-04 00:00:00+00:00,2014-01-24 00:00:00+00:00,52.09203999999999,54.42,1.898273462934006,0.00949136731467003,34,EMA_TRAIL,True
ALB,S3,long,RISK_ON,3,2013-12-04 00:00:00+00:00,2013-12-11 00:00:00+00:00,67.98791999999999,67.98791999999999,0.5512198854603497,0.002756099427301749,5,STOP_AFTER_TP1,True
CMCSA,S3,long,RISK_ON,3,2013-12-04 00:00:00+00:00,2014-01-24 00:00:00+00:00,24.46444,26.2,2.542738688280786,0.01271369344140393,34,EMA_TRAIL,True
TROW,S3,long,RISK_ON,3,2013-12-04 00:00:00+00:00,2013-12-12 00:00:00+00:00,79.62955,78.29035714285715,-1.0,-0.005,6,SL,False
ANDV,S3,long,RISK_ON,3,2013-12-05 00:00:00+00:00,2014-01-13 00:00:00+00:00,55.665609999999994,54.81,-0.4675274696109098,-0.002337637348054549,25,SMA50_BREAK,False
KMX,S3,long,RISK_ON,3,2013-12-05 00:00:00+00:00,2013-12-12 00:00:00+00:00,50.85079999999999,50.85079999999999,0.3413733800860327,0.0017068669004301634,5,STOP_AFTER_TP1,True
CVS,S3,long,RISK_ON,3,2013-12-05 00:00:00+00:00,2014-01-06 00:00:00+00:00,65.93587,69.31,3.1645894056613537,0.01582294702830677,20,EMA_TRAIL,True
TMK,S3,long,RISK_ON,3,2013-12-05 00:00:00+00:00,2013-12-17 00:00:00+00:00,50.42377339999999,50.42377339999999,0.31996430820311345,0.0015998215410155672,8,STOP_AFTER_TP1,True
TRV,S3,long,RISK_ON,3,2013-12-06 00:00:00+00:00,2013-12-11 00:00:00+00:00,89.09900999999999,87.30776785714285,-1.0,-0.005,3,SL,False
WM,S3,long,RISK_ON,3,2013-12-06 00:00:00+00:00,2013-12-11 00:00:00+00:00,44.874829999999996,44.00758928571429,-1.0,-0.005,3,SL,False
JCI,S3,long,RISK_ON,3,2013-12-06 00:00:00+00:00,2014-01-23 00:00:00+00:00,39.56832879999999,42.4398,2.181588431816618,0.01090794215908309,31,EMA_TRAIL,True
NCLH,S3,long,RISK_ON,3,2013-12-06 00:00:00+00:00,2013-12-12 00:00:00+00:00,33.55352,32.634232142857144,-1.0,-0.005,4,SL,False
PFE,S3,long,RISK_ON,3,2013-12-06 00:00:00+00:00,2013-12-11 00:00:00+00:00,31.571539999999995,30.92892857142857,-1.0,-0.005,3,SL,False
HON,S3,long,RISK_ON,3,2013-12-09 00:00:00+00:00,2013-12-11 00:00:00+00:00,87.95787,87.21867857142857,-1.0,-0.005,2,SL,False
ANTM,S3,long,RISK_ON,3,2013-12-09 00:00:00+00:00,2013-12-12 00:00:00+00:00,91.07097999999999,88.61261071428571,-1.0,-0.005,3,SL,False
BLK,S3,long,RISK_ON,3,2013-12-09 00:00:00+00:00,2013-12-11 00:00:00+00:00,303.01270999999997,296.2536071428571,-1.0,-0.005,2,SL,False
KEY,S3,long,RISK_ON,3,2013-12-09 00:00:00+00:00,2013-12-18 00:00:00+00:00,12.89288,12.89288,0.3300055993335438,0.001650027996667719,7,STOP_AFTER_TP1,True
MAT,S3,long,RISK_ON,3,2013-12-09 00:00:00+00:00,2013-12-11 00:00:00+00:00,46.20115499999999,45.785360714285716,-1.0,-0.005,2,SL,False
FL,S3,long,RISK_ON,3,2013-12-09 00:00:00+00:00,2014-01-15 00:00:00+00:00,38.75872,40.18,2.206197166307168,0.01103098583153584,25,EMA_TRAIL,True
ALL,S3,long,RISK_ON,3,2013-12-09 00:00:00+00:00,2013-12-11 00:00:00+00:00,54.164109999999994,53.65300357142858,-1.0,-0.005,2,SL,False
AFL,S3,long,RISK_ON,3,2013-12-09 00:00:00+00:00,2013-12-11 00:00:00+00:00,66.51644999999999,65.72376071428572,-1.0,-0.005,2,SL,False
IPG,S3,long,RISK_ON,3,2013-12-09 00:00:00+00:00,2013-12-11 00:00:00+00:00,17.12711,16.76,-0.753372891393189,-0.003766864456965945,2,SMA50_BREAK,False
PGR,S3,long,RISK_ON,3,2013-12-09 00:00:00+00:00,2013-12-11 00:00:00+00:00,27.537509999999997,26.971610714285713,-1.0,-0.005,2,SL,False
DPS,S3,long,RISK_ON,3,2013-12-10 00:00:00+00:00,2013-12-12 00:00:00+00:00,48.43839,47.871428571428574,-1.0,-0.005,2,SL,False
MAS,S3,long,RISK_ON,3,2013-12-10 00:00:00+00:00,2013-12-11 00:00:00+00:00,21.53151,21.106964285714287,-1.0,-0.005,1,SL,False
ETN,S3,long,RISK_ON,3,2013-12-10 00:00:00+00:00,2013-12-11 00:00:00+00:00,72.16208999999999,71.19251071428572,-1.0,-0.005,1,SL,False
GD,S3,long,RISK_ON,3,2013-12-10 00:00:00+00:00,2013-12-11 00:00:00+00:00,90.64054999999999,89.40778571428571,-1.0,-0.005,1,SL,False
IT,S3,long,RISK_ON,3,2013-12-10 00:00:00+00:00,2013-12-12 00:00:00+00:00,65.89582999999999,65.89582999999999,0.43362181575310954,0.0021681090787655476,2,STOP_AFTER_TP1,True
V,S2,long,RISK_ON,3,2013-12-11 00:00:00+00:00,2014-01-24 00:00:00+00:00,51.46641499999999,55.3125,2.869048373883758,0.01434524186941879,29,EMA_TRAIL,True
TXN,S3,long,RISK_ON,3,2013-12-11 00:00:00+00:00,2013-12-12 00:00:00+00:00,42.85281,42.51607142857143,-1.0,-0.005,1,SL,False
STX,S3,long,RISK_ON,3,2013-12-11 00:00:00+00:00,2014-01-27 00:00:00+00:00,49.619569999999996,58.05,8.205958075775348,0.04102979037887674,30,EMA_TRAIL,True
MDLZ,S3,long,RISK_ON,3,2013-12-11 00:00:00+00:00,2013-12-18 00:00:00+00:00,34.114079999999994,33.675535714285715,-1.0,-0.005,5,SL,False
BLL,S3,long,RISK_ON,3,2013-12-12 00:00:00+00:00,2014-01-13 00:00:00+00:00,24.954929999999997,25.39,1.4186042368994396,0.0070930211844971985,20,EMA_TRAIL,True
SWKS,S3,long,RISK_ON,3,2013-12-12 00:00:00+00:00,2013-12-13 00:00:00+00:00,27.75773,27.330235714285717,-1.0,-0.005,1,SL,False
APH,S3,long,RISK_ON,3,2013-12-12 00:00:00+00:00,2014-01-23 00:00:00+00:00,42.57252999999999,44.245,4.409660409638102,0.02204830204819051,27,EMA_TRAIL,True
AZO,S3,long,RISK_ON,3,2013-12-12 00:00:00+00:00,2014-02-03 00:00:00+00:00,466.36589999999995,483.06,2.563048363864133,0.012815241819320665,34,EMA_TRAIL,True
SHW,S5,long,RISK_ON,3,2013-12-12 00:00:00+00:00,2013-12-13 00:00:00+00:00,179.61943999999997,177.67,-1.0,-0.005,1,SL,False
KMX,S3,long,RISK_ON,3,2013-12-12 00:00:00+00:00,2013-12-20 00:00:00+00:00,51.14109,51.14109,0.5753402954655634,0.002876701477327817,6,STOP_AFTER_TP1,True
SWKS,S3,long,RISK_ON,3,2013-12-16 00:00:00+00:00,2013-12-18 00:00:00+00:00,27.69767,27.69767,0.3980548016026902,0.001990274008013451,2,STOP_AFTER_TP1,True
ZBH,S3,long,RISK_ON,3,2013-12-16 00:00:00+00:00,2014-01-24 00:00:00+00:00,90.4904,93.36,2.324118887575004,0.01162059443787502,26,EMA_TRAIL,True
SWKS,S3,long,RISK_ON,3,2013-12-23 00:00:00+00:00,2014-01-02 00:00:00+00:00,27.887859999999996,27.887859999999996,0.3186647842139137,0.0015933239210695685,6,STOP_AFTER_TP1,True
MDLZ,S3,long,RISK_ON,3,2013-12-24 00:00:00+00:00,2014-01-02 00:00:00+00:00,34.75471999999999,34.75471999999999,0.28200458342495005,0.0014100229171247502,5,STOP_AFTER_TP1,True
ANSS,S3,long,RISK_ON,3,2013-12-26 00:00:00+00:00,2014-01-02 00:00:00+00:00,87.05696999999999,85.93286071428571,-1.0,-0.005,4,SL,False
BAC,S3,long,RISK_ON,3,2013-12-26 00:00:00+00:00,2013-12-30 00:00:00+00:00,15.66565,15.526428571428571,-1.0,-0.005,2,SL,False
KEY,S3,long,RISK_ON,3,2013-12-30 00:00:00+00:00,2014-01-23 00:00:00+00:00,13.393379999999999,13.393379999999999,0.39139204535313266,0.0019569602267656633,16,STOP_AFTER_TP1,True
BAC,S3,long,RISK_ON,3,2013-12-30 00:00:00+00:00,2014-01-24 00:00:00+00:00,15.555539999999997,16.45,5.058861731019118,0.025294308655095594,17,EMA_TRAIL,True
TMK,S3,long,RISK_ON,3,2013-12-30 00:00:00+00:00,2014-01-02 00:00:00+00:00,52.238886699999995,51.658482142857146,-1.0,-0.005,2,SL,False
DG,S3,long,RISK_ON,3,2013-12-31 00:00:00+00:00,2014-01-08 00:00:00+00:00,60.38031999999999,59.48101428571429,-1.0,-0.005,5,SL,False
EQT,S3,long,RISK_ON,3,2013-12-31 00:00:00+00:00,2014-01-02 00:00:00+00:00,89.86977999999999,88.48425,-1.0,-0.005,1,SL,False
TEL,S3,long,RISK_ON,3,2014-01-02 00:00:00+00:00,2014-02-03 00:00:00+00:00,54.50445,55.28,4.973580480345497,0.024867902401727485,21,EMA_TRAIL,True
SYY,S3,long,RISK_ON,3,2014-01-02 00:00:00+00:00,2014-01-24 00:00:00+00:00,35.95592,35.52981785714286,-1.0,-0.005,15,SL,False
MDLZ,S3,long,RISK_ON,3,2014-01-02 00:00:00+00:00,2014-01-06 00:00:00+00:00,34.844809999999995,34.49,-1.0,-0.005,2,SL,False
WY,S3,long,RISK_ON,3,2014-01-02 00:00:00+00:00,2014-01-06 00:00:00+00:00,31.301269999999995,30.917875000000002,-1.0,-0.005,2,SL,False
TMK,S3,long,RISK_ON,3,2014-01-02 00:00:00+00:00,2014-01-23 00:00:00+00:00,51.67161999999999,51.07685,-1.0,-0.005,14,SL,False
EFX,S3,long,RISK_ON,3,2014-01-02 00:00:00+00:00,2014-01-13 00:00:00+00:00,68.51845,67.76744642857143,-1.0,-0.005,7,SL,False
CSX,S3,long,RISK_ON,3,2014-01-02 00:00:00+00:00,2014-01-16 00:00:00+00:00,28.278249999999996,28.278249999999996,0.6419281131909833,0.0032096405659549168,10,STOP_AFTER_TP1,True
MO,S3,long,RISK_ON,3,2014-01-02 00:00:00+00:00,2014-01-06 00:00:00+00:00,37.93789999999999,37.55157142857143,-1.0,-0.005,2,SL,False
CI,S3,long,RISK_ON,3,2014-01-02 00:00:00+00:00,2014-01-24 00:00:00+00:00,86.2862,86.7,1.1914155109630653,0.005957077554815326,15,EMA_TRAIL,True
CA,S3,long,RISK_ON,3,2014-01-02 00:00:00+00:00,2014-01-06 00:00:00+00:00,33.18315,32.78714285714286,-1.0,-0.005,2,SL,False
CAT,S3,long,RISK_ON,3,2014-01-02 00:00:00+00:00,2014-01-06 00:00:00+00:00,89.95987,88.76464642857142,-1.0,-0.005,2,SL,False
USB,S3,long,RISK_ON,3,2014-01-02 00:00:00+00:00,2014-01-23 00:00:00+00:00,39.92988999999999,40.72,1.1388713423709647,0.005694356711854824,14,EMA_TRAIL,True
TSN,S3,long,RISK_ON,3,2014-01-02 00:00:00+00:00,2014-01-29 00:00:00+00:00,33.20317,34.39,3.194396888559873,0.015971984442799365,18,EMA_TRAIL,True
SWKS,S3,long,RISK_ON,3,2014-01-03 00:00:00+00:00,2014-02-03 00:00:00+00:00,27.747719999999997,29.57,1.7692762168834064,0.008846381084417033,20,EMA_TRAIL,True
GD,S3,long,RISK_ON,3,2014-01-03 00:00:00+00:00,2014-01-10 00:00:00+00:00,94.83473999999998,94.83473999999998,0.29480908567044545,0.0014740454283522272,5,STOP_AFTER_TP1,True
MDT,S2,long,RISK_ON,3,2014-01-03 00:00:00+00:00,2014-01-24 00:00:00+00:00,58.39834,57.16,-0.7337003649296786,-0.003668501824648393,14,SMA50_BREAK,False
HON,S3,long,RISK_ON,3,2014-01-06 00:00:00+00:00,2014-01-10 00:00:00+00:00,90.52042999999999,89.80501428571428,-1.0,-0.005,4,SL,False
ROP,S3,long,RISK_ON,3,2014-01-06 00:00:00+00:00,2014-01-13 00:00:00+00:00,137.79765999999998,137.79765999999998,0.4958620402192341,0.0024793102010961703,5,STOP_AFTER_TP1,True
TWX,S3,long,RISK_ON,3,2014-01-06 00:00:00+00:00,2014-01-08 00:00:00+00:00,68.22815999999999,67.22622857142856,-1.0,-0.005,2,SL,False
WY,S3,long,RISK_ON,3,2014-01-06 00:00:00+00:00,2014-01-07 00:00:00+00:00,31.051019999999998,30.555875,-1.0,-0.005,1,SL,False
ABT,S2,long,RISK_ON,3,2014-01-06 00:00:00+00:00,2014-01-22 00:00:00+00:00,39.18914999999999,37.72870357142857,-1.0,-0.005,11,SL,False
PKI,S2,long,RISK_ON,3,2014-01-06 00:00:00+00:00,2014-04-10 00:00:00+00:00,41.73168999999999,44.41,2.012512052371085,0.010062560261855424,66,SMA50_BREAK,False
MDLZ,S3,long,RISK_ON,3,2014-01-07 00:00:00+00:00,2014-01-14 00:00:00+00:00,34.844809999999995,34.844809999999995,0.2698547276109826,0.0013492736380549132,5,STOP_AFTER_TP1,True
QCOM,S3,long,RISK_ON,3,2014-01-07 00:00:00+00:00,2014-01-13 00:00:00+00:00,73.31324,73.31324,0.2851279760676533,0.0014256398803382665,4,STOP_AFTER_TP1,True
CAT,S3,long,RISK_ON,3,2014-01-07 00:00:00+00:00,2014-01-22 00:00:00+00:00,89.01893,89.64,1.0825091121131545,0.005412545560565772,10,EMA_TRAIL,True
DOV,S3,long,RISK_ON,3,2014-01-07 00:00:00+00:00,2014-01-10 00:00:00+00:00,94.85476,93.73044285714286,-1.0,-0.005,3,SL,False
HD,S3,long,RISK_ON,3,2014-01-07 00:00:00+00:00,2014-01-14 00:00:00+00:00,81.58149999999999,80.65014642857143,-1.0,-0.005,5,SL,False
CMI,S3,long,RISK_ON,3,2014-01-08 00:00:00+00:00,2014-01-10 00:00:00+00:00,139.48934999999997,137.86339642857143,-1.0,-0.005,2,SL,False
GS,S3,long,RISK_ON,3,2014-01-08 00:00:00+00:00,2014-01-13 00:00:00+00:00,178.61843999999996,176.17807142857143,-1.0,-0.005,3,SL,False
KORS,S5,long,RISK_ON,3,2014-01-08 00:00:00+00:00,2014-01-09 00:00:00+00:00,77.98790999999999,78.59,0.34644486768591204,0.0017322243384295603,1,SMA50_BREAK,False
NTRS,S3,long,RISK_ON,3,2014-01-09 00:00:00+00:00,2014-01-13 00:00:00+00:00,61.551489999999994,60.82267857142857,-1.0,-0.005,2,SL,False
WY,S3,long,RISK_ON,3,2014-01-09 00:00:00+00:00,2014-01-24 00:00:00+00:00,31.030999999999995,30.358867857142855,-1.0,-0.005,10,SL,False
TAP,S3,long,RISK_ON,3,2014-01-09 00:00:00+00:00,2014-01-21 00:00:00+00:00,55.35529999999999,55.35529999999999,0.6222990018646635,0.0031114950093233174,7,STOP_AFTER_TP1,True
CMI,S3,long,RISK_ON,3,2014-01-10 00:00:00+00:00,2014-01-13 00:00:00+00:00,138.23809999999997,136.89383571428573,-1.0,-0.005,1,SL,False
ADP,S3,long,RISK_ON,3,2014-01-10 00:00:00+00:00,2014-01-13 00:00:00+00:00,80.43034999999999,79.39467857142857,-1.0,-0.005,1,SL,False
RHT,S3,long,RISK_ON,3,2014-01-10 00:00:00+00:00,2014-01-24 00:00:00+00:00,56.866809999999994,56.866809999999994,0.5703665225222836,0.002851832612611418,9,STOP_AFTER_TP1,True
ATVI,S3,long,RISK_ON,3,2014-01-10 00:00:00+00:00,2014-01-13 00:00:00+00:00,18.198179999999997,17.84919285714286,-1.0,-0.005,1,SL,False
JPM,S3,long,RISK_ON,3,2014-01-10 00:00:00+00:00,2014-01-13 00:00:00+00:00,58.548489999999994,57.85426428571428,-1.0,-0.005,1,SL,False
BDX,S3,long,RISK_ON,3,2014-01-13 00:00:00+00:00,2014-01-23 00:00:00+00:00,111.17106,110.17735714285715,-1.0,-0.005,7,SL,False
HST,S3,long,RISK_ON,3,2014-01-13 00:00:00+00:00,2014-01-24 00:00:00+00:00,19.099079999999997,19.099079999999997,0.5814411678070042,0.002907205839035021,8,STOP_AFTER_TP1,True
ROP,S3,long,RISK_ON,3,2014-01-13 00:00:00+00:00,2014-01-24 00:00:00+00:00,138.11798,138.11798,0.5888163348254194,0.002944081674127097,8,STOP_AFTER_TP1,True
HD,S3,long,RISK_ON,3,2014-01-14 00:00:00+00:00,2014-01-21 00:00:00+00:00,81.09101,80.20003571428572,-1.0,-0.005,4,SL,False
NTRS,S3,long,RISK_ON,3,2014-01-14 00:00:00+00:00,2014-01-27 00:00:00+00:00,60.660599999999995,60.660599999999995,0.7236270937796929,0.0036181354688984645,8,STOP_AFTER_TP1,True
ADP,S3,long,RISK_ON,3,2014-01-14 00:00:00+00:00,2014-01-24 00:00:00+00:00,80.02995,78.25110714285715,-1.0,-0.005,7,SL,False
NI,S3,long,RISK_ON,3,2014-01-14 00:00:00+00:00,2014-02-05 00:00:00+00:00,33.35332,33.35332,0.4202399867432187,0.002101199933716094,15,STOP_AFTER_TP1,True
AIG,S3,long,RISK_ON,3,2014-01-14 00:00:00+00:00,2014-01-15 00:00:00+00:00,51.81175999999999,51.00172142857143,-1.0,-0.005,1,SL,False
GS,S3,long,RISK_ON,3,2014-01-14 00:00:00+00:00,2014-01-16 00:00:00+00:00,176.77659999999997,174.66628571428572,-1.0,-0.005,2,SL,False
DG,S3,long,RISK_ON,3,2014-01-15 00:00:00+00:00,2014-01-21 00:00:00+00:00,61.251189999999994,59.69049642857143,-1.0,-0.005,3,SL,False
CMI,S3,long,RISK_ON,3,2014-01-15 00:00:00+00:00,2014-01-22 00:00:00+00:00,137.92779,135.4727642857143,-1.0,-0.005,4,SL,False
AIG,S3,long,RISK_ON,3,2014-01-16 00:00:00+00:00,2014-01-21 00:00:00+00:00,51.5515,50.62354285714286,-1.0,-0.005,2,SL,False
HON,S3,long,RISK_ON,3,2014-01-16 00:00:00+00:00,2014-01-24 00:00:00+00:00,90.14004999999999,89.14075,-1.0,-0.005,5,SL,False
IPG,S3,long,RISK_ON,3,2014-01-16 00:00:00+00:00,2014-01-23 00:00:00+00:00,17.557539999999996,17.323224999999997,-1.0,-0.005,4,SL,False
GD,S3,long,RISK_ON,3,2014-01-16 00:00:00+00:00,2014-01-22 00:00:00+00:00,95.49539999999999,95.49539999999999,0.34637901034569596,0.0017318950517284798,3,STOP_AFTER_TP1,True
LYB,S3,long,RISK_ON,3,2014-01-17 00:00:00+00:00,2014-01-22 00:00:00+00:00,81.4814,80.21607857142858,-1.0,-0.005,2,SL,False
NCLH,S3,long,RISK_ON,3,2014-01-21 00:00:00+00:00,2014-01-24 00:00:00+00:00,36.25621999999999,35.59446428571429,-1.0,-0.005,3,SL,False
MOS,S3,long,RISK_ON,3,2014-01-21 00:00:00+00:00,2014-01-22 00:00:00+00:00,48.36832,47.59096785714286,-1.0,-0.005,1,SL,False
EFX,S3,long,RISK_ON,3,2014-01-23 00:00:00+00:00,2014-01-27 00:00:00+00:00,70.35028,69.1975,-1.0,-0.005,2,SL,False
FLIR,S1,long,RISK_ON,3,2014-02-11 00:00:00+00:00,2014-04-08 00:00:00+00:00,31.161129999999996,34.9,1.8077520980389625,0.009038760490194813,39,EMA_TRAIL,True
DHI,S3,long,RISK_ON,3,2014-02-11 00:00:00+00:00,2014-03-07 00:00:00+00:00,23.353329999999996,23.47,0.4809097023753517,0.0024045485118767587,17,EMA_TRAIL,True
SHW,S1,long,RISK_ON,3,2014-02-12 00:00:00+00:00,2014-03-21 00:00:00+00:00,187.01683,200.41,1.12412643174357,0.00562063215871785,26,EMA_TRAIL,True
FRT,S3,long,RISK_ON,3,2014-02-13 00:00:00+00:00,2014-04-10 00:00:00+00:00,110.87075999999999,112.58,0.9045635866735161,0.00452281793336758,39,EMA_TRAIL,True
VRTX,S3,long,RISK_ON,3,2014-02-14 00:00:00+00:00,2014-02-28 00:00:00+00:00,81.69161,79.45001428571427,-1.0,-0.005,9,SL,False
SRE,S3,long,RISK_ON,3,2014-02-19 00:00:00+00:00,2014-02-26 00:00:00+00:00,92.72262999999998,91.83928571428571,-1.0,-0.005,5,SL,False
VNO,S3,long,RISK_ON,3,2014-02-20 00:00:00+00:00,2014-02-25 00:00:00+00:00,95.12503,93.82119642857143,-1.0,-0.005,3,SL,False
AMGN,S3,long,RISK_ON,3,2014-02-20 00:00:00+00:00,2014-02-26 00:00:00+00:00,123.61348999999998,123.61348999999998,0.47587180256172174,0.002379359012808609,4,STOP_AFTER_TP1,True
ES,S3,long,RISK_ON,3,2014-02-20 00:00:00+00:00,2014-02-27 00:00:00+00:00,44.71467,44.003928571428574,-1.0,-0.005,5,SL,False
SLG,S3,long,RISK_ON,3,2014-02-20 00:00:00+00:00,2014-03-13 00:00:00+00:00,96.89679999999998,97.83,0.7500680918786669,0.003750340459393334,15,EMA_TRAIL,True
CPB,S2,long,RISK_ON,3,2014-02-21 00:00:00+00:00,2014-05-19 00:00:00+00:00,44.023979999999995,44.15,0.06997467984922381,0.0003498733992461191,60,SMA50_BREAK,False
HON,S3,long,RISK_ON,3,2014-02-24 00:00:00+00:00,2014-03-03 00:00:00+00:00,93.85376,93.85376,0.4748980400655203,0.0023744902003276012,5,STOP_AFTER_TP1,True
HRB,S2,long,RISK_ON,3,2014-02-25 00:00:00+00:00,2014-03-07 00:00:00+00:00,32.22219,30.756607142857142,-1.0,-0.005,8,SL,False
CAT,S3,long,RISK_ON,3,2014-02-25 00:00:00+00:00,2014-03-13 00:00:00+00:00,96.50640999999999,95.10597142857142,-1.0,-0.005,12,SL,False
IQV,S3,long,RISK_ON,3,2014-02-25 00:00:00+00:00,2014-03-12 00:00:00+00:00,53.31325999999999,52.02432142857143,-1.0,-0.005,11,SL,False
AEP,S3,long,RISK_ON,3,2014-02-25 00:00:00+00:00,2014-03-06 00:00:00+00:00,50.11006,49.586839285714284,-1.0,-0.005,7,SL,False
PKG,S3,long,RISK_ON,3,2014-02-26 00:00:00+00:00,2014-03-12 00:00:00+00:00,72.00193,72.00193,0.2967656351079988,0.001483828175539994,10,STOP_AFTER_TP1,True
HSY,S3,long,RISK_ON,3,2014-02-27 00:00:00+00:00,2014-03-19 00:00:00+00:00,105.87576999999999,103.76437857142857,-1.0,-0.005,14,SL,False
MAA,S3,long,RISK_ON,3,2014-02-27 00:00:00+00:00,2014-03-07 00:00:00+00:00,67.4674,66.87817857142856,-1.0,-0.005,6,SL,False
ARE,S3,long,RISK_ON,3,2014-02-27 00:00:00+00:00,2014-03-07 00:00:00+00:00,72.60252999999999,72.60252999999999,0.26852264438571016,0.001342613221928551,6,STOP_AFTER_TP1,True
D,S3,long,RISK_ON,3,2014-02-27 00:00:00+00:00,2014-03-03 00:00:00+00:00,69.64957999999999,68.69291428571428,-1.0,-0.005,2,SL,False
VNO,S3,long,RISK_ON,3,2014-02-27 00:00:00+00:00,2014-03-19 00:00:00+00:00,94.88479,96.6,0.9815224564116145,0.004907612282058073,14,EMA_TRAIL,True
ORLY,S3,long,RISK_ON,3,2014-02-27 00:00:00+00:00,2014-03-13 00:00:00+00:00,150.6505,148.23571785714287,-1.0,-0.005,10,SL,False
KMB,S3,long,RISK_ON,3,2014-03-03 00:00:00+00:00,2014-03-27 00:00:00+00:00,109.14904,109.64,0.7340744206991382,0.003670372103495691,18,EMA_TRAIL,True
WEC,S3,long,RISK_ON,3,2014-03-03 00:00:00+00:00,2014-03-07 00:00:00+00:00,43.50346,43.50346,0.6925790372245771,0.003462895186122886,4,STOP_AFTER_TP1,True
O,S3,long,RISK_ON,3,2014-03-03 00:00:00+00:00,2014-03-06 00:00:00+00:00,44.094049999999996,43.39417857142857,-1.0,-0.005,3,SL,False
DTE,S3,long,RISK_ON,3,2014-03-03 00:00:00+00:00,2014-03-06 00:00:00+00:00,70.9709,70.34910714285714,-1.0,-0.005,3,SL,False
LEG,S3,long,RISK_ON,3,2014-03-03 00:00:00+00:00,2014-03-12 00:00:00+00:00,31.741709999999998,31.741709999999998,0.29765815779765165,0.0014882907889882582,7,STOP_AFTER_TP1,True
GGP,S3,long,RISK_ON,3,2014-03-03 00:00:00+00:00,2014-03-20 00:00:00+00:00,22.082059999999995,21.545178571428572,-1.0,-0.005,13,SL,False
EQR,S3,long,RISK_ON,3,2014-03-03 00:00:00+00:00,2014-03-05 00:00:00+00:00,58.57852,58.57852,0.3205162775790985,0.0016025813878954925,2,STOP_AFTER_TP1,True
CERN,S3,long,RISK_ON,3,2014-03-03 00:00:00+00:00,2014-03-12 00:00:00+00:00,60.76069999999999,59.412285714285716,-1.0,-0.005,7,SL,False
SWK,S3,long,RISK_ON,3,2014-03-03 00:00:00+00:00,2014-03-12 00:00:00+00:00,81.83174999999999,80.73415,-1.0,-0.005,7,SL,False
CMI,S3,long,RISK_ON,3,2014-03-03 00:00:00+00:00,2014-03-13 00:00:00+00:00,143.14299999999997,140.54339285714286,-1.0,-0.005,8,SL,False
PEG,S3,long,RISK_ON,3,2014-03-03 00:00:00+00:00,2014-03-05 00:00:00+00:00,36.17614,35.83594285714286,-1.0,-0.005,2,SL,False
AMGN,S3,long,RISK_ON,3,2014-03-03 00:00:00+00:00,2014-03-07 00:00:00+00:00,123.81368999999998,123.81368999999998,0.42941919225260233,0.002147095961263012,4,STOP_AFTER_TP1,True
ES,S3,long,RISK_ON,3,2014-03-04 00:00:00+00:00,2014-03-06 00:00:00+00:00,44.22418,43.581785714285715,-1.0,-0.005,2,SL,False
EQR,S3,long,RISK_ON,3,2014-03-05 00:00:00+00:00,2014-03-07 00:00:00+00:00,58.808749999999996,58.113575,-1.0,-0.005,2,SL,False
PEG,S3,long,RISK_ON,3,2014-03-05 00:00:00+00:00,2014-03-07 00:00:00+00:00,35.84581,35.28594285714286,-1.0,-0.005,2,SL,False
EIX,S3,long,RISK_ON,3,2014-03-05 00:00:00+00:00,2014-03-06 00:00:00+00:00,51.60154999999999,51.06767857142857,-1.0,-0.005,1,SL,False
DHR,S3,long,RISK_ON,3,2014-03-05 00:00:00+00:00,2014-03-11 00:00:00+00:00,76.45637999999998,76.45637999999998,0.3939979939986374,0.001969989969993187,4,STOP_AFTER_TP1,True
PX,S3,long,RISK_ON,3,2014-03-05 00:00:00+00:00,2014-03-26 00:00:00+00:00,129.67955,129.67955,0.854764057272225,0.004273820286361125,15,STOP_AFTER_TP1,True
TEL,S3,long,RISK_ON,3,2014-03-06 00:00:00+00:00,2014-03-11 00:00:00+00:00,58.85879999999999,58.15089285714286,-1.0,-0.005,3,SL,False
BDX,S3,long,RISK_ON,3,2014-03-06 00:00:00+00:00,2014-03-19 00:00:00+00:00,115.27515999999999,115.27515999999999,0.578788919305753,0.0028939445965287655,9,STOP_AFTER_TP1,True
KIM,S3,long,RISK_ON,3,2014-03-06 00:00:00+00:00,2014-03-07 00:00:00+00:00,22.402379999999997,22.121410714285716,-1.0,-0.005,1,SL,False
CTXS,S3,long,RISK_ON,3,2014-03-07 00:00:00+00:00,2014-03-12 00:00:00+00:00,61.05099,59.768967857142854,-1.0,-0.005,3,SL,False
NWSA,S3,long,RISK_ON,3,2014-03-07 00:00:00+00:00,2014-03-11 00:00:00+00:00,17.927909999999997,17.67517857142857,-1.0,-0.005,2,SL,False
EIX,S3,long,RISK_ON,3,2014-03-07 00:00:00+00:00,2014-03-20 00:00:00+00:00,51.471419999999995,51.471419999999995,0.41465238309887964,0.002073261915494398,9,STOP_AFTER_TP1,True
EQR,S3,long,RISK_ON,3,2014-03-07 00:00:00+00:00,2014-03-19 00:00:00+00:00,58.308249999999994,57.15714642857143,-1.0,-0.005,8,SL,False
GRMN,S3,long,RISK_ON,3,2014-03-07 00:00:00+00:00,2014-03-13 00:00:00+00:00,53.66360999999999,52.71786071428572,-1.0,-0.005,4,SL,False
KIM,S3,long,RISK_ON,3,2014-03-07 00:00:00+00:00,2014-03-10 00:00:00+00:00,22.072049999999997,21.707660714285716,-1.0,-0.005,1,SL,False
WEC,S3,long,RISK_ON,3,2014-03-07 00:00:00+00:00,2014-05-06 00:00:00+00:00,43.70365999999999,47.66,3.826750615004146,0.01913375307502073,41,EMA_TRAIL,True
HRL,S3,long,RISK_ON,3,2014-03-07 00:00:00+00:00,2014-03-13 00:00:00+00:00,23.663639999999997,23.303910714285713,-1.0,-0.005,4,SL,False
ABBV,S3,long,RISK_ON,3,2014-03-07 00:00:00+00:00,2014-03-24 00:00:00+00:00,51.51145999999999,51.51145999999999,0.40454683423865556,0.002022734171193278,11,STOP_AFTER_TP1,True
CXO,S3,long,RISK_ON,3,2014-03-10 00:00:00+00:00,2014-03-11 00:00:00+00:00,120.64051999999998,117.6601,-1.0,-0.005,1,SL,False
HIG,S3,long,RISK_ON,3,2014-03-10 00:00:00+00:00,2014-03-12 00:00:00+00:00,35.89586,35.22499642857143,-1.0,-0.005,2,SL,False
XEL,S3,long,RISK_ON,3,2014-03-10 00:00:00+00:00,2014-03-19 00:00:00+00:00,29.779749999999996,29.779749999999996,0.5023639505689872,0.002511819752844936,7,STOP_AFTER_TP1,True
APD,S3,long,RISK_ON,3,2014-03-10 00:00:00+00:00,2014-03-13 00:00:00+00:00,121.22109999999998,119.03785714285715,-1.0,-0.005,3,SL,False
MMM,S3,long,RISK_ON,3,2014-03-10 00:00:00+00:00,2014-03-11 00:00:00+00:00,133.69356,132.26108928571426,-1.0,-0.005,1,SL,False
EBAY,S3,long,RISK_ON,3,2014-03-10 00:00:00+00:00,2014-03-12 00:00:00+00:00,58.27821999999999,57.442864285714286,-1.0,-0.005,2,SL,False
MSI,S3,long,RISK_ON,3,2014-03-10 00:00:00+00:00,2014-03-12 00:00:00+00:00,66.49643,65.75589285714285,-1.0,-0.005,2,SL,False
SCG,S3,long,RISK_ON,3,2014-03-10 00:00:00+00:00,2014-05-02 00:00:00+00:00,48.79874999999999,52.0,2.7197775455207243,0.013598887727603622,38,EMA_TRAIL,True
DHR,S3,long,RISK_ON,3,2014-03-11 00:00:00+00:00,2014-03-12 00:00:00+00:00,76.50643,75.87464285714285,-1.0,-0.005,1,SL,False
CBOE,S3,long,RISK_ON,3,2014-03-11 00:00:00+00:00,2014-03-19 00:00:00+00:00,56.166109999999996,56.166109999999996,0.8193360700541913,0.0040966803502709564,6,STOP_AFTER_TP1,True
CDNS,S3,long,RISK_ON,3,2014-03-11 00:00:00+00:00,2014-03-12 00:00:00+00:00,15.625609999999998,15.37075,-1.0,-0.005,1,SL,False
CXO,S3,long,RISK_ON,3,2014-03-11 00:00:00+00:00,2014-03-12 00:00:00+00:00,117.73761999999999,115.60831428571429,-1.0,-0.005,1,SL,False
KIM,S3,long,RISK_ON,3,2014-03-11 00:00:00+00:00,2014-03-19 00:00:00+00:00,21.93191,21.52357142857143,-1.0,-0.005,6,SL,False
IBM,S3,long,RISK_ON,3,2014-03-11 00:00:00+00:00,2014-03-13 00:00:00+00:00,186.94675999999998,184.74646785714285,-1.0,-0.005,2,SL,False
CHD,S3,long,RISK_ON,3,2014-03-11 00:00:00+00:00,2014-03-12 00:00:00+00:00,34.229195,33.85257142857143,-1.0,-0.005,1,SL,False
ZION,S3,long,RISK_ON,3,2014-03-11 00:00:00+00:00,2014-03-21 00:00:00+00:00,31.501469999999994,31.501469999999994,0.2810679421821141,0.0014053397109105707,8,STOP_AFTER_TP1,True
ROK,S3,long,RISK_ON,3,2014-03-11 00:00:00+00:00,2014-03-13 00:00:00+00:00,122.19206999999997,120.38053571428571,-1.0,-0.005,2,SL,False
ABT,S3,long,RISK_ON,3,2014-03-11 00:00:00+00:00,2014-03-14 00:00:00+00:00,39.74970999999999,39.09439285714285,-1.0,-0.005,3,SL,False
AMGN,S3,long,RISK_ON,3,2014-03-11 00:00:00+00:00,2014-03-21 00:00:00+00:00,124.39426999999998,124.39426999999998,0.28908049812761016,0.001445402490638051,8,STOP_AFTER_TP1,True
SNA,S3,long,RISK_ON,3,2014-03-11 00:00:00+00:00,2014-03-12 00:00:00+00:00,112.71259999999998,111.566575,-1.0,-0.005,1,SL,False
ITW,S3,long,RISK_ON,3,2014-03-11 00:00:00+00:00,2014-03-13 00:00:00+00:00,82.05196999999998,81.23466785714287,-1.0,-0.005,2,SL,False
PPL,S3,long,RISK_ON,3,2014-03-11 00:00:00+00:00,2014-04-11 00:00:00+00:00,31.691659999999995,32.6,1.88823213326171,0.00944116066630855,23,EMA_TRAIL,True
PNC,S3,long,RISK_ON,3,2014-03-11 00:00:00+00:00,2014-04-07 00:00:00+00:00,83.30322,84.82,1.4741089448295472,0.007370544724147736,19,EMA_TRAIL,True
CDNS,S3,long,RISK_ON,3,2014-03-12 00:00:00+00:00,2014-03-14 00:00:00+00:00,15.535519999999998,15.197714285714286,-1.0,-0.005,2,SL,False
PEG,S3,long,RISK_ON,3,2014-03-12 00:00:00+00:00,2014-05-02 00:00:00+00:00,35.82579,38.89,2.3488073850455162,0.011744036925227581,36,EMA_TRAIL,True
AWK,S3,long,RISK_ON,3,2014-03-12 00:00:00+00:00,2014-03-26 00:00:00+00:00,44.31427,44.44,0.3601475452465992,0.001800737726232996,10,EMA_TRAIL,True
RF,S3,long,RISK_ON,3,2014-03-12 00:00:00+00:00,2014-03-27 00:00:00+00:00,10.760749999999998,10.760749999999998,0.4107442876344135,0.0020537214381720677,11,STOP_AFTER_TP1,True
PPG,S3,long,RISK_ON,3,2014-03-12 00:00:00+00:00,2014-03-13 00:00:00+00:00,98.703605,97.35334999999999,-1.0,-0.005,1,SL,False
SNA,S3,long,RISK_ON,3,2014-03-12 00:00:00+00:00,2014-03-13 00:00:00+00:00,112.06195,110.64443214285714,-1.0,-0.005,1,SL,False
CTXS,S3,long,RISK_ON,3,2014-03-12 00:00:00+00:00,2014-03-14 00:00:00+00:00,60.710649999999994,58.929646428571424,-1.0,-0.005,2,SL,False
CXO,S3,long,RISK_ON,3,2014-03-12 00:00:00+00:00,2014-05-12 00:00:00+00:00,116.80668999999999,129.94,2.9080399354127473,0.014540199677063737,42,EMA_TRAIL,True
EBAY,S3,long,RISK_ON,3,2014-03-12 00:00:00+00:00,2014-03-24 00:00:00+00:00,58.03797999999999,56.34357857142857,-1.0,-0.005,8,SL,False
HIG,S3,long,RISK_ON,3,2014-03-12 00:00:00+00:00,2014-03-14 00:00:00+00:00,35.57554,34.692049999999995,-1.0,-0.005,2,SL,False
UNM,S3,long,RISK_ON,3,2014-03-12 00:00:00+00:00,2014-03-14 00:00:00+00:00,35.70567,34.98428571428571,-1.0,-0.005,2,SL,False
PPG,S3,long,RISK_ON,3,2014-03-13 00:00:00+00:00,2014-03-24 00:00:00+00:00,97.55245499999998,96.46933214285714,-1.0,-0.005,7,SL,False
VAR,S3,long,RISK_ON,3,2014-03-13 00:00:00+00:00,2014-03-20 00:00:00+00:00,84.17408999999999,84.17408999999999,0.43112084396170564,0.0021556042198085284,5,STOP_AFTER_TP1,True
MET,S3,long,RISK_ON,3,2014-03-13 00:00:00+00:00,2014-03-27 00:00:00+00:00,51.79174,52.36,1.6429890457049203,0.008214945228524602,10,EMA_TRAIL,True
TAP,S3,long,RISK_ON,3,2014-03-13 00:00:00+00:00,2014-03-20 00:00:00+00:00,57.68763,57.68763,0.553562866298943,0.0027678143314947153,5,STOP_AFTER_TP1,True
USB,S3,long,RISK_ON,3,2014-03-13 00:00:00+00:00,2014-04-07 00:00:00+00:00,41.7417,42.0,1.1536355219352599,0.005768177609676299,17,EMA_TRAIL,True
APD,S3,long,RISK_ON,3,2014-03-13 00:00:00+00:00,2014-03-26 00:00:00+00:00,119.42930999999999,119.42930999999999,0.9154427898230596,0.004577213949115298,9,STOP_AFTER_TP1,True
CMG,S3,long,RISK_ON,3,2014-03-13 00:00:00+00:00,2014-03-25 00:00:00+00:00,580.0794999999999,580.0794999999999,0.7408365155167834,0.003704182577583917,8,STOP_AFTER_TP1,True
GRMN,S3,long,RISK_ON,3,2014-03-13 00:00:00+00:00,2014-04-10 00:00:00+00:00,52.542489999999994,55.23,2.5912640541551766,0.012956320270775883,20,EMA_TRAIL,True
CSX,S3,long,RISK_ON,3,2014-03-14 00:00:00+00:00,2014-03-27 00:00:00+00:00,28.408379999999998,28.408379999999998,0.6761289174515348,0.0033806445872576743,9,STOP_AFTER_TP1,True
CDNS,S3,long,RISK_ON,3,2014-03-14 00:00:00+00:00,2014-03-26 00:00:00+00:00,15.285269999999997,15.285269999999997,0.8849264267602452,0.0044246321338012266,8,STOP_AFTER_TP1,True
BBT,S3,long,RISK_ON,3,2014-03-14 00:00:00+00:00,2014-04-07 00:00:00+00:00,38.508469999999996,39.59,2.8554944372374687,0.014277472186187343,16,EMA_TRAIL,True
PCAR,S3,long,RISK_ON,3,2014-03-14 00:00:00+00:00,2014-04-04 00:00:00+00:00,65.065,65.73,1.148414024081858,0.00574207012040929,15,EMA_TRAIL,True
SNA,S3,long,RISK_ON,3,2014-03-14 00:00:00+00:00,2014-03-24 00:00:00+00:00,111.17106,111.17106,0.5179369057147729,0.0025896845285738644,6,STOP_AFTER_TP1,True
HSIC,S3,long,RISK_ON,3,2014-03-14 00:00:00+00:00,2014-03-21 00:00:00+00:00,59.2592,58.60928928571428,-1.0,-0.005,5,SL,False
HRL,S3,long,RISK_ON,3,2014-03-14 00:00:00+00:00,2014-04-10 00:00:00+00:00,23.588565,23.625,0.3529727685365091,0.0017648638426825455,19,EMA_TRAIL,True
ROK,S3,long,RISK_ON,3,2014-03-17 00:00:00+00:00,2014-04-07 00:00:00+00:00,122.37224999999998,122.37224999999998,0.2776226504351267,0.0013881132521756335,15,STOP_AFTER_TP1,True
UNM,S3,long,RISK_ON,3,2014-03-17 00:00:00+00:00,2014-03-27 00:00:00+00:00,35.11507999999999,34.443749999999994,-1.0,-0.005,8,SL,False
ABT,S3,long,RISK_ON,3,2014-03-17 00:00:00+00:00,2014-03-21 00:00:00+00:00,39.54950999999999,38.59332142857142,-1.0,-0.005,4,SL,False
TEL,S3,long,RISK_ON,3,2014-03-17 00:00:00+00:00,2014-04-07 00:00:00+00:00,58.09803999999999,59.03,0.750675352310448,0.00375337676155224,15,EMA_TRAIL,True
CMI,S3,long,RISK_ON,3,2014-03-17 00:00:00+00:00,2014-04-07 00:00:00+00:00,142.93278999999998,144.69,0.5941442072927118,0.002970721036463559,15,EMA_TRAIL,True
HIG,S3,long,RISK_ON,3,2014-03-17 00:00:00+00:00,2014-03-27 00:00:00+00:00,35.24521,34.268835714285714,-1.0,-0.005,8,SL,False
ANTM,S2,long,RISK_ON,3,2014-03-18 00:00:00+00:00,2014-04-17 00:00:00+00:00,97.80770999999999,92.06082142857143,-1.0,-0.005,22,SL,False
ITW,S3,long,RISK_ON,3,2014-03-18 00:00:00+00:00,2014-03-19 00:00:00+00:00,81.84176,80.25178571428572,-1.0,-0.005,1,SL,False
CHD,S3,long,RISK_ON,3,2014-03-18 00:00:00+00:00,2014-03-19 00:00:00+00:00,34.32429,33.993750000000006,-1.0,-0.005,1,SL,False
PH,S3,long,RISK_ON,3,2014-03-18 00:00:00+00:00,2014-03-19 00:00:00+00:00,119.99987999999998,119.66,-0.09088860076113124,-0.0004544430038056562,1,SMA50_BREAK,False
CERN,S3,long,RISK_ON,3,2014-03-18 00:00:00+00:00,2014-03-21 00:00:00+00:00,60.47040999999999,58.752853571428574,-1.0,-0.005,3,SL,False
MDLZ,S3,long,RISK_ON,3,2014-03-18 00:00:00+00:00,2014-03-24 00:00:00+00:00,34.4345001,33.7935,-1.0,-0.005,4,SL,False
MON,S3,long,RISK_ON,3,2014-03-19 00:00:00+00:00,2014-03-24 00:00:00+00:00,112.98286999999999,112.98286999999999,0.3429431837819748,0.001714715918909874,3,STOP_AFTER_TP1,True
LEG,S3,long,RISK_ON,3,2014-03-19 00:00:00+00:00,2014-03-24 00:00:00+00:00,31.891859999999998,31.891859999999998,0.3729828917330489,0.0018649144586652445,3,STOP_AFTER_TP1,True
VAR,S3,long,RISK_ON,3,2014-03-20 00:00:00+00:00,2014-03-24 00:00:00+00:00,84.33425,83.10736071428572,-1.0,-0.005,2,SL,False
BDX,S3,long,RISK_ON,3,2014-03-20 00:00:00+00:00,2014-03-21 00:00:00+00:00,115.77565999999999,114.57,-0.2757635127819025,-0.0013788175639095125,1,EMA_TRAIL,True
MMM,S3,long,RISK_ON,3,2014-03-20 00:00:00+00:00,2014-04-10 00:00:00+00:00,132.56243,133.97,0.6327827792231383,0.0031639138961156916,15,EMA_TRAIL,True
CBOE,S3,long,RISK_ON,3,2014-03-20 00:00:00+00:00,2014-04-02 00:00:00+00:00,56.71665999999999,55.245203571428576,-1.0,-0.005,9,SL,False
AMP,S3,long,RISK_ON,3,2014-03-24 00:00:00+00:00,2014-03-25 00:00:00+00:00,110.83071999999999,109.41842857142858,-1.0,-0.005,1,SL,False
MON,S3,long,RISK_ON,3,2014-03-24 00:00:00+00:00,2014-03-26 00:00:00+00:00,112.85273999999998,111.90658214285715,-1.0,-0.005,2,SL,False
TAP,S3,long,RISK_ON,3,2014-03-24 00:00:00+00:00,2014-04-10 00:00:00+00:00,57.60754999999999,58.03,1.5374909147783598,0.007687454573891799,13,EMA_TRAIL,True
VNO,S3,long,RISK_ON,3,2014-03-24 00:00:00+00:00,2014-04-10 00:00:00+00:00,97.74765,98.3,0.7309259113248755,0.0036546295566243776,13,EMA_TRAIL,True
CTXS,S3,long,RISK_ON,3,2014-03-24 00:00:00+00:00,2014-03-26 00:00:00+00:00,61.201139999999995,59.64928571428572,-1.0,-0.005,2,SL,False
MSI,S3,long,RISK_ON,3,2014-03-24 00:00:00+00:00,2014-03-26 00:00:00+00:00,66.11604999999999,65.28643214285714,-1.0,-0.005,2,SL,False
WYN,S3,long,RISK_ON,3,2014-03-25 00:00:00+00:00,2014-03-26 00:00:00+00:00,73.00292999999999,71.28328571428571,-1.0,-0.005,1,SL,False
MMC,S3,long,RISK_ON,3,2014-03-25 00:00:00+00:00,2014-03-27 00:00:00+00:00,49.32928,48.78964285714286,-1.0,-0.005,2,SL,False
XEL,S3,long,RISK_ON,3,2014-03-25 00:00:00+00:00,2014-05-02 00:00:00+00:00,30.050019999999996,31.19,1.443128978321329,0.0072156448916066455,27,EMA_TRAIL,True
KIM,S3,long,RISK_ON,3,2014-03-25 00:00:00+00:00,2014-05-20 00:00:00+00:00,21.891869999999997,22.56,1.4463963260814787,0.007231981630407394,39,EMA_TRAIL,True
LEG,S3,long,RISK_ON,3,2014-03-25 00:00:00+00:00,2014-04-07 00:00:00+00:00,31.871839999999995,31.94,0.4653263567353091,0.0023266317836765455,9,EMA_TRAIL,True
PCG,S3,long,RISK_ON,3,2014-03-26 00:00:00+00:00,2014-03-27 00:00:00+00:00,44.324279999999995,43.92400000000001,-1.0,-0.005,1,SL,False
APH,S3,long,RISK_ON,3,2014-03-26 00:00:00+00:00,2014-03-27 00:00:00+00:00,45.78073499999999,45.357910714285715,-1.0,-0.005,1,SL,False
CHD,S3,long,RISK_ON,3,2014-03-26 00:00:00+00:00,2014-04-23 00:00:00+00:00,34.20417,34.20417,0.38864276780736473,0.0019432138390368238,19,STOP_AFTER_TP1,True
NSC,S3,long,RISK_ON,3,2014-03-26 00:00:00+00:00,2014-03-27 00:00:00+00:00,96.13604,95.247075,-1.0,-0.005,1,SL,False
BDX,S3,long,RISK_ON,3,2014-03-27 00:00:00+00:00,2014-04-07 00:00:00+00:00,115.25513999999998,115.25513999999998,0.31501001514049876,0.001575050075702494,7,STOP_AFTER_TP1,True
IVZ,S3,long,RISK_ON,3,2014-03-27 00:00:00+00:00,2014-04-04 00:00:00+00:00,36.166129999999995,36.166129999999995,0.39683526414993603,0.00198417632074968,6,STOP_AFTER_TP1,True
NSC,S3,long,RISK_ON,3,2014-03-27 00:00:00+00:00,2014-04-07 00:00:00+00:00,95.35526,95.88,1.3278374245622109,0.006639187122811054,7,EMA_TRAIL,True
IBM,S3,long,RISK_ON,3,2014-03-28 00:00:00+00:00,2014-04-17 00:00:00+00:00,190.64044999999996,190.64044999999996,0.5242176082009368,0.0026210880410046837,14,STOP_AFTER_TP1,True
APH,S3,long,RISK_ON,3,2014-03-28 00:00:00+00:00,2014-04-07 00:00:00+00:00,45.85581,45.85581,0.33363353373333715,0.0016681676686666857,6,STOP_AFTER_TP1,True
RF,S3,long,RISK_ON,3,2014-03-28 00:00:00+00:00,2014-04-08 00:00:00+00:00,10.960949999999999,10.58607142857143,-1.0,-0.005,7,SL,False
HST,S3,long,RISK_ON,3,2014-03-28 00:00:00+00:00,2014-04-10 00:00:00+00:00,19.95994,20.14,0.5151983755409744,0.002575991877704872,9,EMA_TRAIL,True
CSX,S3,long,RISK_ON,3,2014-03-28 00:00:00+00:00,2014-04-10 00:00:00+00:00,28.608579999999996,27.991789285714283,-1.0,-0.005,9,SL,False
MON,S3,long,RISK_ON,3,2014-03-28 00:00:00+00:00,2014-04-07 00:00:00+00:00,112.43231999999998,112.43231999999998,0.307283313561562,0.0015364165678078102,6,STOP_AFTER_TP1,True
MET,S3,long,RISK_ON,3,2014-03-28 00:00:00+00:00,2014-04-07 00:00:00+00:00,52.612559999999995,51.609925,-1.0,-0.005,6,SL,False
PX,S3,long,RISK_ON,3,2014-03-31 00:00:00+00:00,2014-04-07 00:00:00+00:00,131.10097,127.63241071428573,-1.0,-0.005,5,SL,False
CDNS,S3,long,RISK_ON,3,2014-03-31 00:00:00+00:00,2014-04-04 00:00:00+00:00,15.555539999999997,14.838392857142857,-1.0,-0.005,4,SL,False
MMC,S3,long,RISK_ON,3,2014-04-01 00:00:00+00:00,2014-04-07 00:00:00+00:00,49.549499999999995,48.543392857142855,-1.0,-0.005,4,SL,False
SO,S3,long,RISK_ON,3,2014-04-01 00:00:00+00:00,2014-04-02 00:00:00+00:00,43.543499999999995,43.21410714285714,-1.0,-0.005,1,SL,False
D,S3,long,RISK_ON,3,2014-04-01 00:00:00+00:00,2014-04-07 00:00:00+00:00,70.4704,69.53759285714287,-1.0,-0.005,4,SL,False
CMG,S3,long,RISK_ON,3,2014-04-01 00:00:00+00:00,2014-04-04 00:00:00+00:00,579.5489699999999,557.5849785714286,-1.0,-0.005,3,SL,False
LRCX,S3,long,RISK_ON,3,2014-04-01 00:00:00+00:00,2014-04-07 00:00:00+00:00,55.67561999999999,55.67561999999999,0.30800583484288546,0.0015400291742144274,4,STOP_AFTER_TP1,True
JPM,S3,long,RISK_ON,3,2014-04-02 00:00:00+00:00,2014-04-07 00:00:00+00:00,60.54047999999999,59.651964285714286,-1.0,-0.005,3,SL,False
UNM,S3,long,RISK_ON,3,2014-04-02 00:00:00+00:00,2014-04-04 00:00:00+00:00,35.48545,34.80392857142857,-1.0,-0.005,2,SL,False
MTB,S3,long,RISK_ON,3,2014-04-02 00:00:00+00:00,2014-04-07 00:00:00+00:00,121.36123999999998,119.87935714285715,-1.0,-0.005,3,SL,False
SO,S3,long,RISK_ON,3,2014-04-02 00:00:00+00:00,2014-05-02 00:00:00+00:00,43.33328999999999,44.18,1.9695499552048092,0.009847749776024046,21,EMA_TRAIL,True
BRK.B,S3,long,RISK_ON,3,2014-04-02 00:00:00+00:00,2014-04-07 00:00:00+00:00,124.59446999999999,123.43321428571429,-1.0,-0.005,3,SL,False
FMC,S3,long,RISK_ON,3,2014-04-02 00:00:00+00:00,2014-04-07 00:00:00+00:00,78.41834,75.71203571428572,-1.0,-0.005,3,SL,False
MKC,S3,long,RISK_ON,3,2014-04-03 00:00:00+00:00,2014-04-07 00:00:00+00:00,71.14106999999998,70.12839285714287,-1.0,-0.005,2,SL,False
MOS,S3,long,RISK_ON,3,2014-04-03 00:00:00+00:00,2014-04-07 00:00:00+00:00,49.46942,48.43325,-1.0,-0.005,2,SL,False
TMK,S3,long,RISK_ON,3,2014-04-03 00:00:00+00:00,2014-04-07 00:00:00+00:00,52.84619339999999,52.155275,-1.0,-0.005,2,SL,False
ES,S3,long,RISK_ON,3,2014-04-03 00:00:00+00:00,2014-04-08 00:00:00+00:00,45.01496999999999,45.01496999999999,0.414515012671763,0.002072575063358815,3,STOP_AFTER_TP1,True
SNA,S3,long,RISK_ON,3,2014-04-03 00:00:00+00:00,2014-04-04 00:00:00+00:00,113.91379999999998,112.13482142857143,-1.0,-0.005,1,SL,False
AAPL,S3,long,RISK_ON,3,2014-04-03 00:00:00+00:00,2014-04-04 00:00:00+00:00,77.04686989999999,76.36902857142857,-1.0,-0.005,1,SL,False
ADI,S3,long,RISK_ON,3,2014-04-04 00:00:00+00:00,2014-04-11 00:00:00+00:00,52.972919999999995,52.32821428571429,-1.0,-0.005,5,SL,False
IFF,S3,long,RISK_ON,3,2014-04-04 00:00:00+00:00,2014-04-07 00:00:00+00:00,94.94484999999999,93.8852142857143,-1.0,-0.005,1,SL,False
BK,S3,long,RISK_ON,3,2014-04-04 00:00:00+00:00,2014-04-07 00:00:00+00:00,34.6346,34.22464285714286,-1.0,-0.005,1,SL,False
ALL,S3,long,RISK_ON,3,2014-04-09 00:00:00+00:00,2014-04-11 00:00:00+00:00,56.18613,55.148225,-1.0,-0.005,2,SL,False
GIS,S3,long,RISK_ON,3,2014-04-09 00:00:00+00:00,2014-05-19 00:00:00+00:00,51.32127,52.93,2.414636535264159,0.012073182676320795,27,EMA_TRAIL,True
FAST,S3,long,RISK_ON,3,2014-04-17 00:00:00+00:00,2014-04-25 00:00:00+00:00,50.17011999999999,49.275357142857146,-1.0,-0.005,5,SL,False
AWK,S3,long,RISK_ON,3,2014-04-17 00:00:00+00:00,2014-04-24 00:00:00+00:00,45.715669999999996,45.715669999999996,0.2852302283150643,0.0014261511415753214,4,STOP_AFTER_TP1,True
AEP,S3,long,RISK_ON,3,2014-04-17 00:00:00+00:00,2014-04-22 00:00:00+00:00,51.78172999999999,51.24612142857143,-1.0,-0.005,2,SL,False
CMS,S3,long,RISK_ON,3,2014-04-17 00:00:00+00:00,2014-04-21 00:00:00+00:00,29.809779999999996,29.449017857142856,-1.0,-0.005,1,SL,False
MSFT,S3,long,RISK_ON,3,2014-04-17 00:00:00+00:00,2014-05-06 00:00:00+00:00,40.05000999999999,39.08017857142857,-1.0,-0.005,12,SL,False
BAX,S3,long,RISK_ON,3,2014-04-17 00:00:00+00:00,2014-05-27 00:00:00+00:00,72.88280999999999,74.16,1.729639869500157,0.008648199347500786,26,EMA_TRAIL,True
ES,S3,long,RISK_ON,3,2014-04-17 00:00:00+00:00,2014-04-21 00:00:00+00:00,45.97593,45.48,-1.0,-0.005,1,SL,False
D,S3,long,RISK_ON,3,2014-04-17 00:00:00+00:00,2014-04-24 00:00:00+00:00,70.74067,70.74067,0.34448208076701337,0.001722410403835067,4,STOP_AFTER_TP1,True
ES,S3,long,RISK_ON,3,2014-04-21 00:00:00+00:00,2014-05-02 00:00:00+00:00,45.75570999999999,45.98,0.6305218278063627,0.0031526091390318136,9,EMA_TRAIL,True
ALL,S3,long,RISK_ON,3,2014-04-21 00:00:00+00:00,2014-06-25 00:00:00+00:00,55.82577,58.71,1.887425316461838,0.00943712658230919,46,EMA_TRAIL,True
ADI,S3,long,RISK_ON,3,2014-04-21 00:00:00+00:00,2014-04-25 00:00:00+00:00,52.95289999999999,51.55580357142857,-1.0,-0.005,4,SL,False
DTE,S3,long,RISK_ON,3,2014-04-21 00:00:00+00:00,2014-05-09 00:00:00+00:00,76.25618,76.63,0.680404853638202,0.0034020242681910102,14,EMA_TRAIL,True
CMS,S3,long,RISK_ON,3,2014-04-21 00:00:00+00:00,2014-05-02 00:00:00+00:00,29.699669999999998,29.699669999999998,0.37041988712203855,0.0018520994356101927,9,STOP_AFTER_TP1,True
DE,S3,long,RISK_ON,3,2014-04-21 00:00:00+00:00,2014-05-05 00:00:00+00:00,93.21311999999999,92.07849285714286,-1.0,-0.005,10,SL,False
MTB,S3,long,RISK_ON,3,2014-04-21 00:00:00+00:00,2014-04-28 00:00:00+00:00,121.29117,121.29117,0.4032340252847056,0.002016170126423528,5,STOP_AFTER_TP1,True
MKC,S3,long,RISK_ON,3,2014-04-21 00:00:00+00:00,2014-04-30 00:00:00+00:00,70.99091999999999,70.99091999999999,0.3589787812432358,0.001794893906216179,7,STOP_AFTER_TP1,True
VTR,S3,long,RISK_ON,3,2014-04-22 00:00:00+00:00,2014-05-21 00:00:00+00:00,64.5645,66.32,1.3879826339186614,0.006939913169593307,21,EMA_TRAIL,True
ADM,S3,long,RISK_ON,3,2014-04-22 00:00:00+00:00,2014-04-28 00:00:00+00:00,44.65460999999999,44.19267857142857,-1.0,-0.005,4,SL,False
AEP,S3,long,RISK_ON,3,2014-04-22 00:00:00+00:00,2014-05-09 00:00:00+00:00,51.721669999999996,52.32,0.7938792570784822,0.003969396285392411,13,EMA_TRAIL,True
ETR,S3,long,RISK_ON,3,2014-04-23 00:00:00+00:00,2014-07-02 00:00:00+00:00,71.09101999999999,78.66,4.3985143426780855,0.02199257171339043,49,EMA_TRAIL,True
MAC,S3,long,RISK_ON,3,2014-04-24 00:00:00+00:00,2014-05-22 00:00:00+00:00,64.32426,65.04,1.0977445853494525,0.005488722926747263,20,EMA_TRAIL,True
LEG,S2,long,RISK_ON,3,2014-04-24 00:00:00+00:00,2014-04-25 00:00:00+00:00,33.77374,32.59271785714285,-1.0,-0.005,1,SL,False
CSCO,S3,long,RISK_ON,3,2014-04-25 00:00:00+00:00,2014-05-06 00:00:00+00:00,23.022999999999996,22.658925,-1.0,-0.005,7,SL,False
GGP,S3,long,RISK_ON,3,2014-04-25 00:00:00+00:00,2014-04-30 00:00:00+00:00,22.702679999999997,22.702679999999997,0.3432425680739542,0.0017162128403697711,3,STOP_AFTER_TP1,True
CHD,S3,long,RISK_ON,3,2014-04-25 00:00:00+00:00,2014-04-30 00:00:00+00:00,34.389354999999995,34.389354999999995,0.34378456613114705,0.0017189228306557353,3,STOP_AFTER_TP1,True
DVN,S3,long,RISK_ON,3,2014-04-28 00:00:00+00:00,2014-05-09 00:00:00+00:00,70.35028,70.35028,0.5374314886714026,0.002687157443357013,9,STOP_AFTER_TP1,True
ZBH,S1,long,RISK_ON,3,2014-04-28 00:00:00+00:00,2014-07-14 00:00:00+00:00,98.54844999999999,103.26,0.5675677303554897,0.0028378386517774485,53,SMA50_BREAK,False
AWK,S3,long,RISK_ON,3,2014-04-29 00:00:00+00:00,2014-04-30 00:00:00+00:00,45.93588999999999,45.55963571428572,-1.0,-0.005,1,SL,False
MTB,S3,long,RISK_ON,3,2014-04-29 00:00:00+00:00,2014-05-06 00:00:00+00:00,121.73160999999999,119.89842857142858,-1.0,-0.005,5,SL,False
UTX,S3,long,RISK_ON,3,2014-04-29 00:00:00+00:00,2014-05-05 00:00:00+00:00,117.67755999999999,115.52618928571428,-1.0,-0.005,4,SL,False
PPL,S3,long,RISK_ON,3,2014-04-29 00:00:00+00:00,2014-05-01 00:00:00+00:00,33.48345,33.48345,0.31071778005681866,0.0015535889002840934,2,STOP_AFTER_TP1,True
BLL,S3,long,RISK_ON,3,2014-04-29 00:00:00+00:00,2014-05-02 00:00:00+00:00,28.073044999999997,28.073044999999997,0.3874977736672667,0.0019374888683363334,3,STOP_AFTER_TP1,True
AMT,S3,long,RISK_ON,3,2014-04-29 00:00:00+00:00,2014-06-12 00:00:00+00:00,83.08299999999998,88.24,5.0303513129326785,0.025151756564663393,31,EMA_TRAIL,True
SLB,S3,long,RISK_ON,3,2014-04-30 00:00:00+00:00,2014-05-09 00:00:00+00:00,101.65154999999999,100.00028571428571,-1.0,-0.005,7,SL,False
FAST,S3,long,RISK_ON,3,2014-04-30 00:00:00+00:00,2014-05-05 00:00:00+00:00,50.13007999999999,48.72,-0.860512477158918,-0.00430256238579459,3,SMA50_BREAK,False
PEP,S3,long,RISK_ON,3,2014-05-01 00:00:00+00:00,2014-05-15 00:00:00+00:00,85.65556999999998,85.74,0.41042435386826326,0.0020521217693413164,10,EMA_TRAIL,True
MKC,S3,long,RISK_ON,3,2014-05-01 00:00:00+00:00,2014-05-20 00:00:00+00:00,71.29122,70.13032142857143,-1.0,-0.005,13,SL,False
INTC,S3,long,RISK_ON,3,2014-05-01 00:00:00+00:00,2014-05-05 00:00:00+00:00,26.476449999999996,26.0175,-1.0,-0.005,2,SL,False
CL,S3,long,RISK_ON,3,2014-05-01 00:00:00+00:00,2014-05-20 00:00:00+00:00,67.07701,67.07701,0.3000056211810052,0.001500028105905026,13,STOP_AFTER_TP1,True
RSG,S3,long,RISK_ON,3,2014-05-02 00:00:00+00:00,2014-05-05 00:00:00+00:00,34.95492,34.59511071428572,-1.0,-0.005,1,SL,False
APA,S3,long,RISK_ON,3,2014-05-02 00:00:00+00:00,2014-07-11 00:00:00+00:00,87.04695999999998,97.4,5.874283100686716,0.02937141550343358,48,EMA_TRAIL,True
CVX,S3,long,RISK_ON,3,2014-05-02 00:00:00+00:00,2014-05-20 00:00:00+00:00,124.84471999999998,122.84270357142857,-1.0,-0.005,12,SL,False
KO,S3,long,RISK_ON,3,2014-05-05 00:00:00+00:00,2014-06-13 00:00:00+00:00,40.80076,40.28892857142857,-1.0,-0.005,28,SL,False
MCD,S3,long,RISK_ON,3,2014-05-05 00:00:00+00:00,2014-05-20 00:00:00+00:00,101.24113999999999,101.53,0.4457808710798967,0.0022289043553994836,11,EMA_TRAIL,True
ED,S3,long,RISK_ON,3,2014-05-05 00:00:00+00:00,2014-05-12 00:00:00+00:00,57.08702999999999,55.903214285714284,-1.0,-0.005,5,SL,False
RE,S3,long,RISK_ON,3,2014-05-05 00:00:00+00:00,2014-05-14 00:00:00+00:00,159.0589,157.07142857142858,-1.0,-0.005,7,SL,False
DE,S3,long,RISK_ON,3,2014-05-05 00:00:00+00:00,2014-05-14 00:00:00+00:00,92.78268999999999,92.78268999999999,0.48306833088662837,0.002415341654433142,7,STOP_AFTER_TP1,True
DUK,S3,long,RISK_ON,3,2014-05-05 00:00:00+00:00,2014-05-09 00:00:00+00:00,73.59351999999998,71.96715714285715,-1.0,-0.005,4,SL,False
NOV,S3,long,RISK_ON,3,2014-05-05 00:00:00+00:00,2014-06-02 00:00:00+00:00,79.95987999999998,77.89282142857142,-1.0,-0.005,19,SL,False
MRO,S3,long,RISK_ON,3,2014-05-05 00:00:00+00:00,2014-05-07 00:00:00+00:00,36.48645,35.99214285714286,-1.0,-0.005,2,SL,False
MDLZ,S3,long,RISK_ON,3,2014-05-06 00:00:00+00:00,2014-06-12 00:00:00+00:00,35.255219999999994,37.31,5.271765477126013,0.026358827385630064,26,EMA_TRAIL,True
COTY,S3,long,RISK_ON,3,2014-05-06 00:00:00+00:00,2014-05-13 00:00:00+00:00,15.845829999999998,15.635214285714286,-1.0,-0.005,5,SL,False
RHI,S3,long,RISK_ON,3,2014-05-06 00:00:00+00:00,2014-05-09 00:00:00+00:00,44.16411999999999,44.16411999999999,0.37209151434857174,0.0018604575717428588,3,STOP_AFTER_TP1,True
MPC,S3,long,RISK_ON,3,2014-05-08 00:00:00+00:00,2014-05-09 00:00:00+00:00,46.441395,45.47405357142857,-1.0,-0.005,1,SL,False
XOM,S3,long,RISK_ON,3,2014-05-08 00:00:00+00:00,2014-05-09 00:00:00+00:00,102.42231999999998,101.617175,-1.0,-0.005,1,SL,False
RSG,S3,long,RISK_ON,3,2014-05-08 00:00:00+00:00,2014-05-14 00:00:00+00:00,35.09506,35.09506,0.27716382891147606,0.0013858191445573803,4,STOP_AFTER_TP1,True
NLSN,S3,long,RISK_ON,3,2014-05-08 00:00:00+00:00,2014-05-15 00:00:00+00:00,46.82678,46.82678,0.40511998542010225,0.0020255999271005113,5,STOP_AFTER_TP1,True
XOM,S3,long,RISK_ON,3,2014-05-09 00:00:00+00:00,2014-05-15 00:00:00+00:00,102.05194999999999,100.70636071428572,-1.0,-0.005,4,SL,False
RHI,S3,long,RISK_ON,3,2014-05-09 00:00:00+00:00,2014-05-15 00:00:00+00:00,44.66461999999999,44.66461999999999,0.2666887759054588,0.001333443879527294,4,STOP_AFTER_TP1,True
HAS,S3,long,RISK_ON,3,2014-05-12 00:00:00+00:00,2014-05-14 00:00:00+00:00,55.64559,54.95,-0.7087159251596122,-0.003543579625798061,2,SMA50_BREAK,False
CBG,S2,long,RISK_ON,3,2014-05-14 00:00:00+00:00,2014-07-29 00:00:00+00:00,28.89887,32.51,3.404299560342462,0.01702149780171231,52,EMA_TRAIL,True
RSG,S3,long,RISK_ON,3,2014-05-14 00:00:00+00:00,2014-05-15 00:00:00+00:00,35.024989999999995,34.77392857142857,-1.0,-0.005,1,SL,False
HOG,S3,long,RISK_ON,3,2014-05-14 00:00:00+00:00,2014-05-15 00:00:00+00:00,72.48240999999999,71.67466071428572,-1.0,-0.005,1,SL,False
RMD,S3,long,RISK_ON,3,2014-05-14 00:00:00+00:00,2014-05-15 00:00:00+00:00,50.6506,50.00007142857143,-1.0,-0.005,1,SL,False
TMK,S3,long,RISK_ON,3,2014-05-14 00:00:00+00:00,2014-05-15 00:00:00+00:00,53.787133399999995,53.222453571428574,-1.0,-0.005,1,SL,False
AIZ,S3,long,RISK_ON,3,2014-05-14 00:00:00+00:00,2014-05-15 00:00:00+00:00,67.71764999999999,66.89892857142858,-1.0,-0.005,1,SL,False
MO,S3,long,RISK_ON,3,2014-05-15 00:00:00+00:00,2014-05-19 00:00:00+00:00,40.09004999999999,40.09004999999999,0.5630365787664926,0.002815182893832463,2,STOP_AFTER_TP1,True
AIZ,S3,long,RISK_ON,3,2014-05-15 00:00:00+00:00,2014-06-12 00:00:00+00:00,67.05698999999998,67.63,0.5413230285996855,0.0027066151429984277,19,EMA_TRAIL,True
TMK,S3,long,RISK_ON,3,2014-05-15 00:00:00+00:00,2014-06-12 00:00:00+00:00,53.2532,54.18,1.0718034325887715,0.005359017162943858,19,EMA_TRAIL,True
NLSN,S3,long,RISK_ON,3,2014-05-15 00:00:00+00:00,2014-06-03 00:00:00+00:00,46.486439999999995,47.05,0.9158837300341529,0.0045794186501707645,12,EMA_TRAIL,True
IPG,S3,long,RISK_ON,3,2014-05-15 00:00:00+00:00,2014-07-07 00:00:00+00:00,17.57756,19.3,3.5331767696731493,0.017665883848365746,35,EMA_TRAIL,True
MRO,S3,long,RISK_ON,3,2014-05-15 00:00:00+00:00,2014-05-16 00:00:00+00:00,36.25621999999999,35.666607142857146,-1.0,-0.005,1,SL,False
RHI,S3,long,RISK_ON,3,2014-05-15 00:00:00+00:00,2014-07-11 00:00:00+00:00,44.58454,47.56,2.562634172293361,0.012813170861466805,39,EMA_TRAIL,True
HRS,S3,long,RISK_ON,3,2014-05-15 00:00:00+00:00,2014-06-03 00:00:00+00:00,74.96489,74.96489,0.35211333649145404,0.0017605666824572703,12,STOP_AFTER_TP1,True
OKE,S3,long,RISK_ON,3,2014-05-15 00:00:00+00:00,2014-06-17 00:00:00+00:00,62.65259,64.51,1.8187523215736912,0.009093761607868456,22,EMA_TRAIL,True
AIG,S3,long,RISK_ON,3,2014-05-16 00:00:00+00:00,2014-05-20 00:00:00+00:00,52.552499999999995,52.552499999999995,0.4567093143580616,0.0022835465717903083,2,STOP_AFTER_TP1,True
MOS,S3,long,RISK_ON,3,2014-05-16 00:00:00+00:00,2014-06-03 00:00:00+00:00,49.359309999999994,48.95,-0.4489845168296471,-0.0022449225841482353,11,SMA50_BREAK,False
RE,S3,long,RISK_ON,3,2014-05-19 00:00:00+00:00,2014-06-03 00:00:00+00:00,158.42827,158.42827,0.28164301857263874,0.0014082150928631937,10,STOP_AFTER_TP1,True
RSG,S3,long,RISK_ON,3,2014-05-19 00:00:00+00:00,2014-07-09 00:00:00+00:00,34.904869999999995,37.32,3.9204593067677482,0.019602296533838742,35,EMA_TRAIL,True
ITW,S3,long,RISK_ON,3,2014-05-19 00:00:00+00:00,2014-06-26 00:00:00+00:00,86.14605999999999,87.95,1.3111506520046587,0.006555753260023294,27,EMA_TRAIL,True
MO,S3,long,RISK_ON,3,2014-05-20 00:00:00+00:00,2014-06-27 00:00:00+00:00,40.070029999999996,41.82,4.41432667037091,0.02207163335185455,27,EMA_TRAIL,True
EQIX,S3,long,RISK_ON,3,2014-05-20 00:00:00+00:00,2014-07-17 00:00:00+00:00,193.71352,208.53,4.3166499190812075,0.02158324959540604,40,EMA_TRAIL,True
ABT,S3,long,RISK_ON,3,2014-05-20 00:00:00+00:00,2014-07-31 00:00:00+00:00,39.579539999999994,42.12,3.663299381190347,0.018316496905951735,50,EMA_TRAIL,True
RMD,S3,long,RISK_ON,3,2014-05-20 00:00:00+00:00,2014-05-23 00:00:00+00:00,50.11006,49.622928571428574,-1.0,-0.005,3,SL,False
PEP,S3,long,RISK_ON,3,2014-05-21 00:00:00+00:00,2014-06-12 00:00:00+00:00,86.18609999999998,87.22,0.9238682041063553,0.004619341020531777,15,EMA_TRAIL,True
HOG,S3,long,RISK_ON,3,2014-05-21 00:00:00+00:00,2014-05-23 00:00:00+00:00,72.16208999999999,70.382875,-1.0,-0.005,2,SL,False
CVX,S3,long,RISK_ON,3,2014-05-21 00:00:00+00:00,2014-07-11 00:00:00+00:00,124.28415999999999,128.47,1.3705907877635717,0.006852953938817859,35,EMA_TRAIL,True
COTY,S3,long,RISK_ON,3,2014-05-21 00:00:00+00:00,2014-06-20 00:00:00+00:00,16.18617,16.93,1.8440830496379137,0.009220415248189569,21,EMA_TRAIL,True
XOM,S3,long,RISK_ON,3,2014-05-22 00:00:00+00:00,2014-06-02 00:00:00+00:00,101.60149999999999,100.22839642857143,-1.0,-0.005,6,SL,False
AIG,S3,long,RISK_ON,3,2014-05-22 00:00:00+00:00,2014-06-27 00:00:00+00:00,53.59353999999999,54.61,1.2398162719831864,0.0061990813599159325,25,EMA_TRAIL,True
MCD,S3,long,RISK_ON,3,2014-05-22 00:00:00+00:00,2014-05-28 00:00:00+00:00,102.55245,101.07442857142857,-1.0,-0.005,3,SL,False
CCI,S3,long,RISK_ON,3,2014-05-23 00:00:00+00:00,2014-06-05 00:00:00+00:00,76.076,75.12786071428572,-1.0,-0.005,8,SL,False
MCO,S2,long,RISK_ON,3,2014-05-27 00:00:00+00:00,2014-07-31 00:00:00+00:00,85.76568,87.0,0.22984933714649133,0.0011492466857324567,46,SMA50_BREAK,False
BDX,S3,long,RISK_ON,3,2014-05-27 00:00:00+00:00,2014-06-13 00:00:00+00:00,116.67656,117.64,0.628082947401204,0.00314041473700602,13,EMA_TRAIL,True
SBAC,S3,long,RISK_ON,3,2014-05-27 00:00:00+00:00,2014-06-05 00:00:00+00:00,100.49038999999999,99.32278571428571,-1.0,-0.005,7,SL,False
MDT,S3,long,RISK_ON,3,2014-05-28 00:00:00+00:00,2014-06-12 00:00:00+00:00,60.22015999999999,60.79,1.0561982829620187,0.005280991414810094,11,EMA_TRAIL,True
BAX,S3,long,RISK_ON,3,2014-05-28 00:00:00+00:00,2014-06-04 00:00:00+00:00,74.37429999999999,73.37732142857143,-1.0,-0.005,5,SL,False
RMD,S3,long,RISK_ON,3,2014-05-29 00:00:00+00:00,2014-06-20 00:00:00+00:00,50.260209999999994,51.54,0.9153293785160704,0.004576646892580353,16,EMA_TRAIL,True
EXPD,S3,long,RISK_ON,3,2014-06-02 00:00:00+00:00,2014-06-12 00:00:00+00:00,45.92588,44.84860357142857,-1.0,-0.005,8,SL,False
MMC,S2,long,RISK_ON,3,2014-06-02 00:00:00+00:00,2014-07-28 00:00:00+00:00,50.560509999999994,51.15,0.5191738371705403,0.0025958691858527015,39,SMA50_BREAK,False
MSI,S3,long,RISK_ON,3,2014-06-02 00:00:00+00:00,2014-06-12 00:00:00+00:00,67.4674,66.51982142857143,-1.0,-0.005,8,SL,False
FISV,S3,long,RISK_ON,3,2014-06-02 00:00:00+00:00,2014-06-12 00:00:00+00:00,60.490429999999996,59.49198571428572,-1.0,-0.005,8,SL,False
IT,S3,long,RISK_ON,3,2014-06-02 00:00:00+00:00,2014-06-16 00:00:00+00:00,71.24117,69.63230714285713,-1.0,-0.005,10,SL,False
UPS,S3,long,RISK_ON,3,2014-06-03 00:00:00+00:00,2014-06-11 00:00:00+00:00,103.53343,102.598575,-1.0,-0.005,6,SL,False
PM,S3,long,RISK_ON,3,2014-06-03 00:00:00+00:00,2014-06-26 00:00:00+00:00,87.97788999999999,87.97788999999999,0.34038620443272244,0.0017019310221636122,17,STOP_AFTER_TP1,True
CTAS,S3,long,RISK_ON,3,2014-06-04 00:00:00+00:00,2014-06-24 00:00:00+00:00,62.24217999999999,62.53,0.7065780911007054,0.0035328904555035267,14,EMA_TRAIL,True
SPGI,S3,long,RISK_ON,3,2014-06-04 00:00:00+00:00,2014-07-08 00:00:00+00:00,81.52143999999998,82.65,1.0112845400888788,0.005056422700444394,23,EMA_TRAIL,True
VZ,S3,long,RISK_ON,3,2014-06-04 00:00:00+00:00,2014-06-12 00:00:00+00:00,49.199149999999996,48.793214285714285,-1.0,-0.005,6,SL,False
WM,S3,long,RISK_ON,3,2014-06-05 00:00:00+00:00,2014-06-11 00:00:00+00:00,44.17413,44.17413,0.5461656944027063,0.002730828472013532,4,STOP_AFTER_TP1,True
NLSN,S3,long,RISK_ON,3,2014-06-06 00:00:00+00:00,2014-06-12 00:00:00+00:00,47.72767999999999,46.931442857142855,-1.0,-0.005,4,SL,False
EL,S3,long,RISK_ON,3,2014-06-09 00:00:00+00:00,2014-06-13 00:00:00+00:00,76.5765,76.00375,-1.0,-0.005,4,SL,False
ABC,S3,long,RISK_ON,3,2014-06-09 00:00:00+00:00,2014-06-11 00:00:00+00:00,72.41234,71.62685,-1.0,-0.005,2,SL,False
M,S3,long,RISK_ON,3,2014-06-09 00:00:00+00:00,2014-06-11 00:00:00+00:00,59.28922999999999,58.59143928571428,-1.0,-0.005,2,SL,False
ANDV,S3,long,RISK_ON,3,2014-06-09 00:00:00+00:00,2014-06-10 00:00:00+00:00,57.237179999999995,56.52303571428571,-1.0,-0.005,1,SL,False
INTU,S3,long,RISK_ON,3,2014-06-10 00:00:00+00:00,2014-06-20 00:00:00+00:00,79.23915999999998,79.23915999999998,0.42190916923980826,0.0021095458461990414,8,STOP_AFTER_TP1,True
AAP,S3,long,RISK_ON,3,2014-06-10 00:00:00+00:00,2014-06-12 00:00:00+00:00,127.09696999999998,125.28733928571428,-1.0,-0.005,2,SL,False
KMB,S3,long,RISK_ON,3,2014-06-10 00:00:00+00:00,2014-06-12 00:00:00+00:00,111.64152999999999,110.72163928571429,-1.0,-0.005,2,SL,False
ANDV,S3,long,RISK_ON,3,2014-06-10 00:00:00+00:00,2014-06-25 00:00:00+00:00,56.276219999999995,58.37,2.3496304209635204,0.011748152104817602,11,EMA_TRAIL,True
SYK,S3,long,RISK_ON,3,2014-06-10 00:00:00+00:00,2014-06-12 00:00:00+00:00,85.18509999999999,84.11241071428572,-1.0,-0.005,2,SL,False
NKE,S3,long,RISK_ON,3,2014-06-10 00:00:00+00:00,2014-06-11 00:00:00+00:00,38.193155,37.81925,-1.0,-0.005,1,SL,False
LB,S3,long,RISK_ON,3,2014-06-10 00:00:00+00:00,2014-06-11 00:00:00+00:00,58.668609999999994,57.80339285714286,-1.0,-0.005,1,SL,False
SNI,S3,long,RISK_ON,3,2014-06-11 00:00:00+00:00,2014-07-31 00:00:00+00:00,77.39731999999998,82.41,5.906647639570069,0.029533238197850347,35,EMA_TRAIL,True
PKG,S3,long,RISK_ON,3,2014-06-11 00:00:00+00:00,2014-06-13 00:00:00+00:00,70.65057999999999,69.53142857142858,-1.0,-0.005,2,SL,False
ABC,S3,long,RISK_ON,3,2014-06-11 00:00:00+00:00,2014-06-13 00:00:00+00:00,71.99192,71.06935,-1.0,-0.005,2,SL,False
XYL,S3,long,RISK_ON,3,2014-06-11 00:00:00+00:00,2014-07-02 00:00:00+00:00,37.99796,38.65,0.8978164078754963,0.0044890820393774815,15,EMA_TRAIL,True
UPS,S3,long,RISK_ON,3,2014-06-11 00:00:00+00:00,2014-06-12 00:00:00+00:00,102.60249999999999,101.926075,-1.0,-0.005,1,SL,False
ECL,S3,long,RISK_ON,3,2014-06-11 00:00:00+00:00,2014-06-12 00:00:00+00:00,109.43932999999998,108.54200357142857,-1.0,-0.005,1,SL,False
LB,S3,long,RISK_ON,3,2014-06-11 00:00:00+00:00,2014-06-12 00:00:00+00:00,57.847789999999996,57.12285714285714,-1.0,-0.005,1,SL,False
SHW,S3,long,RISK_ON,3,2014-06-11 00:00:00+00:00,2014-06-12 00:00:00+00:00,203.45324999999997,201.88295000000002,-1.0,-0.005,1,SL,False
APH,S3,long,RISK_ON,3,2014-06-12 00:00:00+00:00,2014-06-17 00:00:00+00:00,48.553504999999994,48.08544642857143,-1.0,-0.005,3,SL,False
ALB,S3,long,RISK_ON,3,2014-06-12 00:00:00+00:00,2014-06-17 00:00:00+00:00,70.90082999999998,70.26875,-1.0,-0.005,3,SL,False
CHTR,S3,long,RISK_ON,3,2014-06-12 00:00:00+00:00,2014-07-31 00:00:00+00:00,147.93778999999998,154.52,2.666670976482648,0.01333335488241324,34,EMA_TRAIL,True
DGX,S3,long,RISK_ON,3,2014-06-12 00:00:00+00:00,2014-06-19 00:00:00+00:00,59.769709999999996,58.117399999999996,-1.0,-0.005,5,SL,False
STZ,S3,long,RISK_ON,3,2014-06-12 00:00:00+00:00,2014-07-16 00:00:00+00:00,82.87279,87.24,3.284384302228268,0.01642192151114134,23,EMA_TRAIL,True
ADBE,S3,long,RISK_ON,3,2014-06-12 00:00:00+00:00,2014-07-17 00:00:00+00:00,66.62656,71.39,3.665415278017975,0.018327076390089875,24,EMA_TRAIL,True
DVA,S3,long,RISK_ON,3,2014-06-12 00:00:00+00:00,2014-06-17 00:00:00+00:00,71.01093999999999,70.27857142857142,-1.0,-0.005,3,SL,False
BBY,S3,long,RISK_ON,3,2014-06-12 00:00:00+00:00,2014-07-11 00:00:00+00:00,28.468439999999998,29.89,2.207940892706193,0.011039704463530966,20,EMA_TRAIL,True
PKI,S3,long,RISK_ON,3,2014-06-12 00:00:00+00:00,2014-06-16 00:00:00+00:00,46.436389999999996,45.74892857142857,-1.0,-0.005,2,SL,False
MMM,S3,long,RISK_ON,3,2014-06-13 00:00:00+00:00,2014-07-10 00:00:00+00:00,143.50336,143.50336,0.5287433434113986,0.002643716717056993,18,STOP_AFTER_TP1,True
GE,S3,long,RISK_ON,3,2014-06-13 00:00:00+00:00,2014-06-17 00:00:00+00:00,27.067039999999995,26.746071428571426,-1.0,-0.005,2,SL,False
CHD,S3,long,RISK_ON,3,2014-06-13 00:00:00+00:00,2014-06-26 00:00:00+00:00,34.604569999999995,34.604569999999995,0.6216165567178505,0.003108082783589253,9,STOP_AFTER_TP1,True
PKG,S3,long,RISK_ON,3,2014-06-13 00:00:00+00:00,2014-06-17 00:00:00+00:00,69.92985999999999,69.02614285714286,-1.0,-0.005,2,SL,False
SYK,S3,long,RISK_ON,3,2014-06-13 00:00:00+00:00,2014-06-18 00:00:00+00:00,83.52344,83.52344,1.0108268328038525,0.005054134164019263,3,STOP_AFTER_TP1,True
VZ,S3,long,RISK_ON,3,2014-06-13 00:00:00+00:00,2014-07-08 00:00:00+00:00,49.22917999999999,48.76,-0.6556050392154129,-0.0032780251960770647,16,SMA50_BREAK,False
AAP,S3,long,RISK_ON,3,2014-06-13 00:00:00+00:00,2014-07-16 00:00:00+00:00,124.92479999999998,131.82,2.371679852512323,0.011858399262561615,22,EMA_TRAIL,True
TMK,S3,long,RISK_ON,3,2014-06-13 00:00:00+00:00,2014-07-10 00:00:00+00:00,54.36100669999999,54.36100669999999,0.4853282998907141,0.0024266414994535703,18,STOP_AFTER_TP1,True
ABC,S3,long,RISK_ON,3,2014-06-13 00:00:00+00:00,2014-08-07 00:00:00+00:00,71.85177999999999,74.96,2.1626182734011192,0.010813091367005596,38,EMA_TRAIL,True
SHW,S3,long,RISK_ON,3,2014-06-13 00:00:00+00:00,2014-07-08 00:00:00+00:00,202.93272999999996,202.93272999999996,0.4377425246890348,0.002188712623445174,16,STOP_AFTER_TP1,True
EL,S3,long,RISK_ON,3,2014-06-16 00:00:00+00:00,2014-06-17 00:00:00+00:00,75.98590999999999,75.40035714285715,-1.0,-0.005,1,SL,False
ROK,S3,long,RISK_ON,3,2014-06-16 00:00:00+00:00,2014-07-10 00:00:00+00:00,125.78565999999998,123.53125,-1.0,-0.005,17,SL,False
LB,S3,long,RISK_ON,3,2014-06-16 00:00:00+00:00,2014-07-11 00:00:00+00:00,57.7577,59.25,1.2632342120070998,0.0063161710600355,18,EMA_TRAIL,True
PEP,S3,long,RISK_ON,3,2014-06-17 00:00:00+00:00,2014-07-22 00:00:00+00:00,87.36728,89.17,1.556608330496592,0.007783041652482961,24,EMA_TRAIL,True
APH,S3,long,RISK_ON,3,2014-06-17 00:00:00+00:00,2014-06-26 00:00:00+00:00,48.42337499999999,47.72803571428571,-1.0,-0.005,7,SL,False
ALB,S3,long,RISK_ON,3,2014-06-18 00:00:00+00:00,2014-07-10 00:00:00+00:00,71.15108,71.15108,0.3752377578543937,0.0018761887892719687,15,STOP_AFTER_TP1,True
ADI,S3,long,RISK_ON,3,2014-06-18 00:00:00+00:00,2014-06-24 00:00:00+00:00,55.185129999999994,54.3724,-1.0,-0.005,4,SL,False
SYK,S3,long,RISK_ON,3,2014-06-18 00:00:00+00:00,2014-06-27 00:00:00+00:00,84.51443,84.51443,0.4191693609342133,0.0020958468046710665,7,STOP_AFTER_TP1,True
BDX,S3,long,RISK_ON,3,2014-06-18 00:00:00+00:00,2014-07-17 00:00:00+00:00,118.59848,117.6,-0.4379473863613596,-0.0021897369318067982,20,SMA50_BREAK,False
PKI,S3,long,RISK_ON,3,2014-06-19 00:00:00+00:00,2014-07-08 00:00:00+00:00,46.86682,46.86682,0.2950751745859386,0.001475375872929693,12,STOP_AFTER_TP1,True
UPS,S3,long,RISK_ON,3,2014-06-19 00:00:00+00:00,2014-07-17 00:00:00+00:00,102.47237,102.65,0.5942563730411661,0.0029712818652058303,19,EMA_TRAIL,True
NKE,S3,long,RISK_ON,3,2014-06-19 00:00:00+00:00,2014-07-16 00:00:00+00:00,37.85782,38.46,0.795632863265597,0.003978164316327985,18,EMA_TRAIL,True
ECL,S3,long,RISK_ON,3,2014-06-19 00:00:00+00:00,2014-06-26 00:00:00+00:00,108.48837999999998,106.33226428571427,-1.0,-0.005,5,SL,False
MYL,S3,long,RISK_ON,3,2014-06-19 00:00:00+00:00,2014-07-07 00:00:00+00:00,50.46040999999999,50.46040999999999,0.3413112978852093,0.0017065564894260465,11,STOP_AFTER_TP1,True
FAST,S3,long,RISK_ON,3,2014-06-19 00:00:00+00:00,2014-06-24 00:00:00+00:00,49.62957999999999,49.16,-0.5579979663238137,-0.0027899898316190684,3,SMA50_BREAK,False
KMB,S3,long,RISK_ON,3,2014-06-23 00:00:00+00:00,2014-06-25 00:00:00+00:00,112.02190999999999,111.09453571428573,-1.0,-0.005,2,SL,False
FISV,S3,long,RISK_ON,3,2014-06-23 00:00:00+00:00,2014-07-10 00:00:00+00:00,60.370309999999996,60.370309999999996,0.4259821286204984,0.002129910643102492,12,STOP_AFTER_TP1,True
WM,S3,long,RISK_ON,3,2014-06-23 00:00:00+00:00,2014-07-02 00:00:00+00:00,44.43438999999999,44.43438999999999,0.3264431975968125,0.0016322159879840626,7,STOP_AFTER_TP1,True
DVA,S3,long,RISK_ON,3,2014-06-23 00:00:00+00:00,2014-07-21 00:00:00+00:00,71.60153,71.60153,0.30925270545598404,0.0015462635272799202,19,STOP_AFTER_TP1,True
INTU,S3,long,RISK_ON,3,2014-06-23 00:00:00+00:00,2014-07-10 00:00:00+00:00,79.74967,80.42,0.8569745571827138,0.004284872785913569,12,EMA_TRAIL,True
GT,S3,long,RISK_ON,3,2014-06-24 00:00:00+00:00,2014-07-08 00:00:00+00:00,26.936909999999997,26.936909999999997,0.7550799244872688,0.0037753996224363442,9,STOP_AFTER_TP1,True
TXN,S3,long,RISK_ON,3,2014-06-24 00:00:00+00:00,2014-06-25 00:00:00+00:00,47.757709999999996,47.342532142857145,-1.0,-0.005,1,SL,False
PKG,S3,long,RISK_ON,3,2014-06-24 00:00:00+00:00,2014-07-07 00:00:00+00:00,70.31024,70.31024,0.8315412186379958,0.004157706093189979,8,STOP_AFTER_TP1,True
MRO,S3,long,RISK_ON,3,2014-06-24 00:00:00+00:00,2014-07-10 00:00:00+00:00,39.06903,39.06903,0.9242559557098207,0.0046212797785491035,11,STOP_AFTER_TP1,True
CTAS,S3,long,RISK_ON,3,2014-06-25 00:00:00+00:00,2014-07-10 00:00:00+00:00,63.03296999999999,63.03296999999999,0.3714009391784863,0.0018570046958924316,10,STOP_AFTER_TP1,True
MCHP,S3,long,RISK_ON,3,2014-06-25 00:00:00+00:00,2014-06-26 00:00:00+00:00,48.888839999999995,48.07001428571429,-1.0,-0.005,1,SL,False
CHD,S3,long,RISK_ON,3,2014-06-26 00:00:00+00:00,2014-07-02 00:00:00+00:00,34.7347,34.7347,0.5791271993288134,0.002895635996644067,4,STOP_AFTER_TP1,True
CHK,S3,long,RISK_ON,3,2014-06-26 00:00:00+00:00,2014-07-01 00:00:00+00:00,30.550519999999995,30.126785714285717,-1.0,-0.005,3,SL,False
MCHP,S3,long,RISK_ON,3,2014-06-27 00:00:00+00:00,2014-07-10 00:00:00+00:00,48.708659999999995,48.708659999999995,0.3468743783398199,0.0017343718916990995,8,STOP_AFTER_TP1,True
TXN,S3,long,RISK_ON,3,2014-06-27 00:00:00+00:00,2014-07-17 00:00:00+00:00,47.807759999999995,48.15,0.6035528684885045,0.0030177643424425227,13,EMA_TRAIL,True
FAST,S3,long,RISK_ON,3,2014-06-27 00:00:00+00:00,2014-07-09 00:00:00+00:00,49.669619999999995,49.01,-0.578553134757744,-0.00289276567378872,7,SMA50_BREAK,False
MDT,S3,long,RISK_ON,3,2014-06-27 00:00:00+00:00,2014-07-10 00:00:00+00:00,64.18412,62.95560714285714,-1.0,-0.005,8,SL,False
CMG,S3,long,RISK_ON,3,2014-06-30 00:00:00+00:00,2014-07-07 00:00:00+00:00,593.1025099999999,593.1025099999999,0.5846509099517065,0.0029232545497585327,4,STOP_AFTER_TP1,True
CPB,S3,long,RISK_ON,3,2014-06-30 00:00:00+00:00,2014-07-09 00:00:00+00:00,45.85581,45.3,-0.5803163447261094,-0.002901581723630547,6,SMA50_BREAK,False
VMC,S3,long,RISK_ON,3,2014-06-30 00:00:00+00:00,2014-07-31 00:00:00+00:00,63.81374999999999,63.81374999999999,0.45418559823764804,0.0022709279911882403,22,STOP_AFTER_TP1,True
CLX,S3,long,RISK_ON,3,2014-07-01 00:00:00+00:00,2014-07-21 00:00:00+00:00,91.35126,91.35126,0.4004437823210039,0.00200221891160502,13,STOP_AFTER_TP1,True
IR,S3,long,RISK_ON,3,2014-07-01 00:00:00+00:00,2014-07-08 00:00:00+00:00,62.93286999999999,61.966432142857144,-1.0,-0.005,4,SL,False
SEE,S3,long,RISK_ON,3,2014-07-01 00:00:00+00:00,2014-07-02 00:00:00+00:00,34.2342,33.74713928571428,-1.0,-0.005,1,SL,False
COO,S2,long,RISK_ON,3,2014-07-01 00:00:00+00:00,2014-09-11 00:00:00+00:00,147.09694999999996,161.33,1.0327655812565517,0.005163827906282759,50,EMA_TRAIL,True
USB,S3,long,RISK_ON,3,2014-07-01 00:00:00+00:00,2014-07-10 00:00:00+00:00,43.38334,42.96517857142857,-1.0,-0.005,6,SL,False
RCL,S3,long,RISK_ON,3,2014-07-01 00:00:00+00:00,2014-07-09 00:00:00+00:00,55.94588999999999,54.66768214285714,-1.0,-0.005,5,SL,False
AMD,S1,long,RISK_ON,3,2014-07-01 00:00:00+00:00,2014-07-18 00:00:00+00:00,4.224219999999999,4.224219999999999,0.27762341950551817,0.001388117097527591,12,STOP_AFTER_TP1,True
FOX,S3,long,RISK_ON,3,2014-07-01 00:00:00+00:00,2014-07-16 00:00:00+00:00,34.364329999999995,33.495535714285715,-1.0,-0.005,10,SL,False
OXY,S3,long,RISK_ON,3,2014-07-01 00:00:00+00:00,2014-07-10 00:00:00+00:00,102.90279999999998,101.10268214285715,-1.0,-0.005,6,SL,False
EQT,S3,long,RISK_ON,3,2014-07-01 00:00:00+00:00,2014-07-03 00:00:00+00:00,106.86676,106.12,-0.40264914129369633,-0.0020132457064684817,2,SMA50_BREAK,False
SWK,S3,long,RISK_ON,3,2014-07-01 00:00:00+00:00,2014-07-08 00:00:00+00:00,88.04795999999999,87.05953571428572,-1.0,-0.005,4,SL,False
STI,S3,long,RISK_ON,3,2014-07-02 00:00:00+00:00,2014-07-07 00:00:00+00:00,40.22017999999999,40.22017999999999,0.39723757310745833,0.0019861878655372915,2,STOP_AFTER_TP1,True
CMA,S3,long,RISK_ON,3,2014-07-02 00:00:00+00:00,2014-07-08 00:00:00+00:00,50.37031999999999,50.37031999999999,0.5805473282098073,0.0029027366410490363,3,STOP_AFTER_TP1,True
AVY,S3,long,RISK_ON,3,2014-07-02 00:00:00+00:00,2014-07-07 00:00:00+00:00,51.050999999999995,51.050999999999995,0.3723624677576263,0.0018618123387881317,2,STOP_AFTER_TP1,True
AON,S3,long,RISK_ON,3,2014-07-02 00:00:00+00:00,2014-07-09 00:00:00+00:00,90.33023999999999,89.65178571428572,-1.0,-0.005,4,SL,False
ADI,S3,long,RISK_ON,3,2014-07-02 00:00:00+00:00,2014-07-17 00:00:00+00:00,54.464409999999994,53.386964285714285,-1.0,-0.005,10,SL,False
AXP,S3,long,RISK_ON,3,2014-07-02 00:00:00+00:00,2014-07-08 00:00:00+00:00,95.30520999999999,94.51846071428572,-1.0,-0.005,3,SL,False
PBCT,S3,long,RISK_ON,3,2014-07-02 00:00:00+00:00,2014-07-16 00:00:00+00:00,15.14513,14.984321428571429,-1.0,-0.005,9,SL,False
ARE,S3,long,RISK_ON,3,2014-07-03 00:00:00+00:00,2014-07-31 00:00:00+00:00,77.43735999999998,77.43735999999998,0.4646953174228601,0.0023234765871143004,19,STOP_AFTER_TP1,True
DLR,S3,long,RISK_ON,3,2014-07-03 00:00:00+00:00,2014-09-12 00:00:00+00:00,58.22817,64.38,4.40384372978315,0.022019218648915748,49,EMA_TRAIL,True
DHR,S3,long,RISK_ON,3,2014-07-03 00:00:00+00:00,2014-07-08 00:00:00+00:00,79.52945,78.16111071428571,-1.0,-0.005,2,SL,False
MS,S3,long,RISK_ON,3,2014-07-07 00:00:00+00:00,2014-07-08 00:00:00+00:00,32.42239,31.814282142857145,-1.0,-0.005,1,SL,False
AVY,S3,long,RISK_ON,3,2014-07-07 00:00:00+00:00,2014-07-10 00:00:00+00:00,50.920869999999994,50.442214285714286,-1.0,-0.005,3,SL,False
BLK,S3,long,RISK_ON,3,2014-07-07 00:00:00+00:00,2014-07-08 00:00:00+00:00,321.50118,317.751075,-1.0,-0.005,1,SL,False
HRB,S3,long,RISK_ON,3,2014-07-07 00:00:00+00:00,2014-07-08 00:00:00+00:00,32.9329,32.55695,-1.0,-0.005,1,SL,False
PRU,S3,long,RISK_ON,3,2014-07-07 00:00:00+00:00,2014-07-08 00:00:00+00:00,90.59049999999999,89.55125,-1.0,-0.005,1,SL,False
XEL,S3,long,RISK_ON,3,2014-07-07 00:00:00+00:00,2014-07-30 00:00:00+00:00,31.681649999999994,31.037142857142857,-1.0,-0.005,17,SL,False
NEM,S3,long,RISK_ON,3,2014-07-07 00:00:00+00:00,2014-07-15 00:00:00+00:00,24.75473,24.75473,0.8378425296634832,0.004189212648317416,6,STOP_AFTER_TP1,True
FOXA,S3,long,RISK_ON,3,2014-07-07 00:00:00+00:00,2014-07-08 00:00:00+00:00,35.72568999999999,35.241875,-1.0,-0.005,1,SL,False
SJM,S3,long,RISK_ON,3,2014-07-08 00:00:00+00:00,2014-07-10 00:00:00+00:00,106.76665999999999,105.96642857142857,-1.0,-0.005,2,SL,False
KMX,S3,long,RISK_ON,3,2014-07-08 00:00:00+00:00,2014-07-10 00:00:00+00:00,52.22217,52.22217,0.7578104598654853,0.0037890522993274268,2,STOP_AFTER_TP1,True
BLK,S3,long,RISK_ON,3,2014-07-08 00:00:00+00:00,2014-07-10 00:00:00+00:00,318.62830999999994,315.4025035714286,-1.0,-0.005,2,SL,False
ULTA,S3,long,RISK_ON,3,2014-07-08 00:00:00+00:00,2014-07-10 00:00:00+00:00,95.00490999999998,93.68098214285713,-1.0,-0.005,2,SL,False
GPN,S3,long,RISK_ON,3,2014-07-08 00:00:00+00:00,2014-07-16 00:00:00+00:00,36.586549999999995,36.586549999999995,0.35402930515263653,0.0017701465257631828,6,STOP_AFTER_TP1,True
WYN,S3,long,RISK_ON,3,2014-07-08 00:00:00+00:00,2014-07-10 00:00:00+00:00,75.89581999999999,75.89581999999999,0.2869323663226917,0.0014346618316134585,2,STOP_AFTER_TP1,True
BBT,S3,long,RISK_ON,3,2014-07-08 00:00:00+00:00,2014-07-10 00:00:00+00:00,39.62959,39.309357142857145,-1.0,-0.005,2,SL,False
MRK,S3,long,RISK_ON,3,2014-07-09 00:00:00+00:00,2014-07-15 00:00:00+00:00,58.608549999999994,57.501078571428565,-1.0,-0.005,4,SL,False
PNW,S3,long,RISK_ON,3,2014-07-09 00:00:00+00:00,2014-07-15 00:00:00+00:00,56.566509999999994,55.76919642857143,-1.0,-0.005,4,SL,False
PRU,S3,long,RISK_ON,3,2014-07-09 00:00:00+00:00,2014-07-10 00:00:00+00:00,89.68959999999998,88.35946428571428,-1.0,-0.005,1,SL,False
PKI,S3,long,RISK_ON,3,2014-07-09 00:00:00+00:00,2014-07-10 00:00:00+00:00,46.906859999999995,46.16589285714286,-1.0,-0.005,1,SL,False
WDC,S3,long,RISK_ON,3,2014-07-09 00:00:00+00:00,2014-08-12 00:00:00+00:00,94.39429999999999,99.51,2.2644472162787683,0.011322236081393842,24,EMA_TRAIL,True
TWX,S2,long,RISK_ON,3,2014-07-09 00:00:00+00:00,2014-08-06 00:00:00+00:00,72.48240999999999,74.24,2.7612114806001458,0.013806057403000728,20,SMA50_BREAK,True
CMA,S3,long,RISK_ON,3,2014-07-09 00:00:00+00:00,2014-07-17 00:00:00+00:00,50.35029999999999,50.35029999999999,0.4022003792164818,0.002011001896082409,6,STOP_AFTER_TP1,True
KMX,S3,long,RISK_ON,3,2014-07-10 00:00:00+00:00,2014-07-17 00:00:00+00:00,52.482429999999994,51.125,-1.0,-0.005,5,SL,False
WY,S3,long,RISK_ON,3,2014-07-10 00:00:00+00:00,2014-07-11 00:00:00+00:00,32.60257,32.21735714285714,-1.0,-0.005,1,SL,False
SJM,S3,long,RISK_ON,3,2014-07-10 00:00:00+00:00,2014-07-17 00:00:00+00:00,106.31620999999998,105.16714285714285,-1.0,-0.005,5,SL,False
HIG,S3,long,RISK_ON,3,2014-07-10 00:00:00+00:00,2014-07-11 00:00:00+00:00,36.2362,35.503967857142854,-1.0,-0.005,1,SL,False
HRB,S3,long,RISK_ON,3,2014-07-10 00:00:00+00:00,2014-07-17 00:00:00+00:00,32.6326,31.99410714285714,-1.0,-0.005,5,SL,False
USB,S3,long,RISK_ON,3,2014-07-11 00:00:00+00:00,2014-07-16 00:00:00+00:00,43.22317999999999,42.60071428571429,-1.0,-0.005,3,SL,False
WY,S3,long,RISK_ON,3,2014-07-11 00:00:00+00:00,2014-07-30 00:00:00+00:00,32.41238,31.83485714285714,-1.0,-0.005,13,SL,False
FAST,S5,long,RISK_ON,3,2014-07-11 00:00:00+00:00,2014-07-14 00:00:00+00:00,46.196149999999996,45.49,-0.6881547532037205,-0.003440773766018603,1,SMA50_BREAK,False
INTU,S3,long,RISK_ON,3,2014-07-11 00:00:00+00:00,2014-08-01 00:00:00+00:00,80.53044999999999,80.53044999999999,0.672032738761614,0.00336016369380807,15,STOP_AFTER_TP1,True
CELG,S3,long,RISK_ON,3,2014-07-14 00:00:00+00:00,2014-07-16 00:00:00+00:00,88.45836999999999,86.03449285714285,-1.0,-0.005,2,SL,False
FOXA,S3,long,RISK_ON,3,2014-07-14 00:00:00+00:00,2014-07-15 00:00:00+00:00,35.57554,34.924346428571425,-1.0,-0.005,1,SL,False
BBT,S3,long,RISK_ON,3,2014-07-14 00:00:00+00:00,2014-07-17 00:00:00+00:00,39.60957,38.98692857142857,-1.0,-0.005,3,SL,False
CTAS,S3,long,RISK_ON,3,2014-07-14 00:00:00+00:00,2014-07-25 00:00:00+00:00,63.303239999999995,63.52,0.4217775632270213,0.002108887816135107,9,EMA_TRAIL,True
AXP,S3,long,RISK_ON,3,2014-07-14 00:00:00+00:00,2014-07-17 00:00:00+00:00,94.63454,93.19362857142858,-1.0,-0.005,3,SL,False
AVY,S3,long,RISK_ON,3,2014-07-15 00:00:00+00:00,2014-07-25 00:00:00+00:00,50.940889999999996,50.38958571428571,-1.0,-0.005,8,SL,False
WYN,S3,long,RISK_ON,3,2014-07-15 00:00:00+00:00,2014-07-17 00:00:00+00:00,76.55648,75.54257142857143,-1.0,-0.005,2,SL,False
IRM,S3,long,RISK_ON,3,2014-07-15 00:00:00+00:00,2014-07-25 00:00:00+00:00,35.085049999999995,34.22528214285715,-1.0,-0.005,8,SL,False
SO,S3,long,RISK_ON,3,2014-07-15 00:00:00+00:00,2014-07-31 00:00:00+00:00,44.514469999999996,43.88607142857143,-1.0,-0.005,12,SL,False
KLAC,S3,long,RISK_ON,3,2014-07-15 00:00:00+00:00,2014-07-23 00:00:00+00:00,74.30422999999999,73.24767857142857,-1.0,-0.005,6,SL,False
ECL,S3,long,RISK_ON,3,2014-07-16 00:00:00+00:00,2014-07-31 00:00:00+00:00,110.69057999999998,109.00589642857143,-1.0,-0.005,11,SL,False
IR,S3,long,RISK_ON,3,2014-07-16 00:00:00+00:00,2014-07-28 00:00:00+00:00,62.582519999999995,62.582519999999995,0.3085573740262154,0.0015427868701310772,8,STOP_AFTER_TP1,True
GPN,S3,long,RISK_ON,3,2014-07-16 00:00:00+00:00,2014-07-17 00:00:00+00:00,36.511475,36.004910714285714,-1.0,-0.005,1,SL,False
MCK,S3,long,RISK_ON,3,2014-07-16 00:00:00+00:00,2014-07-21 00:00:00+00:00,188.60841999999997,188.60841999999997,0.26779743048223137,0.0013389871524111569,3,STOP_AFTER_TP1,True
VRTX,S3,long,RISK_ON,3,2014-07-17 00:00:00+00:00,2014-07-30 00:00:00+00:00,94.58448999999999,92.94555,-1.0,-0.005,9,SL,False
KIM,S3,long,RISK_ON,3,2014-07-17 00:00:00+00:00,2014-07-30 00:00:00+00:00,23.303279999999997,23.028125,-1.0,-0.005,9,SL,False
SBAC,S3,long,RISK_ON,3,2014-07-17 00:00:00+00:00,2014-07-24 00:00:00+00:00,103.27317,103.27317,0.7070380621668868,0.0035351903108344343,5,STOP_AFTER_TP1,True
VZ,S3,long,RISK_ON,3,2014-07-17 00:00:00+00:00,2014-07-31 00:00:00+00:00,50.37031999999999,50.37031999999999,0.49364452203744574,0.002468222610187229,10,STOP_AFTER_TP1,True
DIS,S3,long,RISK_ON,3,2014-07-18 00:00:00+00:00,2014-09-09 00:00:00+00:00,85.89581,89.6,1.9392281356902386,0.009696140678451193,36,EMA_TRAIL,True
KMX,S3,long,RISK_ON,3,2014-07-18 00:00:00+00:00,2014-07-25 00:00:00+00:00,52.202149999999996,50.5825,-1.0,-0.005,5,SL,False
NEM,S3,long,RISK_ON,3,2014-07-18 00:00:00+00:00,2014-08-25 00:00:00+00:00,25.44542,25.98,0.6650934751218593,0.0033254673756092966,26,EMA_TRAIL,True
CMCSA,S3,long,RISK_ON,3,2014-07-18 00:00:00+00:00,2014-07-21 00:00:00+00:00,27.297269999999997,26.85875,-1.0,-0.005,1,SL,False
WYN,S3,long,RISK_ON,3,2014-07-21 00:00:00+00:00,2014-07-29 00:00:00+00:00,76.49641999999999,76.49641999999999,0.2924977697810389,0.0014624888489051947,6,STOP_AFTER_TP1,True
MAA,S3,long,RISK_ON,3,2014-07-21 00:00:00+00:00,2014-07-31 00:00:00+00:00,73.48340999999999,73.48340999999999,0.5107066337594945,0.0025535331687974727,8,STOP_AFTER_TP1,True
BAX,S3,long,RISK_ON,3,2014-07-21 00:00:00+00:00,2014-07-30 00:00:00+00:00,76.18610999999999,76.18610999999999,0.30594206648984223,0.0015297103324492113,7,STOP_AFTER_TP1,True
ADBE,S3,long,RISK_ON,3,2014-07-21 00:00:00+00:00,2014-07-31 00:00:00+00:00,72.03195999999998,70.73811071428571,-1.0,-0.005,8,SL,False
CELG,S3,long,RISK_ON,3,2014-07-22 00:00:00+00:00,2014-09-11 00:00:00+00:00,86.7442576,91.96,1.388489169686682,0.00694244584843341,36,EMA_TRAIL,True
BLK,S3,long,RISK_ON,3,2014-07-22 00:00:00+00:00,2014-07-25 00:00:00+00:00,319.37906,315.08124999999995,-1.0,-0.005,3,SL,False
GGP,S2,long,RISK_ON,3,2014-07-23 00:00:00+00:00,2014-07-29 00:00:00+00:00,24.324299999999997,23.777321428571426,-1.0,-0.005,4,SL,False
PRU,S3,long,RISK_ON,3,2014-07-23 00:00:00+00:00,2014-07-25 00:00:00+00:00,90.39029999999998,89.16069285714285,-1.0,-0.005,2,SL,False
PNW,S3,long,RISK_ON,3,2014-07-23 00:00:00+00:00,2014-07-25 00:00:00+00:00,56.90685,56.319832142857145,-1.0,-0.005,2,SL,False
UPS,S3,long,RISK_ON,3,2014-07-24 00:00:00+00:00,2014-07-28 00:00:00+00:00,104.19408999999999,103.33353928571428,-1.0,-0.005,2,SL,False
NOV,S3,long,RISK_ON,3,2014-07-25 00:00:00+00:00,2014-07-28 00:00:00+00:00,85.25516999999999,84.20642857142857,-1.0,-0.005,1,SL,False
CMCSA,S3,long,RISK_ON,3,2014-07-25 00:00:00+00:00,2014-07-31 00:00:00+00:00,27.222194999999996,27.222194999999996,0.5621930297643345,0.0028109651488216723,4,STOP_AFTER_TP1,True
TEL,S3,long,RISK_ON,3,2014-07-28 00:00:00+00:00,2014-07-31 00:00:00+00:00,63.20313999999999,62.16935,-1.0,-0.005,3,SL,False
MCK,S3,long,RISK_ON,3,2014-07-28 00:00:00+00:00,2014-08-05 00:00:00+00:00,191.61141999999995,191.61141999999995,0.37774912585573417,0.0018887456292786709,6,STOP_AFTER_TP1,True
BDX,S2,long,RISK_ON,3,2014-07-28 00:00:00+00:00,2014-07-31 00:00:00+00:00,119.49937999999999,117.36147142857142,-1.0,-0.005,3,SL,False
MS,S3,long,RISK_ON,3,2014-07-29 00:00:00+00:00,2014-07-31 00:00:00+00:00,32.682649999999995,32.389646428571425,-1.0,-0.005,2,SL,False
BXP,S3,long,RISK_ON,3,2014-07-29 00:00:00+00:00,2014-08-01 00:00:00+00:00,120.63050999999999,119.26249999999999,-1.0,-0.005,3,SL,False
XEL,S5,long,DEFENSIVE,3,2014-08-01 00:00:00+00:00,2014-08-04 00:00:00+00:00,30.76073,30.21,-1.0,-0.005,1,SL,False
SRE,S5,long,DEFENSIVE,3,2014-08-01 00:00:00+00:00,2014-08-04 00:00:00+00:00,99.69959999999999,97.93,-1.0,-0.005,1,SL,False
LNT,S5,long,DEFENSIVE,3,2014-08-01 00:00:00+00:00,2014-08-04 00:00:00+00:00,28.288259999999998,27.69,-1.0,-0.005,1,SL,False
STT,S3,long,RISK_ON,3,2014-08-18 00:00:00+00:00,2014-10-01 00:00:00+00:00,70.26019,72.5,1.5603706046056436,0.007801853023028218,31,EMA_TRAIL,True
CVS,S3,long,RISK_ON,3,2014-08-21 00:00:00+00:00,2014-08-26 00:00:00+00:00,79.05897999999999,79.05897999999999,0.32165143339574953,0.0016082571669787478,3,STOP_AFTER_TP1,True
WHR,S3,long,RISK_ON,3,2014-08-22 00:00:00+00:00,2014-09-05 00:00:00+00:00,152.01185999999998,152.01185999999998,0.2841947199291384,0.0014209735996456921,9,STOP_AFTER_TP1,True
MS,S2,long,RISK_ON,3,2014-08-25 00:00:00+00:00,2014-10-09 00:00:00+00:00,34.2342,33.3,-0.43764566522054327,-0.0021882283261027164,32,SMA50_BREAK,False
ANSS,S3,long,RISK_ON,3,2014-08-25 00:00:00+00:00,2014-09-09 00:00:00+00:00,80.995915,80.36216428571429,-1.0,-0.005,10,SL,False
NWL,S3,long,RISK_ON,3,2014-08-26 00:00:00+00:00,2014-08-29 00:00:00+00:00,33.36333,33.08178928571428,-1.0,-0.005,3,SL,False
VRSN,S3,long,RISK_ON,3,2014-08-27 00:00:00+00:00,2014-09-09 00:00:00+00:00,56.516459999999995,56.516459999999995,0.34949169955628534,0.0017474584977814267,8,STOP_AFTER_TP1,True
ALL,S3,long,RISK_ON,3,2014-08-28 00:00:00+00:00,2014-09-05 00:00:00+00:00,61.21114999999999,61.21114999999999,0.8645965089805712,0.004322982544902856,5,STOP_AFTER_TP1,True
ROP,S3,long,RISK_ON,3,2014-08-28 00:00:00+00:00,2014-09-04 00:00:00+00:00,150.53037999999998,149.04385714285715,-1.0,-0.005,4,SL,False
IVZ,S3,long,RISK_ON,3,2014-08-28 00:00:00+00:00,2014-09-04 00:00:00+00:00,40.62058,40.62058,0.29712237623374343,0.0014856118811687172,4,STOP_AFTER_TP1,True
FOX,S3,long,RISK_ON,3,2014-08-28 00:00:00+00:00,2014-09-09 00:00:00+00:00,34.6346,34.6346,0.31809092393078814,0.0015904546196539408,7,STOP_AFTER_TP1,True
APH,S3,long,RISK_ON,3,2014-08-28 00:00:00+00:00,2014-09-08 00:00:00+00:00,51.746694999999995,51.746694999999995,0.369947842286381,0.001849739211431905,6,STOP_AFTER_TP1,True
COST,S3,long,RISK_ON,3,2014-08-28 00:00:00+00:00,2014-10-01 00:00:00+00:00,121.09096999999998,124.76,3.911234641116067,0.019556173205580334,23,EMA_TRAIL,True
ITW,S3,long,RISK_ON,3,2014-08-29 00:00:00+00:00,2014-09-22 00:00:00+00:00,88.29820999999998,88.29820999999998,0.302512900986594,0.00151256450493297,15,STOP_AFTER_TP1,True
ESRX,S3,long,RISK_ON,3,2014-09-02 00:00:00+00:00,2014-09-12 00:00:00+00:00,73.52345,73.735,1.0196648124848295,0.005098324062424148,8,EMA_TRAIL,True
PG,S3,long,RISK_ON,3,2014-09-02 00:00:00+00:00,2014-09-12 00:00:00+00:00,83.06298,83.06298,0.32227721420251576,0.0016113860710125789,8,STOP_AFTER_TP1,True
ETFC,S3,long,RISK_ON,3,2014-09-02 00:00:00+00:00,2014-09-03 00:00:00+00:00,22.312289999999997,21.934392857142857,-1.0,-0.005,1,SL,False
CCI,S3,long,RISK_ON,3,2014-09-02 00:00:00+00:00,2014-09-09 00:00:00+00:00,79.60952999999999,79.60952999999999,0.37456604798200777,0.001872830239910039,5,STOP_AFTER_TP1,True
AIG,S3,long,RISK_ON,3,2014-09-03 00:00:00+00:00,2014-09-04 00:00:00+00:00,55.63557999999999,55.1525,-1.0,-0.005,1,SL,False
CERN,S2,long,RISK_ON,3,2014-09-03 00:00:00+00:00,2014-10-10 00:00:00+00:00,58.963905,57.33,-0.6273535009024431,-0.003136767504512216,27,SMA50_BREAK,False
EL,S3,long,RISK_ON,3,2014-09-03 00:00:00+00:00,2014-09-08 00:00:00+00:00,76.30623,75.78389285714286,-1.0,-0.005,3,SL,False
M,S3,long,RISK_ON,3,2014-09-03 00:00:00+00:00,2014-09-08 00:00:00+00:00,61.75168999999999,60.89321428571428,-1.0,-0.005,3,SL,False
ALGN,S3,long,RISK_ON,3,2014-09-04 00:00:00+00:00,2014-09-15 00:00:00+00:00,55.360305,54.31603571428571,-1.0,-0.005,7,SL,False
HIG,S3,long,RISK_ON,3,2014-09-04 00:00:00+00:00,2014-10-01 00:00:00+00:00,36.816779999999994,36.816779999999994,0.7491959625635874,0.0037459798128179375,19,STOP_AFTER_TP1,True
AIG,S3,long,RISK_ON,3,2014-09-04 00:00:00+00:00,2014-09-05 00:00:00+00:00,55.28522999999999,54.65392857142857,-1.0,-0.005,1,SL,False
PGR,S3,long,RISK_ON,3,2014-09-04 00:00:00+00:00,2014-09-11 00:00:00+00:00,25.065039999999996,24.85125,-1.0,-0.005,5,SL,False
VAR,S3,long,RISK_ON,3,2014-09-04 00:00:00+00:00,2014-09-05 00:00:00+00:00,84.87478999999999,84.20161428571429,-1.0,-0.005,1,SL,False
AJG,S3,long,RISK_ON,3,2014-09-04 00:00:00+00:00,2014-09-08 00:00:00+00:00,46.50646,46.10178571428571,-1.0,-0.005,2,SL,False
KIM,S3,long,RISK_ON,3,2014-09-04 00:00:00+00:00,2014-09-09 00:00:00+00:00,23.41339,23.22,-1.0,-0.005,3,SL,False
LLY,S2,long,RISK_ON,3,2014-09-05 00:00:00+00:00,2014-10-13 00:00:00+00:00,64.78472,63.28,-0.9267583860405156,-0.004633791930202578,26,SMA50_BREAK,False
HSIC,S3,long,RISK_ON,3,2014-09-05 00:00:00+00:00,2014-09-10 00:00:00+00:00,59.6596,59.165,-0.5588136790073661,-0.0027940683950368308,3,SMA50_BREAK,False
XL,S3,long,RISK_ON,3,2014-09-05 00:00:00+00:00,2014-09-09 00:00:00+00:00,34.08404999999999,33.659285714285716,-1.0,-0.005,2,SL,False
AIG,S3,long,RISK_ON,3,2014-09-05 00:00:00+00:00,2014-09-19 00:00:00+00:00,55.09503999999999,55.24,0.6840646610888421,0.0034203233054442106,10,EMA_TRAIL,True
CME,S3,long,RISK_ON,3,2014-09-08 00:00:00+00:00,2014-10-13 00:00:00+00:00,76.01093499999999,79.01,4.587538341113418,0.02293769170556709,25,EMA_TRAIL,True
CAT,S3,long,RISK_ON,3,2014-09-08 00:00:00+00:00,2014-09-10 00:00:00+00:00,108.01790999999999,107.002,-1.0,-0.005,2,SL,False
AOS,S3,long,RISK_ON,3,2014-09-08 00:00:00+00:00,2014-09-10 00:00:00+00:00,24.724699999999995,24.454232142857144,-1.0,-0.005,2,SL,False
LEG,S3,long,RISK_ON,3,2014-09-08 00:00:00+00:00,2014-09-18 00:00:00+00:00,35.21518,35.21518,0.3151344378544799,0.0015756721892723996,8,STOP_AFTER_TP1,True
A,S3,long,RISK_ON,3,2014-09-08 00:00:00+00:00,2014-09-22 00:00:00+00:00,57.707649999999994,57.707649999999994,0.6332656013513005,0.0031663280067565024,10,STOP_AFTER_TP1,True
C,S3,long,RISK_ON,3,2014-09-08 00:00:00+00:00,2014-09-09 00:00:00+00:00,52.10204999999999,51.34321071428571,-1.0,-0.005,1,SL,False
CCI,S3,long,RISK_ON,3,2014-09-09 00:00:00+00:00,2014-09-12 00:00:00+00:00,79.77969999999999,78.72144642857143,-1.0,-0.005,3,SL,False
VFC,S3,long,RISK_ON,3,2014-09-09 00:00:00+00:00,2014-09-10 00:00:00+00:00,64.79473,64.28850357142858,-1.0,-0.005,1,SL,False
DVA,S3,long,RISK_ON,3,2014-09-09 00:00:00+00:00,2014-09-16 00:00:00+00:00,74.36429,73.5947357142857,-1.0,-0.005,5,SL,False
DHR,S3,long,RISK_ON,3,2014-09-09 00:00:00+00:00,2014-09-25 00:00:00+00:00,76.64656999999998,76.64656999999998,0.4829091797210876,0.002414545898605438,12,STOP_AFTER_TP1,True
HCP,S3,long,RISK_ON,3,2014-09-09 00:00:00+00:00,2014-09-10 00:00:00+00:00,43.21317,42.855714285714285,-1.0,-0.005,1,SL,False
SRE,S3,long,RISK_ON,3,2014-09-09 00:00:00+00:00,2014-09-10 00:00:00+00:00,105.81570999999998,104.94339285714285,-1.0,-0.005,1,SL,False
BLK,S3,long,RISK_ON,3,2014-09-09 00:00:00+00:00,2014-09-16 00:00:00+00:00,328.76843999999994,325.5821535714286,-1.0,-0.005,5,SL,False
HBAN,S3,long,RISK_ON,3,2014-09-09 00:00:00+00:00,2014-09-23 00:00:00+00:00,9.854845,9.92,0.8815272332240098,0.0044076361661200495,10,EMA_TRAIL,True
ECL,S3,long,RISK_ON,3,2014-09-09 00:00:00+00:00,2014-09-10 00:00:00+00:00,114.77465999999998,114.05043214285715,-1.0,-0.005,1,SL,False
MMM,S3,long,RISK_ON,3,2014-09-09 00:00:00+00:00,2014-09-12 00:00:00+00:00,144.60446,143.56357500000001,-1.0,-0.005,3,SL,False
XL,S3,long,RISK_ON,3,2014-09-09 00:00:00+00:00,2014-09-12 00:00:00+00:00,33.74371,33.40071428571429,-1.0,-0.005,3,SL,False
HRL,S3,long,RISK_ON,3,2014-09-09 00:00:00+00:00,2014-09-15 00:00:00+00:00,25.20518,24.91710714285714,-1.0,-0.005,4,SL,False
FBHS,S3,long,RISK_ON,3,2014-09-09 00:00:00+00:00,2014-09-12 00:00:00+00:00,43.6436,43.001178571428575,-1.0,-0.005,3,SL,False
TXN,S3,long,RISK_ON,3,2014-09-09 00:00:00+00:00,2014-09-10 00:00:00+00:00,48.32827999999999,47.941428571428574,-1.0,-0.005,1,SL,False
RJF,S3,long,RISK_ON,3,2014-09-09 00:00:00+00:00,2014-09-23 00:00:00+00:00,54.53447999999999,54.53447999999999,0.8574457309662673,0.004287228654831336,10,STOP_AFTER_TP1,True
FIS,S3,long,RISK_ON,3,2014-09-10 00:00:00+00:00,2014-09-12 00:00:00+00:00,58.10804999999999,57.26799285714286,-1.0,-0.005,2,SL,False
VFC,S3,long,RISK_ON,3,2014-09-10 00:00:00+00:00,2014-10-07 00:00:00+00:00,64.89482999999998,65.68,0.772313653474805,0.003861568267374025,19,EMA_TRAIL,True
SNA,S3,long,RISK_ON,3,2014-09-10 00:00:00+00:00,2014-09-19 00:00:00+00:00,125.41529,123.63661071428571,-1.0,-0.005,7,SL,False
C,S3,long,RISK_ON,3,2014-09-10 00:00:00+00:00,2014-09-25 00:00:00+00:00,51.881829999999994,51.96,0.3323559935112764,0.0016617799675563822,11,EMA_TRAIL,True
MET,S3,long,RISK_ON,3,2014-09-10 00:00:00+00:00,2014-09-23 00:00:00+00:00,54.7547,54.7547,0.36465289096868153,0.0018232644548434077,9,STOP_AFTER_TP1,True
ETR,S3,long,RISK_ON,3,2014-09-10 00:00:00+00:00,2014-11-12 00:00:00+00:00,76.23615999999998,81.62,3.240583361479092,0.01620291680739546,45,EMA_TRAIL,True
LH,S3,long,RISK_ON,3,2014-09-10 00:00:00+00:00,2014-09-15 00:00:00+00:00,107.26715999999999,106.10964285714286,-1.0,-0.005,3,SL,False
MAS,S3,long,RISK_ON,3,2014-09-10 00:00:00+00:00,2014-09-19 00:00:00+00:00,23.70368,23.70368,0.5827279580406504,0.0029136397902032518,7,STOP_AFTER_TP1,True
JPM,S3,long,RISK_ON,3,2014-09-10 00:00:00+00:00,2014-10-01 00:00:00+00:00,59.279219999999995,59.77,0.785035895537668,0.003925179477688339,15,EMA_TRAIL,True
ECL,S3,long,RISK_ON,3,2014-09-10 00:00:00+00:00,2014-09-15 00:00:00+00:00,114.86474999999999,114.86474999999999,0.28091489221728183,0.001404574461086409,3,STOP_AFTER_TP1,True
AOS,S3,long,RISK_ON,3,2014-09-10 00:00:00+00:00,2014-09-19 00:00:00+00:00,24.534509999999997,24.534509999999997,0.40996852126078803,0.0020498426063039403,7,STOP_AFTER_TP1,True
GGP,S3,long,RISK_ON,3,2014-09-10 00:00:00+00:00,2014-09-11 00:00:00+00:00,24.564539999999997,24.368392857142858,-1.0,-0.005,1,SL,False
SYK,S3,long,RISK_ON,3,2014-09-12 00:00:00+00:00,2014-09-16 00:00:00+00:00,83.54345999999998,82.75317857142858,-1.0,-0.005,2,SL,False
UAL,S3,long,RISK_ON,3,2014-09-15 00:00:00+00:00,2014-09-16 00:00:00+00:00,49.609559999999995,48.441610714285716,-1.0,-0.005,1,SL,False
PGR,S3,long,RISK_ON,3,2014-09-15 00:00:00+00:00,2014-09-22 00:00:00+00:00,25.195169999999997,25.195169999999997,0.28620905887577797,0.00143104529437889,5,STOP_AFTER_TP1,True
AON,S3,long,RISK_ON,3,2014-09-15 00:00:00+00:00,2014-09-16 00:00:00+00:00,87.38729999999998,87.01,-0.3347497235345609,-0.0016737486176728045,1,SMA50_BREAK,False
HRL,S3,long,RISK_ON,3,2014-09-15 00:00:00+00:00,2014-10-15 00:00:00+00:00,25.050024999999994,25.42,1.5813015726679596,0.007906507863339797,22,EMA_TRAIL,True
CAH,S3,long,RISK_ON,3,2014-09-15 00:00:00+00:00,2014-09-17 00:00:00+00:00,75.03495999999998,75.03495999999998,0.41101820432574826,0.0020550910216287415,2,STOP_AFTER_TP1,True
SRE,S3,long,RISK_ON,3,2014-09-16 00:00:00+00:00,2014-09-26 00:00:00+00:00,105.24513999999999,103.01571428571428,-1.0,-0.005,8,SL,False
TRV,S3,long,RISK_ON,3,2014-09-16 00:00:00+00:00,2014-09-23 00:00:00+00:00,93.73364,93.73364,0.2945240417966981,0.0014726202089834907,5,STOP_AFTER_TP1,True
CCI,S3,long,RISK_ON,3,2014-09-16 00:00:00+00:00,2014-10-10 00:00:00+00:00,79.29921999999999,79.29921999999999,0.3241323329043977,0.0016206616645219885,18,STOP_AFTER_TP1,True
ESRX,S3,long,RISK_ON,3,2014-09-16 00:00:00+00:00,2014-09-23 00:00:00+00:00,74.11404,72.61017857142858,-1.0,-0.005,5,SL,False
XYL,S3,long,RISK_ON,3,2014-09-17 00:00:00+00:00,2014-09-25 00:00:00+00:00,37.4374,36.79714285714286,-1.0,-0.005,6,SL,False
DGX,S3,long,RISK_ON,3,2014-09-17 00:00:00+00:00,2014-09-23 00:00:00+00:00,62.98291999999999,61.79,-1.0,-0.005,4,SL,False
UAL,S3,long,RISK_ON,3,2014-09-18 00:00:00+00:00,2014-09-22 00:00:00+00:00,49.94989999999999,47.653821428571426,-1.0,-0.005,2,SL,False
DLTR,S3,long,RISK_ON,3,2014-09-23 00:00:00+00:00,2014-09-25 00:00:00+00:00,55.84078499999999,55.40127142857143,-1.0,-0.005,2,SL,False
ETFC,S3,long,RISK_ON,3,2014-09-23 00:00:00+00:00,2014-09-25 00:00:00+00:00,23.37335,22.814107142857143,-1.0,-0.005,2,SL,False
BRK.B,S3,long,RISK_ON,3,2014-09-23 00:00:00+00:00,2014-09-25 00:00:00+00:00,138.91878,138.0792857142857,-1.0,-0.005,2,SL,False
NKE,S3,long,RISK_ON,3,2014-09-24 00:00:00+00:00,2014-09-25 00:00:00+00:00,40.46042,39.64821428571429,-1.0,-0.005,1,SL,False
MET,S3,long,RISK_ON,3,2014-09-24 00:00:00+00:00,2014-09-25 00:00:00+00:00,55.505449999999996,54.20395357142858,-1.0,-0.005,1,SL,False
A,S3,long,RISK_ON,3,2014-09-24 00:00:00+00:00,2014-09-25 00:00:00+00:00,58.017959999999995,56.89,-0.690141879182428,-0.00345070939591214,1,SMA50_BREAK,False
BLK,S3,long,RISK_ON,3,2014-09-24 00:00:00+00:00,2014-09-25 00:00:00+00:00,329.32899999999995,322.170725,-1.0,-0.005,1,SL,False
SCHW,S3,long,RISK_ON,3,2014-09-26 00:00:00+00:00,2014-10-01 00:00:00+00:00,29.959929999999996,29.034642857142856,-1.0,-0.005,3,SL,False
TXN,S3,long,RISK_ON,3,2014-09-26 00:00:00+00:00,2014-09-30 00:00:00+00:00,48.37832999999999,47.72442857142857,-1.0,-0.005,2,SL,False
CAH,S3,long,RISK_ON,3,2014-09-26 00:00:00+00:00,2014-10-01 00:00:00+00:00,75.75568,74.72203928571429,-1.0,-0.005,3,SL,False
BRK.B,S3,long,RISK_ON,3,2014-09-26 00:00:00+00:00,2014-10-13 00:00:00+00:00,138.81868,136.38,-0.8959495645364647,-0.004479747822682323,11,SMA50_BREAK,False
C,S3,long,RISK_ON,3,2014-09-26 00:00:00+00:00,2014-09-29 00:00:00+00:00,52.542489999999994,51.54533214285714,-1.0,-0.005,1,SL,False
WFC,S5,long,DEFENSIVE,3,2014-10-15 00:00:00+00:00,2014-10-16 00:00:00+00:00,47.89785,48.13,0.15924134856124034,0.0007962067428062017,1,SMA50_BREAK,False
CNP,S5,long,DEFENSIVE,3,2014-10-15 00:00:00+00:00,2014-10-16 00:00:00+00:00,22.162139999999997,22.55,0.35513761971908775,0.0017756880985954388,1,SMA50_BREAK,False
ROP,S2,long,RISK_ON,3,2014-10-31 00:00:00+00:00,2014-12-12 00:00:00+00:00,158.45829999999998,149.89,-0.956580125692678,-0.00478290062846339,29,SMA50_BREAK,False
CRM,S2,long,RISK_ON,3,2014-10-31 00:00:00+00:00,2014-11-20 00:00:00+00:00,64.05399,58.3,-0.8682145160511536,-0.004341072580255768,14,SMA50_BREAK,False
PPL,S3,long,RISK_ON,3,2014-11-03 00:00:00+00:00,2014-11-20 00:00:00+00:00,35.17514,35.17514,0.43268743605045257,0.002163437180252263,13,STOP_AFTER_TP1,True
D,S3,long,RISK_ON,3,2014-11-04 00:00:00+00:00,2014-11-14 00:00:00+00:00,71.89181999999998,71.89181999999998,0.3874200847486227,0.0019371004237431137,8,STOP_AFTER_TP1,True
SLG,S3,long,RISK_ON,3,2014-11-06 00:00:00+00:00,2014-11-07 00:00:00+00:00,115.11499999999998,114.00651785714285,-1.0,-0.005,1,SL,False
MYL,S3,long,RISK_ON,3,2014-11-06 00:00:00+00:00,2014-11-14 00:00:00+00:00,53.55349999999999,53.55349999999999,0.6377461805620817,0.0031887309028104083,6,STOP_AFTER_TP1,True
O,S3,long,RISK_ON,3,2014-11-07 00:00:00+00:00,2014-11-13 00:00:00+00:00,46.91686999999999,46.128503571428574,-1.0,-0.005,4,SL,False
VNO,S3,long,RISK_ON,3,2014-11-07 00:00:00+00:00,2014-11-12 00:00:00+00:00,109.13902999999999,108.15653214285715,-1.0,-0.005,3,SL,False
JBHT,S3,long,RISK_ON,3,2014-11-07 00:00:00+00:00,2014-12-08 00:00:00+00:00,80.03995999999998,80.03995999999998,0.5197282165653996,0.002598641082826998,20,STOP_AFTER_TP1,True
SLG,S3,long,RISK_ON,3,2014-11-07 00:00:00+00:00,2014-11-12 00:00:00+00:00,114.17405999999998,113.1296607142857,-1.0,-0.005,3,SL,False
HST,S3,long,RISK_ON,3,2014-11-07 00:00:00+00:00,2014-11-19 00:00:00+00:00,22.68266,22.415892857142858,-1.0,-0.005,8,SL,False
PM,S3,long,RISK_ON,3,2014-11-07 00:00:00+00:00,2014-11-14 00:00:00+00:00,88.20812,86.64232142857144,-1.0,-0.005,5,SL,False
MAC,S3,long,RISK_ON,3,2014-11-10 00:00:00+00:00,2014-11-17 00:00:00+00:00,69.61954999999999,67.59892857142857,-1.0,-0.005,5,SL,False
AEP,S3,long,RISK_ON,3,2014-11-10 00:00:00+00:00,2014-11-12 00:00:00+00:00,58.438379999999995,56.985,-1.0,-0.005,2,SL,False
KMB,S3,long,RISK_ON,3,2014-11-11 00:00:00+00:00,2014-12-09 00:00:00+00:00,113.48337,113.48337,0.26669169285794503,0.0013334584642897252,19,STOP_AFTER_TP1,True
PGR,S3,long,RISK_ON,3,2014-11-11 00:00:00+00:00,2014-12-09 00:00:00+00:00,26.776749999999996,26.83,0.4737716395985878,0.002368858197992939,19,EMA_TRAIL,True
AYI,S3,long,RISK_ON,3,2014-11-11 00:00:00+00:00,2014-11-18 00:00:00+00:00,139.05891999999997,136.74946428571428,-1.0,-0.005,5,SL,False
SPGI,S3,long,RISK_ON,3,2014-11-11 00:00:00+00:00,2014-12-10 00:00:00+00:00,89.49940999999998,91.55,1.6951583101048875,0.008475791550524438,20,EMA_TRAIL,True
CA,S3,long,RISK_ON,3,2014-11-11 00:00:00+00:00,2014-12-10 00:00:00+00:00,29.609579999999994,30.1,1.2593558628151889,0.006296779314075945,20,EMA_TRAIL,True
PEG,S3,long,RISK_ON,3,2014-11-11 00:00:00+00:00,2014-11-12 00:00:00+00:00,40.99095,40.42142857142857,-1.0,-0.005,1,SL,False
DG,S2,long,RISK_ON,3,2014-11-11 00:00:00+00:00,2015-01-12 00:00:00+00:00,65.60554,67.11,0.4974612575478491,0.0024873062877392455,41,SMA50_BREAK,False
DTE,S3,long,RISK_ON,3,2014-11-11 00:00:00+00:00,2014-11-12 00:00:00+00:00,82.87279,81.76073214285714,-1.0,-0.005,1,SL,False
AIZ,S3,long,RISK_ON,3,2014-11-11 00:00:00+00:00,2014-12-01 00:00:00+00:00,67.87781,67.15428571428572,-1.0,-0.005,13,SL,False
APD,S3,long,RISK_ON,3,2014-11-12 00:00:00+00:00,2014-12-10 00:00:00+00:00,134.92478999999997,142.01,3.176106274214801,0.015880531371074005,19,EMA_TRAIL,True
STX,S3,long,RISK_ON,3,2014-11-12 00:00:00+00:00,2014-12-12 00:00:00+00:00,62.38231999999999,64.04,1.1576656960748841,0.0057883284803744205,21,EMA_TRAIL,True
MHK,S3,long,RISK_ON,3,2014-11-12 00:00:00+00:00,2014-12-16 00:00:00+00:00,143.36321999999998,143.36321999999998,0.40278386184920084,0.002013919309246004,23,STOP_AFTER_TP1,True
NVDA,S3,long,RISK_ON,3,2014-11-12 00:00:00+00:00,2014-12-10 00:00:00+00:00,19.664644999999997,20.27,1.414612824702166,0.0070730641235108305,19,EMA_TRAIL,True
MA,S3,long,RISK_ON,3,2014-11-12 00:00:00+00:00,2014-12-12 00:00:00+00:00,84.43434999999998,84.43434999999998,0.33670662741557705,0.0016835331370778854,21,STOP_AFTER_TP1,True
PCG,S3,long,RISK_ON,3,2014-11-12 00:00:00+00:00,2014-11-25 00:00:00+00:00,50.19013999999999,48.99821428571428,-1.0,-0.005,9,SL,False
SCG,S3,long,RISK_ON,3,2014-11-13 00:00:00+00:00,2014-12-15 00:00:00+00:00,56.045989999999996,56.045989999999996,0.35134701017024145,0.0017567350508512073,21,STOP_AFTER_TP1,True
AEE,S3,long,RISK_ON,3,2014-11-13 00:00:00+00:00,2015-01-06 00:00:00+00:00,42.43239,45.0,3.725402331191586,0.01862701165595793,35,EMA_TRAIL,True
SLG,S3,long,RISK_ON,3,2014-11-13 00:00:00+00:00,2014-12-31 00:00:00+00:00,113.76365,119.02,1.8776937217328438,0.009388468608664218,32,EMA_TRAIL,True
CB,S3,long,RISK_ON,3,2014-11-13 00:00:00+00:00,2014-12-12 00:00:00+00:00,110.76065,113.32,1.8795223958144132,0.009397611979072067,20,EMA_TRAIL,True
STZ,S3,long,RISK_ON,3,2014-11-13 00:00:00+00:00,2014-11-25 00:00:00+00:00,93.46337,93.46337,0.35217948444339037,0.001760897422216952,8,STOP_AFTER_TP1,True
VNO,S3,long,RISK_ON,3,2014-11-13 00:00:00+00:00,2014-12-16 00:00:00+00:00,108.25815,111.8,2.0064930135411894,0.010032465067705948,22,EMA_TRAIL,True
SYK,S3,long,RISK_ON,3,2014-11-14 00:00:00+00:00,2014-12-12 00:00:00+00:00,88.088,92.0,3.885049247573445,0.019425246237867226,19,EMA_TRAIL,True
WDC,S3,long,RISK_ON,3,2014-11-14 00:00:00+00:00,2015-01-05 00:00:00+00:00,98.50840999999998,108.97,3.18834906021988,0.0159417453010994,33,EMA_TRAIL,True
SYY,S3,long,RISK_ON,3,2014-11-14 00:00:00+00:00,2014-12-10 00:00:00+00:00,38.618579999999994,39.41,1.712639810836284,0.00856319905418142,17,EMA_TRAIL,True
RMD,S3,long,RISK_ON,3,2014-11-14 00:00:00+00:00,2015-02-26 00:00:00+00:00,52.422369999999994,64.24,7.174889804355731,0.03587444902177866,69,EMA_TRAIL,True
TAP,S3,long,RISK_ON,3,2014-11-14 00:00:00+00:00,2014-11-19 00:00:00+00:00,75.55547999999999,75.55547999999999,0.6361360141003869,0.0031806800705019346,3,STOP_AFTER_TP1,True
BLK,S3,long,RISK_ON,3,2014-11-14 00:00:00+00:00,2014-12-11 00:00:00+00:00,348.05770999999993,353.83,1.037414750983908,0.0051870737549195405,18,EMA_TRAIL,True
COL,S3,long,RISK_ON,3,2014-11-14 00:00:00+00:00,2014-12-09 00:00:00+00:00,84.23415,84.23415,0.4584687607005172,0.0022923438035025857,16,STOP_AFTER_TP1,True
MYL,S3,long,RISK_ON,3,2014-11-14 00:00:00+00:00,2014-12-10 00:00:00+00:00,54.104049999999994,54.99,0.7776140319538347,0.0038880701597691736,17,EMA_TRAIL,True
HBAN,S3,long,RISK_ON,3,2014-11-14 00:00:00+00:00,2014-11-17 00:00:00+00:00,10.1101,9.988021428571429,-1.0,-0.005,1,SL,False
CINF,S3,long,RISK_ON,3,2014-11-14 00:00:00+00:00,2014-11-19 00:00:00+00:00,51.09103999999999,50.63117857142857,-1.0,-0.005,3,SL,False
AZO,S3,long,RISK_ON,3,2014-11-14 00:00:00+00:00,2015-01-07 00:00:00+00:00,567.67711,607.24,3.8170092985793667,0.019085046492896832,35,EMA_TRAIL,True
CHD,S3,long,RISK_ON,3,2014-11-14 00:00:00+00:00,2015-01-06 00:00:00+00:00,36.801764999999996,38.78,4.254524890647549,0.021272624453237743,34,EMA_TRAIL,True
IVZ,S3,long,RISK_ON,3,2014-11-14 00:00:00+00:00,2014-11-18 00:00:00+00:00,40.190149999999996,39.684285714285714,-1.0,-0.005,2,SL,False
PFG,S3,long,RISK_ON,3,2014-11-14 00:00:00+00:00,2014-12-01 00:00:00+00:00,52.912859999999995,52.912859999999995,0.3531648694426277,0.0017658243472131385,10,STOP_AFTER_TP1,True
MMC,S3,long,RISK_ON,3,2014-11-14 00:00:00+00:00,2014-12-12 00:00:00+00:00,55.82577,56.5,0.9798674172565471,0.004899337086282735,19,EMA_TRAIL,True
TXT,S3,long,RISK_ON,3,2014-11-14 00:00:00+00:00,2014-12-08 00:00:00+00:00,41.78174,41.78174,0.45699571080350265,0.0022849785540175133,15,STOP_AFTER_TP1,True
WAT,S3,long,RISK_ON,3,2014-11-14 00:00:00+00:00,2014-12-10 00:00:00+00:00,112.59248,112.59248,0.457087908411872,0.0022854395420593603,17,STOP_AFTER_TP1,True
BSX,S3,long,RISK_ON,3,2014-11-14 00:00:00+00:00,2014-11-19 00:00:00+00:00,13.373359999999998,13.373359999999998,0.34641989628247993,0.0017320994814123997,3,STOP_AFTER_TP1,True
AMP,S3,long,RISK_ON,3,2014-11-14 00:00:00+00:00,2014-11-19 00:00:00+00:00,129.50938,129.50938,0.2931518141983235,0.0014657590709916174,3,STOP_AFTER_TP1,True
ZBH,S3,long,RISK_ON,3,2014-11-14 00:00:00+00:00,2014-11-20 00:00:00+00:00,110.23012,110.23012,0.3121112613751911,0.0015605563068759555,4,STOP_AFTER_TP1,True
HON,S3,long,RISK_ON,3,2014-11-14 00:00:00+00:00,2014-11-19 00:00:00+00:00,96.88678999999999,96.01221428571428,-1.0,-0.005,3,SL,False
JPM,S3,long,RISK_ON,3,2014-11-14 00:00:00+00:00,2014-11-28 00:00:00+00:00,60.34027999999999,59.555353571428576,-1.0,-0.005,9,SL,False
O,S3,long,RISK_ON,3,2014-11-17 00:00:00+00:00,2014-12-05 00:00:00+00:00,46.11606999999999,45.003392857142856,-1.0,-0.005,13,SL,False
D,S3,long,RISK_ON,3,2014-11-17 00:00:00+00:00,2015-01-30 00:00:00+00:00,72.23216,76.89,2.3053203863555343,0.011526601931777672,50,EMA_TRAIL,True
URI,S3,long,RISK_ON,3,2014-11-17 00:00:00+00:00,2014-11-28 00:00:00+00:00,113.12301,113.12301,0.28452886324776155,0.0014226443162388077,8,STOP_AFTER_TP1,True
DFS,S3,long,RISK_ON,3,2014-11-17 00:00:00+00:00,2014-11-20 00:00:00+00:00,65.30523999999998,63.904282142857134,-1.0,-0.005,3,SL,False
RHT,S2,long,RISK_ON,3,2014-11-17 00:00:00+00:00,2014-12-08 00:00:00+00:00,63.062999999999995,60.10228214285715,-1.0,-0.005,14,SL,False
DTE,S3,long,RISK_ON,3,2014-11-17 00:00:00+00:00,2015-02-04 00:00:00+00:00,81.18109999999999,88.62,2.516748714452392,0.012583743572261961,53,EMA_TRAIL,True
AEP,S3,long,RISK_ON,3,2014-11-17 00:00:00+00:00,2015-01-30 00:00:00+00:00,57.24718999999999,62.81,2.2585170522207787,0.011292585261103895,50,EMA_TRAIL,True
SWK,S3,long,RISK_ON,3,2014-11-17 00:00:00+00:00,2014-11-28 00:00:00+00:00,95.27517999999999,94.16974642857143,-1.0,-0.005,8,SL,False
MAC,S3,long,RISK_ON,3,2014-11-17 00:00:00+00:00,2015-01-28 00:00:00+00:00,68.61854999999998,86.59,5.933278241031815,0.029666391205159074,48,EMA_TRAIL,True
CDNS,S3,long,RISK_ON,3,2014-11-17 00:00:00+00:00,2014-12-09 00:00:00+00:00,18.103085,18.41,1.7404183446882895,0.008702091723441448,15,EMA_TRAIL,True
SNPS,S3,long,RISK_ON,3,2014-11-17 00:00:00+00:00,2014-11-19 00:00:00+00:00,41.84179999999999,41.84179999999999,0.3173730248869364,0.0015868651244346822,2,STOP_AFTER_TP1,True
XRX,S3,long,RISK_ON,3,2014-11-17 00:00:00+00:00,2014-11-19 00:00:00+00:00,54.01396,54.01396,0.27083613690396036,0.0013541806845198017,2,STOP_AFTER_TP1,True
CMCSA,S3,long,RISK_ON,3,2014-11-18 00:00:00+00:00,2014-12-10 00:00:00+00:00,27.237209999999997,27.785,0.8578916806276822,0.004289458403138411,15,EMA_TRAIL,True
ETFC,S3,long,RISK_ON,3,2014-11-18 00:00:00+00:00,2014-11-19 00:00:00+00:00,22.932909999999996,22.55467857142857,-1.0,-0.005,1,SL,False
TSS,S3,long,RISK_ON,3,2014-11-18 00:00:00+00:00,2014-11-19 00:00:00+00:00,32.80277,32.47982142857143,-1.0,-0.005,1,SL,False
PEG,S3,long,RISK_ON,3,2014-11-18 00:00:00+00:00,2014-12-31 00:00:00+00:00,40.62058,41.41,0.6271768666893476,0.003135884333446738,29,EMA_TRAIL,True
VZ,S3,long,RISK_ON,3,2014-11-18 00:00:00+00:00,2014-11-19 00:00:00+00:00,51.27121999999999,50.722857142857144,-1.0,-0.005,1,SL,False
AYI,S3,long,RISK_ON,3,2014-11-18 00:00:00+00:00,2014-11-28 00:00:00+00:00,138.75861999999998,138.75861999999998,0.34381902768008815,0.0017190951384004408,7,STOP_AFTER_TP1,True
EXC,S3,long,RISK_ON,3,2014-11-19 00:00:00+00:00,2014-11-25 00:00:00+00:00,36.08604999999999,35.037499999999994,-1.0,-0.005,4,SL,False
SCHW,S3,long,RISK_ON,3,2014-11-19 00:00:00+00:00,2014-11-20 00:00:00+00:00,28.548519999999996,28.055639285714285,-1.0,-0.005,1,SL,False
ETFC,S3,long,RISK_ON,3,2014-11-19 00:00:00+00:00,2014-11-20 00:00:00+00:00,22.69267,22.14467857142857,-1.0,-0.005,1,SL,False
HON,S3,long,RISK_ON,3,2014-11-19 00:00:00+00:00,2014-12-10 00:00:00+00:00,96.66656999999998,97.5,0.811125083638643,0.004055625418193215,14,EMA_TRAIL,True
LNT,S3,long,RISK_ON,3,2014-11-19 00:00:00+00:00,2014-12-15 00:00:00+00:00,31.306274999999996,31.306274999999996,0.2673115237011482,0.001336557618505741,17,STOP_AFTER_TP1,True
XRX,S3,long,RISK_ON,3,2014-11-19 00:00:00+00:00,2014-12-10 00:00:00+00:00,53.77371999999999,54.4,0.9824903516878025,0.004912451758439013,14,EMA_TRAIL,True
IDXX,S3,long,RISK_ON,3,2014-11-19 00:00:00+00:00,2014-12-08 00:00:00+00:00,74.36429,73.28107142857142,-1.0,-0.005,12,SL,False
IP,S3,long,RISK_ON,3,2014-11-20 00:00:00+00:00,2014-11-26 00:00:00+00:00,53.79373999999999,53.207825,-1.0,-0.005,4,SL,False
ETR,S3,long,RISK_ON,3,2014-11-20 00:00:00+00:00,2014-11-25 00:00:00+00:00,82.31223,81.20185714285715,-1.0,-0.005,3,SL,False
CI,S3,long,RISK_ON,3,2014-11-20 00:00:00+00:00,2014-12-10 00:00:00+00:00,102.31220999999998,102.31220999999998,0.5729756599659757,0.0028648782998298783,13,STOP_AFTER_TP1,True
HST,S3,long,RISK_ON,3,2014-11-20 00:00:00+00:00,2014-12-15 00:00:00+00:00,22.78276,23.25,0.7462793623542113,0.0037313968117710567,16,EMA_TRAIL,True
IVZ,S3,long,RISK_ON,3,2014-11-20 00:00:00+00:00,2014-12-10 00:00:00+00:00,39.939899999999994,40.26,0.7038366733305271,0.0035191833666526357,13,EMA_TRAIL,True
DAL,S3,long,RISK_ON,3,2014-11-20 00:00:00+00:00,2014-11-21 00:00:00+00:00,44.00396,43.13432142857143,-1.0,-0.005,1,SL,False
TSS,S3,long,RISK_ON,3,2014-11-21 00:00:00+00:00,2015-01-06 00:00:00+00:00,32.84281,33.34,0.8378084541613295,0.0041890422708066475,29,EMA_TRAIL,True
TAP,S3,long,RISK_ON,3,2014-11-21 00:00:00+00:00,2014-12-03 00:00:00+00:00,75.68561,73.6057142857143,-1.0,-0.005,7,SL,False
ANSS,S2,long,RISK_ON,3,2014-11-21 00:00:00+00:00,2015-01-06 00:00:00+00:00,81.93184999999998,79.26,-0.7191250359265469,-0.0035956251796327343,29,SMA50_BREAK,False
PPL,S3,long,RISK_ON,3,2014-11-21 00:00:00+00:00,2014-12-15 00:00:00+00:00,35.54550999999999,34.824999999999996,-1.0,-0.005,15,SL,False
DAL,S3,long,RISK_ON,3,2014-11-24 00:00:00+00:00,2014-12-16 00:00:00+00:00,43.553509999999996,45.38,1.4813654953663389,0.007406827476831694,15,EMA_TRAIL,True
BSX,S3,long,RISK_ON,3,2014-11-24 00:00:00+00:00,2014-11-25 00:00:00+00:00,13.153139999999999,12.767857142857142,-1.0,-0.005,1,SL,False
DFS,S3,long,RISK_ON,3,2014-11-24 00:00:00+00:00,2014-12-10 00:00:00+00:00,65.22515999999999,63.80303571428571,-1.0,-0.005,11,SL,False
SCHW,S3,long,RISK_ON,3,2014-11-24 00:00:00+00:00,2014-12-01 00:00:00+00:00,28.44842,27.992425,-1.0,-0.005,4,SL,False
ETFC,S3,long,RISK_ON,3,2014-11-25 00:00:00+00:00,2014-12-01 00:00:00+00:00,22.902879999999996,22.543107142857142,-1.0,-0.005,3,SL,False
IP,S3,long,RISK_ON,3,2014-11-26 00:00:00+00:00,2014-12-01 00:00:00+00:00,53.42336999999999,52.688964285714285,-1.0,-0.005,2,SL,False
CINF,S3,long,RISK_ON,3,2014-11-26 00:00:00+00:00,2014-12-12 00:00:00+00:00,50.930879999999995,50.930879999999995,0.3718872258623494,0.001859436129311747,11,STOP_AFTER_TP1,True
LNC,S3,long,RISK_ON,3,2014-11-26 00:00:00+00:00,2014-11-28 00:00:00+00:00,57.62756999999999,56.839282142857144,-1.0,-0.005,1,SL,False
CMG,S3,long,RISK_ON,3,2014-11-26 00:00:00+00:00,2014-12-03 00:00:00+00:00,660.8702099999999,651.27,-0.8416654617044611,-0.004208327308522305,4,SMA50_BREAK,False
ETR,S3,long,RISK_ON,3,2014-11-26 00:00:00+00:00,2014-12-05 00:00:00+00:00,82.25216999999999,82.25216999999999,0.39755734212434934,0.001987786710621747,6,STOP_AFTER_TP1,True
PCG,S3,long,RISK_ON,3,2014-11-26 00:00:00+00:00,2014-12-05 00:00:00+00:00,49.98993999999999,49.98993999999999,0.35119401090193303,0.0017559700545096652,6,STOP_AFTER_TP1,True
NTRS,S3,long,RISK_ON,3,2014-11-26 00:00:00+00:00,2014-12-01 00:00:00+00:00,67.67760999999999,67.03287499999999,-1.0,-0.005,2,SL,False
SWK,S3,long,RISK_ON,3,2014-11-28 00:00:00+00:00,2014-12-01 00:00:00+00:00,94.53443999999999,93.29893214285714,-1.0,-0.005,1,SL,False
BK,S3,long,RISK_ON,3,2014-11-28 00:00:00+00:00,2014-12-01 00:00:00+00:00,40.070029999999996,39.75017857142857,-1.0,-0.005,1,SL,False
LNC,S3,long,RISK_ON,3,2014-11-28 00:00:00+00:00,2014-12-01 00:00:00+00:00,56.686629999999994,56.10928214285715,-1.0,-0.005,1,SL,False
MTD,S3,long,RISK_ON,3,2014-11-28 00:00:00+00:00,2014-12-08 00:00:00+00:00,293.55325999999997,293.55325999999997,0.6094136704403625,0.003047068352201813,6,STOP_AFTER_TP1,True
HBAN,S3,long,RISK_ON,3,2014-11-28 00:00:00+00:00,2014-12-01 00:00:00+00:00,10.120109999999999,10.016785714285714,-1.0,-0.005,1,SL,False
ITW,S3,long,RISK_ON,3,2014-11-28 00:00:00+00:00,2014-12-01 00:00:00+00:00,95.02493,94.316575,-1.0,-0.005,1,SL,False
HOLX,S3,long,RISK_ON,3,2014-12-01 00:00:00+00:00,2014-12-12 00:00:00+00:00,26.356329999999996,26.13157142857143,-1.0,-0.005,9,SL,False
EQIX,S3,long,RISK_ON,3,2014-12-01 00:00:00+00:00,2014-12-15 00:00:00+00:00,224.40417999999997,224.40417999999997,0.6703155668420153,0.0033515778342100766,10,STOP_AFTER_TP1,True
JNJ,S3,long,RISK_ON,3,2014-12-01 00:00:00+00:00,2014-12-10 00:00:00+00:00,108.13802999999999,106.8069,-1.0,-0.005,7,SL,False
ZBH,S3,long,RISK_ON,3,2014-12-01 00:00:00+00:00,2014-12-10 00:00:00+00:00,111.58146999999998,111.58146999999998,0.5101683424876176,0.002550841712438088,7,STOP_AFTER_TP1,True
DGX,S3,long,RISK_ON,3,2014-12-01 00:00:00+00:00,2014-12-04 00:00:00+00:00,64.74468,64.74468,0.2872570818053162,0.0014362854090265809,3,STOP_AFTER_TP1,True
WU,S3,long,RISK_ON,3,2014-12-01 00:00:00+00:00,2014-12-10 00:00:00+00:00,18.168149999999997,18.004282142857143,-1.0,-0.005,7,SL,False
COO,S3,long,RISK_ON,3,2014-12-01 00:00:00+00:00,2014-12-02 00:00:00+00:00,166.88671999999997,164.91160714285712,-1.0,-0.005,1,SL,False
AMP,S3,long,RISK_ON,3,2014-12-01 00:00:00+00:00,2014-12-12 00:00:00+00:00,130.81068,130.81068,0.36988540294521943,0.0018494270147260971,9,STOP_AFTER_TP1,True
MON,S3,long,RISK_ON,3,2014-12-01 00:00:00+00:00,2014-12-02 00:00:00+00:00,118.96884999999997,117.66925,-1.0,-0.005,1,SL,False
HOG,S3,long,RISK_ON,3,2014-12-01 00:00:00+00:00,2014-12-09 00:00:00+00:00,68.80873999999999,68.80873999999999,0.5169643471333836,0.0025848217356669177,6,STOP_AFTER_TP1,True
ESS,S3,long,RISK_ON,3,2014-12-01 00:00:00+00:00,2014-12-02 00:00:00+00:00,201.73153,199.98203571428573,-1.0,-0.005,1,SL,False
MCK,S3,long,RISK_ON,3,2014-12-01 00:00:00+00:00,2014-12-09 00:00:00+00:00,209.00879999999998,209.00879999999998,0.2695386021563627,0.0013476930107818137,6,STOP_AFTER_TP1,True
BA,S3,long,RISK_ON,3,2014-12-01 00:00:00+00:00,2014-12-04 00:00:00+00:00,132.52238999999997,131.24208571428574,-1.0,-0.005,3,SL,False
PH,S3,long,RISK_ON,3,2014-12-02 00:00:00+00:00,2014-12-10 00:00:00+00:00,128.77865,125.33472499999999,-1.0,-0.005,6,SL,False
AIZ,S3,long,RISK_ON,3,2014-12-02 00:00:00+00:00,2014-12-10 00:00:00+00:00,67.90784,67.90784,0.34552569068670175,0.0017276284534335088,6,STOP_AFTER_TP1,True
STZ,S3,long,RISK_ON,3,2014-12-02 00:00:00+00:00,2014-12-03 00:00:00+00:00,94.61451999999998,93.5675,-1.0,-0.005,1,SL,False
FRT,S3,long,RISK_ON,3,2014-12-02 00:00:00+00:00,2014-12-15 00:00:00+00:00,132.66252999999998,129.98734642857144,-1.0,-0.005,9,SL,False
MON,S3,long,RISK_ON,3,2014-12-02 00:00:00+00:00,2014-12-12 00:00:00+00:00,118.93881999999998,118.93881999999998,0.26733452542010655,0.0013366726271005329,8,STOP_AFTER_TP1,True
HRB,S2,long,RISK_ON,3,2014-12-02 00:00:00+00:00,2014-12-09 00:00:00+00:00,34.33429999999999,33.021078571428575,-1.0,-0.005,5,SL,False
MSFT,S3,long,RISK_ON,3,2014-12-02 00:00:00+00:00,2014-12-09 00:00:00+00:00,48.50845999999999,47.324289285714286,-1.0,-0.005,5,SL,False
MKC,S3,long,RISK_ON,3,2014-12-03 00:00:00+00:00,2014-12-10 00:00:00+00:00,73.40333,72.53768928571428,-1.0,-0.005,5,SL,False
DRE,S3,long,RISK_ON,3,2014-12-03 00:00:00+00:00,2014-12-15 00:00:00+00:00,19.399379999999997,19.01964285714286,-1.0,-0.005,8,SL,False
PSA,S3,long,RISK_ON,3,2014-12-03 00:00:00+00:00,2014-12-05 00:00:00+00:00,186.31613,183.73189642857145,-1.0,-0.005,2,SL,False
NEE,S3,long,RISK_ON,3,2014-12-03 00:00:00+00:00,2014-12-04 00:00:00+00:00,104.49439,103.20872142857144,-1.0,-0.005,1,SL,False
UDR,S3,long,RISK_ON,3,2014-12-04 00:00:00+00:00,2014-12-15 00:00:00+00:00,30.800769999999996,30.800769999999996,0.28038409372035444,0.0014019204686017723,7,STOP_AFTER_TP1,True
KIM,S3,long,RISK_ON,3,2014-12-04 00:00:00+00:00,2014-12-05 00:00:00+00:00,25.48546,25.18357142857143,-1.0,-0.005,1,SL,False
RE,S3,long,RISK_ON,3,2014-12-04 00:00:00+00:00,2014-12-09 00:00:00+00:00,174.78461,172.8453607142857,-1.0,-0.005,3,SL,False
BA,S3,long,RISK_ON,3,2014-12-04 00:00:00+00:00,2014-12-08 00:00:00+00:00,131.45131999999998,130.01995,-1.0,-0.005,2,SL,False
STZ,S3,long,RISK_ON,3,2014-12-04 00:00:00+00:00,2014-12-10 00:00:00+00:00,94.27418,92.32742499999999,-1.0,-0.005,4,SL,False
KMI,S3,long,RISK_ON,3,2014-12-04 00:00:00+00:00,2014-12-08 00:00:00+00:00,41.501459999999994,40.44046071428571,-1.0,-0.005,2,SL,False
CTSH,S3,long,RISK_ON,3,2014-12-04 00:00:00+00:00,2014-12-05 00:00:00+00:00,53.573519999999995,52.9225,-1.0,-0.005,1,SL,False
TIF,S3,long,RISK_ON,3,2014-12-05 00:00:00+00:00,2014-12-09 00:00:00+00:00,107.56745999999998,105.40787499999999,-1.0,-0.005,2,SL,False
VMC,S3,long,RISK_ON,3,2014-12-05 00:00:00+00:00,2014-12-08 00:00:00+00:00,66.73666999999999,65.871875,-1.0,-0.005,1,SL,False
SPG,S3,long,RISK_ON,3,2014-12-05 00:00:00+00:00,2014-12-12 00:00:00+00:00,181.01083,181.01083,0.2793444469408213,0.0013967222347041064,5,STOP_AFTER_TP1,True
CSCO,S3,long,RISK_ON,3,2014-12-05 00:00:00+00:00,2014-12-08 00:00:00+00:00,27.527499999999996,27.209285714285713,-1.0,-0.005,1,SL,False
SO,S3,long,RISK_ON,3,2014-12-05 00:00:00+00:00,2014-12-15 00:00:00+00:00,47.58754,47.58754,0.35489039016595975,0.0017744519508297988,6,STOP_AFTER_TP1,True
XEL,S3,long,RISK_ON,3,2014-12-05 00:00:00+00:00,2014-12-15 00:00:00+00:00,34.56453,34.56453,0.28133585980616993,0.0014066792990308497,6,STOP_AFTER_TP1,True
NUE,S3,long,RISK_ON,3,2014-12-08 00:00:00+00:00,2014-12-10 00:00:00+00:00,54.07402,53.383607142857144,-1.0,-0.005,2,SL,False
ACN,S3,long,RISK_ON,3,2014-12-08 00:00:00+00:00,2014-12-12 00:00:00+00:00,85.26518,83.51964285714286,-1.0,-0.005,4,SL,False
CSCO,S3,long,RISK_ON,3,2014-12-08 00:00:00+00:00,2014-12-09 00:00:00+00:00,27.257229999999996,26.96535714285714,-1.0,-0.005,1,SL,False
KIM,S3,long,RISK_ON,3,2014-12-08 00:00:00+00:00,2014-12-15 00:00:00+00:00,25.48546,25.005714285714287,-1.0,-0.005,5,SL,False
FIS,S3,long,RISK_ON,3,2014-12-08 00:00:00+00:00,2014-12-09 00:00:00+00:00,61.34128,60.61224285714285,-1.0,-0.005,1,SL,False
PSA,S3,long,RISK_ON,3,2014-12-08 00:00:00+00:00,2014-12-12 00:00:00+00:00,185.71552999999997,182.40118214285715,-1.0,-0.005,4,SL,False
KMI,S3,long,RISK_ON,3,2014-12-09 00:00:00+00:00,2014-12-15 00:00:00+00:00,40.69064999999999,38.825717857142855,-1.0,-0.005,4,SL,False
TIF,S3,long,RISK_ON,3,2014-12-09 00:00:00+00:00,2014-12-15 00:00:00+00:00,106.31620999999998,102.70649285714285,-1.0,-0.005,4,SL,False
DGX,S3,long,RISK_ON,3,2014-12-09 00:00:00+00:00,2014-12-12 00:00:00+00:00,64.91484999999999,63.71035714285715,-1.0,-0.005,3,SL,False
VMC,S3,long,RISK_ON,3,2014-12-09 00:00:00+00:00,2014-12-10 00:00:00+00:00,66.09603,63.74901785714286,-1.0,-0.005,1,SL,False
AMAT,S3,long,RISK_ON,3,2014-12-10 00:00:00+00:00,2014-12-15 00:00:00+00:00,23.80378,23.361607142857142,-1.0,-0.005,3,SL,False
FOX,S3,long,RISK_ON,3,2014-12-10 00:00:00+00:00,2014-12-12 00:00:00+00:00,35.64561,35.20910714285714,-1.0,-0.005,2,SL,False
CMS,S3,long,RISK_ON,3,2014-12-10 00:00:00+00:00,2014-12-15 00:00:00+00:00,33.48345,33.14142857142857,-1.0,-0.005,3,SL,False
LLY,S3,long,RISK_ON,3,2014-12-10 00:00:00+00:00,2014-12-12 00:00:00+00:00,71.12104999999998,71.12104999999998,0.8906241425859467,0.004453120712929733,2,STOP_AFTER_TP1,True
AWK,S3,long,RISK_ON,3,2014-12-10 00:00:00+00:00,2014-12-15 00:00:00+00:00,52.542489999999994,52.071621428571426,-1.0,-0.005,3,SL,False
UHS,S3,long,RISK_ON,3,2014-12-10 00:00:00+00:00,2014-12-16 00:00:00+00:00,106.51640999999998,104.58703571428572,-1.0,-0.005,4,SL,False
XL,S3,long,RISK_ON,3,2014-12-10 00:00:00+00:00,2014-12-11 00:00:00+00:00,35.46543,35.214642857142856,-1.0,-0.005,1,SL,False
AIZ,S3,long,RISK_ON,3,2014-12-11 00:00:00+00:00,2014-12-12 00:00:00+00:00,68.05798999999999,66.91807142857142,-1.0,-0.005,1,SL,False
FIS,S3,long,RISK_ON,3,2014-12-11 00:00:00+00:00,2014-12-12 00:00:00+00:00,61.05099,60.24446428571429,-1.0,-0.005,1,SL,False
ALGN,S3,long,RISK_ON,3,2014-12-11 00:00:00+00:00,2014-12-12 00:00:00+00:00,56.516459999999995,55.88591785714286,-1.0,-0.005,1,SL,False
CSCO,S3,long,RISK_ON,3,2014-12-11 00:00:00+00:00,2014-12-15 00:00:00+00:00,27.016989999999996,26.583214285714284,-1.0,-0.005,2,SL,False
MKC,S3,long,RISK_ON,3,2014-12-11 00:00:00+00:00,2014-12-15 00:00:00+00:00,73.35328,71.85821428571428,-1.0,-0.005,2,SL,False
KMB,S3,long,RISK_ON,3,2014-12-11 00:00:00+00:00,2014-12-15 00:00:00+00:00,114.15404,112.37606428571428,-1.0,-0.005,2,SL,False
CI,S3,long,RISK_ON,3,2014-12-11 00:00:00+00:00,2014-12-15 00:00:00+00:00,102.53242999999999,101.4407142857143,-1.0,-0.005,2,SL,False
WYN,S3,long,RISK_ON,3,2014-12-11 00:00:00+00:00,2014-12-15 00:00:00+00:00,83.4834,82.32696071428572,-1.0,-0.005,2,SL,False
MCK,S3,long,RISK_ON,3,2014-12-11 00:00:00+00:00,2014-12-12 00:00:00+00:00,209.79958999999997,206.38392857142858,-1.0,-0.005,1,SL,False
OMC,S3,long,RISK_ON,3,2014-12-11 00:00:00+00:00,2014-12-12 00:00:00+00:00,77.58751,76.93078571428572,-1.0,-0.005,1,SL,False
HRB,S1,long,DEFENSIVE,3,2014-12-15 00:00:00+00:00,2014-12-16 00:00:00+00:00,32.16213,31.6,-0.2880694076469332,-0.001440347038234666,1,SMA50_BREAK,False
ACN,S1,long,DEFENSIVE,3,2014-12-16 00:00:00+00:00,2015-01-05 00:00:00+00:00,82.95286999999999,87.34,0.8397571085265905,0.0041987855426329525,12,EMA_TRAIL,True
HRB,S1,long,DEFENSIVE,3,2014-12-17 00:00:00+00:00,2015-01-05 00:00:00+00:00,32.852819999999994,32.48,-0.1464710157738615,-0.0007323550788693075,11,SMA50_BREAK,False
EXPE,S3,long,RISK_ON,3,2014-12-18 00:00:00+00:00,2014-12-31 00:00:00+00:00,87.87778999999999,85.36,-0.6878662619628495,-0.0034393313098142475,8,SMA50_BREAK,False
LLY,S3,long,RISK_ON,3,2014-12-22 00:00:00+00:00,2014-12-23 00:00:00+00:00,71.49141999999999,69.39267857142858,-1.0,-0.005,1,SL,False
AWK,S3,long,RISK_ON,3,2014-12-22 00:00:00+00:00,2015-01-05 00:00:00+00:00,52.542489999999994,53.11,0.8323451042792309,0.004161725521396154,8,EMA_TRAIL,True
C,S3,long,RISK_ON,3,2014-12-22 00:00:00+00:00,2015-01-05 00:00:00+00:00,54.01396,52.90089285714286,-1.0,-0.005,8,SL,False
HOLX,S3,long,RISK_ON,3,2014-12-23 00:00:00+00:00,2015-01-02 00:00:00+00:00,26.816789999999997,26.446642857142855,-1.0,-0.005,6,SL,False
ARE,S3,long,RISK_ON,3,2014-12-24 00:00:00+00:00,2015-02-06 00:00:00+00:00,89.31922999999999,94.27,6.351224048878319,0.031756120244391596,29,EMA_TRAIL,True
SYY,S3,long,RISK_ON,3,2014-12-24 00:00:00+00:00,2014-12-31 00:00:00+00:00,40.63059,40.22625357142857,-1.0,-0.005,4,SL,False
SPG,S3,long,RISK_ON,3,2014-12-24 00:00:00+00:00,2014-12-31 00:00:00+00:00,185.30512,183.46625,-1.0,-0.005,4,SL,False
ZBH,S3,long,RISK_ON,3,2014-12-24 00:00:00+00:00,2015-01-02 00:00:00+00:00,114.22410999999998,112.05071428571428,-1.0,-0.005,5,SL,False
CINF,S3,long,RISK_ON,3,2014-12-24 00:00:00+00:00,2015-01-05 00:00:00+00:00,52.23217999999999,51.212071428571434,-1.0,-0.005,6,SL,False
MCK,S3,long,RISK_ON,3,2014-12-24 00:00:00+00:00,2015-01-02 00:00:00+00:00,209.99978999999996,206.73785714285714,-1.0,-0.005,5,SL,False
LLY,S3,long,RISK_ON,3,2014-12-26 00:00:00+00:00,2014-12-31 00:00:00+00:00,70.46038999999999,69.14464285714287,-1.0,-0.005,3,SL,False
MMC,S3,long,RISK_ON,3,2014-12-26 00:00:00+00:00,2014-12-31 00:00:00+00:00,58.11805999999999,57.65985714285714,-1.0,-0.005,3,SL,False
OMC,S3,long,RISK_ON,3,2014-12-26 00:00:00+00:00,2015-01-02 00:00:00+00:00,77.53745999999998,76.34964285714287,-1.0,-0.005,4,SL,False
ALGN,S3,long,RISK_ON,3,2014-12-26 00:00:00+00:00,2014-12-31 00:00:00+00:00,56.71665999999999,55.867021428571434,-1.0,-0.005,3,SL,False
CI,S3,long,RISK_ON,3,2014-12-26 00:00:00+00:00,2014-12-31 00:00:00+00:00,104.10399999999998,103.00249642857143,-1.0,-0.005,3,SL,False
EQR,S3,long,RISK_ON,3,2014-12-26 00:00:00+00:00,2014-12-31 00:00:00+00:00,73.66359,72.514375,-1.0,-0.005,3,SL,False
EFX,S3,long,RISK_ON,3,2014-12-29 00:00:00+00:00,2014-12-31 00:00:00+00:00,81.84176,80.92999999999999,-1.0,-0.005,2,SL,False
AMP,S3,long,RISK_ON,3,2014-12-29 00:00:00+00:00,2014-12-31 00:00:00+00:00,135.44530999999998,133.22821428571427,-1.0,-0.005,2,SL,False
FB,S3,long,RISK_ON,3,2014-12-29 00:00:00+00:00,2014-12-31 00:00:00+00:00,80.10001999999999,78.81892857142857,-1.0,-0.005,2,SL,False
MKC,S3,long,RISK_ON,3,2014-12-29 00:00:00+00:00,2014-12-31 00:00:00+00:00,76.00592999999999,75.03326785714285,-1.0,-0.005,2,SL,False
EQIX,S3,long,RISK_ON,3,2014-12-29 00:00:00+00:00,2014-12-31 00:00:00+00:00,230.20997999999997,227.10334285714285,-1.0,-0.005,2,SL,False
NDAQ,S3,long,RISK_ON,3,2014-12-30 00:00:00+00:00,2014-12-31 00:00:00+00:00,48.67863,47.96892857142857,-1.0,-0.005,1,SL,False
APD,S3,long,RISK_ON,3,2014-12-30 00:00:00+00:00,2014-12-31 00:00:00+00:00,146.58643999999998,144.75185714285715,-1.0,-0.005,1,SL,False
APH,S3,long,RISK_ON,3,2014-12-30 00:00:00+00:00,2014-12-31 00:00:00+00:00,54.53447999999999,54.02928571428571,-1.0,-0.005,1,SL,False
FOX,S3,long,RISK_ON,3,2014-12-30 00:00:00+00:00,2015-01-02 00:00:00+00:00,37.21718,36.659464285714286,-1.0,-0.005,2,SL,False
KMB,S3,long,RISK_ON,3,2014-12-30 00:00:00+00:00,2014-12-31 00:00:00+00:00,117.46734999999998,116.22267857142857,-1.0,-0.005,1,SL,False
KIM,S3,long,RISK_ON,3,2014-12-30 00:00:00+00:00,2014-12-31 00:00:00+00:00,25.675649999999997,25.468417857142857,-1.0,-0.005,1,SL,False
UDR,S3,long,RISK_ON,3,2014-12-30 00:00:00+00:00,2014-12-31 00:00:00+00:00,31.54151,31.20214285714286,-1.0,-0.005,1,SL,False
FIS,S3,long,RISK_ON,3,2014-12-30 00:00:00+00:00,2014-12-31 00:00:00+00:00,63.22315999999999,62.66107142857143,-1.0,-0.005,1,SL,False
MON,S3,long,RISK_ON,3,2014-12-30 00:00:00+00:00,2014-12-31 00:00:00+00:00,121.23110999999999,119.57285714285713,-1.0,-0.005,1,SL,False
AMAT,S3,long,RISK_ON,3,2014-12-30 00:00:00+00:00,2015-01-02 00:00:00+00:00,25.245219999999996,24.734464285714285,-1.0,-0.005,2,SL,False
WY,S3,long,RISK_ON,3,2014-12-30 00:00:00+00:00,2014-12-31 00:00:00+00:00,36.47644,36.049464285714286,-1.0,-0.005,1,SL,False
ESS,S3,long,RISK_ON,3,2014-12-30 00:00:00+00:00,2014-12-31 00:00:00+00:00,210.17996999999997,207.4762357142857,-1.0,-0.005,1,SL,False
USB,S3,long,RISK_ON,3,2014-12-30 00:00:00+00:00,2014-12-31 00:00:00+00:00,45.60556,45.00396785714286,-1.0,-0.005,1,SL,False
HCP,S3,long,RISK_ON,3,2014-12-30 00:00:00+00:00,2014-12-31 00:00:00+00:00,44.73468999999999,44.03,-0.8800249048673316,-0.004400124524336658,1,SMA50_BREAK,False
PCG,S3,long,RISK_ON,3,2014-12-31 00:00:00+00:00,2015-02-06 00:00:00+00:00,53.29324,56.06,3.865987560048491,0.019329937800242458,25,EMA_TRAIL,True
EFX,S3,long,RISK_ON,3,2014-12-31 00:00:00+00:00,2015-01-06 00:00:00+00:00,80.95087,80.33892857142857,-1.0,-0.005,3,SL,False
XEL,S3,long,RISK_ON,3,2014-12-31 00:00:00+00:00,2015-02-06 00:00:00+00:00,35.95592,35.95592,1.271132742858185,0.006355663714290924,25,STOP_AFTER_TP1,True
WFC,S3,long,RISK_ON,3,2014-12-31 00:00:00+00:00,2015-01-02 00:00:00+00:00,54.87481999999999,54.402321428571426,-1.0,-0.005,1,SL,False
CSCO,S3,long,RISK_ON,3,2014-12-31 00:00:00+00:00,2015-01-02 00:00:00+00:00,27.842814999999998,27.572249999999997,-1.0,-0.005,1,SL,False
REG,S3,long,RISK_ON,3,2014-12-31 00:00:00+00:00,2015-02-06 00:00:00+00:00,63.843779999999995,67.37,4.762307051340313,0.023811535256701568,25,EMA_TRAIL,True
LNT,S3,long,RISK_ON,3,2014-12-31 00:00:00+00:00,2015-01-05 00:00:00+00:00,33.24321,32.850614285714286,-1.0,-0.005,2,SL,False
WY,S3,long,RISK_ON,3,2014-12-31 00:00:00+00:00,2015-01-20 00:00:00+00:00,35.925889999999995,35.925889999999995,0.9334487780470742,0.004667243890235371,12,STOP_AFTER_TP1,True
AIZ,S3,long,RISK_ON,3,2014-12-31 00:00:00+00:00,2015-01-02 00:00:00+00:00,68.49843,67.79482142857142,-1.0,-0.005,1,SL,False
GS,S3,long,RISK_ON,3,2014-12-31 00:00:00+00:00,2015-01-05 00:00:00+00:00,194.02383,192.16639285714285,-1.0,-0.005,2,SL,False
FIS,S3,long,RISK_ON,3,2014-12-31 00:00:00+00:00,2015-01-05 00:00:00+00:00,62.26219999999999,61.707857142857144,-1.0,-0.005,2,SL,False
DGX,S3,long,RISK_ON,3,2014-12-31 00:00:00+00:00,2015-01-05 00:00:00+00:00,67.12706,67.12706,0.6494318528476879,0.0032471592642384396,2,STOP_AFTER_TP1,True
PNC,S3,long,RISK_ON,3,2014-12-31 00:00:00+00:00,2015-01-02 00:00:00+00:00,91.32123,90.43500357142858,-1.0,-0.005,1,SL,False
NDAQ,S3,long,RISK_ON,3,2014-12-31 00:00:00+00:00,2015-01-02 00:00:00+00:00,48.00796,47.46928571428572,-1.0,-0.005,1,SL,False
USB,S3,long,RISK_ON,3,2014-12-31 00:00:00+00:00,2015-01-02 00:00:00+00:00,44.994949999999996,44.59111071428571,-1.0,-0.005,1,SL,False
WEC,S3,long,RISK_ON,3,2014-12-31 00:00:00+00:00,2015-02-04 00:00:00+00:00,52.792739999999995,55.31,4.174839738705552,0.020874198693527763,23,EMA_TRAIL,True
SCG,S3,long,RISK_ON,3,2014-12-31 00:00:00+00:00,2015-02-06 00:00:00+00:00,60.46039999999999,60.46039999999999,1.3390208905858816,0.006695104452929408,25,STOP_AFTER_TP1,True
DRE,S3,long,RISK_ON,3,2014-12-31 00:00:00+00:00,2015-02-06 00:00:00+00:00,20.2202,21.5,5.770642947077793,0.028853214735388964,25,EMA_TRAIL,True
UTX,S3,long,RISK_ON,3,2015-01-08 00:00:00+00:00,2015-01-29 00:00:00+00:00,114.76464999999999,114.76464999999999,0.29782786132660144,0.0014891393066330072,14,STOP_AFTER_TP1,True
CMCSA,S1,long,RISK_ON,3,2015-01-08 00:00:00+00:00,2015-01-14 00:00:00+00:00,28.21819,27.91,-0.17874765284594696,-0.0008937382642297348,4,SMA50_BREAK,False
FB,S3,long,RISK_ON,3,2015-01-08 00:00:00+00:00,2015-01-13 00:00:00+00:00,78.25317499999998,76.45,-0.5507715769929717,-0.002753857884964859,3,SMA50_BREAK,False
PHM,S1,long,DEFENSIVE,3,2015-01-16 00:00:00+00:00,2015-01-20 00:00:00+00:00,21.591569999999997,20.8,-0.5160068577537594,-0.002580034288768797,1,SMA50_BREAK,False
KMI,S3,long,RISK_ON,3,2015-01-26 00:00:00+00:00,2015-01-28 00:00:00+00:00,42.31227,41.500825,-1.0,-0.005,2,SL,False
CI,S3,long,RISK_ON,3,2015-01-26 00:00:00+00:00,2015-01-30 00:00:00+00:00,109.51940999999998,107.24719285714286,-1.0,-0.005,4,SL,False
CL,S5,long,DEFENSIVE,3,2015-01-27 00:00:00+00:00,2015-01-28 00:00:00+00:00,65.72565999999999,65.12,-0.707827875558044,-0.0035391393777902203,1,SMA50_BREAK,False
PHM,S1,long,DEFENSIVE,3,2015-01-29 00:00:00+00:00,2015-01-30 00:00:00+00:00,21.84182,20.59,-0.7455658658026708,-0.003727829329013354,1,SMA50_BREAK,False
IQV,S3,long,RISK_ON,3,2015-02-03 00:00:00+00:00,2015-02-10 00:00:00+00:00,60.33027,58.951639285714286,-1.0,-0.005,5,SL,False
NWL,S3,long,RISK_ON,3,2015-02-05 00:00:00+00:00,2015-03-04 00:00:00+00:00,37.98795,39.07,1.2104593577355667,0.0060522967886778335,18,EMA_TRAIL,True
CCI,S3,long,RISK_ON,3,2015-02-09 00:00:00+00:00,2015-02-24 00:00:00+00:00,86.27618999999999,86.27618999999999,0.5926317300168787,0.002963158650084394,10,STOP_AFTER_TP1,True
XL,S3,long,RISK_ON,3,2015-02-09 00:00:00+00:00,2015-02-20 00:00:00+00:00,35.7357,34.98148571428571,-1.0,-0.005,8,SL,False
CAH,S3,long,RISK_ON,3,2015-02-09 00:00:00+00:00,2015-03-06 00:00:00+00:00,84.30421999999999,87.01,2.154650375468081,0.010773251877340405,18,EMA_TRAIL,True
SPGI,S2,long,RISK_ON,3,2015-02-12 00:00:00+00:00,2015-04-16 00:00:00+00:00,102.29218999999999,103.11,0.11458717814659664,0.0005729358907329831,43,SMA50_BREAK,False
VAR,S3,long,RISK_ON,3,2015-02-13 00:00:00+00:00,2015-04-30 00:00:00+00:00,92.74265,92.74265,0.4966949307075164,0.002483474653537582,52,STOP_AFTER_TP1,True
SJM,S2,long,RISK_ON,3,2015-02-13 00:00:00+00:00,2015-03-18 00:00:00+00:00,114.00388999999998,109.30235714285715,-1.0,-0.005,22,SL,False
BLK,S2,long,RISK_ON,3,2015-02-17 00:00:00+00:00,2015-03-09 00:00:00+00:00,380.71032999999994,363.6829464285714,-1.0,-0.005,14,SL,False
HRB,S3,long,RISK_ON,3,2015-02-17 00:00:00+00:00,2015-02-20 00:00:00+00:00,35.18514999999999,34.61846428571429,-1.0,-0.005,3,SL,False
ETFC,S3,long,RISK_ON,3,2015-02-18 00:00:00+00:00,2015-03-25 00:00:00+00:00,25.560534999999998,27.05,2.0017768603834734,0.010008884301917367,25,EMA_TRAIL,True
RE,S3,long,RISK_ON,3,2015-02-19 00:00:00+00:00,2015-03-09 00:00:00+00:00,179.14897,175.87135714285714,-1.0,-0.005,12,SL,False
CME,S3,long,RISK_ON,3,2015-02-19 00:00:00+00:00,2015-03-25 00:00:00+00:00,94.27418,94.27418,0.27372336717508344,0.0013686168358754173,24,STOP_AFTER_TP1,True
RSG,S3,long,RISK_ON,3,2015-02-19 00:00:00+00:00,2015-03-06 00:00:00+00:00,40.62058,40.89,0.4647602711891051,0.0023238013559455256,11,EMA_TRAIL,True
SBAC,S3,long,RISK_ON,3,2015-02-19 00:00:00+00:00,2015-02-23 00:00:00+00:00,121.14101999999998,119.49152500000001,-1.0,-0.005,2,SL,False
SNPS,S2,long,RISK_ON,3,2015-02-19 00:00:00+00:00,2015-05-05 00:00:00+00:00,46.57653,46.62,0.017255419218960753,8.627709609480377e-05,52,SMA50_BREAK,False
MAS,S3,long,RISK_ON,3,2015-02-20 00:00:00+00:00,2015-03-04 00:00:00+00:00,26.776749999999996,26.114642857142858,-1.0,-0.005,8,SL,False
BA,S2,long,RISK_ON,3,2015-02-20 00:00:00+00:00,2015-03-26 00:00:00+00:00,158.46830999999997,146.51331785714285,-1.0,-0.005,24,SL,False
EXPD,S3,long,RISK_ON,3,2015-02-20 00:00:00+00:00,2015-03-25 00:00:00+00:00,45.550504999999994,48.165,3.197289917024701,0.015986449585123505,23,EMA_TRAIL,True
DE,S3,long,RISK_ON,3,2015-02-23 00:00:00+00:00,2015-03-13 00:00:00+00:00,91.07097999999999,89.20125,-1.0,-0.005,14,SL,False
DHR,S3,long,RISK_ON,3,2015-02-23 00:00:00+00:00,2015-03-03 00:00:00+00:00,86.94685999999999,86.94685999999999,0.35766219601047444,0.0017883109800523721,6,STOP_AFTER_TP1,True
CSX,S3,long,RISK_ON,3,2015-02-24 00:00:00+00:00,2015-02-26 00:00:00+00:00,35.60556999999999,35.11,-1.0,-0.005,2,SL,False
HRL,S2,long,RISK_ON,3,2015-02-25 00:00:00+00:00,2015-03-06 00:00:00+00:00,29.294264999999996,28.309114285714287,-1.0,-0.005,7,SL,False
VRSK,S2,long,RISK_ON,3,2015-02-25 00:00:00+00:00,2015-05-26 00:00:00+00:00,72.25218,72.45,0.03388799346879127,0.00016943996734395634,62,SMA50_BREAK,False
DHI,S3,long,RISK_ON,3,2015-02-25 00:00:00+00:00,2015-03-03 00:00:00+00:00,27.407379999999996,26.996564285714285,-1.0,-0.005,4,SL,False
HON,S3,long,RISK_ON,3,2015-02-26 00:00:00+00:00,2015-02-27 00:00:00+00:00,103.74363999999998,102.88482142857143,-1.0,-0.005,1,SL,False
ADP,S3,long,RISK_ON,3,2015-02-26 00:00:00+00:00,2015-03-03 00:00:00+00:00,88.92884,88.92884,0.29683420545001915,0.0014841710272500957,3,STOP_AFTER_TP1,True
COTY,S3,long,RISK_ON,3,2015-02-26 00:00:00+00:00,2015-03-10 00:00:00+00:00,22.20218,22.20218,0.3807785289227318,0.001903892644613659,8,STOP_AFTER_TP1,True
NAVI,S3,long,RISK_ON,3,2015-02-26 00:00:00+00:00,2015-02-27 00:00:00+00:00,21.87185,21.383214285714285,-1.0,-0.005,1,SL,False
LEN,S3,long,RISK_ON,3,2015-02-26 00:00:00+00:00,2015-03-03 00:00:00+00:00,49.15690779999999,48.132889285714285,-1.0,-0.005,3,SL,False
DIS,S3,long,RISK_ON,3,2015-02-26 00:00:00+00:00,2015-03-06 00:00:00+00:00,104.66456,104.66456,0.39819826364924804,0.0019909913182462402,6,STOP_AFTER_TP1,True
RTN,S3,long,RISK_ON,3,2015-02-26 00:00:00+00:00,2015-03-03 00:00:00+00:00,108.70859999999998,108.70859999999998,0.5744528317800501,0.002872264158900251,3,STOP_AFTER_TP1,True
OMC,S2,long,RISK_ON,3,2015-02-26 00:00:00+00:00,2015-03-10 00:00:00+00:00,80.2802,76.46792857142857,-1.0,-0.005,8,SL,False
ADI,S3,long,RISK_ON,3,2015-02-27 00:00:00+00:00,2015-03-03 00:00:00+00:00,58.59853999999999,58.59853999999999,0.5715892151483772,0.0028579460757418864,2,STOP_AFTER_TP1,True
NVDA,S3,long,RISK_ON,3,2015-02-27 00:00:00+00:00,2015-03-04 00:00:00+00:00,22.082059999999995,22.082059999999995,0.43132589093526913,0.002156629454676346,3,STOP_AFTER_TP1,True
PFE,S3,long,RISK_ON,3,2015-02-27 00:00:00+00:00,2015-03-06 00:00:00+00:00,34.354319999999994,34.02955357142857,-1.0,-0.005,5,SL,False
IQV,S3,long,RISK_ON,3,2015-02-27 00:00:00+00:00,2015-03-26 00:00:00+00:00,65.04498,65.04498,0.3588746669721934,0.001794373334860967,19,STOP_AFTER_TP1,True
NDAQ,S3,long,RISK_ON,3,2015-02-27 00:00:00+00:00,2015-03-10 00:00:00+00:00,50.21015999999999,49.71725000000001,-1.0,-0.005,7,SL,False
INFO,S3,long,RISK_ON,3,2015-02-27 00:00:00+00:00,2015-03-05 00:00:00+00:00,26.676649999999995,26.31,-0.6036420083376935,-0.0030182100416884677,4,SMA50_BREAK,False
MA,S3,long,RISK_ON,3,2015-02-27 00:00:00+00:00,2015-03-10 00:00:00+00:00,90.22012999999998,89.18888571428572,-1.0,-0.005,7,SL,False
CINF,S3,long,RISK_ON,3,2015-02-27 00:00:00+00:00,2015-03-02 00:00:00+00:00,52.81275999999999,52.43053571428571,-1.0,-0.005,1,SL,False
ICE,S3,long,RISK_ON,3,2015-02-27 00:00:00+00:00,2015-03-03 00:00:00+00:00,47.119071999999996,46.68910714285715,-1.0,-0.005,2,SL,False
BLL,S3,long,RISK_ON,3,2015-03-02 00:00:00+00:00,2015-03-05 00:00:00+00:00,36.36633,35.43196428571429,-1.0,-0.005,3,SL,False
CBS,S2,long,RISK_ON,3,2015-03-02 00:00:00+00:00,2015-05-06 00:00:00+00:00,61.811749999999996,61.12,-0.19604449437747343,-0.000980222471887367,46,SMA50_BREAK,False
NFX,S3,long,RISK_ON,3,2015-03-02 00:00:00+00:00,2015-03-13 00:00:00+00:00,32.46243,30.746428571428574,-1.0,-0.005,9,SL,False
CLX,S3,long,RISK_ON,3,2015-03-02 00:00:00+00:00,2015-03-10 00:00:00+00:00,110.02991999999999,107.9606107142857,-1.0,-0.005,6,SL,False
KEY,S3,long,RISK_ON,3,2015-03-02 00:00:00+00:00,2015-03-05 00:00:00+00:00,14.034019999999998,13.778514285714287,-1.0,-0.005,3,SL,False
JBHT,S3,long,RISK_ON,3,2015-03-02 00:00:00+00:00,2015-03-03 00:00:00+00:00,85.65556999999998,84.67114285714287,-1.0,-0.005,1,SL,False
COST,S3,long,RISK_ON,3,2015-03-02 00:00:00+00:00,2015-04-09 00:00:00+00:00,148.08793999999997,148.81,0.23836145071495296,0.0011918072535747647,27,SMA50_BREAK,False
NTRS,S3,long,RISK_ON,3,2015-03-02 00:00:00+00:00,2015-03-04 00:00:00+00:00,70.58051,69.16357500000001,-1.0,-0.005,2,SL,False
TJX,S3,long,RISK_ON,3,2015-03-03 00:00:00+00:00,2015-03-10 00:00:00+00:00,68.67860999999999,67.61,-0.799685055195525,-0.003998425275977625,5,SMA50_BREAK,False
TRV,S3,long,RISK_ON,3,2015-03-03 00:00:00+00:00,2015-03-06 00:00:00+00:00,107.50739999999999,106.43435357142857,-1.0,-0.005,3,SL,False
ROP,S3,long,RISK_ON,3,2015-03-03 00:00:00+00:00,2015-03-04 00:00:00+00:00,167.51734999999996,165.95992857142858,-1.0,-0.005,1,SL,False
JWN,S3,long,RISK_ON,3,2015-03-03 00:00:00+00:00,2015-03-04 00:00:00+00:00,80.04996999999999,79.00389285714286,-1.0,-0.005,1,SL,False
UAA,S3,long,RISK_ON,3,2015-03-03 00:00:00+00:00,2015-03-04 00:00:00+00:00,38.258219999999994,37.72641071428571,-1.0,-0.005,1,SL,False
JBHT,S3,long,RISK_ON,3,2015-03-03 00:00:00+00:00,2015-03-04 00:00:00+00:00,84.88479999999998,83.81007142857143,-1.0,-0.005,1,SL,False
SWK,S3,long,RISK_ON,3,2015-03-03 00:00:00+00:00,2015-03-06 00:00:00+00:00,98.47837999999999,96.87246428571429,-1.0,-0.005,3,SL,False
MSI,S3,long,RISK_ON,3,2015-03-03 00:00:00+00:00,2015-03-04 00:00:00+00:00,68.20813999999999,67.55855714285714,-1.0,-0.005,1,SL,False
NWS,S3,long,RISK_ON,3,2015-03-03 00:00:00+00:00,2015-03-04 00:00:00+00:00,16.73672,16.567414285714285,-1.0,-0.005,1,SL,False
NWSA,S3,long,RISK_ON,3,2015-03-03 00:00:00+00:00,2015-03-04 00:00:00+00:00,17.22721,17.047392857142857,-1.0,-0.005,1,SL,False
CXO,S3,long,RISK_ON,3,2015-03-04 00:00:00+00:00,2015-03-10 00:00:00+00:00,114.27415999999998,107.33494642857143,-1.0,-0.005,4,SL,False
ABT,S3,long,RISK_ON,3,2015-03-04 00:00:00+00:00,2015-03-06 00:00:00+00:00,47.05700999999999,46.36548214285715,-1.0,-0.005,2,SL,False
ROP,S3,long,RISK_ON,3,2015-03-04 00:00:00+00:00,2015-03-18 00:00:00+00:00,166.95678999999998,166.95678999999998,0.33985984705785177,0.0016992992352892588,10,STOP_AFTER_TP1,True
STI,S3,long,RISK_ON,3,2015-03-04 00:00:00+00:00,2015-03-05 00:00:00+00:00,41.00096,40.619049999999994,-1.0,-0.005,1,SL,False
JWN,S3,long,RISK_ON,3,2015-03-04 00:00:00+00:00,2015-03-25 00:00:00+00:00,80.02995,80.02995,0.33151882702518287,0.0016575941351259144,15,STOP_AFTER_TP1,True
NWSA,S3,long,RISK_ON,3,2015-03-04 00:00:00+00:00,2015-03-06 00:00:00+00:00,17.10709,16.799892857142858,-1.0,-0.005,2,SL,False
FMC,S3,long,RISK_ON,3,2015-03-04 00:00:00+00:00,2015-03-05 00:00:00+00:00,63.32325999999999,62.581007142857146,-1.0,-0.005,1,SL,False
EL,S3,long,RISK_ON,3,2015-03-04 00:00:00+00:00,2015-03-10 00:00:00+00:00,82.31223,81.323,-1.0,-0.005,4,SL,False
USB,S3,long,RISK_ON,3,2015-03-04 00:00:00+00:00,2015-03-10 00:00:00+00:00,44.45440999999999,44.45440999999999,0.6106186066002632,0.0030530930330013163,4,STOP_AFTER_TP1,True
UAA,S3,long,RISK_ON,3,2015-03-04 00:00:00+00:00,2015-03-10 00:00:00+00:00,37.792755,37.264428571428574,-1.0,-0.005,4,SL,False
NEM,S3,long,RISK_ON,3,2015-03-05 00:00:00+00:00,2015-03-06 00:00:00+00:00,25.3253,24.718035714285715,-1.0,-0.005,1,SL,False
MSI,S3,long,RISK_ON,3,2015-03-05 00:00:00+00:00,2015-03-09 00:00:00+00:00,67.99793,66.54230714285714,-1.0,-0.005,2,SL,False
CRM,S3,long,RISK_ON,3,2015-03-05 00:00:00+00:00,2015-03-11 00:00:00+00:00,65.65558999999999,63.74089285714285,-1.0,-0.005,4,SL,False
YUM,S3,long,RISK_ON,3,2015-03-05 00:00:00+00:00,2015-03-06 00:00:00+00:00,80.60051999999999,78.88130357142856,-1.0,-0.005,1,SL,False
HIG,S3,long,RISK_ON,3,2015-03-05 00:00:00+00:00,2015-03-09 00:00:00+00:00,41.030989999999996,41.030989999999996,0.3192851023698307,0.0015964255118491536,2,STOP_AFTER_TP1,True
WFC,S3,long,RISK_ON,3,2015-03-05 00:00:00+00:00,2015-03-10 00:00:00+00:00,54.894839999999995,54.33463928571428,-1.0,-0.005,3,SL,False
JBHT,S3,long,RISK_ON,3,2015-03-05 00:00:00+00:00,2015-03-10 00:00:00+00:00,84.49440999999999,82.909,-1.0,-0.005,3,SL,False
PAYX,S3,long,RISK_ON,3,2015-03-05 00:00:00+00:00,2015-03-06 00:00:00+00:00,49.22917999999999,48.338814285714285,-1.0,-0.005,1,SL,False
HRL,S3,long,RISK_ON,3,2015-03-06 00:00:00+00:00,2015-03-11 00:00:00+00:00,28.408379999999998,28.050275000000003,-1.0,-0.005,3,SL,False
PNC,S2,long,RISK_ON,3,2015-03-06 00:00:00+00:00,2015-04-15 00:00:00+00:00,93.82373,92.2,-0.5622525699581148,-0.002811262849790574,27,SMA50_BREAK,False
NWS,S3,long,RISK_ON,3,2015-03-06 00:00:00+00:00,2015-03-10 00:00:00+00:00,16.426409999999997,16.207414285714286,-1.0,-0.005,2,SL,False
SBAC,S3,long,RISK_ON,3,2015-03-06 00:00:00+00:00,2015-03-11 00:00:00+00:00,122.01689499999998,120.425525,-1.0,-0.005,3,SL,False
ABT,S3,long,RISK_ON,3,2015-03-09 00:00:00+00:00,2015-04-01 00:00:00+00:00,46.87682999999999,46.037625,-1.0,-0.005,17,SL,False
BWA,S3,long,RISK_ON,3,2015-03-09 00:00:00+00:00,2015-03-10 00:00:00+00:00,60.79072999999999,59.786475,-1.0,-0.005,1,SL,False
CAH,S3,long,RISK_ON,3,2015-03-09 00:00:00+00:00,2015-03-10 00:00:00+00:00,88.06797999999999,86.05091785714286,-1.0,-0.005,1,SL,False
VFC,S3,long,RISK_ON,3,2015-03-09 00:00:00+00:00,2015-03-11 00:00:00+00:00,75.14506999999999,73.835325,-1.0,-0.005,2,SL,False
YUM,S3,long,RISK_ON,3,2015-03-09 00:00:00+00:00,2015-03-10 00:00:00+00:00,79.51943999999999,78.00308928571428,-1.0,-0.005,1,SL,False
NWS,S3,long,RISK_ON,3,2015-03-12 00:00:00+00:00,2015-03-31 00:00:00+00:00,16.45644,15.87,-0.8136798623609549,-0.004068399311804775,13,SMA50_BREAK,False
VRTX,S3,long,RISK_ON,3,2015-03-12 00:00:00+00:00,2015-03-23 00:00:00+00:00,123.43330999999999,123.43330999999999,0.3299850878948445,0.0016499254394742224,7,STOP_AFTER_TP1,True
EL,S3,long,RISK_ON,3,2015-03-12 00:00:00+00:00,2015-04-17 00:00:00+00:00,81.30121999999999,82.82,0.939636391012971,0.004698181955064855,25,EMA_TRAIL,True
CRM,S3,long,RISK_ON,3,2015-03-12 00:00:00+00:00,2015-05-20 00:00:00+00:00,65.01495,70.16,2.2806614007245836,0.011403307003622918,48,EMA_TRAIL,True
REGN,S2,long,RISK_ON,3,2015-03-16 00:00:00+00:00,2015-06-11 00:00:00+00:00,452.22176999999994,501.1,1.3764597104454441,0.006882298552227221,60,EMA_TRAIL,True
YUM,S3,long,RISK_ON,3,2015-03-16 00:00:00+00:00,2015-05-29 00:00:00+00:00,78.26818999999999,90.11,4.33506632301739,0.02167533161508695,52,EMA_TRAIL,True
BWA,S3,long,RISK_ON,3,2015-03-16 00:00:00+00:00,2015-04-30 00:00:00+00:00,60.240179999999995,57.76215357142857,-1.0,-0.005,32,SL,False
CLX,S3,long,RISK_ON,3,2015-03-17 00:00:00+00:00,2015-03-18 00:00:00+00:00,109.13902999999999,107.54392857142858,-1.0,-0.005,1,SL,False
WFC,S3,long,RISK_ON,3,2015-03-19 00:00:00+00:00,2015-03-24 00:00:00+00:00,55.56550999999999,55.56550999999999,0.3236954676499138,0.001618477338249569,3,STOP_AFTER_TP1,True
HBAN,S3,long,RISK_ON,3,2015-03-19 00:00:00+00:00,2015-03-24 00:00:00+00:00,11.111099999999999,11.111099999999999,0.26831841886325747,0.0013415920943162874,3,STOP_AFTER_TP1,True
NTRS,S3,long,RISK_ON,3,2015-03-23 00:00:00+00:00,2015-03-24 00:00:00+00:00,70.79072,70.00918214285714,-1.0,-0.005,1,SL,False
CMCSA,S3,long,RISK_ON,3,2015-03-23 00:00:00+00:00,2015-03-24 00:00:00+00:00,29.589559999999995,29.206339285714286,-1.0,-0.005,1,SL,False
MYL,S3,long,RISK_ON,3,2015-03-23 00:00:00+00:00,2015-03-25 00:00:00+00:00,63.34327999999999,60.97803571428572,-1.0,-0.005,2,SL,False
TWX,S3,long,RISK_ON,3,2015-03-24 00:00:00+00:00,2015-03-25 00:00:00+00:00,86.42634,85.4165,-1.0,-0.005,1,SL,False
KEY,S3,long,RISK_ON,3,2015-03-24 00:00:00+00:00,2015-03-25 00:00:00+00:00,14.324309999999999,14.166964285714286,-1.0,-0.005,1,SL,False
WFC,S3,long,RISK_ON,3,2015-03-24 00:00:00+00:00,2015-03-25 00:00:00+00:00,55.40535,54.95275,-1.0,-0.005,1,SL,False
JBHT,S3,long,RISK_ON,3,2015-03-24 00:00:00+00:00,2015-03-25 00:00:00+00:00,87.84776,86.91411071428571,-1.0,-0.005,1,SL,False
CINF,S3,long,RISK_ON,3,2015-03-24 00:00:00+00:00,2015-03-25 00:00:00+00:00,54.08403,53.45375714285714,-1.0,-0.005,1,SL,False
SIG,S3,long,RISK_ON,3,2015-04-09 00:00:00+00:00,2015-04-14 00:00:00+00:00,138.09796,135.62178571428572,-1.0,-0.005,3,SL,False
TMO,S3,long,RISK_ON,3,2015-04-09 00:00:00+00:00,2015-04-17 00:00:00+00:00,133.70356999999998,130.97732142857143,-1.0,-0.005,6,SL,False
TWX,S3,long,RISK_ON,3,2015-04-09 00:00:00+00:00,2015-04-14 00:00:00+00:00,85.69560999999999,84.17183571428572,-1.0,-0.005,3,SL,False
BBT,S3,long,RISK_ON,3,2015-04-09 00:00:00+00:00,2015-04-17 00:00:00+00:00,39.1391,38.39503571428572,-1.0,-0.005,6,SL,False
HIG,S3,long,RISK_ON,3,2015-04-09 00:00:00+00:00,2015-04-21 00:00:00+00:00,42.49245,41.63107142857143,-1.0,-0.005,8,SL,False
NI,S3,long,RISK_ON,3,2015-04-10 00:00:00+00:00,2015-04-13 00:00:00+00:00,43.92388,43.22,-0.7990321759338079,-0.00399516087966904,1,SMA50_BREAK,False
NKE,S3,long,RISK_ON,3,2015-04-10 00:00:00+00:00,2015-04-13 00:00:00+00:00,50.03498499999999,49.593760714285715,-1.0,-0.005,1,SL,False
EQIX,S3,long,RISK_ON,3,2015-04-10 00:00:00+00:00,2015-04-17 00:00:00+00:00,239.88965,234.21965,-1.0,-0.005,5,SL,False
GIS,S3,long,RISK_ON,3,2015-04-10 00:00:00+00:00,2015-04-30 00:00:00+00:00,56.54649,55.144464285714285,-1.0,-0.005,14,SL,False
NFX,S3,long,RISK_ON,3,2015-04-13 00:00:00+00:00,2015-05-05 00:00:00+00:00,36.59656,36.99,0.943694527973197,0.004718472639865985,16,EMA_TRAIL,True
ECL,S3,long,RISK_ON,3,2015-04-13 00:00:00+00:00,2015-04-17 00:00:00+00:00,115.54543,115.54543,0.6007829510892618,0.003003914755446309,4,STOP_AFTER_TP1,True
TXT,S3,long,RISK_ON,3,2015-04-13 00:00:00+00:00,2015-04-17 00:00:00+00:00,45.765719999999995,45.17471428571429,-1.0,-0.005,4,SL,False
NEE,S3,long,RISK_ON,3,2015-04-14 00:00:00+00:00,2015-04-16 00:00:00+00:00,104.46435999999999,103.76,-0.4554544618975751,-0.0022772723094878758,2,SMA50_BREAK,False
AME,S3,long,RISK_ON,3,2015-04-14 00:00:00+00:00,2015-04-17 00:00:00+00:00,53.042989999999996,52.30535714285715,-1.0,-0.005,3,SL,False
ALL,S3,long,RISK_ON,3,2015-04-14 00:00:00+00:00,2015-04-17 00:00:00+00:00,71.57149999999999,70.96214285714285,-1.0,-0.005,3,SL,False
NKE,S3,long,RISK_ON,3,2015-04-14 00:00:00+00:00,2015-05-28 00:00:00+00:00,49.814764999999994,51.15,1.9084786431324678,0.00954239321566234,31,EMA_TRAIL,True
SIG,S3,long,RISK_ON,3,2015-04-14 00:00:00+00:00,2015-04-17 00:00:00+00:00,135.32519,132.83991785714286,-1.0,-0.005,3,SL,False
MKC,S3,long,RISK_ON,3,2015-04-15 00:00:00+00:00,2015-04-17 00:00:00+00:00,77.63756,76.56378571428571,-1.0,-0.005,2,SL,False
TWX,S3,long,RISK_ON,3,2015-04-15 00:00:00+00:00,2015-04-17 00:00:00+00:00,85.01492999999999,83.3363,-1.0,-0.005,2,SL,False
ESRX,S3,long,RISK_ON,3,2015-04-16 00:00:00+00:00,2015-04-17 00:00:00+00:00,86.45636999999999,84.8580357142857,-1.0,-0.005,1,SL,False
KMI,S2,long,RISK_ON,3,2015-04-16 00:00:00+00:00,2015-05-06 00:00:00+00:00,43.723679999999995,42.564260714285716,-1.0,-0.005,14,SL,False
XL,S3,long,RISK_ON,3,2015-04-16 00:00:00+00:00,2015-04-17 00:00:00+00:00,37.847809999999996,37.58625,-1.0,-0.005,1,SL,False
PHM,S3,long,RISK_ON,3,2015-04-16 00:00:00+00:00,2015-04-17 00:00:00+00:00,22.362339999999996,21.955892857142857,-1.0,-0.005,1,SL,False
HRS,S3,long,RISK_ON,3,2015-04-20 00:00:00+00:00,2015-04-29 00:00:00+00:00,79.37929999999999,79.37929999999999,0.43863258166381314,0.0021931629083190656,7,STOP_AFTER_TP1,True
ESRX,S3,long,RISK_ON,3,2015-04-20 00:00:00+00:00,2015-04-29 00:00:00+00:00,85.86577999999999,84.79,-0.4845712417779092,-0.002422856208889546,7,SMA50_BREAK,False
SIG,S3,long,RISK_ON,3,2015-04-20 00:00:00+00:00,2015-05-26 00:00:00+00:00,133.97384,134.47,0.16827168470086395,0.0008413584235043198,25,SMA50_BREAK,False
XL,S3,long,RISK_ON,3,2015-04-20 00:00:00+00:00,2015-04-22 00:00:00+00:00,37.57753999999999,36.988749999999996,-1.0,-0.005,2,SL,False
ALL,S3,long,RISK_ON,3,2015-04-20 00:00:00+00:00,2015-04-21 00:00:00+00:00,71.42134999999999,70.82,-0.4722052398072771,-0.0023610261990363855,1,SMA50_BREAK,False
ECL,S3,long,RISK_ON,3,2015-04-21 00:00:00+00:00,2015-04-28 00:00:00+00:00,115.99587999999999,114.80291071428572,-1.0,-0.005,5,SL,False
NTRS,S2,long,RISK_ON,3,2015-04-21 00:00:00+00:00,2015-07-08 00:00:00+00:00,71.96189,74.05,0.7309488732798687,0.0036547443663993433,54,SMA50_BREAK,False
MKC,S3,long,RISK_ON,3,2015-04-22 00:00:00+00:00,2015-04-27 00:00:00+00:00,76.96688999999999,75.60832857142857,-1.0,-0.005,3,SL,False
TMK,S3,long,RISK_ON,3,2015-04-24 00:00:00+00:00,2015-05-15 00:00:00+00:00,56.146089999999994,56.45,0.5991054348152176,0.002995527174076088,15,EMA_TRAIL,True
MS,S3,long,RISK_ON,3,2015-04-27 00:00:00+00:00,2015-04-28 00:00:00+00:00,37.08704999999999,36.680507142857145,-1.0,-0.005,1,SL,False
RE,S3,long,RISK_ON,3,2015-04-27 00:00:00+00:00,2015-04-30 00:00:00+00:00,180.38019999999997,178.28635714285716,-1.0,-0.005,3,SL,False
ADS,S3,long,RISK_ON,3,2015-04-27 00:00:00+00:00,2015-04-28 00:00:00+00:00,304.99469,301.35853928571424,-1.0,-0.005,1,SL,False
NI,S3,long,RISK_ON,3,2015-04-27 00:00:00+00:00,2015-04-29 00:00:00+00:00,44.444399999999995,43.76339285714286,-1.0,-0.005,2,SL,False
ADS,S3,long,RISK_ON,3,2015-04-28 00:00:00+00:00,2015-04-29 00:00:00+00:00,302.68237999999997,298.287825,-1.0,-0.005,1,SL,False
NI,S3,long,RISK_ON,3,2015-04-29 00:00:00+00:00,2015-04-30 00:00:00+00:00,44.044,43.36857142857143,-1.0,-0.005,1,SL,False
ABBV,S3,long,RISK_ON,3,2015-05-01 00:00:00+00:00,2015-06-16 00:00:00+00:00,64.38431999999999,66.77,1.851154568033574,0.00925577284016787,31,EMA_TRAIL,True
SWK,S3,long,RISK_ON,3,2015-05-01 00:00:00+00:00,2015-06-29 00:00:00+00:00,99.39929999999998,104.99,2.7598399864864476,0.013799199932432239,40,EMA_TRAIL,True
AJG,S3,long,RISK_ON,3,2015-05-01 00:00:00+00:00,2015-05-05 00:00:00+00:00,47.96792,47.38089285714286,-1.0,-0.005,2,SL,False
GS,S3,long,RISK_ON,3,2015-05-01 00:00:00+00:00,2015-06-29 00:00:00+00:00,197.72752999999997,207.65,2.1016220922325064,0.010508110461162533,40,EMA_TRAIL,True
HES,S3,long,RISK_ON,3,2015-05-01 00:00:00+00:00,2015-05-05 00:00:00+00:00,75.85578,74.00750714285714,-1.0,-0.005,2,SL,False
AIG,S2,long,RISK_ON,3,2015-05-01 00:00:00+00:00,2015-08-19 00:00:00+00:00,57.79774,62.92,2.257684325587727,0.011288421627938635,76,SMA50_BREAK,False
APA,S3,long,RISK_ON,3,2015-05-01 00:00:00+00:00,2015-05-07 00:00:00+00:00,68.54848,66.23232857142858,-1.0,-0.005,4,SL,False
ESRX,S3,long,RISK_ON,3,2015-05-01 00:00:00+00:00,2015-05-05 00:00:00+00:00,86.60651999999999,84.61,-0.6923032530818444,-0.003461516265409222,2,SMA50_BREAK,False
MAT,S3,long,RISK_ON,3,2015-05-01 00:00:00+00:00,2015-05-06 00:00:00+00:00,28.043014999999997,27.347432142857144,-1.0,-0.005,3,SL,False
ACN,S3,long,RISK_ON,3,2015-05-04 00:00:00+00:00,2015-06-04 00:00:00+00:00,94.53443999999999,95.93,0.6821370846194807,0.003410685423097404,22,EMA_TRAIL,True
MA,S3,long,RISK_ON,3,2015-05-05 00:00:00+00:00,2015-05-26 00:00:00+00:00,90.87078,91.89,1.385899402962849,0.006929497014814246,14,EMA_TRAIL,True
CSCO,S3,long,RISK_ON,3,2015-05-05 00:00:00+00:00,2015-05-12 00:00:00+00:00,28.918889999999998,28.918889999999998,0.4520767357862719,0.0022603836789313594,5,STOP_AFTER_TP1,True
NWSA,S5,long,RISK_ON,3,2015-05-07 00:00:00+00:00,2015-05-08 00:00:00+00:00,14.984969999999999,15.14,0.9397466205977038,0.004698733102988519,1,SMA50_BREAK,False
IVZ,S3,long,RISK_ON,3,2015-05-07 00:00:00+00:00,2015-05-13 00:00:00+00:00,41.05100999999999,40.3,-0.7495836493985758,-0.003747918246992879,4,SMA50_BREAK,False
MAT,S3,long,RISK_ON,3,2015-05-08 00:00:00+00:00,2015-05-13 00:00:00+00:00,27.172144999999997,26.421282142857144,-1.0,-0.005,3,SL,False
AJG,S3,long,RISK_ON,3,2015-05-08 00:00:00+00:00,2015-05-29 00:00:00+00:00,47.90785999999999,48.45,0.8877916951643217,0.0044389584758216085,14,EMA_TRAIL,True
FLR,S3,long,RISK_ON,3,2015-05-11 00:00:00+00:00,2015-05-19 00:00:00+00:00,59.97991999999999,58.240496428571426,-1.0,-0.005,6,SL,False
CAG,S3,long,RISK_ON,3,2015-05-11 00:00:00+00:00,2015-06-02 00:00:00+00:00,37.40736999999999,38.16,1.78287481312058,0.0089143740656029,15,EMA_TRAIL,True
MRK,S3,long,RISK_ON,3,2015-05-11 00:00:00+00:00,2015-05-12 00:00:00+00:00,60.059999999999995,59.31071428571428,-1.0,-0.005,1,SL,False
AVY,S2,long,RISK_ON,3,2015-05-13 00:00:00+00:00,2015-07-09 00:00:00+00:00,59.88982999999999,60.63,0.2780275163393743,0.0013901375816968715,39,SMA50_BREAK,False
IVZ,S3,long,RISK_ON,3,2015-05-14 00:00:00+00:00,2015-05-15 00:00:00+00:00,41.030989999999996,40.54,-0.39966951297934783,-0.0019983475648967393,1,SMA50_BREAK,False
MRK,S3,long,RISK_ON,3,2015-05-14 00:00:00+00:00,2015-06-02 00:00:00+00:00,59.83978,59.83978,0.3619383644481634,0.001809691822240817,12,STOP_AFTER_TP1,True
CFG,S3,long,RISK_ON,3,2015-05-15 00:00:00+00:00,2015-06-25 00:00:00+00:00,25.95593,27.38,3.9543093435080743,0.019771546717540372,28,EMA_TRAIL,True
CSX,S3,long,RISK_ON,3,2015-05-18 00:00:00+00:00,2015-05-26 00:00:00+00:00,35.76572999999999,34.78,-0.6610814161479471,-0.003305407080739736,5,SMA50_BREAK,False
EBAY,S3,long,RISK_ON,3,2015-05-19 00:00:00+00:00,2015-05-20 00:00:00+00:00,59.30924999999999,58.64303928571428,-1.0,-0.005,1,SL,False
SYF,S3,long,RISK_ON,3,2015-05-19 00:00:00+00:00,2015-06-16 00:00:00+00:00,32.09206,32.5,0.7861311222586909,0.003930655611293454,19,EMA_TRAIL,True
EBAY,S3,long,RISK_ON,3,2015-05-20 00:00:00+00:00,2015-06-09 00:00:00+00:00,59.209149999999994,60.41,1.2159502009645038,0.006079751004822519,13,EMA_TRAIL,True
ESRX,S2,long,RISK_ON,3,2015-05-21 00:00:00+00:00,2015-06-01 00:00:00+00:00,90.2902,85.998225,-1.0,-0.005,6,SL,False
KEY,S3,long,RISK_ON,3,2015-05-21 00:00:00+00:00,2015-05-26 00:00:00+00:00,14.934919999999998,14.732142857142856,-1.0,-0.005,2,SL,False
V,S3,long,RISK_ON,3,2015-05-21 00:00:00+00:00,2015-05-26 00:00:00+00:00,69.43937,68.70021785714286,-1.0,-0.005,2,SL,False
CSCO,S3,long,RISK_ON,3,2015-05-21 00:00:00+00:00,2015-05-26 00:00:00+00:00,29.459429999999998,29.200360714285715,-1.0,-0.005,2,SL,False
ADP,S3,long,RISK_ON,3,2015-05-21 00:00:00+00:00,2015-05-26 00:00:00+00:00,87.35726999999999,86.53553928571428,-1.0,-0.005,2,SL,False
BK,S3,long,RISK_ON,3,2015-05-22 00:00:00+00:00,2015-05-29 00:00:00+00:00,43.51346999999999,43.51346999999999,0.2756958252595369,0.0013784791262976845,4,STOP_AFTER_TP1,True
T,S3,long,RISK_ON,3,2015-05-22 00:00:00+00:00,2015-06-05 00:00:00+00:00,34.74471,34.74471,0.3159246177224995,0.0015796230886124976,9,STOP_AFTER_TP1,True
AON,S3,long,RISK_ON,3,2015-05-26 00:00:00+00:00,2015-05-28 00:00:00+00:00,102.25215,102.25215,0.2713752106363936,0.0013568760531819679,2,STOP_AFTER_TP1,True
TMK,S3,long,RISK_ON,3,2015-05-26 00:00:00+00:00,2015-06-29 00:00:00+00:00,57.046989999999994,57.83,2.1186106187249205,0.010593053093624603,24,EMA_TRAIL,True
ADBE,S3,long,RISK_ON,3,2015-05-26 00:00:00+00:00,2015-06-08 00:00:00+00:00,79.44436499999999,78.1925,-1.0,-0.005,9,SL,False
SEE,S3,long,RISK_ON,3,2015-05-26 00:00:00+00:00,2015-05-29 00:00:00+00:00,49.08904,49.08904,0.4442260377541803,0.0022211301887709017,3,STOP_AFTER_TP1,True
V,S3,long,RISK_ON,3,2015-05-26 00:00:00+00:00,2015-06-08 00:00:00+00:00,68.60854,67.71664642857144,-1.0,-0.005,9,SL,False
NDAQ,S3,long,RISK_ON,3,2015-05-27 00:00:00+00:00,2015-06-02 00:00:00+00:00,52.11206,51.32839285714285,-1.0,-0.005,4,SL,False
MA,S3,long,RISK_ON,3,2015-05-27 00:00:00+00:00,2015-06-15 00:00:00+00:00,92.68258999999999,92.68258999999999,0.3451693835263935,0.0017258469176319674,13,STOP_AFTER_TP1,True
KEY,S3,long,RISK_ON,3,2015-05-28 00:00:00+00:00,2015-05-29 00:00:00+00:00,14.874859999999998,14.715,-1.0,-0.005,1,SL,False
ICE,S3,long,RISK_ON,3,2015-05-28 00:00:00+00:00,2015-06-15 00:00:00+00:00,47.33528799999999,47.33528799999999,0.28537217877766186,0.0014268608938883094,12,STOP_AFTER_TP1,True
CSCO,S3,long,RISK_ON,3,2015-05-28 00:00:00+00:00,2015-06-04 00:00:00+00:00,29.37935,28.783214285714287,-1.0,-0.005,5,SL,False
JPM,S3,long,RISK_ON,3,2015-05-28 00:00:00+00:00,2015-05-29 00:00:00+00:00,66.2662,65.36214642857142,-1.0,-0.005,1,SL,False
MKC,S3,long,RISK_ON,3,2015-06-01 00:00:00+00:00,2015-06-02 00:00:00+00:00,78.38830999999999,77.60537500000001,-1.0,-0.005,1,SL,False
DE,S3,long,RISK_ON,3,2015-06-01 00:00:00+00:00,2015-06-04 00:00:00+00:00,92.73263999999999,91.79178571428571,-1.0,-0.005,3,SL,False
MMC,S3,long,RISK_ON,3,2015-06-01 00:00:00+00:00,2015-06-05 00:00:00+00:00,58.21815999999999,57.72803571428571,-1.0,-0.005,4,SL,False
EXR,S3,long,RISK_ON,3,2015-06-01 00:00:00+00:00,2015-06-02 00:00:00+00:00,70.38031,69.0794642857143,-1.0,-0.005,1,SL,False
ILMN,S3,long,RISK_ON,3,2015-06-01 00:00:00+00:00,2015-06-08 00:00:00+00:00,205.64543999999998,205.64543999999998,0.5337093787688773,0.0026685468938443865,5,STOP_AFTER_TP1,True
LEG,S3,long,RISK_ON,3,2015-06-01 00:00:00+00:00,2015-07-08 00:00:00+00:00,47.35731,48.64,1.6406768764597182,0.008203384382298591,26,EMA_TRAIL,True
CF,S3,long,RISK_ON,3,2015-06-01 00:00:00+00:00,2015-06-05 00:00:00+00:00,63.385321999999995,63.385321999999995,0.37284442144979685,0.0018642221072489842,4,STOP_AFTER_TP1,True
TSN,S3,long,RISK_ON,3,2015-06-01 00:00:00+00:00,2015-06-04 00:00:00+00:00,42.26221999999999,41.48285714285714,-1.0,-0.005,3,SL,False
NI,S3,long,RISK_ON,3,2015-06-02 00:00:00+00:00,2015-06-04 00:00:00+00:00,46.56652,45.715892857142855,-1.0,-0.005,2,SL,False
CCL,S3,long,RISK_ON,3,2015-06-02 00:00:00+00:00,2015-07-08 00:00:00+00:00,47.07702999999999,48.93,1.4538322310225738,0.007269161155112869,25,EMA_TRAIL,True
DHR,S3,long,RISK_ON,3,2015-06-02 00:00:00+00:00,2015-06-08 00:00:00+00:00,86.87679,85.39478214285714,-1.0,-0.005,4,SL,False
IT,S3,long,RISK_ON,3,2015-06-02 00:00:00+00:00,2015-06-09 00:00:00+00:00,86.75666999999999,85.29232142857143,-1.0,-0.005,5,SL,False
FTI,S3,long,RISK_ON,3,2015-06-03 00:00:00+00:00,2015-06-22 00:00:00+00:00,42.55250999999999,41.7,-0.6706984904262866,-0.003353492452131433,13,SMA50_BREAK,False
SYK,S3,long,RISK_ON,3,2015-06-03 00:00:00+00:00,2015-06-05 00:00:00+00:00,96.13604,94.55125,-1.0,-0.005,2,SL,False
DHR,S3,long,RISK_ON,3,2015-06-10 00:00:00+00:00,2015-06-12 00:00:00+00:00,86.10601999999999,85.05,-0.5545516333906975,-0.0027727581669534872,2,SMA50_BREAK,False
M,S3,long,RISK_ON,3,2015-06-10 00:00:00+00:00,2015-06-29 00:00:00+00:00,68.9689,68.9689,0.3624626486289771,0.0018123132431448856,13,STOP_AFTER_TP1,True
IT,S3,long,RISK_ON,3,2015-06-10 00:00:00+00:00,2015-06-29 00:00:00+00:00,86.79670999999999,86.79670999999999,0.3090327821309256,0.001545163910654628,13,STOP_AFTER_TP1,True
FBHS,S3,long,RISK_ON,3,2015-06-11 00:00:00+00:00,2015-06-15 00:00:00+00:00,46.28624,45.68,-0.6498813922967018,-0.0032494069614835094,2,SMA50_BREAK,False
DE,S3,long,RISK_ON,3,2015-06-18 00:00:00+00:00,2015-07-22 00:00:00+00:00,92.69259999999998,94.82,1.2168221915961954,0.006084110957980977,23,EMA_TRAIL,True
STT,S3,long,RISK_ON,3,2015-06-18 00:00:00+00:00,2015-06-29 00:00:00+00:00,79.98991,78.58803571428571,-1.0,-0.005,7,SL,False
LLY,S3,long,RISK_ON,3,2015-06-22 00:00:00+00:00,2015-07-21 00:00:00+00:00,83.00291999999999,85.57,1.877261272522592,0.00938630636261296,20,EMA_TRAIL,True
ALGN,S3,long,RISK_ON,3,2015-06-22 00:00:00+00:00,2015-06-24 00:00:00+00:00,63.37331,61.421614285714284,-1.0,-0.005,2,SL,False
NI,S3,long,RISK_ON,3,2015-06-23 00:00:00+00:00,2015-06-26 00:00:00+00:00,47.40736,46.395535714285714,-1.0,-0.005,3,SL,False
CF,S3,long,RISK_ON,3,2015-06-23 00:00:00+00:00,2015-06-29 00:00:00+00:00,63.70363999999999,63.70363999999999,0.371285156943576,0.00185642578471788,4,STOP_AFTER_TP1,True
MMC,S3,long,RISK_ON,3,2015-06-23 00:00:00+00:00,2015-06-24 00:00:00+00:00,59.21915999999999,58.636785714285715,-1.0,-0.005,1,SL,False
GPS,S5,long,DEFENSIVE,3,2015-07-10 00:00:00+00:00,2015-07-13 00:00:00+00:00,37.61758,37.71,0.11734680921303786,0.0005867340460651893,1,SMA50_BREAK,False
CPB,S3,long,RISK_ON,3,2015-07-14 00:00:00+00:00,2015-08-20 00:00:00+00:00,48.178129999999996,49.63,1.3061968457861328,0.0065309842289306645,27,EMA_TRAIL,True
PSX,S3,long,RISK_ON,3,2015-07-15 00:00:00+00:00,2015-07-24 00:00:00+00:00,81.85176999999999,80.43202142857143,-1.0,-0.005,7,SL,False
VLO,S3,long,RISK_ON,3,2015-07-15 00:00:00+00:00,2015-07-27 00:00:00+00:00,65.25518999999998,63.88053571428571,-1.0,-0.005,8,SL,False
K,S3,long,RISK_ON,3,2015-07-15 00:00:00+00:00,2015-08-21 00:00:00+00:00,63.74367999999999,67.46,5.236048382910386,0.02618024191455193,27,EMA_TRAIL,True
CELG,S2,long,RISK_ON,3,2015-07-15 00:00:00+00:00,2015-08-20 00:00:00+00:00,131.52138999999997,124.96,-0.21510078697864182,-0.001075503934893209,26,SMA50_BREAK,False
LEN,S3,long,RISK_ON,3,2015-07-16 00:00:00+00:00,2015-07-20 00:00:00+00:00,51.89494309999999,50.84858928571428,-1.0,-0.005,2,SL,False
TJX,S3,long,RISK_ON,3,2015-07-17 00:00:00+00:00,2015-07-24 00:00:00+00:00,68.80873999999999,68.08882857142856,-1.0,-0.005,5,SL,False
PDCO,S3,long,RISK_ON,3,2015-07-17 00:00:00+00:00,2015-07-24 00:00:00+00:00,49.15910999999999,48.39910714285714,-1.0,-0.005,5,SL,False
LEN,S3,long,RISK_ON,3,2015-07-20 00:00:00+00:00,2015-07-24 00:00:00+00:00,50.786035299999995,50.103103571428576,-1.0,-0.005,4,SL,False
LUK,S3,long,RISK_ON,3,2015-07-20 00:00:00+00:00,2015-07-22 00:00:00+00:00,24.774749999999997,24.416607142857146,-1.0,-0.005,2,SL,False
V,S2,long,RISK_ON,3,2015-07-20 00:00:00+00:00,2015-08-21 00:00:00+00:00,72.7727,71.19,-0.4374019769926621,-0.0021870098849633107,24,SMA50_BREAK,False
DHR,S3,long,RISK_ON,3,2015-07-21 00:00:00+00:00,2015-07-24 00:00:00+00:00,87.87778999999999,87.87778999999999,0.6192569427857187,0.0030962847139285937,3,STOP_AFTER_TP1,True
MPC,S3,long,RISK_ON,3,2015-07-21 00:00:00+00:00,2015-07-24 00:00:00+00:00,57.20714999999999,55.799817857142855,-1.0,-0.005,3,SL,False
AMT,S3,long,RISK_ON,3,2015-07-22 00:00:00+00:00,2015-07-27 00:00:00+00:00,96.63654,96.63654,0.47828233178576895,0.0023914116589288446,3,STOP_AFTER_TP1,True
TMO,S2,long,RISK_ON,3,2015-07-22 00:00:00+00:00,2015-08-11 00:00:00+00:00,140.20005999999998,133.88486071428574,-1.0,-0.005,14,SL,False
MAA,S3,long,RISK_ON,3,2015-07-23 00:00:00+00:00,2015-07-29 00:00:00+00:00,76.89681999999999,75.73850357142857,-1.0,-0.005,4,SL,False
HIG,S3,long,RISK_ON,3,2015-07-23 00:00:00+00:00,2015-07-27 00:00:00+00:00,46.366319999999995,45.63160714285714,-1.0,-0.005,2,SL,False
KR,S3,long,RISK_ON,3,2015-07-23 00:00:00+00:00,2015-07-24 00:00:00+00:00,38.70867,38.344674999999995,-1.0,-0.005,1,SL,False
ALK,S3,long,RISK_ON,3,2015-07-29 00:00:00+00:00,2015-08-21 00:00:00+00:00,74.85477999999999,76.14,0.5872368197611655,0.0029361840988058273,17,EMA_TRAIL,True
LEN,S3,long,RISK_ON,3,2015-07-29 00:00:00+00:00,2015-08-06 00:00:00+00:00,50.64859799999999,48.64710357142857,-1.0,-0.005,6,SL,False
MLM,S3,long,RISK_ON,3,2015-07-30 00:00:00+00:00,2015-08-04 00:00:00+00:00,157.62747,153.32107142857143,-1.0,-0.005,3,SL,False
PM,S3,long,RISK_ON,3,2015-07-30 00:00:00+00:00,2015-08-12 00:00:00+00:00,85.47538999999999,84.58071428571428,-1.0,-0.005,9,SL,False
SYF,S3,long,RISK_ON,3,2015-07-31 00:00:00+00:00,2015-08-07 00:00:00+00:00,34.39436,33.809535714285715,-1.0,-0.005,5,SL,False
GOOG,S3,long,RISK_ON,3,2015-07-31 00:00:00+00:00,2015-08-24 00:00:00+00:00,626.23561,611.1485857142857,-1.0,-0.005,16,SL,False
AIV,S3,long,RISK_ON,3,2015-08-03 00:00:00+00:00,2015-08-06 00:00:00+00:00,39.469429999999996,38.77857857142857,-1.0,-0.005,3,SL,False
UDR,S3,long,RISK_ON,3,2015-08-05 00:00:00+00:00,2015-08-21 00:00:00+00:00,33.98395,33.98395,0.3143540509521089,0.0015717702547605444,12,STOP_AFTER_TP1,True
DTE,S3,long,RISK_ON,3,2015-08-05 00:00:00+00:00,2015-08-24 00:00:00+00:00,79.28920999999998,79.28920999999998,0.6603156869342443,0.0033015784346712212,13,STOP_AFTER_TP1,True
MDT,S3,long,RISK_ON,3,2015-08-10 00:00:00+00:00,2015-08-12 00:00:00+00:00,77.69762,76.35885714285715,-1.0,-0.005,2,SL,False
PFE,S3,long,RISK_ON,3,2015-08-10 00:00:00+00:00,2015-08-20 00:00:00+00:00,35.39536,34.57985714285714,-1.0,-0.005,8,SL,False
LH,S3,long,RISK_ON,3,2015-08-10 00:00:00+00:00,2015-08-20 00:00:00+00:00,125.31518999999999,122.24380714285715,-1.0,-0.005,8,SL,False
MCD,S3,long,RISK_ON,3,2015-08-10 00:00:00+00:00,2015-08-12 00:00:00+00:00,99.48938999999999,97.78826071428571,-1.0,-0.005,2,SL,False
CHTR,S3,long,RISK_ON,3,2015-08-10 00:00:00+00:00,2015-08-21 00:00:00+00:00,185.00481999999997,176.51541071428574,-1.0,-0.005,9,SL,False
KO,S3,long,RISK_ON,3,2015-08-10 00:00:00+00:00,2015-08-11 00:00:00+00:00,41.72167999999999,41.28704285714286,-1.0,-0.005,1,SL,False
AMGN,S3,long,RISK_ON,3,2015-08-10 00:00:00+00:00,2015-08-20 00:00:00+00:00,170.77059999999997,163.70841071428572,-1.0,-0.005,8,SL,False
MDT,S3,long,RISK_ON,3,2015-08-14 00:00:00+00:00,2015-08-20 00:00:00+00:00,77.65758,76.4875,-1.0,-0.005,4,SL,False
VFC,S3,long,RISK_ON,3,2015-08-14 00:00:00+00:00,2015-08-20 00:00:00+00:00,76.01593999999999,74.47644642857144,-1.0,-0.005,4,SL,False
CTSH,S3,long,RISK_ON,3,2015-08-14 00:00:00+00:00,2015-08-20 00:00:00+00:00,67.23716999999999,66.03785714285715,-1.0,-0.005,4,SL,False
DPS,S3,long,RISK_ON,3,2015-08-14 00:00:00+00:00,2015-08-21 00:00:00+00:00,82.33224999999999,80.95494642857143,-1.0,-0.005,5,SL,False
KR,S3,long,RISK_ON,3,2015-08-14 00:00:00+00:00,2015-08-19 00:00:00+00:00,38.388349999999996,37.281282142857144,-1.0,-0.005,3,SL,False
MCD,S3,long,RISK_ON,3,2015-08-14 00:00:00+00:00,2015-08-21 00:00:00+00:00,99.36926999999999,99.36926999999999,0.28722781914271645,0.0014361390957135821,5,STOP_AFTER_TP1,True
CLX,S3,long,RISK_ON,3,2015-08-17 00:00:00+00:00,2015-08-20 00:00:00+00:00,117.62750999999999,115.35821428571428,-1.0,-0.005,3,SL,False
SO,S3,long,RISK_ON,3,2015-08-18 00:00:00+00:00,2015-08-21 00:00:00+00:00,46.11606999999999,46.11606999999999,0.3930781865460525,0.0019653909327302624,3,STOP_AFTER_TP1,True
HRB,S3,long,RISK_ON,3,2015-08-18 00:00:00+00:00,2015-08-21 00:00:00+00:00,35.265229999999995,34.316607142857144,-1.0,-0.005,3,SL,False
DAL,S3,long,RISK_ON,3,2015-08-18 00:00:00+00:00,2015-08-20 00:00:00+00:00,47.40736,46.37267857142857,-1.0,-0.005,2,SL,False
ECL,S3,long,RISK_ON,3,2015-08-18 00:00:00+00:00,2015-08-20 00:00:00+00:00,116.01589999999999,114.501975,-1.0,-0.005,2,SL,False
DHI,S1,long,DEFENSIVE,3,2015-08-26 00:00:00+00:00,2015-09-21 00:00:00+00:00,29.549519999999998,30.69,0.6875654519062437,0.0034378272595312186,17,EMA_TRAIL,True
TJX,S1,long,DEFENSIVE,3,2015-08-26 00:00:00+00:00,2015-09-28 00:00:00+00:00,70.88081,69.09,-0.3361754530214864,-0.001680877265107432,22,SMA50_BREAK,False
WEC,S1,long,DEFENSIVE,3,2015-09-18 00:00:00+00:00,2015-10-28 00:00:00+00:00,49.379329999999996,51.9,0.7858346606856239,0.00392917330342812,28,EMA_TRAIL,True
PEG,S3,long,RISK_ON,3,2015-10-09 00:00:00+00:00,2015-10-26 00:00:00+00:00,42.342299999999994,42.342299999999994,0.2899720036152856,0.001449860018076428,11,STOP_AFTER_TP1,True
BXP,S3,long,RISK_ON,3,2015-10-13 00:00:00+00:00,2015-10-26 00:00:00+00:00,120.64051999999998,120.64051999999998,0.490852735949944,0.00245426367974972,9,STOP_AFTER_TP1,True
MSFT,S3,long,RISK_ON,3,2015-10-14 00:00:00+00:00,2015-12-11 00:00:00+00:00,46.726679999999995,54.06,7.928304640227671,0.039641523201138354,41,EMA_TRAIL,True
GGP,S3,long,RISK_ON,3,2015-10-14 00:00:00+00:00,2015-11-06 00:00:00+00:00,26.836809999999996,27.5,1.6756231436958666,0.008378115718479334,17,EMA_TRAIL,True
EL,S3,long,RISK_ON,3,2015-10-20 00:00:00+00:00,2015-10-26 00:00:00+00:00,83.82373999999999,83.82373999999999,0.5073838848460794,0.0025369194242303972,4,STOP_AFTER_TP1,True
PG,S3,long,RISK_ON,3,2015-10-20 00:00:00+00:00,2015-10-21 00:00:00+00:00,74.50443,73.74746428571429,-1.0,-0.005,1,SL,False
PG,S3,long,RISK_ON,3,2015-10-21 00:00:00+00:00,2015-11-06 00:00:00+00:00,73.66359,75.57,3.020441429493852,0.01510220714746926,12,EMA_TRAIL,True
XYL,S3,long,RISK_ON,3,2015-10-21 00:00:00+00:00,2015-11-12 00:00:00+00:00,34.75471999999999,35.8,1.2379999466631535,0.006189999733315767,16,EMA_TRAIL,True
CTSH,S3,long,RISK_ON,3,2015-10-21 00:00:00+00:00,2015-11-04 00:00:00+00:00,65.03496999999999,66.82,2.235590011306903,0.011177950056534516,10,EMA_TRAIL,True
JNPR,S3,long,RISK_ON,3,2015-10-21 00:00:00+00:00,2015-11-09 00:00:00+00:00,29.8298,29.8298,0.30765746792215404,0.0015382873396107702,13,STOP_AFTER_TP1,True
NFX,S3,long,RISK_ON,3,2015-10-22 00:00:00+00:00,2015-11-04 00:00:00+00:00,39.19915999999999,39.19915999999999,0.3971473181333042,0.001985736590666521,9,STOP_AFTER_TP1,True
CNP,S3,long,RISK_ON,3,2015-10-23 00:00:00+00:00,2015-10-28 00:00:00+00:00,18.63862,18.39089285714286,-1.0,-0.005,3,SL,False
DUK,S3,long,RISK_ON,3,2015-10-23 00:00:00+00:00,2015-10-26 00:00:00+00:00,73.81373999999998,73.072075,-1.0,-0.005,1,SL,False
PPL,S3,long,RISK_ON,3,2015-10-23 00:00:00+00:00,2015-10-28 00:00:00+00:00,34.21418,33.79414285714285,-1.0,-0.005,3,SL,False
LNT,S3,long,RISK_ON,3,2015-10-23 00:00:00+00:00,2015-10-28 00:00:00+00:00,30.210179999999998,29.948507142857142,-1.0,-0.005,3,SL,False
T,S3,long,RISK_ON,3,2015-10-26 00:00:00+00:00,2015-10-27 00:00:00+00:00,33.693659999999994,33.255714285714284,-1.0,-0.005,1,SL,False
EL,S3,long,RISK_ON,3,2015-10-26 00:00:00+00:00,2015-10-29 00:00:00+00:00,83.97389,82.91910714285714,-1.0,-0.005,3,SL,False
HRS,S3,long,RISK_ON,3,2015-10-26 00:00:00+00:00,2015-10-27 00:00:00+00:00,75.57549999999999,74.679825,-1.0,-0.005,1,SL,False
BRK.B,S3,long,RISK_ON,3,2015-10-27 00:00:00+00:00,2015-11-06 00:00:00+00:00,135.76563,135.76563,0.4579534644307471,0.0022897673221537354,8,STOP_AFTER_TP1,True
BXP,S3,long,RISK_ON,3,2015-10-27 00:00:00+00:00,2015-11-09 00:00:00+00:00,122.00187999999999,122.00187999999999,0.2713778074844507,0.0013568890374222535,9,STOP_AFTER_TP1,True
C,S3,long,RISK_ON,3,2015-10-27 00:00:00+00:00,2015-11-12 00:00:00+00:00,52.662609999999994,53.46,0.9202002949258041,0.0046010014746290205,12,EMA_TRAIL,True
T,S3,long,RISK_ON,3,2015-10-29 00:00:00+00:00,2015-11-06 00:00:00+00:00,33.583549999999995,32.901607142857145,-1.0,-0.005,6,SL,False
NTAP,S3,long,RISK_ON,3,2015-10-29 00:00:00+00:00,2015-11-11 00:00:00+00:00,33.79375999999999,33.03257857142857,-1.0,-0.005,9,SL,False
GE,S3,long,RISK_ON,3,2015-10-29 00:00:00+00:00,2015-11-30 00:00:00+00:00,29.369339999999998,29.94,0.9498328835673728,0.004749164417836864,21,EMA_TRAIL,True
CERN,S3,long,RISK_ON,3,2015-10-30 00:00:00+00:00,2015-11-03 00:00:00+00:00,66.35629,65.35139285714286,-1.0,-0.005,2,SL,False
PAYX,S3,long,RISK_ON,3,2015-10-30 00:00:00+00:00,2015-12-03 00:00:00+00:00,51.63157999999999,52.65,1.6654084375664868,0.008327042187832433,23,EMA_TRAIL,True
CSCO,S3,long,RISK_ON,3,2015-10-30 00:00:00+00:00,2015-11-02 00:00:00+00:00,28.87885,28.625714285714288,-1.0,-0.005,1,SL,False
ADI,S3,long,RISK_ON,3,2015-11-02 00:00:00+00:00,2015-11-13 00:00:00+00:00,60.40034,58.80260714285714,-1.0,-0.005,9,SL,False
MAR,S3,long,RISK_ON,3,2015-11-02 00:00:00+00:00,2015-11-09 00:00:00+00:00,77.53745999999998,75.53835714285715,-1.0,-0.005,5,SL,False
XEC,S3,long,RISK_ON,3,2015-11-02 00:00:00+00:00,2015-11-05 00:00:00+00:00,117.41729999999998,117.41729999999998,0.48457211360873453,0.0024228605680436726,3,STOP_AFTER_TP1,True
APD,S3,long,RISK_ON,3,2015-11-02 00:00:00+00:00,2015-11-05 00:00:00+00:00,138.69856,136.64285714285714,-1.0,-0.005,3,SL,False
DFS,S3,long,RISK_ON,3,2015-11-02 00:00:00+00:00,2015-11-12 00:00:00+00:00,56.336279999999995,56.336279999999995,0.4926831485323209,0.0024634157426616046,8,STOP_AFTER_TP1,True
BMY,S3,long,RISK_ON,3,2015-11-03 00:00:00+00:00,2015-11-06 00:00:00+00:00,66.14608,64.21489285714286,-1.0,-0.005,3,SL,False
BLL,S3,long,RISK_ON,3,2015-11-03 00:00:00+00:00,2015-11-06 00:00:00+00:00,33.943909999999995,33.5135,-1.0,-0.005,3,SL,False
HBAN,S3,long,RISK_ON,3,2015-11-03 00:00:00+00:00,2015-12-03 00:00:00+00:00,11.14113,11.43,1.0657909363124087,0.005328954681562044,21,EMA_TRAIL,True
VZ,S3,long,RISK_ON,3,2015-11-03 00:00:00+00:00,2015-11-06 00:00:00+00:00,46.496449999999996,45.84861071428571,-1.0,-0.005,3,SL,False
CNP,S3,long,RISK_ON,3,2015-11-03 00:00:00+00:00,2015-11-06 00:00:00+00:00,18.74873,18.17892857142857,-1.0,-0.005,3,SL,False
WFC,S3,long,RISK_ON,3,2015-11-04 00:00:00+00:00,2015-11-13 00:00:00+00:00,54.63457999999999,54.63457999999999,0.46965918806071244,0.0023482959403035623,7,STOP_AFTER_TP1,True
IRM,S3,long,RISK_ON,3,2015-11-04 00:00:00+00:00,2015-11-06 00:00:00+00:00,31.441409999999998,30.98521428571429,-1.0,-0.005,2,SL,False
L,S3,long,RISK_ON,3,2015-11-04 00:00:00+00:00,2015-11-12 00:00:00+00:00,37.05702,37.05702,0.6147199971613899,0.0030735999858069497,6,STOP_AFTER_TP1,True
PFG,S3,long,RISK_ON,3,2015-11-04 00:00:00+00:00,2015-11-09 00:00:00+00:00,50.860809999999994,50.860809999999994,0.3608195292853554,0.0018040976464267769,3,STOP_AFTER_TP1,True
EOG,S3,long,RISK_ON,3,2015-11-04 00:00:00+00:00,2015-11-06 00:00:00+00:00,86.55646999999999,84.53510357142858,-1.0,-0.005,2,SL,False
TMK,S3,long,RISK_ON,3,2015-11-04 00:00:00+00:00,2015-11-13 00:00:00+00:00,58.46840999999999,58.46840999999999,0.353247859482168,0.00176623929741084,7,STOP_AFTER_TP1,True
LLL,S3,long,RISK_ON,3,2015-11-05 00:00:00+00:00,2015-11-06 00:00:00+00:00,123.05292999999999,120.76855357142857,-1.0,-0.005,1,SL,False
PFE,S3,long,RISK_ON,3,2015-11-05 00:00:00+00:00,2015-11-06 00:00:00+00:00,34.184149999999995,33.511432142857146,-1.0,-0.005,1,SL,False
CBG,S3,long,RISK_ON,3,2015-11-05 00:00:00+00:00,2015-11-06 00:00:00+00:00,36.78675,36.240492857142854,-1.0,-0.005,1,SL,False
FOX,S3,long,RISK_ON,3,2015-11-06 00:00:00+00:00,2015-12-08 00:00:00+00:00,30.110079999999996,29.5,-0.6330919893974695,-0.0031654599469873473,21,SMA50_BREAK,False
HRS,S3,long,RISK_ON,3,2015-11-06 00:00:00+00:00,2015-11-13 00:00:00+00:00,79.65957999999999,77.97321785714286,-1.0,-0.005,5,SL,False
PXD,S3,long,RISK_ON,3,2015-11-06 00:00:00+00:00,2015-11-12 00:00:00+00:00,144.24409999999997,139.20616071428572,-1.0,-0.005,4,SL,False
XEC,S3,long,RISK_ON,3,2015-11-06 00:00:00+00:00,2015-11-12 00:00:00+00:00,117.87776,112.22381428571428,-1.0,-0.005,4,SL,False
EL,S3,long,RISK_ON,3,2015-11-06 00:00:00+00:00,2015-11-13 00:00:00+00:00,85.75567,83.60839285714286,-1.0,-0.005,5,SL,False
LLL,S3,long,RISK_ON,3,2015-11-06 00:00:00+00:00,2015-11-12 00:00:00+00:00,122.21208999999999,118.75569642857143,-1.0,-0.005,4,SL,False
BMY,S3,long,RISK_ON,3,2015-11-06 00:00:00+00:00,2015-12-03 00:00:00+00:00,65.51545,66.45,0.7244027815244432,0.003622013907622216,18,EMA_TRAIL,True
BLL,S3,long,RISK_ON,3,2015-11-06 00:00:00+00:00,2015-11-12 00:00:00+00:00,33.92389,32.93385714285714,-1.0,-0.005,4,SL,False
ADS,S3,long,RISK_ON,3,2015-11-06 00:00:00+00:00,2015-11-12 00:00:00+00:00,298.24794999999995,291.8986821428571,-1.0,-0.005,4,SL,False
ROST,S3,long,RISK_ON,3,2015-11-06 00:00:00+00:00,2015-11-09 00:00:00+00:00,50.450399999999995,49.490153571428564,-1.0,-0.005,1,SL,False
XOM,S3,long,RISK_ON,3,2015-11-06 00:00:00+00:00,2015-11-09 00:00:00+00:00,84.55447,82.31122857142857,-1.0,-0.005,1,SL,False
INTU,S3,long,RISK_ON,3,2015-11-09 00:00:00+00:00,2015-11-13 00:00:00+00:00,97.60750999999999,97.60750999999999,0.39354333017398313,0.0019677166508699157,4,STOP_AFTER_TP1,True
HON,S3,long,RISK_ON,3,2015-11-09 00:00:00+00:00,2015-11-13 00:00:00+00:00,102.81270999999998,101.27128571428571,-1.0,-0.005,4,SL,False
MMM,S3,long,RISK_ON,3,2015-11-09 00:00:00+00:00,2015-11-13 00:00:00+00:00,157.62747,155.6575,-1.0,-0.005,4,SL,False
AIG,S3,long,RISK_ON,3,2015-11-09 00:00:00+00:00,2015-11-12 00:00:00+00:00,61.271209999999996,60.31317857142857,-1.0,-0.005,3,SL,False
AOS,S3,long,RISK_ON,3,2015-11-09 00:00:00+00:00,2015-11-16 00:00:00+00:00,38.65861999999999,37.76392857142857,-1.0,-0.005,5,SL,False
JNJ,S3,long,RISK_ON,3,2015-11-09 00:00:00+00:00,2015-11-13 00:00:00+00:00,100.94084,99.90714285714286,-1.0,-0.005,4,SL,False
MAS,S3,long,RISK_ON,3,2015-11-09 00:00:00+00:00,2015-12-03 00:00:00+00:00,28.438409999999998,29.51,1.5203765541835583,0.007601882770917792,17,EMA_TRAIL,True
TSCO,S3,long,RISK_ON,3,2015-11-09 00:00:00+00:00,2015-11-12 00:00:00+00:00,92.12203,90.29964285714286,-1.0,-0.005,3,SL,False
MAR,S3,long,RISK_ON,3,2015-11-09 00:00:00+00:00,2015-11-13 00:00:00+00:00,75.83576,73.35782142857144,-1.0,-0.005,4,SL,False
TROW,S3,long,RISK_ON,3,2015-11-09 00:00:00+00:00,2015-11-13 00:00:00+00:00,75.60552999999999,74.55219642857143,-1.0,-0.005,4,SL,False
RE,S3,long,RISK_ON,3,2015-11-09 00:00:00+00:00,2015-12-10 00:00:00+00:00,180.59040999999996,184.39,1.337483009546501,0.006687415047732505,22,EMA_TRAIL,True
RHT,S3,long,RISK_ON,3,2015-11-09 00:00:00+00:00,2015-11-13 00:00:00+00:00,80.37029,78.93446428571428,-1.0,-0.005,4,SL,False
AMGN,S3,long,RISK_ON,3,2015-11-09 00:00:00+00:00,2015-11-12 00:00:00+00:00,159.78963,154.74907142857143,-1.0,-0.005,3,SL,False
CBG,S3,long,RISK_ON,3,2015-11-09 00:00:00+00:00,2015-11-12 00:00:00+00:00,35.99596,35.17549285714286,-1.0,-0.005,3,SL,False
ROP,S3,long,RISK_ON,3,2015-11-09 00:00:00+00:00,2015-12-02 00:00:00+00:00,185.84565999999998,188.1,0.8968783871139738,0.004484391935569869,16,EMA_TRAIL,True
ITW,S3,long,RISK_ON,3,2015-11-09 00:00:00+00:00,2015-11-12 00:00:00+00:00,91.48138999999999,90.109025,-1.0,-0.005,3,SL,False
EOG,S3,long,RISK_ON,3,2015-11-09 00:00:00+00:00,2015-11-12 00:00:00+00:00,85.45537,82.90109285714286,-1.0,-0.005,3,SL,False
STI,S3,long,RISK_ON,3,2015-11-10 00:00:00+00:00,2015-11-13 00:00:00+00:00,43.793749999999996,42.49446428571429,-1.0,-0.005,3,SL,False
APH,S3,long,RISK_ON,3,2015-11-10 00:00:00+00:00,2015-11-13 00:00:00+00:00,54.49443999999999,53.55607142857143,-1.0,-0.005,3,SL,False
PG,S3,long,RISK_ON,3,2015-11-10 00:00:00+00:00,2015-11-13 00:00:00+00:00,75.84576999999999,74.27710714285715,-1.0,-0.005,3,SL,False
PFG,S3,long,RISK_ON,3,2015-11-10 00:00:00+00:00,2015-11-12 00:00:00+00:00,50.640589999999996,49.30392857142857,-1.0,-0.005,2,SL,False
ALL,S3,long,RISK_ON,3,2015-11-10 00:00:00+00:00,2015-11-12 00:00:00+00:00,63.38331999999999,62.599714285714285,-1.0,-0.005,2,SL,False
MMC,S3,long,RISK_ON,3,2015-11-10 00:00:00+00:00,2015-11-12 00:00:00+00:00,55.71565999999999,55.07741071428571,-1.0,-0.005,2,SL,False
RMD,S3,long,RISK_ON,3,2015-11-10 00:00:00+00:00,2015-11-13 00:00:00+00:00,57.957899999999995,56.87021785714286,-1.0,-0.005,3,SL,False
BXP,S3,long,RISK_ON,3,2015-11-10 00:00:00+00:00,2015-12-03 00:00:00+00:00,124.12399999999998,122.38,-0.43156108597285,-0.00215780542986425,16,SMA50_BREAK,False
MPC,S3,long,RISK_ON,3,2015-11-10 00:00:00+00:00,2015-11-16 00:00:00+00:00,54.824769999999994,53.004999999999995,-1.0,-0.005,4,SL,False
BLK,S3,long,RISK_ON,3,2015-11-10 00:00:00+00:00,2015-12-03 00:00:00+00:00,350.62026999999995,350.62026999999995,0.3849979130684419,0.0019249895653422095,16,STOP_AFTER_TP1,True
GPC,S3,long,RISK_ON,3,2015-11-10 00:00:00+00:00,2015-11-12 00:00:00+00:00,89.86977999999999,87.64714285714287,-1.0,-0.005,2,SL,False
HAS,S3,long,RISK_ON,3,2015-11-11 00:00:00+00:00,2015-11-13 00:00:00+00:00,78.64856999999998,77.55734642857142,-1.0,-0.005,2,SL,False
LH,S3,long,RISK_ON,3,2015-11-11 00:00:00+00:00,2015-11-13 00:00:00+00:00,121.21108999999998,119.55678571428572,-1.0,-0.005,2,SL,False
SRE,S3,long,RISK_ON,3,2015-11-11 00:00:00+00:00,2015-11-13 00:00:00+00:00,101.58148,99.0992142857143,-1.0,-0.005,2,SL,False
PKI,S3,long,RISK_ON,3,2015-11-11 00:00:00+00:00,2015-11-12 00:00:00+00:00,51.56150999999999,50.91014642857143,-1.0,-0.005,1,SL,False
SNPS,S3,long,RISK_ON,3,2015-11-12 00:00:00+00:00,2015-11-13 00:00:00+00:00,51.171119999999995,50.65464285714285,-1.0,-0.005,1,SL,False
L,S3,long,RISK_ON,3,2015-11-12 00:00:00+00:00,2015-12-03 00:00:00+00:00,37.067029999999995,37.5,1.6992954286143107,0.008496477143071553,14,EMA_TRAIL,True
USB,S3,long,RISK_ON,3,2015-11-12 00:00:00+00:00,2015-11-13 00:00:00+00:00,42.762719999999995,42.32035714285714,-1.0,-0.005,1,SL,False
PXD,S3,long,RISK_ON,3,2015-11-12 00:00:00+00:00,2015-12-07 00:00:00+00:00,140.15000999999998,135.29349642857142,-1.0,-0.005,16,SL,False
CME,S3,long,RISK_ON,3,2015-11-12 00:00:00+00:00,2015-11-13 00:00:00+00:00,96.44634999999998,95.33534999999999,-1.0,-0.005,1,SL,False
TEL,S3,long,RISK_ON,3,2015-11-12 00:00:00+00:00,2015-12-03 00:00:00+00:00,65.10504,66.01,2.0052044750887927,0.010026022375443963,14,EMA_TRAIL,True
TMO,S3,long,RISK_ON,3,2015-11-12 00:00:00+00:00,2015-12-03 00:00:00+00:00,132.57243999999997,132.57243999999997,1.0769393300719274,0.005384696650359637,14,STOP_AFTER_TP1,True
ALL,S3,long,RISK_ON,3,2015-11-12 00:00:00+00:00,2015-12-09 00:00:00+00:00,62.61254999999999,62.9,0.9667374798379385,0.004833687399189692,18,EMA_TRAIL,True
BK,S3,long,RISK_ON,3,2015-11-12 00:00:00+00:00,2015-11-13 00:00:00+00:00,43.22317999999999,42.75696428571429,-1.0,-0.005,1,SL,False
BAC,S3,long,RISK_ON,3,2015-11-12 00:00:00+00:00,2015-11-13 00:00:00+00:00,17.38737,17.137500000000003,-1.0,-0.005,1,SL,False
SNPS,S3,long,RISK_ON,3,2015-11-13 00:00:00+00:00,2015-11-20 00:00:00+00:00,50.61056,50.61056,0.5137427529673977,0.0025687137648369887,5,STOP_AFTER_TP1,True
BK,S3,long,RISK_ON,3,2015-11-13 00:00:00+00:00,2015-12-10 00:00:00+00:00,42.712669999999996,42.129821428571425,-1.0,-0.005,18,SL,False
DIS,S3,long,RISK_ON,3,2015-11-13 00:00:00+00:00,2015-11-27 00:00:00+00:00,114.95483999999999,114.95483999999999,0.5355714337342554,0.002677857168671277,9,STOP_AFTER_TP1,True
CME,S3,long,RISK_ON,3,2015-11-13 00:00:00+00:00,2015-12-09 00:00:00+00:00,95.54544999999999,95.54544999999999,0.5924677042301335,0.0029623385211506674,17,STOP_AFTER_TP1,True
ADSK,S3,long,RISK_ON,3,2015-11-13 00:00:00+00:00,2015-11-20 00:00:00+00:00,60.51045,59.27160714285714,-1.0,-0.005,5,SL,False
BDX,S3,long,RISK_ON,3,2015-11-13 00:00:00+00:00,2016-01-04 00:00:00+00:00,148.82868,148.82868,0.7773792407769663,0.0038868962038848317,33,STOP_AFTER_TP1,True
RMD,S3,long,RISK_ON,3,2015-11-13 00:00:00+00:00,2015-12-03 00:00:00+00:00,57.37732,58.32,0.8147874536636983,0.004073937268318491,13,EMA_TRAIL,True
HRS,S3,long,RISK_ON,3,2015-11-13 00:00:00+00:00,2015-12-11 00:00:00+00:00,78.30823,82.39,2.902679939151483,0.014513399695757415,19,EMA_TRAIL,True
HOLX,S3,long,RISK_ON,3,2015-11-16 00:00:00+00:00,2015-12-03 00:00:00+00:00,39.769729999999996,39.769729999999996,0.37100069163202876,0.0018550034581601438,12,STOP_AFTER_TP1,True
SRE,S3,long,RISK_ON,3,2015-11-16 00:00:00+00:00,2015-11-25 00:00:00+00:00,101.58148,99.18,-0.605062257809309,-0.003025311289046545,7,SMA50_BREAK,False
BAC,S3,long,RISK_ON,3,2015-11-16 00:00:00+00:00,2015-12-11 00:00:00+00:00,17.447429999999997,16.786428571428573,-1.0,-0.005,18,SL,False
LH,S3,long,RISK_ON,3,2015-11-16 00:00:00+00:00,2015-12-03 00:00:00+00:00,120.97084999999998,120.97084999999998,0.42433277920276213,0.0021216638960138107,12,STOP_AFTER_TP1,True
STI,S3,long,RISK_ON,3,2015-11-16 00:00:00+00:00,2015-12-11 00:00:00+00:00,42.832789999999996,41.79,-0.6487300513773951,-0.003243650256886976,18,SMA50_BREAK,False
USB,S3,long,RISK_ON,3,2015-11-16 00:00:00+00:00,2015-12-03 00:00:00+00:00,43.15311,43.15311,0.2836609801965302,0.001418304900982651,12,STOP_AFTER_TP1,True
TROW,S3,long,RISK_ON,3,2015-11-16 00:00:00+00:00,2015-12-09 00:00:00+00:00,75.41534,73.20892857142857,-1.0,-0.005,16,SL,False
ITW,S3,long,RISK_ON,3,2015-11-16 00:00:00+00:00,2015-12-08 00:00:00+00:00,91.17107999999999,92.29,0.6329410863496674,0.003164705431748337,15,EMA_TRAIL,True
SWK,S3,long,RISK_ON,3,2015-11-16 00:00:00+00:00,2015-12-11 00:00:00+00:00,105.79568999999998,107.0,0.6581769667705979,0.0032908848338529897,18,EMA_TRAIL,True
MPC,S3,long,RISK_ON,3,2015-11-16 00:00:00+00:00,2015-12-03 00:00:00+00:00,53.823769999999996,54.44,0.6203058046274053,0.003101529023137026,12,EMA_TRAIL,True
WFC,S3,long,RISK_ON,3,2015-11-17 00:00:00+00:00,2015-12-09 00:00:00+00:00,55.014959999999995,53.981525,-1.0,-0.005,15,SL,False
HON,S3,long,RISK_ON,3,2015-11-17 00:00:00+00:00,2015-11-24 00:00:00+00:00,102.39228999999999,102.39228999999999,0.3036312865872202,0.0015181564329361011,5,STOP_AFTER_TP1,True
MMM,S3,long,RISK_ON,3,2015-11-17 00:00:00+00:00,2015-12-03 00:00:00+00:00,157.18703,154.71536071428574,-1.0,-0.005,11,SL,False
AIG,S3,long,RISK_ON,3,2015-11-17 00:00:00+00:00,2015-12-09 00:00:00+00:00,61.06099999999999,62.18,0.6797509560380552,0.0033987547801902765,15,EMA_TRAIL,True
RHT,S3,long,RISK_ON,3,2015-11-18 00:00:00+00:00,2015-12-11 00:00:00+00:00,80.61053,78.44918571428572,-1.0,-0.005,16,SL,False
CBG,S3,long,RISK_ON,3,2015-11-18 00:00:00+00:00,2015-12-10 00:00:00+00:00,36.08604999999999,35.18,-0.5957439813640674,-0.002978719906820337,15,SMA50_BREAK,False
EOG,S3,long,RISK_ON,3,2015-11-18 00:00:00+00:00,2015-11-27 00:00:00+00:00,85.23514999999999,82.02,-0.6775558249997555,-0.003387779124998778,6,SMA50_BREAK,False
GPC,S3,long,RISK_ON,3,2015-11-18 00:00:00+00:00,2015-12-09 00:00:00+00:00,88.49840999999999,87.27,-0.5853435890838117,-0.0029267179454190583,14,SMA50_BREAK,False
LKQ,S3,long,RISK_ON,3,2015-11-19 00:00:00+00:00,2015-12-03 00:00:00+00:00,29.509479999999996,28.871785714285714,-1.0,-0.005,9,SL,False
MMC,S3,long,RISK_ON,3,2015-11-19 00:00:00+00:00,2015-12-09 00:00:00+00:00,55.63557999999999,55.63557999999999,0.2785431451890308,0.001392715725945154,13,STOP_AFTER_TP1,True
PFG,S3,long,RISK_ON,3,2015-11-19 00:00:00+00:00,2015-12-03 00:00:00+00:00,50.77071999999999,48.99,-1.0,-0.005,9,SL,False
AOS,S3,long,RISK_ON,3,2015-11-20 00:00:00+00:00,2015-12-03 00:00:00+00:00,39.124084999999994,39.124084999999994,0.41991277061086546,0.0020995638530543273,8,STOP_AFTER_TP1,True
C,S3,long,RISK_ON,3,2015-11-20 00:00:00+00:00,2015-11-24 00:00:00+00:00,54.80474999999999,53.98660714285714,-1.0,-0.005,2,SL,False
DFS,S3,long,RISK_ON,3,2015-11-23 00:00:00+00:00,2015-11-24 00:00:00+00:00,56.96690999999999,56.36134285714286,-1.0,-0.005,1,SL,False
SNPS,S1,long,RISK_ON,3,2015-11-23 00:00:00+00:00,2015-12-03 00:00:00+00:00,49.549499999999995,46.483975,-1.0,-0.005,7,SL,False
DFS,S3,long,RISK_ON,3,2015-11-24 00:00:00+00:00,2015-12-03 00:00:00+00:00,56.866809999999994,55.76795,-1.0,-0.005,6,SL,False
PKI,S3,long,RISK_ON,3,2015-11-24 00:00:00+00:00,2015-12-02 00:00:00+00:00,52.59253999999999,52.59253999999999,0.2934286154400109,0.0014671430772000547,5,STOP_AFTER_TP1,True
C,S3,long,RISK_ON,3,2015-11-24 00:00:00+00:00,2015-12-09 00:00:00+00:00,54.234179999999995,53.15446428571428,-1.0,-0.005,10,SL,False
INTU,S3,long,RISK_ON,3,2015-11-25 00:00:00+00:00,2015-12-03 00:00:00+00:00,99.94984999999998,96.45681428571429,-1.0,-0.005,5,SL,False
APH,S3,long,RISK_ON,3,2015-11-25 00:00:00+00:00,2015-12-02 00:00:00+00:00,54.81475999999999,54.81475999999999,0.2674531123145739,0.0013372655615728696,4,STOP_AFTER_TP1,True
HII,S3,long,RISK_ON,3,2015-11-25 00:00:00+00:00,2015-12-03 00:00:00+00:00,132.4323,129.6692857142857,-1.0,-0.005,5,SL,False
LLL,S3,long,RISK_ON,3,2015-11-25 00:00:00+00:00,2015-12-17 00:00:00+00:00,123.69356999999998,117.65,-0.9033497725022875,-0.004516748862511437,15,SMA50_BREAK,False
JNJ,S3,long,RISK_ON,3,2015-11-25 00:00:00+00:00,2015-11-30 00:00:00+00:00,102.06195999999998,101.28232142857144,-1.0,-0.005,2,SL,False
MDT,S3,long,RISK_ON,3,2015-11-27 00:00:00+00:00,2015-11-30 00:00:00+00:00,76.53645999999999,75.55074642857143,-1.0,-0.005,1,SL,False
HON,S3,long,RISK_ON,3,2015-11-27 00:00:00+00:00,2015-12-03 00:00:00+00:00,104.16405999999999,102.10563571428571,-1.0,-0.005,4,SL,False
BLL,S3,long,RISK_ON,3,2015-11-27 00:00:00+00:00,2015-12-08 00:00:00+00:00,34.539505,33.665625,-1.0,-0.005,7,SL,False
TDG,S3,long,RISK_ON,3,2015-11-30 00:00:00+00:00,2015-12-03 00:00:00+00:00,234.86462999999998,234.86462999999998,0.3581706660490767,0.0017908533302453836,3,STOP_AFTER_TP1,True
PBCT,S2,long,RISK_ON,3,2015-12-01 00:00:00+00:00,2015-12-07 00:00:00+00:00,16.86685,16.42214285714286,-1.0,-0.005,4,SL,False
BAX,S3,long,RISK_ON,3,2015-12-01 00:00:00+00:00,2015-12-03 00:00:00+00:00,37.97794,37.242107142857144,-1.0,-0.005,2,SL,False
GLW,S3,long,RISK_ON,3,2015-12-01 00:00:00+00:00,2015-12-03 00:00:00+00:00,18.83882,18.50125357142857,-1.0,-0.005,2,SL,False
FLS,S3,long,RISK_ON,3,2015-12-01 00:00:00+00:00,2015-12-02 00:00:00+00:00,46.45640999999999,45.540571428571425,-1.0,-0.005,1,SL,False
AMGN,S3,long,RISK_ON,3,2015-12-01 00:00:00+00:00,2015-12-03 00:00:00+00:00,162.14197999999996,158.58277142857145,-1.0,-0.005,2,SL,False
FLR,S3,long,RISK_ON,3,2015-12-01 00:00:00+00:00,2015-12-07 00:00:00+00:00,48.98893999999999,47.28928928571429,-1.0,-0.005,4,SL,False
ORCL,S3,long,RISK_ON,3,2015-12-01 00:00:00+00:00,2015-12-03 00:00:00+00:00,39.26922999999999,38.58660714285714,-1.0,-0.005,2,SL,False
TMK,S3,long,RISK_ON,3,2015-12-02 00:00:00+00:00,2015-12-03 00:00:00+00:00,60.86079999999999,60.36098214285714,-1.0,-0.005,1,SL,False
COF,S3,long,RISK_ON,3,2015-12-02 00:00:00+00:00,2015-12-03 00:00:00+00:00,78.84876999999999,77.9982142857143,-1.0,-0.005,1,SL,False
RL,S3,long,RISK_ON,3,2015-12-02 00:00:00+00:00,2015-12-03 00:00:00+00:00,125.84571999999999,122.25545357142857,-1.0,-0.005,1,SL,False
UAL,S1,long,RISK_ON,3,2015-12-02 00:00:00+00:00,2015-12-03 00:00:00+00:00,57.96790999999999,56.74,-0.3379134790026933,-0.0016895673950134665,1,SMA50_BREAK,False
FAST,S3,long,RISK_ON,3,2015-12-02 00:00:00+00:00,2015-12-03 00:00:00+00:00,40.180139999999994,39.640932142857146,-1.0,-0.005,1,SL,False
APH,S3,long,RISK_ON,3,2015-12-02 00:00:00+00:00,2015-12-03 00:00:00+00:00,54.64459,54.105807142857145,-1.0,-0.005,1,SL,False
SCHW,S3,long,RISK_ON,3,2015-12-02 00:00:00+00:00,2015-12-03 00:00:00+00:00,33.62359,33.14696428571429,-1.0,-0.005,1,SL,False
CFG,S3,long,RISK_ON,3,2015-12-07 00:00:00+00:00,2015-12-08 00:00:00+00:00,26.53651,26.116142857142854,-1.0,-0.005,1,SL,False
FLIR,S3,long,RISK_ON,3,2015-12-07 00:00:00+00:00,2015-12-08 00:00:00+00:00,29.899869999999996,29.442700000000002,-1.0,-0.005,1,SL,False
LRCX,S3,long,RISK_ON,3,2015-12-07 00:00:00+00:00,2015-12-09 00:00:00+00:00,77.96789,77.96789,0.28093771756509406,0.0014046885878254702,2,STOP_AFTER_TP1,True
UNM,S3,long,RISK_ON,3,2015-12-07 00:00:00+00:00,2015-12-08 00:00:00+00:00,36.346309999999995,35.74957142857143,-1.0,-0.005,1,SL,False
LLY,S3,long,RISK_ON,3,2015-12-29 00:00:00+00:00,2015-12-31 00:00:00+00:00,86.33624999999999,84.11446428571429,-1.0,-0.005,2,SL,False
ULTA,S3,long,RISK_ON,3,2015-12-29 00:00:00+00:00,2016-01-04 00:00:00+00:00,185.49531,182.4903642857143,-1.0,-0.005,3,SL,False
CCI,S5,long,DEFENSIVE,3,2016-01-20 00:00:00+00:00,2016-01-21 00:00:00+00:00,78.29821999999999,79.13,0.32186888113241635,0.0016093444056620818,1,SMA50_BREAK,False
CNC,S1,long,DEFENSIVE,3,2016-01-22 00:00:00+00:00,2016-01-26 00:00:00+00:00,63.15309,59.99,-0.592077284196497,-0.0029603864209824847,2,SMA50_BREAK,False
CNC,S1,long,DEFENSIVE,3,2016-01-27 00:00:00+00:00,2016-01-28 00:00:00+00:00,61.90184,57.92473,-1.0,-0.005,1,SL,False
EXC,S3,long,RISK_ON,3,2016-02-22 00:00:00+00:00,2016-04-05 00:00:00+00:00,31.72169,34.6,1.9931444075804303,0.009965722037902152,30,EMA_TRAIL,True
HAS,S3,long,RISK_ON,3,2016-02-22 00:00:00+00:00,2016-03-24 00:00:00+00:00,74.61453999999999,77.3,0.6635888830745011,0.0033179444153725057,23,EMA_TRAIL,True
GPC,S3,long,RISK_ON,3,2016-02-24 00:00:00+00:00,2016-04-07 00:00:00+00:00,91.13104,96.91,2.0649700837724,0.010324850418861999,30,EMA_TRAIL,True
PX,S3,long,RISK_ON,3,2016-02-25 00:00:00+00:00,2016-04-07 00:00:00+00:00,102.71260999999998,111.67,2.5249533169868745,0.012624766584934373,29,EMA_TRAIL,True
EXPD,S3,long,RISK_ON,3,2016-02-25 00:00:00+00:00,2016-04-04 00:00:00+00:00,45.95590999999999,47.79,0.9174965238367216,0.004587482619183608,26,EMA_TRAIL,True
CA,S3,long,RISK_ON,3,2016-02-26 00:00:00+00:00,2016-04-05 00:00:00+00:00,29.409379999999995,30.35,1.6776373804653057,0.008388186902326528,26,EMA_TRAIL,True
DE,S3,long,RISK_ON,3,2016-02-26 00:00:00+00:00,2016-03-15 00:00:00+00:00,79.54946999999999,80.65,0.7627251130936541,0.0038136255654682705,12,EMA_TRAIL,True
OXY,S3,long,RISK_ON,3,2016-02-26 00:00:00+00:00,2016-03-08 00:00:00+00:00,69.86979999999998,67.38256785714286,-1.0,-0.005,7,SL,False
CMCSA,S3,long,RISK_ON,3,2016-02-26 00:00:00+00:00,2016-04-21 00:00:00+00:00,28.983954999999995,30.47,2.5332182082444454,0.012666091041222228,38,EMA_TRAIL,True
WMT,S3,long,RISK_ON,3,2016-02-26 00:00:00+00:00,2016-03-03 00:00:00+00:00,66.57651,65.51278571428571,-1.0,-0.005,4,SL,False
CHD,S3,long,RISK_ON,3,2016-02-29 00:00:00+00:00,2016-03-10 00:00:00+00:00,45.42538,44.839821428571426,-1.0,-0.005,8,SL,False
ORLY,S3,long,RISK_ON,3,2016-02-29 00:00:00+00:00,2016-03-08 00:00:00+00:00,260.58032,260.58032,0.6163234459541533,0.0030816172297707667,6,STOP_AFTER_TP1,True
WU,S3,long,RISK_ON,3,2016-02-29 00:00:00+00:00,2016-03-15 00:00:00+00:00,18.27826,18.48,1.0358674861068722,0.005179337430534361,11,EMA_TRAIL,True
ITW,S3,long,RISK_ON,3,2016-02-29 00:00:00+00:00,2016-05-04 00:00:00+00:00,94.34424999999999,103.53,7.733051559450482,0.03866525779725241,46,EMA_TRAIL,True
PGR,S3,long,RISK_ON,3,2016-02-29 00:00:00+00:00,2016-04-07 00:00:00+00:00,31.951919999999998,34.41,5.056660916704446,0.02528330458352223,27,EMA_TRAIL,True
SYK,S3,long,RISK_ON,3,2016-02-29 00:00:00+00:00,2016-03-08 00:00:00+00:00,99.97987999999998,99.97987999999998,0.8359442766681402,0.004179721383340701,6,STOP_AFTER_TP1,True
GIS,S3,long,RISK_ON,3,2016-02-29 00:00:00+00:00,2016-04-14 00:00:00+00:00,58.908849999999994,62.11,3.401788159892601,0.017008940799463006,32,EMA_TRAIL,True
CHRW,S3,long,RISK_ON,3,2016-02-29 00:00:00+00:00,2016-04-07 00:00:00+00:00,69.89983,71.85,2.1961269603576676,0.010980634801788338,27,EMA_TRAIL,True
TROW,S3,long,RISK_ON,3,2016-02-29 00:00:00+00:00,2016-03-15 00:00:00+00:00,69.17911,70.6,1.6658568985238777,0.008329284492619389,11,EMA_TRAIL,True
PDCO,S3,long,RISK_ON,3,2016-03-02 00:00:00+00:00,2016-04-05 00:00:00+00:00,43.82378,45.1,1.2860565281172156,0.006430282640586078,23,EMA_TRAIL,True
PCAR,S2,long,RISK_ON,3,2016-03-03 00:00:00+00:00,2016-05-18 00:00:00+00:00,54.114059999999995,55.23,0.3313931031147421,0.0016569655155737107,53,SMA50_BREAK,False
GD,S3,long,RISK_ON,3,2016-03-04 00:00:00+00:00,2016-03-07 00:00:00+00:00,135.41528,133.4712607142857,-1.0,-0.005,1,SL,False
COG,S3,long,RISK_ON,3,2016-03-04 00:00:00+00:00,2016-03-09 00:00:00+00:00,21.491469999999996,20.399214285714287,-1.0,-0.005,3,SL,False
CVS,S3,long,RISK_ON,3,2016-03-07 00:00:00+00:00,2016-04-07 00:00:00+00:00,98.51841999999999,100.94,1.770119765539147,0.008850598827695734,22,EMA_TRAIL,True
HSY,S3,long,RISK_ON,3,2016-03-07 00:00:00+00:00,2016-03-18 00:00:00+00:00,92.53244,91.30073928571429,-1.0,-0.005,9,SL,False
CHTR,S3,long,RISK_ON,3,2016-03-08 00:00:00+00:00,2016-03-10 00:00:00+00:00,183.10291999999995,183.10291999999995,0.3755250137922011,0.0018776250689610055,2,STOP_AFTER_TP1,True
SLB,S3,long,RISK_ON,3,2016-03-08 00:00:00+00:00,2016-03-24 00:00:00+00:00,72.7727,71.68,-1.0,-0.005,12,SL,False
ROK,S3,long,RISK_ON,3,2016-03-08 00:00:00+00:00,2016-04-29 00:00:00+00:00,105.48537999999998,113.47,4.671754872750987,0.023358774363754935,37,EMA_TRAIL,True
TSCO,S3,long,RISK_ON,3,2016-03-08 00:00:00+00:00,2016-04-05 00:00:00+00:00,86.00591999999999,88.81,1.2719026969126448,0.006359513484563224,19,EMA_TRAIL,True
KSU,S3,long,RISK_ON,3,2016-03-08 00:00:00+00:00,2016-03-10 00:00:00+00:00,83.87379,82.00482500000001,-1.0,-0.005,2,SL,False
BLK,S3,long,RISK_ON,3,2016-03-08 00:00:00+00:00,2016-03-10 00:00:00+00:00,320.7203999999999,320.7203999999999,0.28657653736742617,0.001432882686837131,2,STOP_AFTER_TP1,True
ADP,S3,long,RISK_ON,3,2016-03-08 00:00:00+00:00,2016-04-21 00:00:00+00:00,85.57548999999999,89.35,2.3903617252865907,0.011951808626432954,31,EMA_TRAIL,True
JCI,S3,long,RISK_ON,3,2016-03-08 00:00:00+00:00,2016-03-10 00:00:00+00:00,37.513876399999994,36.95889285714286,-1.0,-0.005,2,SL,False
WYN,S3,long,RISK_ON,3,2016-03-09 00:00:00+00:00,2016-03-10 00:00:00+00:00,74.11404,72.89410714285714,-1.0,-0.005,1,SL,False
SPGI,S3,long,RISK_ON,3,2016-03-09 00:00:00+00:00,2016-06-10 00:00:00+00:00,93.34324999999998,107.51,6.274959023321831,0.03137479511660916,65,EMA_TRAIL,True
UTX,S3,long,RISK_ON,3,2016-03-09 00:00:00+00:00,2016-05-03 00:00:00+00:00,96.69659999999999,102.13,2.5742748395784503,0.01287137419789225,38,EMA_TRAIL,True
VFC,S3,long,RISK_ON,3,2016-03-09 00:00:00+00:00,2016-04-05 00:00:00+00:00,64.90484,63.39071428571429,-1.0,-0.005,18,SL,False
HST,S3,long,RISK_ON,3,2016-03-09 00:00:00+00:00,2016-03-10 00:00:00+00:00,16.18617,15.765625,-1.0,-0.005,1,SL,False
PSX,S3,long,RISK_ON,3,2016-03-10 00:00:00+00:00,2016-04-01 00:00:00+00:00,85.51543,85.51543,0.3118078583442303,0.0015590392917211515,15,STOP_AFTER_TP1,True
AYI,S3,long,RISK_ON,3,2016-03-10 00:00:00+00:00,2016-03-24 00:00:00+00:00,212.74253,214.91,0.7181625753262676,0.003590812876631338,10,EMA_TRAIL,True
ADSK,S3,long,RISK_ON,3,2016-03-10 00:00:00+00:00,2016-04-01 00:00:00+00:00,56.00595,56.00595,0.3289098261852098,0.001644549130926049,15,STOP_AFTER_TP1,True
JCI,S3,long,RISK_ON,3,2016-03-10 00:00:00+00:00,2016-03-23 00:00:00+00:00,37.12608899999999,37.4031,0.957085175382855,0.004785425876914275,9,EMA_TRAIL,True
DHR,S3,long,RISK_ON,3,2016-03-10 00:00:00+00:00,2016-04-08 00:00:00+00:00,89.29920999999999,93.19,2.0840978946160087,0.010420489473080044,19,EMA_TRAIL,True
UPS,S3,long,RISK_ON,3,2016-03-10 00:00:00+00:00,2016-04-28 00:00:00+00:00,99.96987,104.91,2.072299671326684,0.010361498356633421,34,EMA_TRAIL,True
WYN,S3,long,RISK_ON,3,2016-03-10 00:00:00+00:00,2016-03-23 00:00:00+00:00,74.074,74.73,0.70419348257507,0.00352096741287535,9,EMA_TRAIL,True
UAL,S3,long,RISK_ON,3,2016-03-10 00:00:00+00:00,2016-03-24 00:00:00+00:00,57.31725999999999,57.31725999999999,0.3480928594423272,0.001740464297211636,10,STOP_AFTER_TP1,True
AFL,S3,long,RISK_ON,3,2016-03-10 00:00:00+00:00,2016-06-10 00:00:00+00:00,60.43036999999999,68.95,4.83291469966192,0.0241645734983096,64,EMA_TRAIL,True
KHC,S3,long,RISK_ON,3,2016-03-11 00:00:00+00:00,2016-04-07 00:00:00+00:00,77.02695,77.02695,0.279237001162836,0.00139618500581418,18,STOP_AFTER_TP1,True
DAL,S3,long,RISK_ON,3,2016-03-11 00:00:00+00:00,2016-03-24 00:00:00+00:00,47.73768999999999,47.73768999999999,0.2814139476832475,0.0014070697384162376,9,STOP_AFTER_TP1,True
DOV,S3,long,RISK_ON,3,2016-03-14 00:00:00+00:00,2016-03-15 00:00:00+00:00,62.402339999999995,60.76571428571429,-1.0,-0.005,1,SL,False
KSU,S3,long,RISK_ON,3,2016-03-15 00:00:00+00:00,2016-03-23 00:00:00+00:00,84.68459999999999,84.68459999999999,0.34622823840245714,0.0017311411920122857,6,STOP_AFTER_TP1,True
APD,S3,long,RISK_ON,3,2016-03-15 00:00:00+00:00,2016-05-02 00:00:00+00:00,134.18404999999998,145.87,5.074237369002877,0.025371186845014385,33,EMA_TRAIL,True
AOS,S3,long,RISK_ON,3,2016-03-15 00:00:00+00:00,2016-04-28 00:00:00+00:00,36.636599999999994,38.665,2.1809449229966202,0.010904724614983102,31,EMA_TRAIL,True
CAT,S3,long,RISK_ON,3,2016-03-15 00:00:00+00:00,2016-04-07 00:00:00+00:00,72.51243999999998,74.17,0.8173079526685008,0.004086539763342504,16,EMA_TRAIL,True
MLM,S3,long,RISK_ON,3,2016-03-15 00:00:00+00:00,2016-03-23 00:00:00+00:00,153.37321999999998,153.37321999999998,0.3194261225414675,0.0015971306127073375,6,STOP_AFTER_TP1,True
HST,S3,long,RISK_ON,3,2016-03-15 00:00:00+00:00,2016-03-17 00:00:00+00:00,16.576559999999997,16.129375,-1.0,-0.005,2,SL,False
LH,S3,long,RISK_ON,3,2016-03-15 00:00:00+00:00,2016-06-13 00:00:00+00:00,112.69257999999999,127.54,6.993884789118253,0.034969423945591264,62,EMA_TRAIL,True
IRM,S3,long,RISK_ON,3,2016-03-15 00:00:00+00:00,2016-05-18 00:00:00+00:00,31.221189999999996,36.6,6.667695335100596,0.033338476675502986,45,EMA_TRAIL,True
MRK,S3,long,RISK_ON,3,2016-03-15 00:00:00+00:00,2016-03-17 00:00:00+00:00,52.47241999999999,51.510535714285716,-1.0,-0.005,2,SL,False
ANSS,S3,long,RISK_ON,3,2016-03-15 00:00:00+00:00,2016-04-07 00:00:00+00:00,86.31622999999999,87.26,0.7800512942828934,0.0039002564714144673,16,EMA_TRAIL,True
MAC,S3,long,RISK_ON,3,2016-03-15 00:00:00+00:00,2016-03-21 00:00:00+00:00,79.72964999999999,79.72964999999999,0.4051316239101291,0.0020256581195506455,4,STOP_AFTER_TP1,True
TROW,S3,long,RISK_ON,3,2016-03-16 00:00:00+00:00,2016-04-05 00:00:00+00:00,71.39131999999998,72.34,0.5755394621058523,0.0028776973105292614,13,EMA_TRAIL,True
CHTR,S2,long,RISK_ON,3,2016-03-16 00:00:00+00:00,2016-06-15 00:00:00+00:00,198.35815999999997,221.19,1.5089365831588424,0.007544682915794212,63,EMA_TRAIL,True
WU,S3,long,RISK_ON,3,2016-03-16 00:00:00+00:00,2016-05-03 00:00:00+00:00,18.668649999999996,19.83,2.290117600999867,0.011450588004999335,33,EMA_TRAIL,True
UHS,S3,long,RISK_ON,3,2016-03-16 00:00:00+00:00,2016-05-23 00:00:00+00:00,113.83371999999999,132.04,3.495644338015949,0.017478221690079745,47,EMA_TRAIL,True
PKI,S3,long,RISK_ON,3,2016-03-16 00:00:00+00:00,2016-04-05 00:00:00+00:00,47.997949999999996,48.58,0.7155785315304275,0.0035778926576521377,13,EMA_TRAIL,True
CBOE,S3,long,RISK_ON,3,2016-03-17 00:00:00+00:00,2016-03-18 00:00:00+00:00,65.94587999999999,64.80946428571428,-1.0,-0.005,1,SL,False
PNC,S3,long,RISK_ON,3,2016-03-21 00:00:00+00:00,2016-03-24 00:00:00+00:00,86.2862,84.71660714285714,-1.0,-0.005,3,SL,False
MAC,S3,long,RISK_ON,3,2016-03-21 00:00:00+00:00,2016-03-22 00:00:00+00:00,79.72964999999999,79.05285714285715,-1.0,-0.005,1,SL,False
AVB,S3,long,RISK_ON,3,2016-03-21 00:00:00+00:00,2016-04-11 00:00:00+00:00,185.21502999999998,185.54,0.758276413161457,0.0037913820658072852,14,EMA_TRAIL,True
COG,S3,long,RISK_ON,3,2016-03-21 00:00:00+00:00,2016-03-24 00:00:00+00:00,21.81179,21.054107142857145,-1.0,-0.005,3,SL,False
SBUX,S3,long,RISK_ON,3,2016-03-21 00:00:00+00:00,2016-03-24 00:00:00+00:00,59.159099999999995,58.46310714285714,-1.0,-0.005,3,SL,False
CBOE,S3,long,RISK_ON,3,2016-03-21 00:00:00+00:00,2016-04-08 00:00:00+00:00,64.78472,63.74303571428571,-1.0,-0.005,13,SL,False
PHM,S3,long,RISK_ON,3,2016-03-21 00:00:00+00:00,2016-03-24 00:00:00+00:00,18.318299999999997,17.890892857142855,-1.0,-0.005,3,SL,False
ANTM,S3,long,RISK_ON,3,2016-03-21 00:00:00+00:00,2016-04-11 00:00:00+00:00,140.14,140.9,0.6032084043157356,0.003016042021578678,14,EMA_TRAIL,True
HP,S3,long,RISK_ON,3,2016-03-21 00:00:00+00:00,2016-03-23 00:00:00+00:00,61.04097999999999,58.23692857142857,-1.0,-0.005,2,SL,False
CVX,S3,long,RISK_ON,3,2016-03-22 00:00:00+00:00,2016-03-23 00:00:00+00:00,95.59549999999999,94.09963571428571,-1.0,-0.005,1,SL,False
GGP,S3,long,RISK_ON,3,2016-03-22 00:00:00+00:00,2016-03-24 00:00:00+00:00,29.07905,28.657857142857143,-1.0,-0.005,2,SL,False
BLK,S3,long,RISK_ON,3,2016-03-22 00:00:00+00:00,2016-03-24 00:00:00+00:00,340.56022,333.05397500000004,-1.0,-0.005,2,SL,False
IDXX,S3,long,RISK_ON,3,2016-03-22 00:00:00+00:00,2016-03-24 00:00:00+00:00,76.67659999999998,74.53821428571429,-1.0,-0.005,2,SL,False
UDR,S3,long,RISK_ON,3,2016-03-22 00:00:00+00:00,2016-03-24 00:00:00+00:00,37.50747,36.74108928571429,-1.0,-0.005,2,SL,False
SPG,S3,long,RISK_ON,3,2016-03-22 00:00:00+00:00,2016-04-20 00:00:00+00:00,202.57236999999998,203.72,0.7702306822748486,0.0038511534113742432,20,EMA_TRAIL,True
ALGN,S3,long,RISK_ON,3,2016-03-22 00:00:00+00:00,2016-04-29 00:00:00+00:00,69.88981999999999,72.19,1.0246980555524121,0.00512349027776206,27,EMA_TRAIL,True
IBM,S3,long,RISK_ON,3,2016-03-23 00:00:00+00:00,2016-04-19 00:00:00+00:00,145.5454,145.5454,0.729318929520216,0.0036465946476010804,18,STOP_AFTER_TP1,True
XRX,S3,long,RISK_ON,3,2016-03-23 00:00:00+00:00,2016-03-24 00:00:00+00:00,42.282239999999994,41.63092857142857,-1.0,-0.005,1,SL,False
CVX,S3,long,RISK_ON,3,2016-03-23 00:00:00+00:00,2016-05-17 00:00:00+00:00,93.68359,100.75,3.225117471273384,0.01612558735636692,38,EMA_TRAIL,True
NUE,S3,long,RISK_ON,3,2016-03-23 00:00:00+00:00,2016-05-03 00:00:00+00:00,46.09604999999999,48.73,2.65414850837136,0.0132707425418568,28,EMA_TRAIL,True
PWR,S3,long,RISK_ON,3,2016-03-23 00:00:00+00:00,2016-03-28 00:00:00+00:00,22.342319999999997,22.0675,-1.0,-0.005,2,SL,False
DOV,S3,long,RISK_ON,3,2016-03-23 00:00:00+00:00,2016-03-24 00:00:00+00:00,64.80473999999998,63.674821428571434,-1.0,-0.005,1,SL,False
YUM,S2,long,RISK_ON,3,2016-03-23 00:00:00+00:00,2016-05-13 00:00:00+00:00,80.63054999999999,80.3,-0.10306911067061315,-0.0005153455533530658,36,SMA50_BREAK,False
MLM,S3,long,RISK_ON,3,2016-03-23 00:00:00+00:00,2016-03-24 00:00:00+00:00,153.99383999999998,150.92955714285716,-1.0,-0.005,1,SL,False
BRK.B,S3,long,RISK_ON,3,2016-03-23 00:00:00+00:00,2016-03-24 00:00:00+00:00,141.10096,140.13,-1.0,-0.005,1,SL,False
AES,S3,long,RISK_ON,3,2016-03-23 00:00:00+00:00,2016-04-04 00:00:00+00:00,11.3113,11.3113,0.7349215352618665,0.0036746076763093326,7,STOP_AFTER_TP1,True
KSU,S3,long,RISK_ON,3,2016-03-23 00:00:00+00:00,2016-03-28 00:00:00+00:00,85.43534999999999,83.40071428571429,-1.0,-0.005,2,SL,False
AMD,S3,long,RISK_ON,3,2016-03-23 00:00:00+00:00,2016-04-07 00:00:00+00:00,2.68268,2.68268,0.894683803351886,0.00447341901675943,10,STOP_AFTER_TP1,True
MSFT,S3,long,RISK_ON,3,2016-03-23 00:00:00+00:00,2016-04-12 00:00:00+00:00,54.02396999999999,54.02396999999999,0.29066159215714876,0.0014533079607857438,13,STOP_AFTER_TP1,True
MNST,S3,long,RISK_ON,3,2016-03-23 00:00:00+00:00,2016-03-24 00:00:00+00:00,44.3208766,43.820121428571426,-1.0,-0.005,1,SL,False
JCI,S3,long,RISK_ON,3,2016-03-24 00:00:00+00:00,2016-04-05 00:00:00+00:00,37.744506799999996,36.76495714285714,-1.0,-0.005,7,SL,False
TRV,S3,long,RISK_ON,3,2016-03-24 00:00:00+00:00,2016-04-06 00:00:00+00:00,115.50538999999999,115.50538999999999,0.26805182959666374,0.0013402591479833186,8,STOP_AFTER_TP1,True
DOV,S3,long,RISK_ON,3,2016-03-24 00:00:00+00:00,2016-04-01 00:00:00+00:00,64.67460999999999,62.714821428571426,-1.0,-0.005,5,SL,False
ALK,S3,long,RISK_ON,3,2016-03-24 00:00:00+00:00,2016-04-01 00:00:00+00:00,80.67058999999999,80.67058999999999,0.3572451330001658,0.0017862256650008292,5,STOP_AFTER_TP1,True
BLK,S3,long,RISK_ON,3,2016-03-24 00:00:00+00:00,2016-04-07 00:00:00+00:00,334.61427999999995,327.59290357142856,-1.0,-0.005,9,SL,False
ORCL,S3,long,RISK_ON,3,2016-03-24 00:00:00+00:00,2016-04-07 00:00:00+00:00,41.01096999999999,39.91303571428572,-1.0,-0.005,9,SL,False
GGP,S3,long,RISK_ON,3,2016-03-24 00:00:00+00:00,2016-04-21 00:00:00+00:00,28.768739999999994,28.255892857142857,-1.0,-0.005,19,SL,False
IDXX,S3,long,RISK_ON,3,2016-03-24 00:00:00+00:00,2016-03-31 00:00:00+00:00,75.66559,75.66559,0.4513007023272153,0.002256503511636077,4,STOP_AFTER_TP1,True
UDR,S3,long,RISK_ON,3,2016-03-24 00:00:00+00:00,2016-04-11 00:00:00+00:00,37.08704999999999,37.08704999999999,0.5762989173019899,0.0028814945865099496,11,STOP_AFTER_TP1,True
BRK.B,S3,long,RISK_ON,3,2016-03-24 00:00:00+00:00,2016-05-04 00:00:00+00:00,140.25011,144.24,2.455637947188432,0.01227818973594216,28,EMA_TRAIL,True
TWX,S3,long,RISK_ON,3,2016-03-24 00:00:00+00:00,2016-05-03 00:00:00+00:00,70.08001,73.64,2.887614661177746,0.01443807330588873,27,EMA_TRAIL,True
BXP,S3,long,RISK_ON,3,2016-03-24 00:00:00+00:00,2016-05-13 00:00:00+00:00,123.99386999999999,130.06,1.8789007734202552,0.009394503867101276,35,EMA_TRAIL,True
COG,S3,long,RISK_ON,3,2016-03-24 00:00:00+00:00,2016-04-06 00:00:00+00:00,21.991969999999995,21.991969999999995,0.2739129937821755,0.0013695649689108775,8,STOP_AFTER_TP1,True
MRK,S3,long,RISK_ON,3,2016-03-28 00:00:00+00:00,2016-04-29 00:00:00+00:00,52.88282999999999,54.84,2.2752187280474234,0.011376093640237117,24,EMA_TRAIL,True
DAL,S3,long,RISK_ON,3,2016-03-28 00:00:00+00:00,2016-04-01 00:00:00+00:00,48.2482,46.76770714285714,-1.0,-0.005,4,SL,False
UAL,S3,long,RISK_ON,3,2016-03-28 00:00:00+00:00,2016-04-01 00:00:00+00:00,57.96790999999999,56.471250000000005,-1.0,-0.005,4,SL,False
AYI,S3,long,RISK_ON,3,2016-03-28 00:00:00+00:00,2016-04-28 00:00:00+00:00,215.73551999999998,246.27,4.618562480206103,0.023092812401030515,23,EMA_TRAIL,True
HST,S3,long,RISK_ON,3,2016-03-28 00:00:00+00:00,2016-04-05 00:00:00+00:00,16.36635,15.498214285714285,-1.0,-0.005,6,SL,False
PWR,S3,long,RISK_ON,3,2016-03-28 00:00:00+00:00,2016-04-01 00:00:00+00:00,22.312289999999997,22.312289999999997,0.3770825908013993,0.0018854129540069964,4,STOP_AFTER_TP1,True
NSC,S3,long,RISK_ON,3,2016-03-28 00:00:00+00:00,2016-04-05 00:00:00+00:00,81.83174999999999,81.83174999999999,0.5144922861904069,0.0025724614309520343,6,STOP_AFTER_TP1,True
MLM,S3,long,RISK_ON,3,2016-03-29 00:00:00+00:00,2016-06-10 00:00:00+00:00,154.37421999999998,185.54,5.545155910641804,0.02772577955320902,52,EMA_TRAIL,True
KSU,S3,long,RISK_ON,3,2016-03-29 00:00:00+00:00,2016-05-04 00:00:00+00:00,85.40531999999999,93.05,1.6993815852792045,0.008496907926396022,26,EMA_TRAIL,True
PNC,S3,long,RISK_ON,3,2016-03-30 00:00:00+00:00,2016-04-05 00:00:00+00:00,85.43534999999999,82.94,-0.9267842338787228,-0.004633921169393614,4,SMA50_BREAK,False
WYN,S3,long,RISK_ON,3,2016-03-30 00:00:00+00:00,2016-04-26 00:00:00+00:00,76.48640999999999,73.12830357142857,-1.0,-0.005,19,SL,False
IFF,S3,long,RISK_ON,3,2016-03-31 00:00:00+00:00,2016-05-04 00:00:00+00:00,113.88376999999998,118.64,2.604676554317914,0.01302338277158957,24,EMA_TRAIL,True
HP,S3,long,RISK_ON,3,2016-03-31 00:00:00+00:00,2016-04-01 00:00:00+00:00,58.77871999999999,56.338750000000005,-1.0,-0.005,1,SL,False
MNST,S3,long,RISK_ON,3,2016-03-31 00:00:00+00:00,2016-04-07 00:00:00+00:00,44.504459999999995,43.932317857142856,-1.0,-0.005,5,SL,False
RRC,S3,long,RISK_ON,3,2016-04-01 00:00:00+00:00,2016-05-16 00:00:00+00:00,32.48245,37.69,2.49852029065762,0.012492601453288099,31,EMA_TRAIL,True
WBA,S2,long,RISK_ON,3,2016-04-01 00:00:00+00:00,2016-04-07 00:00:00+00:00,86.7867,81.340725,-1.0,-0.005,4,SL,False
IP,S3,long,RISK_ON,3,2016-04-01 00:00:00+00:00,2016-04-05 00:00:00+00:00,41.01096999999999,39.94090714285714,-1.0,-0.005,2,SL,False
AKAM,S3,long,RISK_ON,3,2016-04-01 00:00:00+00:00,2016-04-05 00:00:00+00:00,55.27521999999999,53.67191785714286,-1.0,-0.005,2,SL,False
AAP,S3,long,RISK_ON,3,2016-04-01 00:00:00+00:00,2016-04-04 00:00:00+00:00,160.58041999999998,157.97992499999998,-1.0,-0.005,1,SL,False
L,S3,long,RISK_ON,3,2016-04-01 00:00:00+00:00,2016-04-05 00:00:00+00:00,38.568529999999996,37.60923571428571,-1.0,-0.005,2,SL,False
DOV,S3,long,RISK_ON,3,2016-04-01 00:00:00+00:00,2016-04-05 00:00:00+00:00,64.20414,61.76142857142857,-1.0,-0.005,2,SL,False
JWN,S3,long,RISK_ON,3,2016-04-01 00:00:00+00:00,2016-04-04 00:00:00+00:00,57.287229999999994,56.22703571428571,-1.0,-0.005,1,SL,False
XRAY,S3,long,RISK_ON,3,2016-04-01 00:00:00+00:00,2016-04-05 00:00:00+00:00,61.551489999999994,60.36428571428572,-1.0,-0.005,2,SL,False
MAC,S3,long,RISK_ON,3,2016-04-04 00:00:00+00:00,2016-04-20 00:00:00+00:00,79.42934999999999,77.87232142857142,-1.0,-0.005,12,SL,False
ADI,S3,long,RISK_ON,3,2016-04-04 00:00:00+00:00,2016-04-06 00:00:00+00:00,58.81875999999999,58.10133571428571,-1.0,-0.005,2,SL,False
JEC,S3,long,RISK_ON,3,2016-04-04 00:00:00+00:00,2016-04-06 00:00:00+00:00,43.08304,42.05107857142857,-1.0,-0.005,2,SL,False
GOOG,S3,long,RISK_ON,3,2016-04-04 00:00:00+00:00,2016-04-12 00:00:00+00:00,746.0352899999999,731.9077071428571,-1.0,-0.005,6,SL,False
XL,S3,long,RISK_ON,3,2016-04-04 00:00:00+00:00,2016-04-05 00:00:00+00:00,36.826789999999995,36.332232142857144,-1.0,-0.005,1,SL,False
MHK,S3,long,RISK_ON,3,2016-04-04 00:00:00+00:00,2016-04-05 00:00:00+00:00,190.08989999999997,187.845075,-1.0,-0.005,1,SL,False
NAVI,S3,long,RISK_ON,3,2016-04-04 00:00:00+00:00,2016-04-06 00:00:00+00:00,11.691679999999998,11.204142857142857,-1.0,-0.005,2,SL,False
EA,S3,long,RISK_ON,3,2016-04-04 00:00:00+00:00,2016-04-07 00:00:00+00:00,65.80573999999999,64.37857142857142,-1.0,-0.005,3,SL,False
EMN,S3,long,RISK_ON,3,2016-04-04 00:00:00+00:00,2016-05-05 00:00:00+00:00,72.57249999999999,75.29,1.2525096965548903,0.006262548482774452,23,EMA_TRAIL,True
VMC,S3,long,RISK_ON,3,2016-04-04 00:00:00+00:00,2016-04-12 00:00:00+00:00,106.106,106.106,0.28410991984405554,0.0014205495992202777,6,STOP_AFTER_TP1,True
CTAS,S3,long,RISK_ON,3,2016-04-04 00:00:00+00:00,2016-04-05 00:00:00+00:00,88.99890999999998,87.97469285714286,-1.0,-0.005,1,SL,False
FBHS,S3,long,RISK_ON,3,2016-04-05 00:00:00+00:00,2016-04-27 00:00:00+00:00,55.485429999999994,56.93,1.4198510792768366,0.007099255396384183,16,EMA_TRAIL,True
COL,S3,long,RISK_ON,3,2016-04-05 00:00:00+00:00,2016-04-21 00:00:00+00:00,91.47137999999998,91.47137999999998,0.5910106388694483,0.0029550531943472414,12,STOP_AFTER_TP1,True
SWK,S3,long,RISK_ON,3,2016-04-05 00:00:00+00:00,2016-06-10 00:00:00+00:00,104.67456999999999,112.94,5.0549047856222495,0.025274523928111248,47,EMA_TRAIL,True
ADBE,S3,long,RISK_ON,3,2016-04-05 00:00:00+00:00,2016-06-10 00:00:00+00:00,94.26417,97.09,1.459566872722088,0.007297834363610441,47,EMA_TRAIL,True
MSI,S3,long,RISK_ON,3,2016-04-05 00:00:00+00:00,2016-04-29 00:00:00+00:00,75.78570999999998,74.49428571428572,-1.0,-0.005,18,SL,False
APA,S3,long,RISK_ON,3,2016-04-05 00:00:00+00:00,2016-05-03 00:00:00+00:00,47.37732999999999,52.13,2.107015974187,0.010535079870935,20,EMA_TRAIL,True
HIG,S3,long,RISK_ON,3,2016-04-05 00:00:00+00:00,2016-04-07 00:00:00+00:00,45.80575999999999,45.28142857142857,-1.0,-0.005,2,SL,False
TMO,S3,long,RISK_ON,3,2016-04-05 00:00:00+00:00,2016-04-07 00:00:00+00:00,141.52138,141.52138,0.6846822184306041,0.0034234110921530204,2,STOP_AFTER_TP1,True
GOOGL,S3,long,RISK_ON,3,2016-04-05 00:00:00+00:00,2016-04-22 00:00:00+00:00,759.32857,759.32857,0.6627331794415121,0.0033136658972075608,13,STOP_AFTER_TP1,True
AAP,S3,long,RISK_ON,3,2016-04-05 00:00:00+00:00,2016-04-07 00:00:00+00:00,160.63046999999997,156.073575,-1.0,-0.005,2,SL,False
FIS,S3,long,RISK_ON,3,2016-04-05 00:00:00+00:00,2016-06-13 00:00:00+00:00,63.50343999999999,73.45,10.76779413740367,0.053838970687018345,48,EMA_TRAIL,True
AJG,S3,long,RISK_ON,3,2016-04-05 00:00:00+00:00,2016-04-07 00:00:00+00:00,43.77372999999999,43.441657142857146,-1.0,-0.005,2,SL,False
MHK,S3,long,RISK_ON,3,2016-04-05 00:00:00+00:00,2016-04-28 00:00:00+00:00,189.40921999999998,192.83,0.7451695588975591,0.0037258477944877954,17,EMA_TRAIL,True
LOW,S3,long,RISK_ON,3,2016-04-05 00:00:00+00:00,2016-04-07 00:00:00+00:00,75.94587,75.02267857142857,-1.0,-0.005,2,SL,False
XRX,S3,long,RISK_ON,3,2016-04-05 00:00:00+00:00,2016-04-25 00:00:00+00:00,43.963919999999995,43.963919999999995,0.47020105993898637,0.002351005299694932,14,STOP_AFTER_TP1,True
ESS,S3,long,RISK_ON,3,2016-04-05 00:00:00+00:00,2016-04-11 00:00:00+00:00,232.09186,229.00982142857143,-1.0,-0.005,4,SL,False
FDX,S3,long,RISK_ON,3,2016-04-05 00:00:00+00:00,2016-05-05 00:00:00+00:00,162.10193999999998,162.10193999999998,0.5169507722271334,0.002584753861135667,22,STOP_AFTER_TP1,True
EFX,S3,long,RISK_ON,3,2016-04-05 00:00:00+00:00,2016-06-10 00:00:00+00:00,114.68456999999998,123.9,4.2897882218756935,0.021448941109378467,47,EMA_TRAIL,True
SNPS,S3,long,RISK_ON,3,2016-04-05 00:00:00+00:00,2016-04-12 00:00:00+00:00,48.468419999999995,47.59411071428571,-1.0,-0.005,5,SL,False
XRAY,S3,long,RISK_ON,3,2016-04-06 00:00:00+00:00,2016-04-08 00:00:00+00:00,61.071009999999994,59.714107142857145,-1.0,-0.005,2,SL,False
IP,S3,long,RISK_ON,3,2016-04-06 00:00:00+00:00,2016-05-03 00:00:00+00:00,40.2402,42.18,1.4472274723667884,0.007236137361833942,19,EMA_TRAIL,True
PLD,S3,long,RISK_ON,3,2016-04-06 00:00:00+00:00,2016-04-07 00:00:00+00:00,44.094049999999996,43.55695357142857,-1.0,-0.005,1,SL,False
LKQ,S3,long,RISK_ON,3,2016-04-06 00:00:00+00:00,2016-04-29 00:00:00+00:00,31.671639999999996,31.671639999999996,0.3177551884728914,0.001588775942364457,17,STOP_AFTER_TP1,True
CTAS,S3,long,RISK_ON,3,2016-04-06 00:00:00+00:00,2016-04-21 00:00:00+00:00,89.03895,89.16,0.3218486129249702,0.001609243064624851,11,EMA_TRAIL,True
CCL,S3,long,RISK_ON,3,2016-04-06 00:00:00+00:00,2016-04-11 00:00:00+00:00,52.04199,50.7675,-1.0,-0.005,3,SL,False
HD,S3,long,RISK_ON,3,2016-04-07 00:00:00+00:00,2016-04-22 00:00:00+00:00,134.00386999999998,134.00386999999998,0.43279134812243286,0.0021639567406121643,11,STOP_AFTER_TP1,True
ADI,S3,long,RISK_ON,3,2016-04-07 00:00:00+00:00,2016-04-12 00:00:00+00:00,58.41835999999999,58.41835999999999,0.33732410599989726,0.0016866205299994864,3,STOP_AFTER_TP1,True
TMO,S3,long,RISK_ON,3,2016-04-07 00:00:00+00:00,2016-04-29 00:00:00+00:00,142.19205,142.19205,0.47695548657298625,0.002384777432864931,16,STOP_AFTER_TP1,True
ARE,S3,long,RISK_ON,3,2016-04-07 00:00:00+00:00,2016-05-12 00:00:00+00:00,89.87979,93.72,2.7062074456713328,0.013531037228356664,25,EMA_TRAIL,True
VRSN,S3,long,RISK_ON,3,2016-04-07 00:00:00+00:00,2016-04-12 00:00:00+00:00,89.67958999999999,89.67958999999999,0.30121444579128487,0.0015060722289564244,3,STOP_AFTER_TP1,True
CTXS,S3,long,RISK_ON,3,2016-04-07 00:00:00+00:00,2016-05-03 00:00:00+00:00,77.33726,80.69,2.265561220837373,0.011327806104186867,18,EMA_TRAIL,True
PLD,S3,long,RISK_ON,3,2016-04-07 00:00:00+00:00,2016-06-24 00:00:00+00:00,43.69364999999999,48.14,5.950346590001711,0.029751732950008557,55,EMA_TRAIL,True
WAT,S3,long,RISK_ON,3,2016-04-08 00:00:00+00:00,2016-04-26 00:00:00+00:00,131.46133,133.34,0.7503219630046694,0.003751609815023347,12,EMA_TRAIL,True
NAVI,S3,long,RISK_ON,3,2016-04-08 00:00:00+00:00,2016-05-04 00:00:00+00:00,11.831819999999999,12.96,1.3931110854192408,0.006965555427096204,18,EMA_TRAIL,True
MTD,S3,long,RISK_ON,3,2016-04-08 00:00:00+00:00,2016-05-04 00:00:00+00:00,350.6302799999999,354.69,0.5589315943953109,0.0027946579719765547,18,EMA_TRAIL,True
AJG,S3,long,RISK_ON,3,2016-04-08 00:00:00+00:00,2016-04-28 00:00:00+00:00,43.63359,44.43,1.2534560647056452,0.006267280323528226,14,EMA_TRAIL,True
PX,S3,long,RISK_ON,3,2016-04-08 00:00:00+00:00,2016-04-29 00:00:00+00:00,112.41229999999999,112.41229999999999,0.5485549786614802,0.002742774893307401,15,STOP_AFTER_TP1,True
A,S3,long,RISK_ON,3,2016-04-08 00:00:00+00:00,2016-05-04 00:00:00+00:00,39.579539999999994,40.52,1.3789721322605077,0.006894860661302539,18,EMA_TRAIL,True
ALLE,S3,long,RISK_ON,3,2016-04-08 00:00:00+00:00,2016-04-12 00:00:00+00:00,64.12406,63.20536071428572,-1.0,-0.005,2,SL,False
LOW,S3,long,RISK_ON,3,2016-04-08 00:00:00+00:00,2016-04-28 00:00:00+00:00,75.10503,75.39,1.053835330628986,0.00526917665314493,14,EMA_TRAIL,True
TRV,S3,long,RISK_ON,3,2016-04-08 00:00:00+00:00,2016-04-21 00:00:00+00:00,115.34522999999999,113.69912857142857,-1.0,-0.005,9,SL,False
DVA,S3,long,RISK_ON,3,2016-04-11 00:00:00+00:00,2016-04-29 00:00:00+00:00,73.49342,73.49342,0.5487116920795203,0.0027435584603976017,14,STOP_AFTER_TP1,True
CCL,S3,long,RISK_ON,3,2016-04-11 00:00:00+00:00,2016-04-20 00:00:00+00:00,50.85079999999999,50.19785714285714,-1.0,-0.005,7,SL,False
SRCL,S3,long,RISK_ON,3,2016-04-11 00:00:00+00:00,2016-04-12 00:00:00+00:00,126.22609999999997,125.33794642857143,-1.0,-0.005,1,SL,False
VAR,S3,long,RISK_ON,3,2016-04-11 00:00:00+00:00,2016-04-28 00:00:00+00:00,80.32023999999998,82.43,1.919262625676429,0.009596313128382146,13,EMA_TRAIL,True
BSX,S3,long,RISK_ON,3,2016-04-11 00:00:00+00:00,2016-06-17 00:00:00+00:00,19.18917,22.49,7.985371055701901,0.039926855278509504,48,EMA_TRAIL,True
NWL,S3,long,RISK_ON,3,2016-04-11 00:00:00+00:00,2016-06-13 00:00:00+00:00,43.80375999999999,47.73,4.59081741606368,0.0229540870803184,44,EMA_TRAIL,True
SWKS,S3,long,RISK_ON,3,2016-04-11 00:00:00+00:00,2016-04-12 00:00:00+00:00,76.14606999999998,75.12357142857142,-1.0,-0.005,1,SL,False
TXN,S3,long,RISK_ON,3,2016-04-11 00:00:00+00:00,2016-04-19 00:00:00+00:00,57.87781999999999,57.87781999999999,0.3939516716368723,0.0019697583581843613,6,STOP_AFTER_TP1,True
L,S3,long,RISK_ON,3,2016-04-11 00:00:00+00:00,2016-05-09 00:00:00+00:00,38.258219999999994,39.42,1.666468080316883,0.008332340401584416,20,EMA_TRAIL,True
XL,S3,long,RISK_ON,3,2016-04-12 00:00:00+00:00,2016-04-21 00:00:00+00:00,36.36633,35.440982142857145,-1.0,-0.005,7,SL,False
SNPS,S3,long,RISK_ON,3,2016-04-12 00:00:00+00:00,2016-05-05 00:00:00+00:00,47.867819999999995,47.45,-0.45285373536900136,-0.002264268676845007,17,SMA50_BREAK,False
DHR,S3,long,RISK_ON,3,2016-04-12 00:00:00+00:00,2016-06-13 00:00:00+00:00,93.57347999999999,98.09,2.5099547495587453,0.012549773747793726,43,EMA_TRAIL,True
HIG,S3,long,RISK_ON,3,2016-04-12 00:00:00+00:00,2016-04-28 00:00:00+00:00,45.45540999999999,44.25678571428571,-1.0,-0.005,12,SL,False
SRCL,S3,long,RISK_ON,3,2016-04-13 00:00:00+00:00,2016-04-21 00:00:00+00:00,126.46633999999999,124.48717142857143,-1.0,-0.005,6,SL,False
HOG,S1,long,RISK_ON,3,2016-04-13 00:00:00+00:00,2016-05-04 00:00:00+00:00,46.87682999999999,46.78,-0.02450133222672655,-0.00012250666113363277,15,SMA50_BREAK,False
PEP,S3,long,RISK_ON,3,2016-04-13 00:00:00+00:00,2016-04-14 00:00:00+00:00,104.22412,103.14053571428572,-1.0,-0.005,1,SL,False
LMT,S3,long,RISK_ON,3,2016-04-14 00:00:00+00:00,2016-04-21 00:00:00+00:00,225.66543999999996,225.66543999999996,0.396693412410253,0.001983467062051265,5,STOP_AFTER_TP1,True
RTN,S3,long,RISK_ON,3,2016-04-14 00:00:00+00:00,2016-04-25 00:00:00+00:00,125.27515,125.27515,0.5569754754110876,0.002784877377055438,7,STOP_AFTER_TP1,True
AMT,S3,long,RISK_ON,3,2016-04-14 00:00:00+00:00,2016-04-19 00:00:00+00:00,105.30519999999999,104.40602142857144,-1.0,-0.005,3,SL,False
VMC,S3,long,RISK_ON,3,2016-04-14 00:00:00+00:00,2016-04-29 00:00:00+00:00,106.68657999999999,106.68657999999999,0.3725655755023865,0.0018628278775119325,11,STOP_AFTER_TP1,True
AAL,S1,long,RISK_ON,3,2016-04-14 00:00:00+00:00,2016-04-21 00:00:00+00:00,41.211169999999996,40.01,-0.40275146609621076,-0.0020137573304810537,5,SMA50_BREAK,False
CCI,S3,long,RISK_ON,3,2016-04-14 00:00:00+00:00,2016-04-21 00:00:00+00:00,87.24716,86.49078928571429,-1.0,-0.005,5,SL,False
AAP,S3,long,RISK_ON,3,2016-04-14 00:00:00+00:00,2016-04-22 00:00:00+00:00,161.10093999999998,155.81518214285714,-1.0,-0.005,6,SL,False
VRSN,S3,long,RISK_ON,3,2016-04-14 00:00:00+00:00,2016-04-20 00:00:00+00:00,89.19910999999999,88.07625,-1.0,-0.005,4,SL,False
BDX,S3,long,RISK_ON,3,2016-04-19 00:00:00+00:00,2016-04-21 00:00:00+00:00,158.14799,158.14799,0.2668787861741063,0.0013343939308705316,2,STOP_AFTER_TP1,True
AMT,S3,long,RISK_ON,3,2016-04-20 00:00:00+00:00,2016-04-21 00:00:00+00:00,104.92481999999998,103.2956642857143,-1.0,-0.005,1,SL,False
EA,S3,long,RISK_ON,3,2016-04-20 00:00:00+00:00,2016-04-27 00:00:00+00:00,65.8658,64.64094642857143,-1.0,-0.005,5,SL,False
ADI,S3,long,RISK_ON,3,2016-04-21 00:00:00+00:00,2016-04-25 00:00:00+00:00,58.868809999999996,57.988210714285714,-1.0,-0.005,2,SL,False
CTAS,S3,long,RISK_ON,3,2016-04-22 00:00:00+00:00,2016-04-29 00:00:00+00:00,89.7897,88.61756428571428,-1.0,-0.005,5,SL,False
AMT,S3,long,RISK_ON,3,2016-04-22 00:00:00+00:00,2016-05-17 00:00:00+00:00,104.29418999999999,105.36,0.5847686675393104,0.0029238433376965523,17,EMA_TRAIL,True
RTN,S3,long,RISK_ON,3,2016-04-25 00:00:00+00:00,2016-04-29 00:00:00+00:00,125.62549999999999,125.62549999999999,0.7077881050796779,0.0035389405253983897,4,STOP_AFTER_TP1,True
LEG,S3,long,RISK_ON,3,2016-04-25 00:00:00+00:00,2016-05-13 00:00:00+00:00,47.96792,48.81,0.7788812826365819,0.0038944064131829093,14,EMA_TRAIL,True
DOV,S3,long,RISK_ON,3,2016-04-25 00:00:00+00:00,2016-04-29 00:00:00+00:00,66.85679,65.74013214285715,-1.0,-0.005,4,SL,False
PEP,S3,long,RISK_ON,3,2016-04-25 00:00:00+00:00,2016-05-13 00:00:00+00:00,102.90279999999998,104.18,0.6895970890656076,0.003447985445328038,14,EMA_TRAIL,True
VRSN,S3,long,RISK_ON,3,2016-04-27 00:00:00+00:00,2016-04-29 00:00:00+00:00,89.49940999999998,87.48875,-1.0,-0.005,2,SL,False
MSI,S3,long,RISK_ON,3,2016-04-29 00:00:00+00:00,2016-05-04 00:00:00+00:00,75.26518999999999,73.7974,-1.0,-0.005,3,SL,False
PFE,S3,long,RISK_ON,3,2016-05-02 00:00:00+00:00,2016-05-16 00:00:00+00:00,32.83279999999999,32.83279999999999,0.3481235919252771,0.0017406179596263854,10,STOP_AFTER_TP1,True
CMA,S3,long,RISK_ON,3,2016-05-02 00:00:00+00:00,2016-05-04 00:00:00+00:00,44.38434,42.38375,-1.0,-0.005,2,SL,False
ARNC,S3,long,RISK_ON,3,2016-05-02 00:00:00+00:00,2016-05-03 00:00:00+00:00,32.91288,31.933767857142854,-1.0,-0.005,1,SL,False
AOS,S3,long,RISK_ON,3,2016-05-02 00:00:00+00:00,2016-05-04 00:00:00+00:00,39.314274999999995,37.830714285714286,-1.0,-0.005,2,SL,False
APC,S3,long,RISK_ON,3,2016-05-02 00:00:00+00:00,2016-05-03 00:00:00+00:00,52.001949999999994,49.79143214285714,-1.0,-0.005,1,SL,False
TMO,S3,long,RISK_ON,3,2016-05-03 00:00:00+00:00,2016-06-13 00:00:00+00:00,145.01487,150.52,1.9106140852651199,0.0095530704263256,28,EMA_TRAIL,True
KHC,S3,long,RISK_ON,3,2016-05-03 00:00:00+00:00,2016-05-18 00:00:00+00:00,78.75868,81.18,1.5113149934656342,0.0075565749673281715,11,EMA_TRAIL,True
MDT,S3,long,RISK_ON,3,2016-05-03 00:00:00+00:00,2016-06-24 00:00:00+00:00,79.51943999999999,83.26,2.3053499339469283,0.011526749669734642,37,EMA_TRAIL,True
HD,S3,long,RISK_ON,3,2016-05-03 00:00:00+00:00,2016-05-11 00:00:00+00:00,134.67453999999998,134.67453999999998,0.48675772543265217,0.002433788627163261,6,STOP_AFTER_TP1,True
NSC,S3,long,RISK_ON,3,2016-05-03 00:00:00+00:00,2016-05-13 00:00:00+00:00,89.23915,86.92739285714286,-1.0,-0.005,8,SL,False
PKG,S3,long,RISK_ON,3,2016-05-03 00:00:00+00:00,2016-05-13 00:00:00+00:00,65.44537999999999,65.44537999999999,0.32966942750884975,0.0016483471375442489,8,STOP_AFTER_TP1,True
DRE,S3,long,RISK_ON,3,2016-05-03 00:00:00+00:00,2016-08-18 00:00:00+00:00,22.19217,27.84,9.037719021584163,0.045188595107920816,75,EMA_TRAIL,True
BMY,S3,long,RISK_ON,3,2016-05-03 00:00:00+00:00,2016-05-05 00:00:00+00:00,71.20112999999999,70.07249642857143,-1.0,-0.005,2,SL,False
UNM,S3,long,RISK_ON,3,2016-05-03 00:00:00+00:00,2016-06-09 00:00:00+00:00,33.65362,35.69,2.2577067790553444,0.011288533895276722,26,EMA_TRAIL,True
NBL,S3,long,RISK_ON,3,2016-05-03 00:00:00+00:00,2016-05-19 00:00:00+00:00,35.24521,34.377517857142855,-1.0,-0.005,12,SL,False
DGX,S3,long,RISK_ON,3,2016-05-03 00:00:00+00:00,2016-06-13 00:00:00+00:00,74.91484,76.48,0.9953056178660995,0.004976528089330498,28,EMA_TRAIL,True
CMA,S3,long,RISK_ON,3,2016-05-04 00:00:00+00:00,2016-06-09 00:00:00+00:00,42.32228,45.29,2.354096496001804,0.01177048248000902,25,EMA_TRAIL,True
DFS,S3,long,RISK_ON,3,2016-05-04 00:00:00+00:00,2016-05-16 00:00:00+00:00,55.20514999999999,54.21535714285714,-1.0,-0.005,8,SL,False
AOS,S3,long,RISK_ON,3,2016-05-06 00:00:00+00:00,2016-06-27 00:00:00+00:00,39.003965,40.925,1.1415946868042548,0.0057079734340212745,35,EMA_TRAIL,True
BMY,S3,long,RISK_ON,3,2016-05-06 00:00:00+00:00,2016-06-16 00:00:00+00:00,71.29122,71.29122,0.27806715360859835,0.0013903357680429918,28,STOP_AFTER_TP1,True
SRE,S3,long,RISK_ON,3,2016-05-09 00:00:00+00:00,2016-05-18 00:00:00+00:00,104.73462999999998,102.69017857142858,-1.0,-0.005,7,SL,False
MHK,S3,long,RISK_ON,3,2016-05-09 00:00:00+00:00,2016-05-19 00:00:00+00:00,196.15596,190.49223928571428,-1.0,-0.005,8,SL,False
L,S3,long,RISK_ON,3,2016-05-11 00:00:00+00:00,2016-05-16 00:00:00+00:00,39.639599999999994,39.24303571428572,-1.0,-0.005,3,SL,False
CVS,S3,long,RISK_ON,3,2016-05-16 00:00:00+00:00,2016-05-17 00:00:00+00:00,104.65454999999999,102.43074642857142,-1.0,-0.005,1,SL,False
HCN,S3,long,RISK_ON,3,2016-05-16 00:00:00+00:00,2016-05-18 00:00:00+00:00,72.71264,70.23107142857143,-1.0,-0.005,2,SL,False
ABBV,S3,long,RISK_ON,3,2016-05-16 00:00:00+00:00,2016-05-17 00:00:00+00:00,62.512449999999994,60.834042857142855,-1.0,-0.005,1,SL,False
KLAC,S5,long,RISK_ON,3,2016-05-16 00:00:00+00:00,2016-05-17 00:00:00+00:00,67.9679,67.77,-0.3054483716622967,-0.0015272418583114837,1,SMA50_BREAK,False
MCD,S3,long,RISK_ON,3,2016-05-16 00:00:00+00:00,2016-05-18 00:00:00+00:00,129.76963999999998,127.24465357142859,-1.0,-0.005,2,SL,False
PKG,S3,long,RISK_ON,3,2016-05-24 00:00:00+00:00,2016-06-13 00:00:00+00:00,65.87581,66.02,0.3350916039609264,0.001675458019804632,13,EMA_TRAIL,True
NOC,S3,long,RISK_ON,3,2016-05-24 00:00:00+00:00,2016-06-24 00:00:00+00:00,214.89468,210.18956428571428,-1.0,-0.005,22,SL,False
FB,S3,long,RISK_ON,3,2016-05-24 00:00:00+00:00,2016-06-13 00:00:00+00:00,117.81769999999999,114.93734642857143,-1.0,-0.005,13,SL,False
WM,S3,long,RISK_ON,3,2016-05-24 00:00:00+00:00,2016-07-27 00:00:00+00:00,61.10103999999999,66.1,3.601837672281814,0.01800918836140907,44,EMA_TRAIL,True
LMT,S3,long,RISK_ON,3,2016-05-24 00:00:00+00:00,2016-05-31 00:00:00+00:00,241.21096999999997,237.57812857142855,-1.0,-0.005,4,SL,False
KHC,S3,long,RISK_ON,3,2016-05-24 00:00:00+00:00,2016-07-21 00:00:00+00:00,84.30421999999999,87.64,1.0510578585650432,0.005255289292825216,40,EMA_TRAIL,True
BDX,S3,long,RISK_ON,3,2016-05-24 00:00:00+00:00,2016-06-15 00:00:00+00:00,166.23606999999998,166.76,0.3795353060788551,0.0018976765303942756,15,EMA_TRAIL,True
MO,S3,long,RISK_ON,3,2016-05-25 00:00:00+00:00,2016-07-26 00:00:00+00:00,63.98392,67.93,3.425268763687048,0.01712634381843524,42,EMA_TRAIL,True
RSG,S3,long,RISK_ON,3,2016-05-26 00:00:00+00:00,2016-07-27 00:00:00+00:00,48.25821,51.69,3.0620332803119776,0.015310166401559888,42,EMA_TRAIL,True
CB,S3,long,RISK_ON,3,2016-05-26 00:00:00+00:00,2016-06-13 00:00:00+00:00,126.49636999999998,125.19657142857143,-1.0,-0.005,11,SL,False
SRE,S3,long,RISK_ON,3,2016-05-26 00:00:00+00:00,2016-07-20 00:00:00+00:00,104.87476999999998,111.99,2.721218015752086,0.013606090078760432,37,EMA_TRAIL,True
ARE,S3,long,RISK_ON,3,2016-05-27 00:00:00+00:00,2016-05-31 00:00:00+00:00,96.67657999999999,95.495625,-1.0,-0.005,1,SL,False
NBL,S3,long,RISK_ON,3,2016-05-27 00:00:00+00:00,2016-06-16 00:00:00+00:00,35.91588,35.91588,0.3104234951122956,0.001552117475561478,13,STOP_AFTER_TP1,True
FMC,S3,long,RISK_ON,3,2016-05-31 00:00:00+00:00,2016-06-01 00:00:00+00:00,47.53749,46.875225,-1.0,-0.005,1,SL,False
LLL,S3,long,RISK_ON,3,2016-05-31 00:00:00+00:00,2016-06-24 00:00:00+00:00,137.34721,141.39,2.883209944829792,0.014416049724148962,18,EMA_TRAIL,True
TDG,S2,long,RISK_ON,3,2016-06-01 00:00:00+00:00,2016-06-27 00:00:00+00:00,266.35608999999994,251.01393214285713,-1.0,-0.005,18,SL,False
AMT,S3,long,RISK_ON,3,2016-06-01 00:00:00+00:00,2016-06-17 00:00:00+00:00,105.57546999999998,106.94,1.1064072961056455,0.005532036480528227,12,EMA_TRAIL,True
ATVI,S3,long,RISK_ON,3,2016-06-01 00:00:00+00:00,2016-06-03 00:00:00+00:00,38.688649999999996,38.02202142857143,-1.0,-0.005,2,SL,False
CME,S3,long,RISK_ON,3,2016-06-02 00:00:00+00:00,2016-06-03 00:00:00+00:00,97.63754,96.40719642857144,-1.0,-0.005,1,SL,False
QCOM,S3,long,RISK_ON,3,2016-06-02 00:00:00+00:00,2016-06-10 00:00:00+00:00,54.93488,53.83,-1.0,-0.005,6,SL,False
PKI,S3,long,RISK_ON,3,2016-06-02 00:00:00+00:00,2016-06-10 00:00:00+00:00,54.97492,53.96607142857143,-1.0,-0.005,6,SL,False
GIS,S3,long,RISK_ON,3,2016-06-03 00:00:00+00:00,2016-07-27 00:00:00+00:00,63.75368999999999,70.55,3.982008449134852,0.01991004224567426,37,EMA_TRAIL,True
TMK,S3,long,RISK_ON,3,2016-06-03 00:00:00+00:00,2016-06-14 00:00:00+00:00,60.51045,59.690128571428566,-1.0,-0.005,7,SL,False
CME,S3,long,RISK_ON,3,2016-06-06 00:00:00+00:00,2016-06-09 00:00:00+00:00,96.87678,95.22969642857143,-1.0,-0.005,3,SL,False
CMCSA,S3,long,RISK_ON,3,2016-06-07 00:00:00+00:00,2016-06-09 00:00:00+00:00,31.656625,31.367525,-1.0,-0.005,2,SL,False
FFIV,S2,long,RISK_ON,3,2016-06-07 00:00:00+00:00,2016-06-27 00:00:00+00:00,124.06393999999999,107.75451785714286,-1.0,-0.005,14,SL,False
WAT,S3,long,RISK_ON,3,2016-06-07 00:00:00+00:00,2016-06-10 00:00:00+00:00,138.34821,138.34821,0.3242349277134719,0.0016211746385673595,3,STOP_AFTER_TP1,True
ATVI,S3,long,RISK_ON,3,2016-06-07 00:00:00+00:00,2016-06-24 00:00:00+00:00,38.16813,36.98,-0.6691934349619336,-0.003345967174809668,13,SMA50_BREAK,False
ETFC,S3,long,RISK_ON,3,2016-06-07 00:00:00+00:00,2016-06-10 00:00:00+00:00,26.876849999999997,26.248785714285717,-1.0,-0.005,3,SL,False
LMT,S3,long,RISK_ON,3,2016-06-07 00:00:00+00:00,2016-06-14 00:00:00+00:00,239.73949999999996,237.30176785714286,-1.0,-0.005,5,SL,False
PPL,S3,long,RISK_ON,3,2016-06-08 00:00:00+00:00,2016-06-24 00:00:00+00:00,38.90886999999999,38.90886999999999,0.42975951345138147,0.0021487975672569073,12,STOP_AFTER_TP1,True
JPM,S3,long,RISK_ON,3,2016-06-08 00:00:00+00:00,2016-06-09 00:00:00+00:00,65.31524999999999,64.3925,-1.0,-0.005,1,SL,False
INTU,S3,long,RISK_ON,3,2016-06-08 00:00:00+00:00,2016-06-10 00:00:00+00:00,107.53743,106.25339285714286,-1.0,-0.005,2,SL,False
LOW,S3,long,RISK_ON,3,2016-06-08 00:00:00+00:00,2016-06-13 00:00:00+00:00,78.95888,77.92896785714285,-1.0,-0.005,3,SL,False
MTB,S3,long,RISK_ON,3,2016-06-09 00:00:00+00:00,2016-06-14 00:00:00+00:00,118.48836999999999,116.0167892857143,-1.0,-0.005,3,SL,False
JPM,S3,long,RISK_ON,3,2016-06-09 00:00:00+00:00,2016-06-10 00:00:00+00:00,64.81474999999999,63.754642857142855,-1.0,-0.005,1,SL,False
BBT,S3,long,RISK_ON,3,2016-06-09 00:00:00+00:00,2016-06-10 00:00:00+00:00,36.216179999999994,35.57625357142857,-1.0,-0.005,1,SL,False
CMCSA,S3,long,RISK_ON,3,2016-06-09 00:00:00+00:00,2016-06-14 00:00:00+00:00,31.496464999999997,31.054310714285712,-1.0,-0.005,3,SL,False
INTU,S3,long,RISK_ON,3,2016-06-10 00:00:00+00:00,2016-06-17 00:00:00+00:00,106.54643999999999,104.75732142857143,-1.0,-0.005,5,SL,False
TRV,S3,long,RISK_ON,3,2016-06-10 00:00:00+00:00,2016-06-13 00:00:00+00:00,113.92380999999999,113.0,-0.7523412245743203,-0.0037617061228716014,1,SMA50_BREAK,False
PBCT,S3,long,RISK_ON,3,2016-06-10 00:00:00+00:00,2016-06-13 00:00:00+00:00,15.715699999999998,15.48,-0.7009963248571318,-0.003504981624285659,1,SMA50_BREAK,False
FISV,S3,long,RISK_ON,3,2016-06-10 00:00:00+00:00,2016-06-13 00:00:00+00:00,106.48637999999998,105.45276071428572,-1.0,-0.005,1,SL,False
WAT,S3,long,RISK_ON,3,2016-06-10 00:00:00+00:00,2016-06-13 00:00:00+00:00,138.17803999999998,136.58733928571428,-1.0,-0.005,1,SL,False
BBT,S3,long,RISK_ON,3,2016-06-10 00:00:00+00:00,2016-06-14 00:00:00+00:00,35.95592,35.23446785714285,-1.0,-0.005,2,SL,False
CTAS,S3,long,RISK_ON,3,2016-06-10 00:00:00+00:00,2016-06-13 00:00:00+00:00,94.61451999999998,93.76194642857142,-1.0,-0.005,1,SL,False
ACN,S3,long,RISK_ON,3,2016-06-10 00:00:00+00:00,2016-06-13 00:00:00+00:00,118.38826999999998,117.12446428571428,-1.0,-0.005,1,SL,False
ALLE,S3,long,RISK_ON,3,2016-06-10 00:00:00+00:00,2016-06-14 00:00:00+00:00,67.98791999999999,67.11196785714286,-1.0,-0.005,2,SL,False
FISV,S3,long,RISK_ON,3,2016-06-20 00:00:00+00:00,2016-06-24 00:00:00+00:00,105.46535999999999,103.41009642857142,-1.0,-0.005,4,SL,False
DHI,S3,long,RISK_ON,3,2016-06-20 00:00:00+00:00,2016-06-24 00:00:00+00:00,31.111079999999994,30.08495357142857,-1.0,-0.005,4,SL,False
ECL,S3,long,RISK_ON,3,2016-06-20 00:00:00+00:00,2016-06-24 00:00:00+00:00,119.25913999999999,117.00625000000001,-1.0,-0.005,4,SL,False
GLW,S3,long,RISK_ON,3,2016-06-20 00:00:00+00:00,2016-06-24 00:00:00+00:00,20.450429999999997,19.862857142857145,-1.0,-0.005,4,SL,False
MU,S3,long,RISK_ON,3,2016-06-20 00:00:00+00:00,2016-06-27 00:00:00+00:00,12.33232,12.33232,0.47286108840504415,0.002364305442025221,5,STOP_AFTER_TP1,True
CTAS,S3,long,RISK_ON,3,2016-06-20 00:00:00+00:00,2016-06-24 00:00:00+00:00,94.34424999999999,94.34424999999999,0.2904640518893197,0.0014523202594465983,4,STOP_AFTER_TP1,True
TAP,S3,long,RISK_ON,3,2016-06-20 00:00:00+00:00,2016-06-24 00:00:00+00:00,101.15104999999998,99.01732142857144,-1.0,-0.005,4,SL,False
MCHP,S3,long,RISK_ON,3,2016-06-20 00:00:00+00:00,2016-06-24 00:00:00+00:00,51.92186999999999,50.6075,-1.0,-0.005,4,SL,False
ETR,S3,long,RISK_ON,3,2016-06-21 00:00:00+00:00,2016-07-14 00:00:00+00:00,78.02794999999999,79.79,1.8454063749609666,0.009227031874804833,16,EMA_TRAIL,True
MCO,S3,long,RISK_ON,3,2016-06-21 00:00:00+00:00,2016-06-24 00:00:00+00:00,98.56846999999999,98.56846999999999,0.7380346956080867,0.0036901734780404333,3,STOP_AFTER_TP1,True
JNJ,S3,long,RISK_ON,3,2016-06-21 00:00:00+00:00,2016-06-24 00:00:00+00:00,116.29617999999999,115.56410714285715,-1.0,-0.005,3,SL,False
BBT,S3,long,RISK_ON,3,2016-06-21 00:00:00+00:00,2016-06-24 00:00:00+00:00,36.02599,35.192860714285715,-1.0,-0.005,3,SL,False
VRSK,S3,long,RISK_ON,3,2016-06-22 00:00:00+00:00,2016-06-24 00:00:00+00:00,79.03895999999999,78.24141428571428,-1.0,-0.005,2,SL,False
NEE,S3,long,RISK_ON,3,2016-06-22 00:00:00+00:00,2016-06-24 00:00:00+00:00,123.76363999999998,122.68607499999999,-1.0,-0.005,2,SL,False
CMCSA,S3,long,RISK_ON,3,2016-06-22 00:00:00+00:00,2016-06-24 00:00:00+00:00,31.351319999999998,30.81722857142857,-1.0,-0.005,2,SL,False
PNW,S3,long,RISK_ON,3,2016-06-22 00:00:00+00:00,2016-07-14 00:00:00+00:00,77.15708,79.35,2.5855752229180804,0.012927876114590403,15,EMA_TRAIL,True
DLTR,S3,long,RISK_ON,3,2016-06-22 00:00:00+00:00,2016-06-24 00:00:00+00:00,92.01191999999999,91.083725,-1.0,-0.005,2,SL,False
AEP,S3,long,RISK_ON,3,2016-06-22 00:00:00+00:00,2016-06-24 00:00:00+00:00,66.56649999999999,65.99768214285714,-1.0,-0.005,2,SL,False
XEL,S3,long,RISK_ON,3,2016-06-22 00:00:00+00:00,2016-06-24 00:00:00+00:00,42.712669999999996,42.272285714285715,-1.0,-0.005,2,SL,False
INTU,S3,long,RISK_ON,3,2016-06-22 00:00:00+00:00,2016-06-24 00:00:00+00:00,106.55645,106.55645,0.9040573680930386,0.004520286840465193,2,STOP_AFTER_TP1,True
PFE,S3,long,RISK_ON,3,2016-06-23 00:00:00+00:00,2016-06-24 00:00:00+00:00,34.62459,34.06102142857142,-1.0,-0.005,1,SL,False
BMY,S3,long,RISK_ON,3,2016-06-23 00:00:00+00:00,2016-06-24 00:00:00+00:00,72.71264,70.57475000000001,-1.0,-0.005,1,SL,False
PCG,S3,long,RISK_ON,3,2016-06-23 00:00:00+00:00,2016-06-24 00:00:00+00:00,62.19213,61.47767857142857,-1.0,-0.005,1,SL,False
SCG,S3,long,RISK_ON,3,2016-06-23 00:00:00+00:00,2016-07-12 00:00:00+00:00,71.42134999999999,73.54,1.6024292621155825,0.008012146310577912,12,EMA_TRAIL,True
KORS,S3,long,RISK_ON,3,2016-06-30 00:00:00+00:00,2016-08-02 00:00:00+00:00,49.52947999999999,50.32,0.49272195380637723,0.002463609769031886,22,EMA_TRAIL,True
DISH,S3,long,RISK_ON,3,2016-07-01 00:00:00+00:00,2016-07-06 00:00:00+00:00,52.622569999999996,50.56053571428571,-1.0,-0.005,2,SL,False
CA,S3,long,RISK_ON,3,2016-07-01 00:00:00+00:00,2016-08-02 00:00:00+00:00,32.81278,33.6,0.8701183435093733,0.0043505917175468665,21,EMA_TRAIL,True
SYMC,S3,long,RISK_ON,3,2016-07-01 00:00:00+00:00,2016-07-20 00:00:00+00:00,20.480459999999997,20.480459999999997,0.5641397815321441,0.0028206989076607204,12,STOP_AFTER_TP1,True
WDC,S3,long,RISK_ON,3,2016-07-01 00:00:00+00:00,2016-07-06 00:00:00+00:00,46.51646999999999,43.735082142857145,-1.0,-0.005,2,SL,False
HRS,S3,long,RISK_ON,3,2016-07-01 00:00:00+00:00,2016-07-06 00:00:00+00:00,82.67259,80.796075,-1.0,-0.005,2,SL,False
XRAY,S3,long,RISK_ON,3,2016-07-01 00:00:00+00:00,2016-07-21 00:00:00+00:00,62.392329999999994,62.47,0.04701031141770085,0.00023505155708850427,13,SMA50_BREAK,False
UNP,S3,long,RISK_ON,3,2016-07-06 00:00:00+00:00,2016-08-02 00:00:00+00:00,87.52743999999998,91.3,1.3667376333123573,0.006833688166561787,19,EMA_TRAIL,True
HRS,S3,long,RISK_ON,3,2016-07-06 00:00:00+00:00,2016-09-09 00:00:00+00:00,82.52243999999999,90.86,2.406291551176972,0.01203145775588486,46,EMA_TRAIL,True
HON,S3,long,RISK_ON,3,2016-07-07 00:00:00+00:00,2016-07-22 00:00:00+00:00,116.22610999999999,116.22610999999999,0.27350137308382794,0.0013675068654191397,11,STOP_AFTER_TP1,True
CERN,S2,long,RISK_ON,3,2016-07-07 00:00:00+00:00,2016-08-22 00:00:00+00:00,59.66960999999999,64.62,2.072233914510848,0.010361169572554242,32,EMA_TRAIL,True
SPG,S3,long,RISK_ON,3,2016-07-07 00:00:00+00:00,2016-08-04 00:00:00+00:00,215.80558999999997,219.62,1.1197467741469715,0.005598733870734858,20,EMA_TRAIL,True
VZ,S3,long,RISK_ON,3,2016-07-07 00:00:00+00:00,2016-07-27 00:00:00+00:00,55.435379999999995,54.684107142857144,-1.0,-0.005,14,SL,False
NEE,S3,long,RISK_ON,3,2016-07-07 00:00:00+00:00,2016-07-08 00:00:00+00:00,128.45833,126.82125357142857,-1.0,-0.005,1,SL,False
CHD,S3,long,RISK_ON,3,2016-07-11 00:00:00+00:00,2016-07-12 00:00:00+00:00,50.895844999999994,49.73811071428572,-1.0,-0.005,1,SL,False
XEL,S3,long,RISK_ON,3,2016-07-11 00:00:00+00:00,2016-07-27 00:00:00+00:00,44.45440999999999,43.318110714285716,-1.0,-0.005,12,SL,False
PCG,S3,long,RISK_ON,3,2016-07-12 00:00:00+00:00,2016-07-28 00:00:00+00:00,63.76369999999999,63.09375,-1.0,-0.005,12,SL,False
MKC,S3,long,RISK_ON,3,2016-07-12 00:00:00+00:00,2016-07-21 00:00:00+00:00,104.86475999999999,103.67816785714285,-1.0,-0.005,7,SL,False
SCG,S3,long,RISK_ON,3,2016-07-13 00:00:00+00:00,2016-07-27 00:00:00+00:00,74.32424999999999,72.81358928571429,-1.0,-0.005,10,SL,False
AEE,S3,long,RISK_ON,3,2016-07-13 00:00:00+00:00,2016-07-14 00:00:00+00:00,52.93288,51.884553571428576,-1.0,-0.005,1,SL,False
NEE,S3,long,RISK_ON,3,2016-07-13 00:00:00+00:00,2016-07-27 00:00:00+00:00,128.29816999999997,125.99410714285715,-1.0,-0.005,10,SL,False
HSY,S3,long,RISK_ON,3,2016-07-13 00:00:00+00:00,2016-08-30 00:00:00+00:00,108.43833,106.33557142857143,-1.0,-0.005,34,SL,False
AEP,S3,long,RISK_ON,3,2016-07-13 00:00:00+00:00,2016-07-21 00:00:00+00:00,70.08001,68.95313571428572,-1.0,-0.005,6,SL,False
LEN,S3,long,RISK_ON,3,2016-07-15 00:00:00+00:00,2016-07-28 00:00:00+00:00,47.7437961,47.7437961,0.28549412229322885,0.0014274706114661443,9,STOP_AFTER_TP1,True
GPC,S3,long,RISK_ON,3,2016-07-15 00:00:00+00:00,2016-07-19 00:00:00+00:00,103.06295999999998,101.67196785714286,-1.0,-0.005,2,SL,False
FRT,S3,long,RISK_ON,3,2016-07-15 00:00:00+00:00,2016-08-03 00:00:00+00:00,166.21605,166.21605,0.30945154274428815,0.001547257713721441,13,STOP_AFTER_TP1,True
WMT,S3,long,RISK_ON,3,2016-07-15 00:00:00+00:00,2016-07-28 00:00:00+00:00,73.74367,73.02081785714286,-1.0,-0.005,9,SL,False
ETR,S3,long,RISK_ON,3,2016-07-15 00:00:00+00:00,2016-08-09 00:00:00+00:00,80.36027999999999,78.91446785714285,-1.0,-0.005,17,SL,False
CB,S3,long,RISK_ON,3,2016-07-15 00:00:00+00:00,2016-07-19 00:00:00+00:00,129.69956999999997,128.37928928571426,-1.0,-0.005,2,SL,False
MDT,S3,long,RISK_ON,3,2016-07-15 00:00:00+00:00,2016-07-22 00:00:00+00:00,88.44836,87.475275,-1.0,-0.005,5,SL,False
INTU,S3,long,RISK_ON,3,2016-07-18 00:00:00+00:00,2016-07-20 00:00:00+00:00,115.36524999999999,113.61542857142857,-1.0,-0.005,2,SL,False
AEE,S3,long,RISK_ON,3,2016-07-18 00:00:00+00:00,2016-07-21 00:00:00+00:00,52.56250999999999,51.85955357142857,-1.0,-0.005,3,SL,False
PM,S3,long,RISK_ON,3,2016-07-18 00:00:00+00:00,2016-07-19 00:00:00+00:00,103.103,102.18786785714286,-1.0,-0.005,1,SL,False
PAYX,S3,long,RISK_ON,3,2016-07-18 00:00:00+00:00,2016-07-21 00:00:00+00:00,60.82075999999999,60.15321428571429,-1.0,-0.005,3,SL,False
CB,S3,long,RISK_ON,3,2016-07-19 00:00:00+00:00,2016-07-21 00:00:00+00:00,128.95883,127.33314642857144,-1.0,-0.005,2,SL,False
OXY,S3,long,RISK_ON,3,2016-07-19 00:00:00+00:00,2016-07-21 00:00:00+00:00,76.44637,75.62348928571429,-1.0,-0.005,2,SL,False
PHM,S3,long,RISK_ON,3,2016-07-19 00:00:00+00:00,2016-08-17 00:00:00+00:00,20.390369999999997,21.07,1.7342043484242056,0.008671021742121029,21,EMA_TRAIL,True
UPS,S3,long,RISK_ON,3,2016-07-19 00:00:00+00:00,2016-07-21 00:00:00+00:00,110.75063999999999,109.67918214285714,-1.0,-0.005,2,SL,False
ESRX,S3,long,RISK_ON,3,2016-07-19 00:00:00+00:00,2016-07-25 00:00:00+00:00,79.079,78.03464642857142,-1.0,-0.005,4,SL,False
ORCL,S3,long,RISK_ON,3,2016-07-19 00:00:00+00:00,2016-08-02 00:00:00+00:00,41.12107999999999,40.71455357142857,-1.0,-0.005,10,SL,False
EXR,S3,long,RISK_ON,3,2016-07-19 00:00:00+00:00,2016-07-26 00:00:00+00:00,92.33223999999998,90.46260714285714,-1.0,-0.005,5,SL,False
L,S3,long,RISK_ON,3,2016-07-19 00:00:00+00:00,2016-08-01 00:00:00+00:00,41.271229999999996,40.686485714285716,-1.0,-0.005,9,SL,False
ITW,S2,long,RISK_ON,3,2016-07-20 00:00:00+00:00,2016-09-13 00:00:00+00:00,114.33421999999999,115.69,0.2568208820706743,0.0012841044103533714,38,SMA50_BREAK,False
ABBV,S3,long,RISK_ON,3,2016-07-20 00:00:00+00:00,2016-08-23 00:00:00+00:00,63.47340999999999,66.17,2.6949281447326072,0.013474640723663037,24,EMA_TRAIL,True
CL,S3,long,RISK_ON,3,2016-07-20 00:00:00+00:00,2016-07-21 00:00:00+00:00,74.19412,73.7130142857143,-1.0,-0.005,1,SL,False
SBAC,S3,long,RISK_ON,3,2016-07-20 00:00:00+00:00,2016-08-02 00:00:00+00:00,112.73262,112.73262,0.35168600612996986,0.0017584300306498493,9,STOP_AFTER_TP1,True
CSCO,S2,long,RISK_ON,3,2016-07-20 00:00:00+00:00,2016-10-11 00:00:00+00:00,30.660629999999994,31.04,0.31341199741301384,0.0015670599870650692,58,SMA50_BREAK,False
INTC,S2,long,RISK_ON,3,2016-07-20 00:00:00+00:00,2016-07-21 00:00:00+00:00,35.72568999999999,34.58964285714286,-1.0,-0.005,1,SL,False
EXC,S3,long,RISK_ON,3,2016-07-20 00:00:00+00:00,2016-07-27 00:00:00+00:00,36.286249999999995,36.286249999999995,0.549154264164617,0.002745771320823085,5,STOP_AFTER_TP1,True
UPS,S3,long,RISK_ON,3,2016-07-21 00:00:00+00:00,2016-07-27 00:00:00+00:00,109.99989,109.05489642857142,-1.0,-0.005,4,SL,False
CL,S3,long,RISK_ON,3,2016-07-21 00:00:00+00:00,2016-07-27 00:00:00+00:00,73.94386999999999,73.26265714285714,-1.0,-0.005,4,SL,False
PX,S3,long,RISK_ON,3,2016-07-21 00:00:00+00:00,2016-07-28 00:00:00+00:00,117.79768,116.46092857142857,-1.0,-0.005,5,SL,False
VRSK,S3,long,RISK_ON,3,2016-07-21 00:00:00+00:00,2016-08-02 00:00:00+00:00,84.88479999999998,84.08214285714286,-1.0,-0.005,8,SL,False
BRK.B,S3,long,RISK_ON,3,2016-07-21 00:00:00+00:00,2016-07-28 00:00:00+00:00,144.49434999999997,143.4868214285714,-1.0,-0.005,5,SL,False
PAYX,S3,long,RISK_ON,3,2016-07-21 00:00:00+00:00,2016-07-28 00:00:00+00:00,60.40034,59.736785714285716,-1.0,-0.005,5,SL,False
LEG,S3,long,RISK_ON,3,2016-07-21 00:00:00+00:00,2016-07-29 00:00:00+00:00,52.972919999999995,52.972919999999995,0.3974556140388942,0.0019872780701944708,6,STOP_AFTER_TP1,True
FISV,S3,long,RISK_ON,3,2016-07-21 00:00:00+00:00,2016-08-03 00:00:00+00:00,110.03993,109.02959642857142,-1.0,-0.005,9,SL,False
MMM,S3,long,RISK_ON,3,2016-07-21 00:00:00+00:00,2016-07-26 00:00:00+00:00,180.44025999999997,178.91491428571427,-1.0,-0.005,3,SL,False
INTU,S3,long,RISK_ON,3,2016-07-21 00:00:00+00:00,2016-07-28 00:00:00+00:00,113.30318999999999,111.95007142857142,-1.0,-0.005,5,SL,False
MKC,S3,long,RISK_ON,3,2016-07-22 00:00:00+00:00,2016-07-27 00:00:00+00:00,104.36425999999999,102.83075357142857,-1.0,-0.005,3,SL,False
UTX,S3,long,RISK_ON,3,2016-07-22 00:00:00+00:00,2016-08-25 00:00:00+00:00,105.23512999999998,107.72,1.6048874377637452,0.008024437188818727,24,EMA_TRAIL,True
CB,S3,long,RISK_ON,3,2016-07-22 00:00:00+00:00,2016-07-28 00:00:00+00:00,128.61849,126.54901785714286,-1.0,-0.005,4,SL,False
AEE,S3,long,RISK_ON,3,2016-07-25 00:00:00+00:00,2016-07-27 00:00:00+00:00,52.7527,51.852500000000006,-1.0,-0.005,2,SL,False
AEP,S3,long,RISK_ON,3,2016-07-25 00:00:00+00:00,2016-07-27 00:00:00+00:00,69.83976999999999,68.72714285714285,-1.0,-0.005,2,SL,False
INTC,S3,long,RISK_ON,3,2016-07-25 00:00:00+00:00,2016-09-09 00:00:00+00:00,34.724689999999995,35.44,1.1661755857577765,0.0058308779287888825,33,EMA_TRAIL,True
ADI,S2,long,RISK_ON,3,2016-07-26 00:00:00+00:00,2016-09-08 00:00:00+00:00,62.93537249999999,61.41,-0.4042809045313169,-0.0020214045226565843,31,SMA50_BREAK,False
GPC,S3,long,RISK_ON,3,2016-07-27 00:00:00+00:00,2016-08-04 00:00:00+00:00,101.83173,99.44046071428572,-1.0,-0.005,6,SL,False
EXC,S3,long,RISK_ON,3,2016-07-27 00:00:00+00:00,2016-08-03 00:00:00+00:00,36.62659,36.62659,0.5041257407225459,0.0025206287036127297,5,STOP_AFTER_TP1,True
KSU,S3,long,RISK_ON,3,2016-07-27 00:00:00+00:00,2016-08-02 00:00:00+00:00,95.48539,93.32237142857143,-1.0,-0.005,4,SL,False
BRK.B,S3,long,RISK_ON,3,2016-07-28 00:00:00+00:00,2016-08-04 00:00:00+00:00,144.56441999999998,143.12,-0.8576795689776079,-0.00428839784488804,5,SMA50_BREAK,False
RSG,S3,long,RISK_ON,3,2016-07-28 00:00:00+00:00,2016-07-29 00:00:00+00:00,51.951899999999995,51.37392857142857,-1.0,-0.005,1,SL,False
MMM,S3,long,RISK_ON,3,2016-07-28 00:00:00+00:00,2016-09-09 00:00:00+00:00,178.15797999999998,176.25892857142858,-1.0,-0.005,30,SL,False
LEN,S3,long,RISK_ON,3,2016-07-28 00:00:00+00:00,2016-07-29 00:00:00+00:00,47.3806333,46.99686785714286,-1.0,-0.005,1,SL,False
SCG,S3,long,RISK_ON,3,2016-07-28 00:00:00+00:00,2016-08-05 00:00:00+00:00,74.01393999999999,72.94,-0.5994399970337295,-0.0029971999851686475,6,SMA50_BREAK,False
SYMC,S3,long,RISK_ON,3,2016-07-28 00:00:00+00:00,2016-10-12 00:00:00+00:00,20.470449999999996,24.94,7.4485604203926155,0.037242802101963075,53,EMA_TRAIL,True
EMR,S3,long,RISK_ON,3,2016-07-28 00:00:00+00:00,2016-08-02 00:00:00+00:00,55.88582999999999,55.03664285714286,-1.0,-0.005,3,SL,False
FLR,S3,long,RISK_ON,3,2016-07-28 00:00:00+00:00,2016-07-29 00:00:00+00:00,53.753699999999995,52.88700357142857,-1.0,-0.005,1,SL,False
JPM,S3,long,RISK_ON,3,2016-07-28 00:00:00+00:00,2016-09-13 00:00:00+00:00,64.16409999999999,66.53,2.1917952799013785,0.010958976399506893,32,EMA_TRAIL,True
MDT,S3,long,RISK_ON,3,2016-07-28 00:00:00+00:00,2016-08-04 00:00:00+00:00,87.50742,86.38967142857143,-1.0,-0.005,5,SL,False
WMT,S3,long,RISK_ON,3,2016-07-28 00:00:00+00:00,2016-08-15 00:00:00+00:00,73.31324,73.31324,0.2973179473880643,0.0014865897369403214,12,STOP_AFTER_TP1,True
TXT,S3,long,RISK_ON,3,2016-07-29 00:00:00+00:00,2016-08-02 00:00:00+00:00,39.038999999999994,38.27321428571429,-1.0,-0.005,2,SL,False
PFG,S2,long,RISK_ON,3,2016-07-29 00:00:00+00:00,2016-12-16 00:00:00+00:00,46.676629999999996,57.8,3.410552470135739,0.017052762350678694,98,EMA_TRAIL,True
ARNC,S3,long,RISK_ON,3,2016-07-29 00:00:00+00:00,2016-08-02 00:00:00+00:00,31.891859999999998,30.824035714285717,-1.0,-0.005,2,SL,False
BA,S3,long,RISK_ON,3,2016-07-29 00:00:00+00:00,2016-08-04 00:00:00+00:00,133.79366,131.1683392857143,-1.0,-0.005,4,SL,False
DUK,S3,long,RISK_ON,3,2016-08-01 00:00:00+00:00,2016-08-03 00:00:00+00:00,85.73564999999999,84.734575,-1.0,-0.005,2,SL,False
ADBE,S3,long,RISK_ON,3,2016-08-01 00:00:00+00:00,2016-08-02 00:00:00+00:00,97.81772,96.5995,-1.0,-0.005,1,SL,False
AEP,S3,long,RISK_ON,3,2016-08-01 00:00:00+00:00,2016-08-03 00:00:00+00:00,69.37930999999999,68.43178571428571,-1.0,-0.005,2,SL,False
PCG,S3,long,RISK_ON,3,2016-08-01 00:00:00+00:00,2016-08-15 00:00:00+00:00,64.21415,63.45,-0.7372610367593333,-0.0036863051837966667,10,SMA50_BREAK,False
V,S3,long,RISK_ON,3,2016-08-01 00:00:00+00:00,2016-09-26 00:00:00+00:00,78.33825999999999,81.81,2.5073505265712726,0.012536752632856363,39,EMA_TRAIL,True
PDCO,S3,long,RISK_ON,3,2016-08-01 00:00:00+00:00,2016-08-04 00:00:00+00:00,49.239189999999994,48.47678571428571,-1.0,-0.005,3,SL,False
PEP,S3,long,RISK_ON,3,2016-08-01 00:00:00+00:00,2016-08-19 00:00:00+00:00,109.03893,107.58139642857142,-1.0,-0.005,14,SL,False
INFO,S3,long,RISK_ON,3,2016-08-01 00:00:00+00:00,2016-08-02 00:00:00+00:00,34.784749999999995,33.666671428571426,-1.0,-0.005,1,SL,False
MAA,S3,long,RISK_ON,3,2016-08-01 00:00:00+00:00,2016-08-03 00:00:00+00:00,105.82571999999999,102.63357142857143,-1.0,-0.005,2,SL,False
CAT,S3,long,RISK_ON,3,2016-08-01 00:00:00+00:00,2016-08-26 00:00:00+00:00,82.03195,82.66,0.9488973945781661,0.00474448697289083,19,EMA_TRAIL,True
HSIC,S3,long,RISK_ON,3,2016-08-01 00:00:00+00:00,2016-08-04 00:00:00+00:00,90.16006999999998,89.07745714285716,-1.0,-0.005,3,SL,False
ADS,S3,long,RISK_ON,3,2016-08-01 00:00:00+00:00,2016-08-02 00:00:00+00:00,228.35812999999996,223.47242857142857,-1.0,-0.005,1,SL,False
LOW,S3,long,RISK_ON,3,2016-08-01 00:00:00+00:00,2016-08-03 00:00:00+00:00,82.39231,81.17178928571428,-1.0,-0.005,2,SL,False
D,S3,long,RISK_ON,3,2016-08-01 00:00:00+00:00,2016-08-04 00:00:00+00:00,77.65758,76.33068571428572,-1.0,-0.005,3,SL,False
SO,S3,long,RISK_ON,3,2016-08-01 00:00:00+00:00,2016-08-03 00:00:00+00:00,53.703649999999996,52.92875,-1.0,-0.005,2,SL,False
CSX,S3,long,RISK_ON,3,2016-08-01 00:00:00+00:00,2016-08-02 00:00:00+00:00,28.088059999999995,27.6995,-1.0,-0.005,1,SL,False
K,S3,long,RISK_ON,3,2016-08-01 00:00:00+00:00,2016-08-03 00:00:00+00:00,82.45237,81.03163571428571,-1.0,-0.005,2,SL,False
ED,S3,long,RISK_ON,3,2016-08-01 00:00:00+00:00,2016-08-03 00:00:00+00:00,80.54045999999998,79.01809285714286,-1.0,-0.005,2,SL,False
AXP,S3,long,RISK_ON,3,2016-08-01 00:00:00+00:00,2016-08-02 00:00:00+00:00,64.19412999999999,63.54857142857143,-1.0,-0.005,1,SL,False
EIX,S3,long,RISK_ON,3,2016-08-01 00:00:00+00:00,2016-08-05 00:00:00+00:00,77.12704999999998,75.43535714285714,-1.0,-0.005,4,SL,False
BBT,S3,long,RISK_ON,3,2016-08-01 00:00:00+00:00,2016-08-02 00:00:00+00:00,36.706669999999995,36.37446428571428,-1.0,-0.005,1,SL,False
CMS,S3,long,RISK_ON,3,2016-08-02 00:00:00+00:00,2016-08-03 00:00:00+00:00,45.08503999999999,44.42609642857143,-1.0,-0.005,1,SL,False
WY,S3,long,RISK_ON,3,2016-08-02 00:00:00+00:00,2016-08-03 00:00:00+00:00,32.47243999999999,32.168392857142855,-1.0,-0.005,1,SL,False
FBHS,S3,long,RISK_ON,3,2016-08-02 00:00:00+00:00,2016-08-17 00:00:00+00:00,63.25318999999999,62.080842857142855,-1.0,-0.005,11,SL,False
FITB,S3,long,RISK_ON,3,2016-08-02 00:00:00+00:00,2016-09-29 00:00:00+00:00,18.598579999999995,20.24,4.2011123745725065,0.021005561872862535,41,EMA_TRAIL,True
INFO,S3,long,RISK_ON,3,2016-08-02 00:00:00+00:00,2016-09-14 00:00:00+00:00,34.664629999999995,36.37,0.7898231937390074,0.003949115968695037,30,EMA_TRAIL,True
KLAC,S3,long,RISK_ON,3,2016-08-02 00:00:00+00:00,2016-08-10 00:00:00+00:00,75.79571999999999,74.94963928571428,-1.0,-0.005,6,SL,False
ZION,S3,long,RISK_ON,3,2016-08-02 00:00:00+00:00,2016-09-16 00:00:00+00:00,27.067039999999995,29.9,3.5302229000528937,0.017651114500264468,32,EMA_TRAIL,True
FB,S3,long,RISK_ON,3,2016-08-02 00:00:00+00:00,2016-09-26 00:00:00+00:00,123.21309,127.31,1.8962160993899024,0.009481080496949512,38,EMA_TRAIL,True
WHR,S3,long,RISK_ON,3,2016-08-02 00:00:00+00:00,2016-08-10 00:00:00+00:00,189.56937999999997,187.0322357142857,-1.0,-0.005,6,SL,False
WY,S3,long,RISK_ON,3,2016-08-03 00:00:00+00:00,2016-08-08 00:00:00+00:00,32.40236999999999,32.40236999999999,0.3036051727444586,0.001518025863722293,3,STOP_AFTER_TP1,True
LOW,S3,long,RISK_ON,3,2016-08-03 00:00:00+00:00,2016-08-17 00:00:00+00:00,82.10201999999998,80.49821428571428,-1.0,-0.005,10,SL,False
COST,S3,long,RISK_ON,3,2016-08-03 00:00:00+00:00,2016-08-25 00:00:00+00:00,166.28611999999998,166.28611999999998,0.33865201408972345,0.0016932600704486172,16,STOP_AFTER_TP1,True
TSN,S3,long,RISK_ON,3,2016-08-03 00:00:00+00:00,2016-09-08 00:00:00+00:00,73.04297,74.7,2.1176102265759824,0.010588051132879913,25,EMA_TRAIL,True
FRT,S3,long,RISK_ON,3,2016-08-03 00:00:00+00:00,2016-08-05 00:00:00+00:00,166.73656999999997,164.85642857142858,-1.0,-0.005,2,SL,False
CSX,S3,long,RISK_ON,3,2016-08-03 00:00:00+00:00,2016-09-09 00:00:00+00:00,28.228199999999998,27.89,-0.3381565227327894,-0.001690782613663947,26,SMA50_BREAK,False
TXT,S3,long,RISK_ON,3,2016-08-03 00:00:00+00:00,2016-09-09 00:00:00+00:00,38.75872,39.83,1.0834791351334518,0.005417395675667259,26,EMA_TRAIL,True
CL,S3,long,RISK_ON,3,2016-08-03 00:00:00+00:00,2016-08-16 00:00:00+00:00,74.15408,74.32,0.7097308828849198,0.0035486544144245993,9,EMA_TRAIL,True
AXP,S3,long,RISK_ON,3,2016-08-03 00:00:00+00:00,2016-08-26 00:00:00+00:00,63.893829999999994,64.79,0.8662294012665177,0.004331147006332589,17,EMA_TRAIL,True
ADS,S3,long,RISK_ON,3,2016-08-03 00:00:00+00:00,2016-08-04 00:00:00+00:00,222.54231999999996,217.4935,-1.0,-0.005,1,SL,False
DUK,S3,long,RISK_ON,3,2016-08-04 00:00:00+00:00,2016-08-05 00:00:00+00:00,85.32523999999998,84.22214642857143,-1.0,-0.005,1,SL,False
DOV,S3,long,RISK_ON,3,2016-08-04 00:00:00+00:00,2016-08-31 00:00:00+00:00,71.22115,72.5,0.6870336211956116,0.003435168105978058,19,EMA_TRAIL,True
K,S3,long,RISK_ON,3,2016-08-04 00:00:00+00:00,2016-08-30 00:00:00+00:00,82.50241999999999,81.78,-0.2690743349948664,-0.001345371674974332,18,SMA50_BREAK,False
DPS,S3,long,RISK_ON,3,2016-08-04 00:00:00+00:00,2016-08-08 00:00:00+00:00,97.28718999999998,95.70360714285714,-1.0,-0.005,2,SL,False
GD,S3,long,RISK_ON,3,2016-08-04 00:00:00+00:00,2016-09-09 00:00:00+00:00,147.51737,149.91,1.3153259268946798,0.006576629634473399,25,EMA_TRAIL,True
ADS,S3,long,RISK_ON,3,2016-08-05 00:00:00+00:00,2016-08-15 00:00:00+00:00,222.59237,213.3426464285714,-1.0,-0.005,6,SL,False
IR,S3,long,RISK_ON,3,2016-08-08 00:00:00+00:00,2016-08-17 00:00:00+00:00,67.83776999999999,67.05232142857142,-1.0,-0.005,7,SL,False
WY,S3,long,RISK_ON,3,2016-08-08 00:00:00+00:00,2016-08-12 00:00:00+00:00,32.40236999999999,31.879953571428576,-1.0,-0.005,4,SL,False
HOLX,S3,long,RISK_ON,3,2016-08-08 00:00:00+00:00,2016-08-17 00:00:00+00:00,38.448409999999996,37.948928571428574,-1.0,-0.005,7,SL,False
RTN,S3,long,RISK_ON,3,2016-08-08 00:00:00+00:00,2016-08-24 00:00:00+00:00,140.09995999999998,140.09995999999998,0.5478975155065778,0.0027394875775328892,12,STOP_AFTER_TP1,True
REGN,S3,long,RISK_ON,3,2016-08-08 00:00:00+00:00,2016-08-17 00:00:00+00:00,421.46103999999997,412.29307142857147,-1.0,-0.005,7,SL,False
MAS,S3,long,RISK_ON,3,2016-08-09 00:00:00+00:00,2016-08-16 00:00:00+00:00,36.26622999999999,35.77964285714285,-1.0,-0.005,5,SL,False
CELG,S3,long,RISK_ON,3,2016-08-09 00:00:00+00:00,2016-08-24 00:00:00+00:00,113.91379999999998,111.4685,-1.0,-0.005,11,SL,False
BLK,S3,long,RISK_ON,3,2016-08-09 00:00:00+00:00,2016-08-10 00:00:00+00:00,369.0186499999999,366.1606142857143,-1.0,-0.005,1,SL,False
AON,S3,long,RISK_ON,3,2016-08-09 00:00:00+00:00,2016-08-12 00:00:00+00:00,110.35023999999999,109.50750714285714,-1.0,-0.005,3,SL,False
LKQ,S3,long,RISK_ON,3,2016-08-09 00:00:00+00:00,2016-09-09 00:00:00+00:00,34.74471,34.91,0.9571621616563252,0.004785810808281626,22,EMA_TRAIL,True
ABT,S3,long,RISK_ON,3,2016-08-10 00:00:00+00:00,2016-08-18 00:00:00+00:00,44.85481,44.38453571428571,-1.0,-0.005,6,SL,False
L,S3,long,RISK_ON,3,2016-08-10 00:00:00+00:00,2016-09-01 00:00:00+00:00,41.00096,41.31,1.3219741619588627,0.0066098708097943135,16,EMA_TRAIL,True
MHK,S3,long,RISK_ON,3,2016-08-10 00:00:00+00:00,2016-08-17 00:00:00+00:00,212.05183999999997,208.78164285714286,-1.0,-0.005,5,SL,False
BLK,S3,long,RISK_ON,3,2016-08-10 00:00:00+00:00,2016-09-01 00:00:00+00:00,366.80643999999995,366.80643999999995,0.8898312343297922,0.004449156171648961,16,STOP_AFTER_TP1,True
WHR,S3,long,RISK_ON,3,2016-08-10 00:00:00+00:00,2016-08-15 00:00:00+00:00,186.96677999999997,184.43080714285713,-1.0,-0.005,3,SL,False
BAC,S3,long,RISK_ON,3,2016-08-11 00:00:00+00:00,2016-09-16 00:00:00+00:00,14.894879999999999,15.49,1.7122361868627056,0.00856118093431353,25,EMA_TRAIL,True
DPS,S3,long,RISK_ON,3,2016-08-11 00:00:00+00:00,2016-08-16 00:00:00+00:00,97.07697999999999,95.21,-0.9143948235280991,-0.004571974117640496,3,SMA50_BREAK,False
BBT,S3,long,RISK_ON,3,2016-08-12 00:00:00+00:00,2016-09-13 00:00:00+00:00,37.04700999999999,37.77,1.6397385762815098,0.008198692881407548,21,EMA_TRAIL,True
CI,S1,long,RISK_ON,3,2016-08-12 00:00:00+00:00,2016-08-25 00:00:00+00:00,133.44331,129.41,-0.3988700375005928,-0.001994350187502964,9,SMA50_BREAK,False
LNC,S3,long,RISK_ON,3,2016-08-12 00:00:00+00:00,2016-09-16 00:00:00+00:00,45.26521999999999,46.26,0.8982926562814448,0.004491463281407224,24,EMA_TRAIL,True
WRK,S3,long,RISK_ON,3,2016-08-15 00:00:00+00:00,2016-08-22 00:00:00+00:00,44.044,44.044,0.6111560226354147,0.0030557801131770733,5,STOP_AFTER_TP1,True
CSRA,S3,long,RISK_ON,3,2016-08-15 00:00:00+00:00,2016-08-17 00:00:00+00:00,26.16614,25.343503571428574,-1.0,-0.005,2,SL,False
ADBE,S3,long,RISK_ON,3,2016-08-16 00:00:00+00:00,2016-09-09 00:00:00+00:00,100.70059999999998,100.70059999999998,0.28534978625624696,0.0014267489312812349,17,STOP_AFTER_TP1,True
GLW,S3,long,RISK_ON,3,2016-08-16 00:00:00+00:00,2016-08-17 00:00:00+00:00,22.762739999999997,22.511964285714285,-1.0,-0.005,1,SL,False
WU,S3,long,RISK_ON,3,2016-08-16 00:00:00+00:00,2016-09-09 00:00:00+00:00,20.850829999999995,20.850829999999995,0.8348477847939183,0.004174238923969591,17,STOP_AFTER_TP1,True
VAR,S3,long,RISK_ON,3,2016-08-16 00:00:00+00:00,2016-08-17 00:00:00+00:00,93.73364,93.04142857142857,-1.0,-0.005,1,SL,False
GLW,S3,long,RISK_ON,3,2016-08-17 00:00:00+00:00,2016-09-09 00:00:00+00:00,22.612589999999997,22.31267857142857,-1.0,-0.005,16,SL,False
HOLX,S3,long,RISK_ON,3,2016-08-17 00:00:00+00:00,2016-09-09 00:00:00+00:00,38.11807999999999,37.63839285714286,-1.0,-0.005,16,SL,False
MHK,S3,long,RISK_ON,3,2016-08-17 00:00:00+00:00,2016-09-08 00:00:00+00:00,209.38917999999998,211.38,0.8270952106820167,0.0041354760534100836,15,EMA_TRAIL,True
VAR,S3,long,RISK_ON,3,2016-08-17 00:00:00+00:00,2016-09-09 00:00:00+00:00,93.80370999999998,93.80370999999998,0.46835980448290593,0.0023417990224145297,16,STOP_AFTER_TP1,True
ABT,S3,long,RISK_ON,3,2016-08-18 00:00:00+00:00,2016-08-19 00:00:00+00:00,44.40436,43.995357142857145,-1.0,-0.005,1,SL,False
ADS,S5,long,RISK_ON,3,2016-08-19 00:00:00+00:00,2016-08-22 00:00:00+00:00,200.34013999999996,200.54,0.029963389074296822,0.0001498169453714841,1,SMA50_BREAK,False
CL,S3,long,RISK_ON,3,2016-08-19 00:00:00+00:00,2016-09-07 00:00:00+00:00,74.56448999999999,73.75838928571429,-1.0,-0.005,12,SL,False
CMI,S3,long,RISK_ON,3,2016-08-22 00:00:00+00:00,2016-08-25 00:00:00+00:00,125.47534999999998,124.36401428571429,-1.0,-0.005,3,SL,False
FBHS,S3,long,RISK_ON,3,2016-08-22 00:00:00+00:00,2016-09-08 00:00:00+00:00,62.89282999999999,61.93,-0.8315814929652868,-0.004157907464826434,12,SMA50_BREAK,False
MAS,S3,long,RISK_ON,3,2016-08-23 00:00:00+00:00,2016-09-09 00:00:00+00:00,35.745709999999995,34.76553571428571,-1.0,-0.005,12,SL,False
REGN,S3,long,RISK_ON,3,2016-08-23 00:00:00+00:00,2016-08-25 00:00:00+00:00,421.03060999999997,400.24739642857145,-1.0,-0.005,2,SL,False
CSRA,S3,long,RISK_ON,3,2016-08-23 00:00:00+00:00,2016-09-16 00:00:00+00:00,26.086059999999996,25.69,-0.32902590686487937,-0.001645129534324397,17,SMA50_BREAK,False
RTN,S3,long,RISK_ON,3,2016-08-24 00:00:00+00:00,2016-09-01 00:00:00+00:00,141.21106999999998,139.26539285714284,-1.0,-0.005,6,SL,False
WRK,S3,long,RISK_ON,3,2016-08-24 00:00:00+00:00,2016-09-09 00:00:00+00:00,44.514469999999996,46.49,2.4918954307535053,0.012459477153767527,11,EMA_TRAIL,True
EOG,S3,long,RISK_ON,3,2016-08-24 00:00:00+00:00,2016-08-29 00:00:00+00:00,90.82073,89.61446428571429,-1.0,-0.005,3,SL,False
CMI,S3,long,RISK_ON,3,2016-08-25 00:00:00+00:00,2016-09-06 00:00:00+00:00,125.45532999999999,123.55979285714285,-1.0,-0.005,7,SL,False
UTX,S3,long,RISK_ON,3,2016-08-29 00:00:00+00:00,2016-08-31 00:00:00+00:00,108.07797,106.50373928571429,-1.0,-0.005,2,SL,False
CAT,S3,long,RISK_ON,3,2016-08-29 00:00:00+00:00,2016-08-31 00:00:00+00:00,83.18309999999998,81.72018214285714,-1.0,-0.005,2,SL,False
EOG,S3,long,RISK_ON,3,2016-08-30 00:00:00+00:00,2016-08-31 00:00:00+00:00,90.16006999999998,88.8545,-1.0,-0.005,1,SL,False
PCLN,S3,long,RISK_ON,3,2016-09-01 00:00:00+00:00,2016-09-09 00:00:00+00:00,1420.0085899999997,1420.0085899999997,0.48305123737632943,0.002415256186881647,5,STOP_AFTER_TP1,True
AVY,S3,long,RISK_ON,3,2016-09-01 00:00:00+00:00,2016-09-09 00:00:00+00:00,77.42734999999999,76.34326428571428,-1.0,-0.005,5,SL,False
TEL,S3,long,RISK_ON,3,2016-09-01 00:00:00+00:00,2016-09-09 00:00:00+00:00,63.243179999999995,62.386539285714285,-1.0,-0.005,5,SL,False
GPC,S3,long,RISK_ON,3,2016-09-01 00:00:00+00:00,2016-09-06 00:00:00+00:00,103.11300999999999,101.59018928571429,-1.0,-0.005,2,SL,False
PH,S3,long,RISK_ON,3,2016-09-01 00:00:00+00:00,2016-09-12 00:00:00+00:00,122.98285999999999,120.65125,-1.0,-0.005,6,SL,False
SWKS,S3,long,RISK_ON,3,2016-09-02 00:00:00+00:00,2016-09-06 00:00:00+00:00,74.69462,73.52293571428571,-1.0,-0.005,1,SL,False
AFL,S3,long,RISK_ON,3,2016-09-06 00:00:00+00:00,2016-09-08 00:00:00+00:00,73.73365999999999,72.92964285714285,-1.0,-0.005,2,SL,False
DFS,S3,long,RISK_ON,3,2016-09-06 00:00:00+00:00,2016-09-07 00:00:00+00:00,59.72966999999999,59.03875357142857,-1.0,-0.005,1,SL,False
PX,S3,long,RISK_ON,3,2016-09-06 00:00:00+00:00,2016-09-08 00:00:00+00:00,122.28215999999998,121.12858214285714,-1.0,-0.005,2,SL,False
CMA,S3,long,RISK_ON,3,2016-09-06 00:00:00+00:00,2016-09-09 00:00:00+00:00,46.846799999999995,46.19875,-1.0,-0.005,3,SL,False
SCHW,S3,long,RISK_ON,3,2016-09-07 00:00:00+00:00,2016-09-12 00:00:00+00:00,30.800769999999996,30.120357142857145,-1.0,-0.005,3,SL,False
BLL,S3,long,RISK_ON,3,2016-09-08 00:00:00+00:00,2016-09-09 00:00:00+00:00,40.09004999999999,39.77348214285714,-1.0,-0.005,1,SL,False
SWKS,S1,long,DEFENSIVE,3,2016-09-13 00:00:00+00:00,2016-09-26 00:00:00+00:00,69.42935999999999,72.82,0.9978496974998237,0.004989248487499118,9,EMA_TRAIL,True
CFG,S3,long,RISK_ON,3,2016-09-22 00:00:00+00:00,2016-09-27 00:00:00+00:00,24.264239999999997,23.829196428571425,-1.0,-0.005,3,SL,False
BAC,S3,long,RISK_ON,3,2016-09-22 00:00:00+00:00,2016-09-26 00:00:00+00:00,15.615599999999997,15.243035714285716,-1.0,-0.005,2,SL,False
JNPR,S1,long,DEFENSIVE,3,2016-10-25 00:00:00+00:00,2017-01-11 00:00:00+00:00,23.743719999999996,27.85,2.1465187675070103,0.010732593837535052,53,EMA_TRAIL,True
NOC,S2,long,RISK_ON,3,2016-11-09 00:00:00+00:00,2016-12-12 00:00:00+00:00,242.54229999999998,222.44178571428571,-0.623090667189752,-0.0031154533359487604,22,SL,False
KLAC,S3,long,RISK_ON,3,2016-11-10 00:00:00+00:00,2016-12-01 00:00:00+00:00,74.58451,75.93,3.092325111891215,0.015461625559456077,14,EMA_TRAIL,True
TSS,S3,long,RISK_ON,3,2016-11-15 00:00:00+00:00,2016-11-30 00:00:00+00:00,49.33928999999999,49.33928999999999,0.5303503731319865,0.0026517518656599326,10,STOP_AFTER_TP1,True
HIG,S3,long,RISK_ON,3,2016-11-16 00:00:00+00:00,2016-12-28 00:00:00+00:00,46.62657999999999,47.73,1.448585924851507,0.007242929624257535,28,EMA_TRAIL,True
VRSK,S3,long,RISK_ON,3,2016-11-16 00:00:00+00:00,2016-12-01 00:00:00+00:00,82.38229999999999,82.38229999999999,0.6799848766646339,0.0033999243833231696,10,STOP_AFTER_TP1,True
CF,S3,long,RISK_ON,3,2016-11-17 00:00:00+00:00,2016-12-13 00:00:00+00:00,27.117089999999997,28.41,1.6378646198566387,0.008189323099283193,17,EMA_TRAIL,True
UTX,S3,long,RISK_ON,3,2016-11-18 00:00:00+00:00,2017-01-13 00:00:00+00:00,106.60649999999998,110.22,3.048097961024684,0.01524048980512342,37,EMA_TRAIL,True
UNH,S3,long,RISK_ON,3,2016-11-21 00:00:00+00:00,2016-11-28 00:00:00+00:00,150.56041,150.56041,0.3157746747626222,0.001578873373813111,4,STOP_AFTER_TP1,True
JEC,S2,long,RISK_ON,3,2016-11-22 00:00:00+00:00,2016-12-30 00:00:00+00:00,59.37931999999999,57.05735714285714,-0.33495306311039635,-0.0016747653155519818,26,SL,False
RCL,S3,long,RISK_ON,3,2016-11-23 00:00:00+00:00,2016-11-30 00:00:00+00:00,82.67259,81.21307142857142,-1.0,-0.005,4,SL,False
CELG,S3,long,RISK_ON,3,2016-11-23 00:00:00+00:00,2016-12-07 00:00:00+00:00,120.97084999999998,115.54875357142858,-1.0,-0.005,9,SL,False
DE,S2,long,RISK_ON,3,2016-11-23 00:00:00+00:00,2017-03-27 00:00:00+00:00,102.27216999999999,107.16,0.3188557858412678,0.001594278929206339,83,SMA50_BREAK,False
SIG,S3,long,RISK_ON,3,2016-11-23 00:00:00+00:00,2017-01-05 00:00:00+00:00,93.95385999999999,87.81617857142857,-1.0,-0.005,28,SL,False
CTXS,S3,long,RISK_ON,3,2016-11-28 00:00:00+00:00,2016-11-30 00:00:00+00:00,87.54745999999999,87.54745999999999,0.29164152622276124,0.0014582076311138062,2,STOP_AFTER_TP1,True
L,S3,long,RISK_ON,3,2016-11-28 00:00:00+00:00,2017-01-05 00:00:00+00:00,44.37432999999999,46.54,3.778344317660767,0.018891721588303836,26,EMA_TRAIL,True
MHK,S3,long,RISK_ON,3,2016-11-28 00:00:00+00:00,2016-12-01 00:00:00+00:00,199.56937,196.352075,-1.0,-0.005,3,SL,False
SNA,S3,long,RISK_ON,3,2016-11-28 00:00:00+00:00,2016-12-01 00:00:00+00:00,168.54837999999998,166.830375,-1.0,-0.005,3,SL,False
ROP,S3,long,RISK_ON,3,2016-11-29 00:00:00+00:00,2016-12-28 00:00:00+00:00,181.28109999999998,183.81,1.8944753126058007,0.009472376563029003,20,EMA_TRAIL,True
FCX,S3,long,RISK_ON,3,2016-11-29 00:00:00+00:00,2016-12-15 00:00:00+00:00,14.984969999999999,14.470178571428571,-1.0,-0.005,12,SL,False
BLK,S3,long,RISK_ON,3,2016-11-29 00:00:00+00:00,2016-12-28 00:00:00+00:00,368.91855,381.03,1.993673340296747,0.009968366701483735,20,EMA_TRAIL,True
AON,S2,long,RISK_ON,3,2016-11-30 00:00:00+00:00,2016-12-02 00:00:00+00:00,114.21409999999999,111.6425,-1.0,-0.005,2,SL,False
JCI,S3,long,RISK_ON,3,2016-11-30 00:00:00+00:00,2016-12-06 00:00:00+00:00,45.02497999999999,44.54821428571429,-1.0,-0.005,4,SL,False
SYY,S3,long,RISK_ON,3,2016-12-01 00:00:00+00:00,2017-01-03 00:00:00+00:00,53.153099999999995,55.0,2.220559060293196,0.01110279530146598,21,EMA_TRAIL,True
SNI,S3,long,RISK_ON,3,2016-12-01 00:00:00+00:00,2017-02-17 00:00:00+00:00,69.75968999999999,76.04,2.6174030628028215,0.013087015314014109,53,EMA_TRAIL,True
ESRX,S3,long,RISK_ON,3,2016-12-01 00:00:00+00:00,2016-12-07 00:00:00+00:00,75.90583,74.79660714285714,-1.0,-0.005,4,SL,False
AYI,S3,long,RISK_ON,3,2016-12-01 00:00:00+00:00,2016-12-08 00:00:00+00:00,251.71146,247.67243214285713,-1.0,-0.005,5,SL,False
FOX,S3,long,RISK_ON,3,2016-12-01 00:00:00+00:00,2016-12-02 00:00:00+00:00,28.108079999999994,27.71785714285714,-1.0,-0.005,1,SL,False
WBA,S3,long,RISK_ON,3,2016-12-01 00:00:00+00:00,2016-12-22 00:00:00+00:00,84.30421999999999,84.30421999999999,0.5240950237720342,0.002620475118860171,15,STOP_AFTER_TP1,True
ADP,S3,long,RISK_ON,3,2016-12-01 00:00:00+00:00,2017-01-23 00:00:00+00:00,95.86576999999998,102.2,3.8973486297667312,0.019486743148833658,34,EMA_TRAIL,True
CNP,S3,long,RISK_ON,3,2016-12-01 00:00:00+00:00,2017-03-30 00:00:00+00:00,23.8238,27.51,5.808425286278467,0.029042126431392336,81,EMA_TRAIL,True
GRMN,S3,long,RISK_ON,3,2016-12-01 00:00:00+00:00,2016-12-09 00:00:00+00:00,51.591539999999995,50.94525,-1.0,-0.005,6,SL,False
CB,S3,long,RISK_ON,3,2016-12-02 00:00:00+00:00,2017-01-04 00:00:00+00:00,127.94781999999998,131.52,2.8750537616273477,0.014375268808136738,21,EMA_TRAIL,True
DIS,S3,long,RISK_ON,3,2016-12-02 00:00:00+00:00,2017-05-03 00:00:00+00:00,98.59849999999999,111.62,8.314037278336148,0.04157018639168074,103,SMA50_BREAK,True
AMG,S3,long,RISK_ON,3,2016-12-02 00:00:00+00:00,2016-12-15 00:00:00+00:00,147.22708,151.39,1.8535777463310925,0.009267888731655462,9,EMA_TRAIL,True
IBM,S3,long,RISK_ON,3,2016-12-02 00:00:00+00:00,2017-01-10 00:00:00+00:00,160.18001999999998,165.52,1.7725335387155625,0.008862667693577813,25,EMA_TRAIL,True
VMC,S3,long,RISK_ON,3,2016-12-02 00:00:00+00:00,2016-12-16 00:00:00+00:00,127.18705999999999,123.0941107142857,-1.0,-0.005,10,SL,False
FLR,S3,long,RISK_ON,3,2016-12-02 00:00:00+00:00,2016-12-19 00:00:00+00:00,53.49343999999999,54.17,0.6495448823424056,0.003247724411712028,11,EMA_TRAIL,True
CBG,S2,long,RISK_ON,3,2016-12-02 00:00:00+00:00,2017-01-19 00:00:00+00:00,30.150119999999998,30.25,0.6454129683180673,0.0032270648415903365,31,SMA50_BREAK,False
MCD,S3,long,RISK_ON,3,2016-12-02 00:00:00+00:00,2016-12-30 00:00:00+00:00,118.35823999999998,121.72,2.324103025225003,0.011620515126125015,19,EMA_TRAIL,True
INTU,S3,long,RISK_ON,3,2016-12-02 00:00:00+00:00,2016-12-28 00:00:00+00:00,113.37325999999999,115.46,1.2391374604743053,0.006195687302371526,17,EMA_TRAIL,True
WYN,S3,long,RISK_ON,3,2016-12-02 00:00:00+00:00,2017-01-03 00:00:00+00:00,72.39231999999998,75.95,3.469218327478647,0.017346091637393236,20,EMA_TRAIL,True
AIZ,S3,long,RISK_ON,3,2016-12-02 00:00:00+00:00,2017-02-08 00:00:00+00:00,86.18609999999998,90.45,3.257453854816914,0.01628726927408457,45,SMA50_BREAK,True
MMC,S3,long,RISK_ON,3,2016-12-02 00:00:00+00:00,2016-12-28 00:00:00+00:00,68.45839,67.85021428571429,-1.0,-0.005,17,SL,False
ARE,S3,long,RISK_ON,3,2016-12-02 00:00:00+00:00,2016-12-14 00:00:00+00:00,109.04893999999999,106.87,-0.532933287514644,-0.00266466643757322,8,SMA50_BREAK,False
CI,S3,long,RISK_ON,3,2016-12-05 00:00:00+00:00,2017-01-19 00:00:00+00:00,134.83469999999997,134.83469999999997,0.47932458725626703,0.002396622936281335,30,STOP_AFTER_TP1,True
AON,S3,long,RISK_ON,3,2016-12-05 00:00:00+00:00,2016-12-09 00:00:00+00:00,112.48236999999999,112.48236999999999,0.3760499631629287,0.0018802498158146436,4,STOP_AFTER_TP1,True
CMCSA,S3,long,RISK_ON,3,2016-12-05 00:00:00+00:00,2016-12-30 00:00:00+00:00,34.37434,34.525,0.7952488681911809,0.0039762443409559044,18,EMA_TRAIL,True
GE,S3,long,RISK_ON,3,2016-12-05 00:00:00+00:00,2016-12-15 00:00:00+00:00,31.141109999999998,31.141109999999998,0.44753585263860174,0.002237679263193009,8,STOP_AFTER_TP1,True
IT,S3,long,RISK_ON,3,2016-12-05 00:00:00+00:00,2016-12-27 00:00:00+00:00,100.79068999999998,102.37,1.4624218457804894,0.007312109228902447,15,EMA_TRAIL,True
HON,S3,long,RISK_ON,3,2016-12-05 00:00:00+00:00,2016-12-28 00:00:00+00:00,112.99287999999999,115.75,1.7140225940862746,0.008570112970431374,16,EMA_TRAIL,True
LMT,S3,long,RISK_ON,3,2016-12-06 00:00:00+00:00,2016-12-08 00:00:00+00:00,266.26599999999996,262.69117857142857,-1.0,-0.005,2,SL,False
TXN,S1,long,RISK_ON,3,2016-12-06 00:00:00+00:00,2017-01-19 00:00:00+00:00,71.44136999999999,73.88,0.6592370634662249,0.0032961853173311246,29,EMA_TRAIL,True
SLB,S3,long,RISK_ON,3,2016-12-06 00:00:00+00:00,2016-12-29 00:00:00+00:00,84.04395999999998,84.04395999999998,0.4639627469032478,0.002319813734516239,16,STOP_AFTER_TP1,True
ORCL,S3,long,RISK_ON,3,2016-12-06 00:00:00+00:00,2016-12-16 00:00:00+00:00,39.50946999999999,39.50946999999999,0.3151944078370244,0.001575972039185122,8,STOP_AFTER_TP1,True
SBUX,S3,long,RISK_ON,3,2016-12-06 00:00:00+00:00,2016-12-19 00:00:00+00:00,57.49743999999999,57.49743999999999,0.34264832103797965,0.0017132416051898983,9,STOP_AFTER_TP1,True
TGT,S3,long,RISK_ON,3,2016-12-07 00:00:00+00:00,2016-12-22 00:00:00+00:00,77.04696999999999,75.43728214285714,-1.0,-0.005,11,SL,False
ULTA,S3,long,RISK_ON,3,2016-12-07 00:00:00+00:00,2017-02-13 00:00:00+00:00,254.19393999999997,268.12,2.44574972516805,0.012228748625840249,45,EMA_TRAIL,True
HII,S3,long,RISK_ON,3,2016-12-08 00:00:00+00:00,2016-12-12 00:00:00+00:00,181.38119999999998,179.15989642857144,-1.0,-0.005,2,SL,False
VRSK,S3,long,RISK_ON,3,2016-12-08 00:00:00+00:00,2016-12-15 00:00:00+00:00,83.27318999999999,81.67562500000001,-1.0,-0.005,5,SL,False
MHK,S3,long,RISK_ON,3,2016-12-09 00:00:00+00:00,2016-12-12 00:00:00+00:00,200.05986,197.07042857142858,-1.0,-0.005,1,SL,False
WM,S3,long,RISK_ON,3,2016-12-09 00:00:00+00:00,2016-12-14 00:00:00+00:00,70.09001999999998,70.09001999999998,0.27141871620215974,0.0013570935810107987,3,STOP_AFTER_TP1,True
ORLY,S3,long,RISK_ON,3,2016-12-09 00:00:00+00:00,2016-12-30 00:00:00+00:00,276.23596,278.41,0.9604250081764776,0.004802125040882388,14,EMA_TRAIL,True
AON,S3,long,RISK_ON,3,2016-12-12 00:00:00+00:00,2016-12-29 00:00:00+00:00,112.85273999999998,111.42,-0.8147723893874317,-0.004073861946937159,12,SMA50_BREAK,False
ADS,S3,long,RISK_ON,3,2016-12-12 00:00:00+00:00,2017-01-23 00:00:00+00:00,230.83059999999998,228.55,-0.30170529201347673,-0.0015085264600673838,27,SMA50_BREAK,False
MHK,S3,long,RISK_ON,3,2016-12-12 00:00:00+00:00,2016-12-30 00:00:00+00:00,198.83863999999997,198.83863999999997,0.4456543006965704,0.002228271503482852,13,STOP_AFTER_TP1,True
ANSS,S3,long,RISK_ON,3,2016-12-12 00:00:00+00:00,2016-12-22 00:00:00+00:00,94.80470999999999,93.40303928571429,-1.0,-0.005,8,SL,False
AAP,S3,long,RISK_ON,3,2016-12-12 00:00:00+00:00,2016-12-14 00:00:00+00:00,173.17299999999997,170.13785714285714,-1.0,-0.005,2,SL,False
CTXS,S3,long,RISK_ON,3,2016-12-12 00:00:00+00:00,2016-12-30 00:00:00+00:00,88.95886999999999,89.31,0.6069171725970153,0.0030345858629850764,13,EMA_TRAIL,True
EMR,S3,long,RISK_ON,3,2016-12-12 00:00:00+00:00,2016-12-14 00:00:00+00:00,57.14709,56.24661071428571,-1.0,-0.005,2,SL,False
FOX,S1,long,RISK_ON,3,2016-12-13 00:00:00+00:00,2016-12-30 00:00:00+00:00,26.926899999999996,27.25,0.19872865327662648,0.0009936432663831323,12,SMA50_BREAK,False
AOS,S3,long,RISK_ON,3,2016-12-13 00:00:00+00:00,2016-12-15 00:00:00+00:00,49.959909999999994,49.31035714285714,-1.0,-0.005,2,SL,False
CINF,S3,long,RISK_ON,3,2016-12-14 00:00:00+00:00,2016-12-16 00:00:00+00:00,77.22715,76.49450357142857,-1.0,-0.005,2,SL,False
WU,S3,long,RISK_ON,3,2016-12-14 00:00:00+00:00,2016-12-16 00:00:00+00:00,21.561539999999997,21.28535714285714,-1.0,-0.005,2,SL,False
DOV,S3,long,RISK_ON,3,2016-12-14 00:00:00+00:00,2016-12-30 00:00:00+00:00,75.71564,74.57446428571428,-1.0,-0.005,11,SL,False
BWA,S3,long,RISK_ON,3,2016-12-14 00:00:00+00:00,2017-03-06 00:00:00+00:00,39.349309999999996,41.9,3.5356107126911147,0.017678053563455573,54,EMA_TRAIL,True
EMR,S3,long,RISK_ON,3,2016-12-14 00:00:00+00:00,2016-12-16 00:00:00+00:00,56.326269999999994,55.66303928571429,-1.0,-0.005,2,SL,False
AZO,S3,long,RISK_ON,3,2016-12-14 00:00:00+00:00,2017-01-13 00:00:00+00:00,789.7489599999999,780.9417857142857,-1.0,-0.005,20,SL,False
AME,S3,long,RISK_ON,3,2016-12-14 00:00:00+00:00,2016-12-16 00:00:00+00:00,49.86982,49.26993571428571,-1.0,-0.005,2,SL,False
TROW,S3,long,RISK_ON,3,2016-12-14 00:00:00+00:00,2016-12-30 00:00:00+00:00,75.78570999999998,74.94705357142857,-1.0,-0.005,11,SL,False
NFX,S3,long,RISK_ON,3,2016-12-14 00:00:00+00:00,2016-12-15 00:00:00+00:00,45.92588,44.723571428571425,-1.0,-0.005,1,SL,False
PCAR,S3,long,RISK_ON,3,2016-12-14 00:00:00+00:00,2016-12-29 00:00:00+00:00,65.77570999999999,64.63445714285714,-1.0,-0.005,10,SL,False
GWW,S3,long,RISK_ON,3,2016-12-15 00:00:00+00:00,2017-01-05 00:00:00+00:00,234.72448999999997,231.36705357142856,-1.0,-0.005,13,SL,False
AAP,S3,long,RISK_ON,3,2016-12-15 00:00:00+00:00,2017-01-23 00:00:00+00:00,173.09291999999996,168.20339285714283,-1.0,-0.005,24,SL,False
ALB,S3,long,RISK_ON,3,2016-12-15 00:00:00+00:00,2016-12-16 00:00:00+00:00,89.90981999999998,88.30714642857141,-1.0,-0.005,1,SL,False
HII,S3,long,RISK_ON,3,2016-12-15 00:00:00+00:00,2017-03-10 00:00:00+00:00,179.86969,211.7,3.486628355956042,0.017433141779780212,57,EMA_TRAIL,True
HES,S3,long,RISK_ON,3,2016-12-15 00:00:00+00:00,2017-01-12 00:00:00+00:00,62.74267999999999,60.42876428571429,-1.0,-0.005,18,SL,False
KMX,S3,long,RISK_ON,3,2016-12-15 00:00:00+00:00,2017-02-01 00:00:00+00:00,62.882819999999995,65.19,0.9318666547064398,0.004659333273532199,31,EMA_TRAIL,True
CBOE,S3,long,RISK_ON,3,2016-12-19 00:00:00+00:00,2016-12-20 00:00:00+00:00,75.49542,74.61371071428572,-1.0,-0.005,1,SL,False
HOLX,S3,long,RISK_ON,3,2016-12-19 00:00:00+00:00,2017-01-20 00:00:00+00:00,40.120079999999994,39.37286785714286,-1.0,-0.005,21,SL,False
AME,S3,long,RISK_ON,3,2016-12-19 00:00:00+00:00,2016-12-30 00:00:00+00:00,49.189139999999995,48.35957857142857,-1.0,-0.005,8,SL,False
ICE,S3,long,RISK_ON,3,2016-12-19 00:00:00+00:00,2016-12-22 00:00:00+00:00,57.71765999999999,56.88178571428571,-1.0,-0.005,3,SL,False
NFX,S3,long,RISK_ON,3,2016-12-19 00:00:00+00:00,2016-12-22 00:00:00+00:00,45.044999999999995,42.97154285714286,-1.0,-0.005,3,SL,False
WU,S3,long,RISK_ON,3,2016-12-19 00:00:00+00:00,2017-01-18 00:00:00+00:00,21.64162,21.85,0.543522419048992,0.0027176120952449602,19,EMA_TRAIL,True
ETN,S3,long,RISK_ON,3,2016-12-19 00:00:00+00:00,2017-01-05 00:00:00+00:00,67.88781999999999,66.77074285714286,-1.0,-0.005,11,SL,False
NBL,S3,long,RISK_ON,3,2016-12-19 00:00:00+00:00,2016-12-23 00:00:00+00:00,40.29024999999999,39.24464285714286,-1.0,-0.005,4,SL,False
ALB,S3,long,RISK_ON,3,2016-12-19 00:00:00+00:00,2016-12-28 00:00:00+00:00,89.08899999999998,87.111075,-1.0,-0.005,6,SL,False
CINF,S3,long,RISK_ON,3,2016-12-19 00:00:00+00:00,2017-01-09 00:00:00+00:00,76.53645999999999,75.00307857142857,-1.0,-0.005,13,SL,False
EMR,S3,long,RISK_ON,3,2016-12-19 00:00:00+00:00,2017-02-23 00:00:00+00:00,56.36631,60.61,2.793445746447598,0.01396722873223799,44,EMA_TRAIL,True
SBUX,S3,long,RISK_ON,3,2016-12-19 00:00:00+00:00,2016-12-22 00:00:00+00:00,57.707649999999994,57.00506428571428,-1.0,-0.005,3,SL,False
ECL,S3,long,RISK_ON,3,2016-12-19 00:00:00+00:00,2016-12-22 00:00:00+00:00,120.69056999999998,119.27910714285714,-1.0,-0.005,3,SL,False
CBOE,S3,long,RISK_ON,3,2016-12-20 00:00:00+00:00,2016-12-22 00:00:00+00:00,74.97489999999999,73.53253928571428,-1.0,-0.005,2,SL,False
ARE,S3,long,RISK_ON,3,2016-12-21 00:00:00+00:00,2016-12-22 00:00:00+00:00,109.13902999999999,107.91785714285714,-1.0,-0.005,1,SL,False
DGX,S3,long,RISK_ON,3,2016-12-21 00:00:00+00:00,2017-01-17 00:00:00+00:00,92.13203999999999,92.13203999999999,0.4822407979393324,0.002411203989696662,16,STOP_AFTER_TP1,True
WM,S3,long,RISK_ON,3,2016-12-21 00:00:00+00:00,2017-01-03 00:00:00+00:00,70.76069,70.25642857142859,-1.0,-0.005,7,SL,False
CBOE,S3,long,RISK_ON,3,2016-12-22 00:00:00+00:00,2017-01-03 00:00:00+00:00,73.77369999999999,72.69277857142856,-1.0,-0.005,6,SL,False
HST,S3,long,RISK_ON,3,2016-12-22 00:00:00+00:00,2016-12-28 00:00:00+00:00,18.8188,18.447499999999998,-1.0,-0.005,3,SL,False
GE,S3,long,RISK_ON,3,2016-12-22 00:00:00+00:00,2016-12-30 00:00:00+00:00,31.851819999999996,31.55982142857143,-1.0,-0.005,5,SL,False
NBL,S3,long,RISK_ON,3,2016-12-27 00:00:00+00:00,2016-12-29 00:00:00+00:00,39.349309999999996,38.59642857142857,-1.0,-0.005,2,SL,False
ADM,S3,long,RISK_ON,3,2016-12-27 00:00:00+00:00,2017-01-06 00:00:00+00:00,45.69564999999999,44.59661071428572,-1.0,-0.005,7,SL,False
ECL,S3,long,RISK_ON,3,2016-12-27 00:00:00+00:00,2016-12-29 00:00:00+00:00,119.32920999999997,117.82643928571429,-1.0,-0.005,2,SL,False
HRB,S3,long,RISK_ON,3,2016-12-28 00:00:00+00:00,2016-12-30 00:00:00+00:00,23.313289999999995,22.94232142857143,-1.0,-0.005,2,SL,False
GOOGL,S3,long,RISK_ON,3,2016-12-28 00:00:00+00:00,2016-12-30 00:00:00+00:00,805.37457,797.3113035714287,-1.0,-0.005,2,SL,False
PGR,S3,long,RISK_ON,3,2016-12-28 00:00:00+00:00,2017-01-03 00:00:00+00:00,35.505469999999995,35.260178571428575,-1.0,-0.005,3,SL,False
GOOG,S3,long,RISK_ON,3,2016-12-28 00:00:00+00:00,2016-12-30 00:00:00+00:00,785.8350499999999,778.3564642857143,-1.0,-0.005,2,SL,False
INTC,S3,long,RISK_ON,3,2016-12-28 00:00:00+00:00,2016-12-30 00:00:00+00:00,36.66663,36.312532142857144,-1.0,-0.005,2,SL,False
HST,S3,long,RISK_ON,3,2016-12-28 00:00:00+00:00,2017-01-06 00:00:00+00:00,18.588569999999997,18.246607142857144,-1.0,-0.005,6,SL,False
HON,S3,long,RISK_ON,3,2016-12-29 00:00:00+00:00,2017-03-22 00:00:00+00:00,116.11599999999999,125.5,6.2344339597956155,0.031172169798978078,56,EMA_TRAIL,True
ALL,S3,long,RISK_ON,3,2016-12-29 00:00:00+00:00,2017-01-03 00:00:00+00:00,74.35427999999999,73.89517857142857,-1.0,-0.005,2,SL,False
SYK,S3,long,RISK_ON,3,2016-12-30 00:00:00+00:00,2017-01-03 00:00:00+00:00,119.92980999999999,118.66765714285714,-1.0,-0.005,1,SL,False
GE,S3,long,RISK_ON,3,2016-12-30 00:00:00+00:00,2017-01-05 00:00:00+00:00,31.6316,31.32671785714286,-1.0,-0.005,3,SL,False
ZTS,S3,long,RISK_ON,3,2016-12-30 00:00:00+00:00,2017-01-04 00:00:00+00:00,53.583529999999996,53.583529999999996,0.2693650107874018,0.0013468250539370092,2,STOP_AFTER_TP1,True
DVA,S3,long,RISK_ON,3,2017-01-03 00:00:00+00:00,2017-01-09 00:00:00+00:00,65.15509,63.27596428571428,-1.0,-0.005,4,SL,False
MOS,S3,long,RISK_ON,3,2017-01-03 00:00:00+00:00,2017-01-19 00:00:00+00:00,29.55953,30.25,1.1552879017415645,0.005776439508707823,11,EMA_TRAIL,True
PNW,S3,long,RISK_ON,3,2017-01-03 00:00:00+00:00,2017-01-30 00:00:00+00:00,77.39731999999998,76.37857142857143,-1.0,-0.005,18,SL,False
XOM,S3,long,RISK_ON,3,2017-01-03 00:00:00+00:00,2017-01-05 00:00:00+00:00,90.98088999999999,89.48625000000001,-1.0,-0.005,2,SL,False
ROP,S3,long,RISK_ON,3,2017-01-03 00:00:00+00:00,2017-01-19 00:00:00+00:00,185.11493,185.11493,0.3396537640712859,0.0016982688203564294,11,STOP_AFTER_TP1,True
FLS,S3,long,RISK_ON,3,2017-01-03 00:00:00+00:00,2017-01-31 00:00:00+00:00,49.059009999999994,49.059009999999994,0.5720332254833311,0.0028601661274166557,19,STOP_AFTER_TP1,True
VZ,S2,long,RISK_ON,3,2017-01-03 00:00:00+00:00,2017-01-09 00:00:00+00:00,54.63457999999999,52.82125,-1.0,-0.005,4,SL,False
NRG,S3,long,RISK_ON,3,2017-01-03 00:00:00+00:00,2017-02-28 00:00:00+00:00,12.312299999999999,16.56,9.396058496672243,0.04698029248336122,38,EMA_TRAIL,True
BLK,S3,long,RISK_ON,3,2017-01-03 00:00:00+00:00,2017-01-12 00:00:00+00:00,386.81642999999997,375.55114285714285,-1.0,-0.005,7,SL,False
CTXS,S3,long,RISK_ON,3,2017-01-03 00:00:00+00:00,2017-01-26 00:00:00+00:00,90.22012999999998,90.22012999999998,0.3934640841403313,0.0019673204207016565,16,STOP_AFTER_TP1,True
XEC,S3,long,RISK_ON,3,2017-01-04 00:00:00+00:00,2017-01-30 00:00:00+00:00,138.6385,135.2737857142857,-1.0,-0.005,17,SL,False
GOOG,S3,long,RISK_ON,3,2017-01-04 00:00:00+00:00,2017-01-30 00:00:00+00:00,787.6868999999999,802.32,0.9168244213766799,0.004584122106883399,17,EMA_TRAIL,True
INTC,S3,long,RISK_ON,3,2017-01-04 00:00:00+00:00,2017-01-31 00:00:00+00:00,36.44640999999999,36.82,1.289869992895928,0.00644934996447964,18,EMA_TRAIL,True
MDLZ,S3,long,RISK_ON,3,2017-01-04 00:00:00+00:00,2017-01-31 00:00:00+00:00,44.84479999999999,44.02946428571429,-1.0,-0.005,18,SL,False
EXC,S3,long,RISK_ON,3,2017-01-04 00:00:00+00:00,2017-02-09 00:00:00+00:00,35.52549,34.567857142857136,-1.0,-0.005,25,SL,False
DVN,S3,long,RISK_ON,3,2017-01-04 00:00:00+00:00,2017-01-23 00:00:00+00:00,47.54749999999999,45.63,-0.7717406928273657,-0.0038587034641368286,12,SMA50_BREAK,False
GOOGL,S3,long,RISK_ON,3,2017-01-04 00:00:00+00:00,2017-01-30 00:00:00+00:00,808.5777699999999,823.83,0.9153609159548919,0.00457680457977446,17,EMA_TRAIL,True
A,S3,long,RISK_ON,3,2017-01-05 00:00:00+00:00,2017-01-24 00:00:00+00:00,46.58653999999999,47.35,1.3134918565115965,0.0065674592825579825,12,EMA_TRAIL,True
PAYX,S3,long,RISK_ON,3,2017-01-05 00:00:00+00:00,2017-01-31 00:00:00+00:00,60.910849999999996,60.19519642857143,-1.0,-0.005,17,SL,False
MMM,S3,long,RISK_ON,3,2017-01-05 00:00:00+00:00,2017-01-06 00:00:00+00:00,177.88771,176.11623214285714,-1.0,-0.005,1,SL,False
AME,S3,long,RISK_ON,3,2017-01-05 00:00:00+00:00,2017-03-09 00:00:00+00:00,49.22917999999999,53.79,3.998059026092043,0.019990295130460214,43,EMA_TRAIL,True
SLB,S3,long,RISK_ON,3,2017-01-05 00:00:00+00:00,2017-01-23 00:00:00+00:00,85.38529999999999,85.38529999999999,0.39753975476684567,0.0019876987738342284,11,STOP_AFTER_TP1,True
ORLY,S3,long,RISK_ON,3,2017-01-06 00:00:00+00:00,2017-01-17 00:00:00+00:00,282.06177999999994,278.5696785714286,-1.0,-0.005,6,SL,False
CPB,S3,long,RISK_ON,3,2017-01-06 00:00:00+00:00,2017-01-09 00:00:00+00:00,60.76069999999999,60.226482142857144,-1.0,-0.005,1,SL,False
GE,S3,long,RISK_ON,3,2017-01-06 00:00:00+00:00,2017-01-12 00:00:00+00:00,31.641609999999996,31.14761071428571,-1.0,-0.005,4,SL,False
HD,S3,long,RISK_ON,3,2017-01-09 00:00:00+00:00,2017-02-06 00:00:00+00:00,134.44431,136.49,1.0854219667860312,0.005427109833930156,19,EMA_TRAIL,True
AVB,S3,long,RISK_ON,3,2017-01-09 00:00:00+00:00,2017-01-11 00:00:00+00:00,177.39721999999998,175.418575,-1.0,-0.005,2,SL,False
AIV,S3,long,RISK_ON,3,2017-01-09 00:00:00+00:00,2017-01-10 00:00:00+00:00,45.00496,44.513035714285714,-1.0,-0.005,1,SL,False
WHR,S3,long,RISK_ON,3,2017-01-09 00:00:00+00:00,2017-01-12 00:00:00+00:00,181.79161,179.84767857142856,-1.0,-0.005,3,SL,False
UDR,S3,long,RISK_ON,3,2017-01-09 00:00:00+00:00,2017-01-11 00:00:00+00:00,36.08604999999999,35.65607142857143,-1.0,-0.005,2,SL,False
ESS,S3,long,RISK_ON,3,2017-01-09 00:00:00+00:00,2017-01-11 00:00:00+00:00,230.96072999999996,228.38339642857142,-1.0,-0.005,2,SL,False
PEG,S3,long,RISK_ON,3,2017-01-09 00:00:00+00:00,2017-01-19 00:00:00+00:00,43.56352,43.56352,0.6090127506386169,0.003045063753193085,7,STOP_AFTER_TP1,True
MO,S3,long,RISK_ON,3,2017-01-09 00:00:00+00:00,2017-01-12 00:00:00+00:00,68.01795,67.42799285714285,-1.0,-0.005,3,SL,False
FISV,S3,long,RISK_ON,3,2017-01-10 00:00:00+00:00,2017-01-24 00:00:00+00:00,108.33823,108.33823,0.37145072974400584,0.0018572536487200292,9,STOP_AFTER_TP1,True
VNO,S3,long,RISK_ON,3,2017-01-10 00:00:00+00:00,2017-01-11 00:00:00+00:00,105.10499999999999,103.92696428571428,-1.0,-0.005,1,SL,False
AVGO,S3,long,RISK_ON,3,2017-01-11 00:00:00+00:00,2017-01-12 00:00:00+00:00,179.59941999999998,175.40678571428572,-1.0,-0.005,1,SL,False
VNO,S3,long,RISK_ON,3,2017-01-11 00:00:00+00:00,2017-02-01 00:00:00+00:00,104.15404999999998,104.15404999999998,1.1488997142863493,0.005744498571431746,14,STOP_AFTER_TP1,True
AVB,S3,long,RISK_ON,3,2017-01-12 00:00:00+00:00,2017-01-27 00:00:00+00:00,176.76658999999998,172.1576857142857,-1.0,-0.005,10,SL,False
MAA,S3,long,RISK_ON,3,2017-01-12 00:00:00+00:00,2017-02-01 00:00:00+00:00,96.20611,93.53434642857144,-1.0,-0.005,13,SL,False
AVGO,S3,long,RISK_ON,3,2017-01-12 00:00:00+00:00,2017-03-21 00:00:00+00:00,179.03886,216.02,5.061748140263663,0.025308740701318312,46,EMA_TRAIL,True
ESS,S3,long,RISK_ON,3,2017-01-12 00:00:00+00:00,2017-02-01 00:00:00+00:00,228.65842999999998,222.232325,-1.0,-0.005,13,SL,False
MO,S3,long,RISK_ON,3,2017-01-12 00:00:00+00:00,2017-03-23 00:00:00+00:00,67.57751,74.02,8.698997503866156,0.04349498751933078,48,EMA_TRAIL,True
MMM,S3,long,RISK_ON,3,2017-01-12 00:00:00+00:00,2017-01-24 00:00:00+00:00,177.61744,174.95395357142857,-1.0,-0.005,7,SL,False
DTE,S3,long,RISK_ON,3,2017-01-12 00:00:00+00:00,2017-01-30 00:00:00+00:00,98.46837,96.80732142857143,-1.0,-0.005,11,SL,False
FLR,S1,long,RISK_ON,3,2017-01-12 00:00:00+00:00,2017-01-17 00:00:00+00:00,53.61356,52.55,-0.3044266025503418,-0.0015221330127517091,2,SMA50_BREAK,False
AEE,S3,long,RISK_ON,3,2017-01-13 00:00:00+00:00,2017-03-10 00:00:00+00:00,52.021969999999996,53.89,2.4903092516461243,0.012451546258230622,38,EMA_TRAIL,True
IBM,S3,long,RISK_ON,3,2017-01-13 00:00:00+00:00,2017-03-09 00:00:00+00:00,167.50733999999997,177.18,2.504602585183255,0.012523012925916274,37,EMA_TRAIL,True
UDR,S3,long,RISK_ON,3,2017-01-13 00:00:00+00:00,2017-01-27 00:00:00+00:00,35.66563,34.9275,-1.0,-0.005,9,SL,False
HCA,S2,long,RISK_ON,3,2017-01-17 00:00:00+00:00,2017-03-21 00:00:00+00:00,81.01093,82.62,0.4495234970871843,0.0022476174854359214,44,SMA50_BREAK,False
DOV,S3,long,RISK_ON,3,2017-01-18 00:00:00+00:00,2017-01-30 00:00:00+00:00,78.4784,78.4784,0.7454804507521834,0.003727402253760917,8,STOP_AFTER_TP1,True
AIV,S3,long,RISK_ON,3,2017-01-18 00:00:00+00:00,2017-01-30 00:00:00+00:00,44.504459999999995,43.85232142857143,-1.0,-0.005,8,SL,False
WLTW,S3,long,RISK_ON,3,2017-01-19 00:00:00+00:00,2017-01-27 00:00:00+00:00,125.61548999999998,125.61548999999998,0.5198855369498113,0.0025994276847490566,6,STOP_AFTER_TP1,True
PEG,S3,long,RISK_ON,3,2017-01-20 00:00:00+00:00,2017-01-23 00:00:00+00:00,43.783739999999995,43.2225,-1.0,-0.005,1,SL,False
CPB,S3,long,RISK_ON,3,2017-01-26 00:00:00+00:00,2017-02-06 00:00:00+00:00,62.68261999999999,62.68261999999999,0.3426190899635202,0.0017130954498176011,7,STOP_AFTER_TP1,True
A,S3,long,RISK_ON,3,2017-01-26 00:00:00+00:00,2017-04-04 00:00:00+00:00,48.21816999999999,52.62,2.71203674995608,0.0135601837497804,47,EMA_TRAIL,True
DOV,S3,long,RISK_ON,3,2017-01-30 00:00:00+00:00,2017-03-07 00:00:00+00:00,78.50843,79.39,0.9253008065770467,0.004626504032885234,25,EMA_TRAIL,True
CTXS,S1,long,RISK_ON,3,2017-01-30 00:00:00+00:00,2017-02-01 00:00:00+00:00,91.22112999999999,85.54427,-1.0,-0.005,2,SL,False
AMZN,S3,long,RISK_ON,3,2017-01-31 00:00:00+00:00,2017-02-03 00:00:00+00:00,824.3034799999999,810.6064892857142,-1.0,-0.005,3,SL,False
FIS,S3,long,RISK_ON,3,2017-02-01 00:00:00+00:00,2017-02-07 00:00:00+00:00,79.09901999999998,78.30446428571429,-1.0,-0.005,4,SL,False
SYK,S3,long,RISK_ON,3,2017-02-01 00:00:00+00:00,2017-04-05 00:00:00+00:00,123.24311999999999,131.18,3.1192025581034493,0.015596012790517247,44,EMA_TRAIL,True
ORCL,S3,long,RISK_ON,3,2017-02-01 00:00:00+00:00,2017-04-06 00:00:00+00:00,39.87984,44.18,8.111993077613747,0.04055996538806873,45,EMA_TRAIL,True
AAPL,S2,long,RISK_ON,3,2017-02-01 00:00:00+00:00,2017-06-09 00:00:00+00:00,128.87875,148.98,1.3922182026104286,0.0069610910130521435,89,EMA_TRAIL,True
MON,S3,long,RISK_ON,3,2017-02-01 00:00:00+00:00,2017-02-08 00:00:00+00:00,108.56845999999999,107.30326428571429,-1.0,-0.005,5,SL,False
AJG,S3,long,RISK_ON,3,2017-02-01 00:00:00+00:00,2017-03-21 00:00:00+00:00,53.49343999999999,56.01,4.595700628666727,0.022978503143333634,33,EMA_TRAIL,True
GPN,S3,long,RISK_ON,3,2017-02-01 00:00:00+00:00,2017-03-02 00:00:00+00:00,77.12704999999998,78.27,1.524698104224402,0.007623490521122011,20,EMA_TRAIL,True
V,S3,long,RISK_ON,3,2017-02-01 00:00:00+00:00,2017-03-21 00:00:00+00:00,82.52243999999999,88.06,4.396170146281524,0.02198085073140762,33,EMA_TRAIL,True
KMI,S3,long,RISK_ON,3,2017-02-01 00:00:00+00:00,2017-02-07 00:00:00+00:00,22.252229999999997,22.252229999999997,0.37466492812565033,0.0018733246406282516,4,STOP_AFTER_TP1,True
RMD,S3,long,RISK_ON,3,2017-02-01 00:00:00+00:00,2017-03-08 00:00:00+00:00,67.01695,70.73,2.231146249796698,0.011155731248983489,24,EMA_TRAIL,True
INTU,S3,long,RISK_ON,3,2017-02-02 00:00:00+00:00,2017-02-08 00:00:00+00:00,117.94782999999998,115.72903571428571,-1.0,-0.005,4,SL,False
EXPE,S3,long,RISK_ON,3,2017-02-02 00:00:00+00:00,2017-02-10 00:00:00+00:00,120.71059,120.71059,0.3030037798543065,0.0015150188992715324,6,STOP_AFTER_TP1,True
IDXX,S2,long,RISK_ON,3,2017-02-02 00:00:00+00:00,2017-05-17 00:00:00+00:00,139.20906999999997,161.04,0.6965738559532819,0.0034828692797664097,72,EMA_TRAIL,True
SWK,S3,long,RISK_ON,3,2017-02-02 00:00:00+00:00,2017-04-13 00:00:00+00:00,122.48235999999999,130.57,2.6150816478959955,0.013075408239479978,49,EMA_TRAIL,True
EQIX,S3,long,RISK_ON,3,2017-02-02 00:00:00+00:00,2017-02-16 00:00:00+00:00,383.46307999999993,377.7373285714286,-1.0,-0.005,10,SL,False
MHK,S3,long,RISK_ON,3,2017-02-03 00:00:00+00:00,2017-02-06 00:00:00+00:00,215.60538999999997,213.14410714285717,-1.0,-0.005,1,SL,False
DHI,S3,long,RISK_ON,3,2017-02-03 00:00:00+00:00,2017-04-20 00:00:00+00:00,29.91989,33.1,4.166046565395362,0.02083023282697681,52,EMA_TRAIL,True
DISH,S3,long,RISK_ON,3,2017-02-06 00:00:00+00:00,2017-02-08 00:00:00+00:00,61.04097999999999,59.96866428571428,-1.0,-0.005,2,SL,False
FB,S3,long,RISK_ON,3,2017-02-06 00:00:00+00:00,2017-04-11 00:00:00+00:00,132.19206,139.92,2.106784937140729,0.010533924685703645,45,EMA_TRAIL,True
DHR,S3,long,RISK_ON,3,2017-02-06 00:00:00+00:00,2017-03-24 00:00:00+00:00,83.07298999999999,86.01,2.2437302722797754,0.011218651361398877,33,EMA_TRAIL,True
MHK,S3,long,RISK_ON,3,2017-02-07 00:00:00+00:00,2017-02-10 00:00:00+00:00,214.21399999999997,211.06035714285716,-1.0,-0.005,3,SL,False
ITW,S3,long,RISK_ON,3,2017-02-07 00:00:00+00:00,2017-03-24 00:00:00+00:00,127.06693999999999,132.77,3.96386624182561,0.01981933120912805,32,EMA_TRAIL,True
SEE,S3,long,RISK_ON,3,2017-02-07 00:00:00+00:00,2017-02-09 00:00:00+00:00,49.549499999999995,49.549499999999995,0.32591378256784365,0.0016295689128392184,2,STOP_AFTER_TP1,True
PHM,S3,long,RISK_ON,3,2017-02-07 00:00:00+00:00,2017-04-05 00:00:00+00:00,21.27125,23.29,3.955419580419606,0.019777097902098032,40,EMA_TRAIL,True
AMZN,S3,long,RISK_ON,3,2017-02-08 00:00:00+00:00,2017-03-21 00:00:00+00:00,820.5297099999999,843.2,1.1657704442353993,0.005828852221176997,28,EMA_TRAIL,True
SJM,S3,long,RISK_ON,3,2017-02-09 00:00:00+00:00,2017-02-17 00:00:00+00:00,137.83769999999998,136.05020714285715,-1.0,-0.005,6,SL,False
ROP,S2,long,RISK_ON,3,2017-02-09 00:00:00+00:00,2017-04-12 00:00:00+00:00,202.40219999999997,205.47,0.4415973020548293,0.0022079865102741466,43,SMA50_BREAK,False
KMI,S3,long,RISK_ON,3,2017-02-13 00:00:00+00:00,2017-02-16 00:00:00+00:00,22.57255,22.092842857142855,-1.0,-0.005,3,SL,False
FIS,S3,long,RISK_ON,3,2017-02-14 00:00:00+00:00,2017-03-16 00:00:00+00:00,80.58049999999999,81.95,1.3325554572034501,0.006662777286017251,21,EMA_TRAIL,True
ALXN,S1,long,RISK_ON,3,2017-02-14 00:00:00+00:00,2017-03-07 00:00:00+00:00,129.62949999999998,129.18,-0.05435781591625548,-0.0002717890795812774,14,SMA50_BREAK,False
SNPS,S2,long,RISK_ON,3,2017-02-16 00:00:00+00:00,2017-05-18 00:00:00+00:00,70.73065999999999,70.93,0.00941964675984816,4.70982337992408e-05,63,SMA50_BREAK,False
MHK,S3,long,RISK_ON,3,2017-02-16 00:00:00+00:00,2017-03-22 00:00:00+00:00,222.00177999999997,227.92,1.3836047538240726,0.006918023769120363,23,EMA_TRAIL,True
NTAP,S2,long,RISK_ON,3,2017-02-16 00:00:00+00:00,2017-04-10 00:00:00+00:00,40.600559999999994,40.41,-0.0872232506406449,-0.0004361162532032245,36,SMA50_BREAK,False
ICE,S3,long,RISK_ON,3,2017-02-16 00:00:00+00:00,2017-02-22 00:00:00+00:00,58.70864999999999,57.73035714285714,-1.0,-0.005,3,SL,False
VRSN,S3,long,RISK_ON,3,2017-02-16 00:00:00+00:00,2017-05-12 00:00:00+00:00,82.00192,89.11,4.6538630743279725,0.023269315371639863,59,EMA_TRAIL,True
DISCA,S3,long,RISK_ON,3,2017-02-17 00:00:00+00:00,2017-02-28 00:00:00+00:00,28.708679999999998,28.708679999999998,0.2895231745486594,0.0014476158727432969,6,STOP_AFTER_TP1,True
INTU,S2,long,RISK_ON,3,2017-02-17 00:00:00+00:00,2017-03-23 00:00:00+00:00,119.97985999999999,119.99,0.003084843630417155,1.5424218152085775e-05,23,SMA50_BREAK,False
MON,S2,long,RISK_ON,3,2017-02-21 00:00:00+00:00,2017-07-12 00:00:00+00:00,110.68056999999997,116.9,2.176913155255808,0.01088456577627904,98,SMA50_BREAK,False
EXPE,S3,long,RISK_ON,3,2017-02-22 00:00:00+00:00,2017-03-31 00:00:00+00:00,120.68055999999999,126.17,1.663559038708421,0.008317795193542105,27,EMA_TRAIL,True
LLL,S3,long,RISK_ON,3,2017-02-23 00:00:00+00:00,2017-03-21 00:00:00+00:00,166.61644999999996,167.25,0.8447374697149612,0.0042236873485748064,18,EMA_TRAIL,True
DISH,S3,long,RISK_ON,3,2017-02-23 00:00:00+00:00,2017-03-02 00:00:00+00:00,61.97190999999999,61.175575,-1.0,-0.005,5,SL,False
SJM,S3,long,RISK_ON,3,2017-02-24 00:00:00+00:00,2017-03-08 00:00:00+00:00,141.32118,138.6182857142857,-1.0,-0.005,8,SL,False
AMG,S3,long,RISK_ON,3,2017-02-24 00:00:00+00:00,2017-03-02 00:00:00+00:00,168.19803,168.19803,0.27716739876297547,0.0013858369938148773,4,STOP_AFTER_TP1,True
DISCK,S3,long,RISK_ON,3,2017-02-27 00:00:00+00:00,2017-03-02 00:00:00+00:00,28.358329999999995,27.79847142857143,-1.0,-0.005,3,SL,False
HAS,S3,long,RISK_ON,3,2017-02-27 00:00:00+00:00,2017-04-04 00:00:00+00:00,97.62753,97.62753,0.30444252506665764,0.0015222126253332882,26,STOP_AFTER_TP1,True
VRSK,S3,long,RISK_ON,3,2017-02-27 00:00:00+00:00,2017-03-07 00:00:00+00:00,83.87379,82.10571428571428,-1.0,-0.005,6,SL,False
ADBE,S3,long,RISK_ON,3,2017-02-28 00:00:00+00:00,2017-05-17 00:00:00+00:00,118.45833999999999,134.33,9.781399716137178,0.048906998580685895,55,EMA_TRAIL,True
DISCA,S3,long,RISK_ON,3,2017-02-28 00:00:00+00:00,2017-03-02 00:00:00+00:00,28.78876,28.240067857142854,-1.0,-0.005,2,SL,False
BSX,S3,long,RISK_ON,3,2017-03-01 00:00:00+00:00,2017-03-16 00:00:00+00:00,24.984959999999997,24.315714285714286,-1.0,-0.005,11,SL,False
AGN,S3,long,RISK_ON,3,2017-03-01 00:00:00+00:00,2017-03-07 00:00:00+00:00,245.53528999999997,240.444625,-1.0,-0.005,4,SL,False
ARNC,S3,long,RISK_ON,3,2017-03-01 00:00:00+00:00,2017-03-03 00:00:00+00:00,29.569539999999996,28.21107142857143,-1.0,-0.005,2,SL,False
NFLX,S3,long,RISK_ON,3,2017-03-01 00:00:00+00:00,2017-03-02 00:00:00+00:00,142.79264999999998,140.86715714285714,-1.0,-0.005,1,SL,False
MAS,S3,long,RISK_ON,3,2017-03-02 00:00:00+00:00,2017-03-06 00:00:00+00:00,34.364329999999995,33.732146428571426,-1.0,-0.005,2,SL,False
UTX,S3,long,RISK_ON,3,2017-03-02 00:00:00+00:00,2017-03-06 00:00:00+00:00,112.80268999999998,112.12810714285715,-1.0,-0.005,2,SL,False
PKI,S3,long,RISK_ON,3,2017-03-02 00:00:00+00:00,2017-03-07 00:00:00+00:00,54.67461999999999,54.20910714285714,-1.0,-0.005,3,SL,False
AON,S3,long,RISK_ON,3,2017-03-02 00:00:00+00:00,2017-03-07 00:00:00+00:00,116.57645999999998,115.54640357142857,-1.0,-0.005,3,SL,False
NDAQ,S3,long,RISK_ON,3,2017-03-02 00:00:00+00:00,2017-03-03 00:00:00+00:00,71.32124999999999,70.71406071428572,-1.0,-0.005,1,SL,False
ARE,S3,long,RISK_ON,3,2017-03-02 00:00:00+00:00,2017-03-03 00:00:00+00:00,117.12701,115.16538571428572,-1.0,-0.005,1,SL,False
LEG,S3,long,RISK_ON,3,2017-03-02 00:00:00+00:00,2017-03-06 00:00:00+00:00,49.539489999999994,49.06036785714286,-1.0,-0.005,2,SL,False
RHT,S3,long,RISK_ON,3,2017-03-02 00:00:00+00:00,2017-03-09 00:00:00+00:00,82.51243,81.51142857142858,-1.0,-0.005,5,SL,False
MCO,S3,long,RISK_ON,3,2017-03-02 00:00:00+00:00,2017-03-21 00:00:00+00:00,112.58246999999999,111.11105714285713,-1.0,-0.005,13,SL,False
NOV,S3,long,RISK_ON,3,2017-03-03 00:00:00+00:00,2017-03-06 00:00:00+00:00,40.42038,39.58717857142857,-1.0,-0.005,1,SL,False
VRTX,S3,long,RISK_ON,3,2017-03-03 00:00:00+00:00,2017-03-21 00:00:00+00:00,90.28018999999999,90.28018999999999,0.2774499343495705,0.0013872496717478526,12,STOP_AFTER_TP1,True
IVZ,S3,long,RISK_ON,3,2017-03-03 00:00:00+00:00,2017-03-10 00:00:00+00:00,32.36232999999999,31.80430357142857,-1.0,-0.005,5,SL,False
CTAS,S3,long,RISK_ON,3,2017-03-03 00:00:00+00:00,2017-04-06 00:00:00+00:00,118.52840999999998,123.21,2.7036689147469284,0.013518344573734643,24,EMA_TRAIL,True
ARE,S3,long,RISK_ON,3,2017-03-03 00:00:00+00:00,2017-03-09 00:00:00+00:00,117.70759,114.25752857142857,-1.0,-0.005,4,SL,False
EXPD,S3,long,RISK_ON,3,2017-03-03 00:00:00+00:00,2017-03-09 00:00:00+00:00,56.55649999999999,55.734028571428574,-1.0,-0.005,4,SL,False
AVB,S3,long,RISK_ON,3,2017-03-03 00:00:00+00:00,2017-03-10 00:00:00+00:00,181.35116999999997,178.08964285714285,-1.0,-0.005,5,SL,False
TXN,S3,long,RISK_ON,3,2017-03-03 00:00:00+00:00,2017-04-05 00:00:00+00:00,77.93785999999999,80.08,1.9953845664322867,0.009976922832161434,23,EMA_TRAIL,True
XRAY,S3,long,RISK_ON,3,2017-03-03 00:00:00+00:00,2017-03-07 00:00:00+00:00,63.423359999999995,62.273075,-1.0,-0.005,2,SL,False
PPG,S3,long,RISK_ON,3,2017-03-03 00:00:00+00:00,2017-03-06 00:00:00+00:00,102.16206,101.12735714285715,-1.0,-0.005,1,SL,False
CNC,S3,long,RISK_ON,3,2017-03-03 00:00:00+00:00,2017-03-06 00:00:00+00:00,71.04096999999999,69.918575,-1.0,-0.005,1,SL,False
NOC,S3,long,RISK_ON,3,2017-03-03 00:00:00+00:00,2017-03-16 00:00:00+00:00,243.17292999999998,240.69464642857142,-1.0,-0.005,9,SL,False
AOS,S3,long,RISK_ON,3,2017-03-03 00:00:00+00:00,2017-03-09 00:00:00+00:00,50.23018,49.439685714285716,-1.0,-0.005,4,SL,False
NKE,S3,long,RISK_ON,3,2017-03-03 00:00:00+00:00,2017-03-07 00:00:00+00:00,56.756699999999995,56.059421428571426,-1.0,-0.005,2,SL,False
MA,S3,long,RISK_ON,3,2017-03-06 00:00:00+00:00,2017-03-14 00:00:00+00:00,111.47135999999999,110.36767857142857,-1.0,-0.005,6,SL,False
CNC,S3,long,RISK_ON,3,2017-03-06 00:00:00+00:00,2017-03-10 00:00:00+00:00,71.04096999999999,69.06643214285715,-1.0,-0.005,4,SL,False
MAA,S3,long,RISK_ON,3,2017-03-06 00:00:00+00:00,2017-03-09 00:00:00+00:00,100.84073999999998,99.4426,-1.0,-0.005,3,SL,False
WY,S3,long,RISK_ON,3,2017-03-06 00:00:00+00:00,2017-03-09 00:00:00+00:00,33.753719999999994,33.192499999999995,-1.0,-0.005,3,SL,False
NOV,S3,long,RISK_ON,3,2017-03-06 00:00:00+00:00,2017-03-08 00:00:00+00:00,39.90986999999999,38.93646428571429,-1.0,-0.005,2,SL,False
RTN,S3,long,RISK_ON,3,2017-03-06 00:00:00+00:00,2017-03-21 00:00:00+00:00,153.47331999999997,153.47331999999997,0.7031432281128982,0.003515716140564491,11,STOP_AFTER_TP1,True
TWX,S3,long,RISK_ON,3,2017-03-06 00:00:00+00:00,2017-03-21 00:00:00+00:00,98.18808999999999,97.59809642857142,-1.0,-0.005,11,SL,False
LEG,S3,long,RISK_ON,3,2017-03-06 00:00:00+00:00,2017-03-08 00:00:00+00:00,49.079029999999996,48.62251071428571,-1.0,-0.005,2,SL,False
BK,S3,long,RISK_ON,3,2017-03-06 00:00:00+00:00,2017-03-20 00:00:00+00:00,47.94789999999999,47.210928571428575,-1.0,-0.005,10,SL,False
NDAQ,S3,long,RISK_ON,3,2017-03-06 00:00:00+00:00,2017-03-21 00:00:00+00:00,71.43136,70.21209642857143,-1.0,-0.005,11,SL,False
FBHS,S3,long,RISK_ON,3,2017-03-07 00:00:00+00:00,2017-05-11 00:00:00+00:00,57.97792,63.07,6.095890400435732,0.030479452002178664,46,EMA_TRAIL,True
CAH,S3,long,RISK_ON,3,2017-03-07 00:00:00+00:00,2017-03-21 00:00:00+00:00,81.29120999999998,81.29120999999998,0.5146756301711244,0.002573378150855622,10,STOP_AFTER_TP1,True
UTX,S3,long,RISK_ON,3,2017-03-07 00:00:00+00:00,2017-03-09 00:00:00+00:00,112.39227999999999,111.00275,-1.0,-0.005,2,SL,False
SLG,S3,long,RISK_ON,3,2017-03-07 00:00:00+00:00,2017-03-09 00:00:00+00:00,112.23212,110.40446785714286,-1.0,-0.005,2,SL,False
WAT,S3,long,RISK_ON,3,2017-03-07 00:00:00+00:00,2017-03-24 00:00:00+00:00,153.51336,154.76,0.8795201189143897,0.004397600594571949,13,EMA_TRAIL,True
NKE,S3,long,RISK_ON,3,2017-03-07 00:00:00+00:00,2017-03-22 00:00:00+00:00,56.60654999999999,56.60654999999999,0.5844532843455589,0.0029222664217277944,11,STOP_AFTER_TP1,True
NFLX,S3,long,RISK_ON,3,2017-03-07 00:00:00+00:00,2017-03-21 00:00:00+00:00,141.57143,142.42,0.8992424833487789,0.004496212416743895,10,EMA_TRAIL,True
XRAY,S3,long,RISK_ON,3,2017-03-07 00:00:00+00:00,2017-04-04 00:00:00+00:00,62.61254999999999,61.60700357142857,-1.0,-0.005,20,SL,False
AMGN,S3,long,RISK_ON,3,2017-03-08 00:00:00+00:00,2017-03-17 00:00:00+00:00,177.95777999999999,177.95777999999999,0.2877284959961337,0.0014386424799806685,7,STOP_AFTER_TP1,True
COO,S3,long,RISK_ON,3,2017-03-08 00:00:00+00:00,2017-04-05 00:00:00+00:00,194.24405,197.34,1.085327283540709,0.005426636417703546,20,EMA_TRAIL,True
PPG,S2,long,RISK_ON,3,2017-03-08 00:00:00+00:00,2017-05-17 00:00:00+00:00,106.93682999999999,105.48,-0.20092104648754758,-0.0010046052324377379,49,SMA50_BREAK,False
MYL,S3,long,RISK_ON,3,2017-03-08 00:00:00+00:00,2017-03-17 00:00:00+00:00,43.51346999999999,42.23321428571428,-1.0,-0.005,7,SL,False
EIX,S3,long,RISK_ON,3,2017-03-08 00:00:00+00:00,2017-04-26 00:00:00+00:00,78.19812,80.19,2.7946175677181384,0.013973087838590692,34,EMA_TRAIL,True
MAS,S3,long,RISK_ON,3,2017-03-08 00:00:00+00:00,2017-04-03 00:00:00+00:00,33.85382,33.41,-0.4066166129941085,-0.0020330830649705426,18,SMA50_BREAK,False
CSCO,S3,long,RISK_ON,3,2017-03-08 00:00:00+00:00,2017-03-29 00:00:00+00:00,34.05402,33.73087857142857,-1.0,-0.005,15,SL,False
SJM,S3,long,RISK_ON,3,2017-03-09 00:00:00+00:00,2017-03-21 00:00:00+00:00,139.82968999999997,137.25336428571427,-1.0,-0.005,8,SL,False
CRM,S3,long,RISK_ON,3,2017-03-09 00:00:00+00:00,2017-03-21 00:00:00+00:00,83.36327999999999,82.17483928571428,-1.0,-0.005,8,SL,False
PCG,S3,long,RISK_ON,3,2017-03-09 00:00:00+00:00,2017-03-30 00:00:00+00:00,65.19512999999999,66.36,2.2689291947220607,0.011344645973610304,15,EMA_TRAIL,True
RHT,S3,long,RISK_ON,3,2017-03-09 00:00:00+00:00,2017-05-17 00:00:00+00:00,81.64156,85.6,2.836499192467168,0.01418249596233584,48,SMA50_BREAK,True
EXPD,S3,long,RISK_ON,3,2017-03-09 00:00:00+00:00,2017-03-27 00:00:00+00:00,55.89584,55.2081,-1.0,-0.005,12,SL,False
PKI,S3,long,RISK_ON,3,2017-03-09 00:00:00+00:00,2017-04-12 00:00:00+00:00,54.824769999999994,57.13,1.7144733056900385,0.008572366528450193,24,EMA_TRAIL,True
PPL,S3,long,RISK_ON,3,2017-03-10 00:00:00+00:00,2017-06-09 00:00:00+00:00,36.35632,39.2,3.342011987095026,0.01671005993547513,63,EMA_TRAIL,True
TRV,S3,long,RISK_ON,3,2017-03-10 00:00:00+00:00,2017-03-24 00:00:00+00:00,122.95282999999999,120.67785714285714,-1.0,-0.005,10,SL,False
RMD,S3,long,RISK_ON,3,2017-03-10 00:00:00+00:00,2017-04-04 00:00:00+00:00,71.51144,70.55,-0.6169783455092701,-0.0030848917275463506,17,SMA50_BREAK,False
IPG,S3,long,RISK_ON,3,2017-03-10 00:00:00+00:00,2017-04-10 00:00:00+00:00,24.254229999999996,24.15,-0.25011398267462914,-0.0012505699133731458,21,SMA50_BREAK,False
ISRG,S3,long,RISK_ON,3,2017-03-10 00:00:00+00:00,2017-04-18 00:00:00+00:00,244.96451979999998,253.1131,1.7084668628384505,0.008542334314192252,26,EMA_TRAIL,True
SRCL,S3,long,RISK_ON,3,2017-03-10 00:00:00+00:00,2017-05-11 00:00:00+00:00,81.90181999999999,84.98,2.0753529087550406,0.010376764543775204,43,EMA_TRAIL,True
AOS,S3,long,RISK_ON,3,2017-03-10 00:00:00+00:00,2017-03-29 00:00:00+00:00,50.14009,50.8,0.6984715718711891,0.0034923578593559455,13,EMA_TRAIL,True
FDX,S3,long,RISK_ON,3,2017-03-13 00:00:00+00:00,2017-03-23 00:00:00+00:00,193.31311999999997,189.19,-0.9566589209634991,-0.004783294604817496,8,SMA50_BREAK,False
BMY,S3,long,RISK_ON,3,2017-03-13 00:00:00+00:00,2017-03-17 00:00:00+00:00,56.986929999999994,56.36492857142857,-1.0,-0.005,4,SL,False
PAYX,S3,long,RISK_ON,3,2017-03-14 00:00:00+00:00,2017-03-16 00:00:00+00:00,62.37231,62.37231,0.3078448248514149,0.0015392241242570745,2,STOP_AFTER_TP1,True
UTX,S3,long,RISK_ON,3,2017-03-16 00:00:00+00:00,2017-03-27 00:00:00+00:00,112.45233999999999,111.15849285714286,-1.0,-0.005,7,SL,False
AEE,S3,long,RISK_ON,3,2017-03-16 00:00:00+00:00,2017-03-30 00:00:00+00:00,54.404349999999994,54.69,0.8779777264194095,0.004389888632097048,10,EMA_TRAIL,True
MMM,S3,long,RISK_ON,3,2017-03-16 00:00:00+00:00,2017-03-22 00:00:00+00:00,190.50030999999998,190.50030999999998,0.2875998844289763,0.0014379994221448817,4,STOP_AFTER_TP1,True
EXC,S3,long,RISK_ON,3,2017-03-16 00:00:00+00:00,2017-03-20 00:00:00+00:00,36.01597999999999,35.443650000000005,-1.0,-0.005,2,SL,False
UDR,S3,long,RISK_ON,3,2017-03-20 00:00:00+00:00,2017-03-27 00:00:00+00:00,36.1361,36.1361,0.3409056862716686,0.0017045284313583432,5,STOP_AFTER_TP1,True
NOC,S3,long,RISK_ON,3,2017-03-20 00:00:00+00:00,2017-03-21 00:00:00+00:00,243.23298999999997,239.48570357142856,-1.0,-0.005,1,SL,False
MAA,S3,long,RISK_ON,3,2017-03-20 00:00:00+00:00,2017-03-28 00:00:00+00:00,101.26115999999999,99.81012857142858,-1.0,-0.005,6,SL,False
BMY,S3,long,RISK_ON,3,2017-03-20 00:00:00+00:00,2017-03-21 00:00:00+00:00,56.46640999999999,55.63030714285714,-1.0,-0.005,1,SL,False
AON,S3,long,RISK_ON,3,2017-03-20 00:00:00+00:00,2017-03-21 00:00:00+00:00,118.29817999999999,117.41414285714286,-1.0,-0.005,1,SL,False
PAYX,S3,long,RISK_ON,3,2017-03-20 00:00:00+00:00,2017-03-21 00:00:00+00:00,62.37231,61.70548214285714,-1.0,-0.005,1,SL,False
LOW,S3,long,RISK_ON,3,2017-03-20 00:00:00+00:00,2017-03-27 00:00:00+00:00,82.43234999999999,81.39932142857144,-1.0,-0.005,5,SL,False
MA,S3,long,RISK_ON,3,2017-03-22 00:00:00+00:00,2017-05-18 00:00:00+00:00,111.56145,116.24,2.2186086968721406,0.011093043484360703,40,EMA_TRAIL,True
RTN,S3,long,RISK_ON,3,2017-03-22 00:00:00+00:00,2017-03-24 00:00:00+00:00,154.44428999999997,152.06566785714287,-1.0,-0.005,2,SL,False
PAYX,S3,long,RISK_ON,3,2017-03-22 00:00:00+00:00,2017-03-27 00:00:00+00:00,62.06199999999999,61.16369642857143,-1.0,-0.005,3,SL,False
ULTA,S3,long,RISK_ON,3,2017-03-22 00:00:00+00:00,2017-03-27 00:00:00+00:00,283.54326,277.18184285714284,-1.0,-0.005,3,SL,False
PCLN,S3,long,RISK_ON,3,2017-03-22 00:00:00+00:00,2017-04-12 00:00:00+00:00,1753.7419899999998,1753.7419899999998,0.3470741231610569,0.0017353706158052846,15,STOP_AFTER_TP1,True
BMY,S3,long,RISK_ON,3,2017-03-22 00:00:00+00:00,2017-03-31 00:00:00+00:00,56.41635999999999,54.657807142857145,-1.0,-0.005,7,SL,False
ICE,S3,long,RISK_ON,3,2017-03-22 00:00:00+00:00,2017-03-27 00:00:00+00:00,59.85979999999999,59.12428571428572,-1.0,-0.005,3,SL,False
AON,S3,long,RISK_ON,3,2017-03-22 00:00:00+00:00,2017-03-27 00:00:00+00:00,117.82770999999998,116.51410714285714,-1.0,-0.005,3,SL,False
V,S3,long,RISK_ON,3,2017-03-23 00:00:00+00:00,2017-05-17 00:00:00+00:00,88.94886,91.76,1.8150342072935037,0.009075171036467518,38,EMA_TRAIL,True
ALB,S3,long,RISK_ON,3,2017-03-24 00:00:00+00:00,2017-03-27 00:00:00+00:00,104.55444999999999,103.01687857142858,-1.0,-0.005,1,SL,False
CNC,S1,long,RISK_ON,3,2017-03-24 00:00:00+00:00,2017-05-22 00:00:00+00:00,68.79872999999999,74.02,1.0345652426432206,0.005172826213216103,40,EMA_TRAIL,True
MMM,S3,long,RISK_ON,3,2017-03-24 00:00:00+00:00,2017-03-27 00:00:00+00:00,191.70150999999996,190.04431785714286,-1.0,-0.005,1,SL,False
LEG,S3,long,RISK_ON,3,2017-03-24 00:00:00+00:00,2017-03-27 00:00:00+00:00,50.14009,49.58432142857143,-1.0,-0.005,1,SL,False
CAH,S3,long,RISK_ON,3,2017-03-28 00:00:00+00:00,2017-04-04 00:00:00+00:00,82.28219999999999,80.29789285714286,-1.0,-0.005,5,SL,False
WAT,S3,long,RISK_ON,3,2017-03-28 00:00:00+00:00,2017-06-29 00:00:00+00:00,155.67552,182.84,5.25864716723461,0.02629323583617305,65,EMA_TRAIL,True
NKE,S3,long,RISK_ON,3,2017-03-28 00:00:00+00:00,2017-03-31 00:00:00+00:00,56.67661999999999,55.73,-0.5368135037395159,-0.0026840675186975793,3,SMA50_BREAK,False
MAA,S3,long,RISK_ON,3,2017-03-28 00:00:00+00:00,2017-04-26 00:00:00+00:00,101.12101999999999,101.0,-0.052351196849060096,-0.00026175598424530046,20,SMA50_BREAK,False
ICE,S3,long,RISK_ON,3,2017-03-28 00:00:00+00:00,2017-05-08 00:00:00+00:00,59.88982999999999,59.09,-0.55502123407444,-0.0027751061703722,28,SMA50_BREAK,False
AVB,S3,long,RISK_ON,3,2017-03-29 00:00:00+00:00,2017-04-24 00:00:00+00:00,183.66347999999996,183.66347999999996,0.5430776458532205,0.0027153882292661026,17,STOP_AFTER_TP1,True
ULTA,S3,long,RISK_ON,3,2017-03-29 00:00:00+00:00,2017-04-19 00:00:00+00:00,283.71342999999996,277.2697,-1.0,-0.005,14,SL,False
LOW,S3,long,RISK_ON,3,2017-03-29 00:00:00+00:00,2017-05-17 00:00:00+00:00,82.29220999999998,83.75,1.144058291010372,0.0057202914550518605,34,EMA_TRAIL,True
ALB,S3,long,RISK_ON,3,2017-03-29 00:00:00+00:00,2017-06-12 00:00:00+00:00,105.14504,111.19,2.450362109247452,0.01225181054623726,51,EMA_TRAIL,True
AON,S3,long,RISK_ON,3,2017-03-29 00:00:00+00:00,2017-03-30 00:00:00+00:00,117.87776,117.05553928571429,-1.0,-0.005,1,SL,False
MMM,S3,long,RISK_ON,3,2017-03-29 00:00:00+00:00,2017-04-13 00:00:00+00:00,190.87068,188.67924642857142,-1.0,-0.005,11,SL,False
MCO,S3,long,RISK_ON,3,2017-03-30 00:00:00+00:00,2017-05-10 00:00:00+00:00,111.73161999999999,116.61,1.836241781653655,0.009181208908268275,28,EMA_TRAIL,True
PM,S3,long,RISK_ON,3,2017-03-31 00:00:00+00:00,2017-04-20 00:00:00+00:00,113.01289999999999,113.01289999999999,0.6434545316724526,0.003217272658362263,13,STOP_AFTER_TP1,True
LEG,S3,long,RISK_ON,3,2017-03-31 00:00:00+00:00,2017-04-04 00:00:00+00:00,50.37031999999999,50.37031999999999,0.35384740128112685,0.0017692370064056344,2,STOP_AFTER_TP1,True
PNR,S3,long,RISK_ON,3,2017-04-03 00:00:00+00:00,2017-04-06 00:00:00+00:00,62.332269999999994,62.332269999999994,0.27096794526136825,0.0013548397263068413,3,STOP_AFTER_TP1,True
MSI,S3,long,RISK_ON,3,2017-04-03 00:00:00+00:00,2017-04-06 00:00:00+00:00,84.91483,83.678125,-1.0,-0.005,3,SL,False
COL,S3,long,RISK_ON,3,2017-04-03 00:00:00+00:00,2017-04-12 00:00:00+00:00,97.51741999999999,97.99,0.7209444599981791,0.0036047222999908957,7,EMA_TRAIL,True
D,S3,long,RISK_ON,3,2017-04-04 00:00:00+00:00,2017-05-01 00:00:00+00:00,77.69762,76.94,-0.3895872351694745,-0.0019479361758473726,18,SMA50_BREAK,False
STZ,S3,long,RISK_ON,3,2017-04-04 00:00:00+00:00,2017-06-09 00:00:00+00:00,161.67150999999998,181.0,6.837429981228126,0.03418714990614063,46,EMA_TRAIL,True
PNR,S2,long,RISK_ON,3,2017-04-24 00:00:00+00:00,2017-06-07 00:00:00+00:00,63.33327,64.36,0.5530507356839615,0.0027652536784198074,31,SMA50_BREAK,False
DRE,S3,long,RISK_ON,3,2017-04-24 00:00:00+00:00,2017-06-08 00:00:00+00:00,27.48746,28.33,2.1815592553274206,0.010907796276637103,32,EMA_TRAIL,True
MCD,S2,long,RISK_ON,3,2017-04-25 00:00:00+00:00,2017-07-18 00:00:00+00:00,141.84169999999997,153.96,0.7768081822191142,0.003884040911095571,58,EMA_TRAIL,True
IRM,S3,long,RISK_ON,3,2017-04-26 00:00:00+00:00,2017-04-27 00:00:00+00:00,36.1361,35.855335714285715,-1.0,-0.005,1,SL,False
PFG,S2,long,RISK_ON,3,2017-04-27 00:00:00+00:00,2017-05-10 00:00:00+00:00,65.24518,63.206785714285715,-1.0,-0.005,9,SL,False
AON,S3,long,RISK_ON,3,2017-04-28 00:00:00+00:00,2017-05-03 00:00:00+00:00,119.95983999999999,119.95983999999999,0.3684472901975378,0.001842236450987689,3,STOP_AFTER_TP1,True
PLD,S3,long,RISK_ON,3,2017-05-01 00:00:00+00:00,2017-05-03 00:00:00+00:00,54.81475999999999,53.92,-1.0,-0.005,2,SL,False
AFL,S3,long,RISK_ON,3,2017-05-01 00:00:00+00:00,2017-05-08 00:00:00+00:00,74.51444,74.01175,-1.0,-0.005,5,SL,False
KSU,S3,long,RISK_ON,3,2017-05-01 00:00:00+00:00,2017-05-17 00:00:00+00:00,89.74965999999999,90.0,0.42593731665119317,0.002129686583255966,12,EMA_TRAIL,True
DTE,S3,long,RISK_ON,3,2017-05-01 00:00:00+00:00,2017-06-23 00:00:00+00:00,104.04393999999999,108.89,3.801712653983327,0.019008563269916633,38,EMA_TRAIL,True
ETR,S3,long,RISK_ON,3,2017-05-02 00:00:00+00:00,2017-05-09 00:00:00+00:00,76.33626,76.33626,0.2833338255886456,0.001416669127943228,5,STOP_AFTER_TP1,True
SBUX,S3,long,RISK_ON,3,2017-05-02 00:00:00+00:00,2017-05-18 00:00:00+00:00,60.56049999999999,59.30995714285714,-1.0,-0.005,12,SL,False
EQR,S3,long,RISK_ON,3,2017-05-02 00:00:00+00:00,2017-05-03 00:00:00+00:00,64.79473,64.03589285714285,-1.0,-0.005,1,SL,False
PVH,S3,long,RISK_ON,3,2017-05-02 00:00:00+00:00,2017-05-12 00:00:00+00:00,101.70159999999998,98.81178928571428,-1.0,-0.005,8,SL,False
TWX,S3,long,RISK_ON,3,2017-05-02 00:00:00+00:00,2017-05-04 00:00:00+00:00,99.42933,98.5025,-1.0,-0.005,2,SL,False
KO,S3,long,RISK_ON,3,2017-05-03 00:00:00+00:00,2017-05-10 00:00:00+00:00,43.363319999999995,43.363319999999995,0.3527959584076095,0.0017639797920380477,5,STOP_AFTER_TP1,True
NOC,S3,long,RISK_ON,3,2017-05-03 00:00:00+00:00,2017-05-17 00:00:00+00:00,245.75550999999996,245.75550999999996,0.38357022269886265,0.0019178511134943133,10,STOP_AFTER_TP1,True
UNP,S3,long,RISK_ON,3,2017-05-03 00:00:00+00:00,2017-05-10 00:00:00+00:00,110.99087999999999,109.39543571428571,-1.0,-0.005,5,SL,False
WLTW,S2,long,RISK_ON,3,2017-05-03 00:00:00+00:00,2017-06-22 00:00:00+00:00,134.14400999999998,145.05,4.357681954169259,0.021788409770846295,35,EMA_TRAIL,True
PLD,S3,long,RISK_ON,3,2017-05-04 00:00:00+00:00,2017-07-06 00:00:00+00:00,54.164109999999994,57.28,1.8591474786600748,0.009295737393300375,43,EMA_TRAIL,True
COST,S2,long,RISK_ON,3,2017-05-04 00:00:00+00:00,2017-05-08 00:00:00+00:00,182.63244999999998,176.46823571428573,-1.0,-0.005,2,SL,False
PX,S2,long,RISK_ON,3,2017-05-05 00:00:00+00:00,2017-05-18 00:00:00+00:00,129.60947999999996,123.53875000000001,-1.0,-0.005,9,SL,False
LEG,S3,long,RISK_ON,3,2017-05-05 00:00:00+00:00,2017-05-11 00:00:00+00:00,53.84378999999999,52.92321428571429,-1.0,-0.005,4,SL,False
EQR,S3,long,RISK_ON,3,2017-05-08 00:00:00+00:00,2017-05-23 00:00:00+00:00,65.08501999999999,65.08501999999999,0.2763926315452974,0.0013819631577264872,11,STOP_AFTER_TP1,True
AFL,S3,long,RISK_ON,3,2017-05-08 00:00:00+00:00,2017-05-12 00:00:00+00:00,74.40432999999999,73.57282142857143,-1.0,-0.005,4,SL,False
WEC,S3,long,RISK_ON,3,2017-05-09 00:00:00+00:00,2017-05-10 00:00:00+00:00,61.00093999999999,60.56838571428571,-1.0,-0.005,1,SL,False
AON,S2,long,RISK_ON,3,2017-05-09 00:00:00+00:00,2017-06-23 00:00:00+00:00,124.42429999999999,132.4,1.703025391206598,0.00851512695603299,32,EMA_TRAIL,True
UNH,S3,long,RISK_ON,3,2017-05-09 00:00:00+00:00,2017-05-12 00:00:00+00:00,173.41324,171.61531785714286,-1.0,-0.005,3,SL,False
WRK,S3,long,RISK_ON,3,2017-05-10 00:00:00+00:00,2017-05-17 00:00:00+00:00,54.164109999999994,52.81367857142857,-1.0,-0.005,5,SL,False
MAS,S3,long,RISK_ON,3,2017-05-10 00:00:00+00:00,2017-05-11 00:00:00+00:00,36.79675999999999,36.37589285714286,-1.0,-0.005,1,SL,False
AOS,S3,long,RISK_ON,3,2017-05-10 00:00:00+00:00,2017-05-11 00:00:00+00:00,54.404349999999994,53.729239285714286,-1.0,-0.005,1,SL,False
CTL,S3,long,RISK_ON,3,2017-05-10 00:00:00+00:00,2017-05-18 00:00:00+00:00,25.135109999999997,24.351075,-1.0,-0.005,6,SL,False
UDR,S3,long,RISK_ON,3,2017-05-10 00:00:00+00:00,2017-05-11 00:00:00+00:00,37.55752,37.12625,-1.0,-0.005,1,SL,False
AOS,S3,long,RISK_ON,3,2017-05-11 00:00:00+00:00,2017-05-18 00:00:00+00:00,54.164109999999994,53.074596428571425,-1.0,-0.005,5,SL,False
TEL,S3,long,RISK_ON,3,2017-05-11 00:00:00+00:00,2017-05-17 00:00:00+00:00,76.54646999999999,74.81302142857142,-1.0,-0.005,4,SL,False
MAS,S3,long,RISK_ON,3,2017-05-11 00:00:00+00:00,2017-06-29 00:00:00+00:00,36.68664999999999,38.0,1.644235581446585,0.008221177907232926,34,EMA_TRAIL,True
EW,S3,long,RISK_ON,3,2017-05-11 00:00:00+00:00,2017-06-12 00:00:00+00:00,110.36025,114.39,1.1880993508429207,0.005940496754214604,21,EMA_TRAIL,True
LEG,S3,long,RISK_ON,3,2017-05-11 00:00:00+00:00,2017-05-12 00:00:00+00:00,53.21315999999999,52.426607142857144,-1.0,-0.005,1,SL,False
APH,S3,long,RISK_ON,3,2017-05-11 00:00:00+00:00,2017-05-17 00:00:00+00:00,72.69261999999999,72.69261999999999,0.3607922390521736,0.001803961195260868,4,STOP_AFTER_TP1,True
MSFT,S3,long,RISK_ON,3,2017-05-12 00:00:00+00:00,2017-05-15 00:00:00+00:00,68.44837999999999,67.66839285714286,-1.0,-0.005,1,SL,False
BEN,S3,long,RISK_ON,3,2017-05-12 00:00:00+00:00,2017-05-17 00:00:00+00:00,43.21317,42.676607142857144,-1.0,-0.005,3,SL,False
TSS,S3,long,RISK_ON,3,2017-05-12 00:00:00+00:00,2017-05-17 00:00:00+00:00,57.81775999999999,57.81775999999999,0.3309038277635673,0.0016545191388178365,3,STOP_AFTER_TP1,True
AIZ,S3,long,RISK_ON,3,2017-05-12 00:00:00+00:00,2017-05-17 00:00:00+00:00,102.15204999999999,101.11482142857142,-1.0,-0.005,3,SL,False
WMT,S3,long,RISK_ON,3,2017-05-12 00:00:00+00:00,2017-05-17 00:00:00+00:00,75.78570999999998,75.05543214285714,-1.0,-0.005,3,SL,False
UNP,S3,long,RISK_ON,3,2017-05-15 00:00:00+00:00,2017-05-17 00:00:00+00:00,111.39128,108.84595,-1.0,-0.005,2,SL,False
UTX,S3,long,RISK_ON,3,2017-05-15 00:00:00+00:00,2017-05-17 00:00:00+00:00,121.04091999999999,120.07693214285715,-1.0,-0.005,2,SL,False
CMI,S3,long,RISK_ON,3,2017-05-15 00:00:00+00:00,2017-05-17 00:00:00+00:00,156.75659999999996,154.71285714285713,-1.0,-0.005,2,SL,False
UDR,S3,long,RISK_ON,3,2017-05-16 00:00:00+00:00,2017-05-17 00:00:00+00:00,37.68765,37.32839285714286,-1.0,-0.005,1,SL,False
SNA,S3,long,RISK_ON,3,2017-05-16 00:00:00+00:00,2017-05-17 00:00:00+00:00,170.85067999999998,168.3698785714286,-1.0,-0.005,1,SL,False
AET,S3,long,RISK_ON,3,2017-05-16 00:00:00+00:00,2017-05-17 00:00:00+00:00,142.00186,139.3542857142857,-1.0,-0.005,1,SL,False
YUM,S2,long,RISK_ON,3,2017-05-19 00:00:00+00:00,2017-09-15 00:00:00+00:00,70.14006999999998,75.25,2.36424507976999,0.01182122539884995,82,SMA50_BREAK,True
AOS,S3,long,RISK_ON,3,2017-05-19 00:00:00+00:00,2017-06-29 00:00:00+00:00,53.863809999999994,55.95,1.390412507671941,0.006952062538359705,28,EMA_TRAIL,True
CMI,S3,long,RISK_ON,3,2017-05-19 00:00:00+00:00,2017-06-21 00:00:00+00:00,155.05489999999998,159.19,0.8217193435712709,0.004108596717856354,22,EMA_TRAIL,True
HUM,S3,long,RISK_ON,3,2017-05-19 00:00:00+00:00,2017-06-08 00:00:00+00:00,228.11788999999996,230.26,0.6415702319618963,0.003207851159809482,13,EMA_TRAIL,True
KSU,S3,long,RISK_ON,3,2017-05-19 00:00:00+00:00,2017-07-27 00:00:00+00:00,90.36026999999999,101.51,3.9597171921236107,0.019798585960618054,47,EMA_TRAIL,True
AET,S3,long,RISK_ON,3,2017-05-19 00:00:00+00:00,2017-07-27 00:00:00+00:00,141.50136,153.9,2.665521295826492,0.013327606479132462,47,EMA_TRAIL,True
ESS,S3,long,RISK_ON,3,2017-05-22 00:00:00+00:00,2017-05-30 00:00:00+00:00,254.84458999999998,254.84458999999998,0.3197155682744455,0.0015985778413722276,5,STOP_AFTER_TP1,True
TEL,S3,long,RISK_ON,3,2017-05-22 00:00:00+00:00,2017-06-27 00:00:00+00:00,75.53545999999999,77.95,1.5397822891592097,0.007698911445796049,25,EMA_TRAIL,True
NOC,S3,long,RISK_ON,3,2017-05-23 00:00:00+00:00,2017-06-26 00:00:00+00:00,250.90064999999998,255.95,1.1783681565386068,0.005891840782693034,23,EMA_TRAIL,True
ABBV,S3,long,RISK_ON,3,2017-05-23 00:00:00+00:00,2017-07-27 00:00:00+00:00,65.90584,71.73,2.76236955478097,0.01381184777390485,45,EMA_TRAIL,True
SBUX,S3,long,RISK_ON,3,2017-05-23 00:00:00+00:00,2017-06-08 00:00:00+00:00,61.21114999999999,62.24,1.2909595405562713,0.0064547977027813565,11,EMA_TRAIL,True
EQR,S3,long,RISK_ON,3,2017-05-23 00:00:00+00:00,2017-06-27 00:00:00+00:00,64.99493,66.41,1.9801227526973646,0.009900613763486823,24,EMA_TRAIL,True
PX,S3,long,RISK_ON,3,2017-05-23 00:00:00+00:00,2017-06-21 00:00:00+00:00,130.09996999999998,132.86,1.367201142302411,0.006836005711512056,20,EMA_TRAIL,True
MSFT,S3,long,RISK_ON,3,2017-05-24 00:00:00+00:00,2017-06-09 00:00:00+00:00,68.83876999999998,68.83876999999998,0.3299369135860697,0.0016496845679303486,11,STOP_AFTER_TP1,True
ARE,S3,long,RISK_ON,3,2017-05-25 00:00:00+00:00,2017-05-31 00:00:00+00:00,117.47735999999999,116.46953571428571,-1.0,-0.005,3,SL,False
UTX,S3,long,RISK_ON,3,2017-05-26 00:00:00+00:00,2017-05-31 00:00:00+00:00,121.97184999999998,121.01235,-1.0,-0.005,2,SL,False
REGN,S3,long,RISK_ON,3,2017-05-26 00:00:00+00:00,2017-06-16 00:00:00+00:00,455.62516999999997,455.62516999999997,0.3863791371478794,0.0019318956857393972,14,STOP_AFTER_TP1,True
BF.B,S3,long,RISK_ON,3,2017-05-26 00:00:00+00:00,2017-06-07 00:00:00+00:00,51.78172999999999,50.23142857142857,-1.0,-0.005,7,SL,False
WMT,S3,long,RISK_ON,3,2017-05-26 00:00:00+00:00,2017-06-15 00:00:00+00:00,78.20812999999998,78.20812999999998,0.4556579625966091,0.0022782898129830456,13,STOP_AFTER_TP1,True
TSS,S3,long,RISK_ON,3,2017-05-30 00:00:00+00:00,2017-06-12 00:00:00+00:00,59.409349999999996,59.409349999999996,0.3532850630195795,0.0017664253150978977,9,STOP_AFTER_TP1,True
ESS,S3,long,RISK_ON,3,2017-05-30 00:00:00+00:00,2017-06-27 00:00:00+00:00,255.44518999999997,260.52,1.4650918781897189,0.007325459390948594,20,EMA_TRAIL,True
ADI,S2,long,RISK_ON,3,2017-05-30 00:00:00+00:00,2017-06-02 00:00:00+00:00,84.88479999999998,80.88928571428572,-1.0,-0.005,3,SL,False
C,S3,long,RISK_ON,3,2017-06-01 00:00:00+00:00,2017-07-21 00:00:00+00:00,61.14107999999999,66.0,2.022618604312412,0.010113093021562061,35,EMA_TRAIL,True
MPC,S3,long,RISK_ON,3,2017-06-02 00:00:00+00:00,2017-06-15 00:00:00+00:00,52.7527,52.99,0.6378035077434223,0.0031890175387171114,9,EMA_TRAIL,True
CAT,S3,long,RISK_ON,3,2017-06-05 00:00:00+00:00,2017-06-06 00:00:00+00:00,105.30519999999999,104.23982142857143,-1.0,-0.005,1,SL,False
HIG,S3,long,RISK_ON,3,2017-06-05 00:00:00+00:00,2017-06-06 00:00:00+00:00,49.499449999999996,49.18517857142857,-1.0,-0.005,1,SL,False
AES,S3,long,RISK_ON,3,2017-06-05 00:00:00+00:00,2017-06-07 00:00:00+00:00,11.72171,11.598214285714286,-1.0,-0.005,2,SL,False
CAT,S3,long,RISK_ON,3,2017-06-06 00:00:00+00:00,2017-06-07 00:00:00+00:00,104.65454999999999,103.16232142857143,-1.0,-0.005,1,SL,False
ABC,S3,long,RISK_ON,3,2017-06-06 00:00:00+00:00,2017-06-16 00:00:00+00:00,91.78168999999998,91.78168999999998,0.6311645194053075,0.0031558225970265376,8,STOP_AFTER_TP1,True
BLL,S3,long,RISK_ON,3,2017-06-06 00:00:00+00:00,2017-06-07 00:00:00+00:00,41.030989999999996,40.738392857142856,-1.0,-0.005,1,SL,False
SO,S3,long,RISK_ON,3,2017-06-06 00:00:00+00:00,2017-06-08 00:00:00+00:00,50.84078999999999,50.51678571428572,-1.0,-0.005,2,SL,False
SYY,S3,long,RISK_ON,3,2017-06-06 00:00:00+00:00,2017-06-07 00:00:00+00:00,55.1551,54.64210714285714,-1.0,-0.005,1,SL,False
ARE,S3,long,RISK_ON,3,2017-06-06 00:00:00+00:00,2017-06-08 00:00:00+00:00,118.68856999999998,117.58209285714285,-1.0,-0.005,2,SL,False
QCOM,S3,long,RISK_ON,3,2017-06-06 00:00:00+00:00,2017-06-07 00:00:00+00:00,58.258199999999995,57.688071428571426,-1.0,-0.005,1,SL,False
MRK,S3,long,RISK_ON,3,2017-06-06 00:00:00+00:00,2017-06-07 00:00:00+00:00,64.73467,64.1242857142857,-1.0,-0.005,1,SL,False
XYL,S3,long,RISK_ON,3,2017-06-06 00:00:00+00:00,2017-09-28 00:00:00+00:00,52.74268999999999,62.45,11.314234226871474,0.05657117113435737,80,EMA_TRAIL,True
MCK,S3,long,RISK_ON,3,2017-06-07 00:00:00+00:00,2017-07-06 00:00:00+00:00,161.75159,163.08,0.7493390710038312,0.0037466953550191564,20,EMA_TRAIL,True
BLL,S3,long,RISK_ON,3,2017-06-07 00:00:00+00:00,2017-06-08 00:00:00+00:00,40.77072999999999,40.44892857142857,-1.0,-0.005,1,SL,False
SYY,S3,long,RISK_ON,3,2017-06-07 00:00:00+00:00,2017-06-16 00:00:00+00:00,54.80474999999999,54.23925,-1.0,-0.005,7,SL,False
QCOM,S3,long,RISK_ON,3,2017-06-07 00:00:00+00:00,2017-06-12 00:00:00+00:00,57.587529999999994,56.617178571428575,-1.0,-0.005,3,SL,False
DISH,S3,long,RISK_ON,3,2017-06-07 00:00:00+00:00,2017-06-08 00:00:00+00:00,64.95488999999999,63.59018928571428,-1.0,-0.005,1,SL,False
MDLZ,S3,long,RISK_ON,3,2017-06-07 00:00:00+00:00,2017-06-08 00:00:00+00:00,46.80675999999999,46.448657142857144,-1.0,-0.005,1,SL,False
ECL,S3,long,RISK_ON,3,2017-06-08 00:00:00+00:00,2017-06-15 00:00:00+00:00,132.86272999999997,132.86272999999997,0.5260529905668054,0.002630264952834027,5,STOP_AFTER_TP1,True
DISH,S3,long,RISK_ON,3,2017-06-08 00:00:00+00:00,2017-06-16 00:00:00+00:00,64.03397,64.03397,0.5903975879604164,0.002951987939802082,6,STOP_AFTER_TP1,True
ARE,S3,long,RISK_ON,3,2017-06-08 00:00:00+00:00,2017-06-29 00:00:00+00:00,118.66854999999998,118.66854999999998,0.3014513705635078,0.001507256852817539,15,STOP_AFTER_TP1,True
EXC,S3,long,RISK_ON,3,2017-06-08 00:00:00+00:00,2017-06-13 00:00:00+00:00,36.43639999999999,36.43639999999999,0.346983553035766,0.0017349177651788301,3,STOP_AFTER_TP1,True
KO,S3,long,RISK_ON,3,2017-06-09 00:00:00+00:00,2017-06-29 00:00:00+00:00,45.36532,44.76065,-1.0,-0.005,14,SL,False
MGM,S3,long,RISK_ON,3,2017-06-09 00:00:00+00:00,2017-06-12 00:00:00+00:00,32.011979999999994,31.33017142857143,-1.0,-0.005,1,SL,False
DOV,S3,long,RISK_ON,3,2017-06-12 00:00:00+00:00,2017-06-14 00:00:00+00:00,82.93284999999999,81.49321428571429,-1.0,-0.005,2,SL,False
QCOM,S3,long,RISK_ON,3,2017-06-12 00:00:00+00:00,2017-06-27 00:00:00+00:00,57.547489999999996,56.01235714285714,-1.0,-0.005,11,SL,False
PNR,S3,long,RISK_ON,3,2017-06-13 00:00:00+00:00,2017-06-21 00:00:00+00:00,66.59652999999999,65.34232142857144,-1.0,-0.005,6,SL,False
ROK,S3,long,RISK_ON,3,2017-06-13 00:00:00+00:00,2017-06-14 00:00:00+00:00,161.17100999999997,159.45293214285715,-1.0,-0.005,1,SL,False
AAL,S3,long,RISK_ON,3,2017-06-13 00:00:00+00:00,2017-07-24 00:00:00+00:00,49.499449999999996,51.28,0.9908792080793293,0.004954396040396647,28,EMA_TRAIL,True
MO,S3,long,RISK_ON,3,2017-06-13 00:00:00+00:00,2017-06-27 00:00:00+00:00,75.02494999999999,75.38,0.5732705955106145,0.0028663529775530727,10,EMA_TRAIL,True
ROK,S3,long,RISK_ON,3,2017-06-14 00:00:00+00:00,2017-06-21 00:00:00+00:00,160.01986,160.01986,0.524276692167104,0.00262138346083552,5,STOP_AFTER_TP1,True
FIS,S3,long,RISK_ON,3,2017-06-14 00:00:00+00:00,2017-06-22 00:00:00+00:00,85.81572999999999,84.55964285714285,-1.0,-0.005,6,SL,False
CAT,S3,long,RISK_ON,3,2017-06-14 00:00:00+00:00,2017-06-21 00:00:00+00:00,104.81470999999998,104.81470999999998,0.47529375000091273,0.0023764687500045637,5,STOP_AFTER_TP1,True
DAL,S3,long,RISK_ON,3,2017-06-14 00:00:00+00:00,2017-07-19 00:00:00+00:00,51.96190999999999,53.79,1.5815753009133335,0.007907876504566667,24,EMA_TRAIL,True
DOV,S3,long,RISK_ON,3,2017-06-15 00:00:00+00:00,2017-06-20 00:00:00+00:00,82.46237999999998,80.95,-0.7526065178229899,-0.00376303258911495,3,SMA50_BREAK,False
MAA,S2,long,RISK_ON,3,2017-06-15 00:00:00+00:00,2017-06-28 00:00:00+00:00,110.10999999999999,106.09375357142856,-1.0,-0.005,9,SL,False
TWX,S3,long,RISK_ON,3,2017-06-16 00:00:00+00:00,2017-07-11 00:00:00+00:00,99.2992,99.85,0.8966608439113457,0.004483304219556728,16,EMA_TRAIL,True
SO,S3,long,RISK_ON,3,2017-06-19 00:00:00+00:00,2017-06-22 00:00:00+00:00,51.471419999999995,50.99965714285714,-1.0,-0.005,3,SL,False
D,S3,long,RISK_ON,3,2017-06-20 00:00:00+00:00,2017-06-21 00:00:00+00:00,80.2802,79.70585357142858,-1.0,-0.005,1,SL,False
ANDV,S3,long,RISK_ON,3,2017-06-20 00:00:00+00:00,2017-08-07 00:00:00+00:00,92.05195999999998,97.17,1.952280136396027,0.009761400681980135,33,EMA_TRAIL,True
AJG,S3,long,RISK_ON,3,2017-06-21 00:00:00+00:00,2017-06-22 00:00:00+00:00,57.957899999999995,57.507732142857144,-1.0,-0.005,1,SL,False
CB,S3,long,RISK_ON,3,2017-06-21 00:00:00+00:00,2017-06-22 00:00:00+00:00,146.76662,145.8617857142857,-1.0,-0.005,1,SL,False
HIG,S3,long,RISK_ON,3,2017-06-21 00:00:00+00:00,2017-06-23 00:00:00+00:00,51.80174999999999,51.33371428571429,-1.0,-0.005,2,SL,False
AFL,S3,long,RISK_ON,3,2017-06-21 00:00:00+00:00,2017-06-22 00:00:00+00:00,78.04796999999999,77.41892857142857,-1.0,-0.005,1,SL,False
EXC,S3,long,RISK_ON,3,2017-06-21 00:00:00+00:00,2017-06-27 00:00:00+00:00,36.706669999999995,36.706669999999995,0.37021647686468095,0.001851082384323405,4,STOP_AFTER_TP1,True
BK,S3,long,RISK_ON,3,2017-06-21 00:00:00+00:00,2017-06-23 00:00:00+00:00,49.63959,49.22161071428572,-1.0,-0.005,2,SL,False
BLK,S3,long,RISK_ON,3,2017-06-21 00:00:00+00:00,2017-07-17 00:00:00+00:00,421.16074,424.63,1.4956007864711856,0.007478003932355928,17,EMA_TRAIL,True
CTAS,S3,long,RISK_ON,3,2017-06-21 00:00:00+00:00,2017-06-27 00:00:00+00:00,129.73961,127.98130714285715,-1.0,-0.005,4,SL,False
PPG,S3,long,RISK_ON,3,2017-06-22 00:00:00+00:00,2017-06-29 00:00:00+00:00,110.68056999999997,109.83867857142857,-1.0,-0.005,5,SL,False
WM,S3,long,RISK_ON,3,2017-06-22 00:00:00+00:00,2017-06-29 00:00:00+00:00,73.43336,72.66304642857142,-1.0,-0.005,5,SL,False
AMG,S3,long,RISK_ON,3,2017-06-22 00:00:00+00:00,2017-08-10 00:00:00+00:00,162.21205,175.42,2.244418336889658,0.01122209168444829,34,EMA_TRAIL,True
LEG,S3,long,RISK_ON,3,2017-06-22 00:00:00+00:00,2017-06-27 00:00:00+00:00,52.71265999999999,52.34,-0.7266664716721605,-0.0036333323583608024,3,SMA50_BREAK,False
CB,S3,long,RISK_ON,3,2017-06-22 00:00:00+00:00,2017-06-23 00:00:00+00:00,145.69555,144.95678571428573,-1.0,-0.005,1,SL,False
AFL,S3,long,RISK_ON,3,2017-06-22 00:00:00+00:00,2017-07-27 00:00:00+00:00,77.39731999999998,76.77571428571429,-1.0,-0.005,24,SL,False
WEC,S3,long,RISK_ON,3,2017-06-22 00:00:00+00:00,2017-06-26 00:00:00+00:00,63.69363,63.07017857142857,-1.0,-0.005,2,SL,False
KMB,S3,long,RISK_ON,3,2017-06-22 00:00:00+00:00,2017-06-27 00:00:00+00:00,131.88174999999998,131.88174999999998,0.44166738611183687,0.0022083369305591844,3,STOP_AFTER_TP1,True
ICE,S3,long,RISK_ON,3,2017-06-22 00:00:00+00:00,2017-08-01 00:00:00+00:00,64.21415,64.82,0.923637120266322,0.004618185601331611,27,EMA_TRAIL,True
HIG,S3,long,RISK_ON,3,2017-06-23 00:00:00+00:00,2017-07-27 00:00:00+00:00,51.50145,52.92,2.7466366171733663,0.013733183085866832,23,EMA_TRAIL,True
VAR,S3,long,RISK_ON,3,2017-06-26 00:00:00+00:00,2017-06-27 00:00:00+00:00,104.28417999999999,103.45571428571428,-1.0,-0.005,1,SL,False
BK,S3,long,RISK_ON,3,2017-06-26 00:00:00+00:00,2017-08-10 00:00:00+00:00,49.599549999999994,51.95,2.0348588375887995,0.010174294187943998,32,EMA_TRAIL,True
STT,S3,long,RISK_ON,3,2017-06-26 00:00:00+00:00,2017-08-10 00:00:00+00:00,87.90781999999999,92.5,2.07456561862348,0.010372828093117402,32,EMA_TRAIL,True
ROK,S3,long,RISK_ON,3,2017-06-26 00:00:00+00:00,2017-06-29 00:00:00+00:00,161.52136,158.88124285714284,-1.0,-0.005,3,SL,False
CB,S3,long,RISK_ON,3,2017-06-26 00:00:00+00:00,2017-07-26 00:00:00+00:00,145.5454,145.5454,0.5005444285948009,0.0025027221429740044,21,STOP_AFTER_TP1,True
NTRS,S3,long,RISK_ON,3,2017-06-26 00:00:00+00:00,2017-07-19 00:00:00+00:00,94.29419999999999,94.29419999999999,0.3207593447324255,0.0016037967236621276,16,STOP_AFTER_TP1,True
TRV,S3,long,RISK_ON,3,2017-06-26 00:00:00+00:00,2017-06-29 00:00:00+00:00,128.07795,126.58578928571428,-1.0,-0.005,3,SL,False
NCLH,S3,long,RISK_ON,3,2017-06-27 00:00:00+00:00,2017-08-17 00:00:00+00:00,53.91385999999999,56.18,3.034234990446562,0.01517117495223281,36,EMA_TRAIL,True
LLY,S3,long,RISK_ON,3,2017-06-27 00:00:00+00:00,2017-06-29 00:00:00+00:00,83.12304,82.48703571428572,-1.0,-0.005,2,SL,False
ABC,S3,long,RISK_ON,3,2017-06-27 00:00:00+00:00,2017-06-30 00:00:00+00:00,95.62553,95.62553,0.49924910075236373,0.0024962455037618185,3,STOP_AFTER_TP1,True
HOLX,S3,long,RISK_ON,3,2017-06-27 00:00:00+00:00,2017-06-29 00:00:00+00:00,45.535489999999996,45.068892857142856,-1.0,-0.005,2,SL,False
ZBH,S3,long,RISK_ON,3,2017-06-27 00:00:00+00:00,2017-06-29 00:00:00+00:00,128.37824999999998,127.04178928571429,-1.0,-0.005,2,SL,False
DHI,S3,long,RISK_ON,3,2017-06-27 00:00:00+00:00,2017-07-28 00:00:00+00:00,33.80377,35.85,3.621518073636275,0.018107590368181374,22,EMA_TRAIL,True
EXC,S3,long,RISK_ON,3,2017-06-27 00:00:00+00:00,2017-06-28 00:00:00+00:00,36.79675999999999,36.352149999999995,-1.0,-0.005,1,SL,False
KMB,S3,long,RISK_ON,3,2017-06-27 00:00:00+00:00,2017-06-29 00:00:00+00:00,131.59145999999998,130.59089999999998,-1.0,-0.005,2,SL,False
TEL,S3,long,RISK_ON,3,2017-06-28 00:00:00+00:00,2017-07-26 00:00:00+00:00,78.98890999999999,80.65,1.041316141647593,0.0052065807082379645,19,EMA_TRAIL,True
LEG,S3,long,RISK_ON,3,2017-06-28 00:00:00+00:00,2017-06-29 00:00:00+00:00,52.71265999999999,52.04357142857143,-1.0,-0.005,1,SL,False
AJG,S3,long,RISK_ON,3,2017-06-28 00:00:00+00:00,2017-07-11 00:00:00+00:00,57.44738999999999,56.76,-0.5111870946699997,-0.0025559354733499986,8,SMA50_BREAK,False
MO,S3,long,RISK_ON,3,2017-06-28 00:00:00+00:00,2017-06-29 00:00:00+00:00,75.91583999999999,74.79725,-1.0,-0.005,1,SL,False
ECL,S3,long,RISK_ON,3,2017-06-28 00:00:00+00:00,2017-06-29 00:00:00+00:00,133.03289999999998,131.08482142857142,-1.0,-0.005,1,SL,False
CELG,S3,long,RISK_ON,3,2017-06-29 00:00:00+00:00,2017-06-30 00:00:00+00:00,131.83169999999998,128.85461785714284,-1.0,-0.005,1,SL,False
PFE,S3,long,RISK_ON,3,2017-06-29 00:00:00+00:00,2017-07-06 00:00:00+00:00,33.66363,33.16428571428571,-1.0,-0.005,4,SL,False
PDCO,S3,long,RISK_ON,3,2017-06-29 00:00:00+00:00,2017-06-30 00:00:00+00:00,47.637589999999996,46.85907857142857,-1.0,-0.005,1,SL,False
BLL,S3,long,RISK_ON,3,2017-06-29 00:00:00+00:00,2017-07-06 00:00:00+00:00,42.07203,42.07203,0.3918527328848041,0.0019592636644240207,4,STOP_AFTER_TP1,True
CAT,S3,long,RISK_ON,3,2017-06-29 00:00:00+00:00,2017-07-21 00:00:00+00:00,105.74564,105.74564,0.41444390208429593,0.0020722195104214795,15,STOP_AFTER_TP1,True
TIF,S3,long,RISK_ON,3,2017-06-29 00:00:00+00:00,2017-07-06 00:00:00+00:00,92.61251999999999,92.61251999999999,0.42315359777959266,0.0021157679888979633,4,STOP_AFTER_TP1,True
AGN,S3,long,RISK_ON,3,2017-06-29 00:00:00+00:00,2017-07-07 00:00:00+00:00,244.26402,241.06125,-1.0,-0.005,5,SL,False
LLY,S3,long,RISK_ON,3,2017-06-29 00:00:00+00:00,2017-07-06 00:00:00+00:00,82.78269999999999,81.77855357142857,-1.0,-0.005,4,SL,False
CA,S3,long,RISK_ON,3,2017-06-29 00:00:00+00:00,2017-07-27 00:00:00+00:00,34.30427,33.60596785714286,-1.0,-0.005,19,SL,False
IVZ,S3,long,RISK_ON,3,2017-06-30 00:00:00+00:00,2017-07-06 00:00:00+00:00,35.22518999999999,35.22518999999999,0.28237109084387324,0.0014118554542193662,3,STOP_AFTER_TP1,True
LEG,S3,long,RISK_ON,3,2017-06-30 00:00:00+00:00,2017-07-03 00:00:00+00:00,52.58253,52.44,-0.12107822494815124,-0.0006053911247407562,1,SMA50_BREAK,False
CELG,S3,long,RISK_ON,3,2017-06-30 00:00:00+00:00,2017-08-10 00:00:00+00:00,129.99987,129.99987,0.6292260531571661,0.0031461302657858304,28,STOP_AFTER_TP1,True
WM,S3,long,RISK_ON,3,2017-06-30 00:00:00+00:00,2017-08-10 00:00:00+00:00,73.42334999999999,74.81,1.0795259030785485,0.0053976295153927425,28,EMA_TRAIL,True
TRV,S3,long,RISK_ON,3,2017-07-03 00:00:00+00:00,2017-07-11 00:00:00+00:00,127.46734,125.15400357142858,-1.0,-0.005,5,SL,False
XRAY,S3,long,RISK_ON,3,2017-07-03 00:00:00+00:00,2017-07-06 00:00:00+00:00,64.69462999999999,64.026825,-1.0,-0.005,2,SL,False
CSRA,S3,long,RISK_ON,3,2017-07-03 00:00:00+00:00,2017-07-06 00:00:00+00:00,31.90187,31.473285714285716,-1.0,-0.005,2,SL,False
ADP,S3,long,RISK_ON,3,2017-07-03 00:00:00+00:00,2017-07-11 00:00:00+00:00,102.52242,102.52242,0.36929074994817357,0.001846453749740868,5,STOP_AFTER_TP1,True
WHR,S3,long,RISK_ON,3,2017-07-03 00:00:00+00:00,2017-07-27 00:00:00+00:00,192.16196999999997,186.2720392857143,-1.0,-0.005,17,SL,False
NRG,S3,long,RISK_ON,3,2017-07-03 00:00:00+00:00,2017-07-05 00:00:00+00:00,17.18717,16.813035714285714,-1.0,-0.005,1,SL,False
HCP,S3,long,RISK_ON,3,2017-07-03 00:00:00+00:00,2017-07-06 00:00:00+00:00,32.58254999999999,31.50442142857143,-1.0,-0.005,2,SL,False
ABC,S3,long,RISK_ON,3,2017-07-03 00:00:00+00:00,2017-07-06 00:00:00+00:00,94.79469999999999,92.39210714285714,-1.0,-0.005,2,SL,False
TDG,S3,long,RISK_ON,3,2017-07-05 00:00:00+00:00,2017-08-09 00:00:00+00:00,268.57831,277.72,1.4097456275297384,0.0070487281376486926,25,EMA_TRAIL,True
BMY,S3,long,RISK_ON,3,2017-07-05 00:00:00+00:00,2017-07-12 00:00:00+00:00,56.406349999999996,55.06366071428571,-1.0,-0.005,5,SL,False
UPS,S3,long,RISK_ON,3,2017-07-05 00:00:00+00:00,2017-07-06 00:00:00+00:00,110.63051999999999,109.61943214285714,-1.0,-0.005,1,SL,False
ARE,S3,long,RISK_ON,3,2017-07-05 00:00:00+00:00,2017-07-06 00:00:00+00:00,120.47034999999998,118.92607142857143,-1.0,-0.005,1,SL,False
NWS,S3,long,RISK_ON,3,2017-07-05 00:00:00+00:00,2017-07-06 00:00:00+00:00,14.16415,13.969642857142857,-1.0,-0.005,1,SL,False
RSG,S3,long,RISK_ON,3,2017-07-05 00:00:00+00:00,2017-07-28 00:00:00+00:00,64.03397,64.03397,0.5422146069568209,0.0027110730347841045,17,STOP_AFTER_TP1,True
CME,S3,long,RISK_ON,3,2017-07-05 00:00:00+00:00,2017-07-06 00:00:00+00:00,126.07594999999999,124.13861785714285,-1.0,-0.005,1,SL,False
XL,S3,long,RISK_ON,3,2017-07-05 00:00:00+00:00,2017-07-27 00:00:00+00:00,44.29425,44.29425,0.3055691355006947,0.0015278456775034736,16,STOP_AFTER_TP1,True
VLO,S3,long,RISK_ON,3,2017-07-05 00:00:00+00:00,2017-07-06 00:00:00+00:00,67.13706999999998,66.3175,-1.0,-0.005,1,SL,False
LLY,S3,long,RISK_ON,3,2017-07-07 00:00:00+00:00,2017-07-25 00:00:00+00:00,82.37228999999999,82.37228999999999,0.519027658286413,0.002595138291432065,12,STOP_AFTER_TP1,True
CME,S3,long,RISK_ON,3,2017-07-07 00:00:00+00:00,2017-07-14 00:00:00+00:00,124.95482999999999,121.95861785714287,-1.0,-0.005,5,SL,False
NAVI,S3,long,RISK_ON,3,2017-07-07 00:00:00+00:00,2017-07-19 00:00:00+00:00,16.19618,15.729999999999999,-1.0,-0.005,8,SL,False
EMN,S3,long,RISK_ON,3,2017-07-07 00:00:00+00:00,2017-07-28 00:00:00+00:00,83.98389999999999,83.98389999999999,0.4577737618936798,0.002288868809468399,15,STOP_AFTER_TP1,True
CSRA,S3,long,RISK_ON,3,2017-07-07 00:00:00+00:00,2017-07-28 00:00:00+00:00,31.99196,32.69,0.8032633143509238,0.004016316571754619,15,EMA_TRAIL,True
AMGN,S3,long,RISK_ON,3,2017-07-07 00:00:00+00:00,2017-07-27 00:00:00+00:00,171.60143,171.60143,0.5000733218394431,0.0025003666091972156,14,STOP_AFTER_TP1,True
VFC,S3,long,RISK_ON,3,2017-07-07 00:00:00+00:00,2017-09-08 00:00:00+00:00,56.756699999999995,62.48,3.23093370258563,0.01615466851292815,44,EMA_TRAIL,True
JWN,S3,long,RISK_ON,3,2017-07-07 00:00:00+00:00,2017-07-10 00:00:00+00:00,47.58754,46.503214285714286,-1.0,-0.005,1,SL,False
AGN,S3,long,RISK_ON,3,2017-07-07 00:00:00+00:00,2017-08-04 00:00:00+00:00,240.93068999999997,242.65,1.157702544286535,0.005788512721432675,20,EMA_TRAIL,True
COG,S3,long,RISK_ON,3,2017-07-07 00:00:00+00:00,2017-08-01 00:00:00+00:00,24.28426,24.71,0.9299346410511902,0.004649673205255951,17,EMA_TRAIL,True
AXP,S3,long,RISK_ON,3,2017-07-07 00:00:00+00:00,2017-07-24 00:00:00+00:00,84.41432999999999,84.41432999999999,0.4036426505802766,0.002018213252901383,11,STOP_AFTER_TP1,True
PFE,S3,long,RISK_ON,3,2017-07-10 00:00:00+00:00,2017-07-26 00:00:00+00:00,33.44340999999999,32.89,-0.8751798878087471,-0.004375899439043735,12,SMA50_BREAK,False
HCA,S3,long,RISK_ON,3,2017-07-10 00:00:00+00:00,2017-07-25 00:00:00+00:00,85.96587999999998,83.91375000000001,-1.0,-0.005,11,SL,False
GILD,S3,long,RISK_ON,3,2017-07-10 00:00:00+00:00,2017-08-04 00:00:00+00:00,69.35929,73.16,2.135736109017186,0.01067868054508593,19,EMA_TRAIL,True
VRSK,S3,long,RISK_ON,3,2017-07-10 00:00:00+00:00,2017-08-02 00:00:00+00:00,83.53344999999999,83.53344999999999,0.7365214585350357,0.0036826072926751784,17,STOP_AFTER_TP1,True
AIZ,S3,long,RISK_ON,3,2017-07-11 00:00:00+00:00,2017-07-27 00:00:00+00:00,104.55444999999999,104.55444999999999,0.4704277804236559,0.0023521389021182795,12,STOP_AFTER_TP1,True
PSX,S3,long,RISK_ON,3,2017-07-11 00:00:00+00:00,2017-07-13 00:00:00+00:00,82.44236,81.376475,-1.0,-0.005,2,SL,False
SCHW,S3,long,RISK_ON,3,2017-07-11 00:00:00+00:00,2017-07-18 00:00:00+00:00,43.1431,42.397885714285714,-1.0,-0.005,5,SL,False
MCO,S3,long,RISK_ON,3,2017-07-11 00:00:00+00:00,2017-08-08 00:00:00+00:00,122.73260999999998,127.7,3.645822543385938,0.01822911271692969,20,EMA_TRAIL,True
UPS,S3,long,RISK_ON,3,2017-07-11 00:00:00+00:00,2017-07-27 00:00:00+00:00,110.18006999999999,110.18006999999999,0.3940461027446951,0.0019702305137234755,12,STOP_AFTER_TP1,True
XRAY,S3,long,RISK_ON,3,2017-07-12 00:00:00+00:00,2017-07-20 00:00:00+00:00,64.4644,63.25946785714285,-1.0,-0.005,6,SL,False
TROW,S3,long,RISK_ON,3,2017-07-12 00:00:00+00:00,2017-08-18 00:00:00+00:00,75.65557999999999,82.3,2.7462538344560556,0.013731269172280278,27,EMA_TRAIL,True
JWN,S3,long,RISK_ON,3,2017-07-14 00:00:00+00:00,2017-07-18 00:00:00+00:00,46.89684999999999,46.04035714285715,-1.0,-0.005,2,SL,False
PSX,S3,long,RISK_ON,3,2017-07-14 00:00:00+00:00,2017-08-10 00:00:00+00:00,82.28219999999999,83.64,0.8491503577496788,0.004245751788748395,19,EMA_TRAIL,True
VLO,S3,long,RISK_ON,3,2017-07-17 00:00:00+00:00,2017-07-20 00:00:00+00:00,67.49743,67.49743,0.45709884527791483,0.002285494226389574,3,STOP_AFTER_TP1,True
IVZ,S3,long,RISK_ON,3,2017-07-18 00:00:00+00:00,2017-07-27 00:00:00+00:00,35.975939999999994,35.975939999999994,0.43398415505975924,0.002169920775298796,7,STOP_AFTER_TP1,True
CMI,S3,long,RISK_ON,3,2017-07-18 00:00:00+00:00,2017-08-01 00:00:00+00:00,164.98481999999998,164.98481999999998,0.3034242559130622,0.0015171212795653112,10,STOP_AFTER_TP1,True
JWN,S3,long,RISK_ON,3,2017-07-19 00:00:00+00:00,2017-08-01 00:00:00+00:00,46.98693999999999,46.98693999999999,0.42565182429025594,0.0021282591214512796,9,STOP_AFTER_TP1,True
VLO,S3,long,RISK_ON,3,2017-07-20 00:00:00+00:00,2017-07-27 00:00:00+00:00,67.58751999999998,67.58751999999998,0.4549077583000532,0.002274538791500266,5,STOP_AFTER_TP1,True
EBAY,S3,long,RISK_ON,3,2017-07-25 00:00:00+00:00,2017-07-27 00:00:00+00:00,36.35632,35.70892857142857,-1.0,-0.005,2,SL,False
C,S2,long,RISK_ON,3,2017-07-25 00:00:00+00:00,2017-08-18 00:00:00+00:00,68.09803,66.58,-0.5681725400997254,-0.002840862700498627,18,SMA50_BREAK,False
AXP,S3,long,RISK_ON,3,2017-07-26 00:00:00+00:00,2017-07-27 00:00:00+00:00,85.38529999999999,84.61910714285715,-1.0,-0.005,1,SL,False
LMT,S3,long,RISK_ON,3,2017-07-26 00:00:00+00:00,2017-07-27 00:00:00+00:00,290.13984999999997,287.1811071428571,-1.0,-0.005,1,SL,False
PH,S3,long,RISK_ON,3,2017-07-26 00:00:00+00:00,2017-08-03 00:00:00+00:00,164.82465999999997,162.0475035714286,-1.0,-0.005,6,SL,False
AIZ,S3,long,RISK_ON,3,2017-07-27 00:00:00+00:00,2017-08-02 00:00:00+00:00,105.04493999999998,103.715,-1.0,-0.005,4,SL,False
HRS,S3,long,RISK_ON,3,2017-07-27 00:00:00+00:00,2017-12-12 00:00:00+00:00,113.99387999999998,141.42,11.134454646430651,0.055672273232153256,96,EMA_TRAIL,True
SYMC,S3,long,RISK_ON,3,2017-07-31 00:00:00+00:00,2017-08-03 00:00:00+00:00,31.020989999999994,30.354964285714285,-1.0,-0.005,3,SL,False
TXT,S3,long,RISK_ON,3,2017-08-01 00:00:00+00:00,2017-08-09 00:00:00+00:00,49.359309999999994,48.57053571428571,-1.0,-0.005,6,SL,False
ROK,S3,long,RISK_ON,3,2017-08-01 00:00:00+00:00,2017-08-02 00:00:00+00:00,165.0649,163.47321428571428,-1.0,-0.005,1,SL,False
UPS,S3,long,RISK_ON,3,2017-08-01 00:00:00+00:00,2017-10-06 00:00:00+00:00,111.37125999999999,117.7,2.160108009974069,0.010800540049870345,47,EMA_TRAIL,True
COF,S3,long,RISK_ON,3,2017-08-01 00:00:00+00:00,2017-08-04 00:00:00+00:00,85.79570999999999,84.30071428571428,-1.0,-0.005,3,SL,False
DOV,S2,long,RISK_ON,3,2017-08-01 00:00:00+00:00,2017-11-09 00:00:00+00:00,86.62653999999999,94.01,1.8759326031055594,0.009379663015527798,71,EMA_TRAIL,True
EXPD,S3,long,RISK_ON,3,2017-08-01 00:00:00+00:00,2017-08-08 00:00:00+00:00,58.848789999999994,58.089285714285715,-1.0,-0.005,5,SL,False
STI,S3,long,RISK_ON,3,2017-08-02 00:00:00+00:00,2017-08-09 00:00:00+00:00,57.69763999999999,57.69763999999999,0.2828157709215656,0.0014140788546078281,5,STOP_AFTER_TP1,True
LLL,S3,long,RISK_ON,3,2017-08-02 00:00:00+00:00,2017-08-18 00:00:00+00:00,175.14496999999997,178.08,0.9383114645349,0.0046915573226745,12,EMA_TRAIL,True
PFG,S3,long,RISK_ON,3,2017-08-02 00:00:00+00:00,2017-08-10 00:00:00+00:00,66.72666,65.51200714285714,-1.0,-0.005,6,SL,False
BIIB,S3,long,RISK_ON,3,2017-08-02 00:00:00+00:00,2017-08-10 00:00:00+00:00,288.28799999999995,284.2424321428572,-1.0,-0.005,6,SL,False
RSG,S3,long,RISK_ON,3,2017-08-02 00:00:00+00:00,2017-08-10 00:00:00+00:00,64.62455999999999,64.08,-0.731209609508221,-0.003656048047541105,6,SMA50_BREAK,False
AJG,S3,long,RISK_ON,3,2017-08-03 00:00:00+00:00,2017-08-17 00:00:00+00:00,58.70864999999999,58.16253571428572,-1.0,-0.005,10,SL,False
FLIR,S3,long,RISK_ON,3,2017-08-03 00:00:00+00:00,2017-09-29 00:00:00+00:00,37.64760999999999,38.91,1.15544426144809,0.00577722130724045,40,EMA_TRAIL,True
JPM,S3,long,RISK_ON,3,2017-08-03 00:00:00+00:00,2017-08-10 00:00:00+00:00,92.59249999999999,92.59249999999999,0.7241538837118797,0.0036207694185593988,5,STOP_AFTER_TP1,True
ROK,S3,long,RISK_ON,3,2017-08-04 00:00:00+00:00,2017-08-10 00:00:00+00:00,165.0649,163.4442857142857,-1.0,-0.005,4,SL,False
COF,S3,long,RISK_ON,3,2017-08-04 00:00:00+00:00,2017-08-10 00:00:00+00:00,84.49440999999999,83.40500357142858,-1.0,-0.005,4,SL,False
EXC,S3,long,RISK_ON,3,2017-08-04 00:00:00+00:00,2017-08-09 00:00:00+00:00,38.208169999999996,37.731360714285714,-1.0,-0.005,3,SL,False
MHK,S3,long,RISK_ON,3,2017-08-07 00:00:00+00:00,2017-08-11 00:00:00+00:00,249.62937999999997,245.73339285714286,-1.0,-0.005,4,SL,False
NKE,S3,long,RISK_ON,3,2017-08-08 00:00:00+00:00,2017-08-11 00:00:00+00:00,59.519459999999995,58.913964285714286,-1.0,-0.005,3,SL,False
FITB,S3,long,RISK_ON,3,2017-08-09 00:00:00+00:00,2017-08-10 00:00:00+00:00,27.167139999999996,26.670392857142858,-1.0,-0.005,1,SL,False
APD,S3,long,RISK_ON,3,2017-08-09 00:00:00+00:00,2017-08-11 00:00:00+00:00,146.39624999999998,144.64858214285715,-1.0,-0.005,2,SL,False
XRX,S3,long,RISK_ON,3,2017-08-09 00:00:00+00:00,2017-08-10 00:00:00+00:00,32.3323,31.59625,-1.0,-0.005,1,SL,False
PHM,S3,long,RISK_ON,3,2017-08-09 00:00:00+00:00,2017-08-10 00:00:00+00:00,25.335309999999996,24.89,-1.0,-0.005,1,SL,False
TXT,S3,long,RISK_ON,3,2017-08-09 00:00:00+00:00,2017-08-11 00:00:00+00:00,49.17913,48.16625,-1.0,-0.005,2,SL,False
KO,S3,long,RISK_ON,3,2017-08-09 00:00:00+00:00,2017-09-19 00:00:00+00:00,45.63559,45.98,0.8956747958190412,0.004478373979095206,28,EMA_TRAIL,True
KSS,S5,long,DEFENSIVE,3,2017-08-10 00:00:00+00:00,2017-08-11 00:00:00+00:00,39.5395,38.64,-0.44103947045844455,-0.0022051973522922226,1,SMA50_BREAK,False
TWX,S3,long,RISK_ON,3,2017-08-14 00:00:00+00:00,2017-08-17 00:00:00+00:00,102.39228999999999,101.32135000000001,-1.0,-0.005,3,SL,False
TRV,S3,long,RISK_ON,3,2017-08-14 00:00:00+00:00,2017-08-17 00:00:00+00:00,128.91878999999997,128.91878999999997,0.30921717264598775,0.0015460858632299387,3,STOP_AFTER_TP1,True
COF,S3,long,RISK_ON,3,2017-08-14 00:00:00+00:00,2017-08-17 00:00:00+00:00,84.34425999999999,81.99,-0.8654892628004431,-0.004327446314002216,3,SMA50_BREAK,False
FITB,S3,long,RISK_ON,3,2017-08-14 00:00:00+00:00,2017-08-29 00:00:00+00:00,26.706679999999995,26.26,-0.4534651340195976,-0.002267325670097988,11,SMA50_BREAK,False
SNI,S3,long,RISK_ON,3,2017-08-14 00:00:00+00:00,2017-08-15 00:00:00+00:00,86.83675,85.94928571428571,-1.0,-0.005,1,SL,False
BRK.B,S3,long,RISK_ON,3,2017-08-14 00:00:00+00:00,2017-08-29 00:00:00+00:00,177.46728999999996,177.46728999999996,0.2669712372359316,0.001334856186179658,11,STOP_AFTER_TP1,True
JPM,S3,long,RISK_ON,3,2017-08-14 00:00:00+00:00,2017-08-17 00:00:00+00:00,92.58248999999998,90.64913214285714,-1.0,-0.005,3,SL,False
BIIB,S3,long,RISK_ON,3,2017-08-14 00:00:00+00:00,2017-09-27 00:00:00+00:00,286.33605,312.8,2.7421925187758136,0.013710962593879068,31,EMA_TRAIL,True
L,S3,long,RISK_ON,3,2017-08-14 00:00:00+00:00,2017-08-17 00:00:00+00:00,48.48843999999999,47.90125357142857,-1.0,-0.005,3,SL,False
SNI,S3,long,RISK_ON,3,2017-08-15 00:00:00+00:00,2017-08-18 00:00:00+00:00,86.23615,85.33714285714285,-1.0,-0.005,3,SL,False
CINF,S3,long,RISK_ON,3,2017-08-15 00:00:00+00:00,2017-08-17 00:00:00+00:00,79.51943999999999,78.56482500000001,-1.0,-0.005,2,SL,False
BBT,S3,long,RISK_ON,3,2017-08-15 00:00:00+00:00,2017-08-17 00:00:00+00:00,47.036989999999996,46.35785714285714,-1.0,-0.005,2,SL,False
TXT,S3,long,RISK_ON,3,2017-08-15 00:00:00+00:00,2017-08-17 00:00:00+00:00,49.139089999999996,48.18696428571428,-1.0,-0.005,2,SL,False
XRX,S3,long,RISK_ON,3,2017-08-15 00:00:00+00:00,2017-08-18 00:00:00+00:00,32.312279999999994,31.53160714285714,-1.0,-0.005,3,SL,False
CB,S3,long,RISK_ON,3,2017-08-15 00:00:00+00:00,2017-08-17 00:00:00+00:00,148.11796999999999,145.95,-0.9719789999417163,-0.0048598949997085816,2,SMA50_BREAK,False
UNM,S3,long,RISK_ON,3,2017-08-15 00:00:00+00:00,2017-08-16 00:00:00+00:00,50.11006,49.41250357142857,-1.0,-0.005,1,SL,False
STI,S3,long,RISK_ON,3,2017-08-16 00:00:00+00:00,2017-08-17 00:00:00+00:00,57.51745999999999,56.81071428571428,-1.0,-0.005,1,SL,False
AFL,S3,long,RISK_ON,3,2017-08-16 00:00:00+00:00,2017-08-17 00:00:00+00:00,80.90081999999998,80.28942857142857,-1.0,-0.005,1,SL,False
LLL,S3,long,RISK_ON,3,2017-08-22 00:00:00+00:00,2017-10-10 00:00:00+00:00,180.85066999999998,187.57,1.3255075986073885,0.006627537993036943,34,EMA_TRAIL,True
TWX,S3,long,RISK_ON,3,2017-08-22 00:00:00+00:00,2017-09-06 00:00:00+00:00,101.90179999999998,100.80081071428572,-1.0,-0.005,10,SL,False
PEP,S3,long,RISK_ON,3,2017-08-22 00:00:00+00:00,2017-08-24 00:00:00+00:00,118.03791999999999,117.074125,-1.0,-0.005,2,SL,False
AFL,S3,long,RISK_ON,3,2017-08-22 00:00:00+00:00,2017-09-07 00:00:00+00:00,80.25017,80.25017,0.36839178869706324,0.0018419589434853162,11,STOP_AFTER_TP1,True
OKE,S1,long,RISK_ON,3,2017-08-22 00:00:00+00:00,2017-10-25 00:00:00+00:00,52.94288999999999,53.725,0.23252654205552273,0.0011626327102776137,45,SMA50_BREAK,False
CHTR,S3,long,RISK_ON,3,2017-08-22 00:00:00+00:00,2017-08-24 00:00:00+00:00,397.44705,387.16560714285714,-1.0,-0.005,2,SL,False
SNI,S3,long,RISK_ON,3,2017-08-22 00:00:00+00:00,2017-09-05 00:00:00+00:00,85.83574999999999,85.15856785714286,-1.0,-0.005,9,SL,False
XRX,S3,long,RISK_ON,3,2017-08-22 00:00:00+00:00,2017-10-04 00:00:00+00:00,31.531499999999998,32.86,2.002989692513609,0.010014948462568046,30,EMA_TRAIL,True
ED,S3,long,RISK_ON,3,2017-08-30 00:00:00+00:00,2017-09-12 00:00:00+00:00,84.16407999999998,84.16407999999998,0.4632610921494382,0.002316305460747191,8,STOP_AFTER_TP1,True
CHTR,S3,long,RISK_ON,3,2017-08-30 00:00:00+00:00,2017-09-11 00:00:00+00:00,393.76336999999995,382.2064321428571,-1.0,-0.005,7,SL,False
CMCSA,S3,long,RISK_ON,3,2017-08-30 00:00:00+00:00,2017-09-07 00:00:00+00:00,40.86082,39.669757142857144,-1.0,-0.005,5,SL,False
NDAQ,S3,long,RISK_ON,3,2017-08-31 00:00:00+00:00,2017-09-05 00:00:00+00:00,75.45537999999999,74.57339285714285,-1.0,-0.005,2,SL,False
EIX,S3,long,RISK_ON,3,2017-09-01 00:00:00+00:00,2017-09-18 00:00:00+00:00,80.03995999999998,80.03995999999998,0.4816365106490342,0.002408182553245171,10,STOP_AFTER_TP1,True
GM,S3,long,RISK_ON,3,2017-09-08 00:00:00+00:00,2017-10-25 00:00:00+00:00,37.037,45.12,5.774494211003356,0.02887247105501678,33,EMA_TRAIL,True
QRVO,S3,long,RISK_ON,3,2017-09-08 00:00:00+00:00,2017-09-20 00:00:00+00:00,71.68160999999999,71.68160999999999,1.3194619815234252,0.006597309907617126,8,STOP_AFTER_TP1,True
EMN,S3,long,RISK_ON,3,2017-09-11 00:00:00+00:00,2017-10-11 00:00:00+00:00,85.67559,88.15,1.2896904236329632,0.006448452118164816,22,EMA_TRAIL,True
ADI,S3,long,RISK_ON,3,2017-09-12 00:00:00+00:00,2017-11-09 00:00:00+00:00,82.23214999999999,89.7,2.656997802193161,0.013284989010965805,42,EMA_TRAIL,True
MHK,S3,long,RISK_ON,3,2017-09-13 00:00:00+00:00,2017-09-14 00:00:00+00:00,256.62636999999995,253.91464285714287,-1.0,-0.005,1,SL,False
LYB,S2,long,RISK_ON,3,2017-09-15 00:00:00+00:00,2018-02-02 00:00:00+00:00,95.26517,112.17,6.1675012156496205,0.030837506078248103,96,EMA_TRAIL,True
ILMN,S3,long,RISK_ON,3,2017-09-18 00:00:00+00:00,2017-09-19 00:00:00+00:00,209.6094,206.93463571428572,-1.0,-0.005,1,SL,False
NSC,S3,long,RISK_ON,3,2017-09-18 00:00:00+00:00,2017-11-07 00:00:00+00:00,127.47734999999999,129.45,0.664973959273898,0.00332486979636949,36,SMA50_BREAK,False
RMD,S3,long,RISK_ON,3,2017-09-18 00:00:00+00:00,2017-09-21 00:00:00+00:00,79.60952999999999,78.53603571428572,-1.0,-0.005,3,SL,False
HCN,S3,long,RISK_ON,3,2017-09-18 00:00:00+00:00,2017-09-20 00:00:00+00:00,74.38431,73.14160714285714,-1.0,-0.005,2,SL,False
BSX,S3,long,RISK_ON,3,2017-09-19 00:00:00+00:00,2017-10-26 00:00:00+00:00,28.71869,28.71869,0.7399809774724249,0.0036999048873621243,27,STOP_AFTER_TP1,True
HPQ,S3,long,RISK_ON,3,2017-09-19 00:00:00+00:00,2017-11-10 00:00:00+00:00,19.509489999999996,21.23,4.180801024735029,0.020904005123675146,38,EMA_TRAIL,True
AMGN,S3,long,RISK_ON,3,2017-09-19 00:00:00+00:00,2017-09-22 00:00:00+00:00,186.50631999999996,184.01446785714285,-1.0,-0.005,3,SL,False
KSS,S3,long,RISK_ON,3,2017-09-21 00:00:00+00:00,2017-10-06 00:00:00+00:00,44.984939999999995,43.37773214285714,-1.0,-0.005,11,SL,False
MHK,S3,long,RISK_ON,3,2017-09-21 00:00:00+00:00,2017-09-22 00:00:00+00:00,254.36410999999998,252.40517857142856,-1.0,-0.005,1,SL,False
CMI,S3,long,RISK_ON,3,2017-09-21 00:00:00+00:00,2017-09-25 00:00:00+00:00,166.64647999999997,166.64647999999997,0.3363287512292019,0.0016816437561460095,2,STOP_AFTER_TP1,True
COG,S3,long,RISK_ON,3,2017-09-21 00:00:00+00:00,2017-10-06 00:00:00+00:00,26.43641,25.66665357142857,-1.0,-0.005,11,SL,False
DHR,S3,long,RISK_ON,3,2017-09-21 00:00:00+00:00,2017-09-25 00:00:00+00:00,86.50641999999999,85.61207857142857,-1.0,-0.005,2,SL,False
RSG,S3,long,RISK_ON,3,2017-09-22 00:00:00+00:00,2017-10-04 00:00:00+00:00,66.32626,65.51169642857143,-1.0,-0.005,8,SL,False
AMGN,S3,long,RISK_ON,3,2017-09-22 00:00:00+00:00,2017-10-12 00:00:00+00:00,185.94575999999998,182.29554285714286,-1.0,-0.005,14,SL,False
MRK,S3,long,RISK_ON,3,2017-09-22 00:00:00+00:00,2017-09-29 00:00:00+00:00,65.19512999999999,64.09285714285714,-1.0,-0.005,5,SL,False
DHR,S3,long,RISK_ON,3,2017-09-25 00:00:00+00:00,2017-09-27 00:00:00+00:00,86.08599999999998,84.96118571428572,-1.0,-0.005,2,SL,False
PFE,S3,long,RISK_ON,3,2017-09-26 00:00:00+00:00,2017-10-18 00:00:00+00:00,35.3353,35.83,1.730757497380424,0.00865378748690212,16,EMA_TRAIL,True
FTV,S3,long,RISK_ON,3,2017-09-26 00:00:00+00:00,2017-10-19 00:00:00+00:00,69.91984999999998,71.1,1.8748863944000345,0.009374431972000172,17,EMA_TRAIL,True
IP,S3,long,RISK_ON,3,2017-09-26 00:00:00+00:00,2017-10-30 00:00:00+00:00,55.95589999999999,57.19,1.4450148353977461,0.007225074176988731,24,EMA_TRAIL,True
CELG,S3,long,RISK_ON,3,2017-09-26 00:00:00+00:00,2017-09-27 00:00:00+00:00,143.77362999999997,142.37625714285716,-1.0,-0.005,1,SL,False
CELG,S3,long,RISK_ON,3,2017-09-27 00:00:00+00:00,2017-10-05 00:00:00+00:00,143.11297,143.11297,0.49204875845070745,0.0024602437922535375,6,STOP_AFTER_TP1,True
SHW,S3,long,RISK_ON,3,2017-09-27 00:00:00+00:00,2017-11-09 00:00:00+00:00,350.18983999999995,387.03,3.9021368847738946,0.019510684423869475,31,EMA_TRAIL,True
ESRX,S3,long,RISK_ON,3,2017-09-27 00:00:00+00:00,2017-10-09 00:00:00+00:00,63.02295999999999,61.45196428571429,-1.0,-0.005,8,SL,False
AOS,S3,long,RISK_ON,3,2017-09-28 00:00:00+00:00,2017-10-25 00:00:00+00:00,58.95889999999999,58.95889999999999,0.39075426861468654,0.001953771343073433,19,STOP_AFTER_TP1,True
WRK,S3,long,RISK_ON,3,2017-09-28 00:00:00+00:00,2017-09-29 00:00:00+00:00,56.83678,56.73,-0.073989750757508,-0.00036994875378753997,1,SMA50_BREAK,False
FISV,S2,long,RISK_ON,3,2017-09-29 00:00:00+00:00,2017-10-17 00:00:00+00:00,129.08896,126.35767857142856,-1.0,-0.005,12,SL,False
GLW,S3,long,RISK_ON,3,2017-09-29 00:00:00+00:00,2017-10-10 00:00:00+00:00,29.94992,29.94992,0.3587877723034465,0.0017939388615172325,7,STOP_AFTER_TP1,True
MMM,S3,long,RISK_ON,3,2017-09-29 00:00:00+00:00,2017-11-15 00:00:00+00:00,210.10989999999998,227.4,5.155011031690416,0.02577505515845208,33,EMA_TRAIL,True
DHR,S3,long,RISK_ON,3,2017-09-29 00:00:00+00:00,2017-10-17 00:00:00+00:00,85.86577999999999,84.14118571428571,-1.0,-0.005,12,SL,False
MPC,S3,long,RISK_ON,3,2017-10-02 00:00:00+00:00,2018-01-29 00:00:00+00:00,55.94588999999999,70.15,6.585762945628091,0.03292881472814046,81,EMA_TRAIL,True
COP,S3,long,RISK_ON,3,2017-10-02 00:00:00+00:00,2017-11-14 00:00:00+00:00,50.36031,51.23,0.7335677998078,0.003667838999039,31,EMA_TRAIL,True
CVS,S3,long,RISK_ON,3,2017-10-02 00:00:00+00:00,2017-10-06 00:00:00+00:00,80.85076999999998,79.92507499999999,-1.0,-0.005,4,SL,False
NOV,S3,long,RISK_ON,3,2017-10-02 00:00:00+00:00,2017-10-03 00:00:00+00:00,35.385349999999995,34.72121071428572,-1.0,-0.005,1,SL,False
OXY,S3,long,RISK_ON,3,2017-10-02 00:00:00+00:00,2017-10-27 00:00:00+00:00,64.17411,64.17411,0.44400672418136344,0.0022200336209068174,19,STOP_AFTER_TP1,True
NAVI,S3,long,RISK_ON,3,2017-10-03 00:00:00+00:00,2017-10-05 00:00:00+00:00,14.97496,14.471785714285714,-1.0,-0.005,2,SL,False
NOV,S3,long,RISK_ON,3,2017-10-03 00:00:00+00:00,2017-10-19 00:00:00+00:00,35.16513,34.26998571428571,-1.0,-0.005,12,SL,False
MAR,S3,long,RISK_ON,3,2017-10-03 00:00:00+00:00,2018-02-02 00:00:00+00:00,109.5094,141.17,15.81065387703115,0.07905326938515575,84,EMA_TRAIL,True
CSCO,S3,long,RISK_ON,3,2017-10-04 00:00:00+00:00,2017-11-09 00:00:00+00:00,33.47344,34.05,1.4702518465541252,0.007351259232770626,26,EMA_TRAIL,True
KEY,S3,long,RISK_ON,3,2017-10-04 00:00:00+00:00,2017-10-09 00:00:00+00:00,18.588569999999997,18.588569999999997,0.6344975249936461,0.0031724876249682307,3,STOP_AFTER_TP1,True
EOG,S3,long,RISK_ON,3,2017-10-04 00:00:00+00:00,2017-10-19 00:00:00+00:00,96.42633,96.42633,0.5500625535556134,0.0027503127677780672,11,STOP_AFTER_TP1,True
ADM,S3,long,RISK_ON,3,2017-10-04 00:00:00+00:00,2017-10-19 00:00:00+00:00,43.073029999999996,43.073029999999996,0.5201159570525773,0.0026005797852628864,11,STOP_AFTER_TP1,True
NTRS,S3,long,RISK_ON,3,2017-10-04 00:00:00+00:00,2017-10-16 00:00:00+00:00,91.75165999999999,91.75165999999999,0.3223455869527029,0.0016117279347635145,8,STOP_AFTER_TP1,True
PBCT,S3,long,RISK_ON,3,2017-10-04 00:00:00+00:00,2017-11-06 00:00:00+00:00,17.93792,18.42,2.464182690991944,0.012320913454959722,23,EMA_TRAIL,True
FBHS,S3,long,RISK_ON,3,2017-10-05 00:00:00+00:00,2017-10-19 00:00:00+00:00,65.81575,65.28590714285714,-1.0,-0.005,10,SL,False
INTU,S3,long,RISK_ON,3,2017-10-05 00:00:00+00:00,2017-11-21 00:00:00+00:00,143.00286,151.79,1.8438392251715343,0.009219196125857672,33,EMA_TRAIL,True
NLSN,S3,long,RISK_ON,3,2017-10-06 00:00:00+00:00,2017-10-09 00:00:00+00:00,41.19114999999999,40.58235714285714,-1.0,-0.005,1,SL,False
IFF,S3,long,RISK_ON,3,2017-10-06 00:00:00+00:00,2017-10-30 00:00:00+00:00,145.77562999999998,146.77,0.7184873926350822,0.003592436963175411,16,EMA_TRAIL,True
T,S3,long,RISK_ON,3,2017-10-06 00:00:00+00:00,2017-10-09 00:00:00+00:00,38.62859,38.26710714285714,-1.0,-0.005,1,SL,False
EMR,S3,long,RISK_ON,3,2017-10-06 00:00:00+00:00,2017-10-11 00:00:00+00:00,63.76369999999999,63.254285714285714,-1.0,-0.005,3,SL,False
CSX,S3,long,RISK_ON,3,2017-10-09 00:00:00+00:00,2017-10-25 00:00:00+00:00,52.862809999999996,52.862809999999996,0.319110238533817,0.0015955511926690849,12,STOP_AFTER_TP1,True
FAST,S3,long,RISK_ON,3,2017-10-09 00:00:00+00:00,2017-10-10 00:00:00+00:00,45.835789999999996,45.31444642857143,-1.0,-0.005,1,SL,False
HBAN,S3,long,RISK_ON,3,2017-10-09 00:00:00+00:00,2017-10-13 00:00:00+00:00,13.863849999999998,13.7128,-1.0,-0.005,4,SL,False
CFG,S3,long,RISK_ON,3,2017-10-09 00:00:00+00:00,2017-10-13 00:00:00+00:00,37.34731,36.70425,-1.0,-0.005,4,SL,False
WY,S3,long,RISK_ON,3,2017-10-09 00:00:00+00:00,2017-10-12 00:00:00+00:00,34.15411999999999,34.15411999999999,0.2725897276259321,0.0013629486381296606,3,STOP_AFTER_TP1,True
L,S3,long,RISK_ON,3,2017-10-09 00:00:00+00:00,2017-10-17 00:00:00+00:00,48.60856,48.60856,0.3972289201518133,0.0019861446007590666,6,STOP_AFTER_TP1,True
GRMN,S3,long,RISK_ON,3,2017-10-09 00:00:00+00:00,2017-12-12 00:00:00+00:00,53.97391999999999,61.13,7.061943263013338,0.035309716315066686,45,EMA_TRAIL,True
KEY,S3,long,RISK_ON,3,2017-10-09 00:00:00+00:00,2017-10-12 00:00:00+00:00,18.588569999999997,18.362289285714287,-1.0,-0.005,3,SL,False
VRSK,S3,long,RISK_ON,3,2017-10-09 00:00:00+00:00,2018-02-05 00:00:00+00:00,83.41332999999999,94.89,7.785084827156316,0.03892542413578158,81,SMA50_BREAK,True
PX,S3,long,RISK_ON,3,2017-10-09 00:00:00+00:00,2017-10-19 00:00:00+00:00,141.01086999999998,139.71031428571428,-1.0,-0.005,8,SL,False
WFC,S3,long,RISK_ON,3,2017-10-09 00:00:00+00:00,2017-10-13 00:00:00+00:00,55.195139999999995,54.55503928571429,-1.0,-0.005,4,SL,False
MON,S3,long,RISK_ON,3,2017-10-09 00:00:00+00:00,2017-11-02 00:00:00+00:00,119.76965,120.43,0.8848183430320951,0.004424091715160476,18,EMA_TRAIL,True
T,S3,long,RISK_ON,3,2017-10-10 00:00:00+00:00,2017-10-12 00:00:00+00:00,38.5385,37.90696428571429,-1.0,-0.005,2,SL,False
MAS,S3,long,RISK_ON,3,2017-10-10 00:00:00+00:00,2017-10-19 00:00:00+00:00,38.78874999999999,38.45621428571428,-1.0,-0.005,7,SL,False
HD,S3,long,RISK_ON,3,2017-10-10 00:00:00+00:00,2017-10-16 00:00:00+00:00,165.32515999999998,163.98371428571426,-1.0,-0.005,4,SL,False
PPG,S3,long,RISK_ON,3,2017-10-11 00:00:00+00:00,2017-10-19 00:00:00+00:00,112.52240999999998,111.01816071428571,-1.0,-0.005,6,SL,False
DFS,S3,long,RISK_ON,3,2017-10-11 00:00:00+00:00,2017-10-12 00:00:00+00:00,64.90484,64.15357142857142,-1.0,-0.005,1,SL,False
EMR,S3,long,RISK_ON,3,2017-10-11 00:00:00+00:00,2017-10-31 00:00:00+00:00,63.49342999999999,64.46,2.648588018252471,0.013242940091262353,14,EMA_TRAIL,True
GS,S3,long,RISK_ON,3,2017-10-11 00:00:00+00:00,2017-10-12 00:00:00+00:00,242.64239999999998,239.68681785714284,-1.0,-0.005,1,SL,False
CMA,S3,long,RISK_ON,3,2017-10-11 00:00:00+00:00,2017-10-13 00:00:00+00:00,76.64656999999998,75.6478857142857,-1.0,-0.005,2,SL,False
INTC,S3,long,RISK_ON,3,2017-10-12 00:00:00+00:00,2017-11-10 00:00:00+00:00,39.229189999999996,45.58,5.474011816007896,0.02737005908003948,21,EMA_TRAIL,True
ALL,S3,long,RISK_ON,3,2017-10-12 00:00:00+00:00,2017-10-17 00:00:00+00:00,92.63253999999999,91.96658571428573,-1.0,-0.005,3,SL,False
STI,S3,long,RISK_ON,3,2017-10-12 00:00:00+00:00,2017-10-13 00:00:00+00:00,59.72966999999999,59.16070714285714,-1.0,-0.005,1,SL,False
BBT,S3,long,RISK_ON,3,2017-10-12 00:00:00+00:00,2017-10-13 00:00:00+00:00,46.89684999999999,46.433035714285715,-1.0,-0.005,1,SL,False
BEN,S3,long,RISK_ON,3,2017-10-12 00:00:00+00:00,2017-10-17 00:00:00+00:00,44.84479999999999,44.40696428571428,-1.0,-0.005,3,SL,False
GS,S3,long,RISK_ON,3,2017-10-12 00:00:00+00:00,2017-10-13 00:00:00+00:00,240.03979999999999,237.01324642857142,-1.0,-0.005,1,SL,False
CMA,S3,long,RISK_ON,3,2017-10-13 00:00:00+00:00,2017-11-07 00:00:00+00:00,75.62554999999999,77.16,1.3386110564487845,0.0066930552822439225,17,EMA_TRAIL,True
COF,S3,long,RISK_ON,3,2017-10-13 00:00:00+00:00,2017-11-08 00:00:00+00:00,85.44536,88.97,1.4908872260437542,0.007454436130218772,18,EMA_TRAIL,True
BBT,S3,long,RISK_ON,3,2017-10-13 00:00:00+00:00,2017-10-19 00:00:00+00:00,46.7467,46.01553571428571,-1.0,-0.005,4,SL,False
CFG,S3,long,RISK_ON,3,2017-10-13 00:00:00+00:00,2017-11-07 00:00:00+00:00,37.01697999999999,37.67,0.8933238166947554,0.004466619083473777,17,EMA_TRAIL,True
HBAN,S3,long,RISK_ON,3,2017-10-13 00:00:00+00:00,2017-10-30 00:00:00+00:00,13.713699999999998,13.77,0.7170752741160669,0.0035853763705803346,11,EMA_TRAIL,True
STI,S3,long,RISK_ON,3,2017-10-16 00:00:00+00:00,2017-11-07 00:00:00+00:00,59.85979999999999,58.24892142857143,-1.0,-0.005,16,SL,False
GLW,S3,long,RISK_ON,3,2017-10-16 00:00:00+00:00,2017-11-15 00:00:00+00:00,29.91989,31.32,2.251560277592177,0.011257801387960883,22,EMA_TRAIL,True
HD,S3,long,RISK_ON,3,2017-10-16 00:00:00+00:00,2017-10-17 00:00:00+00:00,164.38421999999997,162.5808964285714,-1.0,-0.005,1,SL,False
PAYX,S3,long,RISK_ON,3,2017-10-16 00:00:00+00:00,2017-10-31 00:00:00+00:00,63.51345,63.51345,1.3646184936370105,0.006823092468185053,11,STOP_AFTER_TP1,True
DFS,S3,long,RISK_ON,3,2017-10-17 00:00:00+00:00,2017-10-25 00:00:00+00:00,64.72465999999999,64.72465999999999,0.4885491489994047,0.0024427457449970238,6,STOP_AFTER_TP1,True
USB,S3,long,RISK_ON,3,2017-10-17 00:00:00+00:00,2017-10-18 00:00:00+00:00,53.933879999999995,53.42247857142857,-1.0,-0.005,1,SL,False
GD,S3,long,RISK_ON,3,2017-10-17 00:00:00+00:00,2017-10-18 00:00:00+00:00,211.75153999999998,209.93144999999998,-1.0,-0.005,1,SL,False
L,S3,long,RISK_ON,3,2017-10-17 00:00:00+00:00,2017-10-23 00:00:00+00:00,48.708659999999995,48.708659999999995,0.4059192829180534,0.002029596414590267,4,STOP_AFTER_TP1,True
BEN,S3,long,RISK_ON,3,2017-10-17 00:00:00+00:00,2017-10-25 00:00:00+00:00,44.43438999999999,44.43438999999999,0.8434426380521702,0.004217213190260851,6,STOP_AFTER_TP1,True
BLL,S3,long,RISK_ON,3,2017-10-17 00:00:00+00:00,2017-11-02 00:00:00+00:00,42.02197999999999,42.02197999999999,0.47053451891751585,0.0023526725945875794,12,STOP_AFTER_TP1,True
FISV,S3,long,RISK_ON,3,2017-10-18 00:00:00+00:00,2017-11-01 00:00:00+00:00,127.19706999999998,127.19706999999998,0.5941907373802278,0.002970953686901139,10,STOP_AFTER_TP1,True
EA,S5,long,RISK_ON,3,2017-10-18 00:00:00+00:00,2017-10-19 00:00:00+00:00,113.27315999999999,113.07,-0.06856194063094728,-0.00034280970315473644,1,SMA50_BREAK,False
HD,S3,long,RISK_ON,3,2017-10-18 00:00:00+00:00,2017-11-02 00:00:00+00:00,163.61344999999997,163.61344999999997,0.35711072439062663,0.0017855536219531331,11,STOP_AFTER_TP1,True
APD,S3,long,RISK_ON,3,2017-10-19 00:00:00+00:00,2017-12-06 00:00:00+00:00,153.01286,160.42,3.475381043776512,0.01737690521888256,33,EMA_TRAIL,True
EOG,S3,long,RISK_ON,3,2017-10-19 00:00:00+00:00,2017-11-15 00:00:00+00:00,95.85575999999999,101.36,5.67800671790385,0.02839003358951925,19,EMA_TRAIL,True
ADM,S3,long,RISK_ON,3,2017-10-19 00:00:00+00:00,2017-10-27 00:00:00+00:00,43.35331,42.643553571428576,-1.0,-0.005,6,SL,False
PX,S3,long,RISK_ON,3,2017-10-19 00:00:00+00:00,2017-11-15 00:00:00+00:00,140.55040999999997,146.17,3.320210024020076,0.01660105012010038,19,EMA_TRAIL,True
GD,S3,long,RISK_ON,3,2017-10-19 00:00:00+00:00,2017-10-25 00:00:00+00:00,211.85163999999997,211.85163999999997,0.31099015017348164,0.0015549507508674082,4,STOP_AFTER_TP1,True
GS,S3,long,RISK_ON,3,2017-10-23 00:00:00+00:00,2017-11-06 00:00:00+00:00,242.37212999999997,242.37212999999997,0.40367980357573613,0.002018399017878681,10,STOP_AFTER_TP1,True
KEY,S3,long,RISK_ON,3,2017-10-23 00:00:00+00:00,2017-11-02 00:00:00+00:00,18.468449999999997,18.135664285714284,-1.0,-0.005,8,SL,False
ITW,S2,long,RISK_ON,3,2017-10-23 00:00:00+00:00,2018-02-02 00:00:00+00:00,155.66550999999998,170.38,3.081689970172705,0.015408449850863527,70,EMA_TRAIL,True
TIF,S3,long,RISK_ON,3,2017-10-23 00:00:00+00:00,2017-10-25 00:00:00+00:00,93.76366999999999,92.73235714285714,-1.0,-0.005,2,SL,False
MHK,S3,long,RISK_ON,3,2017-10-25 00:00:00+00:00,2017-10-30 00:00:00+00:00,263.738475,263.738475,0.30340513524504215,0.0015170256762252108,3,STOP_AFTER_TP1,True
ECL,S3,long,RISK_ON,3,2017-10-25 00:00:00+00:00,2017-10-30 00:00:00+00:00,132.60246999999998,131.03673214285715,-1.0,-0.005,3,SL,False
NTRS,S3,long,RISK_ON,3,2017-10-25 00:00:00+00:00,2017-11-07 00:00:00+00:00,94.85476,92.55866428571429,-1.0,-0.005,9,SL,False
TIF,S3,long,RISK_ON,3,2017-10-25 00:00:00+00:00,2017-11-07 00:00:00+00:00,93.57347999999999,91.92735714285715,-1.0,-0.005,9,SL,False
FBHS,S3,long,RISK_ON,3,2017-10-25 00:00:00+00:00,2017-10-27 00:00:00+00:00,66.941875,66.941875,0.5212456073333427,0.0026062280366667134,2,STOP_AFTER_TP1,True
WY,S3,long,RISK_ON,3,2017-10-25 00:00:00+00:00,2017-11-27 00:00:00+00:00,34.714679999999994,35.53,1.7507827868831622,0.00875391393441581,22,EMA_TRAIL,True
FAST,S3,long,RISK_ON,3,2017-10-25 00:00:00+00:00,2018-01-17 00:00:00+00:00,46.68664,52.2,3.469950306677426,0.01734975153338713,56,EMA_TRAIL,True
JNJ,S3,long,RISK_ON,3,2017-10-27 00:00:00+00:00,2017-10-31 00:00:00+00:00,141.92177999999998,139.07368214285714,-1.0,-0.005,2,SL,False
MAS,S3,long,RISK_ON,3,2017-10-27 00:00:00+00:00,2017-11-01 00:00:00+00:00,40.20015999999999,39.36696428571429,-1.0,-0.005,3,SL,False
PPG,S3,long,RISK_ON,3,2017-10-30 00:00:00+00:00,2017-11-09 00:00:00+00:00,116.27615999999999,115.00196428571428,-1.0,-0.005,8,SL,False
AKAM,S3,long,RISK_ON,3,2017-10-30 00:00:00+00:00,2018-02-02 00:00:00+00:00,52.51246,65.72,10.704885175123756,0.053524425875618786,65,EMA_TRAIL,True
MSI,S3,long,RISK_ON,3,2017-10-30 00:00:00+00:00,2017-11-14 00:00:00+00:00,90.46037,90.46037,0.46447012466333987,0.0023223506233166994,11,STOP_AFTER_TP1,True
WMT,S3,long,RISK_ON,3,2017-10-30 00:00:00+00:00,2018-02-05 00:00:00+00:00,87.03694999999999,100.09,7.268164410869918,0.03634082205434959,66,SMA50_BREAK,True
DFS,S3,long,RISK_ON,3,2017-10-30 00:00:00+00:00,2017-11-07 00:00:00+00:00,66.57651,66.57651,0.30660390000425586,0.0015330195000212794,6,STOP_AFTER_TP1,True
BDX,S3,long,RISK_ON,3,2017-10-30 00:00:00+00:00,2017-11-01 00:00:00+00:00,208.85864999999998,206.46303928571427,-1.0,-0.005,2,SL,False
PAYX,S3,long,RISK_ON,3,2017-10-31 00:00:00+00:00,2017-12-29 00:00:00+00:00,63.85378999999999,68.08,4.419545486982948,0.022097727434914737,41,EMA_TRAIL,True
NOV,S1,long,RISK_ON,3,2017-10-31 00:00:00+00:00,2017-11-02 00:00:00+00:00,34.22418999999999,33.36,-0.3893712406226748,-0.001946856203113374,2,SMA50_BREAK,False
JNJ,S3,long,RISK_ON,3,2017-10-31 00:00:00+00:00,2017-11-20 00:00:00+00:00,139.54941,137.87689642857143,-1.0,-0.005,14,SL,False
RHI,S3,long,RISK_ON,3,2017-10-31 00:00:00+00:00,2017-12-05 00:00:00+00:00,51.82177,53.29,0.9948256659166093,0.004974128329583046,24,EMA_TRAIL,True
D,S3,long,RISK_ON,3,2017-11-01 00:00:00+00:00,2017-12-18 00:00:00+00:00,80.57048999999999,82.75,3.020783250904721,0.015103916254523607,32,EMA_TRAIL,True
AEP,S3,long,RISK_ON,3,2017-11-01 00:00:00+00:00,2017-11-03 00:00:00+00:00,74.08400999999999,74.08400999999999,0.34372028817015565,0.0017186014408507783,2,STOP_AFTER_TP1,True
NUE,S3,long,RISK_ON,3,2017-11-01 00:00:00+00:00,2017-11-08 00:00:00+00:00,58.85879999999999,57.10839285714285,-1.0,-0.005,5,SL,False
SNA,S3,long,RISK_ON,3,2017-11-01 00:00:00+00:00,2017-12-14 00:00:00+00:00,158.51836,165.5,1.7124810710433125,0.008562405355216563,30,EMA_TRAIL,True
MHK,S3,long,RISK_ON,3,2017-11-01 00:00:00+00:00,2017-11-02 00:00:00+00:00,262.71244999999993,259.10625,-1.0,-0.005,1,SL,False
WYN,S3,long,RISK_ON,3,2017-11-01 00:00:00+00:00,2017-11-10 00:00:00+00:00,107.32721999999998,104.9144357142857,-1.0,-0.005,7,SL,False
WEC,S3,long,RISK_ON,3,2017-11-01 00:00:00+00:00,2017-12-05 00:00:00+00:00,67.01695,68.24,1.8358893874000086,0.009179446937000043,23,EMA_TRAIL,True
XEL,S3,long,RISK_ON,3,2017-11-01 00:00:00+00:00,2017-11-03 00:00:00+00:00,49.27922999999999,49.27922999999999,0.4354918781356202,0.002177459390678101,2,STOP_AFTER_TP1,True
BAX,S3,long,RISK_ON,3,2017-11-02 00:00:00+00:00,2017-11-17 00:00:00+00:00,64.13406999999998,63.253189285714285,-1.0,-0.005,11,SL,False
PCLN,S3,long,RISK_ON,3,2017-11-02 00:00:00+00:00,2017-11-06 00:00:00+00:00,1913.0511399999998,1890.8035714285716,-1.0,-0.005,2,SL,False
FE,S3,long,RISK_ON,3,2017-11-02 00:00:00+00:00,2017-11-28 00:00:00+00:00,32.6326,33.54,1.3352058063233416,0.006676029031616708,17,EMA_TRAIL,True
AFL,S3,long,RISK_ON,3,2017-11-03 00:00:00+00:00,2017-11-10 00:00:00+00:00,84.06398,83.23214285714286,-1.0,-0.005,5,SL,False
TRV,S3,long,RISK_ON,3,2017-11-03 00:00:00+00:00,2017-11-14 00:00:00+00:00,133.45332,131.88410714285715,-1.0,-0.005,7,SL,False
SYK,S3,long,RISK_ON,3,2017-11-03 00:00:00+00:00,2017-11-10 00:00:00+00:00,156.33617999999998,152.87750357142858,-1.0,-0.005,5,SL,False
SCHW,S3,long,RISK_ON,3,2017-11-03 00:00:00+00:00,2017-11-09 00:00:00+00:00,44.864819999999995,43.32845714285715,-1.0,-0.005,4,SL,False
XOM,S3,long,RISK_ON,3,2017-11-03 00:00:00+00:00,2017-11-10 00:00:00+00:00,83.26317999999999,82.53425357142856,-1.0,-0.005,5,SL,False
RJF,S3,long,RISK_ON,3,2017-11-06 00:00:00+00:00,2017-11-07 00:00:00+00:00,85.40531999999999,83.72079285714287,-1.0,-0.005,1,SL,False
WFC,S3,long,RISK_ON,3,2017-11-06 00:00:00+00:00,2017-11-07 00:00:00+00:00,56.23617999999999,55.513353571428574,-1.0,-0.005,1,SL,False
WAT,S3,long,RISK_ON,3,2017-11-06 00:00:00+00:00,2017-11-09 00:00:00+00:00,195.82562999999996,193.53339285714284,-1.0,-0.005,3,SL,False
MET,S3,long,RISK_ON,3,2017-11-06 00:00:00+00:00,2017-11-07 00:00:00+00:00,54.38432999999999,53.68555,-1.0,-0.005,1,SL,False
L,S3,long,RISK_ON,3,2017-11-07 00:00:00+00:00,2017-11-14 00:00:00+00:00,49.539489999999994,49.539489999999994,0.27975886191667687,0.0013987943095833844,5,STOP_AFTER_TP1,True
MHK,S3,long,RISK_ON,3,2017-11-07 00:00:00+00:00,2017-12-12 00:00:00+00:00,261.18092,275.34,1.8868130317105902,0.009434065158552952,24,EMA_TRAIL,True
NKE,S3,long,RISK_ON,3,2017-11-08 00:00:00+00:00,2018-01-16 00:00:00+00:00,55.81575999999999,63.42,3.8817582990006168,0.019408791495003085,45,EMA_TRAIL,True
PKI,S3,long,RISK_ON,3,2017-11-08 00:00:00+00:00,2017-12-04 00:00:00+00:00,71.55148,71.55148,0.299898248379735,0.001499491241898675,17,STOP_AFTER_TP1,True
ETN,S3,long,RISK_ON,3,2017-11-08 00:00:00+00:00,2017-11-14 00:00:00+00:00,79.12904999999999,77.17206785714286,-1.0,-0.005,4,SL,False
SO,S3,long,RISK_ON,3,2017-11-09 00:00:00+00:00,2017-11-29 00:00:00+00:00,52.062009999999994,50.917857142857144,-1.0,-0.005,13,SL,False
WAT,S3,long,RISK_ON,3,2017-11-09 00:00:00+00:00,2017-11-21 00:00:00+00:00,195.16496999999998,195.16496999999998,0.4148108799544772,0.002074054399772386,8,STOP_AFTER_TP1,True
CB,S3,long,RISK_ON,3,2017-11-09 00:00:00+00:00,2017-11-17 00:00:00+00:00,151.79163999999997,148.10892142857142,-1.0,-0.005,6,SL,False
PRU,S3,long,RISK_ON,3,2017-11-09 00:00:00+00:00,2017-11-13 00:00:00+00:00,112.06195,110.46196428571429,-1.0,-0.005,2,SL,False
SWKS,S3,long,RISK_ON,3,2017-11-09 00:00:00+00:00,2017-11-15 00:00:00+00:00,111.23111999999999,107.83554285714285,-1.0,-0.005,4,SL,False
GOOGL,S3,long,RISK_ON,3,2017-11-10 00:00:00+00:00,2017-11-29 00:00:00+00:00,1045.19415,1045.19415,0.32973485785369605,0.0016486742892684802,12,STOP_AFTER_TP1,True
GOOG,S3,long,RISK_ON,3,2017-11-10 00:00:00+00:00,2017-11-29 00:00:00+00:00,1029.0980699999998,1029.0980699999998,0.3506786607388953,0.0017533933036944765,12,STOP_AFTER_TP1,True
FISV,S3,long,RISK_ON,3,2017-11-10 00:00:00+00:00,2017-12-14 00:00:00+00:00,128.128,129.9,1.0689725496594382,0.005344862748297191,23,EMA_TRAIL,True
EQIX,S3,long,RISK_ON,3,2017-11-10 00:00:00+00:00,2017-11-15 00:00:00+00:00,482.69220999999993,476.6309642857143,-1.0,-0.005,3,SL,False
NI,S3,long,RISK_ON,3,2017-11-10 00:00:00+00:00,2017-11-15 00:00:00+00:00,27.227199999999996,27.227199999999996,0.37306824826665164,0.0018653412413332582,3,STOP_AFTER_TP1,True
DHR,S3,long,RISK_ON,3,2017-11-10 00:00:00+00:00,2017-11-16 00:00:00+00:00,92.33223999999998,92.33223999999998,0.30086600724991336,0.0015043300362495668,4,STOP_AFTER_TP1,True
PFG,S3,long,RISK_ON,3,2017-11-10 00:00:00+00:00,2017-12-14 00:00:00+00:00,68.12805999999999,69.89,1.185045978152146,0.0059252298907607305,23,EMA_TRAIL,True
BDX,S3,long,RISK_ON,3,2017-11-13 00:00:00+00:00,2017-12-04 00:00:00+00:00,220.21999999999997,220.21999999999997,0.3369361579478341,0.0016846807897391706,14,STOP_AFTER_TP1,True
SYK,S3,long,RISK_ON,3,2017-11-13 00:00:00+00:00,2017-12-07 00:00:00+00:00,155.90574999999998,150.84750357142858,-1.0,-0.005,17,SL,False
SIG,S3,long,RISK_ON,3,2017-11-13 00:00:00+00:00,2017-11-21 00:00:00+00:00,69.55948999999998,69.55948999999998,0.4668121873405147,0.002334060936702574,6,STOP_AFTER_TP1,True
WYNN,S3,long,RISK_ON,3,2017-11-14 00:00:00+00:00,2017-11-15 00:00:00+00:00,153.75359999999998,150.5132392857143,-1.0,-0.005,1,SL,False
MSI,S3,long,RISK_ON,3,2017-11-14 00:00:00+00:00,2017-12-05 00:00:00+00:00,91.11101999999998,91.11101999999998,0.7855429794165848,0.003927714897082924,14,STOP_AFTER_TP1,True
AVGO,S3,long,RISK_ON,3,2017-11-15 00:00:00+00:00,2017-11-29 00:00:00+00:00,265.8656,265.8656,0.4264233387304926,0.002132116693652463,9,STOP_AFTER_TP1,True
MCD,S3,long,RISK_ON,3,2017-11-15 00:00:00+00:00,2017-12-21 00:00:00+00:00,167.48731999999998,171.85,2.03956952202107,0.010197847610105351,25,EMA_TRAIL,True
HST,S3,long,RISK_ON,3,2017-11-15 00:00:00+00:00,2017-11-28 00:00:00+00:00,19.77976,19.573035714285716,-1.0,-0.005,8,SL,False
WYNN,S3,long,RISK_ON,3,2017-11-15 00:00:00+00:00,2018-01-02 00:00:00+00:00,151.77161999999998,164.3,2.798099921434911,0.013990499607174555,31,EMA_TRAIL,True
SWKS,S3,long,RISK_ON,3,2017-11-16 00:00:00+00:00,2017-11-29 00:00:00+00:00,110.17005999999999,105.38629285714286,-1.0,-0.005,8,SL,False
AFL,S3,long,RISK_ON,3,2017-11-16 00:00:00+00:00,2017-12-20 00:00:00+00:00,84.39430999999999,87.36,2.065267765925281,0.010326338829626405,23,EMA_TRAIL,True
SBAC,S3,long,RISK_ON,3,2017-11-16 00:00:00+00:00,2017-12-04 00:00:00+00:00,164.83466999999996,164.83466999999996,0.3665431950076924,0.001832715975038462,11,STOP_AFTER_TP1,True
GLW,S3,long,RISK_ON,3,2017-11-16 00:00:00+00:00,2017-12-01 00:00:00+00:00,31.681649999999994,31.681649999999994,0.2682277474515603,0.0013411387372578016,10,STOP_AFTER_TP1,True
CSCO,S2,long,RISK_ON,3,2017-11-16 00:00:00+00:00,2018-02-02 00:00:00+00:00,35.91588,40.93,1.4665189590849619,0.00733259479542481,52,EMA_TRAIL,True
SCHW,S3,long,RISK_ON,3,2017-11-17 00:00:00+00:00,2018-01-30 00:00:00+00:00,44.72467999999999,53.2,5.650440128816804,0.02825220064408402,48,EMA_TRAIL,True
NEE,S3,long,RISK_ON,3,2017-11-17 00:00:00+00:00,2017-11-22 00:00:00+00:00,156.19603999999998,154.68712857142856,-1.0,-0.005,3,SL,False
XEL,S3,long,RISK_ON,3,2017-11-17 00:00:00+00:00,2017-11-22 00:00:00+00:00,50.940889999999996,50.46714285714285,-1.0,-0.005,3,SL,False
AEP,S3,long,RISK_ON,3,2017-11-17 00:00:00+00:00,2017-12-05 00:00:00+00:00,76.45637999999998,76.45637999999998,0.5562312972380152,0.0027811564861900764,11,STOP_AFTER_TP1,True
LNT,S3,long,RISK_ON,3,2017-11-20 00:00:00+00:00,2017-12-14 00:00:00+00:00,44.30425999999999,43.809560714285716,-1.0,-0.005,17,SL,False
ALL,S3,long,RISK_ON,3,2017-11-21 00:00:00+00:00,2018-01-02 00:00:00+00:00,99.79969999999999,101.92,1.8725865846941634,0.009362932923470816,27,EMA_TRAIL,True
NI,S3,long,RISK_ON,3,2017-11-21 00:00:00+00:00,2017-12-05 00:00:00+00:00,27.247219999999995,26.720710714285715,-1.0,-0.005,9,SL,False
L,S3,long,RISK_ON,3,2017-11-22 00:00:00+00:00,2017-12-14 00:00:00+00:00,49.40935999999999,49.40935999999999,0.5600030862666838,0.0028000154313334194,15,STOP_AFTER_TP1,True
ED,S3,long,RISK_ON,3,2017-11-22 00:00:00+00:00,2017-12-14 00:00:00+00:00,86.74665999999999,87.59,1.047400280585521,0.005237001402927605,15,EMA_TRAIL,True
YUM,S3,long,RISK_ON,3,2017-11-22 00:00:00+00:00,2017-12-29 00:00:00+00:00,79.30923,81.61,2.936767204481897,0.014683836022409484,25,EMA_TRAIL,True
XEL,S3,long,RISK_ON,3,2017-11-22 00:00:00+00:00,2017-12-19 00:00:00+00:00,50.580529999999996,50.050178571428575,-1.0,-0.005,18,SL,False
WAT,S3,long,RISK_ON,3,2017-11-22 00:00:00+00:00,2017-12-04 00:00:00+00:00,196.76656999999997,194.67,-0.01937603872258703,-9.688019361293515e-05,7,EMA_TRAIL,True
NEE,S3,long,RISK_ON,3,2017-11-24 00:00:00+00:00,2017-12-13 00:00:00+00:00,156.18603,156.18603,0.4084053725683897,0.0020420268628419487,13,STOP_AFTER_TP1,True
PRU,S2,long,RISK_ON,3,2017-11-28 00:00:00+00:00,2018-02-02 00:00:00+00:00,112.94282999999999,117.33,0.8934904055115056,0.0044674520275575285,45,SMA50_BREAK,False
XRAY,S3,long,RISK_ON,3,2017-12-01 00:00:00+00:00,2017-12-11 00:00:00+00:00,66.14608,64.831575,-1.0,-0.005,6,SL,False
MAC,S3,long,RISK_ON,3,2017-12-01 00:00:00+00:00,2017-12-20 00:00:00+00:00,64.28421999999999,64.65,0.6459498582232935,0.003229749291116468,13,EMA_TRAIL,True
CTXS,S2,long,RISK_ON,3,2017-12-01 00:00:00+00:00,2018-02-05 00:00:00+00:00,88.43834999999999,89.07,0.18018313555454415,0.0009009156777727208,43,SMA50_BREAK,False
SRE,S3,long,RISK_ON,3,2017-12-01 00:00:00+00:00,2017-12-05 00:00:00+00:00,120.60047999999999,119.05429642857143,-1.0,-0.005,2,SL,False
PNW,S3,long,RISK_ON,3,2017-12-01 00:00:00+00:00,2017-12-04 00:00:00+00:00,91.10100999999999,90.15589285714286,-1.0,-0.005,1,SL,False
CMS,S3,long,RISK_ON,3,2017-12-04 00:00:00+00:00,2017-12-05 00:00:00+00:00,49.80975999999999,49.272392857142854,-1.0,-0.005,1,SL,False
NDAQ,S3,long,RISK_ON,3,2017-12-05 00:00:00+00:00,2017-12-07 00:00:00+00:00,78.58851,77.783125,-1.0,-0.005,2,SL,False
GLW,S3,long,RISK_ON,3,2017-12-05 00:00:00+00:00,2017-12-06 00:00:00+00:00,32.27224,31.80538214285714,-1.0,-0.005,1,SL,False
VAR,S3,long,RISK_ON,3,2017-12-05 00:00:00+00:00,2017-12-14 00:00:00+00:00,109.36926,109.77,1.404856801708637,0.007024284008543185,7,EMA_TRAIL,True
BXP,S3,long,RISK_ON,3,2017-12-05 00:00:00+00:00,2017-12-06 00:00:00+00:00,125.61548999999998,124.712875,-1.0,-0.005,1,SL,False
HP,S3,long,RISK_ON,3,2017-12-05 00:00:00+00:00,2017-12-06 00:00:00+00:00,57.897839999999995,56.81517857142857,-1.0,-0.005,1,SL,False
REG,S3,long,RISK_ON,3,2017-12-05 00:00:00+00:00,2017-12-06 00:00:00+00:00,67.85779,67.36714285714285,-1.0,-0.005,1,SL,False
REG,S3,long,RISK_ON,3,2017-12-06 00:00:00+00:00,2017-12-20 00:00:00+00:00,67.40733999999999,68.01,0.9056525480408737,0.004528262740204368,10,EMA_TRAIL,True
CMS,S3,long,RISK_ON,3,2017-12-06 00:00:00+00:00,2017-12-14 00:00:00+00:00,49.45940999999999,48.803821428571425,-1.0,-0.005,6,SL,False
ES,S3,long,RISK_ON,3,2017-12-06 00:00:00+00:00,2017-12-18 00:00:00+00:00,65.17510999999999,63.97089285714285,-1.0,-0.005,8,SL,False
PNW,S3,long,RISK_ON,3,2017-12-07 00:00:00+00:00,2017-12-14 00:00:00+00:00,90.24015,88.55696428571429,-1.0,-0.005,5,SL,False
MMC,S3,long,RISK_ON,3,2017-12-07 00:00:00+00:00,2017-12-14 00:00:00+00:00,83.81372999999999,83.03825357142857,-1.0,-0.005,5,SL,False
TJX,S3,long,RISK_ON,3,2017-12-07 00:00:00+00:00,2017-12-11 00:00:00+00:00,73.91384,72.94250357142857,-1.0,-0.005,2,SL,False
NTRS,S3,long,RISK_ON,3,2017-12-07 00:00:00+00:00,2018-02-02 00:00:00+00:00,97.41731999999999,104.63,2.412662373446488,0.01206331186723244,38,EMA_TRAIL,True
ZION,S3,long,RISK_ON,3,2017-12-07 00:00:00+00:00,2018-02-05 00:00:00+00:00,50.520469999999996,51.65,0.8633595173977766,0.0043167975869888835,39,EMA_TRAIL,True
ICE,S3,long,RISK_ON,3,2017-12-08 00:00:00+00:00,2018-01-30 00:00:00+00:00,71.00093,73.55,1.0091729925001314,0.005045864962500657,34,EMA_TRAIL,True
CAG,S3,long,RISK_ON,3,2017-12-08 00:00:00+00:00,2018-01-02 00:00:00+00:00,37.28724999999999,37.28724999999999,0.4236316425431346,0.002118158212715673,15,STOP_AFTER_TP1,True
MAS,S3,long,RISK_ON,3,2017-12-11 00:00:00+00:00,2017-12-14 00:00:00+00:00,42.462419999999995,41.875392857142856,-1.0,-0.005,3,SL,False
HP,S3,long,RISK_ON,3,2017-12-11 00:00:00+00:00,2017-12-14 00:00:00+00:00,58.49843999999999,57.028214285714284,-1.0,-0.005,3,SL,False
TJX,S3,long,RISK_ON,3,2017-12-11 00:00:00+00:00,2018-02-02 00:00:00+00:00,73.37329999999999,78.47,4.055095867319425,0.020275479336597124,36,EMA_TRAIL,True
MKC,S3,long,RISK_ON,3,2017-12-12 00:00:00+00:00,2018-01-19 00:00:00+00:00,101.17106999999999,98.61480357142857,-1.0,-0.005,25,SL,False
WYN,S3,long,RISK_ON,3,2017-12-12 00:00:00+00:00,2017-12-14 00:00:00+00:00,112.09197999999999,111.00682142857143,-1.0,-0.005,2,SL,False
NDAQ,S3,long,RISK_ON,3,2017-12-13 00:00:00+00:00,2017-12-14 00:00:00+00:00,78.28820999999998,77.56271428571428,-1.0,-0.005,1,SL,False
KSU,S3,long,RISK_ON,3,2017-12-13 00:00:00+00:00,2017-12-22 00:00:00+00:00,111.07095999999999,108.054275,-1.0,-0.005,7,SL,False
FLR,S3,long,RISK_ON,3,2017-12-14 00:00:00+00:00,2018-02-05 00:00:00+00:00,49.91986999999999,56.25,7.6481707112781,0.0382408535563905,34,EMA_TRAIL,True
BXP,S3,long,RISK_ON,3,2017-12-14 00:00:00+00:00,2017-12-21 00:00:00+00:00,126.83670999999998,126.83670999999998,0.30903969627479444,0.0015451984813739722,5,STOP_AFTER_TP1,True
HSY,S2,long,RISK_ON,3,2017-12-15 00:00:00+00:00,2018-01-10 00:00:00+00:00,114.25413999999999,111.24974642857143,-1.0,-0.005,16,SL,False
SYY,S3,long,RISK_ON,3,2017-12-18 00:00:00+00:00,2018-01-04 00:00:00+00:00,61.40134,60.11214285714286,-1.0,-0.005,11,SL,False
L,S3,long,RISK_ON,3,2017-12-18 00:00:00+00:00,2018-01-30 00:00:00+00:00,50.029979999999995,51.99,2.2631355072864903,0.011315677536432452,28,EMA_TRAIL,True
VAR,S3,long,RISK_ON,3,2017-12-19 00:00:00+00:00,2018-01-12 00:00:00+00:00,110.8107,108.3725,-1.0,-0.005,16,SL,False
WYN,S3,long,RISK_ON,3,2017-12-19 00:00:00+00:00,2018-01-05 00:00:00+00:00,113.67356,113.67356,0.36061350146959636,0.0018030675073479818,11,STOP_AFTER_TP1,True
GLW,S3,long,RISK_ON,3,2017-12-19 00:00:00+00:00,2018-01-25 00:00:00+00:00,32.29225999999999,33.81,3.505655204251809,0.017528276021259045,24,EMA_TRAIL,True
MS,S3,long,RISK_ON,3,2017-12-19 00:00:00+00:00,2017-12-22 00:00:00+00:00,52.982929999999996,52.364464285714284,-1.0,-0.005,3,SL,False
GPC,S3,long,RISK_ON,3,2017-12-19 00:00:00+00:00,2018-02-02 00:00:00+00:00,93.10301,102.19,4.540533491696791,0.022702667458483955,30,EMA_TRAIL,True
ARE,S3,long,RISK_ON,3,2017-12-19 00:00:00+00:00,2017-12-20 00:00:00+00:00,131.7316,130.21017857142857,-1.0,-0.005,1,SL,False
HBAN,S3,long,RISK_ON,3,2017-12-20 00:00:00+00:00,2018-02-05 00:00:00+00:00,14.654639999999999,15.43,2.3557155204664957,0.01177857760233248,30,EMA_TRAIL,True
FDX,S2,long,RISK_ON,3,2017-12-20 00:00:00+00:00,2018-02-05 00:00:00+00:00,251.32106999999996,248.5,0.014854279334120646,7.427139667060323e-05,30,SMA50_BREAK,False
FOX,S3,long,RISK_ON,3,2017-12-20 00:00:00+00:00,2018-01-31 00:00:00+00:00,33.89386,36.49,3.2496762138135904,0.016248381069067952,27,EMA_TRAIL,True
PBCT,S3,long,RISK_ON,3,2017-12-20 00:00:00+00:00,2018-02-05 00:00:00+00:00,18.888869999999997,19.01,0.746069733493147,0.003730348667465735,30,SMA50_BREAK,True
PNC,S3,long,RISK_ON,3,2017-12-20 00:00:00+00:00,2018-02-05 00:00:00+00:00,145.06491999999997,150.32,2.559246700695514,0.01279623350347757,30,EMA_TRAIL,True
BRK.B,S3,long,RISK_ON,3,2017-12-20 00:00:00+00:00,2018-01-02 00:00:00+00:00,197.98778999999996,196.3127,-1.0,-0.005,7,SL,False
GS,S3,long,RISK_ON,3,2017-12-20 00:00:00+00:00,2017-12-28 00:00:00+00:00,255.43517999999997,255.43517999999997,0.6658150144062348,0.003329075072031174,5,STOP_AFTER_TP1,True
JPM,S3,long,RISK_ON,3,2017-12-20 00:00:00+00:00,2018-02-05 00:00:00+00:00,106.24613999999998,106.24613999999998,0.6539924086317341,0.0032699620431586706,30,STOP_AFTER_TP1,True
BXP,S3,long,RISK_ON,3,2017-12-21 00:00:00+00:00,2018-01-09 00:00:00+00:00,127.06693999999999,125.7825,-1.0,-0.005,11,SL,False
SPGI,S3,long,RISK_ON,3,2017-12-21 00:00:00+00:00,2017-12-26 00:00:00+00:00,168.94877999999997,167.18071785714287,-1.0,-0.005,2,SL,False
EMN,S3,long,RISK_ON,3,2017-12-21 00:00:00+00:00,2018-02-05 00:00:00+00:00,93.00290999999999,97.11,2.323689353564558,0.01161844676782279,29,EMA_TRAIL,True
TRV,S3,long,RISK_ON,3,2017-12-21 00:00:00+00:00,2018-01-02 00:00:00+00:00,134.57443999999998,131.98,-0.6257407402941009,-0.0031287037014705046,6,SMA50_BREAK,False
ADP,S3,long,RISK_ON,3,2017-12-21 00:00:00+00:00,2018-01-02 00:00:00+00:00,117.5174,116.11214285714286,-1.0,-0.005,6,SL,False
C,S3,long,RISK_ON,3,2017-12-21 00:00:00+00:00,2018-02-02 00:00:00+00:00,75.89581999999999,77.02,0.735480106073409,0.003677400530367045,28,EMA_TRAIL,True
MS,S3,long,RISK_ON,3,2017-12-22 00:00:00+00:00,2018-02-02 00:00:00+00:00,52.77271999999999,55.48,2.2902326270305564,0.011451163135152782,27,EMA_TRAIL,True
MAC,S3,long,RISK_ON,3,2017-12-22 00:00:00+00:00,2018-01-10 00:00:00+00:00,65.2652,63.209017857142854,-1.0,-0.005,11,SL,False
PFG,S3,long,RISK_ON,3,2017-12-22 00:00:00+00:00,2018-01-02 00:00:00+00:00,71.33126,70.31660714285714,-1.0,-0.005,5,SL,False
ARE,S3,long,RISK_ON,3,2017-12-22 00:00:00+00:00,2018-01-04 00:00:00+00:00,129.58946,127.25464285714285,-1.0,-0.005,7,SL,False
REG,S3,long,RISK_ON,3,2017-12-26 00:00:00+00:00,2018-01-04 00:00:00+00:00,68.75868999999999,67.14,-1.0,-0.005,6,SL,False
LNC,S3,long,RISK_ON,3,2017-12-26 00:00:00+00:00,2018-02-05 00:00:00+00:00,77.56748999999999,77.56748999999999,0.28897640553738957,0.0014448820276869478,27,STOP_AFTER_TP1,True
SPGI,S3,long,RISK_ON,3,2017-12-27 00:00:00+00:00,2018-02-02 00:00:00+00:00,169.56939999999997,177.33,1.6261157583821373,0.008130578791910686,25,EMA_TRAIL,True
CLX,S3,long,RISK_ON,3,2017-12-28 00:00:00+00:00,2018-01-02 00:00:00+00:00,149.14899999999997,147.680725,-1.0,-0.005,2,SL,False
GS,S3,long,RISK_ON,3,2017-12-28 00:00:00+00:00,2017-12-29 00:00:00+00:00,256.75649999999996,252.91120357142856,-1.0,-0.005,1,SL,False
TGT,S3,long,RISK_ON,3,2017-12-28 00:00:00+00:00,2018-02-02 00:00:00+00:00,64.88481999999999,72.95,7.9750952080300115,0.03987547604015006,24,EMA_TRAIL,True
SNA,S3,long,RISK_ON,3,2017-12-29 00:00:00+00:00,2018-01-02 00:00:00+00:00,174.4743,172.5217892857143,-1.0,-0.005,1,SL,False
GS,S3,long,RISK_ON,3,2017-12-29 00:00:00+00:00,2018-01-17 00:00:00+00:00,255.01475999999997,250.71192142857143,-1.0,-0.005,11,SL,False
PWR,S3,long,RISK_ON,3,2017-12-29 00:00:00+00:00,2018-01-08 00:00:00+00:00,39.14910999999999,39.14910999999999,0.46667997922291693,0.0023333998961145848,5,STOP_AFTER_TP1,True
VZ,S3,long,RISK_ON,3,2017-12-29 00:00:00+00:00,2018-01-03 00:00:00+00:00,52.982929999999996,52.55410714285714,-1.0,-0.005,2,SL,False
IP,S2,long,RISK_ON,3,2018-01-02 00:00:00+00:00,2018-02-01 00:00:00+00:00,59.829769999999996,61.67,1.0407321478851808,0.005203660739425904,21,EMA_TRAIL,True
VIAB,S3,long,RISK_ON,3,2018-01-02 00:00:00+00:00,2018-01-03 00:00:00+00:00,31.221189999999996,30.015535714285715,-1.0,-0.005,1,SL,False
MCK,S3,long,RISK_ON,3,2018-01-02 00:00:00+00:00,2018-01-04 00:00:00+00:00,159.159,154.1794642857143,-1.0,-0.005,2,SL,False
CAG,S3,long,RISK_ON,3,2018-01-02 00:00:00+00:00,2018-01-10 00:00:00+00:00,37.55752,36.89670714285714,-1.0,-0.005,6,SL,False
HON,S3,long,RISK_ON,3,2018-01-02 00:00:00+00:00,2018-01-03 00:00:00+00:00,153.86371,151.93961785714288,-1.0,-0.005,1,SL,False
EBAY,S3,long,RISK_ON,3,2018-01-02 00:00:00+00:00,2018-01-10 00:00:00+00:00,38.09806,38.09806,0.2713200190233992,0.001356600095116996,6,STOP_AFTER_TP1,True
MTB,S3,long,RISK_ON,3,2018-01-02 00:00:00+00:00,2018-02-05 00:00:00+00:00,171.36118999999997,179.81,2.741860227277699,0.013709301136388494,23,EMA_TRAIL,True
CSX,S3,long,RISK_ON,3,2018-01-02 00:00:00+00:00,2018-01-23 00:00:00+00:00,56.396339999999995,56.396339999999995,0.29935781629960795,0.0014967890814980398,14,STOP_AFTER_TP1,True
BBT,S3,long,RISK_ON,3,2018-01-02 00:00:00+00:00,2018-02-05 00:00:00+00:00,49.969919999999995,52.89,3.5363655575917248,0.017681827787958623,23,EMA_TRAIL,True
FBHS,S3,long,RISK_ON,3,2018-01-02 00:00:00+00:00,2018-01-11 00:00:00+00:00,68.80873999999999,68.80873999999999,0.34838235094075937,0.001741911754703797,7,STOP_AFTER_TP1,True
UTX,S2,long,RISK_ON,3,2018-01-03 00:00:00+00:00,2018-02-05 00:00:00+00:00,130.17003999999997,126.18314642857142,-0.44511071485240683,-0.002225553574262034,22,SL,False
VMC,S2,long,RISK_ON,3,2018-01-03 00:00:00+00:00,2018-02-05 00:00:00+00:00,134.42428999999998,124.25839642857143,-1.0,-0.005,22,SL,False
VZ,S3,long,RISK_ON,3,2018-01-04 00:00:00+00:00,2018-01-10 00:00:00+00:00,52.65259999999999,51.46089285714285,-1.0,-0.005,4,SL,False
SEE,S3,long,RISK_ON,3,2018-01-05 00:00:00+00:00,2018-01-10 00:00:00+00:00,49.46942,48.91760714285714,-1.0,-0.005,3,SL,False
MCK,S3,long,RISK_ON,3,2018-01-05 00:00:00+00:00,2018-02-01 00:00:00+00:00,157.31715999999997,166.27,1.2721485241403112,0.006360742620701556,18,EMA_TRAIL,True
CLX,S3,long,RISK_ON,3,2018-01-05 00:00:00+00:00,2018-01-10 00:00:00+00:00,145.87572999999998,143.10982142857142,-1.0,-0.005,3,SL,False
HON,S3,long,RISK_ON,3,2018-01-08 00:00:00+00:00,2018-02-02 00:00:00+00:00,154.89473999999998,156.65,1.25928866481624,0.0062964433240812,18,EMA_TRAIL,True
DIS,S3,long,RISK_ON,3,2018-01-08 00:00:00+00:00,2018-01-31 00:00:00+00:00,110.13001999999999,108.66943571428573,-1.0,-0.005,16,SL,False
NOC,S3,long,RISK_ON,3,2018-01-08 00:00:00+00:00,2018-01-10 00:00:00+00:00,308.56825999999995,308.56825999999995,0.30793717425790784,0.0015396858712895393,2,STOP_AFTER_TP1,True
MCD,S3,long,RISK_ON,3,2018-01-08 00:00:00+00:00,2018-01-11 00:00:00+00:00,174.10393,172.15768214285714,-1.0,-0.005,3,SL,False
HCA,S3,long,RISK_ON,3,2018-01-08 00:00:00+00:00,2018-02-07 00:00:00+00:00,86.83675,98.4,3.961204089389012,0.01980602044694506,21,EOS,True
JWN,S3,long,RISK_ON,3,2018-01-08 00:00:00+00:00,2018-01-25 00:00:00+00:00,48.31827,49.5,0.9493867923053898,0.004746933961526949,12,EMA_TRAIL,True
IFF,S3,long,RISK_ON,3,2018-01-09 00:00:00+00:00,2018-01-10 00:00:00+00:00,154.41425999999998,153.15821428571428,-1.0,-0.005,1,SL,False
AAPL,S3,long,RISK_ON,3,2018-01-09 00:00:00+00:00,2018-01-24 00:00:00+00:00,174.50432999999998,174.50432999999998,0.416989634532527,0.002084948172662635,10,STOP_AFTER_TP1,True
PRGO,S3,long,RISK_ON,3,2018-01-10 00:00:00+00:00,2018-01-18 00:00:00+00:00,90.17007999999998,90.17007999999998,0.34112241111153474,0.0017056120555576737,5,STOP_AFTER_TP1,True
NOC,S3,long,RISK_ON,3,2018-01-10 00:00:00+00:00,2018-02-05 00:00:00+00:00,307.91760999999997,322.37,5.45418834143485,0.027270941707174253,17,EMA_TRAIL,True
YUM,S3,long,RISK_ON,3,2018-01-10 00:00:00+00:00,2018-02-01 00:00:00+00:00,82.63255,83.98,1.4290407602114317,0.007145203801057158,15,EMA_TRAIL,True
WM,S3,long,RISK_ON,3,2018-01-10 00:00:00+00:00,2018-02-01 00:00:00+00:00,87.35726999999999,87.85,1.1124748356476573,0.005562374178238286,15,EMA_TRAIL,True
FMC,S3,long,RISK_ON,3,2018-01-10 00:00:00+00:00,2018-01-16 00:00:00+00:00,97.61751999999998,97.61751999999998,0.27859548887694924,0.0013929774443847461,3,STOP_AFTER_TP1,True
PVH,S3,long,RISK_ON,3,2018-01-10 00:00:00+00:00,2018-01-16 00:00:00+00:00,141.08093999999997,141.08093999999997,0.28588048916207975,0.0014294024458103988,3,STOP_AFTER_TP1,True
XOM,S3,long,RISK_ON,3,2018-01-10 00:00:00+00:00,2018-01-30 00:00:00+00:00,86.16608,86.78,1.2323008815419625,0.006161504407709813,13,EMA_TRAIL,True
ZBH,S3,long,RISK_ON,3,2018-01-11 00:00:00+00:00,2018-01-30 00:00:00+00:00,122.41229,122.41229,0.5719761062230162,0.002859880531115081,12,STOP_AFTER_TP1,True
PCAR,S2,long,RISK_ON,3,2018-01-11 00:00:00+00:00,2018-01-30 00:00:00+00:00,75.64556999999998,73.34374642857142,-1.0,-0.005,12,SL,False
PFE,S3,long,RISK_ON,3,2018-01-11 00:00:00+00:00,2018-01-19 00:00:00+00:00,36.59656,36.59656,0.5541158288339811,0.0027705791441699056,5,STOP_AFTER_TP1,True
FBHS,S3,long,RISK_ON,3,2018-01-11 00:00:00+00:00,2018-01-30 00:00:00+00:00,69.84978,70.82,0.7007330749400771,0.0035036653747003853,12,EMA_TRAIL,True
LUK,S3,long,RISK_ON,3,2018-01-16 00:00:00+00:00,2018-01-29 00:00:00+00:00,27.57755,27.195,-1.0,-0.005,9,SL,False
PVH,S3,long,RISK_ON,3,2018-01-16 00:00:00+00:00,2018-02-05 00:00:00+00:00,141.54139999999998,146.25,2.552513214131781,0.012762566070658905,14,EMA_TRAIL,True
PKG,S3,long,RISK_ON,3,2018-01-18 00:00:00+00:00,2018-01-29 00:00:00+00:00,126.23610999999998,126.23610999999998,0.7926733953272924,0.003963366976636462,7,STOP_AFTER_TP1,True
APA,S3,long,RISK_ON,3,2018-01-29 00:00:00+00:00,2018-01-30 00:00:00+00:00,46.69664999999999,45.84214285714285,-1.0,-0.005,1,SL,False
IBM,S3,long,RISK_ON,3,2018-01-29 00:00:00+00:00,2018-01-30 00:00:00+00:00,166.9668,164.3146607142857,-1.0,-0.005,1,SL,False
SNPS,S3,long,RISK_ON,3,2018-01-29 00:00:00+00:00,2018-02-02 00:00:00+00:00,91.37127999999998,90.4857142857143,-1.0,-0.005,4,SL,False
CSX,S3,long,RISK_ON,3,2018-01-29 00:00:00+00:00,2018-02-02 00:00:00+00:00,57.287229999999994,55.591517857142854,-1.0,-0.005,4,SL,False
COL,S3,long,RISK_ON,3,2018-01-29 00:00:00+00:00,2018-01-30 00:00:00+00:00,138.39825999999996,137.71752142857144,-1.0,-0.005,1,SL,False
ILMN,S3,long,RISK_ON,3,2018-01-29 00:00:00+00:00,2018-01-31 00:00:00+00:00,242.02177999999998,235.73220714285713,-1.0,-0.005,2,SL,False
ADI,S3,long,RISK_ON,3,2018-01-29 00:00:00+00:00,2018-02-01 00:00:00+00:00,93.87378,91.31517142857143,-1.0,-0.005,3,SL,False
PPG,S3,long,RISK_ON,3,2018-01-29 00:00:00+00:00,2018-01-30 00:00:00+00:00,119.68956999999997,118.19018928571428,-1.0,-0.005,1,SL,False
SLB,S3,long,RISK_ON,3,2018-01-29 00:00:00+00:00,2018-01-30 00:00:00+00:00,76.45637999999998,75.28202857142857,-1.0,-0.005,1,SL,False
ADP,S3,long,RISK_ON,3,2018-01-29 00:00:00+00:00,2018-01-30 00:00:00+00:00,120.88076,119.81946785714285,-1.0,-0.005,1,SL,False
ADP,S3,long,RISK_ON,3,2018-01-30 00:00:00+00:00,2018-02-01 00:00:00+00:00,120.93081,120.93081,0.2953530679911843,0.0014767653399559216,2,STOP_AFTER_TP1,True
CRM,S3,long,RISK_ON,3,2018-01-30 00:00:00+00:00,2018-02-02 00:00:00+00:00,112.34222999999999,112.34222999999999,0.5280729577673516,0.002640364788836758,3,STOP_AFTER_TP1,True
A,S3,long,RISK_ON,3,2018-01-30 00:00:00+00:00,2018-02-02 00:00:00+00:00,73.06298999999999,72.37964285714287,-1.0,-0.005,3,SL,False
BBY,S3,long,RISK_ON,3,2018-01-30 00:00:00+00:00,2018-01-31 00:00:00+00:00,76.36628999999999,74.31753928571429,-1.0,-0.005,1,SL,False
WAT,S3,long,RISK_ON,3,2018-01-30 00:00:00+00:00,2018-02-02 00:00:00+00:00,215.08486999999997,212.47594642857143,-1.0,-0.005,3,SL,False
IBM,S3,long,RISK_ON,3,2018-01-30 00:00:00+00:00,2018-02-02 00:00:00+00:00,163.78361999999998,161.60198214285714,-1.0,-0.005,3,SL,False
HPQ,S3,long,RISK_ON,3,2018-01-30 00:00:00+00:00,2018-02-02 00:00:00+00:00,23.46344,23.040607142857144,-1.0,-0.005,3,SL,False
MCHP,S3,long,RISK_ON,3,2018-01-30 00:00:00+00:00,2018-02-02 00:00:00+00:00,95.08498999999999,93.73321428571428,-1.0,-0.005,3,SL,False
PPG,S3,long,RISK_ON,3,2018-01-30 00:00:00+00:00,2018-02-01 00:00:00+00:00,118.46834999999999,116.55965357142857,-1.0,-0.005,2,SL,False
LLL,S3,long,RISK_ON,3,2018-01-30 00:00:00+00:00,2018-02-02 00:00:00+00:00,214.58436999999998,210.89357142857142,-1.0,-0.005,3,SL,False
BIIB,S3,long,RISK_ON,3,2018-01-30 00:00:00+00:00,2018-01-31 00:00:00+00:00,352.94258999999994,346.5305714285714,-1.0,-0.005,1,SL,False
GT,S3,long,RISK_ON,3,2018-01-31 00:00:00+00:00,2018-02-01 00:00:00+00:00,34.85482,34.38339285714286,-1.0,-0.005,1,SL,False
PKI,S3,long,RISK_ON,3,2018-01-31 00:00:00+00:00,2018-02-01 00:00:00+00:00,80.24015999999999,79.0905357142857,-1.0,-0.005,1,SL,False
ISRG,S3,long,RISK_ON,3,2018-01-31 00:00:00+00:00,2018-02-02 00:00:00+00:00,432.10166999999996,417.8246642857143,-1.0,-0.005,2,SL,False
MCO,S3,long,RISK_ON,3,2018-01-31 00:00:00+00:00,2018-02-02 00:00:00+00:00,161.95179,158.7955357142857,-1.0,-0.005,2,SL,False
AAP,S3,long,RISK_ON,3,2018-01-31 00:00:00+00:00,2018-02-02 00:00:00+00:00,117.10698999999998,114.29857142857144,-1.0,-0.005,2,SL,False
MGM,S3,long,RISK_ON,3,2018-02-01 00:00:00+00:00,2018-02-02 00:00:00+00:00,36.86682999999999,35.72137857142857,-1.0,-0.005,1,SL,False
BWA,S3,long,RISK_ON,3,2018-02-01 00:00:00+00:00,2018-02-02 00:00:00+00:00,56.446389999999994,54.55375,-1.0,-0.005,1,SL,False
STT,S3,long,RISK_ON,3,2018-02-01 00:00:00+00:00,2018-02-02 00:00:00+00:00,110.44032999999999,108.37732142857143,-1.0,-0.005,1,SL,False
SLB,S3,long,RISK_ON,3,2018-02-01 00:00:00+00:00,2018-02-05 00:00:00+00:00,75.58551,72.20045357142857,-1.0,-0.005,2,SL,False
UHS,S3,long,RISK_ON,3,2018-02-01 00:00:00+00:00,2018-02-05 00:00:00+00:00,121.41129,116.59589285714286,-1.0,-0.005,2,SL,False
CCL,S3,long,RISK_ON,3,2018-02-01 00:00:00+00:00,2018-02-02 00:00:00+00:00,71.18110999999999,70.34035714285714,-1.0,-0.005,1,SL,False
CMI,S3,long,RISK_ON,3,2018-02-01 00:00:00+00:00,2018-02-02 00:00:00+00:00,189.35916999999998,184.27430357142856,-1.0,-0.005,1,SL,False
WU,S3,long,RISK_ON,3,2018-02-01 00:00:00+00:00,2018-02-02 00:00:00+00:00,20.71069,20.447857142857142,-1.0,-0.005,1,SL,False
NCLH,S3,long,RISK_ON,3,2018-02-02 00:00:00+00:00,2018-02-05 00:00:00+00:00,59.05899999999999,58.238249999999994,-1.0,-0.005,1,SL,False
LLL,S3,long,RISK_ON,3,2018-02-02 00:00:00+00:00,2018-02-05 00:00:00+00:00,210.71049999999997,207.28071428571428,-1.0,-0.005,1,SL,False
MAT,S1,long,RISK_ON,3,2018-02-02 00:00:00+00:00,2018-02-07 00:00:00+00:00,16.54653,17.0,0.38340308602832257,0.0019170154301416129,3,EOS,False
CCL,S3,long,RISK_ON,3,2018-02-02 00:00:00+00:00,2018-02-05 00:00:00+00:00,70.01995,69.13107142857143,-1.0,-0.005,1,SL,False
GS,S1,long,DEFENSIVE,3,2018-02-06 00:00:00+00:00,2018-02-07 00:00:00+00:00,258.95869999999996,257.1,-0.11402528837594433,-0.0005701264418797217,1,EOS,False
BWA,S1,long,DEFENSIVE,3,2018-02-07 00:00:00+00:00,2018-02-07 00:00:00+00:00,55.05499999999999,55.0,-0.015980521197432894,-7.990260598716447e-05,0,EOS,False
