instrument,model,side,bias,quintile,entry_ts,exit_ts,entry,exit,r,pnl_pct,bars,reason,partial_tp1
EW,S3,long,RISK_ON,5,2013-08-15 00:00:00+00:00,2013-08-16 00:00:00+00:00,35.690655,34.96346785714285,-1.0,-0.005,1,SL,False
WMB,S3,long,RISK_ON,5,2013-08-15 00:00:00+00:00,2013-08-19 00:00:00+00:00,35.385349999999995,34.45267857142857,-1.0,-0.005,2,SL,False
CXO,S3,long,RISK_ON,5,2013-08-15 00:00:00+00:00,2013-10-09 00:00:00+00:00,93.65356,107.45,4.307682941861991,0.021538414709309953,38,EMA_TRAIL,True
XEC,S3,long,RISK_ON,5,2013-08-15 00:00:00+00:00,2013-11-01 00:00:00+00:00,79.24916999999999,102.92,10.733136657403328,0.053665683287016645,55,EMA_TRAIL,True
RHI,S3,long,RISK_ON,5,2013-08-15 00:00:00+00:00,2013-08-21 00:00:00+00:00,37.717679999999994,37.25678571428571,-1.0,-0.005,4,SL,False
LLY,S3,long,RISK_ON,5,2013-08-15 00:00:00+00:00,2013-08-16 00:00:00+00:00,53.443389999999994,52.81887857142857,-1.0,-0.005,1,SL,False
DVN,S3,long,RISK_ON,5,2013-08-15 00:00:00+00:00,2013-08-19 00:00:00+00:00,58.078019999999995,56.86363571428571,-1.0,-0.005,2,SL,False
SYMC,S3,long,RISK_ON,5,2013-08-15 00:00:00+00:00,2013-08-20 00:00:00+00:00,26.46644,26.07275,-1.0,-0.005,3,SL,False
RMD,S3,long,RISK_ON,5,2013-08-15 00:00:00+00:00,2013-08-30 00:00:00+00:00,48.77872999999999,47.51927142857143,-1.0,-0.005,11,SL,False
AES,S3,long,RISK_ON,5,2013-08-15 00:00:00+00:00,2013-08-16 00:00:00+00:00,12.822809999999999,12.61375,-1.0,-0.005,1,SL,False
ANSS,S3,long,RISK_ON,5,2013-08-15 00:00:00+00:00,2013-08-20 00:00:00+00:00,86.61653,85.28892857142857,-1.0,-0.005,3,SL,False
CTXS,S3,long,RISK_ON,5,2013-08-15 00:00:00+00:00,2013-08-19 00:00:00+00:00,72.64256999999999,71.41502857142858,-1.0,-0.005,2,SL,False
XYL,S3,long,RISK_ON,5,2013-09-24 00:00:00+00:00,2013-10-08 00:00:00+00:00,27.387359999999997,27.4,0.3596815658748072,0.0017984078293740362,10,EMA_TRAIL,True
SHW,S3,long,RISK_ON,5,2013-09-24 00:00:00+00:00,2013-10-08 00:00:00+00:00,180.17999999999998,180.17999999999998,0.4949870813811211,0.0024749354069056053,10,STOP_AFTER_TP1,True
INTC,S3,long,RISK_ON,5,2013-09-25 00:00:00+00:00,2013-09-26 00:00:00+00:00,23.723699999999997,23.40358571428571,-1.0,-0.005,1,SL,False
MON,S3,long,RISK_ON,5,2013-09-25 00:00:00+00:00,2013-09-30 00:00:00+00:00,105.39528999999999,104.25603928571428,-1.0,-0.005,3,SL,False
EXPE,S3,long,RISK_ON,5,2013-09-26 00:00:00+00:00,2013-10-03 00:00:00+00:00,52.072019999999995,52.072019999999995,0.3986965578690448,0.001993482789345224,5,STOP_AFTER_TP1,True
FAST,S3,long,RISK_ON,5,2013-09-26 00:00:00+00:00,2013-10-08 00:00:00+00:00,49.91986999999999,49.91986999999999,0.5723058992642244,0.002861529496321122,8,STOP_AFTER_TP1,True
INTC,S3,long,RISK_ON,5,2013-09-26 00:00:00+00:00,2013-09-27 00:00:00+00:00,23.43341,23.01715714285714,-1.0,-0.005,1,SL,False
TRV,S3,long,RISK_ON,5,2013-09-27 00:00:00+00:00,2013-09-30 00:00:00+00:00,85.49540999999999,84.55716428571428,-1.0,-0.005,1,SL,False
MAS,S3,long,RISK_ON,5,2013-09-27 00:00:00+00:00,2013-10-03 00:00:00+00:00,21.141119999999997,20.647375,-1.0,-0.005,4,SL,False
CBG,S3,long,RISK_ON,5,2013-09-27 00:00:00+00:00,2013-09-30 00:00:00+00:00,23.363339999999997,23.022499999999997,-1.0,-0.005,1,SL,False
BEN,S3,long,RISK_ON,5,2013-09-27 00:00:00+00:00,2013-10-08 00:00:00+00:00,50.870819999999995,49.82239285714286,-1.0,-0.005,7,SL,False
WY,S3,long,RISK_ON,5,2013-09-27 00:00:00+00:00,2013-10-07 00:00:00+00:00,28.958929999999995,28.272321428571427,-1.0,-0.005,6,SL,False
PLD,S3,long,RISK_ON,5,2013-09-27 00:00:00+00:00,2013-11-07 00:00:00+00:00,38.33829999999999,39.24,0.9927608377250883,0.004963804188625441,29,EMA_TRAIL,True
AMT,S3,long,RISK_ON,5,2013-09-27 00:00:00+00:00,2013-10-04 00:00:00+00:00,74.59451999999999,73.18625714285714,-1.0,-0.005,5,SL,False
LUK,S3,long,RISK_ON,5,2013-09-27 00:00:00+00:00,2013-10-09 00:00:00+00:00,27.327299999999997,26.8485,-1.0,-0.005,8,SL,False
TRV,S3,long,RISK_ON,5,2013-09-30 00:00:00+00:00,2013-10-02 00:00:00+00:00,84.85476999999999,83.81109285714285,-1.0,-0.005,2,SL,False
LEN,S3,long,RISK_ON,5,2013-09-30 00:00:00+00:00,2013-10-07 00:00:00+00:00,34.7406059,33.59922857142857,-1.0,-0.005,5,SL,False
TPR,S3,long,RISK_ON,5,2013-09-30 00:00:00+00:00,2013-10-08 00:00:00+00:00,54.584529999999994,53.59,-0.7053986727374142,-0.003526993363687071,6,SMA50_BREAK,False
MON,S3,long,RISK_ON,5,2013-09-30 00:00:00+00:00,2013-10-01 00:00:00+00:00,104.47437,103.32675357142858,-1.0,-0.005,1,SL,False
ZTS,S3,long,RISK_ON,5,2013-10-01 00:00:00+00:00,2013-10-28 00:00:00+00:00,31.81178,31.98,0.38759772174180596,0.0019379886087090299,19,EMA_TRAIL,True
CCI,S3,long,RISK_ON,5,2013-10-01 00:00:00+00:00,2013-10-02 00:00:00+00:00,72.20212999999998,71.32035714285715,-1.0,-0.005,1,SL,False
DVA,S3,long,RISK_ON,5,2013-10-02 00:00:00+00:00,2013-10-23 00:00:00+00:00,57.99793999999999,56.39125,-1.0,-0.005,15,SL,False
CCI,S3,long,RISK_ON,5,2013-10-02 00:00:00+00:00,2013-10-04 00:00:00+00:00,71.64156999999999,70.76214285714286,-1.0,-0.005,2,SL,False
FRT,S3,long,RISK_ON,5,2013-10-04 00:00:00+00:00,2013-10-09 00:00:00+00:00,102.74264,101.24,-0.6787920402068204,-0.003393960201034102,3,SMA50_BREAK,False
MOS,S3,long,RISK_ON,5,2013-10-11 00:00:00+00:00,2013-10-31 00:00:00+00:00,45.51546999999999,45.85,0.6136124770602321,0.0030680623853011606,14,EMA_TRAIL,True
EXPE,S3,long,RISK_ON,5,2013-10-11 00:00:00+00:00,2013-10-14 00:00:00+00:00,51.78172999999999,49.91571428571429,-1.0,-0.005,1,SL,False
BEN,S3,long,RISK_ON,5,2013-10-11 00:00:00+00:00,2013-11-05 00:00:00+00:00,51.32127,52.42,1.748671678911029,0.008743358394555145,17,EMA_TRAIL,True
LEN,S3,long,RISK_ON,5,2013-10-11 00:00:00+00:00,2013-10-15 00:00:00+00:00,34.171337199999996,32.6863,-0.8533147974525186,-0.004266573987262593,2,SMA50_BREAK,False
LUK,S3,long,RISK_ON,5,2013-10-15 00:00:00+00:00,2013-10-31 00:00:00+00:00,28.048019999999998,28.34,1.0855134151630212,0.005427567075815106,12,EMA_TRAIL,True
FRT,S3,long,RISK_ON,5,2013-10-15 00:00:00+00:00,2013-10-22 00:00:00+00:00,104.12401999999999,104.12401999999999,0.2767333364383839,0.0013836666821919195,5,STOP_AFTER_TP1,True
PWR,S3,long,RISK_ON,5,2013-10-15 00:00:00+00:00,2013-11-19 00:00:00+00:00,27.857829999999996,29.46,2.948948797400037,0.014744743987000184,25,EMA_TRAIL,True
XYL,S3,long,RISK_ON,5,2013-10-15 00:00:00+00:00,2013-10-17 00:00:00+00:00,27.94792,27.642500000000002,-1.0,-0.005,2,SL,False
DRI,S2,long,RISK_ON,5,2013-10-17 00:00:00+00:00,2013-12-11 00:00:00+00:00,51.85179999999999,51.47,-0.15056774168105322,-0.0007528387084052661,38,SMA50_BREAK,False
ARNC,S2,long,RISK_ON,5,2013-10-22 00:00:00+00:00,2014-01-10 00:00:00+00:00,28.108079999999994,30.33,0.7410013471537236,0.0037050067357686177,55,EMA_TRAIL,True
HRB,S3,long,RISK_ON,5,2013-10-24 00:00:00+00:00,2013-10-28 00:00:00+00:00,28.728699999999996,28.28339642857143,-1.0,-0.005,2,SL,False
PSX,S3,long,RISK_ON,5,2013-10-25 00:00:00+00:00,2013-11-01 00:00:00+00:00,63.46339999999999,63.46339999999999,0.4365535769347566,0.002182767884673783,5,STOP_AFTER_TP1,True
WY,S2,long,RISK_ON,5,2013-10-25 00:00:00+00:00,2013-11-05 00:00:00+00:00,31.42139,29.608571428571427,-1.0,-0.005,7,SL,False
CCI,S3,long,RISK_ON,5,2013-10-28 00:00:00+00:00,2013-11-01 00:00:00+00:00,75.94587,74.39246428571428,-1.0,-0.005,4,SL,False
HRB,S3,long,RISK_ON,5,2013-10-28 00:00:00+00:00,2013-11-07 00:00:00+00:00,28.368339999999996,28.368339999999996,0.9219775975280173,0.004609887987640087,8,STOP_AFTER_TP1,True
ALB,S3,long,RISK_ON,5,2013-10-29 00:00:00+00:00,2013-12-11 00:00:00+00:00,66.90684,68.16,1.0066124278451072,0.005033062139225536,30,EMA_TRAIL,True
SPG,S3,long,RISK_ON,5,2013-10-29 00:00:00+00:00,2013-10-31 00:00:00+00:00,156.83668,154.56330357142858,-1.0,-0.005,2,SL,False
XYL,S2,long,RISK_ON,5,2013-10-29 00:00:00+00:00,2014-01-24 00:00:00+00:00,32.562529999999995,33.68,0.4511178788722351,0.0022555893943611753,59,SMA50_BREAK,True
VTR,S3,long,RISK_ON,5,2013-10-29 00:00:00+00:00,2013-10-31 00:00:00+00:00,66.17611,65.136075,-1.0,-0.005,2,SL,False
FRT,S3,long,RISK_ON,5,2013-10-30 00:00:00+00:00,2013-10-31 00:00:00+00:00,105.15504999999999,103.66910714285714,-1.0,-0.005,1,SL,False
CMS,S3,long,RISK_ON,5,2013-10-31 00:00:00+00:00,2013-11-08 00:00:00+00:00,27.48746,26.847142857142856,-1.0,-0.005,6,SL,False
FE,S3,long,RISK_ON,5,2013-10-31 00:00:00+00:00,2013-11-05 00:00:00+00:00,37.907869999999996,37.02865714285714,-1.0,-0.005,3,SL,False
ES,S3,long,RISK_ON,5,2013-10-31 00:00:00+00:00,2013-11-08 00:00:00+00:00,42.93288999999999,42.09214285714286,-1.0,-0.005,6,SL,False
CTL,S3,long,RISK_ON,5,2013-11-01 00:00:00+00:00,2013-11-07 00:00:00+00:00,33.61357999999999,33.072425,-1.0,-0.005,4,SL,False
INTC,S3,long,RISK_ON,5,2013-11-01 00:00:00+00:00,2013-11-05 00:00:00+00:00,24.349324999999997,24.043678571428572,-1.0,-0.005,2,SL,False
MAA,S3,long,RISK_ON,5,2013-11-01 00:00:00+00:00,2013-11-05 00:00:00+00:00,65.98592,64.31100357142857,-1.0,-0.005,2,SL,False
LH,S3,long,RISK_ON,5,2013-11-01 00:00:00+00:00,2013-11-27 00:00:00+00:00,101.24113999999999,102.28,0.8547028630833866,0.004273514315416933,18,EMA_TRAIL,True
JWN,S3,long,RISK_ON,5,2013-11-01 00:00:00+00:00,2013-12-04 00:00:00+00:00,60.02996999999999,61.35,1.823109854661597,0.009115549273307984,22,EMA_TRAIL,True
ANDV,S3,long,RISK_ON,5,2013-11-01 00:00:00+00:00,2013-12-19 00:00:00+00:00,47.867819999999995,56.39,4.758625461034569,0.023793127305172846,33,EMA_TRAIL,True
MOS,S3,long,RISK_ON,5,2013-11-01 00:00:00+00:00,2013-11-20 00:00:00+00:00,46.1461,47.31,1.2768205340933378,0.006384102670466689,13,EMA_TRAIL,True
NTRS,S3,long,RISK_ON,5,2013-11-01 00:00:00+00:00,2013-11-13 00:00:00+00:00,56.636579999999995,56.636579999999995,0.35536452267925234,0.0017768226133962617,8,STOP_AFTER_TP1,True
HCN,S3,long,RISK_ON,5,2013-11-04 00:00:00+00:00,2013-11-05 00:00:00+00:00,65.17510999999999,63.798110714285706,-1.0,-0.005,1,SL,False
MKC,S3,long,RISK_ON,5,2013-11-04 00:00:00+00:00,2013-11-07 00:00:00+00:00,69.03896999999999,69.03896999999999,0.3285781554119758,0.0016428907770598793,3,STOP_AFTER_TP1,True
MPC,S3,long,RISK_ON,5,2013-11-04 00:00:00+00:00,2014-01-15 00:00:00+00:00,35.880844999999994,43.325,4.249696941715134,0.02124848470857567,49,EMA_TRAIL,True
MNST,S3,long,RISK_ON,5,2013-11-04 00:00:00+00:00,2013-11-08 00:00:00+00:00,18.918899999999997,18.624975000000003,-1.0,-0.005,4,SL,False
VTR,S3,long,RISK_ON,5,2013-11-04 00:00:00+00:00,2013-11-05 00:00:00+00:00,65.88581999999998,64.43178928571429,-1.0,-0.005,1,SL,False
UDR,S3,long,RISK_ON,5,2013-11-04 00:00:00+00:00,2013-11-07 00:00:00+00:00,24.774749999999997,24.211428571428574,-1.0,-0.005,3,SL,False
SPG,S3,long,RISK_ON,5,2013-11-04 00:00:00+00:00,2013-11-08 00:00:00+00:00,157.27712,153.20616071428572,-1.0,-0.005,4,SL,False
VZ,S3,long,RISK_ON,5,2013-11-05 00:00:00+00:00,2013-11-08 00:00:00+00:00,50.150099999999995,49.61535714285714,-1.0,-0.005,3,SL,False
INTC,S3,long,RISK_ON,5,2013-11-05 00:00:00+00:00,2013-11-22 00:00:00+00:00,24.054029999999997,24.054029999999997,0.4915568354053017,0.0024577841770265087,13,STOP_AFTER_TP1,True
ED,S3,long,RISK_ON,5,2013-11-05 00:00:00+00:00,2013-11-08 00:00:00+00:00,58.40834999999999,57.69669285714286,-1.0,-0.005,3,SL,False
T,S3,long,RISK_ON,5,2013-11-06 00:00:00+00:00,2013-11-07 00:00:00+00:00,35.855819999999994,35.227178571428574,-1.0,-0.005,1,SL,False
ZION,S3,long,RISK_ON,5,2013-11-06 00:00:00+00:00,2013-11-07 00:00:00+00:00,28.883854999999997,28.24,-0.6643076077255695,-0.0033215380386278476,1,SMA50_BREAK,False
MAT,S3,long,RISK_ON,5,2013-11-07 00:00:00+00:00,2013-12-11 00:00:00+00:00,44.2442,45.43,2.787766543448737,0.013938832717243686,23,EMA_TRAIL,True
TDG,S3,long,RISK_ON,5,2013-11-07 00:00:00+00:00,2013-11-14 00:00:00+00:00,146.26612,146.26612,0.5145935744382033,0.0025729678721910167,5,STOP_AFTER_TP1,True
PHM,S3,long,RISK_ON,5,2013-11-07 00:00:00+00:00,2013-11-08 00:00:00+00:00,17.52751,17.085714285714285,-1.0,-0.005,1,SL,False
MKC,S3,long,RISK_ON,5,2013-11-08 00:00:00+00:00,2013-12-04 00:00:00+00:00,69.16909999999999,67.82753571428572,-1.0,-0.005,17,SL,False
SYY,S3,long,RISK_ON,5,2013-11-08 00:00:00+00:00,2014-01-09 00:00:00+00:00,33.16313,35.93,4.50011760855777,0.02250058804278885,41,EMA_TRAIL,True
TGT,S3,long,RISK_ON,5,2013-11-08 00:00:00+00:00,2013-11-21 00:00:00+00:00,65.17510999999999,65.17510999999999,0.2678884112116653,0.0013394420560583265,9,STOP_AFTER_TP1,True
VZ,S3,long,RISK_ON,5,2013-11-11 00:00:00+00:00,2013-12-04 00:00:00+00:00,50.00995999999999,49.12678571428572,-1.0,-0.005,16,SL,False
RSG,S3,long,RISK_ON,5,2013-11-11 00:00:00+00:00,2013-12-03 00:00:00+00:00,34.1341,34.61,1.3944151230936672,0.006972075615468336,15,EMA_TRAIL,True
PM,S3,long,RISK_ON,5,2013-11-11 00:00:00+00:00,2013-11-20 00:00:00+00:00,89.81972999999999,89.81972999999999,0.2747739032182566,0.0013738695160912832,7,STOP_AFTER_TP1,True
MLM,S3,long,RISK_ON,5,2013-11-11 00:00:00+00:00,2013-11-15 00:00:00+00:00,100.56045999999998,97.67803571428573,-1.0,-0.005,4,SL,False
ZION,S3,long,RISK_ON,5,2013-11-12 00:00:00+00:00,2013-11-19 00:00:00+00:00,28.918889999999998,28.479382142857144,-1.0,-0.005,5,SL,False
CAG,S3,long,RISK_ON,5,2013-11-12 00:00:00+00:00,2013-11-19 00:00:00+00:00,32.36232999999999,32.36232999999999,0.37334059323792557,0.001866702966189628,5,STOP_AFTER_TP1,True
CPB,S3,long,RISK_ON,5,2013-11-13 00:00:00+00:00,2013-11-19 00:00:00+00:00,42.222179999999994,41.060360714285714,-1.0,-0.005,4,SL,False
K,S3,long,RISK_ON,5,2013-11-13 00:00:00+00:00,2013-11-20 00:00:00+00:00,62.53246999999999,61.14,-0.8704985503285816,-0.004352492751642908,5,SMA50_BREAK,False
ED,S3,long,RISK_ON,5,2013-11-14 00:00:00+00:00,2013-11-21 00:00:00+00:00,57.60754999999999,56.24,-0.8033593417267911,-0.004016796708633956,5,SMA50_BREAK,False
CMS,S3,long,RISK_ON,5,2013-11-14 00:00:00+00:00,2013-11-25 00:00:00+00:00,27.327299999999997,27.0,-0.3615960985310282,-0.0018079804926551411,7,SMA50_BREAK,False
MNST,S3,long,RISK_ON,5,2013-11-15 00:00:00+00:00,2014-01-24 00:00:00+00:00,19.1724533,22.5166,4.6991134899277816,0.023495567449638908,46,EMA_TRAIL,True
RL,S3,long,RISK_ON,5,2013-11-18 00:00:00+00:00,2013-11-21 00:00:00+00:00,173.24306999999996,170.80517857142857,-1.0,-0.005,3,SL,False
NTRS,S3,long,RISK_ON,5,2013-11-18 00:00:00+00:00,2013-12-05 00:00:00+00:00,57.046989999999994,57.75,1.4268712435293032,0.007134356217646516,12,EMA_TRAIL,True
CAG,S3,long,RISK_ON,5,2013-11-19 00:00:00+00:00,2013-12-04 00:00:00+00:00,32.59256,32.59256,0.32988381902161046,0.0016494190951080524,10,STOP_AFTER_TP1,True
EXPE,S3,long,RISK_ON,5,2013-11-19 00:00:00+00:00,2014-01-13 00:00:00+00:00,60.76069999999999,67.87,3.340692832407652,0.01670346416203826,36,EMA_TRAIL,True
MLM,S3,long,RISK_ON,5,2013-11-19 00:00:00+00:00,2013-11-22 00:00:00+00:00,101.20109999999998,98.94357142857142,-1.0,-0.005,3,SL,False
MCD,S3,long,RISK_ON,5,2013-11-20 00:00:00+00:00,2013-11-27 00:00:00+00:00,97.63754,97.63754,0.37864171584739725,0.0018932085792369862,5,STOP_AFTER_TP1,True
PVH,S3,long,RISK_ON,5,2013-11-20 00:00:00+00:00,2013-12-04 00:00:00+00:00,130.84071,130.84071,0.5952138598187705,0.0029760692990938526,9,STOP_AFTER_TP1,True
PHM,S3,long,RISK_ON,5,2013-11-20 00:00:00+00:00,2013-12-04 00:00:00+00:00,18.13812,18.13812,0.29845095290969376,0.0014922547645484687,9,STOP_AFTER_TP1,True
RL,S3,long,RISK_ON,5,2013-11-21 00:00:00+00:00,2014-01-08 00:00:00+00:00,172.15197999999998,172.32,0.05307464629011773,0.0002653732314505887,31,SMA50_BREAK,False
ACN,S3,long,RISK_ON,5,2013-11-22 00:00:00+00:00,2013-12-02 00:00:00+00:00,77.91784,76.99205357142858,-1.0,-0.005,5,SL,False
MRO,S3,long,RISK_ON,5,2013-11-25 00:00:00+00:00,2013-11-27 00:00:00+00:00,36.98695,36.18625,-1.0,-0.005,2,SL,False
DGX,S3,long,RISK_ON,5,2013-11-25 00:00:00+00:00,2013-11-27 00:00:00+00:00,62.42235999999999,60.924142857142854,-1.0,-0.005,2,SL,False
HD,S3,long,RISK_ON,5,2013-11-25 00:00:00+00:00,2013-12-04 00:00:00+00:00,79.82974999999999,78.12305714285715,-1.0,-0.005,6,SL,False
XOM,S3,long,RISK_ON,5,2013-11-26 00:00:00+00:00,2013-11-27 00:00:00+00:00,94.36426999999999,93.63303928571429,-1.0,-0.005,1,SL,False
KO,S3,long,RISK_ON,5,2013-11-27 00:00:00+00:00,2013-12-12 00:00:00+00:00,40.23018999999999,39.47889285714285,-1.0,-0.005,10,SL,False
XOM,S3,long,RISK_ON,5,2013-11-27 00:00:00+00:00,2013-12-02 00:00:00+00:00,93.89379999999998,92.98161071428572,-1.0,-0.005,2,SL,False
GPS,S3,long,RISK_ON,5,2013-11-27 00:00:00+00:00,2013-12-06 00:00:00+00:00,40.81077,39.79663571428571,-1.0,-0.005,6,SL,False
ZION,S3,long,RISK_ON,5,2013-11-29 00:00:00+00:00,2013-12-03 00:00:00+00:00,29.359329999999996,29.359329999999996,0.30862474178529326,0.0015431237089264663,2,STOP_AFTER_TP1,True
SCG,S3,long,RISK_ON,5,2013-11-29 00:00:00+00:00,2013-12-11 00:00:00+00:00,47.217169999999996,46.63106785714286,-1.0,-0.005,8,SL,False
IRM,S3,long,RISK_ON,5,2013-11-29 00:00:00+00:00,2014-01-02 00:00:00+00:00,28.14812,29.49,2.312617288905211,0.011563086444526053,22,EMA_TRAIL,True
NTAP,S3,long,RISK_ON,5,2013-12-02 00:00:00+00:00,2013-12-03 00:00:00+00:00,41.041,40.74,-0.3237429416509764,-0.001618714708254882,1,SMA50_BREAK,False
RHT,S3,long,RISK_ON,5,2013-12-02 00:00:00+00:00,2013-12-03 00:00:00+00:00,46.22617999999999,45.72924642857143,-1.0,-0.005,1,SL,False
CVX,S3,long,RISK_ON,5,2013-12-02 00:00:00+00:00,2013-12-04 00:00:00+00:00,122.46233999999998,121.379325,-1.0,-0.005,2,SL,False
CCL,S3,long,RISK_ON,5,2013-12-03 00:00:00+00:00,2013-12-04 00:00:00+00:00,35.88585,35.373285714285714,-1.0,-0.005,1,SL,False
DLR,S5,long,RISK_ON,5,2013-12-03 00:00:00+00:00,2013-12-04 00:00:00+00:00,44.574529999999996,45.0,0.27726404827537104,0.0013863202413768553,1,SMA50_BREAK,False
RHT,S3,long,RISK_ON,5,2013-12-03 00:00:00+00:00,2014-01-27 00:00:00+00:00,45.97593,55.82,7.882598969047836,0.039412994845239184,36,EMA_TRAIL,True
CVX,S3,long,RISK_ON,5,2013-12-04 00:00:00+00:00,2013-12-13 00:00:00+00:00,121.89176999999998,120.5662,-1.0,-0.005,7,SL,False
TPR,S3,long,RISK_ON,5,2013-12-04 00:00:00+00:00,2013-12-16 00:00:00+00:00,56.52646999999999,55.107014285714286,-1.0,-0.005,8,SL,False
PHM,S3,long,RISK_ON,5,2013-12-04 00:00:00+00:00,2014-01-13 00:00:00+00:00,18.36835,19.4,1.3537532567955612,0.006768766283977806,26,EMA_TRAIL,True
PBCT,S3,long,RISK_ON,5,2013-12-04 00:00:00+00:00,2013-12-05 00:00:00+00:00,14.924909999999999,14.75375,-1.0,-0.005,1,SL,False
ZION,S3,long,RISK_ON,5,2013-12-05 00:00:00+00:00,2013-12-11 00:00:00+00:00,29.189159999999998,29.189159999999998,0.30390050682861397,0.0015195025341430699,4,STOP_AFTER_TP1,True
CAG,S3,long,RISK_ON,5,2013-12-05 00:00:00+00:00,2013-12-10 00:00:00+00:00,32.672639999999994,32.672639999999994,0.4040077267476728,0.0020200386337383643,3,STOP_AFTER_TP1,True
BAX,S3,long,RISK_ON,5,2013-12-09 00:00:00+00:00,2013-12-12 00:00:00+00:00,67.85779,66.69603571428571,-1.0,-0.005,3,SL,False
HD,S3,long,RISK_ON,5,2013-12-09 00:00:00+00:00,2014-01-13 00:00:00+00:00,79.67959999999998,80.97,1.1760707752988493,0.005880353876494247,23,EMA_TRAIL,True
NTAP,S3,long,RISK_ON,5,2013-12-09 00:00:00+00:00,2013-12-11 00:00:00+00:00,41.30125999999999,40.939014285714286,-1.0,-0.005,2,SL,False
CCL,S3,long,RISK_ON,5,2013-12-10 00:00:00+00:00,2014-01-24 00:00:00+00:00,35.72568999999999,39.15,3.0362683261175003,0.015181341630587502,30,EMA_TRAIL,True
BBT,S3,long,RISK_ON,5,2013-12-10 00:00:00+00:00,2014-01-27 00:00:00+00:00,34.59456,37.79,8.715390921200948,0.04357695460600474,31,EMA_TRAIL,True
CBG,S3,long,RISK_ON,5,2013-12-11 00:00:00+00:00,2014-01-24 00:00:00+00:00,24.884859999999996,25.47,1.8194794857471779,0.009097397428735889,29,EMA_TRAIL,True
DVA,S3,long,RISK_ON,5,2013-12-12 00:00:00+00:00,2014-01-24 00:00:00+00:00,60.25018999999999,64.2,3.7529929639650668,0.018764964819825335,28,EMA_TRAIL,True
AMD,S3,long,RISK_ON,5,2013-12-12 00:00:00+00:00,2013-12-16 00:00:00+00:00,3.6936899999999997,3.5907142857142857,-1.0,-0.005,2,SL,False
JNPR,S3,long,RISK_ON,5,2013-12-16 00:00:00+00:00,2014-02-26 00:00:00+00:00,21.06104,26.89,5.16706391127914,0.0258353195563957,48,EMA_TRAIL,True
TPR,S3,long,RISK_ON,5,2013-12-16 00:00:00+00:00,2014-01-13 00:00:00+00:00,55.375319999999995,54.34392857142857,-1.0,-0.005,18,SL,False
AMD,S3,long,RISK_ON,5,2013-12-18 00:00:00+00:00,2014-01-22 00:00:00+00:00,3.6536499999999994,3.67,2.452029402364986,0.012260147011824929,22,SMA50_BREAK,True
MAC,S3,long,RISK_ON,5,2013-12-26 00:00:00+00:00,2014-01-02 00:00:00+00:00,59.49943999999999,58.564553571428576,-1.0,-0.005,4,SL,False
EBAY,S3,long,RISK_ON,5,2013-12-27 00:00:00+00:00,2014-01-03 00:00:00+00:00,54.234179999999995,53.20160714285714,-1.0,-0.005,4,SL,False
FTI,S3,long,RISK_ON,5,2013-12-27 00:00:00+00:00,2013-12-30 00:00:00+00:00,51.951899999999995,51.34328571428571,-1.0,-0.005,1,SL,False
FTI,S3,long,RISK_ON,5,2013-12-30 00:00:00+00:00,2014-01-23 00:00:00+00:00,51.591539999999995,50.72507142857143,-1.0,-0.005,16,SL,False
EQIX,S3,long,RISK_ON,5,2013-12-30 00:00:00+00:00,2014-02-03 00:00:00+00:00,173.24306999999996,179.14,3.3149503700943908,0.016574751850471955,23,EMA_TRAIL,True
COG,S3,long,RISK_ON,5,2014-01-02 00:00:00+00:00,2014-01-09 00:00:00+00:00,38.208169999999996,37.54360714285714,-1.0,-0.005,5,SL,False
CPB,S3,long,RISK_ON,5,2014-01-03 00:00:00+00:00,2014-01-17 00:00:00+00:00,42.462419999999995,41.98285714285714,-1.0,-0.005,10,SL,False
IBM,S3,long,RISK_ON,5,2014-01-09 00:00:00+00:00,2014-01-13 00:00:00+00:00,187.56737999999999,185.36553571428573,-1.0,-0.005,2,SL,False
KMI,S3,long,RISK_ON,5,2014-01-10 00:00:00+00:00,2014-01-13 00:00:00+00:00,35.9359,35.53557142857143,-1.0,-0.005,1,SL,False
CAG,S3,long,RISK_ON,5,2014-01-13 00:00:00+00:00,2014-01-16 00:00:00+00:00,33.60357,33.60357,0.3995456565923892,0.0019977282829619462,3,STOP_AFTER_TP1,True
CDNS,S3,long,RISK_ON,5,2014-01-13 00:00:00+00:00,2014-01-23 00:00:00+00:00,14.284269999999998,14.284269999999998,0.40032925345359455,0.0020016462672679727,7,STOP_AFTER_TP1,True
KMI,S3,long,RISK_ON,5,2014-01-13 00:00:00+00:00,2014-01-29 00:00:00+00:00,35.495459999999994,35.22914285714286,-1.0,-0.005,11,SL,False
CTXS,S1,long,RISK_ON,5,2014-01-14 00:00:00+00:00,2014-01-23 00:00:00+00:00,60.120059999999995,59.67,-0.12098559468723445,-0.0006049279734361723,6,SMA50_BREAK,False
ES,S3,long,RISK_ON,5,2014-01-14 00:00:00+00:00,2014-01-15 00:00:00+00:00,42.33228999999999,41.965357142857144,-1.0,-0.005,1,SL,False
IBM,S3,long,RISK_ON,5,2014-01-14 00:00:00+00:00,2014-01-22 00:00:00+00:00,186.10591999999997,186.10591999999997,0.4094754821046067,0.0020473774105230335,5,STOP_AFTER_TP1,True
ES,S3,long,RISK_ON,5,2014-01-15 00:00:00+00:00,2014-03-03 00:00:00+00:00,42.08203999999999,43.95,3.2196586812742507,0.016098293406371252,31,EMA_TRAIL,True
COG,S3,long,RISK_ON,5,2014-01-15 00:00:00+00:00,2014-02-07 00:00:00+00:00,37.657619999999994,39.32,1.0659483045129574,0.005329741522564787,16,EMA_TRAIL,True
HRB,S3,long,RISK_ON,5,2014-01-15 00:00:00+00:00,2014-01-16 00:00:00+00:00,29.34932,28.86732142857143,-1.0,-0.005,1,SL,False
CAG,S3,long,RISK_ON,5,2014-01-21 00:00:00+00:00,2014-01-24 00:00:00+00:00,33.59356,33.035714285714285,-1.0,-0.005,3,SL,False
HRB,S3,long,RISK_ON,5,2014-01-22 00:00:00+00:00,2014-01-24 00:00:00+00:00,29.369339999999998,28.23307142857143,-1.0,-0.005,2,SL,False
EW,S3,long,RISK_ON,5,2014-01-23 00:00:00+00:00,2014-01-27 00:00:00+00:00,34.179145,33.53523214285714,-1.0,-0.005,2,SL,False
CNC,S3,long,RISK_ON,5,2014-02-11 00:00:00+00:00,2014-02-12 00:00:00+00:00,30.600569999999998,29.72655357142857,-1.0,-0.005,1,SL,False
HCN,S3,long,RISK_ON,5,2014-02-12 00:00:00+00:00,2014-02-21 00:00:00+00:00,56.88682999999999,56.19946071428571,-1.0,-0.005,6,SL,False
EXC,S3,long,RISK_ON,5,2014-02-12 00:00:00+00:00,2014-03-06 00:00:00+00:00,28.968939999999996,29.81,1.806853042998758,0.00903426521499379,15,EMA_TRAIL,True
AVB,S3,long,RISK_ON,5,2014-02-19 00:00:00+00:00,2014-02-27 00:00:00+00:00,128.47834999999998,127.02824285714287,-1.0,-0.005,6,SL,False
AIV,S3,long,RISK_ON,5,2014-02-20 00:00:00+00:00,2014-03-19 00:00:00+00:00,29.309279999999998,29.67,1.6675928561127296,0.008337964280563648,19,EMA_TRAIL,True
PLD,S3,long,RISK_ON,5,2014-02-20 00:00:00+00:00,2014-03-10 00:00:00+00:00,40.430389999999996,40.430389999999996,0.5143873796989825,0.0025719368984949125,12,STOP_AFTER_TP1,True
ETR,S3,long,RISK_ON,5,2014-02-21 00:00:00+00:00,2014-02-27 00:00:00+00:00,64.51445,63.917699999999996,-1.0,-0.005,4,SL,False
WAT,S3,long,RISK_ON,5,2014-02-25 00:00:00+00:00,2014-02-28 00:00:00+00:00,112.70258999999999,111.3292,-1.0,-0.005,3,SL,False
VTR,S3,long,RISK_ON,5,2014-02-25 00:00:00+00:00,2014-03-06 00:00:00+00:00,61.551489999999994,61.97,0.5584425139345579,0.0027922125696727895,7,EMA_TRAIL,True
PCG,S3,long,RISK_ON,5,2014-02-26 00:00:00+00:00,2014-03-06 00:00:00+00:00,43.53349,43.06046428571429,-1.0,-0.005,6,SL,False
PSA,S3,long,RISK_ON,5,2014-02-27 00:00:00+00:00,2014-03-07 00:00:00+00:00,166.70653999999996,166.70653999999996,0.3224910587937938,0.001612455293968969,6,STOP_AFTER_TP1,True
ETR,S3,long,RISK_ON,5,2014-02-27 00:00:00+00:00,2014-03-05 00:00:00+00:00,63.82375999999999,63.06091428571429,-1.0,-0.005,4,SL,False
AVB,S3,long,RISK_ON,5,2014-02-27 00:00:00+00:00,2014-06-09 00:00:00+00:00,127.42729999999999,139.92,7.565565839573227,0.03782782919786614,70,EMA_TRAIL,True
REGN,S3,long,RISK_ON,5,2014-02-27 00:00:00+00:00,2014-02-28 00:00:00+00:00,338.87854,327.8872857142857,-1.0,-0.005,1,SL,False
DLR,S3,long,RISK_ON,5,2014-02-27 00:00:00+00:00,2014-03-07 00:00:00+00:00,53.763709999999996,52.146253571428566,-1.0,-0.005,6,SL,False
WAT,S3,long,RISK_ON,5,2014-02-28 00:00:00+00:00,2014-03-24 00:00:00+00:00,111.5114,109.88491428571429,-1.0,-0.005,16,SL,False
AKAM,S3,long,RISK_ON,5,2014-02-28 00:00:00+00:00,2014-03-03 00:00:00+00:00,61.191129999999994,60.197857142857146,-1.0,-0.005,1,SL,False
FOXA,S3,long,RISK_ON,5,2014-03-03 00:00:00+00:00,2014-03-11 00:00:00+00:00,33.09306,33.09306,0.3407500403006534,0.0017037502015032672,6,STOP_AFTER_TP1,True
PNW,S3,long,RISK_ON,5,2014-03-03 00:00:00+00:00,2014-03-05 00:00:00+00:00,55.125069999999994,54.669535714285715,-1.0,-0.005,2,SL,False
LH,S3,long,RISK_ON,5,2014-03-03 00:00:00+00:00,2014-03-24 00:00:00+00:00,92.77268,94.85,2.190399971599864,0.01095199985799932,15,EMA_TRAIL,True
NBL,S3,long,RISK_ON,5,2014-03-03 00:00:00+00:00,2014-03-12 00:00:00+00:00,68.03796999999999,67.21144285714286,-1.0,-0.005,7,SL,False
ED,S3,long,RISK_ON,5,2014-03-03 00:00:00+00:00,2014-03-07 00:00:00+00:00,55.51546,55.0325,-1.0,-0.005,4,SL,False
ANSS,S3,long,RISK_ON,5,2014-03-05 00:00:00+00:00,2014-03-11 00:00:00+00:00,83.4834,81.91696785714286,-1.0,-0.005,4,SL,False
CTL,S2,long,RISK_ON,5,2014-03-05 00:00:00+00:00,2014-03-10 00:00:00+00:00,31.891859999999998,30.75107142857143,-1.0,-0.005,3,SL,False
LUK,S3,long,RISK_ON,5,2014-03-05 00:00:00+00:00,2014-03-07 00:00:00+00:00,28.028,27.85,-0.43343276313386075,-0.002167163815669304,2,SMA50_BREAK,False
SLB,S3,long,RISK_ON,5,2014-03-05 00:00:00+00:00,2014-03-12 00:00:00+00:00,92.10200999999999,90.81428571428572,-1.0,-0.005,5,SL,False
PXD,S3,long,RISK_ON,5,2014-03-06 00:00:00+00:00,2014-03-10 00:00:00+00:00,198.51831999999996,193.49864642857145,-1.0,-0.005,2,SL,False
REG,S3,long,RISK_ON,5,2014-03-06 00:00:00+00:00,2014-03-07 00:00:00+00:00,50.620569999999994,49.97982142857143,-1.0,-0.005,1,SL,False
ED,S3,long,RISK_ON,5,2014-03-07 00:00:00+00:00,2014-03-12 00:00:00+00:00,55.495439999999995,54.443575,-1.0,-0.005,3,SL,False
FOX,S3,long,RISK_ON,5,2014-03-10 00:00:00+00:00,2014-03-11 00:00:00+00:00,32.972939999999994,32.43967857142857,-1.0,-0.005,1,SL,False
PXD,S3,long,RISK_ON,5,2014-03-10 00:00:00+00:00,2014-03-11 00:00:00+00:00,195.11491999999996,189.78043571428572,-1.0,-0.005,1,SL,False
HOLX,S3,long,RISK_ON,5,2014-03-10 00:00:00+00:00,2014-03-13 00:00:00+00:00,22.20218,21.760357142857142,-1.0,-0.005,3,SL,False
NEM,S3,long,RISK_ON,5,2014-03-10 00:00:00+00:00,2014-03-19 00:00:00+00:00,24.334309999999995,24.5,0.42483515393709737,0.002124175769685487,7,EMA_TRAIL,True
ALB,S3,long,RISK_ON,5,2014-03-10 00:00:00+00:00,2014-03-12 00:00:00+00:00,66.03596999999999,65.08232857142856,-1.0,-0.005,2,SL,False
GWW,S3,long,RISK_ON,5,2014-03-10 00:00:00+00:00,2014-03-12 00:00:00+00:00,256.02576999999997,251.885,-1.0,-0.005,2,SL,False
APC,S3,long,RISK_ON,5,2014-03-10 00:00:00+00:00,2014-03-11 00:00:00+00:00,84.95487,83.39571428571429,-1.0,-0.005,1,SL,False
WU,S3,long,RISK_ON,5,2014-03-10 00:00:00+00:00,2014-03-13 00:00:00+00:00,16.756739999999997,16.52,-1.0,-0.005,3,SL,False
KSS,S3,long,RISK_ON,5,2014-03-11 00:00:00+00:00,2014-03-13 00:00:00+00:00,55.47541999999999,54.135714285714286,-1.0,-0.005,2,SL,False
DLR,S3,long,RISK_ON,5,2014-03-11 00:00:00+00:00,2014-03-13 00:00:00+00:00,53.30324999999999,51.393753571428576,-1.0,-0.005,2,SL,False
AIG,S3,long,RISK_ON,5,2014-03-11 00:00:00+00:00,2014-03-12 00:00:00+00:00,50.580529999999996,50.01467857142857,-1.0,-0.005,1,SL,False
NFX,S3,long,RISK_ON,5,2014-03-11 00:00:00+00:00,2014-04-25 00:00:00+00:00,28.1281,31.75,3.4102051487097462,0.01705102574354873,32,EMA_TRAIL,True
NOV,S3,long,RISK_ON,5,2014-03-11 00:00:00+00:00,2014-03-12 00:00:00+00:00,78.15807999999998,77.06593571428571,-1.0,-0.005,1,SL,False
XL,S3,long,RISK_ON,5,2014-03-11 00:00:00+00:00,2014-03-13 00:00:00+00:00,30.470439999999996,30.01964285714286,-1.0,-0.005,2,SL,False
TWX,S3,long,RISK_ON,5,2014-03-12 00:00:00+00:00,2014-03-24 00:00:00+00:00,67.32726,66.20214285714286,-1.0,-0.005,8,SL,False
NBL,S3,long,RISK_ON,5,2014-03-12 00:00:00+00:00,2014-03-14 00:00:00+00:00,68.2682,66.31892857142857,-1.0,-0.005,2,SL,False
DLTR,S3,long,RISK_ON,5,2014-03-12 00:00:00+00:00,2014-03-17 00:00:00+00:00,55.014959999999995,53.59003928571428,-1.0,-0.005,3,SL,False
ROST,S3,long,RISK_ON,5,2014-03-12 00:00:00+00:00,2014-03-19 00:00:00+00:00,36.226189999999995,36.226189999999995,0.35530670077609444,0.0017765335038804723,5,STOP_AFTER_TP1,True
LOW,S3,long,RISK_ON,5,2014-03-12 00:00:00+00:00,2014-03-25 00:00:00+00:00,49.429379999999995,48.44303571428571,-1.0,-0.005,9,SL,False
REG,S3,long,RISK_ON,5,2014-03-13 00:00:00+00:00,2014-03-19 00:00:00+00:00,50.07002,49.19625,-1.0,-0.005,4,SL,False
COTY,S3,long,RISK_ON,5,2014-03-13 00:00:00+00:00,2014-03-14 00:00:00+00:00,15.24523,14.812657142857143,-1.0,-0.005,1,SL,False
KSS,S3,long,RISK_ON,5,2014-03-13 00:00:00+00:00,2014-04-07 00:00:00+00:00,54.544489999999996,56.02,1.7488057333509435,0.008744028666754718,17,EMA_TRAIL,True
LB,S3,long,RISK_ON,5,2014-03-13 00:00:00+00:00,2014-03-26 00:00:00+00:00,56.78672999999999,56.78672999999999,0.3651399541108316,0.001825699770554158,9,STOP_AFTER_TP1,True
EW,S3,long,RISK_ON,5,2014-03-13 00:00:00+00:00,2014-03-21 00:00:00+00:00,36.035999999999994,36.035999999999994,0.7270952311221912,0.0036354761556109563,6,STOP_AFTER_TP1,True
FAST,S3,long,RISK_ON,5,2014-03-13 00:00:00+00:00,2014-03-27 00:00:00+00:00,48.44839999999999,48.44839999999999,0.3917439975789592,0.001958719987894796,10,STOP_AFTER_TP1,True
HCN,S3,long,RISK_ON,5,2014-03-14 00:00:00+00:00,2014-03-19 00:00:00+00:00,58.988929999999996,58.11857142857143,-1.0,-0.005,3,SL,False
PFG,S3,long,RISK_ON,5,2014-03-17 00:00:00+00:00,2014-04-07 00:00:00+00:00,45.73568999999999,45.73568999999999,0.7538749130878291,0.0037693745654391454,15,STOP_AFTER_TP1,True
COTY,S3,long,RISK_ON,5,2014-03-17 00:00:00+00:00,2014-05-08 00:00:00+00:00,15.175159999999998,15.75,0.8971138963751937,0.004485569481875969,37,EMA_TRAIL,True
XL,S3,long,RISK_ON,5,2014-03-17 00:00:00+00:00,2014-03-27 00:00:00+00:00,30.330299999999998,30.330299999999998,0.30359947103066653,0.0015179973551533326,8,STOP_AFTER_TP1,True
RL,S3,long,RISK_ON,5,2014-03-17 00:00:00+00:00,2014-03-25 00:00:00+00:00,161.67150999999998,158.17721428571429,-1.0,-0.005,6,SL,False
CTL,S3,long,RISK_ON,5,2014-03-17 00:00:00+00:00,2014-06-06 00:00:00+00:00,30.870839999999998,36.91,6.44668350860705,0.03223341754303525,57,EMA_TRAIL,True
WU,S3,long,RISK_ON,5,2014-03-18 00:00:00+00:00,2014-03-26 00:00:00+00:00,16.45644,16.0,-0.7014322470735976,-0.003507161235367988,6,SMA50_BREAK,False
APC,S3,long,RISK_ON,5,2014-03-18 00:00:00+00:00,2014-05-16 00:00:00+00:00,83.38329999999999,99.07,4.724074871329448,0.02362037435664724,42,EMA_TRAIL,True
MKC,S3,long,RISK_ON,5,2014-03-19 00:00:00+00:00,2014-05-06 00:00:00+00:00,67.70764,70.62,2.7093744427751014,0.013546872213875507,33,EMA_TRAIL,True
WHR,S3,long,RISK_ON,5,2014-03-19 00:00:00+00:00,2014-03-24 00:00:00+00:00,146.49634999999998,143.2203142857143,-1.0,-0.005,3,SL,False
ROST,S3,long,RISK_ON,5,2014-03-19 00:00:00+00:00,2014-03-26 00:00:00+00:00,36.36633,35.76535714285714,-1.0,-0.005,5,SL,False
KR,S3,long,RISK_ON,5,2014-03-19 00:00:00+00:00,2014-04-11 00:00:00+00:00,21.866844999999998,21.866844999999998,0.6268060097769326,0.003134030048884663,17,STOP_AFTER_TP1,True
CL,S3,long,RISK_ON,5,2014-03-19 00:00:00+00:00,2014-05-15 00:00:00+00:00,63.45338999999999,66.41,3.530421600909741,0.017652108004548705,40,EMA_TRAIL,True
GWW,S3,long,RISK_ON,5,2014-03-20 00:00:00+00:00,2014-04-07 00:00:00+00:00,251.29103999999995,246.62,-0.7392176030717826,-0.003696088015358913,12,SMA50_BREAK,False
K,S3,long,RISK_ON,5,2014-03-21 00:00:00+00:00,2014-03-25 00:00:00+00:00,61.64157999999999,61.18651785714286,-1.0,-0.005,2,SL,False
CVX,S3,long,RISK_ON,5,2014-03-24 00:00:00+00:00,2014-04-10 00:00:00+00:00,115.96584999999997,116.69,0.9796482217688149,0.004898241108844075,13,EMA_TRAIL,True
PEP,S3,long,RISK_ON,5,2014-03-24 00:00:00+00:00,2014-05-15 00:00:00+00:00,81.97188999999999,85.74,3.0650946159209953,0.015325473079604976,37,EMA_TRAIL,True
AJG,S3,long,RISK_ON,5,2014-03-24 00:00:00+00:00,2014-03-27 00:00:00+00:00,47.147099999999995,46.71343571428571,-1.0,-0.005,3,SL,False
HCN,S3,long,RISK_ON,5,2014-03-25 00:00:00+00:00,2014-05-22 00:00:00+00:00,58.488429999999994,63.64,3.245415783891012,0.01622707891945506,41,EMA_TRAIL,True
PBCT,S3,long,RISK_ON,5,2014-03-25 00:00:00+00:00,2014-03-26 00:00:00+00:00,14.82481,14.673396428571428,-1.0,-0.005,1,SL,False
PBCT,S3,long,RISK_ON,5,2014-03-26 00:00:00+00:00,2014-03-27 00:00:00+00:00,14.664649999999998,14.500539285714284,-1.0,-0.005,1,SL,False
FTI,S3,long,RISK_ON,5,2014-03-27 00:00:00+00:00,2014-04-11 00:00:00+00:00,51.761709999999994,51.761709999999994,1.2273511413403513,0.006136755706701757,11,STOP_AFTER_TP1,True
ULTA,S3,long,RISK_ON,5,2014-03-27 00:00:00+00:00,2014-04-04 00:00:00+00:00,98.84875,96.29003928571429,-1.0,-0.005,6,SL,False
K,S3,long,RISK_ON,5,2014-03-27 00:00:00+00:00,2014-05-01 00:00:00+00:00,61.82175999999999,65.37,5.191041118700046,0.02595520559350023,24,EMA_TRAIL,True
WMT,S3,long,RISK_ON,5,2014-03-27 00:00:00+00:00,2014-04-11 00:00:00+00:00,76.21614,76.5,0.924904322197029,0.004624521610985145,11,EMA_TRAIL,True
ROST,S3,long,RISK_ON,5,2014-03-28 00:00:00+00:00,2014-04-10 00:00:00+00:00,36.08604999999999,35.00857142857143,-1.0,-0.005,9,SL,False
PBCT,S3,long,RISK_ON,5,2014-03-28 00:00:00+00:00,2014-04-21 00:00:00+00:00,14.654639999999999,14.43,-0.6659650475075194,-0.003329825237537597,15,SMA50_BREAK,False
FAST,S3,long,RISK_ON,5,2014-03-28 00:00:00+00:00,2014-04-11 00:00:00+00:00,49.02897999999999,49.02897999999999,0.3685250561412861,0.0018426252807064306,10,STOP_AFTER_TP1,True
AJG,S3,long,RISK_ON,5,2014-03-28 00:00:00+00:00,2014-04-07 00:00:00+00:00,46.92688,46.17785714285714,-1.0,-0.005,6,SL,False
LB,S3,long,RISK_ON,5,2014-03-31 00:00:00+00:00,2014-04-07 00:00:00+00:00,56.826769999999996,56.826769999999996,0.5288512582964457,0.0026442562914822288,5,STOP_AFTER_TP1,True
CB,S3,long,RISK_ON,5,2014-04-01 00:00:00+00:00,2014-04-07 00:00:00+00:00,99.17907999999998,97.82046785714286,-1.0,-0.005,4,SL,False
MAT,S3,long,RISK_ON,5,2014-04-03 00:00:00+00:00,2014-04-04 00:00:00+00:00,39.939899999999994,39.37157142857143,-1.0,-0.005,1,SL,False
TPR,S3,long,RISK_ON,5,2014-04-03 00:00:00+00:00,2014-04-07 00:00:00+00:00,50.11006,49.122014285714286,-1.0,-0.005,2,SL,False
DRI,S3,long,RISK_ON,5,2014-04-04 00:00:00+00:00,2014-04-07 00:00:00+00:00,51.291239999999995,50.75702142857143,-1.0,-0.005,1,SL,False
PG,S3,long,RISK_ON,5,2014-04-04 00:00:00+00:00,2014-04-23 00:00:00+00:00,79.84976999999999,79.84976999999999,0.5549219066787054,0.002774609533393527,12,STOP_AFTER_TP1,True
MAT,S3,long,RISK_ON,5,2014-04-04 00:00:00+00:00,2014-04-07 00:00:00+00:00,39.44940999999999,38.866285714285716,-1.0,-0.005,1,SL,False
WHR,S3,long,RISK_ON,5,2014-04-09 00:00:00+00:00,2014-05-14 00:00:00+00:00,150.23008,144.15011785714285,-1.0,-0.005,24,SL,False
CAG,S3,long,RISK_ON,5,2014-04-09 00:00:00+00:00,2014-04-10 00:00:00+00:00,31.131099999999996,30.67964642857143,-1.0,-0.005,1,SL,False
DGX,S3,long,RISK_ON,5,2014-04-09 00:00:00+00:00,2014-04-24 00:00:00+00:00,59.869809999999994,57.96675714285714,-1.0,-0.005,10,SL,False
ULTA,S3,long,RISK_ON,5,2014-04-09 00:00:00+00:00,2014-04-11 00:00:00+00:00,97.17707999999999,91.77796428571429,-1.0,-0.005,2,SL,False
FCX,S3,long,RISK_ON,5,2014-04-17 00:00:00+00:00,2014-05-21 00:00:00+00:00,33.043009999999995,34.26,2.0403108503774927,0.010201554251887464,23,EMA_TRAIL,True
AES,S3,long,RISK_ON,5,2014-04-17 00:00:00+00:00,2014-04-22 00:00:00+00:00,14.274259999999998,14.029107142857143,-1.0,-0.005,2,SL,False
CAG,S3,long,RISK_ON,5,2014-04-21 00:00:00+00:00,2014-04-28 00:00:00+00:00,31.251219999999996,30.897142857142857,-1.0,-0.005,5,SL,False
LH,S3,long,RISK_ON,5,2014-04-21 00:00:00+00:00,2014-04-28 00:00:00+00:00,101.15104999999998,99.2475,-1.0,-0.005,5,SL,False
PM,S3,long,RISK_ON,5,2014-04-22 00:00:00+00:00,2014-06-26 00:00:00+00:00,83.62353999999999,86.49,1.4173808535004744,0.0070869042675023725,46,SMA50_BREAK,True
VZ,S3,long,RISK_ON,5,2014-04-22 00:00:00+00:00,2014-04-23 00:00:00+00:00,47.96792,47.450857142857146,-1.0,-0.005,1,SL,False
CLX,S3,long,RISK_ON,5,2014-04-23 00:00:00+00:00,2014-05-01 00:00:00+00:00,89.07898999999999,89.07898999999999,0.6817575920051355,0.003408787960025678,6,STOP_AFTER_TP1,True
AES,S3,long,RISK_ON,5,2014-04-23 00:00:00+00:00,2014-05-02 00:00:00+00:00,14.294279999999997,14.33,0.3255472759947838,0.001627736379973919,7,EMA_TRAIL,True
YUM,S3,long,RISK_ON,5,2014-04-24 00:00:00+00:00,2014-05-14 00:00:00+00:00,76.86679,75.86,-0.4185595554705591,-0.002092797777352796,14,SMA50_BREAK,False
LKQ,S3,long,RISK_ON,5,2014-04-24 00:00:00+00:00,2014-04-25 00:00:00+00:00,27.39737,26.65,-0.7707609429891279,-0.0038538047149456398,1,SMA50_BREAK,False
CHRW,S3,long,RISK_ON,5,2014-04-25 00:00:00+00:00,2014-07-29 00:00:00+00:00,56.336279999999995,64.41,8.461658330808364,0.04230829165404182,65,EMA_TRAIL,True
JBHT,S3,long,RISK_ON,5,2014-04-25 00:00:00+00:00,2014-05-09 00:00:00+00:00,75.55547999999999,75.55547999999999,0.4386354001881903,0.0021931770009409515,10,STOP_AFTER_TP1,True
CHK,S3,long,RISK_ON,5,2014-04-28 00:00:00+00:00,2014-05-05 00:00:00+00:00,28.78876,28.090928571428574,-1.0,-0.005,5,SL,False
APA,S3,long,RISK_ON,5,2014-04-28 00:00:00+00:00,2014-04-30 00:00:00+00:00,86.89680999999999,86.89680999999999,0.3178839668914837,0.0015894198344574184,2,STOP_AFTER_TP1,True
RE,S3,long,RISK_ON,5,2014-04-28 00:00:00+00:00,2014-06-12 00:00:00+00:00,156.85669999999996,159.55,1.9052613903807738,0.00952630695190387,32,EMA_TRAIL,True
CNP,S3,long,RISK_ON,5,2014-04-29 00:00:00+00:00,2014-05-02 00:00:00+00:00,24.614589999999996,24.614589999999996,0.5011763145185353,0.0025058815725926766,3,STOP_AFTER_TP1,True
F,S3,long,RISK_ON,5,2014-04-30 00:00:00+00:00,2014-05-05 00:00:00+00:00,16.16615,15.775360714285714,-1.0,-0.005,3,SL,False
BA,S3,long,RISK_ON,5,2014-05-07 00:00:00+00:00,2014-05-16 00:00:00+00:00,130.48035,130.48035,0.27044154666154263,0.0013522077333077132,7,STOP_AFTER_TP1,True
LKQ,S3,long,RISK_ON,5,2014-05-08 00:00:00+00:00,2014-05-15 00:00:00+00:00,28.958929999999995,27.89196785714286,-1.0,-0.005,5,SL,False
DOV,S3,long,RISK_ON,5,2014-05-09 00:00:00+00:00,2014-05-15 00:00:00+00:00,85.34526,85.34526,0.36759168969696576,0.001837958448484829,4,STOP_AFTER_TP1,True
WM,S3,long,RISK_ON,5,2014-05-09 00:00:00+00:00,2014-05-20 00:00:00+00:00,43.963919999999995,43.412142857142854,-1.0,-0.005,7,SL,False
CINF,S3,long,RISK_ON,5,2014-05-13 00:00:00+00:00,2014-05-14 00:00:00+00:00,49.319269999999996,48.80932142857143,-1.0,-0.005,1,SL,False
ANDV,S3,long,RISK_ON,5,2014-05-13 00:00:00+00:00,2014-06-25 00:00:00+00:00,54.68463,58.37,1.7272223474698416,0.008636111737349208,30,EMA_TRAIL,True
ZTS,S3,long,RISK_ON,5,2014-05-13 00:00:00+00:00,2014-05-21 00:00:00+00:00,30.76073,30.245535714285715,-1.0,-0.005,6,SL,False
ADP,S3,long,RISK_ON,5,2014-05-14 00:00:00+00:00,2014-05-15 00:00:00+00:00,78.16808999999999,77.37146428571428,-1.0,-0.005,1,SL,False
PGR,S2,long,RISK_ON,5,2014-05-14 00:00:00+00:00,2014-07-07 00:00:00+00:00,25.465439999999997,25.09,-0.32864022368863566,-0.0016432011184431784,36,SMA50_BREAK,False
AOS,S3,long,RISK_ON,5,2014-05-14 00:00:00+00:00,2014-05-15 00:00:00+00:00,23.658635,23.401964285714286,-1.0,-0.005,1,SL,False
CINF,S3,long,RISK_ON,5,2014-05-14 00:00:00+00:00,2014-05-15 00:00:00+00:00,48.95890999999999,48.413964285714286,-1.0,-0.005,1,SL,False
WY,S3,long,RISK_ON,5,2014-05-15 00:00:00+00:00,2014-06-13 00:00:00+00:00,30.100069999999995,30.84,1.4849860443518634,0.007424930221759317,20,EMA_TRAIL,True
AOS,S3,long,RISK_ON,5,2014-05-15 00:00:00+00:00,2014-06-20 00:00:00+00:00,23.663639999999997,24.785,1.4137854529465717,0.007068927264732858,25,EMA_TRAIL,True
FOX,S3,long,RISK_ON,5,2014-05-15 00:00:00+00:00,2014-06-19 00:00:00+00:00,33.29326,34.2,0.9090019869987889,0.004545009934993944,24,EMA_TRAIL,True
TWX,S3,long,RISK_ON,5,2014-05-15 00:00:00+00:00,2014-05-20 00:00:00+00:00,68.56849999999999,68.56849999999999,0.30974882894687056,0.0015487441447343529,3,STOP_AFTER_TP1,True
DOV,S3,long,RISK_ON,5,2014-05-15 00:00:00+00:00,2014-07-08 00:00:00+00:00,85.85576999999999,89.56,1.8504804540088047,0.009252402270044023,36,EMA_TRAIL,True
FDX,S3,long,RISK_ON,5,2014-05-15 00:00:00+00:00,2014-06-12 00:00:00+00:00,138.81868,139.21,0.40699705686003274,0.0020349852843001637,19,EMA_TRAIL,True
FOXA,S3,long,RISK_ON,5,2014-05-16 00:00:00+00:00,2014-06-20 00:00:00+00:00,34.10406999999999,34.54,0.6238165620926914,0.003119082810463457,24,EMA_TRAIL,True
BA,S3,long,RISK_ON,5,2014-05-16 00:00:00+00:00,2014-05-20 00:00:00+00:00,130.94081,129.14932142857143,-1.0,-0.005,2,SL,False
CELG,S3,long,RISK_ON,5,2014-05-16 00:00:00+00:00,2014-07-16 00:00:00+00:00,73.73365999999999,86.05,4.304209045685481,0.021521045228427408,41,EMA_TRAIL,True
IP,S3,long,RISK_ON,5,2014-05-16 00:00:00+00:00,2014-07-21 00:00:00+00:00,46.616569999999996,48.35,2.072755371292958,0.010363776856464791,44,EMA_TRAIL,True
LNC,S5,long,RISK_ON,5,2014-05-16 00:00:00+00:00,2014-05-19 00:00:00+00:00,47.29725,47.96,0.7386458623572058,0.003693229311786029,1,SMA50_BREAK,False
SJM,S3,long,RISK_ON,5,2014-05-16 00:00:00+00:00,2014-07-15 00:00:00+00:00,98.65856,105.6,2.6624733819085873,0.013312366909542937,40,EMA_TRAIL,True
UPS,S3,long,RISK_ON,5,2014-05-20 00:00:00+00:00,2014-06-12 00:00:00+00:00,100.63053,100.89,0.8877403300935679,0.00443870165046784,16,EMA_TRAIL,True
PVH,S3,long,RISK_ON,5,2014-05-20 00:00:00+00:00,2014-06-04 00:00:00+00:00,130.64050999999998,129.044,-1.0,-0.005,10,SL,False
WM,S3,long,RISK_ON,5,2014-05-21 00:00:00+00:00,2014-06-11 00:00:00+00:00,43.69364999999999,44.09,0.7980059386952982,0.0039900296934764915,14,EMA_TRAIL,True
BA,S3,long,RISK_ON,5,2014-05-21 00:00:00+00:00,2014-06-11 00:00:00+00:00,131.09096,134.1,1.009305552078025,0.005046527760390125,14,EMA_TRAIL,True
ZTS,S3,long,RISK_ON,5,2014-05-21 00:00:00+00:00,2014-08-05 00:00:00+00:00,30.450419999999998,32.21,3.2167951377830946,0.016083975688915474,52,SMA50_BREAK,True
ABBV,S3,long,RISK_ON,5,2014-05-21 00:00:00+00:00,2014-06-10 00:00:00+00:00,53.323269999999994,53.323269999999994,0.43530349029088483,0.0021765174514544244,13,STOP_AFTER_TP1,True
ADP,S3,long,RISK_ON,5,2014-05-21 00:00:00+00:00,2014-06-11 00:00:00+00:00,77.79771999999998,78.54,1.0171818743999927,0.005085909371999964,14,EMA_TRAIL,True
HOLX,S3,long,RISK_ON,5,2014-05-22 00:00:00+00:00,2014-07-16 00:00:00+00:00,23.863839999999996,25.3,2.629585479408945,0.013147927397044725,37,EMA_TRAIL,True
FCX,S3,long,RISK_ON,5,2014-05-23 00:00:00+00:00,2014-05-27 00:00:00+00:00,34.46442999999999,33.92434642857143,-1.0,-0.005,1,SL,False
AMP,S3,long,RISK_ON,5,2014-05-23 00:00:00+00:00,2014-07-29 00:00:00+00:00,111.04092999999999,120.84,3.268400665384547,0.016342003326922736,45,EMA_TRAIL,True
PFG,S3,long,RISK_ON,5,2014-05-23 00:00:00+00:00,2014-07-29 00:00:00+00:00,46.50646,50.96,3.463997010802602,0.01731998505401301,45,EMA_TRAIL,True
MSI,S3,long,RISK_ON,5,2014-05-23 00:00:00+00:00,2014-07-08 00:00:00+00:00,67.067,66.27,-0.5371395561546263,-0.0026856977807731314,30,SMA50_BREAK,False
IT,S3,long,RISK_ON,5,2014-05-27 00:00:00+00:00,2014-06-16 00:00:00+00:00,71.36129,69.58,-0.43090816034901,-0.00215454080174505,14,SMA50_BREAK,False
EXPD,S3,long,RISK_ON,5,2014-05-27 00:00:00+00:00,2014-06-12 00:00:00+00:00,45.705659999999995,44.915924999999994,-1.0,-0.005,12,SL,False
BEN,S3,long,RISK_ON,5,2014-05-28 00:00:00+00:00,2014-06-16 00:00:00+00:00,55.315259999999995,55.315259999999995,0.29500372503108013,0.0014750186251554008,13,STOP_AFTER_TP1,True
VRSK,S3,long,RISK_ON,5,2014-05-28 00:00:00+00:00,2014-05-30 00:00:00+00:00,60.600539999999995,60.057857142857145,-1.0,-0.005,2,SL,False
SYMC,S3,long,RISK_ON,5,2014-05-30 00:00:00+00:00,2014-06-03 00:00:00+00:00,22.011989999999997,21.66767857142857,-1.0,-0.005,2,SL,False
OKE,S3,long,RISK_ON,5,2014-06-02 00:00:00+00:00,2014-06-11 00:00:00+00:00,64.52445999999999,64.52445999999999,0.3878208518999786,0.001939104259499893,7,STOP_AFTER_TP1,True
AJG,S3,long,RISK_ON,5,2014-06-02 00:00:00+00:00,2014-06-13 00:00:00+00:00,46.20615999999999,45.41321428571428,-1.0,-0.005,9,SL,False
SNPS,S3,long,RISK_ON,5,2014-06-02 00:00:00+00:00,2014-06-04 00:00:00+00:00,38.57854,37.99710714285714,-1.0,-0.005,2,SL,False
V,S3,long,RISK_ON,5,2014-06-02 00:00:00+00:00,2014-06-03 00:00:00+00:00,53.43338,52.919825,-1.0,-0.005,1,SL,False
MA,S3,long,RISK_ON,5,2014-06-03 00:00:00+00:00,2014-06-12 00:00:00+00:00,76.42634999999999,75.69932142857144,-1.0,-0.005,7,SL,False
V,S3,long,RISK_ON,5,2014-06-03 00:00:00+00:00,2014-06-04 00:00:00+00:00,52.88282999999999,52.39705714285714,-1.0,-0.005,1,SL,False
MTD,S3,long,RISK_ON,5,2014-06-04 00:00:00+00:00,2014-06-12 00:00:00+00:00,244.84459999999996,244.84459999999996,0.27834460394670046,0.0013917230197335023,6,STOP_AFTER_TP1,True
V,S3,long,RISK_ON,5,2014-06-05 00:00:00+00:00,2014-06-19 00:00:00+00:00,53.10805499999999,52.07545,-1.0,-0.005,10,SL,False
NCLH,S3,long,RISK_ON,5,2014-06-06 00:00:00+00:00,2014-06-09 00:00:00+00:00,33.79375999999999,33.389825,-1.0,-0.005,1,SL,False
KSU,S3,long,RISK_ON,5,2014-06-09 00:00:00+00:00,2014-06-11 00:00:00+00:00,107.16705999999999,105.36552142857143,-1.0,-0.005,2,SL,False
ALGN,S3,long,RISK_ON,5,2014-06-09 00:00:00+00:00,2014-06-11 00:00:00+00:00,53.203149999999994,52.049839285714285,-1.0,-0.005,2,SL,False
VRSK,S3,long,RISK_ON,5,2014-06-10 00:00:00+00:00,2014-06-12 00:00:00+00:00,61.251189999999994,60.64071428571429,-1.0,-0.005,2,SL,False
OMC,S3,long,RISK_ON,5,2014-06-11 00:00:00+00:00,2014-06-16 00:00:00+00:00,70.48040999999999,69.64982142857143,-1.0,-0.005,3,SL,False
CAG,S3,long,RISK_ON,5,2014-06-11 00:00:00+00:00,2014-06-18 00:00:00+00:00,32.262229999999995,32.262229999999995,0.4637401028020085,0.0023187005140100424,5,STOP_AFTER_TP1,True
KSU,S3,long,RISK_ON,5,2014-06-11 00:00:00+00:00,2014-06-12 00:00:00+00:00,105.83573,104.07516428571428,-1.0,-0.005,1,SL,False
MAS,S3,long,RISK_ON,5,2014-06-12 00:00:00+00:00,2014-06-13 00:00:00+00:00,22.372349999999997,21.85392857142857,-1.0,-0.005,1,SL,False
A,S3,long,RISK_ON,5,2014-06-12 00:00:00+00:00,2014-06-24 00:00:00+00:00,58.45839999999999,57.78767857142857,-1.0,-0.005,8,SL,False
AMGN,S3,long,RISK_ON,5,2014-06-12 00:00:00+00:00,2014-07-10 00:00:00+00:00,116.3162,118.95,1.8744737867666226,0.009372368933833112,19,EMA_TRAIL,True
VRTX,S3,long,RISK_ON,5,2014-06-12 00:00:00+00:00,2014-06-16 00:00:00+00:00,73.5735,72.13946785714286,-1.0,-0.005,2,SL,False
SNPS,S3,long,RISK_ON,5,2014-06-12 00:00:00+00:00,2014-06-18 00:00:00+00:00,38.88885,38.88885,0.41333465419972315,0.0020666732709986157,4,STOP_AFTER_TP1,True
ADS,S3,long,RISK_ON,5,2014-06-12 00:00:00+00:00,2014-07-10 00:00:00+00:00,263.4632,273.99,2.354580528107644,0.011772902640538221,19,EMA_TRAIL,True
ACN,S3,long,RISK_ON,5,2014-06-12 00:00:00+00:00,2014-06-26 00:00:00+00:00,82.50241999999999,81.62107142857143,-1.0,-0.005,10,SL,False
OKE,S3,long,RISK_ON,5,2014-06-13 00:00:00+00:00,2014-06-17 00:00:00+00:00,65.21515,65.21515,0.2889977548979346,0.001444988774489673,2,STOP_AFTER_TP1,True
MS,S3,long,RISK_ON,5,2014-06-13 00:00:00+00:00,2014-06-26 00:00:00+00:00,31.621589999999998,31.621589999999998,0.5160468208616495,0.0025802341043082476,9,STOP_AFTER_TP1,True
MTD,S3,long,RISK_ON,5,2014-06-13 00:00:00+00:00,2014-07-10 00:00:00+00:00,247.59734999999998,250.54,0.8089274296533684,0.004044637148266842,18,EMA_TRAIL,True
SRCL,S2,long,RISK_ON,5,2014-06-13 00:00:00+00:00,2014-08-01 00:00:00+00:00,118.58846999999999,116.81,-0.3793191913855182,-0.0018965959569275908,34,SMA50_BREAK,False
BLK,S3,long,RISK_ON,5,2014-06-13 00:00:00+00:00,2014-07-10 00:00:00+00:00,309.75944999999996,315.9,1.3112005566640308,0.006556002783320154,18,EMA_TRAIL,True
AYI,S3,long,RISK_ON,5,2014-06-13 00:00:00+00:00,2014-07-01 00:00:00+00:00,129.05893,129.05893,0.6040089030951616,0.0030200445154758082,12,STOP_AFTER_TP1,True
VRSN,S3,long,RISK_ON,5,2014-06-13 00:00:00+00:00,2014-06-20 00:00:00+00:00,50.860809999999994,50.860809999999994,0.34201916230272855,0.0017100958115136428,5,STOP_AFTER_TP1,True
VRSK,S3,long,RISK_ON,5,2014-06-16 00:00:00+00:00,2014-06-18 00:00:00+00:00,60.86079999999999,59.8875,-1.0,-0.005,2,SL,False
PRU,S3,long,RISK_ON,5,2014-06-16 00:00:00+00:00,2014-06-26 00:00:00+00:00,88.14805999999999,88.14805999999999,0.5047632399599852,0.002523816199799926,8,STOP_AFTER_TP1,True
AMZN,S3,long,RISK_ON,5,2014-06-16 00:00:00+00:00,2014-07-25 00:00:00+00:00,327.94762,327.94762,0.5156955077551918,0.002578477538775959,28,STOP_AFTER_TP1,True
OMC,S3,long,RISK_ON,5,2014-06-18 00:00:00+00:00,2014-07-10 00:00:00+00:00,70.4704,71.36,0.8124384526831281,0.004062192263415641,15,EMA_TRAIL,True
MAS,S3,long,RISK_ON,5,2014-06-18 00:00:00+00:00,2014-07-10 00:00:00+00:00,21.921899999999997,21.000535714285714,-1.0,-0.005,15,SL,False
AJG,S3,long,RISK_ON,5,2014-06-18 00:00:00+00:00,2014-07-25 00:00:00+00:00,46.426379999999995,45.64,-0.5710281527524617,-0.0028551407637623085,26,SMA50_BREAK,False
SNPS,S3,long,RISK_ON,5,2014-06-18 00:00:00+00:00,2014-07-10 00:00:00+00:00,38.91888,38.43419642857143,-1.0,-0.005,15,SL,False
BAC,S3,long,RISK_ON,5,2014-06-19 00:00:00+00:00,2014-06-25 00:00:00+00:00,15.565549999999998,15.318035714285713,-1.0,-0.005,4,SL,False
HBAN,S3,long,RISK_ON,5,2014-06-19 00:00:00+00:00,2014-06-25 00:00:00+00:00,9.55955,9.55955,0.3239731164186041,0.0016198655820930205,4,STOP_AFTER_TP1,True
KEY,S3,long,RISK_ON,5,2014-06-19 00:00:00+00:00,2014-06-25 00:00:00+00:00,14.244229999999998,14.019642857142857,-1.0,-0.005,4,SL,False
AMG,S3,long,RISK_ON,5,2014-06-19 00:00:00+00:00,2014-06-25 00:00:00+00:00,201.93172999999996,201.93172999999996,0.2964784697848434,0.001482392348924217,4,STOP_AFTER_TP1,True
RL,S3,long,RISK_ON,5,2014-06-19 00:00:00+00:00,2014-07-16 00:00:00+00:00,154.40425,158.0,2.3072693672924336,0.011536346836462168,18,EMA_TRAIL,True
ESRX,S5,long,RISK_ON,5,2014-06-19 00:00:00+00:00,2014-06-20 00:00:00+00:00,68.60854,68.74,0.26368997472617733,0.0013184498736308868,1,SMA50_BREAK,False
GM,S3,long,RISK_ON,5,2014-06-20 00:00:00+00:00,2014-06-30 00:00:00+00:00,36.25621999999999,36.25621999999999,0.5079293661506453,0.0025396468307532266,6,STOP_AFTER_TP1,True
IR,S3,long,RISK_ON,5,2014-06-23 00:00:00+00:00,2014-06-24 00:00:00+00:00,63.173109999999994,62.543932142857145,-1.0,-0.005,1,SL,False
FLR,S3,long,RISK_ON,5,2014-06-23 00:00:00+00:00,2014-06-24 00:00:00+00:00,77.98790999999999,76.76285714285714,-1.0,-0.005,1,SL,False
KSU,S3,long,RISK_ON,5,2014-06-23 00:00:00+00:00,2014-07-28 00:00:00+00:00,107.03693,111.03,1.8152838034479122,0.009076419017239561,24,EMA_TRAIL,True
L,S3,long,RISK_ON,5,2014-06-23 00:00:00+00:00,2014-07-25 00:00:00+00:00,43.673629999999996,43.62,-0.18580882098187546,-0.0009290441049093773,23,SMA50_BREAK,False
FITB,S3,long,RISK_ON,5,2014-06-23 00:00:00+00:00,2014-06-25 00:00:00+00:00,21.55153,21.275535714285716,-1.0,-0.005,2,SL,False
STX,S3,long,RISK_ON,5,2014-06-23 00:00:00+00:00,2014-07-31 00:00:00+00:00,56.00595,58.6,1.843681380271926,0.009218406901359631,27,EMA_TRAIL,True
IR,S3,long,RISK_ON,5,2014-06-24 00:00:00+00:00,2014-07-08 00:00:00+00:00,62.272209999999994,61.612860714285716,-1.0,-0.005,9,SL,False
GS,S3,long,RISK_ON,5,2014-06-24 00:00:00+00:00,2014-06-26 00:00:00+00:00,168.39822999999998,166.92893214285712,-1.0,-0.005,2,SL,False
BEN,S3,long,RISK_ON,5,2014-06-24 00:00:00+00:00,2014-07-10 00:00:00+00:00,57.51745999999999,56.92788214285714,-1.0,-0.005,11,SL,False
CMA,S3,long,RISK_ON,5,2014-06-24 00:00:00+00:00,2014-06-25 00:00:00+00:00,50.270219999999995,49.771074999999996,-1.0,-0.005,1,SL,False
WAT,S3,long,RISK_ON,5,2014-06-24 00:00:00+00:00,2014-06-30 00:00:00+00:00,105.09498999999998,104.29216785714286,-1.0,-0.005,4,SL,False
INCY,S3,long,RISK_ON,5,2014-06-24 00:00:00+00:00,2014-07-02 00:00:00+00:00,55.82577,55.82577,0.29077595950661084,0.0014538797975330543,6,STOP_AFTER_TP1,True
VRSN,S3,long,RISK_ON,5,2014-06-24 00:00:00+00:00,2014-06-27 00:00:00+00:00,51.14109,50.287499999999994,-1.0,-0.005,3,SL,False
JPM,S3,long,RISK_ON,5,2014-06-24 00:00:00+00:00,2014-06-26 00:00:00+00:00,57.477419999999995,56.86,-1.0,-0.005,2,SL,False
LNC,S3,long,RISK_ON,5,2014-06-24 00:00:00+00:00,2014-06-25 00:00:00+00:00,51.461409999999994,50.93089285714286,-1.0,-0.005,1,SL,False
NWL,S3,long,RISK_ON,5,2014-06-24 00:00:00+00:00,2014-07-16 00:00:00+00:00,30.990959999999998,31.18,0.8267347020962683,0.004133673510481341,15,EMA_TRAIL,True
LNC,S3,long,RISK_ON,5,2014-06-25 00:00:00+00:00,2014-07-10 00:00:00+00:00,51.461409999999994,51.461409999999994,0.49682731438264327,0.0024841365719132165,10,STOP_AFTER_TP1,True
A,S3,long,RISK_ON,5,2014-06-25 00:00:00+00:00,2014-07-08 00:00:00+00:00,58.02796999999999,56.966967857142855,-1.0,-0.005,8,SL,False
PAYX,S3,long,RISK_ON,5,2014-06-25 00:00:00+00:00,2014-06-30 00:00:00+00:00,41.43138999999999,40.95778571428571,-1.0,-0.005,3,SL,False
PRU,S3,long,RISK_ON,5,2014-06-26 00:00:00+00:00,2014-07-08 00:00:00+00:00,89.22913999999999,89.22913999999999,0.3160070531896936,0.001580035265948468,7,STOP_AFTER_TP1,True
FITB,S3,long,RISK_ON,5,2014-06-26 00:00:00+00:00,2014-07-17 00:00:00+00:00,21.311289999999996,20.937857142857144,-1.0,-0.005,14,SL,False
GS,S3,long,RISK_ON,5,2014-06-26 00:00:00+00:00,2014-07-08 00:00:00+00:00,168.17800999999997,165.41750357142857,-1.0,-0.005,7,SL,False
ETN,S3,long,RISK_ON,5,2014-06-26 00:00:00+00:00,2014-07-21 00:00:00+00:00,77.04696999999999,77.04696999999999,0.6204787993885562,0.003102393996942781,16,STOP_AFTER_TP1,True
CMA,S3,long,RISK_ON,5,2014-06-26 00:00:00+00:00,2014-07-08 00:00:00+00:00,50.270219999999995,50.270219999999995,0.3340813628936329,0.0016704068144681645,7,STOP_AFTER_TP1,True
LUK,S3,long,RISK_ON,5,2014-06-26 00:00:00+00:00,2014-07-02 00:00:00+00:00,26.25623,25.872464285714283,-1.0,-0.005,4,SL,False
RF,S3,long,RISK_ON,5,2014-06-27 00:00:00+00:00,2014-07-08 00:00:00+00:00,10.68067,10.68067,0.29982984906809373,0.0014991492453404686,6,STOP_AFTER_TP1,True
SCHW,S3,long,RISK_ON,5,2014-06-30 00:00:00+00:00,2014-07-08 00:00:00+00:00,26.956929999999996,26.956929999999996,0.30898999468014454,0.0015449499734007228,5,STOP_AFTER_TP1,True
HBAN,S3,long,RISK_ON,5,2014-06-30 00:00:00+00:00,2014-07-08 00:00:00+00:00,9.549539999999999,9.549539999999999,0.45170522299070953,0.002258526114953548,5,STOP_AFTER_TP1,True
KEY,S3,long,RISK_ON,5,2014-06-30 00:00:00+00:00,2014-07-02 00:00:00+00:00,14.34433,14.34433,0.31462505404983643,0.0015731252702491823,2,STOP_AFTER_TP1,True
ISRG,S3,long,RISK_ON,5,2014-07-01 00:00:00+00:00,2014-07-03 00:00:00+00:00,135.63199649999999,133.68913214285715,-1.0,-0.005,2,SL,False
WAT,S3,long,RISK_ON,5,2014-07-01 00:00:00+00:00,2014-07-08 00:00:00+00:00,105.04493999999998,103.437325,-1.0,-0.005,4,SL,False
ALXN,S1,long,RISK_ON,5,2014-07-01 00:00:00+00:00,2014-07-07 00:00:00+00:00,162.95278999999996,160.66,-0.22294957309462748,-0.0011147478654731375,3,SMA50_BREAK,False
INCY,S3,long,RISK_ON,5,2014-07-02 00:00:00+00:00,2014-07-07 00:00:00+00:00,55.83577999999999,54.76767857142857,-1.0,-0.005,2,SL,False
FLR,S3,long,RISK_ON,5,2014-07-02 00:00:00+00:00,2014-07-21 00:00:00+00:00,77.98790999999999,76.33535714285715,-1.0,-0.005,12,SL,False
RJF,S3,long,RISK_ON,5,2014-07-02 00:00:00+00:00,2014-07-08 00:00:00+00:00,50.800749999999994,50.800749999999994,0.3522288900701798,0.0017611444503508992,3,STOP_AFTER_TP1,True
VMC,S3,long,RISK_ON,5,2014-07-03 00:00:00+00:00,2014-07-31 00:00:00+00:00,64.42436,64.42436,0.3103532615528358,0.0015517663077641792,19,STOP_AFTER_TP1,True
PKG,S3,long,RISK_ON,5,2014-07-03 00:00:00+00:00,2014-07-07 00:00:00+00:00,71.00093,70.15232142857143,-1.0,-0.005,1,SL,False
FB,S3,long,RISK_ON,5,2014-07-03 00:00:00+00:00,2014-07-08 00:00:00+00:00,66.35629,65.0625,-1.0,-0.005,2,SL,False
ISRG,S3,long,RISK_ON,5,2014-07-03 00:00:00+00:00,2014-07-07 00:00:00+00:00,134.81457989999998,132.17873928571427,-1.0,-0.005,1,SL,False
PHM,S3,long,RISK_ON,5,2014-07-07 00:00:00+00:00,2014-07-10 00:00:00+00:00,20.019999999999996,19.701785714285712,-1.0,-0.005,3,SL,False
RHT,S3,long,RISK_ON,5,2014-07-07 00:00:00+00:00,2014-07-08 00:00:00+00:00,55.785729999999994,55.066071428571426,-1.0,-0.005,1,SL,False
BIIB,S3,long,RISK_ON,5,2014-07-07 00:00:00+00:00,2014-07-08 00:00:00+00:00,326.00568,320.56787142857144,-1.0,-0.005,1,SL,False
GPS,S3,long,RISK_ON,5,2014-07-07 00:00:00+00:00,2014-07-08 00:00:00+00:00,41.67163,41.21892857142857,-1.0,-0.005,1,SL,False
CRM,S3,long,RISK_ON,5,2014-07-07 00:00:00+00:00,2014-07-08 00:00:00+00:00,57.39734,56.52431071428571,-1.0,-0.005,1,SL,False
RHT,S3,long,RISK_ON,5,2014-07-08 00:00:00+00:00,2014-09-12 00:00:00+00:00,54.53447999999999,60.53,5.861801943039145,0.029309009715195726,47,EMA_TRAIL,True
NDAQ,S3,long,RISK_ON,5,2014-07-08 00:00:00+00:00,2014-07-10 00:00:00+00:00,38.95892,38.42023571428572,-1.0,-0.005,2,SL,False
EXPE,S3,long,RISK_ON,5,2014-07-08 00:00:00+00:00,2014-09-09 00:00:00+00:00,78.88880999999999,85.93,3.2602555775250126,0.016301277887625063,44,EMA_TRAIL,True
GOOGL,S3,long,RISK_ON,5,2014-07-09 00:00:00+00:00,2014-07-17 00:00:00+00:00,583.94336,583.94336,0.27069594816201725,0.0013534797408100863,6,STOP_AFTER_TP1,True
ETFC,S3,long,RISK_ON,5,2014-07-09 00:00:00+00:00,2014-07-10 00:00:00+00:00,21.53151,21.104,-1.0,-0.005,1,SL,False
BAC,S3,long,RISK_ON,5,2014-07-09 00:00:00+00:00,2014-07-10 00:00:00+00:00,15.615599999999997,15.395360714285713,-1.0,-0.005,1,SL,False
PRGO,S3,long,RISK_ON,5,2014-07-10 00:00:00+00:00,2014-07-31 00:00:00+00:00,147.41727,150.45,1.0567523720626557,0.005283761860313279,15,EMA_TRAIL,True
NDAQ,S3,long,RISK_ON,5,2014-07-10 00:00:00+00:00,2014-09-22 00:00:00+00:00,38.6386,43.25,4.891794013462638,0.02445897006731319,51,EMA_TRAIL,True
BIIB,S3,long,RISK_ON,5,2014-07-10 00:00:00+00:00,2014-07-16 00:00:00+00:00,319.43911999999995,309.906375,-1.0,-0.005,4,SL,False
XLNX,S3,long,RISK_ON,5,2014-07-10 00:00:00+00:00,2014-07-23 00:00:00+00:00,48.36832,47.292857142857144,-1.0,-0.005,9,SL,False
ETFC,S3,long,RISK_ON,5,2014-07-10 00:00:00+00:00,2014-07-17 00:00:00+00:00,21.45143,20.68,-0.7869428928258639,-0.00393471446412932,5,SMA50_BREAK,False
ADS,S3,long,RISK_ON,5,2014-07-11 00:00:00+00:00,2014-07-17 00:00:00+00:00,275.63536,270.3166642857143,-1.0,-0.005,4,SL,False
AKAM,S3,long,RISK_ON,5,2014-07-14 00:00:00+00:00,2014-07-15 00:00:00+00:00,60.40034,59.262342857142855,-1.0,-0.005,1,SL,False
CTSH,S3,long,RISK_ON,5,2014-07-14 00:00:00+00:00,2014-07-17 00:00:00+00:00,49.99995,49.191964285714285,-1.0,-0.005,3,SL,False
ORLY,S3,long,RISK_ON,5,2014-07-15 00:00:00+00:00,2014-07-17 00:00:00+00:00,154.40425,152.87831785714286,-1.0,-0.005,2,SL,False
FB,S3,long,RISK_ON,5,2014-07-17 00:00:00+00:00,2014-09-15 00:00:00+00:00,66.47630989999999,74.58,4.664813609938417,0.023324068049692084,41,EMA_TRAIL,True
ILMN,S3,long,RISK_ON,5,2014-07-18 00:00:00+00:00,2014-07-24 00:00:00+00:00,174.22405,171.8,0.15063261312578793,0.0007531630656289397,4,EMA_TRAIL,True
NWL,S3,long,RISK_ON,5,2014-07-18 00:00:00+00:00,2014-07-29 00:00:00+00:00,31.381349999999998,30.859464285714285,-1.0,-0.005,7,SL,False
NTAP,S3,long,RISK_ON,5,2014-07-18 00:00:00+00:00,2014-09-25 00:00:00+00:00,36.95692,42.17,3.9142598945349807,0.019571299472674903,48,EMA_TRAIL,True
ETFC,S3,long,RISK_ON,5,2014-07-18 00:00:00+00:00,2014-07-24 00:00:00+00:00,21.421399999999995,20.323285714285717,-1.0,-0.005,4,SL,False
PFE,S3,long,RISK_ON,5,2014-07-21 00:00:00+00:00,2014-07-25 00:00:00+00:00,30.380349999999996,30.087142857142858,-1.0,-0.005,4,SL,False
RL,S3,long,RISK_ON,5,2014-07-22 00:00:00+00:00,2014-07-31 00:00:00+00:00,159.38922999999997,156.0639642857143,-1.0,-0.005,7,SL,False
ISRG,S1,long,RISK_ON,5,2014-07-22 00:00:00+00:00,2014-09-22 00:00:00+00:00,130.85061989999997,152.3632,2.095327090696004,0.01047663545348002,43,EMA_TRAIL,True
MA,S3,long,RISK_ON,5,2014-07-23 00:00:00+00:00,2014-07-25 00:00:00+00:00,77.81773999999999,76.58418571428571,-1.0,-0.005,2,SL,False
BMY,S3,long,RISK_ON,5,2014-07-23 00:00:00+00:00,2014-07-24 00:00:00+00:00,49.369319999999995,48.65678571428571,-1.0,-0.005,1,SL,False
TSN,S3,long,RISK_ON,5,2014-07-23 00:00:00+00:00,2014-07-29 00:00:00+00:00,39.32928999999999,39.32928999999999,0.26949145257090823,0.0013474572628545411,4,STOP_AFTER_TP1,True
SNPS,S3,long,RISK_ON,5,2014-07-24 00:00:00+00:00,2014-07-29 00:00:00+00:00,39.06903,38.66,-0.7946275681961489,-0.003973137840980744,3,SMA50_BREAK,False
DISCK,S3,long,RISK_ON,5,2014-07-24 00:00:00+00:00,2014-08-07 00:00:00+00:00,81.36128,79.97553928571429,-1.0,-0.005,10,SL,False
DISCA,S3,long,RISK_ON,5,2014-07-24 00:00:00+00:00,2014-07-31 00:00:00+00:00,82.96287999999998,81.2875,-1.0,-0.005,5,SL,False
GOOGL,S3,long,RISK_ON,5,2014-07-25 00:00:00+00:00,2014-07-31 00:00:00+00:00,598.67808,590.3292928571428,-1.0,-0.005,4,SL,False
ORLY,S3,long,RISK_ON,5,2014-07-28 00:00:00+00:00,2014-07-29 00:00:00+00:00,151.73158,150.26,-0.7165189664964517,-0.0035825948324822586,1,SMA50_BREAK,False
CTSH,S3,long,RISK_ON,5,2014-07-29 00:00:00+00:00,2014-07-30 00:00:00+00:00,50.690639999999995,50.213385714285714,-1.0,-0.005,1,SL,False
ORLY,S3,long,RISK_ON,5,2014-07-30 00:00:00+00:00,2014-07-31 00:00:00+00:00,152.60244999999998,150.0,-0.7021584536221538,-0.003510792268110769,1,SMA50_BREAK,False
AMGN,S2,long,RISK_ON,5,2014-07-30 00:00:00+00:00,2014-10-01 00:00:00+00:00,130.14001,138.82,1.063093097187088,0.0053154654859354404,44,EMA_TRAIL,True
FE,S5,long,DEFENSIVE,5,2014-08-01 00:00:00+00:00,2014-08-04 00:00:00+00:00,31.091059999999995,30.4,-1.0,-0.005,1,SL,False
AEE,S5,long,DEFENSIVE,5,2014-08-01 00:00:00+00:00,2014-08-04 00:00:00+00:00,38.388349999999996,37.67,-1.0,-0.005,1,SL,False
D,S5,long,DEFENSIVE,5,2014-08-01 00:00:00+00:00,2014-08-04 00:00:00+00:00,67.09702999999999,65.85,-1.0,-0.005,1,SL,False
EBAY,S3,long,RISK_ON,5,2014-08-18 00:00:00+00:00,2014-09-05 00:00:00+00:00,53.163109999999996,53.9,0.9618178875531702,0.004809089437765851,13,EMA_TRAIL,True
SCHW,S3,long,RISK_ON,5,2014-08-19 00:00:00+00:00,2014-09-03 00:00:00+00:00,27.857829999999996,28.18,0.6882931093136502,0.003441465546568251,10,EMA_TRAIL,True
REGN,S3,long,RISK_ON,5,2014-08-20 00:00:00+00:00,2014-08-22 00:00:00+00:00,345.6252799999999,340.0743035714285,-1.0,-0.005,2,SL,False
ULTA,S3,long,RISK_ON,5,2014-08-21 00:00:00+00:00,2014-09-09 00:00:00+00:00,96.09599999999999,96.99,0.710824914178539,0.003554124570892695,12,EMA_TRAIL,True
CBOE,S3,long,RISK_ON,5,2014-08-21 00:00:00+00:00,2014-09-25 00:00:00+00:00,51.06100999999999,53.52,2.1977720670179806,0.010988860335089903,24,EMA_TRAIL,True
REGN,S3,long,RISK_ON,5,2014-08-22 00:00:00+00:00,2014-09-12 00:00:00+00:00,341.13079,346.06,1.267916098335823,0.006339580491679116,14,EMA_TRAIL,True
DRI,S3,long,RISK_ON,5,2014-08-25 00:00:00+00:00,2014-08-28 00:00:00+00:00,47.59754999999999,47.034217857142856,-1.0,-0.005,3,SL,False
AMD,S3,long,RISK_ON,5,2014-08-25 00:00:00+00:00,2014-08-28 00:00:00+00:00,4.18418,4.129474999999999,-1.0,-0.005,3,SL,False
MPC,S3,long,RISK_ON,5,2014-08-27 00:00:00+00:00,2014-09-02 00:00:00+00:00,45.140094999999995,44.25776785714286,-1.0,-0.005,3,SL,False
DRI,S3,long,RISK_ON,5,2014-08-28 00:00:00+00:00,2014-10-07 00:00:00+00:00,47.19714999999999,50.07,3.886889100654685,0.019434445503273425,27,EMA_TRAIL,True
HII,S3,long,RISK_ON,5,2014-08-28 00:00:00+00:00,2014-09-04 00:00:00+00:00,102.18207999999998,102.18207999999998,0.8320832122054276,0.004160416061027138,4,STOP_AFTER_TP1,True
TPR,S3,long,RISK_ON,5,2014-08-28 00:00:00+00:00,2014-09-09 00:00:00+00:00,36.816779999999994,36.816779999999994,0.28650736065014193,0.0014325368032507097,7,STOP_AFTER_TP1,True
FBHS,S3,long,RISK_ON,5,2014-08-28 00:00:00+00:00,2014-09-12 00:00:00+00:00,43.08304,43.08304,0.2705620767994937,0.0013528103839974685,10,STOP_AFTER_TP1,True
ESRX,S3,long,RISK_ON,5,2014-08-28 00:00:00+00:00,2014-09-02 00:00:00+00:00,73.89381999999999,73.27160714285715,-1.0,-0.005,2,SL,False
AMD,S3,long,RISK_ON,5,2014-08-29 00:00:00+00:00,2014-09-08 00:00:00+00:00,4.174169999999999,4.13,-0.3007860380956062,-0.0015039301904780312,5,SMA50_BREAK,False
KSS,S3,long,RISK_ON,5,2014-08-29 00:00:00+00:00,2014-09-08 00:00:00+00:00,58.848789999999994,58.848789999999994,0.43337020101722334,0.002166851005086117,5,STOP_AFTER_TP1,True
ETFC,S3,long,RISK_ON,5,2014-08-29 00:00:00+00:00,2014-09-05 00:00:00+00:00,22.28226,21.6535,-1.0,-0.005,4,SL,False
VLO,S3,long,RISK_ON,5,2014-09-02 00:00:00+00:00,2014-09-04 00:00:00+00:00,53.47342,52.43047142857142,-1.0,-0.005,2,SL,False
MKC,S3,long,RISK_ON,5,2014-09-03 00:00:00+00:00,2014-09-04 00:00:00+00:00,69.51944999999999,69.07196428571429,-1.0,-0.005,1,SL,False
AYI,S3,long,RISK_ON,5,2014-09-03 00:00:00+00:00,2014-09-10 00:00:00+00:00,122.93280999999999,121.52151785714287,-1.0,-0.005,5,SL,False
CPB,S3,long,RISK_ON,5,2014-09-04 00:00:00+00:00,2014-09-08 00:00:00+00:00,44.29425,43.906,-1.0,-0.005,2,SL,False
GWW,S3,long,RISK_ON,5,2014-09-08 00:00:00+00:00,2014-09-09 00:00:00+00:00,249.08883999999998,247.25241428571428,-1.0,-0.005,1,SL,False
FLS,S3,long,RISK_ON,5,2014-09-08 00:00:00+00:00,2014-09-09 00:00:00+00:00,76.24616999999999,75.14232857142856,-1.0,-0.005,1,SL,False
GWW,S3,long,RISK_ON,5,2014-09-09 00:00:00+00:00,2014-09-10 00:00:00+00:00,247.12687999999997,245.54312857142855,-1.0,-0.005,1,SL,False
COL,S3,long,RISK_ON,5,2014-09-09 00:00:00+00:00,2014-10-01 00:00:00+00:00,76.84676999999999,76.84676999999999,0.271154374194902,0.0013557718709745102,16,STOP_AFTER_TP1,True
CINF,S3,long,RISK_ON,5,2014-09-10 00:00:00+00:00,2014-09-15 00:00:00+00:00,48.19814999999999,47.747571428571426,-1.0,-0.005,3,SL,False
GWW,S3,long,RISK_ON,5,2014-09-10 00:00:00+00:00,2014-10-07 00:00:00+00:00,246.82657999999998,249.75,1.4256783052247495,0.007128391526123747,19,EMA_TRAIL,True
LUK,S3,long,RISK_ON,5,2014-09-10 00:00:00+00:00,2014-09-17 00:00:00+00:00,25.80578,25.484260714285714,-1.0,-0.005,5,SL,False
AYI,S3,long,RISK_ON,5,2014-09-10 00:00:00+00:00,2014-09-22 00:00:00+00:00,122.69256999999998,122.69256999999998,0.5211151421343236,0.002605575710671618,8,STOP_AFTER_TP1,True
WMT,S3,long,RISK_ON,5,2014-09-11 00:00:00+00:00,2014-09-12 00:00:00+00:00,76.17609999999999,75.75558214285715,-1.0,-0.005,1,SL,False
FAST,S3,long,RISK_ON,5,2014-09-11 00:00:00+00:00,2014-09-12 00:00:00+00:00,46.1461,45.60608571428571,-1.0,-0.005,1,SL,False
D,S3,long,RISK_ON,5,2014-09-11 00:00:00+00:00,2014-09-12 00:00:00+00:00,69.98992,68.76418214285714,-1.0,-0.005,1,SL,False
BMY,S3,long,RISK_ON,5,2014-09-11 00:00:00+00:00,2014-09-15 00:00:00+00:00,50.73067999999999,50.107321428571424,-1.0,-0.005,2,SL,False
JEC,S3,long,RISK_ON,5,2014-09-11 00:00:00+00:00,2014-09-17 00:00:00+00:00,53.703649999999996,52.77,-0.7630598049603435,-0.003815299024801718,4,SMA50_BREAK,False
BA,S3,long,RISK_ON,5,2014-09-11 00:00:00+00:00,2014-09-15 00:00:00+00:00,127.76763999999999,126.50892857142857,-1.0,-0.005,2,SL,False
DISCK,S5,long,RISK_ON,5,2014-09-15 00:00:00+00:00,2014-09-16 00:00:00+00:00,38.568529999999996,38.965,0.40107027606649165,0.002005351380332458,1,SMA50_BREAK,False
PVH,S3,long,RISK_ON,5,2014-09-15 00:00:00+00:00,2014-09-22 00:00:00+00:00,126.10597999999999,123.7560357142857,-1.0,-0.005,5,SL,False
FITB,S3,long,RISK_ON,5,2014-09-15 00:00:00+00:00,2014-09-23 00:00:00+00:00,20.55053,20.55053,0.4878037057508825,0.0024390185287544125,6,STOP_AFTER_TP1,True
HAS,S3,long,RISK_ON,5,2014-09-15 00:00:00+00:00,2014-09-22 00:00:00+00:00,53.59353999999999,53.59353999999999,0.5634493958996032,0.002817246979498016,5,STOP_AFTER_TP1,True
KEY,S3,long,RISK_ON,5,2014-09-16 00:00:00+00:00,2014-09-22 00:00:00+00:00,13.83382,13.83382,0.37831166648760367,0.0018915583324380183,4,STOP_AFTER_TP1,True
WMT,S3,long,RISK_ON,5,2014-09-16 00:00:00+00:00,2014-10-15 00:00:00+00:00,76.39631999999999,76.39631999999999,0.3954536905724131,0.0019772684528620655,21,STOP_AFTER_TP1,True
FAST,S3,long,RISK_ON,5,2014-09-16 00:00:00+00:00,2014-09-25 00:00:00+00:00,45.86581999999999,44.98305,-1.0,-0.005,7,SL,False
LUK,S3,long,RISK_ON,5,2014-09-17 00:00:00+00:00,2014-09-22 00:00:00+00:00,25.615589999999997,25.216939285714286,-1.0,-0.005,3,SL,False
TPR,S3,long,RISK_ON,5,2014-09-17 00:00:00+00:00,2014-09-22 00:00:00+00:00,37.05702,36.461239285714285,-1.0,-0.005,3,SL,False
WEC,S3,long,RISK_ON,5,2014-09-17 00:00:00+00:00,2014-09-18 00:00:00+00:00,44.72467999999999,44.01782142857143,-1.0,-0.005,1,SL,False
EMN,S3,long,RISK_ON,5,2014-09-17 00:00:00+00:00,2014-09-23 00:00:00+00:00,83.64356,82.78,-0.5373993085281823,-0.0026869965426409115,4,SMA50_BREAK,False
CINF,S3,long,RISK_ON,5,2014-09-18 00:00:00+00:00,2014-09-23 00:00:00+00:00,48.27822999999999,47.60435714285714,-1.0,-0.005,3,SL,False
ALK,S3,long,RISK_ON,5,2014-09-18 00:00:00+00:00,2014-09-19 00:00:00+00:00,46.88684,46.22,-0.43375515898956984,-0.0021687757949478493,1,SMA50_BREAK,False
STI,S3,long,RISK_ON,5,2014-09-22 00:00:00+00:00,2014-09-24 00:00:00+00:00,39.42939,39.02489285714286,-1.0,-0.005,2,SL,False
PVH,S3,long,RISK_ON,5,2014-09-22 00:00:00+00:00,2014-09-30 00:00:00+00:00,124.04391999999999,121.48125,-1.0,-0.005,6,SL,False
BBT,S3,long,RISK_ON,5,2014-09-22 00:00:00+00:00,2014-09-23 00:00:00+00:00,38.33829999999999,38.002321428571435,-1.0,-0.005,1,SL,False
HAS,S3,long,RISK_ON,5,2014-09-22 00:00:00+00:00,2014-09-23 00:00:00+00:00,53.46340999999999,53.098575,-1.0,-0.005,1,SL,False
BA,S3,long,RISK_ON,5,2014-09-23 00:00:00+00:00,2014-10-01 00:00:00+00:00,127.50737999999998,126.30607142857143,-1.0,-0.005,6,SL,False
RTN,S3,long,RISK_ON,5,2014-09-23 00:00:00+00:00,2014-09-29 00:00:00+00:00,100.68057999999999,99.76865714285714,-1.0,-0.005,4,SL,False
AYI,S3,long,RISK_ON,5,2014-09-24 00:00:00+00:00,2014-09-26 00:00:00+00:00,123.24311999999999,120.16267857142856,-1.0,-0.005,2,SL,False
FITB,S3,long,RISK_ON,5,2014-09-24 00:00:00+00:00,2014-09-25 00:00:00+00:00,20.61059,20.275000000000002,-1.0,-0.005,1,SL,False
EXC,S3,long,RISK_ON,5,2014-09-26 00:00:00+00:00,2014-10-13 00:00:00+00:00,33.7337,34.11,1.043208517312385,0.0052160425865619255,11,EMA_TRAIL,True
PEG,S3,long,RISK_ON,5,2014-09-26 00:00:00+00:00,2014-10-03 00:00:00+00:00,37.62759,36.98928571428572,-1.0,-0.005,5,SL,False
XLNX,S3,long,RISK_ON,5,2014-09-26 00:00:00+00:00,2014-09-30 00:00:00+00:00,43.21317,42.162375000000004,-1.0,-0.005,2,SL,False
CHK,S5,long,DEFENSIVE,5,2014-10-02 00:00:00+00:00,2014-10-03 00:00:00+00:00,22.252229999999997,21.75,-0.6108144922953417,-0.0030540724614767085,1,SMA50_BREAK,False
LKQ,S1,long,DEFENSIVE,5,2014-10-03 00:00:00+00:00,2014-10-06 00:00:00+00:00,27.407379999999996,27.095,-0.18617707622484406,-0.0009308853811242203,1,SMA50_BREAK,False
AXP,S5,long,DEFENSIVE,5,2014-10-15 00:00:00+00:00,2014-10-16 00:00:00+00:00,81.01093,80.24,-0.296416913062371,-0.001482084565311855,1,SMA50_BREAK,False
VTR,S3,long,RISK_ON,5,2014-10-24 00:00:00+00:00,2014-12-24 00:00:00+00:00,67.03697,71.73,3.446887535533941,0.017234437677669707,42,EMA_TRAIL,True
MYL,S3,long,RISK_ON,5,2014-10-29 00:00:00+00:00,2014-12-10 00:00:00+00:00,50.90085,54.99,2.882166953459105,0.014410834767295525,29,EMA_TRAIL,True
BXP,S3,long,RISK_ON,5,2014-10-30 00:00:00+00:00,2014-12-15 00:00:00+00:00,125.69556999999998,128.93,1.155191561413619,0.0057759578070680955,31,EMA_TRAIL,True
CTSH,S2,long,RISK_ON,5,2014-11-05 00:00:00+00:00,2015-01-06 00:00:00+00:00,52.45239999999999,50.98,-0.19719936723814835,-0.0009859968361907417,41,SMA50_BREAK,False
XLNX,S3,long,RISK_ON,5,2014-11-07 00:00:00+00:00,2014-11-14 00:00:00+00:00,43.64860499999999,42.73539285714286,-1.0,-0.005,5,SL,False
BWA,S3,long,RISK_ON,5,2014-11-07 00:00:00+00:00,2014-11-10 00:00:00+00:00,57.73767999999999,56.45578571428572,-1.0,-0.005,1,SL,False
GRMN,S3,long,RISK_ON,5,2014-11-07 00:00:00+00:00,2014-12-01 00:00:00+00:00,54.7547,56.24,1.478811231468117,0.007394056157340585,15,EMA_TRAIL,True
WMB,S3,long,RISK_ON,5,2014-11-11 00:00:00+00:00,2014-11-13 00:00:00+00:00,55.17511999999999,53.489646428571426,-1.0,-0.005,2,SL,False
ALLE,S3,long,RISK_ON,5,2014-11-12 00:00:00+00:00,2014-12-12 00:00:00+00:00,52.552499999999995,53.81,1.4022584637143196,0.0070112923185715985,21,EMA_TRAIL,True
AXP,S3,long,RISK_ON,5,2014-11-12 00:00:00+00:00,2014-11-14 00:00:00+00:00,91.64154999999998,90.53431785714285,-1.0,-0.005,2,SL,False
ETN,S3,long,RISK_ON,5,2014-11-12 00:00:00+00:00,2014-11-13 00:00:00+00:00,67.70764,66.44785714285715,-1.0,-0.005,1,SL,False
XOM,S3,long,RISK_ON,5,2014-11-12 00:00:00+00:00,2014-11-13 00:00:00+00:00,95.47537999999999,94.30160714285714,-1.0,-0.005,1,SL,False
FTI,S3,long,RISK_ON,5,2014-11-12 00:00:00+00:00,2014-11-13 00:00:00+00:00,55.845789999999994,54.32214285714286,-1.0,-0.005,1,SL,False
HRS,S3,long,RISK_ON,5,2014-11-13 00:00:00+00:00,2014-11-17 00:00:00+00:00,70.58051,69.78142857142856,-1.0,-0.005,2,SL,False
CMI,S3,long,RISK_ON,5,2014-11-13 00:00:00+00:00,2014-11-20 00:00:00+00:00,144.66451999999998,142.43518928571427,-1.0,-0.005,5,SL,False
WBA,S3,long,RISK_ON,5,2014-11-13 00:00:00+00:00,2014-12-02 00:00:00+00:00,67.02695999999999,67.02695999999999,0.31273321713282515,0.0015636660856641258,12,STOP_AFTER_TP1,True
ETN,S3,long,RISK_ON,5,2014-11-14 00:00:00+00:00,2014-12-01 00:00:00+00:00,67.00693999999999,67.00693999999999,0.5031722301091835,0.0025158611505459176,10,STOP_AFTER_TP1,True
XLNX,S3,long,RISK_ON,5,2014-11-14 00:00:00+00:00,2014-12-12 00:00:00+00:00,43.65360999999999,45.16,1.108046653758255,0.005540233268791275,19,EMA_TRAIL,True
GLW,S3,long,RISK_ON,5,2014-11-14 00:00:00+00:00,2014-12-12 00:00:00+00:00,20.43041,20.63,0.6683867096182876,0.003341933548091438,19,EMA_TRAIL,True
PKI,S3,long,RISK_ON,5,2014-11-14 00:00:00+00:00,2014-12-05 00:00:00+00:00,43.69364999999999,44.07,0.8115304621561314,0.004057652310780657,14,EMA_TRAIL,True
UTX,S3,long,RISK_ON,5,2014-11-14 00:00:00+00:00,2015-01-05 00:00:00+00:00,107.55744999999999,113.12,5.153677991307379,0.025768389956536897,33,EMA_TRAIL,True
CAT,S3,long,RISK_ON,5,2014-11-14 00:00:00+00:00,2014-11-28 00:00:00+00:00,101.44134,101.44134,0.35146283119841093,0.0017573141559920546,9,STOP_AFTER_TP1,True
EQT,S3,long,RISK_ON,5,2014-11-14 00:00:00+00:00,2014-11-28 00:00:00+00:00,93.09299999999999,89.00139285714286,-1.0,-0.005,9,SL,False
XOM,S3,long,RISK_ON,5,2014-11-14 00:00:00+00:00,2014-11-25 00:00:00+00:00,95.18508999999999,95.18508999999999,0.30949061232458064,0.0015474530616229032,7,STOP_AFTER_TP1,True
DOV,S3,long,RISK_ON,5,2014-11-14 00:00:00+00:00,2014-11-28 00:00:00+00:00,80.29020999999999,80.29020999999999,0.3344645228399865,0.0016723226141999326,9,STOP_AFTER_TP1,True
AXP,S3,long,RISK_ON,5,2014-11-14 00:00:00+00:00,2014-11-17 00:00:00+00:00,90.76066999999999,89.79084999999999,-1.0,-0.005,1,SL,False
AVY,S3,long,RISK_ON,5,2014-11-14 00:00:00+00:00,2015-01-27 00:00:00+00:00,47.58754,52.38,5.631111610827273,0.028155558054136366,48,EMA_TRAIL,True
BWA,S3,long,RISK_ON,5,2014-11-17 00:00:00+00:00,2014-11-28 00:00:00+00:00,56.025969999999994,56.56,0.621718032409717,0.003108590162048585,8,EMA_TRAIL,True
TEL,S3,long,RISK_ON,5,2014-11-17 00:00:00+00:00,2014-12-12 00:00:00+00:00,61.081019999999995,61.78,1.0152629365249326,0.005076314682624663,18,EMA_TRAIL,True
AXP,S3,long,RISK_ON,5,2014-11-17 00:00:00+00:00,2014-12-12 00:00:00+00:00,90.22012999999998,91.0,1.1731689966042875,0.005865844983021438,18,EMA_TRAIL,True
ROK,S3,long,RISK_ON,5,2014-11-17 00:00:00+00:00,2014-12-08 00:00:00+00:00,110.29017999999999,110.29017999999999,0.6301879529948743,0.0031509397649743713,14,STOP_AFTER_TP1,True
HRS,S3,long,RISK_ON,5,2014-11-17 00:00:00+00:00,2014-11-24 00:00:00+00:00,70.45037999999998,70.45037999999998,0.416905365164136,0.0020845268258206802,5,STOP_AFTER_TP1,True
COG,S3,long,RISK_ON,5,2014-11-18 00:00:00+00:00,2014-11-26 00:00:00+00:00,33.30327,33.30327,0.40388253188795625,0.0020194126594397814,6,STOP_AFTER_TP1,True
WMB,S3,long,RISK_ON,5,2014-11-18 00:00:00+00:00,2014-11-28 00:00:00+00:00,54.594539999999995,52.72893571428572,-1.0,-0.005,7,SL,False
RF,S3,long,RISK_ON,5,2014-11-18 00:00:00+00:00,2014-11-20 00:00:00+00:00,10.100089999999998,9.973217857142858,-1.0,-0.005,2,SL,False
PNR,S3,long,RISK_ON,5,2014-11-18 00:00:00+00:00,2014-11-19 00:00:00+00:00,68.57851,67.683075,-1.0,-0.005,1,SL,False
MGM,S3,long,RISK_ON,5,2014-11-18 00:00:00+00:00,2014-11-19 00:00:00+00:00,22.41239,22.19,-0.3010803639120522,-0.001505401819560261,1,SMA50_BREAK,False
FAST,S3,long,RISK_ON,5,2014-11-18 00:00:00+00:00,2014-12-01 00:00:00+00:00,44.394349999999996,44.42,0.5451184175647501,0.0027255920878237506,8,EMA_TRAIL,True
CHK,S3,long,RISK_ON,5,2014-11-18 00:00:00+00:00,2014-11-26 00:00:00+00:00,23.083059999999996,23.083059999999996,0.39177740906718095,0.0019588870453359046,6,STOP_AFTER_TP1,True
FITB,S3,long,RISK_ON,5,2014-11-19 00:00:00+00:00,2014-12-01 00:00:00+00:00,20.03001,20.03001,0.5414196377812066,0.002707098188906033,7,STOP_AFTER_TP1,True
YUM,S3,long,RISK_ON,5,2014-11-19 00:00:00+00:00,2014-12-09 00:00:00+00:00,74.04396999999999,75.22,1.364531380855421,0.0068226569042771044,13,EMA_TRAIL,True
ADBE,S3,long,RISK_ON,5,2014-11-19 00:00:00+00:00,2014-11-24 00:00:00+00:00,70.89081999999999,70.89081999999999,0.33270409590108035,0.001663520479505402,3,STOP_AFTER_TP1,True
PNR,S3,long,RISK_ON,5,2014-11-19 00:00:00+00:00,2014-11-28 00:00:00+00:00,67.86779999999999,67.86779999999999,0.36662916992380445,0.0018331458496190223,6,STOP_AFTER_TP1,True
XYL,S3,long,RISK_ON,5,2014-11-19 00:00:00+00:00,2014-12-08 00:00:00+00:00,37.37734,37.82,1.26593041748245,0.00632965208741225,12,EMA_TRAIL,True
AKAM,S3,long,RISK_ON,5,2014-11-19 00:00:00+00:00,2014-11-20 00:00:00+00:00,61.62656499999999,60.82819642857143,-1.0,-0.005,1,SL,False
CMI,S3,long,RISK_ON,5,2014-11-20 00:00:00+00:00,2014-12-10 00:00:00+00:00,144.10396,144.10396,0.3517386583889251,0.0017586932919446256,13,STOP_AFTER_TP1,True
FTI,S3,long,RISK_ON,5,2014-11-20 00:00:00+00:00,2014-11-25 00:00:00+00:00,55.69564,53.35,-0.9657392844833372,-0.004828696422416686,3,SMA50_BREAK,False
RF,S3,long,RISK_ON,5,2014-11-21 00:00:00+00:00,2014-12-01 00:00:00+00:00,10.050039999999997,9.864467857142857,-1.0,-0.005,5,SL,False
NRG,S3,long,RISK_ON,5,2014-11-21 00:00:00+00:00,2014-11-26 00:00:00+00:00,31.341309999999996,30.46335714285714,-1.0,-0.005,3,SL,False
AAL,S3,long,RISK_ON,5,2014-11-21 00:00:00+00:00,2015-01-12 00:00:00+00:00,43.35331,49.58,5.922911859626747,0.029614559298133735,33,EMA_TRAIL,True
MCHP,S3,long,RISK_ON,5,2014-11-21 00:00:00+00:00,2014-12-10 00:00:00+00:00,43.82378,44.48,0.6248569923725842,0.003124284961862921,12,EMA_TRAIL,True
RRC,S3,long,RISK_ON,5,2014-11-21 00:00:00+00:00,2014-11-24 00:00:00+00:00,72.2722,70.443,-1.0,-0.005,1,SL,False
EOG,S3,long,RISK_ON,5,2014-11-24 00:00:00+00:00,2014-11-25 00:00:00+00:00,99.65955999999998,97.73714285714286,-1.0,-0.005,1,SL,False
MAT,S3,long,RISK_ON,5,2014-11-24 00:00:00+00:00,2014-11-26 00:00:00+00:00,31.231199999999994,30.88,-0.55156631236503,-0.00275783156182515,2,SMA50_BREAK,False
ADBE,S3,long,RISK_ON,5,2014-11-24 00:00:00+00:00,2014-12-09 00:00:00+00:00,71.29622499999999,71.29622499999999,0.3977762141252291,0.0019888810706261456,10,STOP_AFTER_TP1,True
NFX,S3,long,RISK_ON,5,2014-11-25 00:00:00+00:00,2014-11-26 00:00:00+00:00,33.71368,32.802350000000004,-1.0,-0.005,1,SL,False
MON,S3,long,RISK_ON,5,2014-11-25 00:00:00+00:00,2014-12-01 00:00:00+00:00,119.58946999999999,118.76425,-1.0,-0.005,3,SL,False
ALB,S3,long,RISK_ON,5,2014-11-25 00:00:00+00:00,2014-11-28 00:00:00+00:00,61.381319999999995,60.78003571428572,-1.0,-0.005,2,SL,False
MOS,S3,long,RISK_ON,5,2014-11-25 00:00:00+00:00,2014-11-28 00:00:00+00:00,45.57552999999999,44.68178571428571,-1.0,-0.005,2,SL,False
MCD,S3,long,RISK_ON,5,2014-11-26 00:00:00+00:00,2014-12-02 00:00:00+00:00,96.31621999999999,95.45007142857143,-1.0,-0.005,3,SL,False
GM,S3,long,RISK_ON,5,2014-11-26 00:00:00+00:00,2014-12-10 00:00:00+00:00,32.10207,32.10207,0.3606876452653218,0.0018034382263266092,9,STOP_AFTER_TP1,True
HOG,S3,long,RISK_ON,5,2014-11-26 00:00:00+00:00,2014-12-09 00:00:00+00:00,68.35829,68.35829,0.9019463632787211,0.004509731816393606,8,STOP_AFTER_TP1,True
EMN,S3,long,RISK_ON,5,2014-11-26 00:00:00+00:00,2014-11-28 00:00:00+00:00,86.84675999999999,84.85828928571429,-1.0,-0.005,1,SL,False
DVN,S3,long,RISK_ON,5,2014-11-26 00:00:00+00:00,2014-11-28 00:00:00+00:00,64.08402,62.445928571428574,-1.0,-0.005,1,SL,False
ADI,S2,long,RISK_ON,5,2014-11-26 00:00:00+00:00,2015-01-13 00:00:00+00:00,54.61456,53.55,0.0507773017831496,0.000253886508915748,31,SMA50_BREAK,False
CMA,S3,long,RISK_ON,5,2014-11-26 00:00:00+00:00,2014-11-28 00:00:00+00:00,48.59854999999999,48.04835714285714,-1.0,-0.005,1,SL,False
COG,S3,long,RISK_ON,5,2014-11-26 00:00:00+00:00,2014-11-28 00:00:00+00:00,33.45342,32.7975,-1.0,-0.005,1,SL,False
KEY,S3,long,RISK_ON,5,2014-11-28 00:00:00+00:00,2014-12-01 00:00:00+00:00,13.513499999999999,13.383253571428572,-1.0,-0.005,1,SL,False
NRG,S3,long,RISK_ON,5,2014-11-28 00:00:00+00:00,2014-12-03 00:00:00+00:00,31.291259999999998,30.125857142857143,-1.0,-0.005,3,SL,False
SLB,S5,long,RISK_ON,5,2014-11-28 00:00:00+00:00,2014-12-01 00:00:00+00:00,86.03595,83.25,-1.0,-0.005,1,SL,False
MET,S3,long,RISK_ON,5,2014-11-28 00:00:00+00:00,2014-12-01 00:00:00+00:00,55.665609999999994,55.151625,-1.0,-0.005,1,SL,False
BWA,S3,long,RISK_ON,5,2014-12-01 00:00:00+00:00,2014-12-09 00:00:00+00:00,56.876819999999995,55.47811071428572,-1.0,-0.005,6,SL,False
NFX,S5,long,RISK_ON,5,2014-12-01 00:00:00+00:00,2014-12-02 00:00:00+00:00,26.136109999999995,26.5,0.1841446073346149,0.0009207230366730745,1,SMA50_BREAK,False
JNPR,S3,long,RISK_ON,5,2014-12-01 00:00:00+00:00,2014-12-08 00:00:00+00:00,21.78176,21.78176,0.44673650848662605,0.0022336825424331304,5,STOP_AFTER_TP1,True
ATVI,S3,long,RISK_ON,5,2014-12-01 00:00:00+00:00,2014-12-08 00:00:00+00:00,21.07105,21.07105,0.6876696358635257,0.0034383481793176284,5,STOP_AFTER_TP1,True
GPS,S3,long,RISK_ON,5,2014-12-01 00:00:00+00:00,2014-12-10 00:00:00+00:00,39.469429999999996,39.469429999999996,0.3944854771571299,0.0019724273857856496,7,STOP_AFTER_TP1,True
MAA,S3,long,RISK_ON,5,2014-12-02 00:00:00+00:00,2014-12-15 00:00:00+00:00,72.63256,72.63256,0.35102600140317575,0.0017551300070158787,9,STOP_AFTER_TP1,True
AMZN,S3,long,RISK_ON,5,2014-12-02 00:00:00+00:00,2014-12-03 00:00:00+00:00,326.63631,319.506375,-1.0,-0.005,1,SL,False
WBA,S3,long,RISK_ON,5,2014-12-03 00:00:00+00:00,2015-01-27 00:00:00+00:00,67.44737999999998,74.93,3.7129313889090847,0.018564656944545423,36,EMA_TRAIL,True
AFL,S3,long,RISK_ON,5,2014-12-04 00:00:00+00:00,2014-12-12 00:00:00+00:00,59.48942999999999,58.72428571428571,-1.0,-0.005,6,SL,False
EMR,S3,long,RISK_ON,5,2014-12-04 00:00:00+00:00,2014-12-08 00:00:00+00:00,64.62455999999999,63.17392857142857,-1.0,-0.005,2,SL,False
F,S3,long,RISK_ON,5,2014-12-04 00:00:00+00:00,2014-12-08 00:00:00+00:00,15.825809999999999,15.601717857142857,-1.0,-0.005,2,SL,False
ETN,S3,long,RISK_ON,5,2014-12-05 00:00:00+00:00,2014-12-08 00:00:00+00:00,69.47940999999999,68.35268214285715,-1.0,-0.005,1,SL,False
IFF,S3,long,RISK_ON,5,2014-12-08 00:00:00+00:00,2014-12-10 00:00:00+00:00,102.65254999999999,101.49553571428572,-1.0,-0.005,2,SL,False
VIAB,S3,long,RISK_ON,5,2014-12-08 00:00:00+00:00,2014-12-09 00:00:00+00:00,75.18511,73.91867857142857,-1.0,-0.005,1,SL,False
F,S3,long,RISK_ON,5,2014-12-08 00:00:00+00:00,2014-12-09 00:00:00+00:00,15.445429999999998,15.235825,-1.0,-0.005,1,SL,False
TWX,S3,long,RISK_ON,5,2014-12-08 00:00:00+00:00,2014-12-09 00:00:00+00:00,83.41332999999999,82.41892857142857,-1.0,-0.005,1,SL,False
GT,S3,long,RISK_ON,5,2014-12-08 00:00:00+00:00,2014-12-09 00:00:00+00:00,26.856829999999995,26.33625,-1.0,-0.005,1,SL,False
ETN,S3,long,RISK_ON,5,2014-12-09 00:00:00+00:00,2014-12-12 00:00:00+00:00,68.56849999999999,66.22714285714285,-1.0,-0.005,3,SL,False
VIAB,S3,long,RISK_ON,5,2014-12-09 00:00:00+00:00,2014-12-11 00:00:00+00:00,74.68460999999999,72.79117857142857,-1.0,-0.005,2,SL,False
F,S3,long,RISK_ON,5,2014-12-09 00:00:00+00:00,2014-12-15 00:00:00+00:00,15.445429999999998,14.599396428571428,-1.0,-0.005,4,SL,False
SNI,S3,long,RISK_ON,5,2014-12-09 00:00:00+00:00,2014-12-15 00:00:00+00:00,78.13806,76.04678571428572,-1.0,-0.005,4,SL,False
GT,S3,long,RISK_ON,5,2014-12-10 00:00:00+00:00,2015-01-13 00:00:00+00:00,26.956929999999996,26.956929999999996,0.3485135072957306,0.0017425675364786532,22,STOP_AFTER_TP1,True
IFF,S3,long,RISK_ON,5,2014-12-10 00:00:00+00:00,2014-12-12 00:00:00+00:00,101.26115999999999,100.36732142857143,-1.0,-0.005,2,SL,False
TWX,S3,long,RISK_ON,5,2014-12-11 00:00:00+00:00,2014-12-12 00:00:00+00:00,83.39331,82.42867857142856,-1.0,-0.005,1,SL,False
KEY,S3,long,RISK_ON,5,2014-12-11 00:00:00+00:00,2014-12-12 00:00:00+00:00,13.543529999999999,13.327857142857145,-1.0,-0.005,1,SL,False
MCHP,S3,long,RISK_ON,5,2014-12-11 00:00:00+00:00,2014-12-12 00:00:00+00:00,44.73468999999999,43.788135714285715,-1.0,-0.005,1,SL,False
GPS,S3,long,RISK_ON,5,2014-12-11 00:00:00+00:00,2015-01-13 00:00:00+00:00,39.92988999999999,41.59,1.2941474603406364,0.006470737301703182,21,EMA_TRAIL,True
PKI,S1,long,RISK_ON,5,2014-12-19 00:00:00+00:00,2015-01-05 00:00:00+00:00,43.81377,43.05,-0.258397924074444,-0.00129198962037222,9,SMA50_BREAK,False
KORS,S3,long,RISK_ON,5,2014-12-23 00:00:00+00:00,2015-01-05 00:00:00+00:00,75.38530999999999,72.59421785714287,-1.0,-0.005,7,SL,False
BIIB,S3,long,RISK_ON,5,2014-12-26 00:00:00+00:00,2015-03-31 00:00:00+00:00,342.7423999999999,422.24,5.425678099224243,0.027128390496121212,64,EMA_TRAIL,True
MCHP,S3,long,RISK_ON,5,2014-12-29 00:00:00+00:00,2015-01-02 00:00:00+00:00,45.56552,44.85107857142857,-1.0,-0.005,3,SL,False
BAX,S3,long,RISK_ON,5,2014-12-29 00:00:00+00:00,2014-12-31 00:00:00+00:00,74.4744,73.60607142857144,-1.0,-0.005,2,SL,False
KEY,S3,long,RISK_ON,5,2014-12-31 00:00:00+00:00,2015-01-02 00:00:00+00:00,13.913899999999998,13.770714285714286,-1.0,-0.005,1,SL,False
AFL,S3,long,RISK_ON,5,2014-12-31 00:00:00+00:00,2015-01-05 00:00:00+00:00,61.151089999999996,60.583571428571425,-1.0,-0.005,2,SL,False
AMG,S3,long,RISK_ON,5,2014-12-31 00:00:00+00:00,2015-01-02 00:00:00+00:00,212.45224,209.5575,-1.0,-0.005,1,SL,False
EL,S3,long,RISK_ON,5,2014-12-31 00:00:00+00:00,2015-01-02 00:00:00+00:00,76.27619999999999,75.52214285714287,-1.0,-0.005,1,SL,False
LH,S3,long,RISK_ON,5,2014-12-31 00:00:00+00:00,2015-02-09 00:00:00+00:00,108.00789999999999,113.62,3.361510791366938,0.01680755395683469,26,EMA_TRAIL,True
AXP,S3,long,RISK_ON,5,2014-12-31 00:00:00+00:00,2015-01-02 00:00:00+00:00,93.13304,92.21410714285715,-1.0,-0.005,1,SL,False
NLSN,S3,long,RISK_ON,5,2014-12-31 00:00:00+00:00,2015-01-05 00:00:00+00:00,44.77472999999999,44.33714285714286,-1.0,-0.005,2,SL,False
MAA,S3,long,RISK_ON,5,2014-12-31 00:00:00+00:00,2015-01-30 00:00:00+00:00,74.75468,79.32,5.062134335928947,0.025310671679644736,20,EMA_TRAIL,True
PRU,S3,long,RISK_ON,5,2014-12-31 00:00:00+00:00,2015-01-02 00:00:00+00:00,90.55045999999999,89.365575,-1.0,-0.005,1,SL,False
TWX,S3,long,RISK_ON,5,2014-12-31 00:00:00+00:00,2015-01-02 00:00:00+00:00,85.50541999999999,84.63964285714286,-1.0,-0.005,1,SL,False
GIS,S3,long,RISK_ON,5,2014-12-31 00:00:00+00:00,2015-01-02 00:00:00+00:00,53.383329999999994,52.86571428571429,-1.0,-0.005,1,SL,False
FMC,S3,long,RISK_ON,5,2015-01-26 00:00:00+00:00,2015-01-29 00:00:00+00:00,58.28822999999999,56.84153571428572,-1.0,-0.005,3,SL,False
GOOG,S5,long,DEFENSIVE,5,2015-01-29 00:00:00+00:00,2015-02-23 00:00:00+00:00,511.17065999999994,531.91,2.015179871075082,0.01007589935537541,16,EMA_TRAIL,True
CXO,S3,long,RISK_ON,5,2015-02-05 00:00:00+00:00,2015-02-11 00:00:00+00:00,113.15303999999999,105.74725000000001,-1.0,-0.005,4,SL,False
NFX,S3,long,RISK_ON,5,2015-02-09 00:00:00+00:00,2015-02-10 00:00:00+00:00,30.590559999999996,29.581607142857145,-1.0,-0.005,1,SL,False
NBL,S3,long,RISK_ON,5,2015-02-10 00:00:00+00:00,2015-03-02 00:00:00+00:00,47.927879999999995,46.41,-0.48493661232263635,-0.002424683061613182,13,SMA50_BREAK,False
NFX,S3,long,RISK_ON,5,2015-02-11 00:00:00+00:00,2015-03-06 00:00:00+00:00,29.939909999999998,32.0,1.1189963405722663,0.005594981702861331,16,EMA_TRAIL,True
CXO,S3,long,RISK_ON,5,2015-02-11 00:00:00+00:00,2015-02-26 00:00:00+00:00,111.09097999999999,111.09097999999999,0.3026131406693001,0.0015130657033465007,10,STOP_AFTER_TP1,True
PSX,S3,long,RISK_ON,5,2015-02-11 00:00:00+00:00,2015-03-06 00:00:00+00:00,74.26418999999999,75.36,0.7869502079612856,0.0039347510398064275,16,EMA_TRAIL,True
LUK,S3,long,RISK_ON,5,2015-02-11 00:00:00+00:00,2015-03-06 00:00:00+00:00,23.3233,23.41,0.4890832789142521,0.0024454163945712604,16,EMA_TRAIL,True
EOG,S3,long,RISK_ON,5,2015-02-18 00:00:00+00:00,2015-02-19 00:00:00+00:00,95.40530999999999,93.18375,-1.0,-0.005,1,SL,False
PXD,S3,long,RISK_ON,5,2015-02-18 00:00:00+00:00,2015-02-19 00:00:00+00:00,157.10694999999998,151.69071785714286,-1.0,-0.005,1,SL,False
APC,S3,long,RISK_ON,5,2015-02-18 00:00:00+00:00,2015-02-19 00:00:00+00:00,86.95687,85.10413214285714,-1.0,-0.005,1,SL,False
GOOGL,S3,long,RISK_ON,5,2015-02-18 00:00:00+00:00,2015-02-23 00:00:00+00:00,543.19265,533.9750535714285,-1.0,-0.005,3,SL,False
OXY,S3,long,RISK_ON,5,2015-02-18 00:00:00+00:00,2015-02-19 00:00:00+00:00,81.45137,80.12842857142857,-1.0,-0.005,1,SL,False
AMD,S3,long,RISK_ON,5,2015-02-18 00:00:00+00:00,2015-03-06 00:00:00+00:00,3.08308,2.9798214285714284,-1.0,-0.005,12,SL,False
DVN,S3,long,RISK_ON,5,2015-02-20 00:00:00+00:00,2015-03-02 00:00:00+00:00,63.88381999999999,61.25671428571429,-1.0,-0.005,6,SL,False
COP,S3,long,RISK_ON,5,2015-02-20 00:00:00+00:00,2015-02-26 00:00:00+00:00,67.44737999999998,65.85,-0.5474052047667118,-0.0027370260238335593,4,SMA50_BREAK,False
APC,S3,long,RISK_ON,5,2015-02-20 00:00:00+00:00,2015-03-02 00:00:00+00:00,85.53545,81.52814285714285,-1.0,-0.005,6,SL,False
SLB,S3,long,RISK_ON,5,2015-02-20 00:00:00+00:00,2015-02-26 00:00:00+00:00,85.96587999999998,84.00928571428572,-1.0,-0.005,4,SL,False
MRO,S3,long,RISK_ON,5,2015-02-23 00:00:00+00:00,2015-03-02 00:00:00+00:00,28.568539999999995,27.502885714285714,-1.0,-0.005,5,SL,False
CTXS,S3,long,RISK_ON,5,2015-02-23 00:00:00+00:00,2015-03-03 00:00:00+00:00,63.13307,62.46464642857143,-1.0,-0.005,6,SL,False
HP,S3,long,RISK_ON,5,2015-02-23 00:00:00+00:00,2015-03-02 00:00:00+00:00,67.6676,65.45632142857143,-1.0,-0.005,5,SL,False
PXD,S3,long,RISK_ON,5,2015-02-23 00:00:00+00:00,2015-03-02 00:00:00+00:00,156.35619999999997,150.59589642857145,-1.0,-0.005,5,SL,False
WMB,S3,long,RISK_ON,5,2015-02-23 00:00:00+00:00,2015-03-06 00:00:00+00:00,49.199149999999996,47.670750000000005,-1.0,-0.005,9,SL,False
APA,S3,long,RISK_ON,5,2015-02-23 00:00:00+00:00,2015-03-06 00:00:00+00:00,66.28621999999999,63.69926428571429,-1.0,-0.005,9,SL,False
HES,S3,long,RISK_ON,5,2015-02-23 00:00:00+00:00,2015-03-02 00:00:00+00:00,75.94587,73.9784142857143,-1.0,-0.005,5,SL,False
HAL,S3,long,RISK_ON,5,2015-02-23 00:00:00+00:00,2015-02-24 00:00:00+00:00,43.26322,41.98081785714285,-1.0,-0.005,1,SL,False
CMA,S3,long,RISK_ON,5,2015-02-24 00:00:00+00:00,2015-03-10 00:00:00+00:00,46.03599,46.03599,0.27853464558608854,0.0013926732279304426,10,STOP_AFTER_TP1,True
PWR,S3,long,RISK_ON,5,2015-02-24 00:00:00+00:00,2015-03-06 00:00:00+00:00,29.069039999999998,28.27046071428571,-1.0,-0.005,8,SL,False
GOOG,S3,long,RISK_ON,5,2015-02-24 00:00:00+00:00,2015-03-11 00:00:00+00:00,536.62609,551.18,1.1324852911628427,0.0056624264558142135,11,EMA_TRAIL,True
GOOGL,S3,long,RISK_ON,5,2015-02-24 00:00:00+00:00,2015-03-11 00:00:00+00:00,539.1886499999999,555.69,1.2443901294721147,0.0062219506473605735,11,EMA_TRAIL,True
XEC,S3,long,RISK_ON,5,2015-02-24 00:00:00+00:00,2015-02-26 00:00:00+00:00,114.74462999999999,111.43900000000001,-1.0,-0.005,2,SL,False
NSC,S3,long,RISK_ON,5,2015-02-25 00:00:00+00:00,2015-02-26 00:00:00+00:00,110.95083999999999,109.95324642857143,-1.0,-0.005,1,SL,False
PCLN,S2,long,RISK_ON,5,2015-02-25 00:00:00+00:00,2015-03-11 00:00:00+00:00,1252.1108599999998,1186.0032142857142,-1.0,-0.005,10,SL,False
KSU,S3,long,RISK_ON,5,2015-02-25 00:00:00+00:00,2015-02-26 00:00:00+00:00,118.71859999999998,117.35611071428572,-1.0,-0.005,1,SL,False
MTB,S3,long,RISK_ON,5,2015-02-25 00:00:00+00:00,2015-03-10 00:00:00+00:00,121.68155999999999,121.68155999999999,0.6165351355107036,0.003082675677553518,9,STOP_AFTER_TP1,True
L,S3,long,RISK_ON,5,2015-02-25 00:00:00+00:00,2015-02-26 00:00:00+00:00,41.79174999999999,41.34751071428571,-1.0,-0.005,1,SL,False
UNM,S3,long,RISK_ON,5,2015-02-25 00:00:00+00:00,2015-03-10 00:00:00+00:00,33.91388,33.105892857142855,-1.0,-0.005,9,SL,False
DOV,S3,long,RISK_ON,5,2015-02-25 00:00:00+00:00,2015-02-26 00:00:00+00:00,73.50343,72.35007142857143,-1.0,-0.005,1,SL,False
NUE,S3,long,RISK_ON,5,2015-02-25 00:00:00+00:00,2015-02-27 00:00:00+00:00,47.757709999999996,46.9213,-1.0,-0.005,2,SL,False
LYB,S3,long,RISK_ON,5,2015-02-25 00:00:00+00:00,2015-02-26 00:00:00+00:00,89.67958999999999,88.29932142857143,-1.0,-0.005,1,SL,False
KSU,S3,long,RISK_ON,5,2015-02-26 00:00:00+00:00,2015-03-03 00:00:00+00:00,117.19707999999999,115.51932500000001,-1.0,-0.005,3,SL,False
EMN,S3,long,RISK_ON,5,2015-02-26 00:00:00+00:00,2015-03-02 00:00:00+00:00,75.36529,74.23214285714286,-1.0,-0.005,2,SL,False
MLM,S3,long,RISK_ON,5,2015-02-26 00:00:00+00:00,2015-03-10 00:00:00+00:00,141.77163,138.70705714285714,-1.0,-0.005,8,SL,False
XEC,S3,long,RISK_ON,5,2015-02-26 00:00:00+00:00,2015-03-02 00:00:00+00:00,112.80268999999998,108.29935714285715,-1.0,-0.005,2,SL,False
HAL,S3,long,RISK_ON,5,2015-02-27 00:00:00+00:00,2015-03-09 00:00:00+00:00,42.98293999999999,41.939928571428574,-1.0,-0.005,6,SL,False
F,S3,long,RISK_ON,5,2015-02-27 00:00:00+00:00,2015-03-03 00:00:00+00:00,16.35634,16.103571428571428,-1.0,-0.005,2,SL,False
SCHW,S3,long,RISK_ON,5,2015-02-27 00:00:00+00:00,2015-03-18 00:00:00+00:00,29.369339999999998,29.77,1.448063482133899,0.0072403174106694945,13,EMA_TRAIL,True
EQT,S3,long,RISK_ON,5,2015-02-27 00:00:00+00:00,2015-03-09 00:00:00+00:00,79.88981,78.16821428571428,-1.0,-0.005,6,SL,False
URI,S3,long,RISK_ON,5,2015-02-27 00:00:00+00:00,2015-03-04 00:00:00+00:00,93.15306,92.02002142857143,-1.0,-0.005,3,SL,False
BK,S3,long,RISK_ON,5,2015-02-27 00:00:00+00:00,2015-03-10 00:00:00+00:00,39.17914,39.17914,0.7052141388092715,0.003526070694046358,7,STOP_AFTER_TP1,True
FLR,S3,long,RISK_ON,5,2015-03-02 00:00:00+00:00,2015-03-11 00:00:00+00:00,58.53847999999999,56.77932142857143,-1.0,-0.005,7,SL,False
FLS,S3,long,RISK_ON,5,2015-03-02 00:00:00+00:00,2015-03-04 00:00:00+00:00,62.162099999999995,60.40139285714285,-1.0,-0.005,2,SL,False
JEC,S3,long,RISK_ON,5,2015-03-03 00:00:00+00:00,2015-03-04 00:00:00+00:00,44.033989999999996,43.294285714285714,-1.0,-0.005,1,SL,False
T,S3,long,RISK_ON,5,2015-03-03 00:00:00+00:00,2015-03-04 00:00:00+00:00,34.44440999999999,34.020714285714284,-1.0,-0.005,1,SL,False
HP,S3,long,RISK_ON,5,2015-03-03 00:00:00+00:00,2015-03-10 00:00:00+00:00,67.39733,64.33,-0.8278195956885842,-0.004139097978442921,5,SMA50_BREAK,False
IBM,S3,long,RISK_ON,5,2015-03-03 00:00:00+00:00,2015-03-06 00:00:00+00:00,161.19102999999998,158.64724642857144,-1.0,-0.005,3,SL,False
GE,S3,long,RISK_ON,5,2015-03-04 00:00:00+00:00,2015-03-10 00:00:00+00:00,25.68566,25.30625,-1.0,-0.005,4,SL,False
LYB,S3,long,RISK_ON,5,2015-03-04 00:00:00+00:00,2015-03-10 00:00:00+00:00,87.32723999999999,84.22593214285715,-1.0,-0.005,4,SL,False
A,S3,long,RISK_ON,5,2015-03-04 00:00:00+00:00,2015-03-10 00:00:00+00:00,42.041999999999994,41.40642857142857,-1.0,-0.005,4,SL,False
JEC,S3,long,RISK_ON,5,2015-03-04 00:00:00+00:00,2015-03-10 00:00:00+00:00,43.82378,42.79785714285714,-1.0,-0.005,4,SL,False
VZ,S3,long,RISK_ON,5,2015-03-04 00:00:00+00:00,2015-03-06 00:00:00+00:00,49.119069999999994,48.63592857142857,-1.0,-0.005,2,SL,False
FLS,S3,long,RISK_ON,5,2015-03-04 00:00:00+00:00,2015-03-05 00:00:00+00:00,60.710649999999994,59.62746428571429,-1.0,-0.005,1,SL,False
HES,S3,long,RISK_ON,5,2015-03-04 00:00:00+00:00,2015-03-06 00:00:00+00:00,74.91484,72.93448571428571,-1.0,-0.005,2,SL,False
NUE,S3,long,RISK_ON,5,2015-03-05 00:00:00+00:00,2015-03-10 00:00:00+00:00,47.687639999999995,46.211085714285716,-1.0,-0.005,3,SL,False
ECL,S3,long,RISK_ON,5,2015-03-06 00:00:00+00:00,2015-03-17 00:00:00+00:00,114.80468999999998,113.62703571428573,-1.0,-0.005,7,SL,False
VIAB,S3,long,RISK_ON,5,2015-03-06 00:00:00+00:00,2015-03-10 00:00:00+00:00,70.39031999999999,70.39031999999999,0.4511246787253904,0.002255623393626952,2,STOP_AFTER_TP1,True
DISCA,S3,long,RISK_ON,5,2015-03-06 00:00:00+00:00,2015-03-10 00:00:00+00:00,33.11308,32.20339285714286,-1.0,-0.005,2,SL,False
WMB,S3,long,RISK_ON,5,2015-03-09 00:00:00+00:00,2015-03-11 00:00:00+00:00,48.358309999999996,47.02214285714285,-1.0,-0.005,2,SL,False
FB,S3,long,RISK_ON,5,2015-03-09 00:00:00+00:00,2015-03-10 00:00:00+00:00,79.51943999999999,77.77589285714285,-1.0,-0.005,1,SL,False
DISCK,S3,long,RISK_ON,5,2015-03-09 00:00:00+00:00,2015-03-13 00:00:00+00:00,31.551519999999996,30.729285714285716,-1.0,-0.005,4,SL,False
GE,S3,long,RISK_ON,5,2015-03-12 00:00:00+00:00,2015-03-13 00:00:00+00:00,25.425399999999996,24.95588928571429,-1.0,-0.005,1,SL,False
DISCA,S3,long,RISK_ON,5,2015-03-12 00:00:00+00:00,2015-03-18 00:00:00+00:00,32.42239,31.265714285714285,-1.0,-0.005,4,SL,False
FB,S3,long,RISK_ON,5,2015-03-12 00:00:00+00:00,2015-04-17 00:00:00+00:00,79.00892999999999,80.775,0.8477780641360867,0.004238890320680434,25,EMA_TRAIL,True
GOOG,S3,long,RISK_ON,5,2015-03-12 00:00:00+00:00,2015-03-13 00:00:00+00:00,556.0655099999999,545.6132178571429,-1.0,-0.005,1,SL,False
FLR,S3,long,RISK_ON,5,2015-03-12 00:00:00+00:00,2015-03-13 00:00:00+00:00,57.957899999999995,56.17375,-1.0,-0.005,1,SL,False
JEC,S3,long,RISK_ON,5,2015-03-12 00:00:00+00:00,2015-04-28 00:00:00+00:00,43.673629999999996,43.673629999999996,0.2923277462963563,0.0014616387314817813,32,STOP_AFTER_TP1,True
GOOGL,S3,long,RISK_ON,5,2015-03-12 00:00:00+00:00,2015-03-13 00:00:00+00:00,561.7311699999999,550.3578607142857,-1.0,-0.005,1,SL,False
DISCK,S3,long,RISK_ON,5,2015-03-16 00:00:00+00:00,2015-03-18 00:00:00+00:00,31.42139,30.215475,-1.0,-0.005,2,SL,False
GE,S3,long,RISK_ON,5,2015-03-16 00:00:00+00:00,2015-03-26 00:00:00+00:00,25.475449999999995,24.8,-0.7815866797257554,-0.003907933398628776,8,SMA50_BREAK,False
HCA,S3,long,RISK_ON,5,2015-03-16 00:00:00+00:00,2015-04-27 00:00:00+00:00,73.21314,76.38,1.1334933150714812,0.005667466575357406,29,EMA_TRAIL,True
GOOGL,S3,long,RISK_ON,5,2015-03-16 00:00:00+00:00,2015-04-01 00:00:00+00:00,562.2016399999999,549.49,-0.7382428097296242,-0.003691214048648121,12,SMA50_BREAK,False
ECL,S3,long,RISK_ON,5,2015-03-17 00:00:00+00:00,2015-04-17 00:00:00+00:00,114.42430999999999,115.2,0.7553480002492226,0.003776740001246113,22,EMA_TRAIL,True
A,S3,long,RISK_ON,5,2015-03-17 00:00:00+00:00,2015-03-26 00:00:00+00:00,41.621579999999994,40.754778571428574,-1.0,-0.005,7,SL,False
PRU,S3,long,RISK_ON,5,2015-03-17 00:00:00+00:00,2015-03-19 00:00:00+00:00,82.40231999999999,80.68969285714286,-1.0,-0.005,2,SL,False
GOOG,S3,long,RISK_ON,5,2015-03-19 00:00:00+00:00,2015-04-01 00:00:00+00:00,558.5479899999999,542.3793928571429,-1.0,-0.005,9,SL,False
EQT,S1,long,RISK_ON,5,2015-03-20 00:00:00+00:00,2015-05-19 00:00:00+00:00,78.99892,88.14,1.4878895585836833,0.007439447792918417,41,EMA_TRAIL,True
LYB,S1,long,RISK_ON,5,2015-03-20 00:00:00+00:00,2015-05-19 00:00:00+00:00,85.61552999999999,101.23,2.2800433654026353,0.011400216827013176,41,EMA_TRAIL,True
DISCA,S3,long,RISK_ON,5,2015-03-20 00:00:00+00:00,2015-03-26 00:00:00+00:00,32.48245,30.782500000000002,-1.0,-0.005,4,SL,False
DISCK,S3,long,RISK_ON,5,2015-03-23 00:00:00+00:00,2015-03-25 00:00:00+00:00,31.271239999999995,30.288510714285714,-1.0,-0.005,2,SL,False
ZION,S3,long,RISK_ON,5,2015-03-23 00:00:00+00:00,2015-03-26 00:00:00+00:00,27.28726,26.380785714285715,-1.0,-0.005,3,SL,False
PRGO,S3,long,RISK_ON,5,2015-03-24 00:00:00+00:00,2015-03-25 00:00:00+00:00,166.08591999999996,163.782825,-1.0,-0.005,1,SL,False
VZ,S3,long,RISK_ON,5,2015-03-24 00:00:00+00:00,2015-03-25 00:00:00+00:00,49.45940999999999,49.06178571428571,-1.0,-0.005,1,SL,False
AES,S3,long,RISK_ON,5,2015-04-09 00:00:00+00:00,2015-04-21 00:00:00+00:00,13.063049999999999,13.063049999999999,0.38850073544862856,0.0019425036772431428,8,STOP_AFTER_TP1,True
OKE,S3,long,RISK_ON,5,2015-04-09 00:00:00+00:00,2015-04-21 00:00:00+00:00,48.12807999999999,48.12807999999999,0.29505194541648316,0.0014752597270824158,8,STOP_AFTER_TP1,True
ZION,S3,long,RISK_ON,5,2015-04-10 00:00:00+00:00,2015-06-01 00:00:00+00:00,27.357329999999994,28.6,1.9302322027552907,0.009651161013776454,35,EMA_TRAIL,True
RRC,S3,long,RISK_ON,5,2015-04-13 00:00:00+00:00,2015-05-14 00:00:00+00:00,55.145089999999996,61.04,2.4852820515174097,0.012426410257587048,23,EMA_TRAIL,True
HP,S3,long,RISK_ON,5,2015-04-13 00:00:00+00:00,2015-04-21 00:00:00+00:00,72.08201,72.08201,0.5537326955556938,0.0027686634777784693,6,STOP_AFTER_TP1,True
COG,S3,long,RISK_ON,5,2015-04-13 00:00:00+00:00,2015-05-28 00:00:00+00:00,30.780749999999998,33.85,4.887361616762045,0.024436808083810227,32,EMA_TRAIL,True
WMB,S3,long,RISK_ON,5,2015-04-13 00:00:00+00:00,2015-04-30 00:00:00+00:00,50.37031999999999,51.19,1.4623852038393224,0.007311926019196612,13,EMA_TRAIL,True
XLNX,S3,long,RISK_ON,5,2015-04-14 00:00:00+00:00,2015-04-23 00:00:00+00:00,43.17813499999999,43.17813499999999,0.3685720170154614,0.001842860085077307,7,STOP_AFTER_TP1,True
PVH,S3,long,RISK_ON,5,2015-04-14 00:00:00+00:00,2015-04-17 00:00:00+00:00,109.85974999999999,107.39464285714286,-1.0,-0.005,3,SL,False
FLR,S2,long,RISK_ON,5,2015-04-15 00:00:00+00:00,2015-05-19 00:00:00+00:00,61.261199999999995,58.52,-0.6934818474393423,-0.0034674092371967113,24,SMA50_BREAK,False
SLB,S2,long,RISK_ON,5,2015-04-15 00:00:00+00:00,2015-06-04 00:00:00+00:00,92.09199999999998,90.07,-0.387825979737367,-0.001939129898686835,35,SMA50_BREAK,False
MDLZ,S3,long,RISK_ON,5,2015-04-20 00:00:00+00:00,2015-04-21 00:00:00+00:00,37.02699,36.466432142857144,-1.0,-0.005,1,SL,False
PWR,S3,long,RISK_ON,5,2015-04-20 00:00:00+00:00,2015-04-30 00:00:00+00:00,29.34932,28.7185,-1.0,-0.005,8,SL,False
CVX,S3,long,RISK_ON,5,2015-04-21 00:00:00+00:00,2015-05-01 00:00:00+00:00,109.83972999999999,109.83972999999999,0.4222290702255256,0.002111145351127628,8,STOP_AFTER_TP1,True
NBL,S3,long,RISK_ON,5,2015-04-21 00:00:00+00:00,2015-04-24 00:00:00+00:00,51.181129999999996,50.401071428571434,-1.0,-0.005,3,SL,False
ADM,S3,long,RISK_ON,5,2015-04-21 00:00:00+00:00,2015-06-04 00:00:00+00:00,47.987939999999995,51.39,6.393679628281669,0.031968398141408345,31,EMA_TRAIL,True
LKQ,S3,long,RISK_ON,5,2015-04-21 00:00:00+00:00,2015-04-27 00:00:00+00:00,25.48546,25.25,-0.6465839191564172,-0.0032329195957820863,4,SMA50_BREAK,False
DVN,S3,long,RISK_ON,5,2015-04-21 00:00:00+00:00,2015-05-11 00:00:00+00:00,65.34527999999999,66.46,1.0755709083544653,0.005377854541772327,14,EMA_TRAIL,True
MDLZ,S3,long,RISK_ON,5,2015-04-22 00:00:00+00:00,2015-06-05 00:00:00+00:00,36.86682999999999,40.02,3.563132040918598,0.01781566020459299,31,EMA_TRAIL,True
HAL,S3,long,RISK_ON,5,2015-04-22 00:00:00+00:00,2015-05-07 00:00:00+00:00,47.157109999999996,47.157109999999996,0.46184886471391434,0.002309244323569572,11,STOP_AFTER_TP1,True
APC,S3,long,RISK_ON,5,2015-04-22 00:00:00+00:00,2015-05-05 00:00:00+00:00,93.13304,90.77403214285714,-1.0,-0.005,9,SL,False
BF.B,S3,long,RISK_ON,5,2015-04-22 00:00:00+00:00,2015-04-24 00:00:00+00:00,46.371325,45.70973214285714,-1.0,-0.005,2,SL,False
ALB,S3,long,RISK_ON,5,2015-04-23 00:00:00+00:00,2015-05-26 00:00:00+00:00,59.00895,61.16,1.5974119069045187,0.007987059534522594,22,EMA_TRAIL,True
OKE,S3,long,RISK_ON,5,2015-04-23 00:00:00+00:00,2015-05-06 00:00:00+00:00,49.309259999999995,47.19107142857143,-1.0,-0.005,9,SL,False
OXY,S3,long,RISK_ON,5,2015-04-24 00:00:00+00:00,2015-05-05 00:00:00+00:00,79.84976999999999,78.52886071428571,-1.0,-0.005,7,SL,False
MRO,S3,long,RISK_ON,5,2015-04-24 00:00:00+00:00,2015-05-05 00:00:00+00:00,30.360329999999994,30.360329999999994,0.4335369629429769,0.0021676848147148845,7,STOP_AFTER_TP1,True
COP,S3,long,RISK_ON,5,2015-04-24 00:00:00+00:00,2015-05-07 00:00:00+00:00,67.57751,66.31053571428572,-1.0,-0.005,9,SL,False
HP,S3,long,RISK_ON,5,2015-04-24 00:00:00+00:00,2015-05-11 00:00:00+00:00,74.49441999999999,75.49,0.5042954618876753,0.0025214773094383762,11,EMA_TRAIL,True
HES,S3,long,RISK_ON,5,2015-04-27 00:00:00+00:00,2015-05-05 00:00:00+00:00,75.29521999999999,73.97473928571429,-1.0,-0.005,6,SL,False
APA,S3,long,RISK_ON,5,2015-04-27 00:00:00+00:00,2015-05-07 00:00:00+00:00,66.78671999999999,64.95283928571428,-1.0,-0.005,8,SL,False
NOV,S3,long,RISK_ON,5,2015-04-27 00:00:00+00:00,2015-04-28 00:00:00+00:00,54.74468999999999,53.022,-1.0,-0.005,1,SL,False
XLNX,S3,long,RISK_ON,5,2015-04-27 00:00:00+00:00,2015-06-08 00:00:00+00:00,43.29324999999999,46.33,2.175077050906757,0.010875385254533784,29,EMA_TRAIL,True
URI,S3,long,RISK_ON,5,2015-04-27 00:00:00+00:00,2015-05-28 00:00:00+00:00,96.61651999999998,96.61651999999998,0.6273407581402887,0.0031367037907014434,22,STOP_AFTER_TP1,True
BF.B,S3,long,RISK_ON,5,2015-04-28 00:00:00+00:00,2015-04-30 00:00:00+00:00,46.161114999999995,45.26839285714286,-1.0,-0.005,2,SL,False
GE,S3,long,RISK_ON,5,2015-04-29 00:00:00+00:00,2015-06-19 00:00:00+00:00,27.117089999999997,27.24,0.15412933772592335,0.0007706466886296168,36,SMA50_BREAK,False
PCAR,S3,long,RISK_ON,5,2015-04-29 00:00:00+00:00,2015-04-30 00:00:00+00:00,66.32626,65.36714285714287,-1.0,-0.005,1,SL,False
MAT,S3,long,RISK_ON,5,2015-04-29 00:00:00+00:00,2015-05-05 00:00:00+00:00,28.458429999999996,27.674642857142857,-1.0,-0.005,4,SL,False
CTL,S3,long,RISK_ON,5,2015-04-29 00:00:00+00:00,2015-05-05 00:00:00+00:00,36.346309999999995,35.726464285714286,-1.0,-0.005,4,SL,False
ABBV,S3,long,RISK_ON,5,2015-04-30 00:00:00+00:00,2015-05-06 00:00:00+00:00,64.72465999999999,63.573946428571425,-1.0,-0.005,4,SL,False
DISCA,S3,long,RISK_ON,5,2015-05-01 00:00:00+00:00,2015-05-06 00:00:00+00:00,32.77274,32.0,-0.6432470228964066,-0.003216235114482033,3,SMA50_BREAK,False
DUK,S3,long,RISK_ON,5,2015-05-04 00:00:00+00:00,2015-05-05 00:00:00+00:00,78.03795999999998,76.24064285714286,-1.0,-0.005,1,SL,False
PH,S3,long,RISK_ON,5,2015-05-04 00:00:00+00:00,2015-05-27 00:00:00+00:00,121.75162999999998,121.75162999999998,0.305807953072606,0.00152903976536303,16,STOP_AFTER_TP1,True
NOV,S3,long,RISK_ON,5,2015-05-04 00:00:00+00:00,2015-05-07 00:00:00+00:00,54.79474,52.86375,-1.0,-0.005,3,SL,False
MU,S3,long,RISK_ON,5,2015-05-04 00:00:00+00:00,2015-05-05 00:00:00+00:00,28.69867,27.956789285714287,-1.0,-0.005,1,SL,False
SYMC,S3,long,RISK_ON,5,2015-05-04 00:00:00+00:00,2015-05-15 00:00:00+00:00,25.345319999999997,24.64803571428571,-1.0,-0.005,9,SL,False
FFIV,S3,long,RISK_ON,5,2015-05-05 00:00:00+00:00,2015-06-01 00:00:00+00:00,122.08195999999998,125.11,1.704762175439658,0.008523810877198291,18,EMA_TRAIL,True
CAT,S3,long,RISK_ON,5,2015-05-05 00:00:00+00:00,2015-05-19 00:00:00+00:00,87.08699999999999,87.08699999999999,0.3277215289223854,0.0016386076446119268,10,STOP_AFTER_TP1,True
EXC,S3,long,RISK_ON,5,2015-05-05 00:00:00+00:00,2015-05-06 00:00:00+00:00,34.05402,33.433121428571425,-1.0,-0.005,1,SL,False
FCX,S3,long,RISK_ON,5,2015-05-07 00:00:00+00:00,2015-05-18 00:00:00+00:00,22.932909999999996,22.063928571428573,-1.0,-0.005,7,SL,False
FTI,S3,long,RISK_ON,5,2015-05-07 00:00:00+00:00,2015-05-19 00:00:00+00:00,42.18214,40.747967857142854,-1.0,-0.005,8,SL,False
RF,S3,long,RISK_ON,5,2015-05-07 00:00:00+00:00,2015-05-29 00:00:00+00:00,9.89989,10.09,0.9654533771780675,0.004827266885890337,15,EMA_TRAIL,True
XOM,S3,long,RISK_ON,5,2015-05-07 00:00:00+00:00,2015-05-19 00:00:00+00:00,87.68759999999999,86.298925,-1.0,-0.005,8,SL,False
ARNC,S3,long,RISK_ON,5,2015-05-11 00:00:00+00:00,2015-05-18 00:00:00+00:00,40.99095,40.34893928571429,-1.0,-0.005,5,SL,False
INTC,S3,long,RISK_ON,5,2015-05-11 00:00:00+00:00,2015-05-12 00:00:00+00:00,32.72268999999999,32.02875,-1.0,-0.005,1,SL,False
XYL,S3,long,RISK_ON,5,2015-05-11 00:00:00+00:00,2015-05-12 00:00:00+00:00,36.84681,36.40609285714286,-1.0,-0.005,1,SL,False
XYL,S3,long,RISK_ON,5,2015-05-12 00:00:00+00:00,2015-06-08 00:00:00+00:00,36.526489999999995,36.14,-0.6372795198432055,-0.0031863975992160276,18,SMA50_BREAK,False
UPS,S3,long,RISK_ON,5,2015-05-12 00:00:00+00:00,2015-05-26 00:00:00+00:00,100.06996999999998,100.52,0.8620759851598307,0.004310379925799154,9,EMA_TRAIL,True
NRG,S3,long,RISK_ON,5,2015-05-13 00:00:00+00:00,2015-05-29 00:00:00+00:00,26.086059999999996,25.121928571428572,-1.0,-0.005,11,SL,False
ORCL,S3,long,RISK_ON,5,2015-05-13 00:00:00+00:00,2015-05-26 00:00:00+00:00,43.83378999999999,43.33,-0.5153651001493544,-0.002576825500746772,8,SMA50_BREAK,False
INTC,S3,long,RISK_ON,5,2015-05-13 00:00:00+00:00,2015-06-02 00:00:00+00:00,32.672639999999994,33.27,0.6859344894027106,0.0034296724470135533,13,EMA_TRAIL,True
MET,S3,long,RISK_ON,5,2015-05-15 00:00:00+00:00,2015-05-26 00:00:00+00:00,52.63257999999999,52.63257999999999,0.35688983882567193,0.0017844491941283597,6,STOP_AFTER_TP1,True
FAST,S3,long,RISK_ON,5,2015-05-15 00:00:00+00:00,2015-05-18 00:00:00+00:00,42.822779999999995,42.309471428571435,-1.0,-0.005,1,SL,False
FAST,S3,long,RISK_ON,5,2015-05-18 00:00:00+00:00,2015-05-29 00:00:00+00:00,42.712669999999996,41.91322142857143,-1.0,-0.005,8,SL,False
CMI,S3,long,RISK_ON,5,2015-05-19 00:00:00+00:00,2015-05-29 00:00:00+00:00,140.69055,138.61642857142857,-1.0,-0.005,7,SL,False
SYMC,S3,long,RISK_ON,5,2015-05-19 00:00:00+00:00,2015-05-26 00:00:00+00:00,25.1251,24.34,-0.8322782893142707,-0.004161391446571354,4,SMA50_BREAK,False
FTI,S3,long,RISK_ON,5,2015-05-20 00:00:00+00:00,2015-06-22 00:00:00+00:00,42.07203,41.7,-0.1950038413557486,-0.000975019206778743,22,SMA50_BREAK,False
PRU,S3,long,RISK_ON,5,2015-05-20 00:00:00+00:00,2015-05-26 00:00:00+00:00,85.72563999999998,84.61939285714286,-1.0,-0.005,3,SL,False
FLIR,S3,long,RISK_ON,5,2015-05-21 00:00:00+00:00,2015-05-26 00:00:00+00:00,31.671639999999996,31.356789285714285,-1.0,-0.005,2,SL,False
DFS,S3,long,RISK_ON,5,2015-05-21 00:00:00+00:00,2015-05-26 00:00:00+00:00,59.6596,59.13875,-1.0,-0.005,2,SL,False
EMR,S2,long,RISK_ON,5,2015-05-21 00:00:00+00:00,2015-06-04 00:00:00+00:00,61.78171999999999,58.88160714285714,-1.0,-0.005,9,SL,False
EXC,S3,long,RISK_ON,5,2015-05-22 00:00:00+00:00,2015-05-26 00:00:00+00:00,34.4344,33.803575,-1.0,-0.005,1,SL,False
CAT,S3,long,RISK_ON,5,2015-05-26 00:00:00+00:00,2015-05-28 00:00:00+00:00,87.92783999999999,86.63267857142858,-1.0,-0.005,2,SL,False
AIZ,S3,long,RISK_ON,5,2015-05-26 00:00:00+00:00,2015-06-29 00:00:00+00:00,65.74568,66.61,1.6090127325707706,0.008045063662853853,24,EMA_TRAIL,True
LKQ,S3,long,RISK_ON,5,2015-05-26 00:00:00+00:00,2015-08-12 00:00:00+00:00,28.368339999999996,31.11,4.764593067145512,0.02382296533572756,55,EMA_TRAIL,True
UPS,S3,long,RISK_ON,5,2015-05-27 00:00:00+00:00,2015-05-29 00:00:00+00:00,101.02091999999999,99.40017857142858,-1.0,-0.005,2,SL,False
MET,S3,long,RISK_ON,5,2015-05-27 00:00:00+00:00,2015-06-29 00:00:00+00:00,52.82277,55.47,2.1591966115775674,0.010795983057887837,23,EMA_TRAIL,True
BRK.B,S3,long,RISK_ON,5,2015-05-27 00:00:00+00:00,2015-05-29 00:00:00+00:00,144.89475,143.0,-0.8981682129071523,-0.004490841064535762,2,SMA50_BREAK,False
PRU,S3,long,RISK_ON,5,2015-05-27 00:00:00+00:00,2015-06-29 00:00:00+00:00,85.28519999999999,87.29,0.9038772797603871,0.004519386398801935,23,EMA_TRAIL,True
DFS,S3,long,RISK_ON,5,2015-05-27 00:00:00+00:00,2015-05-29 00:00:00+00:00,59.43937999999999,58.27,-0.8671791986999141,-0.004335895993499571,2,SMA50_BREAK,False
CBOE,S3,long,RISK_ON,5,2015-05-29 00:00:00+00:00,2015-06-02 00:00:00+00:00,58.57852,57.40571428571429,-1.0,-0.005,2,SL,False
AXP,S3,long,RISK_ON,5,2015-06-02 00:00:00+00:00,2015-06-08 00:00:00+00:00,80.06998999999999,78.81,-0.7928753917213075,-0.003964376958606537,4,SMA50_BREAK,False
RCL,S3,long,RISK_ON,5,2015-06-11 00:00:00+00:00,2015-06-15 00:00:00+00:00,77.70762999999998,75.59303571428572,-1.0,-0.005,2,SL,False
PVH,S3,long,RISK_ON,5,2015-06-18 00:00:00+00:00,2015-06-29 00:00:00+00:00,113.30318999999999,113.30318999999999,0.3252256436970494,0.0016261282184852472,7,STOP_AFTER_TP1,True
PHM,S3,long,RISK_ON,5,2015-07-15 00:00:00+00:00,2015-07-17 00:00:00+00:00,20.510489999999997,20.182860714285717,-1.0,-0.005,2,SL,False
MO,S2,long,RISK_ON,5,2015-07-16 00:00:00+00:00,2015-08-24 00:00:00+00:00,52.962909999999994,50.695175000000006,-1.0,-0.005,27,SL,False
UAL,S3,long,RISK_ON,5,2015-07-29 00:00:00+00:00,2015-08-12 00:00:00+00:00,57.26720999999999,55.79392857142857,-1.0,-0.005,10,SL,False
SPG,S3,long,RISK_ON,5,2015-07-30 00:00:00+00:00,2015-08-24 00:00:00+00:00,186.32613999999995,182.9167892857143,-1.0,-0.005,17,SL,False
PLD,S3,long,RISK_ON,5,2015-07-30 00:00:00+00:00,2015-08-21 00:00:00+00:00,40.2402,40.66,0.9451913396964415,0.004725956698482208,16,EMA_TRAIL,True
DAL,S3,long,RISK_ON,5,2015-07-31 00:00:00+00:00,2015-08-20 00:00:00+00:00,44.38434,45.71,1.2394207328954239,0.00619710366447712,14,EMA_TRAIL,True
CHRW,S3,long,RISK_ON,5,2015-08-10 00:00:00+00:00,2015-08-21 00:00:00+00:00,69.64957999999999,67.49765357142857,-1.0,-0.005,9,SL,False
KSU,S3,long,RISK_ON,5,2015-08-14 00:00:00+00:00,2015-08-20 00:00:00+00:00,98.67857999999998,95.9805,-1.0,-0.005,4,SL,False
XRX,S3,long,RISK_ON,5,2015-08-14 00:00:00+00:00,2015-08-20 00:00:00+00:00,44.2442,44.2442,0.3027307328786374,0.001513653664393187,4,STOP_AFTER_TP1,True
UAL,S3,long,RISK_ON,5,2015-08-18 00:00:00+00:00,2015-08-20 00:00:00+00:00,58.56850999999999,57.201925,-1.0,-0.005,2,SL,False
JEC,S3,long,RISK_ON,5,2015-08-18 00:00:00+00:00,2015-08-20 00:00:00+00:00,43.40335999999999,42.47589285714285,-1.0,-0.005,2,SL,False
NWS,S5,long,DEFENSIVE,5,2015-08-24 00:00:00+00:00,2015-08-25 00:00:00+00:00,13.053039999999998,13.17,0.2700905228154509,0.0013504526140772544,1,SMA50_BREAK,False
CHRW,S1,long,DEFENSIVE,5,2015-08-26 00:00:00+00:00,2015-09-01 00:00:00+00:00,67.32726,66.0,-0.28021335956871984,-0.0014010667978435992,4,SMA50_BREAK,False
COG,S5,long,DEFENSIVE,5,2015-08-26 00:00:00+00:00,2015-08-27 00:00:00+00:00,21.69167,23.08,1.8514285967689799,0.009257142983844899,1,SMA50_BREAK,True
WY,S5,long,DEFENSIVE,5,2015-08-26 00:00:00+00:00,2015-08-27 00:00:00+00:00,27.507479999999997,28.0,0.7378797866602809,0.0036893989333014045,1,SMA50_BREAK,False
WM,S1,long,DEFENSIVE,5,2015-08-27 00:00:00+00:00,2015-09-01 00:00:00+00:00,50.080029999999994,49.31,-0.23683757266323968,-0.0011841878633161984,3,SMA50_BREAK,False
PXD,S3,long,RISK_ON,5,2015-10-12 00:00:00+00:00,2015-10-19 00:00:00+00:00,134.134,134.134,0.47386881016656623,0.0023693440508328312,5,STOP_AFTER_TP1,True
COP,S3,long,RISK_ON,5,2015-10-19 00:00:00+00:00,2015-10-27 00:00:00+00:00,53.743689999999994,52.543567857142854,-1.0,-0.005,6,SL,False
CVX,S3,long,RISK_ON,5,2015-10-21 00:00:00+00:00,2015-10-26 00:00:00+00:00,89.41932999999999,89.41932999999999,0.5183195803263405,0.0025915979016317026,3,STOP_AFTER_TP1,True
NEM,S3,long,RISK_ON,5,2015-10-21 00:00:00+00:00,2015-11-05 00:00:00+00:00,18.43842,18.43842,0.6185710355750507,0.0030928551778752534,11,STOP_AFTER_TP1,True
PXD,S3,long,RISK_ON,5,2015-10-21 00:00:00+00:00,2015-10-27 00:00:00+00:00,134.79466,129.66829285714286,-1.0,-0.005,4,SL,False
ALB,S3,long,RISK_ON,5,2015-10-21 00:00:00+00:00,2015-10-27 00:00:00+00:00,51.231179999999995,51.231179999999995,0.6175066581384744,0.003087533290692372,4,STOP_AFTER_TP1,True
NBL,S3,long,RISK_ON,5,2015-10-23 00:00:00+00:00,2015-10-26 00:00:00+00:00,35.96592999999999,34.86964285714286,-1.0,-0.005,1,SL,False
HES,S3,long,RISK_ON,5,2015-10-23 00:00:00+00:00,2015-10-27 00:00:00+00:00,60.93086999999999,58.49821428571429,-1.0,-0.005,2,SL,False
EOG,S3,long,RISK_ON,5,2015-10-23 00:00:00+00:00,2015-10-27 00:00:00+00:00,85.51543,83.13535714285713,-1.0,-0.005,2,SL,False
FCX,S3,long,RISK_ON,5,2015-10-23 00:00:00+00:00,2015-11-06 00:00:00+00:00,12.14213,11.115357142857142,-1.0,-0.005,10,SL,False
NI,S3,long,RISK_ON,5,2015-10-26 00:00:00+00:00,2015-10-27 00:00:00+00:00,19.58957,19.280896428571427,-1.0,-0.005,1,SL,False
APA,S3,long,RISK_ON,5,2015-10-26 00:00:00+00:00,2015-10-27 00:00:00+00:00,45.42538,44.24910714285714,-1.0,-0.005,1,SL,False
ADI,S3,long,RISK_ON,5,2015-10-26 00:00:00+00:00,2015-10-28 00:00:00+00:00,61.59152999999999,60.50582142857143,-1.0,-0.005,2,SL,False
CVX,S3,long,RISK_ON,5,2015-10-26 00:00:00+00:00,2015-10-27 00:00:00+00:00,88.85876999999999,87.54334642857143,-1.0,-0.005,1,SL,False
CVX,S3,long,RISK_ON,5,2015-10-27 00:00:00+00:00,2015-11-12 00:00:00+00:00,87.78769999999999,89.86,1.3530760873938887,0.006765380436969444,12,EMA_TRAIL,True
QCOM,S3,long,RISK_ON,5,2015-10-27 00:00:00+00:00,2015-11-05 00:00:00+00:00,59.339279999999995,58.13928571428572,-1.0,-0.005,7,SL,False
NUE,S3,long,RISK_ON,5,2015-10-27 00:00:00+00:00,2015-11-04 00:00:00+00:00,42.43239,42.43239,0.37603976446658477,0.0018801988223329238,6,STOP_AFTER_TP1,True
VIAB,S3,long,RISK_ON,5,2015-10-27 00:00:00+00:00,2015-10-30 00:00:00+00:00,49.09904999999999,47.88705714285714,-1.0,-0.005,3,SL,False
HP,S3,long,RISK_ON,5,2015-10-28 00:00:00+00:00,2015-11-11 00:00:00+00:00,56.01595999999999,56.01595999999999,0.4305817728493485,0.0021529088642467426,10,STOP_AFTER_TP1,True
NBL,S3,long,RISK_ON,5,2015-10-29 00:00:00+00:00,2015-11-12 00:00:00+00:00,35.135099999999994,35.28,0.3502057012760841,0.0017510285063804204,10,EMA_TRAIL,True
FDX,S3,long,RISK_ON,5,2015-10-29 00:00:00+00:00,2015-11-30 00:00:00+00:00,156.54638999999997,158.54,0.7536947182199922,0.003768473591099961,21,EMA_TRAIL,True
EMR,S3,long,RISK_ON,5,2015-10-29 00:00:00+00:00,2015-11-10 00:00:00+00:00,47.22718,47.22718,0.36988183819978615,0.0018494091909989309,8,STOP_AFTER_TP1,True
TPR,S3,long,RISK_ON,5,2015-10-29 00:00:00+00:00,2015-11-11 00:00:00+00:00,30.890859999999996,29.940357142857142,-1.0,-0.005,9,SL,False
ADI,S3,long,RISK_ON,5,2015-10-29 00:00:00+00:00,2015-11-13 00:00:00+00:00,60.03997999999999,58.25582142857143,-1.0,-0.005,11,SL,False
UTX,S3,long,RISK_ON,5,2015-10-29 00:00:00+00:00,2015-11-10 00:00:00+00:00,99.14904999999999,99.14904999999999,0.3115910448831729,0.0015579552244158646,8,STOP_AFTER_TP1,True
PNR,S3,long,RISK_ON,5,2015-10-29 00:00:00+00:00,2015-11-12 00:00:00+00:00,55.39534,55.39534,0.45349341615329486,0.0022674670807664742,10,STOP_AFTER_TP1,True
AMD,S3,long,RISK_ON,5,2015-10-29 00:00:00+00:00,2015-11-06 00:00:00+00:00,2.1321299999999996,2.1321299999999996,0.3994123379716175,0.001997061689858088,6,STOP_AFTER_TP1,True
PXD,S3,long,RISK_ON,5,2015-10-30 00:00:00+00:00,2015-12-07 00:00:00+00:00,137.27713999999997,137.27713999999997,0.291992948621813,0.0014599647431090652,25,STOP_AFTER_TP1,True
IP,S3,long,RISK_ON,5,2015-10-30 00:00:00+00:00,2015-11-05 00:00:00+00:00,42.73268999999999,42.15696428571429,-1.0,-0.005,4,SL,False
HAL,S3,long,RISK_ON,5,2015-10-30 00:00:00+00:00,2015-11-12 00:00:00+00:00,38.41838,37.49,-0.6855282055447428,-0.0034276410277237143,9,SMA50_BREAK,False
EOG,S3,long,RISK_ON,5,2015-10-30 00:00:00+00:00,2015-11-04 00:00:00+00:00,85.93584999999999,85.93584999999999,0.27146122597614963,0.0013573061298807483,3,STOP_AFTER_TP1,True
AES,S3,long,RISK_ON,5,2015-10-30 00:00:00+00:00,2015-11-04 00:00:00+00:00,10.960949999999999,10.82,-0.6431248574128935,-0.0032156242870644675,3,SMA50_BREAK,False
COP,S3,long,RISK_ON,5,2015-10-30 00:00:00+00:00,2015-11-11 00:00:00+00:00,53.403349999999996,53.403349999999996,0.3548180012700416,0.001774090006350208,8,STOP_AFTER_TP1,True
NI,S3,long,RISK_ON,5,2015-11-03 00:00:00+00:00,2015-11-06 00:00:00+00:00,19.13912,18.821989285714285,-1.0,-0.005,3,SL,False
MRO,S3,long,RISK_ON,5,2015-11-04 00:00:00+00:00,2015-11-05 00:00:00+00:00,19.419399999999996,18.40857142857143,-1.0,-0.005,1,SL,False
NAVI,S3,long,RISK_ON,5,2015-11-05 00:00:00+00:00,2015-11-10 00:00:00+00:00,13.243229999999999,12.709928571428572,-1.0,-0.005,3,SL,False
FMC,S3,long,RISK_ON,5,2015-11-06 00:00:00+00:00,2015-11-10 00:00:00+00:00,41.05100999999999,39.77244642857143,-1.0,-0.005,2,SL,False
AMD,S3,long,RISK_ON,5,2015-11-06 00:00:00+00:00,2015-11-10 00:00:00+00:00,2.15215,2.0885714285714285,-1.0,-0.005,2,SL,False
CBS,S3,long,RISK_ON,5,2015-11-06 00:00:00+00:00,2015-12-03 00:00:00+00:00,48.68863999999999,49.33,0.4161160586988818,0.002080580293494409,18,EMA_TRAIL,True
URI,S3,long,RISK_ON,5,2015-11-09 00:00:00+00:00,2015-11-12 00:00:00+00:00,77.57749999999999,74.70750357142857,-1.0,-0.005,3,SL,False
BAX,S3,long,RISK_ON,5,2015-11-09 00:00:00+00:00,2015-12-09 00:00:00+00:00,37.69765999999999,36.81464285714286,-1.0,-0.005,21,SL,False
IR,S3,long,RISK_ON,5,2015-11-09 00:00:00+00:00,2015-11-12 00:00:00+00:00,59.209149999999994,58.02178571428572,-1.0,-0.005,3,SL,False
FMC,S3,long,RISK_ON,5,2015-11-10 00:00:00+00:00,2015-11-12 00:00:00+00:00,40.20015999999999,39.12244642857143,-1.0,-0.005,2,SL,False
EMR,S3,long,RISK_ON,5,2015-11-10 00:00:00+00:00,2015-12-02 00:00:00+00:00,47.83778999999999,48.91,1.237128120053499,0.006185640600267495,15,EMA_TRAIL,True
CAT,S3,long,RISK_ON,5,2015-11-10 00:00:00+00:00,2015-11-12 00:00:00+00:00,72.50243,70.49455357142858,-1.0,-0.005,2,SL,False
MON,S3,long,RISK_ON,5,2015-11-11 00:00:00+00:00,2015-12-11 00:00:00+00:00,93.62352999999999,93.62352999999999,0.5793502080790418,0.0028967510403952092,21,STOP_AFTER_TP1,True
BEN,S3,long,RISK_ON,5,2015-11-11 00:00:00+00:00,2015-11-13 00:00:00+00:00,40.88084,39.990635714285716,-1.0,-0.005,2,SL,False
DVN,S3,long,RISK_ON,5,2015-11-11 00:00:00+00:00,2015-12-02 00:00:00+00:00,45.66561999999999,44.116724999999995,-1.0,-0.005,14,SL,False
ZTS,S3,long,RISK_ON,5,2015-11-11 00:00:00+00:00,2015-11-13 00:00:00+00:00,45.12507999999999,44.394842857142855,-1.0,-0.005,2,SL,False
FLR,S3,long,RISK_ON,5,2015-11-11 00:00:00+00:00,2015-11-12 00:00:00+00:00,49.22917999999999,47.35178928571428,-1.0,-0.005,1,SL,False
EBAY,S3,long,RISK_ON,5,2015-11-12 00:00:00+00:00,2015-11-13 00:00:00+00:00,28.588559999999994,28.254285714285714,-1.0,-0.005,1,SL,False
CMA,S3,long,RISK_ON,5,2015-11-12 00:00:00+00:00,2015-11-13 00:00:00+00:00,45.26521999999999,44.66339285714285,-1.0,-0.005,1,SL,False
FMC,S3,long,RISK_ON,5,2015-11-12 00:00:00+00:00,2015-12-02 00:00:00+00:00,39.78975,41.14,1.3030892483365808,0.006515446241682904,13,EMA_TRAIL,True
LNC,S3,long,RISK_ON,5,2015-11-13 00:00:00+00:00,2015-12-08 00:00:00+00:00,54.38432999999999,53.29660714285715,-1.0,-0.005,16,SL,False
VIAB,S3,long,RISK_ON,5,2015-11-13 00:00:00+00:00,2015-11-27 00:00:00+00:00,50.039989999999996,50.039989999999996,0.319699437736255,0.001598497188681275,9,STOP_AFTER_TP1,True
ZBH,S3,long,RISK_ON,5,2015-11-13 00:00:00+00:00,2015-11-20 00:00:00+00:00,104.39429,103.74,0.24743144674499332,0.0012371572337249667,5,EMA_TRAIL,True
ZTS,S3,long,RISK_ON,5,2015-11-13 00:00:00+00:00,2015-12-03 00:00:00+00:00,44.89485,45.2,0.7362077189260525,0.0036810385946302628,13,EMA_TRAIL,True
CMA,S3,long,RISK_ON,5,2015-11-13 00:00:00+00:00,2015-12-08 00:00:00+00:00,44.83478999999999,43.59875,-1.0,-0.005,16,SL,False
APA,S3,long,RISK_ON,5,2015-11-13 00:00:00+00:00,2015-12-03 00:00:00+00:00,49.018969999999996,45.83165357142857,-1.0,-0.005,13,SL,False
EBAY,S3,long,RISK_ON,5,2015-11-13 00:00:00+00:00,2015-12-03 00:00:00+00:00,28.21819,28.21819,1.337663383099691,0.0066883169154984545,13,STOP_AFTER_TP1,True
URI,S3,long,RISK_ON,5,2015-11-16 00:00:00+00:00,2015-12-07 00:00:00+00:00,74.82475,71.92518214285714,-1.0,-0.005,14,SL,False
NI,S3,long,RISK_ON,5,2015-11-16 00:00:00+00:00,2015-11-25 00:00:00+00:00,19.339319999999997,19.339319999999997,0.3198787810442383,0.0015993939052211914,7,STOP_AFTER_TP1,True
FLR,S3,long,RISK_ON,5,2015-11-16 00:00:00+00:00,2015-12-08 00:00:00+00:00,47.88784,45.596075,-1.0,-0.005,15,SL,False
BEN,S3,long,RISK_ON,5,2015-11-16 00:00:00+00:00,2015-12-03 00:00:00+00:00,40.540499999999994,40.540499999999994,0.3282822916002552,0.001641411458001276,12,STOP_AFTER_TP1,True
GLW,S3,long,RISK_ON,5,2015-11-16 00:00:00+00:00,2015-12-03 00:00:00+00:00,18.35834,18.35834,0.3867868199076767,0.0019339340995383836,12,STOP_AFTER_TP1,True
IR,S3,long,RISK_ON,5,2015-11-16 00:00:00+00:00,2015-12-08 00:00:00+00:00,57.7577,56.10792857142857,-1.0,-0.005,15,SL,False
ETN,S3,long,RISK_ON,5,2015-11-17 00:00:00+00:00,2015-12-03 00:00:00+00:00,55.495439999999995,55.495439999999995,0.3736063195629618,0.001868031597814809,11,STOP_AFTER_TP1,True
NBL,S3,long,RISK_ON,5,2015-11-17 00:00:00+00:00,2015-12-04 00:00:00+00:00,36.49646,34.29625,-1.0,-0.005,12,SL,False
MS,S3,long,RISK_ON,5,2015-11-19 00:00:00+00:00,2015-11-24 00:00:00+00:00,34.20417,33.232728571428574,-1.0,-0.005,3,SL,False
FLS,S3,long,RISK_ON,5,2015-11-19 00:00:00+00:00,2015-12-07 00:00:00+00:00,45.88584,44.30401785714286,-1.0,-0.005,11,SL,False
ABC,S3,long,RISK_ON,5,2015-11-20 00:00:00+00:00,2015-11-24 00:00:00+00:00,99.19909999999999,97.82982142857144,-1.0,-0.005,2,SL,False
BIIB,S3,long,RISK_ON,5,2015-11-20 00:00:00+00:00,2015-12-03 00:00:00+00:00,290.45016,282.6280357142857,-1.0,-0.005,8,SL,False
ABBV,S3,long,RISK_ON,5,2015-11-20 00:00:00+00:00,2015-11-30 00:00:00+00:00,61.17110999999999,59.321353571428574,-1.0,-0.005,5,SL,False
ABC,S3,long,RISK_ON,5,2015-11-24 00:00:00+00:00,2016-01-04 00:00:00+00:00,98.59849999999999,101.87,2.176282990367925,0.010881414951839625,26,EMA_TRAIL,True
STT,S3,long,RISK_ON,5,2015-11-24 00:00:00+00:00,2015-12-08 00:00:00+00:00,72.41234,70.85642857142857,-1.0,-0.005,9,SL,False
MYL,S3,long,RISK_ON,5,2015-11-24 00:00:00+00:00,2015-12-03 00:00:00+00:00,50.440389999999994,50.440389999999994,0.5208821409221482,0.0026044107046107414,6,STOP_AFTER_TP1,True
HBI,S3,long,RISK_ON,5,2015-11-24 00:00:00+00:00,2015-11-30 00:00:00+00:00,31.511479999999995,30.70892857142857,-1.0,-0.005,3,SL,False
GRMN,S3,long,RISK_ON,5,2015-11-27 00:00:00+00:00,2015-12-03 00:00:00+00:00,37.51747999999999,37.017535714285714,-1.0,-0.005,4,SL,False
TXT,S3,long,RISK_ON,5,2015-11-27 00:00:00+00:00,2015-11-30 00:00:00+00:00,43.28324,42.62714285714286,-1.0,-0.005,1,SL,False
VIAB,S3,long,RISK_ON,5,2015-11-27 00:00:00+00:00,2015-12-02 00:00:00+00:00,51.21115999999999,48.86001785714286,-1.0,-0.005,3,SL,False
TXT,S3,long,RISK_ON,5,2015-11-30 00:00:00+00:00,2015-12-02 00:00:00+00:00,42.712669999999996,42.25785714285714,-1.0,-0.005,2,SL,False
NEM,S1,long,RISK_ON,5,2015-11-30 00:00:00+00:00,2015-12-02 00:00:00+00:00,18.42841,17.85,-0.4221909169209194,-0.0021109545846045973,2,SMA50_BREAK,False
IVZ,S3,long,RISK_ON,5,2015-12-02 00:00:00+00:00,2015-12-03 00:00:00+00:00,33.643609999999995,33.15678571428571,-1.0,-0.005,1,SL,False
ABT,S3,long,RISK_ON,5,2015-12-02 00:00:00+00:00,2015-12-03 00:00:00+00:00,45.26521999999999,44.59375,-1.0,-0.005,1,SL,False
ILMN,S3,long,RISK_ON,5,2015-12-04 00:00:00+00:00,2016-01-04 00:00:00+00:00,179.00883,181.28,0.472310494479379,0.002361552472396895,19,EMA_TRAIL,True
MYL,S3,long,RISK_ON,5,2015-12-04 00:00:00+00:00,2016-01-07 00:00:00+00:00,51.461409999999994,51.61,0.5167909434065858,0.002583954717032929,22,EMA_TRAIL,True
QRVO,S3,long,RISK_ON,5,2015-12-07 00:00:00+00:00,2015-12-08 00:00:00+00:00,57.68763,56.39939285714286,-1.0,-0.005,1,SL,False
MS,S3,long,RISK_ON,5,2015-12-07 00:00:00+00:00,2015-12-08 00:00:00+00:00,34.714679999999994,34.033325,-1.0,-0.005,1,SL,False
RRC,S5,long,DEFENSIVE,5,2015-12-14 00:00:00+00:00,2015-12-15 00:00:00+00:00,21.881859999999996,21.68,-0.30498897047713597,-0.00152494485238568,1,SMA50_BREAK,False
HIG,S5,long,DEFENSIVE,5,2016-01-20 00:00:00+00:00,2016-01-21 00:00:00+00:00,37.907869999999996,38.03,0.08928480045618804,0.0004464240022809402,1,SMA50_BREAK,False
SBAC,S5,long,DEFENSIVE,5,2016-01-20 00:00:00+00:00,2016-01-21 00:00:00+00:00,88.64855999999999,87.49,-0.25985071413191624,-0.0012992535706595812,1,SMA50_BREAK,False
KSU,S3,long,RISK_ON,5,2016-02-24 00:00:00+00:00,2016-03-28 00:00:00+00:00,81.25116999999999,83.93,0.8221698045411381,0.00411084902270569,22,EMA_TRAIL,True
CMI,S3,long,RISK_ON,5,2016-02-24 00:00:00+00:00,2016-04-06 00:00:00+00:00,96.22612999999998,106.43,1.752171688314374,0.008760858441571871,29,EMA_TRAIL,True
COG,S3,long,RISK_ON,5,2016-02-26 00:00:00+00:00,2016-03-09 00:00:00+00:00,20.46044,20.46044,0.2684875153151066,0.0013424375765755331,8,STOP_AFTER_TP1,True
COTY,S3,long,RISK_ON,5,2016-02-29 00:00:00+00:00,2016-03-04 00:00:00+00:00,28.50848,27.676435714285716,-1.0,-0.005,4,SL,False
JWN,S3,long,RISK_ON,5,2016-02-29 00:00:00+00:00,2016-04-04 00:00:00+00:00,51.37132,55.55,2.7486011443868827,0.013743005721934414,24,EMA_TRAIL,True
UNP,S3,long,RISK_ON,5,2016-02-29 00:00:00+00:00,2016-03-28 00:00:00+00:00,78.93885999999999,78.93885999999999,0.7884249834077324,0.003942124917038662,19,STOP_AFTER_TP1,True
PCAR,S3,long,RISK_ON,5,2016-02-29 00:00:00+00:00,2016-03-10 00:00:00+00:00,51.5515,51.5515,0.4753934398203182,0.002376967199101591,8,STOP_AFTER_TP1,True
CMG,S3,long,RISK_ON,5,2016-03-01 00:00:00+00:00,2016-03-09 00:00:00+00:00,510.47997,510.47997,0.5155424484531548,0.002577712242265774,6,STOP_AFTER_TP1,True
COF,S3,long,RISK_ON,5,2016-03-08 00:00:00+00:00,2016-03-15 00:00:00+00:00,68.55848999999999,68.55848999999999,0.44939847428640706,0.0022469923714320355,5,STOP_AFTER_TP1,True
HES,S3,long,RISK_ON,5,2016-03-08 00:00:00+00:00,2016-05-03 00:00:00+00:00,46.80675999999999,56.75,5.422064199785182,0.02711032099892591,39,EMA_TRAIL,True
NAVI,S3,long,RISK_ON,5,2016-03-08 00:00:00+00:00,2016-03-15 00:00:00+00:00,11.111099999999999,11.111099999999999,0.4311187682320927,0.0021555938411604637,5,STOP_AFTER_TP1,True
F,S3,long,RISK_ON,5,2016-03-08 00:00:00+00:00,2016-03-10 00:00:00+00:00,13.243229999999999,12.9575,-1.0,-0.005,2,SL,False
FCX,S3,long,RISK_ON,5,2016-03-08 00:00:00+00:00,2016-04-04 00:00:00+00:00,8.66866,9.42,2.156577925725623,0.010782889628628113,18,EMA_TRAIL,True
AKAM,S3,long,RISK_ON,5,2016-03-08 00:00:00+00:00,2016-03-24 00:00:00+00:00,54.63457999999999,54.63457999999999,0.47888972801187135,0.0023944486400593566,12,STOP_AFTER_TP1,True
CF,S3,long,RISK_ON,5,2016-03-08 00:00:00+00:00,2016-03-10 00:00:00+00:00,35.29525999999999,33.62553571428572,-1.0,-0.005,2,SL,False
KMI,S3,long,RISK_ON,5,2016-03-08 00:00:00+00:00,2016-03-10 00:00:00+00:00,17.8178,17.417857142857144,-1.0,-0.005,2,SL,False
BWA,S3,long,RISK_ON,5,2016-03-08 00:00:00+00:00,2016-04-04 00:00:00+00:00,34.45442,35.28,0.7796625107002938,0.003898312553501469,18,EMA_TRAIL,True
STX,S3,long,RISK_ON,5,2016-03-09 00:00:00+00:00,2016-03-24 00:00:00+00:00,34.244209999999995,34.244209999999995,0.5930346259288779,0.0029651731296443896,11,STOP_AFTER_TP1,True
CXO,S3,long,RISK_ON,5,2016-03-09 00:00:00+00:00,2016-04-04 00:00:00+00:00,96.77668,97.9,0.581473282774085,0.002907366413870425,17,EMA_TRAIL,True
KMX,S3,long,RISK_ON,5,2016-03-09 00:00:00+00:00,2016-03-15 00:00:00+00:00,51.040989999999994,49.02178571428571,-1.0,-0.005,4,SL,False
FFIV,S3,long,RISK_ON,5,2016-03-10 00:00:00+00:00,2016-04-07 00:00:00+00:00,98.55845999999998,98.55845999999998,0.39394466757718893,0.0019697233378859445,19,STOP_AFTER_TP1,True
NTAP,S3,long,RISK_ON,5,2016-03-10 00:00:00+00:00,2016-03-23 00:00:00+00:00,26.356329999999996,26.356329999999996,0.2948651052559407,0.0014743255262797035,9,STOP_AFTER_TP1,True
AMG,S3,long,RISK_ON,5,2016-03-10 00:00:00+00:00,2016-04-07 00:00:00+00:00,146.0459,156.0,1.783429464689687,0.008917147323448435,19,EMA_TRAIL,True
ADM,S3,long,RISK_ON,5,2016-03-10 00:00:00+00:00,2016-03-24 00:00:00+00:00,35.80577,36.47,1.2491201386645159,0.0062456006933225795,10,EMA_TRAIL,True
MOS,S3,long,RISK_ON,5,2016-03-10 00:00:00+00:00,2016-03-15 00:00:00+00:00,29.489459999999998,28.29241785714286,-1.0,-0.005,3,SL,False
CMG,S3,long,RISK_ON,5,2016-03-11 00:00:00+00:00,2016-03-16 00:00:00+00:00,508.35785,490.68734642857146,-1.0,-0.005,3,SL,False
F,S3,long,RISK_ON,5,2016-03-11 00:00:00+00:00,2016-04-05 00:00:00+00:00,13.303289999999997,12.735,-1.0,-0.005,16,SL,False
CF,S3,long,RISK_ON,5,2016-03-14 00:00:00+00:00,2016-03-15 00:00:00+00:00,35.57554,33.43714285714285,-1.0,-0.005,1,SL,False
DISH,S3,long,RISK_ON,5,2016-03-14 00:00:00+00:00,2016-03-15 00:00:00+00:00,49.08904,48.083217857142856,-1.0,-0.005,1,SL,False
GM,S3,long,RISK_ON,5,2016-03-14 00:00:00+00:00,2016-03-15 00:00:00+00:00,31.211179999999995,30.5125,-1.0,-0.005,1,SL,False
KMI,S3,long,RISK_ON,5,2016-03-15 00:00:00+00:00,2016-03-24 00:00:00+00:00,18.08807,17.27464642857143,-1.0,-0.005,7,SL,False
LEN,S3,long,RISK_ON,5,2016-03-15 00:00:00+00:00,2016-04-22 00:00:00+00:00,44.622978399999994,46.4118,1.7807457116608794,0.008903728558304397,27,EMA_TRAIL,True
NRG,S3,long,RISK_ON,5,2016-03-15 00:00:00+00:00,2016-03-23 00:00:00+00:00,13.3133,13.3133,0.3182475951147874,0.001591237975573937,6,STOP_AFTER_TP1,True
PFG,S3,long,RISK_ON,5,2016-03-15 00:00:00+00:00,2016-03-24 00:00:00+00:00,39.38935,39.38935,0.2967033427906987,0.0014835167139534936,7,STOP_AFTER_TP1,True
KMX,S3,long,RISK_ON,5,2016-03-15 00:00:00+00:00,2016-03-17 00:00:00+00:00,49.28924,47.95143214285714,-1.0,-0.005,2,SL,False
NCLH,S3,long,RISK_ON,5,2016-03-15 00:00:00+00:00,2016-04-18 00:00:00+00:00,48.45840999999999,52.14,2.917026924337425,0.014585134621687127,23,EMA_TRAIL,True
DISH,S3,long,RISK_ON,5,2016-03-15 00:00:00+00:00,2016-03-24 00:00:00+00:00,48.62857999999999,47.472860714285716,-1.0,-0.005,7,SL,False
MOS,S3,long,RISK_ON,5,2016-03-15 00:00:00+00:00,2016-03-24 00:00:00+00:00,28.568539999999995,27.63357142857143,-1.0,-0.005,7,SL,False
JNPR,S3,long,RISK_ON,5,2016-03-15 00:00:00+00:00,2016-03-16 00:00:00+00:00,25.735709999999997,25.168392857142855,-1.0,-0.005,1,SL,False
CHK,S3,long,RISK_ON,5,2016-03-16 00:00:00+00:00,2016-04-04 00:00:00+00:00,4.39439,3.635357142857143,-1.0,-0.005,12,SL,False
CF,S3,long,RISK_ON,5,2016-03-17 00:00:00+00:00,2016-03-24 00:00:00+00:00,35.085049999999995,31.854642857142856,-1.0,-0.005,5,SL,False
KMX,S3,long,RISK_ON,5,2016-03-17 00:00:00+00:00,2016-04-07 00:00:00+00:00,49.359309999999994,49.359309999999994,0.3917644400885848,0.0019588222004429242,14,STOP_AFTER_TP1,True
SLG,S3,long,RISK_ON,5,2016-03-18 00:00:00+00:00,2016-03-24 00:00:00+00:00,94.84474999999999,93.49375,-1.0,-0.005,4,SL,False
XEC,S3,long,RISK_ON,5,2016-03-21 00:00:00+00:00,2016-03-24 00:00:00+00:00,96.96687,93.88107142857143,-1.0,-0.005,3,SL,False
EXPE,S3,long,RISK_ON,5,2016-03-21 00:00:00+00:00,2016-03-24 00:00:00+00:00,110.99087999999999,106.53090714285715,-1.0,-0.005,3,SL,False
ETFC,S3,long,RISK_ON,5,2016-03-21 00:00:00+00:00,2016-03-24 00:00:00+00:00,25.245219999999996,24.46750357142857,-1.0,-0.005,3,SL,False
CRM,S3,long,RISK_ON,5,2016-03-21 00:00:00+00:00,2016-03-29 00:00:00+00:00,72.32225,70.93589285714285,-1.0,-0.005,5,SL,False
NOV,S3,long,RISK_ON,5,2016-03-21 00:00:00+00:00,2016-03-24 00:00:00+00:00,32.60257,30.836214285714284,-1.0,-0.005,3,SL,False
MET,S3,long,RISK_ON,5,2016-03-22 00:00:00+00:00,2016-03-23 00:00:00+00:00,44.13409,43.31984285714286,-1.0,-0.005,1,SL,False
RRC,S3,long,RISK_ON,5,2016-03-22 00:00:00+00:00,2016-03-24 00:00:00+00:00,32.81278,30.836964285714284,-1.0,-0.005,2,SL,False
RL,S3,long,RISK_ON,5,2016-03-22 00:00:00+00:00,2016-03-23 00:00:00+00:00,97.85776,95.89,-0.6879654297161799,-0.0034398271485808997,1,SMA50_BREAK,False
SBAC,S3,long,RISK_ON,5,2016-03-22 00:00:00+00:00,2016-05-03 00:00:00+00:00,97.83773999999998,97.83773999999998,0.48157890105446405,0.0024078945052723203,29,STOP_AFTER_TP1,True
MRO,S3,long,RISK_ON,5,2016-03-22 00:00:00+00:00,2016-03-23 00:00:00+00:00,11.321309999999999,10.871353571428571,-1.0,-0.005,1,SL,False
CFG,S3,long,RISK_ON,5,2016-03-22 00:00:00+00:00,2016-03-29 00:00:00+00:00,21.951929999999997,21.215717857142856,-1.0,-0.005,4,SL,False
AMP,S3,long,RISK_ON,5,2016-03-22 00:00:00+00:00,2016-03-24 00:00:00+00:00,93.44334999999998,91.33839285714285,-1.0,-0.005,2,SL,False
CMA,S3,long,RISK_ON,5,2016-03-23 00:00:00+00:00,2016-03-24 00:00:00+00:00,38.60856999999999,37.99392857142857,-1.0,-0.005,1,SL,False
APC,S3,long,RISK_ON,5,2016-03-23 00:00:00+00:00,2016-03-24 00:00:00+00:00,46.33628999999999,44.885149999999996,-1.0,-0.005,1,SL,False
PRU,S3,long,RISK_ON,5,2016-03-23 00:00:00+00:00,2016-03-24 00:00:00+00:00,72.90283,71.64365000000001,-1.0,-0.005,1,SL,False
RJF,S3,long,RISK_ON,5,2016-03-23 00:00:00+00:00,2016-03-24 00:00:00+00:00,47.41736999999999,46.47982142857143,-1.0,-0.005,1,SL,False
URI,S3,long,RISK_ON,5,2016-03-23 00:00:00+00:00,2016-04-01 00:00:00+00:00,61.66159999999999,59.976875,-1.0,-0.005,6,SL,False
LNC,S3,long,RISK_ON,5,2016-03-23 00:00:00+00:00,2016-03-24 00:00:00+00:00,40.360319999999994,39.598932142857144,-1.0,-0.005,1,SL,False
FTI,S3,long,RISK_ON,5,2016-03-23 00:00:00+00:00,2016-03-24 00:00:00+00:00,26.896869999999996,26.302592857142855,-1.0,-0.005,1,SL,False
ZION,S3,long,RISK_ON,5,2016-03-23 00:00:00+00:00,2016-03-24 00:00:00+00:00,24.96494,24.44232142857143,-1.0,-0.005,1,SL,False
NAVI,S3,long,RISK_ON,5,2016-03-23 00:00:00+00:00,2016-03-24 00:00:00+00:00,11.90189,11.65995,-1.0,-0.005,1,SL,False
OKE,S3,long,RISK_ON,5,2016-03-23 00:00:00+00:00,2016-03-24 00:00:00+00:00,28.468439999999998,27.6452,-1.0,-0.005,1,SL,False
FITB,S3,long,RISK_ON,5,2016-03-23 00:00:00+00:00,2016-03-24 00:00:00+00:00,17.22721,16.942675,-1.0,-0.005,1,SL,False
COP,S3,long,RISK_ON,5,2016-03-23 00:00:00+00:00,2016-03-24 00:00:00+00:00,39.889849999999996,38.960460714285716,-1.0,-0.005,1,SL,False
COF,S3,long,RISK_ON,5,2016-03-23 00:00:00+00:00,2016-03-24 00:00:00+00:00,70.28020999999998,69.27951785714286,-1.0,-0.005,1,SL,False
DFS,S3,long,RISK_ON,5,2016-03-23 00:00:00+00:00,2016-03-24 00:00:00+00:00,49.909859999999995,49.254714285714286,-1.0,-0.005,1,SL,False
STI,S3,long,RISK_ON,5,2016-03-23 00:00:00+00:00,2016-03-24 00:00:00+00:00,36.66663,36.16172142857143,-1.0,-0.005,1,SL,False
IVZ,S3,long,RISK_ON,5,2016-03-23 00:00:00+00:00,2016-04-01 00:00:00+00:00,30.430399999999995,30.430399999999995,0.5115271397469455,0.0025576356987347276,6,STOP_AFTER_TP1,True
NTAP,S3,long,RISK_ON,5,2016-03-23 00:00:00+00:00,2016-03-24 00:00:00+00:00,26.406379999999995,25.8375,-1.0,-0.005,1,SL,False
GM,S3,long,RISK_ON,5,2016-03-23 00:00:00+00:00,2016-03-24 00:00:00+00:00,31.341309999999996,30.857714285714287,-1.0,-0.005,1,SL,False
HBAN,S3,long,RISK_ON,5,2016-03-23 00:00:00+00:00,2016-03-24 00:00:00+00:00,9.63963,9.433928571428572,-1.0,-0.005,1,SL,False
AME,S3,long,RISK_ON,5,2016-03-23 00:00:00+00:00,2016-03-24 00:00:00+00:00,49.39935,48.806250000000006,-1.0,-0.005,1,SL,False
BAC,S3,long,RISK_ON,5,2016-03-23 00:00:00+00:00,2016-03-24 00:00:00+00:00,13.633619999999997,13.410892857142857,-1.0,-0.005,1,SL,False
NRG,S3,long,RISK_ON,5,2016-03-23 00:00:00+00:00,2016-03-24 00:00:00+00:00,13.002989999999999,12.5825,-1.0,-0.005,1,SL,False
RF,S3,long,RISK_ON,5,2016-03-23 00:00:00+00:00,2016-03-24 00:00:00+00:00,8.08808,7.911467857142856,-1.0,-0.005,1,SL,False
NFX,S3,long,RISK_ON,5,2016-03-23 00:00:00+00:00,2016-04-05 00:00:00+00:00,32.15212,31.013817857142858,-1.0,-0.005,8,SL,False
SCHW,S3,long,RISK_ON,5,2016-03-23 00:00:00+00:00,2016-04-05 00:00:00+00:00,28.05803,27.312325,-1.0,-0.005,8,SL,False
SLG,S3,long,RISK_ON,5,2016-03-24 00:00:00+00:00,2016-05-13 00:00:00+00:00,94.36426999999999,101.99,2.0050774863087026,0.010025387431543513,35,EMA_TRAIL,True
RJF,S3,long,RISK_ON,5,2016-03-24 00:00:00+00:00,2016-04-07 00:00:00+00:00,46.94689999999999,45.42910714285714,-1.0,-0.005,9,SL,False
TIF,S3,long,RISK_ON,5,2016-03-24 00:00:00+00:00,2016-04-07 00:00:00+00:00,71.00093,71.00093,0.5834839093125128,0.002917419546562564,9,STOP_AFTER_TP1,True
STT,S3,long,RISK_ON,5,2016-03-24 00:00:00+00:00,2016-03-29 00:00:00+00:00,58.808749999999996,57.38485714285714,-1.0,-0.005,2,SL,False
FITB,S3,long,RISK_ON,5,2016-03-24 00:00:00+00:00,2016-03-29 00:00:00+00:00,17.1171,16.58124642857143,-1.0,-0.005,2,SL,False
HBAN,S3,long,RISK_ON,5,2016-03-24 00:00:00+00:00,2016-04-07 00:00:00+00:00,9.59959,9.313392857142857,-1.0,-0.005,9,SL,False
DVN,S3,long,RISK_ON,5,2016-03-24 00:00:00+00:00,2016-05-04 00:00:00+00:00,26.496469999999995,31.31,1.3973833593934373,0.006986916796967187,28,EMA_TRAIL,True
AME,S3,long,RISK_ON,5,2016-03-24 00:00:00+00:00,2016-04-05 00:00:00+00:00,49.119069999999994,49.119069999999994,0.474356481368957,0.002371782406844785,7,STOP_AFTER_TP1,True
NAVI,S3,long,RISK_ON,5,2016-03-24 00:00:00+00:00,2016-04-05 00:00:00+00:00,11.97196,11.426378571428572,-1.0,-0.005,7,SL,False
WRK,S3,long,RISK_ON,5,2016-03-24 00:00:00+00:00,2016-03-29 00:00:00+00:00,38.568529999999996,37.416357142857144,-1.0,-0.005,2,SL,False
DFS,S3,long,RISK_ON,5,2016-03-24 00:00:00+00:00,2016-05-13 00:00:00+00:00,49.729679999999995,54.42,3.8522618995170226,0.019261309497585113,35,EMA_TRAIL,True
KMI,S3,long,RISK_ON,5,2016-03-24 00:00:00+00:00,2016-04-05 00:00:00+00:00,18.108089999999997,17.01,-0.734062592663508,-0.00367031296331754,7,SMA50_BREAK,False
ETFC,S3,long,RISK_ON,5,2016-03-24 00:00:00+00:00,2016-04-05 00:00:00+00:00,24.684659999999997,23.849289285714285,-1.0,-0.005,7,SL,False
BA,S3,long,RISK_ON,5,2016-03-24 00:00:00+00:00,2016-03-29 00:00:00+00:00,132.25212,128.73167857142857,-1.0,-0.005,2,SL,False
COP,S3,long,RISK_ON,5,2016-03-24 00:00:00+00:00,2016-05-03 00:00:00+00:00,40.08004,45.08,2.035484001038828,0.01017742000519414,27,EMA_TRAIL,True
RRC,S3,long,RISK_ON,5,2016-03-24 00:00:00+00:00,2016-05-16 00:00:00+00:00,30.750719999999994,37.69,2.7904080004196237,0.01395204000209812,36,EMA_TRAIL,True
NTAP,S3,long,RISK_ON,5,2016-03-24 00:00:00+00:00,2016-04-14 00:00:00+00:00,26.366339999999997,25.222857142857144,-1.0,-0.005,14,SL,False
IP,S3,long,RISK_ON,5,2016-03-24 00:00:00+00:00,2016-04-05 00:00:00+00:00,40.83078999999999,39.752517857142855,-1.0,-0.005,7,SL,False
OKE,S3,long,RISK_ON,5,2016-03-24 00:00:00+00:00,2016-06-27 00:00:00+00:00,28.708679999999998,44.62,5.793928997540963,0.028969644987704816,65,EMA_TRAIL,True
NRG,S3,long,RISK_ON,5,2016-03-24 00:00:00+00:00,2016-04-06 00:00:00+00:00,13.153139999999999,11.953571428571427,-1.0,-0.005,8,SL,False
COF,S3,long,RISK_ON,5,2016-03-24 00:00:00+00:00,2016-03-29 00:00:00+00:00,69.82976,68.21308928571428,-1.0,-0.005,2,SL,False
WDC,S3,long,RISK_ON,5,2016-03-28 00:00:00+00:00,2016-03-30 00:00:00+00:00,48.12807999999999,45.58828928571429,-1.0,-0.005,2,SL,False
GM,S3,long,RISK_ON,5,2016-03-28 00:00:00+00:00,2016-04-04 00:00:00+00:00,31.051019999999998,30.07914285714286,-1.0,-0.005,5,SL,False
ANDV,S3,long,RISK_ON,5,2016-03-28 00:00:00+00:00,2016-03-29 00:00:00+00:00,90.10001,87.66568214285714,-1.0,-0.005,1,SL,False
FTI,S3,long,RISK_ON,5,2016-03-28 00:00:00+00:00,2016-05-04 00:00:00+00:00,26.866839999999996,28.53,1.1463721779811769,0.005731860889905884,27,EMA_TRAIL,True
MPC,S3,long,RISK_ON,5,2016-03-28 00:00:00+00:00,2016-04-06 00:00:00+00:00,37.01697999999999,35.48512857142857,-1.0,-0.005,7,SL,False
MET,S3,long,RISK_ON,5,2016-03-28 00:00:00+00:00,2016-04-05 00:00:00+00:00,43.04299999999999,43.04299999999999,0.3355807616117161,0.0016779038080585807,6,STOP_AFTER_TP1,True
APC,S3,long,RISK_ON,5,2016-03-28 00:00:00+00:00,2016-05-03 00:00:00+00:00,45.67563,50.1,1.7718775393047577,0.008859387696523788,26,EMA_TRAIL,True
LNC,S3,long,RISK_ON,5,2016-03-28 00:00:00+00:00,2016-04-07 00:00:00+00:00,39.90986999999999,37.948575,-1.0,-0.005,8,SL,False
ZION,S3,long,RISK_ON,5,2016-03-28 00:00:00+00:00,2016-03-29 00:00:00+00:00,24.774749999999997,23.7925,-1.0,-0.005,1,SL,False
JNPR,S3,long,RISK_ON,5,2016-03-28 00:00:00+00:00,2016-04-12 00:00:00+00:00,25.475449999999995,24.65857142857143,-1.0,-0.005,11,SL,False
AXP,S3,long,RISK_ON,5,2016-03-28 00:00:00+00:00,2016-04-05 00:00:00+00:00,60.34027999999999,60.34027999999999,0.2858701824118135,0.0014293509120590676,6,STOP_AFTER_TP1,True
CBG,S3,long,RISK_ON,5,2016-03-28 00:00:00+00:00,2016-04-29 00:00:00+00:00,28.168139999999998,29.63,1.672196581458381,0.008360982907291906,24,EMA_TRAIL,True
AKAM,S3,long,RISK_ON,5,2016-03-28 00:00:00+00:00,2016-04-05 00:00:00+00:00,54.98492999999999,53.79488214285714,-1.0,-0.005,6,SL,False
KEY,S3,long,RISK_ON,5,2016-03-28 00:00:00+00:00,2016-03-29 00:00:00+00:00,11.19118,10.871785714285714,-1.0,-0.005,1,SL,False
MRO,S3,long,RISK_ON,5,2016-03-29 00:00:00+00:00,2016-05-03 00:00:00+00:00,10.4104,12.79,2.1266142592545196,0.010633071296272598,25,EMA_TRAIL,True
STI,S3,long,RISK_ON,5,2016-03-29 00:00:00+00:00,2016-04-07 00:00:00+00:00,36.36633,35.32779285714286,-1.0,-0.005,7,SL,False
VIAB,S3,long,RISK_ON,5,2016-03-29 00:00:00+00:00,2016-04-05 00:00:00+00:00,40.180139999999994,38.710517857142854,-1.0,-0.005,5,SL,False
ADM,S3,long,RISK_ON,5,2016-03-29 00:00:00+00:00,2016-04-01 00:00:00+00:00,36.90686999999999,35.80303571428571,-1.0,-0.005,3,SL,False
ANDV,S3,long,RISK_ON,5,2016-03-29 00:00:00+00:00,2016-03-30 00:00:00+00:00,89.80971999999998,85.75689642857144,-1.0,-0.005,1,SL,False
BAC,S3,long,RISK_ON,5,2016-03-30 00:00:00+00:00,2016-04-07 00:00:00+00:00,13.493479999999998,13.077321428571429,-1.0,-0.005,6,SL,False
GILD,S3,long,RISK_ON,5,2016-03-30 00:00:00+00:00,2016-04-28 00:00:00+00:00,92.06196999999999,97.0,1.5936612681857791,0.007968306340928896,21,EMA_TRAIL,True
COF,S3,long,RISK_ON,5,2016-03-30 00:00:00+00:00,2016-04-07 00:00:00+00:00,69.21915,66.89933928571428,-1.0,-0.005,6,SL,False
WRK,S3,long,RISK_ON,5,2016-03-30 00:00:00+00:00,2016-04-05 00:00:00+00:00,38.28825,36.658857142857144,-1.0,-0.005,4,SL,False
CMA,S3,long,RISK_ON,5,2016-03-30 00:00:00+00:00,2016-04-07 00:00:00+00:00,38.268229999999996,36.721607142857145,-1.0,-0.005,6,SL,False
PFG,S3,long,RISK_ON,5,2016-03-30 00:00:00+00:00,2016-05-03 00:00:00+00:00,39.80977,41.77,1.045010533935979,0.005225052669679895,24,EMA_TRAIL,True
RL,S3,long,RISK_ON,5,2016-03-30 00:00:00+00:00,2016-03-31 00:00:00+00:00,97.01691999999998,96.26,-0.24055454613968288,-0.0012027727306984145,1,SMA50_BREAK,False
FITB,S3,long,RISK_ON,5,2016-03-30 00:00:00+00:00,2016-04-06 00:00:00+00:00,16.88687,16.270892857142858,-1.0,-0.005,5,SL,False
LUK,S3,long,RISK_ON,5,2016-03-30 00:00:00+00:00,2016-04-07 00:00:00+00:00,15.945929999999999,15.53,-0.48492757340510717,-0.002424637867025536,6,SMA50_BREAK,False
STX,S3,long,RISK_ON,5,2016-03-31 00:00:00+00:00,2016-04-05 00:00:00+00:00,34.48445,32.84446428571428,-1.0,-0.005,3,SL,False
STT,S3,long,RISK_ON,5,2016-03-31 00:00:00+00:00,2016-04-05 00:00:00+00:00,58.57852,57.33164285714285,-1.0,-0.005,3,SL,False
PRU,S3,long,RISK_ON,5,2016-03-31 00:00:00+00:00,2016-04-01 00:00:00+00:00,72.29221999999999,70.86507857142857,-1.0,-0.005,1,SL,False
CFG,S3,long,RISK_ON,5,2016-04-01 00:00:00+00:00,2016-05-03 00:00:00+00:00,21.37135,22.51,1.12416820015242,0.0056208410007621,22,EMA_TRAIL,True
HAL,S3,long,RISK_ON,5,2016-04-01 00:00:00+00:00,2016-04-04 00:00:00+00:00,35.12509,34.17962142857143,-1.0,-0.005,1,SL,False
C,S3,long,RISK_ON,5,2016-04-01 00:00:00+00:00,2016-04-07 00:00:00+00:00,42.51246999999999,40.793571428571425,-1.0,-0.005,4,SL,False
DIS,S3,long,RISK_ON,5,2016-04-01 00:00:00+00:00,2016-04-05 00:00:00+00:00,99.16906999999998,97.95739999999999,-1.0,-0.005,2,SL,False
UNM,S3,long,RISK_ON,5,2016-04-01 00:00:00+00:00,2016-04-07 00:00:00+00:00,31.391359999999995,29.901789285714283,-1.0,-0.005,4,SL,False
PRU,S3,long,RISK_ON,5,2016-04-04 00:00:00+00:00,2016-04-07 00:00:00+00:00,72.35228,69.8268642857143,-1.0,-0.005,3,SL,False
XEC,S3,long,RISK_ON,5,2016-04-04 00:00:00+00:00,2016-05-03 00:00:00+00:00,94.86476999999998,105.37,4.220904803109414,0.02110452401554707,21,EMA_TRAIL,True
LYB,S3,long,RISK_ON,5,2016-04-04 00:00:00+00:00,2016-04-08 00:00:00+00:00,86.24615999999999,82.473925,-1.0,-0.005,4,SL,False
AMP,S3,long,RISK_ON,5,2016-04-04 00:00:00+00:00,2016-04-05 00:00:00+00:00,93.27318,91.36714642857142,-1.0,-0.005,1,SL,False
PKG,S3,long,RISK_ON,5,2016-04-05 00:00:00+00:00,2016-05-18 00:00:00+00:00,58.94888999999999,64.39,3.4417959336362096,0.017208979668181048,31,EMA_TRAIL,True
QRVO,S3,long,RISK_ON,5,2016-04-05 00:00:00+00:00,2016-04-06 00:00:00+00:00,49.909859999999995,48.95178571428571,-1.0,-0.005,1,SL,False
NFX,S3,long,RISK_ON,5,2016-04-05 00:00:00+00:00,2016-05-03 00:00:00+00:00,31.641609999999996,35.51,2.6083490470015986,0.013041745235007993,20,EMA_TRAIL,True
AXP,S3,long,RISK_ON,5,2016-04-05 00:00:00+00:00,2016-04-07 00:00:00+00:00,60.2602,59.175714285714285,-1.0,-0.005,2,SL,False
ATVI,S3,long,RISK_ON,5,2016-04-05 00:00:00+00:00,2016-04-12 00:00:00+00:00,33.74371,33.20375,-1.0,-0.005,5,SL,False
AIG,S3,long,RISK_ON,5,2016-04-05 00:00:00+00:00,2016-04-07 00:00:00+00:00,53.73367999999999,53.144642857142856,-1.0,-0.005,2,SL,False
AMZN,S3,long,RISK_ON,5,2016-04-05 00:00:00+00:00,2016-04-27 00:00:00+00:00,586.7261399999999,606.57,2.314946093400017,0.011574730467000085,16,EMA_TRAIL,True
NWSA,S3,long,RISK_ON,5,2016-04-05 00:00:00+00:00,2016-04-08 00:00:00+00:00,12.622609999999998,12.347321428571428,-1.0,-0.005,3,SL,False
MNST,S3,long,RISK_ON,5,2016-04-06 00:00:00+00:00,2016-04-07 00:00:00+00:00,44.768023299999996,43.81916428571429,-1.0,-0.005,1,SL,False
SCHW,S3,long,RISK_ON,5,2016-04-06 00:00:00+00:00,2016-04-07 00:00:00+00:00,27.857829999999996,26.744110714285714,-1.0,-0.005,1,SL,False
STT,S3,long,RISK_ON,5,2016-04-06 00:00:00+00:00,2016-04-07 00:00:00+00:00,58.258199999999995,56.18,-0.8636854791787894,-0.004318427395893947,1,SMA50_BREAK,False
RHI,S3,long,RISK_ON,5,2016-04-06 00:00:00+00:00,2016-04-07 00:00:00+00:00,45.45540999999999,44.146882142857145,-1.0,-0.005,1,SL,False
NFLX,S3,long,RISK_ON,5,2016-04-07 00:00:00+00:00,2016-04-12 00:00:00+00:00,104.55444999999999,102.22948214285714,-1.0,-0.005,3,SL,False
NWSA,S3,long,RISK_ON,5,2016-04-08 00:00:00+00:00,2016-05-04 00:00:00+00:00,12.42241,12.165571428571429,-1.0,-0.005,18,SL,False
RCL,S3,long,RISK_ON,5,2016-04-08 00:00:00+00:00,2016-04-18 00:00:00+00:00,80.68059999999998,80.68059999999998,0.5489943388410832,0.002744971694205416,6,STOP_AFTER_TP1,True
RHI,S3,long,RISK_ON,5,2016-04-08 00:00:00+00:00,2016-04-21 00:00:00+00:00,44.52447999999999,43.504025,-1.0,-0.005,9,SL,False
KMX,S3,long,RISK_ON,5,2016-04-11 00:00:00+00:00,2016-04-22 00:00:00+00:00,50.930879999999995,50.930879999999995,0.5163991973844383,0.0025819959869221917,9,STOP_AFTER_TP1,True
LYB,S3,long,RISK_ON,5,2016-04-11 00:00:00+00:00,2016-04-28 00:00:00+00:00,85.27519,86.36,0.5559074075387839,0.0027795370376939195,13,EMA_TRAIL,True
AMP,S3,long,RISK_ON,5,2016-04-11 00:00:00+00:00,2016-04-29 00:00:00+00:00,92.64254999999999,95.9,1.2675964972006484,0.006337982486003242,14,EMA_TRAIL,True
AME,S3,long,RISK_ON,5,2016-04-11 00:00:00+00:00,2016-04-28 00:00:00+00:00,49.539489999999994,49.539489999999994,0.5120746692805421,0.0025603733464027107,13,STOP_AFTER_TP1,True
AXP,S3,long,RISK_ON,5,2016-04-11 00:00:00+00:00,2016-05-05 00:00:00+00:00,59.85979999999999,63.92,2.4154525351761333,0.012077262675880667,18,EMA_TRAIL,True
SCHW,S3,long,RISK_ON,5,2016-04-12 00:00:00+00:00,2016-04-29 00:00:00+00:00,27.477449999999997,28.41,1.1669560607387142,0.005834780303693571,13,EMA_TRAIL,True
HBAN,S3,long,RISK_ON,5,2016-04-12 00:00:00+00:00,2016-05-04 00:00:00+00:00,9.579569999999999,9.86,0.827047648740378,0.00413523824370189,16,EMA_TRAIL,True
JNPR,S5,long,RISK_ON,5,2016-04-12 00:00:00+00:00,2016-04-13 00:00:00+00:00,23.083059999999996,23.82,1.0788803326208631,0.0053944016631043154,1,SMA50_BREAK,False
ATVI,S3,long,RISK_ON,5,2016-04-12 00:00:00+00:00,2016-04-28 00:00:00+00:00,33.513479999999994,33.9,0.7344854935928324,0.0036724274679641625,12,EMA_TRAIL,True
CMA,S3,long,RISK_ON,5,2016-04-12 00:00:00+00:00,2016-05-13 00:00:00+00:00,38.2382,41.97,1.6957840169557556,0.008478920084778779,23,EMA_TRAIL,True
QRVO,S3,long,RISK_ON,5,2016-04-14 00:00:00+00:00,2016-04-18 00:00:00+00:00,49.679629999999996,47.08375,-1.0,-0.005,2,SL,False
GS,S3,long,RISK_ON,5,2016-04-18 00:00:00+00:00,2016-05-04 00:00:00+00:00,159.17901999999998,159.17901999999998,0.27296421798863524,0.0013648210899431762,12,STOP_AFTER_TP1,True
INCY,S3,long,RISK_ON,5,2016-04-19 00:00:00+00:00,2016-04-27 00:00:00+00:00,76.84676999999999,72.83664285714286,-1.0,-0.005,6,SL,False
RJF,S2,long,RISK_ON,5,2016-04-21 00:00:00+00:00,2016-06-14 00:00:00+00:00,53.273219999999995,51.37,-0.26760825924287696,-0.0013380412962143847,37,SMA50_BREAK,False
ALXN,S3,long,RISK_ON,5,2016-04-25 00:00:00+00:00,2016-04-26 00:00:00+00:00,158.17802,154.22626785714286,-1.0,-0.005,1,SL,False
REGN,S3,long,RISK_ON,5,2016-04-25 00:00:00+00:00,2016-04-27 00:00:00+00:00,407.32692,387.04593928571427,-1.0,-0.005,2,SL,False
GPN,S3,long,RISK_ON,5,2016-04-25 00:00:00+00:00,2016-04-29 00:00:00+00:00,73.36328999999999,71.90266785714286,-1.0,-0.005,4,SL,False
HAL,S3,long,RISK_ON,5,2016-04-26 00:00:00+00:00,2016-05-03 00:00:00+00:00,40.26022,40.26022,0.27713701119948747,0.0013856850559974374,5,STOP_AFTER_TP1,True
RHI,S3,long,RISK_ON,5,2016-04-26 00:00:00+00:00,2016-04-27 00:00:00+00:00,44.6446,43.00178571428571,-1.0,-0.005,1,SL,False
CERN,S3,long,RISK_ON,5,2016-04-27 00:00:00+00:00,2016-04-29 00:00:00+00:00,57.86781,56.836260714285714,-1.0,-0.005,2,SL,False
BIIB,S3,long,RISK_ON,5,2016-04-27 00:00:00+00:00,2016-04-29 00:00:00+00:00,280.34006,275.2736678571428,-1.0,-0.005,2,SL,False
TXT,S3,long,RISK_ON,5,2016-04-28 00:00:00+00:00,2016-04-29 00:00:00+00:00,39.339299999999994,38.777874999999995,-1.0,-0.005,1,SL,False
HPQ,S3,long,RISK_ON,5,2016-04-28 00:00:00+00:00,2016-04-29 00:00:00+00:00,12.582569999999999,12.320678571428571,-1.0,-0.005,1,SL,False
NTRS,S3,long,RISK_ON,5,2016-04-28 00:00:00+00:00,2016-04-29 00:00:00+00:00,71.68160999999999,70.46285714285715,-1.0,-0.005,1,SL,False
KMX,S3,long,RISK_ON,5,2016-04-28 00:00:00+00:00,2016-04-29 00:00:00+00:00,53.983929999999994,52.96678571428571,-1.0,-0.005,1,SL,False
TXT,S3,long,RISK_ON,5,2016-04-29 00:00:00+00:00,2016-05-04 00:00:00+00:00,38.71867999999999,38.09323214285714,-1.0,-0.005,3,SL,False
ESRX,S3,long,RISK_ON,5,2016-04-29 00:00:00+00:00,2016-05-03 00:00:00+00:00,73.80373,72.51659285714285,-1.0,-0.005,2,SL,False
RCL,S1,long,RISK_ON,5,2016-04-29 00:00:00+00:00,2016-05-04 00:00:00+00:00,77.4774,75.9,-0.3339303179260491,-0.0016696515896302455,3,SMA50_BREAK,False
GPN,S3,long,RISK_ON,5,2016-04-29 00:00:00+00:00,2016-06-10 00:00:00+00:00,72.25218,74.74,2.329210318538199,0.011646051592690996,29,EMA_TRAIL,True
KMX,S3,long,RISK_ON,5,2016-04-29 00:00:00+00:00,2016-05-03 00:00:00+00:00,53.00295,51.84,-1.0,-0.005,2,SL,False
SCHW,S3,long,RISK_ON,5,2016-05-02 00:00:00+00:00,2016-05-04 00:00:00+00:00,28.818789999999996,27.66732857142857,-1.0,-0.005,2,SL,False
WMB,S3,long,RISK_ON,5,2016-05-02 00:00:00+00:00,2016-05-09 00:00:00+00:00,18.828809999999997,18.828809999999997,0.6127249081415139,0.00306362454070757,5,STOP_AFTER_TP1,True
STT,S3,long,RISK_ON,5,2016-05-02 00:00:00+00:00,2016-05-03 00:00:00+00:00,62.97290999999999,61.02696785714286,-1.0,-0.005,1,SL,False
CBG,S3,long,RISK_ON,5,2016-05-02 00:00:00+00:00,2016-05-03 00:00:00+00:00,30.070039999999995,29.067,-1.0,-0.005,1,SL,False
BA,S3,long,RISK_ON,5,2016-05-02 00:00:00+00:00,2016-05-03 00:00:00+00:00,134.14400999999998,131.60798214285714,-1.0,-0.005,1,SL,False
C,S3,long,RISK_ON,5,2016-05-02 00:00:00+00:00,2016-05-03 00:00:00+00:00,46.726679999999995,45.34285714285714,-1.0,-0.005,1,SL,False
HCP,S3,long,RISK_ON,5,2016-05-02 00:00:00+00:00,2016-05-05 00:00:00+00:00,34.38435,34.38435,0.3000384526880549,0.0015001922634402746,3,STOP_AFTER_TP1,True
BIIB,S3,long,RISK_ON,5,2016-05-02 00:00:00+00:00,2016-05-04 00:00:00+00:00,273.96369,265.660875,-1.0,-0.005,2,SL,False
ESRX,S3,long,RISK_ON,5,2016-05-03 00:00:00+00:00,2016-05-16 00:00:00+00:00,72.86279,71.77695000000001,-1.0,-0.005,9,SL,False
LLY,S3,long,RISK_ON,5,2016-05-03 00:00:00+00:00,2016-05-04 00:00:00+00:00,76.32624999999999,74.91026428571428,-1.0,-0.005,1,SL,False
FITB,S3,long,RISK_ON,5,2016-05-03 00:00:00+00:00,2016-05-04 00:00:00+00:00,18.04803,17.567360714285716,-1.0,-0.005,1,SL,False
BA,S3,long,RISK_ON,5,2016-05-03 00:00:00+00:00,2016-05-19 00:00:00+00:00,132.62249,130.23941071428573,-1.0,-0.005,12,SL,False
MDLZ,S3,long,RISK_ON,5,2016-05-04 00:00:00+00:00,2016-05-17 00:00:00+00:00,43.71366999999999,43.71366999999999,0.27518873789524456,0.0013759436894762228,9,STOP_AFTER_TP1,True
SNA,S3,long,RISK_ON,5,2016-05-06 00:00:00+00:00,2016-05-31 00:00:00+00:00,160.21005,161.82,0.5973933509958618,0.002986966754979309,16,EMA_TRAIL,True
HCP,S3,long,RISK_ON,5,2016-05-06 00:00:00+00:00,2016-05-10 00:00:00+00:00,34.58454999999999,34.58454999999999,0.37948575117508265,0.0018974287558754133,2,STOP_AFTER_TP1,True
AXP,S3,long,RISK_ON,5,2016-05-06 00:00:00+00:00,2016-05-17 00:00:00+00:00,64.57451,62.87660714285715,-1.0,-0.005,7,SL,False
WRK,S3,long,RISK_ON,5,2016-05-06 00:00:00+00:00,2016-05-13 00:00:00+00:00,40.94089999999999,38.39,-0.8736792404363424,-0.0043683962021817116,5,SMA50_BREAK,False
EXPE,S3,long,RISK_ON,5,2016-05-09 00:00:00+00:00,2016-05-18 00:00:00+00:00,112.71259999999998,110.05071428571428,-1.0,-0.005,7,SL,False
WMB,S3,long,RISK_ON,5,2016-05-09 00:00:00+00:00,2016-06-13 00:00:00+00:00,18.95894,21.8,2.578360324861741,0.012891801624308705,24,EMA_TRAIL,True
HBAN,S3,long,RISK_ON,5,2016-05-10 00:00:00+00:00,2016-05-13 00:00:00+00:00,9.999989999999999,9.637321428571429,-1.0,-0.005,3,SL,False
BIIB,S3,long,RISK_ON,5,2016-05-10 00:00:00+00:00,2016-05-12 00:00:00+00:00,273.54326999999995,260.7606428571429,-1.0,-0.005,2,SL,False
STT,S3,long,RISK_ON,5,2016-05-10 00:00:00+00:00,2016-05-13 00:00:00+00:00,61.17110999999999,59.23,-0.8104712897555484,-0.004052356448777742,3,SMA50_BREAK,False
MS,S3,long,RISK_ON,5,2016-05-10 00:00:00+00:00,2016-06-03 00:00:00+00:00,26.656629999999996,26.656629999999996,0.44220731086715803,0.0022110365543357904,17,STOP_AFTER_TP1,True
GS,S3,long,RISK_ON,5,2016-05-10 00:00:00+00:00,2016-05-13 00:00:00+00:00,161.58141999999998,155.34,-0.9759039185645124,-0.0048795195928225624,3,SMA50_BREAK,False
CFG,S1,long,RISK_ON,5,2016-05-10 00:00:00+00:00,2016-05-12 00:00:00+00:00,22.38236,21.76,-0.41171723052089687,-0.0020585861526044844,2,SMA50_BREAK,False
PNC,S3,long,RISK_ON,5,2016-05-10 00:00:00+00:00,2016-05-13 00:00:00+00:00,86.67658999999999,84.74,-0.699002708635302,-0.0034950135431765102,3,SMA50_BREAK,False
TXT,S3,long,RISK_ON,5,2016-05-10 00:00:00+00:00,2016-05-12 00:00:00+00:00,38.35832,37.66357142857143,-1.0,-0.005,2,SL,False
ETFC,S3,long,RISK_ON,5,2016-05-11 00:00:00+00:00,2016-06-03 00:00:00+00:00,25.345319999999997,26.69,1.5973833904106778,0.00798691695205339,16,EMA_TRAIL,True
LNC,S3,long,RISK_ON,5,2016-05-16 00:00:00+00:00,2016-06-03 00:00:00+00:00,43.183139999999995,44.43,1.0319408222227993,0.005159704111113997,13,EMA_TRAIL,True
WRK,S1,long,RISK_ON,5,2016-05-16 00:00:00+00:00,2016-05-17 00:00:00+00:00,39.66963,37.97,-0.6628434373964084,-0.003314217186982042,1,SMA50_BREAK,False
FITB,S1,long,RISK_ON,5,2016-05-16 00:00:00+00:00,2016-06-10 00:00:00+00:00,17.6176,18.53,0.9937102327335541,0.00496855116366777,18,EMA_TRAIL,True
URI,S1,long,DEFENSIVE,5,2016-05-17 00:00:00+00:00,2016-06-16 00:00:00+00:00,64.34428,67.01,0.5851600306538607,0.0029258001532693036,21,EMA_TRAIL,True
GS,S1,long,DEFENSIVE,5,2016-05-18 00:00:00+00:00,2016-05-19 00:00:00+00:00,160.09993999999998,154.7,-0.5323505113579239,-0.0026617525567896195,1,SMA50_BREAK,False
MNST,S3,long,RISK_ON,5,2016-05-24 00:00:00+00:00,2016-06-14 00:00:00+00:00,50.08663659999999,50.08663659999999,0.321741099801748,0.00160870549900874,14,STOP_AFTER_TP1,True
AMZN,S3,long,RISK_ON,5,2016-05-24 00:00:00+00:00,2016-06-17 00:00:00+00:00,704.9042,704.9042,0.36669364906093516,0.0018334682453046759,17,STOP_AFTER_TP1,True
EXPE,S3,long,RISK_ON,5,2016-05-26 00:00:00+00:00,2016-05-31 00:00:00+00:00,111.93181999999999,109.947325,-1.0,-0.005,2,SL,False
MDLZ,S3,long,RISK_ON,5,2016-05-26 00:00:00+00:00,2016-06-13 00:00:00+00:00,44.394349999999996,44.394349999999996,0.30722548994644616,0.0015361274497322308,11,STOP_AFTER_TP1,True
TRIP,S3,long,RISK_ON,5,2016-06-08 00:00:00+00:00,2016-06-10 00:00:00+00:00,69.30923999999999,66.98928928571428,-1.0,-0.005,2,SL,False
ADS,S3,long,RISK_ON,5,2016-06-09 00:00:00+00:00,2016-06-10 00:00:00+00:00,222.83261,219.887,-1.0,-0.005,1,SL,False
ADS,S5,long,DEFENSIVE,5,2016-06-14 00:00:00+00:00,2016-06-15 00:00:00+00:00,209.18897999999996,203.22,-1.0,-0.005,1,SL,False
MYL,S3,long,RISK_ON,5,2016-06-20 00:00:00+00:00,2016-06-24 00:00:00+00:00,45.42538,43.76022857142857,-1.0,-0.005,4,SL,False
DISH,S3,long,RISK_ON,5,2016-06-20 00:00:00+00:00,2016-06-24 00:00:00+00:00,53.41335999999999,52.111785714285716,-1.0,-0.005,4,SL,False
XLNX,S3,long,RISK_ON,5,2016-06-20 00:00:00+00:00,2016-06-24 00:00:00+00:00,46.546499999999995,45.81590357142857,-1.0,-0.005,4,SL,False
HRB,S3,long,RISK_ON,5,2016-06-21 00:00:00+00:00,2016-06-24 00:00:00+00:00,22.612589999999997,22.06494642857143,-1.0,-0.005,3,SL,False
VIAB,S3,long,RISK_ON,5,2016-06-22 00:00:00+00:00,2016-06-24 00:00:00+00:00,44.07402999999999,42.417925,-1.0,-0.005,2,SL,False
HRS,S1,long,DEFENSIVE,5,2016-06-28 00:00:00+00:00,2016-09-09 00:00:00+00:00,80.38029999999999,90.86,1.6837809504626424,0.008418904752313213,51,EMA_TRAIL,True
WDC,S1,long,DEFENSIVE,5,2016-06-28 00:00:00+00:00,2016-07-29 00:00:00+00:00,44.154109999999996,47.51,1.582709957586989,0.007913549787934945,22,SMA50_BREAK,True
DISH,S1,long,DEFENSIVE,5,2016-06-29 00:00:00+00:00,2016-08-02 00:00:00+00:00,51.98192999999999,49.19,-0.6005274105047607,-0.0030026370525238033,23,SMA50_BREAK,False
SYMC,S3,long,RISK_ON,5,2016-06-30 00:00:00+00:00,2016-07-20 00:00:00+00:00,20.560539999999996,20.560539999999996,0.3541623154283869,0.0017708115771419345,13,STOP_AFTER_TP1,True
HRB,S3,long,RISK_ON,5,2016-06-30 00:00:00+00:00,2016-08-02 00:00:00+00:00,23.022999999999996,23.38,0.8989387703612659,0.00449469385180633,22,EMA_TRAIL,True
SRCL,S3,long,RISK_ON,5,2016-07-07 00:00:00+00:00,2016-07-29 00:00:00+00:00,102.16206,102.16206,0.46739171652677364,0.0023369585826338683,16,STOP_AFTER_TP1,True
MAT,S3,long,RISK_ON,5,2016-07-15 00:00:00+00:00,2016-07-19 00:00:00+00:00,32.99296,32.35545357142857,-1.0,-0.005,2,SL,False
SBUX,S3,long,RISK_ON,5,2016-07-18 00:00:00+00:00,2016-08-02 00:00:00+00:00,56.97691999999999,56.97691999999999,0.43766884044256604,0.0021883442022128303,11,STOP_AFTER_TP1,True
ABT,S3,long,RISK_ON,5,2016-07-19 00:00:00+00:00,2016-08-19 00:00:00+00:00,41.84179999999999,44.24,3.311262157248046,0.01655631078624023,23,EMA_TRAIL,True
KSS,S3,long,RISK_ON,5,2016-07-19 00:00:00+00:00,2016-08-02 00:00:00+00:00,39.00897,39.00897,0.3270614818348021,0.0016353074091740106,10,STOP_AFTER_TP1,True
MAR,S3,long,RISK_ON,5,2016-07-19 00:00:00+00:00,2016-07-27 00:00:00+00:00,70.22015,70.22015,0.2858957053990001,0.0014294785269950007,6,STOP_AFTER_TP1,True
KORS,S3,long,RISK_ON,5,2016-07-19 00:00:00+00:00,2016-08-02 00:00:00+00:00,51.24118999999999,51.24118999999999,0.4479801745257733,0.0022399008726288667,10,STOP_AFTER_TP1,True
CTL,S3,long,RISK_ON,5,2016-07-19 00:00:00+00:00,2016-08-04 00:00:00+00:00,30.520489999999995,29.890189285714285,-1.0,-0.005,12,SL,False
M,S3,long,RISK_ON,5,2016-07-19 00:00:00+00:00,2016-07-28 00:00:00+00:00,34.904869999999995,34.904869999999995,0.38288533175825745,0.0019144266587912873,7,STOP_AFTER_TP1,True
EBAY,S2,long,RISK_ON,5,2016-07-20 00:00:00+00:00,2016-08-12 00:00:00+00:00,27.016989999999996,30.89,2.724827608371553,0.013624138041857765,17,EMA_TRAIL,True
EQR,S3,long,RISK_ON,5,2016-07-20 00:00:00+00:00,2016-07-27 00:00:00+00:00,70.16009,68.91642857142857,-1.0,-0.005,5,SL,False
CAH,S3,long,RISK_ON,5,2016-07-21 00:00:00+00:00,2016-07-28 00:00:00+00:00,82.69260999999999,82.69260999999999,0.2759385687756635,0.0013796928438783173,5,STOP_AFTER_TP1,True
NKE,S3,long,RISK_ON,5,2016-07-21 00:00:00+00:00,2016-07-27 00:00:00+00:00,57.046989999999994,56.17109285714286,-1.0,-0.005,4,SL,False
AKAM,S3,long,RISK_ON,5,2016-07-21 00:00:00+00:00,2016-07-27 00:00:00+00:00,57.2572,57.2572,0.31490802284601116,0.001574540114230056,4,STOP_AFTER_TP1,True
LUV,S5,long,RISK_ON,5,2016-07-22 00:00:00+00:00,2016-07-25 00:00:00+00:00,37.86782999999999,37.36,-0.5919937516757349,-0.0029599687583786744,1,SMA50_BREAK,False
ABC,S3,long,RISK_ON,5,2016-07-22 00:00:00+00:00,2016-07-28 00:00:00+00:00,85.94586,84.57314642857143,-1.0,-0.005,4,SL,False
MAT,S3,long,RISK_ON,5,2016-07-22 00:00:00+00:00,2016-08-19 00:00:00+00:00,32.792759999999994,32.792759999999994,0.4343862024462091,0.002171931012231046,20,STOP_AFTER_TP1,True
GILD,S3,long,RISK_ON,5,2016-07-22 00:00:00+00:00,2016-07-26 00:00:00+00:00,86.63654999999999,86.63654999999999,0.3978484580078999,0.0019892422900395,2,STOP_AFTER_TP1,True
HRL,S3,long,RISK_ON,5,2016-07-25 00:00:00+00:00,2016-07-27 00:00:00+00:00,36.84681,36.386975,-1.0,-0.005,2,SL,False
ILMN,S2,long,RISK_ON,5,2016-07-27 00:00:00+00:00,2016-10-11 00:00:00+00:00,162.41224999999997,146.2732464285714,-1.0,-0.005,53,SL,False
PCLN,S3,long,RISK_ON,5,2016-07-27 00:00:00+00:00,2016-09-09 00:00:00+00:00,1325.8044799999998,1413.9,3.2287192722448808,0.016143596361224404,31,EMA_TRAIL,True
JWN,S3,long,RISK_ON,5,2016-07-28 00:00:00+00:00,2016-08-02 00:00:00+00:00,43.313269999999996,41.15517857142857,-1.0,-0.005,3,SL,False
CI,S3,long,RISK_ON,5,2016-07-28 00:00:00+00:00,2016-07-29 00:00:00+00:00,136.12599,133.81482857142856,-1.0,-0.005,1,SL,False
TGT,S3,long,RISK_ON,5,2016-07-28 00:00:00+00:00,2016-08-03 00:00:00+00:00,74.86479,73.52589285714285,-1.0,-0.005,4,SL,False
M,S3,long,RISK_ON,5,2016-07-28 00:00:00+00:00,2016-08-02 00:00:00+00:00,35.90586999999999,34.35821428571428,-1.0,-0.005,3,SL,False
MYL,S3,long,RISK_ON,5,2016-07-29 00:00:00+00:00,2016-08-22 00:00:00+00:00,46.83678999999999,47.9,0.766954447287495,0.003834772236437475,16,EMA_TRAIL,True
GOOG,S2,long,RISK_ON,5,2016-07-29 00:00:00+00:00,2016-11-02 00:00:00+00:00,769.5587899999999,768.7,-0.021487206052714362,-0.00010743603026357182,67,SMA50_BREAK,False
AAL,S3,long,RISK_ON,5,2016-07-29 00:00:00+00:00,2016-08-02 00:00:00+00:00,35.5355,34.865789285714285,-1.0,-0.005,2,SL,False
FLIR,S3,long,RISK_ON,5,2016-07-29 00:00:00+00:00,2016-08-02 00:00:00+00:00,32.612579999999994,32.05878571428571,-1.0,-0.005,2,SL,False
GOOGL,S2,long,RISK_ON,5,2016-07-29 00:00:00+00:00,2016-10-07 00:00:00+00:00,792.1313399999999,800.71,0.18735592676883428,0.0009367796338441714,49,SMA50_BREAK,False
ABC,S3,long,RISK_ON,5,2016-07-29 00:00:00+00:00,2016-08-25 00:00:00+00:00,85.27519,85.51,1.1604314767805588,0.005802157383902794,19,EMA_TRAIL,True
GS,S3,long,RISK_ON,5,2016-07-29 00:00:00+00:00,2016-08-02 00:00:00+00:00,158.96881,157.32857142857142,-1.0,-0.005,2,SL,False
EL,S3,long,RISK_ON,5,2016-07-29 00:00:00+00:00,2016-08-16 00:00:00+00:00,92.99289999999999,92.42,-0.37370122911482856,-0.0018685061455741428,12,SMA50_BREAK,False
UAL,S3,long,RISK_ON,5,2016-08-01 00:00:00+00:00,2016-08-02 00:00:00+00:00,47.40736,45.77655,-1.0,-0.005,1,SL,False
BWA,S3,long,RISK_ON,5,2016-08-01 00:00:00+00:00,2016-08-02 00:00:00+00:00,33.14310999999999,32.09535714285714,-1.0,-0.005,1,SL,False
MSI,S3,long,RISK_ON,5,2016-08-02 00:00:00+00:00,2016-09-13 00:00:00+00:00,68.90884,76.09,5.354494961629248,0.026772474808146242,29,EMA_TRAIL,True
AVB,S3,long,RISK_ON,5,2016-08-02 00:00:00+00:00,2016-08-03 00:00:00+00:00,184.97478999999998,182.02321785714287,-1.0,-0.005,1,SL,False
ORLY,S3,long,RISK_ON,5,2016-08-02 00:00:00+00:00,2016-08-26 00:00:00+00:00,287.30701999999997,281.40346785714286,-1.0,-0.005,18,SL,False
UDR,S3,long,RISK_ON,5,2016-08-02 00:00:00+00:00,2016-08-05 00:00:00+00:00,37.15711999999999,36.714642857142856,-1.0,-0.005,3,SL,False
AZO,S3,long,RISK_ON,5,2016-08-02 00:00:00+00:00,2016-08-15 00:00:00+00:00,803.3325299999999,794.8831749999999,-1.0,-0.005,9,SL,False
HRL,S3,long,RISK_ON,5,2016-08-02 00:00:00+00:00,2016-08-03 00:00:00+00:00,36.946909999999995,36.57290714285714,-1.0,-0.005,1,SL,False
LB,S3,long,RISK_ON,5,2016-08-02 00:00:00+00:00,2016-08-03 00:00:00+00:00,72.33225999999999,71.53508928571429,-1.0,-0.005,1,SL,False
NWS,S3,long,RISK_ON,5,2016-08-02 00:00:00+00:00,2016-08-09 00:00:00+00:00,13.153139999999999,13.153139999999999,0.451538530769661,0.002257692653848305,5,STOP_AFTER_TP1,True
GT,S3,long,RISK_ON,5,2016-08-03 00:00:00+00:00,2016-10-12 00:00:00+00:00,27.94792,31.92,4.272944973760502,0.02136472486880251,49,EMA_TRAIL,True
STX,S3,long,RISK_ON,5,2016-08-03 00:00:00+00:00,2016-10-11 00:00:00+00:00,30.76073,35.1,3.0644648955545177,0.015322324477772589,48,EMA_TRAIL,True
AGN,S3,long,RISK_ON,5,2016-08-03 00:00:00+00:00,2016-08-08 00:00:00+00:00,252.78252999999998,247.70557142857143,-1.0,-0.005,3,SL,False
ALK,S3,long,RISK_ON,5,2016-08-03 00:00:00+00:00,2016-09-14 00:00:00+00:00,65.16509999999998,66.65,1.527671331710034,0.007638356658550171,29,EMA_TRAIL,True
FDX,S3,long,RISK_ON,5,2016-08-03 00:00:00+00:00,2016-08-26 00:00:00+00:00,160.77061,164.95,1.174919914610459,0.005874599573052295,17,EMA_TRAIL,True
XRX,S3,long,RISK_ON,5,2016-08-03 00:00:00+00:00,2016-08-17 00:00:00+00:00,39.79975999999999,38.72,-0.8399607931170122,-0.004199803965585061,10,SMA50_BREAK,False
FLR,S3,long,RISK_ON,5,2016-08-03 00:00:00+00:00,2016-08-05 00:00:00+00:00,52.94288999999999,51.76168214285715,-1.0,-0.005,2,SL,False
BWA,S3,long,RISK_ON,5,2016-08-03 00:00:00+00:00,2016-08-26 00:00:00+00:00,32.742709999999995,33.65,0.7258238660977032,0.003629119330488516,17,EMA_TRAIL,True
JWN,S3,long,RISK_ON,5,2016-08-04 00:00:00+00:00,2016-09-09 00:00:00+00:00,42.041999999999994,49.7,1.7713165488226656,0.008856582744113328,25,EMA_TRAIL,True
UAL,S3,long,RISK_ON,5,2016-08-04 00:00:00+00:00,2016-09-20 00:00:00+00:00,45.945899999999995,50.31,1.7040601882783735,0.008520300941391867,32,EMA_TRAIL,True
SYF,S3,long,RISK_ON,5,2016-08-04 00:00:00+00:00,2016-08-10 00:00:00+00:00,27.94792,27.65,-0.3405250326982039,-0.0017026251634910195,4,SMA50_BREAK,False
TGT,S3,long,RISK_ON,5,2016-08-04 00:00:00+00:00,2016-08-17 00:00:00+00:00,74.21413999999999,71.58348928571428,-1.0,-0.005,9,SL,False
FL,S3,long,RISK_ON,5,2016-08-04 00:00:00+00:00,2016-09-09 00:00:00+00:00,58.35829999999999,64.59,3.0038435782248536,0.015019217891124268,25,EMA_TRAIL,True
SWKS,S3,long,RISK_ON,5,2016-08-05 00:00:00+00:00,2016-09-07 00:00:00+00:00,66.61654999999999,72.05,1.4388466002471725,0.0071942330012358625,22,EMA_TRAIL,True
XL,S3,long,RISK_ON,5,2016-08-05 00:00:00+00:00,2016-08-10 00:00:00+00:00,33.90386999999999,33.40035714285714,-1.0,-0.005,3,SL,False
UDR,S3,long,RISK_ON,5,2016-08-05 00:00:00+00:00,2016-08-16 00:00:00+00:00,36.91688,36.322857142857146,-1.0,-0.005,7,SL,False
HRB,S3,long,RISK_ON,5,2016-08-05 00:00:00+00:00,2016-08-18 00:00:00+00:00,23.8238,23.95,0.68894638493604,0.0034447319246802,9,EMA_TRAIL,True
DISCK,S3,long,RISK_ON,5,2016-08-08 00:00:00+00:00,2016-08-09 00:00:00+00:00,25.135109999999997,24.72,-0.8783352023867503,-0.0043916760119337515,1,SMA50_BREAK,False
AAL,S3,long,RISK_ON,5,2016-08-08 00:00:00+00:00,2016-09-14 00:00:00+00:00,34.38435,36.39,1.6930058764808775,0.008465029382404388,26,EMA_TRAIL,True
KSS,S3,long,RISK_ON,5,2016-08-08 00:00:00+00:00,2016-08-09 00:00:00+00:00,39.409369999999996,38.26121428571429,-1.0,-0.005,1,SL,False
M,S1,long,RISK_ON,5,2016-08-08 00:00:00+00:00,2016-08-09 00:00:00+00:00,34.784749999999995,33.78,-0.39728827767277175,-0.0019864413883638587,1,SMA50_BREAK,False
TIF,S3,long,RISK_ON,5,2016-08-09 00:00:00+00:00,2016-09-08 00:00:00+00:00,63.47340999999999,69.01,3.181994910553782,0.01590997455276891,21,EMA_TRAIL,True
ALXN,S3,long,RISK_ON,5,2016-08-09 00:00:00+00:00,2016-08-10 00:00:00+00:00,135.135,132.7394642857143,-1.0,-0.005,1,SL,False
COF,S3,long,RISK_ON,5,2016-08-09 00:00:00+00:00,2016-08-10 00:00:00+00:00,67.84778,66.97180357142858,-1.0,-0.005,1,SL,False
HBAN,S3,long,RISK_ON,5,2016-08-10 00:00:00+00:00,2016-08-12 00:00:00+00:00,9.549539999999999,9.428749999999999,-1.0,-0.005,2,SL,False
AVB,S3,long,RISK_ON,5,2016-08-10 00:00:00+00:00,2016-08-11 00:00:00+00:00,183.92373999999998,181.28571785714286,-1.0,-0.005,1,SL,False
AGN,S3,long,RISK_ON,5,2016-08-10 00:00:00+00:00,2016-08-24 00:00:00+00:00,252.43218,245.82664285714287,-1.0,-0.005,10,SL,False
XL,S3,long,RISK_ON,5,2016-08-10 00:00:00+00:00,2016-09-16 00:00:00+00:00,33.61357999999999,33.45,-0.2847480050033285,-0.0014237400250166423,26,SMA50_BREAK,False
BEN,S3,long,RISK_ON,5,2016-08-10 00:00:00+00:00,2016-09-01 00:00:00+00:00,35.59556,35.86,1.2436186844650403,0.006218093422325202,16,EMA_TRAIL,True
LB,S3,long,RISK_ON,5,2016-08-10 00:00:00+00:00,2016-08-17 00:00:00+00:00,72.52244999999999,72.52244999999999,0.5675177301618437,0.0028375886508092184,5,STOP_AFTER_TP1,True
CTL,S3,long,RISK_ON,5,2016-08-10 00:00:00+00:00,2016-08-16 00:00:00+00:00,30.370339999999995,29.783607142857143,-1.0,-0.005,4,SL,False
ALXN,S3,long,RISK_ON,5,2016-08-10 00:00:00+00:00,2016-08-25 00:00:00+00:00,132.80266999999998,130.01982142857142,-1.0,-0.005,11,SL,False
PNC,S3,long,RISK_ON,5,2016-08-11 00:00:00+00:00,2016-09-26 00:00:00+00:00,85.5855,87.77,1.6863302966450058,0.00843165148322503,31,EMA_TRAIL,True
WFC,S3,long,RISK_ON,5,2016-08-11 00:00:00+00:00,2016-09-09 00:00:00+00:00,48.288239999999995,48.72,0.945876081755872,0.00472938040877936,20,EMA_TRAIL,True
DISCK,S3,long,RISK_ON,5,2016-08-11 00:00:00+00:00,2016-09-06 00:00:00+00:00,24.914889999999996,24.256785714285716,-1.0,-0.005,17,SL,False
RE,S3,long,RISK_ON,5,2016-08-12 00:00:00+00:00,2016-08-17 00:00:00+00:00,189.9898,188.4439285714286,-1.0,-0.005,3,SL,False
GPS,S3,long,RISK_ON,5,2016-08-12 00:00:00+00:00,2016-08-30 00:00:00+00:00,25.014989999999997,25.34,0.6255751362411512,0.0031278756812057563,12,EMA_TRAIL,True
HBAN,S3,long,RISK_ON,5,2016-08-12 00:00:00+00:00,2016-09-15 00:00:00+00:00,9.489479999999999,9.79,1.7840506993424208,0.008920253496712103,23,EMA_TRAIL,True
HUM,S3,long,RISK_ON,5,2016-08-15 00:00:00+00:00,2016-08-26 00:00:00+00:00,179.80962999999997,176.4482142857143,-1.0,-0.005,9,SL,False
RE,S3,long,RISK_ON,5,2016-08-17 00:00:00+00:00,2016-09-09 00:00:00+00:00,188.82863999999998,189.31,0.7089524307975226,0.003544762153987613,16,EMA_TRAIL,True
COF,S3,long,RISK_ON,5,2016-08-18 00:00:00+00:00,2016-08-25 00:00:00+00:00,68.27820999999999,68.27820999999999,0.28647221751071206,0.0014323610875535604,5,STOP_AFTER_TP1,True
NKE,S2,long,RISK_ON,5,2016-08-19 00:00:00+00:00,2016-09-08 00:00:00+00:00,58.95889999999999,56.17,-0.9323616009704581,-0.00466180800485229,13,SMA50_BREAK,False
HRB,S3,long,RISK_ON,5,2016-08-19 00:00:00+00:00,2016-08-31 00:00:00+00:00,24.07405,23.555,-1.0,-0.005,8,SL,False
DISCA,S3,long,RISK_ON,5,2016-08-19 00:00:00+00:00,2016-08-24 00:00:00+00:00,26.756729999999997,26.29321428571429,-1.0,-0.005,3,SL,False
NFLX,S3,long,RISK_ON,5,2016-08-19 00:00:00+00:00,2016-09-09 00:00:00+00:00,95.96587,96.5,0.5063451787953103,0.0025317258939765515,14,EMA_TRAIL,True
AAPL,S3,long,RISK_ON,5,2016-08-22 00:00:00+00:00,2016-08-25 00:00:00+00:00,108.61850999999999,107.285,-1.0,-0.005,3,SL,False
CVS,S3,long,RISK_ON,5,2016-08-23 00:00:00+00:00,2016-08-25 00:00:00+00:00,97.36726999999999,95.83068571428572,-1.0,-0.005,2,SL,False
VLO,S3,long,RISK_ON,5,2016-08-25 00:00:00+00:00,2016-08-31 00:00:00+00:00,55.075019999999995,55.075019999999995,0.26866374302284846,0.0013433187151142424,4,STOP_AFTER_TP1,True
AAPL,S3,long,RISK_ON,5,2016-08-25 00:00:00+00:00,2016-08-30 00:00:00+00:00,107.67756999999997,106.13392857142858,-1.0,-0.005,3,SL,False
LB,S3,long,RISK_ON,5,2016-08-25 00:00:00+00:00,2016-09-01 00:00:00+00:00,77.00693,75.68853214285714,-1.0,-0.005,5,SL,False
CCL,S3,long,RISK_ON,5,2016-08-25 00:00:00+00:00,2016-09-02 00:00:00+00:00,47.23718999999999,47.23718999999999,0.3399590323367372,0.001699795161683686,6,STOP_AFTER_TP1,True
HUM,S3,long,RISK_ON,5,2016-08-26 00:00:00+00:00,2016-09-15 00:00:00+00:00,177.55737999999997,174.34560714285715,-1.0,-0.005,13,SL,False
BWA,S3,long,RISK_ON,5,2016-08-29 00:00:00+00:00,2016-09-09 00:00:00+00:00,34.04400999999999,34.14,0.40230843592190846,0.0020115421796095424,8,EMA_TRAIL,True
FAST,S3,long,RISK_ON,5,2016-08-30 00:00:00+00:00,2016-08-31 00:00:00+00:00,43.793749999999996,43.24839285714286,-1.0,-0.005,1,SL,False
AME,S3,long,RISK_ON,5,2016-08-30 00:00:00+00:00,2016-08-31 00:00:00+00:00,49.659609999999994,49.036967857142855,-1.0,-0.005,1,SL,False
AME,S3,long,RISK_ON,5,2016-08-31 00:00:00+00:00,2016-09-01 00:00:00+00:00,48.79874999999999,48.349824999999996,-1.0,-0.005,1,SL,False
KSS,S3,long,RISK_ON,5,2016-08-31 00:00:00+00:00,2016-09-02 00:00:00+00:00,44.42438,43.46127857142857,-1.0,-0.005,2,SL,False
CHK,S3,long,RISK_ON,5,2016-09-01 00:00:00+00:00,2016-09-19 00:00:00+00:00,6.25625,6.81,3.2202643171806242,0.016101321585903123,11,EMA_TRAIL,True
PSX,S3,long,RISK_ON,5,2016-09-01 00:00:00+00:00,2016-09-09 00:00:00+00:00,78.36829,78.36829,0.3705490095547324,0.001852745047773662,5,STOP_AFTER_TP1,True
AME,S3,long,RISK_ON,5,2016-09-01 00:00:00+00:00,2016-09-09 00:00:00+00:00,48.828779999999995,47.952325,-1.0,-0.005,5,SL,False
FTI,S3,long,RISK_ON,5,2016-09-01 00:00:00+00:00,2016-11-28 00:00:00+00:00,27.737709999999996,33.31,6.44091146802821,0.03220455734014105,60,EMA_TRAIL,True
BEN,S3,long,RISK_ON,5,2016-09-02 00:00:00+00:00,2016-09-12 00:00:00+00:00,36.18615,35.366664285714286,-1.0,-0.005,5,SL,False
COF,S3,long,RISK_ON,5,2016-09-06 00:00:00+00:00,2016-09-12 00:00:00+00:00,71.06098999999999,71.06098999999999,0.34278762197979806,0.0017139381098989904,4,STOP_AFTER_TP1,True
NTRS,S3,long,RISK_ON,5,2016-09-07 00:00:00+00:00,2016-09-09 00:00:00+00:00,69.75968999999999,68.95750000000001,-1.0,-0.005,2,SL,False
CHK,S3,long,RISK_ON,5,2016-09-22 00:00:00+00:00,2016-09-27 00:00:00+00:00,6.876869999999999,6.370357142857142,-1.0,-0.005,3,SL,False
BWA,S3,long,RISK_ON,5,2016-09-22 00:00:00+00:00,2016-10-06 00:00:00+00:00,35.135099999999994,35.135099999999994,0.2798882444885952,0.001399441222442976,10,STOP_AFTER_TP1,True
VLO,S3,long,RISK_ON,5,2016-09-22 00:00:00+00:00,2016-09-26 00:00:00+00:00,55.65559999999999,54.35615357142857,-1.0,-0.005,2,SL,False
UAL,S3,long,RISK_ON,5,2016-09-28 00:00:00+00:00,2017-01-05 00:00:00+00:00,50.71065999999999,70.93,6.64969716511122,0.033248485825556104,68,EMA_TRAIL,True
KR,S3,long,RISK_ON,5,2016-11-18 00:00:00+00:00,2016-11-30 00:00:00+00:00,33.48345,32.05396428571429,-1.0,-0.005,7,SL,False
DHR,S3,long,RISK_ON,5,2016-11-18 00:00:00+00:00,2016-11-30 00:00:00+00:00,79.06898999999999,78.17,-0.8036762884122686,-0.004018381442061343,7,SMA50_BREAK,False
CTSH,S3,long,RISK_ON,5,2016-11-21 00:00:00+00:00,2016-11-22 00:00:00+00:00,55.1551,53.90630357142857,-1.0,-0.005,1,SL,False
XRAY,S3,long,RISK_ON,5,2016-11-23 00:00:00+00:00,2016-11-30 00:00:00+00:00,60.57050999999999,58.18,-0.8173713708491703,-0.004086856854245852,4,SMA50_BREAK,False
TPR,S3,long,RISK_ON,5,2016-11-28 00:00:00+00:00,2016-11-30 00:00:00+00:00,37.86782999999999,37.152857142857144,-1.0,-0.005,2,SL,False
LEG,S3,long,RISK_ON,5,2016-11-28 00:00:00+00:00,2016-12-01 00:00:00+00:00,48.588539999999995,48.04036071428572,-1.0,-0.005,3,SL,False
BMY,S3,long,RISK_ON,5,2016-11-29 00:00:00+00:00,2016-12-01 00:00:00+00:00,56.41635999999999,55.613710714285716,-1.0,-0.005,2,SL,False
CTSH,S3,long,RISK_ON,5,2016-11-30 00:00:00+00:00,2016-12-01 00:00:00+00:00,55.135079999999995,54.07541071428571,-1.0,-0.005,1,SL,False
SYY,S3,long,RISK_ON,5,2016-11-30 00:00:00+00:00,2016-12-01 00:00:00+00:00,53.30324999999999,52.88133928571429,-1.0,-0.005,1,SL,False
WHR,S3,long,RISK_ON,5,2016-12-01 00:00:00+00:00,2017-01-26 00:00:00+00:00,162.77261,173.94,2.621862859083881,0.013109314295419406,37,SMA50_BREAK,True
BMY,S3,long,RISK_ON,5,2016-12-02 00:00:00+00:00,2016-12-07 00:00:00+00:00,56.01595999999999,54.91513928571428,-1.0,-0.005,3,SL,False
NRG,S3,long,RISK_ON,5,2016-12-02 00:00:00+00:00,2017-02-28 00:00:00+00:00,11.25124,16.56,7.577945841880853,0.03788972920940426,58,EMA_TRAIL,True
DG,S3,long,RISK_ON,5,2016-12-05 00:00:00+00:00,2016-12-30 00:00:00+00:00,76.44637,74.07,-0.5335350349676956,-0.002667675174838478,18,SMA50_BREAK,False
DVA,S3,long,RISK_ON,5,2016-12-05 00:00:00+00:00,2016-12-14 00:00:00+00:00,64.17411,64.17411,0.2824586663427384,0.0014122933317136921,7,STOP_AFTER_TP1,True
TPR,S3,long,RISK_ON,5,2016-12-12 00:00:00+00:00,2016-12-15 00:00:00+00:00,38.11807999999999,37.56464642857143,-1.0,-0.005,3,SL,False
PNR,S3,long,RISK_ON,5,2016-12-12 00:00:00+00:00,2016-12-13 00:00:00+00:00,59.939879999999995,59.20753928571428,-1.0,-0.005,1,SL,False
LOW,S3,long,RISK_ON,5,2016-12-14 00:00:00+00:00,2016-12-16 00:00:00+00:00,73.63355999999999,72.81035714285714,-1.0,-0.005,2,SL,False
DVA,S3,long,RISK_ON,5,2016-12-15 00:00:00+00:00,2017-01-11 00:00:00+00:00,64.18412,62.724375,-1.0,-0.005,17,SL,False
F,S3,long,RISK_ON,5,2016-12-15 00:00:00+00:00,2016-12-28 00:00:00+00:00,12.592579999999998,12.34569642857143,-1.0,-0.005,8,SL,False
LOW,S3,long,RISK_ON,5,2016-12-19 00:00:00+00:00,2016-12-28 00:00:00+00:00,72.99292,71.90178571428572,-1.0,-0.005,6,SL,False
DRE,S3,long,RISK_ON,5,2016-12-19 00:00:00+00:00,2016-12-28 00:00:00+00:00,26.176149999999996,25.705535714285713,-1.0,-0.005,6,SL,False
SLG,S3,long,RISK_ON,5,2016-12-19 00:00:00+00:00,2016-12-21 00:00:00+00:00,110.22010999999999,107.54161428571429,-1.0,-0.005,2,SL,False
PSA,S3,long,RISK_ON,5,2016-12-20 00:00:00+00:00,2017-01-11 00:00:00+00:00,218.05783999999997,219.76,0.7934091048113303,0.003967045524056652,14,EMA_TRAIL,True
DLR,S3,long,RISK_ON,5,2016-12-21 00:00:00+00:00,2017-02-14 00:00:00+00:00,95.41531999999998,105.3,5.640790966038201,0.028203954830191006,36,EMA_TRAIL,True
RMD,S3,long,RISK_ON,5,2016-12-21 00:00:00+00:00,2017-01-19 00:00:00+00:00,61.68161999999999,62.9,1.4099338603422105,0.007049669301711053,18,EMA_TRAIL,True
BMY,S3,long,RISK_ON,5,2016-12-22 00:00:00+00:00,2016-12-28 00:00:00+00:00,58.81875999999999,58.81875999999999,0.4286866369025445,0.0021434331845127225,3,STOP_AFTER_TP1,True
TSCO,S3,long,RISK_ON,5,2016-12-22 00:00:00+00:00,2017-01-05 00:00:00+00:00,76.28620999999998,75.18214285714286,-1.0,-0.005,8,SL,False
EQR,S3,long,RISK_ON,5,2016-12-22 00:00:00+00:00,2017-01-11 00:00:00+00:00,63.03296999999999,63.31,0.6002417706388457,0.0030012088531942284,12,EMA_TRAIL,True
EXC,S3,long,RISK_ON,5,2016-12-23 00:00:00+00:00,2017-02-09 00:00:00+00:00,35.3353,34.69267857142857,-1.0,-0.005,31,SL,False
MAA,S3,long,RISK_ON,5,2016-12-23 00:00:00+00:00,2017-01-11 00:00:00+00:00,95.62553,95.62553,0.2974669960299458,0.001487334980149729,11,STOP_AFTER_TP1,True
LEN,S1,long,RISK_ON,5,2016-12-27 00:00:00+00:00,2017-01-31 00:00:00+00:00,42.552309799999996,43.7745,0.6153065043646793,0.0030765325218233964,23,EMA_TRAIL,True
AEP,S3,long,RISK_ON,5,2016-12-28 00:00:00+00:00,2017-01-10 00:00:00+00:00,62.452389999999994,61.861553571428566,-1.0,-0.005,8,SL,False
ES,S3,long,RISK_ON,5,2016-12-28 00:00:00+00:00,2017-01-03 00:00:00+00:00,54.774719999999995,54.774719999999995,0.5589443075912867,0.0027947215379564333,3,STOP_AFTER_TP1,True
CAH,S3,long,RISK_ON,5,2016-12-28 00:00:00+00:00,2016-12-30 00:00:00+00:00,72.62254999999999,71.88345357142857,-1.0,-0.005,2,SL,False
HSY,S3,long,RISK_ON,5,2016-12-28 00:00:00+00:00,2017-02-03 00:00:00+00:00,103.25314999999999,103.25314999999999,0.5903103133238479,0.0029515515666192395,25,STOP_AFTER_TP1,True
EQIX,S3,long,RISK_ON,5,2016-12-28 00:00:00+00:00,2017-02-15 00:00:00+00:00,354.21385999999995,380.76,4.810351059462052,0.02405175529731026,33,EMA_TRAIL,True
BMY,S3,long,RISK_ON,5,2016-12-28 00:00:00+00:00,2017-01-11 00:00:00+00:00,58.668609999999994,58.668609999999994,0.6767306021663781,0.003383653010831891,9,STOP_AFTER_TP1,True
ETR,S3,long,RISK_ON,5,2016-12-28 00:00:00+00:00,2017-01-09 00:00:00+00:00,72.06198999999998,72.06198999999998,0.8052885367547578,0.004026442683773789,7,STOP_AFTER_TP1,True
CMS,S3,long,RISK_ON,5,2016-12-28 00:00:00+00:00,2017-01-10 00:00:00+00:00,41.34129999999999,41.34129999999999,0.6403024407743392,0.003201512203871696,8,STOP_AFTER_TP1,True
DRE,S3,long,RISK_ON,5,2016-12-29 00:00:00+00:00,2017-01-12 00:00:00+00:00,26.126099999999997,26.126099999999997,0.3176201825730257,0.0015881009128651286,9,STOP_AFTER_TP1,True
CCI,S3,long,RISK_ON,5,2016-12-29 00:00:00+00:00,2017-01-06 00:00:00+00:00,87.09701,85.92447142857144,-1.0,-0.005,5,SL,False
ABC,S2,long,RISK_ON,5,2017-01-03 00:00:00+00:00,2017-03-16 00:00:00+00:00,82.69260999999999,88.0,0.9523454676746991,0.004761727338373495,50,SMA50_BREAK,False
CVS,S3,long,RISK_ON,5,2017-01-04 00:00:00+00:00,2017-01-23 00:00:00+00:00,79.82974999999999,81.25,0.9347935531045888,0.004673967765522944,12,EMA_TRAIL,True
SJM,S3,long,RISK_ON,5,2017-01-06 00:00:00+00:00,2017-01-09 00:00:00+00:00,129.16903999999997,128.01,-0.6429196881317107,-0.003214598440658554,1,SMA50_BREAK,False
PM,S3,long,RISK_ON,5,2017-01-09 00:00:00+00:00,2017-01-10 00:00:00+00:00,91.40131,90.52,-0.727460432384251,-0.003637302161921255,1,SMA50_BREAK,False
MYL,S3,long,RISK_ON,5,2017-01-10 00:00:00+00:00,2017-01-11 00:00:00+00:00,38.988949999999996,37.979425,-1.0,-0.005,1,SL,False
SRCL,S3,long,RISK_ON,5,2017-01-10 00:00:00+00:00,2017-01-27 00:00:00+00:00,78.11804,78.11804,0.8736665565883994,0.004368332782941998,12,STOP_AFTER_TP1,True
O,S3,long,RISK_ON,5,2017-01-10 00:00:00+00:00,2017-02-01 00:00:00+00:00,58.74868999999999,58.74868999999999,0.7464787298588382,0.0037323936492941914,15,STOP_AFTER_TP1,True
TSCO,S3,long,RISK_ON,5,2017-01-12 00:00:00+00:00,2017-01-18 00:00:00+00:00,76.02595,76.02595,0.5125592530360785,0.002562796265180393,3,STOP_AFTER_TP1,True
CAH,S3,long,RISK_ON,5,2017-01-12 00:00:00+00:00,2017-01-27 00:00:00+00:00,74.26418999999999,72.17684285714286,-1.0,-0.005,10,SL,False
AMGN,S3,long,RISK_ON,5,2017-01-12 00:00:00+00:00,2017-01-23 00:00:00+00:00,155.51536,153.0572107142857,-1.0,-0.005,6,SL,False
EW,S3,long,RISK_ON,5,2017-01-12 00:00:00+00:00,2017-01-19 00:00:00+00:00,97.68758999999999,95.62639642857143,-1.0,-0.005,4,SL,False
HCN,S3,long,RISK_ON,5,2017-01-12 00:00:00+00:00,2017-02-01 00:00:00+00:00,66.91684999999998,65.27,-0.903731199949828,-0.00451865599974914,13,SMA50_BREAK,False
AGN,S3,long,RISK_ON,5,2017-01-17 00:00:00+00:00,2017-03-07 00:00:00+00:00,214.99478,239.6,3.0176768608244005,0.015088384304122003,34,EMA_TRAIL,True
NEM,S3,long,RISK_ON,5,2017-01-19 00:00:00+00:00,2017-01-26 00:00:00+00:00,34.964929999999995,33.98950357142857,-1.0,-0.005,5,SL,False
NKE,S3,long,RISK_ON,5,2017-01-19 00:00:00+00:00,2017-01-30 00:00:00+00:00,52.982929999999996,52.982929999999996,0.6624710256709526,0.0033123551283547633,7,STOP_AFTER_TP1,True
EW,S3,long,RISK_ON,5,2017-01-20 00:00:00+00:00,2017-01-24 00:00:00+00:00,95.60551,93.94411071428571,-1.0,-0.005,2,SL,False
RMD,S3,long,RISK_ON,5,2017-01-20 00:00:00+00:00,2017-03-08 00:00:00+00:00,63.713649999999994,70.73,3.4668583241811746,0.017334291620905874,32,EMA_TRAIL,True
CVS,S3,long,RISK_ON,5,2017-01-24 00:00:00+00:00,2017-01-25 00:00:00+00:00,81.86178,80.29214285714285,-1.0,-0.005,1,SL,False
REG,S3,long,RISK_ON,5,2017-01-25 00:00:00+00:00,2017-01-27 00:00:00+00:00,70.22015,69.3328607142857,-1.0,-0.005,2,SL,False
ILMN,S3,long,RISK_ON,5,2017-01-26 00:00:00+00:00,2017-01-30 00:00:00+00:00,160.29012999999998,157.41302499999998,-1.0,-0.005,2,SL,False
HRL,S3,long,RISK_ON,5,2017-01-26 00:00:00+00:00,2017-02-01 00:00:00+00:00,36.19615999999999,35.72483571428571,-1.0,-0.005,4,SL,False
TRIP,S3,long,RISK_ON,5,2017-01-26 00:00:00+00:00,2017-01-30 00:00:00+00:00,52.23217999999999,51.394285714285715,-1.0,-0.005,2,SL,False
NWS,S3,long,RISK_ON,5,2017-01-26 00:00:00+00:00,2017-02-08 00:00:00+00:00,12.56255,12.371982142857142,-1.0,-0.005,9,SL,False
REG,S3,long,RISK_ON,5,2017-01-27 00:00:00+00:00,2017-01-30 00:00:00+00:00,69.51944999999999,68.66964285714286,-1.0,-0.005,1,SL,False
BXP,S3,long,RISK_ON,5,2017-01-27 00:00:00+00:00,2017-02-01 00:00:00+00:00,130.88074999999998,129.27,-0.2673975092475137,-0.0013369875462375686,3,EMA_TRAIL,True
EL,S3,long,RISK_ON,5,2017-01-27 00:00:00+00:00,2017-02-01 00:00:00+00:00,81.04095999999998,80.05267857142857,-1.0,-0.005,3,SL,False
CNC,S3,long,RISK_ON,5,2017-01-30 00:00:00+00:00,2017-03-09 00:00:00+00:00,62.812749999999994,69.56,5.355869285092252,0.026779346425461262,27,EMA_TRAIL,True
NEM,S3,long,RISK_ON,5,2017-01-30 00:00:00+00:00,2017-02-22 00:00:00+00:00,35.00496999999999,36.0,1.0930354529364248,0.005465177264682124,16,EMA_TRAIL,True
ILMN,S3,long,RISK_ON,5,2017-01-30 00:00:00+00:00,2017-03-16 00:00:00+00:00,159.43928,159.43928,0.5216052629518391,0.0026080263147591955,32,STOP_AFTER_TP1,True
VRTX,S3,long,RISK_ON,5,2017-01-30 00:00:00+00:00,2017-02-22 00:00:00+00:00,84.46437999999999,85.79,1.0113099939266588,0.005056549969633294,16,EMA_TRAIL,True
EW,S3,long,RISK_ON,5,2017-01-30 00:00:00+00:00,2017-02-02 00:00:00+00:00,96.56646999999998,94.56370357142858,-1.0,-0.005,3,SL,False
AMGN,S3,long,RISK_ON,5,2017-01-31 00:00:00+00:00,2017-03-17 00:00:00+00:00,156.83668,168.61,1.806580154292063,0.009032900771460316,32,EMA_TRAIL,True
WAT,S3,long,RISK_ON,5,2017-01-31 00:00:00+00:00,2017-03-24 00:00:00+00:00,141.79165,154.76,3.046661954116193,0.015233309770580966,37,EMA_TRAIL,True
YUM,S3,long,RISK_ON,5,2017-02-01 00:00:00+00:00,2017-02-22 00:00:00+00:00,64.93487,66.1,2.1098060193277237,0.010549030096638618,14,EMA_TRAIL,True
TRIP,S3,long,RISK_ON,5,2017-02-01 00:00:00+00:00,2017-02-14 00:00:00+00:00,51.92186999999999,50.943214285714284,-1.0,-0.005,9,SL,False
REG,S3,long,RISK_ON,5,2017-02-02 00:00:00+00:00,2017-02-15 00:00:00+00:00,69.55948999999998,69.55948999999998,0.4421322685888921,0.0022106613429444606,9,STOP_AFTER_TP1,True
SPG,S3,long,RISK_ON,5,2017-02-02 00:00:00+00:00,2017-02-07 00:00:00+00:00,183.14296,179.77235714285715,-1.0,-0.005,3,SL,False
HRL,S3,long,RISK_ON,5,2017-02-02 00:00:00+00:00,2017-02-23 00:00:00+00:00,36.00597,36.00597,0.2764154820773036,0.001382077410386518,14,STOP_AFTER_TP1,True
LLY,S3,long,RISK_ON,5,2017-02-03 00:00:00+00:00,2017-02-14 00:00:00+00:00,77.30722999999999,77.30722999999999,0.2945989029099677,0.0014729945145498385,7,STOP_AFTER_TP1,True
O,S3,long,RISK_ON,5,2017-02-06 00:00:00+00:00,2017-02-15 00:00:00+00:00,59.879819999999995,59.879819999999995,0.27282243952848645,0.0013641121976424324,7,STOP_AFTER_TP1,True
UHS,S3,long,RISK_ON,5,2017-02-06 00:00:00+00:00,2017-03-10 00:00:00+00:00,113.01289999999999,121.82,5.89436135936302,0.029471806796815103,23,EMA_TRAIL,True
ZBH,S3,long,RISK_ON,5,2017-02-06 00:00:00+00:00,2017-02-17 00:00:00+00:00,117.35723999999998,115.77428571428572,-1.0,-0.005,9,SL,False
NWSA,S3,long,RISK_ON,5,2017-02-06 00:00:00+00:00,2017-02-08 00:00:00+00:00,12.23222,12.060714285714285,-1.0,-0.005,2,SL,False
MDT,S3,long,RISK_ON,5,2017-02-08 00:00:00+00:00,2017-03-21 00:00:00+00:00,75.67559999999999,81.12,6.305882895822199,0.03152941447911099,28,EMA_TRAIL,True
EL,S3,long,RISK_ON,5,2017-02-08 00:00:00+00:00,2017-02-16 00:00:00+00:00,82.57248999999999,82.57248999999999,0.3687997811157837,0.0018439989055789186,6,STOP_AFTER_TP1,True
AVY,S3,long,RISK_ON,5,2017-02-10 00:00:00+00:00,2017-03-14 00:00:00+00:00,79.34926999999999,79.88,0.49829324120169716,0.002491466206008486,21,EMA_TRAIL,True
CAH,S3,long,RISK_ON,5,2017-02-10 00:00:00+00:00,2017-03-21 00:00:00+00:00,77.4774,81.45,2.2485516595830872,0.011242758297915436,26,EMA_TRAIL,True
CCI,S3,long,RISK_ON,5,2017-02-10 00:00:00+00:00,2017-03-08 00:00:00+00:00,87.64756,90.61,2.013024252468672,0.01006512126234336,17,EMA_TRAIL,True
TSN,S3,long,RISK_ON,5,2017-02-10 00:00:00+00:00,2017-02-16 00:00:00+00:00,65.12505999999999,63.98401071428571,-1.0,-0.005,4,SL,False
NWSA,S2,long,RISK_ON,5,2017-02-10 00:00:00+00:00,2017-03-09 00:00:00+00:00,13.303289999999997,12.41,-0.6136118533579697,-0.0030680592667898486,18,SMA50_BREAK,False
O,S3,long,RISK_ON,5,2017-02-15 00:00:00+00:00,2017-03-01 00:00:00+00:00,60.38031999999999,60.38031999999999,0.39803168635164354,0.001990158431758218,9,STOP_AFTER_TP1,True
MYL,S2,long,RISK_ON,5,2017-02-15 00:00:00+00:00,2017-03-29 00:00:00+00:00,42.48243999999999,40.35,-0.5333799283423064,-0.002666899641711532,29,SMA50_BREAK,False
ZBH,S3,long,RISK_ON,5,2017-02-17 00:00:00+00:00,2017-04-05 00:00:00+00:00,116.98687,120.18,1.3290281910079624,0.006645140955039812,32,EMA_TRAIL,True
TSN,S3,long,RISK_ON,5,2017-02-17 00:00:00+00:00,2017-02-22 00:00:00+00:00,65.32526,63.09626071428571,-1.0,-0.005,2,SL,False
ATVI,S3,long,RISK_ON,5,2017-02-22 00:00:00+00:00,2017-04-12 00:00:00+00:00,45.27522999999999,48.64,1.9943721910671077,0.009971860955335539,35,EMA_TRAIL,True
K,S3,long,RISK_ON,5,2017-02-22 00:00:00+00:00,2017-03-21 00:00:00+00:00,74.56448999999999,73.6,-0.6652520327766778,-0.003326260163883389,19,SMA50_BREAK,False
CERN,S3,long,RISK_ON,5,2017-02-23 00:00:00+00:00,2017-02-24 00:00:00+00:00,55.445389999999996,54.48605357142858,-1.0,-0.005,1,SL,False
EL,S3,long,RISK_ON,5,2017-02-23 00:00:00+00:00,2017-02-24 00:00:00+00:00,84.10401999999999,83.285,-1.0,-0.005,1,SL,False
NWS,S3,long,RISK_ON,5,2017-02-23 00:00:00+00:00,2017-02-28 00:00:00+00:00,13.513499999999999,13.20267857142857,-1.0,-0.005,3,SL,False
EL,S3,long,RISK_ON,5,2017-02-24 00:00:00+00:00,2017-03-03 00:00:00+00:00,83.83375,82.3769642857143,-1.0,-0.005,5,SL,False
ARNC,S3,long,RISK_ON,5,2017-02-24 00:00:00+00:00,2017-03-03 00:00:00+00:00,29.34932,28.29517857142857,-0.7012350832114784,-0.0035061754160573924,5,SL,False
NLSN,S3,long,RISK_ON,5,2017-02-27 00:00:00+00:00,2017-02-28 00:00:00+00:00,44.76472,44.22625,-1.0,-0.005,1,SL,False
PKI,S3,long,RISK_ON,5,2017-02-27 00:00:00+00:00,2017-02-28 00:00:00+00:00,55.04499,54.302321428571425,-1.0,-0.005,1,SL,False
TMO,S3,long,RISK_ON,5,2017-02-28 00:00:00+00:00,2017-03-06 00:00:00+00:00,157.83767999999998,157.83767999999998,0.45350640863598835,0.002267532043179942,4,STOP_AFTER_TP1,True
CERN,S3,long,RISK_ON,5,2017-02-28 00:00:00+00:00,2017-03-08 00:00:00+00:00,55.09503999999999,54.10041785714286,-1.0,-0.005,6,SL,False
M,S3,long,RISK_ON,5,2017-02-28 00:00:00+00:00,2017-03-03 00:00:00+00:00,33.25321999999999,32.18785714285714,-1.0,-0.005,3,SL,False
NWS,S3,long,RISK_ON,5,2017-02-28 00:00:00+00:00,2017-03-07 00:00:00+00:00,13.213199999999997,12.917857142857143,-1.0,-0.005,5,SL,False
HCP,S3,long,RISK_ON,5,2017-03-02 00:00:00+00:00,2017-03-06 00:00:00+00:00,32.142109999999995,31.49517857142857,-1.0,-0.005,2,SL,False
TDG,S3,long,RISK_ON,5,2017-03-02 00:00:00+00:00,2017-03-06 00:00:00+00:00,248.85861,245.88484285714287,-1.0,-0.005,2,SL,False
STZ,S3,long,RISK_ON,5,2017-03-02 00:00:00+00:00,2017-03-07 00:00:00+00:00,158.58843,156.5572535714286,-1.0,-0.005,3,SL,False
IFF,S3,long,RISK_ON,5,2017-03-03 00:00:00+00:00,2017-03-09 00:00:00+00:00,125.25512999999998,123.22250000000001,-1.0,-0.005,4,SL,False
VTR,S3,long,RISK_ON,5,2017-03-03 00:00:00+00:00,2017-03-08 00:00:00+00:00,63.72365999999999,62.15348214285714,-1.0,-0.005,3,SL,False
NLSN,S3,long,RISK_ON,5,2017-03-03 00:00:00+00:00,2017-03-06 00:00:00+00:00,44.814769999999996,44.26839285714286,-1.0,-0.005,1,SL,False
CAG,S3,long,RISK_ON,5,2017-03-03 00:00:00+00:00,2017-03-08 00:00:00+00:00,41.19114999999999,40.58607142857143,-1.0,-0.005,3,SL,False
KSU,S3,long,RISK_ON,5,2017-03-06 00:00:00+00:00,2017-03-09 00:00:00+00:00,89.37929,87.895025,-1.0,-0.005,3,SL,False
CVS,S3,long,RISK_ON,5,2017-03-06 00:00:00+00:00,2017-03-13 00:00:00+00:00,80.93084999999999,80.05005714285716,-1.0,-0.005,5,SL,False
NLSN,S3,long,RISK_ON,5,2017-03-06 00:00:00+00:00,2017-03-10 00:00:00+00:00,44.444399999999995,43.93053571428571,-1.0,-0.005,4,SL,False
FE,S3,long,RISK_ON,5,2017-03-06 00:00:00+00:00,2017-03-08 00:00:00+00:00,31.351319999999998,30.833575,-1.0,-0.005,2,SL,False
GPS,S3,long,RISK_ON,5,2017-03-06 00:00:00+00:00,2017-03-13 00:00:00+00:00,24.414389999999997,23.61677142857143,-1.0,-0.005,5,SL,False
BIIB,S3,long,RISK_ON,5,2017-03-07 00:00:00+00:00,2017-03-16 00:00:00+00:00,291.3911,287.54328214285715,-1.0,-0.005,7,SL,False
PDCO,S3,long,RISK_ON,5,2017-03-07 00:00:00+00:00,2017-03-22 00:00:00+00:00,44.19414999999999,44.19414999999999,0.5991753746911846,0.0029958768734559232,11,STOP_AFTER_TP1,True
WLTW,S3,long,RISK_ON,5,2017-03-07 00:00:00+00:00,2017-04-06 00:00:00+00:00,127.75762999999998,127.75762999999998,0.6294510935232582,0.003147255467616291,22,STOP_AFTER_TP1,True
STZ,S3,long,RISK_ON,5,2017-03-07 00:00:00+00:00,2017-04-05 00:00:00+00:00,157.36721,161.4,1.8520527532916564,0.009260263766458282,21,EMA_TRAIL,True
EFX,S3,long,RISK_ON,5,2017-03-07 00:00:00+00:00,2017-04-13 00:00:00+00:00,131.50136999999998,134.86,2.4984488060426213,0.012492244030213108,27,EMA_TRAIL,True
XRX,S3,long,RISK_ON,5,2017-03-08 00:00:00+00:00,2017-03-14 00:00:00+00:00,29.789759999999998,28.88285714285714,-1.0,-0.005,4,SL,False
PYPL,S3,long,RISK_ON,5,2017-03-08 00:00:00+00:00,2017-03-13 00:00:00+00:00,42.832789999999996,42.832789999999996,0.2919797491705185,0.0014598987458525926,3,STOP_AFTER_TP1,True
EL,S3,long,RISK_ON,5,2017-03-08 00:00:00+00:00,2017-03-31 00:00:00+00:00,83.01293,84.79,1.6598373507116837,0.008299186753558419,17,EMA_TRAIL,True
NWL,S3,long,RISK_ON,5,2017-03-08 00:00:00+00:00,2017-03-23 00:00:00+00:00,48.79874999999999,47.607321428571424,-1.0,-0.005,11,SL,False
AMT,S3,long,RISK_ON,5,2017-03-08 00:00:00+00:00,2017-06-12 00:00:00+00:00,113.35323999999999,129.18,10.642393175212117,0.053211965876060585,66,EMA_TRAIL,True
CERN,S3,long,RISK_ON,5,2017-03-09 00:00:00+00:00,2017-04-18 00:00:00+00:00,54.824769999999994,58.31,2.357691067969557,0.011788455339847785,27,EMA_TRAIL,True
IFF,S3,long,RISK_ON,5,2017-03-09 00:00:00+00:00,2017-05-09 00:00:00+00:00,123.78365999999998,128.98,4.716673787589414,0.02358336893794707,42,SMA50_BREAK,True
FE,S3,long,RISK_ON,5,2017-03-10 00:00:00+00:00,2017-04-19 00:00:00+00:00,31.291259999999998,30.85,-0.5705435348792499,-0.0028527176743962496,27,SMA50_BREAK,False
VFC,S3,long,RISK_ON,5,2017-03-10 00:00:00+00:00,2017-03-21 00:00:00+00:00,52.982929999999996,52.982929999999996,0.30778166587897143,0.0015389083293948572,7,STOP_AFTER_TP1,True
CAG,S3,long,RISK_ON,5,2017-03-13 00:00:00+00:00,2017-03-21 00:00:00+00:00,41.06102,40.533928571428575,-1.0,-0.005,6,SL,False
MNST,S3,long,RISK_ON,5,2017-03-13 00:00:00+00:00,2017-04-04 00:00:00+00:00,46.47642999999999,45.47892857142857,-1.0,-0.005,16,SL,False
KO,S3,long,RISK_ON,5,2017-03-13 00:00:00+00:00,2017-03-23 00:00:00+00:00,42.07203,42.07203,0.4045883806349515,0.0020229419031747575,8,STOP_AFTER_TP1,True
WYNN,S2,long,RISK_ON,5,2017-03-13 00:00:00+00:00,2017-05-19 00:00:00+00:00,104.40429999999999,121.73,2.439411652063106,0.01219705826031553,48,EMA_TRAIL,True
CA,S3,long,RISK_ON,5,2017-03-14 00:00:00+00:00,2017-03-21 00:00:00+00:00,32.36232999999999,31.90803571428571,-1.0,-0.005,5,SL,False
PYPL,S3,long,RISK_ON,5,2017-03-15 00:00:00+00:00,2017-04-03 00:00:00+00:00,42.43239,42.63,0.4115294138794447,0.0020576470693972233,13,EMA_TRAIL,True
SBAC,S3,long,RISK_ON,5,2017-03-16 00:00:00+00:00,2017-03-27 00:00:00+00:00,116.25613999999999,116.25613999999999,0.3234672368837901,0.0016173361844189504,7,STOP_AFTER_TP1,True
REGN,S3,long,RISK_ON,5,2017-03-16 00:00:00+00:00,2017-03-17 00:00:00+00:00,392.98258999999996,384.8441071428572,-1.0,-0.005,1,SL,False
REGN,S3,long,RISK_ON,5,2017-03-20 00:00:00+00:00,2017-03-23 00:00:00+00:00,382.40201999999994,365.87964285714287,-1.0,-0.005,3,SL,False
ORLY,S3,long,RISK_ON,5,2017-03-20 00:00:00+00:00,2017-03-22 00:00:00+00:00,273.35308,270.0126821428571,-1.0,-0.005,2,SL,False
EW,S3,long,RISK_ON,5,2017-03-20 00:00:00+00:00,2017-03-21 00:00:00+00:00,94.17407999999999,92.86,-0.33434950299525695,-0.0016717475149762848,1,SMA50_BREAK,False
QCOM,S3,long,RISK_ON,5,2017-03-20 00:00:00+00:00,2017-03-21 00:00:00+00:00,57.86781,57.13070357142857,-1.0,-0.005,1,SL,False
SO,S3,long,RISK_ON,5,2017-03-20 00:00:00+00:00,2017-03-23 00:00:00+00:00,50.43038,50.43038,0.31756192511669984,0.0015878096255834992,3,STOP_AFTER_TP1,True
PVH,S3,long,RISK_ON,5,2017-03-20 00:00:00+00:00,2017-03-21 00:00:00+00:00,93.67357999999999,91.90785714285715,-1.0,-0.005,1,SL,False
ABBV,S3,long,RISK_ON,5,2017-03-22 00:00:00+00:00,2017-04-11 00:00:00+00:00,65.58551999999999,64.5944642857143,-1.0,-0.005,14,SL,False
DRE,S3,long,RISK_ON,5,2017-03-22 00:00:00+00:00,2017-03-27 00:00:00+00:00,25.755729999999996,25.755729999999996,0.2855738288719587,0.0014278691443597934,3,STOP_AFTER_TP1,True
VFC,S3,long,RISK_ON,5,2017-03-22 00:00:00+00:00,2017-04-04 00:00:00+00:00,53.14309,53.94,0.7861387033184186,0.003930693516592093,9,EMA_TRAIL,True
ORLY,S3,long,RISK_ON,5,2017-03-22 00:00:00+00:00,2017-04-03 00:00:00+00:00,271.67139999999995,267.17500357142853,-1.0,-0.005,8,SL,False
KO,S3,long,RISK_ON,5,2017-03-23 00:00:00+00:00,2017-06-22 00:00:00+00:00,42.21217,45.07,6.327260249421954,0.03163630124710977,63,EMA_TRAIL,True
EXPE,S3,long,RISK_ON,5,2017-03-23 00:00:00+00:00,2017-04-03 00:00:00+00:00,127.16703999999999,125.219425,-1.0,-0.005,7,SL,False
EW,S3,long,RISK_ON,5,2017-03-23 00:00:00+00:00,2017-06-12 00:00:00+00:00,94.39429999999999,114.39,4.4524422232128416,0.022262211116064207,55,EMA_TRAIL,True
SO,S3,long,RISK_ON,5,2017-03-24 00:00:00+00:00,2017-03-29 00:00:00+00:00,50.47042,49.839417857142855,-1.0,-0.005,3,SL,False
PDCO,S3,long,RISK_ON,5,2017-03-28 00:00:00+00:00,2017-04-12 00:00:00+00:00,45.06502,43.95920357142857,-1.0,-0.005,11,SL,False
VAR,S3,long,RISK_ON,5,2017-03-29 00:00:00+00:00,2017-04-11 00:00:00+00:00,91.23114,90.00082142857143,-1.0,-0.005,9,SL,False
HRB,S3,long,RISK_ON,5,2017-03-30 00:00:00+00:00,2017-05-17 00:00:00+00:00,23.213189999999997,25.08,2.0432274451410812,0.010216137225705406,33,EMA_TRAIL,True
REGN,S3,long,RISK_ON,5,2017-03-31 00:00:00+00:00,2017-04-05 00:00:00+00:00,387.89750999999995,376.9932178571429,-1.0,-0.005,3,SL,False
CTXS,S3,long,RISK_ON,5,2017-04-03 00:00:00+00:00,2017-04-27 00:00:00+00:00,83.52344,82.08648571428571,-1.0,-0.005,17,SL,False
PVH,S3,long,RISK_ON,5,2017-04-04 00:00:00+00:00,2017-04-13 00:00:00+00:00,101.88177999999999,99.90803571428572,-1.0,-0.005,7,SL,False
WMB,S3,long,RISK_ON,5,2017-04-24 00:00:00+00:00,2017-05-04 00:00:00+00:00,30.00998,30.00998,0.41915167428998645,0.0020957583714499325,8,STOP_AFTER_TP1,True
JWN,S3,long,RISK_ON,5,2017-04-24 00:00:00+00:00,2017-05-11 00:00:00+00:00,47.27722999999999,47.27722999999999,0.33283425192190774,0.0016641712596095388,13,STOP_AFTER_TP1,True
COP,S3,long,RISK_ON,5,2017-04-26 00:00:00+00:00,2017-04-27 00:00:00+00:00,48.38834,47.34357142857142,-1.0,-0.005,1,SL,False
NAVI,S3,long,RISK_ON,5,2017-04-27 00:00:00+00:00,2017-04-28 00:00:00+00:00,15.555539999999997,15.29375,-1.0,-0.005,1,SL,False
PVH,S3,long,RISK_ON,5,2017-04-28 00:00:00+00:00,2017-05-12 00:00:00+00:00,101.13103,99.19571785714285,-1.0,-0.005,10,SL,False
VMC,S3,long,RISK_ON,5,2017-04-28 00:00:00+00:00,2017-05-17 00:00:00+00:00,121.00087999999998,124.9,1.6514941143400848,0.008257470571700424,13,EMA_TRAIL,True
TROW,S3,long,RISK_ON,5,2017-05-02 00:00:00+00:00,2017-05-17 00:00:00+00:00,71.45137999999999,69.82285714285715,-1.0,-0.005,11,SL,False
NAVI,S3,long,RISK_ON,5,2017-05-02 00:00:00+00:00,2017-05-05 00:00:00+00:00,15.425409999999998,14.973392857142857,-1.0,-0.005,3,SL,False
DLTR,S3,long,RISK_ON,5,2017-05-05 00:00:00+00:00,2017-05-11 00:00:00+00:00,82.082,82.082,0.31939228094871536,0.0015969614047435768,4,STOP_AFTER_TP1,True
AAL,S3,long,RISK_ON,5,2017-05-05 00:00:00+00:00,2017-05-17 00:00:00+00:00,44.55450999999999,44.92,0.5985665737838368,0.002992832868919184,8,EMA_TRAIL,True
WHR,S3,long,RISK_ON,5,2017-05-10 00:00:00+00:00,2017-05-18 00:00:00+00:00,185.43524999999997,181.74162857142858,-1.0,-0.005,6,SL,False
APD,S3,long,RISK_ON,5,2017-05-11 00:00:00+00:00,2017-05-18 00:00:00+00:00,144.00386,142.30343214285713,-1.0,-0.005,5,SL,False
DLTR,S3,long,RISK_ON,5,2017-05-11 00:00:00+00:00,2017-05-12 00:00:00+00:00,81.57148999999998,80.46119285714286,-1.0,-0.005,1,SL,False
LKQ,S3,long,RISK_ON,5,2017-05-11 00:00:00+00:00,2017-07-06 00:00:00+00:00,31.06103,31.39,1.155862488795587,0.005779312443977935,38,SMA50_BREAK,True
CTXS,S3,long,RISK_ON,5,2017-05-12 00:00:00+00:00,2017-05-16 00:00:00+00:00,86.00591999999999,85.05321428571429,-1.0,-0.005,2,SL,False
TRIP,S3,long,RISK_ON,5,2017-05-12 00:00:00+00:00,2017-05-17 00:00:00+00:00,46.29624999999999,44.76976428571428,-1.0,-0.005,3,SL,False
SYY,S3,long,RISK_ON,5,2017-05-12 00:00:00+00:00,2017-06-16 00:00:00+00:00,54.003949999999996,53.347142857142856,-1.0,-0.005,24,SL,False
DLTR,S3,long,RISK_ON,5,2017-05-12 00:00:00+00:00,2017-05-16 00:00:00+00:00,81.37129,79.66012142857143,-1.0,-0.005,2,SL,False
AAL,S3,long,RISK_ON,5,2017-05-19 00:00:00+00:00,2017-06-20 00:00:00+00:00,45.26521999999999,48.03,1.7335981585993214,0.008667990792996608,21,EMA_TRAIL,True
APD,S3,long,RISK_ON,5,2017-05-19 00:00:00+00:00,2017-06-29 00:00:00+00:00,143.24309999999997,141.77,-0.5360082545177568,-0.002680041272588784,28,SMA50_BREAK,False
COTY,S3,long,RISK_ON,5,2017-05-19 00:00:00+00:00,2017-06-30 00:00:00+00:00,18.768749999999997,18.76,-0.010263929618763214,-5.131964809381607e-05,29,SMA50_BREAK,False
DAL,S3,long,RISK_ON,5,2017-05-22 00:00:00+00:00,2017-05-31 00:00:00+00:00,48.538489999999996,48.538489999999996,0.4594245123804606,0.0022971225619023033,6,STOP_AFTER_TP1,True
TROW,S3,long,RISK_ON,5,2017-05-23 00:00:00+00:00,2017-05-24 00:00:00+00:00,71.13105999999999,69.94017857142858,-1.0,-0.005,1,SL,False
QCOM,S3,long,RISK_ON,5,2017-05-26 00:00:00+00:00,2017-06-09 00:00:00+00:00,57.57752,56.888442857142856,-1.0,-0.005,9,SL,False
KMX,S3,long,RISK_ON,5,2017-05-30 00:00:00+00:00,2017-05-31 00:00:00+00:00,63.603539999999995,62.62392857142857,-1.0,-0.005,1,SL,False
UAL,S3,long,RISK_ON,5,2017-05-31 00:00:00+00:00,2017-06-07 00:00:00+00:00,79.74967,79.74967,0.3551491346282529,0.0017757456731412647,5,STOP_AFTER_TP1,True
ALK,S3,long,RISK_ON,5,2017-06-14 00:00:00+00:00,2017-06-27 00:00:00+00:00,89.25917,89.25917,0.41982077440420296,0.002099103872021015,9,STOP_AFTER_TP1,True
UPS,S3,long,RISK_ON,5,2017-06-20 00:00:00+00:00,2017-06-21 00:00:00+00:00,109.71960999999999,108.92866071428571,-1.0,-0.005,1,SL,False
UPS,S3,long,RISK_ON,5,2017-06-21 00:00:00+00:00,2017-07-06 00:00:00+00:00,109.29918999999998,109.29918999999998,0.6056351796101294,0.003028175898050647,10,STOP_AFTER_TP1,True
GM,S3,long,RISK_ON,5,2017-06-22 00:00:00+00:00,2017-07-25 00:00:00+00:00,34.22418999999999,35.57,1.880747065711431,0.009403735328557155,22,EMA_TRAIL,True
LB,S3,long,RISK_ON,5,2017-06-22 00:00:00+00:00,2017-07-06 00:00:00+00:00,52.902849999999994,52.902849999999994,0.2957130811338726,0.0014785654056693632,9,STOP_AFTER_TP1,True
SEE,S3,long,RISK_ON,5,2017-06-22 00:00:00+00:00,2017-06-29 00:00:00+00:00,44.96492,44.96492,0.3721558256518798,0.001860779128259399,5,STOP_AFTER_TP1,True
HBI,S3,long,RISK_ON,5,2017-06-22 00:00:00+00:00,2017-07-31 00:00:00+00:00,22.272249999999996,22.92,1.0553698971234016,0.005276849485617008,26,EMA_TRAIL,True
IP,S3,long,RISK_ON,5,2017-06-27 00:00:00+00:00,2017-06-28 00:00:00+00:00,56.23617999999999,55.78660714285714,-1.0,-0.005,1,SL,False
UA,S3,long,RISK_ON,5,2017-06-27 00:00:00+00:00,2017-07-06 00:00:00+00:00,19.919899999999995,19.215535714285714,-1.0,-0.005,6,SL,False
RHI,S3,long,RISK_ON,5,2017-06-27 00:00:00+00:00,2017-07-18 00:00:00+00:00,47.577529999999996,48.33,1.4043600648530827,0.007021800324265414,14,EMA_TRAIL,True
BIIB,S3,long,RISK_ON,5,2017-06-29 00:00:00+00:00,2017-08-10 00:00:00+00:00,272.15187999999995,281.15,1.4780858366820515,0.007390429183410258,29,EMA_TRAIL,True
IP,S3,long,RISK_ON,5,2017-06-29 00:00:00+00:00,2017-07-21 00:00:00+00:00,55.735679999999995,56.64,1.5354960710000918,0.007677480355000459,15,EMA_TRAIL,True
ESRX,S3,long,RISK_ON,5,2017-06-29 00:00:00+00:00,2017-07-06 00:00:00+00:00,63.953889999999994,62.944964285714285,-1.0,-0.005,4,SL,False
GGP,S3,long,RISK_ON,5,2017-06-29 00:00:00+00:00,2017-06-30 00:00:00+00:00,23.833809999999996,23.540535714285713,-1.0,-0.005,1,SL,False
SEE,S3,long,RISK_ON,5,2017-06-29 00:00:00+00:00,2017-07-24 00:00:00+00:00,44.91486999999999,45.3,0.8543889158965663,0.004271944579482831,16,EMA_TRAIL,True
SYF,S3,long,RISK_ON,5,2017-06-30 00:00:00+00:00,2017-07-11 00:00:00+00:00,29.849819999999998,29.007514285714286,-1.0,-0.005,6,SL,False
UAA,S3,long,RISK_ON,5,2017-06-30 00:00:00+00:00,2017-07-06 00:00:00+00:00,21.78176,20.625889285714287,-1.0,-0.005,3,SL,False
COF,S3,long,RISK_ON,5,2017-07-05 00:00:00+00:00,2017-07-11 00:00:00+00:00,82.78269999999999,81.33928571428571,-1.0,-0.005,4,SL,False
PBCT,S3,long,RISK_ON,5,2017-07-07 00:00:00+00:00,2017-07-14 00:00:00+00:00,17.87786,17.57089642857143,-1.0,-0.005,5,SL,False
SIG,S3,long,RISK_ON,5,2017-07-07 00:00:00+00:00,2017-07-11 00:00:00+00:00,62.102039999999995,59.68289285714286,-1.0,-0.005,2,SL,False
RF,S3,long,RISK_ON,5,2017-07-07 00:00:00+00:00,2017-07-19 00:00:00+00:00,14.704689999999998,14.397499999999999,-1.0,-0.005,8,SL,False
GS,S3,long,RISK_ON,5,2017-07-07 00:00:00+00:00,2017-07-14 00:00:00+00:00,225.50527999999997,225.50527999999997,0.4693441018986149,0.0023467205094930745,5,STOP_AFTER_TP1,True
DFS,S3,long,RISK_ON,5,2017-07-07 00:00:00+00:00,2017-07-11 00:00:00+00:00,61.431369999999994,60.57099642857143,-1.0,-0.005,2,SL,False
FITB,S3,long,RISK_ON,5,2017-07-10 00:00:00+00:00,2017-07-12 00:00:00+00:00,26.366339999999997,25.936310714285714,-1.0,-0.005,2,SL,False
HBAN,S3,long,RISK_ON,5,2017-07-10 00:00:00+00:00,2017-07-21 00:00:00+00:00,13.703689999999998,13.440178571428572,-1.0,-0.005,9,SL,False
WFC,S3,long,RISK_ON,5,2017-07-10 00:00:00+00:00,2017-07-12 00:00:00+00:00,55.64559,54.798249999999996,-1.0,-0.005,2,SL,False
BBT,S3,long,RISK_ON,5,2017-07-10 00:00:00+00:00,2017-07-14 00:00:00+00:00,45.39534999999999,44.81071428571429,-1.0,-0.005,4,SL,False
JBHT,S3,long,RISK_ON,5,2017-07-11 00:00:00+00:00,2017-07-17 00:00:00+00:00,91.56146999999999,90.39578928571429,-1.0,-0.005,4,SL,False
STI,S3,long,RISK_ON,5,2017-07-11 00:00:00+00:00,2017-07-12 00:00:00+00:00,57.237179999999995,56.67803571428571,-1.0,-0.005,1,SL,False
DFS,S3,long,RISK_ON,5,2017-07-12 00:00:00+00:00,2017-07-27 00:00:00+00:00,61.201139999999995,61.201139999999995,0.5013108060716699,0.0025065540303583493,11,STOP_AFTER_TP1,True
FITB,S3,long,RISK_ON,5,2017-07-12 00:00:00+00:00,2017-07-18 00:00:00+00:00,26.136109999999995,25.636310714285713,-1.0,-0.005,4,SL,False
COF,S3,long,RISK_ON,5,2017-07-12 00:00:00+00:00,2017-08-10 00:00:00+00:00,82.28219999999999,83.06,0.5262548571886461,0.0026312742859432303,21,EMA_TRAIL,True
STI,S3,long,RISK_ON,5,2017-07-12 00:00:00+00:00,2017-07-18 00:00:00+00:00,57.127069999999996,56.13839285714286,-1.0,-0.005,4,SL,False
WFC,S3,long,RISK_ON,5,2017-07-12 00:00:00+00:00,2017-07-14 00:00:00+00:00,55.22517,54.151875000000004,-1.0,-0.005,2,SL,False
SYF,S3,long,RISK_ON,5,2017-07-12 00:00:00+00:00,2017-08-03 00:00:00+00:00,29.359329999999996,29.91,0.8903702316435169,0.004451851158217585,16,EMA_TRAIL,True
PRGO,S3,long,RISK_ON,5,2017-07-13 00:00:00+00:00,2017-07-18 00:00:00+00:00,74.02395,71.9682107142857,-1.0,-0.005,3,SL,False
KMX,S3,long,RISK_ON,5,2017-07-14 00:00:00+00:00,2017-08-08 00:00:00+00:00,64.48442,64.87,0.5862858029359892,0.002931429014679946,17,EMA_TRAIL,True
CF,S3,long,RISK_ON,5,2017-07-17 00:00:00+00:00,2017-07-26 00:00:00+00:00,29.299269999999996,29.299269999999996,0.394822829770378,0.0019741141488518904,7,STOP_AFTER_TP1,True
BBT,S3,long,RISK_ON,5,2017-07-17 00:00:00+00:00,2017-08-10 00:00:00+00:00,44.95490999999999,46.68,2.2230332321213693,0.011115166160606847,18,EMA_TRAIL,True
NKE,S3,long,RISK_ON,5,2017-07-17 00:00:00+00:00,2017-08-15 00:00:00+00:00,57.847789999999996,58.56,1.3710744560138939,0.0068553722800694696,21,EMA_TRAIL,True
PBCT,S3,long,RISK_ON,5,2017-07-17 00:00:00+00:00,2017-07-28 00:00:00+00:00,17.757739999999995,17.30767857142857,-1.0,-0.005,9,SL,False
LNC,S3,long,RISK_ON,5,2017-07-18 00:00:00+00:00,2017-08-10 00:00:00+00:00,70.40033,71.76,1.2178967718015998,0.006089483859007999,17,EMA_TRAIL,True
LYB,S3,long,RISK_ON,5,2017-07-18 00:00:00+00:00,2017-08-11 00:00:00+00:00,85.33524999999999,87.19,1.5003978031415561,0.007501989015707781,18,EMA_TRAIL,True
AYI,S3,long,RISK_ON,5,2017-07-18 00:00:00+00:00,2017-07-26 00:00:00+00:00,201.95174999999998,201.95174999999998,0.31526175579235716,0.001576308778961786,6,STOP_AFTER_TP1,True
PWR,S3,long,RISK_ON,5,2017-07-18 00:00:00+00:00,2017-08-16 00:00:00+00:00,33.11308,34.27,1.7378075554948929,0.008689037777474465,21,EMA_TRAIL,True
JBHT,S3,long,RISK_ON,5,2017-07-19 00:00:00+00:00,2017-07-27 00:00:00+00:00,91.79169999999999,90.25025357142857,-1.0,-0.005,6,SL,False
URI,S2,long,RISK_ON,5,2017-07-20 00:00:00+00:00,2017-08-02 00:00:00+00:00,122.66253999999999,114.66482142857143,-1.0,-0.005,9,SL,False
F,S3,long,RISK_ON,5,2017-07-21 00:00:00+00:00,2017-07-24 00:00:00+00:00,11.541529999999998,11.365535714285715,-1.0,-0.005,1,SL,False
FCX,S3,long,RISK_ON,5,2017-07-24 00:00:00+00:00,2017-08-11 00:00:00+00:00,12.972959999999999,13.96,2.074281013330232,0.01037140506665116,14,EMA_TRAIL,True
KSS,S3,long,RISK_ON,5,2017-07-24 00:00:00+00:00,2017-08-10 00:00:00+00:00,39.399359999999994,39.399359999999994,0.5836396981532559,0.0029181984907662795,13,STOP_AFTER_TP1,True
AYI,S3,long,RISK_ON,5,2017-07-26 00:00:00+00:00,2017-08-01 00:00:00+00:00,203.15294999999998,200.09339285714285,-1.0,-0.005,4,SL,False
FITB,S3,long,RISK_ON,5,2017-07-27 00:00:00+00:00,2017-08-10 00:00:00+00:00,26.16614,26.38,1.0521068428113436,0.005260534214056718,10,EMA_TRAIL,True
GM,S3,long,RISK_ON,5,2017-07-28 00:00:00+00:00,2017-08-01 00:00:00+00:00,35.80577,35.14546428571429,-1.0,-0.005,2,SL,False
GPS,S3,long,RISK_ON,5,2017-07-28 00:00:00+00:00,2017-08-01 00:00:00+00:00,23.813789999999997,23.272035714285714,-1.0,-0.005,2,SL,False
KMI,S3,long,RISK_ON,5,2017-07-28 00:00:00+00:00,2017-08-08 00:00:00+00:00,20.420399999999997,19.934589285714285,-1.0,-0.005,7,SL,False
MOS,S3,long,RISK_ON,5,2017-07-31 00:00:00+00:00,2017-08-01 00:00:00+00:00,24.164139999999996,23.59263214285714,-1.0,-0.005,1,SL,False
KIM,S3,long,RISK_ON,5,2017-08-01 00:00:00+00:00,2017-08-15 00:00:00+00:00,20.34032,19.554289285714283,-1.0,-0.005,10,SL,False
TAP,S3,long,RISK_ON,5,2017-08-04 00:00:00+00:00,2017-08-18 00:00:00+00:00,90.60051,89.44035714285715,-1.0,-0.005,10,SL,False
HPE,S3,long,RISK_ON,5,2017-08-07 00:00:00+00:00,2017-08-10 00:00:00+00:00,17.647629999999996,17.139107142857142,-1.0,-0.005,3,SL,False
SYF,S3,long,RISK_ON,5,2017-08-07 00:00:00+00:00,2017-08-10 00:00:00+00:00,30.430399999999995,29.438035714285714,-1.0,-0.005,3,SL,False
M,S3,long,RISK_ON,5,2017-08-08 00:00:00+00:00,2017-08-10 00:00:00+00:00,23.543519999999997,22.674464285714286,-1.0,-0.005,2,SL,False
ADM,S3,long,RISK_ON,5,2017-08-08 00:00:00+00:00,2017-08-11 00:00:00+00:00,42.282239999999994,41.785250000000005,-1.0,-0.005,3,SL,False
HPE,S3,long,RISK_ON,5,2017-08-14 00:00:00+00:00,2017-08-29 00:00:00+00:00,17.597579999999997,17.597579999999997,0.2800015604561346,0.001400007802280673,11,STOP_AFTER_TP1,True
VZ,S3,long,RISK_ON,5,2017-08-15 00:00:00+00:00,2017-08-18 00:00:00+00:00,48.528479999999995,47.683035714285715,-1.0,-0.005,3,SL,False
TRIP,S3,long,RISK_ON,5,2017-08-15 00:00:00+00:00,2017-08-17 00:00:00+00:00,40.70065999999999,39.74870357142857,-1.0,-0.005,2,SL,False
WBA,S3,long,RISK_ON,5,2017-08-15 00:00:00+00:00,2017-08-18 00:00:00+00:00,81.21112999999998,80.34233571428572,-1.0,-0.005,3,SL,False
T,S3,long,RISK_ON,5,2017-08-16 00:00:00+00:00,2017-08-17 00:00:00+00:00,38.268229999999996,37.72125,-1.0,-0.005,1,SL,False
ADM,S3,long,RISK_ON,5,2017-08-16 00:00:00+00:00,2017-08-17 00:00:00+00:00,42.19214999999999,41.67,-0.4682179777871648,-0.002341089888935824,1,SMA50_BREAK,False
T,S3,long,RISK_ON,5,2017-08-22 00:00:00+00:00,2017-08-24 00:00:00+00:00,38.017979999999994,37.68,-0.4098778436308368,-0.002049389218154184,2,SMA50_BREAK,False
RL,S3,long,RISK_ON,5,2017-08-22 00:00:00+00:00,2017-09-21 00:00:00+00:00,85.40531999999999,88.48,1.420907473156356,0.00710453736578178,21,EMA_TRAIL,True
KORS,S3,long,RISK_ON,5,2017-08-22 00:00:00+00:00,2017-11-02 00:00:00+00:00,41.84179999999999,47.93,5.4377515398128375,0.02718875769906419,51,EMA_TRAIL,True
VZ,S3,long,RISK_ON,5,2017-08-22 00:00:00+00:00,2017-09-05 00:00:00+00:00,48.39834999999999,47.40607142857143,-1.0,-0.005,9,SL,False
COST,S3,long,RISK_ON,5,2017-08-22 00:00:00+00:00,2017-08-24 00:00:00+00:00,158.85869999999997,154.787125,-1.0,-0.005,2,SL,False
K,S3,long,RISK_ON,5,2017-08-22 00:00:00+00:00,2017-08-24 00:00:00+00:00,70.07,69.17678571428571,-1.0,-0.005,2,SL,False
ROST,S3,long,RISK_ON,5,2017-09-01 00:00:00+00:00,2017-10-12 00:00:00+00:00,58.978919999999995,63.28,2.161470041884356,0.01080735020942178,28,EMA_TRAIL,True
TJX,S3,long,RISK_ON,5,2017-09-08 00:00:00+00:00,2017-09-20 00:00:00+00:00,72.46239,72.46239,0.3133598811736312,0.0015667994058681562,8,STOP_AFTER_TP1,True
XEC,S3,long,RISK_ON,5,2017-09-11 00:00:00+00:00,2017-10-24 00:00:00+00:00,100.42031999999998,113.35,4.369987825747234,0.02184993912873617,31,EMA_TRAIL,True
COST,S3,long,RISK_ON,5,2017-09-11 00:00:00+00:00,2017-10-06 00:00:00+00:00,157.51736,157.51736,0.26898331100006256,0.0013449165550003129,19,STOP_AFTER_TP1,True
PSA,S3,long,RISK_ON,5,2017-09-13 00:00:00+00:00,2017-10-24 00:00:00+00:00,208.94874,210.11,0.2451492679663935,0.0012257463398319675,29,SMA50_BREAK,False
TSCO,S3,long,RISK_ON,5,2017-09-19 00:00:00+00:00,2017-09-20 00:00:00+00:00,61.311249999999994,60.129978571428566,-1.0,-0.005,1,SL,False
TSCO,S3,long,RISK_ON,5,2017-09-20 00:00:00+00:00,2017-10-06 00:00:00+00:00,60.67060999999999,61.05,0.8881110311182302,0.004440555155591151,12,EMA_TRAIL,True
HST,S3,long,RISK_ON,5,2017-09-22 00:00:00+00:00,2017-09-28 00:00:00+00:00,18.348329999999997,18.348329999999997,0.2732243365325968,0.0013661216826629842,4,STOP_AFTER_TP1,True
KLAC,S3,long,RISK_ON,5,2017-09-26 00:00:00+00:00,2017-11-01 00:00:00+00:00,99.26916999999999,105.15,2.504593367621915,0.012522966838109575,26,EMA_TRAIL,True
AKAM,S3,long,RISK_ON,5,2017-09-27 00:00:00+00:00,2017-09-28 00:00:00+00:00,47.79774999999999,47.08295357142857,-1.0,-0.005,1,SL,False
CVS,S3,long,RISK_ON,5,2017-09-27 00:00:00+00:00,2017-10-04 00:00:00+00:00,81.55147,80.04721428571428,-1.0,-0.005,5,SL,False
IBM,S3,long,RISK_ON,5,2017-09-27 00:00:00+00:00,2017-09-28 00:00:00+00:00,145.80566,144.34710714285714,-1.0,-0.005,1,SL,False
NOV,S3,long,RISK_ON,5,2017-09-28 00:00:00+00:00,2017-10-03 00:00:00+00:00,35.565529999999995,34.98710357142857,-1.0,-0.005,3,SL,False
ARNC,S3,long,RISK_ON,5,2017-09-28 00:00:00+00:00,2017-09-29 00:00:00+00:00,26.046019999999995,25.753575,-1.0,-0.005,1,SL,False
FLS,S3,long,RISK_ON,5,2017-09-29 00:00:00+00:00,2017-10-02 00:00:00+00:00,42.63259,41.82,-1.0,-0.005,1,SL,False
IBM,S3,long,RISK_ON,5,2017-09-29 00:00:00+00:00,2017-11-03 00:00:00+00:00,145.22508,151.58,4.660170294550587,0.02330085147275294,25,EMA_TRAIL,True
COP,S3,long,RISK_ON,5,2017-09-29 00:00:00+00:00,2017-10-06 00:00:00+00:00,50.10004999999999,48.73129642857143,-1.0,-0.005,5,SL,False
HAL,S3,long,RISK_ON,5,2017-10-02 00:00:00+00:00,2017-10-06 00:00:00+00:00,45.57552999999999,44.35803214285715,-1.0,-0.005,4,SL,False
HOG,S3,long,RISK_ON,5,2017-10-02 00:00:00+00:00,2017-10-05 00:00:00+00:00,48.59854999999999,47.41898928571428,-1.0,-0.005,3,SL,False
HES,S3,long,RISK_ON,5,2017-10-02 00:00:00+00:00,2017-10-06 00:00:00+00:00,46.33628999999999,45.04517857142857,-1.0,-0.005,4,SL,False
MRO,S3,long,RISK_ON,5,2017-10-02 00:00:00+00:00,2017-11-14 00:00:00+00:00,13.603589999999999,14.84,1.635240802825984,0.00817620401412992,31,EMA_TRAIL,True
FTI,S3,long,RISK_ON,5,2017-10-02 00:00:00+00:00,2017-10-11 00:00:00+00:00,27.687659999999997,27.13214285714286,-1.0,-0.005,7,SL,False
JCI,S3,long,RISK_ON,5,2017-10-03 00:00:00+00:00,2017-10-18 00:00:00+00:00,40.51046999999999,40.66,0.5056427926601414,0.0025282139633007075,11,EMA_TRAIL,True
ORLY,S3,long,RISK_ON,5,2017-10-03 00:00:00+00:00,2017-10-04 00:00:00+00:00,214.16394999999997,210.72068214285713,-1.0,-0.005,1,SL,False
HP,S3,long,RISK_ON,5,2017-10-04 00:00:00+00:00,2017-11-14 00:00:00+00:00,51.19114,54.38,1.38903471449747,0.00694517357248735,29,EMA_TRAIL,True
ORLY,S3,long,RISK_ON,5,2017-10-04 00:00:00+00:00,2017-10-12 00:00:00+00:00,212.37215999999998,207.16032499999997,-1.0,-0.005,6,SL,False
CHK,S3,long,RISK_ON,5,2017-10-04 00:00:00+00:00,2017-10-06 00:00:00+00:00,4.274269999999999,4.152571428571429,-1.0,-0.005,2,SL,False
CHK,S3,long,RISK_ON,5,2017-10-06 00:00:00+00:00,2017-10-10 00:00:00+00:00,4.2042,4.045428571428571,-1.0,-0.005,2,SL,False
RRC,S3,long,RISK_ON,5,2017-10-06 00:00:00+00:00,2017-10-12 00:00:00+00:00,20.009989999999995,19.563057142857144,-1.0,-0.005,4,SL,False
NBL,S3,long,RISK_ON,5,2017-10-06 00:00:00+00:00,2017-10-10 00:00:00+00:00,28.338309999999996,27.89464285714286,-1.0,-0.005,2,SL,False
DVA,S3,long,RISK_ON,5,2017-10-06 00:00:00+00:00,2017-10-09 00:00:00+00:00,59.879819999999995,58.908649999999994,-1.0,-0.005,1,SL,False
STX,S3,long,RISK_ON,5,2017-10-06 00:00:00+00:00,2017-10-10 00:00:00+00:00,33.823789999999995,33.823789999999995,0.29550280837256016,0.0014775140418628009,2,STOP_AFTER_TP1,True
APA,S3,long,RISK_ON,5,2017-10-06 00:00:00+00:00,2017-10-10 00:00:00+00:00,45.21516999999999,44.115775,-1.0,-0.005,2,SL,False
PXD,S3,long,RISK_ON,5,2017-10-06 00:00:00+00:00,2017-10-12 00:00:00+00:00,150.62046999999998,147.50734285714287,-1.0,-0.005,4,SL,False
FLR,S3,long,RISK_ON,5,2017-10-09 00:00:00+00:00,2018-02-05 00:00:00+00:00,42.63259,56.25,25.070460583087605,0.12535230291543803,81,EMA_TRAIL,True
LB,S3,long,RISK_ON,5,2017-10-09 00:00:00+00:00,2017-10-11 00:00:00+00:00,42.21217,42.21217,0.34314088227542167,0.0017157044113771083,2,STOP_AFTER_TP1,True
NFX,S3,long,RISK_ON,5,2017-10-09 00:00:00+00:00,2017-10-13 00:00:00+00:00,30.019989999999996,29.504107142857144,-1.0,-0.005,4,SL,False
HAL,S3,long,RISK_ON,5,2017-10-09 00:00:00+00:00,2017-10-18 00:00:00+00:00,44.97492999999999,43.85839285714285,-1.0,-0.005,7,SL,False
APC,S3,long,RISK_ON,5,2017-10-09 00:00:00+00:00,2017-10-12 00:00:00+00:00,48.90886,47.67965714285714,-1.0,-0.005,3,SL,False
LUV,S3,long,RISK_ON,5,2017-10-09 00:00:00+00:00,2017-10-19 00:00:00+00:00,57.71765999999999,57.71765999999999,0.701892336357145,0.003509461681785725,8,STOP_AFTER_TP1,True
NBL,S3,long,RISK_ON,5,2017-10-10 00:00:00+00:00,2017-10-12 00:00:00+00:00,27.567539999999997,27.154821428571427,-1.0,-0.005,2,SL,False
LB,S3,long,RISK_ON,5,2017-10-11 00:00:00+00:00,2017-10-12 00:00:00+00:00,41.89185,40.84930357142857,-1.0,-0.005,1,SL,False
UTX,S3,long,RISK_ON,5,2017-10-11 00:00:00+00:00,2017-11-09 00:00:00+00:00,117.86774999999999,118.37,0.6437392484978055,0.0032186962424890276,21,EMA_TRAIL,True
STX,S3,long,RISK_ON,5,2017-10-11 00:00:00+00:00,2018-02-05 00:00:00+00:00,33.5335,49.65,19.19718867963882,0.0959859433981941,79,EMA_TRAIL,True
RRC,S3,long,RISK_ON,5,2017-10-12 00:00:00+00:00,2017-10-18 00:00:00+00:00,19.819799999999997,18.998771428571427,-1.0,-0.005,4,SL,False
APC,S3,long,RISK_ON,5,2017-10-12 00:00:00+00:00,2017-10-26 00:00:00+00:00,47.77772999999999,46.86644285714286,-1.0,-0.005,10,SL,False
MOS,S3,long,RISK_ON,5,2017-10-12 00:00:00+00:00,2017-10-17 00:00:00+00:00,21.25123,21.25123,0.4458231387626703,0.0022291156938133517,3,STOP_AFTER_TP1,True
LB,S3,long,RISK_ON,5,2017-10-12 00:00:00+00:00,2018-01-03 00:00:00+00:00,41.47143,58.16,7.595023306929859,0.03797511653464929,56,EMA_TRAIL,True
HES,S3,long,RISK_ON,5,2017-10-13 00:00:00+00:00,2017-10-25 00:00:00+00:00,45.03499,42.82357142857143,-1.0,-0.005,8,SL,False
ORLY,S3,long,RISK_ON,5,2017-10-13 00:00:00+00:00,2017-10-24 00:00:00+00:00,209.92971999999997,203.62227857142855,-1.0,-0.005,7,SL,False
LEG,S3,long,RISK_ON,5,2017-10-16 00:00:00+00:00,2017-10-25 00:00:00+00:00,47.83778999999999,47.83778999999999,0.5307212142519233,0.0026536060712596165,7,STOP_AFTER_TP1,True
NBL,S3,long,RISK_ON,5,2017-10-16 00:00:00+00:00,2017-10-25 00:00:00+00:00,27.927899999999994,26.80642857142857,-1.0,-0.005,7,SL,False
ARNC,S3,long,RISK_ON,5,2017-10-16 00:00:00+00:00,2017-10-19 00:00:00+00:00,27.19717,26.659314285714284,-1.0,-0.005,3,SL,False
MAC,S3,long,RISK_ON,5,2017-10-16 00:00:00+00:00,2017-10-24 00:00:00+00:00,57.62756999999999,56.47625,-1.0,-0.005,6,SL,False
VNO,S3,long,RISK_ON,5,2017-10-17 00:00:00+00:00,2017-10-18 00:00:00+00:00,78.35828,77.70285714285716,-1.0,-0.005,1,SL,False
MO,S3,long,RISK_ON,5,2017-10-18 00:00:00+00:00,2017-10-19 00:00:00+00:00,64.87481,64.05936785714286,-1.0,-0.005,1,SL,False
NFX,S3,long,RISK_ON,5,2017-10-18 00:00:00+00:00,2017-10-19 00:00:00+00:00,29.679649999999995,29.208157142857143,-1.0,-0.005,1,SL,False
IPG,S3,long,RISK_ON,5,2017-10-18 00:00:00+00:00,2017-10-19 00:00:00+00:00,21.25123,20.752321428571427,-1.0,-0.005,1,SL,False
ARNC,S3,long,RISK_ON,5,2017-10-19 00:00:00+00:00,2017-10-23 00:00:00+00:00,26.706679999999995,26.02645714285714,-1.0,-0.005,2,SL,False
MO,S3,long,RISK_ON,5,2017-10-19 00:00:00+00:00,2017-10-25 00:00:00+00:00,64.43437,63.44115357142857,-1.0,-0.005,4,SL,False
HAS,S3,long,RISK_ON,5,2017-10-19 00:00:00+00:00,2017-10-23 00:00:00+00:00,96.76666999999999,96.76666999999999,0.5240282100536844,0.002620141050268422,2,STOP_AFTER_TP1,True
ALK,S3,long,RISK_ON,5,2017-10-20 00:00:00+00:00,2017-10-25 00:00:00+00:00,79.76968999999998,76.50067857142858,-1.0,-0.005,3,SL,False
FTI,S5,long,RISK_ON,5,2017-10-20 00:00:00+00:00,2017-10-23 00:00:00+00:00,24.984959999999997,24.99,0.011077896957976712,5.5389484789883565e-05,1,SMA50_BREAK,False
KMB,S5,long,RISK_ON,5,2017-10-20 00:00:00+00:00,2017-10-23 00:00:00+00:00,113.55343999999998,112.53,-0.31749931749931287,-0.0015874965874965643,1,SMA50_BREAK,False
LUV,S3,long,RISK_ON,5,2017-10-23 00:00:00+00:00,2017-10-25 00:00:00+00:00,58.81875999999999,58.041360714285716,-1.0,-0.005,2,SL,False
FLS,S3,long,RISK_ON,5,2017-10-23 00:00:00+00:00,2017-10-25 00:00:00+00:00,44.65460999999999,44.24169642857143,-1.0,-0.005,2,SL,False
MAC,S3,long,RISK_ON,5,2017-10-24 00:00:00+00:00,2017-10-25 00:00:00+00:00,56.756699999999995,55.86313571428571,-1.0,-0.005,1,SL,False
ADS,S3,long,RISK_ON,5,2017-10-25 00:00:00+00:00,2017-10-27 00:00:00+00:00,236.16592999999997,231.02071428571426,-1.0,-0.005,2,SL,False
FLS,S3,long,RISK_ON,5,2017-10-25 00:00:00+00:00,2017-11-02 00:00:00+00:00,44.47443,43.657871428571426,-1.0,-0.005,6,SL,False
MKC,S3,long,RISK_ON,5,2017-10-26 00:00:00+00:00,2017-11-03 00:00:00+00:00,99.13904,97.52571428571429,-1.0,-0.005,6,SL,False
MYL,S3,long,RISK_ON,5,2017-10-26 00:00:00+00:00,2017-10-31 00:00:00+00:00,38.60856999999999,37.84182142857143,-1.0,-0.005,3,SL,False
HES,S1,long,RISK_ON,5,2017-10-27 00:00:00+00:00,2017-11-14 00:00:00+00:00,43.58353999999999,44.91,0.7089303491884476,0.003544651745942238,12,EMA_TRAIL,True
AIZ,S3,long,RISK_ON,5,2017-10-27 00:00:00+00:00,2017-11-02 00:00:00+00:00,100.15005,100.15005,0.4685544458228988,0.002342772229114494,4,STOP_AFTER_TP1,True
ADS,S3,long,RISK_ON,5,2017-10-27 00:00:00+00:00,2017-10-30 00:00:00+00:00,232.06183,226.0625,-1.0,-0.005,1,SL,False
SNA,S3,long,RISK_ON,5,2017-10-30 00:00:00+00:00,2017-12-14 00:00:00+00:00,157.24709,165.5,2.744199816656529,0.013720999083282646,32,EMA_TRAIL,True
XRAY,S3,long,RISK_ON,5,2017-10-31 00:00:00+00:00,2017-12-04 00:00:00+00:00,61.131069999999994,65.75,3.7018066364158173,0.018509033182079086,23,EMA_TRAIL,True
MO,S3,long,RISK_ON,5,2017-11-01 00:00:00+00:00,2017-11-06 00:00:00+00:00,64.76469999999999,63.34995714285714,-1.0,-0.005,3,SL,False
DRI,S3,long,RISK_ON,5,2017-11-08 00:00:00+00:00,2017-11-21 00:00:00+00:00,82.20212,80.68075,-1.0,-0.005,9,SL,False
VMC,S3,long,RISK_ON,5,2017-11-09 00:00:00+00:00,2017-11-27 00:00:00+00:00,124.80467999999999,120.66333571428571,-1.0,-0.005,11,SL,False
SBUX,S3,long,RISK_ON,5,2017-11-14 00:00:00+00:00,2017-11-27 00:00:00+00:00,56.986929999999994,55.91321428571428,-1.0,-0.005,8,SL,False
AVB,S3,long,RISK_ON,5,2017-11-15 00:00:00+00:00,2017-11-27 00:00:00+00:00,184.87469,182.98250000000002,-1.0,-0.005,7,SL,False
HOLX,S3,long,RISK_ON,5,2017-11-15 00:00:00+00:00,2018-01-19 00:00:00+00:00,39.289249999999996,43.46,5.38111369266155,0.02690556846330775,43,EMA_TRAIL,True
MOS,S3,long,RISK_ON,5,2017-11-16 00:00:00+00:00,2018-01-16 00:00:00+00:00,22.50248,25.68,4.9516890383238845,0.024758445191619422,39,EMA_TRAIL,True
PXD,S3,long,RISK_ON,5,2017-11-22 00:00:00+00:00,2017-11-27 00:00:00+00:00,154.23408,149.49071785714284,-1.0,-0.005,2,SL,False
VTR,S3,long,RISK_ON,5,2017-11-24 00:00:00+00:00,2017-11-27 00:00:00+00:00,64.74468,63.86,-0.8905564000166821,-0.0044527820000834105,1,SMA50_BREAK,False
ESRX,S3,long,RISK_ON,5,2017-11-24 00:00:00+00:00,2018-02-01 00:00:00+00:00,61.24117999999999,78.1,10.167306846526408,0.05083653423263204,46,EMA_TRAIL,True
KHC,S3,long,RISK_ON,5,2017-11-24 00:00:00+00:00,2017-11-28 00:00:00+00:00,79.83976,78.95911428571429,-1.0,-0.005,2,SL,False
DIS,S3,long,RISK_ON,5,2017-11-24 00:00:00+00:00,2017-12-27 00:00:00+00:00,102.74264,107.64,4.081691239402036,0.02040845619701018,22,EMA_TRAIL,True
MDLZ,S3,long,RISK_ON,5,2017-11-24 00:00:00+00:00,2017-12-29 00:00:00+00:00,42.19214999999999,42.8,1.421975001561763,0.007109875007808815,24,EMA_TRAIL,True
MO,S3,long,RISK_ON,5,2017-11-24 00:00:00+00:00,2017-11-28 00:00:00+00:00,65.54548,64.60035357142857,-1.0,-0.005,2,SL,False
SBUX,S3,long,RISK_ON,5,2017-11-28 00:00:00+00:00,2017-12-01 00:00:00+00:00,56.71665999999999,56.71665999999999,0.3244225687290665,0.0016221128436453326,3,STOP_AFTER_TP1,True
MGM,S3,long,RISK_ON,5,2017-11-28 00:00:00+00:00,2017-12-06 00:00:00+00:00,33.283249999999995,33.283249999999995,0.5458464903546852,0.0027292324517734262,6,STOP_AFTER_TP1,True
MO,S2,long,RISK_ON,5,2017-11-28 00:00:00+00:00,2018-01-02 00:00:00+00:00,66.4664,70.74,2.4229254340944224,0.012114627170472111,23,EMA_TRAIL,True
HCP,S3,long,RISK_ON,5,2017-11-29 00:00:00+00:00,2017-11-30 00:00:00+00:00,26.926899999999996,26.44,-0.6743367034010616,-0.003371683517005308,1,SMA50_BREAK,False
GGP,S3,long,RISK_ON,5,2017-11-29 00:00:00+00:00,2018-01-16 00:00:00+00:00,23.423399999999997,23.08,-0.6161535898290309,-0.0030807679491451547,31,SMA50_BREAK,False
CHK,S1,long,RISK_ON,5,2017-11-29 00:00:00+00:00,2017-12-04 00:00:00+00:00,4.054049999999999,3.95,-0.39451732767118874,-0.0019725866383559438,3,SMA50_BREAK,False
CAG,S2,long,RISK_ON,5,2017-11-29 00:00:00+00:00,2018-02-02 00:00:00+00:00,37.2372,36.71,-0.24019434758342822,-0.0012009717379171411,44,SMA50_BREAK,False
COTY,S3,long,RISK_ON,5,2017-12-01 00:00:00+00:00,2018-01-29 00:00:00+00:00,17.06705,19.7,3.5848320265107505,0.017924160132553754,38,EMA_TRAIL,True
KHC,S3,long,RISK_ON,5,2017-12-05 00:00:00+00:00,2017-12-07 00:00:00+00:00,80.72063999999999,79.88161071428571,-1.0,-0.005,2,SL,False
AAP,S3,long,RISK_ON,5,2017-12-06 00:00:00+00:00,2018-02-02 00:00:00+00:00,97.59749999999998,113.93,7.394610729367555,0.03697305364683778,39,EMA_TRAIL,True
WBA,S3,long,RISK_ON,5,2017-12-06 00:00:00+00:00,2017-12-07 00:00:00+00:00,71.12104999999998,69.61,-0.7278185089744316,-0.003639092544872158,1,SMA50_BREAK,False
FL,S3,long,RISK_ON,5,2017-12-07 00:00:00+00:00,2018-02-02 00:00:00+00:00,43.26322,48.38,2.0359928493475627,0.010179964246737814,38,EMA_TRAIL,True
SJM,S3,long,RISK_ON,5,2017-12-11 00:00:00+00:00,2018-02-01 00:00:00+00:00,117.37725999999999,126.03,3.7285694992467895,0.018642847496233947,35,EMA_TRAIL,True
TPR,S3,long,RISK_ON,5,2017-12-11 00:00:00+00:00,2018-02-02 00:00:00+00:00,41.43138999999999,45.96,4.873019593774732,0.02436509796887366,36,EMA_TRAIL,True
HRB,S3,long,RISK_ON,5,2017-12-11 00:00:00+00:00,2017-12-22 00:00:00+00:00,27.527499999999996,26.565392857142857,-1.0,-0.005,9,SL,False
JWN,S3,long,RISK_ON,5,2017-12-11 00:00:00+00:00,2018-01-25 00:00:00+00:00,45.88584,49.5,1.560292881535445,0.0078014644076772255,30,EMA_TRAIL,True
ULTA,S3,long,RISK_ON,5,2017-12-11 00:00:00+00:00,2017-12-12 00:00:00+00:00,216.35613999999995,211.15677857142856,-1.0,-0.005,1,SL,False
OMC,S3,long,RISK_ON,5,2017-12-12 00:00:00+00:00,2018-01-02 00:00:00+00:00,74.58451,72.54224285714285,-1.0,-0.005,13,SL,False
WBA,S3,long,RISK_ON,5,2017-12-12 00:00:00+00:00,2017-12-14 00:00:00+00:00,72.08201,70.09187857142858,-1.0,-0.005,2,SL,False
GT,S3,long,RISK_ON,5,2017-12-13 00:00:00+00:00,2017-12-14 00:00:00+00:00,31.801769999999998,31.3,-0.6612254656490831,-0.003306127328245416,1,SMA50_BREAK,False
IDXX,S3,long,RISK_ON,5,2017-12-13 00:00:00+00:00,2017-12-14 00:00:00+00:00,158.35819999999998,155.48284642857143,-1.0,-0.005,1,SL,False
ABC,S2,long,RISK_ON,5,2017-12-14 00:00:00+00:00,2018-01-31 00:00:00+00:00,89.39930999999999,99.67,2.938366983592691,0.014691834917963456,31,EMA_TRAIL,True
ULTA,S3,long,RISK_ON,5,2017-12-14 00:00:00+00:00,2018-01-23 00:00:00+00:00,217.38716999999997,228.79,1.3096177595898995,0.006548088797949498,25,EMA_TRAIL,True
M,S3,long,RISK_ON,5,2017-12-14 00:00:00+00:00,2018-01-04 00:00:00+00:00,24.8248,24.8248,0.5519857772043604,0.002759928886021802,13,STOP_AFTER_TP1,True
CMG,S3,long,RISK_ON,5,2017-12-18 00:00:00+00:00,2017-12-20 00:00:00+00:00,313.73341999999997,307.04859642857144,-1.0,-0.005,2,SL,False
EFX,S3,long,RISK_ON,5,2017-12-18 00:00:00+00:00,2017-12-21 00:00:00+00:00,118.44832999999998,118.44832999999998,0.3076010008373987,0.0015380050041869937,3,STOP_AFTER_TP1,True
DGX,S3,long,RISK_ON,5,2017-12-19 00:00:00+00:00,2018-02-02 00:00:00+00:00,99.57947999999999,103.11,1.5419982432221526,0.007709991216110763,30,EMA_TRAIL,True
IPG,S3,long,RISK_ON,5,2017-12-19 00:00:00+00:00,2018-01-02 00:00:00+00:00,20.41039,19.93705,-1.0,-0.005,8,SL,False
NAVI,S3,long,RISK_ON,5,2017-12-20 00:00:00+00:00,2018-01-18 00:00:00+00:00,13.103089999999998,13.35,0.9578622128691767,0.004789311064345884,18,EMA_TRAIL,True
CMCSA,S3,long,RISK_ON,5,2017-12-20 00:00:00+00:00,2018-02-02 00:00:00+00:00,39.41938,41.11,1.4184304722023617,0.007092152361011809,29,EMA_TRAIL,True
IDXX,S3,long,RISK_ON,5,2017-12-20 00:00:00+00:00,2017-12-21 00:00:00+00:00,158.83867999999998,157.28,-0.3504881194891683,-0.0017524405974458416,1,SMA50_BREAK,False
BEN,S3,long,RISK_ON,5,2017-12-21 00:00:00+00:00,2018-01-02 00:00:00+00:00,43.88384,43.129464285714285,-1.0,-0.005,6,SL,False
IT,S3,long,RISK_ON,5,2017-12-21 00:00:00+00:00,2018-02-05 00:00:00+00:00,123.14301999999998,128.25,4.813522200095325,0.024067611000476625,29,EMA_TRAIL,True
IDXX,S3,long,RISK_ON,5,2017-12-22 00:00:00+00:00,2017-12-26 00:00:00+00:00,157.80765,157.07,-0.16566060678003633,-0.0008283030339001817,1,SMA50_BREAK,False
CAH,S3,long,RISK_ON,5,2017-12-22 00:00:00+00:00,2017-12-28 00:00:00+00:00,62.55248999999999,61.591428571428565,-1.0,-0.005,3,SL,False
MCK,S3,long,RISK_ON,5,2017-12-22 00:00:00+00:00,2018-01-03 00:00:00+00:00,158.59843999999998,155.67821428571426,-1.0,-0.005,6,SL,False
SRCL,S3,long,RISK_ON,5,2017-12-26 00:00:00+00:00,2018-02-05 00:00:00+00:00,67.90784,70.72,2.2818640704109616,0.011409320352054808,27,EMA_TRAIL,True
HPE,S3,long,RISK_ON,5,2017-12-26 00:00:00+00:00,2017-12-28 00:00:00+00:00,14.754739999999998,14.560714285714285,-1.0,-0.005,2,SL,False
EFX,S3,long,RISK_ON,5,2017-12-26 00:00:00+00:00,2018-01-30 00:00:00+00:00,119.09898,123.08,1.8214662967625532,0.009107331483812766,23,EMA_TRAIL,True
VIAB,S3,long,RISK_ON,5,2017-12-27 00:00:00+00:00,2018-01-03 00:00:00+00:00,31.010979999999996,30.139692857142855,-1.0,-0.005,4,SL,False
WBA,S3,long,RISK_ON,5,2017-12-27 00:00:00+00:00,2018-01-04 00:00:00+00:00,72.93285999999999,72.93285999999999,0.31345299074875527,0.0015672649537437763,5,STOP_AFTER_TP1,True
UHS,S3,long,RISK_ON,5,2017-12-27 00:00:00+00:00,2018-01-04 00:00:00+00:00,114.27415999999998,112.26714285714286,-1.0,-0.005,5,SL,False
CBS,S3,long,RISK_ON,5,2017-12-27 00:00:00+00:00,2018-01-02 00:00:00+00:00,59.34928999999999,58.44035714285714,-1.0,-0.005,3,SL,False
DISCA,S3,long,RISK_ON,5,2017-12-28 00:00:00+00:00,2018-01-04 00:00:00+00:00,22.57255,21.914471428571428,-1.0,-0.005,4,SL,False
DISCK,S3,long,RISK_ON,5,2017-12-28 00:00:00+00:00,2018-01-05 00:00:00+00:00,21.30128,20.692685714285716,-1.0,-0.005,5,SL,False
CSRA,S3,long,RISK_ON,5,2017-12-28 00:00:00+00:00,2018-02-05 00:00:00+00:00,30.080049999999996,30.96,2.090822297214311,0.010454111486071557,25,EMA_TRAIL,True
CAH,S3,long,RISK_ON,5,2017-12-28 00:00:00+00:00,2018-02-01 00:00:00+00:00,62.20213999999999,69.06,5.286513823305321,0.026432569116526607,23,EMA_TRAIL,True
LUV,S3,long,RISK_ON,5,2017-12-28 00:00:00+00:00,2018-01-03 00:00:00+00:00,65.93587,65.08124285714287,-1.0,-0.005,3,SL,False
HBI,S3,long,RISK_ON,5,2017-12-28 00:00:00+00:00,2018-01-30 00:00:00+00:00,21.051029999999997,21.75,1.2864134657224422,0.006432067328612211,21,EMA_TRAIL,True
HPE,S3,long,RISK_ON,5,2017-12-28 00:00:00+00:00,2017-12-29 00:00:00+00:00,14.624609999999997,14.449285714285715,-1.0,-0.005,1,SL,False
GT,S3,long,RISK_ON,5,2017-12-29 00:00:00+00:00,2018-01-02 00:00:00+00:00,32.34231,32.062782142857145,-1.0,-0.005,1,SL,False
KMI,S3,long,RISK_ON,5,2017-12-29 00:00:00+00:00,2018-01-25 00:00:00+00:00,18.08807,18.82,3.71004940799228,0.0185502470399614,17,EMA_TRAIL,True
ALK,S3,long,RISK_ON,5,2017-12-29 00:00:00+00:00,2018-01-08 00:00:00+00:00,73.58351,72.71614642857143,-1.0,-0.005,5,SL,False
HPE,S3,long,RISK_ON,5,2018-01-02 00:00:00+00:00,2018-02-05 00:00:00+00:00,14.624609999999997,15.66,2.1285551763367687,0.010642775881683844,23,EMA_TRAIL,True
CBS,S3,long,RISK_ON,5,2018-01-02 00:00:00+00:00,2018-01-04 00:00:00+00:00,59.229169999999996,57.68156071428571,-1.0,-0.005,2,SL,False
K,S3,long,RISK_ON,5,2018-01-03 00:00:00+00:00,2018-01-10 00:00:00+00:00,67.71764999999999,67.71764999999999,0.4449814709829558,0.0022249073549147793,5,STOP_AFTER_TP1,True
AYI,S3,long,RISK_ON,5,2018-01-03 00:00:00+00:00,2018-01-09 00:00:00+00:00,177.81763999999995,177.81763999999995,0.2849713019131356,0.001424856509565678,4,STOP_AFTER_TP1,True
CTL,S3,long,RISK_ON,5,2018-01-03 00:00:00+00:00,2018-02-05 00:00:00+00:00,17.097079999999995,17.097079999999995,0.3772014034396119,0.0018860070171980595,22,STOP_AFTER_TP1,True
MRK,S3,long,RISK_ON,5,2018-01-09 00:00:00+00:00,2018-01-31 00:00:00+00:00,56.85679999999999,59.25,4.0577291498148425,0.020288645749074213,15,EMA_TRAIL,True
WBA,S3,long,RISK_ON,5,2018-01-09 00:00:00+00:00,2018-01-30 00:00:00+00:00,73.49342,76.13,1.7195013550557396,0.008597506775278698,14,EMA_TRAIL,True
ALXN,S3,long,RISK_ON,5,2018-01-09 00:00:00+00:00,2018-01-30 00:00:00+00:00,121.92179999999999,122.36,0.3326503581712062,0.001663251790856031,14,EMA_TRAIL,True
UA,S3,long,RISK_ON,5,2018-01-10 00:00:00+00:00,2018-01-16 00:00:00+00:00,13.953939999999998,13.384460714285714,-1.0,-0.005,3,SL,False
UAA,S3,long,RISK_ON,5,2018-01-11 00:00:00+00:00,2018-01-16 00:00:00+00:00,15.315299999999999,14.530642857142857,-1.0,-0.005,2,SL,False
HRB,S1,long,RISK_ON,5,2018-01-16 00:00:00+00:00,2018-01-19 00:00:00+00:00,26.656629999999996,26.28,-0.21680539725301665,-0.0010840269862650834,3,SMA50_BREAK,False
CHTR,S3,long,RISK_ON,5,2018-01-16 00:00:00+00:00,2018-02-07 00:00:00+00:00,353.28292999999996,363.55,1.3626785119954983,0.006813392559977491,16,EMA_TRAIL,True
TWX,S3,long,RISK_ON,5,2018-01-16 00:00:00+00:00,2018-02-07 00:00:00+00:00,92.00190999999998,95.11,2.4459961306394575,0.012229980653197288,16,EOS,True
TAP,S3,long,RISK_ON,5,2018-01-29 00:00:00+00:00,2018-02-02 00:00:00+00:00,83.56348,82.69100714285715,-1.0,-0.005,4,SL,False
ADSK,S3,long,RISK_ON,5,2018-01-29 00:00:00+00:00,2018-01-30 00:00:00+00:00,116.49637999999999,114.83378571428571,-1.0,-0.005,1,SL,False
TRIP,S3,long,RISK_ON,5,2018-01-29 00:00:00+00:00,2018-01-30 00:00:00+00:00,36.36633,35.52375,-1.0,-0.005,1,SL,False
EXPE,S3,long,RISK_ON,5,2018-01-29 00:00:00+00:00,2018-01-30 00:00:00+00:00,130.5304,128.01928214285715,-1.0,-0.005,1,SL,False
INFO,S3,long,RISK_ON,5,2018-01-29 00:00:00+00:00,2018-02-02 00:00:00+00:00,47.59754999999999,47.08271428571428,-1.0,-0.005,4,SL,False
RE,S3,long,RISK_ON,5,2018-01-29 00:00:00+00:00,2018-02-07 00:00:00+00:00,229.04881999999998,246.7,2.3466786667324704,0.011733393333662353,7,EOS,True
EXPE,S3,long,RISK_ON,5,2018-01-30 00:00:00+00:00,2018-02-02 00:00:00+00:00,129.01888999999997,126.5977392857143,-1.0,-0.005,3,SL,False
NCLH,S3,long,RISK_ON,5,2018-01-30 00:00:00+00:00,2018-02-02 00:00:00+00:00,60.01996,60.01996,0.2878671840742074,0.0014393359203710371,3,STOP_AFTER_TP1,True
COO,S3,long,RISK_ON,5,2018-01-30 00:00:00+00:00,2018-02-05 00:00:00+00:00,243.10286,237.92089285714286,-1.0,-0.005,4,SL,False
AGN,S3,long,RISK_ON,5,2018-01-30 00:00:00+00:00,2018-01-31 00:00:00+00:00,184.56437999999997,180.24750357142858,-1.0,-0.005,1,SL,False
NAVI,S3,long,RISK_ON,5,2018-01-30 00:00:00+00:00,2018-02-05 00:00:00+00:00,14.244229999999998,14.022667857142858,-1.0,-0.005,4,SL,False
BSX,S3,long,RISK_ON,5,2018-01-30 00:00:00+00:00,2018-02-01 00:00:00+00:00,28.05803,27.71714642857143,-1.0,-0.005,2,SL,False
ADSK,S3,long,RISK_ON,5,2018-01-30 00:00:00+00:00,2018-02-02 00:00:00+00:00,115.13501999999998,112.37985714285713,-1.0,-0.005,3,SL,False
AIG,S3,long,RISK_ON,5,2018-01-30 00:00:00+00:00,2018-02-05 00:00:00+00:00,63.413349999999994,62.654221428571425,-1.0,-0.005,4,SL,False
PCLN,S3,long,RISK_ON,5,2018-01-30 00:00:00+00:00,2018-02-02 00:00:00+00:00,1923.4515299999998,1883.6799999999998,-1.0,-0.005,3,SL,False
EFX,S3,long,RISK_ON,5,2018-01-31 00:00:00+00:00,2018-02-02 00:00:00+00:00,125.05493,121.94153928571428,-1.0,-0.005,2,SL,False
XRX,S2,long,RISK_ON,5,2018-01-31 00:00:00+00:00,2018-02-02 00:00:00+00:00,34.16413,31.736964285714283,-1.0,-0.005,2,SL,False
HUM,S3,long,RISK_ON,5,2018-01-31 00:00:00+00:00,2018-02-02 00:00:00+00:00,282.11182999999994,274.059825,-1.0,-0.005,2,SL,False
WDC,S3,long,RISK_ON,5,2018-02-01 00:00:00+00:00,2018-02-02 00:00:00+00:00,87.73765,85.54178928571427,-1.0,-0.005,1,SL,False
KMX,S3,long,RISK_ON,5,2018-02-01 00:00:00+00:00,2018-02-02 00:00:00+00:00,70.88081,69.39910714285715,-1.0,-0.005,1,SL,False
MRK,S3,long,RISK_ON,5,2018-02-01 00:00:00+00:00,2018-02-05 00:00:00+00:00,59.91985999999999,58.23410714285714,-1.0,-0.005,2,SL,False
ALLE,S3,long,RISK_ON,5,2018-02-01 00:00:00+00:00,2018-02-02 00:00:00+00:00,85.25516999999999,84.04901428571429,-1.0,-0.005,1,SL,False
ADM,S3,long,RISK_ON,5,2018-02-01 00:00:00+00:00,2018-02-02 00:00:00+00:00,42.50246,41.90385357142857,-1.0,-0.005,1,SL,False
CINF,S3,long,RISK_ON,5,2018-02-02 00:00:00+00:00,2018-02-05 00:00:00+00:00,76.45637999999998,75.79185714285714,-1.0,-0.005,1,SL,False
TRIP,S1,long,DEFENSIVE,5,2018-02-05 00:00:00+00:00,2018-02-07 00:00:00+00:00,35.65561999999999,41.05,1.8658896299257397,0.009329448149628699,2,EOS,True
HBI,S1,long,DEFENSIVE,5,2018-02-06 00:00:00+00:00,2018-02-07 00:00:00+00:00,21.651629999999997,21.96,0.223247833546905,0.001116239167734525,1,EOS,False
HSIC,S1,long,DEFENSIVE,5,2018-02-06 00:00:00+00:00,2018-02-07 00:00:00+00:00,73.60352999999999,72.97,-0.13364202088387167,-0.0006682101044193584,1,EOS,False
