instrument,variant,side,entry_ts,r,bars_held,reason
A,M1_fix2R,long,2013-09-19 00:00:00+00:00,2.0,63,TP
A,M2_fix3R,long,2013-09-19 00:00:00+00:00,3.0,85,TP
A,M3_partial,long,2013-09-19 00:00:00+00:00,2.0,85,TP
A,M4_chandelier,long,2013-09-19 00:00:00+00:00,2.3066607855235333,87,STOP_MOVED
A,M5_mp1,long,2013-09-19 00:00:00+00:00,1.8862569615063869,87,EMA_TRAIL
A,M6_time10,long,2013-09-19 00:00:00+00:00,0.008823452122437627,10,TIME
A,M1_fix2R,long,2017-03-15 00:00:00+00:00,2.0,52,TP
A,M2_fix3R,long,2017-03-15 00:00:00+00:00,3.0,112,TP
A,M3_partial,long,2017-03-15 00:00:00+00:00,2.0,112,TP
A,M4_chandelier,long,2017-03-15 00:00:00+00:00,0.656612469534505,44,STOP_MOVED
A,M5_mp1,long,2017-03-15 00:00:00+00:00,1.6060409064854855,71,EMA_TRAIL
A,M6_time10,long,2017-03-15 00:00:00+00:00,-0.33733171161347053,10,TIME
AAP,M1_fix2R,long,2014-11-05 00:00:00+00:00,-1.0,1,SL
AAP,M2_fix3R,long,2014-11-05 00:00:00+00:00,-1.0,1,SL
AAP,M3_partial,long,2014-11-05 00:00:00+00:00,-1.0,1,SL
AAP,M4_chandelier,long,2014-11-05 00:00:00+00:00,-1.0,1,SL
AAP,M5_mp1,long,2014-11-05 00:00:00+00:00,-1.0,1,SL
AAP,M6_time10,long,2014-11-05 00:00:00+00:00,-1.0,1,SL
AAPL,M1_fix2R,long,2016-10-25 00:00:00+00:00,-1.0,1,SL
AAPL,M2_fix3R,long,2016-10-25 00:00:00+00:00,-1.0,1,SL
AAPL,M3_partial,long,2016-10-25 00:00:00+00:00,-1.0,1,SL
AAPL,M4_chandelier,long,2016-10-25 00:00:00+00:00,-1.0,1,SL
AAPL,M5_mp1,long,2016-10-25 00:00:00+00:00,-1.0,1,SL
AAPL,M6_time10,long,2016-10-25 00:00:00+00:00,-1.0,1,SL
AAPL,M1_fix2R,long,2017-05-01 00:00:00+00:00,2.0,9,TP
AAPL,M2_fix3R,long,2017-05-01 00:00:00+00:00,-1.0,32,SL
AAPL,M3_partial,long,2017-05-01 00:00:00+00:00,0.5,28,STOP_MOVED
AAPL,M4_chandelier,long,2017-05-01 00:00:00+00:00,0.8318313016775545,12,STOP_MOVED
AAPL,M5_mp1,long,2017-05-01 00:00:00+00:00,0.5,28,STOP_MOVED
AAPL,M6_time10,long,2017-05-01 00:00:00+00:00,2.0,9,TP
ABBV,M1_fix2R,long,2018-01-26 00:00:00+00:00,-1.0,7,SL
ABBV,M2_fix3R,long,2018-01-26 00:00:00+00:00,-1.0,7,SL
ABBV,M3_partial,long,2018-01-26 00:00:00+00:00,-1.0,7,SL
ABBV,M4_chandelier,long,2018-01-26 00:00:00+00:00,-1.0,7,SL
ABBV,M5_mp1,long,2018-01-26 00:00:00+00:00,-1.0,7,SL
ABBV,M6_time10,long,2018-01-26 00:00:00+00:00,-1.0,7,SL
ABT,M1_fix2R,long,2015-07-22 00:00:00+00:00,-1.0,21,SL
ABT,M2_fix3R,long,2015-07-22 00:00:00+00:00,-1.0,21,SL
ABT,M3_partial,long,2015-07-22 00:00:00+00:00,-1.0,21,SL
ABT,M4_chandelier,long,2015-07-22 00:00:00+00:00,-1.0,21,SL
ABT,M5_mp1,long,2015-07-22 00:00:00+00:00,-1.0,21,SL
ABT,M6_time10,long,2015-07-22 00:00:00+00:00,-0.27508552603190123,10,TIME
ABT,M1_fix2R,long,2018-01-02 00:00:00+00:00,2.0,15,TP
ABT,M2_fix3R,long,2018-01-02 00:00:00+00:00,-0.08151906467989949,25,EOS
ABT,M3_partial,long,2018-01-02 00:00:00+00:00,0.5,23,STOP_MOVED
ABT,M4_chandelier,long,2018-01-02 00:00:00+00:00,1.0643776740168867,23,STOP_MOVED
ABT,M5_mp1,long,2018-01-02 00:00:00+00:00,0.5,23,STOP_MOVED
ABT,M6_time10,long,2018-01-02 00:00:00+00:00,0.06438451324710422,10,TIME
ACN,M1_fix2R,long,2015-11-16 00:00:00+00:00,-1.0,23,SL
ACN,M2_fix3R,long,2015-11-16 00:00:00+00:00,-1.0,23,SL
ACN,M3_partial,long,2015-11-16 00:00:00+00:00,-1.0,23,SL
ACN,M4_chandelier,long,2015-11-16 00:00:00+00:00,-1.0,23,SL
ACN,M5_mp1,long,2015-11-16 00:00:00+00:00,-1.0,23,SL
ACN,M6_time10,long,2015-11-16 00:00:00+00:00,0.4129634770650583,10,TIME
ADI,M1_fix2R,long,2015-05-20 00:00:00+00:00,-1.0,32,SL
ADI,M2_fix3R,long,2015-05-20 00:00:00+00:00,-1.0,32,SL
ADI,M3_partial,long,2015-05-20 00:00:00+00:00,-1.0,32,SL
ADI,M4_chandelier,long,2015-05-20 00:00:00+00:00,-1.0,32,SL
ADI,M5_mp1,long,2015-05-20 00:00:00+00:00,-1.0,32,SL
ADI,M6_time10,long,2015-05-20 00:00:00+00:00,0.17754805331917925,10,TIME
ADI,M1_fix2R,long,2016-11-22 00:00:00+00:00,2.0,129,TP
ADI,M2_fix3R,long,2016-11-22 00:00:00+00:00,3.0,240,TP
ADI,M3_partial,long,2016-11-22 00:00:00+00:00,2.0,240,TP
ADI,M4_chandelier,long,2016-11-22 00:00:00+00:00,1.2523784396796926,84,STOP_MOVED
ADI,M5_mp1,long,2016-11-22 00:00:00+00:00,1.414708578988435,80,EMA_TRAIL
ADI,M6_time10,long,2016-11-22 00:00:00+00:00,-0.0035539355128038097,10,TIME
ADI,M1_fix2R,long,2017-02-15 00:00:00+00:00,2.0,232,TP
ADI,M2_fix3R,long,2017-02-15 00:00:00+00:00,0.48849240356913,246,EOS
ADI,M3_partial,long,2017-02-15 00:00:00+00:00,0.5,74,STOP_MOVED
ADI,M4_chandelier,long,2017-02-15 00:00:00+00:00,0.4299010128891562,73,STOP_MOVED
ADI,M5_mp1,long,2017-02-15 00:00:00+00:00,1.211832131861068,186,EMA_TRAIL
ADI,M6_time10,long,2017-02-15 00:00:00+00:00,0.262116575941959,10,TIME
ADS,M1_fix2R,long,2013-10-17 00:00:00+00:00,2.0,13,TP
ADS,M2_fix3R,long,2013-10-17 00:00:00+00:00,3.0,19,TP
ADS,M3_partial,long,2013-10-17 00:00:00+00:00,2.0,19,TP
ADS,M4_chandelier,long,2013-10-17 00:00:00+00:00,1.8122921229758022,28,STOP_MOVED
ADS,M5_mp1,long,2013-10-17 00:00:00+00:00,1.7944628741838182,28,EMA_TRAIL
ADS,M6_time10,long,2013-10-17 00:00:00+00:00,1.4122569098090478,10,TIME
AEE,M1_fix2R,long,2015-11-30 00:00:00+00:00,-1.0,3,SL
AEE,M2_fix3R,long,2015-11-30 00:00:00+00:00,-1.0,3,SL
AEE,M3_partial,long,2015-11-30 00:00:00+00:00,-1.0,3,SL
AEE,M4_chandelier,long,2015-11-30 00:00:00+00:00,-1.0,3,SL
AEE,M5_mp1,long,2015-11-30 00:00:00+00:00,-1.0,3,SL
AEE,M6_time10,long,2015-11-30 00:00:00+00:00,-1.0,3,SL
AET,M1_fix2R,long,2013-09-13 00:00:00+00:00,-1.0,6,SL
AET,M2_fix3R,long,2013-09-13 00:00:00+00:00,-1.0,6,SL
AET,M3_partial,long,2013-09-13 00:00:00+00:00,-1.0,6,SL
AET,M4_chandelier,long,2013-09-13 00:00:00+00:00,-1.0,6,SL
AET,M5_mp1,long,2013-09-13 00:00:00+00:00,-1.0,6,SL
AET,M6_time10,long,2013-09-13 00:00:00+00:00,-1.0,6,SL
AET,M1_fix2R,long,2015-03-04 00:00:00+00:00,2.0,12,TP
AET,M2_fix3R,long,2015-03-04 00:00:00+00:00,3.0,51,TP
AET,M3_partial,long,2015-03-04 00:00:00+00:00,2.0,51,TP
AET,M4_chandelier,long,2015-03-04 00:00:00+00:00,3.5960319280655426,71,STOP_MOVED
AET,M5_mp1,long,2015-03-04 00:00:00+00:00,1.2836786514406988,29,EMA_TRAIL
AET,M6_time10,long,2015-03-04 00:00:00+00:00,1.5647393259520312,10,TIME
AET,M1_fix2R,long,2015-06-15 00:00:00+00:00,-1.0,15,SL
AET,M2_fix3R,long,2015-06-15 00:00:00+00:00,-1.0,15,SL
AET,M3_partial,long,2015-06-15 00:00:00+00:00,0.5,14,STOP_MOVED
AET,M4_chandelier,long,2015-06-15 00:00:00+00:00,0.35601843354042106,14,STOP_MOVED
AET,M5_mp1,long,2015-06-15 00:00:00+00:00,0.5,14,STOP_MOVED
AET,M6_time10,long,2015-06-15 00:00:00+00:00,0.9154862115339614,10,TIME
AFL,M1_fix2R,long,2013-09-18 00:00:00+00:00,-1.0,218,SL
AFL,M2_fix3R,long,2013-09-18 00:00:00+00:00,-1.0,218,SL
AFL,M3_partial,long,2013-09-18 00:00:00+00:00,0.5,88,STOP_MOVED
AFL,M4_chandelier,long,2013-09-18 00:00:00+00:00,0.5060509665287971,30,STOP_MOVED
AFL,M5_mp1,long,2013-09-18 00:00:00+00:00,0.9017770271823243,34,EMA_TRAIL
AFL,M6_time10,long,2013-09-18 00:00:00+00:00,0.11008727090925823,10,TIME
AGN,M1_fix2R,long,2014-02-18 00:00:00+00:00,2.0,144,TP
AGN,M2_fix3R,long,2014-02-18 00:00:00+00:00,3.0,182,TP
AGN,M3_partial,long,2014-02-18 00:00:00+00:00,0.5,24,STOP_MOVED
AGN,M4_chandelier,long,2014-02-18 00:00:00+00:00,0.5684933268219177,13,STOP_MOVED
AGN,M5_mp1,long,2014-02-18 00:00:00+00:00,0.7700095209739448,14,EMA_TRAIL
AGN,M6_time10,long,2014-02-18 00:00:00+00:00,1.412850313935396,10,TIME
AIZ,M1_fix2R,long,2015-07-29 00:00:00+00:00,2.0,11,TP
AIZ,M2_fix3R,long,2015-07-29 00:00:00+00:00,-1.0,18,SL
AIZ,M3_partial,long,2015-07-29 00:00:00+00:00,0.5,18,STOP_MOVED
AIZ,M4_chandelier,long,2015-07-29 00:00:00+00:00,0.8669673929632181,17,STOP_MOVED
AIZ,M5_mp1,long,2015-07-29 00:00:00+00:00,0.6578287661465289,17,EMA_TRAIL
AIZ,M6_time10,long,2015-07-29 00:00:00+00:00,1.6377974425755486,10,TIME
AKAM,M1_fix2R,long,2017-12-15 00:00:00+00:00,2.0,1,TP
AKAM,M2_fix3R,long,2017-12-15 00:00:00+00:00,3.0,1,TP
AKAM,M3_partial,long,2017-12-15 00:00:00+00:00,2.0,1,TP
AKAM,M4_chandelier,long,2017-12-15 00:00:00+00:00,4.629039831004016,17,STOP_MOVED
AKAM,M5_mp1,long,2017-12-15 00:00:00+00:00,3.4496811328044257,32,EMA_TRAIL
AKAM,M6_time10,long,2017-12-15 00:00:00+00:00,2.0,1,TP
ALL,M1_fix2R,long,2017-05-03 00:00:00+00:00,2.0,62,TP
ALL,M2_fix3R,long,2017-05-03 00:00:00+00:00,3.0,128,TP
ALL,M3_partial,long,2017-05-03 00:00:00+00:00,2.0,128,TP
ALL,M4_chandelier,long,2017-05-03 00:00:00+00:00,0.7740245667101112,35,STOP_MOVED
ALL,M5_mp1,long,2017-05-03 00:00:00+00:00,1.6750359577126,76,EMA_TRAIL
ALL,M6_time10,long,2017-05-03 00:00:00+00:00,-0.14981686729349072,10,TIME
ALLE,M1_fix2R,long,2015-10-28 00:00:00+00:00,-1.0,47,SL
ALLE,M2_fix3R,long,2015-10-28 00:00:00+00:00,-1.0,47,SL
ALLE,M3_partial,long,2015-10-28 00:00:00+00:00,0.5,29,STOP_MOVED
ALLE,M4_chandelier,long,2015-10-28 00:00:00+00:00,0.0,29,STOP_MOVED
ALLE,M5_mp1,long,2015-10-28 00:00:00+00:00,-1.0,47,SL
ALLE,M6_time10,long,2015-10-28 00:00:00+00:00,-0.09072591140459935,10,TIME
AMAT,M1_fix2R,long,2017-05-10 00:00:00+00:00,2.0,16,TP
AMAT,M2_fix3R,long,2017-05-10 00:00:00+00:00,-1.0,35,SL
AMAT,M3_partial,long,2017-05-10 00:00:00+00:00,0.5,5,STOP_MOVED
AMAT,M4_chandelier,long,2017-05-10 00:00:00+00:00,0.0,5,STOP_MOVED
AMAT,M5_mp1,long,2017-05-10 00:00:00+00:00,1.1196621291479,21,EMA_TRAIL
AMAT,M6_time10,long,2017-05-10 00:00:00+00:00,0.8735342574067535,10,TIME
AME,M1_fix2R,long,2017-02-21 00:00:00+00:00,-1.0,24,SL
AME,M2_fix3R,long,2017-02-21 00:00:00+00:00,-1.0,24,SL
AME,M3_partial,long,2017-02-21 00:00:00+00:00,-1.0,24,SL
AME,M4_chandelier,long,2017-02-21 00:00:00+00:00,-1.0,24,SL
AME,M5_mp1,long,2017-02-21 00:00:00+00:00,-1.0,24,SL
AME,M6_time10,long,2017-02-21 00:00:00+00:00,-0.2897786485472491,10,TIME
AMGN,M1_fix2R,long,2014-10-28 00:00:00+00:00,-1.0,206,SL
AMGN,M2_fix3R,long,2014-10-28 00:00:00+00:00,-1.0,206,SL
AMGN,M3_partial,long,2014-10-28 00:00:00+00:00,0.5,39,STOP_MOVED
AMGN,M4_chandelier,long,2014-10-28 00:00:00+00:00,0.42516551932559477,32,STOP_MOVED
AMGN,M5_mp1,long,2014-10-28 00:00:00+00:00,0.9783832824805851,200,EMA_TRAIL
AMGN,M6_time10,long,2014-10-28 00:00:00+00:00,0.3509291357694302,10,TIME
AMP,M1_fix2R,long,2013-09-17 00:00:00+00:00,2.0,31,TP
AMP,M2_fix3R,long,2013-09-17 00:00:00+00:00,3.0,47,TP
AMP,M3_partial,long,2013-09-17 00:00:00+00:00,2.0,47,TP
AMP,M4_chandelier,long,2013-09-17 00:00:00+00:00,2.8578801232664723,55,STOP_MOVED
AMP,M5_mp1,long,2013-09-17 00:00:00+00:00,3.2571622184912385,88,EMA_TRAIL
AMP,M6_time10,long,2013-09-17 00:00:00+00:00,-0.2886113820189188,10,TIME
AMP,M1_fix2R,long,2014-07-30 00:00:00+00:00,-1.0,1,SL
AMP,M2_fix3R,long,2014-07-30 00:00:00+00:00,-1.0,1,SL
AMP,M3_partial,long,2014-07-30 00:00:00+00:00,-1.0,1,SL
AMP,M4_chandelier,long,2014-07-30 00:00:00+00:00,-1.0,1,SL
AMP,M5_mp1,long,2014-07-30 00:00:00+00:00,-1.0,1,SL
AMP,M6_time10,long,2014-07-30 00:00:00+00:00,-1.0,1,SL
AMT,M1_fix2R,long,2014-07-30 00:00:00+00:00,-1.0,54,SL
AMT,M2_fix3R,long,2014-07-30 00:00:00+00:00,-1.0,54,SL
AMT,M3_partial,long,2014-07-30 00:00:00+00:00,-1.0,54,SL
AMT,M4_chandelier,long,2014-07-30 00:00:00+00:00,-1.0,54,SL
AMT,M5_mp1,long,2014-07-30 00:00:00+00:00,-1.0,54,SL
AMT,M6_time10,long,2014-07-30 00:00:00+00:00,0.174105661295562,10,TIME
AMZN,M1_fix2R,long,2015-07-13 00:00:00+00:00,1.9999999999999982,9,TP
AMZN,M2_fix3R,long,2015-07-13 00:00:00+00:00,3.0,9,TP
AMZN,M3_partial,long,2015-07-13 00:00:00+00:00,2.0,9,TP
AMZN,M4_chandelier,long,2015-07-13 00:00:00+00:00,2.3466178985434234,10,STOP_MOVED
AMZN,M5_mp1,long,2015-07-13 00:00:00+00:00,1.7646641525525733,28,EMA_TRAIL
AMZN,M6_time10,long,2015-07-13 00:00:00+00:00,1.9999999999999982,9,TP
AMZN,M1_fix2R,long,2017-04-28 00:00:00+00:00,2.0,19,TP
AMZN,M2_fix3R,long,2017-04-28 00:00:00+00:00,3.0,26,TP
AMZN,M3_partial,long,2017-04-28 00:00:00+00:00,2.0,26,TP
AMZN,M4_chandelier,long,2017-04-28 00:00:00+00:00,1.978891899956977,29,STOP_MOVED
AMZN,M5_mp1,long,2017-04-28 00:00:00+00:00,1.6999615275587734,29,EMA_TRAIL
AMZN,M6_time10,long,2017-04-28 00:00:00+00:00,1.2173100662255967,10,TIME
ANSS,M1_fix2R,long,2017-05-04 00:00:00+00:00,2.0000000000000013,127,TP
ANSS,M2_fix3R,long,2017-05-04 00:00:00+00:00,2.9999999999999987,127,TP
ANSS,M3_partial,long,2017-05-04 00:00:00+00:00,0.5,99,STOP_MOVED
ANSS,M4_chandelier,long,2017-05-04 00:00:00+00:00,0.6710100165704237,62,STOP_MOVED
ANSS,M5_mp1,long,2017-05-04 00:00:00+00:00,2.1127377993682472,145,EMA_TRAIL
ANSS,M6_time10,long,2017-05-04 00:00:00+00:00,0.06552273704593659,10,TIME
ANTM,M1_fix2R,long,2015-05-29 00:00:00+00:00,-1.0,5,SL
ANTM,M2_fix3R,long,2015-05-29 00:00:00+00:00,-1.0,5,SL
ANTM,M3_partial,long,2015-05-29 00:00:00+00:00,-1.0,5,SL
ANTM,M4_chandelier,long,2015-05-29 00:00:00+00:00,-1.0,5,SL
ANTM,M5_mp1,long,2015-05-29 00:00:00+00:00,-1.0,5,SL
ANTM,M6_time10,long,2015-05-29 00:00:00+00:00,-1.0,5,SL
ANTM,M1_fix2R,long,2015-06-22 00:00:00+00:00,-1.0,1,SL
ANTM,M2_fix3R,long,2015-06-22 00:00:00+00:00,-1.0,1,SL
ANTM,M3_partial,long,2015-06-22 00:00:00+00:00,-1.0,1,SL
ANTM,M4_chandelier,long,2015-06-22 00:00:00+00:00,-1.0,1,SL
ANTM,M5_mp1,long,2015-06-22 00:00:00+00:00,-1.0,1,SL
ANTM,M6_time10,long,2015-06-22 00:00:00+00:00,-1.0,1,SL
AON,M1_fix2R,long,2013-09-16 00:00:00+00:00,2.0,2,TP
AON,M2_fix3R,long,2013-09-16 00:00:00+00:00,3.0,2,TP
AON,M3_partial,long,2013-09-16 00:00:00+00:00,2.0,2,TP
AON,M4_chandelier,long,2013-09-16 00:00:00+00:00,2.4630175100002543,12,STOP_MOVED
AON,M5_mp1,long,2013-09-16 00:00:00+00:00,1.835210671679758,15,EMA_TRAIL
AON,M6_time10,long,2013-09-16 00:00:00+00:00,2.0,2,TP
AOS,M1_fix2R,long,2015-04-24 00:00:00+00:00,2.0,33,TP
AOS,M2_fix3R,long,2015-04-24 00:00:00+00:00,3.000000000000002,62,TP
AOS,M3_partial,long,2015-04-24 00:00:00+00:00,0.5,51,STOP_MOVED
AOS,M4_chandelier,long,2015-04-24 00:00:00+00:00,1.5419738660371174,50,STOP_MOVED
AOS,M5_mp1,long,2015-04-24 00:00:00+00:00,1.5520212810446532,45,EMA_TRAIL
AOS,M6_time10,long,2015-04-24 00:00:00+00:00,0.48186703345913,10,TIME
AOS,M1_fix2R,long,2016-07-26 00:00:00+00:00,-1.0,71,SL
AOS,M2_fix3R,long,2016-07-26 00:00:00+00:00,-1.0,71,SL
AOS,M3_partial,long,2016-07-26 00:00:00+00:00,0.5,64,STOP_MOVED
AOS,M4_chandelier,long,2016-07-26 00:00:00+00:00,0.6524551290724149,53,STOP_MOVED
AOS,M5_mp1,long,2016-07-26 00:00:00+00:00,-1.0,71,SL
AOS,M6_time10,long,2016-07-26 00:00:00+00:00,0.08490943299595137,10,TIME
AOS,M1_fix2R,long,2016-10-05 00:00:00+00:00,-1.0,3,SL
AOS,M2_fix3R,long,2016-10-05 00:00:00+00:00,-1.0,3,SL
AOS,M3_partial,long,2016-10-05 00:00:00+00:00,-1.0,3,SL
AOS,M4_chandelier,long,2016-10-05 00:00:00+00:00,-1.0,3,SL
AOS,M5_mp1,long,2016-10-05 00:00:00+00:00,-1.0,3,SL
AOS,M6_time10,long,2016-10-05 00:00:00+00:00,-1.0,3,SL
APD,M1_fix2R,long,2013-09-26 00:00:00+00:00,-1.0,3,SL
APD,M2_fix3R,long,2013-09-26 00:00:00+00:00,-1.0,3,SL
APD,M3_partial,long,2013-09-26 00:00:00+00:00,-1.0,3,SL
APD,M4_chandelier,long,2013-09-26 00:00:00+00:00,-1.0,3,SL
APD,M5_mp1,long,2013-09-26 00:00:00+00:00,-1.0,3,SL
APD,M6_time10,long,2013-09-26 00:00:00+00:00,-1.0,3,SL
ARE,M1_fix2R,long,2014-11-24 00:00:00+00:00,2.0,10,TP
ARE,M2_fix3R,long,2014-11-24 00:00:00+00:00,3.0,30,TP
ARE,M3_partial,long,2014-11-24 00:00:00+00:00,2.0,30,TP
ARE,M4_chandelier,long,2014-11-24 00:00:00+00:00,1.0120965901310148,14,STOP_MOVED
ARE,M5_mp1,long,2014-11-24 00:00:00+00:00,2.6698391686066905,50,EMA_TRAIL
ARE,M6_time10,long,2014-11-24 00:00:00+00:00,2.0,10,TP
AVB,M1_fix2R,long,2014-05-30 00:00:00+00:00,-1.0,8,SL
AVB,M2_fix3R,long,2014-05-30 00:00:00+00:00,-1.0,8,SL
AVB,M3_partial,long,2014-05-30 00:00:00+00:00,-1.0,8,SL
AVB,M4_chandelier,long,2014-05-30 00:00:00+00:00,-1.0,8,SL
AVB,M5_mp1,long,2014-05-30 00:00:00+00:00,-1.0,8,SL
AVB,M6_time10,long,2014-05-30 00:00:00+00:00,-1.0,8,SL
AVB,M1_fix2R,long,2014-07-24 00:00:00+00:00,-1.0,35,SL
AVB,M2_fix3R,long,2014-07-24 00:00:00+00:00,-1.0,35,SL
AVB,M3_partial,long,2014-07-24 00:00:00+00:00,0.5,33,STOP_MOVED
AVB,M4_chandelier,long,2014-07-24 00:00:00+00:00,0.5584988306179871,33,STOP_MOVED
AVB,M5_mp1,long,2014-07-24 00:00:00+00:00,0.5,33,STOP_MOVED
AVB,M6_time10,long,2014-07-24 00:00:00+00:00,-0.04541760811828679,10,TIME
AVGO,M1_fix2R,long,2013-09-17 00:00:00+00:00,2.0,19,TP
AVGO,M2_fix3R,long,2013-09-17 00:00:00+00:00,3.0,23,TP
AVGO,M3_partial,long,2013-09-17 00:00:00+00:00,2.0,23,TP
AVGO,M4_chandelier,long,2013-09-17 00:00:00+00:00,2.055304749930393,37,STOP_MOVED
AVGO,M5_mp1,long,2013-09-17 00:00:00+00:00,1.6485097457909237,37,EMA_TRAIL
AVGO,M6_time10,long,2013-09-17 00:00:00+00:00,1.6046281372971027,10,TIME
AVGO,M1_fix2R,long,2013-12-05 00:00:00+00:00,2.0,26,TP
AVGO,M2_fix3R,long,2013-12-05 00:00:00+00:00,3.0,46,TP
AVGO,M3_partial,long,2013-12-05 00:00:00+00:00,2.0,46,TP
AVGO,M4_chandelier,long,2013-12-05 00:00:00+00:00,1.6266607780774087,34,STOP_MOVED
AVGO,M5_mp1,long,2013-12-05 00:00:00+00:00,1.6418808919970118,36,EMA_TRAIL
AVGO,M6_time10,long,2013-12-05 00:00:00+00:00,1.0125052637825536,10,TIME
AVGO,M1_fix2R,long,2014-08-29 00:00:00+00:00,-1.0,29,SL
AVGO,M2_fix3R,long,2014-08-29 00:00:00+00:00,-1.0,29,SL
AVGO,M3_partial,long,2014-08-29 00:00:00+00:00,0.5,23,STOP_MOVED
AVGO,M4_chandelier,long,2014-08-29 00:00:00+00:00,0.4132659737932432,22,STOP_MOVED
AVGO,M5_mp1,long,2014-08-29 00:00:00+00:00,-1.0,29,SL
AVGO,M6_time10,long,2014-08-29 00:00:00+00:00,0.5606104820849847,10,TIME
AVGO,M1_fix2R,long,2015-02-26 00:00:00+00:00,-1.0,124,SL
AVGO,M2_fix3R,long,2015-02-26 00:00:00+00:00,-1.0,124,SL
AVGO,M3_partial,long,2015-02-26 00:00:00+00:00,0.5,90,STOP_MOVED
AVGO,M4_chandelier,long,2015-02-26 00:00:00+00:00,0.5220184075602617,82,STOP_MOVED
AVGO,M5_mp1,long,2015-02-26 00:00:00+00:00,-1.0,124,SL
AVGO,M6_time10,long,2015-02-26 00:00:00+00:00,-0.15844704223738057,10,TIME
AVGO,M1_fix2R,long,2016-06-03 00:00:00+00:00,-1.0,15,SL
AVGO,M2_fix3R,long,2016-06-03 00:00:00+00:00,-1.0,15,SL
AVGO,M3_partial,long,2016-06-03 00:00:00+00:00,-1.0,15,SL
AVGO,M4_chandelier,long,2016-06-03 00:00:00+00:00,-1.0,15,SL
AVGO,M5_mp1,long,2016-06-03 00:00:00+00:00,-1.0,15,SL
AVGO,M6_time10,long,2016-06-03 00:00:00+00:00,-0.5972770779903701,10,TIME
AVY,M1_fix2R,long,2017-11-30 00:00:00+00:00,2.0,33,TP
AVY,M2_fix3R,long,2017-11-30 00:00:00+00:00,0.14664414456335464,46,EOS
AVY,M3_partial,long,2017-11-30 00:00:00+00:00,0.5,44,STOP_MOVED
AVY,M4_chandelier,long,2017-11-30 00:00:00+00:00,0.7764507270785073,30,STOP_MOVED
AVY,M5_mp1,long,2017-11-30 00:00:00+00:00,1.2944308004026306,39,EMA_TRAIL
AVY,M6_time10,long,2017-11-30 00:00:00+00:00,0.012325114223947005,10,TIME
AWK,M1_fix2R,long,2017-11-02 00:00:00+00:00,-1.0,43,SL
AWK,M2_fix3R,long,2017-11-02 00:00:00+00:00,-1.0,43,SL
AWK,M3_partial,long,2017-11-02 00:00:00+00:00,-1.0,43,SL
AWK,M4_chandelier,long,2017-11-02 00:00:00+00:00,-1.0,43,SL
AWK,M5_mp1,long,2017-11-02 00:00:00+00:00,-1.0,43,SL
AWK,M6_time10,long,2017-11-02 00:00:00+00:00,0.04937343270331436,10,TIME
AXP,M1_fix2R,long,2013-12-18 00:00:00+00:00,2.0,20,TP
AXP,M2_fix3R,long,2013-12-18 00:00:00+00:00,-1.0,205,SL
AXP,M3_partial,long,2013-12-18 00:00:00+00:00,0.5,17,STOP_MOVED
AXP,M4_chandelier,long,2013-12-18 00:00:00+00:00,0.5448665214469472,16,STOP_MOVED
AXP,M5_mp1,long,2013-12-18 00:00:00+00:00,0.6687812357580422,24,EMA_TRAIL
AXP,M6_time10,long,2013-12-18 00:00:00+00:00,1.0613427803397262,10,TIME
AYI,M1_fix2R,long,2013-09-17 00:00:00+00:00,2.0,24,TP
AYI,M2_fix3R,long,2013-09-17 00:00:00+00:00,3.0,44,TP
AYI,M3_partial,long,2013-09-17 00:00:00+00:00,0.5,12,STOP_MOVED
AYI,M4_chandelier,long,2013-09-17 00:00:00+00:00,0.0,12,STOP_MOVED
AYI,M5_mp1,long,2013-09-17 00:00:00+00:00,1.5219424155298744,33,EMA_TRAIL
AYI,M6_time10,long,2013-09-17 00:00:00+00:00,1.3456509080971875,10,TIME
AYI,M1_fix2R,long,2014-01-09 00:00:00+00:00,2.000000000000001,276,TP
AYI,M2_fix3R,long,2014-01-09 00:00:00+00:00,3.0,337,TP
AYI,M3_partial,long,2014-01-09 00:00:00+00:00,0.5,63,STOP_MOVED
AYI,M4_chandelier,long,2014-01-09 00:00:00+00:00,0.7545854340672568,42,STOP_MOVED
AYI,M5_mp1,long,2014-01-09 00:00:00+00:00,1.680091765967236,290,EMA_TRAIL
AYI,M6_time10,long,2014-01-09 00:00:00+00:00,0.04743633577733083,10,TIME
AYI,M1_fix2R,long,2015-02-09 00:00:00+00:00,2.0,34,TP
AYI,M2_fix3R,long,2015-02-09 00:00:00+00:00,3.0,65,TP
AYI,M3_partial,long,2015-02-09 00:00:00+00:00,2.0,65,TP
AYI,M4_chandelier,long,2015-02-09 00:00:00+00:00,1.0385374610389753,54,STOP_MOVED
AYI,M5_mp1,long,2015-02-09 00:00:00+00:00,0.8801502753702016,31,EMA_TRAIL
AYI,M6_time10,long,2015-02-09 00:00:00+00:00,0.5221276333924786,10,TIME
AYI,M1_fix2R,long,2016-05-31 00:00:00+00:00,-1.0,3,SL
AYI,M2_fix3R,long,2016-05-31 00:00:00+00:00,-1.0,3,SL
AYI,M3_partial,long,2016-05-31 00:00:00+00:00,-1.0,3,SL
AYI,M4_chandelier,long,2016-05-31 00:00:00+00:00,-1.0,3,SL
AYI,M5_mp1,long,2016-05-31 00:00:00+00:00,-1.0,3,SL
AYI,M6_time10,long,2016-05-31 00:00:00+00:00,-1.0,3,SL
BA,M1_fix2R,long,2017-05-31 00:00:00+00:00,2.0,11,TP
BA,M2_fix3R,long,2017-05-31 00:00:00+00:00,3.0,13,TP
BA,M3_partial,long,2017-05-31 00:00:00+00:00,0.5,4,STOP_MOVED
BA,M4_chandelier,long,2017-05-31 00:00:00+00:00,0.0,4,STOP_MOVED
BA,M5_mp1,long,2017-05-31 00:00:00+00:00,9.679091223526907,68,EMA_TRAIL
BA,M6_time10,long,2017-05-31 00:00:00+00:00,1.3421887745903438,10,TIME
BA,M1_fix2R,long,2017-07-26 00:00:00+00:00,1.999999999999999,95,TP
BA,M2_fix3R,long,2017-07-26 00:00:00+00:00,3.0,115,TP
BA,M3_partial,long,2017-07-26 00:00:00+00:00,2.0,115,TP
BA,M4_chandelier,long,2017-07-26 00:00:00+00:00,0.8871043605550335,64,STOP_MOVED
BA,M5_mp1,long,2017-07-26 00:00:00+00:00,2.9417787210821267,133,EMA_TRAIL
BA,M6_time10,long,2017-07-26 00:00:00+00:00,0.02410638501648584,10,TIME
BA,M1_fix2R,long,2018-01-05 00:00:00+00:00,2.0,6,TP
BA,M2_fix3R,long,2018-01-05 00:00:00+00:00,3.0,17,TP
BA,M3_partial,long,2018-01-05 00:00:00+00:00,2.0,17,TP
BA,M4_chandelier,long,2018-01-05 00:00:00+00:00,1.4671634285269584,20,STOP_MOVED
BA,M5_mp1,long,2018-01-05 00:00:00+00:00,1.3451396116276124,20,EMA_TRAIL
BA,M6_time10,long,2018-01-05 00:00:00+00:00,2.0,6,TP
BAC,M1_fix2R,long,2017-11-28 00:00:00+00:00,2.0,28,TP
BAC,M2_fix3R,long,2017-11-28 00:00:00+00:00,3.0,36,TP
BAC,M3_partial,long,2017-11-28 00:00:00+00:00,2.0,36,TP
BAC,M4_chandelier,long,2017-11-28 00:00:00+00:00,2.1298894783581725,33,STOP_MOVED
BAC,M5_mp1,long,2017-11-28 00:00:00+00:00,1.7412899373131026,46,EMA_TRAIL
BAC,M6_time10,long,2017-11-28 00:00:00+00:00,1.1867899370565882,10,TIME
BAX,M1_fix2R,long,2017-04-26 00:00:00+00:00,2.0,57,TP
BAX,M2_fix3R,long,2017-04-26 00:00:00+00:00,3.000000000000002,150,TP
BAX,M3_partial,long,2017-04-26 00:00:00+00:00,2.000000000000001,150,TP
BAX,M4_chandelier,long,2017-04-26 00:00:00+00:00,0.8207953291135524,32,STOP_MOVED
BAX,M5_mp1,long,2017-04-26 00:00:00+00:00,1.5932487163124178,63,EMA_TRAIL
BAX,M6_time10,long,2017-04-26 00:00:00+00:00,0.1601538639015544,10,TIME
BAX,M1_fix2R,long,2017-08-31 00:00:00+00:00,1.9999999999999942,7,TP
BAX,M2_fix3R,long,2017-08-31 00:00:00+00:00,-1.0,27,SL
BAX,M3_partial,long,2017-08-31 00:00:00+00:00,0.5,18,STOP_MOVED
BAX,M4_chandelier,long,2017-08-31 00:00:00+00:00,0.5892497297703387,16,STOP_MOVED
BAX,M5_mp1,long,2017-08-31 00:00:00+00:00,0.8603625596060387,16,EMA_TRAIL
BAX,M6_time10,long,2017-08-31 00:00:00+00:00,1.9999999999999942,7,TP
BDX,M1_fix2R,long,2017-12-15 00:00:00+00:00,-1.0,6,SL
BDX,M2_fix3R,long,2017-12-15 00:00:00+00:00,-1.0,6,SL
BDX,M3_partial,long,2017-12-15 00:00:00+00:00,-1.0,6,SL
BDX,M4_chandelier,long,2017-12-15 00:00:00+00:00,-1.0,6,SL
BDX,M5_mp1,long,2017-12-15 00:00:00+00:00,-1.0,6,SL
BDX,M6_time10,long,2017-12-15 00:00:00+00:00,-1.0,6,SL
BEN,M1_fix2R,long,2017-02-09 00:00:00+00:00,2.0,11,TP
BEN,M2_fix3R,long,2017-02-09 00:00:00+00:00,3.0,89,TP
BEN,M3_partial,long,2017-02-09 00:00:00+00:00,0.5,31,STOP_MOVED
BEN,M4_chandelier,long,2017-02-09 00:00:00+00:00,1.1667777821750571,17,STOP_MOVED
BEN,M5_mp1,long,2017-02-09 00:00:00+00:00,1.3048104727973433,25,EMA_TRAIL
BEN,M6_time10,long,2017-02-09 00:00:00+00:00,1.5765859836158094,10,TIME
BF.B,M1_fix2R,long,2014-03-05 00:00:00+00:00,-1.0,156,SL
BF.B,M2_fix3R,long,2014-03-05 00:00:00+00:00,-1.0,156,SL
BF.B,M3_partial,long,2014-03-05 00:00:00+00:00,0.5,103,STOP_MOVED
BF.B,M4_chandelier,long,2014-03-05 00:00:00+00:00,1.2475160358891788,80,STOP_MOVED
BF.B,M5_mp1,long,2014-03-05 00:00:00+00:00,1.3615019072537802,79,EMA_TRAIL
BF.B,M6_time10,long,2014-03-05 00:00:00+00:00,0.3533485689635379,10,TIME
BK,M1_fix2R,long,2016-11-09 00:00:00+00:00,2.0,161,TP
BK,M2_fix3R,long,2016-11-09 00:00:00+00:00,3.0,232,TP
BK,M3_partial,long,2016-11-09 00:00:00+00:00,0.5,46,STOP_MOVED
BK,M4_chandelier,long,2016-11-09 00:00:00+00:00,0.5975800127358384,26,STOP_MOVED
BK,M5_mp1,long,2016-11-09 00:00:00+00:00,1.8267788382039067,188,EMA_TRAIL
BK,M6_time10,long,2016-11-09 00:00:00+00:00,0.5892711202776991,10,TIME
BMY,M1_fix2R,long,2014-10-30 00:00:00+00:00,-1.0,204,SL
BMY,M2_fix3R,long,2014-10-30 00:00:00+00:00,-1.0,204,SL
BMY,M3_partial,long,2014-10-30 00:00:00+00:00,0.5,204,STOP_MOVED
BMY,M4_chandelier,long,2014-10-30 00:00:00+00:00,0.9285042373362955,99,STOP_MOVED
BMY,M5_mp1,long,2014-10-30 00:00:00+00:00,1.0664668451101713,99,EMA_TRAIL
BMY,M6_time10,long,2014-10-30 00:00:00+00:00,-0.18596677588701144,10,TIME
BRK.B,M1_fix2R,long,2017-02-28 00:00:00+00:00,-1.0,16,SL
BRK.B,M2_fix3R,long,2017-02-28 00:00:00+00:00,-1.0,16,SL
BRK.B,M3_partial,long,2017-02-28 00:00:00+00:00,0.5,15,STOP_MOVED
BRK.B,M4_chandelier,long,2017-02-28 00:00:00+00:00,0.4306081908046966,13,STOP_MOVED
BRK.B,M5_mp1,long,2017-02-28 00:00:00+00:00,0.5998336830429771,14,EMA_TRAIL
BRK.B,M6_time10,long,2017-02-28 00:00:00+00:00,0.9820803238487223,10,TIME
BRK.B,M1_fix2R,long,2017-09-15 00:00:00+00:00,2.0,14,TP
BRK.B,M2_fix3R,long,2017-09-15 00:00:00+00:00,3.0,52,TP
BRK.B,M3_partial,long,2017-09-15 00:00:00+00:00,2.0,52,TP
BRK.B,M4_chandelier,long,2017-09-15 00:00:00+00:00,1.7174469323180996,34,STOP_MOVED
BRK.B,M5_mp1,long,2017-09-15 00:00:00+00:00,1.791956203681493,32,EMA_TRAIL
BRK.B,M6_time10,long,2017-09-15 00:00:00+00:00,0.9167974989804993,10,TIME
BSX,M1_fix2R,long,2015-02-18 00:00:00+00:00,-1.0,130,SL
BSX,M2_fix3R,long,2015-02-18 00:00:00+00:00,-1.0,130,SL
BSX,M3_partial,long,2015-02-18 00:00:00+00:00,-1.0,130,SL
BSX,M4_chandelier,long,2015-02-18 00:00:00+00:00,-1.0,130,SL
BSX,M5_mp1,long,2015-02-18 00:00:00+00:00,-1.0,130,SL
BSX,M6_time10,long,2015-02-18 00:00:00+00:00,0.03953217874809616,10,TIME
BSX,M1_fix2R,long,2015-05-28 00:00:00+00:00,-1.0,7,SL
BSX,M2_fix3R,long,2015-05-28 00:00:00+00:00,-1.0,7,SL
BSX,M3_partial,long,2015-05-28 00:00:00+00:00,-1.0,7,SL
BSX,M4_chandelier,long,2015-05-28 00:00:00+00:00,-1.0,7,SL
BSX,M5_mp1,long,2015-05-28 00:00:00+00:00,-1.0,7,SL
BSX,M6_time10,long,2015-05-28 00:00:00+00:00,-1.0,7,SL
CAG,M1_fix2R,long,2014-11-18 00:00:00+00:00,-1.0,60,SL
CAG,M2_fix3R,long,2014-11-18 00:00:00+00:00,-1.0,60,SL
CAG,M3_partial,long,2014-11-18 00:00:00+00:00,0.5,21,STOP_MOVED
CAG,M4_chandelier,long,2014-11-18 00:00:00+00:00,0.2137579429584792,21,STOP_MOVED
CAG,M5_mp1,long,2014-11-18 00:00:00+00:00,-1.0,60,SL
CAG,M6_time10,long,2014-11-18 00:00:00+00:00,0.7125387911925578,10,TIME
CAH,M1_fix2R,long,2013-10-31 00:00:00+00:00,1.9999999999999984,27,TP
CAH,M2_fix3R,long,2013-10-31 00:00:00+00:00,3.0,77,TP
CAH,M3_partial,long,2013-10-31 00:00:00+00:00,2.0,77,TP
CAH,M4_chandelier,long,2013-10-31 00:00:00+00:00,0.9824841706799206,24,STOP_MOVED
CAH,M5_mp1,long,2013-10-31 00:00:00+00:00,1.169066352453079,23,EMA_TRAIL
CAH,M6_time10,long,2013-10-31 00:00:00+00:00,1.296975033008748,10,TIME
CAT,M1_fix2R,long,2016-07-26 00:00:00+00:00,2.0,76,TP
CAT,M2_fix3R,long,2016-07-26 00:00:00+00:00,3.0,127,TP
CAT,M3_partial,long,2016-07-26 00:00:00+00:00,0.5,66,STOP_MOVED
CAT,M4_chandelier,long,2016-07-26 00:00:00+00:00,0.5211876445995909,62,STOP_MOVED
CAT,M5_mp1,long,2016-07-26 00:00:00+00:00,1.8773457266171498,99,EMA_TRAIL
CAT,M6_time10,long,2016-07-26 00:00:00+00:00,-0.0005208967542028311,10,TIME
CAT,M1_fix2R,long,2016-12-01 00:00:00+00:00,-1.0,11,SL
CAT,M2_fix3R,long,2016-12-01 00:00:00+00:00,-1.0,11,SL
CAT,M3_partial,long,2016-12-01 00:00:00+00:00,-1.0,11,SL
CAT,M4_chandelier,long,2016-12-01 00:00:00+00:00,-1.0,11,SL
CAT,M5_mp1,long,2016-12-01 00:00:00+00:00,-1.0,11,SL
CAT,M6_time10,long,2016-12-01 00:00:00+00:00,-0.5001716861798138,10,TIME
CAT,M1_fix2R,long,2017-07-25 00:00:00+00:00,2.0,64,TP
CAT,M2_fix3R,long,2017-07-25 00:00:00+00:00,3.0000000000000013,99,TP
CAT,M3_partial,long,2017-07-25 00:00:00+00:00,2.000000000000001,99,TP
CAT,M4_chandelier,long,2017-07-25 00:00:00+00:00,1.90175038813025,76,STOP_MOVED
CAT,M5_mp1,long,2017-07-25 00:00:00+00:00,1.7300005503086466,80,EMA_TRAIL
CAT,M6_time10,long,2017-07-25 00:00:00+00:00,-0.02320215113752598,10,TIME
CAT,M1_fix2R,long,2017-12-13 00:00:00+00:00,2.0,16,TP
CAT,M2_fix3R,long,2017-12-13 00:00:00+00:00,3.0,20,TP
CAT,M3_partial,long,2017-12-13 00:00:00+00:00,2.0,20,TP
CAT,M4_chandelier,long,2017-12-13 00:00:00+00:00,2.357621899397508,28,STOP_MOVED
CAT,M5_mp1,long,2017-12-13 00:00:00+00:00,1.805842808195637,30,EMA_TRAIL
CAT,M6_time10,long,2017-12-13 00:00:00+00:00,1.3709129499676493,10,TIME
CBG,M1_fix2R,long,2015-03-31 00:00:00+00:00,-1.0,101,SL
CBG,M2_fix3R,long,2015-03-31 00:00:00+00:00,-1.0,101,SL
CBG,M3_partial,long,2015-03-31 00:00:00+00:00,-1.0,101,SL
CBG,M4_chandelier,long,2015-03-31 00:00:00+00:00,-1.0,101,SL
CBG,M5_mp1,long,2015-03-31 00:00:00+00:00,-1.0,101,SL
CBG,M6_time10,long,2015-03-31 00:00:00+00:00,-0.08815745246650622,10,TIME
CBG,M1_fix2R,long,2017-12-27 00:00:00+00:00,2.0,17,TP
CBG,M2_fix3R,long,2017-12-27 00:00:00+00:00,-1.0,26,SL
CBG,M3_partial,long,2017-12-27 00:00:00+00:00,0.5,26,STOP_MOVED
CBG,M4_chandelier,long,2017-12-27 00:00:00+00:00,0.45103965090551823,25,STOP_MOVED
CBG,M5_mp1,long,2017-12-27 00:00:00+00:00,0.683634396498784,25,EMA_TRAIL
CBG,M6_time10,long,2017-12-27 00:00:00+00:00,1.1839093752329217,10,TIME
CBOE,M1_fix2R,long,2016-09-23 00:00:00+00:00,-1.0,1,SL
CBOE,M2_fix3R,long,2016-09-23 00:00:00+00:00,-1.0,1,SL
CBOE,M3_partial,long,2016-09-23 00:00:00+00:00,-1.0,1,SL
CBOE,M4_chandelier,long,2016-09-23 00:00:00+00:00,-1.0,1,SL
CBOE,M5_mp1,long,2016-09-23 00:00:00+00:00,-1.0,1,SL
CBOE,M6_time10,long,2016-09-23 00:00:00+00:00,-1.0,1,SL
CBOE,M1_fix2R,long,2017-09-05 00:00:00+00:00,2.0,20,TP
CBOE,M2_fix3R,long,2017-09-05 00:00:00+00:00,3.0,38,TP
CBOE,M3_partial,long,2017-09-05 00:00:00+00:00,2.0,38,TP
CBOE,M4_chandelier,long,2017-09-05 00:00:00+00:00,2.75866457127527,47,STOP_MOVED
CBOE,M5_mp1,long,2017-09-05 00:00:00+00:00,4.680111669030401,82,EMA_TRAIL
CBOE,M6_time10,long,2017-09-05 00:00:00+00:00,0.9591168691785941,10,TIME
CBOE,M1_fix2R,long,2017-11-20 00:00:00+00:00,2.0000000000000027,32,TP
CBOE,M2_fix3R,long,2017-11-20 00:00:00+00:00,3.0,42,TP
CBOE,M3_partial,long,2017-11-20 00:00:00+00:00,2.0,42,TP
CBOE,M4_chandelier,long,2017-11-20 00:00:00+00:00,0.6964934532087815,28,STOP_MOVED
CBOE,M5_mp1,long,2017-11-20 00:00:00+00:00,0.9435590798717499,28,EMA_TRAIL
CBOE,M6_time10,long,2017-11-20 00:00:00+00:00,0.8648950120963635,10,TIME
CDNS,M1_fix2R,long,2015-10-27 00:00:00+00:00,-1.0,24,SL
CDNS,M2_fix3R,long,2015-10-27 00:00:00+00:00,-1.0,24,SL
CDNS,M3_partial,long,2015-10-27 00:00:00+00:00,0.5,18,STOP_MOVED
CDNS,M4_chandelier,long,2015-10-27 00:00:00+00:00,0.4490871313003008,18,STOP_MOVED
CDNS,M5_mp1,long,2015-10-27 00:00:00+00:00,-1.0,24,SL
CDNS,M6_time10,long,2015-10-27 00:00:00+00:00,1.0078684498011523,10,TIME
CDNS,M1_fix2R,long,2017-07-25 00:00:00+00:00,2.0,54,TP
CDNS,M2_fix3R,long,2017-07-25 00:00:00+00:00,3.0,70,TP
CDNS,M3_partial,long,2017-07-25 00:00:00+00:00,2.0,70,TP
CDNS,M4_chandelier,long,2017-07-25 00:00:00+00:00,0.5389144399095159,33,STOP_MOVED
CDNS,M5_mp1,long,2017-07-25 00:00:00+00:00,2.4580866903901257,89,EMA_TRAIL
CDNS,M6_time10,long,2017-07-25 00:00:00+00:00,0.055885275719655174,10,TIME
CERN,M1_fix2R,long,2016-08-03 00:00:00+00:00,-1.0,42,SL
CERN,M2_fix3R,long,2016-08-03 00:00:00+00:00,-1.0,42,SL
CERN,M3_partial,long,2016-08-03 00:00:00+00:00,-1.0,42,SL
CERN,M4_chandelier,long,2016-08-03 00:00:00+00:00,-1.0,42,SL
CERN,M5_mp1,long,2016-08-03 00:00:00+00:00,-1.0,42,SL
CERN,M6_time10,long,2016-08-03 00:00:00+00:00,-0.18175473135501913,10,TIME
CF,M1_fix2R,long,2013-12-04 00:00:00+00:00,2.0,274,TP
CF,M2_fix3R,long,2013-12-04 00:00:00+00:00,3.0,367,TP
CF,M3_partial,long,2013-12-04 00:00:00+00:00,0.5,89,STOP_MOVED
CF,M4_chandelier,long,2013-12-04 00:00:00+00:00,0.5253067337053278,67,STOP_MOVED
CF,M5_mp1,long,2013-12-04 00:00:00+00:00,1.2166837581554253,214,EMA_TRAIL
CF,M6_time10,long,2013-12-04 00:00:00+00:00,-0.3384146232549062,10,TIME
CF,M1_fix2R,long,2015-05-21 00:00:00+00:00,-1.0,32,SL
CF,M2_fix3R,long,2015-05-21 00:00:00+00:00,-1.0,32,SL
CF,M3_partial,long,2015-05-21 00:00:00+00:00,-1.0,32,SL
CF,M4_chandelier,long,2015-05-21 00:00:00+00:00,-1.0,32,SL
CF,M5_mp1,long,2015-05-21 00:00:00+00:00,-1.0,32,SL
CF,M6_time10,long,2015-05-21 00:00:00+00:00,0.03169379698020246,10,TIME
CFG,M1_fix2R,long,2017-11-29 00:00:00+00:00,2.0,36,TP
CFG,M2_fix3R,long,2017-11-29 00:00:00+00:00,1.1243334977385226,47,EOS
CFG,M3_partial,long,2017-11-29 00:00:00+00:00,1.0621667488692612,47,EOS
CFG,M4_chandelier,long,2017-11-29 00:00:00+00:00,1.2861494334244572,45,STOP_MOVED
CFG,M5_mp1,long,2017-11-29 00:00:00+00:00,1.0389925540527436,45,EMA_TRAIL
CFG,M6_time10,long,2017-11-29 00:00:00+00:00,0.17135390005928017,10,TIME
CFG,M1_fix2R,long,2018-01-03 00:00:00+00:00,2.0,11,TP
CFG,M2_fix3R,long,2018-01-03 00:00:00+00:00,3.0,14,TP
CFG,M3_partial,long,2018-01-03 00:00:00+00:00,2.0,14,TP
CFG,M4_chandelier,long,2018-01-03 00:00:00+00:00,1.3296266966778005,22,STOP_MOVED
CFG,M5_mp1,long,2018-01-03 00:00:00+00:00,0.6863044578840798,22,EMA_TRAIL
CFG,M6_time10,long,2018-01-03 00:00:00+00:00,1.5245992624924787,10,TIME
CHRW,M1_fix2R,long,2014-07-15 00:00:00+00:00,2.0,11,TP
CHRW,M2_fix3R,long,2014-07-15 00:00:00+00:00,3.0,11,TP
CHRW,M3_partial,long,2014-07-15 00:00:00+00:00,0.5,10,STOP_MOVED
CHRW,M4_chandelier,long,2014-07-15 00:00:00+00:00,0.0,10,STOP_MOVED
CHRW,M5_mp1,long,2014-07-15 00:00:00+00:00,1.5102973605727756,35,EMA_TRAIL
CHRW,M6_time10,long,2014-07-15 00:00:00+00:00,0.02141445276271712,10,TIME
CHRW,M1_fix2R,long,2014-10-27 00:00:00+00:00,-1.0,3,SL
CHRW,M2_fix3R,long,2014-10-27 00:00:00+00:00,-1.0,3,SL
CHRW,M3_partial,long,2014-10-27 00:00:00+00:00,0.5,3,STOP_MOVED
CHRW,M4_chandelier,long,2014-10-27 00:00:00+00:00,0.0,3,STOP_MOVED
CHRW,M5_mp1,long,2014-10-27 00:00:00+00:00,-1.0,3,SL
CHRW,M6_time10,long,2014-10-27 00:00:00+00:00,-1.0,3,SL
CHTR,M1_fix2R,long,2016-08-09 00:00:00+00:00,2.0,113,TP
CHTR,M2_fix3R,long,2016-08-09 00:00:00+00:00,3.000000000000001,117,TP
CHTR,M3_partial,long,2016-08-09 00:00:00+00:00,2.0000000000000004,117,TP
CHTR,M4_chandelier,long,2016-08-09 00:00:00+00:00,2.4894695812161953,118,STOP_MOVED
CHTR,M5_mp1,long,2016-08-09 00:00:00+00:00,2.2006666206992103,142,EMA_TRAIL
CHTR,M6_time10,long,2016-08-09 00:00:00+00:00,-0.14526919394079021,10,TIME
CHTR,M1_fix2R,long,2016-09-01 00:00:00+00:00,-1.0,39,SL
CHTR,M2_fix3R,long,2016-09-01 00:00:00+00:00,-1.0,39,SL
CHTR,M3_partial,long,2016-09-01 00:00:00+00:00,-1.0,39,SL
CHTR,M4_chandelier,long,2016-09-01 00:00:00+00:00,-1.0,39,SL
CHTR,M5_mp1,long,2016-09-01 00:00:00+00:00,-1.0,39,SL
CHTR,M6_time10,long,2016-09-01 00:00:00+00:00,-0.14052597384733517,10,TIME
CHTR,M1_fix2R,long,2017-01-17 00:00:00+00:00,2.0,7,TP
CHTR,M2_fix3R,long,2017-01-17 00:00:00+00:00,3.0,94,TP
CHTR,M3_partial,long,2017-01-17 00:00:00+00:00,2.0,94,TP
CHTR,M4_chandelier,long,2017-01-17 00:00:00+00:00,0.9599782222640493,8,STOP_MOVED
CHTR,M5_mp1,long,2017-01-17 00:00:00+00:00,1.2116867012454384,32,EMA_TRAIL
CHTR,M6_time10,long,2017-01-17 00:00:00+00:00,2.0,7,TP
CI,M1_fix2R,long,2015-05-22 00:00:00+00:00,2.0,4,TP
CI,M2_fix3R,long,2015-05-22 00:00:00+00:00,3.0,15,TP
CI,M3_partial,long,2015-05-22 00:00:00+00:00,0.5,15,STOP_MOVED
CI,M4_chandelier,long,2015-05-22 00:00:00+00:00,0.2787426399231788,8,STOP_MOVED
CI,M5_mp1,long,2015-05-22 00:00:00+00:00,0.5,15,STOP_MOVED
CI,M6_time10,long,2015-05-22 00:00:00+00:00,2.0,4,TP
CI,M1_fix2R,long,2017-02-27 00:00:00+00:00,-1.0,20,SL
CI,M2_fix3R,long,2017-02-27 00:00:00+00:00,-1.0,20,SL
CI,M3_partial,long,2017-02-27 00:00:00+00:00,-1.0,20,SL
CI,M4_chandelier,long,2017-02-27 00:00:00+00:00,-1.0,20,SL
CI,M5_mp1,long,2017-02-27 00:00:00+00:00,-1.0,20,SL
CI,M6_time10,long,2017-02-27 00:00:00+00:00,0.6652963349144727,10,TIME
CINF,M1_fix2R,long,2015-10-28 00:00:00+00:00,-1.0,36,SL
CINF,M2_fix3R,long,2015-10-28 00:00:00+00:00,-1.0,36,SL
CINF,M3_partial,long,2015-10-28 00:00:00+00:00,-1.0,36,SL
CINF,M4_chandelier,long,2015-10-28 00:00:00+00:00,-1.0,36,SL
CINF,M5_mp1,long,2015-10-28 00:00:00+00:00,-1.0,36,SL
CINF,M6_time10,long,2015-10-28 00:00:00+00:00,-0.07463978241776341,10,TIME
CL,M1_fix2R,long,2014-07-08 00:00:00+00:00,-1.0,13,SL
CL,M2_fix3R,long,2014-07-08 00:00:00+00:00,-1.0,13,SL
CL,M3_partial,long,2014-07-08 00:00:00+00:00,-1.0,13,SL
CL,M4_chandelier,long,2014-07-08 00:00:00+00:00,-1.0,13,SL
CL,M5_mp1,long,2014-07-08 00:00:00+00:00,-1.0,13,SL
CL,M6_time10,long,2014-07-08 00:00:00+00:00,-0.6043831329814736,10,TIME
CME,M1_fix2R,long,2017-09-06 00:00:00+00:00,2.0,21,TP
CME,M2_fix3R,long,2017-09-06 00:00:00+00:00,3.0,54,TP
CME,M3_partial,long,2017-09-06 00:00:00+00:00,2.0,54,TP
CME,M4_chandelier,long,2017-09-06 00:00:00+00:00,1.1004305842096305,34,STOP_MOVED
CME,M5_mp1,long,2017-09-06 00:00:00+00:00,1.3885942181071522,31,EMA_TRAIL
CME,M6_time10,long,2017-09-06 00:00:00+00:00,1.0934465297459024,10,TIME
CMG,M1_fix2R,long,2013-09-30 00:00:00+00:00,2.0,14,TP
CMG,M2_fix3R,long,2013-09-30 00:00:00+00:00,3.0,14,TP
CMG,M3_partial,long,2013-09-30 00:00:00+00:00,2.0,14,TP
CMG,M4_chandelier,long,2013-09-30 00:00:00+00:00,5.489939555604882,42,STOP_MOVED
CMG,M5_mp1,long,2013-09-30 00:00:00+00:00,4.169818122667733,41,EMA_TRAIL
CMG,M6_time10,long,2013-09-30 00:00:00+00:00,0.7350118659457958,10,TIME
CMI,M1_fix2R,long,2016-07-26 00:00:00+00:00,-1.0,30,SL
CMI,M2_fix3R,long,2016-07-26 00:00:00+00:00,-1.0,30,SL
CMI,M3_partial,long,2016-07-26 00:00:00+00:00,-1.0,30,SL
CMI,M4_chandelier,long,2016-07-26 00:00:00+00:00,-1.0,30,SL
CMI,M5_mp1,long,2016-07-26 00:00:00+00:00,-1.0,30,SL
CMI,M6_time10,long,2016-07-26 00:00:00+00:00,0.6206512310788952,10,TIME
CMI,M1_fix2R,long,2017-02-09 00:00:00+00:00,2.0,89,TP
CMI,M2_fix3R,long,2017-02-09 00:00:00+00:00,3.0,164,TP
CMI,M3_partial,long,2017-02-09 00:00:00+00:00,0.5,68,STOP_MOVED
CMI,M4_chandelier,long,2017-02-09 00:00:00+00:00,0.5238930284190964,67,STOP_MOVED
CMI,M5_mp1,long,2017-02-09 00:00:00+00:00,0.7920626196641006,67,EMA_TRAIL
CMI,M6_time10,long,2017-02-09 00:00:00+00:00,-0.05079513900438207,10,TIME
CNC,M1_fix2R,long,2014-10-28 00:00:00+00:00,2.0,36,TP
CNC,M2_fix3R,long,2014-10-28 00:00:00+00:00,3.0,67,TP
CNC,M3_partial,long,2014-10-28 00:00:00+00:00,2.0,67,TP
CNC,M4_chandelier,long,2014-10-28 00:00:00+00:00,5.122933430782779,102,STOP_MOVED
CNC,M5_mp1,long,2014-10-28 00:00:00+00:00,3.995912907493136,115,EMA_TRAIL
CNC,M6_time10,long,2014-10-28 00:00:00+00:00,0.7188674221130812,10,TIME
CNP,M1_fix2R,long,2017-02-28 00:00:00+00:00,2.0,113,TP
CNP,M2_fix3R,long,2017-02-28 00:00:00+00:00,3.0,135,TP
CNP,M3_partial,long,2017-02-28 00:00:00+00:00,0.5,49,STOP_MOVED
CNP,M4_chandelier,long,2017-02-28 00:00:00+00:00,0.5861433172179477,46,STOP_MOVED
CNP,M5_mp1,long,2017-02-28 00:00:00+00:00,1.0379038354831631,45,EMA_TRAIL
CNP,M6_time10,long,2017-02-28 00:00:00+00:00,0.1636694696316578,10,TIME
COL,M1_fix2R,long,2016-12-01 00:00:00+00:00,-1.0,27,SL
COL,M2_fix3R,long,2016-12-01 00:00:00+00:00,-1.0,27,SL
COL,M3_partial,long,2016-12-01 00:00:00+00:00,-1.0,27,SL
COL,M4_chandelier,long,2016-12-01 00:00:00+00:00,-1.0,27,SL
COL,M5_mp1,long,2016-12-01 00:00:00+00:00,-1.0,27,SL
COL,M6_time10,long,2016-12-01 00:00:00+00:00,-0.524835548772389,10,TIME
COL,M1_fix2R,long,2017-08-29 00:00:00+00:00,0.8034549901097605,111,EOS
COL,M2_fix3R,long,2017-08-29 00:00:00+00:00,0.8034549901097605,111,EOS
COL,M3_partial,long,2017-08-29 00:00:00+00:00,0.9017274950548803,111,EOS
COL,M4_chandelier,long,2017-08-29 00:00:00+00:00,0.9982923475197641,109,STOP_MOVED
COL,M5_mp1,long,2017-08-29 00:00:00+00:00,0.8996360420728491,109,EMA_TRAIL
COL,M6_time10,long,2017-08-29 00:00:00+00:00,0.06018204738625196,10,TIME
COO,M1_fix2R,long,2017-05-15 00:00:00+00:00,2.0,13,TP
COO,M2_fix3R,long,2017-05-15 00:00:00+00:00,3.0,13,TP
COO,M3_partial,long,2017-05-15 00:00:00+00:00,2.0,13,TP
COO,M4_chandelier,long,2017-05-15 00:00:00+00:00,4.616022542264886,32,STOP_MOVED
COO,M5_mp1,long,2017-05-15 00:00:00+00:00,3.6955456725069595,32,EMA_TRAIL
COO,M6_time10,long,2017-05-15 00:00:00+00:00,1.4394298186636285,10,TIME
COTY,M1_fix2R,long,2015-06-16 00:00:00+00:00,-1.0,73,SL
COTY,M2_fix3R,long,2015-06-16 00:00:00+00:00,-1.0,73,SL
COTY,M3_partial,long,2015-06-16 00:00:00+00:00,-1.0,73,SL
COTY,M4_chandelier,long,2015-06-16 00:00:00+00:00,-1.0,73,SL
COTY,M5_mp1,long,2015-06-16 00:00:00+00:00,-1.0,73,SL
COTY,M6_time10,long,2015-06-16 00:00:00+00:00,0.15156602351193865,10,TIME
CSCO,M1_fix2R,long,2018-01-03 00:00:00+00:00,2.0,11,TP
CSCO,M2_fix3R,long,2018-01-03 00:00:00+00:00,3.0,14,TP
CSCO,M3_partial,long,2018-01-03 00:00:00+00:00,2.0,14,TP
CSCO,M4_chandelier,long,2018-01-03 00:00:00+00:00,1.6536885756891024,20,STOP_MOVED
CSCO,M5_mp1,long,2018-01-03 00:00:00+00:00,1.501259282533122,21,EMA_TRAIL
CSCO,M6_time10,long,2018-01-03 00:00:00+00:00,1.8248138506116744,10,TIME
CTAS,M1_fix2R,long,2013-10-24 00:00:00+00:00,-1.0,10,SL
CTAS,M2_fix3R,long,2013-10-24 00:00:00+00:00,-1.0,10,SL
CTAS,M3_partial,long,2013-10-24 00:00:00+00:00,-1.0,10,SL
CTAS,M4_chandelier,long,2013-10-24 00:00:00+00:00,-1.0,10,SL
CTAS,M5_mp1,long,2013-10-24 00:00:00+00:00,-1.0,10,SL
CTAS,M6_time10,long,2013-10-24 00:00:00+00:00,-1.0,10,SL
CTAS,M1_fix2R,long,2016-07-20 00:00:00+00:00,1.9999999999999987,170,TP
CTAS,M2_fix3R,long,2016-07-20 00:00:00+00:00,2.9999999999999987,260,TP
CTAS,M3_partial,long,2016-07-20 00:00:00+00:00,0.5,65,STOP_MOVED
CTAS,M4_chandelier,long,2016-07-20 00:00:00+00:00,0.8182725062576858,36,STOP_MOVED
CTAS,M5_mp1,long,2016-07-20 00:00:00+00:00,1.4916596882608297,180,EMA_TRAIL
CTAS,M6_time10,long,2016-07-20 00:00:00+00:00,-0.058284560759197884,10,TIME
CTAS,M1_fix2R,long,2016-08-16 00:00:00+00:00,-1.0,51,SL
CTAS,M2_fix3R,long,2016-08-16 00:00:00+00:00,-1.0,51,SL
CTAS,M3_partial,long,2016-08-16 00:00:00+00:00,-1.0,51,SL
CTAS,M4_chandelier,long,2016-08-16 00:00:00+00:00,-1.0,51,SL
CTAS,M5_mp1,long,2016-08-16 00:00:00+00:00,-1.0,51,SL
CTAS,M6_time10,long,2016-08-16 00:00:00+00:00,0.5175200339216209,10,TIME
CTL,M1_fix2R,long,2014-05-08 00:00:00+00:00,2.0,56,TP
CTL,M2_fix3R,long,2014-05-08 00:00:00+00:00,3.0,56,TP
CTL,M3_partial,long,2014-05-08 00:00:00+00:00,0.5,20,STOP_MOVED
CTL,M4_chandelier,long,2014-05-08 00:00:00+00:00,0.41476655467496176,8,STOP_MOVED
CTL,M5_mp1,long,2014-05-08 00:00:00+00:00,1.2564630185424808,85,EMA_TRAIL
CTL,M6_time10,long,2014-05-08 00:00:00+00:00,0.09286245458361635,10,TIME
CVX,M1_fix2R,long,2016-06-07 00:00:00+00:00,-1.0,7,SL
CVX,M2_fix3R,long,2016-06-07 00:00:00+00:00,-1.0,7,SL
CVX,M3_partial,long,2016-06-07 00:00:00+00:00,-1.0,7,SL
CVX,M4_chandelier,long,2016-06-07 00:00:00+00:00,-1.0,7,SL
CVX,M5_mp1,long,2016-06-07 00:00:00+00:00,-1.0,7,SL
CVX,M6_time10,long,2016-06-07 00:00:00+00:00,-1.0,7,SL
CVX,M1_fix2R,long,2018-01-11 00:00:00+00:00,-1.0,12,SL
CVX,M2_fix3R,long,2018-01-11 00:00:00+00:00,-1.0,12,SL
CVX,M3_partial,long,2018-01-11 00:00:00+00:00,-1.0,12,SL
CVX,M4_chandelier,long,2018-01-11 00:00:00+00:00,-1.0,12,SL
CVX,M5_mp1,long,2018-01-11 00:00:00+00:00,-1.0,12,SL
CVX,M6_time10,long,2018-01-11 00:00:00+00:00,-0.25537495690181516,10,TIME
DE,M1_fix2R,long,2017-08-08 00:00:00+00:00,-1.0,2,SL
DE,M2_fix3R,long,2017-08-08 00:00:00+00:00,-1.0,2,SL
DE,M3_partial,long,2017-08-08 00:00:00+00:00,-1.0,2,SL
DE,M4_chandelier,long,2017-08-08 00:00:00+00:00,-1.0,2,SL
DE,M5_mp1,long,2017-08-08 00:00:00+00:00,-1.0,2,SL
DE,M6_time10,long,2017-08-08 00:00:00+00:00,-1.0,2,SL
DG,M1_fix2R,long,2014-12-04 00:00:00+00:00,-1.0,25,SL
DG,M2_fix3R,long,2014-12-04 00:00:00+00:00,-1.0,25,SL
DG,M3_partial,long,2014-12-04 00:00:00+00:00,0.5,8,STOP_MOVED
DG,M4_chandelier,long,2014-12-04 00:00:00+00:00,0.0,8,STOP_MOVED
DG,M5_mp1,long,2014-12-04 00:00:00+00:00,0.5,12,STOP_MOVED
DG,M6_time10,long,2014-12-04 00:00:00+00:00,1.4784194974025922,10,TIME
DG,M1_fix2R,long,2015-03-12 00:00:00+00:00,-1.0,126,SL
DG,M2_fix3R,long,2015-03-12 00:00:00+00:00,-1.0,126,SL
DG,M3_partial,long,2015-03-12 00:00:00+00:00,0.5,114,STOP_MOVED
DG,M4_chandelier,long,2015-03-12 00:00:00+00:00,0.9872585632931749,95,STOP_MOVED
DG,M5_mp1,long,2015-03-12 00:00:00+00:00,1.24517595987931,94,EMA_TRAIL
DG,M6_time10,long,2015-03-12 00:00:00+00:00,0.10491266314052512,10,TIME
DG,M1_fix2R,long,2016-03-10 00:00:00+00:00,-1.0,124,SL
DG,M2_fix3R,long,2016-03-10 00:00:00+00:00,-1.0,124,SL
DG,M3_partial,long,2016-03-10 00:00:00+00:00,0.5,117,STOP_MOVED
DG,M4_chandelier,long,2016-03-10 00:00:00+00:00,0.942289091842809,100,STOP_MOVED
DG,M5_mp1,long,2016-03-10 00:00:00+00:00,-1.0,124,SL
DG,M6_time10,long,2016-03-10 00:00:00+00:00,0.059829244531614235,10,TIME
DGX,M1_fix2R,long,2017-01-26 00:00:00+00:00,2.0,32,TP
DGX,M2_fix3R,long,2017-01-26 00:00:00+00:00,3.0,58,TP
DGX,M3_partial,long,2017-01-26 00:00:00+00:00,2.0,58,TP
DGX,M4_chandelier,long,2017-01-26 00:00:00+00:00,1.3180500729246092,49,STOP_MOVED
DGX,M5_mp1,long,2017-01-26 00:00:00+00:00,1.6016826230307024,45,EMA_TRAIL
DGX,M6_time10,long,2017-01-26 00:00:00+00:00,0.24979655012484114,10,TIME
DGX,M1_fix2R,long,2017-04-20 00:00:00+00:00,-1.0,109,SL
DGX,M2_fix3R,long,2017-04-20 00:00:00+00:00,-1.0,109,SL
DGX,M3_partial,long,2017-04-20 00:00:00+00:00,0.5,104,STOP_MOVED
DGX,M4_chandelier,long,2017-04-20 00:00:00+00:00,0.6089525452574999,53,STOP_MOVED
DGX,M5_mp1,long,2017-04-20 00:00:00+00:00,-1.0,109,SL
DGX,M6_time10,long,2017-04-20 00:00:00+00:00,0.3928683212690929,10,TIME
DHI,M1_fix2R,long,2017-07-07 00:00:00+00:00,2.0,60,TP
DHI,M2_fix3R,long,2017-07-07 00:00:00+00:00,3.0,73,TP
DHI,M3_partial,long,2017-07-07 00:00:00+00:00,2.0,73,TP
DHI,M4_chandelier,long,2017-07-07 00:00:00+00:00,7.110107741403113,129,STOP_MOVED
DHI,M5_mp1,long,2017-07-07 00:00:00+00:00,5.266600535992329,129,EMA_TRAIL
DHI,M6_time10,long,2017-07-07 00:00:00+00:00,0.37024207333996484,10,TIME
DHI,M1_fix2R,long,2017-09-27 00:00:00+00:00,2.0,16,TP
DHI,M2_fix3R,long,2017-09-27 00:00:00+00:00,3.0,22,TP
DHI,M3_partial,long,2017-09-27 00:00:00+00:00,2.0,22,TP
DHI,M4_chandelier,long,2017-09-27 00:00:00+00:00,6.421343322400306,72,STOP_MOVED
DHI,M5_mp1,long,2017-09-27 00:00:00+00:00,4.809311891035392,72,EMA_TRAIL
DHI,M6_time10,long,2017-09-27 00:00:00+00:00,1.6647365227065958,10,TIME
DIS,M1_fix2R,long,2017-01-30 00:00:00+00:00,-1.0,75,SL
DIS,M2_fix3R,long,2017-01-30 00:00:00+00:00,-1.0,75,SL
DIS,M3_partial,long,2017-01-30 00:00:00+00:00,0.5,66,STOP_MOVED
DIS,M4_chandelier,long,2017-01-30 00:00:00+00:00,0.4319324909808193,65,STOP_MOVED
DIS,M5_mp1,long,2017-01-30 00:00:00+00:00,-1.0,75,SL
DIS,M6_time10,long,2017-01-30 00:00:00+00:00,-0.37974520317354304,10,TIME
DISH,M1_fix2R,long,2015-02-20 00:00:00+00:00,-1.0,5,SL
DISH,M2_fix3R,long,2015-02-20 00:00:00+00:00,-1.0,5,SL
DISH,M3_partial,long,2015-02-20 00:00:00+00:00,-1.0,5,SL
DISH,M4_chandelier,long,2015-02-20 00:00:00+00:00,-1.0,5,SL
DISH,M5_mp1,long,2015-02-20 00:00:00+00:00,-1.0,5,SL
DISH,M6_time10,long,2015-02-20 00:00:00+00:00,-1.0,5,SL
DLTR,M1_fix2R,long,2013-09-18 00:00:00+00:00,-1.0,84,SL
DLTR,M2_fix3R,long,2013-09-18 00:00:00+00:00,-1.0,84,SL
DLTR,M3_partial,long,2013-09-18 00:00:00+00:00,-1.0,84,SL
DLTR,M4_chandelier,long,2013-09-18 00:00:00+00:00,-1.0,84,SL
DLTR,M5_mp1,long,2013-09-18 00:00:00+00:00,-1.0,84,SL
DLTR,M6_time10,long,2013-09-18 00:00:00+00:00,0.27298291979036104,10,TIME
DLTR,M1_fix2R,long,2015-02-25 00:00:00+00:00,-1.0,60,SL
DLTR,M2_fix3R,long,2015-02-25 00:00:00+00:00,-1.0,60,SL
DLTR,M3_partial,long,2015-02-25 00:00:00+00:00,0.5,36,STOP_MOVED
DLTR,M4_chandelier,long,2015-02-25 00:00:00+00:00,0.4327561574600871,21,STOP_MOVED
DLTR,M5_mp1,long,2015-02-25 00:00:00+00:00,-1.0,60,SL
DLTR,M6_time10,long,2015-02-25 00:00:00+00:00,-0.10848068261184751,10,TIME
DOV,M1_fix2R,long,2016-06-06 00:00:00+00:00,-1.0,15,SL
DOV,M2_fix3R,long,2016-06-06 00:00:00+00:00,-1.0,15,SL
DOV,M3_partial,long,2016-06-06 00:00:00+00:00,-1.0,15,SL
DOV,M4_chandelier,long,2016-06-06 00:00:00+00:00,-1.0,15,SL
DOV,M5_mp1,long,2016-06-06 00:00:00+00:00,-1.0,15,SL
DOV,M6_time10,long,2016-06-06 00:00:00+00:00,0.2963067465188666,10,TIME
DPS,M1_fix2R,long,2014-04-23 00:00:00+00:00,2.0,39,TP
DPS,M2_fix3R,long,2014-04-23 00:00:00+00:00,3.0,90,TP
DPS,M3_partial,long,2014-04-23 00:00:00+00:00,2.0,90,TP
DPS,M4_chandelier,long,2014-04-23 00:00:00+00:00,1.2843872179981162,46,STOP_MOVED
DPS,M5_mp1,long,2014-04-23 00:00:00+00:00,1.3848356466225313,46,EMA_TRAIL
DPS,M6_time10,long,2014-04-23 00:00:00+00:00,0.7664200071086595,10,TIME
DPS,M1_fix2R,long,2015-10-22 00:00:00+00:00,-1.0,267,SL
DPS,M2_fix3R,long,2015-10-22 00:00:00+00:00,-1.0,267,SL
DPS,M3_partial,long,2015-10-22 00:00:00+00:00,0.5,227,STOP_MOVED
DPS,M4_chandelier,long,2015-10-22 00:00:00+00:00,0.7001766331418134,191,STOP_MOVED
DPS,M5_mp1,long,2015-10-22 00:00:00+00:00,-1.0,267,SL
DPS,M6_time10,long,2015-10-22 00:00:00+00:00,-0.24886242717344803,10,TIME
DRI,M1_fix2R,long,2014-11-11 00:00:00+00:00,2.0,85,TP
DRI,M2_fix3R,long,2014-11-11 00:00:00+00:00,2.9999999999999987,90,TP
DRI,M3_partial,long,2014-11-11 00:00:00+00:00,1.9999999999999993,90,TP
DRI,M4_chandelier,long,2014-11-11 00:00:00+00:00,0.500985696041925,45,STOP_MOVED
DRI,M5_mp1,long,2014-11-11 00:00:00+00:00,1.455288937748924,78,EMA_TRAIL
DRI,M6_time10,long,2014-11-11 00:00:00+00:00,-0.16236500923702418,10,TIME
DRI,M1_fix2R,long,2016-03-09 00:00:00+00:00,-1.0,28,SL
DRI,M2_fix3R,long,2016-03-09 00:00:00+00:00,-1.0,28,SL
DRI,M3_partial,long,2016-03-09 00:00:00+00:00,-1.0,28,SL
DRI,M4_chandelier,long,2016-03-09 00:00:00+00:00,-1.0,28,SL
DRI,M5_mp1,long,2016-03-09 00:00:00+00:00,-1.0,28,SL
DRI,M6_time10,long,2016-03-09 00:00:00+00:00,-0.13629931623959796,10,TIME
DVN,M1_fix2R,long,2014-05-07 00:00:00+00:00,-1.0,98,SL
DVN,M2_fix3R,long,2014-05-07 00:00:00+00:00,-1.0,98,SL
DVN,M3_partial,long,2014-05-07 00:00:00+00:00,0.5,63,STOP_MOVED
DVN,M4_chandelier,long,2014-05-07 00:00:00+00:00,0.9236571354983488,47,STOP_MOVED
DVN,M5_mp1,long,2014-05-07 00:00:00+00:00,1.1354584626587019,45,EMA_TRAIL
DVN,M6_time10,long,2014-05-07 00:00:00+00:00,0.09704679084287089,10,TIME
DVN,M1_fix2R,long,2014-06-11 00:00:00+00:00,-1.0,39,SL
DVN,M2_fix3R,long,2014-06-11 00:00:00+00:00,-1.0,39,SL
DVN,M3_partial,long,2014-06-11 00:00:00+00:00,0.5,23,STOP_MOVED
DVN,M4_chandelier,long,2014-06-11 00:00:00+00:00,0.1806673674105522,23,STOP_MOVED
DVN,M5_mp1,long,2014-06-11 00:00:00+00:00,-1.0,39,SL
DVN,M6_time10,long,2014-06-11 00:00:00+00:00,1.050359384398536,10,TIME
EA,M1_fix2R,long,2017-05-10 00:00:00+00:00,1.0031460506840806,188,EOS
EA,M2_fix3R,long,2017-05-10 00:00:00+00:00,1.0031460506840806,188,EOS
EA,M3_partial,long,2017-05-10 00:00:00+00:00,1.0015730253420403,188,EOS
EA,M4_chandelier,long,2017-05-10 00:00:00+00:00,0.8643973724451512,186,STOP_MOVED
EA,M5_mp1,long,2017-05-10 00:00:00+00:00,1.168764033789387,188,EOS
EA,M6_time10,long,2017-05-10 00:00:00+00:00,0.27429304020994416,10,TIME
EFX,M1_fix2R,long,2015-02-12 00:00:00+00:00,2.0,194,TP
EFX,M2_fix3R,long,2015-02-12 00:00:00+00:00,3.0,304,TP
EFX,M3_partial,long,2015-02-12 00:00:00+00:00,0.5,133,STOP_MOVED
EFX,M4_chandelier,long,2015-02-12 00:00:00+00:00,0.9739148097403865,132,STOP_MOVED
EFX,M5_mp1,long,2015-02-12 00:00:00+00:00,1.2842068088743395,175,EMA_TRAIL
EFX,M6_time10,long,2015-02-12 00:00:00+00:00,0.06043499207285283,10,TIME
EMR,M1_fix2R,long,2017-02-07 00:00:00+00:00,-1.0,33,SL
EMR,M2_fix3R,long,2017-02-07 00:00:00+00:00,-1.0,33,SL
EMR,M3_partial,long,2017-02-07 00:00:00+00:00,-1.0,33,SL
EMR,M4_chandelier,long,2017-02-07 00:00:00+00:00,-1.0,33,SL
EMR,M5_mp1,long,2017-02-07 00:00:00+00:00,-1.0,33,SL
EMR,M6_time10,long,2017-02-07 00:00:00+00:00,-0.164107071732019,10,TIME
EQIX,M1_fix2R,long,2015-05-07 00:00:00+00:00,-1.0,27,SL
EQIX,M2_fix3R,long,2015-05-07 00:00:00+00:00,-1.0,27,SL
EQIX,M3_partial,long,2015-05-07 00:00:00+00:00,0.5,20,STOP_MOVED
EQIX,M4_chandelier,long,2015-05-07 00:00:00+00:00,0.0,20,STOP_MOVED
EQIX,M5_mp1,long,2015-05-07 00:00:00+00:00,-1.0,27,SL
EQIX,M6_time10,long,2015-05-07 00:00:00+00:00,0.671788112752367,10,TIME
ESRX,M1_fix2R,long,2015-02-24 00:00:00+00:00,-1.0,2,SL
ESRX,M2_fix3R,long,2015-02-24 00:00:00+00:00,-1.0,2,SL
ESRX,M3_partial,long,2015-02-24 00:00:00+00:00,-1.0,2,SL
ESRX,M4_chandelier,long,2015-02-24 00:00:00+00:00,-1.0,2,SL
ESRX,M5_mp1,long,2015-02-24 00:00:00+00:00,-1.0,2,SL
ESRX,M6_time10,long,2015-02-24 00:00:00+00:00,-1.0,2,SL
ESRX,M1_fix2R,long,2015-07-21 00:00:00+00:00,-1.0,7,SL
ESRX,M2_fix3R,long,2015-07-21 00:00:00+00:00,-1.0,7,SL
ESRX,M3_partial,long,2015-07-21 00:00:00+00:00,-1.0,7,SL
ESRX,M4_chandelier,long,2015-07-21 00:00:00+00:00,-1.0,7,SL
ESRX,M5_mp1,long,2015-07-21 00:00:00+00:00,-1.0,7,SL
ESRX,M6_time10,long,2015-07-21 00:00:00+00:00,-1.0,7,SL
ETFC,M1_fix2R,long,2017-11-28 00:00:00+00:00,2.0,4,TP
ETFC,M2_fix3R,long,2017-11-28 00:00:00+00:00,3.0,28,TP
ETFC,M3_partial,long,2017-11-28 00:00:00+00:00,2.0,28,TP
ETFC,M4_chandelier,long,2017-11-28 00:00:00+00:00,0.8096019590971412,12,STOP_MOVED
ETFC,M5_mp1,long,2017-11-28 00:00:00+00:00,2.501730051873024,41,EMA_TRAIL
ETFC,M6_time10,long,2017-11-28 00:00:00+00:00,2.0,4,TP
EW,M1_fix2R,long,2014-04-14 00:00:00+00:00,2.0,103,TP
EW,M2_fix3R,long,2014-04-14 00:00:00+00:00,3.0,135,TP
EW,M3_partial,long,2014-04-14 00:00:00+00:00,2.0,135,TP
EW,M4_chandelier,long,2014-04-14 00:00:00+00:00,2.443396127170677,126,STOP_MOVED
EW,M5_mp1,long,2014-04-14 00:00:00+00:00,2.060383024874579,126,EMA_TRAIL
EW,M6_time10,long,2014-04-14 00:00:00+00:00,0.023038600551544722,10,TIME
EW,M1_fix2R,long,2017-04-26 00:00:00+00:00,1.999999999999999,195,TP
EW,M2_fix3R,long,2017-04-26 00:00:00+00:00,1.5574416315346116,198,EOS
EW,M3_partial,long,2017-04-26 00:00:00+00:00,1.2787208157673058,198,EOS
EW,M4_chandelier,long,2017-04-26 00:00:00+00:00,1.5946701433673,196,STOP_MOVED
EW,M5_mp1,long,2017-04-26 00:00:00+00:00,1.5382944210230742,198,EOS
EW,M6_time10,long,2017-04-26 00:00:00+00:00,0.09216144179272408,10,TIME
EXC,M1_fix2R,long,2017-11-02 00:00:00+00:00,-1.0,24,SL
EXC,M2_fix3R,long,2017-11-02 00:00:00+00:00,-1.0,24,SL
EXC,M3_partial,long,2017-11-02 00:00:00+00:00,0.5,24,STOP_MOVED
EXC,M4_chandelier,long,2017-11-02 00:00:00+00:00,0.29263307748472345,22,STOP_MOVED
EXC,M5_mp1,long,2017-11-02 00:00:00+00:00,0.7987628022446345,22,EMA_TRAIL
EXC,M6_time10,long,2017-11-02 00:00:00+00:00,0.4389849447958502,10,TIME
EXPE,M1_fix2R,long,2015-05-22 00:00:00+00:00,2.0000000000000013,112,TP
EXPE,M2_fix3R,long,2015-05-22 00:00:00+00:00,-1.0,164,SL
EXPE,M3_partial,long,2015-05-22 00:00:00+00:00,0.5,64,STOP_MOVED
EXPE,M4_chandelier,long,2015-05-22 00:00:00+00:00,0.5125451902877544,63,STOP_MOVED
EXPE,M5_mp1,long,2015-05-22 00:00:00+00:00,0.7055873108928958,88,EMA_TRAIL
EXPE,M6_time10,long,2015-05-22 00:00:00+00:00,-0.7115760418193354,10,TIME
EXPE,M1_fix2R,long,2017-07-26 00:00:00+00:00,-1.0,5,SL
EXPE,M2_fix3R,long,2017-07-26 00:00:00+00:00,-1.0,5,SL
EXPE,M3_partial,long,2017-07-26 00:00:00+00:00,-1.0,5,SL
EXPE,M4_chandelier,long,2017-07-26 00:00:00+00:00,-1.0,5,SL
EXPE,M5_mp1,long,2017-07-26 00:00:00+00:00,-1.0,5,SL
EXPE,M6_time10,long,2017-07-26 00:00:00+00:00,-1.0,5,SL
EXR,M1_fix2R,long,2014-04-29 00:00:00+00:00,2.0,78,TP
EXR,M2_fix3R,long,2014-04-29 00:00:00+00:00,3.0,122,TP
EXR,M3_partial,long,2014-04-29 00:00:00+00:00,0.5,65,STOP_MOVED
EXR,M4_chandelier,long,2014-04-29 00:00:00+00:00,0.4807438428217338,33,STOP_MOVED
EXR,M5_mp1,long,2014-04-29 00:00:00+00:00,0.9324675496864415,33,EMA_TRAIL
EXR,M6_time10,long,2014-04-29 00:00:00+00:00,-0.12029487026503527,10,TIME
EXR,M1_fix2R,long,2014-06-05 00:00:00+00:00,-1.0,39,SL
EXR,M2_fix3R,long,2014-06-05 00:00:00+00:00,-1.0,39,SL
EXR,M3_partial,long,2014-06-05 00:00:00+00:00,-1.0,39,SL
EXR,M4_chandelier,long,2014-06-05 00:00:00+00:00,-1.0,39,SL
EXR,M5_mp1,long,2014-06-05 00:00:00+00:00,-1.0,39,SL
EXR,M6_time10,long,2014-06-05 00:00:00+00:00,0.043804843970808076,10,TIME
F,M1_fix2R,long,2013-10-24 00:00:00+00:00,-1.0,5,SL
F,M2_fix3R,long,2013-10-24 00:00:00+00:00,-1.0,5,SL
F,M3_partial,long,2013-10-24 00:00:00+00:00,-1.0,5,SL
F,M4_chandelier,long,2013-10-24 00:00:00+00:00,-1.0,5,SL
F,M5_mp1,long,2013-10-24 00:00:00+00:00,-1.0,5,SL
F,M6_time10,long,2013-10-24 00:00:00+00:00,-1.0,5,SL
F,M1_fix2R,long,2017-10-03 00:00:00+00:00,2.0,71,TP
F,M2_fix3R,long,2017-10-03 00:00:00+00:00,-1.0,78,SL
F,M3_partial,long,2017-10-03 00:00:00+00:00,0.5,72,STOP_MOVED
F,M4_chandelier,long,2017-10-03 00:00:00+00:00,1.0775400997402749,72,STOP_MOVED
F,M5_mp1,long,2017-10-03 00:00:00+00:00,0.5,72,STOP_MOVED
F,M6_time10,long,2017-10-03 00:00:00+00:00,-0.15545779918707966,10,TIME
FB,M1_fix2R,long,2015-07-17 00:00:00+00:00,-1.0,25,SL
FB,M2_fix3R,long,2015-07-17 00:00:00+00:00,-1.0,25,SL
FB,M3_partial,long,2015-07-17 00:00:00+00:00,-1.0,25,SL
FB,M4_chandelier,long,2015-07-17 00:00:00+00:00,-1.0,25,SL
FB,M5_mp1,long,2015-07-17 00:00:00+00:00,-1.0,25,SL
FB,M6_time10,long,2015-07-17 00:00:00+00:00,-0.15892995455356204,10,TIME
FB,M1_fix2R,long,2017-07-27 00:00:00+00:00,-1.0,41,SL
FB,M2_fix3R,long,2017-07-27 00:00:00+00:00,-1.0,41,SL
FB,M3_partial,long,2017-07-27 00:00:00+00:00,-1.0,41,SL
FB,M4_chandelier,long,2017-07-27 00:00:00+00:00,-1.0,41,SL
FB,M5_mp1,long,2017-07-27 00:00:00+00:00,-1.0,41,SL
FB,M6_time10,long,2017-07-27 00:00:00+00:00,-0.39302855554868366,10,TIME
FDX,M1_fix2R,long,2013-10-15 00:00:00+00:00,2.0,15,TP
FDX,M2_fix3R,long,2013-10-15 00:00:00+00:00,3.0000000000000018,156,TP
FDX,M3_partial,long,2013-10-15 00:00:00+00:00,2.000000000000001,156,TP
FDX,M4_chandelier,long,2013-10-15 00:00:00+00:00,2.2042022992263393,69,STOP_MOVED
FDX,M5_mp1,long,2013-10-15 00:00:00+00:00,1.8348862847741385,40,EMA_TRAIL
FDX,M6_time10,long,2013-10-15 00:00:00+00:00,1.588602678683393,10,TIME
FIS,M1_fix2R,long,2015-02-20 00:00:00+00:00,-1.0,12,SL
FIS,M2_fix3R,long,2015-02-20 00:00:00+00:00,-1.0,12,SL
FIS,M3_partial,long,2015-02-20 00:00:00+00:00,-1.0,12,SL
FIS,M4_chandelier,long,2015-02-20 00:00:00+00:00,-1.0,12,SL
FIS,M5_mp1,long,2015-02-20 00:00:00+00:00,-1.0,12,SL
FIS,M6_time10,long,2015-02-20 00:00:00+00:00,-0.8791460778368031,10,TIME
FIS,M1_fix2R,long,2016-07-26 00:00:00+00:00,-1.0,33,SL
FIS,M2_fix3R,long,2016-07-26 00:00:00+00:00,-1.0,33,SL
FIS,M3_partial,long,2016-07-26 00:00:00+00:00,-1.0,33,SL
FIS,M4_chandelier,long,2016-07-26 00:00:00+00:00,-1.0,33,SL
FIS,M5_mp1,long,2016-07-26 00:00:00+00:00,-1.0,33,SL
FIS,M6_time10,long,2016-07-26 00:00:00+00:00,-0.29582538101906325,10,TIME
FITB,M1_fix2R,long,2016-11-09 00:00:00+00:00,2.0,20,TP
FITB,M2_fix3R,long,2016-11-09 00:00:00+00:00,3.0,241,TP
FITB,M3_partial,long,2016-11-09 00:00:00+00:00,2.0,241,TP
FITB,M4_chandelier,long,2016-11-09 00:00:00+00:00,1.6911396036815267,45,STOP_MOVED
FITB,M5_mp1,long,2016-11-09 00:00:00+00:00,1.7269113085647427,34,EMA_TRAIL
FITB,M6_time10,long,2016-11-09 00:00:00+00:00,1.6248357711800532,10,TIME
FLIR,M1_fix2R,long,2017-10-11 00:00:00+00:00,2.0,11,TP
FLIR,M2_fix3R,long,2017-10-11 00:00:00+00:00,3.0,60,TP
FLIR,M3_partial,long,2017-10-11 00:00:00+00:00,2.0,60,TP
FLIR,M4_chandelier,long,2017-10-11 00:00:00+00:00,1.5849193022365877,36,STOP_MOVED
FLIR,M5_mp1,long,2017-10-11 00:00:00+00:00,1.7381356678364444,34,EMA_TRAIL
FLIR,M6_time10,long,2017-10-11 00:00:00+00:00,1.8383362891966504,10,TIME
FLR,M1_fix2R,long,2016-03-07 00:00:00+00:00,-1.0,78,SL
FLR,M2_fix3R,long,2016-03-07 00:00:00+00:00,-1.0,78,SL
FLR,M3_partial,long,2016-03-07 00:00:00+00:00,-1.0,78,SL
FLR,M4_chandelier,long,2016-03-07 00:00:00+00:00,-1.0,78,SL
FLR,M5_mp1,long,2016-03-07 00:00:00+00:00,-1.0,78,SL
FLR,M6_time10,long,2016-03-07 00:00:00+00:00,0.589952007207489,10,TIME
FLS,M1_fix2R,long,2013-10-25 00:00:00+00:00,-1.0,242,SL
FLS,M2_fix3R,long,2013-10-25 00:00:00+00:00,-1.0,242,SL
FLS,M3_partial,long,2013-10-25 00:00:00+00:00,0.5,125,STOP_MOVED
FLS,M4_chandelier,long,2013-10-25 00:00:00+00:00,0.78418488744182,93,STOP_MOVED
FLS,M5_mp1,long,2013-10-25 00:00:00+00:00,-1.0,242,SL
FLS,M6_time10,long,2013-10-25 00:00:00+00:00,-0.19284529209761947,10,TIME
FMC,M1_fix2R,long,2017-03-31 00:00:00+00:00,2.0,112,TP
FMC,M2_fix3R,long,2017-03-31 00:00:00+00:00,3.0,192,TP
FMC,M3_partial,long,2017-03-31 00:00:00+00:00,2.0,192,TP
FMC,M4_chandelier,long,2017-03-31 00:00:00+00:00,1.9676137764665944,122,STOP_MOVED
FMC,M5_mp1,long,2017-03-31 00:00:00+00:00,1.6395892075592955,122,EMA_TRAIL
FMC,M6_time10,long,2017-03-31 00:00:00+00:00,0.3994118194392327,10,TIME
FMC,M1_fix2R,long,2017-08-31 00:00:00+00:00,2.0,13,TP
FMC,M2_fix3R,long,2017-08-31 00:00:00+00:00,3.0,85,TP
FMC,M3_partial,long,2017-08-31 00:00:00+00:00,0.5,16,STOP_MOVED
FMC,M4_chandelier,long,2017-08-31 00:00:00+00:00,0.6398210601249905,16,STOP_MOVED
FMC,M5_mp1,long,2017-08-31 00:00:00+00:00,0.5,16,STOP_MOVED
FMC,M6_time10,long,2017-08-31 00:00:00+00:00,0.9577067641509734,10,TIME
FOXA,M1_fix2R,long,2017-01-26 00:00:00+00:00,-1.0,12,SL
FOXA,M2_fix3R,long,2017-01-26 00:00:00+00:00,-1.0,12,SL
FOXA,M3_partial,long,2017-01-26 00:00:00+00:00,-1.0,12,SL
FOXA,M4_chandelier,long,2017-01-26 00:00:00+00:00,-1.0,12,SL
FOXA,M5_mp1,long,2017-01-26 00:00:00+00:00,-1.0,12,SL
FOXA,M6_time10,long,2017-01-26 00:00:00+00:00,-0.6181075363660355,10,TIME
FTI,M1_fix2R,long,2014-07-23 00:00:00+00:00,-1.0,16,SL
FTI,M2_fix3R,long,2014-07-23 00:00:00+00:00,-1.0,16,SL
FTI,M3_partial,long,2014-07-23 00:00:00+00:00,-1.0,16,SL
FTI,M4_chandelier,long,2014-07-23 00:00:00+00:00,-1.0,16,SL
FTI,M5_mp1,long,2014-07-23 00:00:00+00:00,-1.0,16,SL
FTI,M6_time10,long,2014-07-23 00:00:00+00:00,-0.5375862671802879,10,TIME
GD,M1_fix2R,long,2014-09-03 00:00:00+00:00,-1.0,21,SL
GD,M2_fix3R,long,2014-09-03 00:00:00+00:00,-1.0,21,SL
GD,M3_partial,long,2014-09-03 00:00:00+00:00,0.5,16,STOP_MOVED
GD,M4_chandelier,long,2014-09-03 00:00:00+00:00,0.21104978715511943,16,STOP_MOVED
GD,M5_mp1,long,2014-09-03 00:00:00+00:00,0.6899314949786164,14,EMA_TRAIL
GD,M6_time10,long,2014-09-03 00:00:00+00:00,0.9916374267185197,10,TIME
GD,M1_fix2R,long,2015-10-28 00:00:00+00:00,-1.0,4,SL
GD,M2_fix3R,long,2015-10-28 00:00:00+00:00,-1.0,4,SL
GD,M3_partial,long,2015-10-28 00:00:00+00:00,-1.0,4,SL
GD,M4_chandelier,long,2015-10-28 00:00:00+00:00,-1.0,4,SL
GD,M5_mp1,long,2015-10-28 00:00:00+00:00,-1.0,4,SL
GD,M6_time10,long,2015-10-28 00:00:00+00:00,-1.0,4,SL
GE,M1_fix2R,long,2016-03-17 00:00:00+00:00,-1.0,34,SL
GE,M2_fix3R,long,2016-03-17 00:00:00+00:00,-1.0,34,SL
GE,M3_partial,long,2016-03-17 00:00:00+00:00,-1.0,34,SL
GE,M4_chandelier,long,2016-03-17 00:00:00+00:00,-1.0,34,SL
GE,M5_mp1,long,2016-03-17 00:00:00+00:00,-1.0,34,SL
GE,M6_time10,long,2016-03-17 00:00:00+00:00,0.7936807687013594,10,TIME
GGP,M1_fix2R,long,2014-05-30 00:00:00+00:00,-1.0,8,SL
GGP,M2_fix3R,long,2014-05-30 00:00:00+00:00,-1.0,8,SL
GGP,M3_partial,long,2014-05-30 00:00:00+00:00,-1.0,8,SL
GGP,M4_chandelier,long,2014-05-30 00:00:00+00:00,-1.0,8,SL
GGP,M5_mp1,long,2014-05-30 00:00:00+00:00,-1.0,8,SL
GGP,M6_time10,long,2014-05-30 00:00:00+00:00,-1.0,8,SL
GILD,M1_fix2R,long,2014-08-15 00:00:00+00:00,2.0,54,TP
GILD,M2_fix3R,long,2014-08-15 00:00:00+00:00,-1.0,90,SL
GILD,M3_partial,long,2014-08-15 00:00:00+00:00,0.5,14,STOP_MOVED
GILD,M4_chandelier,long,2014-08-15 00:00:00+00:00,0.4780636538758285,14,STOP_MOVED
GILD,M5_mp1,long,2014-08-15 00:00:00+00:00,1.041185601327227,57,EMA_TRAIL
GILD,M6_time10,long,2014-08-15 00:00:00+00:00,1.001513482813588,10,TIME
GIS,M1_fix2R,long,2014-06-18 00:00:00+00:00,-1.0,4,SL
GIS,M2_fix3R,long,2014-06-18 00:00:00+00:00,-1.0,4,SL
GIS,M3_partial,long,2014-06-18 00:00:00+00:00,-1.0,4,SL
GIS,M4_chandelier,long,2014-06-18 00:00:00+00:00,-1.0,4,SL
GIS,M5_mp1,long,2014-06-18 00:00:00+00:00,-1.0,4,SL
GIS,M6_time10,long,2014-06-18 00:00:00+00:00,-1.0,4,SL
GM,M1_fix2R,long,2016-12-01 00:00:00+00:00,-1.0,91,SL
GM,M2_fix3R,long,2016-12-01 00:00:00+00:00,-1.0,91,SL
GM,M3_partial,long,2016-12-01 00:00:00+00:00,-1.0,91,SL
GM,M4_chandelier,long,2016-12-01 00:00:00+00:00,-1.0,91,SL
GM,M5_mp1,long,2016-12-01 00:00:00+00:00,-1.0,91,SL
GM,M6_time10,long,2016-12-01 00:00:00+00:00,-0.07531524100012103,10,TIME
GM,M1_fix2R,long,2017-10-02 00:00:00+00:00,-1.0,86,SL
GM,M2_fix3R,long,2017-10-02 00:00:00+00:00,-1.0,86,SL
GM,M3_partial,long,2017-10-02 00:00:00+00:00,0.5,22,STOP_MOVED
GM,M4_chandelier,long,2017-10-02 00:00:00+00:00,0.8781285629797692,19,STOP_MOVED
GM,M5_mp1,long,2017-10-02 00:00:00+00:00,0.8351340036054085,20,EMA_TRAIL
GM,M6_time10,long,2017-10-02 00:00:00+00:00,1.5227420997116172,10,TIME
GOOG,M1_fix2R,long,2015-10-23 00:00:00+00:00,2.0,346,TP
GOOG,M2_fix3R,long,2015-10-23 00:00:00+00:00,3.0,380,TP
GOOG,M3_partial,long,2015-10-23 00:00:00+00:00,0.5,55,STOP_MOVED
GOOG,M4_chandelier,long,2015-10-23 00:00:00+00:00,0.46834909332210645,35,STOP_MOVED
GOOG,M5_mp1,long,2015-10-23 00:00:00+00:00,1.2797775310627055,257,EMA_TRAIL
GOOG,M6_time10,long,2015-10-23 00:00:00+00:00,0.44389520564552354,10,TIME
GOOGL,M1_fix2R,long,2016-09-06 00:00:00+00:00,-1.0,42,SL
GOOGL,M2_fix3R,long,2016-09-06 00:00:00+00:00,-1.0,42,SL
GOOGL,M3_partial,long,2016-09-06 00:00:00+00:00,0.5,39,STOP_MOVED
GOOGL,M4_chandelier,long,2016-09-06 00:00:00+00:00,0.0,39,STOP_MOVED
GOOGL,M5_mp1,long,2016-09-06 00:00:00+00:00,-1.0,42,SL
GOOGL,M6_time10,long,2016-09-06 00:00:00+00:00,-0.34412573384164175,10,TIME
GPC,M1_fix2R,long,2016-03-17 00:00:00+00:00,-1.0,43,SL
GPC,M2_fix3R,long,2016-03-17 00:00:00+00:00,-1.0,43,SL
GPC,M3_partial,long,2016-03-17 00:00:00+00:00,-1.0,43,SL
GPC,M4_chandelier,long,2016-03-17 00:00:00+00:00,-1.0,43,SL
GPC,M5_mp1,long,2016-03-17 00:00:00+00:00,-1.0,43,SL
GPC,M6_time10,long,2016-03-17 00:00:00+00:00,0.23676554358997726,10,TIME
GPN,M1_fix2R,long,2014-01-03 00:00:00+00:00,-1.0,20,SL
GPN,M2_fix3R,long,2014-01-03 00:00:00+00:00,-1.0,20,SL
GPN,M3_partial,long,2014-01-03 00:00:00+00:00,0.5,14,STOP_MOVED
GPN,M4_chandelier,long,2014-01-03 00:00:00+00:00,0.052329835625330876,14,STOP_MOVED
GPN,M5_mp1,long,2014-01-03 00:00:00+00:00,-1.0,20,SL
GPN,M6_time10,long,2014-01-03 00:00:00+00:00,0.7402627010888775,10,TIME
GRMN,M1_fix2R,long,2013-08-29 00:00:00+00:00,2.0,18,TP
GRMN,M2_fix3R,long,2013-08-29 00:00:00+00:00,3.0,33,TP
GRMN,M3_partial,long,2013-08-29 00:00:00+00:00,2.0,33,TP
GRMN,M4_chandelier,long,2013-08-29 00:00:00+00:00,2.625527410523625,44,STOP_MOVED
GRMN,M5_mp1,long,2013-08-29 00:00:00+00:00,2.046955507279659,44,EMA_TRAIL
GRMN,M6_time10,long,2013-08-29 00:00:00+00:00,0.6051295145085397,10,TIME
GS,M1_fix2R,long,2016-11-09 00:00:00+00:00,2.0,18,TP
GS,M2_fix3R,long,2016-11-09 00:00:00+00:00,3.0,69,TP
GS,M3_partial,long,2016-11-09 00:00:00+00:00,2.0,69,TP
GS,M4_chandelier,long,2016-11-09 00:00:00+00:00,2.1418487662039967,46,STOP_MOVED
GS,M5_mp1,long,2016-11-09 00:00:00+00:00,1.9493358910054255,45,EMA_TRAIL
GS,M6_time10,long,2016-11-09 00:00:00+00:00,0.9871438334514353,10,TIME
HAL,M1_fix2R,long,2013-08-20 00:00:00+00:00,2.0,13,TP
HAL,M2_fix3R,long,2013-08-20 00:00:00+00:00,3.0,40,TP
HAL,M3_partial,long,2013-08-20 00:00:00+00:00,2.0,40,TP
HAL,M4_chandelier,long,2013-08-20 00:00:00+00:00,0.4221590182640164,28,STOP_MOVED
HAL,M5_mp1,long,2013-08-20 00:00:00+00:00,0.9469983346641594,23,EMA_TRAIL
HAL,M6_time10,long,2013-08-20 00:00:00+00:00,1.136566384661228,10,TIME
HAS,M1_fix2R,long,2015-07-20 00:00:00+00:00,-1.0,24,SL
HAS,M2_fix3R,long,2015-07-20 00:00:00+00:00,-1.0,24,SL
HAS,M3_partial,long,2015-07-20 00:00:00+00:00,-1.0,24,SL
HAS,M4_chandelier,long,2015-07-20 00:00:00+00:00,-1.0,24,SL
HAS,M5_mp1,long,2015-07-20 00:00:00+00:00,-1.0,24,SL
HAS,M6_time10,long,2015-07-20 00:00:00+00:00,-0.805476318530572,10,TIME
HBI,M1_fix2R,long,2013-10-31 00:00:00+00:00,2.0,120,TP
HBI,M2_fix3R,long,2013-10-31 00:00:00+00:00,3.0,149,TP
HBI,M3_partial,long,2013-10-31 00:00:00+00:00,0.5,63,STOP_MOVED
HBI,M4_chandelier,long,2013-10-31 00:00:00+00:00,0.09914696447429876,63,STOP_MOVED
HBI,M5_mp1,long,2013-10-31 00:00:00+00:00,1.305782341101446,106,EMA_TRAIL
HBI,M6_time10,long,2013-10-31 00:00:00+00:00,0.25900989941849717,10,TIME
HCA,M1_fix2R,long,2014-07-16 00:00:00+00:00,2.0,111,TP
HCA,M2_fix3R,long,2014-07-16 00:00:00+00:00,3.0,212,TP
HCA,M3_partial,long,2014-07-16 00:00:00+00:00,2.0,212,TP
HCA,M4_chandelier,long,2014-07-16 00:00:00+00:00,1.204497749978806,54,STOP_MOVED
HCA,M5_mp1,long,2014-07-16 00:00:00+00:00,1.4126004869891438,53,EMA_TRAIL
HCA,M6_time10,long,2014-07-16 00:00:00+00:00,0.7530478470396579,10,TIME
HCN,M1_fix2R,long,2014-08-29 00:00:00+00:00,-1.0,9,SL
HCN,M2_fix3R,long,2014-08-29 00:00:00+00:00,-1.0,9,SL
HCN,M3_partial,long,2014-08-29 00:00:00+00:00,-1.0,9,SL
HCN,M4_chandelier,long,2014-08-29 00:00:00+00:00,-1.0,9,SL
HCN,M5_mp1,long,2014-08-29 00:00:00+00:00,-1.0,9,SL
HCN,M6_time10,long,2014-08-29 00:00:00+00:00,-1.0,9,SL
HCP,M1_fix2R,long,2016-08-09 00:00:00+00:00,-1.0,22,SL
HCP,M2_fix3R,long,2016-08-09 00:00:00+00:00,-1.0,22,SL
HCP,M3_partial,long,2016-08-09 00:00:00+00:00,0.5,22,STOP_MOVED
HCP,M4_chandelier,long,2016-08-09 00:00:00+00:00,0.0,22,STOP_MOVED
HCP,M5_mp1,long,2016-08-09 00:00:00+00:00,-1.0,22,SL
HCP,M6_time10,long,2016-08-09 00:00:00+00:00,0.7047305724540007,10,TIME
HES,M1_fix2R,long,2014-07-30 00:00:00+00:00,-1.0,2,SL
HES,M2_fix3R,long,2014-07-30 00:00:00+00:00,-1.0,2,SL
HES,M3_partial,long,2014-07-30 00:00:00+00:00,-1.0,2,SL
HES,M4_chandelier,long,2014-07-30 00:00:00+00:00,-1.0,2,SL
HES,M5_mp1,long,2014-07-30 00:00:00+00:00,-1.0,2,SL
HES,M6_time10,long,2014-07-30 00:00:00+00:00,-1.0,2,SL
HIG,M1_fix2R,long,2015-08-13 00:00:00+00:00,-1.0,7,SL
HIG,M2_fix3R,long,2015-08-13 00:00:00+00:00,-1.0,7,SL
HIG,M3_partial,long,2015-08-13 00:00:00+00:00,-1.0,7,SL
HIG,M4_chandelier,long,2015-08-13 00:00:00+00:00,-1.0,7,SL
HIG,M5_mp1,long,2015-08-13 00:00:00+00:00,-1.0,7,SL
HIG,M6_time10,long,2015-08-13 00:00:00+00:00,-1.0,7,SL
HII,M1_fix2R,long,2014-02-27 00:00:00+00:00,-1.0,54,SL
HII,M2_fix3R,long,2014-02-27 00:00:00+00:00,-1.0,54,SL
HII,M3_partial,long,2014-02-27 00:00:00+00:00,0.5,14,STOP_MOVED
HII,M4_chandelier,long,2014-02-27 00:00:00+00:00,0.0,14,STOP_MOVED
HII,M5_mp1,long,2014-02-27 00:00:00+00:00,-1.0,54,SL
HII,M6_time10,long,2014-02-27 00:00:00+00:00,0.28085469801077145,10,TIME
HII,M1_fix2R,long,2016-06-08 00:00:00+00:00,-1.0,71,SL
HII,M2_fix3R,long,2016-06-08 00:00:00+00:00,-1.0,71,SL
HII,M3_partial,long,2016-06-08 00:00:00+00:00,0.5,59,STOP_MOVED
HII,M4_chandelier,long,2016-06-08 00:00:00+00:00,0.721731006474177,31,STOP_MOVED
HII,M5_mp1,long,2016-06-08 00:00:00+00:00,1.1036058621911646,41,EMA_TRAIL
HII,M6_time10,long,2016-06-08 00:00:00+00:00,-0.12129808392161258,10,TIME
HOLX,M1_fix2R,long,2015-07-30 00:00:00+00:00,-1.0,17,SL
HOLX,M2_fix3R,long,2015-07-30 00:00:00+00:00,-1.0,17,SL
HOLX,M3_partial,long,2015-07-30 00:00:00+00:00,-1.0,17,SL
HOLX,M4_chandelier,long,2015-07-30 00:00:00+00:00,-1.0,17,SL
HOLX,M5_mp1,long,2015-07-30 00:00:00+00:00,-1.0,17,SL
HOLX,M6_time10,long,2015-07-30 00:00:00+00:00,0.23520983661685688,10,TIME
HON,M1_fix2R,long,2017-12-13 00:00:00+00:00,-1.0,13,SL
HON,M2_fix3R,long,2017-12-13 00:00:00+00:00,-1.0,13,SL
HON,M3_partial,long,2017-12-13 00:00:00+00:00,-1.0,13,SL
HON,M4_chandelier,long,2017-12-13 00:00:00+00:00,-1.0,13,SL
HON,M5_mp1,long,2017-12-13 00:00:00+00:00,-1.0,13,SL
HON,M6_time10,long,2017-12-13 00:00:00+00:00,-0.4472948332522558,10,TIME
HRS,M1_fix2R,long,2014-02-18 00:00:00+00:00,-1.0,37,SL
HRS,M2_fix3R,long,2014-02-18 00:00:00+00:00,-1.0,37,SL
HRS,M3_partial,long,2014-02-18 00:00:00+00:00,-1.0,37,SL
HRS,M4_chandelier,long,2014-02-18 00:00:00+00:00,-1.0,37,SL
HRS,M5_mp1,long,2014-02-18 00:00:00+00:00,-1.0,37,SL
HRS,M6_time10,long,2014-02-18 00:00:00+00:00,0.17135871730524227,10,TIME
HRS,M1_fix2R,long,2017-11-21 00:00:00+00:00,-1.0,13,SL
HRS,M2_fix3R,long,2017-11-21 00:00:00+00:00,-1.0,13,SL
HRS,M3_partial,long,2017-11-21 00:00:00+00:00,-1.0,13,SL
HRS,M4_chandelier,long,2017-11-21 00:00:00+00:00,-1.0,13,SL
HRS,M5_mp1,long,2017-11-21 00:00:00+00:00,-1.0,13,SL
HRS,M6_time10,long,2017-11-21 00:00:00+00:00,-0.27473536661993836,10,TIME
HST,M1_fix2R,long,2017-12-15 00:00:00+00:00,2.0,25,TP
HST,M2_fix3R,long,2017-12-15 00:00:00+00:00,-1.0,33,SL
HST,M3_partial,long,2017-12-15 00:00:00+00:00,0.5,32,STOP_MOVED
HST,M4_chandelier,long,2017-12-15 00:00:00+00:00,0.3875888588125243,32,STOP_MOVED
HST,M5_mp1,long,2017-12-15 00:00:00+00:00,0.9032229502390687,31,EMA_TRAIL
HST,M6_time10,long,2017-12-15 00:00:00+00:00,-0.3248627589870701,10,TIME
HUM,M1_fix2R,long,2015-02-23 00:00:00+00:00,2.0,67,TP
HUM,M2_fix3R,long,2015-02-23 00:00:00+00:00,3.0,67,TP
HUM,M3_partial,long,2015-02-23 00:00:00+00:00,0.5,50,STOP_MOVED
HUM,M4_chandelier,long,2015-02-23 00:00:00+00:00,0.7865567499060857,46,STOP_MOVED
HUM,M5_mp1,long,2015-02-23 00:00:00+00:00,2.172169602963444,79,EMA_TRAIL
HUM,M6_time10,long,2015-02-23 00:00:00+00:00,-0.16842536938658015,10,TIME
HUM,M1_fix2R,long,2015-05-29 00:00:00+00:00,-1.0,60,SL
HUM,M2_fix3R,long,2015-05-29 00:00:00+00:00,-1.0,60,SL
HUM,M3_partial,long,2015-05-29 00:00:00+00:00,-1.0,60,SL
HUM,M4_chandelier,long,2015-05-29 00:00:00+00:00,-1.0,60,SL
HUM,M5_mp1,long,2015-05-29 00:00:00+00:00,-1.0,60,SL
HUM,M6_time10,long,2015-05-29 00:00:00+00:00,-0.058145899724681156,10,TIME
IBM,M1_fix2R,long,2016-08-11 00:00:00+00:00,-1.0,3,SL
IBM,M2_fix3R,long,2016-08-11 00:00:00+00:00,-1.0,3,SL
IBM,M3_partial,long,2016-08-11 00:00:00+00:00,-1.0,3,SL
IBM,M4_chandelier,long,2016-08-11 00:00:00+00:00,-1.0,3,SL
IBM,M5_mp1,long,2016-08-11 00:00:00+00:00,-1.0,3,SL
IBM,M6_time10,long,2016-08-11 00:00:00+00:00,-1.0,3,SL
ICE,M1_fix2R,long,2016-08-03 00:00:00+00:00,2.0,212,TP
ICE,M2_fix3R,long,2016-08-03 00:00:00+00:00,3.0,228,TP
ICE,M3_partial,long,2016-08-03 00:00:00+00:00,2.0,228,TP
ICE,M4_chandelier,long,2016-08-03 00:00:00+00:00,0.474128156327829,98,STOP_MOVED
ICE,M5_mp1,long,2016-08-03 00:00:00+00:00,1.2008936947580993,162,EMA_TRAIL
ICE,M6_time10,long,2016-08-03 00:00:00+00:00,0.18112511081474195,10,TIME
IDXX,M1_fix2R,long,2013-09-30 00:00:00+00:00,2.0,10,TP
IDXX,M2_fix3R,long,2013-09-30 00:00:00+00:00,3.0,25,TP
IDXX,M3_partial,long,2013-09-30 00:00:00+00:00,2.0,25,TP
IDXX,M4_chandelier,long,2013-09-30 00:00:00+00:00,2.1793057116821255,31,STOP_MOVED
IDXX,M5_mp1,long,2013-09-30 00:00:00+00:00,1.9382843742632603,31,EMA_TRAIL
IDXX,M6_time10,long,2013-09-30 00:00:00+00:00,2.0,10,TP
IDXX,M1_fix2R,long,2016-08-02 00:00:00+00:00,2.0,127,TP
IDXX,M2_fix3R,long,2016-08-02 00:00:00+00:00,3.0,152,TP
IDXX,M3_partial,long,2016-08-02 00:00:00+00:00,2.0,152,TP
IDXX,M4_chandelier,long,2016-08-02 00:00:00+00:00,0.5374765914367443,85,STOP_MOVED
IDXX,M5_mp1,long,2016-08-02 00:00:00+00:00,3.0186033479592274,199,EMA_TRAIL
IDXX,M6_time10,long,2016-08-02 00:00:00+00:00,0.33995993083329124,10,TIME
IFF,M1_fix2R,long,2015-02-12 00:00:00+00:00,-1.0,148,SL
IFF,M2_fix3R,long,2015-02-12 00:00:00+00:00,-1.0,148,SL
IFF,M3_partial,long,2015-02-12 00:00:00+00:00,-1.0,148,SL
IFF,M4_chandelier,long,2015-02-12 00:00:00+00:00,-1.0,148,SL
IFF,M5_mp1,long,2015-02-12 00:00:00+00:00,-1.0,148,SL
IFF,M6_time10,long,2015-02-12 00:00:00+00:00,0.7608956968946031,10,TIME
IFF,M1_fix2R,long,2015-12-01 00:00:00+00:00,-1.0,8,SL
IFF,M2_fix3R,long,2015-12-01 00:00:00+00:00,-1.0,8,SL
IFF,M3_partial,long,2015-12-01 00:00:00+00:00,-1.0,8,SL
IFF,M4_chandelier,long,2015-12-01 00:00:00+00:00,-1.0,8,SL
IFF,M5_mp1,long,2015-12-01 00:00:00+00:00,-1.0,8,SL
IFF,M6_time10,long,2015-12-01 00:00:00+00:00,-1.0,8,SL
ILMN,M1_fix2R,long,2017-11-27 00:00:00+00:00,-1.0,48,SL
ILMN,M2_fix3R,long,2017-11-27 00:00:00+00:00,-1.0,48,SL
ILMN,M3_partial,long,2017-11-27 00:00:00+00:00,0.5,46,STOP_MOVED
ILMN,M4_chandelier,long,2017-11-27 00:00:00+00:00,0.6969869108113746,44,STOP_MOVED
ILMN,M5_mp1,long,2017-11-27 00:00:00+00:00,0.8540145391398384,44,EMA_TRAIL
ILMN,M6_time10,long,2017-11-27 00:00:00+00:00,-0.6163255023702335,10,TIME
INFO,M1_fix2R,long,2017-02-15 00:00:00+00:00,-1.0,24,SL
INFO,M2_fix3R,long,2017-02-15 00:00:00+00:00,-1.0,24,SL
INFO,M3_partial,long,2017-02-15 00:00:00+00:00,-1.0,24,SL
INFO,M4_chandelier,long,2017-02-15 00:00:00+00:00,-1.0,24,SL
INFO,M5_mp1,long,2017-02-15 00:00:00+00:00,-1.0,24,SL
INFO,M6_time10,long,2017-02-15 00:00:00+00:00,0.14888590190726173,10,TIME
INFO,M1_fix2R,long,2017-05-25 00:00:00+00:00,-1.0,28,SL
INFO,M2_fix3R,long,2017-05-25 00:00:00+00:00,-1.0,28,SL
INFO,M3_partial,long,2017-05-25 00:00:00+00:00,0.5,22,STOP_MOVED
INFO,M4_chandelier,long,2017-05-25 00:00:00+00:00,0.0,22,STOP_MOVED
INFO,M5_mp1,long,2017-05-25 00:00:00+00:00,-1.0,28,SL
INFO,M6_time10,long,2017-05-25 00:00:00+00:00,0.19290501157452503,10,TIME
INTU,M1_fix2R,long,2016-03-18 00:00:00+00:00,2.0,72,TP
INTU,M2_fix3R,long,2016-03-18 00:00:00+00:00,3.0,77,TP
INTU,M3_partial,long,2016-03-18 00:00:00+00:00,0.5,47,STOP_MOVED
INTU,M4_chandelier,long,2016-03-18 00:00:00+00:00,0.0,47,STOP_MOVED
INTU,M5_mp1,long,2016-03-18 00:00:00+00:00,1.0429229145004386,59,EMA_TRAIL
INTU,M6_time10,long,2016-03-18 00:00:00+00:00,0.6537105648274527,10,TIME
IQV,M1_fix2R,long,2017-05-25 00:00:00+00:00,2.0,18,TP
IQV,M2_fix3R,long,2017-05-25 00:00:00+00:00,3.0,43,TP
IQV,M3_partial,long,2017-05-25 00:00:00+00:00,0.5,11,STOP_MOVED
IQV,M4_chandelier,long,2017-05-25 00:00:00+00:00,0.16325991536045767,11,STOP_MOVED
IQV,M5_mp1,long,2017-05-25 00:00:00+00:00,1.4036124490205109,26,EMA_TRAIL
IQV,M6_time10,long,2017-05-25 00:00:00+00:00,0.5371239413031005,10,TIME
IQV,M1_fix2R,long,2017-08-25 00:00:00+00:00,-0.10650255570158612,113,EOS
IQV,M2_fix3R,long,2017-08-25 00:00:00+00:00,-0.10650255570158612,113,EOS
IQV,M3_partial,long,2017-08-25 00:00:00+00:00,0.5,83,STOP_MOVED
IQV,M4_chandelier,long,2017-08-25 00:00:00+00:00,0.7812262344866189,52,STOP_MOVED
IQV,M5_mp1,long,2017-08-25 00:00:00+00:00,0.9598933473340842,53,EMA_TRAIL
IQV,M6_time10,long,2017-08-25 00:00:00+00:00,-0.2973242674775181,10,TIME
IR,M1_fix2R,long,2017-01-24 00:00:00+00:00,2.0,63,TP
IR,M2_fix3R,long,2017-01-24 00:00:00+00:00,3.0,64,TP
IR,M3_partial,long,2017-01-24 00:00:00+00:00,2.0,64,TP
IR,M4_chandelier,long,2017-01-24 00:00:00+00:00,2.5779634884833773,80,STOP_MOVED
IR,M5_mp1,long,2017-01-24 00:00:00+00:00,2.4064518937969117,93,EMA_TRAIL
IR,M6_time10,long,2017-01-24 00:00:00+00:00,0.060979843676587396,10,TIME
IRM,M1_fix2R,long,2014-11-07 00:00:00+00:00,-1.0,117,SL
IRM,M2_fix3R,long,2014-11-07 00:00:00+00:00,-1.0,117,SL
IRM,M3_partial,long,2014-11-07 00:00:00+00:00,0.5,70,STOP_MOVED
IRM,M4_chandelier,long,2014-11-07 00:00:00+00:00,0.30865345386018106,57,STOP_MOVED
IRM,M5_mp1,long,2014-11-07 00:00:00+00:00,-1.0,117,SL
IRM,M6_time10,long,2014-11-07 00:00:00+00:00,-0.166322053138018,10,TIME
IRM,M1_fix2R,long,2017-10-18 00:00:00+00:00,-1.0,5,SL
IRM,M2_fix3R,long,2017-10-18 00:00:00+00:00,-1.0,5,SL
IRM,M3_partial,long,2017-10-18 00:00:00+00:00,-1.0,5,SL
IRM,M4_chandelier,long,2017-10-18 00:00:00+00:00,-1.0,5,SL
IRM,M5_mp1,long,2017-10-18 00:00:00+00:00,-1.0,5,SL
IRM,M6_time10,long,2017-10-18 00:00:00+00:00,-1.0,5,SL
ISRG,M1_fix2R,long,2016-07-20 00:00:00+00:00,-1.0,70,SL
ISRG,M2_fix3R,long,2016-07-20 00:00:00+00:00,-1.0,70,SL
ISRG,M3_partial,long,2016-07-20 00:00:00+00:00,-1.0,70,SL
ISRG,M4_chandelier,long,2016-07-20 00:00:00+00:00,-1.0,70,SL
ISRG,M5_mp1,long,2016-07-20 00:00:00+00:00,-1.0,70,SL
ISRG,M6_time10,long,2016-07-20 00:00:00+00:00,-0.3642563050690763,10,TIME
ISRG,M1_fix2R,long,2017-04-19 00:00:00+00:00,2.0,34,TP
ISRG,M2_fix3R,long,2017-04-19 00:00:00+00:00,3.0000000000000013,84,TP
ISRG,M3_partial,long,2017-04-19 00:00:00+00:00,2.000000000000001,84,TP
ISRG,M4_chandelier,long,2017-04-19 00:00:00+00:00,1.551125766086221,37,STOP_MOVED
ISRG,M5_mp1,long,2017-04-19 00:00:00+00:00,1.487743673111973,40,EMA_TRAIL
ISRG,M6_time10,long,2017-04-19 00:00:00+00:00,0.6032844853373853,10,TIME
ITW,M1_fix2R,long,2013-09-24 00:00:00+00:00,-1.0,6,SL
ITW,M2_fix3R,long,2013-09-24 00:00:00+00:00,-1.0,6,SL
ITW,M3_partial,long,2013-09-24 00:00:00+00:00,-1.0,6,SL
ITW,M4_chandelier,long,2013-09-24 00:00:00+00:00,-1.0,6,SL
ITW,M5_mp1,long,2013-09-24 00:00:00+00:00,-1.0,6,SL
ITW,M6_time10,long,2013-09-24 00:00:00+00:00,-1.0,6,SL
ITW,M1_fix2R,long,2015-12-01 00:00:00+00:00,-1.0,2,SL
ITW,M2_fix3R,long,2015-12-01 00:00:00+00:00,-1.0,2,SL
ITW,M3_partial,long,2015-12-01 00:00:00+00:00,-1.0,2,SL
ITW,M4_chandelier,long,2015-12-01 00:00:00+00:00,-1.0,2,SL
ITW,M5_mp1,long,2015-12-01 00:00:00+00:00,-1.0,2,SL
ITW,M6_time10,long,2015-12-01 00:00:00+00:00,-1.0,2,SL
ITW,M1_fix2R,long,2016-05-31 00:00:00+00:00,-1.0,12,SL
ITW,M2_fix3R,long,2016-05-31 00:00:00+00:00,-1.0,12,SL
ITW,M3_partial,long,2016-05-31 00:00:00+00:00,0.5,9,STOP_MOVED
ITW,M4_chandelier,long,2016-05-31 00:00:00+00:00,0.0,9,STOP_MOVED
ITW,M5_mp1,long,2016-05-31 00:00:00+00:00,0.5,9,STOP_MOVED
ITW,M6_time10,long,2016-05-31 00:00:00+00:00,-0.21794556876880045,10,TIME
ITW,M1_fix2R,long,2017-11-28 00:00:00+00:00,-1.0,47,SL
ITW,M2_fix3R,long,2017-11-28 00:00:00+00:00,-1.0,47,SL
ITW,M3_partial,long,2017-11-28 00:00:00+00:00,0.5,46,STOP_MOVED
ITW,M4_chandelier,long,2017-11-28 00:00:00+00:00,0.8266496975934813,45,STOP_MOVED
ITW,M5_mp1,long,2017-11-28 00:00:00+00:00,1.0259265175860177,45,EMA_TRAIL
ITW,M6_time10,long,2017-11-28 00:00:00+00:00,-0.10515009210083923,10,TIME
JCI,M1_fix2R,long,2016-07-21 00:00:00+00:00,-1.0,38,SL
JCI,M2_fix3R,long,2016-07-21 00:00:00+00:00,-1.0,38,SL
JCI,M3_partial,long,2016-07-21 00:00:00+00:00,-1.0,38,SL
JCI,M4_chandelier,long,2016-07-21 00:00:00+00:00,-1.0,38,SL
JCI,M5_mp1,long,2016-07-21 00:00:00+00:00,-1.0,38,SL
JCI,M6_time10,long,2016-07-21 00:00:00+00:00,-0.01111075007171767,10,TIME
JPM,M1_fix2R,long,2017-03-01 00:00:00+00:00,-1.0,14,SL
JPM,M2_fix3R,long,2017-03-01 00:00:00+00:00,-1.0,14,SL
JPM,M3_partial,long,2017-03-01 00:00:00+00:00,-1.0,14,SL
JPM,M4_chandelier,long,2017-03-01 00:00:00+00:00,-1.0,14,SL
JPM,M5_mp1,long,2017-03-01 00:00:00+00:00,-1.0,14,SL
JPM,M6_time10,long,2017-03-01 00:00:00+00:00,-0.41250708071831094,10,TIME
JPM,M1_fix2R,long,2017-11-28 00:00:00+00:00,2.0,25,TP
JPM,M2_fix3R,long,2017-11-28 00:00:00+00:00,3.0,35,TP
JPM,M3_partial,long,2017-11-28 00:00:00+00:00,2.0,35,TP
JPM,M4_chandelier,long,2017-11-28 00:00:00+00:00,2.6573341658496354,46,STOP_MOVED
JPM,M5_mp1,long,2017-11-28 00:00:00+00:00,1.6580493171782864,46,EMA_TRAIL
JPM,M6_time10,long,2017-11-28 00:00:00+00:00,1.2755042226869562,10,TIME
KO,M1_fix2R,long,2015-10-22 00:00:00+00:00,-1.0,58,SL
KO,M2_fix3R,long,2015-10-22 00:00:00+00:00,-1.0,58,SL
KO,M3_partial,long,2015-10-22 00:00:00+00:00,-1.0,58,SL
KO,M4_chandelier,long,2015-10-22 00:00:00+00:00,-1.0,58,SL
KO,M5_mp1,long,2015-10-22 00:00:00+00:00,-1.0,58,SL
KO,M6_time10,long,2015-10-22 00:00:00+00:00,-0.46969353015935345,10,TIME
KR,M1_fix2R,long,2014-06-19 00:00:00+00:00,2.0,93,TP
KR,M2_fix3R,long,2014-06-19 00:00:00+00:00,3.0,113,TP
KR,M3_partial,long,2014-06-19 00:00:00+00:00,2.0,113,TP
KR,M4_chandelier,long,2014-06-19 00:00:00+00:00,0.6764211041897066,82,STOP_MOVED
KR,M5_mp1,long,2014-06-19 00:00:00+00:00,4.806425059622026,174,EMA_TRAIL
KR,M6_time10,long,2014-06-19 00:00:00+00:00,-0.014961777783897902,10,TIME
KSU,M1_fix2R,long,2014-07-18 00:00:00+00:00,-1.0,6,SL
KSU,M2_fix3R,long,2014-07-18 00:00:00+00:00,-1.0,6,SL
KSU,M3_partial,long,2014-07-18 00:00:00+00:00,-1.0,6,SL
KSU,M4_chandelier,long,2014-07-18 00:00:00+00:00,-1.0,6,SL
KSU,M5_mp1,long,2014-07-18 00:00:00+00:00,-1.0,6,SL
KSU,M6_time10,long,2014-07-18 00:00:00+00:00,-1.0,6,SL
LB,M1_fix2R,long,2014-11-20 00:00:00+00:00,2.0,51,TP
LB,M2_fix3R,long,2014-11-20 00:00:00+00:00,3.0,52,TP
LB,M3_partial,long,2014-11-20 00:00:00+00:00,0.5,38,STOP_MOVED
LB,M4_chandelier,long,2014-11-20 00:00:00+00:00,0.7085970442487094,36,STOP_MOVED
LB,M5_mp1,long,2014-11-20 00:00:00+00:00,1.095360512089432,30,EMA_TRAIL
LB,M6_time10,long,2014-11-20 00:00:00+00:00,0.6607973031026942,10,TIME
LEG,M1_fix2R,long,2015-03-13 00:00:00+00:00,-1.0,24,SL
LEG,M2_fix3R,long,2015-03-13 00:00:00+00:00,-1.0,24,SL
LEG,M3_partial,long,2015-03-13 00:00:00+00:00,-1.0,24,SL
LEG,M4_chandelier,long,2015-03-13 00:00:00+00:00,-1.0,24,SL
LEG,M5_mp1,long,2015-03-13 00:00:00+00:00,-1.0,24,SL
LEG,M6_time10,long,2015-03-13 00:00:00+00:00,-0.08137331726239505,10,TIME
LLL,M1_fix2R,long,2016-03-18 00:00:00+00:00,2.0,27,TP
LLL,M2_fix3R,long,2016-03-18 00:00:00+00:00,2.9999999999999956,27,TP
LLL,M3_partial,long,2016-03-18 00:00:00+00:00,1.9999999999999978,27,TP
LLL,M4_chandelier,long,2016-03-18 00:00:00+00:00,7.256637466928516,68,STOP_MOVED
LLL,M5_mp1,long,2016-03-18 00:00:00+00:00,5.171093902884124,68,EMA_TRAIL
LLL,M6_time10,long,2016-03-18 00:00:00+00:00,0.16831790271883368,10,TIME
LLL,M1_fix2R,long,2016-07-28 00:00:00+00:00,-1.0,33,SL
LLL,M2_fix3R,long,2016-07-28 00:00:00+00:00,-1.0,33,SL
LLL,M3_partial,long,2016-07-28 00:00:00+00:00,-1.0,33,SL
LLL,M4_chandelier,long,2016-07-28 00:00:00+00:00,-1.0,33,SL
LLL,M5_mp1,long,2016-07-28 00:00:00+00:00,-1.0,33,SL
LLL,M6_time10,long,2016-07-28 00:00:00+00:00,-0.21452252390030138,10,TIME
LLL,M1_fix2R,long,2017-09-05 00:00:00+00:00,2.0,10,TP
LLL,M2_fix3R,long,2017-09-05 00:00:00+00:00,3.0,58,TP
LLL,M3_partial,long,2017-09-05 00:00:00+00:00,0.5,37,STOP_MOVED
LLL,M4_chandelier,long,2017-09-05 00:00:00+00:00,0.9631122767103064,30,STOP_MOVED
LLL,M5_mp1,long,2017-09-05 00:00:00+00:00,1.50779005253131,25,EMA_TRAIL
LLL,M6_time10,long,2017-09-05 00:00:00+00:00,2.0,10,TP
LLY,M1_fix2R,long,2017-10-05 00:00:00+00:00,-1.0,13,SL
LLY,M2_fix3R,long,2017-10-05 00:00:00+00:00,-1.0,13,SL
LLY,M3_partial,long,2017-10-05 00:00:00+00:00,-1.0,13,SL
LLY,M4_chandelier,long,2017-10-05 00:00:00+00:00,-1.0,13,SL
LLY,M5_mp1,long,2017-10-05 00:00:00+00:00,-1.0,13,SL
LLY,M6_time10,long,2017-10-05 00:00:00+00:00,-0.5298078917260369,10,TIME
LMT,M1_fix2R,long,2014-01-22 00:00:00+00:00,-1.0,1,SL
LMT,M2_fix3R,long,2014-01-22 00:00:00+00:00,-1.0,1,SL
LMT,M3_partial,long,2014-01-22 00:00:00+00:00,-1.0,1,SL
LMT,M4_chandelier,long,2014-01-22 00:00:00+00:00,-1.0,1,SL
LMT,M5_mp1,long,2014-01-22 00:00:00+00:00,-1.0,1,SL
LMT,M6_time10,long,2014-01-22 00:00:00+00:00,-1.0,1,SL
LMT,M1_fix2R,long,2016-07-19 00:00:00+00:00,-1.0,2,SL
LMT,M2_fix3R,long,2016-07-19 00:00:00+00:00,-1.0,2,SL
LMT,M3_partial,long,2016-07-19 00:00:00+00:00,-1.0,2,SL
LMT,M4_chandelier,long,2016-07-19 00:00:00+00:00,-1.0,2,SL
LMT,M5_mp1,long,2016-07-19 00:00:00+00:00,-1.0,2,SL
LMT,M6_time10,long,2016-07-19 00:00:00+00:00,-1.0,2,SL
LMT,M1_fix2R,long,2017-08-09 00:00:00+00:00,2.0,103,TP
LMT,M2_fix3R,long,2017-08-09 00:00:00+00:00,3.0,117,TP
LMT,M3_partial,long,2017-08-09 00:00:00+00:00,0.5,55,STOP_MOVED
LMT,M4_chandelier,long,2017-08-09 00:00:00+00:00,0.7710339994559996,49,STOP_MOVED
LMT,M5_mp1,long,2017-08-09 00:00:00+00:00,2.2199504833103574,123,EMA_TRAIL
LMT,M6_time10,long,2017-08-09 00:00:00+00:00,-0.22394431624184816,10,TIME
LMT,M1_fix2R,long,2017-11-29 00:00:00+00:00,-1.0,2,SL
LMT,M2_fix3R,long,2017-11-29 00:00:00+00:00,-1.0,2,SL
LMT,M3_partial,long,2017-11-29 00:00:00+00:00,-1.0,2,SL
LMT,M4_chandelier,long,2017-11-29 00:00:00+00:00,-1.0,2,SL
LMT,M5_mp1,long,2017-11-29 00:00:00+00:00,-1.0,2,SL
LMT,M6_time10,long,2017-11-29 00:00:00+00:00,-1.0,2,SL
LNC,M1_fix2R,long,2014-03-07 00:00:00+00:00,-1.0,14,SL
LNC,M2_fix3R,long,2014-03-07 00:00:00+00:00,-1.0,14,SL
LNC,M3_partial,long,2014-03-07 00:00:00+00:00,-1.0,14,SL
LNC,M4_chandelier,long,2014-03-07 00:00:00+00:00,-1.0,14,SL
LNC,M5_mp1,long,2014-03-07 00:00:00+00:00,-1.0,14,SL
LNC,M6_time10,long,2014-03-07 00:00:00+00:00,-0.3285347524860405,10,TIME
LNC,M1_fix2R,long,2014-09-02 00:00:00+00:00,-1.0,18,SL
LNC,M2_fix3R,long,2014-09-02 00:00:00+00:00,-1.0,18,SL
LNC,M3_partial,long,2014-09-02 00:00:00+00:00,-1.0,18,SL
LNC,M4_chandelier,long,2014-09-02 00:00:00+00:00,-1.0,18,SL
LNC,M5_mp1,long,2014-09-02 00:00:00+00:00,-1.0,18,SL
LNC,M6_time10,long,2014-09-02 00:00:00+00:00,-0.37749304244011495,10,TIME
LNC,M1_fix2R,long,2015-03-06 00:00:00+00:00,-1.0,2,SL
LNC,M2_fix3R,long,2015-03-06 00:00:00+00:00,-1.0,2,SL
LNC,M3_partial,long,2015-03-06 00:00:00+00:00,-1.0,2,SL
LNC,M4_chandelier,long,2015-03-06 00:00:00+00:00,-1.0,2,SL
LNC,M5_mp1,long,2015-03-06 00:00:00+00:00,-1.0,2,SL
LNC,M6_time10,long,2015-03-06 00:00:00+00:00,-1.0,2,SL
LNC,M1_fix2R,long,2017-03-01 00:00:00+00:00,-1.0,4,SL
LNC,M2_fix3R,long,2017-03-01 00:00:00+00:00,-1.0,4,SL
LNC,M3_partial,long,2017-03-01 00:00:00+00:00,-1.0,4,SL
LNC,M4_chandelier,long,2017-03-01 00:00:00+00:00,-1.0,4,SL
LNC,M5_mp1,long,2017-03-01 00:00:00+00:00,-1.0,4,SL
LNC,M6_time10,long,2017-03-01 00:00:00+00:00,-1.0,4,SL
LOW,M1_fix2R,long,2014-11-19 00:00:00+00:00,1.9999999999999984,53,TP
LOW,M2_fix3R,long,2014-11-19 00:00:00+00:00,3.0,254,TP
LOW,M3_partial,long,2014-11-19 00:00:00+00:00,2.0,254,TP
LOW,M4_chandelier,long,2014-11-19 00:00:00+00:00,0.7649068479378016,30,STOP_MOVED
LOW,M5_mp1,long,2014-11-19 00:00:00+00:00,1.0225526594250005,30,EMA_TRAIL
LOW,M6_time10,long,2014-11-19 00:00:00+00:00,0.4646854737850881,10,TIME
LRCX,M1_fix2R,long,2014-06-03 00:00:00+00:00,2.0,41,TP
LRCX,M2_fix3R,long,2014-06-03 00:00:00+00:00,3.0,75,TP
LRCX,M3_partial,long,2014-06-03 00:00:00+00:00,2.0,75,TP
LRCX,M4_chandelier,long,2014-06-03 00:00:00+00:00,0.931234194852792,37,STOP_MOVED
LRCX,M5_mp1,long,2014-06-03 00:00:00+00:00,1.2906499774322617,37,EMA_TRAIL
LRCX,M6_time10,long,2014-06-03 00:00:00+00:00,0.4761731471266565,10,TIME
LUV,M1_fix2R,long,2017-02-15 00:00:00+00:00,-1.0,18,SL
LUV,M2_fix3R,long,2017-02-15 00:00:00+00:00,-1.0,18,SL
LUV,M3_partial,long,2017-02-15 00:00:00+00:00,-1.0,18,SL
LUV,M4_chandelier,long,2017-02-15 00:00:00+00:00,-1.0,18,SL
LUV,M5_mp1,long,2017-02-15 00:00:00+00:00,-1.0,18,SL
LUV,M6_time10,long,2017-02-15 00:00:00+00:00,0.061932198629402836,10,TIME
LYB,M1_fix2R,long,2014-07-25 00:00:00+00:00,-1.0,51,SL
LYB,M2_fix3R,long,2014-07-25 00:00:00+00:00,-1.0,51,SL
LYB,M3_partial,long,2014-07-25 00:00:00+00:00,0.5,47,STOP_MOVED
LYB,M4_chandelier,long,2014-07-25 00:00:00+00:00,0.5936635796287282,34,STOP_MOVED
LYB,M5_mp1,long,2014-07-25 00:00:00+00:00,-1.0,51,SL
LYB,M6_time10,long,2014-07-25 00:00:00+00:00,0.1053087893190362,10,TIME
LYB,M1_fix2R,long,2016-11-30 00:00:00+00:00,-1.0,106,SL
LYB,M2_fix3R,long,2016-11-30 00:00:00+00:00,-1.0,106,SL
LYB,M3_partial,long,2016-11-30 00:00:00+00:00,-1.0,106,SL
LYB,M4_chandelier,long,2016-11-30 00:00:00+00:00,-1.0,106,SL
LYB,M5_mp1,long,2016-11-30 00:00:00+00:00,-1.0,106,SL
LYB,M6_time10,long,2016-11-30 00:00:00+00:00,-0.26137197500443965,10,TIME
MA,M1_fix2R,long,2017-09-07 00:00:00+00:00,2.0,26,TP
MA,M2_fix3R,long,2017-09-07 00:00:00+00:00,3.0,57,TP
MA,M3_partial,long,2017-09-07 00:00:00+00:00,2.0,57,TP
MA,M4_chandelier,long,2017-09-07 00:00:00+00:00,0.23307450402982757,13,STOP_MOVED
MA,M5_mp1,long,2017-09-07 00:00:00+00:00,1.846061987692527,58,EMA_TRAIL
MA,M6_time10,long,2017-09-07 00:00:00+00:00,0.8733215225799221,10,TIME
MAA,M1_fix2R,long,2014-05-30 00:00:00+00:00,-1.0,8,SL
MAA,M2_fix3R,long,2014-05-30 00:00:00+00:00,-1.0,8,SL
MAA,M3_partial,long,2014-05-30 00:00:00+00:00,-1.0,8,SL
MAA,M4_chandelier,long,2014-05-30 00:00:00+00:00,-1.0,8,SL
MAA,M5_mp1,long,2014-05-30 00:00:00+00:00,-1.0,8,SL
MAA,M6_time10,long,2014-05-30 00:00:00+00:00,-1.0,8,SL
MAC,M1_fix2R,long,2015-03-13 00:00:00+00:00,-1.0,5,SL
MAC,M2_fix3R,long,2015-03-13 00:00:00+00:00,-1.0,5,SL
MAC,M3_partial,long,2015-03-13 00:00:00+00:00,-1.0,5,SL
MAC,M4_chandelier,long,2015-03-13 00:00:00+00:00,-1.0,5,SL
MAC,M5_mp1,long,2015-03-13 00:00:00+00:00,-1.0,5,SL
MAC,M6_time10,long,2015-03-13 00:00:00+00:00,-1.0,5,SL
MAR,M1_fix2R,long,2017-02-15 00:00:00+00:00,-1.0,13,SL
MAR,M2_fix3R,long,2017-02-15 00:00:00+00:00,-1.0,13,SL
MAR,M3_partial,long,2017-02-15 00:00:00+00:00,-1.0,13,SL
MAR,M4_chandelier,long,2017-02-15 00:00:00+00:00,-1.0,13,SL
MAR,M5_mp1,long,2017-02-15 00:00:00+00:00,-1.0,13,SL
MAR,M6_time10,long,2017-02-15 00:00:00+00:00,-0.563183080824597,10,TIME
MAR,M1_fix2R,long,2017-05-09 00:00:00+00:00,2.0,119,TP
MAR,M2_fix3R,long,2017-05-09 00:00:00+00:00,3.0,135,TP
MAR,M3_partial,long,2017-05-09 00:00:00+00:00,0.5,21,STOP_MOVED
MAR,M4_chandelier,long,2017-05-09 00:00:00+00:00,0.48442192192192474,19,STOP_MOVED
MAR,M5_mp1,long,2017-05-09 00:00:00+00:00,3.878034284284288,186,EMA_TRAIL
MAR,M6_time10,long,2017-05-09 00:00:00+00:00,0.37936373873873963,10,TIME
MAR,M1_fix2R,long,2017-09-25 00:00:00+00:00,2.0,14,TP
MAR,M2_fix3R,long,2017-09-25 00:00:00+00:00,3.0,23,TP
MAR,M3_partial,long,2017-09-25 00:00:00+00:00,2.0,23,TP
MAR,M4_chandelier,long,2017-09-25 00:00:00+00:00,3.0226620681199647,34,STOP_MOVED
MAR,M5_mp1,long,2017-09-25 00:00:00+00:00,7.611570303032799,90,EMA_TRAIL
MAR,M6_time10,long,2017-09-25 00:00:00+00:00,1.2529742736542584,10,TIME
MAR,M1_fix2R,long,2017-12-15 00:00:00+00:00,2.0,7,TP
MAR,M2_fix3R,long,2017-12-15 00:00:00+00:00,3.0,17,TP
MAR,M3_partial,long,2017-12-15 00:00:00+00:00,2.0,17,TP
MAR,M4_chandelier,long,2017-12-15 00:00:00+00:00,0.7760762854261344,10,STOP_MOVED
MAR,M5_mp1,long,2017-12-15 00:00:00+00:00,2.902541256881507,32,EMA_TRAIL
MAR,M6_time10,long,2017-12-15 00:00:00+00:00,2.0,7,TP
MCD,M1_fix2R,long,2015-10-22 00:00:00+00:00,1.9999999999999987,136,TP
MCD,M2_fix3R,long,2015-10-22 00:00:00+00:00,3.0000000000000013,378,TP
MCD,M3_partial,long,2015-10-22 00:00:00+00:00,0.5,251,STOP_MOVED
MCD,M4_chandelier,long,2015-10-22 00:00:00+00:00,0.6470748038852413,72,STOP_MOVED
MCD,M5_mp1,long,2015-10-22 00:00:00+00:00,1.4917930925546479,124,EMA_TRAIL
MCD,M6_time10,long,2015-10-22 00:00:00+00:00,0.18776831148284873,10,TIME
MCD,M1_fix2R,long,2016-03-18 00:00:00+00:00,1.9999999999999951,32,TP
MCD,M2_fix3R,long,2016-03-18 00:00:00+00:00,-1.0,52,SL
MCD,M3_partial,long,2016-03-18 00:00:00+00:00,0.5,44,STOP_MOVED
MCD,M4_chandelier,long,2016-03-18 00:00:00+00:00,0.5113028570217404,23,STOP_MOVED
MCD,M5_mp1,long,2016-03-18 00:00:00+00:00,0.864818598997326,23,EMA_TRAIL
MCD,M6_time10,long,2016-03-18 00:00:00+00:00,1.1614238600343039,10,TIME
MCD,M1_fix2R,long,2017-05-31 00:00:00+00:00,-1.0,8,SL
MCD,M2_fix3R,long,2017-05-31 00:00:00+00:00,-1.0,8,SL
MCD,M3_partial,long,2017-05-31 00:00:00+00:00,0.5,5,STOP_MOVED
MCD,M4_chandelier,long,2017-05-31 00:00:00+00:00,0.0,5,STOP_MOVED
MCD,M5_mp1,long,2017-05-31 00:00:00+00:00,-1.0,8,SL
MCD,M6_time10,long,2017-05-31 00:00:00+00:00,-1.0,8,SL
MCHP,M1_fix2R,long,2016-07-26 00:00:00+00:00,2.0,87,TP
MCHP,M2_fix3R,long,2016-07-26 00:00:00+00:00,2.9999999999999987,136,TP
MCHP,M3_partial,long,2016-07-26 00:00:00+00:00,1.9999999999999993,136,TP
MCHP,M4_chandelier,long,2016-07-26 00:00:00+00:00,0.7091298427728051,30,STOP_MOVED
MCHP,M5_mp1,long,2016-07-26 00:00:00+00:00,1.0469040185039598,90,EMA_TRAIL
MCHP,M6_time10,long,2016-07-26 00:00:00+00:00,0.6919299172599501,10,TIME
MCHP,M1_fix2R,long,2017-02-08 00:00:00+00:00,2.0,82,TP
MCHP,M2_fix3R,long,2017-02-08 00:00:00+00:00,3.0,171,TP
MCHP,M3_partial,long,2017-02-08 00:00:00+00:00,2.0,171,TP
MCHP,M4_chandelier,long,2017-02-08 00:00:00+00:00,1.5280292375364748,84,STOP_MOVED
MCHP,M5_mp1,long,2017-02-08 00:00:00+00:00,1.409993830742497,87,EMA_TRAIL
MCHP,M6_time10,long,2017-02-08 00:00:00+00:00,-0.18852818949552214,10,TIME
MCO,M1_fix2R,long,2015-06-18 00:00:00+00:00,-1.0,45,SL
MCO,M2_fix3R,long,2015-06-18 00:00:00+00:00,-1.0,45,SL
MCO,M3_partial,long,2015-06-18 00:00:00+00:00,-1.0,45,SL
MCO,M4_chandelier,long,2015-06-18 00:00:00+00:00,-1.0,45,SL
MCO,M5_mp1,long,2015-06-18 00:00:00+00:00,-1.0,45,SL
MCO,M6_time10,long,2015-06-18 00:00:00+00:00,-0.3726830900752199,10,TIME
MDT,M1_fix2R,long,2014-11-18 00:00:00+00:00,-1.0,191,SL
MDT,M2_fix3R,long,2014-11-18 00:00:00+00:00,-1.0,191,SL
MDT,M3_partial,long,2014-11-18 00:00:00+00:00,0.5,157,STOP_MOVED
MDT,M4_chandelier,long,2014-11-18 00:00:00+00:00,0.7492654320555321,75,STOP_MOVED
MDT,M5_mp1,long,2014-11-18 00:00:00+00:00,-1.0,191,SL
MDT,M6_time10,long,2014-11-18 00:00:00+00:00,0.4693620669930665,10,TIME
MDT,M1_fix2R,long,2017-06-12 00:00:00+00:00,-1.0,28,SL
MDT,M2_fix3R,long,2017-06-12 00:00:00+00:00,-1.0,28,SL
MDT,M3_partial,long,2017-06-12 00:00:00+00:00,-1.0,28,SL
MDT,M4_chandelier,long,2017-06-12 00:00:00+00:00,-1.0,28,SL
MDT,M5_mp1,long,2017-06-12 00:00:00+00:00,-1.0,28,SL
MDT,M6_time10,long,2017-06-12 00:00:00+00:00,0.5379891571462735,10,TIME
MET,M1_fix2R,long,2015-07-15 00:00:00+00:00,-1.0,8,SL
MET,M2_fix3R,long,2015-07-15 00:00:00+00:00,-1.0,8,SL
MET,M3_partial,long,2015-07-15 00:00:00+00:00,-1.0,8,SL
MET,M4_chandelier,long,2015-07-15 00:00:00+00:00,-1.0,8,SL
MET,M5_mp1,long,2015-07-15 00:00:00+00:00,-1.0,8,SL
MET,M6_time10,long,2015-07-15 00:00:00+00:00,-1.0,8,SL
MHK,M1_fix2R,long,2013-12-18 00:00:00+00:00,-1.0,64,SL
MHK,M2_fix3R,long,2013-12-18 00:00:00+00:00,-1.0,64,SL
MHK,M3_partial,long,2013-12-18 00:00:00+00:00,-1.0,64,SL
MHK,M4_chandelier,long,2013-12-18 00:00:00+00:00,-1.0,64,SL
MHK,M5_mp1,long,2013-12-18 00:00:00+00:00,-1.0,64,SL
MHK,M6_time10,long,2013-12-18 00:00:00+00:00,0.2782488624912172,10,TIME
MKC,M1_fix2R,long,2015-12-01 00:00:00+00:00,-1.0,2,SL
MKC,M2_fix3R,long,2015-12-01 00:00:00+00:00,-1.0,2,SL
MKC,M3_partial,long,2015-12-01 00:00:00+00:00,-1.0,2,SL
MKC,M4_chandelier,long,2015-12-01 00:00:00+00:00,-1.0,2,SL
MKC,M5_mp1,long,2015-12-01 00:00:00+00:00,-1.0,2,SL
MKC,M6_time10,long,2015-12-01 00:00:00+00:00,-1.0,2,SL
MMC,M1_fix2R,long,2013-09-18 00:00:00+00:00,-1.0,15,SL
MMC,M2_fix3R,long,2013-09-18 00:00:00+00:00,-1.0,15,SL
MMC,M3_partial,long,2013-09-18 00:00:00+00:00,-1.0,15,SL
MMC,M4_chandelier,long,2013-09-18 00:00:00+00:00,-1.0,15,SL
MMC,M5_mp1,long,2013-09-18 00:00:00+00:00,-1.0,15,SL
MMC,M6_time10,long,2013-09-18 00:00:00+00:00,-0.07228964448326876,10,TIME
MMM,M1_fix2R,long,2017-10-24 00:00:00+00:00,-0.08994275532640818,72,EOS
MMM,M2_fix3R,long,2017-10-24 00:00:00+00:00,-0.08994275532640818,72,EOS
MMM,M3_partial,long,2017-10-24 00:00:00+00:00,0.5,70,STOP_MOVED
MMM,M4_chandelier,long,2017-10-24 00:00:00+00:00,0.7540048525286229,68,STOP_MOVED
MMM,M5_mp1,long,2017-10-24 00:00:00+00:00,-0.08994275532640818,72,EOS
MMM,M6_time10,long,2017-10-24 00:00:00+00:00,-0.25659678519978685,10,TIME
MNST,M1_fix2R,long,2015-02-27 00:00:00+00:00,-1.0,123,SL
MNST,M2_fix3R,long,2015-02-27 00:00:00+00:00,-1.0,123,SL
MNST,M3_partial,long,2015-02-27 00:00:00+00:00,-1.0,123,SL
MNST,M4_chandelier,long,2015-02-27 00:00:00+00:00,-1.0,123,SL
MNST,M5_mp1,long,2015-02-27 00:00:00+00:00,-1.0,123,SL
MNST,M6_time10,long,2015-02-27 00:00:00+00:00,-0.24434343732582356,10,TIME
MNST,M1_fix2R,long,2017-11-09 00:00:00+00:00,2.0,3,TP
MNST,M2_fix3R,long,2017-11-09 00:00:00+00:00,3.0,26,TP
MNST,M3_partial,long,2017-11-09 00:00:00+00:00,2.0,26,TP
MNST,M4_chandelier,long,2017-11-09 00:00:00+00:00,3.999382745199827,58,STOP_MOVED
MNST,M5_mp1,long,2017-11-09 00:00:00+00:00,1.951130834343812,33,EMA_TRAIL
MNST,M6_time10,long,2017-11-09 00:00:00+00:00,2.0,3,TP
MO,M1_fix2R,long,2014-06-10 00:00:00+00:00,-1.0,36,SL
MO,M2_fix3R,long,2014-06-10 00:00:00+00:00,-1.0,36,SL
MO,M3_partial,long,2014-06-10 00:00:00+00:00,-1.0,36,SL
MO,M4_chandelier,long,2014-06-10 00:00:00+00:00,-1.0,36,SL
MO,M5_mp1,long,2014-06-10 00:00:00+00:00,-1.0,36,SL
MO,M6_time10,long,2014-06-10 00:00:00+00:00,-0.029266872013578957,10,TIME
MON,M1_fix2R,long,2014-07-02 00:00:00+00:00,-1.0,5,SL
MON,M2_fix3R,long,2014-07-02 00:00:00+00:00,-1.0,5,SL
MON,M3_partial,long,2014-07-02 00:00:00+00:00,-1.0,5,SL
MON,M4_chandelier,long,2014-07-02 00:00:00+00:00,-1.0,5,SL
MON,M5_mp1,long,2014-07-02 00:00:00+00:00,-1.0,5,SL
MON,M6_time10,long,2014-07-02 00:00:00+00:00,-1.0,5,SL
MS,M1_fix2R,long,2013-09-16 00:00:00+00:00,-1.0,5,SL
MS,M2_fix3R,long,2013-09-16 00:00:00+00:00,-1.0,5,SL
MS,M3_partial,long,2013-09-16 00:00:00+00:00,-1.0,5,SL
MS,M4_chandelier,long,2013-09-16 00:00:00+00:00,-1.0,5,SL
MS,M5_mp1,long,2013-09-16 00:00:00+00:00,-1.0,5,SL
MS,M6_time10,long,2013-09-16 00:00:00+00:00,-1.0,5,SL
MS,M1_fix2R,long,2016-11-09 00:00:00+00:00,2.0,64,TP
MS,M2_fix3R,long,2016-11-09 00:00:00+00:00,3.0,227,TP
MS,M3_partial,long,2016-11-09 00:00:00+00:00,2.0,227,TP
MS,M4_chandelier,long,2016-11-09 00:00:00+00:00,1.2201509785774693,45,STOP_MOVED
MS,M5_mp1,long,2016-11-09 00:00:00+00:00,1.3467577062320162,34,EMA_TRAIL
MS,M6_time10,long,2016-11-09 00:00:00+00:00,1.01808388715177,10,TIME
MSFT,M1_fix2R,long,2017-07-20 00:00:00+00:00,-1.0,9,SL
MSFT,M2_fix3R,long,2017-07-20 00:00:00+00:00,-1.0,9,SL
MSFT,M3_partial,long,2017-07-20 00:00:00+00:00,-1.0,9,SL
MSFT,M4_chandelier,long,2017-07-20 00:00:00+00:00,-1.0,9,SL
MSFT,M5_mp1,long,2017-07-20 00:00:00+00:00,-1.0,9,SL
MSFT,M6_time10,long,2017-07-20 00:00:00+00:00,-1.0,9,SL
MSFT,M1_fix2R,long,2017-10-27 00:00:00+00:00,0.8022052091083335,69,EOS
MSFT,M2_fix3R,long,2017-10-27 00:00:00+00:00,0.8022052091083335,69,EOS
MSFT,M3_partial,long,2017-10-27 00:00:00+00:00,0.9011026045541668,69,EOS
MSFT,M4_chandelier,long,2017-10-27 00:00:00+00:00,1.0111060388534943,67,STOP_MOVED
MSFT,M5_mp1,long,2017-10-27 00:00:00+00:00,0.8841727919690738,67,EMA_TRAIL
MSFT,M6_time10,long,2017-10-27 00:00:00+00:00,-0.0033414750085032042,10,TIME
MTB,M1_fix2R,long,2015-07-16 00:00:00+00:00,-1.0,26,SL
MTB,M2_fix3R,long,2015-07-16 00:00:00+00:00,-1.0,26,SL
MTB,M3_partial,long,2015-07-16 00:00:00+00:00,-1.0,26,SL
MTB,M4_chandelier,long,2015-07-16 00:00:00+00:00,-1.0,26,SL
MTB,M5_mp1,long,2015-07-16 00:00:00+00:00,-1.0,26,SL
MTB,M6_time10,long,2015-07-16 00:00:00+00:00,0.2313891273082987,10,TIME
MU,M1_fix2R,long,2013-09-10 00:00:00+00:00,2.0,48,TP
MU,M2_fix3R,long,2013-09-10 00:00:00+00:00,3.0,56,TP
MU,M3_partial,long,2013-09-10 00:00:00+00:00,0.5,24,STOP_MOVED
MU,M4_chandelier,long,2013-09-10 00:00:00+00:00,0.6763985844917302,21,STOP_MOVED
MU,M5_mp1,long,2013-09-10 00:00:00+00:00,0.7355706148315557,23,EMA_TRAIL
MU,M6_time10,long,2013-09-10 00:00:00+00:00,0.4787172314492115,10,TIME
MYL,M1_fix2R,long,2014-02-18 00:00:00+00:00,2.0,7,TP
MYL,M2_fix3R,long,2014-02-18 00:00:00+00:00,3.0,268,TP
MYL,M3_partial,long,2014-02-18 00:00:00+00:00,0.5,27,STOP_MOVED
MYL,M4_chandelier,long,2014-02-18 00:00:00+00:00,1.064715983554977,22,STOP_MOVED
MYL,M5_mp1,long,2014-02-18 00:00:00+00:00,1.1032518622117364,17,EMA_TRAIL
MYL,M6_time10,long,2014-02-18 00:00:00+00:00,2.0,7,TP
NDAQ,M1_fix2R,long,2015-10-22 00:00:00+00:00,2.0,191,TP
NDAQ,M2_fix3R,long,2015-10-22 00:00:00+00:00,1.798904715358317,400,EOS
NDAQ,M3_partial,long,2015-10-22 00:00:00+00:00,1.3994523576791584,400,EOS
NDAQ,M4_chandelier,long,2015-10-22 00:00:00+00:00,0.8916069439168187,117,STOP_MOVED
NDAQ,M5_mp1,long,2015-10-22 00:00:00+00:00,1.2105795466240599,101,EMA_TRAIL
NDAQ,M6_time10,long,2015-10-22 00:00:00+00:00,-0.10738570154133743,10,TIME
NEE,M1_fix2R,long,2016-05-31 00:00:00+00:00,2.0,19,TP
NEE,M2_fix3R,long,2016-05-31 00:00:00+00:00,2.999999999999995,21,TP
NEE,M3_partial,long,2016-05-31 00:00:00+00:00,1.9999999999999976,21,TP
NEE,M4_chandelier,long,2016-05-31 00:00:00+00:00,2.1034739348584086,40,STOP_MOVED
NEE,M5_mp1,long,2016-05-31 00:00:00+00:00,2.0716253443526185,35,EMA_TRAIL
NEE,M6_time10,long,2016-05-31 00:00:00+00:00,1.603180156012035,10,TIME
NEM,M1_fix2R,long,2015-05-13 00:00:00+00:00,-1.0,18,SL
NEM,M2_fix3R,long,2015-05-13 00:00:00+00:00,-1.0,18,SL
NEM,M3_partial,long,2015-05-13 00:00:00+00:00,-1.0,18,SL
NEM,M4_chandelier,long,2015-05-13 00:00:00+00:00,-1.0,18,SL
NEM,M5_mp1,long,2015-05-13 00:00:00+00:00,-1.0,18,SL
NEM,M6_time10,long,2015-05-13 00:00:00+00:00,0.06609751202995842,10,TIME
NEM,M1_fix2R,long,2017-08-28 00:00:00+00:00,-1.0,42,SL
NEM,M2_fix3R,long,2017-08-28 00:00:00+00:00,-1.0,42,SL
NEM,M3_partial,long,2017-08-28 00:00:00+00:00,-1.0,42,SL
NEM,M4_chandelier,long,2017-08-28 00:00:00+00:00,-1.0,42,SL
NEM,M5_mp1,long,2017-08-28 00:00:00+00:00,-1.0,42,SL
NEM,M6_time10,long,2017-08-28 00:00:00+00:00,0.005419587939271711,10,TIME
NFLX,M1_fix2R,long,2017-05-25 00:00:00+00:00,-1.0,10,SL
NFLX,M2_fix3R,long,2017-05-25 00:00:00+00:00,-1.0,10,SL
NFLX,M3_partial,long,2017-05-25 00:00:00+00:00,-1.0,10,SL
NFLX,M4_chandelier,long,2017-05-25 00:00:00+00:00,-1.0,10,SL
NFLX,M5_mp1,long,2017-05-25 00:00:00+00:00,-1.0,10,SL
NFLX,M6_time10,long,2017-05-25 00:00:00+00:00,-1.0,10,SL
NFLX,M1_fix2R,long,2017-10-16 00:00:00+00:00,-1.0,3,SL
NFLX,M2_fix3R,long,2017-10-16 00:00:00+00:00,-1.0,3,SL
NFLX,M3_partial,long,2017-10-16 00:00:00+00:00,-1.0,3,SL
NFLX,M4_chandelier,long,2017-10-16 00:00:00+00:00,-1.0,3,SL
NFLX,M5_mp1,long,2017-10-16 00:00:00+00:00,-1.0,3,SL
NFLX,M6_time10,long,2017-10-16 00:00:00+00:00,-1.0,3,SL
NFX,M1_fix2R,long,2018-01-03 00:00:00+00:00,-1.0,21,SL
NFX,M2_fix3R,long,2018-01-03 00:00:00+00:00,-1.0,21,SL
NFX,M3_partial,long,2018-01-03 00:00:00+00:00,-1.0,21,SL
NFX,M4_chandelier,long,2018-01-03 00:00:00+00:00,-1.0,21,SL
NFX,M5_mp1,long,2018-01-03 00:00:00+00:00,-1.0,21,SL
NFX,M6_time10,long,2018-01-03 00:00:00+00:00,0.2876702589052659,10,TIME
NKE,M1_fix2R,long,2015-09-25 00:00:00+00:00,-1.0,92,SL
NKE,M2_fix3R,long,2015-09-25 00:00:00+00:00,-1.0,92,SL
NKE,M3_partial,long,2015-09-25 00:00:00+00:00,-1.0,92,SL
NKE,M4_chandelier,long,2015-09-25 00:00:00+00:00,-1.0,92,SL
NKE,M5_mp1,long,2015-09-25 00:00:00+00:00,-1.0,92,SL
NKE,M6_time10,long,2015-09-25 00:00:00+00:00,-0.014215967440493754,10,TIME
NLSN,M1_fix2R,long,2013-12-13 00:00:00+00:00,-1.0,28,SL
NLSN,M2_fix3R,long,2013-12-13 00:00:00+00:00,-1.0,28,SL
NLSN,M3_partial,long,2013-12-13 00:00:00+00:00,-1.0,28,SL
NLSN,M4_chandelier,long,2013-12-13 00:00:00+00:00,-1.0,28,SL
NLSN,M5_mp1,long,2013-12-13 00:00:00+00:00,-1.0,28,SL
NLSN,M6_time10,long,2013-12-13 00:00:00+00:00,0.004256693053571242,10,TIME
NOC,M1_fix2R,long,2015-10-28 00:00:00+00:00,-1.0,62,SL
NOC,M2_fix3R,long,2015-10-28 00:00:00+00:00,-1.0,62,SL
NOC,M3_partial,long,2015-10-28 00:00:00+00:00,-1.0,62,SL
NOC,M4_chandelier,long,2015-10-28 00:00:00+00:00,-1.0,62,SL
NOC,M5_mp1,long,2015-10-28 00:00:00+00:00,-1.0,62,SL
NOC,M6_time10,long,2015-10-28 00:00:00+00:00,-0.652144402626257,10,TIME
NOC,M1_fix2R,long,2016-01-05 00:00:00+00:00,-1.0,7,SL
NOC,M2_fix3R,long,2016-01-05 00:00:00+00:00,-1.0,7,SL
NOC,M3_partial,long,2016-01-05 00:00:00+00:00,-1.0,7,SL
NOC,M4_chandelier,long,2016-01-05 00:00:00+00:00,-1.0,7,SL
NOC,M5_mp1,long,2016-01-05 00:00:00+00:00,-1.0,7,SL
NOC,M6_time10,long,2016-01-05 00:00:00+00:00,-1.0,7,SL
NOC,M1_fix2R,long,2017-11-28 00:00:00+00:00,-1.0,3,SL
NOC,M2_fix3R,long,2017-11-28 00:00:00+00:00,-1.0,3,SL
NOC,M3_partial,long,2017-11-28 00:00:00+00:00,-1.0,3,SL
NOC,M4_chandelier,long,2017-11-28 00:00:00+00:00,-1.0,3,SL
NOC,M5_mp1,long,2017-11-28 00:00:00+00:00,-1.0,3,SL
NOC,M6_time10,long,2017-11-28 00:00:00+00:00,-1.0,3,SL
NTAP,M1_fix2R,long,2017-11-16 00:00:00+00:00,0.5193689749913097,55,EOS
NTAP,M2_fix3R,long,2017-11-16 00:00:00+00:00,0.5193689749913097,55,EOS
NTAP,M3_partial,long,2017-11-16 00:00:00+00:00,0.7596844874956549,55,EOS
NTAP,M4_chandelier,long,2017-11-16 00:00:00+00:00,0.8369702016152685,52,STOP_MOVED
NTAP,M5_mp1,long,2017-11-16 00:00:00+00:00,0.5193689749913097,55,EOS
NTAP,M6_time10,long,2017-11-16 00:00:00+00:00,0.37751857135714817,10,TIME
NTRS,M1_fix2R,long,2016-11-09 00:00:00+00:00,2.0,20,TP
NTRS,M2_fix3R,long,2016-11-09 00:00:00+00:00,3.0,158,TP
NTRS,M3_partial,long,2016-11-09 00:00:00+00:00,2.0,158,TP
NTRS,M4_chandelier,long,2016-11-09 00:00:00+00:00,1.5275405451912634,46,STOP_MOVED
NTRS,M5_mp1,long,2016-11-09 00:00:00+00:00,1.6656228686941252,45,EMA_TRAIL
NTRS,M6_time10,long,2016-11-09 00:00:00+00:00,0.7671975124927058,10,TIME
NWL,M1_fix2R,long,2016-07-29 00:00:00+00:00,-1.0,65,SL
NWL,M2_fix3R,long,2016-07-29 00:00:00+00:00,-1.0,65,SL
NWL,M3_partial,long,2016-07-29 00:00:00+00:00,-1.0,65,SL
NWL,M4_chandelier,long,2016-07-29 00:00:00+00:00,-1.0,65,SL
NWL,M5_mp1,long,2016-07-29 00:00:00+00:00,-1.0,65,SL
NWL,M6_time10,long,2016-07-29 00:00:00+00:00,0.5195235977742271,10,TIME
O,M1_fix2R,long,2015-01-26 00:00:00+00:00,-1.0,9,SL
O,M2_fix3R,long,2015-01-26 00:00:00+00:00,-1.0,9,SL
O,M3_partial,long,2015-01-26 00:00:00+00:00,-1.0,9,SL
O,M4_chandelier,long,2015-01-26 00:00:00+00:00,-1.0,9,SL
O,M5_mp1,long,2015-01-26 00:00:00+00:00,-1.0,9,SL
O,M6_time10,long,2015-01-26 00:00:00+00:00,-1.0,9,SL
ORLY,M1_fix2R,long,2015-10-23 00:00:00+00:00,-1.0,34,SL
ORLY,M2_fix3R,long,2015-10-23 00:00:00+00:00,-1.0,34,SL
ORLY,M3_partial,long,2015-10-23 00:00:00+00:00,0.5,15,STOP_MOVED
ORLY,M4_chandelier,long,2015-10-23 00:00:00+00:00,0.30561576303873983,14,STOP_MOVED
ORLY,M5_mp1,long,2015-10-23 00:00:00+00:00,0.5,15,STOP_MOVED
ORLY,M6_time10,long,2015-10-23 00:00:00+00:00,1.1207508704317997,10,TIME
PAYX,M1_fix2R,long,2017-12-15 00:00:00+00:00,-1.0,4,SL
PAYX,M2_fix3R,long,2017-12-15 00:00:00+00:00,-1.0,4,SL
PAYX,M3_partial,long,2017-12-15 00:00:00+00:00,-1.0,4,SL
PAYX,M4_chandelier,long,2017-12-15 00:00:00+00:00,-1.0,4,SL
PAYX,M5_mp1,long,2017-12-15 00:00:00+00:00,-1.0,4,SL
PAYX,M6_time10,long,2017-12-15 00:00:00+00:00,-1.0,4,SL
PCLN,M1_fix2R,long,2017-04-24 00:00:00+00:00,2.0,53,TP
PCLN,M2_fix3R,long,2017-04-24 00:00:00+00:00,3.0,60,TP
PCLN,M3_partial,long,2017-04-24 00:00:00+00:00,0.5,17,STOP_MOVED
PCLN,M4_chandelier,long,2017-04-24 00:00:00+00:00,0.7185457849844928,12,STOP_MOVED
PCLN,M5_mp1,long,2017-04-24 00:00:00+00:00,0.7499402054329043,12,EMA_TRAIL
PCLN,M6_time10,long,2017-04-24 00:00:00+00:00,1.593338248863179,10,TIME
PFG,M1_fix2R,long,2016-10-28 00:00:00+00:00,2.0,74,TP
PFG,M2_fix3R,long,2016-10-28 00:00:00+00:00,2.9999999999999982,178,TP
PFG,M3_partial,long,2016-10-28 00:00:00+00:00,1.9999999999999991,178,TP
PFG,M4_chandelier,long,2016-10-28 00:00:00+00:00,0.8209730349563493,34,STOP_MOVED
PFG,M5_mp1,long,2016-10-28 00:00:00+00:00,0.9461877500179655,34,EMA_TRAIL
PFG,M6_time10,long,2016-10-28 00:00:00+00:00,0.5340584643130628,10,TIME
PGR,M1_fix2R,long,2015-07-17 00:00:00+00:00,-1.0,26,SL
PGR,M2_fix3R,long,2015-07-17 00:00:00+00:00,-1.0,26,SL
PGR,M3_partial,long,2015-07-17 00:00:00+00:00,-1.0,26,SL
PGR,M4_chandelier,long,2015-07-17 00:00:00+00:00,-1.0,26,SL
PGR,M5_mp1,long,2015-07-17 00:00:00+00:00,-1.0,26,SL
PGR,M6_time10,long,2015-07-17 00:00:00+00:00,-0.41270881767065926,10,TIME
PGR,M1_fix2R,long,2017-05-17 00:00:00+00:00,2.0,19,TP
PGR,M2_fix3R,long,2017-05-17 00:00:00+00:00,3.0,39,TP
PGR,M3_partial,long,2017-05-17 00:00:00+00:00,2.0,39,TP
PGR,M4_chandelier,long,2017-05-17 00:00:00+00:00,3.9525216598841526,71,STOP_MOVED
PGR,M5_mp1,long,2017-05-17 00:00:00+00:00,3.0646778242640185,71,EMA_TRAIL
PGR,M6_time10,long,2017-05-17 00:00:00+00:00,0.9816730458423514,10,TIME
PH,M1_fix2R,long,2016-12-01 00:00:00+00:00,2.0,98,TP
PH,M2_fix3R,long,2016-12-01 00:00:00+00:00,3.0,200,TP
PH,M3_partial,long,2016-12-01 00:00:00+00:00,2.0,200,TP
PH,M4_chandelier,long,2016-12-01 00:00:00+00:00,0.9429412236948713,78,STOP_MOVED
PH,M5_mp1,long,2016-12-01 00:00:00+00:00,1.3090948503326476,77,EMA_TRAIL
PH,M6_time10,long,2016-12-01 00:00:00+00:00,-0.056936597610400194,10,TIME
PH,M1_fix2R,long,2017-01-11 00:00:00+00:00,2.0,33,TP
PH,M2_fix3R,long,2017-01-11 00:00:00+00:00,3.0,71,TP
PH,M3_partial,long,2017-01-11 00:00:00+00:00,2.0,71,TP
PH,M4_chandelier,long,2017-01-11 00:00:00+00:00,1.403049408116434,51,STOP_MOVED
PH,M5_mp1,long,2017-01-11 00:00:00+00:00,1.7594519976720067,50,EMA_TRAIL
PH,M6_time10,long,2017-01-11 00:00:00+00:00,0.6241469731281498,10,TIME
PKG,M1_fix2R,long,2013-09-16 00:00:00+00:00,2.000000000000001,118,TP
PKG,M2_fix3R,long,2013-09-16 00:00:00+00:00,3.000000000000001,340,TP
PKG,M3_partial,long,2013-09-16 00:00:00+00:00,0.5,271,STOP_MOVED
PKG,M4_chandelier,long,2013-09-16 00:00:00+00:00,1.5319489408816718,122,STOP_MOVED
PKG,M5_mp1,long,2013-09-16 00:00:00+00:00,1.4887792798911463,123,EMA_TRAIL
PKG,M6_time10,long,2013-09-16 00:00:00+00:00,-0.46961024417927,10,TIME
PKI,M1_fix2R,long,2014-03-05 00:00:00+00:00,-1.0,27,SL
PKI,M2_fix3R,long,2014-03-05 00:00:00+00:00,-1.0,27,SL
PKI,M3_partial,long,2014-03-05 00:00:00+00:00,-1.0,27,SL
PKI,M4_chandelier,long,2014-03-05 00:00:00+00:00,-1.0,27,SL
PKI,M5_mp1,long,2014-03-05 00:00:00+00:00,-1.0,27,SL
PKI,M6_time10,long,2014-03-05 00:00:00+00:00,0.01913538086014402,10,TIME
PKI,M1_fix2R,long,2017-09-15 00:00:00+00:00,-1.0,5,SL
PKI,M2_fix3R,long,2017-09-15 00:00:00+00:00,-1.0,5,SL
PKI,M3_partial,long,2017-09-15 00:00:00+00:00,-1.0,5,SL
PKI,M4_chandelier,long,2017-09-15 00:00:00+00:00,-1.0,5,SL
PKI,M5_mp1,long,2017-09-15 00:00:00+00:00,-1.0,5,SL
PKI,M6_time10,long,2017-09-15 00:00:00+00:00,-1.0,5,SL
PNC,M1_fix2R,long,2016-11-09 00:00:00+00:00,2.0,28,TP
PNC,M2_fix3R,long,2016-11-09 00:00:00+00:00,3.0,64,TP
PNC,M3_partial,long,2016-11-09 00:00:00+00:00,2.0,64,TP
PNC,M4_chandelier,long,2016-11-09 00:00:00+00:00,1.885626635305275,45,STOP_MOVED
PNC,M5_mp1,long,2016-11-09 00:00:00+00:00,1.5703139482233124,45,EMA_TRAIL
PNC,M6_time10,long,2016-11-09 00:00:00+00:00,1.2493732279444634,10,TIME
PNR,M1_fix2R,long,2014-02-25 00:00:00+00:00,-1.0,21,SL
PNR,M2_fix3R,long,2014-02-25 00:00:00+00:00,-1.0,21,SL
PNR,M3_partial,long,2014-02-25 00:00:00+00:00,0.5,11,STOP_MOVED
PNR,M4_chandelier,long,2014-02-25 00:00:00+00:00,0.0,11,STOP_MOVED
PNR,M5_mp1,long,2014-02-25 00:00:00+00:00,-1.0,21,SL
PNR,M6_time10,long,2014-02-25 00:00:00+00:00,0.368333356669796,10,TIME
PNR,M1_fix2R,long,2017-11-30 00:00:00+00:00,-1.0,4,SL
PNR,M2_fix3R,long,2017-11-30 00:00:00+00:00,-1.0,4,SL
PNR,M3_partial,long,2017-11-30 00:00:00+00:00,-1.0,4,SL
PNR,M4_chandelier,long,2017-11-30 00:00:00+00:00,-1.0,4,SL
PNR,M5_mp1,long,2017-11-30 00:00:00+00:00,-1.0,4,SL
PNR,M6_time10,long,2017-11-30 00:00:00+00:00,-1.0,4,SL
PVH,M1_fix2R,long,2016-08-23 00:00:00+00:00,-1.0,51,SL
PVH,M2_fix3R,long,2016-08-23 00:00:00+00:00,-1.0,51,SL
PVH,M3_partial,long,2016-08-23 00:00:00+00:00,-1.0,51,SL
PVH,M4_chandelier,long,2016-08-23 00:00:00+00:00,-1.0,51,SL
PVH,M5_mp1,long,2016-08-23 00:00:00+00:00,-1.0,51,SL
PVH,M6_time10,long,2016-08-23 00:00:00+00:00,0.07737607148401904,10,TIME
PWR,M1_fix2R,long,2014-02-20 00:00:00+00:00,-1.0,164,SL
PWR,M2_fix3R,long,2014-02-20 00:00:00+00:00,-1.0,164,SL
PWR,M3_partial,long,2014-02-20 00:00:00+00:00,-1.0,164,SL
PWR,M4_chandelier,long,2014-02-20 00:00:00+00:00,-1.0,164,SL
PWR,M5_mp1,long,2014-02-20 00:00:00+00:00,-1.0,164,SL
PWR,M6_time10,long,2014-02-20 00:00:00+00:00,0.4893735066457888,10,TIME
PWR,M1_fix2R,long,2016-08-18 00:00:00+00:00,-1.0,20,SL
PWR,M2_fix3R,long,2016-08-18 00:00:00+00:00,-1.0,20,SL
PWR,M3_partial,long,2016-08-18 00:00:00+00:00,-1.0,20,SL
PWR,M4_chandelier,long,2016-08-18 00:00:00+00:00,-1.0,20,SL
PWR,M5_mp1,long,2016-08-18 00:00:00+00:00,-1.0,20,SL
PWR,M6_time10,long,2016-08-18 00:00:00+00:00,-0.26432426948141896,10,TIME
PX,M1_fix2R,long,2017-06-01 00:00:00+00:00,-1.0,41,SL
PX,M2_fix3R,long,2017-06-01 00:00:00+00:00,-1.0,41,SL
PX,M3_partial,long,2017-06-01 00:00:00+00:00,-1.0,41,SL
PX,M4_chandelier,long,2017-06-01 00:00:00+00:00,-1.0,41,SL
PX,M5_mp1,long,2017-06-01 00:00:00+00:00,-1.0,41,SL
PX,M6_time10,long,2017-06-01 00:00:00+00:00,0.14676299268752352,10,TIME
PXD,M1_fix2R,long,2014-05-29 00:00:00+00:00,2.0,16,TP
PXD,M2_fix3R,long,2014-05-29 00:00:00+00:00,-1.0,54,SL
PXD,M3_partial,long,2014-05-29 00:00:00+00:00,0.5,47,STOP_MOVED
PXD,M4_chandelier,long,2014-05-29 00:00:00+00:00,1.0513748960053226,18,STOP_MOVED
PXD,M5_mp1,long,2014-05-29 00:00:00+00:00,1.3068109944746056,26,EMA_TRAIL
PXD,M6_time10,long,2014-05-29 00:00:00+00:00,1.19789621043041,10,TIME
PXD,M1_fix2R,long,2018-01-03 00:00:00+00:00,-1.0,23,SL
PXD,M2_fix3R,long,2018-01-03 00:00:00+00:00,-1.0,23,SL
PXD,M3_partial,long,2018-01-03 00:00:00+00:00,0.5,22,STOP_MOVED
PXD,M4_chandelier,long,2018-01-03 00:00:00+00:00,0.34949222851831213,21,STOP_MOVED
PXD,M5_mp1,long,2018-01-03 00:00:00+00:00,0.7060247223790144,21,EMA_TRAIL
PXD,M6_time10,long,2018-01-03 00:00:00+00:00,1.092866064314876,10,TIME
PYPL,M1_fix2R,long,2017-05-31 00:00:00+00:00,2.0,29,TP
PYPL,M2_fix3R,long,2017-05-31 00:00:00+00:00,3.0,31,TP
PYPL,M3_partial,long,2017-05-31 00:00:00+00:00,0.5,8,STOP_MOVED
PYPL,M4_chandelier,long,2017-05-31 00:00:00+00:00,0.20444929465920364,8,STOP_MOVED
PYPL,M5_mp1,long,2017-05-31 00:00:00+00:00,2.438059744195254,50,EMA_TRAIL
PYPL,M6_time10,long,2017-05-31 00:00:00+00:00,-0.1828786617638774,10,TIME
PYPL,M1_fix2R,long,2017-10-11 00:00:00+00:00,2.0,17,TP
PYPL,M2_fix3R,long,2017-10-11 00:00:00+00:00,3.0,26,TP
PYPL,M3_partial,long,2017-10-11 00:00:00+00:00,2.0,26,TP
PYPL,M4_chandelier,long,2017-10-11 00:00:00+00:00,2.4245909158432255,34,STOP_MOVED
PYPL,M5_mp1,long,2017-10-11 00:00:00+00:00,1.866795952910459,34,EMA_TRAIL
PYPL,M6_time10,long,2017-10-11 00:00:00+00:00,1.2038876955422801,10,TIME
QCOM,M1_fix2R,long,2016-09-29 00:00:00+00:00,-1.0,78,SL
QCOM,M2_fix3R,long,2016-09-29 00:00:00+00:00,-1.0,78,SL
QCOM,M3_partial,long,2016-09-29 00:00:00+00:00,-1.0,78,SL
QCOM,M4_chandelier,long,2016-09-29 00:00:00+00:00,-1.0,78,SL
QCOM,M5_mp1,long,2016-09-29 00:00:00+00:00,-1.0,78,SL
QCOM,M6_time10,long,2016-09-29 00:00:00+00:00,-0.2862341706292816,10,TIME
QCOM,M1_fix2R,long,2016-10-27 00:00:00+00:00,-1.0,5,SL
QCOM,M2_fix3R,long,2016-10-27 00:00:00+00:00,-1.0,5,SL
QCOM,M3_partial,long,2016-10-27 00:00:00+00:00,-1.0,5,SL
QCOM,M4_chandelier,long,2016-10-27 00:00:00+00:00,-1.0,5,SL
QCOM,M5_mp1,long,2016-10-27 00:00:00+00:00,-1.0,5,SL
QCOM,M6_time10,long,2016-10-27 00:00:00+00:00,-1.0,5,SL
RCL,M1_fix2R,long,2014-09-03 00:00:00+00:00,-1.0,21,SL
RCL,M2_fix3R,long,2014-09-03 00:00:00+00:00,-1.0,21,SL
RCL,M3_partial,long,2014-09-03 00:00:00+00:00,0.5,20,STOP_MOVED
RCL,M4_chandelier,long,2014-09-03 00:00:00+00:00,0.2644023911967409,20,STOP_MOVED
RCL,M5_mp1,long,2014-09-03 00:00:00+00:00,0.5,20,STOP_MOVED
RCL,M6_time10,long,2014-09-03 00:00:00+00:00,1.018162433842292,10,TIME
RE,M1_fix2R,long,2016-10-25 00:00:00+00:00,2.0,71,TP
RE,M2_fix3R,long,2016-10-25 00:00:00+00:00,3.0,86,TP
RE,M3_partial,long,2016-10-25 00:00:00+00:00,2.0,86,TP
RE,M4_chandelier,long,2016-10-25 00:00:00+00:00,0.3869919474108924,23,STOP_MOVED
RE,M5_mp1,long,2016-10-25 00:00:00+00:00,2.092352296951568,90,EMA_TRAIL
RE,M6_time10,long,2016-10-25 00:00:00+00:00,0.48569080554058314,10,TIME
REG,M1_fix2R,long,2014-07-24 00:00:00+00:00,-1.0,4,SL
REG,M2_fix3R,long,2014-07-24 00:00:00+00:00,-1.0,4,SL
REG,M3_partial,long,2014-07-24 00:00:00+00:00,-1.0,4,SL
REG,M4_chandelier,long,2014-07-24 00:00:00+00:00,-1.0,4,SL
REG,M5_mp1,long,2014-07-24 00:00:00+00:00,-1.0,4,SL
REG,M6_time10,long,2014-07-24 00:00:00+00:00,-1.0,4,SL
REGN,M1_fix2R,long,2015-06-05 00:00:00+00:00,-1.0,2,SL
REGN,M2_fix3R,long,2015-06-05 00:00:00+00:00,-1.0,2,SL
REGN,M3_partial,long,2015-06-05 00:00:00+00:00,-1.0,2,SL
REGN,M4_chandelier,long,2015-06-05 00:00:00+00:00,-1.0,2,SL
REGN,M5_mp1,long,2015-06-05 00:00:00+00:00,-1.0,2,SL
REGN,M6_time10,long,2015-06-05 00:00:00+00:00,-1.0,2,SL
RF,M1_fix2R,long,2017-03-01 00:00:00+00:00,-1.0,7,SL
RF,M2_fix3R,long,2017-03-01 00:00:00+00:00,-1.0,7,SL
RF,M3_partial,long,2017-03-01 00:00:00+00:00,-1.0,7,SL
RF,M4_chandelier,long,2017-03-01 00:00:00+00:00,-1.0,7,SL
RF,M5_mp1,long,2017-03-01 00:00:00+00:00,-1.0,7,SL
RF,M6_time10,long,2017-03-01 00:00:00+00:00,-1.0,7,SL
RHI,M1_fix2R,long,2014-04-24 00:00:00+00:00,2.0,62,TP
RHI,M2_fix3R,long,2014-04-24 00:00:00+00:00,3.0,62,TP
RHI,M3_partial,long,2014-04-24 00:00:00+00:00,2.0,62,TP
RHI,M4_chandelier,long,2014-04-24 00:00:00+00:00,1.124341163345709,58,STOP_MOVED
RHI,M5_mp1,long,2014-04-24 00:00:00+00:00,1.3713228181068562,54,EMA_TRAIL
RHI,M6_time10,long,2014-04-24 00:00:00+00:00,0.3303445543345741,10,TIME
RHT,M1_fix2R,long,2017-08-30 00:00:00+00:00,2.0,18,TP
RHT,M2_fix3R,long,2017-08-30 00:00:00+00:00,3.0,25,TP
RHT,M3_partial,long,2017-08-30 00:00:00+00:00,2.0,25,TP
RHT,M4_chandelier,long,2017-08-30 00:00:00+00:00,6.941955698960015,63,STOP_MOVED
RHT,M5_mp1,long,2017-08-30 00:00:00+00:00,5.193087404682579,63,EMA_TRAIL
RHT,M6_time10,long,2017-08-30 00:00:00+00:00,0.5693251208733243,10,TIME
RJF,M1_fix2R,long,2016-10-27 00:00:00+00:00,2.0,13,TP
RJF,M2_fix3R,long,2016-10-27 00:00:00+00:00,3.0,61,TP
RJF,M3_partial,long,2016-10-27 00:00:00+00:00,2.0,61,TP
RJF,M4_chandelier,long,2016-10-27 00:00:00+00:00,1.8723922280619116,36,STOP_MOVED
RJF,M5_mp1,long,2016-10-27 00:00:00+00:00,1.8326024123223283,39,EMA_TRAIL
RJF,M6_time10,long,2016-10-27 00:00:00+00:00,1.1287114303230787,10,TIME
RMD,M1_fix2R,long,2016-03-10 00:00:00+00:00,-1.0,4,SL
RMD,M2_fix3R,long,2016-03-10 00:00:00+00:00,-1.0,4,SL
RMD,M3_partial,long,2016-03-10 00:00:00+00:00,-1.0,4,SL
RMD,M4_chandelier,long,2016-03-10 00:00:00+00:00,-1.0,4,SL
RMD,M5_mp1,long,2016-03-10 00:00:00+00:00,-1.0,4,SL
RMD,M6_time10,long,2016-03-10 00:00:00+00:00,-1.0,4,SL
RMD,M1_fix2R,long,2018-01-23 00:00:00+00:00,-0.5409077693537083,11,EOS
RMD,M2_fix3R,long,2018-01-23 00:00:00+00:00,-0.5409077693537083,11,EOS
RMD,M3_partial,long,2018-01-23 00:00:00+00:00,-0.5409077693537083,11,EOS
RMD,M4_chandelier,long,2018-01-23 00:00:00+00:00,-0.5409077693537083,11,EOS
RMD,M5_mp1,long,2018-01-23 00:00:00+00:00,-0.5409077693537083,11,EOS
RMD,M6_time10,long,2018-01-23 00:00:00+00:00,-0.37162356284762116,10,TIME
ROK,M1_fix2R,long,2016-12-01 00:00:00+00:00,2.0,36,TP
ROK,M2_fix3R,long,2016-12-01 00:00:00+00:00,3.0,99,TP
ROK,M3_partial,long,2016-12-01 00:00:00+00:00,2.0,99,TP
ROK,M4_chandelier,long,2016-12-01 00:00:00+00:00,1.0571437287544037,42,STOP_MOVED
ROK,M5_mp1,long,2016-12-01 00:00:00+00:00,1.7154544078795697,77,EMA_TRAIL
ROK,M6_time10,long,2016-12-01 00:00:00+00:00,-0.12791964891299953,10,TIME
ROK,M1_fix2R,long,2017-01-24 00:00:00+00:00,2.0,1,TP
ROK,M2_fix3R,long,2017-01-24 00:00:00+00:00,3.0,1,TP
ROK,M3_partial,long,2017-01-24 00:00:00+00:00,2.0,1,TP
ROK,M4_chandelier,long,2017-01-24 00:00:00+00:00,1.1319814352964659,7,STOP_MOVED
ROK,M5_mp1,long,2017-01-24 00:00:00+00:00,2.405310626104834,42,EMA_TRAIL
ROK,M6_time10,long,2017-01-24 00:00:00+00:00,2.0,1,TP
ROK,M1_fix2R,long,2017-10-31 00:00:00+00:00,-1.0,66,SL
ROK,M2_fix3R,long,2017-10-31 00:00:00+00:00,-1.0,66,SL
ROK,M3_partial,long,2017-10-31 00:00:00+00:00,-1.0,66,SL
ROK,M4_chandelier,long,2017-10-31 00:00:00+00:00,-1.0,66,SL
ROK,M5_mp1,long,2017-10-31 00:00:00+00:00,-1.0,66,SL
ROK,M6_time10,long,2017-10-31 00:00:00+00:00,-0.5635616389759741,10,TIME
ROST,M1_fix2R,long,2013-10-29 00:00:00+00:00,2.0,13,TP
ROST,M2_fix3R,long,2013-10-29 00:00:00+00:00,-1.0,18,SL
ROST,M3_partial,long,2013-10-29 00:00:00+00:00,0.5,18,STOP_MOVED
ROST,M4_chandelier,long,2013-10-29 00:00:00+00:00,0.5172748424366156,18,STOP_MOVED
ROST,M5_mp1,long,2013-10-29 00:00:00+00:00,0.5,18,STOP_MOVED
ROST,M6_time10,long,2013-10-29 00:00:00+00:00,0.8380681307969555,10,TIME
RTN,M1_fix2R,long,2015-11-16 00:00:00+00:00,-1.0,43,SL
RTN,M2_fix3R,long,2015-11-16 00:00:00+00:00,-1.0,43,SL
RTN,M3_partial,long,2015-11-16 00:00:00+00:00,0.5,32,STOP_MOVED
RTN,M4_chandelier,long,2015-11-16 00:00:00+00:00,0.04650651083414387,12,STOP_MOVED
RTN,M5_mp1,long,2015-11-16 00:00:00+00:00,-1.0,43,SL
RTN,M6_time10,long,2015-11-16 00:00:00+00:00,0.3804711728689727,10,TIME
RTN,M1_fix2R,long,2017-08-09 00:00:00+00:00,2.0,105,TP
RTN,M2_fix3R,long,2017-08-09 00:00:00+00:00,3.0,116,TP
RTN,M3_partial,long,2017-08-09 00:00:00+00:00,0.5,55,STOP_MOVED
RTN,M4_chandelier,long,2017-08-09 00:00:00+00:00,0.8216781996974221,55,STOP_MOVED
RTN,M5_mp1,long,2017-08-09 00:00:00+00:00,1.0558902806924961,81,EMA_TRAIL
RTN,M6_time10,long,2017-08-09 00:00:00+00:00,-0.17738281194338135,10,TIME
SBAC,M1_fix2R,long,2017-05-30 00:00:00+00:00,-1.0,9,SL
SBAC,M2_fix3R,long,2017-05-30 00:00:00+00:00,-1.0,9,SL
SBAC,M3_partial,long,2017-05-30 00:00:00+00:00,-1.0,9,SL
SBAC,M4_chandelier,long,2017-05-30 00:00:00+00:00,-1.0,9,SL
SBAC,M5_mp1,long,2017-05-30 00:00:00+00:00,-1.0,9,SL
SBAC,M6_time10,long,2017-05-30 00:00:00+00:00,-1.0,9,SL
SBUX,M1_fix2R,long,2015-04-23 00:00:00+00:00,2.0,39,TP
SBUX,M2_fix3R,long,2015-04-23 00:00:00+00:00,3.0,55,TP
SBUX,M3_partial,long,2015-04-23 00:00:00+00:00,0.5,5,STOP_MOVED
SBUX,M4_chandelier,long,2015-04-23 00:00:00+00:00,0.04611112025161911,5,STOP_MOVED
SBUX,M5_mp1,long,2015-04-23 00:00:00+00:00,1.7255285104824676,52,EMA_TRAIL
SBUX,M6_time10,long,2015-04-23 00:00:00+00:00,-0.06084285223576201,10,TIME
SHW,M1_fix2R,long,2017-04-20 00:00:00+00:00,2.0,42,TP
SHW,M2_fix3R,long,2017-04-20 00:00:00+00:00,3.0,115,TP
SHW,M3_partial,long,2017-04-20 00:00:00+00:00,2.0,115,TP
SHW,M4_chandelier,long,2017-04-20 00:00:00+00:00,1.437550280447665,53,STOP_MOVED
SHW,M5_mp1,long,2017-04-20 00:00:00+00:00,1.525489187199366,50,EMA_TRAIL
SHW,M6_time10,long,2017-04-20 00:00:00+00:00,0.8244825985067503,10,TIME
SIG,M1_fix2R,long,2014-05-29 00:00:00+00:00,-1.0,44,SL
SIG,M2_fix3R,long,2014-05-29 00:00:00+00:00,-1.0,44,SL
SIG,M3_partial,long,2014-05-29 00:00:00+00:00,-1.0,44,SL
SIG,M4_chandelier,long,2014-05-29 00:00:00+00:00,-1.0,44,SL
SIG,M5_mp1,long,2014-05-29 00:00:00+00:00,-1.0,44,SL
SIG,M6_time10,long,2014-05-29 00:00:00+00:00,-0.34157927687699985,10,TIME
SIG,M1_fix2R,long,2014-11-25 00:00:00+00:00,-1.0,45,SL
SIG,M2_fix3R,long,2014-11-25 00:00:00+00:00,-1.0,45,SL
SIG,M3_partial,long,2014-11-25 00:00:00+00:00,-1.0,45,SL
SIG,M4_chandelier,long,2014-11-25 00:00:00+00:00,-1.0,45,SL
SIG,M5_mp1,long,2014-11-25 00:00:00+00:00,-1.0,45,SL
SIG,M6_time10,long,2014-11-25 00:00:00+00:00,-0.4903237851980448,10,TIME
SLG,M1_fix2R,long,2015-01-22 00:00:00+00:00,-1.0,6,SL
SLG,M2_fix3R,long,2015-01-22 00:00:00+00:00,-1.0,6,SL
SLG,M3_partial,long,2015-01-22 00:00:00+00:00,0.5,5,STOP_MOVED
SLG,M4_chandelier,long,2015-01-22 00:00:00+00:00,0.0,5,STOP_MOVED
SLG,M5_mp1,long,2015-01-22 00:00:00+00:00,-1.0,6,SL
SLG,M6_time10,long,2015-01-22 00:00:00+00:00,-1.0,6,SL
SLG,M1_fix2R,long,2016-08-11 00:00:00+00:00,-1.0,6,SL
SLG,M2_fix3R,long,2016-08-11 00:00:00+00:00,-1.0,6,SL
SLG,M3_partial,long,2016-08-11 00:00:00+00:00,-1.0,6,SL
SLG,M4_chandelier,long,2016-08-11 00:00:00+00:00,-1.0,6,SL
SLG,M5_mp1,long,2016-08-11 00:00:00+00:00,-1.0,6,SL
SLG,M6_time10,long,2016-08-11 00:00:00+00:00,-1.0,6,SL
SNA,M1_fix2R,long,2014-07-17 00:00:00+00:00,-1.0,60,SL
SNA,M2_fix3R,long,2014-07-17 00:00:00+00:00,-1.0,60,SL
SNA,M3_partial,long,2014-07-17 00:00:00+00:00,-1.0,60,SL
SNA,M4_chandelier,long,2014-07-17 00:00:00+00:00,-1.0,60,SL
SNA,M5_mp1,long,2014-07-17 00:00:00+00:00,-1.0,60,SL
SNA,M6_time10,long,2014-07-17 00:00:00+00:00,-0.5044590442074957,10,TIME
SNI,M1_fix2R,long,2017-01-04 00:00:00+00:00,-1.0,82,SL
SNI,M2_fix3R,long,2017-01-04 00:00:00+00:00,-1.0,82,SL
SNI,M3_partial,long,2017-01-04 00:00:00+00:00,0.5,69,STOP_MOVED
SNI,M4_chandelier,long,2017-01-04 00:00:00+00:00,0.810957564974155,40,STOP_MOVED
SNI,M5_mp1,long,2017-01-04 00:00:00+00:00,1.0924159355493512,40,EMA_TRAIL
SNI,M6_time10,long,2017-01-04 00:00:00+00:00,-0.04593963913394824,10,TIME
SNPS,M1_fix2R,long,2017-10-12 00:00:00+00:00,2.0,34,TP
SNPS,M2_fix3R,long,2017-10-12 00:00:00+00:00,3.0,34,TP
SNPS,M3_partial,long,2017-10-12 00:00:00+00:00,2.0,34,TP
SNPS,M4_chandelier,long,2017-10-12 00:00:00+00:00,0.8305776171875328,33,STOP_MOVED
SNPS,M5_mp1,long,2017-10-12 00:00:00+00:00,0.9171023409822274,33,EMA_TRAIL
SNPS,M6_time10,long,2017-10-12 00:00:00+00:00,0.6385187019666108,10,TIME
SPGI,M1_fix2R,long,2016-07-28 00:00:00+00:00,-1.0,89,SL
SPGI,M2_fix3R,long,2016-07-28 00:00:00+00:00,-1.0,89,SL
SPGI,M3_partial,long,2016-07-28 00:00:00+00:00,0.5,54,STOP_MOVED
SPGI,M4_chandelier,long,2016-07-28 00:00:00+00:00,0.06478690763397565,53,STOP_MOVED
SPGI,M5_mp1,long,2016-07-28 00:00:00+00:00,-1.0,89,SL
SPGI,M6_time10,long,2016-07-28 00:00:00+00:00,-0.1759049274995298,10,TIME
SPGI,M1_fix2R,long,2017-07-21 00:00:00+00:00,-1.0,13,SL
SPGI,M2_fix3R,long,2017-07-21 00:00:00+00:00,-1.0,13,SL
SPGI,M3_partial,long,2017-07-21 00:00:00+00:00,-1.0,13,SL
SPGI,M4_chandelier,long,2017-07-21 00:00:00+00:00,-1.0,13,SL
SPGI,M5_mp1,long,2017-07-21 00:00:00+00:00,-1.0,13,SL
SPGI,M6_time10,long,2017-07-21 00:00:00+00:00,-0.43582540771714245,10,TIME
SRE,M1_fix2R,long,2017-05-30 00:00:00+00:00,-1.0,19,SL
SRE,M2_fix3R,long,2017-05-30 00:00:00+00:00,-1.0,19,SL
SRE,M3_partial,long,2017-05-30 00:00:00+00:00,-1.0,19,SL
SRE,M4_chandelier,long,2017-05-30 00:00:00+00:00,-1.0,19,SL
SRE,M5_mp1,long,2017-05-30 00:00:00+00:00,-1.0,19,SL
SRE,M6_time10,long,2017-05-30 00:00:00+00:00,-0.41756133295714903,10,TIME
STT,M1_fix2R,long,2017-07-26 00:00:00+00:00,2.0,116,TP
STT,M2_fix3R,long,2017-07-26 00:00:00+00:00,3.0,123,TP
STT,M3_partial,long,2017-07-26 00:00:00+00:00,0.5,62,STOP_MOVED
STT,M4_chandelier,long,2017-07-26 00:00:00+00:00,0.3762897986116303,62,STOP_MOVED
STT,M5_mp1,long,2017-07-26 00:00:00+00:00,1.6121606993556776,133,EMA_TRAIL
STT,M6_time10,long,2017-07-26 00:00:00+00:00,-0.01942776752442675,10,TIME
STX,M1_fix2R,long,2014-07-01 00:00:00+00:00,-1.0,64,SL
STX,M2_fix3R,long,2014-07-01 00:00:00+00:00,-1.0,64,SL
STX,M3_partial,long,2014-07-01 00:00:00+00:00,0.5,52,STOP_MOVED
STX,M4_chandelier,long,2014-07-01 00:00:00+00:00,0.505088769995607,46,STOP_MOVED
STX,M5_mp1,long,2014-07-01 00:00:00+00:00,-1.0,64,SL
STX,M6_time10,long,2014-07-01 00:00:00+00:00,0.730187297618864,10,TIME
STZ,M1_fix2R,long,2013-09-13 00:00:00+00:00,-1.0,5,SL
STZ,M2_fix3R,long,2013-09-13 00:00:00+00:00,-1.0,5,SL
STZ,M3_partial,long,2013-09-13 00:00:00+00:00,-1.0,5,SL
STZ,M4_chandelier,long,2013-09-13 00:00:00+00:00,-1.0,5,SL
STZ,M5_mp1,long,2013-09-13 00:00:00+00:00,-1.0,5,SL
STZ,M6_time10,long,2013-09-13 00:00:00+00:00,-1.0,5,SL
STZ,M1_fix2R,long,2015-11-10 00:00:00+00:00,2.0,11,TP
STZ,M2_fix3R,long,2015-11-10 00:00:00+00:00,3.0,39,TP
STZ,M3_partial,long,2015-11-10 00:00:00+00:00,2.0,39,TP
STZ,M4_chandelier,long,2015-11-10 00:00:00+00:00,0.580998317200665,23,STOP_MOVED
STZ,M5_mp1,long,2015-11-10 00:00:00+00:00,1.2722285945647174,21,EMA_TRAIL
STZ,M6_time10,long,2015-11-10 00:00:00+00:00,1.4693553124155876,10,TIME
STZ,M1_fix2R,long,2016-01-07 00:00:00+00:00,-1.0,21,SL
STZ,M2_fix3R,long,2016-01-07 00:00:00+00:00,-1.0,21,SL
STZ,M3_partial,long,2016-01-07 00:00:00+00:00,-1.0,21,SL
STZ,M4_chandelier,long,2016-01-07 00:00:00+00:00,-1.0,21,SL
STZ,M5_mp1,long,2016-01-07 00:00:00+00:00,-1.0,21,SL
STZ,M6_time10,long,2016-01-07 00:00:00+00:00,-0.07780169383663153,10,TIME
STZ,M1_fix2R,long,2017-05-16 00:00:00+00:00,2.0,31,TP
STZ,M2_fix3R,long,2017-05-16 00:00:00+00:00,3.0,78,TP
STZ,M3_partial,long,2017-05-16 00:00:00+00:00,2.0,78,TP
STZ,M4_chandelier,long,2017-05-16 00:00:00+00:00,1.5844543242932918,53,STOP_MOVED
STZ,M5_mp1,long,2017-05-16 00:00:00+00:00,1.6415998189799095,48,EMA_TRAIL
STZ,M6_time10,long,2017-05-16 00:00:00+00:00,0.05432620210602175,10,TIME
SWK,M1_fix2R,long,2016-07-22 00:00:00+00:00,-1.0,68,SL
SWK,M2_fix3R,long,2016-07-22 00:00:00+00:00,-1.0,68,SL
SWK,M3_partial,long,2016-07-22 00:00:00+00:00,-1.0,68,SL
SWK,M4_chandelier,long,2016-07-22 00:00:00+00:00,-1.0,68,SL
SWK,M5_mp1,long,2016-07-22 00:00:00+00:00,-1.0,68,SL
SWK,M6_time10,long,2016-07-22 00:00:00+00:00,0.3992535402203904,10,TIME
SWK,M1_fix2R,long,2017-11-07 00:00:00+00:00,-1.0,60,SL
SWK,M2_fix3R,long,2017-11-07 00:00:00+00:00,-1.0,60,SL
SWK,M3_partial,long,2017-11-07 00:00:00+00:00,0.5,58,STOP_MOVED
SWK,M4_chandelier,long,2017-11-07 00:00:00+00:00,0.664363712500581,53,STOP_MOVED
SWK,M5_mp1,long,2017-11-07 00:00:00+00:00,1.0504154516523603,52,EMA_TRAIL
SWK,M6_time10,long,2017-11-07 00:00:00+00:00,0.09873092966020308,10,TIME
SYK,M1_fix2R,long,2015-07-24 00:00:00+00:00,-1.0,21,SL
SYK,M2_fix3R,long,2015-07-24 00:00:00+00:00,-1.0,21,SL
SYK,M3_partial,long,2015-07-24 00:00:00+00:00,0.5,20,STOP_MOVED
SYK,M4_chandelier,long,2015-07-24 00:00:00+00:00,0.0,20,STOP_MOVED
SYK,M5_mp1,long,2015-07-24 00:00:00+00:00,-1.0,21,SL
SYK,M6_time10,long,2015-07-24 00:00:00+00:00,-0.03446994919311458,10,TIME
SYY,M1_fix2R,long,2016-03-18 00:00:00+00:00,2.0,35,TP
SYY,M2_fix3R,long,2016-03-18 00:00:00+00:00,3.0,74,TP
SYY,M3_partial,long,2016-03-18 00:00:00+00:00,2.0,74,TP
SYY,M4_chandelier,long,2016-03-18 00:00:00+00:00,1.2894403534891972,45,STOP_MOVED
SYY,M5_mp1,long,2016-03-18 00:00:00+00:00,1.3375817312820455,44,EMA_TRAIL
SYY,M6_time10,long,2016-03-18 00:00:00+00:00,0.2101610897461737,10,TIME
TAP,M1_fix2R,long,2014-05-07 00:00:00+00:00,2.0,23,TP
TAP,M2_fix3R,long,2014-05-07 00:00:00+00:00,2.9999999999999973,23,TP
TAP,M3_partial,long,2014-05-07 00:00:00+00:00,1.9999999999999987,23,TP
TAP,M4_chandelier,long,2014-05-07 00:00:00+00:00,3.9629173661630217,46,STOP_MOVED
TAP,M5_mp1,long,2014-05-07 00:00:00+00:00,3.025737392449081,47,EMA_TRAIL
TAP,M6_time10,long,2014-05-07 00:00:00+00:00,0.9034006779486563,10,TIME
TAP,M1_fix2R,long,2016-04-14 00:00:00+00:00,-1.0,72,SL
TAP,M2_fix3R,long,2016-04-14 00:00:00+00:00,-1.0,72,SL
TAP,M3_partial,long,2016-04-14 00:00:00+00:00,0.5,51,STOP_MOVED
TAP,M4_chandelier,long,2016-04-14 00:00:00+00:00,0.7842974523736619,42,STOP_MOVED
TAP,M5_mp1,long,2016-04-14 00:00:00+00:00,1.2315915997430684,42,EMA_TRAIL
TAP,M6_time10,long,2016-04-14 00:00:00+00:00,-0.036174083983763074,10,TIME
TDG,M1_fix2R,long,2015-02-23 00:00:00+00:00,-1.0,243,SL
TDG,M2_fix3R,long,2015-02-23 00:00:00+00:00,-1.0,243,SL
TDG,M3_partial,long,2015-02-23 00:00:00+00:00,0.5,127,STOP_MOVED
TDG,M4_chandelier,long,2015-02-23 00:00:00+00:00,0.18000005581330936,127,STOP_MOVED
TDG,M5_mp1,long,2015-02-23 00:00:00+00:00,-1.0,243,SL
TDG,M6_time10,long,2015-02-23 00:00:00+00:00,-0.47646295301323677,10,TIME
TDG,M1_fix2R,long,2015-06-19 00:00:00+00:00,-1.0,11,SL
TDG,M2_fix3R,long,2015-06-19 00:00:00+00:00,-1.0,11,SL
TDG,M3_partial,long,2015-06-19 00:00:00+00:00,-1.0,11,SL
TDG,M4_chandelier,long,2015-06-19 00:00:00+00:00,-1.0,11,SL
TDG,M5_mp1,long,2015-06-19 00:00:00+00:00,-1.0,11,SL
TDG,M6_time10,long,2015-06-19 00:00:00+00:00,-0.5422005194232511,10,TIME
TIF,M1_fix2R,long,2017-03-17 00:00:00+00:00,-1.0,47,SL
TIF,M2_fix3R,long,2017-03-17 00:00:00+00:00,-1.0,47,SL
TIF,M3_partial,long,2017-03-17 00:00:00+00:00,-1.0,47,SL
TIF,M4_chandelier,long,2017-03-17 00:00:00+00:00,-1.0,47,SL
TIF,M5_mp1,long,2017-03-17 00:00:00+00:00,-1.0,47,SL
TIF,M6_time10,long,2017-03-17 00:00:00+00:00,0.5663602821663118,10,TIME
TMK,M1_fix2R,long,2015-07-24 00:00:00+00:00,-1.0,2,SL
TMK,M2_fix3R,long,2015-07-24 00:00:00+00:00,-1.0,2,SL
TMK,M3_partial,long,2015-07-24 00:00:00+00:00,-1.0,2,SL
TMK,M4_chandelier,long,2015-07-24 00:00:00+00:00,-1.0,2,SL
TMK,M5_mp1,long,2015-07-24 00:00:00+00:00,-1.0,2,SL
TMK,M6_time10,long,2015-07-24 00:00:00+00:00,-1.0,2,SL
TMK,M1_fix2R,long,2016-07-12 00:00:00+00:00,1.9999999999999973,85,TP
TMK,M2_fix3R,long,2016-07-12 00:00:00+00:00,3.0,88,TP
TMK,M3_partial,long,2016-07-12 00:00:00+00:00,2.0,88,TP
TMK,M4_chandelier,long,2016-07-12 00:00:00+00:00,0.49793809032569764,53,STOP_MOVED
TMK,M5_mp1,long,2016-07-12 00:00:00+00:00,3.22969697975572,128,EMA_TRAIL
TMK,M6_time10,long,2016-07-12 00:00:00+00:00,-0.1750157022551592,10,TIME
TMK,M1_fix2R,long,2017-11-28 00:00:00+00:00,-1.0,46,SL
TMK,M2_fix3R,long,2017-11-28 00:00:00+00:00,-1.0,46,SL
TMK,M3_partial,long,2017-11-28 00:00:00+00:00,0.5,46,STOP_MOVED
TMK,M4_chandelier,long,2017-11-28 00:00:00+00:00,0.9926577065068477,43,STOP_MOVED
TMK,M5_mp1,long,2017-11-28 00:00:00+00:00,1.2446681117428193,42,EMA_TRAIL
TMK,M6_time10,long,2017-11-28 00:00:00+00:00,0.6476318073208946,10,TIME
TSCO,M1_fix2R,long,2013-08-29 00:00:00+00:00,2.0,22,TP
TSCO,M2_fix3R,long,2013-08-29 00:00:00+00:00,3.0,39,TP
TSCO,M3_partial,long,2013-08-29 00:00:00+00:00,2.0,39,TP
TSCO,M4_chandelier,long,2013-08-29 00:00:00+00:00,1.2598684111730416,27,STOP_MOVED
TSCO,M5_mp1,long,2013-08-29 00:00:00+00:00,1.326493764447593,27,EMA_TRAIL
TSCO,M6_time10,long,2013-08-29 00:00:00+00:00,1.155645535100204,10,TIME
TSCO,M1_fix2R,long,2015-07-23 00:00:00+00:00,-1.0,2,SL
TSCO,M2_fix3R,long,2015-07-23 00:00:00+00:00,-1.0,2,SL
TSCO,M3_partial,long,2015-07-23 00:00:00+00:00,-1.0,2,SL
TSCO,M4_chandelier,long,2015-07-23 00:00:00+00:00,-1.0,2,SL
TSCO,M5_mp1,long,2015-07-23 00:00:00+00:00,-1.0,2,SL
TSCO,M6_time10,long,2015-07-23 00:00:00+00:00,-1.0,2,SL
TSN,M1_fix2R,long,2015-12-08 00:00:00+00:00,-1.0,26,SL
TSN,M2_fix3R,long,2015-12-08 00:00:00+00:00,-1.0,26,SL
TSN,M3_partial,long,2015-12-08 00:00:00+00:00,-1.0,26,SL
TSN,M4_chandelier,long,2015-12-08 00:00:00+00:00,-1.0,26,SL
TSN,M5_mp1,long,2015-12-08 00:00:00+00:00,-1.0,26,SL
TSN,M6_time10,long,2015-12-08 00:00:00+00:00,0.34783920287285186,10,TIME
TSS,M1_fix2R,long,2018-01-24 00:00:00+00:00,-0.369439709690003,10,EOS
TSS,M2_fix3R,long,2018-01-24 00:00:00+00:00,-0.369439709690003,10,EOS
TSS,M3_partial,long,2018-01-24 00:00:00+00:00,-0.369439709690003,10,EOS
TSS,M4_chandelier,long,2018-01-24 00:00:00+00:00,-0.369439709690003,10,EOS
TSS,M5_mp1,long,2018-01-24 00:00:00+00:00,-0.369439709690003,10,EOS
TSS,M6_time10,long,2018-01-24 00:00:00+00:00,-0.369439709690003,10,TIME
TXN,M1_fix2R,long,2016-07-25 00:00:00+00:00,2.0,1,TP
TXN,M2_fix3R,long,2016-07-25 00:00:00+00:00,2.999999999999997,84,TP
TXN,M3_partial,long,2016-07-25 00:00:00+00:00,1.9999999999999984,84,TP
TXN,M4_chandelier,long,2016-07-25 00:00:00+00:00,1.1592457069599027,6,STOP_MOVED
TXN,M5_mp1,long,2016-07-25 00:00:00+00:00,1.3606343268979382,26,EMA_TRAIL
TXN,M6_time10,long,2016-07-25 00:00:00+00:00,2.0,1,TP
TXN,M1_fix2R,long,2017-12-14 00:00:00+00:00,2.0,12,TP
TXN,M2_fix3R,long,2017-12-14 00:00:00+00:00,3.0,16,TP
TXN,M3_partial,long,2017-12-14 00:00:00+00:00,2.0,16,TP
TXN,M4_chandelier,long,2017-12-14 00:00:00+00:00,3.854972968511424,26,STOP_MOVED
TXN,M5_mp1,long,2017-12-14 00:00:00+00:00,2.300675443302665,26,EMA_TRAIL
TXN,M6_time10,long,2017-12-14 00:00:00+00:00,1.1814720812182806,10,TIME
TXT,M1_fix2R,long,2016-12-01 00:00:00+00:00,-1.0,36,SL
TXT,M2_fix3R,long,2016-12-01 00:00:00+00:00,-1.0,36,SL
TXT,M3_partial,long,2016-12-01 00:00:00+00:00,-1.0,36,SL
TXT,M4_chandelier,long,2016-12-01 00:00:00+00:00,-1.0,36,SL
TXT,M5_mp1,long,2016-12-01 00:00:00+00:00,-1.0,36,SL
TXT,M6_time10,long,2016-12-01 00:00:00+00:00,0.35177681228676816,10,TIME
UHS,M1_fix2R,long,2013-11-25 00:00:00+00:00,-1.0,18,SL
UHS,M2_fix3R,long,2013-11-25 00:00:00+00:00,-1.0,18,SL
UHS,M3_partial,long,2013-11-25 00:00:00+00:00,-1.0,18,SL
UHS,M4_chandelier,long,2013-11-25 00:00:00+00:00,-1.0,18,SL
UHS,M5_mp1,long,2013-11-25 00:00:00+00:00,-1.0,18,SL
UHS,M6_time10,long,2013-11-25 00:00:00+00:00,0.47349303288420164,10,TIME
UHS,M1_fix2R,long,2015-05-27 00:00:00+00:00,2.0,46,TP
UHS,M2_fix3R,long,2015-05-27 00:00:00+00:00,-1.0,86,SL
UHS,M3_partial,long,2015-05-27 00:00:00+00:00,0.5,68,STOP_MOVED
UHS,M4_chandelier,long,2015-05-27 00:00:00+00:00,1.2957549465409437,49,STOP_MOVED
UHS,M5_mp1,long,2015-05-27 00:00:00+00:00,1.3825889167138323,53,EMA_TRAIL
UHS,M6_time10,long,2015-05-27 00:00:00+00:00,-0.07095074722265782,10,TIME
ULTA,M1_fix2R,long,2014-09-04 00:00:00+00:00,2.0,6,TP
ULTA,M2_fix3R,long,2014-09-04 00:00:00+00:00,3.0,6,TP
ULTA,M3_partial,long,2014-09-04 00:00:00+00:00,2.0,6,TP
ULTA,M4_chandelier,long,2014-09-04 00:00:00+00:00,3.573947855930264,23,STOP_MOVED
ULTA,M5_mp1,long,2014-09-04 00:00:00+00:00,2.8299958369931577,23,EMA_TRAIL
ULTA,M6_time10,long,2014-09-04 00:00:00+00:00,2.0,6,TP
UNM,M1_fix2R,long,2016-11-09 00:00:00+00:00,2.0,62,TP
UNM,M2_fix3R,long,2016-11-09 00:00:00+00:00,3.0,226,TP
UNM,M3_partial,long,2016-11-09 00:00:00+00:00,2.0,226,TP
UNM,M4_chandelier,long,2016-11-09 00:00:00+00:00,2.069936158868863,84,STOP_MOVED
UNM,M5_mp1,long,2016-11-09 00:00:00+00:00,1.9186429489709482,85,EMA_TRAIL
UNM,M6_time10,long,2016-11-09 00:00:00+00:00,0.8847241744621622,10,TIME
USB,M1_fix2R,long,2013-09-18 00:00:00+00:00,-1.0,5,SL
USB,M2_fix3R,long,2013-09-18 00:00:00+00:00,-1.0,5,SL
USB,M3_partial,long,2013-09-18 00:00:00+00:00,-1.0,5,SL
USB,M4_chandelier,long,2013-09-18 00:00:00+00:00,-1.0,5,SL
USB,M5_mp1,long,2013-09-18 00:00:00+00:00,-1.0,5,SL
USB,M6_time10,long,2013-09-18 00:00:00+00:00,-1.0,5,SL
VFC,M1_fix2R,long,2017-10-23 00:00:00+00:00,1.5049762733344796,73,EOS
VFC,M2_fix3R,long,2017-10-23 00:00:00+00:00,1.5049762733344796,73,EOS
VFC,M3_partial,long,2017-10-23 00:00:00+00:00,1.2524881366672398,73,EOS
VFC,M4_chandelier,long,2017-10-23 00:00:00+00:00,1.3557323068408726,69,STOP_MOVED
VFC,M5_mp1,long,2017-10-23 00:00:00+00:00,1.3266576690844243,71,EMA_TRAIL
VFC,M6_time10,long,2017-10-23 00:00:00+00:00,-0.1368081694206334,10,TIME
VFC,M1_fix2R,long,2017-12-15 00:00:00+00:00,2.0,23,TP
VFC,M2_fix3R,long,2017-12-15 00:00:00+00:00,3.0,29,TP
VFC,M3_partial,long,2017-12-15 00:00:00+00:00,2.0,29,TP
VFC,M4_chandelier,long,2017-12-15 00:00:00+00:00,1.8089373279076733,31,STOP_MOVED
VFC,M5_mp1,long,2017-12-15 00:00:00+00:00,1.510126367916848,33,EMA_TRAIL
VFC,M6_time10,long,2017-12-15 00:00:00+00:00,-0.023541488433795228,10,TIME
VMC,M1_fix2R,long,2013-12-30 00:00:00+00:00,1.9999999999999973,26,TP
VMC,M2_fix3R,long,2013-12-30 00:00:00+00:00,3.0000000000000027,39,TP
VMC,M3_partial,long,2013-12-30 00:00:00+00:00,0.5,17,STOP_MOVED
VMC,M4_chandelier,long,2013-12-30 00:00:00+00:00,0.0,17,STOP_MOVED
VMC,M5_mp1,long,2013-12-30 00:00:00+00:00,2.0774373396353485,50,EMA_TRAIL
VMC,M6_time10,long,2013-12-30 00:00:00+00:00,-0.12872125894345185,10,TIME
VNO,M1_fix2R,long,2014-07-24 00:00:00+00:00,-1.0,5,SL
VNO,M2_fix3R,long,2014-07-24 00:00:00+00:00,-1.0,5,SL
VNO,M3_partial,long,2014-07-24 00:00:00+00:00,-1.0,5,SL
VNO,M4_chandelier,long,2014-07-24 00:00:00+00:00,-1.0,5,SL
VNO,M5_mp1,long,2014-07-24 00:00:00+00:00,-1.0,5,SL
VNO,M6_time10,long,2014-07-24 00:00:00+00:00,-1.0,5,SL
VRSK,M1_fix2R,long,2015-04-29 00:00:00+00:00,-1.0,6,SL
VRSK,M2_fix3R,long,2015-04-29 00:00:00+00:00,-1.0,6,SL
VRSK,M3_partial,long,2015-04-29 00:00:00+00:00,-1.0,6,SL
VRSK,M4_chandelier,long,2015-04-29 00:00:00+00:00,-1.0,6,SL
VRSK,M5_mp1,long,2015-04-29 00:00:00+00:00,-1.0,6,SL
VRSK,M6_time10,long,2015-04-29 00:00:00+00:00,-1.0,6,SL
VRSN,M1_fix2R,long,2015-10-23 00:00:00+00:00,-1.0,57,SL
VRSN,M2_fix3R,long,2015-10-23 00:00:00+00:00,-1.0,57,SL
VRSN,M3_partial,long,2015-10-23 00:00:00+00:00,0.5,50,STOP_MOVED
VRSN,M4_chandelier,long,2015-10-23 00:00:00+00:00,1.1532989112694634,35,STOP_MOVED
VRSN,M5_mp1,long,2015-10-23 00:00:00+00:00,1.2342959915340426,38,EMA_TRAIL
VRSN,M6_time10,long,2015-10-23 00:00:00+00:00,0.3264966378003291,10,TIME
WAT,M1_fix2R,long,2016-07-26 00:00:00+00:00,-1.0,64,SL
WAT,M2_fix3R,long,2016-07-26 00:00:00+00:00,-1.0,64,SL
WAT,M3_partial,long,2016-07-26 00:00:00+00:00,-1.0,64,SL
WAT,M4_chandelier,long,2016-07-26 00:00:00+00:00,-1.0,64,SL
WAT,M5_mp1,long,2016-07-26 00:00:00+00:00,-1.0,64,SL
WAT,M6_time10,long,2016-07-26 00:00:00+00:00,0.32036578615526656,10,TIME
WAT,M1_fix2R,long,2017-04-25 00:00:00+00:00,2.0,177,TP
WAT,M2_fix3R,long,2017-04-25 00:00:00+00:00,3.0,188,TP
WAT,M3_partial,long,2017-04-25 00:00:00+00:00,0.5,63,STOP_MOVED
WAT,M4_chandelier,long,2017-04-25 00:00:00+00:00,0.6212767378737489,33,STOP_MOVED
WAT,M5_mp1,long,2017-04-25 00:00:00+00:00,1.5470398864314185,152,EMA_TRAIL
WAT,M6_time10,long,2017-04-25 00:00:00+00:00,0.18733834543535718,10,TIME
WFC,M1_fix2R,long,2017-03-01 00:00:00+00:00,-1.0,14,SL
WFC,M2_fix3R,long,2017-03-01 00:00:00+00:00,-1.0,14,SL
WFC,M3_partial,long,2017-03-01 00:00:00+00:00,-1.0,14,SL
WFC,M4_chandelier,long,2017-03-01 00:00:00+00:00,-1.0,14,SL
WFC,M5_mp1,long,2017-03-01 00:00:00+00:00,-1.0,14,SL
WFC,M6_time10,long,2017-03-01 00:00:00+00:00,-0.371321779193999,10,TIME
WHR,M1_fix2R,long,2014-10-28 00:00:00+00:00,2.0,52,TP
WHR,M2_fix3R,long,2014-10-28 00:00:00+00:00,-1.0,230,SL
WHR,M3_partial,long,2014-10-28 00:00:00+00:00,0.5,170,STOP_MOVED
WHR,M4_chandelier,long,2014-10-28 00:00:00+00:00,0.7358445734900882,32,STOP_MOVED
WHR,M5_mp1,long,2014-10-28 00:00:00+00:00,1.2259582964778775,47,EMA_TRAIL
WHR,M6_time10,long,2014-10-28 00:00:00+00:00,0.38323677546939744,10,TIME
WM,M1_fix2R,long,2016-06-24 00:00:00+00:00,1.9999999999999953,6,TP
WM,M2_fix3R,long,2016-06-24 00:00:00+00:00,3.0,6,TP
WM,M3_partial,long,2016-06-24 00:00:00+00:00,2.0,6,TP
WM,M4_chandelier,long,2016-06-24 00:00:00+00:00,2.3243575568095283,7,STOP_MOVED
WM,M5_mp1,long,2016-06-24 00:00:00+00:00,1.5392265263586038,22,EMA_TRAIL
WM,M6_time10,long,2016-06-24 00:00:00+00:00,1.9999999999999953,6,TP
WM,M1_fix2R,long,2017-12-11 00:00:00+00:00,-1.0,37,SL
WM,M2_fix3R,long,2017-12-11 00:00:00+00:00,-1.0,37,SL
WM,M3_partial,long,2017-12-11 00:00:00+00:00,0.5,37,STOP_MOVED
WM,M4_chandelier,long,2017-12-11 00:00:00+00:00,0.6984544077846452,35,STOP_MOVED
WM,M5_mp1,long,2017-12-11 00:00:00+00:00,1.0623187078526015,35,EMA_TRAIL
WM,M6_time10,long,2017-12-11 00:00:00+00:00,0.14957053464341918,10,TIME
WMB,M1_fix2R,long,2014-06-16 00:00:00+00:00,-1.0,123,SL
WMB,M2_fix3R,long,2014-06-16 00:00:00+00:00,-1.0,123,SL
WMB,M3_partial,long,2014-06-16 00:00:00+00:00,-1.0,123,SL
WMB,M4_chandelier,long,2014-06-16 00:00:00+00:00,-1.0,123,SL
WMB,M5_mp1,long,2014-06-16 00:00:00+00:00,-1.0,123,SL
WMB,M6_time10,long,2014-06-16 00:00:00+00:00,0.20933036706798056,10,TIME
WMT,M1_fix2R,long,2017-11-16 00:00:00+00:00,0.28474774230637734,55,EOS
WMT,M2_fix3R,long,2017-11-16 00:00:00+00:00,0.28474774230637734,55,EOS
WMT,M3_partial,long,2017-11-16 00:00:00+00:00,0.28474774230637734,55,EOS
WMT,M4_chandelier,long,2017-11-16 00:00:00+00:00,0.28474774230637734,55,EOS
WMT,M5_mp1,long,2017-11-16 00:00:00+00:00,0.28474774230637734,55,EOS
WMT,M6_time10,long,2017-11-16 00:00:00+00:00,-0.21554697676449397,10,TIME
WYN,M1_fix2R,long,2017-02-15 00:00:00+00:00,2.0,48,TP
WYN,M2_fix3R,long,2017-02-15 00:00:00+00:00,3.0,117,TP
WYN,M3_partial,long,2017-02-15 00:00:00+00:00,2.0,117,TP
WYN,M4_chandelier,long,2017-02-15 00:00:00+00:00,1.6434111841823986,49,STOP_MOVED
WYN,M5_mp1,long,2017-02-15 00:00:00+00:00,1.9880330331614444,93,EMA_TRAIL
WYN,M6_time10,long,2017-02-15 00:00:00+00:00,-0.40792376831176763,10,TIME
WYN,M1_fix2R,long,2017-04-26 00:00:00+00:00,2.0,185,TP
WYN,M2_fix3R,long,2017-04-26 00:00:00+00:00,1.4703439064705088,198,EOS
WYN,M3_partial,long,2017-04-26 00:00:00+00:00,1.2351719532352545,198,EOS
WYN,M4_chandelier,long,2017-04-26 00:00:00+00:00,1.0398348927352323,176,STOP_MOVED
WYN,M5_mp1,long,2017-04-26 00:00:00+00:00,1.6331235800008832,195,EMA_TRAIL
WYN,M6_time10,long,2017-04-26 00:00:00+00:00,-0.3440561117466868,10,TIME
WYNN,M1_fix2R,long,2014-01-02 00:00:00+00:00,2.0,20,TP
WYNN,M2_fix3R,long,2014-01-02 00:00:00+00:00,3.0,34,TP
WYNN,M3_partial,long,2014-01-02 00:00:00+00:00,0.5,15,STOP_MOVED
WYNN,M4_chandelier,long,2014-01-02 00:00:00+00:00,0.443447545001903,15,STOP_MOVED
WYNN,M5_mp1,long,2014-01-02 00:00:00+00:00,0.5,15,STOP_MOVED
WYNN,M6_time10,long,2014-01-02 00:00:00+00:00,1.1906686170437244,10,TIME
XL,M1_fix2R,long,2014-06-04 00:00:00+00:00,2.0,38,TP
XL,M2_fix3R,long,2014-06-04 00:00:00+00:00,-1.0,41,SL
XL,M3_partial,long,2014-06-04 00:00:00+00:00,0.5,36,STOP_MOVED
XL,M4_chandelier,long,2014-06-04 00:00:00+00:00,0.07397090081924196,36,STOP_MOVED
XL,M5_mp1,long,2014-06-04 00:00:00+00:00,0.5,39,STOP_MOVED
XL,M6_time10,long,2014-06-04 00:00:00+00:00,-0.3750705173346141,10,TIME
XRAY,M1_fix2R,long,2015-08-12 00:00:00+00:00,-1.0,7,SL
XRAY,M2_fix3R,long,2015-08-12 00:00:00+00:00,-1.0,7,SL
XRAY,M3_partial,long,2015-08-12 00:00:00+00:00,-1.0,7,SL
XRAY,M4_chandelier,long,2015-08-12 00:00:00+00:00,-1.0,7,SL
XRAY,M5_mp1,long,2015-08-12 00:00:00+00:00,-1.0,7,SL
XRAY,M6_time10,long,2015-08-12 00:00:00+00:00,-1.0,7,SL
XRAY,M1_fix2R,long,2015-10-22 00:00:00+00:00,-1.0,54,SL
XRAY,M2_fix3R,long,2015-10-22 00:00:00+00:00,-1.0,54,SL
XRAY,M3_partial,long,2015-10-22 00:00:00+00:00,0.5,49,STOP_MOVED
XRAY,M4_chandelier,long,2015-10-22 00:00:00+00:00,0.6137561053870414,34,STOP_MOVED
XRAY,M5_mp1,long,2015-10-22 00:00:00+00:00,-1.0,54,SL
XRAY,M6_time10,long,2015-10-22 00:00:00+00:00,0.891975623811407,10,TIME
XRX,M1_fix2R,long,2014-07-22 00:00:00+00:00,-1.0,3,SL
XRX,M2_fix3R,long,2014-07-22 00:00:00+00:00,-1.0,3,SL
XRX,M3_partial,long,2014-07-22 00:00:00+00:00,-1.0,3,SL
XRX,M4_chandelier,long,2014-07-22 00:00:00+00:00,-1.0,3,SL
XRX,M5_mp1,long,2014-07-22 00:00:00+00:00,-1.0,3,SL
XRX,M6_time10,long,2014-07-22 00:00:00+00:00,-1.0,3,SL
XYL,M1_fix2R,long,2017-10-31 00:00:00+00:00,2.0,54,TP
XYL,M2_fix3R,long,2017-10-31 00:00:00+00:00,3.0,63,TP
XYL,M3_partial,long,2017-10-31 00:00:00+00:00,2.0,63,TP
XYL,M4_chandelier,long,2017-10-31 00:00:00+00:00,0.24987821221496778,28,STOP_MOVED
XYL,M5_mp1,long,2017-10-31 00:00:00+00:00,1.5980549082300126,66,EMA_TRAIL
XYL,M6_time10,long,2017-10-31 00:00:00+00:00,-0.08926348712727449,10,TIME
YUM,M1_fix2R,long,2015-05-01 00:00:00+00:00,-1.0,70,SL
YUM,M2_fix3R,long,2015-05-01 00:00:00+00:00,-1.0,70,SL
YUM,M3_partial,long,2015-05-01 00:00:00+00:00,-1.0,70,SL
YUM,M4_chandelier,long,2015-05-01 00:00:00+00:00,-1.0,70,SL
YUM,M5_mp1,long,2015-05-01 00:00:00+00:00,-1.0,70,SL
YUM,M6_time10,long,2015-05-01 00:00:00+00:00,0.26872281711596896,10,TIME
YUM,M1_fix2R,long,2016-07-14 00:00:00+00:00,-1.0,77,SL
YUM,M2_fix3R,long,2016-07-14 00:00:00+00:00,-1.0,77,SL
YUM,M3_partial,long,2016-07-14 00:00:00+00:00,-1.0,77,SL
YUM,M4_chandelier,long,2016-07-14 00:00:00+00:00,-1.0,77,SL
YUM,M5_mp1,long,2016-07-14 00:00:00+00:00,-1.0,77,SL
YUM,M6_time10,long,2016-07-14 00:00:00+00:00,0.44577471049747314,10,TIME
YUM,M1_fix2R,long,2016-09-02 00:00:00+00:00,-1.0,3,SL
YUM,M2_fix3R,long,2016-09-02 00:00:00+00:00,-1.0,3,SL
YUM,M3_partial,long,2016-09-02 00:00:00+00:00,-1.0,3,SL
YUM,M4_chandelier,long,2016-09-02 00:00:00+00:00,-1.0,3,SL
YUM,M5_mp1,long,2016-09-02 00:00:00+00:00,-1.0,3,SL
YUM,M6_time10,long,2016-09-02 00:00:00+00:00,-1.0,3,SL
ZBH,M1_fix2R,long,2016-04-12 00:00:00+00:00,2.0,32,TP
ZBH,M2_fix3R,long,2016-04-12 00:00:00+00:00,3.0,75,TP
ZBH,M3_partial,long,2016-04-12 00:00:00+00:00,2.0,75,TP
ZBH,M4_chandelier,long,2016-04-12 00:00:00+00:00,1.3359299578912098,39,STOP_MOVED
ZBH,M5_mp1,long,2016-04-12 00:00:00+00:00,1.4693935737362545,39,EMA_TRAIL
ZBH,M6_time10,long,2016-04-12 00:00:00+00:00,0.6621542752618688,10,TIME
ZION,M1_fix2R,long,2017-11-28 00:00:00+00:00,2.0,31,TP
ZION,M2_fix3R,long,2017-11-28 00:00:00+00:00,2.2715113886256137,48,EOS
ZION,M3_partial,long,2017-11-28 00:00:00+00:00,1.6357556943128069,48,EOS
ZION,M4_chandelier,long,2017-11-28 00:00:00+00:00,1.4774770798599592,46,STOP_MOVED
ZION,M5_mp1,long,2017-11-28 00:00:00+00:00,1.4041670206705161,46,EMA_TRAIL
ZION,M6_time10,long,2017-11-28 00:00:00+00:00,0.8966891721164895,10,TIME
ZTS,M1_fix2R,long,2014-11-11 00:00:00+00:00,2.0,155,TP
ZTS,M2_fix3R,long,2014-11-11 00:00:00+00:00,-1.0,196,SL
ZTS,M3_partial,long,2014-11-11 00:00:00+00:00,0.5,196,STOP_MOVED
ZTS,M4_chandelier,long,2014-11-11 00:00:00+00:00,1.7202040483947423,156,STOP_MOVED
ZTS,M5_mp1,long,2014-11-11 00:00:00+00:00,1.15211463680065,156,EMA_TRAIL
ZTS,M6_time10,long,2014-11-11 00:00:00+00:00,0.02946432116904355,10,TIME
ZTS,M1_fix2R,long,2015-05-27 00:00:00+00:00,2.0,21,TP
ZTS,M2_fix3R,long,2015-05-27 00:00:00+00:00,-1.0,29,SL
ZTS,M3_partial,long,2015-05-27 00:00:00+00:00,0.5,22,STOP_MOVED
ZTS,M4_chandelier,long,2015-05-27 00:00:00+00:00,0.9931438328010915,22,STOP_MOVED
ZTS,M5_mp1,long,2015-05-27 00:00:00+00:00,0.5,22,STOP_MOVED
ZTS,M6_time10,long,2015-05-27 00:00:00+00:00,0.06747905270812976,10,TIME
